country_id,name_es,name_official_es,name_en,entity_type,entity_note,iso_alpha2,iso_alpha3,iso_numeric,cow_codes,gw_codes,vdem_id,vdem_country_num,un_member,cow_first,cow_last,gw_first,gw_last,sovereignty_start_curated,sovereignty_end_curated,colonial_ruler,independence_from,independence_date_icow,independence_violent,independence_type_icow,capital,lat,lon,region,subregion,region_vdem6,area_km2,landlocked,borders,n_land_borders,ruggedness_index,pct_mountainous,currencies,languages,cow_major_power_periods,maoz_regional_power,vdem_first_year,vdem_last_year,geo_source,source_ids
ABW,Aruba,Aruba,Aruba,territorio_dependiente_o_especial,,AW,ABW,533,,,,,no,,,,,,,,,,,,Oranjestad,12.5,-69.96666666,Americas,Caribbean,,180.0,no,,0.0,,,AWG,Dutch;Papiamento,,,,,SRC_MLEDOZE,SRC_MLEDOZE;SRC_VDEM;SRC_COW_STATES;SRC_GW_STATES;SRC_ICOW_COL;SRC_RUGGED
AFG,Afganistán,República Islámica de Afganistán,Afghanistan,estado_soberano_miembro_ONU,,AF,AFG,004,700,700,AFG,36.0,si,1919-08-08,2016-12-31,1816-01-01,2017-12-31,,,GBR,GBR,1919-08,0.0,2.0,Kabul,33.0,65.0,Asia,Southern Asia,Asia y Pacífico,652230.0,si,IRN;PAK;TKM;UZB;TJK;CHN,6.0,2.518,4.198705196380615,AFN,Dari;Pashto;Turkmen,,,1789.0,2025.0,SRC_MLEDOZE,SRC_MLEDOZE;SRC_VDEM;SRC_COW_STATES;SRC_GW_STATES;SRC_ICOW_COL;SRC_RUGGED
AGO,Angola,República de Angola,Angola,estado_soberano_miembro_ONU,,AO,AGO,024,540,540,AGO,104.0,si,1975-11-11,2016-12-31,1975-11-11,2017-12-31,,,PRT,PRT,1975-11,1.0,2.0,Luanda,-12.5,18.5,Africa,Middle Africa,África Subsahariana,1246700.0,no,COG;COD;ZMB;NAM,4.0,0.858,2.370244026184082,AOA,Portuguese,,,1900.0,2025.0,SRC_MLEDOZE,SRC_MLEDOZE;SRC_VDEM;SRC_COW_STATES;SRC_GW_STATES;SRC_ICOW_COL;SRC_RUGGED
AIA,Anguilla,Anguila,Anguilla,territorio_dependiente_o_especial,,AI,AIA,660,,,,,no,,,,,,,,,,,,The Valley,18.25,-63.16666666,Americas,Caribbean,,91.0,no,,0.0,,,XCD,English,,,,,SRC_MLEDOZE,SRC_MLEDOZE;SRC_VDEM;SRC_COW_STATES;SRC_GW_STATES;SRC_ICOW_COL;SRC_RUGGED
ALA,Alandia,Islas Åland,Åland Islands,territorio_dependiente_o_especial,,AX,ALA,248,,,,,no,,,,,,,,,,,,Mariehamn,60.116667,19.9,Europe,Northern Europe,,1580.0,no,,0.0,,,EUR,Swedish,,,,,SRC_MLEDOZE,SRC_MLEDOZE;SRC_VDEM;SRC_COW_STATES;SRC_GW_STATES;SRC_ICOW_COL;SRC_RUGGED
ALB,Albania,República de Albania,Albania,estado_soberano_miembro_ONU,,AL,ALB,008,339,339,ALB,12.0,si,1914-01-01,2016-12-31,1913-01-01,2017-12-31,,,TUR,TUR,1913-07,1.0,2.0,Tirana,41.0,20.0,Europe,Southeast Europe,Europa del Este y Asia Central,28748.0,no,MNE;GRC;MKD;XKX,4.0,3.427,2.2705230712890625,ALL,Albanian,,,1912.0,2025.0,SRC_MLEDOZE,SRC_MLEDOZE;SRC_VDEM;SRC_COW_STATES;SRC_GW_STATES;SRC_ICOW_COL;SRC_RUGGED
AND,Andorra,Principado de Andorra,Andorra,estado_soberano_miembro_ONU,,AD,AND,020,232,,,,si,1993-07-28,2016-12-31,,,,,,,1278-09,0.0,1.0,Andorra la Vella,42.5,1.5,Europe,Southern Europe,,468.0,si,FRA;ESP,2.0,5.717,1.9984865188598633,EUR,Catalan,,,,,SRC_MLEDOZE,SRC_MLEDOZE;SRC_VDEM;SRC_COW_STATES;SRC_GW_STATES;SRC_ICOW_COL;SRC_RUGGED
ARE,Emiratos Árabes Unidos,Emiratos Árabes Unidos,United Arab Emirates,estado_soberano_miembro_ONU,,AE,ARE,784,696,696,ARE,207.0,si,1971-12-02,2016-12-31,1971-12-02,2017-12-31,,,GBR,GBR,1971-12,0.0,2.0,Abu Dhabi,24.0,54.0,Asia,Western Asia,Oriente Medio y Norte de África,83600.0,no,OMN;SAU,2.0,0.769,0.0,AED,Arabic,,,1971.0,2025.0,SRC_MLEDOZE,SRC_MLEDOZE;SRC_VDEM;SRC_COW_STATES;SRC_GW_STATES;SRC_ICOW_COL;SRC_RUGGED
ARG,Argentina,República Argentina,Argentina,estado_soberano_miembro_ONU,,AR,ARG,032,160,160,ARG,37.0,si,1841-01-01,2016-12-31,1816-07-09,2017-12-31,,,ESP,ESP,1816-07,1.0,2.0,Buenos Aires,-34.0,-64.0,Americas,South America,América Latina y el Caribe,2780400.0,no,BOL;BRA;CHL;PRY;URY,5.0,0.775,3.380995035171509,ARS,Guaraní;Spanish,,regional 1970-2019,1789.0,2025.0,SRC_MLEDOZE,SRC_MLEDOZE;SRC_VDEM;SRC_COW_STATES;SRC_GW_STATES;SRC_ICOW_COL;SRC_RUGGED
ARM,Armenia,República de Armenia,Armenia,estado_soberano_miembro_ONU,,AM,ARM,051,371,371,ARM,105.0,si,1991-12-26,2016-12-31,1991-12-21,2017-12-31,,,TUR,RUS,1991-12,0.0,3.0,Yerevan,40.0,45.0,Asia,Western Asia,Europa del Este y Asia Central,29743.0,si,AZE;GEO;IRN;TUR,4.0,2.688,2.8055639266967773,AMD,Armenian,,,1990.0,2025.0,SRC_MLEDOZE,SRC_MLEDOZE;SRC_VDEM;SRC_COW_STATES;SRC_GW_STATES;SRC_ICOW_COL;SRC_RUGGED
ASM,Samoa Americana,Samoa Americana,American Samoa,territorio_dependiente_o_especial,,AS,ASM,016,,,,,no,,,,,,,,,,,,Pago Pago,-14.33333333,-170.0,Oceania,Polynesia,,199.0,no,,0.0,,,USD,English;Samoan,,,,,SRC_MLEDOZE,SRC_MLEDOZE;SRC_VDEM;SRC_COW_STATES;SRC_GW_STATES;SRC_ICOW_COL;SRC_RUGGED
ATA,Antártida,Antártida,Antarctica,territorio_dependiente_o_especial,,AQ,ATA,010,,,,,no,,,,,,,,,,,,,-90.0,0.0,Antarctic,,,14000000.0,no,,0.0,,,,,,,,,SRC_MLEDOZE,SRC_MLEDOZE;SRC_VDEM;SRC_COW_STATES;SRC_GW_STATES;SRC_ICOW_COL;SRC_RUGGED
ATF,Tierras Australes y Antárticas Francesas,Territorio del Francés Tierras australes y antárticas,French Southern and Antarctic Lands,territorio_dependiente_o_especial,,TF,ATF,260,,,,,no,,,,,,,,,,,,Port-aux-Français,-49.25,69.167,Antarctic,,,7747.0,no,,0.0,,,EUR,French,,,,,SRC_MLEDOZE,SRC_MLEDOZE;SRC_VDEM;SRC_COW_STATES;SRC_GW_STATES;SRC_ICOW_COL;SRC_RUGGED
ATG,Antigua y Barbuda,Antigua y Barbuda,Antigua and Barbuda,estado_soberano_miembro_ONU,,AG,ATG,028,58,,,,si,1981-11-01,2016-12-31,,,,,GBR,GBR,1981-11,0.0,2.0,Saint John's,17.05,-61.8,Americas,Caribbean,,442.0,no,,0.0,0.006,0.0,XCD,English,,,,,SRC_MLEDOZE,SRC_MLEDOZE;SRC_VDEM;SRC_COW_STATES;SRC_GW_STATES;SRC_ICOW_COL;SRC_RUGGED
AUS,Australia,Mancomunidad de Australia,Australia,estado_soberano_miembro_ONU,,AU,AUS,036,900,900,AUS,67.0,si,1920-01-10,2016-12-31,1901-01-01,2017-12-31,,,GBR,GBR,1901-01,0.0,1.0,Canberra,-27.0,133.0,Oceania,Australia and New Zealand,Europa Occidental y Norteamérica,7692024.0,no,,0.0,0.143,1.1314020156860352,AUD,English,,,1789.0,2025.0,SRC_MLEDOZE,SRC_MLEDOZE;SRC_VDEM;SRC_COW_STATES;SRC_GW_STATES;SRC_ICOW_COL;SRC_RUGGED
AUT,Austria,República de Austria,Austria,estado_soberano_miembro_ONU,,AT,AUT,040,300;305,300;305,AUT,144.0,si,1816-01-01,2016-12-31,1816-01-01,2017-12-31,,,,,1282-12,1.0,1.0,Vienna,47.33333333,13.33333333,Europe,Central Europe,Europa Occidental y Norteamérica,83871.0,si,CZE;DEU;HUN;ITA;LIE;SVK;SVN;CHE,8.0,3.513,4.044804096221924,EUR,Austro-Bavarian German,1816-1918,regional 1816-1918,1789.0,2025.0,SRC_MLEDOZE,SRC_MLEDOZE;SRC_VDEM;SRC_COW_STATES;SRC_GW_STATES;SRC_ICOW_COL;SRC_RUGGED
AZE,Azerbaiyán,República de Azerbaiyán,Azerbaijan,estado_soberano_miembro_ONU,,AZ,AZE,031,373,373,AZE,106.0,si,1991-12-26,2016-12-31,1991-12-21,2017-12-31,,,RUS,RUS,1991-12,0.0,3.0,Baku,40.5,47.5,Asia,Western Asia,Europa del Este y Asia Central,86600.0,si,ARM;GEO;IRN;RUS;TUR,5.0,1.672,3.2809109687805176,AZN,Azerbaijani;Russian,,,1990.0,2025.0,SRC_MLEDOZE,SRC_MLEDOZE;SRC_VDEM;SRC_COW_STATES;SRC_GW_STATES;SRC_ICOW_COL;SRC_RUGGED
BDI,Burundi,República de Burundi,Burundi,estado_soberano_miembro_ONU,,BI,BDI,108,516,516,BDI,69.0,si,1962-07-01,2016-12-31,1962-07-01,2017-12-31,,,BEL,BEL,1962-07,0.0,2.0,Gitega,-3.5,30.0,Africa,Eastern Africa,África Subsahariana,27834.0,si,COD;RWA;TZA,3.0,1.78,4.324131965637207,BIF,French;Kirundi,,,1916.0,2025.0,SRC_MLEDOZE,SRC_MLEDOZE;SRC_VDEM;SRC_COW_STATES;SRC_GW_STATES;SRC_ICOW_COL;SRC_RUGGED
BDN,Baden,,Baden,estado_historico,,,,,267,267,BDN,349.0,,1816-01-01,1871-01-18,1816-01-01,1871-01-17,,,,,1771-10,0.0,1.0,,,,Europa Occidental y Norteamérica,,Europa Occidental y Norteamérica,,,,,,,,,,,1789.0,1871.0,SRC_VDEM,SRC_MLEDOZE;SRC_VDEM;SRC_COW_STATES;SRC_GW_STATES;SRC_ICOW_COL;SRC_RUGGED
BEL,Bélgica,Reino de Bélgica,Belgium,estado_soberano_miembro_ONU,,BE,BEL,056,211,211,BEL,148.0,si,1830-12-20,2016-12-31,1830-10-04,2017-12-31,,,NLD,NLD,1830-10,1.0,3.0,Brussels,50.83333333,4.0,Europe,Western Europe,Europa Occidental y Norteamérica,30528.0,no,FRA;DEU;LUX;NLD,4.0,0.388,0.0,EUR,German;French;Dutch,,,1789.0,2025.0,SRC_MLEDOZE,SRC_MLEDOZE;SRC_VDEM;SRC_COW_STATES;SRC_GW_STATES;SRC_ICOW_COL;SRC_RUGGED
BEN,Benín,República de Benin,Benin,estado_soberano_miembro_ONU,,BJ,BEN,204,434,434,BEN,52.0,si,1960-08-01,2016-12-31,1960-08-01,2017-12-31,,,FRA,FRA,1960-08,0.0,2.0,Porto-Novo,9.5,2.25,Africa,Western Africa,África Subsahariana,112622.0,no,BFA;NER;NGA;TGO,4.0,0.141,0.0,XOF,French,,,1900.0,2025.0,SRC_MLEDOZE,SRC_MLEDOZE;SRC_VDEM;SRC_COW_STATES;SRC_GW_STATES;SRC_ICOW_COL;SRC_RUGGED
BES,Caribe Neerlandés,"Bonaire, San Eustaquio y Saba",Caribbean Netherlands,territorio_dependiente_o_especial,,BQ,BES,535,,,,,no,,,,,,,,,,,,Kralendijk;Oranjestad;The Bottom,12.18,-68.25,Americas,Caribbean,,328.0,no,,0.0,,,USD,English;Dutch;Papiamento,,,,,SRC_MLEDOZE,SRC_MLEDOZE;SRC_VDEM;SRC_COW_STATES;SRC_GW_STATES;SRC_ICOW_COL;SRC_RUGGED
BFA,Burkina Faso,Burkina Faso,Burkina Faso,estado_soberano_miembro_ONU,,BF,BFA,854,439,439,BFA,54.0,si,1960-08-05,2016-12-31,1960-08-05,2017-12-31,,,FRA,FRA,1960-08,0.0,2.0,Ouagadougou,13.0,-2.0,Africa,Western Africa,África Subsahariana,272967.0,si,BEN;CIV;GHA;MLI;NER;TGO,6.0,0.236,0.0,XOF,French,,,1919.0,2025.0,SRC_MLEDOZE,SRC_MLEDOZE;SRC_VDEM;SRC_COW_STATES;SRC_GW_STATES;SRC_ICOW_COL;SRC_RUGGED
BGD,Bangladesh,República Popular de Bangladesh,Bangladesh,estado_soberano_miembro_ONU,,BD,BGD,050,771,771,BGD,24.0,si,1971-12-16,2016-12-31,1971-12-16,2017-12-31,,,GBR,PAK,1971-12,1.0,3.0,Dhaka,24.0,90.0,Asia,Southern Asia,Asia y Pacífico,147570.0,no,MMR;IND,2.0,0.186,0.0,BDT,Bengali,,,1971.0,2025.0,SRC_MLEDOZE,SRC_MLEDOZE;SRC_VDEM;SRC_COW_STATES;SRC_GW_STATES;SRC_ICOW_COL;SRC_RUGGED
BGR,Bulgaria,República de Bulgaria,Bulgaria,estado_soberano_miembro_ONU,,BG,BGR,100,355,355,BGR,152.0,si,1908-10-05,2016-12-31,1878-03-03,2017-12-31,,,TUR,TUR,1878-03,1.0,2.0,Sofia,43.0,25.0,Europe,Southeast Europe,Europa del Este y Asia Central,110879.0,no,GRC;MKD;ROU;SRB;TUR,5.0,1.479,3.0587069988250732,EUR,Bulgarian,,,1878.0,2025.0,SRC_MLEDOZE,SRC_MLEDOZE;SRC_VDEM;SRC_COW_STATES;SRC_GW_STATES;SRC_ICOW_COL;SRC_RUGGED
BHR,Bahrein,Reino de Bahrein,Bahrain,estado_soberano_miembro_ONU,,BH,BHR,048,692,692,BHR,146.0,si,1971-08-15,2016-12-31,1971-08-15,2017-12-31,,,GBR,GBR,1971-08,0.0,2.0,Manama,26.0,50.55,Asia,Western Asia,Oriente Medio y Norte de África,765.0,no,,0.0,0.231,0.0,BHD,Arabic,,,1900.0,2025.0,SRC_MLEDOZE,SRC_MLEDOZE;SRC_VDEM;SRC_COW_STATES;SRC_GW_STATES;SRC_ICOW_COL;SRC_RUGGED
BHS,Bahamas,Commonwealth de las Bahamas,Bahamas,estado_soberano_miembro_ONU,,BS,BHS,044,31,31,,,si,1973-07-10,2016-12-31,1973-07-10,2017-12-31,,,GBR,GBR,1973-07,0.0,2.0,Nassau,24.25,-76.0,Americas,Caribbean,,13943.0,no,,0.0,0.055,0.0,BSD;USD,English,,,,,SRC_MLEDOZE,SRC_MLEDOZE;SRC_VDEM;SRC_COW_STATES;SRC_GW_STATES;SRC_ICOW_COL;SRC_RUGGED
BIH,Bosnia y Herzegovina,Bosnia y Herzegovina,Bosnia and Herzegovina,estado_soberano_miembro_ONU,,BA,BIH,070,346,346,BIH,150.0,si,1992-04-07,2016-12-31,1992-04-27,2017-12-31,,,TUR,SRB,1992-03,1.0,3.0,Sarajevo,44.0,18.0,Europe,Southeast Europe,Europa del Este y Asia Central,51209.0,no,HRV;MNE;SRB,3.0,2.311,4.11903715133667,BAM,Bosnian;Croatian;Serbian,,,1992.0,2025.0,SRC_MLEDOZE,SRC_MLEDOZE;SRC_VDEM;SRC_COW_STATES;SRC_GW_STATES;SRC_ICOW_COL;SRC_RUGGED
BLM,San Bartolomé,Colectividad de San Barthélemy,Saint Barthélemy,territorio_dependiente_o_especial,,BL,BLM,652,,,,,no,,,,,,,,,,,,Gustavia,18.5,-63.41666666,Americas,Caribbean,,21.0,no,,0.0,,,EUR,French,,,,,SRC_MLEDOZE,SRC_MLEDOZE;SRC_VDEM;SRC_COW_STATES;SRC_GW_STATES;SRC_ICOW_COL;SRC_RUGGED
BLR,Bielorrusia,República de Belarús,Belarus,estado_soberano_miembro_ONU,,BY,BLR,112,370,370,BLR,107.0,si,1991-12-26,2016-12-31,1991-08-25,2017-12-31,,,RUS,RUS,1991-12,0.0,3.0,Minsk,53.0,28.0,Europe,Eastern Europe,Europa del Este y Asia Central,207600.0,si,LVA;LTU;POL;RUS;UKR,5.0,0.164,0.0,BYN,Belarusian;Russian,,,1990.0,2025.0,SRC_MLEDOZE,SRC_MLEDOZE;SRC_VDEM;SRC_COW_STATES;SRC_GW_STATES;SRC_ICOW_COL;SRC_RUGGED
BLZ,Belice,Belice,Belize,estado_soberano_miembro_ONU,,BZ,BLZ,084,80,80,,,si,1981-09-21,2016-12-31,1981-09-21,2017-12-31,,,GBR,GBR,1981-09,0.0,2.0,Belmopan,17.25,-88.75,Americas,Central America,,22966.0,no,GTM;MEX,2.0,0.607,1.2453274726867676,BZD,Belizean Creole;English;Spanish,,,,,SRC_MLEDOZE,SRC_MLEDOZE;SRC_VDEM;SRC_COW_STATES;SRC_GW_STATES;SRC_ICOW_COL;SRC_RUGGED
BMU,Bermudas,Bermuda,Bermuda,territorio_dependiente_o_especial,,BM,BMU,060,,,,,no,,,,,,,,,,,,Hamilton,32.33333333,-64.75,Americas,North America,,54.0,no,,0.0,,,BMD,English,,,,,SRC_MLEDOZE,SRC_MLEDOZE;SRC_VDEM;SRC_COW_STATES;SRC_GW_STATES;SRC_ICOW_COL;SRC_RUGGED
BOL,Bolivia,Estado Plurinacional de Bolivia,Bolivia,estado_soberano_miembro_ONU,,BO,BOL,068,145,145,BOL,25.0,si,1848-01-01,2016-12-31,1825-08-06,2017-12-31,,,ESP,ESP,1825-08,1.0,2.0,Sucre,-17.0,-65.0,Americas,South America,América Latina y el Caribe,1098581.0,si,ARG;BRA;CHL;PRY;PER,5.0,0.853,3.6082119941711426,BOB,Aymara;Guaraní;Quechua;Spanish,,,1825.0,2025.0,SRC_MLEDOZE,SRC_MLEDOZE;SRC_VDEM;SRC_COW_STATES;SRC_GW_STATES;SRC_ICOW_COL;SRC_RUGGED
BRA,Brasil,República Federativa del Brasil,Brazil,estado_soberano_miembro_ONU,,BR,BRA,076,140,140,BRA,19.0,si,1822-09-07,2016-12-31,1822-09-07,2017-12-31,,,PRT,PRT,1822-09,0.0,2.0,Brasília,-10.0,-55.0,Americas,South America,América Latina y el Caribe,8515767.0,no,ARG;BOL;COL;GUF;GUY;PRY;PER;SUR;URY;VEN,10.0,0.24,1.4109870195388794,BRL,Portuguese,,regional 1970-2019,1789.0,2025.0,SRC_MLEDOZE,SRC_MLEDOZE;SRC_VDEM;SRC_COW_STATES;SRC_GW_STATES;SRC_ICOW_COL;SRC_RUGGED
BRB,Barbados,Barbados,Barbados,estado_soberano_miembro_ONU,,BB,BRB,052,53,53,BRB,147.0,si,1966-11-30,2016-12-31,1966-11-30,2017-12-31,,,GBR,GBR,1966-11,0.0,2.0,Bridgetown,13.16666666,-59.53333333,Americas,Caribbean,América Latina y el Caribe,430.0,no,,0.0,0.963,0.0,BBD,English,,,1900.0,2025.0,SRC_MLEDOZE,SRC_MLEDOZE;SRC_VDEM;SRC_COW_STATES;SRC_GW_STATES;SRC_ICOW_COL;SRC_RUGGED
BRN,Brunei,"Nación de Brunei, Morada de la Paz",Brunei,estado_soberano_miembro_ONU,,BN,BRN,096,835,835,,,si,1984-01-01,2016-12-31,1984-01-01,2017-12-31,,,GBR,GBR,1984-01,0.0,2.0,Bandar Seri Begawan,4.5,114.66666666,Asia,South-Eastern Asia,,5765.0,no,MYS,1.0,0.52,1.8348079919815063,BND;SGD,Malay,,,,,SRC_MLEDOZE,SRC_MLEDOZE;SRC_VDEM;SRC_COW_STATES;SRC_GW_STATES;SRC_ICOW_COL;SRC_RUGGED
BRW,Brunswick,,Brunswick,estado_historico,,,,,,,BRW,363.0,,,,,,,,,,,,,,,,Europa Occidental y Norteamérica,,Europa Occidental y Norteamérica,,,,,,,,,,,1789.0,1867.0,SRC_VDEM,SRC_MLEDOZE;SRC_VDEM;SRC_COW_STATES;SRC_GW_STATES;SRC_ICOW_COL;SRC_RUGGED
BTN,Bután,Reino de Bután,Bhutan,estado_soberano_miembro_ONU,,BT,BTN,064,760,760,BTN,53.0,si,1971-09-21,2016-12-31,1949-01-01,2017-12-31,,,GBR,IND,1947-08,0.0,2.0,Thimphu,27.5,90.5,Asia,Southern Asia,Asia y Pacífico,38394.0,si,CHN;IND,2.0,6.74,4.557030200958252,BTN;INR,Dzongkha,,,1900.0,2025.0,SRC_MLEDOZE,SRC_MLEDOZE;SRC_VDEM;SRC_COW_STATES;SRC_GW_STATES;SRC_ICOW_COL;SRC_RUGGED
BVR,Baviera,,Bavaria,estado_historico,,,,,245,245,BVR,350.0,,1816-01-01,1871-01-18,1816-01-01,1871-01-17,,,,,1505-07,1.0,1.0,,,,Europa Occidental y Norteamérica,,Europa Occidental y Norteamérica,,,,,,,,,,,1789.0,1871.0,SRC_VDEM,SRC_MLEDOZE;SRC_VDEM;SRC_COW_STATES;SRC_GW_STATES;SRC_ICOW_COL;SRC_RUGGED
BVT,Isla Bouvet,Isla Bouvet,Bouvet Island,territorio_dependiente_o_especial,,BV,BVT,074,,,,,no,,,,,,,,,,,,,-54.43333333,3.4,Antarctic,,,49.0,no,,0.0,,,,Norwegian,,,,,SRC_MLEDOZE,SRC_MLEDOZE;SRC_VDEM;SRC_COW_STATES;SRC_GW_STATES;SRC_ICOW_COL;SRC_RUGGED
BWA,Botswana,República de Botswana,Botswana,estado_soberano_miembro_ONU,,BW,BWA,072,571,571,BWA,68.0,si,1966-09-30,2016-12-31,1966-09-30,2017-12-31,,,GBR,GBR,1966-09,0.0,2.0,Gaborone,-22.0,24.0,Africa,Southern Africa,África Subsahariana,582000.0,si,NAM;ZAF;ZMB;ZWE,4.0,0.181,0.0,BWP,English;Tswana,,,1900.0,2025.0,SRC_MLEDOZE,SRC_MLEDOZE;SRC_VDEM;SRC_COW_STATES;SRC_GW_STATES;SRC_ICOW_COL;SRC_RUGGED
CAF,República Centroafricana,República Centroafricana,Central African Republic,estado_soberano_miembro_ONU,,CF,CAF,140,482,482,CAF,71.0,si,1960-08-13,2016-12-31,1960-08-13,2017-12-31,,,FRA,FRA,1960-10,0.0,2.0,Bangui,7.0,21.0,Africa,Middle Africa,África Subsahariana,622984.0,si,CMR;TCD;COD;COG;SSD;SDN,6.0,0.197,1.686398983001709,XAF,French;Sango,,,1920.0,2025.0,SRC_MLEDOZE,SRC_MLEDOZE;SRC_VDEM;SRC_COW_STATES;SRC_GW_STATES;SRC_ICOW_COL;SRC_RUGGED
CAN,Canadá,Canadá,Canada,estado_soberano_miembro_ONU,,CA,CAN,124,20,20,CAN,66.0,si,1920-01-10,2016-12-31,1867-07-01,2017-12-31,,,GBR,GBR,1867-07,0.0,2.0,Ottawa,60.0,-95.0,Americas,North America,Europa Occidental y Norteamérica,9984670.0,no,USA,1.0,0.775,2.79728102684021,CAD,English;French,,,1841.0,2025.0,SRC_MLEDOZE,SRC_MLEDOZE;SRC_VDEM;SRC_COW_STATES;SRC_GW_STATES;SRC_ICOW_COL;SRC_RUGGED
CCK,Islas Cocos o Islas Keeling,Territorio de los (Keeling) Islas Cocos,Cocos (Keeling) Islands,territorio_dependiente_o_especial,,CC,CCK,166,,,,,no,,,,,,,,,,,,West Island,-12.5,96.83333333,Oceania,Australia and New Zealand,,14.0,no,,0.0,,,AUD,English,,,,,SRC_MLEDOZE,SRC_MLEDOZE;SRC_VDEM;SRC_COW_STATES;SRC_GW_STATES;SRC_ICOW_COL;SRC_RUGGED
CHE,Suiza,Confederación Suiza,Switzerland,estado_soberano_miembro_ONU,,CH,CHE,756,225,225,CHE,6.0,si,1816-01-01,2016-12-31,1816-01-01,2017-12-31,,,,,1291-08,0.0,1.0,Bern,47.0,8.0,Europe,Western Europe,Europa Occidental y Norteamérica,41284.0,si,AUT;FRA;ITA;LIE;DEU,5.0,4.761,4.21803617477417,CHF,French;Swiss German;Italian;Romansh,,,1798.0,2025.0,SRC_MLEDOZE,SRC_MLEDOZE;SRC_VDEM;SRC_COW_STATES;SRC_GW_STATES;SRC_ICOW_COL;SRC_RUGGED
CHI,"Islas del Canal (Jersey y Guernsey, agregado WDI)",,"Islas del Canal (Jersey y Guernsey, agregado WDI)",territorio_dependiente_o_especial,Código WDI CHI; ver JEY y GGY,,,,,,,,,,,,,,,,,,,,,,,,,,,,,,,,,,,,,,CURADO,SRC_MLEDOZE;SRC_VDEM;SRC_COW_STATES;SRC_GW_STATES;SRC_ICOW_COL;SRC_RUGGED
CHL,Chile,República de Chile,Chile,estado_soberano_miembro_ONU,,CL,CHL,152,155,155,CHL,72.0,si,1839-01-01,2016-12-31,1818-04-01,2017-12-31,,,ESP,ESP,1818-02,1.0,2.0,Santiago,-30.0,-71.0,Americas,South America,América Latina y el Caribe,756102.0,no,ARG;BOL;PER,3.0,2.481,4.070734977722168,CLP,Spanish,,,1789.0,2025.0,SRC_MLEDOZE,SRC_MLEDOZE;SRC_VDEM;SRC_COW_STATES;SRC_GW_STATES;SRC_ICOW_COL;SRC_RUGGED
CHN,China,República Popular de China,China,estado_soberano_miembro_ONU,,CN,CHN,156,710,710,CHN,110.0,si,1860-10-25,2016-12-31,1816-01-01,2017-12-31,,,,,1368-01,1.0,1.0,Beijing,35.0,105.0,Asia,Eastern Asia,Asia y Pacífico,9706961.0,no,AFG;BTN;MMR;HKG;IND;KAZ;NPL;PRK;KGZ;LAO;MAC;MNG;PAK;RUS;TJK;VNM,16.0,1.878,3.648056983947754,CNY,Chinese,1950-2016,regional 1950-2019,1789.0,2025.0,SRC_MLEDOZE,SRC_MLEDOZE;SRC_VDEM;SRC_COW_STATES;SRC_GW_STATES;SRC_ICOW_COL;SRC_RUGGED
CIV,Costa de Marfil,República de Côte d'Ivoire,Ivory Coast,estado_soberano_miembro_ONU,,CI,CIV,384,437,437,CIV,64.0,si,1960-08-07,2016-12-31,1960-08-07,2017-12-31,,,FRA,FRA,1960-08,0.0,2.0,Yamoussoukro,8.0,-5.0,Africa,Western Africa,África Subsahariana,322463.0,no,BFA;GHA;GIN;LBR;MLI,5.0,0.224,0.33647221326828003,XOF,French,,,1900.0,2025.0,SRC_MLEDOZE,SRC_MLEDOZE;SRC_VDEM;SRC_COW_STATES;SRC_GW_STATES;SRC_ICOW_COL;SRC_RUGGED
CMR,Camerún,República de Camerún,Cameroon,estado_soberano_miembro_ONU,,CM,CMR,120,471,471,CMR,108.0,si,1960-01-01,2016-12-31,1960-01-01,2017-12-31,,,FRA,FRA,1960-01,1.0,2.0,Yaoundé,6.0,12.0,Africa,Middle Africa,África Subsahariana,475442.0,no,CAF;TCD;COG;GNQ;GAB;NGA,6.0,0.515,2.9285240173339844,XAF,English;French,,,1961.0,2025.0,SRC_MLEDOZE,SRC_MLEDOZE;SRC_VDEM;SRC_COW_STATES;SRC_GW_STATES;SRC_ICOW_COL;SRC_RUGGED
COD,Congo (Rep. Dem.),República Democrática del Congo,DR Congo,estado_soberano_miembro_ONU,,CD,COD,180,490,490,COD,111.0,si,1960-06-30,2016-12-31,1960-06-30,2017-12-31,,,BEL,BEL,1960-06,1.0,2.0,Kinshasa,0.0,25.0,Africa,Middle Africa,África Subsahariana,2344858.0,no,AGO;BDI;CAF;COG;RWA;SSD;TZA;UGA;ZMB,9.0,0.443,1.6486589908599854,CDF,French;Kikongo;Lingala;Tshiluba;Swahili,,,1900.0,2025.0,SRC_MLEDOZE,SRC_MLEDOZE;SRC_VDEM;SRC_COW_STATES;SRC_GW_STATES;SRC_ICOW_COL;SRC_RUGGED
COG,Congo,República del Congo,Congo,estado_soberano_miembro_ONU,,CG,COG,178,484,484,COG,112.0,si,1960-08-15,2016-12-31,1960-08-15,2017-12-31,,,FRA,FRA,1960-08,0.0,2.0,Brazzaville,-1.0,15.0,Africa,Middle Africa,África Subsahariana,342000.0,no,AGO;CMR;CAF;COD;GAB,5.0,0.152,0.0,XAF,French;Kikongo;Lingala,,,1903.0,2025.0,SRC_MLEDOZE,SRC_MLEDOZE;SRC_VDEM;SRC_COW_STATES;SRC_GW_STATES;SRC_ICOW_COL;SRC_RUGGED
COK,Islas Cook,Islas Cook,Cook Islands,territorio_dependiente_o_especial,,CK,COK,184,,,,,no,,,,,,,,,,,,Avarua,-21.23333333,-159.76666666,Oceania,Polynesia,,236.0,no,,0.0,,,CKD;NZD,English;Cook Islands Māori,,,,,SRC_MLEDOZE,SRC_MLEDOZE;SRC_VDEM;SRC_COW_STATES;SRC_GW_STATES;SRC_ICOW_COL;SRC_RUGGED
COL,Colombia,República de Colombia,Colombia,estado_soberano_miembro_ONU,,CO,COL,170,100,100,COL,15.0,si,1831-01-01,2016-12-31,1830-09-23,2017-12-31,,,ESP,ESP,1819-12,1.0,2.0,Bogotá,4.0,-72.0,Americas,South America,América Latina y el Caribe,1141748.0,no,BRA;ECU;PAN;PER;VEN,5.0,0.885,3.640213966369629,COP,Spanish,,,1789.0,2025.0,SRC_MLEDOZE,SRC_MLEDOZE;SRC_VDEM;SRC_COW_STATES;SRC_GW_STATES;SRC_ICOW_COL;SRC_RUGGED
COM,Comoras,Unión de las Comoras,Comoros,estado_soberano_miembro_ONU,,KM,COM,174,581,581,COM,153.0,si,1975-12-31,2016-12-31,1975-07-06,2017-12-31,,,FRA,FRA,1975-07,0.0,2.0,Moroni,-12.16666666,44.25,Africa,Eastern Africa,África Subsahariana,1862.0,no,,0.0,3.328,2.1422948837280273,KMF,Arabic;French;Comorian,,,1900.0,2025.0,SRC_MLEDOZE,SRC_MLEDOZE;SRC_VDEM;SRC_COW_STATES;SRC_GW_STATES;SRC_ICOW_COL;SRC_RUGGED
CPV,Cabo Verde,República de Cabo Verde,Cape Verde,estado_soberano_miembro_ONU,,CV,CPV,132,402,402,CPV,70.0,si,1975-07-05,2016-12-31,1975-07-05,2017-12-31,,,PRT,PRT,1975-07,0.0,2.0,Praia,16.0,-24.0,Africa,Western Africa,África Subsahariana,4033.0,no,,0.0,2.367,2.371210813522339,CVE,Portuguese,,,1900.0,2025.0,SRC_MLEDOZE,SRC_MLEDOZE;SRC_VDEM;SRC_COW_STATES;SRC_GW_STATES;SRC_ICOW_COL;SRC_RUGGED
CRI,Costa Rica,República de Costa Rica,Costa Rica,estado_soberano_miembro_ONU,,CR,CRI,188,94,94,CRI,73.0,si,1920-01-01,2016-12-31,1840-01-01,2017-12-31,,,ESP,,1838-11,1.0,3.0,San José,10.0,-84.0,Americas,Central America,América Latina y el Caribe,51100.0,no,NIC;PAN,2.0,2.112,3.1441519260406494,CRC,Spanish,,,1838.0,2025.0,SRC_MLEDOZE,SRC_MLEDOZE;SRC_VDEM;SRC_COW_STATES;SRC_GW_STATES;SRC_ICOW_COL;SRC_RUGGED
CUB,Cuba,República de Cuba,Cuba,estado_soberano_miembro_ONU,,CU,CUB,192,40,40,CUB,155.0,si,1902-05-20,2016-12-31,1902-05-20,2017-12-31,,,ESP,USA,1902-05,0.0,2.0,Havana,21.5,-80.0,Americas,Caribbean,América Latina y el Caribe,109884.0,no,,0.0,0.528,1.6941070556640625,CUC;CUP,Spanish,,,1789.0,2025.0,SRC_MLEDOZE,SRC_MLEDOZE;SRC_VDEM;SRC_COW_STATES;SRC_GW_STATES;SRC_ICOW_COL;SRC_RUGGED
CUW,Curazao,País de Curazao,Curaçao,territorio_dependiente_o_especial,,CW,CUW,531,,,,,no,,,,,,,,,,,,Willemstad,12.116667,-68.933333,Americas,Caribbean,,444.0,no,,0.0,,,ANG,English;Dutch;Papiamento,,,,,SRC_MLEDOZE,SRC_MLEDOZE;SRC_VDEM;SRC_COW_STATES;SRC_GW_STATES;SRC_ICOW_COL;SRC_RUGGED
CXR,Isla de Navidad,Territorio de la Isla de Navidad,Christmas Island,territorio_dependiente_o_especial,,CX,CXR,162,,,,,no,,,,,,,,,,,,Flying Fish Cove,-10.5,105.66666666,Oceania,Australia and New Zealand,,135.0,no,,0.0,,,AUD,English,,,,,SRC_MLEDOZE,SRC_MLEDOZE;SRC_VDEM;SRC_COW_STATES;SRC_GW_STATES;SRC_ICOW_COL;SRC_RUGGED
CYM,Islas Caimán,Islas Caimán,Cayman Islands,territorio_dependiente_o_especial,,KY,CYM,136,,,,,no,,,,,,,,,,,,George Town,19.5,-80.5,Americas,Caribbean,,264.0,no,,0.0,,,KYD,English,,,,,SRC_MLEDOZE,SRC_MLEDOZE;SRC_VDEM;SRC_COW_STATES;SRC_GW_STATES;SRC_ICOW_COL;SRC_RUGGED
CYP,Chipre,República de Chipre,Cyprus,estado_soberano_miembro_ONU,,CY,CYP,196,352,352,CYP,156.0,si,1960-08-16,2016-12-31,1960-08-16,2017-12-31,,,GBR,GBR,1960-08,1.0,2.0,Nicosia,35.0,33.0,Europe,Southern Europe,Europa Occidental y Norteamérica,9251.0,no,,0.0,2.718,2.3025848865509033,EUR,Greek;Turkish,,,1900.0,2025.0,SRC_MLEDOZE,SRC_MLEDOZE;SRC_VDEM;SRC_COW_STATES;SRC_GW_STATES;SRC_ICOW_COL;SRC_RUGGED
CZE,Chequia,República Checa,Czechia,estado_soberano_miembro_ONU,"Incluye Checoslovaquia (1918-1992) como continuidad (COW 315/316, V-Dem CZE).",CZ,CZE,203,315;316,315;316,CZE,157.0,si,1918-10-28,2016-12-31,1918-11-11,2017-12-31,,,AUT,AUT,1918-10,1.0,4.0,Prague,49.75,15.5,Europe,Central Europe,Europa del Este y Asia Central,78865.0,si,AUT;DEU;POL;SVK,4.0,0.884,1.1507140398025513,CZK,Czech;Slovak,,,1918.0,2025.0,SRC_MLEDOZE,SRC_MLEDOZE;SRC_VDEM;SRC_COW_STATES;SRC_GW_STATES;SRC_ICOW_COL;SRC_RUGGED
DDR,República Democrática Alemana,,German Democratic Republic,estado_historico,,,,,265,265,DDR,137.0,,1954-03-25,1990-10-02,1949-10-05,1990-10-02,,,,DEU,1949-10,1.0,4.0,,,,Europa del Este y Asia Central,,Europa del Este y Asia Central,,,,,,,,,,,1949.0,1990.0,SRC_VDEM,SRC_MLEDOZE;SRC_VDEM;SRC_COW_STATES;SRC_GW_STATES;SRC_ICOW_COL;SRC_RUGGED
DEU,Alemania,República Federal de Alemania,Germany,estado_soberano_miembro_ONU,"Incluye Alemania (1816-1945), RFA (1949-1990, COW 260) y Alemania unificada.",DE,DEU,276,255;260,255;260,DEU,77.0,si,1816-01-01,2016-12-31,1816-01-01,2017-12-31,,,,,1618-07,0.0,1.0,Berlin,51.0,9.0,Europe,Western Europe,Europa Occidental y Norteamérica,357114.0,no,AUT;BEL;CZE;DNK;FRA;LUX;NLD;POL;CHE,9.0,0.597,2.4311652183532715,EUR,German,1816-1918;1925-1945;1991-2016,regional 1816-1867;regional 1991-2019,1789.0,2025.0,SRC_MLEDOZE,SRC_MLEDOZE;SRC_VDEM;SRC_COW_STATES;SRC_GW_STATES;SRC_ICOW_COL;SRC_RUGGED
DJI,Djibouti,República de Djibouti,Djibouti,estado_soberano_miembro_ONU,,DJ,DJI,262,522,522,DJI,113.0,si,1977-06-27,2016-12-31,1977-06-27,2017-12-31,,,FRA,FRA,1977-06,0.0,2.0,Djibouti,11.5,43.0,Africa,Eastern Africa,África Subsahariana,23200.0,no,ERI;ETH;SOM,3.0,2.432,1.5892349481582642,DJF,Arabic;French,,,1900.0,2025.0,SRC_MLEDOZE,SRC_MLEDOZE;SRC_VDEM;SRC_COW_STATES;SRC_GW_STATES;SRC_ICOW_COL;SRC_RUGGED
DMA,Dominica,Mancomunidad de Dominica,Dominica,estado_soberano_miembro_ONU,,DM,DMA,212,54,,,,si,1978-11-03,2016-12-31,,,,,GBR,GBR,1978-11,0.0,2.0,Roseau,15.41666666,-61.33333333,Americas,Caribbean,,751.0,no,,0.0,0.003,1.5245211124420166,XCD,English,,,,,SRC_MLEDOZE,SRC_MLEDOZE;SRC_VDEM;SRC_COW_STATES;SRC_GW_STATES;SRC_ICOW_COL;SRC_RUGGED
DNK,Dinamarca,Reino de Dinamarca,Denmark,estado_soberano_miembro_ONU,,DK,DNK,208,390,390,DNK,158.0,si,1816-01-01,2016-12-31,1816-01-01,2017-12-31,,,,,9800-01,0.0,1.0,Copenhagen,56.0,10.0,Europe,Northern Europe,Europa Occidental y Norteamérica,43094.0,no,DEU,1.0,0.189,0.0,DKK,Danish,,,1789.0,2025.0,SRC_MLEDOZE,SRC_MLEDOZE;SRC_VDEM;SRC_COW_STATES;SRC_GW_STATES;SRC_ICOW_COL;SRC_RUGGED
DOM,República Dominicana,República Dominicana,Dominican Republic,estado_soberano_miembro_ONU,,DO,DOM,214,42,42,DOM,114.0,si,1894-01-01,2016-12-31,1844-02-27,2017-12-31,,,ESP,HTI,1844-02,1.0,3.0,Santo Domingo,19.0,-70.66666666,Americas,Caribbean,América Latina y el Caribe,48671.0,no,HTI,1.0,1.641,2.8564701080322266,DOP,Spanish,,,1789.0,2025.0,SRC_MLEDOZE,SRC_MLEDOZE;SRC_VDEM;SRC_COW_STATES;SRC_GW_STATES;SRC_ICOW_COL;SRC_RUGGED
DZA,Argelia,República Argelina Democrática y Popular,Algeria,estado_soberano_miembro_ONU,,DZ,DZA,012,615,615,DZA,103.0,si,1962-07-05,2016-12-31,1816-01-01,2017-12-31,,,FRA,FRA,1962-07,1.0,2.0,Algiers,28.0,3.0,Africa,Northern Africa,Oriente Medio y Norte de África,2381741.0,no,TUN;LBY;NER;ESH;MRT;MLI;MAR,7.0,0.51,2.815408945083618,DZD,Arabic,,,1900.0,2025.0,SRC_MLEDOZE,SRC_MLEDOZE;SRC_VDEM;SRC_COW_STATES;SRC_GW_STATES;SRC_ICOW_COL;SRC_RUGGED
ECU,Ecuador,República del Ecuador,Ecuador,estado_soberano_miembro_ONU,,EC,ECU,218,130,130,ECU,75.0,si,1854-01-01,2016-12-31,1830-05-13,2017-12-31,,,ESP,COL,1830-05,0.0,3.0,Quito,-2.0,-77.5,Americas,South America,América Latina y el Caribe,276841.0,no,COL;PER,2.0,1.278,3.663562059402466,USD,Spanish,,,1830.0,2025.0,SRC_MLEDOZE,SRC_MLEDOZE;SRC_VDEM;SRC_COW_STATES;SRC_GW_STATES;SRC_ICOW_COL;SRC_RUGGED
EGY,Egipto,República Árabe de Egipto,Egypt,estado_soberano_miembro_ONU,,EG,EGY,818,651,651,EGY,13.0,si,1855-01-01,2016-12-31,1827-01-01,2017-12-31,,,TUR,TUR,1831-11,0.0,2.0,Cairo,27.0,30.0,Africa,Northern Africa,Oriente Medio y Norte de África,1002450.0,no,ISR;LBY;PSE;SDN,4.0,0.723,0.6931471824645996,EGP,Arabic,,,1789.0,2025.0,SRC_MLEDOZE,SRC_MLEDOZE;SRC_VDEM;SRC_COW_STATES;SRC_GW_STATES;SRC_ICOW_COL;SRC_RUGGED
ERI,Eritrea,Estado de Eritrea,Eritrea,estado_soberano_miembro_ONU,,ER,ERI,232,531,531,ERI,115.0,si,1993-05-24,2016-12-31,1993-05-24,2017-12-31,,,ITA,ETH,1993-05,1.0,3.0,Asmara,15.0,39.0,Africa,Eastern Africa,África Subsahariana,117600.0,no,DJI;ETH;SDN,3.0,2.481,2.482239007949829,ERN,Arabic;English;Tigrinya,,,1900.0,2025.0,SRC_MLEDOZE,SRC_MLEDOZE;SRC_VDEM;SRC_COW_STATES;SRC_GW_STATES;SRC_ICOW_COL;SRC_RUGGED
ESH,Sahara Occidental,República Árabe Saharaui Democrática,Western Sahara,territorio_no_autonomo_disputado,,EH,ESH,732,,,,,no,,,,,,,,,,,,El Aaiún,24.5,-13.0,Africa,Northern Africa,,266000.0,no,DZA;MRT;MAR,3.0,,,DZD;MAD;MRU,Berber;Hassaniya;Spanish,,,,,SRC_MLEDOZE,SRC_MLEDOZE;SRC_VDEM;SRC_COW_STATES;SRC_GW_STATES;SRC_ICOW_COL;SRC_RUGGED
ESP,España,Reino de España,Spain,estado_soberano_miembro_ONU,,ES,ESP,724,230,230,ESP,96.0,si,1816-01-01,2016-12-31,1816-01-01,2017-12-31,,,,,1479-01,1.0,1.0,Madrid,40.0,-4.0,Europe,Southern Europe,Europa Occidental y Norteamérica,505992.0,no,AND;FRA;GIB;PRT;MAR,5.0,1.689,3.117949962615967,EUR,Spanish,,,1789.0,2025.0,SRC_MLEDOZE,SRC_MLEDOZE;SRC_VDEM;SRC_COW_STATES;SRC_GW_STATES;SRC_ICOW_COL;SRC_RUGGED
EST,Estonia,República de Estonia,Estonia,estado_soberano_miembro_ONU,,EE,EST,233,366,366,EST,161.0,si,1918-02-24,2016-12-31,1918-11-11,2017-12-31,,,RUS,RUS,1918-11,1.0,2.0,Tallinn,59.0,26.0,Europe,Northern Europe,Europa del Este y Asia Central,45227.0,no,LVA;RUS,2.0,0.123,0.0,EUR,Estonian,,,1918.0,2025.0,SRC_MLEDOZE,SRC_MLEDOZE;SRC_VDEM;SRC_COW_STATES;SRC_GW_STATES;SRC_ICOW_COL;SRC_RUGGED
ETH,Etiopía,República Democrática Federal de Etiopía,Ethiopia,estado_soberano_miembro_ONU,Incluye Eritrea hasta 1993.,ET,ETH,231,530,530,ETH,38.0,si,1898-01-01,2016-12-31,1855-02-11,2017-12-31,,,,,1855-02,1.0,1.0,Addis Ababa,8.0,38.0,Africa,Eastern Africa,África Subsahariana,1104300.0,si,DJI;ERI;KEN;SOM;SSD;SDN,6.0,1.57,4.268298149108887,ETB,Amharic,,,1789.0,2025.0,SRC_MLEDOZE,SRC_MLEDOZE;SRC_VDEM;SRC_COW_STATES;SRC_GW_STATES;SRC_ICOW_COL;SRC_RUGGED
EUU,Unión Europea,,Unión Europea,organizacion_supranacional,Código WDI EUU,,,,,,,,,,,,,1958-01-01,,,,,,,,,,,,,,,,,,,,,,,,,CURADO,SRC_MLEDOZE;SRC_VDEM;SRC_COW_STATES;SRC_GW_STATES;SRC_ICOW_COL;SRC_RUGGED
FIN,Finlandia,República de Finlandia,Finland,estado_soberano_miembro_ONU,,FI,FIN,246,375,375,FIN,163.0,si,1917-12-06,2016-12-31,1917-12-06,2017-12-31,,,,RUS,1917-12,1.0,2.0,Helsinki,64.0,26.0,Europe,Northern Europe,Europa Occidental y Norteamérica,338424.0,no,NOR;SWE;RUS,3.0,0.328,0.15700370073318481,EUR,Finnish;Swedish,,,1809.0,2025.0,SRC_MLEDOZE,SRC_MLEDOZE;SRC_VDEM;SRC_COW_STATES;SRC_GW_STATES;SRC_ICOW_COL;SRC_RUGGED
FJI,Fiyi,República de Fiji,Fiji,estado_soberano_miembro_ONU,,FJ,FJI,242,950,950,FJI,162.0,si,1970-10-10,2016-12-31,1970-10-10,2017-12-31,,,GBR,GBR,1970-10,0.0,2.0,Suva,-18.0,175.0,Oceania,Melanesia,Asia y Pacífico,18272.0,no,,0.0,1.396,0.33647221326828003,FJD,English;Fijian;Fiji Hindi,,,1900.0,2025.0,SRC_MLEDOZE,SRC_MLEDOZE;SRC_VDEM;SRC_COW_STATES;SRC_GW_STATES;SRC_ICOW_COL;SRC_RUGGED
FLK,Islas Malvinas,islas Malvinas,Falkland Islands,territorio_dependiente_o_especial,,FK,FLK,238,,,,,no,,,,,,,,,,,,Stanley,-51.75,-59.0,Americas,South America,,12173.0,no,,0.0,,,FKP,English,,,,,SRC_MLEDOZE,SRC_MLEDOZE;SRC_VDEM;SRC_COW_STATES;SRC_GW_STATES;SRC_ICOW_COL;SRC_RUGGED
FRA,Francia,República francés,France,estado_soberano_miembro_ONU,,FR,FRA,250,220,220,FRA,76.0,si,1816-01-01,2016-12-31,1816-01-01,2017-12-31,,,,,9491-05,1.0,1.0,Paris,46.0,2.0,Europe,Western Europe,Europa Occidental y Norteamérica,551695.0,no,AND;BEL;DEU;ITA;LUX;MCO;ESP;CHE,8.0,1.098,2.4423470497131348,EUR,French,1816-1940;1945-2016,regional 1944-2019,1789.0,2025.0,SRC_MLEDOZE,SRC_MLEDOZE;SRC_VDEM;SRC_COW_STATES;SRC_GW_STATES;SRC_ICOW_COL;SRC_RUGGED
FRO,Islas Faroe,Islas Feroe,Faroe Islands,territorio_dependiente_o_especial,,FO,FRO,234,,,,,no,,,,,,,,,,,,Tórshavn,62.0,-7.0,Europe,Northern Europe,,1393.0,no,,0.0,,,DKK;FOK,Danish;Faroese,,,,,SRC_MLEDOZE,SRC_MLEDOZE;SRC_VDEM;SRC_COW_STATES;SRC_GW_STATES;SRC_ICOW_COL;SRC_RUGGED
FSM,Micronesia,Estados Federados de Micronesia,Micronesia,estado_soberano_miembro_ONU,,FM,FSM,583,987,,,,si,1991-09-17,2016-12-31,,,,,USA,USA,1986-11,0.0,2.0,Palikir,6.91666666,158.25,Oceania,Micronesia,,702.0,no,,0.0,1.353,0.7617900967597961,,English,,,,,SRC_MLEDOZE,SRC_MLEDOZE;SRC_VDEM;SRC_COW_STATES;SRC_GW_STATES;SRC_ICOW_COL;SRC_RUGGED
GAB,Gabón,República de Gabón,Gabon,estado_soberano_miembro_ONU,,GA,GAB,266,481,481,GAB,116.0,si,1960-08-17,2016-12-31,1960-08-17,2017-12-31,,,FRA,FRA,1960-08,0.0,2.0,Libreville,-1.0,11.75,Africa,Middle Africa,África Subsahariana,267668.0,no,CMR;COG;GNQ,3.0,0.218,0.06765860319137573,XAF,French,,,1910.0,2025.0,SRC_MLEDOZE,SRC_MLEDOZE;SRC_VDEM;SRC_COW_STATES;SRC_GW_STATES;SRC_ICOW_COL;SRC_RUGGED
GBR,Reino Unido,Reino Unido de Gran Bretaña e Irlanda del Norte,United Kingdom,estado_soberano_miembro_ONU,,GB,GBR,826,200,200,GBR,101.0,si,1816-01-01,2016-12-31,1816-01-01,2017-12-31,,,,,1066-12,1.0,1.0,London,54.0,-2.0,Europe,Northern Europe,Europa Occidental y Norteamérica,242900.0,no,IRL,1.0,0.568,0.5877866744995117,GBP,English,1816-2016,,1789.0,2025.0,SRC_MLEDOZE,SRC_MLEDOZE;SRC_VDEM;SRC_COW_STATES;SRC_GW_STATES;SRC_ICOW_COL;SRC_RUGGED
GEO,Georgia,Georgia,Georgia,estado_soberano_miembro_ONU,,GE,GEO,268,372,372,GEO,118.0,si,1991-12-26,2016-12-31,1991-12-21,2017-12-31,,,RUS,RUS,1991-12,0.0,3.0,Tbilisi,42.0,43.5,Asia,Western Asia,Europa del Este y Asia Central,69700.0,no,ARM;AZE;RUS;TUR,4.0,3.659,4.123902797698975,GEL,Georgian,,,1990.0,2025.0,SRC_MLEDOZE,SRC_MLEDOZE;SRC_VDEM;SRC_COW_STATES;SRC_GW_STATES;SRC_ICOW_COL;SRC_RUGGED
GGY,Guernsey,Bailía de Guernsey,Guernsey,territorio_dependiente_o_especial,,GG,GGY,831,,,,,no,,,,,,,,,,,,St. Peter Port,49.46666666,-2.58333333,Europe,Northern Europe,,78.0,no,,0.0,,,GBP;GGP,English;French;Guernésiais,,,,,SRC_MLEDOZE,SRC_MLEDOZE;SRC_VDEM;SRC_COW_STATES;SRC_GW_STATES;SRC_ICOW_COL;SRC_RUGGED
GHA,Ghana,República de Ghana,Ghana,estado_soberano_miembro_ONU,,GH,GHA,288,452,452,GHA,7.0,si,1957-03-06,2016-12-31,1957-03-06,2017-12-31,,,GBR,GBR,1957-03,0.0,2.0,Accra,8.0,-2.0,Africa,Western Africa,África Subsahariana,238533.0,no,BFA;CIV;TGO,3.0,0.228,0.0,GHS,English,,,1902.0,2025.0,SRC_MLEDOZE,SRC_MLEDOZE;SRC_VDEM;SRC_COW_STATES;SRC_GW_STATES;SRC_ICOW_COL;SRC_RUGGED
GIB,Gibraltar,Gibraltar,Gibraltar,territorio_dependiente_o_especial,,GI,GIB,292,,,,,no,,,,,,,,,,,,Gibraltar,36.13333333,-5.35,Europe,Southern Europe,,6.0,no,ESP,1.0,,,GIP,English,,,,,SRC_MLEDOZE,SRC_MLEDOZE;SRC_VDEM;SRC_COW_STATES;SRC_GW_STATES;SRC_ICOW_COL;SRC_RUGGED
GIN,Guinea,República de Guinea,Guinea,estado_soberano_miembro_ONU,,GN,GIN,324,438,438,GIN,63.0,si,1958-10-02,2016-12-31,1958-10-02,2017-12-31,,,FRA,FRA,1958-10,0.0,2.0,Conakry,11.0,-10.0,Africa,Western Africa,África Subsahariana,245857.0,no,CIV;GNB;LBR;MLI;SEN;SLE,6.0,0.74,1.4350850582122803,GNF,French,,,1900.0,2025.0,SRC_MLEDOZE,SRC_MLEDOZE;SRC_VDEM;SRC_COW_STATES;SRC_GW_STATES;SRC_ICOW_COL;SRC_RUGGED
GLP,Guadalupe,Guadalupe,Guadeloupe,territorio_dependiente_o_especial,,GP,GLP,312,,,,,no,,,,,,,,,,,,Basse-Terre,16.25,-61.583333,Americas,Caribbean,,1628.0,no,,0.0,,,EUR,French,,,,,SRC_MLEDOZE,SRC_MLEDOZE;SRC_VDEM;SRC_COW_STATES;SRC_GW_STATES;SRC_ICOW_COL;SRC_RUGGED
GMB,Gambia,República de Gambia,Gambia,estado_soberano_miembro_ONU,,GM,GMB,270,420,420,GMB,117.0,si,1965-02-18,2016-12-31,1965-02-18,2017-12-31,,,GBR,GBR,1965-02,0.0,2.0,Banjul,13.46666666,-16.56666666,Africa,Western Africa,África Subsahariana,10689.0,no,SEN,1.0,0.353,0.0,GMD,English,,,1900.0,2025.0,SRC_MLEDOZE,SRC_MLEDOZE;SRC_VDEM;SRC_COW_STATES;SRC_GW_STATES;SRC_ICOW_COL;SRC_RUGGED
GNB,Guinea-Bisáu,República de Guinea-Bissau,Guinea-Bissau,estado_soberano_miembro_ONU,,GW,GNB,624,404,404,GNB,119.0,si,1974-09-10,2016-12-31,1974-09-10,2017-12-31,,,PRT,PRT,1974-09,0.0,2.0,Bissau,12.0,-15.0,Africa,Western Africa,África Subsahariana,36125.0,no,GIN;SEN,2.0,0.491,0.0,XOF,Portuguese;Upper Guinea Creole,,,1900.0,2025.0,SRC_MLEDOZE,SRC_MLEDOZE;SRC_VDEM;SRC_COW_STATES;SRC_GW_STATES;SRC_ICOW_COL;SRC_RUGGED
GNQ,Guinea Ecuatorial,República de Guinea Ecuatorial,Equatorial Guinea,estado_soberano_miembro_ONU,,GQ,GNQ,226,411,411,GNQ,160.0,si,1968-10-12,2016-12-31,1968-10-12,2017-12-31,,,ESP,ESP,1968-10,0.0,2.0,Malabo,2.0,10.0,Africa,Middle Africa,África Subsahariana,28051.0,no,CMR;GAB,2.0,0.559,2.4486920833587646,XAF,French;Portuguese;Spanish,,,1900.0,2025.0,SRC_MLEDOZE,SRC_MLEDOZE;SRC_VDEM;SRC_COW_STATES;SRC_GW_STATES;SRC_ICOW_COL;SRC_RUGGED
GRC,Grecia,República Helénica,Greece,estado_soberano_miembro_ONU,,GR,GRC,300,350,350,GRC,164.0,si,1828-01-01,2016-12-31,1828-04-25,2017-12-31,,,TUR,TUR,1829-08,1.0,2.0,Athens,39.0,22.0,Europe,Southern Europe,Europa Occidental y Norteamérica,131990.0,no,ALB;BGR;TUR;MKD,4.0,3.103,3.1267600059509277,EUR,Greek,,,1822.0,2025.0,SRC_MLEDOZE,SRC_MLEDOZE;SRC_VDEM;SRC_COW_STATES;SRC_GW_STATES;SRC_ICOW_COL;SRC_RUGGED
GRD,Grenada,Granada,Grenada,estado_soberano_miembro_ONU,,GD,GRD,308,55,,,,si,1974-02-07,2016-12-31,,,,,GBR,GBR,1974-02,0.0,2.0,St. George's,12.11666666,-61.66666666,Americas,Caribbean,,344.0,no,,0.0,2.088,0.8376955389976501,XCD,English,,,,,SRC_MLEDOZE,SRC_MLEDOZE;SRC_VDEM;SRC_COW_STATES;SRC_GW_STATES;SRC_ICOW_COL;SRC_RUGGED
GRL,Groenlandia,Groenlandia,Greenland,territorio_dependiente_o_especial,,GL,GRL,304,,,,,no,,,,,,,,,,,,Nuuk,72.0,-40.0,Americas,North America,,2166086.0,no,,0.0,,,DKK,Greenlandic,,,,,SRC_MLEDOZE,SRC_MLEDOZE;SRC_VDEM;SRC_COW_STATES;SRC_GW_STATES;SRC_ICOW_COL;SRC_RUGGED
GTM,Guatemala,República de Guatemala,Guatemala,estado_soberano_miembro_ONU,,GT,GTM,320,90,90,GTM,78.0,si,1868-01-01,2016-12-31,1840-01-01,2017-12-31,,,ESP,,1839-04,1.0,3.0,Guatemala City,15.5,-90.25,Americas,Central America,América Latina y el Caribe,108889.0,no,BLZ;SLV;HND;MEX,4.0,1.807,3.7635231018066406,GTQ,Spanish,,,1789.0,2025.0,SRC_MLEDOZE,SRC_MLEDOZE;SRC_VDEM;SRC_COW_STATES;SRC_GW_STATES;SRC_ICOW_COL;SRC_RUGGED
GUF,Guayana Francesa,Guayana,French Guiana,territorio_dependiente_o_especial,,GF,GUF,254,,,,,no,,,,,,,,,,,,Cayenne,4.0,-53.0,Americas,South America,,83534.0,no,BRA;SUR,2.0,,,EUR,French,,,,,SRC_MLEDOZE,SRC_MLEDOZE;SRC_VDEM;SRC_COW_STATES;SRC_GW_STATES;SRC_ICOW_COL;SRC_RUGGED
GUM,Guam,Guam,Guam,territorio_dependiente_o_especial,,GU,GUM,316,,,,,no,,,,,,,,,,,,Hagåtña,13.46666666,144.78333333,Oceania,Micronesia,,549.0,no,,0.0,,,USD,Chamorro;English;Spanish,,,,,SRC_MLEDOZE,SRC_MLEDOZE;SRC_VDEM;SRC_COW_STATES;SRC_GW_STATES;SRC_ICOW_COL;SRC_RUGGED
GUY,Guyana,República Cooperativa de Guyana,Guyana,estado_soberano_miembro_ONU,,GY,GUY,328,110,110,GUY,166.0,si,1966-05-26,2016-12-31,1966-05-26,2017-12-31,,,ESP,GBR,1966-05,0.0,2.0,Georgetown,5.0,-59.0,Americas,South America,América Latina y el Caribe,214969.0,no,BRA;SUR;VEN,3.0,0.273,1.1939220428466797,GYD,English,,,1900.0,2025.0,SRC_MLEDOZE,SRC_MLEDOZE;SRC_VDEM;SRC_COW_STATES;SRC_GW_STATES;SRC_ICOW_COL;SRC_RUGGED
HDM,Hesse-Darmstadt,,Hesse-Darmstadt,estado_historico,,,,,275,275,HDM,359.0,,1816-01-01,1867-04-17,1816-01-01,1871-01-17,,,,,1806-08,1.0,4.0,,,,Europa Occidental y Norteamérica,,Europa Occidental y Norteamérica,,,,,,,,,,,1789.0,1871.0,SRC_VDEM,SRC_MLEDOZE;SRC_VDEM;SRC_COW_STATES;SRC_GW_STATES;SRC_ICOW_COL;SRC_RUGGED
HKG,Hong Kong,Hong Kong Región Administrativa Especial de la República Popular China,Hong Kong,territorio_dependiente_o_especial,,HK,HKG,344,,,HKG,167.0,no,,,,,,,,,,,,City of Victoria,22.267,114.188,Asia,Eastern Asia,Asia y Pacífico,1104.0,no,CHN,1.0,,,HKD,English;Chinese,,,1900.0,2025.0,SRC_MLEDOZE,SRC_MLEDOZE;SRC_VDEM;SRC_COW_STATES;SRC_GW_STATES;SRC_ICOW_COL;SRC_RUGGED
HKS,Hesse-Kassel,,Hesse-Kassel,estado_historico,,,,,273,273,HKS,358.0,,1816-01-01,1866-07-26,1816-01-01,1871-01-17,,,,,1806-08,1.0,4.0,,,,Europa Occidental y Norteamérica,,Europa Occidental y Norteamérica,,,,,,,,,,,1789.0,1866.0,SRC_VDEM,SRC_MLEDOZE;SRC_VDEM;SRC_COW_STATES;SRC_GW_STATES;SRC_ICOW_COL;SRC_RUGGED
HMD,Islas Heard y McDonald,Islas Heard y McDonald,Heard Island and McDonald Islands,territorio_dependiente_o_especial,,HM,HMD,334,,,,,no,,,,,,,,,,,,,-53.1,72.51666666,Antarctic,,,412.0,no,,0.0,,,,English,,,,,SRC_MLEDOZE,SRC_MLEDOZE;SRC_VDEM;SRC_COW_STATES;SRC_GW_STATES;SRC_ICOW_COL;SRC_RUGGED
HND,Honduras,República de Honduras,Honduras,estado_soberano_miembro_ONU,,HN,HND,340,91,91,HND,27.0,si,1899-01-01,2016-12-31,1840-01-01,2017-12-31,,,ESP,,1838-11,1.0,3.0,Tegucigalpa,15.0,-86.5,Americas,Central America,América Latina y el Caribe,112492.0,no,GTM;SLV;NIC,3.0,2.15,3.9852728843688965,HNL,Spanish,,,1838.0,2025.0,SRC_MLEDOZE,SRC_MLEDOZE;SRC_VDEM;SRC_COW_STATES;SRC_GW_STATES;SRC_ICOW_COL;SRC_RUGGED
HRG,Hamburgo,,Hamburg,estado_historico,,,,,,,HRG,362.0,,,,,,,,,,,,,,,,Europa Occidental y Norteamérica,,Europa Occidental y Norteamérica,,,,,,,,,,,1789.0,1867.0,SRC_VDEM,SRC_MLEDOZE;SRC_VDEM;SRC_COW_STATES;SRC_GW_STATES;SRC_ICOW_COL;SRC_RUGGED
HRV,Croacia,República de Croacia,Croatia,estado_soberano_miembro_ONU,,HR,HRV,191,344,344,HRV,154.0,si,1992-01-15,2016-12-31,1992-04-27,2017-12-31,,,AUT,SRB,1991-06,1.0,3.0,Zagreb,45.16666666,15.5,Europe,Southeast Europe,Europa del Este y Asia Central,56594.0,no,BIH;HUN;MNE;SRB;SVN,5.0,1.267,1.5280649662017822,EUR,Croatian,,,1941.0,2025.0,SRC_MLEDOZE,SRC_MLEDOZE;SRC_VDEM;SRC_COW_STATES;SRC_GW_STATES;SRC_ICOW_COL;SRC_RUGGED
HTI,Haití,República de Haití,Haiti,estado_soberano_miembro_ONU,,HT,HTI,332,41,41,HTI,26.0,si,1859-01-01,2016-12-31,1816-01-01,2017-12-31,,,FRA,FRA,1804-01,1.0,2.0,Port-au-Prince,19.0,-72.41666666,Americas,Caribbean,América Latina y el Caribe,27750.0,no,DOM,1.0,2.362,2.79728102684021,HTG,French;Haitian Creole,,,1789.0,2025.0,SRC_MLEDOZE,SRC_MLEDOZE;SRC_VDEM;SRC_COW_STATES;SRC_GW_STATES;SRC_ICOW_COL;SRC_RUGGED
HUN,Hungría,Hungría,Hungary,estado_soberano_miembro_ONU,,HU,HUN,348,310,310,HUN,210.0,si,1918-11-16,2016-12-31,1918-11-03,2017-12-31,,,,AUT,1918-11,1.0,4.0,Budapest,47.0,20.0,Europe,Central Europe,Europa del Este y Asia Central,93028.0,si,AUT;HRV;ROU;SRB;SVK;SVN;UKR,7.0,0.346,0.0,HUF,Hungarian,,,1789.0,2025.0,SRC_MLEDOZE,SRC_MLEDOZE;SRC_VDEM;SRC_COW_STATES;SRC_GW_STATES;SRC_ICOW_COL;SRC_RUGGED
HVR,Hannover,,Hanover,estado_historico,,,,,240,240,HVR,357.0,,1837-06-20,1866-07-26,1816-01-01,1871-01-17,,,,,1814-10,1.0,1.0,,,,Europa Occidental y Norteamérica,,Europa Occidental y Norteamérica,,,,,,,,,,,1789.0,1866.0,SRC_VDEM,SRC_MLEDOZE;SRC_VDEM;SRC_COW_STATES;SRC_GW_STATES;SRC_ICOW_COL;SRC_RUGGED
H_ANNAM,Vietnam (Annam/Cochinchina/Tonkín),,Vietnam (Annam/Cochinchina/Tonkín),estado_historico,Gleditsch-Ward 815,,,,,815,,,,,,1816-01-01,1893-01-01,1816-01-01,1893-01-01,,,,,,,,,,,,,,,,,,,,,,,,CURADO,SRC_MLEDOZE;SRC_VDEM;SRC_COW_STATES;SRC_GW_STATES;SRC_ICOW_COL;SRC_RUGGED
H_GCL,Gran Colombia,,Gran Colombia,estado_historico,Gleditsch-Ward 99,,,,,99,,,,,,1821-08-30,1830-09-22,1821-08-30,1830-09-22,,,,,,,,,,,,,,,,,,,,,,,,CURADO,SRC_MLEDOZE;SRC_VDEM;SRC_COW_STATES;SRC_GW_STATES;SRC_ICOW_COL;SRC_RUGGED
H_OFS,Estado Libre de Orange,,Estado Libre de Orange,estado_historico,Gleditsch-Ward 564,,,,,564,,,,,,1854-03-28,1910-05-30,1854-03-28,1910-05-30,,,,,,,,,,,,,,,,,,,,,,,,CURADO,SRC_MLEDOZE;SRC_VDEM;SRC_COW_STATES;SRC_GW_STATES;SRC_ICOW_COL;SRC_RUGGED
H_TRA,Transvaal (República Sudafricana),,Transvaal (República Sudafricana),estado_historico,Gleditsch-Ward 563,,,,,563,,,,,,1852-01-01,1910-05-30,1852-01-01,1910-05-30,,,,,,,,,,,,,,,,,,,,,,,,CURADO,SRC_MLEDOZE;SRC_VDEM;SRC_COW_STATES;SRC_GW_STATES;SRC_ICOW_COL;SRC_RUGGED
H_UPC,Provincias Unidas del Centro de América,,Provincias Unidas del Centro de América,estado_historico,Gleditsch-Ward 89,,,,,89,,,,,,1823-07-01,1839-12-31,1823-07-01,1839-12-31,,,,,,,,,,,,,,,,,,,,,,,,CURADO,SRC_MLEDOZE;SRC_VDEM;SRC_COW_STATES;SRC_GW_STATES;SRC_ICOW_COL;SRC_RUGGED
IDN,Indonesia,República de Indonesia,Indonesia,estado_soberano_miembro_ONU,Incluye Timor Oriental 1976-1999 de facto.,ID,IDN,360,850,850,IDN,56.0,si,1949-12-27,2016-12-31,1945-08-17,2017-12-31,,,NLD,NLD,1949-12,1.0,2.0,Jakarta,-5.0,120.0,Asia,South-Eastern Asia,Asia y Pacífico,1904569.0,no,TLS;MYS;PNG,3.0,0.967,2.4423470497131348,IDR,Indonesian,,,1800.0,2025.0,SRC_MLEDOZE,SRC_MLEDOZE;SRC_VDEM;SRC_COW_STATES;SRC_GW_STATES;SRC_ICOW_COL;SRC_RUGGED
IMN,Isla de Man,Isla de Man,Isle of Man,territorio_dependiente_o_especial,,IM,IMN,833,,,,,no,,,,,,,,,,,,Douglas,54.25,-4.5,Europe,Northern Europe,,572.0,no,,0.0,,,GBP;IMP,English;Manx,,,,,SRC_MLEDOZE,SRC_MLEDOZE;SRC_VDEM;SRC_COW_STATES;SRC_GW_STATES;SRC_ICOW_COL;SRC_RUGGED
IND,India,República de la India,India,estado_soberano_miembro_ONU,,IN,IND,356,750,750,IND,39.0,si,1947-08-15,2016-12-31,1947-08-15,2017-12-31,,,GBR,GBR,1947-08,0.0,2.0,New Delhi,20.0,77.0,Asia,Southern Asia,Asia y Pacífico,3287590.0,no,BGD;BTN;MMR;CHN;NPL;PAK,6.0,1.013,2.6318891048431396,INR,English;Hindi;Tamil,,regional 1974-2019,1789.0,2025.0,SRC_MLEDOZE,SRC_MLEDOZE;SRC_VDEM;SRC_COW_STATES;SRC_GW_STATES;SRC_ICOW_COL;SRC_RUGGED
IOT,Territorio Británico del Océano Índico,Territorio Británico del Océano Índico,British Indian Ocean Territory,territorio_dependiente_o_especial,,IO,IOT,086,,,,,no,,,,,,,,,,,,Diego Garcia,-6.0,71.5,Africa,Eastern Africa,,60.0,no,,0.0,,,USD,English,,,,,SRC_MLEDOZE,SRC_MLEDOZE;SRC_VDEM;SRC_COW_STATES;SRC_GW_STATES;SRC_ICOW_COL;SRC_RUGGED
IRL,Irlanda,República de Irlanda,Ireland,estado_soberano_miembro_ONU,,IE,IRL,372,205,205,IRL,81.0,si,1922-12-06,2016-12-31,1921-12-06,2017-12-31,,,GBR,GBR,1922-12,1.0,3.0,Dublin,53.0,-8.0,Europe,Northern Europe,Europa Occidental y Norteamérica,70273.0,no,GBR,1.0,0.513,0.0,EUR,English;Irish,,,1919.0,2025.0,SRC_MLEDOZE,SRC_MLEDOZE;SRC_VDEM;SRC_COW_STATES;SRC_GW_STATES;SRC_ICOW_COL;SRC_RUGGED
IRN,Iran,República Islámica de Irán,Iran,estado_soberano_miembro_ONU,,IR,IRN,364,630,630,IRN,79.0,si,1855-01-01,2016-12-31,1816-01-01,2017-12-31,,,,,1502-01,1.0,1.0,Tehran,32.0,53.0,Asia,Southern Asia,Oriente Medio y Norte de África,1648195.0,no,AFG;ARM;AZE;IRQ;PAK;TUR;TKM,7.0,2.445,3.671225070953369,IRR,Persian (Farsi),,regional 1970-2019,1789.0,2025.0,SRC_MLEDOZE,SRC_MLEDOZE;SRC_VDEM;SRC_COW_STATES;SRC_GW_STATES;SRC_ICOW_COL;SRC_RUGGED
IRQ,Irak,República de Irak,Iraq,estado_soberano_miembro_ONU,,IQ,IRQ,368,645,645,IRQ,80.0,si,1932-10-03,2016-12-31,1932-10-03,2017-12-31,,,TUR,GBR,1932-10,0.0,2.0,Baghdad,33.0,44.0,Asia,Western Asia,Oriente Medio y Norte de África,438317.0,no,IRN;JOR;KWT;SAU;SYR;TUR,6.0,0.67,1.9459099769592285,IQD,Arabic;Aramaic;Sorani,,regional 1970-1991,1920.0,2025.0,SRC_MLEDOZE,SRC_MLEDOZE;SRC_VDEM;SRC_COW_STATES;SRC_GW_STATES;SRC_ICOW_COL;SRC_RUGGED
ISL,Islandia,Islandia,Iceland,estado_soberano_miembro_ONU,,IS,ISL,352,395,395,ISL,168.0,si,1944-06-17,2016-12-31,1944-06-17,2017-12-31,,,,DNK,1944-06,0.0,3.0,Reykjavik,65.0,-18.0,Europe,Northern Europe,Europa Occidental y Norteamérica,103000.0,no,,0.0,1.472,2.000882625579834,ISK,Icelandic,,,1900.0,2025.0,SRC_MLEDOZE,SRC_MLEDOZE;SRC_VDEM;SRC_COW_STATES;SRC_GW_STATES;SRC_ICOW_COL;SRC_RUGGED
ISR,Israel,Estado de Israel,Israel,estado_soberano_miembro_ONU,,IL,ISR,376,666,666,ISR,169.0,si,1948-05-14,2016-12-31,1948-05-14,2017-12-31,,,TUR,GBR,1948-05,1.0,2.0,Jerusalem,31.47,35.13,Asia,Western Asia,Oriente Medio y Norte de África,20770.0,no,EGY;JOR;LBN;PSE;SYR,5.0,1.705,0.9932518005371094,ILS,Arabic;Hebrew,,regional 1967-2019,1948.0,2025.0,SRC_MLEDOZE,SRC_MLEDOZE;SRC_VDEM;SRC_COW_STATES;SRC_GW_STATES;SRC_ICOW_COL;SRC_RUGGED
ITA,Italia,República Italiana,Italy,estado_soberano_miembro_ONU,,IT,ITA,380,325,325,ITA,82.0,si,1816-01-01,2016-12-31,1816-01-01,2017-12-31,,,,,1720-01,0.0,1.0,Rome,42.83333333,12.83333333,Europe,Southern Europe,Europa Occidental y Norteamérica,301336.0,no,AUT;FRA;SMR;SVN;CHE;VAT,6.0,2.458,3.1441519260406494,EUR,Italian,1860-1943,regional 1860-1943,1861.0,2025.0,SRC_MLEDOZE,SRC_MLEDOZE;SRC_VDEM;SRC_COW_STATES;SRC_GW_STATES;SRC_ICOW_COL;SRC_RUGGED
JAM,Jamaica,Jamaica,Jamaica,estado_soberano_miembro_ONU,,JM,JAM,388,51,51,JAM,120.0,si,1962-08-06,2016-12-31,1962-08-06,2017-12-31,,,GBR,GBR,1962-08,0.0,2.0,Kingston,18.25,-77.5,Americas,Caribbean,América Latina y el Caribe,10991.0,no,,0.0,1.788,1.335000991821289,JMD,English;Jamaican Patois,,,1900.0,2025.0,SRC_MLEDOZE,SRC_MLEDOZE;SRC_VDEM;SRC_COW_STATES;SRC_GW_STATES;SRC_ICOW_COL;SRC_RUGGED
JEY,Jersey,Bailía de Jersey,Jersey,territorio_dependiente_o_especial,,JE,JEY,832,,,,,no,,,,,,,,,,,,Saint Helier,49.25,-2.16666666,Europe,Northern Europe,,116.0,no,,0.0,,,GBP;JEP,English;French;Jèrriais,,,,,SRC_MLEDOZE,SRC_MLEDOZE;SRC_VDEM;SRC_COW_STATES;SRC_GW_STATES;SRC_ICOW_COL;SRC_RUGGED
JOR,Jordania,Reino Hachemita de Jordania,Jordan,estado_soberano_miembro_ONU,,JO,JOR,400,663,663,JOR,83.0,si,1946-03-22,2016-12-31,1946-05-25,2017-12-31,,,TUR,GBR,1946-05,0.0,2.0,Amman,31.0,36.0,Asia,Western Asia,Oriente Medio y Norte de África,89342.0,no,IRQ;ISR;PSE;SAU;SYR,5.0,1.097,2.721295118331909,JOD,Arabic,,,1922.0,2025.0,SRC_MLEDOZE,SRC_MLEDOZE;SRC_VDEM;SRC_COW_STATES;SRC_GW_STATES;SRC_ICOW_COL;SRC_RUGGED
JPN,Japón,Japón,Japan,estado_soberano_miembro_ONU,,JP,JPN,392,740,740,JPN,9.0,si,1860-01-01,2016-12-31,1816-01-01,2017-12-31,,,,,1590-01,1.0,1.0,Tokyo,36.0,138.0,Asia,Eastern Asia,Asia y Pacífico,377930.0,no,,0.0,2.132,2.7536609172821045,JPY,Japanese,1895-1945;1991-2016,regional 1895-1945;regional 1991-2019,1789.0,2025.0,SRC_MLEDOZE,SRC_MLEDOZE;SRC_VDEM;SRC_COW_STATES;SRC_GW_STATES;SRC_ICOW_COL;SRC_RUGGED
KAZ,Kazajistán,República de Kazajstán,Kazakhstan,estado_soberano_miembro_ONU,,KZ,KAZ,398,705,705,KAZ,121.0,si,1991-12-26,2016-12-31,1991-12-16,2017-12-31,,,RUS,RUS,1991-12,0.0,3.0,Astana,48.0,68.0,Asia,Central Asia,Europa del Este y Asia Central,2724900.0,si,CHN;KGZ;RUS;TKM;UZB,5.0,0.372,3.9998769760131836,KZT,Kazakh;Russian,,,1990.0,2025.0,SRC_MLEDOZE,SRC_MLEDOZE;SRC_VDEM;SRC_COW_STATES;SRC_GW_STATES;SRC_ICOW_COL;SRC_RUGGED
KEN,Kenia,República de Kenya,Kenya,estado_soberano_miembro_ONU,,KE,KEN,404,501,501,KEN,40.0,si,1963-12-12,2016-12-31,1963-12-12,2017-12-31,,,GBR,GBR,1963-12,1.0,2.0,Nairobi,1.0,38.0,Africa,Eastern Africa,África Subsahariana,580367.0,no,ETH;SOM;SSD;TZA;UGA,5.0,0.669,3.306886911392212,KES,English;Swahili,,,1900.0,2025.0,SRC_MLEDOZE,SRC_MLEDOZE;SRC_VDEM;SRC_COW_STATES;SRC_GW_STATES;SRC_ICOW_COL;SRC_RUGGED
KGZ,Kirguizistán,República Kirguisa,Kyrgyzstan,estado_soberano_miembro_ONU,,KG,KGZ,417,703,703,KGZ,122.0,si,1991-12-26,2016-12-31,1991-08-31,2017-12-31,,,RUS,RUS,1991-12,0.0,3.0,Bishkek,41.0,75.0,Asia,Central Asia,Europa del Este y Asia Central,199951.0,si,CHN;KAZ;TJK;UZB,4.0,4.287,4.045225143432617,KGS,Kyrgyz;Russian,,,1990.0,2025.0,SRC_MLEDOZE,SRC_MLEDOZE;SRC_VDEM;SRC_COW_STATES;SRC_GW_STATES;SRC_ICOW_COL;SRC_RUGGED
KHM,Camboya,Reino de Camboya,Cambodia,estado_soberano_miembro_ONU,,KH,KHM,116,811,811,KHM,55.0,si,1953-11-09,2016-12-31,1953-11-09,2017-12-31,,,FRA,FRA,1953-11,1.0,2.0,Phnom Penh,13.0,105.0,Asia,South-Eastern Asia,Asia y Pacífico,181035.0,no,LAO;THA;VNM,3.0,0.54,0.6931471824645996,KHR;USD,Khmer,,,1900.0,2025.0,SRC_MLEDOZE,SRC_MLEDOZE;SRC_VDEM;SRC_COW_STATES;SRC_GW_STATES;SRC_ICOW_COL;SRC_RUGGED
KIR,Kiribati,República Independiente y Soberano de Kiribati,Kiribati,estado_soberano_miembro_ONU,,KI,KIR,296,946,,,,si,1999-09-14,2016-12-31,,,,,GBR,GBR,1979-07,0.0,2.0,South Tarawa,1.41666666,173.0,Oceania,Micronesia,,811.0,no,,0.0,0.01,0.0,AUD;KID,English;Gilbertese,,,,,SRC_MLEDOZE,SRC_MLEDOZE;SRC_VDEM;SRC_COW_STATES;SRC_GW_STATES;SRC_ICOW_COL;SRC_RUGGED
KNA,San Cristóbal y Nieves,Federación de San Cristóbal y Nevis,Saint Kitts and Nevis,estado_soberano_miembro_ONU,,KN,KNA,659,60,,,,si,1983-09-19,2016-12-31,,,,,GBR,GBR,1983-09,0.0,2.0,Basseterre,17.33333333,-62.75,Americas,Caribbean,,261.0,no,,0.0,0.006,1.2409651279449463,XCD,English,,,,,SRC_MLEDOZE,SRC_MLEDOZE;SRC_VDEM;SRC_COW_STATES;SRC_GW_STATES;SRC_ICOW_COL;SRC_RUGGED
KOR,Corea del Sur,República de Corea,South Korea,estado_soberano_miembro_ONU,,KR,KOR,410,730;732,730;732,KOR,42.0,si,1887-01-01,2016-12-31,1816-01-01,2017-12-31,,,,,9180-01,1.0,1.0,Seoul,37.0,127.5,Asia,Eastern Asia,Asia y Pacífico,100210.0,no,PRK,1.0,1.96,2.2925350666046143,KRW,Korean,,,1789.0,2025.0,SRC_MLEDOZE,SRC_MLEDOZE;SRC_VDEM;SRC_COW_STATES;SRC_GW_STATES;SRC_ICOW_COL;SRC_RUGGED
KWT,Kuwait,Estado de Kuwait,Kuwait,estado_soberano_miembro_ONU,,KW,KWT,414,690,690,KWT,171.0,si,1961-06-19,2016-12-31,1961-06-19,2017-12-31,,,GBR,GBR,1961-06,0.0,2.0,Kuwait City,29.5,45.75,Asia,Western Asia,Oriente Medio y Norte de África,17818.0,no,IRQ;SAU,2.0,0.245,0.0,KWD,Arabic,,,1789.0,2025.0,SRC_MLEDOZE,SRC_MLEDOZE;SRC_VDEM;SRC_COW_STATES;SRC_GW_STATES;SRC_ICOW_COL;SRC_RUGGED
LAO,Laos,República Democrática Popular Lao,Laos,estado_soberano_miembro_ONU,,LA,LAO,418,812,812,LAO,123.0,si,1953-10-23,2016-12-31,1954-05-01,2017-12-31,,,FRA,FRA,1953-10,1.0,2.0,Vientiane,18.0,105.0,Asia,South-Eastern Asia,Asia y Pacífico,236800.0,si,MMR;KHM;CHN;THA;VNM,5.0,2.553,3.6054980754852295,LAK,Lao,,,1900.0,2025.0,SRC_MLEDOZE,SRC_MLEDOZE;SRC_VDEM;SRC_COW_STATES;SRC_GW_STATES;SRC_ICOW_COL;SRC_RUGGED
LBN,Líbano,República Libanesa,Lebanon,estado_soberano_miembro_ONU,,LB,LBN,422,660,660,LBN,44.0,si,1946-03-10,2016-12-31,1944-11-22,2017-12-31,,,TUR,FRA,1943-11,0.0,2.0,Beirut,33.83333333,35.83333333,Asia,Western Asia,Oriente Medio y Norte de África,10452.0,no,ISR;SYR,2.0,4.197,4.062166213989258,LBP,Arabic;French,,,1918.0,2025.0,SRC_MLEDOZE,SRC_MLEDOZE;SRC_VDEM;SRC_COW_STATES;SRC_GW_STATES;SRC_ICOW_COL;SRC_RUGGED
LBR,Liberia,República de Liberia,Liberia,estado_soberano_miembro_ONU,,LR,LBR,430,450,450,LBR,86.0,si,1920-06-30,2016-12-31,1847-07-26,2017-12-31,,,,,1847-07,0.0,1.0,Monrovia,6.5,-9.5,Africa,Western Africa,África Subsahariana,111369.0,no,GIN;CIV;SLE,3.0,0.263,0.470003604888916,LRD,English,,,1821.0,2025.0,SRC_MLEDOZE,SRC_MLEDOZE;SRC_VDEM;SRC_COW_STATES;SRC_GW_STATES;SRC_ICOW_COL;SRC_RUGGED
LBY,Libia,Estado de Libia,Libya,estado_soberano_miembro_ONU,,LY,LBY,434,620,620,LBY,124.0,si,1951-12-24,2016-12-31,1816-01-01,2017-12-31,,,TUR,GBR,1951-12,0.0,2.0,Tripoli,25.0,17.0,Africa,Northern Africa,Oriente Medio y Norte de África,1759540.0,no,DZA;TCD;EGY;NER;SDN;TUN,6.0,0.403,1.9546979665756226,LYD,Arabic,,,1789.0,2025.0,SRC_MLEDOZE,SRC_MLEDOZE;SRC_VDEM;SRC_COW_STATES;SRC_GW_STATES;SRC_ICOW_COL;SRC_RUGGED
LCA,Santa Lucía,Santa Lucía,Saint Lucia,estado_soberano_miembro_ONU,,LC,LCA,662,56,,,,si,1979-02-22,2016-12-31,,,,,GBR,GBR,1979-02,0.0,2.0,Castries,13.88333333,-60.96666666,Americas,Caribbean,,616.0,no,,0.0,2.147,0.9931088089942932,XCD,English,,,,,SRC_MLEDOZE,SRC_MLEDOZE;SRC_VDEM;SRC_COW_STATES;SRC_GW_STATES;SRC_ICOW_COL;SRC_RUGGED
LIE,Liechtenstein,Principado de Liechtenstein,Liechtenstein,estado_soberano_miembro_ONU,,LI,LIE,438,223,,,,si,1990-09-18,2016-12-31,,,,,,,1806-07,1.0,4.0,Vaduz,47.26666666,9.53333333,Europe,Western Europe,,160.0,si,AUT;CHE,2.0,5.328,2.0357120037078857,CHF,German,,,,,SRC_MLEDOZE,SRC_MLEDOZE;SRC_VDEM;SRC_COW_STATES;SRC_GW_STATES;SRC_ICOW_COL;SRC_RUGGED
LKA,Sri Lanka,República Democrática Socialista de Sri Lanka,Sri Lanka,estado_soberano_miembro_ONU,,LK,LKA,144,780,780,LKA,131.0,si,1948-02-04,2016-12-31,1948-02-04,2017-12-31,,,GBR,GBR,1948-02,0.0,2.0,Colombo,7.0,81.0,Asia,Southern Asia,Asia y Pacífico,65610.0,no,IND,1.0,0.65,2.11625599861145,LKR,Sinhala;Tamil,,,1900.0,2025.0,SRC_MLEDOZE,SRC_MLEDOZE;SRC_VDEM;SRC_COW_STATES;SRC_GW_STATES;SRC_ICOW_COL;SRC_RUGGED
LSO,Lesotho,Reino de Lesotho,Lesotho,estado_soberano_miembro_ONU,,LS,LSO,426,570,570,LSO,85.0,si,1966-10-04,2016-12-31,1966-10-04,2017-12-31,,,GBR,GBR,1966-10,0.0,2.0,Maseru,-29.5,28.5,Africa,Southern Africa,África Subsahariana,30355.0,si,ZAF,1.0,6.202,4.4212470054626465,LSL;ZAR,English;Sotho,,,1900.0,2025.0,SRC_MLEDOZE,SRC_MLEDOZE;SRC_VDEM;SRC_COW_STATES;SRC_GW_STATES;SRC_ICOW_COL;SRC_RUGGED
LTU,Lituania,República de Lituania,Lithuania,estado_soberano_miembro_ONU,,LT,LTU,440,368,368,LTU,173.0,si,1918-02-16,2016-12-31,1918-02-16,2017-12-31,,,RUS,RUS,1918-02,1.0,2.0,Vilnius,56.0,24.0,Europe,Northern Europe,Europa del Este y Asia Central,65300.0,no,BLR;LVA;POL;RUS,4.0,0.175,0.0,EUR,Lithuanian,,,1918.0,2025.0,SRC_MLEDOZE,SRC_MLEDOZE;SRC_VDEM;SRC_COW_STATES;SRC_GW_STATES;SRC_ICOW_COL;SRC_RUGGED
LUX,Luxemburgo,Gran Ducado de Luxemburgo,Luxembourg,estado_soberano_miembro_ONU,,LU,LUX,442,212,212,LUX,174.0,si,1920-11-15,2016-12-31,1867-05-11,2017-12-31,,,NLD,NLD,1867-05,0.0,2.0,Luxembourg,49.75,6.16666666,Europe,Western Europe,Europa Occidental y Norteamérica,2586.0,si,BEL;FRA;DEU,3.0,0.881,0.0,EUR,German;French;Luxembourgish,,,1815.0,2025.0,SRC_MLEDOZE,SRC_MLEDOZE;SRC_VDEM;SRC_COW_STATES;SRC_GW_STATES;SRC_ICOW_COL;SRC_RUGGED
LVA,Letonia,República de Letonia,Latvia,estado_soberano_miembro_ONU,,LV,LVA,428,367,367,LVA,84.0,si,1918-11-18,2016-12-31,1918-11-11,2017-12-31,,,RUS,RUS,1918-11,1.0,2.0,Riga,57.0,25.0,Europe,Northern Europe,Europa del Este y Asia Central,64559.0,no,BLR;EST;LTU;RUS,4.0,0.154,0.0,EUR,Latvian,,,1920.0,2025.0,SRC_MLEDOZE,SRC_MLEDOZE;SRC_VDEM;SRC_COW_STATES;SRC_GW_STATES;SRC_ICOW_COL;SRC_RUGGED
MAC,Macao,"Macao, Región Administrativa Especial de la República Popular China",Macau,territorio_dependiente_o_especial,,MO,MAC,446,,,,,no,,,,,,,,,,,,,22.16666666,113.55,Asia,Eastern Asia,,30.0,no,CHN,1.0,,,MOP,Portuguese;Chinese,,,,,SRC_MLEDOZE,SRC_MLEDOZE;SRC_VDEM;SRC_COW_STATES;SRC_GW_STATES;SRC_ICOW_COL;SRC_RUGGED
MAF,Saint Martin,Saint Martin,Saint Martin,territorio_dependiente_o_especial,,MF,MAF,663,,,,,no,,,,,,,,,,,,Marigot,18.08333333,-63.95,Americas,Caribbean,,53.0,no,SXM,1.0,,,EUR,French,,,,,SRC_MLEDOZE,SRC_MLEDOZE;SRC_VDEM;SRC_COW_STATES;SRC_GW_STATES;SRC_ICOW_COL;SRC_RUGGED
MAR,Marruecos,Reino de Marruecos,Morocco,estado_soberano_miembro_ONU,,MA,MAR,504,600,600,MAR,90.0,si,1847-01-01,2016-12-31,1816-01-01,2017-12-31,,,FRA,,1666-06,1.0,1.0,Rabat,32.0,-5.0,Africa,Northern Africa,Oriente Medio y Norte de África,446550.0,no,DZA;ESH;ESP,3.0,2.413,3.85439395904541,MAD,Arabic;Berber,,,1789.0,2025.0,SRC_MLEDOZE,SRC_MLEDOZE;SRC_VDEM;SRC_COW_STATES;SRC_GW_STATES;SRC_ICOW_COL;SRC_RUGGED
MCL,Mecklemburgo-Schwerin,,Mecklenburg Schwerin,estado_historico,,,,,280,280,MCL,360.0,,1843-01-01,1867-04-17,1816-01-01,1871-01-17,,,,,1621-01,0.0,1.0,,,,Europa Occidental y Norteamérica,,Europa Occidental y Norteamérica,,,,,,,,,,,1789.0,1867.0,SRC_VDEM,SRC_MLEDOZE;SRC_VDEM;SRC_COW_STATES;SRC_GW_STATES;SRC_ICOW_COL;SRC_RUGGED
MCO,Mónaco,Principado de Mónaco,Monaco,estado_soberano_miembro_ONU,,MC,MCO,492,221,,,,si,1993-05-28,2016-12-31,,,,,,,1419-06,0.0,1.0,Monaco,43.73333333,7.4,Europe,Western Europe,,2.02,no,FRA,1.0,6.612,0.0,EUR,French,,,,,SRC_MLEDOZE,SRC_MLEDOZE;SRC_VDEM;SRC_COW_STATES;SRC_GW_STATES;SRC_ICOW_COL;SRC_RUGGED
MDA,Moldavia,República de Moldova,Moldova,estado_soberano_miembro_ONU,,MD,MDA,498,359,359,MDA,126.0,si,1991-12-26,2016-12-31,1991-08-27,2017-12-31,,,TUR,RUS,1991-12,0.0,3.0,Chișinău,47.0,29.0,Europe,Eastern Europe,Europa del Este y Asia Central,33846.0,si,ROU;UKR,2.0,0.799,0.0,MDL,Moldavian,,,1990.0,2025.0,SRC_MLEDOZE,SRC_MLEDOZE;SRC_VDEM;SRC_COW_STATES;SRC_GW_STATES;SRC_ICOW_COL;SRC_RUGGED
MDG,Madagascar,República de Madagascar,Madagascar,estado_soberano_miembro_ONU,,MG,MDG,450,580,580,MDG,125.0,si,1960-06-26,2016-12-31,1816-01-01,2017-12-31,,,FRA,FRA,1960-06,0.0,2.0,Antananarivo,-20.0,47.0,Africa,Eastern Africa,África Subsahariana,587041.0,no,,0.0,1.169,3.520461082458496,MGA,French;Malagasy,,,1817.0,2025.0,SRC_MLEDOZE,SRC_MLEDOZE;SRC_VDEM;SRC_COW_STATES;SRC_GW_STATES;SRC_ICOW_COL;SRC_RUGGED
MDN,Módena,,Modena,estado_historico,,,,,332,332,MDN,351.0,,1842-01-01,1860-03-15,1816-01-01,1861-03-16,,,,,1452-05,0.0,1.0,,,,Europa Occidental y Norteamérica,,Europa Occidental y Norteamérica,,,,,,,,,,,1789.0,1859.0,SRC_VDEM,SRC_MLEDOZE;SRC_VDEM;SRC_COW_STATES;SRC_GW_STATES;SRC_ICOW_COL;SRC_RUGGED
MDV,Maldivas,República de las Maldivas,Maldives,estado_soberano_miembro_ONU,,MV,MDV,462,781,781,MDV,88.0,si,1965-07-26,2016-12-31,1965-05-26,2017-12-31,,,GBR,GBR,1965-07,0.0,2.0,Malé,3.25,73.0,Asia,Southern Asia,Asia y Pacífico,300.0,no,,0.0,0.012,0.0,MVR,Maldivian,,,1900.0,2025.0,SRC_MLEDOZE,SRC_MLEDOZE;SRC_VDEM;SRC_COW_STATES;SRC_GW_STATES;SRC_ICOW_COL;SRC_RUGGED
MEX,México,Estados Unidos Mexicanos,Mexico,estado_soberano_miembro_ONU,,MX,MEX,484,70,70,MEX,3.0,si,1831-01-01,2016-12-31,1821-07-01,2017-12-31,,,ESP,ESP,1821-09,1.0,2.0,Mexico City,23.0,-102.0,Americas,North America,América Latina y el Caribe,1964375.0,no,BLZ;GTM;USA,3.0,1.732,3.4719669818878174,MXN,Spanish,,,1789.0,2025.0,SRC_MLEDOZE,SRC_MLEDOZE;SRC_VDEM;SRC_COW_STATES;SRC_GW_STATES;SRC_ICOW_COL;SRC_RUGGED
MHL,Islas Marshall,República de las Islas Marshall,Marshall Islands,estado_soberano_miembro_ONU,,MH,MHL,584,983,,,,si,1991-09-17,2016-12-31,,,,,USA,USA,1986-10,0.0,2.0,Majuro,9.0,168.0,Oceania,Micronesia,,181.0,no,,0.0,0.014,0.0,USD,English;Marshallese,,,,,SRC_MLEDOZE,SRC_MLEDOZE;SRC_VDEM;SRC_COW_STATES;SRC_GW_STATES;SRC_ICOW_COL;SRC_RUGGED
MKD,Macedonia del Norte,República de Macedonia del Norte,North Macedonia,estado_soberano_miembro_ONU,,MK,MKD,807,343,343,MKD,176.0,si,1993-04-08,2016-12-31,1991-11-20,2017-12-31,,,TUR,SRB,1991-09,0.0,3.0,Skopje,41.83333333,22.0,Europe,Southeast Europe,Europa del Este y Asia Central,25713.0,si,ALB;BGR;GRC;XKX;SRB,5.0,2.665,2.2372000217437744,MKD,Macedonian,,,1991.0,2025.0,SRC_MLEDOZE,SRC_MLEDOZE;SRC_VDEM;SRC_COW_STATES;SRC_GW_STATES;SRC_ICOW_COL;SRC_RUGGED
MLI,Mali,República de Malí,Mali,estado_soberano_miembro_ONU,,ML,MLI,466,432,432,MLI,28.0,si,1960-06-20,2016-12-31,1960-09-22,2017-12-31,,,FRA,FRA,1960-09,0.0,2.0,Bamako,17.0,-4.0,Africa,Western Africa,África Subsahariana,1240192.0,si,DZA;BFA;GIN;CIV;MRT;NER;SEN,7.0,0.147,0.33647221326828003,XOF,French,,,1900.0,2025.0,SRC_MLEDOZE,SRC_MLEDOZE;SRC_VDEM;SRC_COW_STATES;SRC_GW_STATES;SRC_ICOW_COL;SRC_RUGGED
MLT,Malta,República de Malta,Malta,estado_soberano_miembro_ONU,,MT,MLT,470,338,338,MLT,178.0,si,1964-09-21,2016-12-31,1964-09-21,2017-12-31,,,GBR,GBR,1964-09,0.0,2.0,Valletta,35.83333333,14.58333333,Europe,Southern Europe,Europa Occidental y Norteamérica,316.0,no,,0.0,1.527,0.0,EUR,English;Maltese,,,1900.0,2025.0,SRC_MLEDOZE,SRC_MLEDOZE;SRC_VDEM;SRC_COW_STATES;SRC_GW_STATES;SRC_ICOW_COL;SRC_RUGGED
MMR,Myanmar,República de la Unión de Myanmar,Myanmar,estado_soberano_miembro_ONU,,MM,MMR,104,775,775,MMR,10.0,si,1948-01-04,2016-12-31,1816-01-01,2017-12-31,,,GBR,GBR,1948-01,0.0,2.0,Naypyidaw,22.0,98.0,Asia,South-Eastern Asia,Asia y Pacífico,676578.0,no,BGD;CHN;IND;LAO;THA,5.0,1.988,3.600048065185547,MMK,Burmese,,,1789.0,2025.0,SRC_MLEDOZE,SRC_MLEDOZE;SRC_VDEM;SRC_COW_STATES;SRC_GW_STATES;SRC_ICOW_COL;SRC_RUGGED
MNE,Montenegro,Montenegro,Montenegro,estado_soberano_miembro_ONU,,ME,MNE,499,341,341,MNE,183.0,si,2006-06-12,2016-12-31,1868-01-01,2017-12-31,,,TUR,SRB,2006-06,0.0,3.0,Podgorica,42.5,19.3,Europe,Southeast Europe,Europa del Este y Asia Central,13812.0,no,ALB;BIH;HRV;XKX;SRB,5.0,,,EUR,Montenegrin,,,1789.0,2025.0,SRC_MLEDOZE,SRC_MLEDOZE;SRC_VDEM;SRC_COW_STATES;SRC_GW_STATES;SRC_ICOW_COL;SRC_RUGGED
MNG,Mongolia,Mongolia,Mongolia,estado_soberano_miembro_ONU,,MN,MNG,496,712,712,MNG,89.0,si,1921-03-13,2016-12-31,1921-03-13,2017-12-31,,,CHN,CHN,1921-08,1.0,3.0,Ulan Bator,46.0,105.0,Asia,Eastern Asia,Europa del Este y Asia Central,1564110.0,si,CHN;RUS,2.0,1.057,3.618993043899536,MNT,Mongolian,,,1911.0,2025.0,SRC_MLEDOZE,SRC_MLEDOZE;SRC_VDEM;SRC_COW_STATES;SRC_GW_STATES;SRC_ICOW_COL;SRC_RUGGED
MNP,Islas Marianas del Norte,Mancomunidad de las Islas Marianas del Norte,Northern Mariana Islands,territorio_dependiente_o_especial,,MP,MNP,580,,,,,no,,,,,,,,,,,,Saipan,15.2,145.75,Oceania,Micronesia,,464.0,no,,0.0,,,USD,Carolinian;Chamorro;English,,,,,SRC_MLEDOZE,SRC_MLEDOZE;SRC_VDEM;SRC_COW_STATES;SRC_GW_STATES;SRC_ICOW_COL;SRC_RUGGED
MOZ,Mozambique,República de Mozambique,Mozambique,estado_soberano_miembro_ONU,,MZ,MOZ,508,541,541,MOZ,57.0,si,1975-06-25,2016-12-31,1975-06-25,2017-12-31,,,PRT,PRT,1975-06,1.0,2.0,Maputo,-18.25,35.0,Africa,Eastern Africa,África Subsahariana,801590.0,no,MWI;ZAF;SWZ;TZA;ZMB;ZWE,6.0,0.612,1.2237759828567505,MZN,Portuguese,,,1900.0,2025.0,SRC_MLEDOZE,SRC_MLEDOZE;SRC_VDEM;SRC_COW_STATES;SRC_GW_STATES;SRC_ICOW_COL;SRC_RUGGED
MRT,Mauritania,República Islámica de Mauritania,Mauritania,estado_soberano_miembro_ONU,,MR,MRT,478,435,435,MRT,65.0,si,1960-11-28,2016-12-31,1960-11-28,2017-12-31,,,FRA,FRA,1960-11,0.0,2.0,Nouakchott,20.0,-12.0,Africa,Western Africa,África Subsahariana,1030700.0,no,DZA;MLI;SEN;ESH,4.0,0.115,0.0,MRU,Arabic,,,1904.0,2025.0,SRC_MLEDOZE,SRC_MLEDOZE;SRC_VDEM;SRC_COW_STATES;SRC_GW_STATES;SRC_ICOW_COL;SRC_RUGGED
MSR,Montserrat,Montserrat,Montserrat,territorio_dependiente_o_especial,,MS,MSR,500,,,,,no,,,,,,,,,,,,Plymouth,16.75,-62.2,Americas,Caribbean,,102.0,no,,0.0,,,XCD,English,,,,,SRC_MLEDOZE,SRC_MLEDOZE;SRC_VDEM;SRC_COW_STATES;SRC_GW_STATES;SRC_ICOW_COL;SRC_RUGGED
MTQ,Martinica,Martinica,Martinique,territorio_dependiente_o_especial,,MQ,MTQ,474,,,,,no,,,,,,,,,,,,Fort-de-France,14.666667,-61.0,Americas,Caribbean,,1128.0,no,,0.0,,,EUR,French,,,,,SRC_MLEDOZE,SRC_MLEDOZE;SRC_VDEM;SRC_COW_STATES;SRC_GW_STATES;SRC_ICOW_COL;SRC_RUGGED
MUS,Mauricio,República de Mauricio,Mauritius,estado_soberano_miembro_ONU,,MU,MUS,480,590,590,MUS,180.0,si,1968-03-12,2016-12-31,1968-03-12,2017-12-31,,,FRA,GBR,1968-03,0.0,2.0,Port Louis,-20.28333333,57.55,Africa,Eastern Africa,África Subsahariana,2040.0,no,,0.0,0.949,0.0,MUR,English;French;Mauritian Creole,,,1900.0,2025.0,SRC_MLEDOZE,SRC_MLEDOZE;SRC_VDEM;SRC_COW_STATES;SRC_GW_STATES;SRC_ICOW_COL;SRC_RUGGED
MWI,Malawi,República de Malawi,Malawi,estado_soberano_miembro_ONU,,MW,MWI,454,553,553,MWI,87.0,si,1964-07-06,2016-12-31,1964-07-06,2017-12-31,,,GBR,GBR,1964-07,0.0,2.0,Lilongwe,-13.5,34.0,Africa,Eastern Africa,África Subsahariana,118484.0,si,MOZ;TZA;ZMB,3.0,1.027,2.282382011413574,MWK,English;Chewa,,,1900.0,2025.0,SRC_MLEDOZE,SRC_MLEDOZE;SRC_VDEM;SRC_COW_STATES;SRC_GW_STATES;SRC_ICOW_COL;SRC_RUGGED
MYS,Malasia,Malasia,Malaysia,estado_soberano_miembro_ONU,,MY,MYS,458,820,820,MYS,177.0,si,1957-08-31,2016-12-31,1957-08-31,2017-12-31,,,GBR,GBR,1957-08,0.0,2.0,Kuala Lumpur,2.5,112.5,Asia,South-Eastern Asia,Asia y Pacífico,330803.0,no,BRN;IDN;THA,3.0,1.009,2.7536609172821045,MYR,English;Malay,,,1900.0,2025.0,SRC_MLEDOZE,SRC_MLEDOZE;SRC_VDEM;SRC_COW_STATES;SRC_GW_STATES;SRC_ICOW_COL;SRC_RUGGED
MYT,Mayotte,Departamento de Mayotte,Mayotte,territorio_dependiente_o_especial,,YT,MYT,175,,,,,no,,,,,,,,,,,,Mamoudzou,-12.83333333,45.16666666,Africa,Eastern Africa,,374.0,no,,0.0,,,EUR,French,,,,,SRC_MLEDOZE,SRC_MLEDOZE;SRC_VDEM;SRC_COW_STATES;SRC_GW_STATES;SRC_ICOW_COL;SRC_RUGGED
NAM,Namibia,República de Namibia,Namibia,estado_soberano_miembro_ONU,,NA,NAM,516,565,565,NAM,127.0,si,1990-03-21,2016-12-31,1990-03-21,2017-12-31,,,GBR,ZAF,1990-03,1.0,2.0,Windhoek,-22.0,17.0,Africa,Southern Africa,África Subsahariana,825615.0,no,AGO;BWA;ZAF;ZMB,4.0,0.913,2.4765379428863525,NAD;ZAR,Afrikaans;German;English;Herero;Khoekhoe;Kwangali;Lozi;Ndonga;Tswana,,,1900.0,2025.0,SRC_MLEDOZE,SRC_MLEDOZE;SRC_VDEM;SRC_COW_STATES;SRC_GW_STATES;SRC_ICOW_COL;SRC_RUGGED
NCL,Nueva Caledonia,nueva Caledonia,New Caledonia,territorio_dependiente_o_especial,,NC,NCL,540,,,,,no,,,,,,,,,,,,Nouméa,-21.5,165.5,Oceania,Melanesia,,18575.0,no,,0.0,,,XPF,French,,,,,SRC_MLEDOZE,SRC_MLEDOZE;SRC_VDEM;SRC_COW_STATES;SRC_GW_STATES;SRC_ICOW_COL;SRC_RUGGED
NER,Níger,República de Níger,Niger,estado_soberano_miembro_ONU,,NE,NER,562,436,436,NER,60.0,si,1960-10-03,2016-12-31,1960-08-03,2017-12-31,,,FRA,FRA,1960-08,0.0,2.0,Niamey,16.0,8.0,Africa,Western Africa,África Subsahariana,1267000.0,si,DZA;BEN;BFA;TCD;LBY;MLI;NGA,7.0,0.178,1.1314020156860352,XOF,French,,,1922.0,2025.0,SRC_MLEDOZE,SRC_MLEDOZE;SRC_VDEM;SRC_COW_STATES;SRC_GW_STATES;SRC_ICOW_COL;SRC_RUGGED
NFK,Isla de Norfolk,Territorio de la Isla Norfolk,Norfolk Island,territorio_dependiente_o_especial,,NF,NFK,574,,,,,no,,,,,,,,,,,,Kingston,-29.03333333,167.95,Oceania,Australia and New Zealand,,36.0,no,,0.0,,,AUD,English;Norfuk,,,,,SRC_MLEDOZE,SRC_MLEDOZE;SRC_VDEM;SRC_COW_STATES;SRC_GW_STATES;SRC_ICOW_COL;SRC_RUGGED
NGA,Nigeria,República Federal de Nigeria,Nigeria,estado_soberano_miembro_ONU,,NG,NGA,566,475,475,NGA,45.0,si,1960-10-01,2016-12-31,1960-10-01,2017-12-31,,,GBR,GBR,1960-10,0.0,2.0,Abuja,10.0,8.0,Africa,Western Africa,África Subsahariana,923768.0,no,BEN;CMR;TCD;NER,4.0,0.312,1.2237759828567505,NGN,English,,,1914.0,2025.0,SRC_MLEDOZE,SRC_MLEDOZE;SRC_VDEM;SRC_COW_STATES;SRC_GW_STATES;SRC_ICOW_COL;SRC_RUGGED
NIC,Nicaragua,República de Nicaragua,Nicaragua,estado_soberano_miembro_ONU,,NI,NIC,558,93,93,NIC,59.0,si,1900-01-01,2016-12-31,1840-01-01,2017-12-31,,,ESP,,1838-04,1.0,3.0,Managua,13.0,-85.0,Americas,Central America,América Latina y el Caribe,130373.0,no,CRI;HND,2.0,0.992,2.332144021987915,NIO,Spanish,,,1838.0,2025.0,SRC_MLEDOZE,SRC_MLEDOZE;SRC_VDEM;SRC_COW_STATES;SRC_GW_STATES;SRC_ICOW_COL;SRC_RUGGED
NIU,Niue,Niue,Niue,territorio_dependiente_o_especial,,NU,NIU,570,,,,,no,,,,,,,,,,,,Alofi,-19.03333333,-169.86666666,Oceania,Polynesia,,260.0,no,,0.0,,,NZD,English;Niuean,,,,,SRC_MLEDOZE,SRC_MLEDOZE;SRC_VDEM;SRC_COW_STATES;SRC_GW_STATES;SRC_ICOW_COL;SRC_RUGGED
NLD,Países Bajos,Países Bajos,Netherlands,estado_soberano_miembro_ONU,,NL,NLD,528,210,210,NLD,91.0,si,1816-01-01,2016-12-31,1816-01-01,2017-12-31,,,,ESP,1581-07,1.0,2.0,Amsterdam,52.5,5.75,Europe,Western Europe,Europa Occidental y Norteamérica,41850.0,no,BEL;DEU,2.0,0.037,0.0,EUR,Dutch,,,1789.0,2025.0,SRC_MLEDOZE,SRC_MLEDOZE;SRC_VDEM;SRC_COW_STATES;SRC_GW_STATES;SRC_ICOW_COL;SRC_RUGGED
NOR,Noruega,Reino de Noruega,Norway,estado_soberano_miembro_ONU,,NO,NOR,578,385,385,NOR,186.0,si,1905-06-07,2016-12-31,1905-08-26,2017-12-31,,,,SWE,1905-06,0.0,3.0,Oslo,62.0,10.0,Europe,Northern Europe,Europa Occidental y Norteamérica,323802.0,no,FIN;SWE;RUS,3.0,2.409,3.414443016052246,NOK,Norwegian Nynorsk;Norwegian Bokmål;Sami,,,1789.0,2025.0,SRC_MLEDOZE,SRC_MLEDOZE;SRC_VDEM;SRC_COW_STATES;SRC_GW_STATES;SRC_ICOW_COL;SRC_RUGGED
NPL,Nepal,República Democrática Federal de Nepal,Nepal,estado_soberano_miembro_ONU,,NP,NPL,524,790,790,NPL,58.0,si,1920-01-01,2016-12-31,1816-01-01,2017-12-31,,,,,1768-09,1.0,1.0,Kathmandu,28.0,84.0,Asia,Southern Asia,Asia y Pacífico,147181.0,si,CHN;IND,2.0,5.043,4.313479900360107,NPR,Nepali,,,1789.0,2025.0,SRC_MLEDOZE,SRC_MLEDOZE;SRC_VDEM;SRC_COW_STATES;SRC_GW_STATES;SRC_ICOW_COL;SRC_RUGGED
NRU,Nauru,República de Nauru,Nauru,estado_soberano_miembro_ONU,,NR,NRU,520,970,,,,si,1999-09-14,2016-12-31,,,,,AUS,AUS,1968-01,0.0,2.0,Yaren,-0.53333333,166.91666666,Oceania,Micronesia,,21.0,no,,0.0,0.311,0.0,AUD,English;Nauru,,,,,SRC_MLEDOZE,SRC_MLEDOZE;SRC_VDEM;SRC_COW_STATES;SRC_GW_STATES;SRC_ICOW_COL;SRC_RUGGED
NSS,Nassau,,Nassau,estado_historico,,,,,,,NSS,366.0,,,,,,,,,,,,,,,,Europa Occidental y Norteamérica,,Europa Occidental y Norteamérica,,,,,,,,,,,1806.0,1866.0,SRC_VDEM,SRC_MLEDOZE;SRC_VDEM;SRC_COW_STATES;SRC_GW_STATES;SRC_ICOW_COL;SRC_RUGGED
NZL,Nueva Zelanda,nueva Zelanda,New Zealand,estado_soberano_miembro_ONU,,NZ,NZL,554,920,920,NZL,185.0,si,1920-01-10,2016-12-31,1907-09-01,2017-12-31,,,GBR,GBR,1907-09,0.0,1.0,Wellington,-41.0,174.0,Oceania,Australia and New Zealand,Europa Occidental y Norteamérica,270467.0,no,,0.0,2.038,3.3775880336761475,NZD,English;Māori;New Zealand Sign Language,,,1841.0,2025.0,SRC_MLEDOZE,SRC_MLEDOZE;SRC_VDEM;SRC_COW_STATES;SRC_GW_STATES;SRC_ICOW_COL;SRC_RUGGED
OLD,Oldemburgo,,Oldenburg,estado_historico,,,,,,,OLD,364.0,,,,,,,,,,,,,,,,Europa Occidental y Norteamérica,,Europa Occidental y Norteamérica,,,,,,,,,,,1789.0,1867.0,SRC_VDEM,SRC_MLEDOZE;SRC_VDEM;SRC_COW_STATES;SRC_GW_STATES;SRC_ICOW_COL;SRC_RUGGED
OMN,Omán,Sultanato de Omán,Oman,estado_soberano_miembro_ONU,,OM,OMN,512,698,698,OMN,187.0,si,1971-10-07,2016-12-31,1816-01-01,2017-12-31,,,PRT,TUR,1741-01,1.0,2.0,Muscat,21.0,57.0,Asia,Western Asia,Oriente Medio y Norte de África,309500.0,no,SAU;ARE;YEM,3.0,1.109,1.335000991821289,OMR,Arabic,,,1789.0,2025.0,SRC_MLEDOZE,SRC_MLEDOZE;SRC_VDEM;SRC_COW_STATES;SRC_GW_STATES;SRC_ICOW_COL;SRC_RUGGED
PAK,Pakistán,República Islámica de Pakistán,Pakistan,estado_soberano_miembro_ONU,Incluye Pakistán Oriental hasta 1971.,PK,PAK,586,770,770,PAK,29.0,si,1947-08-14,2016-12-31,1947-08-14,2017-12-31,,,GBR,GBR,1947-08,0.0,2.0,Islamabad,30.0,70.0,Asia,Southern Asia,Asia y Pacífico,881912.0,no,AFG;CHN;IND;IRN,4.0,1.949,3.7841899394989014,PKR,English;Urdu,,,1947.0,2025.0,SRC_MLEDOZE,SRC_MLEDOZE;SRC_VDEM;SRC_COW_STATES;SRC_GW_STATES;SRC_ICOW_COL;SRC_RUGGED
PAN,Panamá,República de Panamá,Panama,estado_soberano_miembro_ONU,,PA,PAN,591,95,95,PAN,92.0,si,1903-11-03,2016-12-31,1903-11-03,2017-12-31,,,ESP,COL,1903-11,1.0,3.0,Panama City,9.0,-80.0,Americas,Central America,América Latina y el Caribe,75417.0,no,COL;CRI,2.0,1.54,2.5649490356445312,PAB;USD,Spanish,,,1903.0,2025.0,SRC_MLEDOZE,SRC_MLEDOZE;SRC_VDEM;SRC_COW_STATES;SRC_GW_STATES;SRC_ICOW_COL;SRC_RUGGED
PCN,Islas Pitcairn,Grupo de Islas Pitcairn,Pitcairn Islands,territorio_dependiente_o_especial,,PN,PCN,612,,,,,no,,,,,,,,,,,,Adamstown,-25.06666666,-130.1,Oceania,Polynesia,,47.0,no,,0.0,,,NZD,English,,,,,SRC_MLEDOZE,SRC_MLEDOZE;SRC_VDEM;SRC_COW_STATES;SRC_GW_STATES;SRC_ICOW_COL;SRC_RUGGED
PER,Perú,República de Perú,Peru,estado_soberano_miembro_ONU,,PE,PER,604,135,135,PER,30.0,si,1839-01-01,2016-12-31,1824-12-09,2017-12-31,,,ESP,ESP,1824-12,1.0,2.0,Lima,-10.0,-76.0,Americas,South America,América Latina y el Caribe,1285216.0,no,BOL;BRA;CHL;COL;ECU,5.0,1.347,3.8836240768432617,PEN,Aymara;Quechua;Spanish,,,1789.0,2025.0,SRC_MLEDOZE,SRC_MLEDOZE;SRC_VDEM;SRC_COW_STATES;SRC_GW_STATES;SRC_ICOW_COL;SRC_RUGGED
PHL,Filipinas,República de las Filipinas,Philippines,estado_soberano_miembro_ONU,,PH,PHL,608,840,840,PHL,46.0,si,1946-07-04,2016-12-31,1946-07-04,2017-12-31,,,ESP,USA,1946-07,0.0,2.0,Manila,13.0,122.0,Asia,South-Eastern Asia,Asia y Pacífico,342353.0,no,,0.0,2.028,3.1045870780944824,PHP,English;Filipino,,,1900.0,2025.0,SRC_MLEDOZE,SRC_MLEDOZE;SRC_VDEM;SRC_COW_STATES;SRC_GW_STATES;SRC_ICOW_COL;SRC_RUGGED
PLW,Palau,República de Palau,Palau,estado_soberano_miembro_ONU,,PW,PLW,585,986,,,,si,1994-12-15,2016-12-31,,,,,USA,USA,1994-10,0.0,2.0,Ngerulmud,7.5,134.5,Oceania,Micronesia,,459.0,no,,0.0,0.475,0.0,USD,English;Palauan,,,,,SRC_MLEDOZE,SRC_MLEDOZE;SRC_VDEM;SRC_COW_STATES;SRC_GW_STATES;SRC_ICOW_COL;SRC_RUGGED
PNG,Papúa Nueva Guinea,Estado Independiente de Papúa Nueva Guinea,Papua New Guinea,estado_soberano_miembro_ONU,,PG,PNG,598,910,910,PNG,93.0,si,1975-09-16,2016-12-31,1975-09-16,2017-12-31,,,GBR,AUS,1975-09,0.0,2.0,Port Moresby,-6.0,147.0,Oceania,Melanesia,Asia y Pacífico,462840.0,no,IDN,1.0,1.589,3.600048065185547,PGK,English;Hiri Motu;Tok Pisin,,,1900.0,2025.0,SRC_MLEDOZE,SRC_MLEDOZE;SRC_VDEM;SRC_COW_STATES;SRC_GW_STATES;SRC_ICOW_COL;SRC_RUGGED
POL,Polonia,República de Polonia,Poland,estado_soberano_miembro_ONU,,PL,POL,616,290,290,POL,17.0,si,1918-11-03,2016-12-31,1918-11-11,2017-12-31,,,DEU,RUS,1918-11,1.0,3.0,Warsaw,52.0,20.0,Europe,Central Europe,Europa del Este y Asia Central,312679.0,no,BLR;CZE;DEU;LTU;RUS;SVK;UKR,7.0,0.297,0.5877866744995117,PLN,Polish,,,1789.0,2025.0,SRC_MLEDOZE,SRC_MLEDOZE;SRC_VDEM;SRC_COW_STATES;SRC_GW_STATES;SRC_ICOW_COL;SRC_RUGGED
PPS,Estados Pontificios,,Papal States,estado_historico,,,,,327,327,PPS,361.0,,1816-01-01,1860-11-05,1816-01-01,1870-09-22,,,,,1503-01,1.0,1.0,,,,Europa Occidental y Norteamérica,,Europa Occidental y Norteamérica,,,,,0.438,,,,,,1789.0,1870.0,SRC_VDEM,SRC_MLEDOZE;SRC_VDEM;SRC_COW_STATES;SRC_GW_STATES;SRC_ICOW_COL;SRC_RUGGED
PRI,Puerto Rico,Asociado de Puerto Rico,Puerto Rico,territorio_dependiente_o_especial,,PR,PRI,630,,,,,no,,,,,,,,,,,,San Juan,18.25,-66.5,Americas,Caribbean,,8870.0,no,,0.0,,,USD,English;Spanish,,,,,SRC_MLEDOZE,SRC_MLEDOZE;SRC_VDEM;SRC_COW_STATES;SRC_GW_STATES;SRC_ICOW_COL;SRC_RUGGED
PRK,Corea del Norte,República Popular Democrática de Corea,North Korea,estado_soberano_miembro_ONU,,KP,PRK,408,731,731,PRK,41.0,si,1948-09-09,2016-12-31,1948-09-09,2017-12-31,,,JPN,KOR,1948-09,1.0,4.0,Pyongyang,40.0,127.0,Asia,Eastern Asia,Asia y Pacífico,120538.0,no,CHN;KOR;RUS,3.0,2.521,2.2645699977874756,KPW,Korean,,,1945.0,2025.0,SRC_MLEDOZE,SRC_MLEDOZE;SRC_VDEM;SRC_COW_STATES;SRC_GW_STATES;SRC_ICOW_COL;SRC_RUGGED
PRM,Parma,,Parma,estado_historico,,,,,335,335,PRM,352.0,,1851-01-01,1860-03-15,1816-01-01,1861-03-16,,,,,1545-09,0.0,1.0,,,,Europa Occidental y Norteamérica,,Europa Occidental y Norteamérica,,,,,,,,,,,1789.0,1859.0,SRC_VDEM,SRC_MLEDOZE;SRC_VDEM;SRC_COW_STATES;SRC_GW_STATES;SRC_ICOW_COL;SRC_RUGGED
PRT,Portugal,República Portuguesa,Portugal,estado_soberano_miembro_ONU,,PT,PRT,620,235,235,PRT,21.0,si,1816-01-01,2016-12-31,1816-01-01,2017-12-31,,,,,1139-07,0.0,1.0,Lisbon,39.5,-8.0,Europe,Southern Europe,Europa Occidental y Norteamérica,92090.0,no,ESP,1.0,1.304,1.9169230461120605,EUR,Portuguese,,,1789.0,2025.0,SRC_MLEDOZE,SRC_MLEDOZE;SRC_VDEM;SRC_COW_STATES;SRC_GW_STATES;SRC_ICOW_COL;SRC_RUGGED
PRY,Paraguay,República de Paraguay,Paraguay,estado_soberano_miembro_ONU,,PY,PRY,600,150,150,PRY,189.0,si,1846-01-01,2016-12-31,1816-01-01,2017-12-31,,,ESP,ESP,1811-05,1.0,2.0,Asunción,-23.0,-58.0,Americas,South America,América Latina y el Caribe,406752.0,si,ARG;BOL;BRA,3.0,0.245,0.7419372797012329,PYG,Guaraní;Spanish,,,1811.0,2025.0,SRC_MLEDOZE,SRC_MLEDOZE;SRC_VDEM;SRC_COW_STATES;SRC_GW_STATES;SRC_ICOW_COL;SRC_RUGGED
PSB,Palestina/Mandato británico,,Palestine/British Mandate,estado_historico,,,,,,,PSB,209.0,,,,,,,,,,,,,,,,Oriente Medio y Norte de África,,Oriente Medio y Norte de África,,,,,,,,,,,1918.0,1948.0,SRC_VDEM,SRC_MLEDOZE;SRC_VDEM;SRC_COW_STATES;SRC_GW_STATES;SRC_ICOW_COL;SRC_RUGGED
PSE,Palestina,Estado de Palestina,Palestine,estado_reconocimiento_limitado,,PS,PSE,275,,,PSE,128.0,no,,,,,,,,,,,,Ramallah,31.9,35.2,Asia,Western Asia,Oriente Medio y Norte de África,6220.0,no,ISR;EGY;JOR,3.0,,,EGP;ILS;JOD,Arabic,,,1948.0,2025.0,SRC_MLEDOZE,SRC_MLEDOZE;SRC_VDEM;SRC_COW_STATES;SRC_GW_STATES;SRC_ICOW_COL;SRC_RUGGED
PSG,Palestina/Gaza,,Palestine/Gaza,entidad_autonoma_o_no_reconocida,,,,,,,PSG,138.0,,,,,,,,,,,,,,,,Oriente Medio y Norte de África,,Oriente Medio y Norte de África,,,,,,,,,,,1948.0,2025.0,SRC_VDEM,SRC_MLEDOZE;SRC_VDEM;SRC_COW_STATES;SRC_GW_STATES;SRC_ICOW_COL;SRC_RUGGED
PYF,Polinesia Francesa,Polinesia francés,French Polynesia,territorio_dependiente_o_especial,,PF,PYF,258,,,,,no,,,,,,,,,,,,Papeetē,-15.0,-140.0,Oceania,Polynesia,,4167.0,no,,0.0,,,XPF,French,,,,,SRC_MLEDOZE,SRC_MLEDOZE;SRC_VDEM;SRC_COW_STATES;SRC_GW_STATES;SRC_ICOW_COL;SRC_RUGGED
QAT,Catar,Estado de Qatar,Qatar,estado_soberano_miembro_ONU,,QA,QAT,634,694,694,QAT,94.0,si,1971-09-03,2016-12-31,1971-09-03,2017-12-31,,,GBR,GBR,1971-09,0.0,2.0,Doha,25.5,51.25,Asia,Western Asia,Oriente Medio y Norte de África,11586.0,no,SAU,1.0,0.181,0.0,QAR,Arabic,,,1900.0,2025.0,SRC_MLEDOZE,SRC_MLEDOZE;SRC_VDEM;SRC_COW_STATES;SRC_GW_STATES;SRC_ICOW_COL;SRC_RUGGED
REU,Reunión,Isla de la Reunión,Réunion,territorio_dependiente_o_especial,,RE,REU,638,,,,,no,,,,,,,,,,,,Saint-Denis,-21.15,55.5,Africa,Eastern Africa,,2511.0,no,,0.0,,,EUR,French,,,,,SRC_MLEDOZE,SRC_MLEDOZE;SRC_VDEM;SRC_COW_STATES;SRC_GW_STATES;SRC_ICOW_COL;SRC_RUGGED
ROU,Rumania,Rumania,Romania,estado_soberano_miembro_ONU,,RO,ROU,642,360,360,ROU,190.0,si,1878-07-13,2016-12-31,1878-07-13,2017-12-31,,,TUR,TUR,1878-07,1.0,2.0,Bucharest,46.0,25.0,Europe,Southeast Europe,Europa del Este y Asia Central,238391.0,no,BGR;HUN;MDA;SRB;UKR,5.0,1.267,2.8903720378875732,RON,Romanian,,,1789.0,2025.0,SRC_MLEDOZE,SRC_MLEDOZE;SRC_VDEM;SRC_COW_STATES;SRC_GW_STATES;SRC_ICOW_COL;SRC_RUGGED
RUS,Rusia,Federación de Rusia,Russia,estado_soberano_miembro_ONU,"Incluye la URSS (1922-1991) como continuidad (COW 365, V-Dem RUS).",RU,RUS,643,365,365,RUS,11.0,si,1816-01-01,2016-12-31,1816-01-01,2017-12-31,,,,,1457-01,1.0,1.0,Moscow,60.0,100.0,Europe,Eastern Europe,Europa del Este y Asia Central,17098242.0,no,AZE;BLR;CHN;EST;FIN;GEO;KAZ;PRK;LVA;LTU;MNG;NOR;POL;UKR,14.0,0.94,2.721295118331909,RUB,Russian,1816-1917;1922-2016,regional 1816-1917;regional 1991-2019,1789.0,2025.0,SRC_MLEDOZE,SRC_MLEDOZE;SRC_VDEM;SRC_COW_STATES;SRC_GW_STATES;SRC_ICOW_COL;SRC_RUGGED
RWA,Ruanda,República de Rwanda,Rwanda,estado_soberano_miembro_ONU,,RW,RWA,646,517,517,RWA,129.0,si,1962-07-01,2016-12-31,1962-01-07,2017-12-31,,,BEL,BEL,1962-07,1.0,2.0,Kigali,-2.0,30.0,Africa,Eastern Africa,África Subsahariana,26338.0,si,BDI;COD;TZA;UGA,4.0,3.309,4.309455871582031,RWF,English;French;Kinyarwanda,,,1916.0,2025.0,SRC_MLEDOZE,SRC_MLEDOZE;SRC_VDEM;SRC_COW_STATES;SRC_GW_STATES;SRC_ICOW_COL;SRC_RUGGED
SAU,Arabia Saudí,Reino de Arabia Saudita,Saudi Arabia,estado_soberano_miembro_ONU,,SA,SAU,682,670,670,SAU,197.0,si,1927-05-20,2016-12-31,1932-09-23,2017-12-31,,,TUR,,1926-01,1.0,1.0,Riyadh,25.0,45.0,Asia,Western Asia,Oriente Medio y Norte de África,2149690.0,no,IRQ;JOR;KWT;OMN;QAT;ARE;YEM,7.0,0.914,2.525728940963745,SAR,Arabic,,,1789.0,2025.0,SRC_MLEDOZE,SRC_MLEDOZE;SRC_VDEM;SRC_COW_STATES;SRC_GW_STATES;SRC_ICOW_COL;SRC_RUGGED
SAX,Sajonia,,Saxe-Weimar-Eisenach,estado_historico,,,,,,,SAX,365.0,,,,,,,,,,,,,,,,Europa Occidental y Norteamérica,,Europa Occidental y Norteamérica,,,,,,,,,,,1809.0,1867.0,SRC_VDEM,SRC_MLEDOZE;SRC_VDEM;SRC_COW_STATES;SRC_GW_STATES;SRC_ICOW_COL;SRC_RUGGED
SDN,Sudán,República de Sudán,Sudan,estado_soberano_miembro_ONU,Incluye Sudán del Sur hasta 2011.,SD,SDN,729,625,625,SDN,33.0,si,1956-01-01,2016-12-31,1956-01-01,2017-12-31,,,GBR,GBR,1956-01,0.0,2.0,Khartoum,15.0,30.0,Africa,Northern Africa,África Subsahariana,1886068.0,no,CAF;TCD;EGY;ERI;ETH;LBY;SSD,7.0,0.442,2.0149030685424805,SDG,Arabic;English,,,1900.0,2025.0,SRC_MLEDOZE,SRC_MLEDOZE;SRC_VDEM;SRC_COW_STATES;SRC_GW_STATES;SRC_ICOW_COL;SRC_RUGGED
SEN,Senegal,República de Senegal,Senegal,estado_soberano_miembro_ONU,,SN,SEN,686,433,433,SEN,31.0,si,1960-08-20,2016-12-31,1960-04-04,2017-12-31,,,FRA,MLI,1960-08,0.0,2.0,Dakar,14.0,-14.0,Africa,Western Africa,África Subsahariana,196722.0,no,GMB;GIN;GNB;MLI;MRT,5.0,0.244,0.0,XOF,French,,,1904.0,2025.0,SRC_MLEDOZE,SRC_MLEDOZE;SRC_VDEM;SRC_COW_STATES;SRC_GW_STATES;SRC_ICOW_COL;SRC_RUGGED
SGP,Singapur,República de Singapur,Singapore,estado_soberano_miembro_ONU,,SG,SGP,702,830,830,SGP,200.0,si,1965-08-09,2016-12-31,1965-08-09,2017-12-31,,,GBR,MYS,1965-08,0.0,3.0,Singapore,1.36666666,103.8,Asia,South-Eastern Asia,Asia y Pacífico,710.0,no,,0.0,0.016,0.0,SGD,English;Malay;Tamil;Chinese,,,1867.0,2025.0,SRC_MLEDOZE,SRC_MLEDOZE;SRC_VDEM;SRC_COW_STATES;SRC_GW_STATES;SRC_ICOW_COL;SRC_RUGGED
SGS,Islas Georgias del Sur y Sandwich del Sur,Georgia del Sur y las Islas Sandwich del Sur,South Georgia,territorio_dependiente_o_especial,,GS,SGS,239,,,,,no,,,,,,,,,,,,King Edward Point,-54.5,-37.0,Antarctic,,,3903.0,no,,0.0,,,SHP,English,,,,,SRC_MLEDOZE,SRC_MLEDOZE;SRC_VDEM;SRC_COW_STATES;SRC_GW_STATES;SRC_ICOW_COL;SRC_RUGGED
SHN,"Santa Elena, Ascensión y Tristán de Acuña","Santa Elena, Ascensión y Tristán de Acuña","Saint Helena, Ascension and Tristan da Cunha",territorio_dependiente_o_especial,,SH,SHN,654,,,,,no,,,,,,,,,,,,Jamestown,-15.95,-5.72,Africa,Western Africa,,394.0,no,,0.0,,,GBP;SHP,English,,,,,SRC_MLEDOZE,SRC_MLEDOZE;SRC_VDEM;SRC_COW_STATES;SRC_GW_STATES;SRC_ICOW_COL;SRC_RUGGED
SJM,Islas Svalbard y Jan Mayen,Svalbard og Jan Mayen,Svalbard and Jan Mayen,territorio_dependiente_o_especial,,SJ,SJM,744,,,,,no,,,,,,,,,,,,Longyearbyen,78.0,20.0,Europe,Northern Europe,,-1.0,no,,0.0,,,NOK,Norwegian,,,,,SRC_MLEDOZE,SRC_MLEDOZE;SRC_VDEM;SRC_COW_STATES;SRC_GW_STATES;SRC_ICOW_COL;SRC_RUGGED
SKM,Sikkim,,Sikkim,estado_historico,Protectorado indio; anexionado en 1975,,,,,,,,,,,,,1947,1975-05-16,,,,,,,,,,,,,,,,,,,,,,,,CURADO,SRC_MLEDOZE;SRC_VDEM;SRC_COW_STATES;SRC_GW_STATES;SRC_ICOW_COL;SRC_RUGGED
SLB,Islas Salomón,islas Salomón,Solomon Islands,estado_soberano_miembro_ONU,,SB,SLB,090,940,940,SLB,203.0,si,1978-07-07,2016-12-31,1978-07-07,2017-12-31,,,GBR,GBR,1978-07,0.0,2.0,Honiara,-8.0,159.0,Oceania,Melanesia,Asia y Pacífico,28896.0,no,,0.0,1.54,2.115251302719116,SBD,English,,,1900.0,2025.0,SRC_MLEDOZE,SRC_MLEDOZE;SRC_VDEM;SRC_COW_STATES;SRC_GW_STATES;SRC_ICOW_COL;SRC_RUGGED
SLE,Sierra Leone,República de Sierra Leona,Sierra Leone,estado_soberano_miembro_ONU,,SL,SLE,694,451,451,SLE,95.0,si,1961-04-27,2016-12-31,1961-04-27,2017-12-31,,,GBR,GBR,1961-04,0.0,2.0,Freetown,8.5,-11.5,Africa,Western Africa,África Subsahariana,71740.0,no,GIN;LBR,2.0,0.498,0.9932518005371094,SLE,English,,,1900.0,2025.0,SRC_MLEDOZE,SRC_MLEDOZE;SRC_VDEM;SRC_COW_STATES;SRC_GW_STATES;SRC_ICOW_COL;SRC_RUGGED
SLV,El Salvador,República de El Salvador,El Salvador,estado_soberano_miembro_ONU,,SV,SLV,222,92,92,SLV,22.0,si,1875-01-01,2016-12-31,1840-01-01,2017-12-31,,,ESP,,1840-04,1.0,3.0,San Salvador,13.83333333,-88.91666666,Americas,Central America,América Latina y el Caribe,21041.0,no,GTM;HND,2.0,1.75,2.4248030185699463,USD,Spanish,,,1838.0,2025.0,SRC_MLEDOZE,SRC_MLEDOZE;SRC_VDEM;SRC_COW_STATES;SRC_GW_STATES;SRC_ICOW_COL;SRC_RUGGED
SML,Somalilandia,,Somaliland,entidad_autonoma_o_no_reconocida,,,,,,,SML,139.0,,,,,,,,,,,,,,,,África Subsahariana,,África Subsahariana,,,,,,,,,,,1900.0,2025.0,SRC_VDEM,SRC_MLEDOZE;SRC_VDEM;SRC_COW_STATES;SRC_GW_STATES;SRC_ICOW_COL;SRC_RUGGED
SMR,San Marino,Serenísima República de San Marino,San Marino,estado_soberano_miembro_ONU,,SM,SMR,674,331,,,,si,1992-03-02,2016-12-31,,,,,,,3010-01,0.0,1.0,City of San Marino,43.76666666,12.41666666,Europe,Southern Europe,,61.0,si,ITA,1.0,1.802,0.6074408888816833,EUR,Italian,,,,,SRC_MLEDOZE,SRC_MLEDOZE;SRC_VDEM;SRC_COW_STATES;SRC_GW_STATES;SRC_ICOW_COL;SRC_RUGGED
SOM,Somalia,República Federal de Somalia,Somalia,estado_soberano_miembro_ONU,,SO,SOM,706,520,520,SOM,130.0,si,1960-07-01,2016-12-31,1960-07-01,2017-12-31,,,ITA,ITA,1960-07,0.0,2.0,Mogadishu,10.0,49.0,Africa,Eastern Africa,África Subsahariana,637657.0,no,DJI;ETH;KEN,3.0,0.65,2.610069990158081,SOS,Arabic;Somali,,,1900.0,2025.0,SRC_MLEDOZE,SRC_MLEDOZE;SRC_VDEM;SRC_COW_STATES;SRC_GW_STATES;SRC_ICOW_COL;SRC_RUGGED
SPD,Piamonte-Cerdeña,,Piedmont-Sardinia,estado_historico,,,,,,,SPD,373.0,,,,,,,,,,,,,,,,Europa Occidental y Norteamérica,,Europa Occidental y Norteamérica,,,,,,,,,,,1789.0,1861.0,SRC_VDEM,SRC_MLEDOZE;SRC_VDEM;SRC_COW_STATES;SRC_GW_STATES;SRC_ICOW_COL;SRC_RUGGED
SPM,San Pedro y Miquelón,San Pedro y Miquelón,Saint Pierre and Miquelon,territorio_dependiente_o_especial,,PM,SPM,666,,,,,no,,,,,,,,,,,,Saint-Pierre,46.83333333,-56.33333333,Americas,North America,,242.0,no,,0.0,,,EUR,French,,,,,SRC_MLEDOZE,SRC_MLEDOZE;SRC_VDEM;SRC_COW_STATES;SRC_GW_STATES;SRC_ICOW_COL;SRC_RUGGED
SRB,Serbia,República de Serbia,Serbia,estado_soberano_miembro_ONU,"Incluye Serbia (1878-1918), Yugoslavia (1918-2003) y Serbia y Montenegro (2003-2006) como continuidad (COW 345).",RS,SRB,688,345,340;345,SRB,198.0,si,1878-07-13,2016-12-31,1878-07-13,2017-12-31,,,TUR,TUR,1878-07,1.0,2.0,Belgrade,44.0,21.0,Europe,Southeast Europe,Europa del Este y Asia Central,88361.0,si,BIH;BGR;HRV;HUN;XKX;MKD;MNE;ROU,8.0,,,RSD,Serbian,,,1804.0,2025.0,SRC_MLEDOZE,SRC_MLEDOZE;SRC_VDEM;SRC_COW_STATES;SRC_GW_STATES;SRC_ICOW_COL;SRC_RUGGED
SSD,Sudán del Sur,República de Sudán del Sur,South Sudan,estado_soberano_miembro_ONU,,SS,SSD,728,626,626,SSD,32.0,si,2011-07-09,2016-12-31,2011-07-09,2017-12-31,,,GBR,SDN,2011-07,1.0,3.0,Juba,7.0,30.0,Africa,Middle Africa,África Subsahariana,619745.0,si,CAF;COD;ETH;KEN;SDN;UGA,6.0,,,SSP,English,,,2011.0,2025.0,SRC_MLEDOZE,SRC_MLEDOZE;SRC_VDEM;SRC_COW_STATES;SRC_GW_STATES;SRC_ICOW_COL;SRC_RUGGED
STP,Santo Tomé y Príncipe,República Democrática de Santo Tomé y Príncipe,São Tomé and Príncipe,estado_soberano_miembro_ONU,,ST,STP,678,403,,STP,196.0,si,1975-07-12,2016-12-31,,,,,PRT,PRT,1975-07,0.0,2.0,São Tomé,1.0,7.0,Africa,Middle Africa,África Subsahariana,964.0,no,,0.0,2.347,1.9483305215835571,STN,Portuguese,,,1900.0,2025.0,SRC_MLEDOZE,SRC_MLEDOZE;SRC_VDEM;SRC_COW_STATES;SRC_GW_STATES;SRC_ICOW_COL;SRC_RUGGED
SUR,Surinam,República de Suriname,Suriname,estado_soberano_miembro_ONU,,SR,SUR,740,115,115,SUR,4.0,si,1975-11-25,2016-12-31,1975-11-25,2017-12-31,,,ESP,NLD,1975-11,0.0,2.0,Paramaribo,4.0,-56.0,Americas,South America,América Latina y el Caribe,163820.0,no,BRA;GUF;GUY,3.0,0.307,1.3213781118392944,SRD,Dutch,,,1900.0,2025.0,SRC_MLEDOZE,SRC_MLEDOZE;SRC_VDEM;SRC_COW_STATES;SRC_GW_STATES;SRC_ICOW_COL;SRC_RUGGED
SVK,Eslovaquia,República Eslovaca,Slovakia,estado_soberano_miembro_ONU,,SK,SVK,703,317,317,SVK,201.0,si,1993-01-01,2016-12-31,1993-01-01,2017-12-31,,,AUT,CZE,1993-01,0.0,4.0,Bratislava,48.66666666,19.5,Europe,Central Europe,Europa del Este y Asia Central,49037.0,si,AUT;CZE;HUN;POL;UKR,5.0,1.56,2.1390879154205322,EUR,Slovak,,,1939.0,2025.0,SRC_MLEDOZE,SRC_MLEDOZE;SRC_VDEM;SRC_COW_STATES;SRC_GW_STATES;SRC_ICOW_COL;SRC_RUGGED
SVN,Eslovenia,República de Eslovenia,Slovenia,estado_soberano_miembro_ONU,,SI,SVN,705,349,349,SVN,202.0,si,1992-01-15,2016-12-31,1992-04-27,2017-12-31,,,AUT,SRB,1991-06,1.0,3.0,Ljubljana,46.11666666,14.81666666,Europe,Central Europe,Europa del Este y Asia Central,20273.0,no,AUT;HRV;ITA;HUN,4.0,2.496,2.3423891067504883,EUR,Slovene,,,1989.0,2025.0,SRC_MLEDOZE,SRC_MLEDOZE;SRC_VDEM;SRC_COW_STATES;SRC_GW_STATES;SRC_ICOW_COL;SRC_RUGGED
SWE,Suecia,Reino de Suecia,Sweden,estado_soberano_miembro_ONU,,SE,SWE,752,380,380,SWE,5.0,si,1816-01-01,2016-12-31,1816-01-01,2017-12-31,,,,,1523-06,1.0,4.0,Stockholm,62.0,15.0,Europe,Northern Europe,Europa Occidental y Norteamérica,450295.0,no,FIN;NOR,2.0,0.715,1.2809339761734009,SEK,Swedish,,,1789.0,2025.0,SRC_MLEDOZE,SRC_MLEDOZE;SRC_VDEM;SRC_COW_STATES;SRC_GW_STATES;SRC_ICOW_COL;SRC_RUGGED
SWZ,Esuatini,Reino de eSwatini,Eswatini,estado_soberano_miembro_ONU,,SZ,SWZ,748,572,572,SWZ,132.0,si,1968-09-06,2016-12-31,1968-09-06,2017-12-31,,,GBR,GBR,1968-09,0.0,2.0,Lobamba,-26.5,31.5,Africa,Southern Africa,África Subsahariana,17364.0,si,MOZ;ZAF,2.0,3.063,2.785011053085327,SZL;ZAR,English;Swazi,,,1900.0,2025.0,SRC_MLEDOZE,SRC_MLEDOZE;SRC_VDEM;SRC_COW_STATES;SRC_GW_STATES;SRC_ICOW_COL;SRC_RUGGED
SXM,Sint Maarten,Sint Maarten,Sint Maarten,territorio_dependiente_o_especial,,SX,SXM,534,,,,,no,,,,,,,,,,,,Philipsburg,18.033333,-63.05,Americas,Caribbean,,34.0,no,MAF,1.0,,,ANG,English;French;Dutch,,,,,SRC_MLEDOZE,SRC_MLEDOZE;SRC_VDEM;SRC_COW_STATES;SRC_GW_STATES;SRC_ICOW_COL;SRC_RUGGED
SXN,Sajonia-Weimar-Eisenach,,Saxony,estado_historico,,,,,269,269,SXN,353.0,,1816-01-01,1867-04-17,1816-01-01,1871-01-17,,,,,1806-12,1.0,4.0,,,,Europa Occidental y Norteamérica,,Europa Occidental y Norteamérica,,,,,,,,,,,1789.0,1867.0,SRC_VDEM,SRC_MLEDOZE;SRC_VDEM;SRC_COW_STATES;SRC_GW_STATES;SRC_ICOW_COL;SRC_RUGGED
SYC,Seychelles,República de las Seychelles,Seychelles,estado_soberano_miembro_ONU,,SC,SYC,690,591,,SYC,199.0,si,1976-06-29,2016-12-31,,,,,GBR,GBR,1976-06,0.0,2.0,Victoria,-4.58333333,55.66666666,Africa,Eastern Africa,África Subsahariana,452.0,no,,0.0,4.885,0.9318235516548157,SCR,Seychellois Creole;English;French,,,1903.0,2025.0,SRC_MLEDOZE,SRC_MLEDOZE;SRC_VDEM;SRC_COW_STATES;SRC_GW_STATES;SRC_ICOW_COL;SRC_RUGGED
SYR,Siria,República Árabe Siria,Syria,estado_soberano_miembro_ONU,,SY,SYR,760,652,652,SYR,97.0,si,1946-04-17,2016-12-31,1946-01-01,2017-12-31,,,TUR,FRA,1946-04,1.0,2.0,Damascus,35.0,38.0,Asia,Western Asia,Oriente Medio y Norte de África,185180.0,no,IRQ;ISR;JOR;LBN;TUR,5.0,0.756,1.8562979698181152,SYP,Arabic,,,1918.0,2025.0,SRC_MLEDOZE,SRC_MLEDOZE;SRC_VDEM;SRC_COW_STATES;SRC_GW_STATES;SRC_ICOW_COL;SRC_RUGGED
TBT,Tíbet,,Tíbet,estado_historico,Gleditsch-Ward 711; incorporado a la RPC,,,,,711,,,,,,1913-01-01,1950-10-01,1913-01-01,1950-10-01,,,,,,,,,,,,,,,,,,,,,,,,CURADO,SRC_MLEDOZE;SRC_VDEM;SRC_COW_STATES;SRC_GW_STATES;SRC_ICOW_COL;SRC_RUGGED
TCA,Islas Turks y Caicos,Islas Turcas y Caicos,Turks and Caicos Islands,territorio_dependiente_o_especial,,TC,TCA,796,,,,,no,,,,,,,,,,,,Cockburn Town,21.75,-71.58333333,Americas,Caribbean,,948.0,no,,0.0,,,USD,English,,,,,SRC_MLEDOZE,SRC_MLEDOZE;SRC_VDEM;SRC_COW_STATES;SRC_GW_STATES;SRC_ICOW_COL;SRC_RUGGED
TCD,Chad,República de Chad,Chad,estado_soberano_miembro_ONU,,TD,TCD,148,483,483,TCD,109.0,si,1960-08-11,2016-12-31,1960-08-11,2017-12-31,,,FRA,FRA,1960-08,0.0,2.0,N'Djamena,15.0,19.0,Africa,Middle Africa,África Subsahariana,1284000.0,si,CMR;CAF;LBY;NER;NGA;SDN,6.0,0.419,2.2512919902801514,XAF,Arabic;French,,,1920.0,2025.0,SRC_MLEDOZE,SRC_MLEDOZE;SRC_VDEM;SRC_COW_STATES;SRC_GW_STATES;SRC_ICOW_COL;SRC_RUGGED
TGO,Togo,República de Togo,Togo,estado_soberano_miembro_ONU,,TG,TGO,768,461,461,TGO,134.0,si,1960-04-27,2016-12-31,1960-04-27,2017-12-31,,,FRA,FRA,1960-04,0.0,2.0,Lomé,8.0,1.16666666,Africa,Western Africa,África Subsahariana,56785.0,no,BEN;BFA;GHA,3.0,0.28,0.0,XOF,French,,,1916.0,2025.0,SRC_MLEDOZE,SRC_MLEDOZE;SRC_VDEM;SRC_COW_STATES;SRC_GW_STATES;SRC_ICOW_COL;SRC_RUGGED
THA,Tailandia,Reino de Tailandia,Thailand,estado_soberano_miembro_ONU,,TH,THA,764,800,800,THA,49.0,si,1887-01-01,2016-12-31,1816-01-01,2017-12-31,,,,,1769-01,1.0,1.0,Bangkok,15.0,100.0,Asia,South-Eastern Asia,Asia y Pacífico,513120.0,no,MMR;KHM;LAO;MYS,4.0,1.051,1.8562979698181152,THB,Thai,,,1789.0,2025.0,SRC_MLEDOZE,SRC_MLEDOZE;SRC_VDEM;SRC_COW_STATES;SRC_GW_STATES;SRC_ICOW_COL;SRC_RUGGED
TJK,Tayikistán,República de Tayikistán,Tajikistan,estado_soberano_miembro_ONU,,TJ,TJK,762,702,702,TJK,133.0,si,1991-12-26,2016-12-31,1991-09-09,2017-12-31,,,RUS,RUS,1991-12,0.0,3.0,Dushanbe,39.0,71.0,Asia,Central Asia,Europa del Este y Asia Central,143100.0,si,AFG;CHN;KGZ;UZB,4.0,5.301,4.406719207763672,TJS,Russian;Tajik,,,1990.0,2025.0,SRC_MLEDOZE,SRC_MLEDOZE;SRC_VDEM;SRC_COW_STATES;SRC_GW_STATES;SRC_ICOW_COL;SRC_RUGGED
TKL,Islas Tokelau,Tokelau,Tokelau,territorio_dependiente_o_especial,,TK,TKL,772,,,,,no,,,,,,,,,,,,Fakaofo,-9.0,-172.0,Oceania,Polynesia,,12.0,no,,0.0,,,NZD,English;Samoan;Tokelauan,,,,,SRC_MLEDOZE,SRC_MLEDOZE;SRC_VDEM;SRC_COW_STATES;SRC_GW_STATES;SRC_ICOW_COL;SRC_RUGGED
TKM,Turkmenistán,Turkmenistán,Turkmenistan,estado_soberano_miembro_ONU,,TM,TKM,795,701,701,TKM,136.0,si,1991-12-26,2016-12-31,1991-10-27,2017-12-31,,,RUS,RUS,1991-12,0.0,3.0,Ashgabat,40.0,60.0,Asia,Central Asia,Europa del Este y Asia Central,488100.0,si,AFG;IRN;KAZ;UZB,4.0,0.284,2.555398941040039,TMT,Russian;Turkmen,,,1990.0,2025.0,SRC_MLEDOZE,SRC_MLEDOZE;SRC_VDEM;SRC_COW_STATES;SRC_GW_STATES;SRC_ICOW_COL;SRC_RUGGED
TLS,Timor Oriental,República Democrática de Timor-Leste,Timor-Leste,estado_soberano_miembro_ONU,,TL,TLS,626,860,860,TLS,74.0,si,2002-09-27,2016-12-31,2002-05-20,2017-12-31,,,ESP,IDN,2002-05,1.0,2.0,Dili,-8.83333333,125.91666666,Asia,South-Eastern Asia,Asia y Pacífico,14874.0,no,IDN,1.0,1.85,2.429657220840454,USD,Portuguese;Tetum,,,1900.0,2025.0,SRC_MLEDOZE,SRC_MLEDOZE;SRC_VDEM;SRC_COW_STATES;SRC_GW_STATES;SRC_ICOW_COL;SRC_RUGGED
TON,Tonga,Reino de Tonga,Tonga,estado_soberano_miembro_ONU,,TO,TON,776,955,,,,si,1999-09-14,2016-12-31,,,,,GBR,GBR,1970-06,0.0,2.0,Nuku'alofa,-20.0,-175.0,Oceania,Polynesia,,747.0,no,,0.0,0.773,1.098889946937561,TOP,English;Tongan,,,,,SRC_MLEDOZE,SRC_MLEDOZE;SRC_VDEM;SRC_COW_STATES;SRC_GW_STATES;SRC_ICOW_COL;SRC_RUGGED
TSC,Toscana,,Tuscany,estado_historico,,,,,337,337,TSC,354.0,,1816-01-01,1860-03-15,1816-01-01,1861-03-16,,,,,1569-08,0.0,1.0,,,,Europa Occidental y Norteamérica,,Europa Occidental y Norteamérica,,,,,,,,,,,1789.0,1861.0,SRC_VDEM,SRC_MLEDOZE;SRC_VDEM;SRC_COW_STATES;SRC_GW_STATES;SRC_ICOW_COL;SRC_RUGGED
TTO,Trinidad y Tobago,República de Trinidad y Tobago,Trinidad and Tobago,estado_soberano_miembro_ONU,,TT,TTO,780,52,52,TTO,135.0,si,1962-08-31,2016-12-31,1962-08-31,2017-12-31,,,GBR,GBR,1962-08,0.0,2.0,Port of Spain,11.0,-61.0,Americas,Caribbean,América Latina y el Caribe,5130.0,no,,0.0,0.603,0.0,TTD,English,,,1900.0,2025.0,SRC_MLEDOZE,SRC_MLEDOZE;SRC_VDEM;SRC_COW_STATES;SRC_GW_STATES;SRC_ICOW_COL;SRC_RUGGED
TUN,Túnez,República de Túnez,Tunisia,estado_soberano_miembro_ONU,,TN,TUN,788,616,616,TUN,98.0,si,1825-01-01,2016-12-31,1816-01-01,2017-12-31,,,TUR,TUR,1591-01,1.0,2.0,Tunis,34.0,9.0,Africa,Northern Africa,Oriente Medio y Norte de África,163610.0,no,DZA;LBY,2.0,0.726,1.335000991821289,TND,Arabic,,,1789.0,2025.0,SRC_MLEDOZE,SRC_MLEDOZE;SRC_VDEM;SRC_COW_STATES;SRC_GW_STATES;SRC_ICOW_COL;SRC_RUGGED
TUR,Turquía,República de Turquía,Türkiye,estado_soberano_miembro_ONU,,TR,TUR,792,640,640,TUR,99.0,si,1816-01-01,2016-12-31,1816-01-01,2017-12-31,,,,,1453-05,1.0,1.0,Ankara,39.0,35.0,Asia,Western Asia,Oriente Medio y Norte de África,783562.0,no,ARM;AZE;BGR;GEO;GRC;IRN;IRQ;SYR,8.0,2.62,4.280824184417725,TRY,Turkish,,regional 1970-2019,1789.0,2025.0,SRC_MLEDOZE,SRC_MLEDOZE;SRC_VDEM;SRC_COW_STATES;SRC_GW_STATES;SRC_ICOW_COL;SRC_RUGGED
TUV,Tuvalu,Tuvalu,Tuvalu,estado_soberano_miembro_ONU,,TV,TUV,798,947,,,,si,2000-09-05,2016-12-31,,,,,GBR,GBR,1978-10,0.0,2.0,Funafuti,-8.0,178.0,Oceania,Polynesia,,26.0,no,,0.0,0.025,0.0,AUD;TVD,English;Tuvaluan,,,,,SRC_MLEDOZE,SRC_MLEDOZE;SRC_VDEM;SRC_COW_STATES;SRC_GW_STATES;SRC_ICOW_COL;SRC_RUGGED
TWN,Taiwán,República de China en Taiwán,Taiwan,estado_reconocimiento_limitado,,TW,TWN,158,713,713,TWN,48.0,no,1949-12-08,2016-12-31,1949-12-08,2017-12-31,,,,CHN,1949-12,1.0,3.0,Taipei,23.5,121.0,Asia,Eastern Asia,Asia y Pacífico,36193.0,no,,0.0,3.49,3.862833023071289,TWD,Chinese,,,1900.0,2025.0,SRC_MLEDOZE,SRC_MLEDOZE;SRC_VDEM;SRC_COW_STATES;SRC_GW_STATES;SRC_ICOW_COL;SRC_RUGGED
TWS,Reino de las Dos Sicilias,,Two Sicilies,estado_historico,,,,,329,329,TWS,356.0,,1816-01-01,1861-02-13,1816-01-01,1861-03-16,,,,,1734-01,1.0,1.0,,,,Europa Occidental y Norteamérica,,Europa Occidental y Norteamérica,,,,,,,,,,,1789.0,1860.0,SRC_VDEM,SRC_MLEDOZE;SRC_VDEM;SRC_COW_STATES;SRC_GW_STATES;SRC_ICOW_COL;SRC_RUGGED
TZA,Tanzania,República Unida de Tanzania,Tanzania,estado_soberano_miembro_ONU,,TZ,TZA,834,510,510,TZA,47.0,si,1961-12-09,2016-12-31,1961-12-09,2017-12-31,,,GBR,GBR,1961-12,0.0,2.0,Dodoma,-6.0,35.0,Africa,Eastern Africa,África Subsahariana,945087.0,no,BDI;COD;KEN;MWI;MOZ;RWA;UGA;ZMB,8.0,0.677,3.1223649978637695,TZS,English;Swahili,,,1914.0,2025.0,SRC_MLEDOZE,SRC_MLEDOZE;SRC_VDEM;SRC_COW_STATES;SRC_GW_STATES;SRC_ICOW_COL;SRC_RUGGED
UGA,Uganda,República de Uganda,Uganda,estado_soberano_miembro_ONU,,UG,UGA,800,500,500,UGA,50.0,si,1962-10-09,2016-12-31,1962-10-09,2017-12-31,,,GBR,GBR,1962-10,0.0,2.0,Kampala,1.0,32.0,Africa,Eastern Africa,África Subsahariana,241550.0,si,COD;KEN;RWA;SSD;TZA,5.0,0.913,2.341805934906006,UGX,English;Swahili,,,1900.0,2025.0,SRC_MLEDOZE,SRC_MLEDOZE;SRC_VDEM;SRC_COW_STATES;SRC_GW_STATES;SRC_ICOW_COL;SRC_RUGGED
UKR,Ucrania,Ucrania,Ukraine,estado_soberano_miembro_ONU,,UA,UKR,804,369,369,UKR,100.0,si,1991-12-26,2016-12-31,1991-12-01,2017-12-31,,,RUS,RUS,1991-12,0.0,3.0,Kyiv,49.0,32.0,Europe,Eastern Europe,Europa del Este y Asia Central,603500.0,no,BLR;HUN;MDA;POL;ROU;RUS;SVK,7.0,0.416,1.744189977645874,UAH,Ukrainian,,,1990.0,2025.0,SRC_MLEDOZE,SRC_MLEDOZE;SRC_VDEM;SRC_COW_STATES;SRC_GW_STATES;SRC_ICOW_COL;SRC_RUGGED
UMI,Islas Ultramarinas Menores de Estados Unidos,Estados Unidos Islas menores alejadas de,United States Minor Outlying Islands,territorio_dependiente_o_especial,,UM,UMI,581,,,,,no,,,,,,,,,,,,,19.3,166.633333,Americas,North America,,34.2,no,,0.0,,,USD,English,,,,,SRC_MLEDOZE,SRC_MLEDOZE;SRC_VDEM;SRC_COW_STATES;SRC_GW_STATES;SRC_ICOW_COL;SRC_RUGGED
URY,Uruguay,República Oriental del Uruguay,Uruguay,estado_soberano_miembro_ONU,,UY,URY,858,165,165,URY,102.0,si,1882-01-01,2016-12-31,1830-05-26,2017-12-31,,,ESP,BRA,1828-08,1.0,3.0,Montevideo,-33.0,-56.0,Americas,South America,América Latina y el Caribe,181034.0,no,ARG;BRA,2.0,0.435,0.0,UYU,Spanish,,,1825.0,2025.0,SRC_MLEDOZE,SRC_MLEDOZE;SRC_VDEM;SRC_COW_STATES;SRC_GW_STATES;SRC_ICOW_COL;SRC_RUGGED
USA,Estados Unidos,Estados Unidos de América,United States,estado_soberano_miembro_ONU,,US,USA,840,2,2,USA,20.0,si,1816-01-01,2016-12-31,1816-01-01,2017-12-31,,,GBR,GBR,1783-09,1.0,2.0,Washington D.C.,38.0,-97.0,Americas,North America,Europa Occidental y Norteamérica,9372610.0,no,CAN;MEX,2.0,1.073,3.2148680686950684,USD,English,1898-2016,regional 1824-1898,1789.0,2025.0,SRC_MLEDOZE,SRC_MLEDOZE;SRC_VDEM;SRC_COW_STATES;SRC_GW_STATES;SRC_ICOW_COL;SRC_RUGGED
UZB,Uzbekistán,República de Uzbekistán,Uzbekistan,estado_soberano_miembro_ONU,,UZ,UZB,860,704,704,UZB,140.0,si,1991-12-26,2016-12-31,1991-08-31,2017-12-31,,,RUS,RUS,1991-12,0.0,3.0,Tashkent,41.0,64.0,Asia,Central Asia,Europa del Este y Asia Central,447400.0,si,AFG;KAZ;KGZ;TJK;TKM,5.0,0.526,3.0867350101470947,UZS,Russian;Uzbek,,,1789.0,2025.0,SRC_MLEDOZE,SRC_MLEDOZE;SRC_VDEM;SRC_COW_STATES;SRC_GW_STATES;SRC_ICOW_COL;SRC_RUGGED
VAT,Ciudad del Vaticano,Ciudad del Vaticano,Vatican City,estado_soberano_miembro_ONU,,VA,VAT,336,,,,,si,,,,,,,,,,,,Vatican City,41.9,12.45,Europe,Southern Europe,,0.44,si,ITA,1.0,,,EUR,Italian;Latin,,,,,SRC_MLEDOZE,SRC_MLEDOZE;SRC_VDEM;SRC_COW_STATES;SRC_GW_STATES;SRC_ICOW_COL;SRC_RUGGED
VCT,San Vicente y Granadinas,San Vicente y las Granadinas,Saint Vincent and the Grenadines,estado_soberano_miembro_ONU,,VC,VCT,670,57,,,,si,1979-10-27,2016-12-31,,,,,GBR,GBR,1979-10,0.0,2.0,Kingstown,13.25,-61.2,Americas,Caribbean,,389.0,no,,0.0,3.071,1.3234261274337769,XCD,English,,,,,SRC_MLEDOZE,SRC_MLEDOZE;SRC_VDEM;SRC_COW_STATES;SRC_GW_STATES;SRC_ICOW_COL;SRC_RUGGED
VDR,República de Vietnam (Vietnam del Sur),,Republic of Vietnam,estado_historico,,,,,817,817,VDR,35.0,,1954-06-04,1975-04-30,1954-05-01,1975-04-30,,,FRA,FRA,1954-07,1.0,2.0,,,,Asia y Pacífico,,Asia y Pacífico,,,,,,,,,,,1802.0,1975.0,SRC_VDEM,SRC_MLEDOZE;SRC_VDEM;SRC_COW_STATES;SRC_GW_STATES;SRC_ICOW_COL;SRC_RUGGED
VEN,Venezuela,República Bolivariana de Venezuela,Venezuela,estado_soberano_miembro_ONU,,VE,VEN,862,101,101,VEN,51.0,si,1841-01-01,2016-12-31,1829-01-01,2017-12-31,,,ESP,COL,1830-01,0.0,3.0,Caracas,8.0,-66.0,Americas,South America,América Latina y el Caribe,916445.0,no,BRA;COL;GUY,3.0,0.634,3.1045870780944824,VES,Spanish,,,1789.0,2025.0,SRC_MLEDOZE,SRC_MLEDOZE;SRC_VDEM;SRC_COW_STATES;SRC_GW_STATES;SRC_ICOW_COL;SRC_RUGGED
VGB,Islas Vírgenes del Reino Unido,Islas Vírgenes,British Virgin Islands,territorio_dependiente_o_especial,,VG,VGB,092,,,,,no,,,,,,,,,,,,Road Town,18.431383,-64.62305,Americas,Caribbean,,151.0,no,,0.0,,,USD,English,,,,,SRC_MLEDOZE,SRC_MLEDOZE;SRC_VDEM;SRC_COW_STATES;SRC_GW_STATES;SRC_ICOW_COL;SRC_RUGGED
VIR,Islas Vírgenes de los Estados Unidos,Islas Vírgenes de los Estados Unidos,United States Virgin Islands,territorio_dependiente_o_especial,,VI,VIR,850,,,,,no,,,,,,,,,,,,Charlotte Amalie,18.35,-64.933333,Americas,Caribbean,,347.0,no,,0.0,,,USD,English,,,,,SRC_MLEDOZE,SRC_MLEDOZE;SRC_VDEM;SRC_COW_STATES;SRC_GW_STATES;SRC_ICOW_COL;SRC_RUGGED
VNM,Vietnam,República Socialista de Vietnam,Vietnam,estado_soberano_miembro_ONU,Incluye Vietnam del Norte (RDV) hasta 1976 (COW 816).,VN,VNM,704,816,816,VNM,34.0,si,1954-07-21,2016-12-31,1954-05-01,2017-12-31,,,FRA,FRA,1954-07,1.0,2.0,Hanoi,16.16666666,107.83333333,Asia,South-Eastern Asia,Asia y Pacífico,331212.0,no,KHM;CHN;LAO,3.0,2.054,3.005682945251465,VND,Vietnamese,,,1945.0,2025.0,SRC_MLEDOZE,SRC_MLEDOZE;SRC_VDEM;SRC_COW_STATES;SRC_GW_STATES;SRC_ICOW_COL;SRC_RUGGED
VUT,Vanuatu,República de Vanuatu,Vanuatu,estado_soberano_miembro_ONU,,VU,VUT,548,935,,VUT,206.0,si,1981-09-15,2016-12-31,,,,,GBR,FRA,1980-07,0.0,2.0,Port Vila,-16.0,167.0,Oceania,Melanesia,Asia y Pacífico,12189.0,no,,0.0,1.729,1.853105902671814,VUV,Bislama;English;French,,,1900.0,2025.0,SRC_MLEDOZE,SRC_MLEDOZE;SRC_VDEM;SRC_COW_STATES;SRC_GW_STATES;SRC_ICOW_COL;SRC_RUGGED
WLD,Mundo (agregado),,Mundo (agregado),agregado_global,Pseudoentidad para acontecimientos globales,,,,,,,,,,,,,,,,,,,,,,,,,,,,,,,,,,,,,,CURADO,SRC_MLEDOZE;SRC_VDEM;SRC_COW_STATES;SRC_GW_STATES;SRC_ICOW_COL;SRC_RUGGED
WLF,Wallis y Futuna,Territorio de las Islas Wallis y Futuna,Wallis and Futuna,territorio_dependiente_o_especial,,WF,WLF,876,,,,,no,,,,,,,,,,,,Mata-Utu,-13.3,-176.2,Oceania,Polynesia,,142.0,no,,0.0,,,XPF,French,,,,,SRC_MLEDOZE,SRC_MLEDOZE;SRC_VDEM;SRC_COW_STATES;SRC_GW_STATES;SRC_ICOW_COL;SRC_RUGGED
WRG,Wurtemberg,,Würtemberg,estado_historico,,,,,271,271,WRG,355.0,,1816-01-01,1871-01-18,1816-01-01,1871-01-17,,,,,1806-01,1.0,4.0,,,,Europa Occidental y Norteamérica,,Europa Occidental y Norteamérica,,,,,,,,,,,1789.0,1871.0,SRC_VDEM,SRC_MLEDOZE;SRC_VDEM;SRC_COW_STATES;SRC_GW_STATES;SRC_ICOW_COL;SRC_RUGGED
WSM,Samoa,Estado Independiente de Samoa,Samoa,estado_soberano_miembro_ONU,,WS,WSM,882,990,,,,si,1976-12-15,2016-12-31,,,,,NZL,NZL,1962-01,0.0,2.0,Apia,-13.58333333,-172.33333333,Oceania,Polynesia,,2842.0,no,,0.0,1.677,1.8395780324935913,WST,English;Samoan,,,,,SRC_MLEDOZE,SRC_MLEDOZE;SRC_VDEM;SRC_COW_STATES;SRC_GW_STATES;SRC_ICOW_COL;SRC_RUGGED
XKX,Kosovo,República de Kosovo,Kosovo,estado_reconocimiento_limitado,,XK,,,347,347,XKX,43.0,no,2008-02-20,2016-12-31,2008-02-17,2017-12-31,,,TUR,SRB,2008-02,1.0,3.0,Pristina,42.666667,21.166667,Europe,Southeast Europe,Europa del Este y Asia Central,10908.0,si,ALB;MKD;MNE;SRB,4.0,,,EUR,Albanian;Serbian,,,1999.0,2025.0,SRC_MLEDOZE,SRC_MLEDOZE;SRC_VDEM;SRC_COW_STATES;SRC_GW_STATES;SRC_ICOW_COL;SRC_RUGGED
YEM,Yemen,República de Yemen,Yemen,estado_soberano_miembro_ONU,Incluye Yemen del Norte (RAY) hasta 1990 (COW 678/679).,YE,YEM,887,678;679,678,YEM,14.0,si,1926-09-02,2016-12-31,1918-10-30,2017-12-31,,,TUR,TUR,1918-10,1.0,2.0,Sana'a,15.0,48.0,Asia,Western Asia,Oriente Medio y Norte de África,527968.0,no,OMN;SAU,2.0,2.323,3.339322090148926,YER,Arabic,,,1789.0,2025.0,SRC_MLEDOZE,SRC_MLEDOZE;SRC_VDEM;SRC_COW_STATES;SRC_GW_STATES;SRC_ICOW_COL;SRC_RUGGED
YMD,Yemen del Sur (RDP de Yemen),,South Yemen,estado_historico,,,,,680,680,YMD,23.0,,1967-11-30,1990-05-21,1967-11-30,1990-05-21,,,GBR,GBR,1967-11,1.0,2.0,,,,Oriente Medio y Norte de África,,Oriente Medio y Norte de África,,,,,,,,,,,1900.0,1990.0,SRC_VDEM,SRC_MLEDOZE;SRC_VDEM;SRC_COW_STATES;SRC_GW_STATES;SRC_ICOW_COL;SRC_RUGGED
ZAF,Sudáfrica,República de Sudáfrica,South Africa,estado_soberano_miembro_ONU,,ZA,ZAF,710,560,560,ZAF,8.0,si,1920-01-10,2016-12-31,1910-05-31,2017-12-31,,,GBR,GBR,1910-05,0.0,2.0,Pretoria;Bloemfontein;Cape Town,-29.0,24.0,Africa,Southern Africa,África Subsahariana,1221037.0,no,BWA;LSO;MOZ;NAM;SWZ;ZWE,6.0,1.761,2.163322925567627,ZAR,Afrikaans;English;Southern Ndebele;Northern Sotho;Southern Sotho;Swazi;Tswana;Tsonga;Venda;Xhosa;Zulu,,,1900.0,2025.0,SRC_MLEDOZE,SRC_MLEDOZE;SRC_VDEM;SRC_COW_STATES;SRC_GW_STATES;SRC_ICOW_COL;SRC_RUGGED
ZMB,Zambia,República de Zambia,Zambia,estado_soberano_miembro_ONU,,ZM,ZMB,894,551,551,ZMB,61.0,si,1964-10-24,2016-12-31,1964-10-24,2017-12-31,,,GBR,GBR,1964-10,0.0,2.0,Lusaka,-15.0,30.0,Africa,Eastern Africa,África Subsahariana,752612.0,si,AGO;BWA;COD;MWI;MOZ;NAM;TZA;ZWE,8.0,0.533,0.18232159316539764,ZMW,English,,,1911.0,2025.0,SRC_MLEDOZE,SRC_MLEDOZE;SRC_VDEM;SRC_COW_STATES;SRC_GW_STATES;SRC_ICOW_COL;SRC_RUGGED
ZWE,Zimbabue,República de Zimbabue,Zimbabwe,estado_soberano_miembro_ONU,,ZW,ZWE,716,552,552,ZWE,62.0,si,1965-11-11,2016-12-31,1965-11-11,2017-12-31,,,GBR,GBR,1965-11,0.0,2.0,Harare,-20.0,30.0,Africa,Eastern Africa,África Subsahariana,390757.0,si,BWA;MOZ;ZAF;ZMB,4.0,1.194,1.360977053642273,BWP;CNY;EUR;GBP;INR;JPY;USD;ZAR;ZWB,Chibarwe;English;Kalanga;Khoisan;Ndau;Northern Ndebele;Chewa;Shona;Sotho;Tonga;Tswana;Tsonga;Venda;Xhosa;Zimbabwean Sign Language,,,1900.0,2025.0,SRC_MLEDOZE,SRC_MLEDOZE;SRC_VDEM;SRC_COW_STATES;SRC_GW_STATES;SRC_ICOW_COL;SRC_RUGGED
ZZB,Zanzíbar,,Zanzibar,entidad_autonoma_o_no_reconocida,,,,,511,511,ZZB,236.0,,1963-12-19,1964-04-26,1963-12-19,1964-04-26,,,GBR,GBR,1963-12,0.0,2.0,,,,África Subsahariana,,África Subsahariana,,,,,,,,,,,1856.0,2025.0,SRC_VDEM,SRC_MLEDOZE;SRC_VDEM;SRC_COW_STATES;SRC_GW_STATES;SRC_ICOW_COL;SRC_RUGGED
