country_id,year,pa_nus_fcrf,pa_nus_ppp,fr_inr_lend,fr_inr_dpst,fr_inr_rinr,fi_res_totl_cd,fi_res_totl_mo,fm_lbl_bmny_gd_zs,fm_lbl_bmny_zg,fs_ast_prvt_gd_zs,cm_mkt_lcap_gd_zs
ABW,1986,1.79,,11.0,6.4,,112720000.0,4.92519,43.48485,12.30879,39.46433,
ABW,1987,1.79,,10.3,6.58333,6.47543,127140000.0,4.57066,51.30584,41.8752,39.44192,
ABW,1988,1.79,,10.24167,6.7,6.91818,131945000.0,3.3845,49.2603,17.45925,43.77566,
ABW,1989,1.79,,10.475,6.7,6.26423,127170000.0,2.92182,52.13655,23.37959,43.35639,
ABW,1990,1.79,0.92337,10.6,6.7,4.56664,136430000.0,2.2174,55.60263,17.27007,44.48882,
ABW,1991,1.79,0.94332,10.675,6.55,4.79113,154950000.0,1.17955,56.97578,16.84078,44.22594,
ABW,1992,1.79,0.95755,10.6,5.89167,6.52814,175435000.0,1.29288,58.31247,12.50855,43.28293,
ABW,1993,1.79,0.98496,10.6,4.975,5.03293,220304999.0,1.5192,54.90572,6.3939,40.90217,
ABW,1994,1.79,1.02501,10.6,3.99167,4.05693,215915000.0,1.3943,53.7517,12.59048,42.44489,
ABW,1995,1.79,1.03785,10.6,4.36667,6.98825,255345000.0,1.50018,53.35482,5.22624,43.06184,
ABW,1996,1.79,1.05241,10.375,4.26667,6.89091,224545000.0,1.04027,52.67433,3.15133,45.41611,
ABW,1997,1.79,1.07289,10.25,4.35833,6.31195,201350001.0,0.87865,49.62724,4.59035,43.23377,
ABW,1998,1.79,1.13092,11.04167,4.9,4.17356,250969999.0,1.42641,51.62003,13.08177,41.87011,
ABW,1999,1.79,1.13956,13.14167,6.16667,10.7169,248935000.0,1.7875,55.09368,10.417,44.62053,
ABW,2000,1.79,1.12586,12.06667,6.2,10.91745,235455000.0,1.78503,51.83454,2.30547,44.7997,
ABW,2001,1.79,1.16305,12.6,6.5,15.88595,321360614.52514,2.27534,54.22048,5.88744,46.59285,
ABW,2002,1.79,1.19604,11.3,6.2,6.57379,374002932.96089,2.55812,57.90927,10.48571,50.79121,
ABW,2003,1.79,1.20865,10.7,5.1,7.42458,336945700.0,2.15484,60.51173,8.87589,55.01252,
ABW,2004,1.79,1.21007,9.6,3.1,6.60451,339224000.0,0.93702,56.62083,3.21575,51.78523,
ABW,2005,1.79,1.23274,11.0,4.1,5.64637,324813400.0,0.70499,57.44679,6.19175,54.0607,
ABW,2006,1.79,1.23753,9.5,4.4,5.81311,401389600.0,0.85287,56.19656,2.3735,53.88412,
ABW,2007,1.79,1.26714,10.4,4.5,4.976,455457100.0,0.85574,53.545,3.3006,51.72726,
ABW,2008,1.79,1.29618,10.5,4.2,5.98255,691873900.0,1.18599,58.78349,16.56406,50.65846,
ABW,2009,1.79,1.31017,10.7,3.4,8.84605,686970110.0,2.50265,69.20366,5.74962,55.89304,
ABW,2010,1.79,1.2786,10.3,1.9,11.66613,708713690.0,3.76355,71.82704,-0.28133,58.80066,
ABW,2011,1.79,1.30294,9.0,1.6,4.80197,689775980.0,1.17472,66.89443,0.1268,56.25043,
ABW,2012,1.79,1.31877,8.4,1.4,8.20088,768622300.0,3.05345,73.04074,8.25049,58.6859,
ABW,2013,1.79,1.28702,8.5,3.2,10.70971,653170670.0,3.18146,67.41964,-3.72017,59.16369,
ABW,2014,1.79,1.31172,7.3,2.3,6.37347,680351000.0,3.39214,69.58694,5.59842,60.24054,
ABW,2015,1.79,1.36631,7.0,1.9,4.42636,815800560.0,4.24241,71.7418,9.45258,56.62688,
ABW,2016,1.79,1.36001,6.9,2.0,7.46758,922550890.0,5.03557,78.01208,9.50091,57.22193,
ABW,2017,1.79,1.35664,6.3,1.6,6.14328,907111452.51397,4.80169,76.59545,1.76411,57.24653,
ABW,2018,1.79,1.37061,6.0,1.2,3.26873,980247680.0,4.61717,74.63539,3.23121,55.9651,
ABW,2019,1.79,1.42321,5.7,2.2,4.74305,982300000.0,4.73765,76.27801,4.39809,59.64935,
ABW,2020,1.79,1.41191,6.8,1.3,10.05956,1212578720.0,8.12876,108.44424,4.98971,82.09397,
ABW,2021,1.79,1.36395,6.4,1.7,4.7222,1512960280.0,8.60891,104.04676,11.84183,68.646,
ABW,2022,1.79,1.32779,6.1,1.8,1.73646,1543940590.0,6.97828,93.17277,3.32308,60.53163,
ABW,2023,1.79,1.37278,5.8,2.8,-1.22215,1468151730.0,5.82381,81.401,0.78827,56.71193,
ABW,2024,1.79,1.39592,,,,1902250220.0,,,,,
AFG,1960,17.19656,,,,,50690800.0,,,,,
AFG,1961,17.19656,,,,,42444500.0,,,10.29186,,
AFG,1962,17.19656,,,,,40592100.0,,,17.8273,,
AFG,1963,35.10964,,,,,45547800.0,,,15.5792,,
AFG,1964,38.69226,,,,,44619680.0,,,22.88812,,
AFG,1965,38.69226,,,,,45434560.0,,,17.42676,,
AFG,1966,38.69226,,,,,47114050.0,,,0.08505,,
AFG,1967,38.69226,,,,,38528800.0,,,-0.36822,,
AFG,1968,38.69226,,,,,45589800.0,,,16.75195,,
AFG,1969,38.69226,,,,,41373600.0,,,18.00085,,
AFG,1970,38.69226,,,,,49488930.0,,,7.21213,,
AFG,1971,38.69226,,,,,67614026.94906,,,11.30786,,
AFG,1972,38.69226,,,,,81289660.86673,,,13.9374,,
AFG,1973,38.69226,,,,,126230158.21842,,,7.63014,,
AFG,1974,38.37871,,,,,201456356.92914,,,13.4734,,
AFG,1975,34.92963,,,,,217260903.82598,,,12.45581,,
AFG,1976,34.92963,,,,,256505577.34422,,,24.1961,,
AFG,1977,34.92963,,,,,431038896.52461,,,27.99609,,
AFG,1978,34.92963,,,,,605029119.75129,,,16.26291,,
AFG,1979,33.84616,,,,,934779039.41471,14.0674,,18.56404,,
AFG,1980,34.36946,,,,,940035968.52878,12.20166,,16.85329,,
AFG,1981,38.56166,,,,,657880757.48599,7.3064,,17.44982,,
AFG,1982,39.27643,,,,,698660805.64221,8.47204,,17.95871,,
AFG,1983,39.27643,,,,,582311039.77434,6.57421,,,,
AFG,1984,39.27643,,,,,526217137.22243,4.44879,,,,
AFG,1985,39.27643,,,,,610761731.1072,6.75933,,10.40951,,
AFG,1986,39.27643,,,,,635742142.31282,5.63144,,12.32956,,
AFG,1987,39.27643,,,,,746832947.38895,8.35929,,50.69048,,
AFG,1988,39.27643,,,,,657015441.57325,9.13261,,34.53083,,
AFG,1989,39.27643,,,,,630659707.86133,10.29929,,37.15665,,
AFG,1990,39.27643,,,,,637925667.36851,,,40.59458,,
AFG,1991,39.27643,,,,,576118920.25347,,,,,
AFG,1992,39.27643,,,,,,,,,,
AFG,1993,39.27643,,,,,,,,,,
AFG,1994,38.81846,,,,,,,,,,
AFG,1995,36.56714,,,,,,,,,,
AFG,1996,47.5,,,,,,,,,,
AFG,1997,47.5,,,,,,,,,,
AFG,1998,47.5,,,,,,,,,,
AFG,1999,46.61953,,,,,,,,,,
AFG,2000,47.35757,10.19987,,,,,,,,,
AFG,2001,47.50001,8.80072,,,,,,,,,
AFG,2002,47.263,9.19689,,,,,,,,,
AFG,2003,48.76275,10.06999,,,,,,,,,
AFG,2004,47.84531,10.9116,,,,,,,,,
AFG,2005,49.4946,11.73443,,,,,,,,,
AFG,2006,49.92533,12.20297,17.97,,10.0469,,,23.34386,,4.84286,
AFG,2007,49.96202,14.55762,18.135,,-3.58511,,,23.83366,42.39516,6.83998,
AFG,2008,50.24961,14.58184,14.9175,,12.55796,3042274496.10725,9.42514,29.51228,31.38382,9.38833,
AFG,2009,50.325,14.17892,15.0,,17.54293,4265888740.23845,12.20561,33.06096,33.04507,10.58413,
AFG,2010,46.45246,14.54305,15.61222,,11.36409,5162440806.75156,10.45739,35.35056,26.94713,11.57504,
AFG,2011,46.74701,16.61348,15.14583,,-1.24151,6344641959.56007,10.34397,36.62423,21.30917,4.95918,
AFG,2012,50.9214,16.9303,15.0,,7.17439,7152304397.72645,8.67721,32.91369,8.72773,4.4721,
AFG,2013,55.3775,16.88155,15.07917,,9.7845,7288702710.90528,8.58814,32.68202,9.91448,4.32169,
AFG,2014,57.2475,16.1278,15.0,,14.35169,7528549879.63682,10.70269,34.2096,8.13557,3.94106,
AFG,2015,61.14346,15.82358,15.0,,12.25255,6976966153.82053,9.77019,33.92805,3.07902,3.98149,
AFG,2016,67.86609,15.92366,15.0,,17.58394,7281910524.1067,11.82806,37.22282,9.72543,3.88832,
AFG,2017,68.0269,15.42021,14.83667,,12.14118,8097280955.90196,12.13428,36.86126,4.09327,3.84188,
AFG,2018,72.08325,14.85623,,,,8206682106.31945,12.17859,36.60749,2.57415,3.51232,
AFG,2019,77.73795,15.02643,,,,8497655795.34729,13.74891,34.95921,5.70436,3.22996,
AFG,2020,76.81354,15.33524,,,,9748946326.71795,16.63163,37.50819,12.06375,3.0966,
AFG,2021,,14.58794,,,,,,,,,
AFG,2022,,14.89797,,,,,,,,,
AFG,2023,,14.80094,,,,,,,,,
AGO,1960,0.0,,,,,,,,,,
AGO,1961,0.0,,,,,,,,,,
AGO,1962,0.0,,,,,,,,,,
AGO,1963,0.0,,,,,,,,,,
AGO,1964,0.0,,,,,,,,,,
AGO,1965,0.0,,,,,,,,,,
AGO,1966,0.0,,,,,,,,,,
AGO,1967,0.0,,,,,,,,,,
AGO,1968,0.0,,,,,,,,,,
AGO,1969,0.0,,,,,,,,,,
AGO,1970,0.0,,,,,,,,,,
AGO,1971,0.0,,,,,,,,,,
AGO,1972,0.0,,,,,,,,,,
AGO,1973,0.0,,,,,,,,,,
AGO,1974,0.0,,,,,,,,,,
AGO,1975,0.0,,,,,,,,,,
AGO,1976,0.0,,,,,,,,,,
AGO,1977,0.0,,,,,,,,,,
AGO,1978,0.0,,,,,,,,,,
AGO,1979,0.0,,,,,,,,,,
AGO,1980,0.0,,,,,,,,,,
AGO,1981,0.0,,,,,,,,,,
AGO,1982,0.0,,,,,,,,,,
AGO,1983,0.0,,,,,,,,,,
AGO,1984,0.0,,,,,,,,,,
AGO,1985,0.0,,,,,,,,,,
AGO,1986,0.0,,,,,,,,,,
AGO,1987,0.0,,,,,,,,,,
AGO,1988,0.0,,,,,,,,,,
AGO,1989,0.0,,,,,,,,,,
AGO,1990,0.0,0.0,,,,,,,,,
AGO,1991,0.0,0.0,,,,,,,,,
AGO,1992,0.0,0.0,,,,,,,,,
AGO,1993,0.0,0.0,,,,,,,,,
AGO,1994,6e-05,3e-05,,,,,,,,,
AGO,1995,0.00275,0.00051,206.25,125.91667,-84.095,228335521.17706,0.63688,36.48713,,,
AGO,1996,0.12803,0.02447,217.875,147.125,-93.51346,555691254.40397,1.11502,27.57757,4105.57282,,
AGO,1997,0.22904,0.04702,37.75,29.25,-29.52271,392514285.93973,0.75537,22.61548,71.94431,,
AGO,1998,0.39282,0.0648,45.0,36.875,4.04756,202442614.08496,0.42487,24.43704,57.64813,,
AGO,1999,2.79071,0.4201,80.29667,36.5725,-72.5785,491400189.57731,0.83056,22.84935,528.19433,,
AGO,2000,10.04054,2.128,103.16017,39.5784,-60.78133,1198212373.02401,1.92892,17.28056,303.7355,,
AGO,2001,22.05786,4.29448,95.96656,47.90879,-5.03293,731866198.10065,1.06051,21.13571,163.0031,,
AGO,2002,43.53021,10.25384,97.33583,48.69083,-41.32947,375545950.30713,0.51595,14.17161,156.34068,,
AGO,2003,74.6063,19.56838,96.115,26.1725,0.77476,634199422.3308,0.72205,11.82868,68.09831,,
AGO,2004,83.54136,25.41727,82.33417,15.43935,36.7004,1379588147.35471,1.25836,11.82371,48.55197,,
AGO,2005,87.15914,34.536,67.71813,13.3985,19.68202,3196850749.33725,1.99794,11.87793,60.70599,,
AGO,2006,80.36807,39.13614,19.51081,4.50033,2.30827,8149079645.64961,4.3247,14.533,59.85093,,
AGO,2007,76.70614,40.07549,17.69884,6.75643,11.90813,11196800894.0338,3.89157,18.27127,49.42144,,
AGO,2008,75.03335,46.9564,12.53361,6.53808,-5.77236,17869411576.4836,3.74481,28.24953,104.56612,,
AGO,2009,79.32817,40.00836,15.68207,7.58937,34.93969,13664098153.6474,3.36114,39.24577,21.47568,,
AGO,2010,91.90572,50.86097,22.54357,12.7563,-4.76194,19678661657.2158,5.41092,30.49921,5.2878,,
AGO,2011,93.93475,64.60575,18.75724,6.30923,-8.39805,27039761554.0849,6.03056,31.14479,37.14696,,
AGO,2012,95.46796,66.01719,16.6564,3.60364,8.9104,31161778888.6796,6.61495,28.11072,4.89819,,
AGO,2013,96.51828,66.69557,15.80864,3.14507,12.18125,31500815461.6598,6.28849,29.63527,14.1466,,
AGO,2014,98.30242,66.00188,16.38227,3.52696,11.81815,27032344084.4907,5.14629,31.61092,16.1892,,
AGO,2015,120.0607,69.5859,16.88186,3.31462,20.4438,23790543425.2351,6.48205,36.13453,11.77631,22.27493,
AGO,2016,163.65643,82.86333,15.7805,5.54432,-4.21286,23672191989.4346,9.08387,34.5078,13.46824,18.59083,
AGO,2017,165.91595,95.83724,15.8061,6.34219,-6.39118,17455327770.6619,5.81819,28.10993,0.62545,14.84746,
AGO,2018,252.85575,111.44181,20.677,6.87666,-3.60812,15410405365.4699,5.41264,27.20148,20.42806,13.2564,
AGO,2019,364.8258,124.43961,19.29537,6.4154,-0.47597,16334853784.0603,6.42509,29.5877,30.11412,13.47182,
AGO,2020,578.25878,146.90913,19.65589,6.20173,3.09513,13781988139.5961,8.02615,33.0225,24.30077,11.31075,
AGO,2021,631.44196,174.09052,19.40315,7.04591,-11.97943,14468113825.809,6.94915,21.61927,-9.32235,8.7025,
AGO,2022,460.56751,191.95351,20.11721,7.10359,1.68931,13654715740.4528,4.37683,17.31393,-1.41317,6.86561,
AGO,2023,685.02024,218.50658,16.92086,6.87844,-0.85507,13942114198.8827,5.08927,19.9738,37.76491,7.56544,
AGO,2024,869.84619,265.84093,19.39916,7.40001,-4.17756,14242892504.6249,5.51375,16.11256,4.9634,7.31668,
ALB,1986,,,1.0,,3.50195,,,,,,
ALB,1987,,,1.0,,1.00031,,,,,,
ALB,1988,,,1.0,,1.00058,,,,,,
ALB,1989,,,1.0,,0.99628,,,,,,
ALB,1990,,2.26018,1.0,,1.43757,,,,,,
ALB,1991,,2.96268,1.0,,-25.46909,,,,,,
ALB,1992,75.0325,9.64545,20.58333,18.5,-63.78712,,,,,,
ALB,1993,102.0625,21.26108,29.58333,27.33333,-42.57351,166509702.57138,2.51525,,,,
ALB,1994,94.62333,28.27779,23.66667,19.83333,-8.96318,223594867.33597,3.46301,39.76496,,,
ALB,1995,92.6975,30.42216,19.65,15.3,-10.386,265298057.9789,3.68214,39.90036,51.81987,,
ALB,1996,104.49892,34.93441,23.95833,16.78333,6.00672,323376838.74739,3.45457,45.7254,43.83674,,
ALB,1997,148.93292,38.72286,32.70833,27.27583,17.69521,342425753.0299,5.89025,59.00687,28.46602,,
ALB,1998,150.63333,40.71587,,22.56,,417921457.1749,6.3307,60.93714,20.63936,,
ALB,1999,137.69058,41.10172,21.615,12.94583,18.3197,523112274.34188,6.56352,64.57831,22.27111,,
ALB,2000,143.70942,42.01091,22.1025,8.3025,15.2785,646305676.4918,5.70437,63.55995,12.02926,,
ALB,2001,143.48483,42.81595,19.65417,7.725,15.3116,770581227.38429,5.7481,67.46648,19.90646,,
ALB,2002,140.15452,42.92639,15.30417,8.53833,10.97195,866478231.28319,5.62621,64.38053,3.74038,,
ALB,2003,121.86325,44.59624,14.27083,8.3755,8.89419,1038294231.23301,5.44014,63.29671,8.6733,,
ALB,2004,102.78005,44.90349,11.76152,6.60669,8.40596,1387912853.56431,5.70166,66.17596,13.46122,,
ALB,2005,99.87025,45.52743,13.075,5.08755,9.6286,1439592137.1131,4.86217,69.64807,14.12521,,
ALB,2006,98.10338,44.42206,12.93994,5.22743,9.98705,1812802559.88129,5.25169,74.24214,16.04624,,
ALB,2007,90.42789,44.6263,14.09962,5.6591,8.51174,2161936583.38147,4.77842,75.36299,13.67503,,
ALB,2008,83.8946,44.56126,13.01964,6.80274,9.19916,2363791896.73249,3.96904,73.3334,7.66753,,
ALB,2009,94.97812,44.31645,12.66094,6.77244,9.83773,2368942443.29456,4.30819,74.38249,6.83707,37.31094,
ALB,2010,103.93667,44.20863,12.82233,6.41754,8.35023,2540673823.18044,4.85546,78.03315,12.4858,38.56672,
ALB,2011,100.89583,43.85798,12.4321,5.86175,10.55836,2471402724.94025,4.23201,81.75338,9.16779,40.89042,
ALB,2012,108.18417,43.65501,10.88035,5.42491,10.62951,2599863597.31882,5.04393,84.79351,4.97687,41.04893,
ALB,2013,105.66917,44.1138,9.8266,4.1642,9.44076,2773278107.16847,5.40303,84.96821,2.27611,39.722,
ALB,2014,105.48,42.89404,7.9725,1.91417,6.43618,2665215805.2185,4.8732,85.21164,4.01312,39.06037,
ALB,2015,125.96167,42.70593,7.8775,1.39333,7.05152,3138517990.165,7.03758,84.17624,1.76472,36.88088,
ALB,2016,124.1425,42.38577,6.73417,0.83083,7.66468,3108607051.81759,6.5435,84.89264,3.88758,36.20986,
ALB,2017,119.1,42.25564,6.22,0.76667,3.40222,3588583656.82779,6.5749,80.23339,0.27464,34.13247,
ALB,2018,107.98917,42.30295,5.9325,0.75167,4.41505,3893560031.0668,6.37056,76.1148,-0.22101,32.50736,
ALB,2019,109.85083,40.55029,6.27583,0.4925,5.22294,3763661058.67743,5.94459,77.02285,4.31364,33.7256,
ALB,2020,108.65,40.21049,6.12083,0.415,6.07727,4817386149.20461,9.16482,87.98331,10.49019,37.71933,
ALB,2021,103.52,41.16534,6.02167,0.47833,2.49159,5634561133.54084,7.75053,84.76638,8.60129,36.43417,
ALB,2022,113.04167,39.60806,6.50667,0.73083,-3.05379,5266463583.50312,6.33656,77.18573,4.86526,33.79124,
ALB,2023,100.645,39.45489,6.35167,1.3475,0.58426,6455445543.45667,6.73099,71.82875,2.34657,32.46657,
ALB,2024,93.12333,39.66738,6.44333,1.86417,3.99612,6515581527.6007,6.04107,70.9046,5.12416,34.12609,
AND,1990,,0.48117,,,,,,,,,
AND,1991,,0.49771,,,,,,,,,
AND,1992,,0.51927,,,,,,,,,
AND,1993,,0.53027,,,,,,,,,
AND,1994,,0.53932,,,,,,,,,
AND,1995,,0.55431,,,,,,,,,
AND,1996,,0.54868,,,,,,,,,
AND,1997,,0.5514,,,,,,,,,
AND,1998,,0.55345,,,,,,,,,
AND,1999,,0.56063,,,,,,,,,
AND,2000,,0.70578,,,,,,,,,
AND,2001,,0.7115,,,,,,,,,
AND,2002,,0.72331,,,,,,,,,
AND,2003,,0.73184,,,,,,,,,
AND,2004,,0.73436,,,,,,,,,
AND,2005,,0.73622,,,,,,,,,
AND,2006,,0.73888,,,,,,,,,
AND,2007,,0.7425,,,,,,,,,
AND,2008,,0.74503,,,,,,,,,
AND,2009,,0.74144,,,,,,,,,
AND,2010,,0.73528,,,,,,,,,
AND,2011,,0.72183,,,,,,,,,
AND,2012,,0.70987,,,,,,,,,
AND,2013,,0.70113,,,,,,,,,
AND,2014,,0.68855,,,,,,,,,
AND,2015,,0.68672,,,,,,,,,
AND,2016,,0.68262,,,,,,,,,
AND,2017,,0.67823,,,,,,,,,
AND,2018,,0.65633,,,,,,,,,
AND,2019,,0.64123,,,,,,,,,
AND,2020,,0.62788,,,,,,,,,
AND,2021,0.84538,0.60457,,,,,,,,,
AND,2022,0.95092,0.58825,,,,,,,,,
AND,2023,0.92471,0.60356,,,,,,,,,
AND,2024,0.92437,0.60784,,,,,,,,,
ARE,1966,4.7619,,,,,,,,,,
ARE,1967,4.7619,,,,,,,,,,
ARE,1968,4.7619,,,,,,,,,,
ARE,1969,4.7619,,,,,,,,,,
ARE,1970,4.7619,,,,,,,,,,
ARE,1971,4.74796,,,,,,,,,,
ARE,1972,4.38598,,,,,,,,,,
ARE,1973,3.99627,,,,,91723795.16801,,13.3454,,,
ARE,1974,3.95905,,,,,452878020.57542,,13.08383,167.4599,,
ARE,1975,3.96128,,,,,987879902.29025,,15.12562,46.13868,,
ARE,1976,3.95307,,,,,1979903725.58128,,22.05843,89.94581,,
ARE,1977,3.90325,,,,,894066095.31578,,16.00657,-7.2468,,
ARE,1978,3.87121,,,,,942089886.92439,,19.09551,13.10338,,
ARE,1979,3.81568,,,,,1727429507.68921,,15.29405,3.67951,,
ARE,1980,3.70736,,,,,2354590963.61751,,14.55512,29.10813,,
ARE,1981,3.671,,,,,3471503445.10964,,16.06467,23.66258,,
ARE,1982,3.671,,,,,2588863919.62547,,19.65872,15.64846,,
ARE,1983,3.671,,,,,2384157753.81782,,23.12841,8.01158,,
ARE,1984,3.671,,,,,2538886189.4422,,30.53852,28.96849,,
ARE,1985,3.671,,,,,3471498477.32864,,33.46829,6.43679,,
ARE,1986,3.671,,,,,3689328862.7994,,41.79236,4.38936,,
ARE,1987,3.671,,,,,5120925342.79504,,41.1323,5.49925,,
ARE,1988,3.671,,,,,4768739333.46745,,43.67138,5.8542,,
ARE,1989,3.671,,,,,4776310581.99332,,41.51152,8.65203,,
ARE,1990,3.671,1.1085,,,,4890564527.19409,,31.16615,-8.19776,,
ARE,1991,3.671,1.08093,,,,5646813747.13069,,35.10949,14.54282,,
ARE,1992,3.671,1.07594,,,,5977160986.47751,,34.9105,4.61592,,
ARE,1993,3.671,1.06446,,,,6415331634.69035,,33.50392,-1.57673,,
ARE,1994,3.671,1.03947,,,,6963509610.43121,,33.90673,7.89739,,
ARE,1995,3.671,1.05791,,,,7778376180.61088,,33.71149,10.21837,,
ARE,1996,3.671,1.09887,,,,8350159123.92297,,32.1912,6.85955,,
ARE,1997,3.67112,1.06995,,,,8603051266.48806,,32.75712,9.04396,,
ARE,1998,3.6725,1.01305,,,,9305872456.3249,,35.54481,4.19704,,
ARE,1999,3.6725,1.08325,,,,10790300349.0116,,35.50138,11.45428,,
ARE,2000,3.6725,1.18064,,,,13631620189.1667,,33.13569,15.32257,,
ARE,2001,3.6725,1.12752,,,,14256130113.4801,,40.8092,21.94709,,
ARE,2002,3.6725,1.15213,,,,15355431325.3937,,42.43194,10.52281,,
ARE,2003,3.6725,1.17584,,,,15087811903.6615,,43.16015,15.17461,,
ARE,2004,3.6725,1.24239,,,,18529923697.6481,,44.92406,23.7397,,
ARE,2005,3.6725,1.4037,,,,21010295842.2662,,48.03536,30.64588,,
ARE,2006,3.6725,1.5246,,,,27617445822.5768,,48.16231,23.30123,,
ARE,2007,3.6725,1.67043,,,,77238765358.11581,,58.65211,41.40799,,48.93258
ARE,2008,3.6725,1.94259,,,,31694454694.0485,,58.15073,21.27113,,34.02944
ARE,2009,3.6725,1.63755,,,,26104201597.7901,,78.19942,8.07943,,54.52392
ARE,2010,3.6725,1.93269,,,,32785291883.4008,,68.47363,6.27709,,42.72837
ARE,2011,3.6725,2.12661,,,,37269318422.5757,,60.02505,5.07919,,25.40836
ARE,2012,3.6725,2.18797,,,,47035150430.9523,,58.90024,4.48701,,25.79674
ARE,2013,3.6725,2.23419,,,,68202650660.2746,,69.32469,22.74426,,44.0211
ARE,2014,3.6725,2.21352,,,,78424381665.0826,,72.11615,7.9129,,47.4422
ARE,2015,3.6725,2.22925,,,,93929134196.41748,,84.60368,5.45472,,51.27956
ARE,2016,3.6725,2.24175,,,,85390832746.3077,,87.41661,3.2556,81.93987,55.85623
ARE,2017,3.6725,2.28525,,,,95377648625.516,,86.14656,4.13593,78.1489,57.5419
ARE,2018,3.6725,2.23516,,,,99503335478.7452,,80.86939,2.53052,73.98429,52.51894
ARE,2019,3.6725,2.11372,,,,108359358451.76,,88.67792,8.00454,75.2885,56.88036
ARE,2020,3.6725,2.08898,,,,106701571777.291,,112.72646,4.63081,88.83567,82.54855
ARE,2021,3.6725,2.36257,,,,131116705892.304,,100.74828,5.70929,76.16764,131.39373
ARE,2022,3.6725,2.48316,,,,138433303844.914,,90.70863,8.99538,65.45743,170.81667
ARE,2023,3.6725,2.34848,,,,189490945175.27,4.61578,105.39542,18.7401,,190.22721
ARE,2024,3.6725,2.33033,,,,237931339945.396,5.1994,114.13939,14.45124,,190.85912
ARG,1960,,,,,,527233600.0,,21.13925,,13.61124,
ARG,1961,,,,,,386407550.0,,16.606,-0.35971,14.08812,
ARG,1962,,,,,,114741240.0,,14.31012,10.1083,12.01111,
ARG,1963,0.0,,,,,269807440.0,,16.01762,33.11475,11.52006,
ARG,1964,0.0,,,,,153293600.0,,15.96786,41.37931,10.62669,
ARG,1965,0.0,,,,,236095840.0,,15.12888,27.00348,10.10667,
ARG,1966,0.0,,,,,216174480.0,,15.95037,31.55007,11.06048,
ARG,1967,0.0,,,,,727208400.0,,18.42667,53.80605,10.94357,
ARG,1968,0.0,,,,,780833300.0,,20.41522,28.0678,13.86592,
ARG,1969,0.0,,,,,538310000.0,,20.87809,20.91053,15.9785,
ARG,1970,0.0,,,,,681788410.0,,22.99617,20.84063,17.53874,
ARG,1971,0.0,,,,,304314527.12496,,18.0217,8.69565,18.0217,
ARG,1972,0.0,,,,,572449755.1754,,22.67296,110.0,17.63453,
ARG,1973,0.0,,,,,1597255505.79733,,23.26093,74.60317,16.70558,
ARG,1974,0.0,,,,,1889579481.31192,,26.07638,54.54545,19.17381,
ARG,1975,0.0,,,,,848224746.10848,,22.16232,152.94118,16.44135,
ARG,1976,0.0,,,,,1983316224.28094,5.86491,19.05432,353.48837,13.56277,
ARG,1977,0.0,,,,,3843942355.42708,8.17425,22.47231,227.17949,18.38291,1.46616
ARG,1978,0.0,,,,,5933322541.7813,11.77247,24.54097,172.57053,20.55712,2.01618
ARG,1979,0.0,,,,,11626505760.127,13.30518,25.86769,187.40656,24.05623,6.23786
ARG,1980,0.0,,,,,9296756057.32018,6.973,24.95573,91.7567,25.39579,5.13877
ARG,1981,0.0,,,,,5006226776.17426,3.642,23.41156,82.58034,33.55231,1.77464
ARG,1982,0.0,,,,,4503960609.47171,4.45129,21.24288,165.2856,33.90637,1.15399
ARG,1983,0.0,,,,,2840273965.03204,2.79005,21.02594,395.92426,28.11828,1.33324
ARG,1984,1e-05,,,,,2590505132.02895,2.50573,21.97478,654.96562,25.001,1.00133
ARG,1985,6e-05,,,,,4702644000.0,5.00237,17.30336,428.15195,17.36414,2.30948
ARG,1986,9e-05,,,,,4427405700.0,4.54015,19.58474,113.01532,16.90723,1.50269
ARG,1987,0.00021,,,,,3733969300.0,3.54687,22.05262,163.14249,21.29731,1.3033
ARG,1988,0.00088,,,,,5157480786.56928,4.78578,25.14761,442.80571,20.33584,2.01161
ARG,1989,0.04233,,,,,3216875257.73385,2.89049,20.10466,2235.18191,39.7175,4.17315
ARG,1990,0.48759,0.29394,,,,6222040362.99099,5.69958,11.48109,1113.27241,15.60169,2.55765
ARG,1991,0.95355,0.68381,,,,7462543636.08691,5.09621,10.55678,141.33704,12.5872,9.82485
ARG,1992,0.99064,0.77602,,,,11447031156.7334,5.70506,13.69144,62.48625,15.44534,8.14022
ARG,1993,0.99895,0.73106,,,,15499431243.9719,6.74386,19.21862,46.48083,18.2846,18.60902
ARG,1994,0.99901,0.73617,,,,16003265688.1889,5.59678,20.77029,17.64027,20.28058,14.3207
ARG,1995,0.99975,0.74388,,,,15979453701.6387,5.47248,20.14127,-2.80555,19.96061,14.64307
ARG,1996,0.99966,0.73012,,,,19719017351.0623,5.8979,22.69048,18.82056,20.187,16.42197
ARG,1997,0.9995,0.71441,,,,22424600096.7817,5.47566,26.47018,25.53474,21.93346,20.23221
ARG,1998,0.9995,0.69443,,,,24855741222.2541,5.69915,28.65068,10.48809,24.1533,15.1641
ARG,1999,0.9995,0.67216,,,,26350163486.3723,6.80464,31.44368,4.08559,24.89334,19.69772
ARG,2000,0.9995,0.66409,,,,25152117244.4133,6.28322,31.84862,1.53103,23.89473,16.12904
ARG,2001,0.9995,0.64235,,,,14555552759.6102,4.29371,27.13925,-19.43622,20.83357,12.42442
ARG,2002,3.06326,0.82579,,,,10492424818.7374,5.27543,27.92707,19.70885,15.33186,16.95694
ARG,2003,2.90063,0.89479,,,,14157284136.3644,5.70014,30.10406,29.63485,10.76271,27.42805
ARG,2004,2.9233,1.03137,,,,19659591803.9788,5.77838,28.32565,21.42731,9.68252,24.65346
ARG,2005,2.90366,1.10319,,,,28081718501.5579,7.2603,28.66331,21.51392,10.65349,23.94636
ARG,2006,3.05431,1.21725,,,,32022297112.9805,7.02897,28.04961,20.26274,11.91026,22.03334
ARG,2007,3.09565,1.3622,,,,46149456855.7802,8.17153,27.86432,24.46563,13.09854,19.84838
ARG,2008,3.14416,1.64612,,,,46385380206.98009,6.71426,23.49367,8.0647,12.31395,11.02184
ARG,2009,3.71011,1.88761,,,,48006988635.32529,9.0675,25.32274,16.99992,12.41621,13.73819
ARG,2010,3.8963,2.255,10.5575,9.16684,-8.56603,52207549724.0928,7.27697,25.4406,33.77804,12.69011,15.08632
ARG,2011,4.11014,2.73313,14.0875,10.67917,-7.77341,46265800525.8806,5.20195,24.38712,25.70054,14.00872,8.22015
ARG,2012,4.53693,3.22003,14.06083,12.0235,-6.7482,43223270863.843,5.21829,27.17565,34.90183,15.21282,6.27397
ARG,2013,5.45935,3.94557,17.14917,14.85445,-5.48584,30533919650.6263,3.46015,27.19624,27.02637,15.72909,9.61999
ARG,2014,8.07528,5.46151,24.00917,20.41768,-11.6007,31410813269.5239,3.963,25.8217,29.84623,13.82377,11.4269
ARG,2015,9.23319,6.88259,24.91583,21.16915,-1.31471,25520565580.4894,3.36214,27.69089,39.45023,14.41423,9.43837
ARG,2016,14.75818,9.32212,31.2325,24.27996,-7.00604,38414518491.6131,5.0972,28.3723,41.58406,13.66763,11.40761
ARG,2017,16.56271,10.29279,26.58083,18.99974,0.45589,55314409205.2188,6.05039,28.49528,30.11943,15.9585,16.89485
ARG,2018,28.09499,13.52681,48.51667,31.9214,4.56441,66221501691.4418,7.11111,30.41076,47.61381,,8.76225
ARG,2019,48.14789,20.38367,67.25417,47.28679,12.10397,44880566052.3702,5.9422,26.18304,25.88415,14.47763,8.79802
ARG,2020,70.53917,26.88718,29.3875,29.32014,-7.63517,39403734630.1228,7.09405,34.50526,66.3311,15.74649,8.36065
ARG,2021,94.99074,38.78333,35.55833,33.54533,-11.86184,39653498610.7828,5.6049,30.73095,51.28172,13.26443,8.58082
ARG,2022,130.61655,61.17965,52.39917,52.41667,-9.81968,44795335171.5152,4.75931,32.19184,87.68579,12.8891,8.35147
ARG,2023,296.25804,139.80732,95.89417,94.99675,-17.25428,23080560550.2946,2.45755,35.82185,158.54905,15.35708,
ARG,2024,914.69488,419.90104,61.70667,54.2472,-47.43046,29559610350.783,3.55326,26.33393,123.09488,15.11768,
ARM,1990,,0.00513,,,,,,,,,
ARM,1991,,0.0089,,,,,,,,,
ARM,1992,,0.05822,,,,1293750.05156,,79.87205,,,
ARM,1993,9.105,0.84807,,,,13586867.79235,0.53574,69.11378,1076.76791,,
ARM,1994,288.65083,34.9347,,,,36108082.69088,0.96873,13.09741,740.35846,,
ARM,1995,405.90833,89.36315,96.1,56.18333,-24.91306,111182285.17321,1.74664,7.70715,64.28557,,
ARM,1996,414.0415,104.9496,66.35833,32.19167,39.10517,168201671.08215,2.14742,8.22291,35.07873,,
ARM,1997,490.84679,121.46878,54.2275,26.07667,30.99435,239225950.40288,2.81896,8.73356,29.20044,,
ARM,1998,504.915,132.96972,48.485,24.93583,34.13461,293162998.65843,3.36647,10.05222,36.71366,,
ARM,1999,535.06183,131.18487,38.84833,27.34917,38.77367,303511811.18104,3.8665,11.08461,13.97051,,
ARM,2000,539.52583,126.51696,31.566,18.07774,33.39846,314200332.80221,3.65824,14.70451,38.55395,,
ARM,2001,555.07826,128.71476,26.6875,14.90167,21.78215,329632780.09114,3.52115,13.44965,4.2848,,
ARM,2002,573.35333,129.73304,21.13698,9.59877,18.34707,430974325.40101,4.1005,15.5516,33.97685,,
ARM,2003,578.76295,133.07158,20.82905,6.87451,15.51699,501977062.05994,3.75838,14.39196,10.35074,,
ARM,2004,533.45083,137.72311,18.63329,4.89602,11.62482,547758869.58233,3.27254,14.98698,22.2932,,
ARM,2005,457.68694,137.82099,17.98427,5.81314,14.31615,669480407.70141,3.18763,16.29839,27.84121,,
ARM,2006,416.04037,139.87216,16.5251,5.83669,11.38149,1071917964.48804,4.23697,18.28698,32.8771,,
ARM,2007,342.07912,142.00834,17.51569,6.2543,12.69474,1659090453.02799,4.59334,21.9524,42.32875,,
ARM,2008,305.9694,147.66887,17.04948,6.62802,10.43491,1406800823.43427,3.0621,19.83584,2.37864,,
ARM,2009,363.28329,150.42872,18.76447,8.65293,15.87088,2003623407.8546,5.41203,25.94146,15.14612,24.85492,
ARM,2010,373.66047,160.16859,19.20043,8.95026,10.60764,1865824296.86232,4.36623,26.33909,11.82785,28.44516,
ARM,2011,372.50088,163.65001,17.75447,9.24804,12.91976,1932471998.58388,4.12385,29.83045,23.65542,35.36789,
ARM,2012,401.76398,157.76333,17.23007,9.56911,11.28119,1799374398.90816,3.70778,31.55695,19.46681,40.06006,
ARM,2013,409.62575,159.44056,15.99499,10.16027,12.21684,2251610255.35403,4.46332,33.9222,14.7811,42.38024,
ARM,2014,415.91979,164.55767,16.40867,10.42579,13.78125,1489443370.96658,2.89308,34.6723,8.33606,48.91717,
ARM,2015,477.91831,172.0472,17.59033,14.14816,16.18001,1775293493.7543,4.36841,36.79246,10.83989,45.63078,
ARM,2016,480.48815,160.20821,17.35671,11.61566,17.04236,2204113991.25511,5.21488,43.02293,17.48265,48.87564,
ARM,2017,482.71639,154.78659,14.406,9.01333,11.99734,2314113951.27386,4.43189,46.41542,18.47097,51.54259,
ARM,2018,482.98795,157.37691,12.79304,8.66373,9.73398,2259321868.53196,3.66898,46.12064,7.44592,55.502,0.38377
ARM,2019,480.44513,147.48615,12.14199,8.48695,10.95958,2849645182.4783,4.1097,47.1544,11.18409,60.15524,0.40355
ARM,2020,489.00886,141.94055,11.61984,8.11789,9.63911,2615530571.20173,5.50062,54.38517,8.96377,72.19291,0.21318
ARM,2021,503.76967,148.24123,11.76191,8.24153,4.54759,3229848044.69344,5.5652,54.38683,13.1042,61.67381,0.2127
ARM,2022,435.66618,149.42627,11.71941,8.4742,3.45743,4111690218.3518,4.13231,51.932,16.10387,52.55384,1.29485
ARM,2023,392.4763,148.70781,12.38524,8.36267,9.00576,3607482711.24984,2.61694,54.60094,17.39602,55.40496,1.15741
ARM,2024,392.72955,147.23111,13.14929,8.14832,11.58591,3685220142.94538,2.06052,57.79158,13.65877,64.37994,18.67462
ASM,1960,1.0,,,,,,,,,,
ASM,1961,1.0,,,,,,,,,,
ASM,1962,1.0,,,,,,,,,,
ASM,1963,1.0,,,,,,,,,,
ASM,1964,1.0,,,,,,,,,,
ASM,1965,1.0,,,,,,,,,,
ASM,1966,1.0,,,,,,,,,,
ASM,1967,1.0,,,,,,,,,,
ASM,1968,1.0,,,,,,,,,,
ASM,1969,1.0,,,,,,,,,,
ASM,1970,1.0,,,,,,,,,,
ASM,1971,1.0,,,,,,,,,,
ASM,1972,1.0,,,,,,,,,,
ASM,1973,1.0,,,,,,,,,,
ASM,1974,1.0,,,,,,,,,,
ASM,1975,1.0,,,,,,,,,,
ASM,1976,1.0,,,,,,,,,,
ASM,1977,1.0,,,,,,,,,,
ASM,1978,1.0,,,,,,,,,,
ASM,1979,1.0,,,,,,,,,,
ASM,1980,1.0,,,,,,,,,,
ASM,1981,1.0,,,,,,,,,,
ASM,1982,1.0,,,,,,,,,,
ASM,1983,1.0,,,,,,,,,,
ASM,1984,1.0,,,,,,,,,,
ASM,1985,1.0,,,,,,,,,,
ASM,1986,1.0,,,,,,,,,,
ASM,1987,1.0,,,,,,,,,,
ASM,1988,1.0,,,,,,,,,,
ASM,1989,1.0,,,,,,,,,,
ASM,1990,1.0,,,,,,,,,,
ASM,1991,1.0,,,,,,,,,,
ASM,1992,1.0,,,,,,,,,,
ASM,1993,1.0,,,,,,,,,,
ASM,1994,1.0,,,,,,,,,,
ASM,1995,1.0,,,,,,,,,,
ASM,1996,1.0,,,,,,,,,,
ASM,1997,1.0,,,,,,,,,,
ASM,1998,1.0,,,,,,,,,,
ASM,1999,1.0,,,,,,,,,,
ASM,2000,1.0,,,,,,,,,,
ASM,2001,1.0,,,,,,,,,,
ASM,2002,1.0,,,,,,,,,,
ASM,2003,1.0,,,,,,,,,,
ASM,2004,1.0,,,,,,,,,,
ASM,2005,1.0,,,,,,,,,,
ASM,2006,1.0,,,,,,,,,,
ASM,2007,1.0,,,,,,,,,,
ASM,2008,1.0,,,,,,,,,,
ASM,2009,1.0,,,,,,,,,,
ASM,2010,1.0,,,,,,,,,,
ASM,2011,1.0,,,,,,,,,,
ASM,2012,1.0,,,,,,,,,,
ASM,2013,1.0,,,,,,,,,,
ASM,2014,1.0,,,,,,,,,,
ASM,2015,1.0,,,,,,,,,,
ASM,2016,1.0,,,,,,,,,,
ASM,2017,1.0,,,,,,,,,,
ASM,2018,1.0,,,,,,,,,,
ASM,2019,1.0,,,,,,,,,,
ASM,2020,1.0,,,,,,,,,,
ASM,2021,1.0,,,,,,,,,,
ASM,2022,1.0,,,,,,,,,,
ASM,2023,1.0,,,,,,,,,,
ASM,2024,1.0,,,,,,,,,,
ATG,1960,1.71429,,,,,,,,,,
ATG,1961,1.71429,,,,,,,,,,
ATG,1962,1.71429,,,,,,,,,,
ATG,1963,1.71429,,,,,,,,,,
ATG,1964,1.71429,,,,,,,,,,
ATG,1965,1.71429,,,,,,,,,,
ATG,1966,1.71429,,,,,,,,,,
ATG,1967,1.76191,,,,,,,,,,
ATG,1968,2.0,,,,,,,,,,
ATG,1969,2.0,,,,,,,,,,
ATG,1970,2.0,,,,,,,,,,
ATG,1971,1.97487,,,,,,,,,,
ATG,1972,1.92128,,,,,,,,,,
ATG,1973,1.95922,,,,,,,,,,
ATG,1974,2.05323,,,,,,,,,,
ATG,1975,2.1698,,,,,7315757.08014,,,,,
ATG,1976,2.61467,,,,,9665925.92599,,,8.6434,,
ATG,1977,2.7,,,,,5103703.70374,1.39192,48.99173,-3.72245,40.0129,
ATG,1978,2.7,,,,,5973333.33337,1.44516,47.62694,10.42575,38.08759,
ATG,1979,2.7,,,,,11232962.96304,1.6724,44.18134,15.47777,29.02099,
ATG,1980,2.7,,,,,7816666.66672,0.69072,40.64817,11.18964,28.72295,
ATG,1981,2.7,,,,,7336296.29636,0.58612,41.78431,15.93977,32.56477,
ATG,1982,2.7,,10.92,4.99614,-0.5291,8520000.0,0.64464,42.55719,13.47775,30.65287,
ATG,1983,2.7,,11.62,7.60523,5.88738,9930000.0,0.96097,47.4424,23.81779,36.08867,
ATG,1984,2.7,,11.48,7.99382,6.98538,15440000.0,0.99452,43.67395,5.67516,32.12643,
ATG,1985,2.7,,11.06,7.99382,2.97554,16580000.0,0.91141,41.90108,11.38214,33.13425,
ATG,1986,2.7,,11.9,5.30146,3.29752,28260000.0,1.02451,40.98355,18.13394,32.18927,
ATG,1987,2.7,,10.64,5.09329,1.20271,25600000.0,0.89168,47.98983,36.4971,38.19517,
ATG,1988,2.7,,9.38,4.66306,-2.9691,28030000.0,1.06154,47.70547,17.90078,37.13154,
ATG,1989,2.7,,10.64,4.99614,5.2511,28070000.0,0.87356,48.86922,13.3403,38.13291,
ATG,1990,2.7,1.57702,10.64,5.99537,8.36686,27500000.0,0.8497,48.15379,3.63294,38.92243,
ATG,1991,2.7,1.57283,12.65,5.99537,9.25544,32540000.0,0.96475,52.72914,15.36149,40.20291,
ATG,1992,2.7,1.58286,12.7,5.75262,9.49084,50520000.0,1.44404,55.75261,10.0939,42.81763,
ATG,1993,2.7,1.58201,12.67586,5.00783,10.12556,37806867.79235,1.06862,55.49902,7.22801,40.9418,
ATG,1994,2.7,1.60452,13.14676,4.18785,9.22741,45808258.35799,1.21416,54.69053,8.89444,36.37013,
ATG,1995,2.7,1.61947,12.69585,4.02228,9.36235,59438706.34194,1.51439,66.42981,19.7103,42.49624,
ATG,1996,2.7,1.6446,12.25919,4.33129,8.55673,47738676.62115,1.14716,58.98861,-2.1079,46.37319,
ATG,1997,2.7,1.65763,11.98259,4.35611,9.2191,50698392.34057,1.20674,58.44663,7.14635,51.79188,
ATG,1998,2.7,1.68315,12.19511,4.34438,9.26602,59367608.18028,1.35997,62.39875,14.81049,51.7391,
ATG,1999,2.7,1.69304,12.07188,4.44955,9.86246,69730255.83517,1.48241,73.63007,24.83544,53.0152,
ATG,2000,2.7,1.68096,12.17155,5.17722,10.47519,63558884.52849,1.12951,72.41106,6.04903,53.77135,
ATG,2001,2.7,1.67787,11.62438,4.48931,9.36728,79718831.04022,1.45511,77.99314,4.93193,56.90767,
ATG,2002,2.7,1.67325,11.38791,4.36397,9.98619,87648341.46248,1.59892,80.30988,5.35397,60.08784,
ATG,2003,2.7,1.63299,12.82198,4.857,13.36538,113767366.73107,1.8501,87.9248,15.57808,58.26905,
ATG,2004,2.7,1.62757,11.96439,4.12193,9.39509,120139161.91264,1.77253,86.2055,6.13443,54.42292,
ATG,2005,2.7,1.65193,11.39394,3.85811,6.4153,127320746.17633,1.66833,84.18793,8.84654,53.93033,
ATG,2006,2.7,1.62042,10.89059,3.83456,9.6649,142632588.75223,1.60312,82.43203,11.59084,56.97468,
ATG,2007,2.7,1.64661,10.43854,3.52392,5.81513,143848808.51,1.44574,80.46285,11.36603,56.8669,
ATG,2008,2.7,1.69203,10.4291,3.5372,5.43329,138022502.55788,1.32819,79.37119,3.30288,58.65564,
ATG,2009,2.7,1.70032,10.06537,3.48358,8.85745,127860399.42943,1.49489,80.43498,-9.79296,65.79205,
ATG,2010,2.7,1.70691,10.99935,3.37031,9.24335,136600155.26442,1.73109,86.10832,0.24568,69.96728,
ATG,2011,2.7,1.69138,10.91445,3.37538,9.67014,147868733.57776,1.9247,88.11597,1.46543,67.71585,
ATG,2012,2.7,1.83504,10.1572,3.16043,7.41718,162045101.99645,1.96401,85.27033,2.58649,61.87819,
ATG,2013,2.7,1.86756,9.95235,3.04435,12.52648,202580586.96929,2.45788,88.97385,1.3436,61.27824,
ATG,2014,2.7,1.93511,10.07184,2.89339,8.14994,297046137.54193,3.56114,86.72998,1.39124,56.03329,
ATG,2015,2.7,2.06856,9.83508,2.46617,6.84159,355728253.38361,4.44769,88.02221,5.81673,48.63174,
ATG,2016,2.7,2.09674,9.575,1.9275,10.0981,330090979.26503,3.80829,83.88485,-1.24511,47.01342,
ATG,2017,2.7,2.13834,9.31,1.755,8.96509,313645370.80895,3.53806,87.31163,7.24704,44.22663,
ATG,2018,2.7,2.01182,8.97653,1.65209,7.42508,328659747.50255,3.19686,86.46904,7.20847,41.65419,
ATG,2019,2.7,1.92162,8.61133,1.57649,7.84312,279133212.7137,2.6021,82.84415,-0.44876,41.94913,
ATG,2020,2.7,1.85506,7.68384,1.5146,6.84865,221808945.85044,3.47069,92.48477,-8.71953,53.77041,
ATG,2021,2.7,1.81939,7.39227,1.58237,2.35705,367511735.68664,4.71485,92.78714,13.86523,45.43475,
ATG,2022,2.7,1.81346,7.3149,1.55528,0.50068,396505745.51224,3.59891,83.30232,4.59626,38.16994,
ATG,2023,2.7,1.83646,6.71453,1.45393,1.7182,364367020.1964,3.19469,80.10997,3.34046,38.01184,
ATG,2024,2.7,1.90392,6.52526,1.35216,0.32478,358440631.72189,3.01915,76.1424,4.61175,38.55221,
AUS,1960,0.89286,,5.0,,,892782000.0,,44.47863,,19.08648,
AUS,1961,0.89286,,5.5,,2.20805,1320041500.0,,44.0492,4.7603,17.60241,
AUS,1962,0.89286,,5.5,,5.5786,1358960800.0,,46.96396,7.91941,18.6181,
AUS,1963,0.89286,,5.125,,3.2757,1842726000.0,,47.98152,10.45882,19.25345,
AUS,1964,0.89286,,5.07292,,1.73549,1906895200.0,,48.45879,11.58599,20.08223,
AUS,1965,0.89286,,5.3125,,2.26168,1565328400.0,,46.69221,5.16048,21.09571,
AUS,1966,0.89286,,5.375,,2.61772,1569256000.0,,47.85782,7.75643,22.34694,
AUS,1967,0.89286,,5.375,,0.49,1365680000.0,,46.79806,9.0062,23.06197,
AUS,1968,0.89286,,5.58333,,3.25513,1493121700.0,,46.6106,7.03436,23.9613,
AUS,1969,0.89286,,5.875,,1.07423,1262842800.0,,45.52771,9.52695,24.78538,
AUS,1970,0.89286,,6.90625,,1.6866,1708729730.0,,42.47294,5.11584,23.24297,
AUS,1971,0.88267,,7.25,,1.96274,3357977441.39118,,42.2079,8.7113,23.58058,
AUS,1972,0.8387,,7.02083,,0.78058,6339772676.22443,,45.78083,19.68123,24.63295,
AUS,1973,0.70411,,7.34375,,-1.5007,6213814800.04453,,49.65906,21.30659,28.32458,
AUS,1974,0.69667,,9.375,,-6.01319,5329033239.41445,,44.74299,9.15809,27.81868,
AUS,1975,0.76387,,10.27083,,-5.34014,3989818897.21656,,45.69356,20.55914,27.30002,
AUS,1976,0.81828,,9.91667,,-3.60044,3862096210.08845,,43.84044,12.22876,27.81231,
AUS,1977,0.90182,,9.875,,-1.3848,3319307782.79878,,40.2322,5.92092,27.34466,
AUS,1978,0.87366,,9.375,,1.05042,3822366656.88824,,40.70489,10.49024,28.00776,
AUS,1979,0.89464,,9.125,,0.45134,5486014814.34887,,40.19113,11.60939,28.61028,28.82826
AUS,1980,0.87824,,9.97917,,-0.03382,6366460013.12231,,40.42513,14.01483,27.80157,39.72589
AUS,1981,0.87021,,11.83333,13.62458,2.10698,4824242557.36492,,39.24584,9.88456,27.88421,30.69661
AUS,1982,0.98586,,13.29167,15.01335,1.41982,9995391402.50795,,37.60401,10.59522,27.00696,21.36946
AUS,1983,1.11001,,12.41667,12.84979,2.04961,11987781859.6967,,39.53424,13.23553,28.74573,30.43878
AUS,1984,1.13952,,11.5,12.46483,3.37247,9886483620.48083,,39.16599,11.73517,30.27844,25.77527
AUS,1985,1.43189,,12.41667,14.00953,7.38849,8361034036.62565,,41.90358,17.9147,36.97871,32.84294
AUS,1986,1.49597,,15.0,16.21695,7.93316,10346341271.7329,,41.44442,9.56325,40.24081,65.29576
AUS,1987,1.42818,,15.08333,14.88178,7.52172,12583630026.5048,,43.80761,16.02834,42.72187,81.35447
AUS,1988,1.27991,,14.08333,13.36144,6.44477,16852981546.3693,,45.5713,17.91438,46.65409,58.20998
AUS,1989,1.2646,,16.45833,18.3464,6.61872,16961258792.9022,2.93868,52.62002,31.01604,59.17745,46.74333
AUS,1990,1.28106,1.36589,16.35417,15.82712,9.66178,19318743724.0756,3.29113,53.99133,12.75768,60.47537,34.61254
AUS,1991,1.28376,1.34886,13.41667,11.05169,10.08647,19339711736.47169,3.38936,53.23028,1.18217,60.03337,44.36744
AUS,1992,1.36165,1.32819,10.58333,7.12415,8.97108,13852416773.1172,2.41005,56.08195,7.37904,61.77331,41.4602
AUS,1993,1.47056,1.31244,9.41667,5.76462,8.47617,14188550691.4827,2.46474,56.49805,5.72658,63.19207,65.41367
AUS,1994,1.36775,1.3009,9.0875,5.75,7.98137,14313163752.8351,2.06753,59.14174,9.95926,66.67342,67.70364
AUS,1995,1.34903,1.3103,10.5,7.14852,8.02236,14951886130.3736,1.88654,60.39129,8.51837,69.66795,66.50437
AUS,1996,1.27786,1.31336,9.72917,6.68072,6.83134,17402141301.7261,2.04646,62.63631,10.64895,71.38638,77.73793
AUS,1997,1.34738,1.30771,7.16667,5.04831,5.82324,17588261223.5229,2.01593,63.87037,7.31058,75.20147,67.78609
AUS,1998,1.59183,1.30077,6.68333,4.33686,5.48226,15377553384.6145,1.88091,65.4158,8.43036,78.9749,82.15786
AUS,1999,1.54995,1.29695,6.56667,4.05911,6.05604,21955814712.2323,2.50413,69.24054,11.70426,83.9047,109.60363
AUS,2000,1.72483,1.31226,7.71667,4.90699,5.03411,18821546023.5147,2.0638,67.40174,3.73991,87.38103,89.42015
AUS,2001,1.93344,1.32809,6.84167,3.7375,2.10299,18663980677.4371,2.26211,70.03032,10.93058,88.18928,98.62514
AUS,2002,1.84056,1.33649,6.3625,3.7,3.42492,21567012300.1783,2.33786,70.11785,7.03592,91.06854,95.87577
AUS,2003,1.54191,1.35219,6.6125,3.50833,3.51968,33258076239.1011,2.93864,74.47144,12.76343,98.97007,124.97507
AUS,2004,1.35975,1.36477,7.05,3.85,3.69949,36925537509.3118,2.56446,77.124,11.4183,102.44769,126.11249
AUS,2005,1.30947,1.38836,7.25833,3.89167,3.30681,43257063108.66129,2.59299,78.13189,8.50085,108.25901,115.38484
AUS,2006,1.32797,1.4033,7.6125,4.0625,2.37922,55078716457.7347,2.85249,83.22304,15.06319,113.40592,146.17123
AUS,2007,1.19507,1.42707,8.19583,4.52917,3.05876,26907894338.85,1.11922,90.30323,18.23299,120.28725,151.56544
AUS,2008,1.19218,1.47907,8.90833,4.725,4.15102,32923506492.0435,1.18557,97.50994,17.00474,121.44482,64.61077
AUS,2009,1.28219,1.44285,6.02083,3.07917,0.98031,41742190606.7947,1.8027,94.01515,3.20752,122.11307,135.43263
AUS,2010,1.09016,1.50348,7.27917,4.2125,6.04356,42267797177.4332,1.44949,100.13407,10.13078,124.79134,126.19579
AUS,2011,0.96946,1.51105,7.7375,4.3375,1.44879,46714016758.386,1.33292,99.42106,7.96778,121.79081,85.40547
AUS,2012,0.9658,1.54011,6.975,3.91667,5.0863,49138172006.1934,1.36947,100.85582,7.34792,120.77476,89.31852
AUS,2013,1.03584,1.44712,6.17917,3.25,6.31873,52837027749.6144,1.55435,105.01465,6.74713,124.18328,86.24903
AUS,2014,1.10936,1.45249,5.95,2.90417,4.46963,53910325023.23769,1.66103,108.01993,7.0329,127.88385,87.38919
AUS,2015,1.33109,1.47369,5.575,2.30417,6.24157,45406035070.596,1.60125,112.76609,5.98408,135.80029,87.49103
AUS,2016,1.34521,1.45016,5.42083,2.14167,6.13557,52480791522.7772,1.88833,117.85124,6.66619,142.10426,104.69676
AUS,2017,1.30476,1.47755,5.2455,2.00833,1.543,65653718118.18169,2.08176,116.18259,4.52199,140.10807,113.34236
AUS,2018,1.33841,1.4704,5.26083,1.97917,3.35276,53909533420.3006,1.57003,113.5217,2.37382,139.49806,88.11392
AUS,2019,1.43851,1.45925,5.101,1.55833,1.56982,57994685703.4779,1.78229,122.44551,14.05953,135.66671,106.38245
AUS,2020,1.45309,1.43116,,,,42544629264.9892,1.59614,136.81501,13.66823,141.70475,129.04141
AUS,2021,1.33122,1.39572,,,,57877502314.3513,1.73481,138.8592,6.69981,138.33957,120.93936
AUS,2022,1.44166,1.35873,,,,56701901829.646,1.30089,133.99141,7.84102,133.64388,99.02953
AUS,2023,1.50519,1.33747,,,,61703347652.0138,1.4269,126.28599,3.93321,126.96212,103.12921
AUS,2024,1.51536,1.36653,,,,60404058269.27769,1.35483,129.41494,6.57405,129.31735,98.86648
AUS,2025,,1.36439,,,,,,,,,
AUT,1960,26.0,,,,,720945600.0,,,,,
AUT,1961,26.0,,,,,847058100.0,,,,,
AUT,1962,26.0,,,,,1081957340.0,,,,,
AUT,1963,26.0,,,,,1229910840.0,,,,,
AUT,1964,26.0,,,,,1319442160.0,,,,,
AUT,1965,26.0,,,,,1314046080.0,,,,,
AUT,1966,26.0,,,,,1336543420.0,,,,,
AUT,1967,26.0,,,,,1488335600.0,,,,,
AUT,1968,26.0,,,,,1650819000.0,,,,,
AUT,1969,26.0,,,,,1541024000.0,,,,,
AUT,1970,26.0,,,,,1805764300.0,,,,,
AUT,1971,24.98558,,,,,2455021251.70296,,,,,
AUT,1972,23.11533,,,,,3280220048.61508,,,,,
AUT,1973,19.58,,,,,4335902626.19017,,,,,
AUT,1974,18.6925,,,,,6428287967.07299,,,,,
AUT,1975,17.41675,,,,,6510895769.23948,,,,,3.25798
AUT,1976,17.93967,,,,,6374077148.29675,,,,,3.50545
AUT,1977,16.52692,,,,,6813640726.05985,,,,,2.90189
AUT,1978,14.52167,,,,,9804525357.23644,,,,,28.23113
AUT,1979,13.3675,,,,,14883522738.0882,,,,,2.82464
AUT,1980,12.938,,,,,17725433544.0942,,,,,2.39304
AUT,1981,15.92683,,,,,13676529640.2529,,,,,2.23816
AUT,1982,17.05925,,,,,14949075030.3478,,,,,2.12643
AUT,1983,17.96333,,,,,12575296676.6522,,,,,2.1272
AUT,1984,20.00908,,,,,10759891540.7681,,,,,2.1939
AUT,1985,20.6895,,,,,11678513739.8945,,,,,6.65783
AUT,1986,15.26713,,,,,14426653335.3039,,,,,6.74758
AUT,1987,12.6425,,,,,17768883013.4545,,,,,6.41862
AUT,1988,12.34767,,,,,16043317040.0277,,,,,7.55198
AUT,1989,13.23067,,,,,16881871851.2892,,,,,18.2997
AUT,1990,11.36983,0.92003,,,,17227717542.1462,,,,,15.87331
AUT,1991,11.67592,0.92235,,,,17414573769.7864,,,,,13.9977
AUT,1992,10.98933,0.93317,,,,19025543787.0185,,,,,10.16381
AUT,1993,11.63218,0.9367,,,,21878103248.0458,,,,,13.8362
AUT,1994,11.42182,0.94027,,,,23852061060.4833,,,,,14.21528
AUT,1995,10.0815,0.93767,,,,23368742794.5261,,,,,12.75222
AUT,1996,10.58656,0.9338,,,,26833509076.3266,,,,,13.52585
AUT,1997,12.20424,0.93146,,,,22021086580.2562,,,,,17.39053
AUT,1998,12.37907,0.92271,,,,25207674037.33369,,,,,1.19786
AUT,1999,0.93828,0.92391,,,,18923059530.5771,,,,,15.25861
AUT,2000,1.08271,0.90731,,,,17649557521.9085,,,,,15.25893
AUT,2001,1.11653,0.92299,,,,15598207438.845,,,,90.18438,12.82813
AUT,2002,1.05756,0.8998,,,,13182007409.3469,,,,89.16937,15.77644
AUT,2003,0.88405,0.88823,,,,12729301826.6791,,,,88.30934,21.67439
AUT,2004,0.80392,0.87817,,,,12188419360.202,,,,88.42499,29.33597
AUT,2005,0.8038,0.88194,,,,11827977057.728,0.80266,,,94.96704,40.21358
AUT,2006,0.79643,0.86021,,,,12911210327.5257,0.791,,,95.10906,57.73191
AUT,2007,0.72967,0.86801,,,,18193955715.2108,0.91096,,,93.50259,61.13566
AUT,2008,0.67992,0.85442,,,,16741449884.8454,0.77358,,,96.44189,17.7732
AUT,2009,0.71696,0.84332,,,,17903949014.9959,1.02865,,,98.34385,28.56972
AUT,2010,0.75431,0.84243,,,,22241623425.0212,1.2013,,,99.14688,32.33016
AUT,2011,0.71841,0.83137,,,,24768999165.1789,1.10999,,,96.67257,19.87844
AUT,2012,0.77834,0.81365,,,,27211429627.7746,1.30138,,,94.83798,26.06924
AUT,2013,0.75295,0.79708,,,,23316756962.0136,1.14393,,,93.34114,27.58481
AUT,2014,0.75273,0.7988,,,,25001493235.2233,1.19167,,,88.35992,22.07023
AUT,2015,0.9013,0.79881,,,,22239731667.63589,1.27075,,,86.44,25.31428
AUT,2016,0.90342,0.77693,,,,23255493380.5846,1.24675,,,83.58975,30.72914
AUT,2017,0.88521,0.77501,,,,21565331649.262,1.05894,,,84.73709,36.3067
AUT,2018,0.84677,0.7654,,,,23190665221.0656,1.01839,,,84.86296,25.8079
AUT,2019,0.89328,0.73833,,,,23616397437.8114,1.0662,,,86.30279,30.04585
AUT,2020,0.87551,0.7288,,,,30439562425.1269,1.54691,,,93.05163,30.40607
AUT,2021,0.84549,0.72035,,,,33957000220.5267,1.34278,,,93.06245,33.90224
AUT,2022,0.94962,0.68754,,,,33077693776.3888,1.18672,,,89.18355,26.00221
AUT,2023,0.92484,0.70463,,,,31212271321.98989,1.1107,,,84.10247,26.83209
AUT,2024,0.92389,0.71045,,,,35405523062.0747,1.25563,,,81.76527,22.58488
AUT,2025,,0.71972,,,,,,,,,
AZE,1990,,1e-05,,,,,,,,,
AZE,1991,,1e-05,,,,,,,,,
AZE,1992,0.01084,0.00015,,,,,,38.59422,,,
AZE,1993,0.01999,0.00128,,,,590075.58469,,54.84959,825.81605,,
AZE,1994,0.31405,0.01863,,,,2034228.47621,,55.91758,1116.54748,,
AZE,1995,0.88271,0.11781,,,,120884190.93173,1.1107,12.31527,25.41965,,
AZE,1996,0.86025,0.14626,,,,213661231.43248,1.41995,11.26034,17.09268,,
AZE,1997,0.79707,0.15706,,,,467319243.46937,2.62861,13.77847,41.42524,,
AZE,1998,0.7738,0.15382,19.85,13.46,21.01798,448540667.45741,2.17365,10.72909,-15.1713,,0.06837
AZE,1999,0.82403,0.15495,19.48333,12.08,16.95461,672589591.85964,4.08762,11.7409,20.06951,,0.07029
AZE,2000,0.89483,0.17045,19.65583,12.89917,6.36757,679605504.08201,3.37709,16.29082,73.41245,,
AZE,2001,0.93132,0.17089,19.70583,8.45833,16.76908,724979353.94087,3.42701,12.93163,-10.56753,,
AZE,2002,0.97216,0.17537,17.37083,8.65917,12.62441,720471772.46967,2.4485,12.97995,14.47731,,
AZE,2003,0.98215,0.18394,15.45667,9.54333,7.9423,802839749.21413,1.83649,14.28476,29.73034,,
AZE,2004,0.9827,0.1957,15.72,9.18167,5.92029,1075084292.67503,1.85192,17.65356,47.51124,,
AZE,2005,0.94542,0.21769,17.02833,8.52,2.00904,1177743664.23387,1.63238,14.68335,22.10257,,
AZE,2006,0.89345,0.2351,17.86333,10.58083,5.86921,2500372956.08951,2.76461,18.32354,86.81265,,
AZE,2007,0.85812,0.27601,19.13083,11.55667,-1.20386,4273114882.33472,3.4956,20.79392,71.68319,,
AZE,2008,0.82162,0.34653,19.7625,12.22417,-6.41437,6467239211.36657,4.54323,21.16298,44.03683,,
AZE,2009,0.80378,0.27932,20.02917,12.19583,48.00003,5363850354.15112,4.64486,23.78884,-0.29484,,
AZE,2010,0.80265,0.31413,20.7,11.64,6.03749,6409059730.22348,5.34868,24.79098,24.30348,,
AZE,2011,0.78969,0.38351,18.98833,10.87417,-4.50907,10273925784.8398,5.71145,26.69478,32.06545,,
AZE,2012,0.78565,0.3682,18.34583,10.215,15.07205,11277345749.0186,5.93246,30.64335,20.65806,,
AZE,2013,0.78454,0.35781,18.21,9.89167,17.72361,15175270232.0001,7.38762,33.1543,14.98948,,
AZE,2014,0.78435,0.35239,17.8575,9.17167,19.44638,15603217172.1229,7.80998,36.54487,11.80307,,
AZE,2015,1.02456,0.37383,17.53417,8.99833,28.88877,7070555994.33956,3.90413,39.20355,-1.1487,,
AZE,2016,1.59572,0.42602,16.37523,7.73289,1.52396,6698545432.89916,4.03528,34.572,-2.01086,32.86885,
AZE,2017,1.72115,0.4986,16.5425,8.42833,0.27214,7026285830.44112,4.18447,32.3753,9.0084,22.0996,
AZE,2018,1.70002,0.52723,17.44833,10.27583,4.69218,6696420864.42018,3.67288,30.04094,5.65747,20.76649,
AZE,2019,1.7,0.48993,17.28122,9.69417,17.54175,7069418581.86676,3.93814,35.24743,19.97437,23.00187,4.51254
AZE,2020,1.7,0.47422,17.1782,8.69071,26.67042,7775084753.01305,5.19963,40.21297,1.10683,26.03202,3.35973
AZE,2021,1.7,0.45714,16.42596,8.70763,-4.24617,8290112834.95498,5.08434,37.17323,18.71058,22.92504,2.90986
AZE,2022,1.7,0.58576,14.58979,8.97569,-16.52277,11338378376.1943,4.80722,31.96542,23.60485,18.29847,1.86274
AZE,2023,1.7,0.5127,13.96489,8.65297,25.68171,13748751031.513,5.46586,36.60687,5.2505,23.1278,2.17768
AZE,2024,1.7,0.49354,14.67106,8.59188,16.30889,12699124299.9099,4.6649,36.80224,3.15351,26.39469,2.2005
BDI,1960,50.0,,,,,,,,,,
BDI,1961,50.0,,,,,,,,,,
BDI,1962,50.0,,,,,,,,,,
BDI,1963,50.0,,,,,,,,,,
BDI,1964,50.0,,,,,12678000.0,,10.27804,,2.66922,
BDI,1965,84.375,,,,,9220000.0,,10.33902,3.50746,2.59407,
BDI,1966,87.5,,,,,7040000.0,,9.47059,-1.15357,2.54207,
BDI,1967,87.5,,,,,5050000.0,,10.49356,19.40919,3.52349,
BDI,1968,87.5,,,,,2950265.9,,10.53213,3.12748,3.79538,
BDI,1969,87.5,,,,,7453827.2,,10.54858,3.98626,3.07276,
BDI,1970,87.5,,,,,15395912.57,,10.49762,26.99932,3.96533,
BDI,1971,87.5,,,,,17727076.90399,,12.34965,22.54216,4.85588,
BDI,1972,87.5,,,,,18549238.23855,,12.39986,-1.99107,5.05339,
BDI,1973,80.02608,,,,,21591190.30877,,12.86301,16.99156,5.33071,
BDI,1974,78.75,,,,,14367912.04332,,13.59422,17.98391,9.19767,
BDI,1975,78.75,,,,,30847714.15905,,10.71979,-3.8499,2.93189,
BDI,1976,86.25,,,,,49159844.23301,,13.93747,51.67562,3.84609,
BDI,1977,90.0,,,,,95905709.78334,,13.88679,26.95088,3.22049,
BDI,1978,90.0,,12.0,,-0.45126,83359466.46914,,16.06856,28.95943,6.19316,
BDI,1979,90.0,,12.0,,-11.20323,96725113.65733,,13.5417,8.06581,7.41515,
BDI,1980,90.0,,12.0,,-3.76686,104654105.62046,,11.9132,3.40264,6.88888,
BDI,1981,90.0,,12.0,,19.22924,68145841.39283,,14.72684,30.24683,9.77501,
BDI,1982,90.0,,12.0,,5.98832,37357560.7551,,13.36671,-5.09814,8.26066,
BDI,1983,92.94833,,12.0,,5.23492,33509004.71633,,15.72135,29.82747,7.02716,
BDI,1984,119.70917,,12.0,,-4.45006,25040939.79988,,13.78672,2.9517,3.97111,
BDI,1985,120.69075,,12.0,,6.59678,35103931.43409,1.62711,14.30338,21.85074,3.57336,
BDI,1986,114.17108,,12.0,,16.98034,75804855.84492,3.12727,14.4886,0.1345,4.45478,
BDI,1987,123.56383,,12.0,,15.96339,69068852.0227,2.56964,14.45953,1.69278,4.34158,
BDI,1988,140.395,,12.0,,8.22174,76449554.61817,2.99063,15.39187,15.70665,5.95634,
BDI,1989,158.66667,,12.0,,-2.40263,106526906.43241,4.72559,15.73663,18.91099,7.00543,
BDI,1990,171.25542,71.20337,12.34167,,5.99714,111668438.44546,3.92655,15.77853,9.98691,8.61454,
BDI,1991,181.51258,71.69329,12.78333,,8.34848,147473748.75013,4.94414,17.0356,18.00197,10.74847,
BDI,1992,208.30267,73.88232,13.65833,,7.83343,179911767.28451,6.2277,16.90754,5.66595,10.72101,
BDI,1993,242.78,77.75961,13.76667,,5.59112,169711841.57705,6.57244,17.73313,5.95227,14.0312,
BDI,1994,252.6625,81.18811,14.2,,7.09083,211303503.34012,8.86643,23.00521,33.04366,14.73612,
BDI,1995,249.7575,92.32581,15.25833,,-0.72727,216108467.5427,9.20233,19.80361,-7.97073,12.26566,
BDI,1996,302.74667,103.76998,,,,145960526.57745,11.03416,22.33231,18.74206,14.23341,
BDI,1997,352.35083,135.06012,,,,118039205.61147,9.59412,18.58638,8.4379,11.8717,
BDI,1998,447.76583,148.85235,15.4,,3.54367,70480623.68398,4.78645,15.78588,-0.84597,13.53521,
BDI,1999,563.5625,168.72433,15.23583,,0.24505,52981473.91197,4.76251,20.47374,47.58568,15.39021,
BDI,2000,720.67333,186.73042,15.77,,-16.6792,37646865.16512,2.73897,17.17286,15.54486,17.08001,
BDI,2001,830.35333,207.66711,16.82417,,2.7329,17974678.24012,1.33025,17.22578,16.41187,16.30283,
BDI,2002,930.74917,206.59121,19.4675,,18.25204,59105712.3093,4.43378,21.25234,30.1856,20.31026,
BDI,2003,1082.62,226.79248,18.23083,,5.6144,67366291.27266,4.17061,24.02435,24.99857,20.13273,
BDI,2004,1100.9,249.8873,18.25417,,4.51452,66173617.25083,3.14442,22.32541,10.22712,17.35075,
BDI,2005,1081.57717,287.94175,18.445,,-0.33371,100575245.80851,3.50915,23.22286,24.73143,14.54367,
BDI,2006,1028.68355,287.27648,17.0725,,13.83319,131138494.75974,3.41827,26.27487,22.66151,15.83088,
BDI,2007,1081.86968,302.86106,16.84333,,7.90733,177130962.89546,4.71502,24.61961,4.95449,14.77452,
BDI,2008,1185.69083,368.92454,16.52083,,-6.15277,266537169.93856,5.24828,25.25888,33.637,13.66292,
BDI,2009,1230.17917,403.75638,14.07583,,3.59561,323088641.07818,7.20623,25.87704,17.08356,14.67938,
BDI,2010,1230.74833,434.64079,12.42,,3.17783,332085022.47192,6.44055,28.24273,24.97586,18.36192,
BDI,2011,1261.07333,461.50912,13.2325,,4.48465,295447213.8882,4.48626,26.806,6.99889,21.55999,
BDI,2012,1442.50563,523.12723,14.32,,0.25483,308757013.64755,3.92798,26.12978,16.06918,20.25648,
BDI,2013,1555.09083,531.30692,15.1475,,6.39183,329308184.1263,4.26782,25.88194,12.48171,19.38968,
BDI,2014,1546.68667,534.96525,15.66833,,9.84411,317139256.45643,4.02176,26.45333,12.19567,19.2931,
BDI,2015,1571.89833,553.84595,15.32917,,8.80978,136134382.17626,1.8961,25.04328,-0.06408,18.09931,
BDI,2016,1654.62667,564.39575,14.23833,,7.42932,95158477.53063,1.50902,24.4853,7.29603,17.34301,
BDI,2017,1729.055,626.1676,14.79667,,1.34592,97402580.42555,1.30728,26.29747,26.31713,14.87511,
BDI,2018,1782.87687,605.94769,14.78917,,16.58251,68126200.77145,0.85296,30.39171,19.87019,16.5086,
BDI,2019,1845.62289,582.19629,14.53333,,14.19817,111373704.05354,1.24856,35.55105,22.55114,18.57723,
BDI,2020,1915.04618,595.61383,12.195,,-3.15447,90319165.53916,1.00574,37.96865,24.10677,19.40375,
BDI,2021,1975.95088,609.59918,12.85833,,2.49888,266164087.47018,2.61656,40.19661,20.34124,28.37755,
BDI,2022,2034.30663,654.66584,11.7725,,-2.84824,158530300.55932,1.29464,46.83638,37.16047,34.93525,
BDI,2023,2574.05175,751.93817,11.23,,-6.52263,90349885.17818,0.73424,44.75656,17.40834,37.05653,
BDI,2024,2885.2455,875.87514,,,,,,,,,
BEL,1960,50.0,,,,,1526945820.56681,,,,,
BEL,1961,50.0,,,,,1819222317.90634,,,,,
BEL,1962,50.0,,,,,1756067570.04838,,,,,
BEL,1963,50.0,,,,,1973351171.09007,,,,,
BEL,1964,50.0,,,,,2227003946.66195,,,,,
BEL,1965,50.0,,,,,2339311318.17962,,,,,
BEL,1966,50.0,,,,,2357973397.68836,,,,,
BEL,1967,50.0,,,,,2597706013.79265,,,,,
BEL,1968,50.0,,,,,2486675901.58663,,,,,
BEL,1969,50.0,,,,,2395121264.48791,,,,,
BEL,1970,50.0,,,,,2946532105.06856,,,,,
BEL,1971,49.05698,,,,,3721848718.73861,,,,,
BEL,1972,44.01458,,,,,5028350688.4736,,,,,
BEL,1973,38.9765,,,,,8052357419.36886,,,,,
BEL,1974,38.9515,,,,,11403306216.9486,,,,,
BEL,1975,36.77892,,,,,9983533481.28289,,,,,13.70333
BEL,1976,38.60517,,,,,9173446261.19913,,,,,13.21831
BEL,1977,35.84275,,,,,10958484438.875,,,,,12.42316
BEL,1978,31.49208,,,,,13591056962.6925,,,,,12.35317
BEL,1979,29.31867,,,,,22959057237.077,,,,,11.80787
BEL,1980,29.24167,,,,,27973532283.2125,,,,,7.9107
BEL,1981,37.12925,,,,,18539741073.8591,,,,,7.9912
BEL,1982,45.69058,,,,,19545394587.8802,,,,,9.30027
BEL,1983,51.13167,,,,,17754310163.1004,,,,,12.36348
BEL,1984,57.78392,,,,,15102823617.1989,,,,,14.80757
BEL,1985,59.378,,,,,16026466437.386,,,,,24.19352
BEL,1986,44.67192,,,,,18899783761.0079,,,,,31.10915
BEL,1987,37.33408,,,,,25898989384.3385,,,,,27.87795
BEL,1988,36.76833,,,,,23145049665.9574,,,,,36.22081
BEL,1989,39.404,,,,,22886849283.09489,,,,,45.59468
BEL,1990,33.41792,0.91319,,,,23788895634.12469,,,,,31.8748
BEL,1991,34.14825,0.90872,,,,22868663721.0972,,,,,33.78142
BEL,1992,32.1495,0.9189,,,,22146931620.7312,,,,,27.30405
BEL,1993,34.59652,0.93347,,,,21197694511.7277,,,,,34.69878
BEL,1994,33.4565,0.9331,,,,23474024353.9273,,,,,34.35297
BEL,1995,29.48002,0.92509,,,,24120462999.8406,,,,,35.21294
BEL,1996,30.96151,0.92759,,,,22609776070.2498,,,,,42.55063
BEL,1997,35.77389,0.92743,,,,20635950073.3991,,,,,54.18675
BEL,1998,36.29864,0.93554,,,,21012750278.4705,,,,,94.39499
BEL,1999,0.93828,0.93135,,,,13346240662.3448,,,,,71.30244
BEL,2000,1.08271,0.89981,,,,12271745172.0012,,,,,77.06348
BEL,2001,1.11653,0.89246,,,,13560301157.335,,,,66.29923,70.05098
BEL,2002,1.05756,0.8733,,,,14697923742.2017,0.81564,,,64.13292,49.36713
BEL,2003,0.88405,0.87618,,,,14448826871.3605,0.7177,,,62.53089,54.56214
BEL,2004,0.80392,0.88842,,,,13990812128.097,0.57398,,,61.84259,74.00773
BEL,2005,0.8038,0.89179,,,,11996383512.5918,0.43607,,,63.59777,74.79129
BEL,2006,0.79643,0.87446,,,,13436681104.332,0.43844,,,65.83362,97.03818
BEL,2007,0.72967,0.87881,,,,16485311239.2754,0.4412,,,68.44385,81.8719
BEL,2008,0.67992,0.86694,,,,15680647981.3649,0.36363,,,62.7583,32.32346
BEL,2009,0.71696,0.84969,,,,23861674312.7943,0.69363,,,58.4658,53.55893
BEL,2010,0.75431,0.83681,,,,26779063929.1965,0.71561,,,56.7855,55.80369
BEL,2011,0.71841,0.83191,,,,29114266148.2486,0.68051,,,55.01453,43.49816
BEL,2012,0.77834,0.82214,,,,30768939403.7021,0.76749,,,54.49033,60.094
BEL,2013,0.75295,0.80617,,,,26946175032.3353,0.65396,,,56.15987,71.42296
BEL,2014,0.75273,0.80021,,,,25444391272.9201,0.60196,,,57.61062,70.3596
BEL,2015,0.9013,0.8,,,,24101851039.0629,0.69906,,,60.80262,89.91673
BEL,2016,0.90342,0.78101,,,,23480922147.45589,0.64531,,,63.61609,79.73159
BEL,2017,0.88521,0.77563,,,,26151437584.4711,0.66347,,,65.33723,87.39985
BEL,2018,0.84677,0.76641,,,,26856799008.9528,0.61452,,,68.16857,59.1726
BEL,2019,0.89328,0.73583,,,,28969986952.2764,0.68104,,,69.36,
BEL,2020,0.87551,0.71617,,,,33296227564.6939,0.85718,,,76.12535,
BEL,2021,0.84549,0.71992,,,,42216681553.49689,0.85938,,,74.7537,
BEL,2022,0.94962,0.69815,,,,42101229345.19489,0.78956,,,72.60224,
BEL,2023,0.92484,0.70347,,,,41674679631.4111,0.78038,,,69.27829,
BEL,2024,0.92389,0.70429,,,,42330768016.1493,0.79143,,,68.09837,
BEL,2025,,0.7135,,,,,,,,,
BEN,1960,245.1951,,,,,,,,,5.01244,
BEN,1961,245.2601,,,,,,,,,5.53633,
BEN,1962,245.01385,,,,,,,10.09842,,6.6805,
BEN,1963,245.01635,,,,,,,9.74019,3.58974,7.13638,
BEN,1964,245.02718,,,,,,,9.27201,1.15512,7.35105,
BEN,1965,245.06093,,,,,,,8.65645,0.32626,6.36214,
BEN,1966,245.67844,,,,,,,8.68021,5.04065,5.7241,
BEN,1967,246.00094,,,,,,,8.38965,-2.16718,6.06657,
BEN,1968,247.56469,,,,,,,9.03497,15.49051,6.35877,
BEN,1969,259.96057,,,,,,,9.94749,17.18044,7.62722,
BEN,1970,276.40314,,,,,,,10.8745,17.24541,8.02358,
BEN,1971,275.35646,,,,,,,13.29113,22.28759,9.25058,
BEN,1972,252.02763,,,,,,,13.43809,13.32464,10.07108,
BEN,1973,222.88918,,,,,,,13.15247,6.39706,11.32806,
BEN,1974,240.70467,,,,,,,13.81865,24.77343,12.32435,
BEN,1975,214.3129,,,,,,,21.96233,72.68687,22.36561,
BEN,1976,238.95049,,,,,,,18.35456,-3.85448,19.2348,
BEN,1977,245.67969,,,,,,,18.94916,13.99563,20.40462,
BEN,1978,225.65586,,,,,,,18.61507,11.73893,21.51728,
BEN,1979,212.72164,,,,,,,16.14547,4.41859,25.16991,
BEN,1980,211.27956,,,,,,,20.43813,48.94332,28.62907,
BEN,1981,271.73145,,,,,,,21.50166,24.31568,24.79777,
BEN,1982,328.60625,,,,,,,23.6289,30.49207,30.22084,
BEN,1983,381.06604,,,,,,,23.2391,-1.46082,31.83996,
BEN,1984,436.95667,,,,,,,24.3231,15.17113,25.44394,
BEN,1985,449.26296,,,,,,,23.75907,-0.08584,30.95551,
BEN,1986,346.3059,,,,,,,23.58805,-2.22021,28.66025,
BEN,1987,300.53656,,,,,,,20.61794,-11.2953,26.5786,
BEN,1988,297.84822,,,,,,,20.27863,1.08259,28.56229,
BEN,1989,319.0083,,,,,,,21.74097,6.46859,21.58168,
BEN,1990,272.26479,117.74878,,,,,,25.11561,28.63155,19.12769,
BEN,1991,282.10691,114.75876,,,,,,26.46787,10.66851,15.38381,
BEN,1992,264.6918,115.5961,,,,,,29.6221,18.71318,11.67448,
BEN,1993,283.16258,115.60513,,,,,,26.49094,-3.10004,10.51454,
BEN,1994,555.2047,151.11093,,,,,,28.44137,47.90092,8.45263,
BEN,1995,499.14843,170.35602,,,,,,22.87363,-1.83678,7.42841,
BEN,1996,511.55243,178.84871,,,,,,23.18018,13.025,8.47764,
BEN,1997,583.66937,182.26494,,,,,,22.12861,4.63993,5.41528,
BEN,1998,589.95177,189.6687,,,,,,19.50703,-3.56075,6.91321,
BEN,1999,615.47335,202.99994,,,,,,16.82628,34.79133,7.14233,
BEN,2000,710.20798,207.1206,,,,,,19.18931,25.96471,7.76143,
BEN,2001,732.39769,206.55059,,,,,,17.9978,0.73925,7.18166,
BEN,2002,693.71323,210.61883,,,,,,14.64104,-11.84829,7.63756,
BEN,2003,579.89743,212.86474,,,,,,16.788,22.24409,9.47282,
BEN,2004,527.33803,208.88605,,,,,,14.03384,-12.03065,9.55935,
BEN,2005,527.25836,211.23184,8.04417,7.6075,3.5961,,,15.45997,16.86038,10.83217,
BEN,2006,522.42562,209.20419,4.73667,7.82167,2.58815,,,18.53484,27.22721,11.31547,
BEN,2007,478.63372,204.4805,4.75167,7.81333,4.34456,,,20.71098,18.89209,13.2973,
BEN,2008,446.00004,213.52311,4.98417,8.12417,-1.36233,,,23.2666,25.42225,14.30247,
BEN,2009,470.29342,217.6038,4.9775,8.57917,2.37743,,,23.95242,8.0105,15.2521,
BEN,2010,494.79426,216.88487,5.11333,8.38667,4.19549,,,25.52344,9.77015,16.06216,
BEN,2011,471.24863,220.43358,5.25592,8.50083,1.46803,,,26.13823,9.3802,16.7677,
BEN,2012,510.55634,233.18614,5.03917,7.9925,-2.46961,,,24.88315,7.46034,16.25163,
BEN,2013,493.89962,229.8616,5.2875,7.65417,3.83659,,,26.86197,17.33267,16.53979,
BEN,2014,493.75733,222.69227,5.33833,7.25833,5.59999,,,29.96543,18.35158,16.52988,
BEN,2015,591.2117,217.4563,5.15417,6.99833,4.26633,,,30.98476,6.13645,15.81043,
BEN,2016,592.60562,210.71178,5.295,6.925,4.5801,,,29.83209,0.17547,,
BEN,2017,580.65675,212.26624,6.93417,5.26667,7.32903,,,28.63099,1.04389,,
BEN,2018,555.44646,215.7384,6.76333,5.39333,6.05231,,,27.9343,4.79889,,
BEN,2019,585.95081,210.40488,6.68833,5.31167,7.11417,,,27.82163,6.01153,,
BEN,2020,574.29455,212.43532,6.5375,5.095,3.55709,,,30.54665,17.30189,,
BEN,2021,554.6078,211.10667,6.25,5.3,4.5575,,,32.72816,16.66648,,
BEN,2022,622.91235,205.2137,,,,,,33.42629,13.01106,,
BEN,2023,606.65498,204.79222,,,,,,30.26849,-0.43389,,
BEN,2024,606.3453,203.09849,,,,,,28.12539,1.41373,,
BFA,1960,245.1951,,,,,,,,,,
BFA,1961,245.2601,,,,,,,,,,
BFA,1962,245.01385,,,,,,,5.93554,,2.46239,
BFA,1963,245.01635,,,,,,,6.32856,10.68841,3.4284,
BFA,1964,245.02718,,,,,,,6.23633,2.61866,3.98846,
BFA,1965,245.06093,,,,,,,6.18485,2.23285,3.93669,
BFA,1966,245.67844,,,,,,,6.21029,3.27613,3.39596,
BFA,1967,246.00094,,,,,,,5.99716,0.45317,3.37284,
BFA,1968,247.56469,,,,,,,6.6629,14.21053,3.55823,
BFA,1969,259.96057,,,,,,,7.00345,14.65438,4.57379,
BFA,1970,276.40314,,,,,,,7.39043,7.5333,4.44341,
BFA,1971,275.35646,,,,,,,7.47393,6.02307,4.59593,
BFA,1972,252.02763,,,,,,,7.26433,6.69823,5.01639,
BFA,1973,222.88918,,,,,,,9.63167,36.75068,6.08911,
BFA,1974,240.70467,,,,,,,9.69738,21.0341,8.50934,
BFA,1975,214.3129,,,,,,,12.07357,38.72127,10.75413,
BFA,1976,238.95049,,,,,,,13.52153,29.72617,13.88708,
BFA,1977,245.67969,,,,,,,12.79977,12.74404,16.58217,
BFA,1978,225.65586,,,,,,,12.76826,19.5148,16.80581,
BFA,1979,212.72164,,,,,,,12.43266,8.76632,15.50708,
BFA,1980,211.27956,,,,,,,13.05966,15.08585,14.78187,
BFA,1981,271.73145,,,,,,,13.20396,19.72641,13.82731,
BFA,1982,328.60625,,,,,,,12.38094,12.02681,13.16061,
BFA,1983,381.06604,,,,,,,13.12848,12.16044,12.79559,
BFA,1984,436.95667,,,,,,,14.54246,15.87329,11.94866,
BFA,1985,449.26296,,,,,,,13.38037,0.60161,13.34491,
BFA,1986,346.3059,,,,,,,16.19348,22.36129,13.90426,
BFA,1987,300.53656,,,,,,,17.90332,11.66228,14.47042,
BFA,1988,297.84822,,,,,,,19.08326,16.61193,14.90149,
BFA,1989,319.0083,,,,,,,18.4878,3.74435,16.45134,
BFA,1990,272.26479,162.6036,,,,,,18.1784,-0.49734,16.90694,
BFA,1991,282.10691,151.04383,,,,,,18.13057,4.46669,12.46413,
BFA,1992,264.6918,148.01377,,,,,,18.76154,3.95647,10.92608,
BFA,1993,283.16258,142.50189,,,,,,19.86546,7.9695,9.77384,
BFA,1994,555.2047,159.94749,,,,,,22.13048,29.38922,7.02603,
BFA,1995,499.14843,167.26815,,,,,,23.97028,22.25657,6.78518,
BFA,1996,511.55243,164.83371,,,,,,22.63043,5.17487,6.91234,
BFA,1997,583.66937,164.56108,,,,,,24.67565,17.72924,11.55208,
BFA,1998,589.95177,175.65364,,,,,,21.52619,1.04461,11.0193,
BFA,1999,615.47335,203.32402,,,,,,17.51094,2.55613,8.99277,
BFA,2000,710.20798,197.19048,,,,,,18.62896,7.50514,10.3364,
BFA,2001,732.39769,200.48791,,,,,,16.28399,-3.11493,9.70867,
BFA,2002,693.71323,203.45512,,,,,,14.68477,-3.01859,8.85871,
BFA,2003,579.89743,202.47832,,,,,,22.69471,69.07792,11.35348,
BFA,2004,527.33803,197.35482,,,,,,20.76003,-4.34147,12.95343,
BFA,2005,527.25836,198.51047,8.86833,7.6075,4.94407,,,17.96416,-2.4562,13.2962,
BFA,2006,522.42562,191.29545,4.73667,7.82167,5.43552,,,18.7748,10.31182,14.67788,
BFA,2007,478.63372,190.89146,4.75167,7.81333,2.20438,,,18.99529,7.9594,12.78456,
BFA,2008,446.00004,204.43781,4.98417,8.12417,-3.82525,,,20.88266,26.9662,15.09096,
BFA,2009,470.29342,208.07222,4.9775,8.57917,2.51158,,,24.45058,23.45351,16.0831,
BFA,2010,494.79426,213.34382,5.11333,8.38667,1.28514,,,25.62624,17.95665,15.63453,
BFA,2011,471.24863,223.11581,5.25592,8.50083,-1.38853,,,25.75645,14.38508,15.37034,
BFA,2012,510.55634,237.59224,5.03917,7.9925,-0.74164,,,26.4212,15.5599,16.64246,
BFA,2013,493.89962,228.40586,5.2875,7.65417,7.57802,,,28.28734,10.85315,20.82104,
BFA,2014,493.75733,227.3232,5.33833,7.25833,5.99592,,,30.28943,11.01774,23.40561,
BFA,2015,591.2117,220.23036,5.15417,6.99833,7.54594,,,35.5971,19.4154,25.03777,
BFA,2016,592.60562,209.02648,5.295,6.925,2.62241,,,36.56257,11.66609,25.80995,
BFA,2017,580.65675,201.59528,6.51167,5.58167,5.02421,,,41.10114,21.07756,27.4216,
BFA,2018,555.44646,208.28419,6.76333,5.39333,5.62891,,,42.12816,10.44188,27.14971,
BFA,2019,585.91101,200.76306,6.68833,5.31167,6.14392,,,43.18177,9.09412,28.34786,
BFA,2020,575.586,199.51709,6.5375,5.095,0.06754,,,46.84462,17.8188,28.67389,
BFA,2021,554.53068,199.72475,6.25,5.3,6.13022,,,51.13213,16.86232,29.48197,
BFA,2022,623.7597,195.08835,,,,,,49.21586,2.35938,31.64931,
BFA,2023,606.56975,192.01527,,,,,,45.50937,-2.88383,31.91024,
BFA,2024,606.3453,205.61082,,,,,,42.30761,6.84767,27.15719,
BGD,1971,7.86884,,,,,,,,,,
BGD,1972,7.70018,,,,,270471434.77789,,,,,
BGD,1973,7.84982,,,,,143195868.26889,,,,,
BGD,1974,8.226,,,,,138200000.0,,13.72832,,2.61181,
BGD,1975,12.18618,,,,,148263262.41257,,8.35373,5.38528,1.91712,
BGD,1976,15.39917,,10.20643,7.6538,33.79506,288917105.66708,3.50909,11.41806,18.95843,2.96541,
BGD,1977,15.3751,,10.20643,7.93727,13.86156,241498645.51987,2.29515,14.25468,24.06555,4.98964,
BGD,1978,15.01612,,10.20643,7.93727,-12.26922,321264479.58015,2.33048,13.38644,26.31245,4.53405,
BGD,1979,15.55192,,10.20643,7.93727,-2.09487,413645589.08729,2.29387,13.90603,22.54833,5.33945,
BGD,1980,15.45406,,10.51571,9.35464,-5.98813,331184644.40916,1.36865,14.19689,20.99696,5.77134,
BGD,1981,17.98669,,11.13429,13.60676,1.12798,159682645.46537,0.63967,14.0729,16.81518,6.77675,
BGD,1982,22.11788,,11.13429,13.60676,1.16377,208528928.65214,0.88894,14.05757,12.07833,7.15571,
BGD,1983,24.61542,,11.13429,13.60676,2.43947,545881210.09342,2.6698,17.50571,40.34157,9.03444,
BGD,1984,25.35393,,11.13429,13.60676,3.02081,408085833.85091,1.65789,21.10456,36.29965,12.55462,
BGD,1985,27.99459,,11.13429,13.60676,-6.21193,356198543.65554,1.46481,19.5926,13.6824,13.03952,
BGD,1986,30.4069,,12.99,13.60676,4.37451,434858727.39668,1.75645,20.19791,16.25634,12.74331,
BGD,1987,30.94983,,14.84571,13.60676,3.35322,876251489.00768,3.3785,20.81079,18.81049,13.21453,
BGD,1988,31.73325,,14.84571,13.60676,6.83736,1076508569.83225,3.66131,21.48481,13.65889,14.41493,
BGD,1989,32.27,,14.84571,13.60676,6.00689,532096252.28796,1.51184,22.87819,18.63655,15.97003,
BGD,1990,34.56881,13.55558,14.84571,13.65211,7.80322,659565596.02936,1.91198,22.44664,10.39977,16.0741,
BGD,1991,36.59618,13.47005,14.76839,13.66345,11.71899,1307945065.41429,3.98698,24.00871,13.70805,15.91991,
BGD,1992,38.95076,13.50999,13.91786,11.86717,11.05036,1853480850.25527,5.16227,24.86765,12.03512,14.54554,
BGD,1993,39.56726,13.2177,13.91786,9.27338,13.74097,2446571611.35799,6.16106,26.20495,10.51421,15.29432,1.3993
BGD,1994,40.21174,13.45466,13.45393,7.26072,9.12576,3174800835.43057,6.84679,28.95216,19.334,16.27119,3.02026
BGD,1995,40.27832,14.11994,12.99,6.85251,5.45528,2376175210.15566,3.66018,28.82792,12.14877,20.88176,5.07705
BGD,1996,41.79417,14.45324,12.99,8.25949,-5.16455,1869479672.24746,2.93493,25.63388,10.73424,18.912,15.89524
BGD,1997,43.89212,14.74817,12.99,9.20062,8.85332,1610776837.04072,2.40642,25.93688,9.74279,19.98663,5.74225
BGD,1998,46.90565,15.27501,12.9325,9.30167,7.82565,1935771266.1379,2.84709,26.23251,11.41402,20.49664,4.06033
BGD,1999,49.0854,15.63136,13.09917,9.4375,8.97864,1634375949.12566,2.13395,27.88516,15.47135,20.98723,3.04578
BGD,2000,52.14167,15.81195,12.755,8.68667,8.9982,1515788656.4122,1.81569,30.55399,19.34713,21.77939,4.10753
BGD,2001,55.80667,15.96805,12.82,9.15333,9.25696,1305630681.37667,1.56412,40.26715,42.99762,24.17959,1.81196
BGD,2002,57.888,16.33581,12.60917,7.9075,8.3897,1721734791.67036,2.18822,42.74018,14.50043,26.20812,27.21299
BGD,2003,58.15004,16.9512,12.0425,7.11,5.88445,2624623706.05726,2.75521,43.98858,14.0683,26.03863,
BGD,2004,59.51266,17.26039,10.39917,5.80167,5.58236,3221759632.8579,2.87524,45.62299,14.12932,27.9134,
BGD,2005,64.32748,17.50321,10.615,5.53417,5.76427,2825004863.68236,2.17086,47.42107,15.81339,29.34383,4.74928
BGD,2006,68.93323,17.9773,11.66417,5.985,5.46699,3877163419.29565,2.61353,50.476,20.21562,31.1657,5.36287
BGD,2007,68.87488,18.63576,12.635,6.99333,5.78911,5277479281.25888,3.04979,50.28191,13.54835,32.04283,10.9692
BGD,2008,68.59828,19.72075,12.88917,7.54667,4.66174,5787356027.09449,2.63271,51.18763,16.40721,34.04219,12.79076
BGD,2009,69.03907,20.92567,13.32667,7.81417,6.14654,10341543873.7536,5.06373,54.88172,20.2444,36.19104,20.42342
BGD,2010,69.64929,22.15153,12.21917,7.21083,4.73612,11174828666.952,4.32088,58.7459,21.07886,40.96132,36.10208
BGD,2011,74.1524,23.40956,13.32167,8.8375,5.0642,9174749651.1268,2.78355,59.81177,16.91537,42.47024,37.08923
BGD,2012,81.86266,23.7355,13.94417,10.21583,5.34333,12754226899.6071,3.85125,60.74246,17.01132,43.00067,
BGD,2013,78.10323,24.85747,13.59333,11.72167,5.98869,18087689200.0619,4.90975,61.39991,14.84981,41.79475,34.10594
BGD,2014,77.64141,25.6504,12.945,9.8,6.88587,22319788312.47969,5.58169,63.33755,15.61022,43.73612,39.597
BGD,2015,77.94691,27.04661,11.70917,8.24417,5.51264,27493077971.9949,6.83091,64.50655,14.89234,44.40697,33.55675
BGD,2016,78.46809,28.18957,10.40917,6.19917,-13.64214,32283838538.9037,7.60388,54.96914,16.69776,37.79864,26.55087
BGD,2017,80.43754,29.35135,9.54,5.60583,4.27654,33431482893.1712,6.76886,55.83754,13.7394,40.44896,29.3392
BGD,2018,83.4662,29.39789,9.65083,6.6575,3.6343,32028383716.59489,5.67627,54.83256,11.50617,40.02474,24.08198
BGD,2019,84.45352,29.59568,9.55583,6.775,5.68956,32696936140.2925,5.85933,54.87025,11.90527,39.03447,18.34018
BGD,2020,84.87139,28.7098,8.295,6.0675,4.28919,43171735335.8,8.65814,57.76306,13.08489,39.16106,24.00497
BGD,2021,85.08376,28.29669,7.32417,5.045,3.07622,46165532457.1555,6.29024,56.63728,9.17571,39.08202,26.24822
BGD,2022,91.74545,27.74717,7.12109,5.55523,1.97248,33747202271.7021,4.18908,54.1177,7.5023,38.95557,25.04289
BGD,2023,106.30948,28.63068,7.57,6.51833,0.62946,21859709190.8892,3.35581,51.21856,7.01325,37.64138,25.50377
BGD,2024,115.60365,29.87879,9.8525,8.51908,2.77841,21394795733.0405,3.07374,48.79743,6.131,35.81117,19.5374
BGR,1960,0.00117,,,,,,,,,,
BGR,1961,0.00117,,,,,,,,,,
BGR,1962,0.00117,,,,,,,,,,
BGR,1963,0.00117,,,,,,,,,,
BGR,1964,0.00117,,,,,,,,,,
BGR,1965,0.00117,,,,,,,,,,
BGR,1966,0.00117,,,,,,,,,,
BGR,1967,0.00117,,,,,,,,,,
BGR,1968,0.00117,,,,,,,,,,
BGR,1969,0.00117,,,,,,,,,,
BGR,1970,0.00117,,,,,,,,,,
BGR,1971,0.00117,,,,,,,,,,
BGR,1972,0.00108,,,,,,,,,,
BGR,1973,0.00098,,,,,,,,,,
BGR,1974,0.00097,,,,,,,,,,
BGR,1990,,0.00069,,,,,,,,,
BGR,1991,0.01779,0.00218,,,,670207829.90459,1.85375,74.53058,,82.80324,
BGR,1992,0.02334,0.0034,74.05,,9.06848,1241109201.35231,2.68126,76.38994,51.66505,74.86454,
BGR,1993,0.02759,0.00502,76.85583,,17.05249,1052450306.21187,2.06157,78.96788,53.878,66.44764,0.11078
BGR,1994,0.05413,0.00848,102.51587,,17.26117,1396927155.27121,3.0617,79.70282,77.48131,49.24791,0.49746
BGR,1995,0.06717,0.0196,79.3615,,-23.95912,1635187896.10957,2.77002,46.1268,40.464,27.53863,0.30614
BGR,1996,0.17789,0.03819,291.05985,,139.96371,864262294.00718,1.58928,60.23527,123.8892,50.70867,0.04555
BGR,1997,1.68188,0.39817,213.01842,,-69.10636,2485359967.63858,6.16205,31.24949,351.44862,8.54615,
BGR,1998,1.76036,0.51871,14.08335,,-14.83205,3056953865.99045,5.57542,25.11982,11.75614,8.94489,0.96015
BGR,1999,1.83638,0.52517,13.49842,,9.85228,3264673603.23939,5.587,30.0908,13.37365,11.47815,0.75155
BGR,2000,2.12328,0.53585,11.34338,3.13848,3.69018,3507198891.18447,5.06209,35.0459,30.80031,11.95557,0.97456
BGR,2001,2.18471,0.55586,11.11077,2.91938,4.70518,3646131847.83261,4.72685,40.06624,25.95804,14.338,0.57955
BGR,2002,2.07698,0.55829,9.20784,2.80317,5.16085,4846429934.1631,6.23124,40.94024,12.34464,18.77728,4.39943
BGR,2003,1.7327,0.55987,8.54337,2.93229,6.21782,6825720112.56369,6.2814,45.76097,20.20424,25.89517,8.30042
BGR,2004,1.57511,0.58031,8.87133,3.04971,3.11585,9337108132.85169,6.19918,50.462,24.00794,33.14464,10.71939
BGR,2005,1.57413,0.5965,8.66098,3.08435,1.93887,8697081081.81402,4.73649,53.72423,21.49319,39.06345,17.02661
BGR,2006,1.55927,0.61836,8.89252,3.17257,2.00086,11756001867.2857,4.91885,59.80663,26.92733,42.45045,30.03144
BGR,2007,1.42905,0.65631,9.99777,3.68195,-0.94881,17544560019.9978,5.27542,66.29251,31.28588,58.45851,48.7667
BGR,2008,1.33712,0.67768,10.86143,4.44464,2.55123,17930378434.452,4.77128,62.89897,8.85665,66.92029,16.30013
BGR,2009,1.40669,0.69286,11.335,6.1775,7.11672,18522121029.1316,7.41732,65.22377,4.17213,68.95857,16.6331
BGR,2010,1.47739,0.67713,11.14437,4.07608,10.30152,17223204558.8009,7.1004,67.75616,6.30451,68.20167,14.55218
BGR,2011,1.40646,0.70108,10.62946,3.36827,4.25644,17215731650.4486,5.58944,70.16451,12.18132,65.27895,14.30837
BGR,2012,1.52205,0.69281,9.71421,3.08417,8.50741,20507099695.0265,6.68144,74.68488,8.43229,65.78329,
BGR,2013,1.47357,0.68001,9.04341,2.41331,8.96501,19883353048.1463,6.02231,81.74372,8.93577,66.18685,
BGR,2014,1.47418,0.66123,8.26264,1.65582,6.83028,20129698078.34669,6.10251,80.81769,1.14403,59.22655,
BGR,2015,1.7644,0.6787,7.44887,0.61389,4.37224,22153050488.9051,7.53795,82.5792,8.76554,54.7946,
BGR,2016,1.76804,0.66666,6.39302,0.17338,2.97072,25176065815.9196,8.4611,83.47602,7.60686,52.01975,
BGR,2017,1.73546,0.67628,5.43956,0.04631,0.59767,28375830876.2925,8.23277,83.4873,7.70576,49.80389,
BGR,2018,1.65704,0.6801,4.96323,0.02746,0.69837,28711039864.6648,7.43394,85.1421,8.77829,50.54061,23.68096
BGR,2019,1.74704,0.6758,4.54921,0.02497,-0.69664,27901750798.61589,7.2316,85.61429,9.88239,49.83248,23.35512
BGR,2020,1.71633,0.6752,4.33663,0.01331,-0.01273,37860001348.6184,10.72841,93.91801,10.88416,51.3032,25.12595
BGR,2021,1.65377,0.69263,4.11618,0.01577,-2.66431,39187742752.2235,8.34001,90.13907,10.69871,48.15346,20.17722
BGR,2022,1.86014,0.71697,3.74596,0.01988,-10.50091,40989114449.5133,7.08688,84.56774,13.1951,44.72881,17.35196
BGR,2023,1.80897,0.73857,4.42983,0.09748,-3.30311,46333887862.1794,7.9722,83.70921,8.69826,45.32494,7.67191
BGR,2024,1.80784,0.75795,4.53578,0.32531,-2.48913,43698277895.9664,7.44882,82.12475,8.73744,47.0679,7.42299
BGR,2025,,0.78715,,,,,,,,,
BHR,1965,,,,,,22700000.0,,,,,
BHR,1966,0.47619,,,,,21545600.0,,,23.04174,,
BHR,1967,0.47619,,,,,28342400.0,,,14.86679,,
BHR,1968,0.47619,,,,,51630300.0,,,18.50913,,
BHR,1969,0.47619,,,,,67942400.0,,,10.20664,,
BHR,1970,0.47619,,,,,71656690.0,,30.26623,16.53829,13.26038,
BHR,1971,0.4748,,,,,96340310.0,,36.48239,29.57864,18.74282,
BHR,1972,0.4386,,,,,98895593.47236,,37.51725,20.17531,22.67906,
BHR,1973,0.39963,,,,,90619113.44534,,32.75653,13.37346,25.10427,
BHR,1974,0.39474,,,,,175720924.29445,,35.44797,46.36176,29.3812,
BHR,1975,0.3955,,,,,310517289.7628,2.43308,42.37986,26.32878,36.98277,
BHR,1976,0.3956,,,6.5,,456619581.36946,2.65645,48.55713,64.92585,42.81369,
BHR,1977,0.39565,,,6.5,,528660973.35627,2.53482,45.96814,19.07923,39.48334,
BHR,1978,0.38745,,,6.5,,527347411.35471,2.33511,49.10146,19.47004,36.9688,
BHR,1979,0.38162,,,6.83333,,690672790.51847,2.62937,42.8724,2.55041,36.35037,
BHR,1980,0.377,,,7.875,,1041823487.37736,3.13838,42.63744,26.66372,33.02539,
BHR,1981,0.376,,,9.0,,1603748400.16344,4.08243,51.31116,35.49365,32.8796,
BHR,1982,0.376,,,8.58333,,1603323223.25702,4.37376,28.4185,-41.77371,34.94217,
BHR,1983,0.376,,,7.0,,1483581781.69413,4.63664,53.72665,93.68917,38.00371,
BHR,1984,0.376,,,7.0,,1348689378.04276,3.91488,49.57333,-3.51908,38.3407,
BHR,1985,0.376,,,6.70833,,1708764499.12126,5.15543,57.85632,9.12668,38.32918,
BHR,1986,0.376,,8.95833,5.58333,31.89908,1548021883.66176,5.86602,67.82908,-2.00784,43.37852,
BHR,1987,0.376,,7.5,5.0,6.79616,1221128525.51461,4.01936,66.78038,9.40848,34.34106,
BHR,1988,0.376,,7.8,5.5,5.67651,1313227478.60343,4.42979,63.65535,4.04233,31.05918,
BHR,1989,0.376,,8.41148,7.33333,4.26721,1110178756.53796,3.23775,63.714,4.44929,29.20263,
BHR,1990,0.376,0.13058,8.41148,7.5,3.41973,1292613497.46055,1.67258,51.46805,-11.56314,26.24531,
BHR,1991,0.376,0.12393,9.37633,,11.47487,1567656863.35092,2.43009,58.10455,23.20851,31.01454,
BHR,1992,0.376,0.11689,11.7266,3.625,15.81804,1448449006.73065,2.45176,59.19942,4.86036,33.29987,
BHR,1993,0.376,0.11073,10.83597,3.025,14.2943,1360774758.8412,2.44604,57.18367,5.72782,36.81484,
BHR,1994,0.376,0.11636,10.71227,4.0,3.15014,1227157593.41564,1.97023,56.60719,5.98352,38.44027,
BHR,1995,0.376,0.11521,11.70186,5.7,10.4967,1337941165.96901,1.94182,57.8793,7.42458,37.89921,
BHR,1996,0.376,0.11336,12.32035,5.175,12.09982,1373829388.7828,1.9418,57.20635,3.10196,36.59606,67.90684
BHR,1997,0.376,0.11248,12.19665,5.275,11.16094,1333801422.74692,1.79432,59.29275,7.84852,39.57639,108.50198
BHR,1998,0.376,0.10338,11.79587,4.735,20.28486,1122372720.21103,1.51731,71.08025,16.75676,44.03556,96.27268
BHR,1999,0.376,0.10464,11.73402,4.795,8.84268,1412574532.29932,1.77355,69.12414,4.1241,46.01328,95.09025
BHR,2000,0.376,0.11698,11.6029,5.8175,-2.37891,1605306697.72147,1.64878,63.28995,10.22129,40.51179,73.09306
BHR,2001,0.376,0.11056,10.69248,2.7075,14.5456,1725453561.44654,2.32364,69.80637,9.24097,41.81568,73.52223
BHR,2002,0.376,0.11258,8.40653,1.335,4.82736,1777159820.10789,2.72442,72.06706,10.33846,44.53831,78.0117
BHR,2003,0.376,0.1199,8.29521,1.475,-0.28303,1840973997.58306,2.77373,66.39632,6.357,42.12549,86.92507
BHR,2004,0.376,0.12959,7.90432,1.5425,-2.78109,2006203184.74825,2.13246,58.23676,4.14724,43.94292,102.97099
BHR,2005,0.376,0.14291,7.82185,3.1425,-5.19903,2051923931.62393,1.56684,58.50414,21.99123,43.68435,108.74269
BHR,2006,0.376,0.1509,7.97524,4.37,-0.79675,2895643505.16611,1.77487,58.00549,14.89358,44.87776,114.14571
BHR,2007,0.376,0.15931,8.26634,4.485,-0.15612,4342187749.57617,2.23645,68.80869,39.29978,53.11805,124.65877
BHR,2008,0.376,0.17406,8.22346,1.6475,-2.82102,4050919098.60004,2.00144,69.59958,19.67983,64.21338,77.58323
BHR,2009,0.376,0.15052,7.94143,1.58167,24.06197,4008299045.06263,3.11648,82.54481,5.8097,71.43727,70.89753
BHR,2010,0.376,0.16656,7.2475,1.225,-4.24925,5299463737.03105,3.75492,78.05795,10.50946,64.93767,74.83303
BHR,2011,0.376,0.17868,6.79083,1.0225,-2.46162,4774194828.72021,2.3412,72.32537,3.40133,66.90659,55.45755
BHR,2012,0.376,0.17529,6.035,1.08417,3.01266,5454261306.90609,2.27248,70.43294,4.05281,66.51723,
BHR,2013,0.376,0.18022,5.935,1.05833,5.40814,5527718440.19012,2.09918,72.01926,8.2022,66.98764,
BHR,2014,0.376,0.18317,5.86833,0.98167,7.41559,6229406002.51976,2.46566,74.61488,6.51156,61.3348,63.46254
BHR,2015,0.376,0.18578,5.16083,0.99333,15.25318,3546207932.1998,1.61971,82.12525,2.94603,70.55008,59.19163
BHR,2016,0.376,0.18868,,,,2611989314.00793,1.2464,,,,57.23589
BHR,2017,0.376,0.1857,,,,2823123079.34136,1.21101,,,,58.3424
BHR,2018,0.376,0.19037,,,,2334278370.00966,0.88803,,,,55.25364
BHR,2019,0.376,0.18109,,,,3902650742.43905,1.54585,,,,66.46329
BHR,2020,0.376,0.17129,,,,2523073657.45374,1.0548,,,,68.6655
BHR,2021,0.376,0.18575,,,,4993195962.86457,1.81003,,,,70.24498
BHR,2022,0.376,0.18575,,,,4774898054.78218,1.46268,,,,65.1388
BHR,2023,0.376,0.17162,,,,5117552034.50774,1.53806,,,,44.60983
BHR,2024,0.376,0.16656,,,,4948702759.13155,1.41651,,,,43.31937
BHS,1960,1.02041,,,,,,,,,,
BHS,1961,1.02041,,,,,,,,,,
BHS,1962,1.02041,,,,,,,,,,
BHS,1963,1.02041,,,,,,,,,,
BHS,1964,1.02041,,,,,,,,,,
BHS,1965,1.02041,,,,,,,,,,
BHS,1966,1.0,,,,,,,,,,
BHS,1967,1.0,,,,,,,,,,
BHS,1968,1.0,,,,,44400000.0,,,,,
BHS,1969,1.0,,,,,26070000.0,,37.27492,,,
BHS,1970,1.0,,,,,21680000.0,,34.03151,-8.56574,,
BHS,1971,1.0,,,,,29500000.0,,32.99616,3.05011,,
BHS,1972,1.0,,,,,37060000.0,,34.60822,8.08668,,
BHS,1973,1.0,,,,,43150000.0,,30.9137,1.41809,62.75153,
BHS,1974,1.0,,,,,49791749.35859,,32.96964,0.53038,51.34409,
BHS,1975,1.0,,,,,53283293.06953,,38.34284,9.64029,60.24824,
BHS,1976,1.0,,9.5,,6.94439,47419157.56272,0.9376,42.56346,19.55381,51.39386,
BHS,1977,1.0,,9.5,,7.63924,68502133.00237,1.19776,39.35484,2.67106,49.53717,
BHS,1978,1.0,,9.5,,7.09268,61011359.6372,0.91574,38.23883,13.4355,46.19173,
BHS,1979,1.0,,9.125,,0.52592,86298283.6252,1.06783,32.22495,15.39428,38.74364,
BHS,1980,1.0,,10.83333,,0.75129,92269277.88023,0.91356,31.54347,14.67465,38.643,
BHS,1981,1.0,,11.0,,-5.68309,100205503.19483,0.94222,32.76551,10.96866,39.90186,
BHS,1982,1.0,,11.0,,7.04469,113488532.44093,1.08429,34.22036,15.55413,39.64392,
BHS,1983,1.0,,11.0,,4.73974,121973941.27893,1.08445,35.24354,13.07165,39.05817,
BHS,1984,1.0,,11.0,,7.58792,161141024.7222,1.37375,32.71765,9.34993,36.09818,
BHS,1985,1.0,,10.33333,6.39833,1.72653,182475237.25835,1.44249,30.45202,5.8251,36.2089,
BHS,1986,1.0,,9.25,5.57,4.38524,231498467.82381,1.77882,31.4095,9.89104,39.66431,
BHS,1987,1.0,,9.0,5.5,2.2645,170115271.74453,1.22871,33.09506,15.658,42.74503,
BHS,1988,1.0,,9.0,5.97,7.40576,172036083.48697,1.24641,34.547,8.38343,44.02924,
BHS,1989,1.0,,9.0,6.48333,7.05884,146838360.44892,0.87166,34.30438,7.89933,43.49118,
BHS,1990,1.0,0.98149,9.0,6.57083,3.7367,158165375.36811,0.92229,38.75869,16.82216,46.3108,
BHS,1991,1.0,0.97365,9.0,6.91667,6.28284,181313537.59888,1.10316,42.05827,6.63353,48.70531,
BHS,1992,1.0,0.98914,8.08333,6.13333,4.02074,155332535.37201,1.10577,44.39691,5.4872,50.81377,
BHS,1993,1.0,0.958,7.45833,5.19,8.38173,172283366.87449,1.18916,51.84023,16.12693,53.9489,
BHS,1994,1.0,0.95845,6.875,4.30083,4.59139,176619981.95628,1.15199,53.47653,8.72793,57.0267,
BHS,1995,1.0,0.9463,6.75,4.19667,5.90022,179199375.08176,1.07166,55.1706,8.54946,60.07874,
BHS,1996,1.0,0.93844,6.75,5.13583,5.70956,171391392.40069,0.91956,55.36714,5.62427,62.34968,
BHS,1997,1.0,0.94031,6.75,5.22833,-38.37654,227046333.54561,1.08765,38.96374,23.47733,40.28459,
BHS,1998,1.0,0.95821,6.75,5.3625,3.59157,346518164.92189,1.35297,41.97289,16.24335,41.51483,
BHS,1999,1.0,0.99162,6.375,4.5725,1.35688,410499712.19793,1.5736,41.26957,10.56449,41.10819,
BHS,2000,1.0,0.9786,6.0,4.07917,5.03087,349644583.1607,1.21058,42.91974,9.31223,44.8067,
BHS,2001,1.0,0.96043,6.0,4.24583,5.62698,319252843.72816,1.21205,43.72054,4.90999,46.91368,
BHS,2002,1.0,0.98319,6.0,4.25167,1.96183,380645829.41791,1.49406,42.16792,2.98081,45.82397,
BHS,2003,1.0,0.97529,6.0,3.94917,4.7898,491108558.1631,1.91184,43.77295,3.6769,46.16075,
BHS,2004,1.0,0.9611,6.0,3.825,4.74826,674401942.81206,2.40917,46.83119,9.22039,47.92116,
BHS,2005,1.0,0.979,5.54167,3.22333,0.46229,586297936.22617,1.78437,47.78471,10.83548,50.36396,
BHS,2006,1.0,0.95758,5.5,3.35833,4.63343,461331327.06299,1.17418,49.81681,7.76137,56.61019,
BHS,2007,1.0,0.9598,5.5,3.69083,2.47896,464482895.39389,1.13998,52.72293,10.52912,58.56283,
BHS,2008,1.0,0.95568,5.5,3.92083,3.95255,567909087.74454,1.4196,55.98043,5.25517,62.10146,
BHS,2009,1.0,0.93998,5.5,3.7825,6.60483,1009823819.80338,3.07427,60.01427,1.66483,66.07921,
BHS,2010,1.0,0.92504,5.5,3.44083,5.91579,1044153800.49773,3.09666,62.61465,5.5224,65.14814,
BHS,2011,1.0,0.89856,5.0625,2.63369,5.97238,1070217424.65299,2.82285,64.30663,2.44474,66.01393,
BHS,2012,1.0,0.91998,4.75,2.01208,2.84697,846941347.75579,1.93941,62.19865,2.96444,61.84191,
BHS,2013,1.0,0.91247,4.75,1.68,4.13155,807408405.00746,1.87359,64.00104,0.54526,62.19106,
BHS,2014,1.0,0.9184,4.75,1.4175,0.32716,874337064.77897,1.88526,61.12397,1.55661,58.06753,
BHS,2015,1.0,0.95587,4.75,1.405,-0.44783,895475136.25196,2.29664,57.30125,-0.37552,54.0836,
BHS,2016,1.0,0.94831,4.75,1.24167,3.16121,1001933945.18352,2.42753,62.115,8.79728,51.94219,
BHS,2017,1.0,0.9298,4.25,0.99417,2.86428,1413972940.8557,3.18338,60.36191,1.80717,,
BHS,2018,1.0,0.92661,4.25,0.84083,3.6496,1345344674.14448,2.7644,59.22545,1.05205,,
BHS,2019,1.0,0.93145,4.25,0.58833,-0.18869,1757782753.50027,3.852,63.2408,10.59308,,
BHS,2020,1.0,0.96229,4.25,0.45229,6.73005,2382077961.01193,7.3561,80.80524,-0.26764,,
BHS,2021,1.0,0.97757,4.25,0.52196,5.53775,2432716261.37974,5.10938,72.5873,4.33873,,
BHS,2022,1.0,0.95014,4.25,0.5175,0.12085,2609421074.79741,4.62434,68.7589,9.36159,,
BHS,2023,1.0,0.97804,4.25,0.53833,-2.24129,2511681591.43478,4.17334,,,,
BHS,2024,1.0,0.9577,4.25,0.54271,3.95019,2632098082.6404,3.95321,,,,
BIH,1990,,0.00024,,,,,,,,,
BIH,1991,,0.00034,,,,,,,,,
BIH,1992,,0.00486,,,,,,,,,
BIH,1993,,0.36269,,,,,,,,,
BIH,1994,,0.52952,,,,,,,,,
BIH,1995,,0.58806,,,,,,,,,
BIH,1996,,0.58695,,,,,,,,,
BIH,1997,1.73406,0.64134,,,,80406088.86207,,23.47792,,,
BIH,1998,1.75967,0.61873,,,,174530374.66396,0.51041,25.17838,22.01155,,
BIH,1999,1.8358,0.66155,,,,452403157.49156,1.21214,27.03645,27.52175,,
BIH,2000,2.12286,0.68502,,,,496626475.4249,1.40762,21.89266,11.2504,,
BIH,2001,2.18566,0.70437,,,,1233132927.04397,3.32224,36.28661,77.78765,,
BIH,2002,2.07817,0.71574,12.69583,4.52833,7.32132,1336266925.26077,3.3049,36.26905,10.23371,,
BIH,2003,1.73293,0.7168,10.87,4.025,9.32754,1813519793.37355,3.54372,37.31767,8.37798,,
BIH,2004,1.57516,0.71446,10.28167,3.72083,7.94787,2427266571.09408,4.01274,42.70223,24.29731,,
BIH,2005,1.57272,0.72343,9.6125,3.56417,3.22396,2547614646.93942,3.77303,45.75035,18.20266,,
BIH,2006,1.55907,0.71862,8.01417,3.69333,0.19855,3671010361.24336,5.191,49.36778,22.62154,47.77516,
BIH,2007,1.429,0.73094,7.1725,3.55583,0.91993,5041780928.68635,6.32012,53.01261,20.71751,60.22376,
BIH,2008,1.3352,0.75286,6.97833,3.485,-0.33449,4479825860.3902,4.50524,48.74459,4.06655,65.61372,
BIH,2009,1.40789,0.73484,7.9325,3.6,7.73269,4575111866.53329,6.20839,51.24939,2.16892,64.06832,
BIH,2010,1.47674,0.73245,7.88833,3.15917,6.39214,4411161779.56729,5.80977,53.72429,7.22357,61.84531,
BIH,2011,1.40694,0.71816,7.43167,2.79583,4.88042,4247540639.15232,4.66279,54.96255,5.79893,60.54884,
BIH,2012,1.52221,0.70594,7.32892,3.17733,6.48156,4389987070.50249,5.24679,56.85795,3.41481,61.71593,
BIH,2013,1.47305,0.68616,7.03605,3.00617,7.27648,4984005030.66018,5.86502,60.09834,7.94042,60.83445,
BIH,2014,1.47417,0.68721,6.64151,2.66179,5.5853,4860208933.35913,5.29764,63.12045,7.30324,60.21667,
BIH,2015,1.76349,0.69409,5.78889,2.05966,4.33293,4790984890.64006,6.2913,64.45867,7.98119,57.96827,
BIH,2016,1.76814,0.67557,5.23817,1.58257,3.85348,5136418168.10228,6.51276,66.73547,8.31412,57.17118,
BIH,2017,1.73535,0.68067,4.37958,1.20899,2.55542,6473729518.60967,7.00829,69.54213,9.49983,57.52365,
BIH,2018,1.65699,0.67444,3.79028,0.98174,0.97298,6808433501.27295,6.64613,71.27228,9.38125,56.65951,
BIH,2019,1.74709,0.65107,3.28723,0.91289,0.79461,7207699940.37336,7.283,73.58609,8.85292,57.1691,
BIH,2020,1.71697,0.64298,3.07187,0.7958,3.00786,8707117939.31001,10.06339,81.34472,7.27725,57.65856,
BIH,2021,1.65361,0.65969,3.20129,0.57641,-1.67836,9475044026.14547,8.26117,80.50916,11.56357,53.28938,
BIH,2022,1.85933,0.65743,3.36082,0.64137,-7.55577,8761700726.02153,6.4664,72.86604,5.47159,48.09929,
BIH,2023,1.8092,0.67047,4.11153,1.17539,-2.96361,9204916833.8925,6.65854,71.69606,7.67395,47.34475,
BIH,2024,1.80756,0.6755,4.45017,1.61028,0.30393,9418858050.22744,6.48582,73.10588,9.33654,48.26738,
BLR,1990,,0.0,,,,,,,,,
BLR,1991,,0.0,,,,,,,,,
BLR,1992,,0.0,21.0,,-89.29939,,,,,,
BLR,1993,,0.0,71.625,65.075,-85.18833,,,,,,
BLR,1994,0.00036,4e-05,148.5,89.6,-87.85286,100987552.59076,0.37537,39.0053,,,
BLR,1995,0.00115,0.00031,175.0,100.81667,-63.88726,377020387.88176,0.77933,14.77267,158.4137,,
BLR,1996,0.00132,0.00047,62.33333,32.35833,5.60716,469150024.05359,0.76291,14.24994,52.4269,,
BLR,1997,0.0026,0.00079,31.8,15.64167,-23.21566,393699160.77339,0.53648,15.75096,111.35961,,
BLR,1998,0.00461,0.00138,26.99167,14.33333,-28.08283,702756649.05935,1.02389,30.94054,276.00421,,
BLR,1999,0.02493,0.00566,51.04167,23.8,-63.76103,294270277.25056,0.52564,16.70296,132.65205,,
BLR,2000,0.08768,0.01579,67.66667,37.55,-41.22955,350495841.3,0.54713,17.6675,219.26779,,
BLR,2001,0.139,0.02773,46.96667,34.175,-18.14019,390676493.5288,0.54878,14.92027,58.78201,,
BLR,2002,0.17909,0.03956,36.88333,26.85,-5.52847,687361275.14858,0.89908,14.60898,49.02853,,
BLR,2003,0.20513,0.0507,23.975,17.44167,-5.13472,636538852.30909,0.65364,16.11862,54.34536,,
BLR,2004,0.21603,0.06057,16.90833,12.71667,-4.70086,836974642.74132,0.60398,17.6819,49.98117,,
BLR,2005,0.21538,0.06987,11.35833,9.23333,-6.39967,1341819426.53213,0.92482,19.31942,42.20928,,
BLR,2006,0.21446,0.07506,8.84167,7.68333,-1.72187,1386410520.73253,0.71075,22.08468,39.2605,,
BLR,2007,0.21461,0.08249,8.575,8.30833,-3.80757,4178575862.32941,1.65317,25.22096,39.98746,24.80388,
BLR,2008,0.21364,0.0981,8.55,8.525,-10.4473,3063153364.72563,0.87504,23.85462,26.34081,28.63419,
BLR,2009,0.2793,0.10652,11.675,10.68333,2.21158,5640214197.2805,2.16762,26.81872,23.08049,35.93563,
BLR,2010,0.29785,0.11718,9.21667,9.09167,-1.90734,5025440611.53054,1.57038,29.48402,31.89198,42.81137,
BLR,2011,0.49746,0.19605,13.575,13.30833,-33.48902,7863285897.42622,1.89429,36.19109,121.23945,37.95862,
BLR,2012,0.83369,0.32001,19.49167,22.3,-31.81321,8094992776.16544,1.88834,29.45377,45.05445,21.77756,
BLR,2013,0.88801,0.37353,19.13333,20.25833,-1.75624,6654216939.69032,1.59924,28.82214,19.84765,22.9262,
BLR,2014,1.02241,0.44796,18.74167,18.58333,0.46455,5067715364.28753,1.29096,29.71518,23.8667,23.63266,0.72933
BLR,2015,1.5926,0.52406,18.08333,19.90833,1.77624,4172797260.41231,1.39985,36.36297,36.54154,27.88282,0.94591
BLR,2016,1.98956,0.56229,14.4,14.64167,5.59163,4907608003.26984,1.79421,35.7402,3.79608,25.71703,2.59568
BLR,2017,1.93234,0.60714,9.65871,6.99911,0.95336,7315236708.51959,2.22679,37.68248,17.42621,26.23611,
BLR,2018,2.03761,0.64712,8.69583,5.92083,-3.07064,7157559690.48716,1.92286,35.34419,8.49307,27.61409,
BLR,2019,2.09178,0.64135,9.02333,6.5075,0.41109,9393817368.90426,2.48198,36.00456,12.20548,28.76888,
BLR,2020,2.43958,0.64175,9.0325,6.60833,-2.54293,7468343228.01747,2.31623,33.93026,4.72269,32.5083,
BLR,2021,2.53868,0.68863,10.1175,8.35417,-4.5168,8424740406.10704,2.06532,30.72804,6.98965,29.17299,4.06279
BLR,2022,2.6261,0.73848,12.71583,8.42083,-1.888,7923329893.42426,2.02887,,,,3.38408
BLR,2023,3.00735,0.77019,9.96231,4.85229,1.77289,8117798862.30498,1.88919,,,,4.72221
BLR,2024,3.24619,0.81795,9.99167,5.5625,1.12514,8912194598.43983,1.9522,,,,7.91343
BLZ,1960,1.42857,,,,,,,,,,
BLZ,1961,1.42857,,,,,,,,,,
BLZ,1962,1.42857,,,,,,,,,,
BLZ,1963,1.42857,,,,,,,,,,
BLZ,1964,1.42857,,,,,,,,,,
BLZ,1965,1.42857,,,,,,,,,,
BLZ,1966,1.42857,,,,,,,,,,
BLZ,1967,1.44841,,,,,,,,,,
BLZ,1968,1.66667,,,,,,,,,,
BLZ,1969,1.66667,,,,,,,,,,
BLZ,1970,1.66667,,,,,,,,,,
BLZ,1971,1.64368,,,,,,,,,,
BLZ,1972,1.60156,,,,,,,,,,
BLZ,1973,1.63268,,,,,,,,,,
BLZ,1974,1.71093,,,,,,,,,,
BLZ,1975,1.80804,,,,,,,,,,
BLZ,1976,2.22567,,,7.1,,5490665.5871,,33.12355,,26.68394,
BLZ,1977,2.0,,,6.7,,8020500.0,,31.20697,2.58452,22.38802,
BLZ,1978,2.0,,,6.8,,13978000.0,,34.09024,26.5559,20.2942,
BLZ,1979,2.0,,,6.8,,10463000.0,,31.5998,3.23577,23.2971,
BLZ,1980,2.0,,,11.175,,12675500.0,,21.01709,12.77818,15.01845,
BLZ,1981,2.0,,,14.675,,10334500.0,,22.59099,8.88757,17.40978,
BLZ,1982,2.0,,14.59167,14.86667,20.08806,9837496.64181,,25.15973,6.15981,21.65761,
BLZ,1983,2.0,,14.59167,11.3,6.31368,9305511.47699,,28.25844,18.46181,22.34618,
BLZ,1984,2.0,,14.59167,9.075,5.50666,6072200.27825,0.454,26.62821,4.36761,20.00034,
BLZ,1985,2.0,,14.59167,11.625,16.9737,14812996.72949,1.15052,29.19109,8.47313,20.96606,
BLZ,1986,2.0,,14.69167,11.83333,10.59172,26897012.7343,2.01665,31.95762,18.69888,19.22408,
BLZ,1987,2.0,,14.14167,9.58333,6.08761,36414762.30334,2.34619,32.55861,21.37361,19.75249,
BLZ,1988,2.0,,13.55833,8.41667,9.77936,51657192.87858,2.69165,29.91007,4.3294,23.48428,
BLZ,1989,2.0,,13.76667,7.85833,10.33448,59880053.35506,2.66035,29.24751,13.94499,23.52627,
BLZ,1990,2.0,1.33709,14.04167,8.14167,14.05299,69781501.89925,3.11062,30.25098,15.15165,24.5407,
BLZ,1991,2.0,1.26273,14.24167,8.41667,17.01192,53016557.66783,2.04631,30.51843,10.09719,27.74526,
BLZ,1992,2.0,1.27693,14.31667,8.15,10.52699,52942515.77818,1.82089,29.56883,12.97351,26.73473,
BLZ,1993,2.0,1.27069,14.36667,8.13333,12.26708,38746495.10167,1.26899,28.24294,3.27456,25.65572,
BLZ,1994,2.0,1.27677,14.775,8.55,11.8406,34521492.18168,1.19036,29.83307,8.37997,26.2535,
BLZ,1995,2.0,1.31667,15.69167,9.36667,9.88217,37608482.6699,1.28733,33.24685,18.19333,26.6579,
BLZ,1996,2.0,1.32846,16.3,9.075,13.19522,58401982.78437,1.98413,34.43203,7.58151,28.10826,
BLZ,1997,2.0,1.28615,16.29167,9.18583,18.08106,59415503.24722,1.7589,37.4119,11.5392,30.93241,
BLZ,1998,2.0,1.30292,16.5,8.75583,13.72268,44084978.80457,1.23255,37.21981,5.8838,32.8682,
BLZ,1999,2.0,1.2634,16.2725,8.12167,18.23573,71305511.29104,1.66123,40.04254,15.76711,32.06615,
BLZ,2000,2.0,1.25309,16.005,7.69417,14.36869,122898988.20273,2.26866,39.54015,12.41811,29.86057,
BLZ,2001,2.0,1.20199,15.45417,6.35333,17.71259,112041498.81103,2.0253,42.31364,10.20251,32.8925,
BLZ,2002,2.0,1.19182,14.83417,6.28,14.04141,114506518.22321,1.98556,41.03996,2.93708,35.53804,
BLZ,2003,2.0,1.12089,14.345,6.93417,19.22711,84684001.23029,1.36148,40.94474,4.93065,38.62892,
BLZ,2004,2.0,1.11493,13.94167,7.41917,11.55109,48253483.79204,0.78971,43.28872,13.1531,40.16988,
BLZ,2005,2.0,1.11353,14.255,7.71167,10.92079,71357473.86455,1.03892,43.81565,6.57351,40.1065,
BLZ,2006,2.0,1.11503,14.20917,8.155,10.64369,113721680.97654,1.54127,47.30686,16.47508,42.22439,
BLZ,2007,2.0,1.12697,14.33333,8.3225,10.13742,108512535.02095,1.3441,50.87651,15.3711,45.55002,
BLZ,2008,2.0,1.14522,14.14083,8.4575,10.1994,166162897.20763,1.76625,56.56276,13.27888,49.40663,
BLZ,2009,2.0,1.11013,14.08167,8.3725,16.96579,213683331.63322,2.86505,62.00105,6.43416,52.87538,
BLZ,2010,2.0,1.12054,13.88333,7.76083,11.47089,217999757.44109,2.6921,59.77102,-0.1144,49.83459,
BLZ,2011,2.0,1.15123,13.36333,6.44083,8.11082,237114250.35197,2.70419,60.08996,5.28086,47.62181,
BLZ,2012,2.0,1.23238,12.44083,4.4125,11.66244,288924768.78487,3.01903,63.72997,11.00888,46.47995,
BLZ,2013,2.0,1.25078,11.56917,3.585,9.36812,402752296.21301,4.00172,60.84374,1.35295,44.87033,
BLZ,2014,2.0,1.2915,10.82178,2.89706,9.58641,486876774.5417,4.4899,62.48256,7.89332,44.69447,
BLZ,2015,2.0,1.2905,10.32028,2.6006,10.52995,437151657.93858,4.0812,65.52622,7.5615,45.89121,
BLZ,2016,2.0,1.3067,9.84091,2.29776,7.53969,376735092.70548,3.62359,65.86523,2.64908,44.73529,
BLZ,2017,2.0,1.33145,9.4625,2.11943,6.20279,312140148.19432,2.95842,64.85732,-0.36849,44.37637,
BLZ,2018,2.0,1.26605,9.115,1.99917,9.05493,294468435.05729,2.69768,65.99807,2.65189,45.33085,
BLZ,2019,2.0,1.17555,9.06667,1.95083,9.15961,277578761.13672,2.41959,66.29803,4.64127,45.96265,
BLZ,2020,2.0,1.08696,8.73417,2.18,9.36607,348090076.01987,4.31497,86.30461,11.92263,55.07824,
BLZ,2021,2.0,1.04862,8.43833,2.22917,7.85713,420102782.49948,3.78004,81.76898,12.3915,47.61784,
BLZ,2022,2.0,1.05016,8.52349,2.22239,1.15265,482145605.52878,3.36732,72.19037,3.48102,42.48679,
BLZ,2023,2.0,1.08155,8.4375,2.0825,1.63355,473729034.12849,3.3338,72.85435,8.21445,42.03926,
BLZ,2024,2.0,1.07082,8.41744,2.06812,6.91843,498087320.73957,3.18652,75.91133,9.35976,41.27759,
BMU,1960,0.85714,,,,,,,,,,
BMU,1961,0.85714,,,,,,,,,,
BMU,1962,0.85714,,,,,,,,,,
BMU,1963,0.85714,,,,,,,,,,
BMU,1964,0.85714,,,,,,,,,,
BMU,1965,0.85714,,,,,,,,,,
BMU,1966,0.85714,,,,,,,,,,
BMU,1967,0.86904,,,,,,,,,,
BMU,1968,1.0,,,,,,,,,,
BMU,1969,1.0,,,,,,,,,,
BMU,1970,1.0,,,,,,,,,,
BMU,1971,1.0,,,,,,,,,,
BMU,1972,1.0,,,,,,,,,,
BMU,1973,1.0,,,,,,,,,,
BMU,1974,1.0,,,,,,,,,,
BMU,1975,1.0,,,,,,,,,,
BMU,1976,1.0,,,,,,,,,,
BMU,1977,1.0,,,,,,,,,,
BMU,1978,1.0,,,,,,,,,,
BMU,1979,1.0,,,,,,,,,,
BMU,1980,1.0,,,,,,,,,,
BMU,1981,1.0,,,,,,,,,,
BMU,1982,1.0,,,,,,,,,,
BMU,1983,1.0,,,,,,,,,,
BMU,1984,1.0,,,,,,,,,,
BMU,1985,1.0,,,,,,,,,,
BMU,1986,1.0,,,,,,,,,,
BMU,1987,1.0,,,,,,,,,,
BMU,1988,1.0,,,,,,,,,,
BMU,1989,1.0,,,,,,,,,,
BMU,1990,1.0,0.8734,,,,,,,,,
BMU,1991,1.0,0.89916,,,,,,,,,
BMU,1992,1.0,0.90386,,,,,,,,,
BMU,1993,1.0,0.92882,,,,,,,,,
BMU,1994,1.0,0.92722,,,,,,,,,
BMU,1995,1.0,0.94612,,,,,,,,,
BMU,1996,1.0,1.20195,,,,,,,,,
BMU,1997,1.0,1.22912,,,,,,,,,
BMU,1998,1.0,1.24878,,,,,,,,,
BMU,1999,1.0,1.26475,,,,,,,,,
BMU,2000,1.0,1.18434,,,,,,,,,61.66279
BMU,2001,1.0,1.1424,,,,,,,,,69.50175
BMU,2002,1.0,1.22145,,,,,,,,,54.68314
BMU,2003,1.0,1.23163,,,,,,,,,69.28658
BMU,2004,1.0,1.25566,,,,,,,,,41.23885
BMU,2005,1.0,1.29981,,,,,,,,,43.64669
BMU,2006,1.0,1.32873,,,,,,,,,44.00277
BMU,2007,1.0,1.37874,,,,,,,,,40.35924
BMU,2008,1.0,1.42178,,,,,,,,,27.39728
BMU,2009,1.0,1.42782,,,,,,,,,20.43555
BMU,2010,1.0,1.44222,,,,,,,,,23.13579
BMU,2011,1.0,1.3968,,,,,,,,,19.52163
BMU,2012,1.0,1.44924,,,,,,,,,23.31226
BMU,2013,1.0,1.42205,,,,,,,,,22.68876
BMU,2014,1.0,1.40247,,,,,,,,,24.96855
BMU,2015,1.0,1.3807,,,,,,,,,27.80057
BMU,2016,1.0,1.35237,,,,,,,,,36.54581
BMU,2017,1.0,1.31114,,,,,,,,,38.06594
BMU,2018,1.0,1.31667,,,,,,,,,33.1194
BMU,2019,1.0,1.27272,,,,,,,,,39.94496
BMU,2020,1.0,1.25638,,,,,,,,,3.20006
BMU,2021,1.0,1.22146,,,,,,,,,3.36075
BMU,2022,1.0,1.15666,,,,,,,,,2.62878
BMU,2023,1.0,1.15941,,,,,,,,,2.23446
BMU,2024,1.0,1.14972,,,,,,,,,20.87983
BOL,1960,1e-05,,,,,6715418.4,,9.70083,,1.67895,
BOL,1961,1e-05,,,,,7404270.65,,10.53161,18.08976,2.22496,
BOL,1962,1e-05,,,,,4005989.98,,10.97804,13.97388,2.51361,
BOL,1963,1e-05,,,,,10404576.44,,12.23152,19.97264,5.24233,
BOL,1964,1e-05,,,,,22546124.32,,13.19511,21.55074,6.50472,
BOL,1965,1e-05,,,,,36572986.48,,13.85794,16.67448,6.36769,
BOL,1966,1e-05,,,,,41219613.49,,15.76352,25.94975,6.86667,
BOL,1967,1e-05,,,,,37943132.8,,14.95155,7.12576,6.66889,
BOL,1968,1e-05,,,,,41648875.1,,14.84007,12.66294,7.53238,
BOL,1969,1e-05,,,,,42066867.2,,15.09507,10.22149,7.88392,
BOL,1970,1e-05,,,,,46379966.09,,15.83513,14.76216,8.78166,
BOL,1971,1e-05,,,,,56353201.33902,,17.35326,18.05875,9.1134,
BOL,1972,1e-05,,,,,70587990.76683,,17.01136,25.92642,10.13158,
BOL,1973,2e-05,,,,,100471229.42434,,14.94065,32.74971,10.99517,
BOL,1974,2e-05,,,,,252272315.66262,,12.96578,44.31379,10.53158,
BOL,1975,2e-05,,,,,196963507.55576,,13.95465,23.22812,11.67526,
BOL,1976,2e-05,,,,,206830669.18196,3.52703,18.11422,47.47494,13.66583,
BOL,1977,2e-05,,,,,310364752.96421,4.46782,19.8433,29.41176,15.87464,
BOL,1978,2e-05,,,,,315441347.09824,3.55594,19.256,12.99961,17.3147,
BOL,1979,2e-05,,,,,527840704.0,4.79274,18.4362,14.84991,17.88106,
BOL,1980,2e-05,,,,,553358366.0,5.97364,20.78394,39.03904,17.08949,
BOL,1981,2e-05,,,,,429267402.05692,3.37585,20.36363,27.21718,16.66501,
BOL,1982,6e-05,,,,,562569850.17281,5.93846,27.11898,230.4174,27.08547,
BOL,1983,0.00023,,,,,508816422.2755,5.3405,21.10712,172.74972,17.13905,
BOL,1984,0.00314,,,,,533100460.18279,5.75962,20.95112,1428.91564,14.29528,
BOL,1985,0.44003,,,,,492491229.18278,5.37605,12.14205,6987.87684,19.04108,
BOL,1986,1.92196,,,,,513310580.53857,5.27193,10.7362,184.37174,12.82562,
BOL,1987,2.05485,,49.41417,30.35,30.39684,530316463.41068,5.2576,17.82661,94.94492,15.39891,
BOL,1988,2.35024,,39.79417,27.7375,18.95013,472580567.91584,5.02433,18.84318,27.83952,17.13849,
BOL,1989,2.69168,,37.27333,23.66667,21.28074,563347083.0,5.15768,19.47785,21.43313,20.71151,
BOL,1990,3.17265,0.94828,41.81333,23.83417,21.97114,510931171.63982,4.52953,24.4743,52.86552,24.02556,
BOL,1991,3.58061,1.07952,41.1475,23.775,19.93217,422359443.14944,3.65416,29.77766,50.73288,28.66017,
BOL,1992,3.90052,1.19478,45.51167,23.22333,28.54478,479572082.59705,3.67207,34.80103,34.47368,36.30461,
BOL,1993,4.26508,1.24365,53.87667,22.18083,44.40763,572438127.38155,4.16697,41.87871,33.70273,45.49824,
BOL,1994,4.62052,1.31448,55.57333,18.43167,44.11316,793388690.27234,6.12655,46.03757,24.21142,49.93606,
BOL,1995,4.80034,1.43461,51.0175,18.87,35.53009,1005482847.42788,6.67061,42.49223,7.65772,48.20185,
BOL,1996,5.07461,1.57196,55.96667,19.15833,39.77987,1301661210.80997,7.93607,51.0279,39.83794,52.73723,
BOL,1997,5.25426,1.63348,50.05,14.72833,41.9516,1359051283.44007,6.91911,54.71792,18.96452,58.27542,
BOL,1998,5.51013,1.72922,39.41167,12.81917,30.22905,1218866920.23489,5.87571,55.19878,13.42319,64.05184,
BOL,1999,5.81241,1.74621,35.36917,12.25917,32.18152,1248580099.5968,6.39751,55.40371,3.23058,64.44999,
BOL,2000,6.18354,1.79625,34.59583,10.9825,27.9484,1184108227.67536,5.8167,52.17691,1.55312,58.7218,
BOL,2001,6.60692,1.78954,20.05706,9.81876,17.8531,1146023735.30062,5.9483,63.47843,26.02197,53.5566,
BOL,2002,7.17,1.81186,20.63246,9.57995,17.32306,892729137.78995,4.50132,56.74488,-5.8015,51.00168,
BOL,2003,7.65917,1.88926,17.66329,11.4099,10.65861,1096941369.79827,5.43533,59.34691,14.22091,47.88052,
BOL,2004,7.93627,1.98637,14.46988,7.41977,6.02233,1271422924.6815,5.46543,50.06967,-5.10857,42.6507,
BOL,2005,8.06606,2.0404,16.61504,4.93408,10.07567,1794984952.80819,6.4065,51.52731,13.84542,39.79516,
BOL,2006,8.01162,2.24981,11.89128,4.02651,-1.55933,3193982720.12097,9.37205,53.36273,23.3591,35.17789,
BOL,2007,7.85125,2.35198,12.86081,3.54554,5.11063,5313631986.14594,12.75405,60.33327,26.94018,34.34643,
BOL,2008,7.23832,2.54707,13.87333,4.65583,3.16372,7719766413.09899,13.90756,64.20738,24.69155,31.49483,
BOL,2009,7.02,2.4702,12.35962,3.43928,15.14604,8574579206.49636,16.97312,70.1104,10.12822,34.02143,
BOL,2010,7.01667,2.65475,9.90993,1.04667,1.04104,9730683978.92494,16.38577,69.71874,12.63371,36.02902,
BOL,2011,6.93696,2.98091,10.91539,1.40304,-3.21718,11994673114.8231,14.53954,71.10652,22.96629,36.75351,
BOL,2012,6.91,3.03348,11.13495,1.62615,3.76719,13924289443.0799,14.29401,75.39001,19.3685,38.9658,
BOL,2013,6.91,3.00954,11.0514,1.73918,4.77003,14429068711.377,13.17806,78.65996,18.10871,40.9311,
BOL,2014,6.91,2.98222,9.69423,2.95014,7.4912,15129277524.0077,12.3374,84.52307,15.64384,43.74972,
BOL,2015,6.91,2.89462,8.07325,1.4139,13.3088,13049620686.0687,11.91261,95.61782,13.14005,51.44887,
BOL,2016,6.91,2.7793,7.95203,1.44379,9.43472,10053627485.0797,10.4473,92.96938,0.00249,57.40865,
BOL,2017,6.91,2.68459,8.10989,2.46902,-16.75327,10245969449.673,9.4196,75.56971,9.99016,47.8733,
BOL,2018,6.91,2.70201,8.03724,3.03381,5.42778,8929614182.53613,7.90914,74.64947,4.13052,52.11611,
BOL,2019,6.91,2.63906,8.39953,3.17889,8.59146,6455449941.67879,5.98827,72.52125,-1.56148,54.88627,
BOL,2020,6.91,2.58266,7.59222,3.54122,8.87151,5247234668.79634,7.32588,91.87963,9.27933,69.39912,
BOL,2021,6.91,2.47396,8.01712,3.15713,5.03808,4730168839.86019,5.03194,57.66091,-28.99068,62.84884,
BOL,2022,6.91,2.36915,7.76499,3.20766,5.04331,3752070996.50723,3.03723,56.93922,5.10336,62.94753,
BOL,2023,6.91,2.29118,8.68601,3.14645,8.48084,1799951502.87318,1.50267,56.06194,1.12779,60.22197,
BOL,2024,6.91,2.37235,8.80431,3.20289,2.60078,1977025889.30984,1.86111,59.77382,11.79748,59.24278,
BRA,1960,0.0,,,,,432848800.0,,21.93175,,17.97273,
BRA,1961,0.0,,,,,471156150.0,,21.85781,45.70201,17.02201,
BRA,1962,0.0,,,,,336000900.0,,22.26188,63.12684,17.02853,
BRA,1963,0.0,,,,,355042320.0,,20.38757,64.37613,14.70566,
BRA,1964,0.0,,,,,245487600.0,,18.57051,78.51118,13.52351,
BRA,1965,0.0,,,,,484251120.0,,19.81623,73.66475,13.08659,
BRA,1966,0.0,,,,,425796620.0,,16.30222,21.07878,11.89699,
BRA,1967,0.0,,,,,200149600.0,,18.75868,51.70965,14.20944,
BRA,1968,0.0,,,,,266422900.0,,19.35209,43.52502,16.65089,
BRA,1969,0.0,,,,,656773200.0,,19.34941,31.43844,26.72325,
BRA,1970,0.0,,,,,1189904670.0,,19.40815,28.73528,30.89206,
BRA,1971,0.0,,,,,1753865277.94276,,20.13193,37.88349,37.5538,
BRA,1972,0.0,,,,,4218805676.74583,,18.75465,25.0,41.83729,
BRA,1973,0.0,,,,,6508867084.0128,,18.16994,43.07692,41.81041,
BRA,1974,0.0,,,,,5463238279.69263,,16.90966,35.48387,46.16606,
BRA,1975,0.0,,,,,4166486431.37877,2.94972,17.15074,42.85714,52.59559,
BRA,1976,0.0,,,,,6666854181.77381,4.48418,15.30022,38.88889,54.46879,
BRA,1977,0.0,,,,,7441920872.37624,4.79557,14.52079,44.8,54.39278,
BRA,1978,0.0,,,,,12190033177.1807,6.77318,14.5691,45.58011,50.42511,
BRA,1979,0.0,,,,,9838705354.82902,4.14363,15.29884,73.05503,51.01291,
BRA,1980,0.0,,,,,6875231542.03419,2.27594,11.76865,61.40351,42.05374,
BRA,1981,0.0,,,,,7479607844.25765,2.30894,11.52992,88.11141,44.69143,
BRA,1982,0.0,,,155.57225,,3997356017.94855,1.20605,10.46821,84.03756,45.65257,
BRA,1983,0.0,,,154.03579,,4561475256.47812,1.74959,10.98583,135.8124,50.47614,
BRA,1984,0.0,,,266.7285,,11960814096.9955,4.73165,12.78522,270.12566,50.39323,
BRA,1985,0.0,,,294.4179,,11617955161.6871,4.68828,14.36892,322.46729,44.24583,
BRA,1986,0.0,,,109.10488,,8184181031.96702,3.21768,20.87996,289.21157,,
BRA,1987,0.0,,,399.66919,,8134599725.93879,3.22695,20.65932,213.66791,,
BRA,1988,0.0,,,856.52105,,9114472122.65344,3.33884,80.44764,2732.9506,105.39101,
BRA,1989,0.0,,,5844.98358,,9678276000.0,3.0534,111.3253,1904.88859,127.74705,
BRA,1990,3e-05,1e-05,,9394.29317,,9997591007.59699,2.92977,30.39451,640.86851,42.08279,
BRA,1991,0.00018,6e-05,,913.46732,,9391631540.11071,2.90418,35.0296,501.61659,45.15932,
BRA,1992,0.00195,0.0006,,1560.1816,,23750647504.125,7.68236,60.93241,1749.38273,84.4659,
BRA,1993,0.03828,0.01238,,3293.50233,,32247610989.3312,8.32447,93.65885,3280.65273,134.11359,
BRA,1994,0.66468,0.28375,,5175.24055,,38810777748.0861,8.50057,45.4613,1102.38325,69.5232,
BRA,1995,0.91767,0.53911,,52.24649,,51842389630.8017,7.99061,32.44855,44.30215,43.49452,
BRA,1996,1.0051,0.62713,,26.44843,,60152476087.58289,8.64001,35.11848,31.0349,40.77849,
BRA,1997,1.07799,0.66414,78.19333,24.35065,65.40884,52208520617.4321,6.36862,36.96513,17.24332,40.85224,
BRA,1998,1.16052,0.6891,86.36333,28.00333,77.61684,44487193726.0979,5.35795,39.33173,12.01935,29.53226,
BRA,1999,1.81393,0.73392,80.44333,26.0225,67.06092,36342324443.4703,4.99723,42.81105,18.11534,29.82691,
BRA,2000,1.82942,0.7579,56.83,17.19917,48.50473,33015297295.6899,4.14153,46.48659,19.70464,31.14099,34.50346
BRA,2001,2.34963,0.80217,57.61667,17.85667,45.63782,35866445530.2453,4.44144,58.63617,38.40781,29.00404,33.25768
BRA,2002,2.92036,0.86729,62.875,19.14273,48.34044,37832146718.419,5.36911,55.00498,6.14362,29.64514,24.86518
BRA,2003,3.07748,0.97034,67.08333,21.97069,46.4474,49297286966.3088,6.80818,56.52636,18.58425,27.68567,42.01825
BRA,2004,2.92512,1.01818,54.925,15.41615,43.77915,52934865185.6721,6.01898,56.33207,13.56683,29.37277,49.35781
BRA,2005,2.43439,1.06059,55.38333,17.62875,44.63517,53799284976.6774,5.01765,60.13304,18.3523,31.83978,53.23339
BRA,2006,2.17533,1.09856,50.80833,13.9324,41.24033,85842861115.1295,6.60633,63.24978,16.7581,35.42517,64.12336
BRA,2007,1.94706,1.13846,43.71667,10.57725,35.02252,180333622535.832,10.75356,68.3592,22.01997,40.69094,98.0386
BRA,2008,1.83377,1.21499,47.25,11.65533,35.36676,193783363540.648,8.33142,70.48945,17.88246,45.78226,34.90661
BRA,2009,1.99943,1.29585,44.65,9.27883,34.79201,238539464848.441,12.96583,76.09042,15.69468,47.49429,80.219
BRA,2010,1.75923,1.38814,39.99167,8.87044,29.11581,288574623536.621,10.22806,74.21938,13.71889,52.76466,69.97188
BRA,2011,1.67283,1.47322,43.88333,10.99236,32.83346,352010222755.829,10.52658,76.82528,16.57793,58.07849,46.97487
BRA,2012,1.95307,1.60914,36.63667,7.90747,26.58209,373160977539.731,11.63095,79.05286,13.2069,62.51929,49.7904
BRA,2013,2.15609,1.70856,27.39167,7.8071,18.49884,358816422466.117,11.20499,78.62653,10.13769,64.23057,41.26688
BRA,2014,2.35295,1.82485,32.00833,10.02364,22.40367,363570226084.66,11.3474,81.90656,12.91189,66.02851,34.3599
BRA,2015,3.3269,2.00587,43.95833,12.62246,33.83234,356464980327.488,14.64825,88.06963,11.55897,66.8297,27.21845
BRA,2016,3.49131,2.15597,52.1,12.44576,40.69836,364984039092.456,16.60342,93.82114,11.3908,62.19401,42.24323
BRA,2017,3.19139,2.20968,46.91667,8.51353,41.71381,373955518686.4869,14.8647,93.0596,4.1902,59.48431,46.26646
BRA,2018,3.65383,2.19759,39.08333,6.87216,33.10233,374709673447.827,13.20217,93.71303,7.10416,60.21835,47.82765
BRA,2019,3.94447,2.21645,37.475,5.43018,31.90307,356886386911.978,12.23121,96.05785,8.13626,62.79051,63.38383
BRA,2020,5.15518,2.26491,29.04167,2.19643,21.19718,355614251456.139,14.94388,109.15422,17.02427,68.69615,66.95816
BRA,2021,5.3944,2.37927,30.01667,4.34805,15.01088,362210079181.31696,11.14023,103.46563,12.25921,68.80522,48.83596
BRA,2022,5.16397,2.41127,39.4,11.99941,28.39609,324673449781.4,8.33579,104.30221,12.74985,70.6061,40.69923
BRA,2023,4.99438,2.44761,43.6,12.13877,36.55447,355021395541.562,9.43009,110.18454,14.69133,71.07554,45.2368
BRA,2024,5.38893,2.48732,40.225,7.70368,34.72852,329732443813.377,7.95559,116.39655,13.70696,75.63087,30.14481
BRB,1960,1.71429,,,,,,,,,,
BRB,1961,1.71429,,,,,,,,,,
BRB,1962,1.71429,,,,,,,,,,
BRB,1963,1.71429,,,,,,,,,,
BRB,1964,1.71429,,,,,,,,,,
BRB,1965,1.71429,,,,,,,,,,
BRB,1966,1.71429,,,,,12110000.0,,46.32844,,34.37271,
BRB,1967,1.7381,,,,,9250000.0,1.1922,49.26102,19.57731,33.08507,
BRB,1968,2.0,,,,,15520000.0,1.76513,56.58787,32.37209,33.16534,
BRB,1969,2.0,,,,,12470000.0,1.21047,54.0691,7.44905,46.78445,
BRB,1970,2.0,,,,,16580000.0,1.34405,53.09542,15.43492,49.8766,
BRB,1971,1.97488,,,,,18860581.94852,1.44197,56.61873,18.35694,51.25228,
BRB,1972,1.92128,,,,,27988871.94526,1.88195,58.49602,14.98325,53.01415,
BRB,1973,1.95922,,,,,32374267.45371,1.88462,48.16385,2.4438,49.86477,
BRB,1974,2.05323,,,,,39152392.38681,2.05068,46.16945,20.12029,40.34477,
BRB,1975,2.01887,,,,,39579071.44185,1.89076,42.57663,17.02754,35.08562,
BRB,1976,2.0,,,,,27977462.33577,1.21767,44.71315,12.90798,36.9923,
BRB,1977,2.0,,,,,37006128.47684,1.40579,43.23434,9.98566,35.49351,
BRB,1978,2.0,,,,,59836293.03412,1.9453,47.92291,24.0595,35.74592,
BRB,1979,2.0,,,,,66117378.5209,1.64954,50.01483,26.54107,36.72996,
BRB,1980,2.0,,,5.6,,80572814.89222,1.559,37.80206,14.13213,29.1277,
BRB,1981,2.0,,11.45833,7.39167,-0.66128,102966357.51624,1.7922,39.3668,14.62483,32.26729,
BRB,1982,2.0,,13.375,8.83333,3.2129,124370268.88938,2.18404,40.98419,8.75415,33.00256,
BRB,1983,2.0,,11.79167,6.725,5.79891,125586462.5829,2.01902,42.92599,11.2253,34.63154,
BRB,1984,2.0,,11.5,6.06667,6.00548,134385154.86209,2.03387,42.31561,7.42077,32.61573,
BRB,1985,2.0,,10.5625,5.49167,6.80889,141755187.66256,2.27595,44.12557,9.12739,32.40459,
BRB,1986,2.0,,9.0625,4.28333,4.39251,154080958.87688,2.39798,43.33633,7.84198,31.8381,
BRB,1987,2.0,,8.75,3.60833,1.31569,148145896.98952,2.44085,46.44282,18.01254,32.97287,
BRB,1988,2.0,,9.4375,4.25833,6.50089,137948751.8909,2.13468,48.51454,11.10385,34.24026,
BRB,1989,2.0,,9.91667,4.78333,2.89551,111894937.65133,1.51514,45.01214,2.67972,35.7601,
BRB,1990,2.0,1.67523,11.41667,6.28333,7.41202,117535619.35383,1.51956,50.96121,13.55327,36.20311,
BRB,1991,2.0,1.69328,12.41667,6.53333,7.58061,87245215.49443,1.15376,50.37549,-0.7341,37.62106,
BRB,1992,2.0,1.69069,13.54167,6.68333,11.18195,139962500.72188,2.29234,55.09274,5.32761,38.52938,
BRB,1993,2.0,1.73734,8.91667,4.39167,3.53751,150453016.88519,2.15993,53.82193,3.58387,36.92361,15.84323
BRB,1994,2.0,1.73861,9.08333,4.31667,6.72488,195765859.52178,2.62223,55.51999,7.55459,38.95655,23.94316
BRB,1995,2.0,1.72021,10.0,5.10833,8.89348,219099891.12985,2.40073,56.43821,4.75493,42.50325,22.17527
BRB,1996,2.0,1.73217,10.0,5.2,7.27687,289685885.66531,2.92146,62.43542,17.94499,41.63042,32.39657
BRB,1997,2.0,1.71842,9.83333,4.575,8.83542,264917582.83321,2.35209,62.6995,6.14754,44.19682,45.42936
BRB,1998,2.0,1.84721,9.75,4.20417,0.96294,365945246.43946,3.09648,60.01959,7.93677,45.38316,62.24487
BRB,1999,2.0,1.90219,9.39583,4.4,4.75175,301944450.75495,2.38534,61.36534,7.13233,47.56577,68.97502
BRB,2000,2.0,1.83545,10.1875,4.9725,11.66464,472693479.36324,3.45398,65.25494,9.59827,47.90211,55.77807
BRB,2001,2.0,1.83552,9.58333,4.03917,7.16632,690373663.97056,5.29272,87.73364,34.22778,59.24814,60.1506
BRB,2002,2.0,1.82384,8.5,2.70417,7.52384,668514868.72444,4.99923,99.52813,15.3748,60.45039,
BRB,2003,2.0,1.80848,8.5,2.56333,7.30264,737943173.03677,4.88864,100.78157,4.61676,62.40248,
BRB,2004,2.0,1.86377,8.33333,2.535,2.36722,579857104.07633,3.40102,104.92016,11.72919,67.26833,
BRB,2005,2.0,1.9276,9.16667,3.18,2.34273,603465289.14044,3.09234,110.59622,16.88577,72.76447,
BRB,2006,2.0,1.94653,10.29167,4.5975,5.9515,636089800.39596,2.93742,105.51753,5.3452,73.68246,
BRB,2007,2.0,2.05841,10.75833,5.13417,1.9759,839429792.73465,3.72712,115.0745,20.91231,71.2823,
BRB,2008,2.0,2.05599,10.03333,4.46,8.08039,738527014.77273,3.08525,113.61676,1.15401,75.53214,
BRB,2009,2.0,2.006,9.20417,2.86583,11.23952,871145394.00688,4.19103,122.54601,0.57302,82.77162,
BRB,2010,2.0,2.0577,8.7,2.66583,-16.30836,833540950.44784,3.9563,,,,38.54378
BRB,2011,2.0,2.01889,8.7,2.67667,8.5502,812596875.61123,3.6112,,,,80.65406
BRB,2012,2.0,2.12233,8.7,2.5625,3.19688,839722748.01276,3.68774,82.15351,,68.46865,
BRB,2013,2.0,2.14478,8.7,2.51083,8.55048,680957827.15357,2.81405,86.65906,3.75871,68.77426,70.32503
BRB,2014,2.0,2.17185,8.38333,2.50917,10.1044,632258680.13862,2.46263,90.14587,3.16823,68.51462,47.74561
BRB,2015,2.0,2.12913,8.05833,1.3225,5.34011,553604323.88126,2.41916,94.36232,6.12165,68.66786,51.75522
BRB,2016,2.0,2.11681,8.05,0.3475,10.1221,431758241.99047,1.68344,98.68895,4.15288,69.99021,54.56808
BRB,2017,2.0,2.20044,8.05,0.19489,8.6517,265841633.12092,1.25641,99.73779,1.21505,72.13981,58.96237
BRB,2018,2.0,2.16223,8.05,0.15028,1.0053,533906813.03901,,94.3186,-0.12867,68.55293,59.00716
BRB,2019,2.0,2.19438,8.05,0.15,5.48576,772118649.50205,,94.59321,2.96304,67.37432,55.14578
BRB,2020,2.0,2.31882,8.05,0.15,5.44555,1358013876.0884,,115.62175,7.25779,75.88418,51.42231
BRB,2021,2.0,2.3842,8.05,0.15,-1.86441,1672884485.22112,,111.39023,5.97057,68.50581,
BRB,2022,2.0,2.1977,8.05,0.14333,9.41854,1519660179.91511,,101.36865,5.34553,61.07372,
BRB,2023,2.0,2.16259,,,,1605919490.51552,,97.52644,0.93777,59.73077,
BRB,2024,2.0,2.13877,,,,1653675115.4119,,,,,
BRN,1960,3.06122,,,,,,,,,,
BRN,1961,3.06122,,,,,,,,,,
BRN,1962,3.06122,,,,,,,,,,
BRN,1963,3.06122,,,,,,,,,,
BRN,1964,3.06122,,,,,,,,,,
BRN,1965,3.06122,,,,,,,,,,
BRN,1966,3.06122,,,,,,,,,,
BRN,1967,3.06122,,,,,,,,,,
BRN,1968,3.06122,,,,,,,,,,
BRN,1969,3.06122,,,,,,,,,,
BRN,1970,3.06122,,,,,,,,,,
BRN,1971,3.05226,,,,,,,,,,
BRN,1972,2.81956,,,,,,,,,,
BRN,1973,2.45858,,,,,,,,,,
BRN,1974,2.43687,,,,,,,,,,
BRN,1975,2.3713,,,,,,,,,,
BRN,1976,2.47084,,,,,,,,,,
BRN,1977,2.4394,,,,,,,,,,
BRN,1978,2.27402,,,,,,,,,,
BRN,1979,2.17456,,,,,,,,,,
BRN,1980,2.14121,,,,,,,,,,
BRN,1981,2.11269,,,,,,,,,,
BRN,1982,2.14002,,,,,,,,,,
BRN,1983,2.11305,,,,,,,,,,
BRN,1984,2.13308,,,,,,,,,,
BRN,1985,2.20015,,,,,,,,,,
BRN,1986,2.17742,,,,,,,,,,
BRN,1987,2.10598,,,,,,,,,,
BRN,1988,2.01242,,,,,,,,,,
BRN,1989,1.95026,,,,,,,,,,
BRN,1990,1.81253,0.61085,,,,,,,,,
BRN,1991,1.72755,0.5694,,,,,,,,,
BRN,1992,1.62897,0.5456,,,,,,,,,
BRN,1993,1.61579,0.52155,,,,,,,,,
BRN,1994,1.52744,0.49836,,,,,,,,,
BRN,1995,1.41738,0.53208,,,,,,,,,
BRN,1996,1.41004,0.51747,,,,,,,,,
BRN,1997,1.48481,0.51224,,,,,,,,,
BRN,1998,1.6736,0.43569,6.5,,23.82136,,,,,,
BRN,1999,1.69496,0.47431,5.5,,-4.44344,516845011.53199,,56.16845,,,
BRN,2000,1.72396,0.47483,5.5,,3.05077,408340574.41786,,78.29291,47.66083,,
BRN,2001,1.79172,0.44128,5.5,,11.02114,381821178.37217,1.97421,71.51234,-11.93038,,
BRN,2002,1.79059,0.43394,5.5,,5.64302,448994000.48664,2.13351,70.17931,1.88542,,
BRN,2003,1.74218,0.45239,5.5,1.06475,-0.7619,474743404.01791,2.28522,66.32462,4.07106,,
BRN,2004,1.69023,0.51342,5.5,1.04392,-9.47466,488889689.08605,2.24485,65.85326,15.83467,,
BRN,2005,1.6644,0.59988,5.5,1.006,-12.45076,491885270.08917,2.17644,52.19266,-4.49742,,
BRN,2006,1.58893,0.6398,5.5,1.0415,-4.04236,513570258.7491,2.06492,46.56826,2.11689,31.70456,
BRN,2007,1.5071,0.65218,5.5,1.17276,0.76708,667491396.60197,2.27905,49.31811,6.70615,34.20035,
BRN,2008,1.41717,0.74236,5.5,0.87576,-9.068,751159763.90147,1.99897,48.47043,9.57876,31.76853,
BRN,2009,1.45457,0.57742,5.5,0.69992,34.80579,1357268956.60247,4.09138,69.23025,9.65561,40.10179,
BRN,2010,1.36351,0.59889,5.5,0.47054,0.49525,1563162507.49248,3.84878,67.27197,4.80705,36.90827,
BRN,2011,1.25791,0.70521,5.5,0.39569,-12.21557,2583674787.86635,4.40848,59.3805,10.05489,28.12095,
BRN,2012,1.24957,0.67262,5.5,0.23154,4.22815,3449167916.72604,5.06022,58.65647,0.89908,27.99214,
BRN,2013,1.25117,0.66143,5.5,0.28435,8.56533,3575273901.90556,4.78314,62.57539,1.46627,31.19242,
BRN,2014,1.26704,0.63997,5.5,0.3,7.48417,3648818757.27272,6.35893,67.4986,3.22113,33.20798,
BRN,2015,1.37491,0.67148,5.5,0.33577,28.05378,3366322585.18654,7.59782,80.80408,-1.75937,41.43627,
BRN,2016,1.38135,0.64982,5.5,0.34117,16.15041,3487053368.54429,9.20578,92.59858,1.50927,44.30216,
BRN,2017,1.38089,0.62764,5.5,0.3155,0.51901,3488124299.73021,8.98232,86.6853,-0.44159,39.46186,
BRN,2018,1.34892,0.64161,5.5,0.31217,-3.4021,3407126454.77294,6.2005,81.58022,2.83752,35.04047,
BRN,2019,1.36422,0.5985,5.5,0.36775,9.13838,4272696957.80614,6.86171,84.71877,4.26896,35.70555,
BRN,2020,1.3797,0.53051,5.5,0.23,18.35814,3997356505.31302,6.90985,93.57502,-0.42967,39.68988,
BRN,2021,1.34381,0.5325,5.5,0.1385,-8.63106,4982141345.76779,5.92829,84.57934,2.7056,36.26938,
BRN,2022,1.37896,0.61753,5.5,0.14142,-15.08147,5034739047.43322,5.48219,70.0722,1.2515,31.55563,
BRN,2023,1.34308,0.5195,5.5,0.19227,21.05183,4482741926.02545,5.46692,81.64322,2.68934,37.08385,
BRN,2024,1.33603,0.49282,5.5,0.388,8.5868,4414307817.04607,5.50708,83.69321,3.633,37.70965,
BTN,1960,4.7619,,,,,,,,,,
BTN,1961,4.7619,,,,,,,,,,
BTN,1962,4.7619,,,,,,,,,,
BTN,1963,4.7619,,,,,,,,,,
BTN,1964,4.7619,,,,,,,,,,
BTN,1965,4.7619,,,,,,,,,,
BTN,1966,6.35913,,,,,,,,,,
BTN,1967,7.5,,,,,,,,,,
BTN,1968,7.5,,,,,,,,,,
BTN,1969,7.5,,,,,,,,,,
BTN,1970,7.5,,,,,,,,,,
BTN,1971,7.49194,,,,,,,,,,
BTN,1972,7.59447,,,,,,,,,,
BTN,1973,7.74204,,,,,,,,,,
BTN,1974,8.1016,,,,,,,,,,
BTN,1975,8.37589,,,,,,,,,,
BTN,1976,8.96041,,,,,,,,,,
BTN,1977,8.73858,,,,,,,,,,
BTN,1978,8.19284,,,,,,,,,,
BTN,1979,8.12579,,,,,,,,,,
BTN,1980,7.86294,,,,,,,,,,
BTN,1981,8.65852,,,,,,,,,,
BTN,1982,9.45513,,15.0,5.5,7.18898,,,,,,
BTN,1983,10.0989,,15.0,5.5,7.31781,35480122.79023,,20.51132,,2.72347,
BTN,1984,11.36258,,15.0,5.5,4.39011,43047367.90069,,20.13358,13.06223,3.1709,
BTN,1985,12.36875,,15.0,6.08333,7.97249,53322920.25716,,22.97395,26.43052,2.74301,
BTN,1986,12.61083,,15.0,6.5,7.29069,61001773.75754,,20.67662,7.4569,2.79089,
BTN,1987,12.9615,,15.0,6.5,13.74744,86949129.76126,,17.56025,10.81027,2.61576,
BTN,1988,13.91708,,15.0,6.5,0.03056,95679182.95523,,19.09703,30.98643,3.05837,
BTN,1989,16.2255,,15.0,6.5,8.89335,90027655.98635,,22.72785,34.9316,4.47342,
BTN,1990,17.5035,5.66475,15.0,6.5,8.28079,88834210.60381,,21.41796,10.47619,4.28637,
BTN,1991,22.74243,5.96937,15.0,6.5,5.56145,101300000.8603,,25.57972,29.57916,5.60122,
BTN,1992,25.91808,6.35717,17.0,8.0,7.41504,85120004.69221,,25.48827,13.52743,6.83702,
BTN,1993,30.49329,6.73865,17.0,8.0,7.82073,97959126.31193,,28.18299,22.36925,7.09364,
BTN,1994,31.37374,7.41203,16.58333,8.0,3.77606,121399997.68113,,29.48287,23.34192,8.91022,
BTN,1995,32.42708,7.86124,16.0,8.0,7.12533,130457701.23867,,34.48915,35.63228,7.96941,
BTN,1996,35.43317,8.3462,16.0,8.20833,7.29551,190071378.05433,,32.92431,8.951,6.96074,
BTN,1997,36.31329,9.26368,16.0,8.25,2.73954,188716779.03847,,43.98466,58.94169,11.51158,
BTN,1998,41.25937,10.14058,16.0,8.25,4.79125,256803120.58463,,42.74722,13.94444,9.81791,
BTN,1999,43.05543,10.61606,16.0,8.25,9.25847,292285630.24382,,49.2348,32.04636,8.66714,
BTN,2000,44.94161,11.14392,16.0,8.25,-0.45238,317632400.62607,,47.98296,17.37451,8.43954,
BTN,2001,47.18641,11.48021,15.85417,7.8125,9.98396,323362186.67392,,45.7741,7.85236,9.39292,
BTN,2002,48.61032,11.88844,15.45833,7.20833,9.78759,354949465.10583,,56.40215,43.11631,10.66622,
BTN,2003,46.58328,12.0808,15.1875,6.04167,11.15877,366596385.79288,,53.06322,5.08098,12.38747,
BTN,2004,45.31647,12.27572,15.0,4.5,10.21039,398620011.69281,,56.18034,16.17303,15.11375,
BTN,2005,44.09998,12.67371,14.5,4.5,7.53274,467426180.77675,,55.7489,12.98919,17.19786,
BTN,2006,45.30701,13.10295,14.0,4.5,6.9668,545324764.56227,12.47485,58.75765,18.6631,20.38456,
BTN,2007,41.34853,13.3554,14.0,4.5,8.89482,699049465.43837,13.68435,54.03364,11.77574,22.30784,
BTN,2008,43.50518,13.83752,13.85417,2.0,7.81014,764803120.5196,10.9873,61.75832,26.17091,28.61547,
BTN,2009,48.40527,14.36113,13.75,2.0,8.93079,890893416.55103,14.54703,69.12652,25.84459,30.80099,
BTN,2010,45.72581,15.37018,13.91667,2.20833,5.16003,1002139101.89679,11.74697,66.49913,16.64379,38.45892,
BTN,2011,46.67047,16.3968,14.0,4.5,4.70223,789643751.58054,6.6478,58.76704,4.38871,43.08342,
BTN,2012,53.43723,17.14005,14.0,4.79167,4.93682,954678385.08558,8.55745,54.41664,5.79018,42.25004,
BTN,2013,58.59785,18.11942,14.0375,4.70833,7.41622,991306676.48843,9.26354,52.26987,3.74654,42.22463,
BTN,2014,61.02951,18.65239,14.025,4.54167,7.85338,1245086666.63096,11.80314,58.7955,25.91498,41.0853,
BTN,2015,64.15194,18.55403,14.89583,4.0,11.32263,1103179128.57933,9.60612,55.48567,3.88728,42.52914,
BTN,2016,67.19531,18.78959,14.15,4.0,9.70802,1127277331.66277,9.43703,60.72924,23.53443,44.12893,
BTN,2017,65.12157,19.15761,14.25,2.83333,9.48769,1206238190.85106,9.88572,66.88618,17.32736,48.31302,
BTN,2018,68.38947,19.42746,14.0,2.0,12.70294,987247035.58398,7.89748,68.07279,6.55036,54.84783,
BTN,2019,70.42034,19.51221,14.0,2.25,10.56367,1238371618.29551,9.98565,70.18563,12.42647,59.37342,
BTN,2020,74.09957,18.95795,14.0,3.0,8.27509,1426914817.73783,12.5304,95.03862,28.00164,67.5525,
BTN,2021,73.91801,19.61039,14.0,3.0,5.92038,1049605755.17505,10.46848,87.27332,3.20389,64.88888,
BTN,2022,78.60449,19.36608,14.0,3.0,7.75571,825755411.67977,5.60739,86.66846,10.53941,67.87144,
BTN,2023,82.59928,19.5166,12.27,3.75,7.53461,654480752.42994,4.01325,84.09588,5.99716,71.44367,
BTN,2024,83.66928,,10.54,4.5,5.61176,941017689.20604,6.61474,83.34651,11.51225,68.39427,
BWA,1960,0.71332,,,,,,,,,,
BWA,1961,0.71469,,,,,,,,,,
BWA,1962,0.71327,,,,,,,,,,
BWA,1963,0.71529,,,,,,,,,,
BWA,1964,0.71726,,,,,,,,,,
BWA,1965,0.71633,,,,,,,,,,
BWA,1966,0.71698,,,,,,,,,,
BWA,1967,0.71705,,,,,,,,,,
BWA,1968,0.717,,,,,,,,,,
BWA,1969,0.71806,,,,,,,,,,
BWA,1970,0.71641,,,,,,,,,,
BWA,1971,0.71244,,,,,,,,,,
BWA,1972,0.77283,,,,,,,,,9.14083,
BWA,1973,0.69411,,,,,,,,,12.36294,
BWA,1974,0.67948,,,,,,,,,17.11565,
BWA,1975,0.73951,,,,,,,,,19.32343,
BWA,1976,0.86956,,,,,72322792.69735,2.79508,26.63833,,20.49243,
BWA,1977,0.84196,,,,,96693342.40733,3.13022,28.55358,25.99362,17.8551,
BWA,1978,0.82816,,,,,146934800.28614,3.78885,24.73648,11.39673,14.21352,
BWA,1979,0.81501,,,,,261115114.41842,4.7004,29.78075,64.52802,12.64083,
BWA,1980,0.77722,,8.475,5.0,-1.55665,334034873.36384,4.20381,28.72597,19.02812,11.28955,
BWA,1981,0.83674,,9.625,8.66667,9.72191,236697667.91994,2.99439,25.20846,-4.37474,15.11642,
BWA,1982,1.02966,,24.20833,10.75,19.78189,276051668.35838,4.10751,23.5051,8.45129,12.88072,
BWA,1983,1.09693,,13.375,11.875,4.2572,376231972.48541,4.72962,24.59463,28.74532,12.02551,
BWA,1984,1.29837,,12.0,10.0,-2.96896,453826973.72103,5.64764,22.89749,16.64506,12.66627,
BWA,1985,1.90257,,11.5,9.0,-9.27115,758347205.6239,10.82578,26.28068,51.10195,8.55843,
BWA,1986,1.87914,,11.0,8.66667,-2.68386,1161484390.41992,13.81245,23.16367,8.74955,8.29722,
BWA,1987,1.67894,,10.0,7.5,-2.3906,2012954545.81565,16.97952,30.71223,67.17258,7.92211,
BWA,1988,1.82859,,7.83333,5.0,-12.11417,2217139522.95084,15.01012,25.40097,21.21577,6.64047,
BWA,1989,2.01489,,7.66667,5.58333,-5.26368,2790999075.617,17.65865,28.92469,46.31535,7.00437,
BWA,1990,1.86047,0.86583,7.875,6.11458,1.48164,3331456029.64817,15.934,21.92021,-13.98581,9.38453,
BWA,1991,2.02156,0.88087,11.83333,11.4,6.32798,3718662683.63157,18.54148,27.45639,41.56764,11.85936,
BWA,1992,2.10973,0.91842,14.0,12.5,6.90245,3793418942.07103,19.40021,28.33217,13.25075,14.6873,
BWA,1993,2.42307,1.01437,14.91667,13.49083,1.63797,4097336692.1388,24.07944,21.03786,-14.43592,14.22814,5.49502
BWA,1994,2.68465,1.08715,13.91667,10.585,4.06789,4401465617.844,24.78137,20.92185,12.80957,13.99026,6.22878
BWA,1995,2.77221,1.14102,14.41667,9.785,6.77649,4695481047.02049,21.96472,20.47826,12.25709,11.89344,8.40443
BWA,1996,3.3242,1.30104,14.5,9.67583,-1.38848,5027655243.07193,23.51114,19.79454,18.77858,10.09004,6.77385
BWA,1997,3.65076,1.34282,13.94667,9.51437,8.53034,5675003355.80285,21.74326,22.38968,28.64273,9.68551,12.21429
BWA,1998,4.22588,1.46025,13.65083,8.43208,3.34969,5940671350.99934,23.69433,28.26306,39.43031,12.15595,15.11247
BWA,1999,4.6244,1.64484,14.77583,9.09896,0.47326,6228827033.43851,24.20924,28.50095,26.33309,13.87317,19.18179
BWA,2000,5.10224,1.83634,15.47917,9.41646,1.14583,6318214000.31791,24.85917,24.81621,1.38637,14.71113,16.88933
BWA,2001,5.84142,1.94519,15.75,10.08583,6.86638,5897250157.19176,26.72904,39.39923,72.39276,16.58616,
BWA,2002,6.32779,1.93816,16.20833,10.45375,14.8447,5473918813.89759,21.46091,45.24854,23.26331,19.28016,
BWA,2003,4.94967,1.96258,16.4,9.9451,12.72616,5339775869.80523,16.81657,47.87831,14.3146,19.97736,
BWA,2004,4.69383,2.10381,15.75,9.85104,5.15196,5661431014.73493,13.99411,46.88414,10.70974,21.9357,
BWA,2005,5.11675,2.35546,15.7375,9.25383,0.23018,6309056417.68859,15.89049,44.42584,14.40286,19.76343,
BWA,2006,5.8303,2.45575,16.45833,8.87127,10.74985,7992391904.99401,20.54935,42.48136,8.96191,20.93623,
BWA,2007,6.13941,2.53513,16.215,8.61864,9.6066,9789741087.58999,19.60109,49.78639,31.45976,23.46176,
BWA,2008,6.82686,2.72033,16.54167,8.67323,6.55459,9118637749.14695,15.72521,53.54753,21.46094,26.30226,
BWA,2009,7.15514,3.11215,13.75563,7.46952,-1.17568,8703960321.12572,17.47913,53.47694,-1.30263,29.35644,
BWA,2010,6.79362,3.31109,11.45833,5.59788,3.50357,7885211136.02874,12.39748,49.92272,10.70163,27.51493,
BWA,2011,6.83823,3.65466,11.0,5.14774,-1.46773,8081886824.17054,10.9462,43.32061,4.44032,27.85353,
BWA,2012,7.64053,3.95659,11.0,3.60759,7.75465,7627970305.74516,9.84524,46.33608,9.99403,32.91046,
BWA,2013,8.39891,4.11087,10.18923,3.10965,8.52656,7726052443.97927,9.18731,44.5409,8.43467,33.19446,
BWA,2014,8.97608,4.26112,9.0,2.53437,-0.54885,8322771529.48769,10.26691,40.21452,4.59331,32.58369,
BWA,2015,10.12899,4.39802,7.95,2.50229,4.06795,7546144960.24367,10.29741,48.84329,19.8755,35.99437,
BWA,2016,10.90116,4.53365,7.3,2.12301,-4.11502,7188821774.82295,10.23451,42.90885,5.39108,32.69064,
BWA,2017,10.34742,4.68248,6.875,1.44418,9.78421,7490512373.36877,11.36088,43.48526,2.71695,33.95222,
BWA,2018,10.19998,4.78664,6.5,1.52011,6.43973,6656913637.84624,8.69368,45.18352,8.31895,34.73966,23.68573
BWA,2019,10.75587,4.83346,6.39583,1.59236,5.85807,6170221067.31237,8.35245,47.11857,7.99008,35.93715,21.29128
BWA,2020,11.45624,4.73712,5.75,1.55677,1.31361,4940893802.78156,7.7421,52.37345,5.89246,39.72853,22.02984
BWA,2021,11.08726,4.81988,5.25,1.43297,-2.88937,4801608912.27108,6.00374,45.34571,5.02039,34.53203,16.84762
BWA,2022,12.36881,5.15678,6.1323,1.49234,-7.4032,4278950590.03447,4.98604,40.05008,6.78583,29.88922,152.67334
BWA,2023,13.59638,5.06423,6.7386,2.94873,4.91414,4755831848.94262,7.17982,41.7075,9.34827,30.0596,18.51775
BWA,2024,13.56313,5.08218,6.26,2.35116,3.38469,3455661776.33964,4.75676,43.83663,4.79817,32.92792,20.08987
CAF,1960,245.1951,,,,,,,,,11.16364,
CAF,1961,245.2601,,,,,,,,,13.4106,
CAF,1962,245.01385,,,,,600000.0,,,,13.47541,
CAF,1963,245.01635,,,,,1760000.0,,13.02839,,14.32177,
CAF,1964,245.02718,,,,,7133000.0,,12.38506,4.35835,13.64942,
CAF,1965,245.06093,,,,,10163000.0,,15.06775,29.00232,14.41734,
CAF,1966,245.67844,,,,,6423000.0,,14.71649,2.69784,16.13402,
CAF,1967,246.00094,,,,,4753000.0,,15.48387,9.28196,18.28784,
CAF,1968,247.56469,,,,,4697251.47394,,16.84892,28.1891,17.55877,
CAF,1969,259.96057,,,,,1196210.62113,,15.73765,-3.82548,20.26685,
CAF,1970,276.40314,,,,,1388412.39132,,16.23505,10.30807,19.64812,
CAF,1971,275.35646,,,,,210643.18879,,15.43335,0.88381,14.65456,
CAF,1972,252.02763,,,,,1718494.9734,,17.1156,16.04953,15.47209,
CAF,1973,222.88918,,,,,1782983.55185,,17.13824,4.26774,16.26305,
CAF,1974,240.70467,,,,,1743214.00246,,19.79804,29.45265,21.58149,
CAF,1975,214.3129,,,,,3828943.42404,,16.61949,0.5742,16.42602,
CAF,1976,238.95049,,,,,18828693.53569,,17.76108,41.96634,11.17036,
CAF,1977,245.67969,,,,,26274569.63771,1.7764,16.45954,7.1395,11.81791,
CAF,1978,225.65586,,,,,26054787.53421,1.50205,16.40288,10.16867,13.23698,
CAF,1979,212.72164,,,4.0,,49946033.18673,2.3574,18.20983,20.11062,10.47845,
CAF,1980,211.27956,,,5.5,,61698156.51067,2.24887,21.75356,34.95303,13.93587,
CAF,1981,271.73145,,,7.5,,73805739.52587,3.67017,24.02807,23.83643,12.93962,
CAF,1982,328.60625,,,7.5,,51578531.93117,2.30655,17.67303,-4.20368,12.34078,
CAF,1983,381.06604,,,7.5,,51141020.79515,2.40686,19.34181,11.71246,12.28763,
CAF,1984,436.95667,,,7.5,,56097886.83055,2.81866,18.73089,7.52863,10.98637,
CAF,1985,449.26296,,,7.5,,53253226.25128,2.20492,14.78104,10.01475,9.0162,
CAF,1986,346.3059,,,7.35417,,69693551.85051,2.33734,15.10548,2.2218,8.22597,
CAF,1987,300.53656,,,7.1875,,102100340.80735,3.27574,16.85783,3.64522,8.16115,
CAF,1988,297.84822,,,7.4375,,113027529.27375,3.86104,15.13824,-6.26818,7.3094,
CAF,1989,319.0083,,,7.5,,117515572.06159,4.00792,16.28848,12.42088,7.53975,
CAF,1990,272.26479,220.15677,,7.5,,122909404.2844,3.4102,15.76653,-3.54352,7.28531,
CAF,1991,282.10691,212.1249,,7.5,,106910593.97511,3.83807,15.24113,-4.24125,6.77283,
CAF,1992,264.6918,213.16976,,7.5,,103830263.76341,3.42404,15.31669,-3.34335,4.50762,
CAF,1993,283.16258,201.08523,,7.75,,116326746.95329,4.45649,17.8347,12.81926,4.3993,
CAF,1994,555.2047,244.94523,,8.08333,,214276441.95139,9.62648,24.39586,78.52121,3.95682,
CAF,1995,499.14843,263.66169,,5.5,,237946017.45028,,21.59301,4.27534,4.15971,
CAF,1996,511.55243,249.74774,,5.45833,,236343697.89685,,24.45348,4.86533,4.50888,
CAF,1997,583.66937,247.5355,,5.0,,181786252.8907,,21.25368,-7.72526,4.41671,
CAF,1998,589.95177,243.77066,,5.0,,148903855.74751,,17.0925,-16.14745,4.89799,
CAF,1999,615.47335,250.1876,,5.0,,139507412.45505,,17.60497,11.06475,4.51268,
CAF,2000,710.20798,265.45694,,5.0,,136311955.64276,,17.0348,2.37869,4.74626,
CAF,2001,732.39769,260.71709,,5.0,,121827806.68742,,15.91463,-1.98893,6.10948,
CAF,2002,693.71323,250.63828,,5.0,,127052247.63301,,14.93287,-5.0815,5.8405,
CAF,2003,579.89743,249.07042,,5.0,,137053605.72003,,14.38667,-7.63975,6.18348,
CAF,2004,527.33803,231.77948,,5.0,,153195695.5173,,16.06062,13.07436,7.16059,
CAF,2005,527.25836,234.14588,,4.91667,,144923649.42718,,18.06934,18.28398,6.89891,
CAF,2006,522.42562,234.7142,,4.33333,,132419817.11154,,15.92339,-4.59345,6.70566,
CAF,2007,478.63372,232.72371,,4.25,,91867874.12097,,14.00403,-6.31039,6.78526,
CAF,2008,446.00004,244.48325,,3.75,,131466500.98142,,15.17682,18.42805,7.02011,
CAF,2009,470.29342,244.71371,,3.25,,210590013.32662,,15.50311,11.71117,6.96253,
CAF,2010,494.79426,251.95736,,3.25,,181175454.94579,,16.51147,16.12918,8.30898,
CAF,2011,471.24863,256.76135,,3.25,,154510967.21247,,17.3376,13.79417,9.18047,
CAF,2012,510.55634,261.70144,,3.25,,157902473.53117,,15.78458,1.55529,10.77194,
CAF,2013,493.89962,253.5181,,3.20833,,193663724.47537,,25.57295,5.61622,13.57683,
CAF,2014,493.75733,289.52386,,2.6,,259571697.52911,,26.16564,14.57992,12.79102,
CAF,2015,591.2117,281.67845,,2.45,,213800567.28805,,25.71385,5.3125,11.71543,
CAF,2016,592.60562,277.7713,,2.45,,239797985.50041,,25.20804,5.75008,12.31484,
CAF,2017,580.65675,284.03351,,,,362717270.49893,,24.99061,10.30301,11.21502,
CAF,2018,555.44646,279.15509,,,,361797180.31765,,27.80109,14.04838,12.34433,
CAF,2019,585.91101,267.2587,,,,350305401.8215,,28.70137,8.91639,11.70501,
CAF,2020,575.586,249.86327,,,,432524260.92372,,31.09179,11.47013,11.70391,
CAF,2021,554.53068,241.88068,,,,483872115.77842,,34.18577,14.56903,11.79469,
CAF,2022,623.7597,239.37289,,,,374404781.26804,,32.89867,2.49028,13.03858,
CAF,2023,606.56975,239.31839,,,,479592712.60564,,,,,
CAF,2024,606.3453,247.78024,,,,489286576.28608,,,,,
CAN,1960,0.96977,,5.75,,,2012986400.0,2.89682,36.96929,,18.49863,
CAN,1961,1.01306,,5.60417,,3.08435,2296085100.0,3.21166,37.94399,8.47143,18.24679,
CAN,1962,1.06877,,5.70833,,4.34159,2561922010.0,3.46802,35.8583,2.85261,18.75903,
CAN,1963,1.07851,,5.75,,3.49158,2615182920.0,3.38111,37.19891,11.61787,19.12119,
CAN,1964,1.0786,,5.75,,2.83782,2893026720.0,3.36057,37.2881,9.93926,19.96814,
CAN,1965,1.07798,,5.77083,,1.9232,3040845600.0,2.99771,37.268,10.27122,22.15371,
CAN,1966,1.07734,,6.0,,1.02848,2707536060.0,2.34799,42.83792,28.75427,28.38838,
CAN,1967,1.07871,,5.91667,,1.40016,2722684400.0,2.18587,45.62193,14.65261,31.04572,
CAN,1968,1.07747,,6.91667,,2.74014,3215954000.0,2.30061,47.63572,14.10059,32.27842,
CAN,1969,1.07678,,7.95833,,2.98736,3111279600.0,1.90992,46.91155,8.46403,33.60533,
CAN,1970,1.04422,,8.16667,,3.28933,4732515670.0,2.76514,47.75475,9.71578,33.39154,
CAN,1971,1.00981,,6.47917,4.41025,1.47499,5828802080.29294,2.97942,48.12562,9.99614,35.68709,
CAN,1972,0.99066,,6.0,4.97769,0.16438,6640230809.89429,2.89727,49.34923,14.50647,38.90209,
CAN,1973,1.00009,,7.64583,6.38584,-2.07677,7305435935.41761,2.54756,50.95786,21.14996,40.84839,
CAN,1974,0.97802,,10.75,9.3125,-4.1702,8978681009.82422,2.30051,50.79783,19.07492,41.76717,
CAN,1975,1.01716,,9.41667,7.35417,-1.42441,7504993348.50907,1.81844,52.22473,15.87919,43.15979,
CAN,1976,0.98603,,10.04167,8.64583,1.15665,7876981014.03464,1.70517,53.62044,18.26845,44.97925,
CAN,1977,1.06344,,8.5,6.95833,1.67026,7301923098.27433,1.49402,55.68673,14.74759,48.19319,81.92239
CAN,1978,1.14066,,9.6875,8.1875,2.67808,8558516041.94903,1.5654,58.69207,16.79828,53.03218,81.91221
CAN,1979,1.17142,,12.89583,11.3125,2.56726,14219999489.2131,2.14195,60.58194,17.84664,55.67599,97.9717
CAN,1980,1.16923,,14.25,11.52083,3.81089,15461831431.7427,2.08732,60.39865,12.11181,56.41663,103.97788
CAN,1981,1.1989,,19.29167,15.95833,7.59505,11671918704.9565,1.35981,68.29443,29.64616,69.87034,
CAN,1982,1.23373,,15.8125,12.91667,6.41883,12269212045.8529,1.65887,68.66642,5.95545,68.06387,65.81737
CAN,1983,1.23241,,11.16667,7.33333,5.04816,11161317127.126,1.40024,64.78463,2.4003,63.00734,75.3611
CAN,1984,1.29507,,12.0625,8.9375,8.22548,8699532578.04879,0.93805,63.48807,7.45856,62.61878,69.13923
CAN,1985,1.36551,,10.58333,7.79167,7.01089,9077363669.59578,0.94045,62.86801,7.17715,63.22859,79.98125
CAN,1986,1.38947,,10.52083,7.08333,7.16405,10961351034.6384,1.08264,64.82027,8.59087,63.30479,88.88908
CAN,1987,1.32598,,9.52083,5.6875,4.51299,16241919191.6213,1.45165,64.48943,8.50209,64.0867,93.64322
CAN,1988,1.2307,,10.83333,6.64583,6.02003,22421917623.8679,1.67872,66.31009,12.23264,66.22029,87.71573
CAN,1989,1.18397,,13.33333,9.08333,8.26517,22511818354.85049,1.5303,70.18698,13.39134,69.80072,95.80133
CAN,1990,1.16677,1.24179,14.0625,9.85417,10.36281,23529517647.2094,1.53735,73.25798,8.09337,73.06805,76.94974
CAN,1991,1.14573,1.23788,9.9375,5.75,6.67664,20836199991.0054,1.36274,75.42239,3.88295,74.98892,83.0384
CAN,1992,1.20872,1.22811,7.47917,3.91667,5.92122,14744867435.11,0.94419,78.38889,6.40098,76.5286,77.0457
CAN,1993,1.29009,1.21513,5.9375,3.20833,4.5893,14845679468.3132,0.88802,76.82391,1.9051,75.532,102.84305
CAN,1994,1.36567,1.20705,6.875,3.98083,5.34161,13774515278.0772,0.75731,75.82061,4.63057,74.75151,99.27097
CAN,1995,1.37245,1.20902,8.64583,5.2825,6.24125,16369362023.5161,0.81178,75.69325,4.82999,73.95051,110.85576
CAN,1996,1.36352,1.20717,6.0625,3.0025,4.31494,21562298749.7584,1.03282,76.1711,4.04524,78.63308,139.51577
CAN,1997,1.3846,1.20033,4.95833,1.90333,3.77106,18718498839.7577,0.79466,75.37587,4.37212,81.53127,154.27899
CAN,1998,1.48351,1.18487,6.60417,3.07917,6.79236,24023245895.1668,1.01444,74.43884,2.42054,79.86254,170.65106
CAN,1999,1.4857,1.19081,6.4375,2.87917,4.42845,28650287867.4575,1.12649,73.18747,5.36227,77.25011,213.48055
CAN,2000,1.48539,1.2282,7.27083,3.48333,2.77524,32427268296.4521,1.1613,71.11051,6.6233,73.98774,103.50014
CAN,2001,1.54884,1.22005,5.8125,2.25417,4.17315,34252695467.5386,1.31951,154.64181,125.031,121.35283,83.2586
CAN,2002,1.57034,1.22933,4.20833,0.82917,2.91416,37189390323.6644,1.43624,152.21164,2.65553,117.83946,116.83146
CAN,2003,1.40101,1.22578,4.6875,1.1,1.39251,36267581049.3033,1.28132,145.54458,0.51067,113.24098,101.64035
CAN,2004,1.30128,1.2326,4.0,0.78333,0.71579,34476385087.8753,1.06751,144.18973,5.46311,115.44331,114.69067
CAN,2005,1.21141,1.21364,4.41667,0.79167,1.26074,33018041276.0769,0.88379,148.54959,9.64519,121.66109,126.34675
CAN,2006,1.13434,1.20526,5.8125,1.825,3.16108,35063091947.1936,0.83463,158.7142,12.47949,134.12081,128.91332
CAN,2007,1.07405,1.21218,6.10417,2.08333,2.71404,41082108778.82369,0.87867,112.08855,-25.55069,123.53365,148.86436
CAN,2008,1.06709,1.23439,4.72917,1.5,0.70469,43872316563.9077,0.88154,122.64335,14.92177,124.09777,66.55883
CAN,2009,1.14154,1.20227,2.39583,0.09583,4.83312,54356329766.8961,1.36081,,,,122.0283
CAN,2010,1.03011,1.22167,2.60417,0.2,-0.2377,57151157771.2186,1.17295,,,,134.24452
CAN,2011,0.98926,1.2399,3.0,0.475,-0.23677,65818985667.1988,1.19117,,,,106.66612
CAN,2012,0.99936,1.24461,3.0,0.48333,1.76011,68546343361.9692,1.19486,,,,112.66743
CAN,2013,1.03014,1.224,3.0,0.55,1.23772,71937085415.7951,1.25518,,,,114.47118
CAN,2014,1.10475,1.23036,3.0,0.55,1.03864,74699962252.57878,1.29919,,,,116.04158
CAN,2015,1.27879,1.24804,2.775,0.075,3.67453,79753521149.89929,1.54393,,,,102.37008
CAN,2016,1.32562,1.20704,2.7,0.1,1.96891,82718110857.62979,1.6508,,,,130.4666
CAN,2017,1.29794,1.2123,2.7,0.1,0.12575,86677706696.7064,1.59591,,,,143.52205
CAN,2018,1.29582,1.20652,,,,83925602808.0081,1.43503,,,,112.32075
CAN,2019,1.32679,1.21786,,,,85297110783.6887,1.44776,,,,138.15815
CAN,2020,1.34115,1.20169,,,,90428136419.34848,1.76069,,,,159.53853
CAN,2021,1.25388,1.16349,,,,106615119570.1,1.72004,,,,163.31347
CAN,2022,1.30155,1.14508,,,,106952377364.743,1.46542,,,,126.04353
CAN,2023,1.34991,1.13973,,,,117550899244.64,1.55715,,,,142.59782
CAN,2024,1.36936,1.15047,,,,119778473396.957,1.54221,,,,150.40211
CAN,2025,,1.14729,,,,,,,,,
CHE,1960,4.37295,,,,,2361508000.0,,90.32295,,87.78847,
CHE,1961,4.37295,,,,,2769871000.0,,88.56956,10.31221,88.66522,
CHE,1962,4.37295,,,,,2924334000.0,,90.87534,13.78315,89.20113,
CHE,1963,4.37295,,,,,3128395600.0,,89.94494,8.83766,89.09803,
CHE,1964,4.37295,,,,,3330443200.0,,90.78606,11.88281,87.0742,
CHE,1965,4.37295,,,,,3454279200.0,,91.61193,6.94581,88.17634,
CHE,1966,4.37295,,,,,3560372300.0,,91.63056,7.40658,87.62919,
CHE,1967,4.37295,,,,,3713752000.0,,91.83197,7.88194,87.55362,
CHE,1968,4.37295,,,,,4810243000.0,,96.29913,11.97396,89.5841,
CHE,1969,4.37295,,,,,4440248000.0,,101.52649,14.23396,91.07487,
CHE,1970,4.37295,,,,,5316981100.0,,100.50354,10.26838,90.30197,
CHE,1971,4.13385,,,,,7434089300.0,,98.20099,10.99693,86.10836,
CHE,1972,3.81925,,,,,9792839000.0,,95.81685,10.56507,82.77601,
CHE,1973,3.16483,,,,,14346200000.0,,90.43601,5.18048,80.53841,
CHE,1974,2.97925,,,,,20962552960.27769,,69.14658,-17.05073,69.3864,
CHE,1975,2.58128,,,,,18687775327.24789,,74.85106,7.52484,74.70667,25.15739
CHE,1976,2.49964,,,,,20828006899.95029,,80.55962,9.01264,80.28211,30.52126
CHE,1977,2.40352,,,,,24025728295.0846,10.42916,83.74131,6.75398,84.42568,40.82558
CHE,1978,1.78802,,,,,36583417564.948,11.44737,89.57527,11.28449,89.74478,37.20381
CHE,1979,1.66272,,,,,59072607795.75529,14.8384,93.84927,9.51695,91.79132,37.89643
CHE,1980,1.67571,,,,,64748106068.3943,13.2763,87.77565,0.48048,95.3303,34.86594
CHE,1981,1.96424,,,,,47081828163.6807,10.30597,88.61382,8.37822,96.91105,34.16386
CHE,1982,2.03027,,,,,53509635003.70429,12.47856,99.18589,18.58186,112.19469,33.67913
CHE,1983,2.09914,,,,,46804207822.2135,11.05781,100.02037,3.88784,117.03204,38.45372
CHE,1984,2.34968,,,,,40970392723.1672,9.99748,106.46216,13.76486,118.62879,36.61528
CHE,1985,2.45713,,,,,45247875298.20989,10.82023,104.598,4.17119,122.94156,75.78369
CHE,1986,1.79892,,,,,54339288831.8316,9.43695,102.98761,3.33382,124.11087,80.86507
CHE,1987,1.49119,,,,,67790689156.0947,10.09762,109.68987,10.56976,130.67396,65.10158
CHE,1988,1.4633,,,,,58367104163.8905,7.88957,108.93068,5.42453,136.91509,65.1116
CHE,1989,1.63593,,,,,58670269176.654,7.39199,107.25961,6.28318,143.93505,82.1389
CHE,1990,1.38916,1.93293,,,,61284432314.7383,6.27504,99.73029,0.83471,144.30709,59.31384
CHE,1991,1.43399,1.97083,,,,58450951447.3392,6.40089,97.71294,2.33105,143.15762,70.53786
CHE,1992,1.40622,1.96786,,,,61006849704.2768,6.5988,98.20781,2.59696,143.26384,69.3545
CHE,1993,1.47762,1.96693,,,,65167423128.0391,7.64486,104.6512,8.89798,142.7705,99.50106
CHE,1994,1.36769,1.94862,,,,66645253531.2277,7.1448,106.37407,4.15614,144.19686,94.55888
CHE,1995,1.18247,1.92267,,,,68620316792.5668,6.34479,109.93021,4.60608,146.60989,112.82926
CHE,1996,1.23601,1.8872,,,,69182548684.46129,6.34893,119.54718,9.56672,144.67545,117.6948
CHE,1997,1.45131,1.84403,,,,63195012603.3216,6.01082,125.24432,6.62421,146.23815,195.17042
CHE,1998,1.44981,1.8276,,,,65157795246.4751,5.71609,128.00078,5.09824,144.48618,227.1144
CHE,1999,1.50215,1.80284,,,,60492112040.37569,5.29222,142.56531,13.27992,151.18251,227.69118
CHE,2000,1.68884,1.78866,,,,53620270122.4935,3.71646,112.38195,-16.93053,141.86367,283.76449
CHE,2001,1.68762,1.76862,,,,51549537913.3508,3.56768,113.85882,3.91326,136.66099,184.01528
CHE,2002,1.55861,1.70976,,,,61276111966.1962,4.38047,120.77483,5.73211,137.50827,198.08093
CHE,2003,1.34665,1.71515,,,,69563022240.0611,4.27684,129.38652,8.35913,140.88675,200.81547
CHE,2004,1.2435,1.69176,,,,74567877421.4051,3.92301,129.19042,2.85023,142.70396,205.26655
CHE,2005,1.24518,1.68655,,,,57575300181.4139,2.51617,133.16199,6.8877,146.37536,224.41588
CHE,2006,1.25384,1.59886,,,,64461048829.5392,2.56436,131.02585,4.60607,150.18285,274.55596
CHE,2007,1.20037,1.53178,,,,75172320982.2309,2.36363,127.26021,3.32902,153.60419,259.74138
CHE,2008,1.08309,1.49305,3.3425,1.80583,1.86552,74145636040.695,2.04763,126.91899,4.01897,145.86615,155.18852
CHE,2009,1.08814,1.4701,2.75083,0.09167,2.28284,134565689169.636,4.26935,139.14683,7.60576,155.19004,192.10785
CHE,2010,1.04291,1.46632,2.73333,0.07167,2.41305,270479819574.10297,7.56172,141.74648,5.50118,153.93753,205.28587
CHE,2011,0.88804,1.3975,2.71833,0.05583,2.73935,330585879227.201,7.44645,154.88701,11.22888,156.3208,152.19129
CHE,2012,0.93768,1.35407,2.68833,0.03833,2.62294,531302252827.224,12.295,172.87989,13.00498,162.23023,179.69152
CHE,2013,0.9269,1.31248,2.68917,0.03333,2.77842,536235288240.2,11.72568,176.91181,4.07569,164.06104,218.15684
CHE,2014,0.91615,1.28176,2.69,0.02917,3.3651,545787281753.12,11.7247,181.93748,4.56995,165.12403,205.81368
CHE,2015,0.96238,1.23546,2.68083,-0.1425,3.99645,602402585638.351,14.03811,181.43105,0.07941,166.77697,218.88541
CHE,2016,0.98539,1.20196,2.64667,-0.20083,3.24891,678909680869.54,14.77814,184.71029,3.30739,170.38555,204.0071
CHE,2017,0.98469,1.18773,2.62744,-0.27176,3.00637,811030675725.884,16.52026,,,,242.59135
CHE,2018,0.97789,1.17887,2.62743,-0.31582,1.849,787021335043.724,15.11056,,,,198.62495
CHE,2019,0.99371,1.13381,2.63292,-0.35108,2.73966,854928999231.1129,16.54749,,,,254.30161
CHE,2020,0.93897,1.10475,2.63485,-0.38366,3.35751,1083404341999.88,21.34724,,,,269.75802
CHE,2021,0.91385,1.05671,2.63986,-0.41853,1.30116,1109821661884.4,19.24671,,,,285.49986
CHE,2022,0.95483,0.98691,2.64672,-0.15226,-0.38172,923627520640.5267,15.01054,,,,220.94205
CHE,2023,0.89849,0.99901,2.86415,1.09208,1.95039,863891876435.068,12.94337,,,,228.60426
CHE,2024,0.88044,0.97289,2.97616,0.92981,1.66595,909365744096.3939,13.19035,,,,210.49403
CHE,2025,,0.92535,,,,,,,,,
CHI,1960,0.35714,,,,,,,,,,
CHI,1961,0.35714,,,,,,,,,,
CHI,1962,0.35714,,,,,,,,,,
CHI,1963,0.35714,,,,,,,,,,
CHI,1964,0.35714,,,,,,,,,,
CHI,1965,0.35714,,,,,,,,,,
CHI,1966,0.35714,,,,,,,,,,
CHI,1967,0.3621,,,,,,,,,,
CHI,1968,0.41667,,,,,,,,,,
CHI,1969,0.41667,,,,,,,,,,
CHI,1970,0.41667,,,,,,,,,,
CHI,1971,0.41092,,,,,,,,,,
CHI,1972,0.40039,,,,,,,,,,
CHI,1973,0.40817,,,,,,,,,,
CHI,1974,0.42776,,,,,,,,,,
CHI,1975,0.45204,,,,,,,,,,
CHI,1976,0.55651,,,,,,,,,,
CHI,1977,0.57327,,,,,,,,,,
CHI,1978,0.5215,,,,,,,,,,
CHI,1979,0.47218,,,,,,,,,,
CHI,1980,0.43029,,,,,,,,,,
CHI,1981,0.49764,,,,,,,,,,
CHI,1982,0.57245,,,,,,,,,,
CHI,1983,0.65972,,,,,,,,,,
CHI,1984,0.75181,,,,,,,,,,
CHI,1985,0.77925,,,,,,,,,,
CHI,1986,0.6822,,,,,,,,,,
CHI,1987,0.61193,,,,,,,,,,
CHI,1988,0.56217,,,,,,,,,,
CHI,1989,0.61117,,,,,,,,,,
CHI,1990,0.56318,,,,,,,,,,
CHI,1991,0.56702,,,,,,,,,,
CHI,1992,0.56977,,,,,,,,,,
CHI,1993,0.66676,,,,,,,,,,
CHI,1994,0.65343,,,,,,,,,,
CHI,1995,0.63367,,,,,,,,,,
CHI,1996,0.64096,,,,,,,,,,
CHI,1997,0.61084,,,,,,,,,,
CHI,1998,0.60382,,,,,,,,,,2.67673
CHI,1999,0.61806,,,,,,,,,,3.94971
CHI,2000,0.66093,,,,,,,,,,3.96105
CHI,2001,0.69466,,,,,,,,,,7.28553
CHI,2002,0.66722,,,,,,,,,,3.98939
CHI,2003,0.61247,,,,,,,,,,3.10069
CHI,2004,0.54618,,,,,,,,,,2.15464
CHI,2005,0.55,,,,,,,,,,6.08727
CHI,2006,0.54349,,,,,,,,,,15.29262
CHI,2007,0.49977,,,,,,,,,,
CHI,2008,0.54397,,,,,,,,,,
CHI,2009,0.64192,,,,,,,,,,
CHI,2010,0.64718,,,,,,,,,,
CHI,2011,0.62414,,,,,,,,,,
CHI,2012,0.63305,,,,,,,,,,
CHI,2013,0.63966,,,,,,,,,,
CHI,2014,0.60773,,,,,,,,,,
CHI,2015,0.65455,,,,,,,,,,
CHI,2016,0.74063,,,,,,,,,,
CHI,2017,0.77698,,,,,,,,,,
CHI,2018,0.74953,,,,,,,,,,
CHI,2019,0.78345,,,,,,,,,,
CHI,2020,0.78,,,,,,,,,,
CHI,2021,0.72706,,,,,,,,,,
CHI,2022,0.8113,,,,,,,,,,
CHI,2023,0.80454,,,,,,,,,,
CHI,2024,0.78241,,,,,,,,,,
CHL,1960,0.00105,,,,,111888400.0,,,,,
CHL,1961,0.00105,,,,,74114900.0,,13.39494,,,
CHL,1962,0.00106,,,,,78890610.0,,23.8509,109.05172,,
CHL,1963,0.00162,,,,,77083480.0,,13.01694,-17.25086,,
CHL,1964,0.00231,,,,,88838080.0,,12.43426,44.51827,,
CHL,1965,0.00316,,,,,137640480.0,,10.91541,22.47126,,
CHL,1966,0.00385,,,,,172330290.0,,13.44724,76.34913,,
CHL,1967,0.00507,,,,,126672800.0,,13.31908,28.33954,,
CHL,1968,0.00688,,,,,217559400.0,,13.71742,42.50467,,
CHL,1969,0.00862,,,,,343766400.0,,13.03406,38.20748,,
CHL,1970,0.01128,,,,,391661580.0,,14.36441,57.94294,,
CHL,1971,0.01221,,,,,228798098.82262,,22.56199,101.95961,,
CHL,1972,0.02084,,,,,184721791.95177,,29.49629,144.55446,,
CHL,1973,0.07164,,,,,276042030.521,,26.04223,334.0081,,
CHL,1974,0.59283,,,,,309258541.23227,,12.99584,297.29478,,
CHL,1975,4.91042,,,,,237806134.78905,1.21744,13.54684,306.72302,,
CHL,1976,13.05417,,,,,585119225.42563,3.01997,19.36229,411.84405,,
CHL,1977,21.53583,,,,,651475843.61594,2.3922,17.37293,100.75943,,
CHL,1978,31.65583,,,,,1404231008.20356,4.04192,19.73823,91.58052,,
CHL,1979,37.24583,,,,,2718629156.19322,5.40125,22.652,83.49038,,
CHL,1980,39.0,,,,,4127728480.68479,5.92497,26.44104,62.52997,,
CHL,1981,39.0,,,,,3889887780.09863,4.46472,27.5164,23.74188,,
CHL,1982,50.90833,,,,,2597195846.44885,4.11872,35.88017,23.67204,,
CHL,1983,78.78833,,,,,2036312762.399,4.04231,33.01381,14.89535,,
CHL,1984,98.4775,,,,,2303197858.25336,4.03244,36.21218,32.4531,,
CHL,1985,160.86,,39.96552,32.09755,-1.3342,2449907557.11775,4.69864,37.64909,52.72649,,
CHL,1986,192.93,,26.35914,19.04067,3.68359,3052961211.47236,5.43812,36.60787,24.90509,,
CHL,1987,219.40667,,32.66554,25.28469,5.68936,3380934165.52795,5.48489,35.93756,31.52959,,
CHL,1988,245.01167,,21.21342,15.16389,0.66733,3908809762.43086,5.36623,36.00307,29.49663,,
CHL,1989,266.95417,,36.00913,27.78873,19.98355,4331116601.67687,4.82463,37.80708,31.36666,,
CHL,1990,304.90333,170.54299,48.86918,40.354,21.47261,6783811633.49504,7.149,36.99723,24.24443,,
CHL,1991,349.21583,199.96724,28.57542,22.34856,5.72134,7700029232.73398,7.66579,35.8465,26.97411,,73.59844
CHL,1992,362.57583,218.52602,23.97053,18.29465,9.30523,9789837752.475,8.23841,35.73829,26.08018,,69.31149
CHL,1993,404.16583,236.17863,24.34583,18.24066,10.92661,10368846508.5187,8.24708,37.21625,24.5375,,89.78362
CHL,1994,420.17667,260.37902,20.33965,15.11876,5.74607,13801961380.9487,9.78938,34.75488,11.6695,,118.47562
CHL,1995,396.77333,278.80942,18.15956,13.73354,6.38855,14859706880.9617,8.14863,35.61525,24.34753,,98.79071
CHL,1996,412.26667,278.46952,17.36786,13.48204,13.67494,15659156323.5519,7.62415,38.67439,20.09408,,83.94993
CHL,1997,419.295,282.86629,15.67027,12.01799,11.94195,18112424930.7211,8.01659,43.37896,24.46735,,84.02728
CHL,1998,460.2875,281.90159,20.1695,14.91796,19.24063,16221026833.4084,7.52956,46.80886,13.29401,,63.25913
CHL,1999,508.77667,284.04936,12.62315,8.56008,10.21197,14970636411.651,7.98906,51.89664,12.98482,,90.27349
CHL,2000,539.5875,290.42348,14.84339,9.20099,9.83487,15055115211.0232,6.85718,51.58184,9.0926,,77.10105
CHL,2001,634.93833,296.17635,11.89101,6.18741,7.30156,14399463580.6192,6.80413,87.55772,82.58831,73.0817,78.67262
CHL,2002,688.93667,301.38705,7.75807,3.79964,4.27461,15343862166.6231,7.412,87.08871,6.07916,74.3461,70.91394
CHL,2003,691.3975,308.26155,6.17878,2.73374,1.80103,15842927419.0005,6.63634,79.32359,-0.51235,75.83206,113.11674
CHL,2004,609.52917,321.27678,5.127,1.93745,-1.7732,15997301155.2013,4.98972,76.11742,9.55333,76.74999,118.01474
CHL,2005,559.7675,333.69,6.67788,3.93191,-0.41303,16933297690.4239,4.02469,74.6529,11.19165,77.63457,111.6107
CHL,2006,530.275,318.57472,7.99948,5.10593,-3.8722,19396987006.62149,3.58848,74.67754,19.18639,78.11332,113.37415
CHL,2007,522.46417,323.87896,8.67126,5.61023,3.40902,16843397511.3295,2.63015,80.2416,18.75458,84.07525,123.43261
CHL,2008,522.46104,340.40083,13.26177,7.4892,12.91047,23079229513.8107,3.07151,77.25443,0.23651,100.17257,73.26955
CHL,2009,560.85989,354.32589,7.25063,2.04761,3.54597,25292079030.7077,4.57045,71.8856,-4.69795,102.68708,134.32018
CHL,2010,510.24917,359.83702,4.75483,1.75119,-3.7688,27827450636.1977,3.77839,67.19859,7.71446,99.47559,157.47384
CHL,2011,483.6675,348.01685,9.03015,5.28684,5.58746,41943889984.8961,4.49169,75.27888,22.8767,101.86349,107.52101
CHL,2012,486.4713,347.22851,10.05726,5.78822,9.22338,41649256237.5881,4.42879,77.62592,10.30077,104.26669,117.3394
CHL,2013,495.27288,349.68054,9.26188,5.16887,6.84633,41093252538.7589,4.4239,82.10724,11.74287,104.14934,95.58574
CHL,2014,570.34822,367.21391,8.09806,3.91911,2.12103,40447379051.6686,4.73427,82.8632,8.74252,107.29403,89.86153
CHL,2015,654.12408,391.17886,5.51493,3.60854,0.5341,38641176606.0314,5.4534,84.3615,9.1515,108.68316,78.51174
CHL,2016,676.95774,397.2507,5.5884,3.81516,0.98291,40493293729.5296,5.78589,83.1786,4.90182,109.65899,85.21523
CHL,2017,648.83379,397.6894,4.55286,2.93925,-0.26266,38981539753.7984,4.90282,78.71996,0.55602,111.85973,106.70693
CHL,2018,641.27681,396.22941,4.17802,2.70296,2.54731,39858824174.8114,4.38194,77.62837,4.17874,116.09827,85.48799
CHL,2019,702.89742,397.67441,,2.53462,,40655524238.3282,4.69728,84.35316,12.16005,123.24908,73.23126
CHL,2020,792.72721,409.84179,,0.85734,,39166118109.4101,5.28712,93.48045,14.06563,123.5625,72.64519
CHL,2021,758.95538,423.01379,,1.27682,,51252167799.6881,4.69424,93.73528,19.28525,109.32189,82.30438
CHL,2022,873.31419,434.95225,,8.986,,39102338845.0328,3.18146,88.54405,3.7918,112.62196,94.69015
CHL,2023,840.06653,432.56212,,10.40784,,46377347796.8251,4.37852,84.7995,2.61236,109.48641,85.85192
CHL,2024,943.57217,435.77895,,6.06988,,44403009394.3695,4.15132,75.07161,-2.12013,104.04384,79.3329
CHL,2025,,452.5864,,,,,,,,,
CHN,1960,2.46181,,,,,,,,,,
CHN,1961,2.46181,,,,,,,,,,
CHN,1962,2.46181,,,,,,,,,,
CHN,1963,2.46181,,,,,,,,,,
CHN,1964,2.46181,,,,,,,,,,
CHN,1965,2.46181,,,,,,,,,,
CHN,1966,2.46181,,,,,,,,,,
CHN,1967,2.46181,,,,,,,,,,
CHN,1968,2.46181,,,,,,,,,,
CHN,1969,2.46181,,,,,,,,,,
CHN,1970,2.46181,,,,,,,,,,
CHN,1971,2.46181,,,,,,,,,,
CHN,1972,2.24507,,,,,,,,,,
CHN,1973,1.98942,,,,,,,,,,
CHN,1974,1.96111,,,,,,,,,,
CHN,1975,1.85982,,,,,,,,,,
CHN,1976,1.94142,,,,,,,,,,
CHN,1977,1.85782,,,,,4456360000.0,,26.3685,,51.09357,
CHN,1978,1.68359,,,,,4449800000.0,,24.14514,3.64632,50.20625,
CHN,1979,1.55494,,,,,8707600000.0,,32.32859,49.24132,49.65914,
CHN,1980,1.49839,,5.04,5.4,1.22906,10090779859.0454,,36.36225,25.8548,52.53389,
CHN,1981,1.70454,,5.04,5.4,2.61761,10106339042.8511,,39.99636,18.3472,55.91239,
CHN,1982,1.89254,,7.2,5.76,7.38029,17151500473.3587,10.53262,42.08522,14.56237,56.69626,
CHN,1983,1.97567,,7.2,5.76,5.93153,19831702777.5853,11.32916,44.96975,19.73342,56.87692,
CHN,1984,2.32004,,7.2,5.76,2.18728,21281443729.6592,9.41102,49.34589,32.64892,60.60556,
CHN,1985,2.93666,,7.92,7.2,-2.06865,16881047188.0492,4.90479,53.47689,35.47033,66.06918,
CHN,1986,3.45279,,7.92,7.2,3.0947,16417429180.4582,5.17139,61.07242,30.23036,75.835,
CHN,1987,3.7221,,7.92,7.2,2.68046,22453016927.8894,6.72397,65.24545,25.34102,77.89949,
CHN,1988,3.7221,,9.0,8.64,-2.76691,23751513805.82949,5.52339,63.14512,20.66881,73.85706,
CHN,1989,3.76511,,11.34,11.34,2.51582,23052566323.2317,5.08372,66.20046,18.65217,76.99768,
CHN,1990,4.78321,1.68128,9.36,8.64,3.45383,34475661158.612,8.50062,77.64257,28.86659,86.03302,
CHN,1991,5.32339,1.73568,8.64,7.56,1.79286,48165019103.1197,10.10879,84.26888,26.67911,88.10107,
CHN,1992,5.51459,1.83616,8.64,7.56,0.40652,24852636915.1071,3.76717,89.12535,30.79967,86.05306,
CHN,1993,5.76196,2.066,10.98,10.98,-3.65038,27348104116.5518,3.15485,99.61222,46.66979,96.50639,
CHN,1994,8.61874,2.44033,10.98,10.98,-8.00771,57781337884.3961,5.85894,96.02576,31.50013,85.48755,
CHN,1995,8.35142,2.71607,12.06,10.98,-1.38429,80288427869.5104,6.32826,98.53056,29.46102,83.7833,
CHN,1996,8.31418,2.84077,10.08,7.47,3.35584,111728900039.4,7.71067,105.37968,25.27316,88.96381,
CHN,1997,8.28982,2.83889,8.64,5.67,6.86908,146448007873.157,15.35846,114.5127,20.72731,96.11098,
CHN,1998,8.27896,2.78414,6.39,3.78,7.27661,152842955596.126,15.31556,122.93887,14.90435,104.37436,
CHN,1999,8.27825,2.7118,5.85,2.25,7.15697,161414049491.998,13.63649,132.46172,14.66648,109.3996,
CHN,2000,8.2785,2.70742,5.85,2.25,3.67309,171763098225.843,10.94136,134.20404,12.32478,109.99488,
CHN,2001,8.27707,2.70637,5.85,2.25,3.55922,220056777617.139,12.63176,139.45765,15.04241,108.77479,
CHN,2002,8.27696,2.68208,5.31,1.98,4.6375,297739475705.21094,15.29923,143.51019,13.14044,115.97939,
CHN,2003,8.27704,2.69966,5.31,1.98,2.59865,416199411548.592,11.44274,151.39683,19.23977,123.90844,30.46367
CHN,2004,8.2768,2.81274,5.58,2.25,-1.31806,622948544349.6,12.9044,147.61559,14.88692,116.91116,22.56431
CHN,2005,8.19432,2.82946,5.58,2.25,1.76511,831409619695.566,14.16977,149.02638,16.74165,110.31841,17.33952
CHN,2006,7.97344,2.85514,6.12,2.52,2.01937,1080755682869.89,15.3932,155.27275,22.11612,107.61848,41.03369
CHN,2007,7.60753,2.99982,7.47,4.14,-0.41112,1546364660543.36,18.09579,147.14518,16.73553,104.21046,124.27295
CHN,2008,6.94865,3.17434,5.31,2.25,-2.36109,1966037431070.11,19.14593,146.51265,17.77811,100.40796,38.11125
CHN,2009,6.83142,3.15229,5.31,2.25,5.39639,2452899062067.79,25.38976,172.12619,28.42328,122.30115,68.85248
CHN,2010,6.77027,3.33023,5.81,2.75,-1.04599,2913711711315.37,21.82949,173.12965,18.94831,124.42561,65.04317
CHN,2011,6.46146,3.52447,6.56,3.5,-1.34801,3254674063563.49,19.13076,171.79298,17.32297,121.16709,44.47623
CHN,2012,6.31233,3.54028,6.0,3.0,3.51038,3387512973773.81,19.08305,177.92329,14.39165,126.81973,42.62761
CHN,2013,6.19576,3.62119,6.0,3.0,3.61885,3880368265252.92,19.54328,183.30257,13.5889,131.93905,40.53262
CHN,2014,6.14343,3.69371,5.6,2.75,4.46024,3900039302991.08,18.96542,187.31425,11.01194,137.62373,56.2549
CHN,2015,6.22749,3.78151,4.35,1.5,4.20696,3405253363888.1294,17.93578,198.18581,13.3431,149.62883,72.58358
CHN,2016,6.64448,3.87429,4.35,1.5,2.83074,3097658421378.4,16.7161,203.63648,11.33312,153.19276,63.90296
CHN,2017,6.75876,4.04005,4.35,1.5,0.19586,3235681607213.04,15.41753,197.75873,8.10978,152.08975,69.48137
CHN,2018,6.61596,4.09409,4.35,1.5,0.85254,3168216331199.08,13.14174,191.55007,6.99106,154.99156,44.70586
CHN,2019,6.90839,4.05961,4.35,1.5,2.99509,3222894578036.36,13.75418,194.07838,8.88228,162.20757,58.85586
CHN,2020,6.90077,4.01466,4.35,1.5,3.79986,3357240875433.709,14.6817,207.53029,10.01356,179.1041,81.86468
CHN,2021,6.44898,3.98741,4.35,1.5,-0.11856,3427931394628.85,11.60199,199.56844,9.07575,173.55452,79.31922
CHN,2022,6.73716,3.79404,4.35,1.5,2.36989,3306839412813.77,11.12663,211.97245,11.6633,181.78516,62.61666
CHN,2023,7.084,3.64374,4.35,1.5,4.88038,3449544415518.98,11.63982,222.01122,9.84883,189.60671,59.85568
CHN,2024,7.19749,3.53255,4.35,1.5,5.09322,3456024808739.12,11.22914,227.49734,6.81071,194.166,62.7181
CIV,1960,245.1951,,,,,,,,,,
CIV,1961,245.2601,,,,,,,,,,
CIV,1962,245.01385,,,,,,,20.10074,,18.70925,
CIV,1963,245.01635,,,,,,,19.47777,14.28571,19.59575,
CIV,1964,245.02718,,,,,,,21.92874,36.26101,20.97166,
CIV,1965,245.06093,,,,,,,21.67702,-1.27298,19.84472,
CIV,1966,245.67844,,,,,,,21.44277,10.41752,19.14547,
CIV,1967,246.00094,,,,,,,21.85811,7.93327,20.55931,
CIV,1968,247.56469,,,,,,,22.86885,24.57496,20.65258,
CIV,1969,259.96057,,,,,,,25.97344,26.71629,22.33682,
CIV,1970,276.40314,,,,,,,26.54238,16.16623,23.03753,
CIV,1971,275.35646,,,,,,,26.96011,10.13298,25.52728,
CIV,1972,252.02763,,,,,,,26.35271,4.44728,28.51534,
CIV,1973,222.88918,,,,,,,26.45502,20.41846,31.36648,
CIV,1974,240.70467,,,,,,,30.20433,50.90934,32.98241,
CIV,1975,214.3129,,,,,,,29.30617,9.56498,35.05333,
CIV,1976,238.95049,,,,,,,31.39587,43.01194,34.91741,
CIV,1977,245.67969,,,,,,,34.07549,49.9614,39.056,
CIV,1978,225.65586,,,,,,,32.6234,10.89058,38.74018,
CIV,1979,212.72164,,,,,,,29.10998,-2.65642,40.40928,
CIV,1980,211.27956,,,,,,,27.06265,2.766,40.7619,
CIV,1981,271.73145,,,,,,,27.91525,9.9395,41.76312,
CIV,1982,328.60625,,,,,,,26.55594,3.23458,41.11196,
CIV,1983,381.06604,,,,,,,26.55423,4.78693,42.2638,
CIV,1984,436.95667,,,,,,,27.63171,19.38001,36.41479,
CIV,1985,449.26296,,,,,,,29.96824,13.72732,34.05087,
CIV,1986,346.3059,,,,,,,30.42321,2.70907,33.86368,
CIV,1987,300.53656,,,,,,,30.68628,-3.58339,37.93907,
CIV,1988,297.84822,,,,,,,30.90551,1.47101,37.65785,
CIV,1989,319.0083,,,,,,,27.87701,-8.08023,35.54779,
CIV,1990,272.26479,133.16279,,,,,,28.76195,-2.57195,36.49501,
CIV,1991,282.10691,129.66141,,,,,,28.59368,0.11552,36.01034,
CIV,1992,264.6918,126.74223,,,,,,28.33074,-1.18546,32.05945,
CIV,1993,283.16258,131.42695,,,,,,26.37549,-1.36229,28.65582,3.00839
CIV,1994,555.2047,188.3687,,,,,,26.23432,46.78375,18.52207,0.23492
CIV,1995,499.14843,204.87612,,,,,,26.04142,18.08176,18.50463,0.56808
CIV,1996,511.55243,211.21836,,,,,,16.07472,3.92662,11.23565,0.34359
CIV,1997,583.66937,215.78022,,,,,,15.26205,8.18789,11.10128,
CIV,1998,589.95177,224.87776,,,,,,14.72537,6.01708,10.25234,9.30317
CIV,1999,615.47335,220.01941,,,,,,14.42251,-1.68266,9.47189,6.85401
CIV,2000,710.20798,218.59046,,,,,,13.98279,-1.75846,9.76197,2.63206
CIV,2001,732.39769,228.4761,,,,,,13.98057,4.55723,9.856,5.85484
CIV,2002,693.71323,235.28881,,,,,,17.83588,29.77881,9.65018,7.28194
CIV,2003,579.89743,238.29713,,,,,,13.10912,-27.67934,8.82684,7.76458
CIV,2004,527.33803,226.2477,,,,,,14.01684,7.56792,9.46912,8.8584
CIV,2005,527.25836,222.22414,7.04917,7.6075,5.76399,,,13.68774,-0.17679,9.38467,9.70345
CIV,2006,522.42562,218.50696,4.73667,7.82167,3.33183,,,14.86356,13.16571,9.76765,16.43603
CIV,2007,478.63372,219.31388,4.75167,7.81333,1.61329,,,18.84653,32.15273,11.12734,28.87741
CIV,2008,446.00004,226.72906,4.98417,8.12417,-0.36894,,,18.43761,8.01691,11.21147,20.79858
CIV,2009,470.29342,228.06081,4.9775,8.57917,3.72473,,,21.30646,21.16978,11.82112,18.0729
CIV,2010,494.79426,228.73887,5.11333,8.38667,3.54339,,,23.3989,19.12041,11.83009,20.48906
CIV,2011,471.24863,236.91058,5.25592,8.50083,-0.42892,,,25.9681,11.0158,11.86729,17.13536
CIV,2012,510.55634,240.00898,5.03917,7.9925,5.46535,,,25.4037,4.85589,12.43537,
CIV,2013,493.89962,243.76311,5.2875,7.65417,2.34336,,,24.82263,11.34016,13.39489,27.63982
CIV,2014,493.75733,241.33518,5.33833,7.25833,0.8917,,,24.81946,14.17779,14.27992,23.97559
CIV,2015,591.2117,243.63529,5.15417,6.99833,0.36123,,,26.1101,18.15469,16.48258,27.26842
CIV,2016,592.60562,243.62623,5.295,6.925,6.55214,,,27.37486,11.03847,,25.54065
CIV,2017,580.65675,243.18558,,,,,,28.12213,9.1934,,23.7767
CIV,2018,555.44646,239.319,,,,,,29.91332,13.39671,,14.44456
CIV,2019,585.91101,227.48311,,,,,,30.44183,10.76098,,13.41461
CIV,2020,575.586,226.3087,,,,,,35.95178,21.10074,,11.63198
CIV,2021,554.53068,225.2888,,,,,,38.36661,18.74498,,
CIV,2022,623.7597,216.60468,,,,,,38.15344,8.98298,,
CIV,2023,606.56975,217.24038,,,,,,35.59279,3.3264,,
CIV,2024,606.3453,215.67289,,,,,,37.52281,13.64515,,
CMR,1960,245.1951,,,,,19240000.0,,9.9375,,9.70117,
CMR,1961,245.2601,,,,,20300000.0,,9.36667,0.20161,9.8126,
CMR,1962,245.01385,,,,,27710000.0,,11.51226,30.5835,11.58728,
CMR,1963,245.01635,,,,,34880000.0,,11.80066,6.06061,13.30111,
CMR,1964,245.02718,,,,,35890000.0,,12.17707,11.57385,14.06723,
CMR,1965,245.06093,,,,,26700000.0,,11.65587,0.34722,13.69925,
CMR,1966,245.67844,,,,,33700000.0,,13.04956,17.34429,14.31373,
CMR,1967,246.00094,,,,,24350000.0,,12.81782,8.18282,14.84151,
CMR,1968,247.56469,,,,,40850759.32061,,13.64473,19.71721,13.4444,
CMR,1969,259.96057,,,,,48085555.72455,,14.67107,18.77223,13.82244,
CMR,1970,276.40314,,,,,80807414.22365,,14.71204,11.53044,14.20585,
CMR,1971,275.35646,,,,,73603091.93698,,15.51271,12.86497,14.13917,
CMR,1972,252.02763,,,,,43637853.52012,,15.36837,9.83192,15.27353,
CMR,1973,222.88918,,,,,51153204.97376,,16.76162,22.40979,15.31288,
CMR,1974,240.70467,,,,,78527121.80495,,18.45021,34.87852,17.19526,
CMR,1975,214.3129,,,,,28827890.07702,,17.61606,12.57794,18.74653,
CMR,1976,238.95049,,,,,43803725.91829,,19.48353,25.08765,20.8065,
CMR,1977,245.67969,,,,,44862720.5208,0.48784,22.34577,38.12552,24.53118,
CMR,1978,225.65586,,,,,55673755.79359,0.44361,20.44533,15.43331,25.3583,
CMR,1979,212.72164,,,,,140905982.41678,0.91707,20.93799,22.547,25.71281,
CMR,1980,211.27956,,,,,206367217.76468,0.97051,22.69265,21.38663,29.54283,
CMR,1981,271.73145,,,,,96992136.09198,0.50488,22.9025,28.56415,31.15565,
CMR,1982,328.60625,,,,,80796978.21388,0.44502,22.53829,19.01315,31.24235,
CMR,1983,381.06604,,,,,170415619.35329,0.90892,23.66621,26.53697,30.89244,
CMR,1984,436.95667,,,,,63101789.23472,0.34677,23.38622,20.59592,25.23095,
CMR,1985,449.26296,,,,,142274709.69913,0.63092,22.85031,17.39895,22.87881,
CMR,1986,346.3059,,,,,70742510.27631,0.28944,20.45118,-4.26735,24.01782,
CMR,1987,300.53656,,,,,78283064.98849,0.32324,17.48769,-18.3279,25.86899,
CMR,1988,297.84822,,,,,188154480.85376,0.8575,19.203,2.04146,24.39344,
CMR,1989,319.0083,,,,,91892959.20793,0.42412,20.40964,2.45195,25.07278,
CMR,1990,272.26479,164.47722,,7.5,,37075058.96402,0.14629,21.23369,-0.70961,26.37739,
CMR,1991,282.10691,164.77457,,7.5,,53628537.06973,0.24083,21.62894,1.47867,26.41866,
CMR,1992,264.6918,159.04489,,7.5,,30352645.08232,0.13137,18.82931,-16.72047,12.52026,
CMR,1993,283.16258,217.19686,,7.75,,14152080.79634,0.07029,11.91881,-9.22841,8.04896,
CMR,1994,555.2047,233.11107,,8.08333,,13740919.65259,0.08762,13.98185,26.54093,7.47641,
CMR,1995,499.14843,239.72356,,5.5,,15372103.2588,0.09077,11.95886,-6.15459,6.84825,
CMR,1996,511.55243,236.38021,,5.375,,13833208.90589,0.05692,10.27386,-10.10123,6.79991,
CMR,1997,583.66937,246.69609,,5.04167,,9555390.85371,0.03668,10.97818,18.57765,5.52817,
CMR,1998,589.95177,246.55461,,5.0,,9911701.41282,0.04281,11.17855,7.77365,6.43349,
CMR,1999,615.47335,240.39199,,5.0,,13121977.87724,0.05514,11.85882,13.2969,6.7636,
CMR,2000,710.20798,238.66746,,5.0,,220219413.04329,0.87294,13.40115,19.1337,7.24835,
CMR,2001,732.39769,239.17552,,5.0,,340115355.12041,1.23415,12.70845,1.37478,7.84075,
CMR,2002,693.71323,242.04999,,5.0,,639930327.32318,2.17334,14.34149,21.17358,8.06334,
CMR,2003,579.89743,241.99919,,5.0,,652135227.56922,1.97432,13.59914,1.94742,8.23855,
CMR,2004,527.33803,235.99075,,5.0,,842430190.03523,2.23588,13.63118,7.45072,7.79542,
CMR,2005,527.25836,231.92168,,4.91667,,964745492.90892,2.30899,13.89935,5.65414,8.40286,
CMR,2006,522.42562,230.15745,,4.33333,,1735263262.18996,4.13535,14.15209,8.12791,8.12353,
CMR,2007,478.63372,225.18598,,4.25,,2931745509.79895,5.36272,15.50634,14.87185,8.28509,
CMR,2008,446.00004,231.84441,,3.75,,3112861315.14642,4.40886,16.37158,13.9513,9.23972,
CMR,2009,470.29342,238.72654,,3.25,,3675521655.97273,6.42072,16.67287,8.23152,9.64396,
CMR,2010,494.79426,237.48332,,3.25,,3642642765.84441,6.51476,18.31441,13.80783,10.77794,
CMR,2011,471.24863,238.70708,,3.25,,3198717752.74849,4.41639,19.01804,10.13037,12.32637,
CMR,2012,510.55634,241.80819,,3.25,,3380703262.12092,4.6049,17.82034,-0.0589,12.41202,
CMR,2013,493.89962,240.31562,,3.20833,,3471999831.39101,4.32725,18.35457,11.44528,12.96114,
CMR,2014,493.75733,237.97855,,2.6,,3168216856.18041,3.61189,19.27256,13.24324,13.72784,
CMR,2015,591.2117,239.17832,,2.45,,3536255065.98644,5.04659,19.78324,8.80292,14.19039,
CMR,2016,592.60562,235.55876,,2.45,,2225708778.07818,3.40871,19.74063,5.00099,14.37066,
CMR,2017,580.65675,230.58539,,2.45,,3196791410.74603,4.72598,19.89721,5.43228,14.06335,
CMR,2018,555.44646,223.16577,,2.45,,3459329760.96425,4.42823,21.40185,13.93786,14.68208,
CMR,2019,585.91101,214.87251,,,,3720172167.11585,4.39373,,,14.09109,
CMR,2020,575.586,205.10699,,,,3961753887.4114,5.78826,,,,
CMR,2021,554.53068,193.45895,,,,4299788713.29081,5.21284,,,,
CMR,2022,623.7597,192.92004,,,,5133480338.41129,5.58537,,,,
CMR,2023,606.56975,192.87242,,,,4882047276.67738,5.10504,,,,
CMR,2024,606.3453,198.53635,,,,5061511549.89538,5.27511,,,,
COD,1960,0.0,,,,,62509200.0,,,,,
COD,1961,0.0,,,,,15007100.0,,,,,
COD,1962,0.0,,,,,12087170.0,,,,,
COD,1963,0.0,,,,,32089880.0,,9.45503,,1.33858,
COD,1964,0.0,,,,,39834960.0,,11.79986,26.07416,1.95602,
COD,1965,0.0,,,,,21395680.0,,9.79372,16.47862,1.4987,
COD,1966,0.0,,,,,20543810.0,,10.94628,25.27698,1.69811,
COD,1967,0.0,,,,,67608400.0,,9.81256,40.74952,1.54138,
COD,1968,0.0,,,,,140290200.0,,7.75143,31.77148,1.05166,
COD,1969,0.0,,,,,199438800.0,,6.74189,11.95047,1.05567,
COD,1970,0.0,,,,,189252250.0,,8.51988,22.48617,1.68391,
COD,1971,0.0,,,,,153653420.7657,,8.0038,7.75353,1.92566,
COD,1972,0.0,,,,,217548710.56803,,8.81175,21.487,2.77395,
COD,1973,0.0,,,,,337127040.0415,,9.52736,37.83269,3.27477,
COD,1974,0.0,,,,,212045966.55374,,10.38532,32.92073,4.58219,
COD,1975,0.0,,,,,84371345.93356,,10.71165,10.02475,5.51839,
COD,1976,0.0,,,,,85310633.98995,,9.92244,38.05832,4.6596,
COD,1977,0.0,,,,,176753441.37801,,11.42323,59.23663,4.79628,
COD,1978,0.0,,,,,195357273.56851,,14.49903,54.2786,4.90983,
COD,1979,0.0,,,,,335712079.85688,,7.51232,4.99189,3.20562,
COD,1980,0.0,,,,,379781000.0,,7.90103,62.73705,2.74218,
COD,1981,0.0,,,,,293853190.78143,,8.80688,51.99567,2.31537,
COD,1982,0.0,,,,,226201062.1491,,10.78308,74.87829,2.42188,
COD,1983,0.0,,,,,269424666.82925,,72.37223,1113.00466,1.98652,
COD,1984,0.0,,,,,281037800.0,,6.61772,-81.70201,1.58914,
COD,1985,0.0,,,,,335223699.47276,,6.89723,31.73821,1.56243,
COD,1986,0.0,,,,,451170300.0,,8.06631,57.31268,2.23316,
COD,1987,0.0,,,,,417014292.88541,,8.78443,94.30075,2.83273,
COD,1988,0.0,,,,,371552500.0,,10.56468,131.49659,2.3775,
COD,1989,0.0,,,,,281700973.5853,,8.51921,67.40596,1.99782,
COD,1990,0.0,0.0,,,,260650000.0,,12.88968,195.38651,1.80968,
COD,1991,0.0,0.0,,,,193104400.0,,14.36423,2388.56716,0.68367,
COD,1992,0.0,0.0,,,,166061000.0,,15.80247,3794.44895,0.92618,
COD,1993,3e-05,1e-05,,,,54794299.78,,30.68351,2853.12492,1.211,
COD,1994,0.01194,0.00302,,,,131421000.0,,8.40106,6968.92252,1.05686,
COD,1995,0.07024,0.01676,,,,157429000.0,,6.7405,357.63231,1.06312,
COD,1996,0.50185,0.12153,,,,82500000.0,,,,,
COD,1997,1.31345,0.34961,,,,98304292.5446,,,,,
COD,1998,1.60666,0.43885,,,,82500000.0,,,,,
COD,1999,4.01833,2.34496,,,,82500000.0,,,,,
COD,2000,21.81833,62.60225,,,,82500000.0,,3.42308,,0.77625,
COD,2001,206.6175,105.95352,,,,82500000.0,,2.85741,41.4272,0.5439,
COD,2002,346.485,137.42582,,,,73858396.51613,,2.91726,38.4425,0.49139,
COD,2003,405.17818,152.84449,,,,97757335.84787,,3.16074,29.73571,0.79599,
COD,2004,399.47579,158.31647,,,,236242009.29817,,5.06281,81.85424,1.09524,
COD,2005,473.90801,210.10538,,,,131200257.92262,0.40453,4.29853,23.34078,1.13961,
COD,2006,468.27882,235.28599,46.43583,,26.85217,154503797.16365,0.48422,5.54536,56.53032,1.9444,
COD,2007,516.74989,276.40835,47.00102,14.38758,21.8304,180677436.98623,0.31417,6.37679,50.58676,2.41095,
COD,2008,559.29251,337.95804,43.15417,7.7975,14.8694,77733370.43945,0.10525,7.38692,55.05028,4.34459,
COD,2009,809.78583,395.98798,65.4175,16.075,40.31103,1035381387.91634,1.64105,9.73296,56.21405,5.31193,
COD,2010,905.91346,526.99255,56.51833,16.77333,16.19746,1299652041.01224,1.30717,9.02941,34.76428,3.32382,
COD,2011,919.4913,532.06342,43.7534,13.35667,39.50521,1267500302.99162,1.16364,9.8949,21.49686,3.93874,
COD,2012,919.75502,582.02451,28.44667,7.71917,22.64071,1632551644.22763,1.62246,10.49109,20.67061,4.69547,
COD,2013,919.56591,556.55154,19.36601,4.709,12.64399,1678465311.80224,1.22602,10.72356,18.74038,4.91397,
COD,2014,925.22628,526.67116,18.6925,4.00667,15.15526,1556982977.84139,1.13229,11.11741,14.66031,5.35362,
COD,2015,925.98496,504.3184,19.37083,3.65833,21.0914,1215934551.45167,1.04303,11.59848,9.38546,5.93167,
COD,2016,1010.30276,488.93788,19.04583,3.375,14.02213,708160749.15533,0.57154,13.5668,22.60511,7.11213,
COD,2017,1464.41793,637.26642,20.62083,4.185,-10.79843,695398161.99796,0.5895,13.65415,41.86542,5.53599,
COD,2018,1622.5235,801.57349,24.74833,4.865,-3.92076,665272094.99291,0.40823,12.65641,27.65873,5.91739,
COD,2019,1647.76013,786.30939,26.73583,5.47583,24.98977,1194373484.64689,0.77879,16.71869,34.68582,6.63541,
COD,2020,1851.12216,827.00427,25.95849,6.20167,13.36271,747655324.33811,0.56013,21.74777,45.6547,7.77352,
COD,2021,1989.39147,845.45068,23.28572,5.73154,-3.52629,3467115960.59407,1.7098,21.55644,34.81198,6.76404,
COD,2022,2006.70822,868.01821,,,,4378100481.591,1.53179,,,8.54046,
COD,2023,2340.0357,932.43049,,,,5104181646.55259,1.69039,,,11.28631,
COD,2024,,1006.63614,,,,,,,,,
COG,1960,245.1951,,,,,5060000.0,,23.86996,,22.2291,
COG,1961,245.2601,,,,,3160000.0,,23.30645,12.45136,22.82258,
COG,1962,245.01385,,,,,8380000.0,,17.74509,-16.49366,19.85294,
COG,1963,245.01635,,,,,1690000.0,,20.11848,17.26519,22.32227,
COG,1964,245.02718,,,,,653000.0,,18.0,-3.53357,22.61538,
COG,1965,245.06093,,,,,6193000.0,,15.65843,-7.08181,20.12345,
COG,1966,245.67844,,,,,6183000.0,,15.42435,9.85545,19.46494,
COG,1967,246.00094,,,,,2623000.0,,16.78082,17.22488,19.28083,
COG,1968,247.56469,,,,,7407366.39794,,18.30707,16.19388,18.05305,
COG,1969,259.96057,,,,,5741698.40163,,17.32802,4.84763,16.92454,
COG,1970,276.40314,,,,,8884792.31531,,18.41842,17.246,16.28553,
COG,1971,275.35646,,,,,10820119.72529,,17.17023,8.80126,16.06877,
COG,1972,252.02763,,,,,10338027.37945,,15.64058,6.29022,15.51498,
COG,1973,222.88918,,,,,7858034.17386,,15.38245,14.78873,15.3154,
COG,1974,240.70467,,,,,24101167.48117,,18.34847,39.12926,15.09155,
COG,1975,214.3129,,,,,13814488.43536,,17.82847,13.37176,17.17397,
COG,1976,238.95049,,,,,12168224.10966,,18.82917,15.82736,19.87133,
COG,1977,245.67969,,,,,14453694.43621,,18.49096,2.39771,20.70691,
COG,1978,225.65586,,,,,11350150.53826,0.22727,18.71004,6.72842,19.87948,
COG,1979,212.72164,,,5.5,,48069339.86256,0.84936,17.6949,21.61609,17.87725,
COG,1980,211.27956,,,6.5,,92619325.68666,0.93015,17.0985,36.56974,15.53718,
COG,1981,271.73145,,,6.5,,127900257.41064,0.93264,17.10965,50.40326,17.39007,
COG,1982,328.60625,,,6.5,,42223139.39381,0.33352,16.47479,26.20545,18.47239,
COG,1983,381.06604,,,7.5,,11709254.94424,0.09029,14.41892,-1.48327,19.01289,
COG,1984,436.95667,,,7.5,,7535939.86282,0.07916,12.89619,7.26683,18.83735,
COG,1985,449.26296,,,8.25,,7593095.02567,0.06542,15.40389,20.97808,20.72971,
COG,1986,346.3059,,,8.10417,,11157540.66957,0.0954,20.64638,-11.58144,31.67958,
COG,1987,300.53656,,,7.79167,,8771600.58847,0.08501,20.28849,5.96119,27.06706,
COG,1988,297.84822,,,7.8125,,9257971.40363,0.07957,20.30319,-4.50094,16.24036,
COG,1989,319.0083,,,8.0,,10552482.30109,0.09115,18.09432,3.09048,14.73396,
COG,1990,272.26479,101.71225,,7.6875,,10192493.16103,0.06962,21.43189,18.39879,15.69226,
COG,1991,282.10691,96.92833,,7.5,,8694635.00651,0.06201,20.22506,-4.80127,15.99675,
COG,1992,264.6918,93.28152,,7.5,,7714245.89929,0.05952,21.78928,8.81328,15.75631,
COG,1993,283.16258,90.09121,,7.75,,5684242.0531,0.03942,16.34522,-26.55995,8.6857,
COG,1994,555.2047,120.62665,,8.08333,,54626028.27983,0.34507,16.21279,28.19382,7.69809,
COG,1995,499.14843,122.1617,,5.5,,63605442.79767,0.37239,15.07158,-0.05149,8.11238,
COG,1996,511.55243,141.5495,,5.45833,,95102838.92493,0.46812,14.17042,15.69673,7.5472,
COG,1997,583.66937,146.05806,,5.0,,63149533.62132,0.39366,14.87785,9.51605,7.85771,
COG,1998,589.95177,118.11576,,5.0,,4043309.95572,0.0281,15.29571,-12.78291,9.73915,
COG,1999,615.47335,150.65711,,5.0,,42583558.4676,0.26048,14.54999,19.87142,10.90175,
COG,2000,710.20798,216.61948,,5.0,,225059391.97317,1.33834,14.58146,58.52195,4.78055,
COG,2001,732.39769,182.34883,,5.0,,71990506.35835,0.38748,11.54709,-29.24524,4.89743,
COG,2002,693.71323,176.43611,,5.0,,35447852.89138,0.17041,12.66198,12.68524,2.86607,
COG,2003,579.89743,165.66414,,5.0,,39441158.05883,0.20505,12.88823,-1.74807,3.63584,
COG,2004,527.33803,188.44037,,5.0,,124471455.26624,0.50592,12.79384,19.98297,2.93265,
COG,2005,527.25836,221.68299,,4.91667,,737537427.53068,2.04877,12.02674,34.21454,2.21036,
COG,2006,522.42562,239.52464,,4.33333,,1848005218.09028,3.57242,14.70896,47.09929,2.01042,
COG,2007,478.63372,248.92486,,4.25,,2183569352.93452,3.26976,17.20045,16.56481,2.17002,
COG,2008,446.00004,283.95202,,3.75,,3881458050.91579,6.22409,18.50395,32.96845,3.2133,
COG,2009,470.29342,222.4807,,3.25,,3806250383.75172,5.92601,22.05728,4.90943,4.87224,
COG,2010,494.79426,284.47221,,3.25,,4446850565.67434,6.45536,20.45658,31.94592,5.97974,
COG,2011,471.24863,309.25119,,3.25,,5641136195.74762,7.03609,24.90011,38.03355,7.16939,
COG,2012,510.55634,314.54987,,3.25,,5549563315.43624,8.33014,24.37522,19.86059,7.41275,
COG,2013,493.89962,313.02634,,3.20833,,5245011451.13999,8.16566,25.0862,1.05492,8.87867,
COG,2014,493.75733,310.14825,,2.6,,4926098059.12832,6.61866,28.62046,13.80538,11.15985,
COG,2015,591.2117,305.86051,,2.45,,2221497219.19563,2.76745,30.47966,-11.51291,15.22725,
COG,2016,592.60562,308.85756,,2.45,,714352000.79598,1.11391,29.39063,-15.0319,17.93956,
COG,2017,580.65675,288.93228,,,,379984138.8305,,24.50434,-11.55692,15.78451,
COG,2018,555.44646,267.5777,,,,423617388.25664,,19.28664,-6.00981,13.00358,
COG,2019,585.91101,254.91214,,,,988316008.03677,1.84721,22.03238,13.9992,12.63998,
COG,2020,575.586,240.51334,,,,1140500574.79267,4.06325,31.18895,14.11138,15.55644,
COG,2021,554.53068,222.77538,,,,828560334.61203,1.60425,26.87864,7.3305,13.90263,
COG,2022,623.7597,245.92312,,,,835649476.99854,,24.39936,8.93634,12.76643,
COG,2023,606.56975,219.41691,,,,715391052.35798,,28.40013,9.64002,13.79005,
COG,2024,606.3453,214.20757,,,,758550233.06544,,,,,
COL,1960,6.635,,,,,171352400.0,,20.43617,,22.94863,
COL,1961,6.7,,,,,140367100.0,,22.1426,23.23454,24.27271,
COL,1962,6.96167,,,,,85129030.0,,23.5064,19.34382,24.32805,
COL,1963,9.0,,,,,87126680.0,,21.32543,15.46212,22.59135,
COL,1964,9.0,,,,,104193840.0,,20.36819,17.97027,20.517,
COL,1965,10.5,,,,,96120000.0,,20.80247,14.91324,20.64211,
COL,1966,13.5,,,,,77125660.0,,19.68343,14.6388,21.29494,
COL,1967,14.50667,,,,,83187200.0,,20.47004,19.91681,21.56821,
COL,1968,16.29167,,,,,179123400.0,2.18888,20.70812,16.24465,23.52784,
COL,1969,17.32167,,,,,221153600.0,2.42804,21.89335,21.6481,25.61399,
COL,1970,18.44417,,,,,207221820.0,1.8447,21.25512,15.36732,25.80215,
COL,1971,19.93333,,,,,205496025.84989,1.6606,20.03066,10.64848,23.70194,
COL,1972,21.86667,,,,,336885583.00205,2.77987,20.90668,26.95596,21.75314,
COL,1973,23.57167,,,,,564310567.05791,4.03724,21.4402,31.51203,19.00354,
COL,1974,26.06167,,,,,511097534.81817,2.60905,23.48224,45.2085,29.61841,
COL,1975,30.9275,,,,,632587394.11354,3.16258,25.18958,34.79651,29.78662,
COL,1976,34.695,,,,,1291230368.32769,5.6592,26.9615,40.63207,28.59489,
COL,1977,36.77417,,,,,2032781401.90254,7.68869,27.09667,35.19804,27.36132,
COL,1978,39.095,,,,,2809627387.39993,8.61377,27.02172,26.66684,27.80809,
COL,1979,42.54833,,,,,5030068039.71988,13.36914,25.82029,24.90122,27.19737,
COL,1980,47.27833,,,,,6473763937.00077,12.46697,28.79579,48.13947,30.46462,
COL,1981,54.48917,,,,,6078498187.97345,10.10643,31.71815,38.30376,32.82226,
COL,1982,64.08583,,,,,5605396376.77893,8.20569,31.61341,25.53383,34.17446,
COL,1983,78.8575,,,,,3512000376.01102,5.79697,33.37463,29.11102,36.73227,
COL,1984,100.8175,,,,,1785514714.66988,3.04869,32.62115,23.42327,37.32249,
COL,1985,142.31167,,,,,2197344984.18277,3.82924,31.26952,23.42858,35.62752,
COL,1986,194.26083,,40.22014,31.36167,8.55563,3481141715.03553,5.95406,,,,
COL,1987,242.60667,,40.48444,30.79,13.86605,3416294973.42564,5.32825,26.77754,,25.48998,
COL,1988,299.17333,,42.04564,33.45917,11.19027,3699868158.15289,5.42238,23.10114,14.68989,23.22072,
COL,1989,382.56667,,42.39202,33.7275,14.20066,3862357243.88256,5.3225,,,,
COL,1990,502.26,174.3543,44.56966,36.44083,-5.09823,4868520136.43282,6.14324,24.11664,,25.91059,
COL,1991,627.1525,214.19631,46.4206,37.225,15.28657,6838512018.92746,9.28347,24.72969,32.84109,23.40431,
COL,1992,680.38583,256.88848,36.71934,26.67167,11.45806,7907619824.97559,9.01324,26.93984,39.03228,25.24216,
COL,1993,786.34667,313.27792,35.27634,25.83583,8.35841,8048472525.36074,7.02412,28.46436,39.01003,28.67135,
COL,1994,826.54,374.50458,39.85733,29.41583,14.54667,8102672454.23282,6.06219,32.10822,45.73487,31.07361,
COL,1995,912.895,435.96152,42.07601,32.33833,19.54132,8451976393.01173,5.55385,32.92965,28.23286,33.66343,
COL,1996,1036.6225,500.3411,41.3619,31.15,20.95821,9938020380.18382,6.21007,33.41472,21.02796,35.32348,
COL,1997,1141.11667,574.68761,33.71022,24.12833,14.43888,9906526424.77727,5.50498,34.25345,23.88115,36.47585,
COL,1998,1426.42417,652.256,41.60486,32.58333,23.37815,8753946805.52858,5.26354,33.04601,11.3582,35.21855,
COL,1999,1756.68583,724.33977,29.4258,21.325,14.91957,8103046538.69516,6.21434,34.27403,11.89746,31.65418,
COL,2000,2087.91833,787.29363,18.78667,12.14667,-11.13796,9005870484.66314,6.11807,25.82,3.64845,20.94747,
COL,2001,2299.89333,820.14582,20.72,12.435,13.33248,10244081684.9202,6.3505,28.50915,19.58573,21.90661,
COL,2002,2504.68083,855.79468,16.3268,8.93833,9.7752,10844467604.5962,6.88345,27.45559,4.60751,21.52331,
COL,2003,2877.54333,896.53657,15.1871,7.80333,7.8238,10920223457.177,6.38908,27.33454,10.5254,21.07624,
COL,2004,2628.36833,936.64444,15.08306,7.79833,7.27051,13536934555.3752,6.53943,28.85465,19.28878,22.19914,
COL,2005,2321.13167,951.33627,14.56083,7.01427,9.36261,14954554923.0026,5.66029,30.91,17.63348,22.75272,34.6845
COL,2006,2358.59461,976.4738,12.89391,6.27521,6.6973,15437167995.6523,4.86473,32.2883,17.94959,27.32933,34.73842
COL,2007,2077.81096,1000.17302,15.38185,8.01391,9.67644,20951442986.8657,5.20777,33.7552,17.39225,30.56657,49.43809
COL,2008,1965.1375,1056.60247,17.17562,9.74108,8.82102,23670593274.4211,4.91891,35.96149,18.48198,31.34288,36.17101
COL,2009,2157.59833,1092.80497,13.00807,6.14578,8.59455,24987458715.7224,5.98237,36.92013,8.05589,30.05885,60.44682
COL,2010,1898.9975,1120.76417,9.38149,3.66186,5.37222,28076156124.4625,5.43925,37.93686,11.45766,32.35296,72.77585
COL,2011,1848.01667,1168.24304,11.21992,4.26388,4.54296,31895547050.8777,4.63778,39.65247,18.92382,34.95997,60.09429
COL,2012,1798.01167,1205.59526,12.58504,5.35583,8.65535,36997795799.9643,4.96194,42.74628,16.07161,37.74485,70.7061
COL,2013,1868.895,1210.71289,10.98559,4.17002,8.90797,43158795571.83649,5.77599,45.37761,13.73479,39.48369,53.04805
COL,2014,2001.105,1226.73297,10.86734,4.08941,8.44295,46809443348.4248,5.95801,46.37816,9.1909,42.38461,38.49159
COL,2015,2741.78167,1285.02792,11.44999,4.57924,8.78547,46222893468.52489,7.29305,48.99144,11.421,46.90539,29.28712
COL,2016,3055.255,1298.14261,14.64543,6.78343,9.0321,46173772892.6654,8.32883,48.91996,7.18657,47.0542,36.72134
COL,2017,2951.48691,1328.01663,13.68583,5.9894,8.13449,47131104746.7563,7.88739,49.02412,6.78977,49.80542,38.95163
COL,2018,2955.70397,1322.16054,12.11488,4.70855,7.15307,47887623364.3511,7.01654,36.91009,-19.20392,45.87071,31.07389
COL,2019,3281.62219,1312.63044,11.76907,4.49793,7.46755,52652707434.79009,7.68978,36.86599,7.1888,46.04158,40.87533
COL,2020,3693.27583,1270.74362,9.85052,3.37809,8.24661,58499477956.7248,11.54199,46.94138,19.93107,51.99878,39.32526
COL,2021,3744.24417,1340.32641,9.33785,2.07265,1.42459,58018679406.6872,8.13634,45.82983,16.6176,47.91241,28.42527
COL,2022,4256.19417,1363.44429,15.80751,8.50012,0.76787,56703971712.56049,5.98792,41.75803,12.38817,44.18831,19.79342
COL,2023,4325.955,1425.43386,21.03064,13.21338,13.16313,59040690523.7904,7.16616,40.43021,4.28917,41.65792,21.62379
COL,2024,4074.43417,1443.71852,16.37442,10.17262,9.78943,61897968642.4239,7.34464,41.80021,11.34124,39.53258,17.34348
COL,2025,,1480.02058,,,,,,,,,
COM,1960,245.19302,,,,,,,,,,
COM,1961,245.25802,,,,,,,,,,
COM,1962,245.01177,,,,,,,,,,
COM,1963,245.01427,,,,,,,,,,
COM,1964,245.02511,,,,,,,,,,
COM,1965,245.05886,,,,,,,,,,
COM,1966,245.67635,,,,,,,,,,
COM,1967,245.99885,,,,,,,,,,
COM,1968,247.5626,,,,,,,,,,
COM,1969,259.95837,,,,,,,,,,
COM,1970,276.40079,,,,,,,,,,
COM,1971,275.35431,,,,,,,,,,
COM,1972,252.02549,,,,,,,,,,
COM,1973,222.88729,,,,,,,,,,
COM,1974,240.70263,,,,,,,,,,
COM,1975,214.31108,,,,,,,,,,
COM,1976,238.94847,,,,,,,,,,
COM,1977,245.6776,,,,,,,,,,
COM,1978,225.65395,,,,,,,,,,
COM,1979,212.71984,,,,,,,,,,
COM,1980,211.27777,,,,,6372623.77928,2.22728,,,,
COM,1981,271.72915,,,,,8391639.54654,1.98398,,,,
COM,1982,328.60347,,,,,10831267.44548,2.53715,9.63299,,5.33811,
COM,1983,381.06281,,,,,11014961.33189,2.52323,11.54731,34.9117,6.01776,
COM,1984,436.95296,,,,,3685178.19003,0.61495,8.74632,-16.28634,7.68858,
COM,1985,449.25916,,,,,11934096.19834,2.16729,9.65756,15.23454,3.97528,
COM,1986,346.30297,,,,,17769157.27233,2.88378,9.71856,4.32277,4.47671,
COM,1987,300.53402,,,,,30950319.43544,4.1791,11.64675,26.22007,5.04806,
COM,1988,297.84569,,,,,23775256.11796,3.15147,12.64346,15.52982,6.84517,
COM,1989,319.0056,,,,,31002075.54939,4.7574,14.22086,17.68885,6.04696,
COM,1990,272.26248,159.01482,,,,29914188.64737,3.84508,14.16811,3.89001,8.31336,
COM,1991,282.10452,169.43824,,,,29376988.23075,3.42049,14.11481,2.97611,8.63117,
COM,1992,264.68956,157.77993,,,,27281155.21168,2.9551,14.52952,5.25359,8.72948,
COM,1993,283.16018,157.54426,,,,39023655.73208,4.6513,14.32935,3.37721,7.34714,
COM,1994,416.39882,173.86081,,,,44412092.81021,5.71658,14.20833,7.30583,6.6182,
COM,1995,374.35709,180.83089,,,,44871592.05886,5.09223,11.88944,-6.13187,6.47792,
COM,1996,383.65999,182.79288,,,,50918859.38998,,12.74256,9.75861,4.50984,
COM,1997,437.74709,181.52133,,,,40648724.42447,,11.56893,-4.24223,5.32546,
COM,1998,442.45884,181.94826,,,,39309122.03559,,9.79537,-14.15587,4.35026,
COM,1999,461.793,186.32576,13.66667,3.0,9.44742,37315507.34791,,10.88713,18.54435,5.03598,
COM,2000,532.65598,193.79884,12.0,3.0,5.29601,43370718.71378,,11.84203,14.53097,5.27762,
COM,2001,549.29827,203.55839,12.0,3.0,4.28208,62479684.97424,,15.93037,52.31036,4.30622,
COM,2002,520.28492,208.10539,12.0,3.16667,7.87646,80135345.66637,,16.32131,11.26091,4.48834,
COM,2003,434.92307,214.14171,11.83333,3.5,6.57676,94540111.95614,10.45896,14.9435,-2.06749,5.0738,
COM,2004,395.50352,209.44346,11.0,3.5,10.51803,103991907.50496,9.87357,14.01371,-2.89289,4.16417,
COM,2005,395.44377,202.24903,11.0,3.0,11.45392,86095117.21849,7.15786,14.25655,7.05846,5.16316,
COM,2006,391.81922,207.87254,10.5,2.5,4.29441,93890572.08973,7.00369,15.4088,12.50419,4.98534,
COM,2007,358.97529,212.57977,10.5,2.5,5.20294,117643066.37141,7.22566,15.94424,9.55829,5.35041,
COM,2008,334.50003,215.11917,10.5,2.5,7.13148,112663906.88892,5.1266,16.58335,11.53191,6.35344,
COM,2009,352.72007,215.90894,10.5,1.875,9.42092,150899368.04115,6.9899,18.02856,13.34473,8.78334,
COM,2010,371.0957,216.88967,10.5,1.75,8.67957,146075888.48977,6.35855,20.40282,19.41207,10.4776,
COM,2011,353.43647,218.97758,10.5,1.75,7.23405,156064553.74179,6.00318,20.8318,9.57179,10.62819,
COM,2012,382.91725,213.03872,10.5,1.75,5.97433,195019557.08148,7.15467,22.46175,15.99116,12.08942,
COM,2013,370.42472,209.67547,10.5,1.75,8.59712,174071467.95682,,21.73335,2.84963,12.80508,
COM,2014,370.318,203.67877,10.5,1.75,9.58493,171159502.43982,6.07988,22.81784,8.09694,13.62887,
COM,2015,443.40877,199.85077,10.5,1.75,11.08093,200562427.65393,8.96697,26.55779,17.11032,15.82203,
COM,2016,444.45421,193.3371,10.5,1.75,8.63684,159412124.09801,7.0808,27.86361,10.25965,16.14296,
COM,2017,435.49256,185.24771,10.5,1.75,10.05696,207879895.50936,8.09775,27.21755,1.81679,16.45922,
COM,2018,416.58484,194.22835,10.5,1.75,9.45358,199213183.26124,6.6744,28.21591,8.4715,15.91227,
COM,2019,439.46311,201.54268,10.5,1.75,5.74961,202031707.233,6.79842,28.10307,5.9067,15.58022,
COM,2020,430.72091,201.67557,8.09375,1.75,7.28595,294339897.88933,10.18085,31.55214,12.89702,15.06294,
COM,2021,415.95585,191.48077,7.875,1.75,9.14944,329671751.96892,9.38388,37.10216,18.54156,16.38874,
COM,2022,467.18426,188.00624,8.03375,2.0625,2.70778,283746116.06748,7.01551,36.91472,7.37832,17.0622,
COM,2023,454.99124,186.24762,,,,324560634.11679,7.61058,38.19081,9.3573,18.33467,
COM,2024,454.52386,190.91989,,,,323945586.38069,,36.98071,5.05435,17.11704,
CPV,1960,28.75,,,,,,,,,,
CPV,1961,28.75,,,,,,,,,,
CPV,1962,28.75,,,,,,,,,,
CPV,1963,28.75,,,,,,,,,,
CPV,1964,28.75,,,,,,,,,,
CPV,1965,28.75,,,,,,,,,,
CPV,1966,28.75,,,,,,,,,,
CPV,1967,28.75,,,,,,,,,,
CPV,1968,28.75,,,,,,,,,,
CPV,1969,28.75,,,,,,,,,,
CPV,1970,28.75,,,,,,,,,,
CPV,1971,28.36017,,,,,,,,,,
CPV,1972,27.05342,,,,,,,,,,
CPV,1973,24.51517,,,,,,,,,,
CPV,1974,25.40817,,,,,,,,,,
CPV,1975,25.54325,,,,,,,,,,
CPV,1976,30.22908,,,,,32695172.58971,,,,,
CPV,1977,34.04649,,,,,42023598.8213,10.31671,,40.08188,,
CPV,1978,35.50075,,,,,39368391.76515,7.42487,,14.85631,,
CPV,1979,37.433,,,,,42321955.31621,6.54869,,13.34666,,
CPV,1980,40.17492,,,,,42401306.73522,5.81323,41.94931,28.13619,11.97777,
CPV,1981,48.69467,,,,,37829159.21428,4.30585,39.5591,12.06774,13.80578,
CPV,1982,58.29333,,,,,42738961.33615,4.44192,41.14869,25.56019,12.59845,
CPV,1983,71.68583,,,,,45902521.06942,4.40715,40.08752,17.96757,14.99378,
CPV,1984,84.87792,,,,,40990516.61332,4.96661,37.60028,5.87777,14.90161,
CPV,1985,91.63167,,,,,55357731.57809,6.55703,38.25514,14.58714,18.89342,
CPV,1986,80.14492,,,,,56359503.76217,6.25996,36.33509,14.99617,18.45125,
CPV,1987,72.46583,,,,,80730245.08128,8.24187,33.05058,1.48598,20.86778,
CPV,1988,72.0675,,,,,81332707.80446,7.76411,31.44315,6.29881,14.55164,
CPV,1989,77.97808,,,,,74738034.42469,6.31833,31.45222,9.51864,17.23701,
CPV,1990,70.03133,56.19684,,,,76969365.04668,6.03417,33.92381,11.15193,20.74169,
CPV,1991,71.40833,56.96363,,,,65100093.72519,5.07245,34.91429,9.36647,21.73594,
CPV,1992,68.01758,53.40213,,,,75755926.16664,4.5856,42.62973,29.87785,24.11439,
CPV,1993,80.4266,77.91151,,,,57690218.28632,3.73818,49.78881,89.6265,19.01868,
CPV,1994,81.89083,54.02918,,,,42078709.18813,2.15463,66.19644,12.23234,22.72123,
CPV,1995,76.85333,52.101,,,,36891764.16606,1.47223,67.1201,14.01387,27.59235,
CPV,1996,82.59147,54.1149,,,,27566288.80518,1.16099,67.75697,11.78917,26.92647,
CPV,1997,93.17667,52.75318,,,,19323245.85103,0.78479,67.5847,9.91012,32.22178,
CPV,1998,98.1575,51.99162,,,,8316973.76703,0.32051,61.45459,1.96791,32.16728,
CPV,1999,102.7,55.16857,,,,43483582.82063,1.44902,59.95859,16.7754,41.33941,
CPV,2000,115.87655,53.29872,,,,28196818.86904,0.98087,64.36928,12.9979,40.13152,
CPV,2001,123.21333,54.81224,,,,45479478.06873,1.53075,65.69693,9.71933,31.05413,
CPV,2002,117.25583,53.77746,,,,77123428.27311,2.15148,71.55587,14.22093,33.95229,
CPV,2003,97.7875,55.33149,,,,92617800.6631,1.95176,71.09559,8.5998,35.64026,
CPV,2004,88.74792,50.4704,,,,139362725.6678,2.504,76.16769,10.58262,37.83951,
CPV,2005,88.64617,48.05769,,,,174391987.4263,3.01251,83.99267,15.77987,39.10081,
CPV,2006,87.92606,48.78307,10.80416,3.33705,5.89106,254525770.70586,3.53938,87.7357,18.02939,44.85596,
CPV,2007,80.61503,48.14477,10.55105,3.28646,-6.76181,364462266.13089,4.00607,71.14881,10.73943,41.77845,
CPV,2008,75.336,48.9884,9.98901,3.81016,6.05159,361467111.50019,3.448,68.94499,7.57449,47.7157,
CPV,2009,80.03542,49.63974,10.97665,2.88459,8.84913,397876708.93847,4.19143,71.03216,3.46164,53.12623,
CPV,2010,83.27869,49.36467,11.0399,3.11428,10.31796,382190200.49704,3.80133,73.0436,5.40545,56.47074,
CPV,2011,79.27688,49.69546,9.8108,3.35122,6.87491,338617823.35215,2.78275,71.54211,4.5846,59.93141,
CPV,2012,86.31895,51.05332,9.90036,3.78754,9.16068,375841714.65562,3.50891,74.73078,6.30448,58.56562,
CPV,2013,83.0725,51.67798,10.5201,4.1745,8.96757,475334069.4803,4.61046,81.57439,11.41277,58.54033,
CPV,2014,83.0345,51.57418,10.89376,3.48231,11.00512,510930777.48831,4.57073,87.12217,7.43705,57.65075,
CPV,2015,99.38569,50.10837,10.40582,2.86788,8.64533,494495560.71611,6.07268,90.23554,6.23707,56.41117,
CPV,2016,99.68811,48.94342,9.60665,2.63376,7.79576,572736752.548,6.33871,92.21303,8.35623,55.10424,
CPV,2017,97.80694,47.98175,9.48812,2.53003,8.08634,617362329.82646,5.83165,92.73388,6.50545,55.42406,
CPV,2018,93.41358,50.68048,8.97293,1.85552,7.14696,606003781.27002,5.15277,89.14683,1.39444,53.66071,
CPV,2019,98.49518,49.90724,9.14083,1.46458,8.38768,737990665.41739,6.49615,89.77362,8.44815,51.63856,
CPV,2020,96.79574,49.99318,8.19451,0.88378,7.79979,735084797.41537,8.23404,117.20798,3.77483,68.45603,
CPV,2021,93.21809,48.17049,7.61929,0.66917,6.18588,769650450.73964,7.91173,111.32834,3.03665,67.56164,
CPV,2022,104.86307,47.81694,7.83172,0.97009,1.39974,729566303.82411,6.42013,95.61285,5.80168,57.91778,
CPV,2023,101.80481,47.66029,7.52852,0.76014,4.13476,837880565.13044,6.70642,93.89909,6.27048,56.32888,
CPV,2024,101.92201,47.27311,7.79052,1.67481,6.10758,783105557.82545,5.99433,92.86061,7.73998,54.37885,
CRI,1960,5.615,,,,,13460727.6,,19.64691,,,
CRI,1961,5.95167,,,,,6263920.65,,18.63585,-2.86477,,
CRI,1962,6.625,,,,,12599154.97,,19.37174,13.07932,,
CRI,1963,6.625,,,,,15619750.68,,20.03995,10.51353,,
CRI,1964,6.625,,,,,18612133.52,,20.31484,7.4465,,
CRI,1965,6.625,,,,,19822133.52,,19.89054,6.603,,
CRI,1966,6.625,,,,,17096303.49,,18.79955,3.17379,,
CRI,1967,6.625,,,,,18166899.2,,23.2245,33.49045,,
CRI,1968,6.625,,,,,20946024.9,,20.85162,-0.66902,,
CRI,1969,6.625,,,,,29156899.2,,21.14123,11.84284,,
CRI,1970,6.625,,,,,16386168.27,,19.58311,6.86685,,
CRI,1971,6.62583,,,,,29789083.81613,,25.38882,41.81733,,
CRI,1972,6.635,,,,,44482171.15079,,26.36505,19.54194,,
CRI,1973,6.64676,,,,,55175241.52305,,25.98796,21.9242,,
CRI,1974,7.93,,,,,53239717.24857,,26.07732,30.49224,,
CRI,1975,8.57,,,,,57175042.06898,,29.18844,42.32655,,
CRI,1976,8.57,,,,,103437863.32555,,31.87719,34.36901,,
CRI,1977,8.57,,,,,202573247.18062,2.00816,32.9057,31.46052,,
CRI,1978,8.57,,,,,212000580.73999,1.81094,36.70543,27.91339,,
CRI,1979,8.57,,,,,163150481.68825,1.16418,43.23192,34.90724,,
CRI,1980,8.57,,,,,196831741.0,1.24511,41.94443,16.15758,,
CRI,1981,21.76333,,,,,142904172.49993,1.04852,56.90466,87.09932,,
CRI,1982,37.40667,,25.0,18.29167,-32.12862,249778697.82163,2.07285,42.44086,27.35235,,
CRI,1983,41.09417,,23.25,19.5,-4.40661,344714207.03312,2.71874,44.01766,37.55014,,
CRI,1984,44.53268,,18.0,14.5,1.11873,412066217.15267,3.07952,41.11504,17.74565,,
CRI,1985,50.45335,,20.91667,16.5,0.30814,525326850.36555,3.90357,38.71821,14.33708,,
CRI,1986,55.98589,,21.79917,16.67333,3.17598,550496782.96702,3.9507,37.58831,20.94975,,
CRI,1987,62.7762,,23.82333,14.05583,12.41911,519159164.61068,3.15482,37.87429,16.27016,,
CRI,1988,75.80473,,28.68833,15.17667,8.28771,676709064.20792,3.8804,43.08452,39.8274,,
CRI,1989,81.50421,,29.16917,15.6175,12.079,745844325.56241,3.49956,41.2617,16.62607,,
CRI,1990,91.57929,33.35989,32.55667,21.15583,11.81697,524889929.25268,2.32475,42.82221,27.40272,,
CRI,1991,122.43242,53.17053,38.87583,27.315,-15.71774,930999963.30766,4.43738,33.96974,33.67293,,
CRI,1992,134.50633,62.24206,28.46083,15.80333,7.29313,1031845245.64079,3.82531,32.25959,24.16309,,
CRI,1993,142.17167,67.1458,30.02083,16.8975,17.73456,1037650453.2867,3.29361,31.40253,15.13116,,3.73243
CRI,1994,157.06667,76.04418,33.02583,17.72333,15.00414,906223458.26851,2.80934,31.6843,21.98246,,
CRI,1995,179.72917,90.2998,36.695,23.87667,12.75094,1059760042.09359,2.93532,26.26822,4.68748,,5.32759
CRI,1996,207.68917,102.04436,26.27417,17.29,9.732,1000948786.72982,2.5993,33.24078,47.58677,,6.70133
CRI,1997,232.5975,115.04055,22.47667,13.025,6.79873,1262391834.99256,2.96724,14.98447,-45.47297,,6.52014
CRI,1998,257.22917,127.34315,22.47333,12.75667,9.41157,1063939793.94032,2.10357,15.0298,20.31059,,9.56055
CRI,1999,285.68469,139.41556,25.737,14.30833,13.24651,1460959448.45855,2.43905,16.90524,30.14751,,16.19342
CRI,2000,308.18667,149.12823,24.88917,13.38195,14.16902,1318296304.08344,2.09177,18.45476,24.03618,,
CRI,2001,328.87083,160.0217,23.83277,11.77166,12.86157,1330363591.32033,2.15616,41.34443,154.39078,,
CRI,2002,359.81753,172.99452,26.41667,11.45833,15.14733,1502388943.15006,2.32885,43.43688,19.28434,,
CRI,2003,398.66222,187.70941,25.58333,10.40972,13.49782,1840008317.69764,2.65893,46.91845,24.67672,,3.01353
CRI,2004,437.935,207.19755,23.42556,9.51389,8.88855,1922625761.23684,2.57311,48.67386,22.79421,,8.37319
CRI,2005,477.78674,227.04204,24.65583,10.1425,10.30189,2313689169.31565,2.72205,52.88604,27.67644,35.86022,7.53589
CRI,2006,511.30182,248.84782,22.18833,9.77167,8.14628,3117011524.08567,3.21843,53.53709,22.75514,37.86298,8.27544
CRI,2007,516.61739,267.76419,12.79833,6.35083,2.06444,4115350419.03503,3.66028,53.92456,20.46143,43.77238,8.11547
CRI,2008,526.23551,292.71327,15.8275,4.15,3.95222,3800532461.63338,2.93014,56.60438,22.5029,49.38061,6.18579
CRI,2009,573.28796,319.14194,19.72333,6.95917,9.13572,4066199745.09496,4.07544,56.86363,9.2412,47.65335,4.77621
CRI,2010,525.8292,336.21143,17.09083,5.32333,9.81159,4627252201.99218,3.85936,51.09184,0.94129,44.31413,3.83689
CRI,2011,505.66424,344.54602,16.14583,4.00917,11.04527,4755830027.91208,3.35871,49.3302,5.43347,46.02004,3.50404
CRI,2012,502.90146,352.1138,18.2125,4.73861,12.86966,6856696345.86029,4.50751,49.36863,9.93292,47.45132,
CRI,2013,499.76683,354.456,15.18833,3.8775,10.133,7330880578.95383,4.65836,50.48296,9.61917,49.72992,3.82725
CRI,2014,538.3172,358.29665,14.90306,3.32278,8.18792,7211431939.58833,4.36844,52.45681,14.26859,53.09845,4.90491
CRI,2015,534.56577,357.33142,14.23333,2.37083,9.88706,7833931554.67419,4.73758,50.64437,4.02882,55.12725,4.16981
CRI,2016,544.73937,343.01362,11.63861,1.2125,9.49388,7573806767.99203,4.37436,49.13839,3.08608,58.63805,4.95828
CRI,2017,567.51309,340.99188,11.36514,2.79433,8.26983,7149834513.74318,3.80307,46.57546,1.54755,59.68591,4.97514
CRI,2018,576.9725,337.90194,11.12329,4.01573,8.73921,7500924411.18613,3.68116,45.37336,2.15916,60.30446,3.84671
CRI,2019,587.2946,324.21736,8.74615,4.63511,6.02472,8937069411.20633,4.34875,44.93829,4.03912,56.17811,3.44215
CRI,2020,584.90085,328.02414,6.63808,2.58322,5.82052,7231533677.41304,4.03646,54.86579,17.77696,60.13553,3.04714
CRI,2021,620.78472,334.11868,5.51221,1.60713,3.06531,6921168830.74903,3.13833,54.00707,8.76885,56.58957,3.14199
CRI,2022,647.13582,336.22039,7.36085,3.07218,1.01662,8554013584.20952,3.14802,47.4588,-2.35512,52.6622,3.22349
CRI,2023,544.05078,318.84176,9.09654,5.07469,9.19254,13225042447.0424,4.2615,47.43787,4.97319,51.11969,
CRI,2024,515.10977,307.79235,7.33488,3.69183,7.28434,14177018013.5178,4.22127,50.51327,11.13672,51.96112,
CRI,2025,,297.69954,,,,,,,,,
CUB,1960,1.0,,,,,144018160.0,,,,,
CUB,1961,1.0,,,,,,,,,,
CUB,1962,1.0,,,,,,,,,,
CUB,1963,1.0,,,,,,,,,,
CUB,1964,1.0,,,,,,,,,,
CUB,1965,1.0,,,,,,,,,,
CUB,1966,1.0,,,,,,,,,,
CUB,1967,1.0,,,,,,,,,,
CUB,1968,1.0,,,,,,,,,,
CUB,1969,1.0,,,,,,,,,,
CUB,1970,1.0,,,,,,,,,,
CUB,1971,1.0,,,,,,,,,,
CUB,1972,0.921,,,,,,,,,,
CUB,1973,0.83667,,,,,,,,,,
CUB,1974,0.822,,,,,,,,,,
CUB,2011,,0.32194,,,,,,,,,
CUW,2000,,1.29532,,,,,,,,,
CUW,2001,,1.28947,,,,,,,,,
CUW,2002,,1.27494,,,,,,,,,
CUW,2003,,1.27051,,,,,,,,,
CUW,2004,,1.25432,,,,,,,,,
CUW,2005,,1.26605,,,,,,,,,
CUW,2006,,1.26661,,,,,,,,,
CUW,2007,,1.2702,,,,,,,,,
CUW,2008,,1.33218,,,,,,,,,
CUW,2009,,1.34784,,,,,,,,,
CUW,2010,,1.36868,,,,,,,,,
CUW,2011,1.79,1.32462,,,,,,,,,
CUW,2012,1.79,1.4124,,,,,,,,,
CUW,2013,1.79,1.42218,,,,,,,,,
CUW,2014,1.79,1.44265,,,,,,,,,
CUW,2015,1.79,1.44181,,,,,,,,,
CUW,2016,1.79,1.43385,,,,,,,,,
CUW,2017,1.79,1.39379,,,,,,,,,
CUW,2018,1.79,1.38989,,,,,,,,,
CUW,2019,1.79,1.35469,,,,,,,,,
CUW,2020,1.79,1.34318,,,,,,,,,
CUW,2021,1.79,1.27898,,,,,,,,,
CUW,2022,1.79,1.25354,,,,,,,,,
CUW,2023,1.79,1.23908,,,,,,,,,
CUW,2024,1.79,1.25013,,,,,,,,,
CYM,1960,0.71429,,,,,,,,,,
CYM,1961,0.71429,,,,,,,,,,
CYM,1962,0.71429,,,,,,,,,,
CYM,1963,0.71429,,,,,,,,,,
CYM,1964,0.71429,,,,,,,,,,
CYM,1965,0.71429,,,,,,,,,,
CYM,1966,0.71429,,,,,,,,,,
CYM,1967,0.72747,,,,,,,,,,
CYM,1968,0.83333,,,,,,,,,,
CYM,1969,0.83333,,,,,,,,,,
CYM,1970,0.82784,,,,,,,,,,
CYM,1971,0.83276,,,,,,,,,,
CYM,1972,0.8005,,,,,,,,,,
CYM,1973,0.81634,,,,,,,,,,
CYM,1974,0.83883,,,,,,,,,,
CYM,1975,0.83333,,,,,,,,,,
CYM,1976,0.83333,,,,,,,,,,
CYM,1977,0.83333,,,,,,,,,,
CYM,1978,0.83333,,,,,,,,,,
CYM,1979,0.83333,,,,,,,,,,
CYM,1980,0.83333,,,,,,,,,,
CYM,1981,0.83333,,,,,,,,,,
CYM,1982,0.83333,,,,,,,,,,
CYM,1983,0.83333,,,,,,,,,,
CYM,1984,0.83333,,,,,,,,,,
CYM,1985,0.83333,,,,,,,,,,
CYM,1986,0.83333,,,,,,,,,,
CYM,1987,0.83333,,,,,,,,,,
CYM,1988,0.83333,,,,,,,,,,
CYM,1989,0.83333,,,,,,,,,,
CYM,1990,0.83333,,,,,,,,,,
CYM,1991,0.83333,,,,,,,,,,
CYM,1992,0.83333,,,,,,,,,,
CYM,1993,0.83333,,,,,,,,,,
CYM,1994,0.83333,,,,,,,,,,
CYM,1995,0.83333,,,,,,,,,,
CYM,1996,0.83333,,,,,,,,,,
CYM,1997,0.83333,,,,,,,,,,
CYM,1998,0.83333,,,,,,,,,,
CYM,1999,0.83333,,,,,,,,,,
CYM,2000,0.83333,,,,,,,,,,
CYM,2001,0.83333,,,,,,,,,,
CYM,2002,0.83333,,,,,,,,,,
CYM,2003,0.83333,,,,,,,,,,
CYM,2004,0.83333,,,,,,,,,,
CYM,2005,0.83333,,,,,,,,,,
CYM,2006,0.83333,0.96515,,,,,,,,,3.76165
CYM,2007,0.83333,0.96857,,,,,,,,,3.69435
CYM,2008,0.83333,0.97922,,,,,,,,,3.46711
CYM,2009,0.83333,0.97916,,,,,,,,,3.94702
CYM,2010,0.83333,0.96541,,,,,,,,,5.7255
CYM,2011,0.83333,0.94154,,,,,,,,,54.36838
CYM,2012,0.83333,0.96691,,,,,,,,,46.75619
CYM,2013,0.83333,0.98344,,,,,,,,,
CYM,2014,0.83333,0.99439,,,,,,,,,
CYM,2015,0.83333,0.99437,,,,,,,,,6.70388
CYM,2016,0.83333,0.98713,,,,,,,,,
CYM,2017,0.83333,0.98079,,,,,,,,,
CYM,2018,0.83333,0.9732,,,,162073506.0,0.23025,,,,7.91747
CYM,2019,0.83333,1.01166,,,,183500000.0,0.25624,,,,6.37928
CYM,2020,0.83333,1.03776,,,,216800000.0,0.39505,,,,11.39309
CYM,2021,0.83333,0.97142,,,,228300000.0,0.4007,,,,
CYM,2022,0.83333,0.94203,,,,225400000.0,0.28029,,,,
CYM,2023,0.83333,0.93431,,,,234000000.0,0.23496,,,,
CYM,2024,0.83333,,,,,252096650.4,0.26469,,,,
CYP,1960,0.35714,,,,,27400000.0,,,,,
CYP,1961,0.35714,,,,,44700000.0,,,,,
CYP,1962,0.35714,,,,,52350000.0,,,,,
CYP,1963,0.35714,,,,,65750000.0,,,,,
CYP,1964,0.35714,,,,,66210000.0,,,,,
CYP,1965,0.35714,,,,,83710000.0,,,,,
CYP,1966,0.35714,,,,,98210000.0,,,,,
CYP,1967,0.3621,,,,,103460000.0,,,,,
CYP,1968,0.41667,,,,,158865100.0,,,,,
CYP,1969,0.41667,,,,,177030800.0,,,,,
CYP,1970,0.41667,,,,,209991730.0,,,,,
CYP,1971,0.41073,,,,,287391028.22743,,,,,
CYP,1972,0.38357,,,,,331134152.56869,,,,,
CYP,1973,0.34995,,,,,336814867.6132,,,,,
CYP,1974,0.36469,,,,,329904212.66074,,,,,
CYP,1975,0.36891,,,,,257680412.48361,,,,,
CYP,1976,0.4105,,,,,332174705.57935,7.47158,,,,
CYP,1977,0.40812,,,,,386060887.13642,6.36177,,,,
CYP,1978,0.37351,,,,,445800925.57216,6.02214,,,,
CYP,1979,0.35444,,,,,588072140.92959,5.96391,,,,
CYP,1980,0.35305,,,,,638921698.38831,5.43657,,,,
CYP,1981,0.42143,,,,,608833224.91559,5.25332,,,,
CYP,1982,0.47539,,,,,732893597.19279,5.96588,,,,
CYP,1983,0.52664,,,,,694186236.4865,5.61146,,,,
CYP,1984,0.58839,,,,,682055893.36069,5.01849,,,,
CYP,1985,0.61255,,,,,745365407.73286,5.84292,,,,
CYP,1986,0.51814,,,,,932172124.50063,6.85753,,,,
CYP,1987,0.4811,,,,,1095724272.28503,6.57293,,,,
CYP,1988,0.46663,,,,,1116203218.59818,5.48988,,,,
CYP,1989,0.49462,,,,,1308045369.49036,5.41869,,,,
CYP,1990,0.45808,0.56413,,,,1683639390.0357,5.95094,,,,
CYP,1991,0.46443,0.56689,,,,1552478636.24998,5.30256,,,,
CYP,1992,0.44955,0.58775,,,,1180838131.53643,3.2059,,,,
CYP,1993,0.49741,0.60171,,,,1276350833.97737,4.58855,,,,
CYP,1994,0.49219,0.62019,,,,1640273756.64829,5.21249,,,,
CYP,1995,0.45242,0.69005,,,,1294935135.54007,2.92854,,,,
CYP,1996,0.46631,0.69665,,,,1704484026.17826,3.63512,,,,
CYP,1997,0.5139,0.70205,,,,1525648592.50048,3.36188,,,,
CYP,1998,0.51783,0.7112,,,,1512684036.37322,3.71713,,,,
CYP,1999,0.54295,0.72075,,,,1967461146.58934,4.13195,,,,
CYP,2000,0.62241,0.71686,,,,1868515473.45376,3.58373,,,,
CYP,2001,0.64311,0.7117,,,,2396061101.36782,4.60011,,,144.41926,
CYP,2002,0.61066,0.71051,,,,3181358209.38614,5.75363,,,149.49301,
CYP,2003,0.51744,0.73658,,,,3450932654.51066,5.42095,,,147.19523,
CYP,2004,0.4686,0.73372,,,,4113824037.25478,5.16186,,,147.33851,
CYP,2005,0.46407,0.72289,,,,4429824566.75242,4.94748,,,156.67602,
CYP,2006,0.45892,0.70999,,,,5942554137.32535,5.85443,,,162.93757,80.49727
CYP,2007,0.42612,0.6941,,,,6506542487.54211,4.80092,,,180.68073,71.9742
CYP,2008,0.67992,0.69382,,,,1004746547.28045,0.36529,,,212.20924,28.68749
CYP,2009,0.71696,0.68175,,,,1281245251.30564,0.51763,,,226.35598,39.4226
CYP,2010,0.75431,0.70034,,,,1141718898.06676,0.42144,,,234.25159,26.4896
CYP,2011,0.71841,0.69863,,,,1187122352.56289,0.37791,,,242.54112,10.32258
CYP,2012,0.77834,0.70685,,,,1191085645.63035,0.42966,,,249.21812,7.96788
CYP,2013,0.75295,0.68732,,,,916261841.40966,0.31317,,,254.66806,8.78445
CYP,2014,0.75273,0.67971,,,,893890213.59559,0.28949,,,251.83038,17.35561
CYP,2015,0.9013,0.66314,,,,807868870.83162,0.21585,,,243.41634,13.52334
CYP,2016,0.90342,0.62233,,,,812488586.04906,0.32383,,,216.24276,11.93233
CYP,2017,0.88521,0.61519,,,,887692448.70411,0.21393,,,191.78393,12.29985
CYP,2018,0.84677,0.61244,,,,924201541.46749,0.17543,,,135.3186,12.86592
CYP,2019,0.89328,0.5881,,,,1033463563.89138,0.20278,,,106.68414,16.35655
CYP,2020,0.87551,0.57855,,,,1237326347.35602,0.24163,,,106.47352,18.36487
CYP,2021,0.84549,0.58466,,,,1611044560.40988,0.24656,,,87.39524,18.60879
CYP,2022,0.94962,0.56477,,,,1670555054.09173,0.34046,,,70.80694,20.92591
CYP,2023,0.92484,0.5657,,,,1789231286.1808,0.30328,,,60.57186,29.59374
CYP,2024,0.92389,0.5671,,,,2087252552.47629,0.33121,,,56.65776,29.03844
CYP,2025,,0.56938,,,,,,,,,
CZE,1990,,5.54644,,,,,,,,,
CZE,1991,,7.30673,,,,,,,,,
CZE,1992,,8.02672,,,,,,,,,
CZE,1993,29.15283,9.48814,14.07083,7.0325,-5.73344,4551181360.14625,3.06353,58.11958,,61.16181,4.2298
CZE,1994,28.78508,10.43633,13.11833,7.07,0.69107,6948563349.61379,4.0682,60.53059,20.40627,65.28639,12.62563
CZE,1995,26.54067,11.15296,12.79917,6.96167,3.38364,14612514154.3982,6.45101,67.53347,29.30351,64.57588,15.16478
CZE,1996,27.14492,12.07177,12.54417,6.79333,2.39678,13084766354.7406,5.0509,62.78494,6.44123,62.97092,21.01362
CZE,1997,31.69842,12.90251,13.20417,7.71458,4.47676,10035803025.8864,4.01381,59.26212,1.66441,64.19085,17.29637
CZE,1998,32.28117,13.98631,12.80717,8.07925,2.70365,12624991439.2551,4.81549,55.98873,3.36262,56.46949,15.52496
CZE,1999,34.56925,14.22935,8.68417,4.48008,5.40074,12935556425.9461,4.90433,54.96448,2.6241,51.14423,16.13582
CZE,2000,38.59842,14.32754,7.16225,3.42175,5.30936,13141569747.9339,4.58072,60.24077,16.00084,44.68579,15.67521
CZE,2001,38.03533,14.32359,7.19642,2.87333,2.15548,14463996053.1848,4.46576,62.019,11.18365,36.93247,11.96164
CZE,2002,32.73852,14.45832,6.72417,1.9975,3.817,23707071208.3115,6.4056,52.83805,-11.0922,23.54698,12.41573
CZE,2003,28.209,14.17704,5.94917,1.33333,4.4735,26955067823.7587,5.80061,53.74843,6.56493,24.25038,15.44042
CZE,2004,25.69975,14.42765,6.0275,1.28333,1.89357,28451131102.2748,4.45464,52.94631,7.35915,25.60842,22.38188
CZE,2005,23.95742,14.56249,5.77667,1.17417,5.65221,29553532656.2902,3.88346,55.1819,10.99718,29.19851,25.41552
CZE,2006,22.59558,14.41772,5.59367,1.18587,4.8771,31456871274.5685,3.40314,58.05992,12.9506,33.84682,28.40066
CZE,2007,20.29367,14.25606,5.78838,1.32369,2.15092,34907225299.1542,2.93549,61.71226,16.11737,38.71114,36.26233
CZE,2008,17.07167,13.91671,6.25171,1.61203,4.14146,37021634956.8126,2.6952,66.9554,13.58623,43.28375,17.29863
CZE,2009,19.063,13.63173,5.98996,1.26502,3.25858,41608025692.2174,3.78585,68.66381,0.21333,45.07692,
CZE,2010,19.09825,13.67589,5.88783,1.08158,6.40403,42482660898.3127,3.40112,68.43548,1.87647,45.8703,
CZE,2011,17.69592,13.3453,5.71783,1.03825,5.95213,40283016690.7131,2.77886,69.24899,2.75445,47.93313,
CZE,2012,19.5775,13.2977,5.40672,1.0243,4.00947,44884691026.5824,3.20716,72.16043,4.79032,49.05495,
CZE,2013,19.57058,12.78527,4.96989,0.86155,3.65187,56217652210.6232,4.00464,75.42595,5.81023,50.28986,
CZE,2014,20.7575,12.70321,4.64491,0.7015,1.88711,54495067818.3816,3.66748,76.07759,5.91996,49.09269,
CZE,2015,24.59875,12.93798,4.28253,0.52933,3.01083,64490290734.1552,4.898,77.29221,7.95092,49.26045,
CZE,2016,24.43992,12.57634,3.90725,0.37311,2.38051,85725304288.2449,6.46823,79.08675,6.52779,50.57218,
CZE,2017,23.37633,12.42499,3.58974,0.27512,1.87456,147976372277.251,9.82285,81.61057,10.3571,50.23244,
CZE,2018,21.72992,12.37153,3.54162,0.2759,0.70833,142511752519.564,8.47512,82.06452,6.31137,50.71852,10.69955
CZE,2019,22.93225,12.09743,3.68603,0.38856,-0.14954,149855634729.53,9.0685,81.15978,6.35842,49.4401,10.24677
CZE,2020,23.21025,12.15027,3.34431,0.30356,-1.12129,166125554207.071,11.39388,90.1674,9.95629,51.98299,10.5984
CZE,2021,21.67817,12.56189,3.20213,0.2334,-0.80002,173617578519.974,9.36355,88.95387,6.76941,52.03612,12.87725
CZE,2022,23.357,12.47641,4.22501,1.39769,-4.09133,139981275466.869,6.83372,84.44963,6.10585,48.63477,9.54472
CZE,2023,22.19808,12.5761,4.68278,2.41156,-3.60515,148378918433.596,7.09632,85.28961,9.73025,47.71953,10.04499
CZE,2024,23.21683,12.82323,4.71398,2.04341,0.77696,146281239761.97,7.03427,87.04075,7.34761,48.02738,9.97629
CZE,2025,,12.89997,,,,,,,,,
DEU,1960,4.2,,,,,7083840800.0,,,,,
DEU,1961,4.03333,,,,,7180500800.0,,,,,
DEU,1962,4.0,,,,,6964883190.0,,,,,
DEU,1963,4.0,,,,,7659475440.0,,,,,
DEU,1964,4.0,,,,,7895954160.0,,,,,
DEU,1965,4.0,,,,,7445164400.0,,,,,
DEU,1966,4.0,,,,,8052102610.0,,,,,
DEU,1967,4.0,,,,,8176362000.0,,,,,
DEU,1968,4.0,,,,,10843279100.0,,,,,
DEU,1969,3.94333,,,,,7152711600.0,,,,,
DEU,1970,3.66,,,,,13878868480.0,,,,,
DEU,1971,3.50739,,,,,19312523394.8586,5.25611,,,,
DEU,1972,3.18864,,,,,26942103304.4957,6.18733,,,,
DEU,1973,2.6726,,,,,41407633837.3905,7.05035,,,,
DEU,1974,2.58775,,,,,49293767750.2605,6.56469,,,,
DEU,1975,2.46029,,,,,42710976245.1882,5.19123,,,,10.43801
DEU,1976,2.518,,,,,45867199927.0954,4.84636,,,,10.23654
DEU,1977,2.32218,,,,,54220834449.60529,4.96524,,,,10.80161
DEU,1978,2.00862,,,,,75286223391.8784,5.76944,,,,11.26125
DEU,1979,1.83288,,,,,101318444090.897,5.94966,,,,8.97606
DEU,1980,1.81767,,,,,104701722862.371,5.2968,,,,7.51916
DEU,1981,2.26,,,,,81553651369.2457,4.67177,,,,7.78977
DEU,1982,2.42659,,,,,88250228616.2791,5.29184,,,,8.8467
DEU,1983,2.55326,,,,,78986153756.28038,4.90179,,,,10.71347
DEU,1984,2.84594,,,,,69485148465.6059,4.38781,,,,10.76829
DEU,1985,2.94397,,,,,75504358024.60449,4.5996,,,,24.24909
DEU,1986,2.17148,,,,,88940673107.7929,4.34379,,,,24.53853
DEU,1987,1.79739,,,,,124833918206.128,5.02993,,,,16.76706
DEU,1988,1.75622,,,,,97575978902.4572,3.56736,,,,17.83795
DEU,1989,1.88004,,,,,98876658479.0916,3.36524,,,,26.00793
DEU,1990,1.61573,0.94992,,,,104547296415.899,2.72304,,,,19.98191
DEU,1991,1.65954,0.94719,,,,96657198481.9808,2.24253,,,,19.75753
DEU,1992,1.56165,0.97527,,,,122685815300.301,2.6494,,,,15.34956
DEU,1993,1.65332,0.98875,,,,114821960532.99,2.83242,,,,21.24608
DEU,1994,1.62279,0.98689,,,,113840942069.166,2.54865,,,,22.53401
DEU,1995,1.43313,0.98437,,,,121816082182.873,2.2633,,,,22.26617
DEU,1996,1.50477,0.97412,,,,118323129017.474,2.23332,,,,26.52156
DEU,1997,1.73406,0.97283,,,,105207935384.78,2.03397,,,,37.1929
DEU,1998,1.75967,0.96865,,,,108265125242.492,1.97871,,,,48.6819
DEU,1999,0.93828,0.95412,,,,93407192492.0088,1.65148,,,,64.69055
DEU,2000,1.08271,0.94289,,,,87496869035.27061,1.49406,,,,64.57832
DEU,2001,1.11653,0.92979,,,,82131887553.94131,1.44677,,,111.24017,54.5036
DEU,2002,1.05756,0.91326,,,,89142540697.42451,1.53475,,,110.16575,32.63078
DEU,2003,0.88405,0.896,,,,96835206408.49908,1.35954,,,108.50594,42.56991
DEU,2004,0.80392,0.87516,,,,97169968440.5446,1.17945,,,105.02473,41.87881
DEU,2005,0.8038,0.87272,,,,101675919831.832,1.12735,,,103.75352,41.54763
DEU,2006,0.79643,0.84776,,,,111637059518.339,1.0756,,,100.34128,53.75718
DEU,2007,0.72967,0.83714,,,,135932292207.151,1.09838,,,95.49834,60.42375
DEU,2008,0.67992,0.8204,,,,138564426162.198,1.03763,,,95.40173,29.16287
DEU,2009,0.71696,0.81071,,,,179040277106.548,1.72018,,,96.85934,37.15217
DEU,2010,0.75431,0.80527,,,,215977935889.94296,1.86141,,,86.77038,41.23682
DEU,2011,0.71841,0.78874,,,,234104084887.40897,1.73237,,,83.2494,30.97886
DEU,2012,0.77834,0.78725,,,,248856490285.756,1.99204,,,82.19128,41.32689
DEU,2013,0.75295,0.77478,,,,198535165663.60696,1.5498,,,80.68478,50.85616
DEU,2014,0.75273,0.76894,,,,193484758847.919,1.48008,,,77.79204,43.84857
DEU,2015,0.9013,0.77812,,,,173730930555.424,1.53866,,,76.5815,50.09491
DEU,2016,0.90342,0.75261,,,,184031339953.396,1.6242,,,75.98868,48.51977
DEU,2017,0.88521,0.74478,,,,199983070123.86896,1.62555,,,76.05909,60.07998
DEU,2018,0.84677,0.73545,,,,198027061675.40305,1.4545,,,76.61884,43.27954
DEU,2019,0.89328,0.71774,,,,224027961016.415,1.6868,,,77.9657,52.9856
DEU,2020,0.87551,0.70684,,,,268408603348.678,2.21941,,,83.80938,57.95173
DEU,2021,0.84549,0.7067,,,,295736219413.597,1.9969,,,82.70382,57.4719
DEU,2022,0.94962,0.68842,,,,293913690186.796,1.76247,,,81.07919,44.98106
DEU,2023,0.92484,0.70105,,,,322700066274.527,1.86701,,,77.25348,47.7412
DEU,2024,0.92389,0.70086,,,,377935141356.242,2.19993,,,,43.62839
DEU,2025,,0.70529,,,,,,,,,
DJI,1960,214.392,,,,,,,,,,
DJI,1961,214.392,,,,,,,,,,
DJI,1962,214.392,,,,,,,,,,
DJI,1963,214.392,,,,,,,,,,
DJI,1964,214.392,,,,,,,,,,
DJI,1965,214.392,,,,,,,,,,
DJI,1966,214.392,,,,,,,,,,
DJI,1967,214.392,,,,,,,,,,
DJI,1968,214.392,,,,,,,,,,
DJI,1969,214.392,,,,,,,,,,
DJI,1970,214.392,,,,,,,,,,
DJI,1971,213.77875,,,,,,,,,,
DJI,1972,197.466,,,,,,,,,,
DJI,1973,179.94233,,,,,,,,,,
DJI,1974,177.721,,,,,,,,,,
DJI,1975,177.721,,,,,,,,,,
DJI,1976,177.721,,,,,,,,,,
DJI,1977,177.721,,,,,,,,,,
DJI,1978,177.721,,,,,,,,,,
DJI,1979,177.721,,,,,,,,,,
DJI,1980,177.721,,,,,,,,,,
DJI,1981,177.721,,,,,,,,,,
DJI,1982,177.721,,,,,,,,,,
DJI,1983,177.721,,,,,,,,,,
DJI,1984,177.721,,,,,44933881.04365,,,,,
DJI,1985,177.721,,,,,50941032.91992,,74.63078,18.40149,55.94297,
DJI,1986,177.721,,,,,53615760.14306,,,11.30519,,
DJI,1987,177.721,,,,,63525625.0295,,77.87841,2.65594,54.84809,
DJI,1988,177.721,,,,,64361014.95519,,78.84022,7.31467,52.7061,
DJI,1989,177.721,,,,,59152645.8434,,78.10441,2.42711,52.94457,
DJI,1990,177.721,,,,,93639294.28032,,73.17492,3.55791,45.44448,
DJI,1991,177.721,,,,,99996799.50513,3.90748,74.47242,4.04427,43.13835,
DJI,1992,177.721,,,,,83401905.67526,3.14336,68.22778,-5.28732,41.17772,
DJI,1993,177.721,,,,,75101449.73344,2.94048,70.62707,0.91604,39.60684,
DJI,1994,177.721,,,,,73758752.5894,3.133,69.39296,3.65824,38.30929,
DJI,1995,177.721,,,,,72155533.82645,3.28591,72.17034,5.27887,42.84729,
DJI,1996,177.721,,,,,76970779.65926,3.58865,67.3273,-7.4077,44.34763,
DJI,1997,177.721,,,,,66567644.20794,3.04314,63.15595,-4.54915,43.17632,
DJI,1998,177.721,,,,,66454891.89893,2.79047,59.19612,-4.1084,46.061,
DJI,1999,177.721,,,,,70605911.83531,3.15531,54.60221,-3.84822,28.85507,
DJI,2000,177.721,,,,,67804571.8254,2.83381,53.70065,1.12839,32.06544,
DJI,2001,177.721,,,,,70308696.57013,3.11261,55.60667,7.52927,26.44042,
DJI,2002,177.721,,,,,73707750.58731,3.30286,62.2933,15.68545,24.39622,
DJI,2003,177.721,,,,,100129582.48695,3.80794,69.70722,17.7554,22.58445,
DJI,2004,177.721,,,,,93939056.7034,3.22706,74.13572,13.88052,21.11189,
DJI,2005,177.721,,,,,89264770.31701,2.87743,77.59287,11.35111,20.07512,
DJI,2006,177.721,,,,,120326699.17378,3.30562,79.81593,11.60953,20.18291,
DJI,2007,177.721,,,,,132137437.93887,2.67716,78.32918,8.22643,22.52178,
DJI,2008,177.721,,,,,175495410.94299,2.93914,80.47389,21.05657,24.33561,
DJI,2009,177.721,,,,,241831914.3891,4.88898,89.67397,17.00957,29.34713,
DJI,2010,177.721,,,,,248997896.28913,5.87691,93.52692,12.20017,33.11017,
DJI,2011,177.721,93.57182,,,,244112095.1698,4.17092,81.37914,-4.4669,30.90883,
DJI,2012,177.721,97.23897,,,,248630000.26724,4.01859,85.70355,15.04418,28.9309,
DJI,2013,177.721,98.06256,,,,424961509.88134,1.28169,60.68065,6.93626,22.14639,
DJI,2014,177.721,98.93171,,,,393148391.65768,1.48167,59.49032,6.48767,22.1377,
DJI,2015,177.721,99.03637,,,,364857284.06406,1.43677,64.8574,19.02503,21.70285,
DJI,2016,177.721,100.67686,,,,407414266.73358,1.64742,65.65302,8.76587,20.43713,
DJI,2017,177.721,99.5236,,,,556097628.85246,1.49154,75.4763,21.91881,21.17275,
DJI,2018,177.721,95.03246,,,,454193909.7186,1.24125,67.57243,-5.58226,21.63324,
DJI,2019,177.721,93.4095,,,,501857934.38414,1.21984,69.33204,8.78066,22.35148,
DJI,2020,177.721,91.47751,,,,686339280.94212,2.29585,81.31271,19.37924,21.15364,
DJI,2021,177.721,90.22789,,,,588417559.78835,1.25571,79.34363,5.29558,18.59686,
DJI,2022,177.721,84.09877,,,,589437241.82739,1.3443,74.28112,-1.68908,19.83433,
DJI,2023,177.721,83.16372,,,,502033555.75936,1.10412,73.09683,7.67589,21.82313,
DJI,2024,177.721,80.84136,,,,348725427.26985,0.85002,71.06516,3.54738,23.10253,
DMA,1960,1.71429,,,,,,,,,,
DMA,1961,1.71429,,,,,,,,,,
DMA,1962,1.71429,,,,,,,,,,
DMA,1963,1.71429,,,,,,,,,,
DMA,1964,1.71429,,,,,,,,,,
DMA,1965,1.71429,,,,,,,,,,
DMA,1966,1.71429,,,,,,,,,,
DMA,1967,1.76191,,,,,,,,,,
DMA,1968,2.0,,,,,,,,,,
DMA,1969,2.0,,,,,,,,,,
DMA,1970,2.0,,,,,,,,,,
DMA,1971,1.97487,,,,,,,,,,
DMA,1972,1.92128,,,,,,,,,,
DMA,1973,1.95922,,,,,,,,,,
DMA,1974,2.05323,,,,,,,,,,
DMA,1975,2.1698,,,,,345257.86842,,,,,
DMA,1976,2.61467,,,,,1172592.5926,0.72912,,12.55526,,
DMA,1977,2.7,,,,,2230370.37039,1.18953,36.45415,9.46493,20.87731,
DMA,1978,2.7,,,,,1925185.1852,0.77785,34.97079,19.47244,22.21436,
DMA,1979,2.7,,,,,9835555.55563,2.89992,52.24172,43.86297,24.7442,
DMA,1980,2.7,,,,,5078148.14819,1.10796,40.42934,2.40838,25.32398,
DMA,1981,2.7,,,4.27296,,3056990.47981,0.69741,36.66697,2.28254,27.29082,
DMA,1982,2.7,,10.18489,4.27296,5.22373,4329400.5309,1.02068,39.80896,18.38055,27.92187,
DMA,1983,2.7,,10.45291,4.84269,2.78564,1478782.39064,0.34522,39.68115,9.85264,29.68213,
DMA,1984,2.7,,11.21231,4.70026,4.74148,5249802.0957,1.01445,41.5945,15.96837,27.59123,
DMA,1985,2.7,,10.76561,4.70026,2.62326,3270984.18278,0.59744,39.73583,4.57627,27.59368,
DMA,1986,2.7,,10.98896,4.70026,5.06192,9593021.29585,1.62696,40.35406,14.87375,23.60899,
DMA,1987,2.7,,11.25698,4.70026,5.26342,18427249.35806,2.67924,46.54238,29.59115,22.82478,
DMA,1988,2.7,,11.25698,4.70026,6.46718,14063589.64353,1.61062,45.45391,10.03223,27.86336,
DMA,1989,2.7,,11.25698,4.02371,2.62858,11683674.13988,1.09665,45.81786,9.06658,34.30748,
DMA,1990,2.7,1.85681,11.25698,4.27296,7.79843,14462984.59262,1.21478,50.03843,18.82243,38.82084,
DMA,1991,2.7,1.93348,11.2163,4.17461,3.31217,17768608.61978,1.55385,52.4486,14.35663,39.50873,
DMA,1992,2.7,1.97333,11.52317,3.96193,6.83638,20410000.4125,1.81706,56.15245,14.02659,41.77321,
DMA,1993,2.7,1.97929,11.92382,4.19326,9.00287,19915109.14316,1.88284,52.93474,-1.11198,43.68144,
DMA,1994,2.7,2.08596,11.61049,4.49534,3.68913,15414832.05183,1.3564,51.64806,5.05934,43.77664,
DMA,1995,2.7,2.05914,11.50074,4.2016,10.63345,22123442.28277,1.67121,60.02749,20.68544,46.496,
DMA,1996,2.7,2.08814,11.43033,4.29996,7.90721,22894379.55113,1.47685,59.95865,6.34838,45.42532,
DMA,1997,2.7,2.0824,11.17306,4.26854,9.58963,23892440.09326,1.48272,60.64802,4.85393,47.22652,
DMA,1998,2.7,2.11157,11.27256,4.22703,8.51613,27665292.71009,1.72858,58.79569,3.1602,47.09538,
DMA,1999,2.7,2.13491,11.39567,4.37928,8.64013,31574051.16698,1.79767,62.09141,8.66734,46.86285,
DMA,2000,2.7,2.05041,11.6808,3.87453,13.70791,29372786.73744,1.38923,59.7941,-3.2032,50.43327,
DMA,2001,2.7,2.04705,11.13975,3.97651,-1.87606,31224517.74251,1.68475,55.60076,5.25422,43.13183,
DMA,2002,2.7,2.06747,10.9729,3.91396,8.19535,45497423.65657,2.55991,61.22072,9.44759,42.7762,
DMA,2003,2.7,1.9066,11.5007,3.65864,18.56784,47735245.63194,2.52145,66.703,8.40857,41.72983,
DMA,2004,2.7,1.89535,8.94144,3.25842,6.71857,42321834.55599,2.00991,66.88228,6.55173,42.07334,
DMA,2005,2.7,1.79693,9.91818,3.14695,12.41348,49172196.72641,2.19864,71.48491,5.46575,45.21018,
DMA,2006,2.7,1.77726,9.5024,3.33302,7.40224,63047100.25786,2.85823,74.67325,11.18973,47.21774,
DMA,2007,2.7,1.75279,9.16801,3.2581,7.77213,60522068.62498,2.37875,77.08318,10.1668,46.5457,
DMA,2008,2.7,1.73284,9.06405,3.20208,8.23446,55150083.35993,1.83642,75.41068,5.60031,46.73166,
DMA,2009,2.7,1.87126,10.01929,3.20323,1.2568,75464032.69403,2.6598,77.28433,10.08864,46.39828,
DMA,2010,2.7,1.86596,9.45501,3.26047,8.44748,76099741.29086,2.54991,78.6756,2.63746,50.44335,
DMA,2011,2.7,1.87043,8.84038,3.20236,6.3857,81120934.26993,2.81296,78.90221,2.64586,52.36896,
DMA,2012,2.7,1.86129,9.04298,3.09812,11.32471,94562315.38201,3.42431,89.79859,11.30185,55.21268,
DMA,2013,2.7,1.8713,9.07396,3.05041,4.08417,87050886.02607,2.93404,88.29398,3.04277,52.65169,
DMA,2014,2.7,1.81703,8.93663,2.87472,6.23441,101447737.68614,3.3251,88.32033,4.96958,48.81373,
DMA,2015,2.7,1.84929,8.66867,2.45092,3.03628,126225919.30059,4.22432,89.71758,3.52084,47.57243,
DMA,2016,2.7,1.83599,8.2775,1.905,4.54992,221907763.51591,7.3441,90.61608,6.11641,44.15065,
DMA,2017,2.7,1.74907,8.075,1.755,8.67554,212292574.60683,7.58518,115.51287,17.20655,47.22437,
DMA,2018,2.7,1.65106,7.81222,1.63479,-0.45777,191323608.30539,5.22963,105.20418,1.56608,41.65387,
DMA,2019,2.7,1.59957,7.53996,1.76815,9.007,155172395.26019,4.04717,90.49978,-11.78416,38.35602,
DMA,2020,2.7,1.4838,6.89908,1.81324,9.7537,165824163.30894,6.50318,97.26652,-11.76005,50.75426,
DMA,2021,2.7,1.4306,6.29792,1.68282,5.25737,190843317.14259,7.03827,93.07073,1.83088,49.38021,
DMA,2022,2.7,1.33889,6.53699,1.61601,6.25878,204343039.94967,6.79066,83.02889,-1.25656,45.84894,
DMA,2023,2.7,1.31938,5.93558,1.6316,3.76764,183530007.08939,4.69894,78.11131,-0.44957,41.77301,
DMA,2024,2.7,1.31894,5.83306,1.60147,3.36937,155971242.01724,3.69558,77.23597,3.31415,39.38623,
DNK,1960,6.90714,,,,,287547600.0,,47.19435,,43.73488,
DNK,1961,6.90714,,,,,282882350.0,,46.60423,9.57272,43.45161,
DNK,1962,6.90714,,,,,255803820.0,,45.07924,8.99168,43.91057,
DNK,1963,6.90714,,,,,470635320.0,,47.61086,12.42529,45.64082,
DNK,1964,6.90714,,,,,645440720.0,,45.89699,10.1936,45.47959,
DNK,1965,6.90714,,,,,587293840.0,,44.8397,9.74282,45.71737,
DNK,1966,6.90714,,,,,597676340.0,,46.12676,12.91137,48.72825,
DNK,1967,6.95654,,,,,535507200.0,,45.80172,9.45416,47.97573,
DNK,1968,7.5,,,,,471330200.0,,46.3226,12.76647,48.38496,
DNK,1969,7.5,,,,,446662400.0,,44.87692,10.57522,48.55042,
DNK,1970,7.5,,,,,487940280.0,,42.46641,4.82239,47.04061,
DNK,1971,7.42634,,,,,732048348.24911,,41.77373,8.87193,46.36877,
DNK,1972,6.94929,,,,,903602411.41517,,41.5791,13.36599,46.78175,
DNK,1973,6.0495,,,,,1450865797.78642,,41.04404,13.62851,46.32738,
DNK,1974,6.0949,,,,,1195732105.90786,,39.76147,8.42904,44.94915,
DNK,1975,5.74615,,,,,1056989138.37467,0.99952,45.20238,26.94526,47.81846,10.14373
DNK,1976,6.04502,,,,,1085798462.21781,0.86714,43.60164,11.72929,47.72989,10.78573
DNK,1977,6.00319,,,,,1906323390.9386,1.37857,42.95422,9.28311,45.4389,9.61542
DNK,1978,5.51462,,,,,3576473668.69511,2.23676,41.01747,6.4382,42.79116,8.51211
DNK,1979,5.26096,,,,,4075276490.99919,2.01485,40.60564,10.21467,39.7448,7.37251
DNK,1980,5.63594,,,,,4347048284.62994,1.97216,42.09375,11.71182,39.44996,7.82798
DNK,1981,7.12337,,,,,3195167219.16502,1.54041,42.53253,10.84529,37.76555,10.04322
DNK,1982,8.33244,,,,,3009958068.30173,1.4855,41.31165,11.07143,36.45033,9.22925
DNK,1983,9.14499,,,,,4242152680.06479,2.16996,47.90509,27.79209,38.49684,17.49842
DNK,1984,10.35659,,,,,3511129160.54667,1.74438,50.81161,17.20846,40.88446,12.88983
DNK,1985,10.59639,,,,,5961248202.10896,2.68415,55.4071,18.36056,43.67252,24.17253
DNK,1986,8.09099,,,,,5601249773.13737,1.98355,56.50821,9.41615,54.84224,19.78578
DNK,1987,6.84032,,,,,10854481762.221,3.34404,57.21462,6.50857,49.72032,18.6295
DNK,1988,6.73153,,,,,11433249792.6922,3.26995,57.98006,5.5321,47.89853,23.26802
DNK,1989,7.31018,,,,,7053627355.27111,1.9241,55.64997,1.32056,50.79714,35.81443
DNK,1990,6.18856,9.12924,,,,11225840672.0632,2.5353,56.9014,6.52659,50.34135,28.26157
DNK,1991,6.39646,9.05875,,,,7990191789.56643,1.68056,56.82019,3.9308,41.8821,32.18303
DNK,1992,6.03613,9.00362,,,,11596802126.6517,2.12579,54.38076,-0.73994,39.3315,21.2391
DNK,1993,6.48394,8.84592,,,,10941474546.7796,1.95456,64.77477,19.70662,34.26104,27.90373
DNK,1994,6.36055,8.79678,,,,9680246576.60018,1.57507,54.54082,-9.95117,30.29179,30.12688
DNK,1995,5.60237,8.72634,,,,11652290057.9194,1.53924,55.5112,6.21269,30.37175,30.41515
DNK,1996,5.79867,8.70729,,,,14754070655.4947,1.76681,57.18512,8.14356,31.01625,37.91272
DNK,1997,6.60446,8.69908,,,,19613799546.8514,2.99203,58.03997,6.81873,31.566,54.12842
DNK,1998,6.70083,8.66117,,,,15880864794.6195,2.57361,57.89325,3.32547,34.34284,55.90067
DNK,1999,6.97624,8.75258,,,,22908487683.7656,3.76187,54.79863,-0.89205,34.09556,54.7832
DNK,2000,8.08314,8.66834,,,,15695951232.7906,2.34232,48.63676,-5.16517,132.06094,68.16389
DNK,2001,8.32282,8.69276,,,,17702199723.0594,2.69175,48.67146,3.56512,138.7541,51.64039
DNK,2002,7.89471,8.56161,,,,27719142484.447,3.91694,49.32676,4.24161,141.48185,42.92781
DNK,2003,6.58767,8.64848,,,,37997724766.1119,4.70609,47.33471,-2.17469,139.88681,55.69101
DNK,2004,5.99106,8.46072,,,,40020822397.2049,4.2113,46.34589,2.72737,145.293,60.06277
DNK,2005,5.99691,8.56944,,,,34028012496.5422,3.03834,50.34619,14.41704,157.13815,
DNK,2006,5.94678,8.28893,,,,31083835098.452,2.37351,52.95611,11.47894,168.7455,
DNK,2007,5.4437,8.16089,,,,34318338718.0696,2.18376,59.98534,17.16567,184.03742,
DNK,2008,5.09813,7.94413,,,,42326707926.77049,2.3753,61.82324,7.00027,190.31687,
DNK,2009,5.36087,7.72733,,,,76617709422.3138,5.77754,67.61933,4.52867,200.39918,
DNK,2010,5.62408,7.593,,,,76510022325.9157,5.66432,69.59209,7.87827,192.82995,
DNK,2011,5.36871,7.46649,,,,84955222078.41638,5.41293,64.19903,-5.9362,187.07113,
DNK,2012,5.79248,7.56414,,,,89697829678.4591,5.98007,63.97711,2.0483,182.29483,
DNK,2013,5.61631,7.35485,,,,88676584007.3309,5.63812,56.70358,-9.37354,176.47779,
DNK,2014,5.61247,7.32867,,,,75391887669.079,4.72763,63.23994,14.10323,173.40626,
DNK,2015,6.72791,7.30536,,,,65185093406.2788,4.65574,67.7979,9.91132,170.48261,
DNK,2016,6.73172,7.07986,,,,64215805619.9462,4.59155,60.77819,-7.20491,167.05935,
DNK,2017,6.60289,6.87168,,,,75244445865.8039,4.91746,61.34429,5.16118,162.05609,
DNK,2018,6.31462,6.766,,,,70942078373.7473,4.13083,60.76766,1.50091,161.96022,
DNK,2019,6.66945,6.53839,,,,66835547933.6663,3.93865,62.61959,5.80776,161.89868,
DNK,2020,6.54215,6.36506,,,,72823350926.5648,4.52935,68.10244,9.83954,163.53676,
DNK,2021,6.28711,6.28827,,,,82235844735.9223,4.16058,61.40714,-1.04652,155.22932,
DNK,2022,7.07615,6.10572,,,,96072552269.3926,4.21712,60.81825,9.82499,143.406,
DNK,2023,6.8897,6.05486,,,,109370841823.917,4.69463,64.73692,4.81386,147.4821,
DNK,2024,6.89448,6.05021,,,,108405100882.539,4.40118,62.56041,1.45427,144.06224,
DNK,2025,,6.084,,,,,,,,,
DOM,1960,1.0,,,,,25973200.0,,19.19989,,,
DOM,1961,1.0,,,,,9022900.0,,19.32426,-2.0914,,
DOM,1962,1.0,,,,,19716020.0,,16.98823,10.75949,,
DOM,1963,1.0,,,,,41966880.0,,16.74107,12.5,,
DOM,1964,1.0,,,,,41420320.0,,14.37208,-6.4127,,
DOM,1965,1.0,,,,,50820320.0,,22.04256,32.80868,,
DOM,1966,1.0,,,,,43626340.0,,16.81472,-15.48835,,
DOM,1967,1.0,,,,,32427200.0,,15.63201,-2.22437,,
DOM,1968,1.0,,,,,36203400.0,1.52062,18.87684,25.9273,,
DOM,1969,1.0,,,,,39827200.0,1.4884,19.21008,16.0432,,
DOM,1970,1.0,,,,,32333820.0,0.99082,19.45675,22.27346,,
DOM,1971,1.0,,,,,56552180.0,1.54761,21.85359,26.00422,,
DOM,1972,1.0,,,,,60894564.33148,1.49069,23.17349,26.45872,,
DOM,1973,1.0,,,,,93988671.02495,1.75243,25.55314,30.09879,,
DOM,1974,1.0,,,,,103166562.57509,1.22429,29.03305,41.76611,,
DOM,1975,1.0,,,,,124705900.74881,1.32784,28.56996,21.0579,,
DOM,1976,1.0,,,,,135082725.70551,1.46286,26.92016,3.44844,,
DOM,1977,1.0,,,,,197259158.39646,1.96001,27.3565,17.96663,,
DOM,1978,1.0,,,,,177553196.183,1.62582,27.30441,3.01465,,
DOM,1979,1.0,,,,,296467138.05576,2.08792,26.82422,14.10304,,
DOM,1980,1.0,,,,,279024500.0,1.49644,24.41646,11.92263,,
DOM,1981,1.0,,,,,281642246.0855,1.60419,24.22427,10.9518,,
DOM,1982,1.0,,,,,170562546.9511,1.14101,24.84336,12.13264,,
DOM,1983,1.0,,,,,200663774.10144,1.27974,26.02781,16.84697,,
DOM,1984,1.0,,,,,259051285.9236,1.72337,25.67716,24.04622,,
DOM,1985,3.11261,,,,,345987493.84886,2.296,22.9652,21.12657,,
DOM,1986,2.90433,,,,,383336200.0,2.41916,32.53606,60.43317,,
DOM,1987,3.84476,,,,,190927986.61068,1.00949,30.03138,16.29986,,
DOM,1988,6.11252,,,,,261424870.87376,1.37345,29.52877,44.17645,,
DOM,1989,6.34,,,,,171218000.0,0.73793,29.95183,30.89713,,
DOM,1990,8.5253,2.97056,,,,68530000.0,0.32021,29.06517,38.04164,,
DOM,1991,12.57592,4.5471,35.26,20.02,-33.3568,448222017.23955,2.16184,19.22019,35.48133,,
DOM,1992,12.5,4.69264,28.34,16.7,21.58867,505794750.36094,1.95445,20.77252,26.89706,,
DOM,1993,12.5,4.81234,29.89,14.04,23.72641,658256133.76719,1.7872,22.03988,19.5922,,
DOM,1994,12.61678,5.18964,28.68,13.7,16.83001,259100074.73956,0.66208,21.73724,11.44814,,
DOM,1995,12.87,5.57294,30.6825,14.9425,19.19531,372632170.27979,0.88939,21.87983,16.6468,,
DOM,1996,12.89635,5.67447,23.73417,13.91167,19.33545,357007063.78012,0.77091,23.32626,17.13002,,
DOM,1997,14.00592,6.1047,21.00667,13.39833,10.57201,396257894.56496,0.75488,24.29366,24.11891,,
DOM,1998,14.70311,6.43005,25.6425,17.645,17.95944,507121243.385,0.83656,25.16312,17.72362,,
DOM,1999,15.83443,6.5824,25.045,16.06667,20.44633,699283161.34044,1.0972,27.88469,21.89945,,
DOM,2000,16.18146,6.9012,26.79917,17.65333,18.2629,632133042.12582,0.83082,29.02604,16.79825,,
DOM,2001,16.69096,7.15624,24.26333,15.605,17.19579,1104534582.92325,1.54126,36.75152,37.56644,,
DOM,2002,17.59304,7.53504,26.055,16.54,17.88612,474683747.71139,0.6327,34.69811,5.48438,,
DOM,2003,29.37,9.86204,31.39167,20.4975,-1.55456,279543949.78349,0.41676,49.33298,87.19904,,
DOM,2004,41.93031,13.93937,32.63083,21.1175,-8.62151,826423250.96892,1.13586,38.31954,15.6564,23.64076,
DOM,2005,30.28281,14.2965,24.10917,13.82167,17.33005,1929853894.76764,2.0708,35.56625,7.43751,19.64944,
DOM,2006,33.30004,14.79029,19.475,9.79417,12.03128,2275420935.3092,1.9898,32.37008,5.96232,18.69262,
DOM,2007,33.17187,15.49949,15.8275,6.93333,7.6122,3044764601.31634,2.30061,32.79495,17.13647,20.70827,
DOM,2008,34.52936,16.76633,19.945,10.09583,8.78615,2694510025.16655,1.79324,30.36141,5.4119,20.74011,
DOM,2009,35.97187,17.23452,18.13583,7.6325,14.22204,3580178695.74603,3.07175,32.99665,13.53137,21.56646,
DOM,2010,36.82129,17.93845,12.13667,4.82,6.44271,3874458746.7753,2.30044,32.45868,12.33795,22.7351,
DOM,2011,38.08758,18.97598,15.55,7.555,7.02415,4114429337.35282,2.13912,32.79551,12.56869,22.93744,
DOM,2012,39.3203,20.0792,15.4825,7.05074,10.00588,3558641726.41412,1.80689,33.42208,9.95364,22.53741,
DOM,2013,41.7945,20.66036,13.5914,5.58619,8.5663,4700626508.01792,2.44121,34.07926,11.95057,23.43714,
DOM,2014,43.54967,21.01171,13.9025,6.39953,9.29487,4861785571.88809,2.42659,33.35898,9.26752,25.26616,
DOM,2015,45.0455,20.69375,14.87667,6.42917,12.20489,5266043354.25313,2.68192,34.14351,12.11132,26.03927,
DOM,2016,46.06444,20.25783,15.08417,6.69333,12.81059,6134227406.75062,3.00452,34.42002,9.75223,26.9064,
DOM,2017,47.53436,20.9162,13.91,6.00333,9.62637,6872905749.30284,3.26059,34.96673,9.7104,27.58277,
DOM,2018,49.50999,21.6888,12.5337,6.00897,7.64603,7717561574.1843,3.25803,33.30418,6.63694,27.39115,
DOM,2019,51.29486,21.23497,12.48677,6.12321,8.58273,8870942286.35981,3.63802,34.22467,11.66886,28.09781,
DOM,2020,56.52453,21.229,10.97964,4.64739,5.23919,10844812012.4981,5.28339,42.91635,21.75084,30.62763,
DOM,2021,57.22112,22.12482,9.60831,2.48517,2.2265,13124643488.9252,4.63497,39.91785,13.70421,27.77003,
DOM,2022,55.14099,22.62497,11.85005,6.73917,2.09839,14522975012.3239,4.14185,36.55196,5.56821,27.9658,
DOM,2023,56.1576,23.10298,14.43454,9.16182,8.1743,15546714438.2443,4.51578,38.70784,14.48261,30.8422,
DOM,2024,59.56513,23.5211,15.2531,9.77064,10.53155,13471257812.8679,3.64946,39.36042,11.28181,31.92209,
DZA,1960,4.93706,,,,,265802800.0,,,,,
DZA,1961,4.93706,,,,,311729450.0,,,,,
DZA,1962,4.93706,,,,,185716410.0,,,,,
DZA,1963,4.93706,,,,,237218040.0,,,,,
DZA,1964,4.93706,,,,,194924560.0,,33.19532,,14.94764,
DZA,1965,4.93706,,,,,184224560.0,,34.14487,10.88507,18.10899,
DZA,1966,4.93706,,,,,273085970.0,,38.50621,9.30584,15.54508,
DZA,1967,4.93706,,,,,442988000.0,,45.10224,29.88406,17.23932,
DZA,1968,4.93706,,,,,532109700.0,,53.42228,35.35838,23.52473,
DZA,1969,4.93706,,,,,410627600.0,,55.28988,14.37992,32.18622,
DZA,1970,4.93706,,,,,352276530.0,,54.45302,12.51183,28.44051,
DZA,1971,4.91264,,,,,537318203.5527,,55.82871,6.50096,35.00871,
DZA,1972,4.48051,,,,,640169273.52011,,59.82816,30.26212,47.72994,
DZA,1973,3.9625,,,,,1526311528.86445,,59.012,12.25536,49.13802,
DZA,1974,4.18075,,,,,2474721193.66406,,46.66181,26.55928,42.0065,
DZA,1975,3.94941,,,,,1895709477.25852,,54.92436,30.95848,49.96541,
DZA,1976,4.16382,,,,,2502228024.97401,,59.07017,29.20469,53.55385,
DZA,1977,4.14676,,,,,2590691196.3561,3.45794,59.73695,19.14274,49.9044,
DZA,1978,3.9659,,,,,3229638827.87029,3.65981,64.51768,29.85121,53.82228,
DZA,1979,3.85327,,,,,5517255564.78122,5.48914,62.20995,18.12953,51.98722,
DZA,1980,3.83745,,,,,7063796833.31252,5.82497,57.56246,17.38007,48.50831,
DZA,1981,4.31581,,,,,5914588650.26264,4.64148,57.02926,16.69357,52.57105,
DZA,1982,4.59219,,,,,4972783276.10336,4.01094,66.421,26.32611,62.16137,
DZA,1983,4.7888,,,,,4010232278.91347,3.4543,70.99957,20.33215,65.06718,
DZA,1984,4.98337,,,,,3185336009.37503,2.79492,72.7642,17.35171,66.49738,
DZA,1985,5.0278,,,,,4644533024.21647,4.2481,76.84861,14.96685,68.72983,
DZA,1986,4.70232,,,,,3842516471.51199,3.91451,75.79833,1.40981,69.31185,
DZA,1987,4.84974,,,,,4343099114.61444,5.1705,79.6713,13.60257,67.53259,
DZA,1988,5.91477,,,,,3190542198.91584,3.61462,83.82403,13.59812,68.14678,
DZA,1989,7.60856,,,,,3085702760.44873,3.14807,72.79636,5.18219,63.19372,
DZA,1990,8.95751,3.12682,,,,2703474408.40136,2.60625,61.77114,11.41566,56.14322,
DZA,1991,18.47287,4.65139,,,,3459969140.77629,3.9012,49.11131,20.8028,46.28917,
DZA,1992,21.83608,5.54489,,,,3317517177.46836,,51.94199,31.27488,7.25482,
DZA,1993,23.34541,6.15447,,,,3655668337.88779,,50.10146,7.29664,6.61775,
DZA,1994,35.0585,7.77797,,,,4813488033.45637,,45.31867,15.70484,6.4891,
DZA,1995,47.66273,9.79531,18.41667,16.58333,-7.90217,4164319964.09365,,37.16945,9.46358,5.19939,
DZA,1996,54.74893,11.92992,19.0,14.5,-4.04921,6296459575.24063,,33.00584,14.64465,5.3649,
DZA,1997,57.70735,12.54885,15.70833,12.60417,8.13665,9666874794.88809,,36.08143,18.25948,3.90742,
DZA,1998,58.73896,12.02084,11.5,9.125,15.10401,8452272524.78386,,42.37682,19.57262,4.56382,
DZA,1999,66.57388,13.13992,10.75,8.25,-0.09592,6146079211.16344,,42.2077,13.94717,5.38809,0.56874
DZA,2000,75.25979,15.76274,10.0,7.5,-10.33438,13556106802.2148,,37.82972,14.1315,5.96564,0.5207
DZA,2001,77.21502,15.34265,9.5,6.25,1.37541,19625060612.8963,,52.38176,54.05141,7.3845,0.31837
DZA,2002,79.6819,15.31528,8.58333,5.33333,7.11283,25151012703.13729,,57.87508,18.05212,11.25664,0.22409
DZA,2003,77.39498,16.36181,8.125,5.25,-0.75036,35454600266.1695,,58.01596,16.30616,10.36427,0.19416
DZA,2004,72.06065,17.75716,8.0,3.64583,-3.09252,45691652467.4963,,55.02186,10.45122,10.21033,0.15133
DZA,2005,73.27631,19.34565,8.0,1.9375,-3.88175,59167068864.0544,22.78943,51.89256,11.6936,11.50029,0.1324
DZA,2006,72.64662,20.79021,8.0,1.75,-2.51052,81462730475.3241,30.163,54.465,19.64478,11.52082,0.07661
DZA,2007,69.2924,21.67807,8.0,1.75,0.84456,114972269711.741,35.39504,60.71736,23.09074,12.30582,0.06784
DZA,2008,64.5828,24.4836,8.0,1.75,-6.18312,148098646076.637,32.07382,59.70945,16.03708,12.13019,0.05062
DZA,2009,72.64742,22.53923,8.0,1.75,16.59761,155111906771.678,33.79143,66.78192,4.84084,14.84758,0.05991
DZA,2010,74.38598,25.73291,8.0,1.75,-6.53956,170461132878.607,36.78194,62.61564,13.54843,13.79013,0.05929
DZA,2011,72.93788,29.47589,8.0,1.75,-7.62023,191369111470.406,34.82382,62.35098,19.907,12.56511,0.09014
DZA,2012,77.53597,32.39486,8.0,1.75,-0.00227,200586904241.375,34.3074,62.54402,10.93692,12.90864,0.07344
DZA,2013,79.3684,33.02466,8.0,1.75,7.04436,201436604411.914,32.78129,65.50099,8.41,15.06527,0.07698
DZA,2014,80.57902,33.42178,8.0,1.75,6.456,186350590140.833,28.19225,70.96748,14.42367,16.42166,0.07043
DZA,2015,100.69143,34.16624,8.0,1.75,13.66835,150595236894.627,25.85691,72.5912,0.29713,19.22035,0.07681
DZA,2016,109.44307,36.03881,8.0,1.75,7.08264,120788088861.402,22.57926,69.83807,0.81577,20.25245,0.22913
DZA,2017,110.97302,37.45825,8.0,1.75,2.91791,104852543743.411,19.37161,71.0634,8.38085,21.86039,0.18598
DZA,2018,116.59379,38.87735,8.0,1.75,1.72875,87382910154.0941,15.92693,73.34168,11.10226,22.38715,0.19091
DZA,2019,119.35356,38.38939,8.0,1.75,7.05471,71795950714.9484,14.46658,71.50547,-0.75753,22.91287,
DZA,2020,126.7768,37.43887,8.0,1.75,13.33988,59434389109.5108,15.44146,84.87179,7.44562,26.11721,
DZA,2021,135.06406,38.7631,8.0,1.75,-6.84242,56211005199.36649,13.76657,79.82603,13.18376,22.65999,
DZA,2022,141.99498,44.47676,8.0,1.75,-12.13819,71852290093.8577,16.33647,71.665,14.32625,18.23978,
DZA,2023,135.84293,43.36188,8.0,1.75,6.92907,81216738411.62419,17.04525,72.24391,5.99194,18.8467,
DZA,2024,134.05324,43.767,8.0,1.75,4.47403,83007108429.3211,16.52794,73.4802,9.03433,19.03414,
ECU,1960,15.0,,,,,41077600.0,,8.71754,,,
ECU,1961,16.5,,,,,38397350.0,,8.39768,-10.19669,,
ECU,1962,18.0,,,,,43348220.0,,10.02393,12.72128,,
ECU,1963,18.0,,,,,51632720.0,,8.68308,4.09058,,
ECU,1964,18.0,,,,,51638400.0,,8.10446,14.81404,,
ECU,1965,18.0,,,,,46038400.0,,7.79835,2.3501,,
ECU,1966,18.0,,,,,61158146.51084,,9.24748,20.68197,,
ECU,1967,18.0,,,,,69213239.66756,,10.17015,15.60409,,
ECU,1968,18.0,,,,,62499909.97798,,12.55975,24.87865,,
ECU,1969,18.0,,,,,65130089.86127,,11.7859,13.09881,,
ECU,1970,20.91667,,,,,75607786.90501,,11.34299,-11.47864,,
ECU,1971,25.0,,,,,60390308.36412,,13.68411,16.07578,,
ECU,1972,25.00014,,,,,144133547.30223,,14.69436,24.21651,,
ECU,1973,24.99998,,,,,253707163.62941,,15.91397,32.29074,,
ECU,1974,24.99998,,,,,390629826.40383,,13.93852,48.52093,,
ECU,1975,25.0,,,,,307492486.23009,,12.93884,8.75703,,
ECU,1976,25.0,,,,,529391109.86158,4.32421,15.18838,38.03782,,
ECU,1977,25.0,,,,,689065038.32767,4.12244,15.15994,21.04917,,
ECU,1978,25.0,,,,,727782749.57857,3.51784,14.81883,5.69445,,
ECU,1979,25.0,,,,,934098834.29161,3.57778,15.68513,25.84477,,
ECU,1980,25.0,,,,,1257167793.9145,4.13678,16.18136,30.13768,,
ECU,1981,25.0,,,,,797068778.04844,2.38049,14.80817,11.62282,,
ECU,1982,30.02583,,,,,493476335.46064,1.5045,15.20745,-6.15997,,
ECU,1983,44.11501,,,,,802512378.5061,3.4089,14.32288,-18.94182,,
ECU,1984,62.5359,,,,,738907098.04931,2.71657,17.40329,19.80695,,
ECU,1985,69.55625,,,,,853631268.48896,3.07154,14.78807,-13.83853,,
ECU,1986,122.77924,,,,,806084056.62646,2.93121,13.2601,-19.92682,,
ECU,1987,170.46167,,,,,691666393.20132,2.19055,13.80263,-5.21183,,
ECU,1988,301.61083,,,,,567569792.21263,1.98047,11.70655,-20.6205,,
ECU,1989,526.34833,,,,,706539001.11863,2.29024,10.15943,-7.6376,,
ECU,1990,767.75083,0.30049,,,,1009075807.30825,3.2256,13.92098,50.32698,,
ECU,1991,1046.24933,0.31069,,,,1080977277.89411,3.04787,13.23601,5.99121,,
ECU,1992,1533.96167,0.31684,,,,1015827333.20143,3.0513,12.97917,4.44177,,
ECU,1993,1919.105,0.31768,,,,1541717569.37447,3.76973,18.19934,46.7638,,
ECU,1994,2196.72833,0.35772,,,,2002942790.09083,4.07814,21.11283,39.10154,,
ECU,1995,2564.49417,0.36867,,,,1787782198.96367,3.18466,20.9518,6.77215,,10.5006
ECU,1996,3189.47417,0.36744,,,,2011360128.31461,3.86842,22.81495,12.42906,,7.96824
ECU,1997,3998.26667,0.38652,,,,2212962682.55717,3.66152,22.29257,9.08117,,7.17739
ECU,1998,5446.5729,0.36776,,,,1738909755.15918,2.61186,18.76309,-16.37096,,5.56074
ECU,1999,11786.80167,0.26726,,,,1887630504.49257,4.05102,13.14566,-50.81203,,2.65713
ECU,2000,1.0,0.24118,,,,1178958455.54318,2.20965,21.64468,47.00315,,4.25897
ECU,2001,1.0,0.29861,,,,1073533298.23221,1.60557,21.61771,31.75895,,
ECU,2002,1.0,0.32781,,,,1004402765.69837,1.32521,25.155,36.12216,19.07194,
ECU,2003,1.0,0.35762,,,,1165340428.48351,1.46495,25.91006,17.89178,18.05512,
ECU,2004,1.0,0.37051,,,,1439913954.63565,1.49066,28.35148,24.36939,20.5414,
ECU,2005,1.0,0.39008,,,,2147944603.19674,1.85701,29.61862,19.56,21.9843,
ECU,2006,1.0,0.4114,,,,2026480313.69129,1.53297,29.49718,12.971,22.33122,
ECU,2007,1.0,0.42884,,4.83,,3520672992.45779,2.35703,31.39152,16.10678,23.38046,
ECU,2008,1.0,0.48424,,4.865,,4472854631.28031,2.36581,31.71202,23.90218,23.96488,
ECU,2009,1.0,0.46794,,4.78,,3792122231.63489,2.47902,34.55028,7.08888,24.88963,
ECU,2010,1.0,0.504,,3.9025,,2622493356.38252,1.32503,35.47398,16.43795,27.08433,
ECU,2011,1.0,0.52757,,3.84417,,2957999383.6445,1.27332,35.69434,16.61884,27.59155,
ECU,2012,1.0,0.54996,,3.89,,2486036143.68356,1.02501,37.58496,16.95915,28.44437,
ECU,2013,1.0,0.54086,,3.89,,4345840333.46757,1.67957,38.91199,13.95672,28.55223,
ECU,2014,1.0,0.54123,,4.0275,,3941357097.57337,1.4854,42.04895,14.94066,29.20843,
ECU,2015,1.0,0.54939,,4.375,,2487276599.56404,1.15849,42.28706,-4.8266,29.93626,
ECU,2016,1.0,0.54383,,4.77083,,4215553160.05677,2.32916,49.59267,17.83347,31.50466,
ECU,2017,1.0,0.52854,,3.49583,,2169697856.6482,1.01272,37.08842,-20.01024,34.22085,
ECU,2018,1.0,0.51727,,3.62667,,2158694032.41429,0.87072,37.73508,4.67652,38.33749,
ECU,2019,1.0,0.4947,,4.435,,2939049266.08468,1.19538,41.03189,8.85497,42.69158,
ECU,2020,1.0,0.47399,,4.77583,,7136589071.47074,3.62324,50.63875,9.95835,49.05571,
ECU,2021,1.0,0.44874,,4.1625,,7912190379.51527,3.14024,51.00251,12.60465,49.7534,
ECU,2022,1.0,0.42871,,4.15917,,8459270681.86545,2.61951,51.83383,10.12042,52.37995,
ECU,2023,1.0,0.42327,,5.86333,,4441563798.69096,1.38504,52.28013,5.21559,54.49473,
ECU,2024,1.0,0.434,,7.08667,,6907743954.50086,2.19646,57.12179,12.44377,56.18052,
EGY,1960,0.34824,,,,,266967600.0,,33.11032,,17.46313,
EGY,1961,0.34824,,,,,203625200.0,,34.58983,11.62887,16.75824,
EGY,1962,0.40449,,,,,223227760.0,,35.3734,6.64943,17.83373,
EGY,1963,0.43478,,,,,216277440.0,,37.83576,19.29338,17.41829,
EGY,1964,0.43478,,,,,223742480.0,,39.09158,16.20209,16.07326,
EGY,1965,0.43478,,,,,193777600.0,,37.60318,6.43428,14.89737,
EGY,1966,0.43478,,,,,156816540.0,,35.37398,1.53774,13.59751,
EGY,1967,0.43478,,,,,196019200.0,,36.1567,5.95376,12.77418,
EGY,1968,0.43478,,,,,187040600.0,,37.19968,3.0551,14.17093,
EGY,1969,0.43478,,,,,145124800.0,,37.06301,5.73849,14.75173,
EGY,1970,0.43478,,,,,165038580.0,,32.88043,5.40703,12.29073,
EGY,1971,0.43478,,,,,163240183.24318,,32.12667,3.0208,12.36781,
EGY,1972,0.43478,,,,,209341387.16194,,34.89756,15.74919,11.83175,
EGY,1973,0.39796,,,,,532593785.43652,,38.43383,22.37712,10.27771,
EGY,1974,0.3913,,,,,705412654.5348,,45.03478,30.21742,13.21732,
EGY,1975,0.3913,,,,,535004016.97094,,45.78826,21.46571,16.60008,
EGY,1976,0.3913,,8.0,3.0,-3.16791,567297179.70464,,45.65522,25.97745,17.10169,
EGY,1977,0.3913,,8.83333,4.66667,-3.11968,831886353.00122,1.72074,49.97381,34.03463,18.71765,
EGY,1978,0.3913,,10.16667,5.875,0.56509,1050567897.61415,1.88086,53.345,27.02788,18.32074,
EGY,1979,0.7,,12.0,7.0,-9.31164,1795125066.24924,2.62857,54.25783,31.32567,18.99575,
EGY,1980,0.7,,13.33333,8.33333,0.80269,2479664000.0,3.05324,66.4234,51.41943,13.93638,
EGY,1981,0.7,,15.0,10.0,17.58479,1682922621.2587,1.78677,82.81514,30.89756,25.89511,
EGY,1982,0.7,,15.0,11.0,-7.80148,1809313172.89459,1.87941,79.22916,31.1521,24.70876,
EGY,1983,0.7,,15.0,11.0,2.03008,1698907670.24247,1.68511,82.01955,22.62572,25.84812,
EGY,1984,0.7,,15.0,11.0,6.23807,1485991444.00965,1.24978,82.05475,18.84797,26.21582,
EGY,1985,0.7,,15.0,11.0,3.06872,1587362857.64499,1.41613,82.23995,18.30439,27.19866,
EGY,1986,0.7,,15.0,11.0,1.88246,1779681031.96702,1.88847,84.13197,20.9506,29.22426,
EGY,1987,0.7,,16.33333,11.0,3.43557,2555643305.43489,2.59462,87.14252,20.95886,28.89515,
EGY,1988,0.7,,17.0,11.0,3.15863,2261158622.65344,2.04999,88.55292,21.54756,28.13328,
EGY,1989,0.86667,,18.33333,11.66667,-0.67491,2495363416.40602,2.21612,83.23831,17.49797,26.53013,
EGY,1990,1.55,0.46004,19.0,12.0,1.06754,3619931742.61285,2.72022,86.12505,28.73037,25.52568,
EGY,1991,3.13801,0.51674,19.84667,12.0,3.20464,6185285500.81963,4.83919,87.52347,19.3389,22.05863,
EGY,1992,3.32175,0.59794,20.32833,12.0,1.67092,11620220747.8378,8.41791,84.53896,19.42824,22.27045,
EGY,1993,3.35252,0.63333,18.2975,12.0,9.10124,13854276438.8218,9.63385,85.8078,13.24901,23.76579,
EGY,1994,3.38513,0.67248,16.5125,11.83333,7.43542,14412967684.9265,9.74069,84.63354,11.21468,27.90366,
EGY,1995,3.39221,0.73376,16.47083,10.91667,4.55216,17121798673.9484,10.74421,79.7874,9.89652,32.73382,
EGY,1996,3.39148,0.77178,15.58333,10.54167,7.91322,18296476060.6246,11.08374,78.64146,10.8359,36.53439,
EGY,1997,3.38875,0.83363,13.79167,9.83542,3.56345,19370588197.9807,10.51235,75.15476,10.77196,39.69361,
EGY,1998,3.388,0.84397,13.01667,9.3625,10.3919,18823907998.2298,10.18242,77.02564,10.77641,46.55501,
EGY,1999,3.39525,0.83984,12.965,9.2175,11.93582,15190021676.7155,8.04372,76.04337,5.66364,52.00182,
EGY,2000,3.47205,0.85363,13.21583,9.45667,8.9196,13785040867.624,6.92774,76.7419,11.58132,51.95328,
EGY,2001,3.973,0.85043,13.29167,9.45833,11.21451,13598234040.4968,7.45749,82.37828,13.21525,54.93114,
EGY,2002,4.49967,0.86392,13.79167,9.33333,10.30003,14076054422.9979,8.25027,87.8365,12.63037,54.6554,
EGY,2003,5.85088,0.90462,13.53333,8.225,6.32703,14603576021.3741,8.5509,96.67885,21.27976,53.89763,
EGY,2004,6.19624,0.98373,13.375,7.725,1.5269,15338514716.8957,6.63684,96.67863,16.23925,54.04291,
EGY,2005,5.77883,1.01308,13.14167,7.225,6.52364,21856784928.5555,7.32906,97.13784,11.48935,51.16543,
EGY,2006,5.73317,1.05511,12.6,6.01667,4.8808,26006845068.1543,7.36481,97.38731,15.00211,49.29098,87.03324
EGY,2007,5.63543,1.15667,12.50833,6.1,-0.07763,32214421786.3476,6.95057,96.20641,19.11425,45.51522,106.77408
EGY,2008,5.4325,1.27329,12.325,6.58333,0.10785,34330505048.3925,5.9706,88.40425,10.4829,42.79751,52.80618
EGY,2009,5.54455,1.40704,11.975,6.49167,0.71004,34896678266.342,7.35827,83.1559,9.47259,36.09271,48.22035
EGY,2010,5.62194,1.53065,11.00833,6.23333,0.81872,37028506134.5559,6.70121,80.74556,12.41851,33.0723,38.48544
EGY,2011,5.93283,1.67462,11.03333,6.74167,-0.56388,18637541110.4777,3.28532,75.79391,6.66489,31.15492,20.69992
EGY,2012,6.05606,1.73812,12.0,7.64167,-6.26272,15672467970.7727,2.4878,69.71546,12.3473,27.38845,21.20331
EGY,2013,6.87033,1.85652,12.29167,7.68333,3.29216,16536236826.4074,2.73004,74.61184,18.89072,26.22244,21.36698
EGY,2014,7.07761,2.12937,11.70833,6.91667,0.41413,14926998051.7397,2.21205,75.44265,15.76639,25.60668,22.93348
EGY,2015,7.69126,2.25049,11.625,6.90833,1.54107,15858887325.7755,2.59708,77.98588,18.60496,26.31639,16.75697
EGY,2016,10.0254,2.4992,13.6,7.85833,6.92201,23642691705.9677,3.88541,98.13613,39.50914,34.13486,10.02372
EGY,2017,17.78253,3.16915,18.175,12.09167,-8.75819,36400242555.8255,5.72306,87.60247,20.45049,27.06982,18.74117
EGY,2018,17.76729,3.58117,18.31667,12.31667,-2.3587,41839242990.70969,5.85734,77.76522,13.30214,24.29528,15.99671
EGY,2019,16.77058,3.89338,16.11667,10.95,2.1991,44568837112.06689,5.83924,73.45453,13.27851,22.84873,13.86972
EGY,2020,15.75917,3.69509,11.36667,7.78333,4.88782,38972812936.67071,5.56473,79.97472,19.70579,25.78947,10.77365
EGY,2021,15.64453,3.85462,9.425,7.4,4.36621,39824388217.3615,4.38226,87.38649,18.33391,28.23075,11.47509
EGY,2022,19.16044,3.97322,10.58333,8.425,0.14267,32143926008.4606,3.32738,94.39261,27.13697,30.847,8.14958
EGY,2023,30.62641,4.78632,17.75833,12.65,-5.64166,33070180836.1374,3.87391,87.41747,19.92307,29.25782,14.03457
EGY,2024,45.29926,6.24782,24.29167,19.15833,-7.03099,44921341018.4659,4.53951,83.69937,31.07631,27.56923,10.94827
ERI,1960,2.48669,,,,,,,,,,
ERI,1961,2.48669,,,,,,,,,,
ERI,1962,2.48669,,,,,,,,,,
ERI,1963,2.48798,,,,,,,,,,
ERI,1964,2.5022,,,,,,,,,,
ERI,1965,2.5022,,,,,,,,,,
ERI,1966,2.5022,,,,,,,,,,
ERI,1967,2.5022,,,,,,,,,,
ERI,1968,2.5022,,,,,,,,,,
ERI,1969,2.5022,,,,,,,,,,
ERI,1970,2.5022,,,,,,,,,,
ERI,1971,2.49567,,,,,,,,,,
ERI,1972,2.30203,,,,,,,,,,
ERI,1973,2.1006,,,,,,,,,,
ERI,1974,2.07183,,,,,,,,,,
ERI,1975,2.07183,,,,,,,,,,
ERI,1976,2.07183,,,,,,,,,,
ERI,1977,2.07183,,,,,,,,,,
ERI,1978,2.07183,,,,,,,,,,
ERI,1979,2.07183,,,,,,,,,,
ERI,1980,2.07183,,,,,,,,,,
ERI,1981,2.07183,,,,,,,,,,
ERI,1982,2.07183,,,,,,,,,,
ERI,1983,2.07183,,,,,,,,,,
ERI,1984,2.07183,,,,,,,,,,
ERI,1985,2.07183,,,,,,,,,,
ERI,1986,2.07183,,,,,,,,,,
ERI,1987,2.07183,,,,,,,,,,
ERI,1988,2.07183,,,,,,,,,,
ERI,1989,2.07183,,,,,,,,,,
ERI,1990,2.07183,,,,,,,,,,
ERI,1991,2.07183,,,,,,,,,,
ERI,1992,2.80497,1.06249,,,,,,,,,
ERI,1993,5.00441,1.02353,,,,,,,,,
ERI,1994,5.46982,1.22411,,,,,,,,,
ERI,1995,6.16376,1.33446,,,,40490517.07788,,87.00305,,17.09591,
ERI,1996,6.35728,1.42939,,,,81319532.68095,1.56992,88.36748,21.04285,34.64971,
ERI,1997,6.75882,1.45992,,,,229576077.04688,4.33652,100.94505,28.07153,35.21083,
ERI,1998,7.36193,1.5752,,,,68154685.28709,1.16408,109.56391,20.52428,46.47665,
ERI,1999,8.15263,1.58923,,,,58866380.32931,1.14507,145.70623,36.08917,33.28629,
ERI,2000,9.625,1.94219,,,,36131624.53514,0.84968,141.14845,17.26427,29.19471,
ERI,2001,11.30945,2.1858,,,,50449873.40054,,149.28886,32.37068,29.03012,
ERI,2002,13.95819,2.49993,,,,30282531.92116,,150.68457,20.75795,28.61258,
ERI,2003,13.87789,2.98775,,,,24707771.97037,,146.14443,15.06196,30.20947,
ERI,2004,13.7875,3.63105,,,,34746846.5869,,128.92529,11.69338,26.94249,
ERI,2005,15.36792,3.78906,,,,27944199.05277,,129.24245,10.66598,27.56324,
ERI,2006,15.375,4.09452,,,,23576837.33493,,123.90947,5.76241,25.98827,
ERI,2007,15.375,4.27706,,,,32407629.65967,,127.66103,12.11369,20.73575,
ERI,2008,15.375,4.8708,,,,56020972.23374,,141.26007,15.87576,22.06098,
ERI,2009,15.375,6.26924,,,,90010612.77408,,121.51529,15.7214,16.76807,
ERI,2010,15.375,5.1888,,,,114149602.72893,,164.07012,15.59063,21.28054,
ERI,2011,15.375,6.07722,,,,115328815.90621,,144.76047,14.62415,17.5647,
ERI,2012,15.375,6.37545,,,,132764717.79285,,127.4756,14.39938,16.15972,
ERI,2013,15.375,6.06141,,,,133338047.50637,,135.9625,16.46712,33.98681,
ERI,2014,15.375,6.02878,,,,151753160.38846,,176.78892,12.90646,53.24108,
ERI,2015,15.375,5.77168,,,,145070693.22969,,,,,
ERI,2016,15.35,5.74096,,,,145371150.93999,,,,,
ERI,2017,15.075,5.39269,,,,143412422.68521,,,,,
ERI,2018,15.075,4.96084,,,,163033689.39269,,,,,
ERI,2019,15.075,4.69091,,,,191694416.40315,,,,,
ERI,2020,15.075,5.01429,,,,,,,,,
ERI,2021,15.075,4.93848,,,,,,,,,
ERI,2022,15.075,,,,,,,,,,
ERI,2023,15.075,,,,,,,,,,
ERI,2024,15.075,,,,,,,,,,
ESP,1960,60.0,,,,,544061600.0,,,,,
ESP,1961,60.0,,,,,887873550.0,,,,,
ESP,1962,60.0,,,,,1045887990.0,,,,,
ESP,1963,60.0,,,,,1148505160.0,,,,,
ESP,1964,60.0,,,,,1515235680.0,,,,,
ESP,1965,60.0,,,,,1411897520.0,,,,,
ESP,1966,60.0,,,,,1210578030.0,,,,,
ESP,1967,61.66667,,,,,1053098400.0,,,,,
ESP,1968,70.0,,,,,1303543700.0,,,,,
ESP,1969,70.0,,,,,1285926800.0,,,,,
ESP,1970,70.0,,,,,1851302470.0,,,,,
ESP,1971,69.46867,,,,,3347891154.11526,,,,,
ESP,1972,64.27142,,,,,5397172464.23363,,,,,
ESP,1973,58.26008,,,,,7771042558.04701,,,,,
ESP,1974,57.6865,,,,,8535016960.78679,,,,,
ESP,1975,57.40692,,,,,7507064705.72817,4.86567,,,,28.94622
ESP,1976,66.90292,,,,,6626926078.0785,3.97977,,,,20.26641
ESP,1977,75.96183,,,,,8357980885.84689,4.83514,,,,
ESP,1978,76.66783,,,,,13394127224.5126,7.1532,,,,11.17915
ESP,1979,67.125,,,,,20702703861.5845,8.10584,,,,8.10878
ESP,1980,71.70192,,,,,20473495450.3179,5.97926,,,,7.12156
ESP,1981,92.32183,,,,,16610948552.6341,4.86041,,,,8.22937
ESP,1982,109.85917,,,,,14328182502.4805,4.23595,,,,5.7022
ESP,1983,143.42992,,,,,12974277206.465,4.25335,,,,6.35751
ESP,1984,160.761,,,,,16464821364.9284,5.50826,,,,7.69408
ESP,1985,170.04408,,,,,15966405780.3163,5.20986,,,,10.79857
ESP,1986,140.04838,,,,,20548059804.0646,5.66266,,,,19.48147
ESP,1987,123.47833,,,,,36439290439.75649,7.25202,,,,22.31891
ESP,1988,116.48683,,,,,42835075929.0145,6.81909,,,,24.18355
ESP,1989,118.37767,,,,,47769550563.7501,6.53511,,,,29.59316
ESP,1990,101.93392,0.61795,,,,57238070967.6203,6.12066,,,,20.78592
ESP,1991,103.91158,0.63919,,,,71344881792.6618,6.96294,,,,25.62946
ESP,1992,102.37908,0.66688,,,,50708513479.3061,4.44084,,,,18.43465
ESP,1993,127.26042,0.681,,,,47145829668.51649,5.07952,,,,22.61629
ESP,1994,133.95795,0.69263,,,,47531541939.9557,4.59468,,,,29.23216
ESP,1995,124.689,0.71188,,,,40530652088.1069,3.14583,,,,31.02895
ESP,1996,126.66158,0.72225,,,,63699008717.0449,4.56427,,,,37.52863
ESP,1997,146.41363,0.72364,,,,72934647813.444,5.16346,,,,49.23916
ESP,1998,149.39533,0.72378,,,,60881358763.0986,3.92566,,,,64.99793
ESP,1999,0.93828,0.73921,,,,37999943735.8126,2.21369,,,,67.923
ESP,2000,1.08271,0.73962,,,,35607623344.835,1.97583,,,,84.30311
ESP,2001,1.11653,0.7476,,,,34235520830.36909,1.84023,,,94.93944,74.57856
ESP,2002,1.05756,0.74231,,,,40303470181.2951,2.03469,,,99.29296,65.10573
ESP,2003,0.88405,0.75932,,,,26809451669.0027,1.09355,,,106.54405,79.98599
ESP,2004,0.80392,0.76598,,,,19758627233.3238,0.65256,,,115.92833,87.92737
ESP,2005,0.8038,0.76951,,,,17227460742.3577,0.50739,,,135.87125,83.13305
ESP,2006,0.79643,0.73616,,,,19339948067.0764,0.48352,,,156.58026,104.83962
ESP,2007,0.72967,0.73227,,,,19028952268.3672,0.38482,,,167.63594,121.87835
ESP,2008,0.67992,0.72586,,,,20288388623.6605,0.3862,,,170.74302,57.96365
ESP,2009,0.71696,0.71833,,,,28051366380.3609,0.73485,,,173.38232,95.85409
ESP,2010,0.75431,0.72713,,,,31871836372.9594,0.804,,,171.32512,82.04719
ESP,2011,0.71841,0.71413,,,,46704835356.6883,1.05009,,,167.02711,69.30689
ESP,2012,0.77834,0.69498,,,,50588475476.9984,1.30782,,,157.43433,74.76276
ESP,2013,0.75295,0.6748,,,,46335465037.6452,1.17196,,,145.75958,81.96827
ESP,2014,0.75273,0.66236,,,,50411846511.544,1.23282,,,129.359,71.93751
ESP,2015,0.9013,0.66474,,,,53973842235.8776,1.51753,,,118.21689,65.26408
ESP,2016,0.90342,0.64264,,,,63039926528.9472,1.76235,,,110.90183,56.68081
ESP,2017,0.88521,0.63084,,,,69400198866.0331,1.72869,,,105.15699,67.24682
ESP,2018,0.84677,0.6318,,,,70633189427.7056,1.5808,,,98.82989,50.54969
ESP,2019,0.89328,0.60413,,,,74731427284.1399,1.72806,,,94.41163,56.80712
ESP,2020,0.87551,0.60628,,,,81287702460.7526,2.26605,,,107.57252,58.86061
ESP,2021,0.84549,0.58847,,,,92201269194.63988,2.03235,,,98.42562,53.08143
ESP,2022,0.94962,0.55926,,,,92905070059.7299,1.74987,,,88.11241,45.9328
ESP,2023,0.92484,0.55651,,,,103088770527.743,1.83603,,,78.34968,47.51984
ESP,2024,0.92389,0.56211,,,,107774094168.875,1.82466,,,74.2192,43.69278
ESP,2025,,0.56604,,,,,,,,,
EST,1990,,0.00452,,,,,,,,,
EST,1991,,0.01016,,,,,,,,,
EST,1992,,0.09671,,,,197501539.8064,3.26853,,,,
EST,1993,13.22275,0.17459,,,,389247542.78604,3.71666,,,,
EST,1994,12.99125,0.23875,,,,446418559.44864,2.85876,,,,
EST,1995,11.46475,0.30741,,,,583006266.29485,2.73167,,,,
EST,1996,12.038,0.3772,,,,639770386.76391,2.43127,,,,
EST,1997,13.88175,0.40947,,,,760039371.06355,2.34405,,,,
EST,1998,14.07467,0.43539,,,,812906422.57511,2.30878,,,,
EST,1999,14.67758,0.46233,,,,855813709.23056,2.72835,,,,
EST,2000,16.96864,0.46876,,,,922839655.58726,2.76366,,,,
EST,2001,17.47807,0.48792,,,,822453577.64831,2.18546,,,,
EST,2002,16.61179,0.48624,,,,1003157301.27033,2.25247,,,,
EST,2003,13.85641,0.48581,,,,1376698670.15844,2.26952,,,,
EST,2004,12.59556,0.4937,,,,1791730276.65347,2.27214,,,40.29808,
EST,2005,12.58379,0.50333,,,,1947311946.75442,2.08026,,,56.57391,
EST,2006,12.46548,0.5209,,,,2786325227.45501,2.30062,,,76.22457,
EST,2007,11.43385,0.55108,,,,3269362367.43125,2.04108,,,83.74761,
EST,2008,10.69444,0.54505,,,,3971834388.52858,2.35516,,,89.66887,
EST,2009,11.25743,0.51687,,,,3980641012.81398,3.77322,,,101.38303,
EST,2010,11.80685,0.51224,,,,2567138087.1289,1.97939,,,92.80435,
EST,2011,0.71841,0.5116,,,,207115695.54851,0.11625,,,77.72734,
EST,2012,0.77834,0.52106,,,,300659803.18327,0.16637,,,72.23596,
EST,2013,0.75295,0.52242,,,,314406126.74995,0.16525,,,68.56881,
EST,2014,0.75273,0.52689,,,,436832954.50453,0.22608,,,66.22448,
EST,2015,0.9013,0.53758,,,,414798362.43898,0.26865,,,67.72204,
EST,2016,0.90342,0.52785,,,,352140743.41463,0.21561,,,68.4124,
EST,2017,0.88521,0.53491,,,,345036507.94126,0.19195,,,62.85954,
EST,2018,0.84677,0.53876,,,,755005588.30424,0.37165,,,60.76372,
EST,2019,0.89328,0.52869,,,,1426439025.48627,0.70588,,,58.23955,
EST,2020,0.87551,0.5152,,,,1996892748.8784,0.9848,,,62.4675,
EST,2021,0.84549,0.5341,,,,2371477144.82894,0.86326,,,59.29423,
EST,2022,0.94962,0.56033,,,,2216592399.41163,0.72609,,,57.22719,
EST,2023,0.92484,0.57299,,,,2593038273.75935,0.86704,,,57.6611,
EST,2024,0.92389,0.57617,,,,2074505152.71103,0.67762,,,60.53542,
EST,2025,,0.58246,,,,,,,,,
ETH,1960,2.48447,,,,,55049600.0,,6.37048,,0.54483,
ETH,1961,2.48447,,,,,57280450.0,,6.27388,2.78541,0.46695,
ETH,1962,2.48447,,,,,65001370.0,,6.71154,11.22137,0.45373,
ETH,1963,2.48447,,,,,66080520.0,,6.7662,5.28483,2.80749,
ETH,1964,2.5,,,,,61174240.0,,7.75837,25.43677,3.1752,
ETH,1965,2.5,,,,,77165920.0,,8.07686,13.33281,3.15371,
ETH,1966,2.5,,,,,78676090.0,,7.97327,6.23409,3.56503,
ETH,1967,2.5,,,,,64681200.0,,7.6667,1.83451,3.56801,
ETH,1968,2.5,,,,,67958900.0,,8.01161,11.21355,3.96283,
ETH,1969,2.5,,,,,71858800.0,,8.73735,15.26251,4.30685,
ETH,1970,2.5,,,,,71745620.0,,8.4027,5.76847,5.08158,
ETH,1971,2.49348,,,,,69634045.4187,,8.10076,1.80545,5.20925,
ETH,1972,2.3,,,,,99364692.59259,,9.33604,16.06375,5.4854,
ETH,1973,2.09875,,,,,194875525.47889,,11.49269,29.88623,5.53149,
ETH,1974,2.07,,,,,314837566.12512,,11.9751,15.56411,5.75715,
ETH,1975,2.07,,,,,315252641.74684,,13.12915,9.63318,4.90095,
ETH,1976,2.07,,,,,331791559.23068,,13.70846,12.77896,4.56053,
ETH,1977,2.07,,,,,260491690.48748,5.4311,14.11929,17.74778,4.85635,
ETH,1978,2.07,,,,,217562055.91603,4.35019,14.95024,12.68812,5.87512,
ETH,1979,2.07,,,,,319158932.85628,5.38947,15.46154,13.23914,3.0175,
ETH,1980,2.07,,,,,262284691.65017,3.6119,15.13146,4.20326,1.98952,
ETH,1981,2.07,,,,,370055128.39829,5.22639,15.68967,11.00938,2.37413,
ETH,1982,2.07,,,,,277333074.93027,3.63706,16.44587,10.2973,2.36336,
ETH,1983,2.07,,,,,205607305.16858,2.48518,16.93345,14.45607,2.12652,
ETH,1984,2.07,,,,,108775328.7093,1.19917,19.66473,9.7376,2.10199,
ETH,1985,2.07,,8.5,4.0,-17.67066,216340715.28998,2.25519,19.6692,17.12745,1.85707,
ETH,1986,2.07,,7.25,,13.22028,332198100.0,3.15026,21.09158,11.39099,1.79543,
ETH,1987,2.07,,6.0,,12.90949,223865106.67054,2.06798,20.84297,5.63177,2.30989,
ETH,1988,2.07,,6.0,,2.80732,149969163.91584,1.32434,22.34158,11.07545,1.66568,
ETH,1989,2.07,,6.0,,0.3933,123044566.56241,1.20408,24.54369,15.57299,1.59906,
ETH,1990,2.07,1.30103,6.0,,2.64219,55191078.30305,0.49108,27.7334,19.87413,1.58214,
ETH,1991,2.07,1.49865,6.0,,-10.98742,106436547.40877,1.49931,29.0731,15.92659,1.43848,
ETH,1992,2.8025,1.69284,8.0,2.875,-6.51959,270054785.99076,2.21187,31.74734,15.21812,2.07158,
ETH,1993,5.0,1.87485,14.0,11.5,0.54961,499938564.08264,5.53744,26.92237,8.7821,3.49088,
ETH,1994,5.465,1.88946,14.33333,11.5,11.07756,587541810.72455,5.37948,31.22133,23.17489,4.84115,
ETH,1995,6.15833,2.08581,15.08333,11.45833,2.10899,815019143.28674,6.38074,28.45909,9.03001,7.54482,
ETH,1996,6.35168,2.05321,13.91667,9.41667,13.6449,843310624.08073,7.08793,27.53739,9.0452,11.64926,
ETH,1997,6.70934,2.02257,10.5,7.0,10.27212,588431597.61681,4.83181,31.92805,19.82505,13.9962,
ETH,1998,7.11591,1.99709,10.5,6.0,10.66616,598411583.42391,3.82049,32.75929,-1.09342,15.76436,
ETH,1999,7.94225,2.01299,10.58167,6.0,8.17719,546583393.60796,3.44502,34.65042,13.70536,18.91973,
ETH,2000,8.21726,2.10226,10.89167,6.0,3.83115,362554236.55722,2.6005,34.58548,13.07387,17.62386,
ETH,2001,8.45749,1.93764,10.86517,6.0,17.63548,489895094.88334,2.67748,37.16327,9.67575,17.77855,
ETH,2002,8.56775,1.83889,8.661,3.7938,12.74395,965896480.11923,5.59777,44.0368,15.93413,17.97812,
ETH,2003,8.59968,2.03353,7.0,3.35001,-5.11491,955608348.1063,4.33257,44.87788,12.43792,17.50062,
ETH,2004,8.63558,2.05773,7.0,3.38078,2.97238,1496784362.17874,4.74277,45.35308,19.26447,16.52919,
ETH,2005,8.66644,2.19221,7.0,3.46349,-2.61706,1042595212.18723,2.53122,43.77702,18.5919,18.86579,
ETH,2006,8.69862,2.3723,7.0,3.56109,-4.08091,867438393.59188,1.95885,42.4864,19.99366,20.44933,
ETH,2007,8.96595,2.70748,7.5,4.11156,-8.29255,1289865496.28638,2.22985,39.74275,22.2126,18.52508,
ETH,2008,9.59974,3.46147,8.0,4.67519,-17.12178,870502510.19458,1.08431,33.96712,23.38969,17.71015,
ETH,2009,11.7776,4.27094,,,,1780874214.24058,2.35199,,,,
ETH,2010,14.40959,4.28062,,,,2241164555.88825,2.69324,,,,
ETH,2011,16.89923,5.0355,,,,2837310958.49349,2.87144,,,,
ETH,2012,17.70476,6.61677,,,,2301655547.62419,1.94022,,,,
ETH,2013,18.62663,7.02923,,,,2363513607.3673,1.97097,,,,
ETH,2014,19.58579,7.06647,,,,3525244981.05226,2.3003,,,,
ETH,2015,20.57685,7.65419,,,,3835287576.46953,2.28153,,,,
ETH,2016,21.73155,7.91032,,,,3030943950.63995,1.78101,,,,
ETH,2017,23.8661,8.33639,,,,3045571314.7978,1.84485,,,,
ETH,2018,27.42939,9.31989,,,,3987464165.90058,2.35374,,,,
ETH,2019,29.06975,10.3676,,,,2992704274.8405,1.80528,,,,
ETH,2020,34.92717,11.79117,,,,3046114358.80765,2.04858,,,,
ETH,2021,43.73378,13.73111,,,,1644005887.02272,0.92146,,,,
ETH,2022,51.75622,17.26063,,,,1191712941.06265,0.57859,,,,
ETH,2023,54.60095,22.14478,,,,2028214254.61106,1.04253,,,,
ETH,2024,82.60134,27.14392,,,,3784387425.1912,1.78062,,,,
FIN,1960,3.2,,,,,327964400.0,,,,,
FIN,1961,3.2,,,,,342971000.0,,,,,
FIN,1962,3.2,,,,,304091800.0,,,,,
FIN,1963,3.2,,,,,337893480.0,,,,,
FIN,1964,3.2,,,,,384130412.33302,,,,,
FIN,1965,3.2,,,,,289463318.59759,,,,,
FIN,1966,3.2,,,,,188909152.82846,,,,,
FIN,1967,3.44999,,,,,184204841.89882,,,,,
FIN,1968,4.19997,,,,,346987405.27593,,,,,
FIN,1969,4.19997,,,,,327209700.19451,,,,,
FIN,1970,4.19997,,,,,455408582.9569,,,,,
FIN,1971,4.18442,,,,,684060182.96221,,,,,
FIN,1972,4.14633,,,,,758280979.24272,,,,,
FIN,1973,3.82117,,,,,666703467.735,,,,,
FIN,1974,3.77375,,,,,749415388.60278,,,,,
FIN,1975,3.67867,,,,,548653232.83484,0.74402,,,,
FIN,1976,3.86442,,,,,573064058.53559,0.78569,,,,
FIN,1977,4.02942,,,,,680322458.40776,0.88098,,,,
FIN,1978,4.11733,,,,,1436537558.58222,1.74765,,,,
FIN,1979,3.89533,,,,,2044853097.81794,1.78126,,,,
FIN,1980,3.73008,,,,,2451468443.10174,1.57985,,,,
FIN,1981,4.31525,,,,,1988162432.13069,1.35354,,,,
FIN,1982,4.82042,,,,,2097669136.11325,1.48685,,,,5.22772
FIN,1983,5.57008,,,,,1722253272.63098,1.2749,,,,8.11228
FIN,1984,6.01,,,,,3145826967.05818,2.32359,,,,78.81677
FIN,1985,6.1979,,,,,4375152168.9321,3.01476,,,,10.48193
FIN,1986,5.06952,,,,,2534550392.22358,1.51648,,,,15.90488
FIN,1987,4.39557,,,,,7363946495.54308,3.48855,,,,21.82614
FIN,1988,4.18283,,,,,7171276634.67334,2.83769,,,,28.01674
FIN,1989,4.29122,,,,,5913980642.20435,2.05282,,,,25.87533
FIN,1990,3.8235,1.00516,,,,10414929121.4891,3.09654,,,,16.06357
FIN,1991,4.04398,0.98703,,,,8316763636.31688,2.83431,,,,11.11112
FIN,1992,4.47944,0.97366,,,,5880752713.93197,2.0649,,,,10.62203
FIN,1993,5.71229,0.9679,,,,6192945394.77967,2.50843,,,,26.39889
FIN,1994,5.22351,0.96515,,,,11429608314.5552,3.90041,,,,37.05127
FIN,1995,4.36667,0.98505,,,,10657228465.0454,2.89194,,,,21.57119
FIN,1996,4.59355,0.99164,,,,7507184580.02272,2.04992,,,,31.48357
FIN,1997,5.19144,0.98912,,,,8881026947.69044,2.43777,,,,39.92782
FIN,1998,5.34407,0.99147,,,,10270793472.7741,2.79966,,,,72.18274
FIN,1999,0.93828,0.99204,,,,8677453197.40313,2.34593,,,,30.17296
FIN,2000,1.08271,0.98379,,,,8409731733.14766,2.06814,,,,26.31315
FIN,2001,1.11653,1.00275,,,,8419388662.79124,2.13233,,,52.65457,15.74396
FIN,2002,1.05756,0.99813,,,,9825470847.61376,2.34296,,,55.43638,10.88441
FIN,2003,0.88405,1.00207,,,,11172946882.4705,2.12895,,,60.28448,10.93352
FIN,2004,0.80392,0.97331,,,,12913570496.8032,2.07146,,,63.73275,10.3031
FIN,2005,0.8038,0.97942,,,,11331633301.0062,1.5567,,,69.25473,
FIN,2006,0.79643,0.95307,,,,7498639358.46346,0.87373,,,73.4139,
FIN,2007,0.72967,0.93464,,,,8380474053.47306,0.80073,,,76.28288,
FIN,2008,0.67992,0.91212,,,,8353577867.12109,0.69235,,,80.10533,
FIN,2009,0.71696,0.89606,,,,11428834791.927,1.36571,,,86.30864,
FIN,2010,0.75431,0.90073,,,,9547427724.74527,1.04808,,,88.13321,
FIN,2011,0.71841,0.89807,,,,10276057418.071,0.94328,,,89.53378,
FIN,2012,0.77834,0.9085,,,,11082344912.0094,1.07454,,,92.07548,
FIN,2013,0.75295,0.90536,,,,11272356806.1603,1.08889,,,93.31341,
FIN,2014,0.75273,0.90721,,,,10679250780.1177,1.03512,,,93.3662,
FIN,2015,0.9013,0.90775,,,,10016275637.3124,1.20429,,,94.98506,
FIN,2016,0.90342,0.88089,,,,10465361380.0017,1.20858,,,94.78437,
FIN,2017,0.88521,0.86366,,,,10506846391.9314,1.10261,,,94.03176,
FIN,2018,0.84677,0.85375,,,,10309164187.4717,0.9579,,,94.88152,
FIN,2019,0.89328,0.82633,,,,11426621292.5879,1.05137,,,95.91939,
FIN,2020,0.87551,0.80211,,,,13479975777.3892,1.40224,,,101.73825,
FIN,2021,0.84549,0.79054,,,,16744106303.3566,1.43572,,,100.14029,
FIN,2022,0.94962,0.77092,,,,16036363939.0545,1.20825,,,96.19779,
FIN,2023,0.92484,0.77034,,,,16928837296.6914,1.29296,,,93.26658,
FIN,2024,0.92389,0.75394,,,,17992892153.4528,1.37183,,,92.03444,
FIN,2025,,0.74694,,,,,,,,,
FJI,1960,0.79286,,,,,,,,,,
FJI,1961,0.79286,,,,,,,29.44349,,,
FJI,1962,0.79286,,,,,,,28.27357,0.88473,,
FJI,1963,0.79286,,,,,,,33.90953,26.32361,,
FJI,1964,0.79286,,,,,,,37.38399,19.25471,,
FJI,1965,0.79286,,,,,21820000.0,,32.64555,-8.2774,,
FJI,1966,0.79286,,,,,18040000.0,,33.94486,6.56176,,
FJI,1967,0.80585,,,,,18370000.0,,32.76682,5.4809,,
FJI,1968,0.87083,,,,,18490000.0,,32.32716,9.97223,,
FJI,1969,0.87083,,,,,26810000.0,,34.66792,17.17056,,
FJI,1970,0.87083,,,,,27350000.0,,34.02555,18.17079,,
FJI,1971,0.85882,,,,,39617149.99457,,36.64606,18.98837,,
FJI,1972,0.82518,,,,,69415439.99131,,36.34405,22.29663,,
FJI,1973,0.79422,,,,,73949350.99154,,31.83298,13.39834,,
FJI,1974,0.8056,,,,,109147359.32425,,33.19867,38.72468,,
FJI,1975,0.82188,,,,,148591616.45169,,33.79018,27.20457,,
FJI,1976,0.89772,,,,,116321188.32745,,30.95944,1.57654,,
FJI,1977,0.91744,,,,,148054220.95415,,34.6943,18.64199,,
FJI,1978,0.84677,,,,,136595841.3166,,35.00712,7.33701,,
FJI,1979,0.83574,,,,,142167965.98663,3.11989,34.83056,20.74933,,
FJI,1980,0.81796,,,,,174050521.41069,3.18109,33.87608,12.26746,,
FJI,1981,0.85463,,,,,139492121.97837,2.21869,33.22812,5.2965,,
FJI,1982,0.93245,,,,,131991929.98881,2.42057,34.01204,7.92302,,
FJI,1983,1.01702,,,,,120053584.73114,2.39782,37.58606,13.36661,,
FJI,1984,1.0826,,,,,120842689.1251,2.55233,37.43441,11.20245,,
FJI,1985,1.15355,,,,,134466185.06151,2.88987,36.94903,1.88437,,
FJI,1986,1.13287,,,,,175390088.91992,3.58976,39.05603,17.36956,,
FJI,1987,1.24386,,,,,132556887.17275,2.9037,40.61596,4.24308,,
FJI,1988,1.43026,,,,,233691918.42661,4.4236,45.1399,20.42261,,
FJI,1989,1.48333,,,,,211914762.99314,3.21466,44.41289,8.71915,,
FJI,1990,1.48091,0.64758,,,,261102710.84492,3.21599,49.4603,25.69392,,
FJI,1991,1.47556,0.66393,,,,271708384.44149,3.57939,54.93448,14.54569,,
FJI,1992,1.50299,0.69008,12.45,7.75667,5.77887,317136684.56282,4.12657,55.80223,14.57306,,
FJI,1993,1.54177,0.72289,11.88917,7.6325,4.33787,269769155.66198,3.07049,54.17891,6.33549,,
FJI,1994,1.46412,0.71364,11.44167,7.145,10.52647,273445494.74791,2.75429,52.42561,2.54093,,
FJI,1995,1.40633,0.70688,11.2375,6.7725,9.99411,349341745.37584,3.34117,52.84666,4.49119,,
FJI,1996,1.4033,0.71409,11.13833,6.20667,8.03929,427533360.86461,3.81612,49.44242,0.86156,,
FJI,1997,1.44368,0.72508,11.02667,5.5625,7.49018,360519079.23644,3.26827,44.67106,-8.73087,,
FJI,1998,1.98682,0.77042,9.63667,4.53417,2.037,385903314.13152,4.29916,40.82107,-0.53606,,
FJI,1999,1.96962,0.81081,8.76583,3.3575,1.90572,428919685.91459,4.57149,39.9484,13.64173,,
FJI,2000,2.12862,0.75543,8.3975,3.115,13.76717,412013921.19628,4.35702,41.99309,-1.54581,,
FJI,2001,2.2766,0.76277,8.34458,2.685,4.93889,366383704.08845,3.8373,44.46572,11.51117,35.43373,
FJI,2002,2.18678,0.77563,8.0525,2.29,4.63466,358935030.76519,3.75965,50.51433,21.06768,55.29912,
FJI,2003,1.89577,0.8192,7.6025,1.91091,-0.09311,423606706.25819,3.27049,53.99883,16.28349,54.74256,
FJI,2004,1.7331,0.81525,7.16925,1.72212,4.86843,483077920.01393,3.03979,54.92815,9.46227,61.11347,
FJI,2005,1.69105,0.843,6.77996,1.82674,0.12638,321301681.97788,1.89135,58.90539,15.16771,69.19158,
FJI,2006,1.73126,0.84842,7.34996,5.55728,3.47308,313300288.99236,1.6576,68.15859,22.2677,79.06669,
FJI,2007,1.61041,0.85102,9.00559,7.04473,5.80554,528272571.07592,2.81163,72.25578,8.28846,78.74968,
FJI,2008,1.59403,0.85296,7.99727,2.75365,5.7158,322181205.00723,1.39875,65.479,-6.46703,85.91135,
FJI,2009,1.9581,0.85952,7.85342,4.91285,6.37408,570005077.94611,3.83542,70.12636,7.08182,89.60557,
FJI,2010,1.91851,0.88511,7.48965,5.41483,3.12757,720523356.76586,3.95517,67.64108,3.50639,83.46155,
FJI,2011,1.79088,0.94867,7.46606,3.74687,-1.76,833453464.16978,3.7284,66.85663,11.04757,75.38807,
FJI,2012,1.78989,0.92981,7.00306,1.6977,3.30823,918737740.19841,3.97831,67.65288,6.2893,76.80126,
FJI,2013,1.84148,0.93486,6.10473,1.112,2.39664,941999998.25196,3.67343,74.17275,18.98596,74.88875,
FJI,2014,1.88735,0.93263,5.76111,1.169,-5.99464,916228000.74563,3.51759,68.91973,10.39539,72.59698,
FJI,2015,2.09763,0.91128,5.7893,2.45803,3.17797,918959350.36862,3.9421,73.28703,13.93564,78.76593,
FJI,2016,2.0947,0.9375,5.85132,2.77196,3.13543,908823039.76034,3.837,73.42746,5.34484,84.42514,
FJI,2017,2.06688,0.93945,5.74051,3.25054,3.97455,1116363704.4475,4.14305,74.06764,8.07688,86.20668,
FJI,2018,2.08738,0.96043,5.67733,3.44488,4.19184,947653331.85767,3.22978,72.07519,2.46002,92.79632,
FJI,2019,2.16039,0.9725,6.02746,4.67764,6.35485,1043304264.01736,3.36611,75.03237,3.17849,104.11388,
FJI,2020,2.1688,0.93514,6.1849,2.89485,10.7454,1081812964.94674,5.60987,95.4236,0.98594,130.05082,
FJI,2021,2.07063,0.91005,5.94242,2.57705,7.89992,1517816546.24939,7.24299,113.20651,11.42117,139.16396,
FJI,2022,2.20141,0.91807,5.43189,1.54612,-2.44477,1556777405.71405,4.97522,93.4824,5.08067,118.38185,
FJI,2023,2.25013,0.91058,4.9707,1.20373,2.15829,1548302837.62548,4.46222,90.40776,8.75674,113.60055,
FJI,2024,2.2683,0.94338,4.56427,1.71062,-1.45419,1599606710.18293,4.44061,,,115.34633,
FRA,1960,4.93706,,,,,2300194000.0,,,,,
FRA,1961,4.93706,,,,,3374550000.0,,,,,
FRA,1962,4.93706,,,,,4053563700.0,,,,,
FRA,1963,4.93706,,,,,4914646800.0,,,,,
FRA,1964,4.93706,,,,,5736854800.0,,,,,
FRA,1965,4.93706,,,,,6359615200.0,,,,,
FRA,1966,4.93706,,,3.0,,6761305400.0,,,,,
FRA,1967,4.93706,,,3.0,,7023698000.0,,,,,
FRA,1968,4.93706,,,3.0,,4965133000.0,,,,,
FRA,1969,5.1942,,,3.79167,,3853168000.0,,,,,
FRA,1970,5.55419,,,4.125,,5199446700.0,,,,,
FRA,1971,5.5406,,,4.25,,8819835375.32277,,,,,
FRA,1972,5.04454,,,4.25,,12723426514.49937,,,,,
FRA,1973,4.45278,,,4.25,,15594821968.35475,,,,,
FRA,1974,4.80962,,,6.25,,23350057845.12461,,,,,
FRA,1975,4.2878,,,7.5,,22613021741.15938,3.98931,,,,9.87897
FRA,1976,4.80288,,,6.5,,19232853329.86107,2.91342,,,,7.43825
FRA,1977,4.90517,,,6.5,,22642593460.40767,3.0789,,,,6.87216
FRA,1978,4.5131,,,6.5,,32328216861.77481,3.73338,,,,9.04528
FRA,1979,4.25442,,,6.5,,59520673560.72197,5.24898,,,,9.08458
FRA,1980,4.22557,,,7.25,,75592384526.10051,5.25625,,,,7.86376
FRA,1981,5.43461,,,7.75,,54798129412.41449,3.87553,,,,6.25877
FRA,1982,6.5721,,,8.5,,53929067047.02644,4.01144,,,,5.12771
FRA,1983,7.62129,,,8.08333,,51077749562.13828,4.17587,,,,6.89243
FRA,1984,8.7391,,,7.08333,,46174644006.70215,3.80079,,,,7.82012
FRA,1985,8.98522,,,6.25,,53354349369.51388,4.2203,,,,14.45413
FRA,1986,6.92609,,,5.0,,63449998026.3323,4.21083,,,,20.07216
FRA,1987,6.01071,,,4.5,,72674290442.934,3.96334,,,,16.79531
FRA,1988,5.95694,,,4.5,,58944488670.54166,2.85664,,,,22.0505
FRA,1989,6.38014,,,4.5,,57433917021.77359,2.54989,,,,33.25882
FRA,1990,5.44527,1.02542,,4.5,,68290938861.64693,2.39047,,,,24.78332
FRA,1991,5.64212,1.01623,,4.5,,60227056601.88197,2.01834,,,,28.4515
FRA,1992,5.29382,1.01366,,4.5,,54305667500.9537,1.65428,,,,23.55679
FRA,1993,5.66323,1.00561,,4.5,,54624424138.98853,1.77534,,,,34.69233
FRA,1994,5.55204,0.99397,,4.5,,57627249047.85573,2.09839,,,,32.65358
FRA,1995,4.99148,0.98476,,4.5,,58509689574.96468,1.81008,,,,31.34011
FRA,1996,5.11552,0.98118,,3.66667,,57020073080.4882,1.77984,,,,36.64521
FRA,1997,5.83669,0.96917,,3.5,,54693127781.61582,1.7578,,,,46.53018
FRA,1998,5.89952,0.96152,,3.20833,,73773200168.11859,2.19228,,,,10.09754
FRA,1999,0.93828,0.95272,,2.6875,,67926850858.00916,1.94486,,,,101.07847
FRA,2000,1.08271,0.93005,,2.625,,63728079967.50874,1.74747,,,,106.2952
FRA,2001,1.11653,0.91178,,3.0,,58637344263.96101,1.61506,,,77.38839,85.71826
FRA,2002,1.05756,0.90068,,3.0,,61696755317.43235,1.62262,,,76.52844,64.79477
FRA,2003,0.88405,0.92996,,2.6875,,70762382918.74188,1.55732,,,75.96124,73.88852
FRA,2004,0.80392,0.93522,,2.25,,77353273268.95036,1.42673,,,76.97442,73.89873
FRA,2005,0.8038,0.91646,,2.14583,,74359915676.47609,1.22407,,,80.32433,80.21879
FRA,2006,0.79643,0.89488,,2.4375,,98239163382.50856,1.41916,,,84.35728,104.76259
FRA,2007,0.72967,0.8886,,2.85417,,115487080914.3774,1.41269,,,88.97431,103.18261
FRA,2008,0.67992,0.88187,,3.66667,,103306201680.1334,1.1369,,,92.63574,50.30769
FRA,2009,0.71696,0.86254,,1.91667,,131785833333.22708,1.86201,,,95.09664,72.07891
FRA,2010,0.75431,0.85488,,1.45833,,165852088071.1885,2.20263,,,95.84715,72.23542
FRA,2011,0.71841,0.84136,,2.08333,,168490291143.5893,1.94577,,,96.64919,54.13713
FRA,2012,0.77834,0.8443,,2.25,,184521825603.7496,2.2447,,,96.57855,67.39411
FRA,2013,0.75295,0.81164,,1.59667,,145161108178.6618,1.70355,,,95.87696,81.71242
FRA,2014,0.75273,0.80756,,1.14583,,143977104333.4338,1.6489,,,93.91591,72.90191
FRA,2015,0.9013,0.80869,,0.89583,,138198984338.294,1.82304,,,94.94542,85.49975
FRA,2016,0.90342,0.78004,,0.7575,,145866068770.1827,1.92814,,,97.49047,87.39637
FRA,2017,0.88521,0.77011,,0.79167,,156322431109.2472,1.90966,,,101.61783,106.19754
FRA,2018,0.84677,0.75617,,,,166483400196.7897,1.83376,,,104.62405,85.05789
FRA,2019,0.89328,0.70595,,,,189006435295.4885,2.15547,,,106.91303,
FRA,2020,0.87551,0.69305,,,,224236417867.71127,2.93207,,,125.39744,
FRA,2021,0.84549,0.70395,,,,244280333397.8952,2.65319,,,120.72191,
FRA,2022,0.94962,0.68273,,,,242415618842.02216,2.27471,,,119.29037,
FRA,2023,0.92484,0.67852,,,,240792007784.2542,2.05934,,,112.56735,
FRA,2024,0.92389,0.68124,,,,282857363313.8249,2.38968,,,107.58266,
FRA,2025,,0.67263,,,,,,,,,
FRO,1960,6.90714,,,,,,,,,,
FRO,1961,6.90714,,,,,,,,,,
FRO,1962,6.90714,,,,,,,,,,
FRO,1963,6.90714,,,,,,,,,,
FRO,1964,6.90714,,,,,,,,,,
FRO,1965,6.90714,,,,,,,,,,
FRO,1966,6.90714,,,,,,,,,,
FRO,1967,6.95655,,,,,,,,,,
FRO,1968,7.5,,,,,,,,,,
FRO,1969,7.5,,,,,,,,,,
FRO,1970,7.5,,,,,,,,,,
FRO,1971,7.42634,,,,,,,,,,
FRO,1972,6.94929,,,,,,,,,,
FRO,1973,6.0495,,,,,,,,,,
FRO,1974,6.0949,,,,,,,,,,
FRO,1975,5.74615,,,,,,,,,,
FRO,1976,6.04502,,,,,,,,,,
FRO,1977,6.00319,,,,,,,,,,
FRO,1978,5.51462,,,,,,,,,,
FRO,1979,5.26096,,,,,,,,,,
FRO,1980,5.63594,,,,,,,,,,
FRO,1981,7.12337,,,,,,,,,,
FRO,1982,8.33244,,,,,,,,,,
FRO,1983,9.14499,,,,,,,,,,
FRO,1984,10.35659,,,,,,,,,,
FRO,1985,10.59639,,,,,,,,,,
FRO,1986,8.09099,,,,,,,,,,
FRO,1987,6.84032,,,,,,,,,,
FRO,1988,6.73153,,,,,,,,,,
FRO,1989,7.31018,,,,,,,,,,
FRO,1990,6.18856,,,,,,,,,,
FRO,1991,6.39646,,,,,,,,,,
FRO,1992,6.03613,,,,,,,,,,
FRO,1993,6.48394,,,,,,,,,,
FRO,1994,6.36055,,,,,,,,,,
FRO,1995,5.60237,,,,,,,,,,
FRO,1996,5.79867,,,,,,,,,,
FRO,1997,6.60446,,,,,,,,,,
FRO,1998,6.70083,,,,,,,,,,
FRO,1999,6.97624,,,,,,,,,,
FRO,2000,8.08314,,,,,,,,,,
FRO,2001,8.32282,,,,,,,,,,
FRO,2002,7.89471,,,,,,,,,,
FRO,2003,6.58767,,,,,,,,,,
FRO,2004,5.99106,,,,,,,,,,
FRO,2005,5.99691,,,,,,,,,,
FRO,2006,5.94678,,,,,,,,,,
FRO,2007,5.4437,,,,,,,,,,
FRO,2008,5.09813,6.35257,,,,,,,,,
FRO,2009,5.36087,6.4143,,,,,,,,,
FRO,2010,5.62408,6.77763,,,,,,,,,
FRO,2011,5.36871,6.57741,,,,,,,,,
FRO,2012,5.79248,6.30219,,,,,,,,,
FRO,2013,5.61631,6.29068,,,,,,,,,
FRO,2014,5.61247,6.34819,,,,,,,,,
FRO,2015,6.72791,6.59667,,,,,,,,,
FRO,2016,6.73172,7.04861,,,,,,,,,
FRO,2017,6.60289,6.95063,,,,,,,,,
FRO,2018,6.31462,6.69964,,,,,,,,,
FRO,2019,6.66945,6.76,,,,,,,,,
FRO,2020,6.54215,6.60501,,,,,,,,,
FRO,2021,6.28711,6.37793,,,,,,,,,
FRO,2022,7.07615,6.30452,,,,,,,,,
FRO,2023,6.8897,6.2647,,,,,,,,,
FRO,2024,6.89448,6.23885,,,,,,,,,
FSM,1960,1.0,,,,,,,,,,
FSM,1961,1.0,,,,,,,,,,
FSM,1962,1.0,,,,,,,,,,
FSM,1963,1.0,,,,,,,,,,
FSM,1964,1.0,,,,,,,,,,
FSM,1965,1.0,,,,,,,,,,
FSM,1966,1.0,,,,,,,,,,
FSM,1967,1.0,,,,,,,,,,
FSM,1968,1.0,,,,,,,,,,
FSM,1969,1.0,,,,,,,,,,
FSM,1970,1.0,,,,,,,,,,
FSM,1971,1.0,,,,,,,,,,
FSM,1972,1.0,,,,,,,,,,
FSM,1973,1.0,,,,,,,,,,
FSM,1974,1.0,,,,,,,,,,
FSM,1975,1.0,,,,,,,,,,
FSM,1976,1.0,,,,,,,,,,
FSM,1977,1.0,,,,,,,,,,
FSM,1978,1.0,,,,,,,,,,
FSM,1979,1.0,,,,,,,,,,
FSM,1980,1.0,,,,,,,,,,
FSM,1981,1.0,,,,,,,,,,
FSM,1982,1.0,,,,,,,,,,
FSM,1983,1.0,,,,,,,,,,
FSM,1984,1.0,,,,,,,,,,
FSM,1985,1.0,,,,,,,,,,
FSM,1986,1.0,,,,,,,,,,
FSM,1987,1.0,,,,,,,,,,
FSM,1988,1.0,,,,,,,,,,
FSM,1989,1.0,,,,,,,,,,
FSM,1990,1.0,0.87086,,,,,,,,,
FSM,1991,1.0,0.88534,,,,,,,,,
FSM,1992,1.0,0.89185,,,,,,,,,
FSM,1993,1.0,0.89744,,,,,,,,,
FSM,1994,1.0,0.90166,,,,,,,,,
FSM,1995,1.0,0.89628,15.0,5.33,13.3133,69499661.37874,,49.03105,,29.81494,
FSM,1996,1.0,0.89656,15.0,4.57583,12.89722,89600207.56019,,46.91613,-5.78574,27.77285,
FSM,1997,1.0,0.88701,15.0,4.21,14.26802,85801084.25802,,51.59612,3.80531,28.43924,
FSM,1998,1.0,0.90355,15.0,3.97833,11.64058,101601919.39765,,49.0563,0.71685,30.30566,
FSM,1999,1.0,0.88376,15.165,3.72,16.10128,92668897.75333,,50.56058,3.38929,32.57337,
FSM,2000,1.0,0.87321,15.33,4.58583,14.13788,113047175.64761,,47.36891,-0.95614,31.1802,
FSM,2001,1.0,0.86344,15.33,3.17333,14.06564,98330197.78413,,48.75888,5.96964,29.57303,
FSM,2002,1.0,0.85101,15.275,1.47083,15.16883,117391173.138,,42.69352,-11.97033,21.27375,
FSM,2003,1.0,0.83145,15.0,1.02167,15.42657,89607067.37686,,40.5325,-3.74521,16.62089,
FSM,2004,1.0,0.81758,15.375,1.01792,14.26039,54838730.41037,,41.44043,-0.05632,18.33079,
FSM,2005,1.0,0.8089,16.375,1.62333,14.04836,49953309.03582,,40.33345,1.61257,20.11589,
FSM,2006,1.0,0.79483,15.615,2.035,14.14168,46622757.93572,,36.52495,-8.45617,21.08828,
FSM,2007,1.0,0.79829,14.02958,2.535,10.53985,48479465.97726,,37.67332,4.56633,21.39508,
FSM,2008,1.0,0.82347,14.37833,2.46667,8.78441,39986224.52202,,37.96769,3.22621,20.25377,
FSM,2009,1.0,0.86138,15.38,1.28583,9.62708,55718614.21958,2.67282,41.49284,16.28301,21.51939,
FSM,2010,1.0,0.88233,15.13,0.91083,11.04618,55763850.9,2.6479,39.18574,-0.06406,21.03538,
FSM,2011,1.0,0.87929,14.35,0.58917,12.42544,75062413.20912,3.37893,38.58645,3.94595,19.78459,
FSM,2012,1.0,0.924,14.32,0.41583,6.79993,76796329.989,3.3007,41.75685,13.87361,19.5993,
FSM,2013,1.0,0.91391,15.7,0.38,15.01965,84343095.80027,3.71411,46.60198,8.13608,19.92848,
FSM,2014,1.0,0.92561,15.7,0.38,12.28269,114124949.54681,5.28234,61.90755,33.3466,21.52334,
FSM,2015,1.0,0.86748,15.7,0.38,22.31741,135114898.29569,,57.47496,-8.28918,23.29491,
FSM,2016,1.0,0.89198,15.7,0.38,11.4633,156984836.35718,,66.94246,22.03923,23.13754,
FSM,2017,1.0,0.94735,16.1,0.47,7.39127,203718873.50412,,67.11114,10.73988,23.24875,
FSM,2018,1.0,1.01126,15.7,0.44,5.95995,203528219.21657,,62.89388,2.33056,20.3227,
FSM,2019,1.0,0.9607,14.7,0.31,18.77563,397158244.63429,,63.20787,1.01199,22.86726,
FSM,2020,1.0,0.91261,14.47,0.07,18.92288,451912609.03912,,77.22095,15.62807,24.16984,
FSM,2021,1.0,0.88896,12.62,0.04,10.56652,497434120.41825,,84.87344,15.42129,23.42736,
FSM,2022,1.0,0.90779,,,,,,,,,
FSM,2023,1.0,0.92581,,,,,,,,,
FSM,2024,1.0,0.9584,,,,,,,,,
GAB,1960,245.1951,,,,,9500000.0,,15.56757,,8.21622,
GAB,1961,245.2601,,,,,10700000.0,,15.17698,15.55556,10.72604,
GAB,1962,245.01385,,,,,11250000.0,,16.45542,18.10897,12.57042,
GAB,1963,245.01635,,,,,7660000.0,,21.26806,9.22659,20.2641,
GAB,1964,245.02718,,,,,9293000.0,,16.33003,7.20497,15.9705,
GAB,1965,245.06093,,,,,17633000.0,,16.57658,6.60487,13.94595,
GAB,1966,245.67844,,,,,11563000.0,,14.93378,-1.95652,14.4702,
GAB,1967,246.00094,,,,,9433000.0,,14.20659,5.21064,14.19162,
GAB,1968,247.56469,,,,,5466940.31633,,14.66118,12.62381,14.74622,
GAB,1969,259.96057,,,,,8286353.37118,,15.32529,18.58159,15.6421,
GAB,1970,276.40314,,,,,14739646.43101,,15.3743,8.56872,17.76312,
GAB,1971,275.35646,,,,,25387173.87145,,14.95052,14.19331,18.5452,
GAB,1972,252.02763,,,,,23227404.66591,,18.51244,27.83046,22.83594,
GAB,1973,222.88918,,,,,47857419.60807,,16.46679,32.07209,20.56425,
GAB,1974,240.70467,,,,,103292592.9476,,11.92736,67.12153,13.11999,
GAB,1975,214.3129,,,,,146069074.96001,,15.45437,61.1878,14.41025,
GAB,1976,238.95049,,,,,116155039.78691,,18.55138,86.67945,13.87081,
GAB,1977,245.67969,,,,,10960852.44526,,19.31976,-0.04348,18.06926,
GAB,1978,225.65586,,,,,24720653.91118,0.21706,21.07548,-14.77821,24.10645,
GAB,1979,212.72164,,,,,26585980.65481,0.19155,19.05523,8.08789,19.13652,
GAB,1980,211.27956,,,,,114931035.9082,0.71609,16.91938,24.55019,15.7693,
GAB,1981,271.73145,,,,,203862515.21367,1.18492,16.88852,15.85776,16.29252,
GAB,1982,328.60625,,,,,317641899.13267,1.92309,16.9153,13.46216,15.55858,
GAB,1983,381.06604,,,,,191704655.54039,1.11849,18.35193,17.92885,17.72855,
GAB,1984,436.95667,,,,,203334402.3122,1.20581,17.63552,15.72006,16.18243,
GAB,1985,449.26296,,,,,196666668.27944,1.07967,20.4983,12.07277,20.20633,
GAB,1986,346.3059,,,,,131275302.1856,0.74081,23.46848,-10.06382,28.53423,
GAB,1987,300.53656,,,,,18098132.62805,0.12461,24.40637,-12.97904,29.74004,
GAB,1988,297.84822,,,,,72604240.16488,0.45978,21.1203,0.20563,16.74836,
GAB,1989,319.0083,,,,,39478564.05484,0.23684,19.12437,5.88313,15.47877,
GAB,1990,272.26479,146.77914,,7.5,,278707082.30041,1.36599,16.33852,3.67102,12.92231,
GAB,1991,282.10691,125.84038,,7.5,,332016185.57592,1.67034,18.81228,8.29173,14.63403,
GAB,1992,264.6918,123.29969,,7.5,,75487379.42954,0.33799,16.31186,-15.79113,10.94436,
GAB,1993,283.16258,119.83112,,7.75,,5765214.98442,0.02739,15.50195,-1.7179,10.31525,
GAB,1994,555.2047,171.94291,,8.08333,,180108557.78406,1.02273,14.01015,37.36589,6.756,
GAB,1995,499.14843,170.66707,,5.5,,153050967.70574,0.75845,14.50226,10.11617,7.92178,
GAB,1996,511.55243,190.32961,,5.45833,,253455805.99478,1.13347,14.44579,17.22114,6.58933,
GAB,1997,583.66937,188.87411,,5.0,,286326931.45944,1.25502,15.05973,11.27557,8.68058,
GAB,1998,589.95177,153.55446,,5.0,,19102566.65725,0.08409,17.37561,-1.84464,10.77951,
GAB,1999,615.47335,180.46978,,5.0,,21672801.05982,0.1072,15.52839,-2.99509,9.96367,
GAB,2000,710.20798,226.04226,,5.0,,193613824.33593,0.93789,14.61413,18.278,8.69655,
GAB,2001,732.39769,207.24231,,5.0,,13399793.73712,0.07267,14.93093,4.17328,12.52132,
GAB,2002,693.71323,205.81751,,5.0,,144051938.52431,0.79234,15.54009,4.70915,12.31095,
GAB,2003,579.89743,201.39448,,5.0,,201927545.2062,0.99074,14.96141,-1.77388,11.51835,
GAB,2004,527.33803,211.34993,,5.0,,449046100.89211,1.72243,15.12759,9.71365,9.27095,
GAB,2005,527.25836,246.10314,,4.91667,,675149856.16623,2.3921,16.27636,32.67232,8.46362,
GAB,2006,522.42562,262.30003,,4.33333,,1121592475.619,,17.42543,14.32331,9.55302,
GAB,2007,478.63372,266.18719,,4.25,,1237944497.62597,3.60755,16.95365,7.50214,9.95223,
GAB,2008,446.00004,314.63741,,3.75,,1934656663.35387,4.54385,16.1295,10.83006,8.66117,
GAB,2009,470.29342,256.18804,,3.25,,1993241390.30824,4.19353,20.32957,3.39316,10.09111,
GAB,2010,494.79426,295.03829,,3.25,,1735883130.08267,3.08024,19.66076,20.72193,8.21,
GAB,2011,471.24863,325.73254,,3.25,,2157316878.94114,3.37728,20.7023,27.06502,9.52767,
GAB,2012,510.55634,324.6728,,3.25,,2351562306.82131,3.64998,22.28697,9.97419,11.3021,
GAB,2013,493.89962,313.33588,,3.20833,,3003573133.33984,4.72185,24.93156,10.8968,15.01282,
GAB,2014,493.75733,305.86649,,2.6,,2478480387.52702,4.31825,23.47019,-2.63555,14.54173,
GAB,2015,591.2117,291.22167,,2.45,,1863120980.87031,4.24662,24.89688,0.35628,14.51615,
GAB,2016,592.60562,282.67924,,2.45,,789346604.51922,,24.45471,-4.00336,13.82899,
GAB,2017,580.65675,271.62616,,2.45,,965054219.21204,,19.36242,-17.41006,10.29036,
GAB,2018,555.44646,274.42108,,,,1321051088.57443,,23.86972,33.23299,13.08269,
GAB,2019,585.91101,273.3522,,,,1371973832.67956,,22.92759,1.3638,13.37648,
GAB,2020,575.586,262.63547,,,,1386494674.6587,,,,,
GAB,2021,554.53068,244.92255,,,,1304391855.46928,,,,,
GAB,2022,623.7597,262.36387,,,,1415483890.94364,,,,,
GAB,2023,606.56975,228.03206,,,,1447408422.70298,,,,,
GAB,2024,606.3453,231.99479,,,,638788434.42986,,,,,
GBR,1960,0.35714,,,3.375,,3767016800.50312,,39.84324,,17.33894,
GBR,1961,0.35714,,,4.04167,,3327714600.01562,,38.55574,2.72527,17.49325,
GBR,1962,0.35714,,,2.79167,,3313161730.51803,,36.1271,-2.0738,17.43805,
GBR,1963,0.35714,,,2.0,,3153679120.50507,,36.88501,8.77611,19.34336,
GBR,1964,0.35714,,,3.25,,2322326240.01562,,35.6645,5.4547,20.67206,
GBR,1965,0.35714,,,4.41667,,3011764240.01562,,35.56619,7.55925,20.62366,
GBR,1966,0.35714,,,4.5,,3109538540.01562,,34.5523,3.58744,19.4966,
GBR,1967,0.3621,,5.5,4.20833,2.64697,2702371600.0,,36.23047,10.7628,19.82422,
GBR,1968,0.41667,,6.125,5.41667,2.11072,2712427900.01562,,35.42316,7.17655,19.71047,
GBR,1969,0.41667,,6.625,5.91667,0.56871,2535411000.01562,,33.79562,3.11223,19.35005,
GBR,1970,0.41667,,7.25,5.20833,-1.82936,2918294770.26573,1.21586,32.95991,9.43293,19.81598,
GBR,1971,0.41092,,7.5,3.83333,-1.89258,8956892354.16575,3.35814,33.38482,13.21112,20.75255,
GBR,1972,0.40039,,7.5,4.14583,-0.37759,6214060489.48363,1.80484,38.18585,27.90137,28.55086,
GBR,1973,0.40817,,8.0,8.02083,0.3558,7946929575.59681,1.72731,42.16989,27.53685,33.5649,
GBR,1974,0.42776,,9.0,9.5,-4.48442,9959015733.30558,1.6035,42.44469,12.93184,35.19953,
GBR,1975,0.45204,,10.46769,7.08333,-11.45711,7547578527.07813,1.18527,36.69766,7.13885,28.31415,35.49184
GBR,1976,0.55651,,11.10095,7.54167,-3.58484,6208263109.94223,0.9551,34.56238,11.57078,27.36192,29.96227
GBR,1977,0.57327,,8.91187,4.89583,-4.30829,23778086730.67158,3.21014,32.47998,9.48571,26.08477,43.89183
GBR,1978,0.5215,,9.09315,6.08333,-2.87361,21184736971.54702,2.37618,32.0393,14.56772,25.59901,38.53361
GBR,1979,0.47218,,13.69481,11.70833,-1.28877,29084847008.51243,2.32506,30.454,12.4873,25.86194,6.85562
GBR,1980,0.43029,,16.31268,14.125,-2.97944,31755311531.29033,2.00895,30.76426,18.46695,26.21587,6.36797
GBR,1981,0.49764,,13.255,10.66667,0.96281,22802299491.4455,1.41156,34.79012,25.1755,30.86014,35.05457
GBR,1982,0.57245,,11.93097,12.42167,4.30086,21083020684.69146,1.30339,36.08987,13.65486,34.04859,38.10341
GBR,1983,0.65972,,9.82527,11.1925,3.87435,18593267595.71461,1.25572,36.32032,10.26053,37.07233,46.12513
GBR,1984,0.75181,,9.6801,7.27167,4.83765,15306822447.56258,0.98636,37.70443,11.50663,42.23568,51.22643
GBR,1985,0.77925,,12.25298,11.7925,5.82931,19081735746.92443,1.19445,38.17013,11.24497,43.90625,72.24322
GBR,1986,0.6822,,10.90136,9.85167,7.18142,25853390487.55764,1.46995,43.46922,22.56329,77.61064,78.6257
GBR,1987,0.61193,,9.7355,8.56917,3.25308,50917928958.40486,2.35715,74.06029,89.33107,82.77105,91.21655
GBR,1988,0.56217,,10.09571,8.54583,3.04648,51899597618.13191,1.94724,77.00026,16.67185,91.57545,78.17925
GBR,1989,0.61117,,13.84181,11.505,5.16721,42381854893.73669,1.43588,83.54316,20.12599,102.93004,87.85565
GBR,1990,0.56318,0.65158,14.76812,12.54417,6.42691,43145747847.3062,1.26564,84.9602,10.52121,104.80596,77.74165
GBR,1991,0.56702,0.67201,11.69498,10.28,4.75674,48572195808.56255,1.49335,82.06727,1.66151,102.33376,86.62236
GBR,1992,0.56977,0.67287,9.56348,7.46167,6.98571,42844142573.85152,1.33813,56.4625,-28.62978,101.678,80.94561
GBR,1993,0.66676,0.66872,6.01363,3.97,4.20084,43982206193.94292,1.44625,56.14299,4.69509,99.87622,108.37532
GBR,1994,0.65343,0.65686,5.46278,3.65667,5.12242,48079032624.07682,1.46822,57.40221,7.65485,100.03086,100.24902
GBR,1995,0.63367,0.71291,6.69367,4.10917,-3.71389,49144184297.85589,1.27486,60.18767,20.29133,96.98381,98.57995
GBR,1996,0.64096,0.71284,5.95853,3.045,1.74476,46700021359.83964,1.12325,64.49159,14.50646,99.81195,120.06199
GBR,1997,0.61084,0.70864,6.5634,3.63167,6.52493,37662299516.27763,0.84824,77.14637,25.50522,101.51251,131.79273
GBR,1998,0.60382,0.72067,7.23205,4.48333,5.82613,38829795838.12079,0.84973,89.11253,20.84524,102.08136,138.34425
GBR,1999,0.61806,0.72582,5.34441,,3.89559,46188288221.51742,0.9096,89.12677,4.3967,105.11174,174.48403
GBR,2000,0.66093,0.70437,5.96389,,4.94008,50939389681.35099,0.93506,93.78769,11.06361,114.29425,154.16336
GBR,2001,0.69466,0.69455,5.12237,,3.35277,47417467709.44266,0.8764,98.00277,8.82468,119.33689,129.78737
GBR,2002,0.66722,0.68988,4.0,,1.87229,54959281998.97984,1.00793,99.09831,4.99404,124.53346,103.66694
GBR,2003,0.61247,0.69593,3.69579,,1.28052,56349681040.07961,0.92457,102.9596,9.79775,129.21611,117.68821
GBR,2004,0.54618,0.68791,4.37982,,1.60544,62138194998.75227,0.83715,107.56452,9.82162,136.66704,115.89255
GBR,2005,0.55,0.70762,4.64867,,1.73499,59135108205.00694,0.68659,115.81993,13.84954,142.66449,119.86471
GBR,2006,0.54349,0.69664,4.63826,,1.5161,63823577313.64331,0.59748,125.45735,14.09747,153.4714,139.04311
GBR,2007,0.49977,0.7091,5.50871,,3.44659,77715465906.56618,0.61473,138.39807,15.81155,169.58335,123.89158
GBR,2008,0.54397,0.70169,4.67531,,1.32676,64785716443.25054,0.53075,157.90015,17.80344,190.14665,63.42931
GBR,2009,0.64192,0.70973,0.64487,,-1.33577,79453490100.24675,0.96533,162.12948,-0.06514,191.12983,115.11042
GBR,2010,0.64718,0.70244,0.5,,-0.81751,98025460114.42456,1.13584,162.71011,3.99004,183.76282,107.61554
GBR,2011,0.62414,0.70605,0.5,,-1.92822,109733899591.2877,1.11663,150.48262,-4.41805,169.61587,109.59231
GBR,2012,0.63305,0.70163,0.5,,-1.0318,117156976864.5912,1.21181,147.08217,0.76994,160.01071,121.02882
GBR,2013,0.63966,0.69525,0.5,,-1.6221,118750193779.6762,1.1982,144.51977,2.10231,148.90625,141.11598
GBR,2014,0.60773,0.69844,0.5,,-1.0788,124487425221.29628,1.20982,134.39709,-2.5344,134.60506,115.73661
GBR,2015,0.65455,0.69255,,,,148109299505.8984,1.56886,133.2865,1.97421,130.08274,
GBR,2016,0.74063,0.6886,,,,134931850848.2786,1.49594,139.35813,8.71684,131.48011,
GBR,2017,0.77698,0.6846,,,,150857673778.9431,1.58906,144.26565,8.29633,132.33325,
GBR,2018,0.74953,0.68771,,,,172657749536.3148,1.6216,146.71123,5.29983,132.78336,
GBR,2019,0.78345,0.66966,,,,173569199262.7669,1.68474,139.48133,-1.36416,131.44307,
GBR,2020,0.78,0.65345,,,,180054101389.5531,2.11611,162.25578,9.70644,145.57208,
GBR,2021,0.72706,0.66893,,,,194181397315.0296,1.91278,162.87481,9.73273,136.16159,118.93532
GBR,2022,0.8113,0.63318,,,,176409966646.6079,1.41227,159.19098,8.6075,126.1264,97.31989
GBR,2023,0.80454,0.66071,,,,177915356242.2344,1.25356,145.36056,-2.63048,117.97836,
GBR,2024,0.78241,0.66415,,,,174597843325.1816,1.18236,142.27172,2.56374,112.66183,
GBR,2025,,0.6698,,,,,,,,,
GEO,1990,,0.0,,,,,,,,,
GEO,1991,,0.0,,,,,,,,,
GEO,1992,,1e-05,,,,,,,,,
GEO,1993,,0.00178,,,,,,,,,
GEO,1994,,0.10733,,,,,,,,,
GEO,1995,,0.27619,,17.15564,,198511606.96349,,7.73874,,,
GEO,1996,1.2628,0.38794,,14.70506,,191373447.23293,,6.82299,40.23186,,
GEO,1997,1.2975,0.40628,,16.28913,,201708671.35291,1.64459,8.27365,42.77715,,
GEO,1998,1.38982,0.42965,,9.08333,,132881224.19074,1.1452,7.44494,-0.78658,,
GEO,1999,2.02452,0.46487,,5.33333,,144363950.63422,1.50392,7.9528,20.57496,,
GEO,2000,1.97617,0.47584,,4.0,,115965903.57973,0.98031,10.38241,39.17289,,
GEO,2001,2.07302,0.49037,,4.82969,,161941585.49255,1.34848,11.22761,19.43059,,
GEO,2002,2.19568,0.51145,,5.88956,,202176074.06716,1.52957,11.94083,18.81378,,
GEO,2003,2.14565,0.51873,23.75538,8.82982,19.65595,196198029.71039,1.18009,12.79326,23.06161,,
GEO,2004,1.91665,0.54775,22.08713,7.07461,12.5915,386676416.88677,1.75101,15.61646,40.03004,,
GEO,2005,1.81268,0.57324,17.55089,7.4825,8.90886,478637800.59765,1.65532,16.87911,27.8513,,
GEO,2006,1.78043,0.60307,17.06026,10.13194,7.94206,930833393.9168,2.45152,20.30312,42.73633,,
GEO,2007,1.67049,0.64275,17.08612,10.19425,6.9597,1361156503.59962,2.58216,24.11972,46.39928,,
GEO,2008,1.49079,0.69109,18.04413,11.23927,7.71204,1480157559.2564,2.18855,23.18072,7.87637,34.43633,
GEO,2009,1.67049,0.67218,17.86632,10.81032,20.43861,2110323626.28935,4.38059,26.48508,7.73251,32.71524,
GEO,2010,1.78234,0.75847,15.84507,10.06215,-0.05242,2263794873.28055,3.94391,27.98776,30.13267,31.85208,
GEO,2011,1.6865,0.8113,14.99517,11.5378,5.33422,2818191101.12737,3.68726,27.19559,14.49858,32.8791,
GEO,2012,1.65126,0.74367,14.80845,10.70552,14.47514,2872949024.40383,3.31848,28.33186,11.35513,35.53627,
GEO,2013,1.66335,0.72589,13.59489,9.72662,14.3392,2823383516.08606,3.22648,33.75873,24.45526,39.90459,
GEO,2014,1.76567,0.72458,11.90971,8.42568,6.99858,2699169280.07028,2.87264,35.27469,13.75694,44.94835,
GEO,2015,2.26934,0.75584,12.48848,8.91021,6.74818,2520721328.46961,3.07429,37.97724,17.25264,48.23007,
GEO,2016,2.36673,0.75056,12.62092,9.93868,10.11598,2756383662.9152,3.2738,43.46186,21.08349,54.01457,
GEO,2017,2.50954,0.8083,11.48538,9.65252,3.66226,3038762324.25157,3.23481,44.03577,14.58949,55.07108,
GEO,2018,2.53411,0.81054,11.11939,8.8326,7.37748,3289463516.7195,3.09975,45.70595,13.921,59.52964,
GEO,2019,2.81814,0.79705,10.8164,8.70688,6.55866,3505823162.30974,3.1508,48.4927,16.27332,65.02833,
GEO,2020,3.10902,0.79651,11.8008,10.22221,4.63544,3913274194.81288,4.39331,61.01667,25.98592,79.06452,
GEO,2021,3.22156,0.86562,12.51049,10.31173,2.06923,4270945063.01792,3.83004,55.73782,11.4111,72.90839,
GEO,2022,2.9162,0.87375,13.65532,11.63691,5.10459,4886343005.58234,3.20895,51.58099,11.03719,63.07261,
GEO,2023,2.62796,0.86826,16.00824,11.45692,12.68614,5002255638.46392,2.71624,53.61996,15.39943,66.40332,
GEO,2024,2.72062,0.88896,14.93673,10.39637,9.61108,4447216641.42079,2.29134,53.17823,14.06132,68.28893,
GHA,1960,7e-05,,,,,277926000.0,,18.40046,,4.56847,
GHA,1961,7e-05,,,,,155954000.0,,18.70968,8.81801,5.82796,
GHA,1962,7e-05,,,,,159611200.0,,20.30395,15.17241,6.18034,
GHA,1963,7e-05,,,,,122112800.0,,19.54545,7.28543,7.58182,
GHA,1964,7e-05,,,,,122719200.0,,23.85113,37.11628,6.95793,
GHA,1965,7e-05,,,,,132509200.0,,20.49795,1.93351,8.51978,
GHA,1966,7e-05,,,,,111130400.0,,20.77075,4.92512,8.45191,
GHA,1967,9e-05,,,,,82732000.0,,21.22274,1.23375,7.56649,
GHA,1968,0.0001,,,,,97004000.0,,20.69,10.19455,8.65882,
GHA,1969,0.0001,,,,,71832000.0,,19.41379,10.44551,9.21039,
GHA,1970,0.0001,,,,,42579200.0,,18.90792,9.95186,8.25144,
GHA,1971,0.0001,,,,,43092238.03628,,18.986,11.12542,12.584,
GHA,1972,0.00013,,,,,104041173.88943,,23.71794,40.66365,10.06039,
GHA,1973,0.00012,,,,,194039305.16784,,22.66524,18.84941,5.34333,
GHA,1974,0.00011,,,,,101333084.90229,,21.56717,26.65625,5.67682,
GHA,1975,0.00011,,,,,147155059.36271,1.91454,26.23718,37.91728,5.7844,
GHA,1976,0.00011,,,,,113297797.87354,1.36664,29.11324,37.06921,5.9027,
GHA,1977,0.00011,,,,,181582891.5168,1.88068,27.28344,60.30327,5.01836,
GHA,1978,0.00018,,,11.5,,326657532.15608,3.55842,24.45835,68.52987,3.52116,
GHA,1979,0.00027,,,11.5,,401235930.3632,4.29352,21.05489,15.76674,2.81886,
GHA,1980,0.00027,,,11.5,,329581762.37793,3.13018,18.55351,33.80011,2.19262,
GHA,1981,0.00027,,,11.5,,268425872.79221,2.41173,16.5651,51.31746,1.84738,
GHA,1982,0.00027,,,11.5,,314337128.26734,4.16739,17.1649,23.34603,1.80235,
GHA,1983,0.00088,,,11.5,,291305077.11062,4.82783,11.30499,40.20593,1.54227,
GHA,1984,0.0036,,,15.0,,437210812.57419,6.45488,11.81331,53.62395,2.20941,
GHA,1985,0.00543,,,15.75,,552078778.55888,6.95678,13.6185,46.16641,3.1084,
GHA,1986,0.00892,,,17.0,,623972714.72362,6.92566,13.51454,47.93527,3.62811,
GHA,1987,0.01537,,,17.58333,,331647763.79009,2.99727,14.20509,53.32994,3.15416,
GHA,1988,0.02022,,,16.5,,310347216.99008,2.67291,14.74606,46.27725,3.13928,
GHA,1989,0.02699,,,15.5,,435931374.01109,3.70953,16.91699,54.66744,5.84457,
GHA,1990,0.03262,0.01722,,,,309313690.58628,2.34551,14.14209,13.30136,4.9287,
GHA,1991,0.03676,0.02,,21.32333,,644302479.77228,4.42984,15.56278,39.07782,3.65734,
GHA,1992,0.04369,0.02173,,16.32333,,411555106.16759,2.50363,20.52587,52.28383,4.94193,
GHA,1993,0.06487,0.02797,,23.62917,,516970166.31949,2.72281,19.83546,33.50064,4.83818,2.0456
GHA,1994,0.09557,0.03564,,23.14667,,689267656.97559,3.92261,22.51313,52.56952,5.25003,34.87452
GHA,1995,0.11991,0.04993,,28.73417,,803820975.11922,4.26355,21.64299,43.17189,5.07356,25.80757
GHA,1996,0.16355,0.06857,,34.4975,,930268682.12852,4.39696,20.59611,39.19835,6.00508,23.92315
GHA,1997,0.2048,0.08052,,35.75917,,617628952.4931,2.80207,23.84196,44.08716,8.19509,16.39062
GHA,1998,0.23117,0.0932,,32.04917,,456699772.55015,1.4369,22.85738,17.48931,9.35885,18.53779
GHA,1999,0.26664,0.10474,,23.5625,,534753901.89043,1.57562,24.09283,25.41714,12.56208,11.92002
GHA,2000,0.54492,0.13031,,28.60417,,308900898.38622,1.06719,28.16617,54.24416,13.97149,10.03442
GHA,2001,0.71631,0.17181,,30.85417,,375936405.54419,1.21972,31.44533,56.53422,11.88439,5.26824
GHA,2002,0.79242,0.20779,,16.20833,,636059799.99782,2.17028,34.10823,39.21417,12.14954,5.67611
GHA,2003,0.86676,0.26226,,14.32333,,1470061309.67805,4.04867,31.04593,23.24083,12.49305,8.38495
GHA,2004,0.89949,0.29204,,13.625,,1749729259.35718,3.73514,32.72259,27.27518,13.17249,5.40454
GHA,2005,0.90521,0.32553,,10.1625,,1897057040.26241,3.32293,32.11003,19.46751,15.54407,5.67729
GHA,2006,0.91511,0.35618,,8.88542,,2268926566.51141,3.20805,22.76925,39.34052,10.85759,3.63897
GHA,2007,0.93262,0.40263,,8.89583,,2218311347.67966,2.53281,25.71681,36.8345,14.48843,9.67196
GHA,2008,1.05228,0.47169,,11.285,,2014205287.49439,1.90392,27.46146,39.17817,12.61349,9.91786
GHA,2009,1.40497,0.54225,,17.06417,,3691822335.02409,3.78332,28.24702,24.73907,17.73697,9.31723
GHA,2010,1.42998,0.62465,,12.87833,,5158151628.84547,4.2512,29.61919,31.91773,16.66077,9.15498
GHA,2011,1.52062,0.69718,,8.90833,,5913600037.24248,3.4134,30.54901,33.99495,17.19528,7.8769
GHA,2012,1.82487,0.76088,,10.05,,5835098328.20187,2.89531,30.36174,25.13923,18.07171,
GHA,2013,1.98135,0.87165,,12.35,,5587739126.3869,2.77836,21.95276,19.50055,15.29237,
GHA,2014,2.89657,1.02569,,12.90417,,5563709271.19552,3.16791,23.64255,37.29264,16.50489,
GHA,2015,3.71464,1.23195,,13.33917,,5742645886.29529,3.0931,25.67027,25.57402,17.93357,
GHA,2016,3.90982,1.49273,,13.04167,,5866729596.16504,3.20054,26.28078,22.49901,17.43564,
GHA,2017,4.35053,1.69359,,14.0625,,7015187159.64987,3.34415,25.48833,16.06563,16.09952,
GHA,2018,4.58533,1.81923,,12.08333,,6294851564.02725,2.72302,25.12738,15.76091,13.71414,
GHA,2019,5.21737,1.90022,,11.5,,7563210340.92838,2.89562,26.39175,21.35459,13.93721,14.57644
GHA,2020,5.59571,2.03252,,11.5,,7884091538.70727,3.29851,30.81732,28.36115,13.05853,13.20906
GHA,2021,5.8057,2.14875,,11.5,,9916916899.67781,3.91994,31.73462,21.30345,13.05443,13.18886
GHA,2022,8.2724,2.57104,,12.05208,,5205457212.278,1.96715,31.48802,32.0271,13.28852,8.74425
GHA,2023,11.02041,3.47706,,11.41667,,3623904994.58702,1.44788,29.9421,37.41071,9.44619,7.70916
GHA,2024,14.18194,4.2334,,,,4472457558.56406,1.64288,30.23967,32.976,9.03066,9.20352
GIB,1960,0.35714,,,,,,,,,,
GIB,1961,0.35714,,,,,,,,,,
GIB,1962,0.35714,,,,,,,,,,
GIB,1963,0.35714,,,,,,,,,,
GIB,1964,0.35714,,,,,,,,,,
GIB,1965,0.35714,,,,,,,,,,
GIB,1966,0.35714,,,,,,,,,,
GIB,1967,0.3621,,,,,,,,,,
GIB,1968,0.41667,,,,,,,,,,
GIB,1969,0.41667,,,,,,,,,,
GIB,1970,0.41667,,,,,,,,,,
GIB,1971,0.41092,,,,,,,,,,
GIB,1972,0.40039,,,,,,,,,,
GIB,1973,0.40817,,,,,,,,,,
GIB,1974,0.42776,,,,,,,,,,
GIB,1975,0.45204,,,,,,,,,,
GIB,1976,0.55651,,,,,,,,,,
GIB,1977,0.57327,,,,,,,,,,
GIB,1978,0.5215,,,,,,,,,,
GIB,1979,0.47218,,,,,,,,,,
GIB,1980,0.43029,,,,,,,,,,
GIB,1981,0.49764,,,,,,,,,,
GIB,1982,0.57245,,,,,,,,,,
GIB,1983,0.65972,,,,,,,,,,
GIB,1984,0.75181,,,,,,,,,,
GIB,1985,0.77925,,,,,,,,,,
GIB,1986,0.6822,,,,,,,,,,
GIB,1987,0.61193,,,,,,,,,,
GIB,1988,0.56217,,,,,,,,,,
GIB,1989,0.61117,,,,,,,,,,
GIB,1990,0.56318,,,,,,,,,,
GIB,1991,0.56702,,,,,,,,,,
GIB,1992,0.56977,,,,,,,,,,
GIB,1993,0.66676,,,,,,,,,,
GIB,1994,0.65343,,,,,,,,,,
GIB,1995,0.63367,,,,,,,,,,
GIB,1996,0.64096,,,,,,,,,,
GIB,1997,0.61084,,,,,,,,,,
GIB,1998,0.60382,,,,,,,,,,
GIB,1999,0.61806,,,,,,,,,,
GIB,2000,0.66093,,,,,,,,,,
GIB,2001,0.69466,,,,,,,,,,
GIB,2002,0.66722,,,,,,,,,,
GIB,2003,0.61247,,,,,,,,,,
GIB,2004,0.54618,,,,,,,,,,
GIB,2005,0.55,,,,,,,,,,
GIB,2006,0.54349,,,,,,,,,,
GIB,2007,0.49977,,,,,,,,,,
GIB,2008,0.54397,,,,,,,,,,
GIB,2009,0.64192,,,,,,,,,,
GIB,2010,0.64718,,,,,,,,,,
GIB,2011,0.62414,,,,,,,,,,
GIB,2012,0.63305,,,,,,,,,,
GIB,2013,0.63966,,,,,,,,,,
GIB,2014,0.60773,,,,,,,,,,
GIB,2015,0.65455,,,,,,,,,,
GIB,2016,0.74063,,,,,,,,,,
GIB,2017,0.77698,,,,,,,,,,
GIB,2018,0.74953,,,,,,,,,,
GIB,2019,0.78345,,,,,,,,,,
GIB,2020,0.78,,,,,,,,,,
GIB,2021,0.72706,,,,,,,,,,
GIB,2022,0.8113,,,,,,,,,,
GIB,2023,0.80454,,,,,,,,,,
GIB,2024,0.78241,,,,,,,,,,
GIN,1960,24.685,,,,,,,,,,
GIN,1961,24.685,,,,,,,,,,
GIN,1962,24.685,,,,,,,,,,
GIN,1963,24.685,,,,,,,,,,
GIN,1964,24.685,,,,,,,,,,
GIN,1965,24.685,,,,,,,,,,
GIN,1966,24.685,,,,,,,,,,
GIN,1967,24.685,,,,,,,,,,
GIN,1968,24.685,,,,,,,,,,
GIN,1969,24.685,,,,,,,,,,
GIN,1970,24.685,,,,,,,,,,
GIN,1971,24.61275,,,,,,,,,,
GIN,1972,22.73627,,,,,,,,,,
GIN,1973,20.71609,,,,,,,,,,
GIN,1974,20.55628,,,,,,,,,,
GIN,1975,20.67326,,,,,,,,,,
GIN,1976,21.38196,,,,,,,,,,
GIN,1977,21.14448,,,,,,,,,,
GIN,1978,19.72354,,,,,,,,,,
GIN,1979,19.10701,,,,,,,,,,
GIN,1980,18.96889,,,,,,,,,,
GIN,1981,20.94812,,,,,,,,,,
GIN,1982,22.36603,,,,,,,,,,
GIN,1983,23.09518,,,,,,,,,,
GIN,1984,24.08994,,,,,,,,,,
GIN,1985,24.3331,,,,,,,,,,
GIN,1986,333.4525,,14.0,,-32.80726,,,,,,
GIN,1987,428.4025,,15.0,15.0,-9.63381,,,,,,
GIN,1988,474.39583,,15.0,16.83333,-5.46933,,,,,,
GIN,1989,591.64583,,17.25,19.5,-4.1414,,,,,,
GIN,1990,660.16667,458.16175,21.16667,21.0,3.31473,,,,,,
GIN,1991,753.85808,557.59617,24.5,22.0,-1.04807,145115266.89087,1.42261,6.29216,,2.40144,
GIN,1992,902.00133,688.11787,27.0,23.0,0.6178,98619458.75132,1.09601,5.95083,23.27793,2.47534,
GIN,1993,955.49033,676.7138,24.5,19.75,23.66679,133290226.11361,1.58365,6.90944,22.78727,2.85363,
GIN,1994,976.63642,672.02815,22.0,18.0,20.28237,87847083.12953,0.93196,6.32608,-3.44878,3.00026,
GIN,1995,991.4115,697.4005,21.5,17.5,14.67529,86759318.84282,0.93915,6.35037,11.25895,3.39956,
GIN,1996,1004.01658,695.45004,21.0,17.0,19.15786,87340118.26208,0.99511,6.20023,3.56853,3.32684,
GIN,1997,1095.3255,693.46523,20.5,15.66667,18.79631,121631871.06481,1.52772,6.86924,18.20204,3.10173,
GIN,1998,1236.83175,708.55722,19.5625,6.375,15.71538,236706990.9112,2.61015,6.84018,6.63675,2.50563,
GIN,1999,1387.40133,728.20786,19.875,5.66667,15.01264,199679963.64215,2.27564,,,,
GIN,2000,1746.86992,756.9397,19.375,7.5,12.29996,167593505.22872,2.06718,8.01145,,2.73537,
GIN,2001,1950.55833,753.2438,12.875,8.025,10.93102,208565056.91272,2.58086,8.57168,12.85061,2.77158,
GIN,2002,1975.84375,744.92749,,7.4,,263312234.45571,3.07889,9.71291,19.68192,2.84531,
GIN,2003,1984.93125,846.73346,,6.5,,281862972.11462,3.22509,11.02134,33.1673,2.89893,
GIN,2004,2243.93125,960.79073,,8.85,,111780254.65334,1.3404,12.61234,36.46256,2.59623,
GIN,2005,3644.33333,1186.74945,,14.35,,96326734.16342,1.07113,12.81836,33.35242,3.87916,
GIN,2006,5148.75,1583.93198,,17.5,,39685709.64996,0.36682,17.89687,94.37863,4.60476,
GIN,2007,4197.752,1752.17468,,17.5,,46811611.56489,0.34318,12.93416,-12.28901,3.26264,
GIN,2008,4601.691,2006.22358,,17.5,,55670498.06758,0.3495,14.732,38.42093,3.23943,
GIN,2009,4801.08324,2029.23845,,17.5,,414058705.54606,3.14234,17.36857,18.63788,2.65987,
GIN,2010,5726.07102,2327.71032,,3.11111,,301523167.01462,1.91191,26.44142,85.25901,3.9427,
GIN,2011,6658.03126,2485.90088,,4.43889,,947127105.96962,4.01778,27.15823,18.23718,6.81789,
GIN,2012,6985.82903,2729.4034,,4.41,,762924793.39468,2.78333,20.85626,-9.29511,5.91283,
GIN,2013,6907.87807,2806.85648,,3.9475,,853882934.80279,3.13073,21.81222,13.41653,7.33649,
GIN,2014,7014.11878,2865.03921,,3.67,,983969561.32593,3.74716,23.3999,14.15456,9.93054,
GIN,2015,7485.51674,2899.10785,,3.91083,,654264223.61314,2.73185,24.86479,13.60485,11.8155,
GIN,2016,8967.92708,2831.13495,,3.84083,,840496671.43721,1.89332,23.96859,12.88226,10.76699,
GIN,2017,9088.3195,2819.40552,,3.81917,,980319295.40243,2.71188,23.01868,16.89913,9.11147,
GIN,2018,9011.13418,2956.5686,,3.105,,1242328572.91057,3.36217,22.21768,9.90412,9.648,
GIN,2019,9183.87586,3049.65771,,3.28917,,1379136556.90392,3.66064,23.71359,23.32783,10.28855,
GIN,2020,9565.08218,3024.84619,,3.3275,,1499116032.51595,2.77151,26.67682,22.79433,10.01983,
GIN,2021,,3108.34375,,3.325,,2183067127.24737,4.34735,24.52354,8.69393,9.00672,
GIN,2022,,2982.88658,,,,2109566460.25546,4.13779,26.56571,15.79052,10.45635,
GIN,2023,,3054.69908,,,,1887171051.40105,2.18858,24.94032,5.12102,10.24908,
GIN,2024,,3185.82499,,,,1345598715.8962,1.27721,30.09597,35.79107,10.66687,
GMB,1960,1.78571,,,,,,,,,,
GMB,1961,1.78571,,,,,,,,,,
GMB,1962,1.78571,,,,,,,,,,
GMB,1963,1.78571,,,,,,,,,,
GMB,1964,1.78571,,,,,5850000.0,,,,,
GMB,1965,1.78571,,,,,7950000.0,,,6.19169,,
GMB,1966,1.78571,,,,,9450000.0,,17.9354,13.09904,16.16213,
GMB,1967,1.83531,,,,,8370000.0,,17.29288,4.66102,16.63944,
GMB,1968,2.08333,,,,,6550000.0,,18.69388,8.16464,17.81924,
GMB,1969,2.08333,,,,,5990000.0,,17.80021,4.49158,17.22635,
GMB,1970,2.08333,,,,,8110000.0,,17.7788,15.64179,16.38366,
GMB,1971,2.0546,,,,,10939434.34343,,16.99563,0.46464,17.39738,
GMB,1972,2.00133,,,,,11384579.55903,,22.83784,38.9517,13.06588,
GMB,1973,1.7024,,,,,16240624.89072,,30.04688,42.23373,16.35938,
GMB,1974,1.71093,,,,,28045553.16518,,25.77791,9.85439,14.69189,
GMB,1975,1.80804,,,,,28551676.38829,,23.006,13.39645,11.02521,
GMB,1976,2.22567,,,,,20635249.85691,,28.00159,45.9403,15.66679,
GMB,1977,2.29302,,,,,24394652.83641,,19.40628,-12.11384,16.97141,
GMB,1978,2.08575,,,,,26072159.25568,2.66242,25.02232,45.93979,21.12165,
GMB,1979,1.88842,,,,,1928959.17707,0.16031,21.01429,-8.35192,21.34923,
GMB,1980,1.72098,,,,,5670000.0,0.35987,21.86069,10.35406,23.87082,
GMB,1981,1.99017,,,,,3948197.73268,0.31077,25.1869,20.90408,24.18779,
GMB,1982,2.28951,,,,,8386497.19279,0.74467,25.67877,15.83075,21.08158,
GMB,1983,2.63857,,,,,2917512.95626,0.27111,28.57954,26.7202,24.67862,
GMB,1984,3.58406,,,10.5,,2259208.38279,0.26418,26.71177,5.47962,25.118,
GMB,1985,3.89387,,14.48333,9.75,-17.88548,1733936.73111,0.20946,29.23374,51.34291,24.34041,
GMB,1986,6.92497,,28.0,16.125,-8.90768,13562845.88945,2.11365,21.44057,7.27379,15.09179,
GMB,1987,7.0744,,27.91667,15.75,7.94837,25757394.91268,1.90818,22.00987,24.62995,11.96694,
GMB,1988,6.70842,,29.54167,15.0,18.08059,19049152.74993,1.35782,22.03471,14.74689,11.82258,
GMB,1989,7.58358,,26.83333,12.91667,11.515,20589297.18506,1.38911,22.10011,20.79961,11.01989,
GMB,1990,7.87899,2.36223,26.5,11.33333,12.98221,55386774.69377,3.13588,20.65765,8.38128,10.99268,
GMB,1991,8.73314,2.47361,26.5,12.70833,-45.94846,67615345.66365,3.32311,10.76107,25.70288,5.17667,
GMB,1992,8.89571,2.59069,26.75,13.83333,24.32561,94033759.9516,4.36001,11.62013,13.80831,3.72722,
GMB,1993,9.11442,2.66084,26.08333,13.0,19.91682,105752905.65786,4.44478,12.09792,12.76276,5.47709,
GMB,1994,9.58177,2.70363,25.0,12.58333,20.45012,98016031.71081,4.67744,11.19879,-3.78716,5.62666,
GMB,1995,9.54426,2.75305,25.04167,12.5,20.27487,106146503.01459,5.31392,12.19602,14.21937,4.83618,
GMB,1996,9.79717,2.78228,25.5,12.5,15.80849,102133831.51768,4.0926,11.6456,5.77865,4.37322,
GMB,1997,10.20017,2.84027,25.5,12.5,33.46679,96038245.65002,4.0368,14.51802,22.96779,5.44503,
GMB,1998,10.6431,2.87942,25.375,12.5,18.93827,106362060.4324,,14.6656,10.21032,5.70956,
GMB,1999,11.39509,2.96248,24.0,12.5,27.0954,111246412.78852,,15.83717,12.10143,6.60631,
GMB,2000,12.78763,2.96109,24.0,12.5,21.31057,109431118.88513,,19.80051,34.82623,6.74107,
GMB,2001,15.68716,3.33391,24.0,12.5,21.80096,106013174.39891,,21.95304,19.41938,8.3214,
GMB,2002,19.91783,3.81157,24.0,12.70833,12.32765,106877406.67145,,27.80646,35.28109,10.68994,
GMB,2003,28.53051,4.76159,29.33333,16.41667,14.5618,59306559.02794,3.79866,32.89863,42.74422,11.75794,
GMB,2004,30.03008,9.0044,36.5,22.0,-29.70806,83774361.46554,3.63665,19.37872,22.45065,5.03258,
GMB,2005,28.57543,9.08982,34.91667,17.33333,29.58576,98312848.53902,3.86745,20.59568,8.04978,5.85224,
GMB,2006,28.06573,8.93281,29.75,12.66667,28.08085,120615997.8431,4.03535,25.89182,26.64556,7.21292,
GMB,2007,24.87343,9.08114,27.91667,12.89167,22.50815,142784444.74383,4.1218,25.69591,6.77835,7.54851,
GMB,2008,22.19235,9.13007,27.0,12.86667,23.93164,116517122.95159,3.51083,27.88333,18.15584,8.73271,
GMB,2009,26.64436,9.48364,27.0,15.5,21.51563,224175097.0509,7.42928,28.7203,14.82617,9.16645,
GMB,2010,28.01195,9.89863,27.0,14.625,20.21469,201627626.67879,7.11088,30.24879,17.84068,9.49108,
GMB,2011,29.46152,10.14197,28.0,11.75,22.40356,223241852.81592,6.4032,35.01217,11.19843,10.40755,
GMB,2012,32.07713,10.7593,28.0,11.5,23.26044,236241441.11908,6.41405,34.36471,7.26728,10.07965,
GMB,2013,35.95759,11.71617,28.0,13.43583,20.83094,210553598.6778,6.34344,36.14174,14.61161,9.981,
GMB,2014,41.73296,12.25861,28.5,16.51083,22.13468,159330829.41572,3.99187,37.97905,9.00427,8.83119,
GMB,2015,42.50621,13.23113,,,,111040203.22982,3.11107,,,,
GMB,2016,43.37253,14.00851,,,,87635582.41789,2.61067,,,,
GMB,2017,46.60891,14.68757,29.0,15.775,24.1319,169969976.48625,3.43603,38.28397,,6.09222,
GMB,2018,48.15178,14.72012,28.0,9.0,19.68012,191773260.9803,3.18542,39.4721,18.24894,7.05227,
GMB,2019,50.06246,15.25998,28.0,8.105,20.46809,256957421.66543,4.61415,44.42,27.01092,8.20217,
GMB,2020,51.50166,14.65876,28.0,6.84167,25.2584,387046403.56378,6.40676,52.93937,22.50801,8.15222,
GMB,2021,51.48444,14.74182,19.5,4.83333,11.28482,652670952.24778,10.01766,57.02079,21.73998,8.87545,
GMB,2022,54.92347,14.97405,19.0,4.83333,9.35784,568244498.42246,7.80057,53.51535,7.73724,9.62022,
GMB,2023,61.09633,16.4369,20.75,7.7375,6.18261,577028229.48826,4.95099,48.54766,9.26685,8.72531,
GMB,2024,67.66124,16.97916,22.0,6.5,15.3153,628849157.4767,4.78962,46.87621,7.82527,9.40397,
GNB,1960,245.1951,,,,,,,,,,
GNB,1961,245.2601,,,,,,,,,,
GNB,1962,245.01385,,,,,,,,,,
GNB,1963,245.01635,,,,,,,,,,
GNB,1964,245.02718,,,,,,,,,,
GNB,1965,245.06093,,,,,,,,,,
GNB,1966,245.67844,,,,,,,,,,
GNB,1967,246.00094,,,,,,,,,,
GNB,1968,247.56469,,,,,,,,,,
GNB,1969,259.96057,,,,,,,,,,
GNB,1970,276.40314,,,,,,,,,,
GNB,1971,275.35646,,,,,,,,,,
GNB,1972,252.02763,,,,,,,,,,
GNB,1973,222.88918,,,,,,,,,,
GNB,1974,240.70467,,,,,,,,,,
GNB,1975,214.3129,,,,,,,,,,
GNB,1976,238.95049,,,,,,,,,,
GNB,1977,245.67969,,,,,,,,,,
GNB,1978,225.65586,,,,,,,,,,
GNB,1979,212.72164,,,,,,,,,,
GNB,1980,211.27956,,,,,,,,,,
GNB,1981,271.73145,,,,,,,,,,
GNB,1982,328.60625,,,,,,,,,,
GNB,1983,381.06604,,,,,,,,,,
GNB,1984,436.95667,,,,,,,,,,
GNB,1985,449.26296,,,,,,,,,,
GNB,1986,346.3059,,,,,,,6.92405,,7.47798,
GNB,1987,300.53656,,,,,,,9.03559,160.85714,6.43279,
GNB,1988,297.84822,,,,,,,8.33763,73.29682,6.50274,
GNB,1989,319.0083,,,,,,,5.42698,37.60587,6.78498,
GNB,1990,272.26479,26.57382,,,,,,26.49267,574.60132,8.46479,
GNB,1991,282.10691,43.15647,,,,,,4.90376,-67.33803,5.12897,
GNB,1992,264.6918,69.61366,,,,,,6.2001,110.88969,3.90718,
GNB,1993,283.16258,101.36272,,,,,,5.7224,40.46339,4.57288,
GNB,1994,555.2047,122.31731,,,,,,6.68097,48.49969,5.49588,
GNB,1995,499.14843,173.39435,,,,,,6.32264,42.99416,3.33913,
GNB,1996,511.55243,237.08297,,,,,,6.03443,48.30192,2.5746,
GNB,1997,583.66937,312.62771,,,,,,9.26627,119.36658,2.72444,
GNB,1998,589.95177,341.12074,,,,,,9.6215,-11.14584,3.60191,
GNB,1999,615.47335,294.57717,,,,,,11.43053,21.53903,2.7638,
GNB,2000,710.20798,221.99517,,,,,,23.58047,60.73517,4.36121,
GNB,2001,732.39769,225.27424,,,,,,18.78332,-13.3913,1.46789,
GNB,2002,693.71323,229.31235,,,,,,22.03976,25.72834,1.30037,
GNB,2003,579.89743,223.59018,,,,,,9.43269,-57.56723,0.82575,
GNB,2004,527.33803,205.80147,,,,,,14.0017,41.94664,0.73322,
GNB,2005,527.25836,205.75949,,7.6075,,,,15.10674,18.55028,0.99903,
GNB,2006,522.42562,191.13405,4.73667,7.82167,9.378,,,16.02975,4.31658,1.90847,
GNB,2007,478.63372,197.23976,4.75167,7.81333,-1.1686,,,18.66951,26.60462,2.90411,
GNB,2008,446.00004,218.20869,4.98417,8.12417,-6.89817,,,20.5488,29.72913,4.38257,
GNB,2009,470.29342,208.5753,4.9775,8.57917,9.15282,,,22.3638,7.23183,5.27186,
GNB,2010,494.79426,216.81758,5.11333,8.38667,-0.09664,,,24.06116,19.54588,5.53699,
GNB,2011,471.24863,230.39177,5.25592,8.50083,-2.94783,,,29.87024,45.52212,9.92353,
GNB,2012,510.55634,231.43631,5.03917,7.9925,5.06777,,,28.76068,-5.3896,11.98692,
GNB,2013,493.89962,228.24907,5.2875,7.65417,6.27831,,,29.52024,4.99496,12.14465,
GNB,2014,493.75733,221.1272,5.33833,7.25833,3.98902,,,42.94316,48.77912,10.89845,
GNB,2015,591.2117,220.45301,5.15417,6.99833,-8.17807,,,44.93875,27.19261,9.18538,
GNB,2016,592.60562,220.77366,5.295,6.925,2.50906,,,45.37056,9.3387,,
GNB,2017,580.65675,218.42778,,,,,,40.32419,2.81608,,
GNB,2018,555.44646,218.22285,,,,,,42.28623,6.05553,,
GNB,2019,585.91101,211.4973,,,,,,39.12922,0.25318,,
GNB,2020,575.586,208.34016,,,,,,40.6794,9.09282,,
GNB,2021,554.53068,203.71613,,,,,,45.61434,20.89352,,
GNB,2022,623.7597,197.53893,,,,,,43.06813,3.50619,,
GNB,2023,606.56975,200.47154,,,,,,38.2842,-1.09572,,
GNB,2024,606.3453,195.88539,,,,,,39.02182,6.23263,,
GNQ,1960,245.1951,,,,,,,,,,
GNQ,1961,245.2601,,,,,,,,,,
GNQ,1962,245.01385,,,,,,,,,,
GNQ,1963,245.01635,,,,,,,,,,
GNQ,1964,245.02718,,,,,,,,,,
GNQ,1965,245.06093,,,,,,,,,,
GNQ,1966,245.67844,,,,,,,,,,
GNQ,1967,246.00094,,,,,,,,,,
GNQ,1968,247.56469,,,,,,,,,,
GNQ,1969,259.96057,,,,,,,,,,
GNQ,1970,276.40314,,,,,,,,,,
GNQ,1971,275.35646,,,,,,,,,,
GNQ,1972,252.02763,,,,,,,,,,
GNQ,1973,222.88918,,,,,,,,,,
GNQ,1974,240.70467,,,,,,,,,,
GNQ,1975,214.3129,,,,,,,,,,
GNQ,1976,238.95049,,,,,,,,,,
GNQ,1977,245.67969,,,,,,,,,,
GNQ,1978,225.65586,,,,,,,,,,
GNQ,1979,212.72164,,,,,,,,,,
GNQ,1980,211.27956,,,,,,,,,,
GNQ,1981,271.73145,,,,,,,,,,
GNQ,1982,328.60625,,,,,2773615.87656,,,,,
GNQ,1983,381.06604,,,,,1300000.0,,,,,
GNQ,1984,436.95667,,,,,1381000.0,,,,,
GNQ,1985,449.26296,,,,,3465531.60249,,32.14898,,23.3915,
GNQ,1986,346.3059,,,,,2676436.58791,,39.81431,17.42086,31.6058,
GNQ,1987,300.53656,,,,,568604.4036,0.07178,33.62819,-10.45088,26.79134,
GNQ,1988,297.84822,,,,,5503322.41919,0.5838,18.70821,-40.61904,24.62591,
GNQ,1989,319.0083,,,,,5968313.45777,0.85886,27.99602,40.7176,27.65508,
GNQ,1990,272.26479,140.0164,,7.5,,706734.79333,0.08551,12.3992,-51.98528,25.77133,
GNQ,1991,282.10691,140.24705,,7.5,,9473863.03711,0.96436,10.66565,-11.8362,38.2327,
GNQ,1992,264.6918,115.97291,,7.5,,13408610.62259,1.67439,12.19154,30.26671,21.2195,
GNQ,1993,283.16258,110.23666,,7.75,,480802.13752,0.05836,8.41041,-25.46584,5.16565,
GNQ,1994,555.2047,134.4039,,8.08333,,390332.7673,0.06738,13.86672,139.53704,4.02012,
GNQ,1995,499.14843,141.75508,,5.5,,40812.3155,0.00221,16.32633,48.94988,4.79762,
GNQ,1996,511.55243,140.34969,,5.45833,,516467.20519,0.01188,13.88027,42.78547,5.21036,
GNQ,1997,583.66937,119.83125,,5.0,,4933006.05889,,6.98817,9.30571,4.65452,
GNQ,1998,589.95177,81.09403,,5.0,,803295.41191,,9.53368,15.55814,6.46172,
GNQ,1999,615.47335,111.27389,,5.0,,3353991.1915,,9.19456,68.65077,5.56637,
GNQ,2000,710.20798,159.47259,,5.0,,23008388.6354,,6.43283,36.24652,3.63342,
GNQ,2001,732.39769,137.28994,,5.0,,70851809.33355,,5.73547,28.2297,3.47008,
GNQ,2002,693.71323,133.04921,,5.0,,88540317.13273,,7.53193,54.39762,4.16905,
GNQ,2003,579.89743,131.30258,,5.0,,237691328.60516,,10.53496,60.40296,3.58879,
GNQ,2004,527.33803,149.50235,,5.0,,944982405.38984,,8.67978,32.9383,2.72215,
GNQ,2005,527.25836,206.67645,,4.91667,,2102494662.13149,,6.38958,36.93381,2.14853,
GNQ,2006,522.42562,226.51035,,4.33333,,3066739318.60916,,5.92029,12.74409,2.37293,
GNQ,2007,478.63372,227.23458,,4.25,,3845916299.732,,6.99604,40.36769,2.80267,
GNQ,2008,446.00004,267.17041,,3.75,,4431191816.06264,,6.47612,30.67924,4.10405,
GNQ,2009,470.29342,210.22159,,3.25,,3251937926.22841,,10.00575,23.96225,5.31752,
GNQ,2010,494.79426,259.42771,,3.25,,2346355216.01319,,11.24835,27.88732,6.07829,
GNQ,2011,471.24863,297.50949,,3.25,,3053840571.59284,,9.0217,0.0,6.40648,
GNQ,2012,510.55634,294.44964,,3.25,,4396979377.35143,,12.6766,59.5815,4.83205,
GNQ,2013,493.89962,288.52432,,3.20833,,4566537481.10375,,14.19673,6.21118,6.86316,
GNQ,2014,493.75733,282.48848,,2.6,,2906843390.77255,,12.05004,-15.85445,8.10848,
GNQ,2015,591.2117,275.25684,,2.45,,1205154515.65311,,15.44497,-7.02703,12.52625,
GNQ,2016,592.60562,265.28204,,2.45,,62307444.13585,,14.27635,-21.01329,14.94686,
GNQ,2017,580.65675,245.97047,,2.45,,45502925.1068,,12.73194,-5.15247,14.12143,
GNQ,2018,555.44646,244.41737,,,,48929813.61216,,12.30293,-0.77605,14.18825,
GNQ,2019,585.91101,242.32799,,,,40816834.59672,,12.46551,-7.26257,15.23951,
GNQ,2020,575.586,242.57385,,,,60833004.02256,,13.83733,-5.06024,12.87089,
GNQ,2021,554.53068,228.96751,,,,44271185.58805,,11.55877,-0.63452,10.45428,
GNQ,2022,623.7597,260.96483,,,,1457611930.34543,,11.18714,21.98416,8.08193,
GNQ,2023,606.56975,232.63633,,,,1538461553.77119,,13.87673,8.72556,5.90842,
GNQ,2024,606.3453,232.82846,,,,1076807833.41514,,,,,
GRC,1960,30.0003,,,,,242101200.0,,,,,
GRC,1961,30.00005,,,,,267482900.0,,,,,
GRC,1962,30.0,,,,,286669630.0,,,,,
GRC,1963,30.0,,,,,292161880.0,,,,,
GRC,1964,30.0,,,,,281585440.0,,,,,
GRC,1965,30.0,,,,,250520560.0,,,,,
GRC,1966,30.0,,,,,273284990.0,,,,,
GRC,1967,30.0,,,,,286873600.0,,,,,
GRC,1968,30.0,,,,,349516700.0,,,,,
GRC,1969,30.0,,,,,317766800.0,,,,,
GRC,1970,30.0,,,,,318014730.0,,,,,
GRC,1971,30.0,,,,,534814270.99488,,,,,
GRC,1972,30.0003,,,,,1125644543.55379,,,,,
GRC,1973,29.62523,,,,,1291978636.34366,,,,,
GRC,1974,30.0003,,,,,1454967385.07359,,,,,
GRC,1975,32.05132,,,,,1291435721.84633,,,,,
GRC,1976,36.51758,,,,,1268118820.87712,2.56142,,,,
GRC,1977,36.83842,,,,,1476777090.22437,2.59387,,,,
GRC,1978,36.74542,,,,,2157055983.29951,3.30077,,,,
GRC,1979,37.03842,,,,,3292536813.64208,3.6819,,,,
GRC,1980,42.61658,,,,,3606607178.04871,3.70859,,,,
GRC,1981,55.40842,,,,,2553564855.57045,2.38874,,,,
GRC,1982,66.80317,,,,,2630216481.26957,2.77303,,,,
GRC,1983,88.06425,,,,,2380722491.85029,2.64256,,,,
GRC,1984,112.71658,,,,,2220066693.69714,2.40072,,,,
GRC,1985,138.11908,,,,,2216191386.64323,2.20645,,,,
GRC,1986,139.98117,,,,,2811792216.69663,2.82403,,,,
GRC,1987,135.4295,,,,,4299295460.50873,3.56443,,,,
GRC,1988,141.8605,,,,,5012214144.75986,3.76269,,,,
GRC,1989,162.41658,,,,,4584865249.954,3.1033,,,,
GRC,1990,158.51392,0.3355,,,,4721071253.78782,2.62428,,,,
GRC,1991,182.26642,0.38874,,,,6400005237.09394,3.44224,,,,
GRC,1992,190.62425,0.43633,,,,5937644102.6132,2.97589,,,,
GRC,1993,229.24984,0.48773,,,,9135322990.04867,5.09902,,,,
GRC,1994,242.60282,0.53093,,,,15809339689.22472,8.3456,,,,
GRC,1995,231.66274,0.57094,,,,16118557930.38791,6.981,,,,
GRC,1996,240.71154,0.60137,,,,18782300412.33937,7.78003,,,,
GRC,1997,273.05785,0.62714,,,,13652307050.78739,5.76026,,,,
GRC,1998,295.52911,0.64788,,,,18501070728.07518,,,,,
GRC,1999,305.6466,0.67328,,,,19352094677.8738,5.96425,,,,
GRC,2000,365.39856,0.66954,,,,14594006578.5544,3.85891,,,,
GRC,2001,1.11653,0.66852,,,,6244166654.25855,1.66789,,,51.69659,64.18154
GRC,2002,1.05756,0.66297,,,,9431530975.46333,2.53505,,,54.87183,44.63212
GRC,2003,0.88405,0.68513,,,,5801377074.94914,1.22407,,,58.73196,54.15294
GRC,2004,0.80392,0.69459,,,,2707782609.03229,0.46196,,,63.87754,53.29893
GRC,2005,0.8038,0.70898,,,,2287009892.67273,0.35328,,,73.6574,59.88913
GRC,2006,0.79643,0.69261,,,,2849953559.42375,0.36197,,,77.54544,74.58784
GRC,2007,0.72967,0.71818,,,,3647605325.12089,0.36454,,,85.79842,84.32147
GRC,2008,0.67992,0.70795,,,,3489670238.03477,0.29177,,,90.50731,25.68912
GRC,2009,0.71696,0.70409,,,,5486122597.59939,0.63812,,,89.22443,34.46217
GRC,2010,0.75431,0.72218,,,,6352405963.38906,0.79257,,,112.81428,22.80108
GRC,2011,0.71841,0.71316,,,,6743416891.38217,0.79222,,,119.20138,11.92639
GRC,2012,0.77834,0.68466,,,,7255024354.91007,1.13519,,,120.14793,18.78929
GRC,2013,0.75295,0.63129,,,,5763071364.05671,0.78621,,,119.7902,34.91526
GRC,2014,0.75273,0.61113,,,,6236284818.73247,0.82904,,,117.89506,23.57911
GRC,2015,0.9013,0.60907,,,,6027606781.10376,0.98586,,,113.43336,21.62725
GRC,2016,0.90342,0.58858,,,,6851247713.21209,1.15824,,,108.6271,19.24577
GRC,2017,0.88521,0.57504,,,,7803722132.38225,1.15457,,,100.64751,25.25441
GRC,2018,0.84677,0.56486,,,,7578500698.89501,0.94404,,,91.20693,17.98924
GRC,2019,0.89328,0.54097,,,,8507452886.82209,1.09548,,,80.21224,25.88158
GRC,2020,0.87551,0.53025,,,,11931180004.64847,1.77868,,,81.27098,26.64407
GRC,2021,0.84549,0.52081,,,,14447242598.18067,1.53865,,,56.19734,27.1376
GRC,2022,0.94962,0.50275,,,,12061425398.41583,1.04179,,,52.45674,27.08162
GRC,2023,0.92484,0.50663,,,,13608620628.77076,1.20048,,,49.21574,33.4712
GRC,2024,0.92389,0.51509,,,,15221750195.00047,1.29468,,,48.541,32.4694
GRC,2025,,0.52272,,,,,,,,,
GRD,1960,1.71429,,,,,,,,,,
GRD,1961,1.71429,,,,,,,,,,
GRD,1962,1.71429,,,,,,,,,,
GRD,1963,1.71429,,,,,,,,,,
GRD,1964,1.71429,,,,,,,,,,
GRD,1965,1.71429,,,,,,,,,,
GRD,1966,1.71429,,,,,,,,,,
GRD,1967,1.76191,,,,,,,,,,
GRD,1968,2.0,,,,,,,,,,
GRD,1969,2.0,,,,,,,,,,
GRD,1970,2.0,,,,,3677499.99816,,,,,
GRD,1971,1.97487,,,,,4447611.01313,,,6.38956,,
GRD,1972,1.92128,,,,,5050386.46172,,,18.73761,,
GRD,1973,1.95922,,,,,5003581.59497,,,2.91205,,
GRD,1974,2.05323,,,,,5363381.05612,,,-1.81133,,
GRD,1975,2.1698,,,,,5752611.4714,,,28.45133,,
GRD,1976,2.61467,,,,,10886666.80692,,,15.15169,,
GRD,1977,2.7,,,,,12691851.90856,4.60231,46.50293,11.39833,26.32837,
GRD,1978,2.7,,,,,12313333.33789,3.66179,45.02822,19.61968,25.17587,
GRD,1979,2.7,,,,,12219469.62221,2.63431,44.70046,14.92005,23.30546,
GRD,1980,2.7,,,,,12908888.89367,2.45653,43.73325,6.11912,24.1578,
GRD,1981,2.7,,,,,16097407.41337,2.54977,45.20493,7.79375,24.05238,
GRD,1982,2.7,,12.32548,2.18769,7.83563,9232512.55945,1.33643,40.28008,-3.35655,23.26589,
GRD,1983,2.7,,12.32548,3.07897,10.78175,14141759.02732,2.12658,36.63055,-4.44366,21.40307,
GRD,1984,2.7,,12.32548,3.64615,5.35873,14234419.01147,2.3593,37.77091,13.85426,20.68128,
GRD,1985,2.7,,13.40151,3.64615,4.27909,20812465.67196,2.78336,39.13137,19.40209,24.21683,
GRD,1986,2.7,,13.49933,2.81564,8.78351,20565185.18519,2.18048,44.80764,28.06453,30.02241,
GRD,1987,2.7,,13.30369,3.05872,7.84732,22740000.0,2.21022,43.67506,11.71992,32.51173,
GRD,1988,2.7,,12.32548,2.95743,5.21165,16923333.33333,1.57562,48.61624,22.36566,33.33055,
GRD,1989,2.7,,12.32548,2.75487,3.05431,15442222.22222,1.31804,45.85523,6.67973,37.82153,
GRD,1990,2.7,1.65264,12.32548,3.40308,12.30759,17578888.88889,1.3771,48.27848,9.52667,36.05753,
GRD,1991,2.7,1.7052,12.302,3.74468,5.27992,17472962.96296,1.31208,47.0419,5.37783,35.40709,
GRD,1992,2.7,1.73409,12.02318,3.67466,7.7026,25880000.0,2.10734,48.63898,6.62745,37.61733,
GRD,1993,2.7,1.72584,11.83238,3.88049,9.76504,26900000.0,1.89354,60.01019,23.24026,49.44943,
GRD,1994,2.7,1.74368,11.02805,3.6122,7.59495,31231150.22854,2.14962,64.30756,12.45306,47.23173,
GRD,1995,2.7,1.76001,11.07535,3.67068,7.78452,36734880.78391,2.3502,67.51416,10.49565,47.3322,
GRD,1996,2.7,1.77457,9.99198,3.73826,7.12835,35728931.71439,2.00186,69.22209,9.94259,49.99329,
GRD,1997,2.7,1.77562,11.23598,3.92827,9.28555,42666395.44925,2.18567,71.27226,10.0555,55.52393,
GRD,1998,2.7,1.7864,11.73248,4.15536,9.82388,46840916.06628,2.00355,70.38326,12.27748,56.86971,
GRD,1999,2.7,1.78123,11.62117,4.30276,10.38324,50839905.68344,2.0547,74.11226,13.82436,59.00216,
GRD,2000,2.7,1.78867,11.5992,4.23517,8.49301,57660000.0,1.90689,78.17455,13.8047,62.55812,
GRD,2001,2.7,1.78679,10.18672,4.22767,7.87372,63941398.74025,2.20537,86.73022,11.02961,63.08052,
GRD,2002,2.7,1.766,11.30923,3.59256,10.89653,87842777.41234,3.11214,92.34043,10.53808,61.43225,
GRD,2003,2.7,1.73047,12.04822,3.38702,12.13464,83225917.70436,2.56966,89.5681,6.09572,58.46475,
GRD,2004,2.7,1.71938,10.18484,3.32187,7.99138,121728059.74265,3.58555,106.22513,20.22247,61.61799,
GRD,2005,2.7,1.70862,10.06508,2.86742,7.39131,94252920.20972,2.34321,85.78074,-6.24778,57.95106,
GRD,2006,2.7,1.73429,9.8523,2.95185,4.98861,99961392.63379,2.4702,87.34944,2.28918,64.87667,
GRD,2007,2.7,1.72771,9.75594,3.12585,7.26792,110569734.76371,2.44103,90.23663,12.17401,68.79352,
GRD,2008,2.7,1.82807,9.52898,3.22884,1.55892,105341634.3118,2.20381,87.1067,5.0934,70.07705,
GRD,2009,2.7,1.81668,10.99305,3.27338,11.00404,129078999.92263,3.14113,96.39783,3.33747,79.37712,
GRD,2010,2.7,1.80348,10.57501,3.07915,10.04702,119154979.88137,2.78835,99.47254,3.15472,83.97994,
GRD,2011,2.7,1.77099,10.68598,3.11243,10.43804,120710917.73634,2.73724,98.85296,0.36196,84.87602,
GRD,2012,2.7,1.81089,9.7259,2.85813,5.58065,119485006.79248,2.64442,91.42507,-4.99295,82.80481,
GRD,2013,2.7,1.79,9.27021,2.64046,6.16685,150571015.87871,3.12218,90.05711,3.76671,74.25666,
GRD,2014,2.7,1.76333,9.18598,2.39954,8.34607,169949409.72694,3.59222,88.38508,6.16587,65.20634,
GRD,2015,2.7,1.7764,8.96258,1.82767,6.03765,197973503.3209,3.83432,86.72171,7.32288,57.32143,
GRD,2016,2.7,1.78124,8.635,1.54,5.83643,207689282.82589,4.039,85.09226,4.48199,53.72278,
GRD,2017,2.7,1.75042,8.3125,1.4475,6.68431,199125887.28547,3.31245,82.73183,3.09129,51.06691,
GRD,2018,2.7,1.70419,7.8357,1.38534,8.59988,233815853.80738,3.61164,87.21793,9.24622,50.6457,
GRD,2019,2.7,1.7177,7.57103,1.33825,4.10684,236325345.08547,3.45702,82.14033,-2.0296,49.54707,
GRD,2020,2.7,1.68616,6.8332,1.16757,7.15465,293320432.16645,5.53484,94.37633,-1.20666,59.39717,
GRD,2021,2.7,1.69825,6.5453,1.17162,3.71657,348259248.62005,5.66232,95.20332,8.49568,57.31611,
GRD,2022,2.7,1.61123,6.43838,0.89057,4.72111,371767322.52309,4.99827,95.91587,9.8863,53.63006,
GRD,2023,2.7,1.62456,6.93002,0.89894,2.36887,404129916.31462,4.45044,89.04389,1.36128,50.98697,
GRD,2024,2.7,1.56626,6.88683,0.95351,8.24766,423263143.56803,4.65136,94.05957,8.4388,54.85136,
GRL,1960,6.90714,,,,,,,,,,
GRL,1961,6.90714,,,,,,,,,,
GRL,1962,6.90714,,,,,,,,,,
GRL,1963,6.90714,,,,,,,,,,
GRL,1964,6.90714,,,,,,,,,,
GRL,1965,6.90714,,,,,,,,,,
GRL,1966,6.90714,,,,,,,,,,
GRL,1967,7.00595,,,,,,,,,,
GRL,1968,7.5,,,,,,,,,,
GRL,1969,7.5,,,,,,,,,,
GRL,1970,7.5,,,,,,,,,,
GRL,1971,7.4176,,,,,,,,,,
GRL,1972,6.94929,,,,,,,,,,
GRL,1973,6.0495,,,,,,,,,,
GRL,1974,6.0949,,,,,,,,,,
GRL,1975,5.74615,,,,,,,,,,
GRL,1976,6.04502,,,,,,,,,,
GRL,1977,6.00319,,,,,,,,,,
GRL,1978,5.51462,,,,,,,,,,
GRL,1979,5.26096,,,,,,,,,,
GRL,1980,5.63594,,,,,,,,,,
GRL,1981,7.12337,,,,,,,,,,
GRL,1982,8.33244,,,,,,,,,,
GRL,1983,9.14499,,,,,,,,,,
GRL,1984,10.35659,,,,,,,,,,
GRL,1985,10.59639,,,,,,,,,,
GRL,1986,8.09099,,,,,,,,,,
GRL,1987,6.84032,,,,,,,,,,
GRL,1988,6.73153,,,,,,,,,,
GRL,1989,7.31018,,,,,,,,,,
GRL,1990,6.18856,5.53999,,,,,,,,,
GRL,1991,6.39646,5.5316,,,,,,,,,
GRL,1992,6.03613,5.49195,,,,,,,,,
GRL,1993,6.48394,5.42069,,,,,,,,,
GRL,1994,6.36055,5.33223,,,,,,,,,
GRL,1995,5.60237,5.33009,,,,,,,,,
GRL,1996,5.79867,5.28557,,,,,,,,,
GRL,1997,6.60446,5.22178,,,,,,,,,
GRL,1998,6.70083,5.21427,,,,,,,,,
GRL,1999,6.97624,5.19603,,,,,,,,,
GRL,2000,8.08314,5.18815,,,,,,,,,
GRL,2001,8.32282,5.24653,,,,,,,,,
GRL,2002,7.89471,5.32656,,,,,,,,,
GRL,2003,6.58767,5.56468,,,,,,,,,
GRL,2004,5.99106,5.38978,,,,,,,,,
GRL,2005,5.99691,5.05717,,,,,,,,,
GRL,2006,5.94678,5.01569,,,,,,,,,
GRL,2007,5.4437,4.88107,,,,,,,,,
GRL,2008,5.09813,4.69239,,,,,,,,,
GRL,2009,5.36087,4.92192,,,,,,,,,
GRL,2010,5.62408,4.96142,,,,,,,,,
GRL,2011,5.36871,5.00133,,,,,,,,,
GRL,2012,5.79248,5.07906,,,,,,,,,
GRL,2013,5.61631,5.04738,,,,,,,,,
GRL,2014,5.61247,5.0101,,,,,,,,,
GRL,2015,6.72791,5.36832,,,,,,,,,
GRL,2016,6.73172,5.50592,,,,,,,,,
GRL,2017,6.60289,5.58574,,,,,,,,,
GRL,2018,6.31462,5.57271,,,,,,,,,
GRL,2019,6.66945,5.53253,,,,,,,,,
GRL,2020,6.54215,5.51686,,,,,,,,,
GRL,2021,6.28711,5.27413,,,,,,,,,
GRL,2022,7.07615,5.19915,,,,,,,,,
GRL,2023,6.8897,5.11209,,,,,,,,,
GRL,2024,6.89448,,,,,,,,,,
GTM,1960,1.0,,,,,54465080.0,,12.88808,,,
GTM,1961,1.0,,,,,54861645.0,,13.02127,4.23792,,
GTM,1962,1.0,,,,,45845998.0,,13.1602,7.34665,,
GTM,1963,1.0,,,,,56752800.0,,13.28001,11.42857,,
GTM,1964,1.0,,,,,59627352.0,,14.79486,14.60942,,
GTM,1965,1.0,,,,,67884400.0,,15.61514,8.16857,,
GTM,1966,1.0,,,,,60807566.0,,16.70382,11.73641,,
GTM,1967,1.0,,,,,65213280.0,,17.92226,12.13947,,
GTM,1968,1.0,,,,,69463170.0,,17.42937,7.75432,,
GTM,1969,1.0,,,,,74213280.0,,18.36889,12.25508,,
GTM,1970,1.0,,,,,79445000.0,,18.38761,11.10758,,
GTM,1971,1.0,,,,,96235485.49614,,19.60903,11.16824,,
GTM,1972,1.0,,,,,148136483.00423,,22.98577,24.10072,,
GTM,1973,1.0,,,,,246465603.34424,,23.01495,22.42236,,
GTM,1974,1.0,,,,,272939435.37278,,21.33165,14.05378,,
GTM,1975,1.0,,,,,352684550.24051,,22.68301,22.62752,,
GTM,1976,1.0,,,,,557262955.65403,,24.78409,30.82225,,
GTM,1977,1.0,,,,,752484050.52132,6.01706,23.43947,18.73556,,
GTM,1978,1.0,,,,,857805069.17833,5.93226,24.06681,13.7319,,
GTM,1979,1.0,,,,,963704547.92953,6.13759,22.71608,7.32375,,
GTM,1980,1.0,,,,,752585368.72343,4.286,22.01378,10.61224,,
GTM,1981,1.0,,,,,357328890.23595,1.95841,22.61284,12.22325,,
GTM,1982,1.0,,,,,350871963.22365,2.37343,25.71756,15.17674,,
GTM,1983,1.0,,,,,409283288.88272,3.36512,24.43757,-1.34713,,
GTM,1984,1.0,,,,,435385509.13953,3.13358,26.05174,11.55272,,
GTM,1985,1.0,,,,,471692100.0,3.8841,29.30617,32.8037,,
GTM,1986,1.875,,,,,566267070.0,5.24362,24.97664,20.73617,,
GTM,1987,2.5,,,,,540889873.28122,3.59973,24.1957,8.32954,,
GTM,1988,2.61958,,,,,415722233.49504,2.5728,24.9725,19.72557,,
GTM,1989,2.81612,,,,,523525190.23313,3.03244,25.20119,16.33727,,
GTM,1990,4.48576,1.0019,,,,361810500.0,2.14057,21.24607,22.15186,,
GTM,1991,5.02888,1.2887,,,,880813440.0,4.81297,22.89422,48.53244,,
GTM,1992,5.17063,1.37163,,,,805843233.57522,3.15687,24.19635,20.6196,,
GTM,1993,5.63536,1.53422,,,,949519630.53638,3.61768,21.61006,6.28134,,
GTM,1994,5.7512,1.67823,,,,943368756.06041,3.34419,19.30395,3.82554,,
GTM,1995,5.81034,1.78624,,,,783330201.74811,2.38984,19.55982,15.55699,,
GTM,1996,6.04951,1.91024,,,,947831661.88154,2.98514,18.44414,5.72569,,
GTM,1997,6.06527,2.03292,18.6375,5.8275,9.58841,1172972876.9883,3.12494,20.4652,25.36201,,
GTM,1998,6.39465,2.20136,16.56417,5.44333,6.44893,1396986433.00272,3.14956,21.26726,19.47637,,
GTM,1999,7.38561,2.28008,19.51167,7.96167,13.7756,1251693023.56377,2.83557,21.19413,8.70747,,
GTM,2000,7.76316,2.38185,20.88167,10.17083,13.15318,1805677836.93431,3.61702,23.25457,21.44603,,
GTM,2001,7.85859,2.50626,18.9575,8.75417,26.02785,2352244046.49423,4.36267,32.95537,36.88537,22.76671,
GTM,2002,7.82165,2.62756,16.86417,6.915,9.76338,2373309197.37449,3.8819,32.2797,8.29014,21.56157,
GTM,2003,7.94085,2.6919,14.97833,4.7825,10.05741,2924966747.99472,4.50064,43.7283,45.14745,26.65441,
GTM,2004,7.9465,2.77932,13.81083,4.19,7.34455,3522289948.24634,3.94606,44.31206,10.81061,26.63085,
GTM,2005,7.63394,2.84758,13.03333,4.34917,6.96982,3777008774.18746,3.81317,46.17545,13.71925,25.76644,
GTM,2006,7.60263,2.89999,12.7625,4.50333,7.41195,4055245980.59448,3.51921,47.17521,12.99392,28.82849,
GTM,2007,7.6733,3.0244,12.83667,4.76333,5.34127,4314534130.36889,3.25419,45.67665,10.28575,28.64103,
GTM,2008,7.56003,3.24637,13.39167,5.07917,3.64159,4653932355.47204,3.44954,43.86044,8.51729,27.76136,
GTM,2009,8.16156,3.34263,13.84917,5.57667,9.89283,5204831199.87506,4.66847,46.91585,11.34567,25.75636,
GTM,2010,8.05777,3.47216,13.34167,5.4525,7.8032,5948553459.3899,4.53206,47.30378,9.06435,24.21806,
GTM,2011,7.78542,3.63653,13.43,5.24417,6.11383,6174185213.17611,3.96017,45.55742,7.23498,23.96394,
GTM,2012,7.83361,3.54711,13.48667,5.29333,9.77862,6693770270.58643,4.1454,46.80182,9.36068,32.17208,
GTM,2013,7.85681,3.51432,13.5975,5.45167,9.90641,7269204343.62925,4.30235,47.83643,9.54658,33.13096,
GTM,2014,7.73223,3.46322,13.77333,5.4775,10.60949,7330866098.16639,4.13607,48.03379,7.87471,33.49615,
GTM,2015,7.65482,3.33603,13.2275,5.46583,10.75586,7745916506.07283,4.48656,49.24121,9.09003,35.26221,
GTM,2016,7.59994,3.35348,13.10167,5.475,10.12049,9152627961.3824,5.39253,49.65775,6.34959,35.70285,
GTM,2017,7.34794,3.32419,13.05417,5.37,11.11199,11765104230.82966,6.41021,50.80432,7.30329,35.16762,
GTM,2018,7.51916,3.29056,12.92333,5.1725,11.50547,12583121641.77326,6.4048,53.19551,9.65064,35.04891,
GTM,2019,7.6967,3.2287,12.74083,5.00833,8.85912,14784046764.66839,7.41037,53.70072,8.75011,34.07723,
GTM,2020,7.72165,3.15826,12.52583,4.62833,9.38399,18463562201.53518,10.21736,62.75243,18.06585,35.85073,
GTM,2021,7.73439,3.21316,12.1875,4.1375,8.78202,20934881434.61347,8.23944,60.83777,8.02432,35.66149,
GTM,2022,7.74824,3.19045,11.92333,3.90667,5.21874,20414938168.42237,6.54186,58.74357,7.00837,36.59484,
GTM,2023,7.83197,3.28104,11.96167,4.2075,5.08882,21311089849.38632,6.92589,56.48293,6.05939,37.1321,
GTM,2024,7.75854,3.32078,12.395,4.93417,8.42792,24412418011.78458,7.38533,56.88675,8.21237,36.78349,
GUM,1960,1.0,,,,,,,,,,
GUM,1961,1.0,,,,,,,,,,
GUM,1962,1.0,,,,,,,,,,
GUM,1963,1.0,,,,,,,,,,
GUM,1964,1.0,,,,,,,,,,
GUM,1965,1.0,,,,,,,,,,
GUM,1966,1.0,,,,,,,,,,
GUM,1967,1.0,,,,,,,,,,
GUM,1968,1.0,,,,,,,,,,
GUM,1969,1.0,,,,,,,,,,
GUM,1970,1.0,,,,,,,,,,
GUM,1971,1.0,,,,,,,,,,
GUM,1972,1.0,,,,,,,,,,
GUM,1973,1.0,,,,,,,,,,
GUM,1974,1.0,,,,,,,,,,
GUM,1975,1.0,,,,,,,,,,
GUM,1976,1.0,,,,,,,,,,
GUM,1977,1.0,,,,,,,,,,
GUM,1978,1.0,,,,,,,,,,
GUM,1979,1.0,,,,,,,,,,
GUM,1980,1.0,,,,,,,,,,
GUM,1981,1.0,,,,,,,,,,
GUM,1982,1.0,,,,,,,,,,
GUM,1983,1.0,,,,,,,,,,
GUM,1984,1.0,,,,,,,,,,
GUM,1985,1.0,,,,,,,,,,
GUM,1986,1.0,,,,,,,,,,
GUM,1987,1.0,,,,,,,,,,
GUM,1988,1.0,,,,,,,,,,
GUM,1989,1.0,,,,,,,,,,
GUM,1990,1.0,,,,,,,,,,
GUM,1991,1.0,,,,,,,,,,
GUM,1992,1.0,,,,,,,,,,
GUM,1993,1.0,,,,,,,,,,
GUM,1994,1.0,,,,,,,,,,
GUM,1995,1.0,,,,,,,,,,
GUM,1996,1.0,,,,,,,,,,
GUM,1997,1.0,,,,,,,,,,
GUM,1998,1.0,,,,,,,,,,
GUM,1999,1.0,,,,,,,,,,
GUM,2000,1.0,,,,,,,,,,
GUM,2001,1.0,,,,,,,,,,
GUM,2002,1.0,,,,,,,,,,
GUM,2003,1.0,,,,,,,,,,
GUM,2004,1.0,,,,,,,,,,
GUM,2005,1.0,,,,,,,,,,
GUM,2006,1.0,,,,,,,,,,
GUM,2007,1.0,,,,,,,,,,
GUM,2008,1.0,,,,,,,,,,
GUM,2009,1.0,,,,,,,,,,
GUM,2010,1.0,,,,,,,,,,
GUM,2011,1.0,,,,,,,,,,
GUM,2012,1.0,,,,,,,,,,
GUM,2013,1.0,,,,,,,,,,
GUM,2014,1.0,,,,,,,,,,
GUM,2015,1.0,,,,,,,,,,
GUM,2016,1.0,,,,,,,,,,
GUM,2017,1.0,,,,,,,,,,
GUM,2018,1.0,,,,,,,,,,
GUM,2019,1.0,,,,,,,,,,
GUM,2020,1.0,,,,,,,,,,
GUM,2021,1.0,,,,,,,,,,
GUM,2022,1.0,,,,,,,,,,
GUM,2023,1.0,,,,,,,,,,
GUM,2024,1.0,,,,,,,,,,
GUY,1960,1.71429,,,,,14740000.0,,21.31597,,,
GUY,1961,1.71429,,,,,15090000.0,,19.08349,-2.2508,,
GUY,1962,1.71429,,,,,15090000.0,,21.48414,18.09211,,
GUY,1963,1.71429,,,,,16900000.0,,27.91238,17.13092,,
GUY,1964,1.71429,,,,,16550000.0,,28.63133,13.6742,,
GUY,1965,1.71429,,,,,20120000.0,,28.02759,6.27615,,
GUY,1966,1.71429,,,,,16900000.0,,28.08642,7.48031,,
GUY,1967,1.7381,,,,,18850000.0,,30.12109,17.31227,,
GUY,1968,2.0,,,,,23550000.0,,31.35016,12.44994,,
GUY,1969,2.0,,,,,20550000.0,,31.43923,8.81753,,
GUY,1970,2.0,,,,,20400000.0,,31.29593,6.93115,,
GUY,1971,1.98866,,,,,26156006.73401,,34.4345,15.88345,,
GUY,1972,2.08727,,,,,36750300.20636,,38.88537,19.9722,,
GUY,1973,2.10618,,,,,13973635.32767,,42.69913,18.14452,,
GUY,1974,2.22686,,,,,62572063.77264,,34.0949,18.2258,,
GUY,1975,2.35538,,,,,100496676.04395,,38.21154,39.4029,,
GUY,1976,2.55,,,,,27282883.55441,,43.68233,9.36901,,
GUY,1977,2.55,,,,,22976165.3993,0.74699,55.27927,25.27853,,
GUY,1978,2.55,,,,,58265716.41209,2.07559,54.11288,10.33623,,
GUY,1979,2.55,,,,,17528049.95815,0.52817,56.08702,8.42302,,
GUY,1980,2.55,,,,,12700000.0,0.28315,56.63382,14.82555,17.94158,
GUY,1981,2.8125,,13.5,11.0,8.77822,6910512.83983,0.14911,62.43106,16.74235,21.81835,
GUY,1982,3.0,,14.375,11.58333,9.65711,10557048.30823,0.31837,86.2843,25.13952,29.38665,
GUY,1983,3.0,,15.0,12.0,5.58238,6490000.0,0.20404,102.35279,20.4275,33.66649,
GUY,1984,3.83157,,15.0,12.0,-3.58961,5850000.0,0.2031,107.33198,18.79432,34.78033,
GUY,1985,4.25185,,15.0,12.0,0.42782,6470000.0,0.21968,113.23908,23.71134,33.59431,
GUY,1986,4.27242,,15.0,12.0,2.41033,9000000.0,,124.01798,21.87466,38.04254,
GUY,1987,9.75583,,15.0,11.08333,-27.54117,8430000.0,,111.36397,43.79877,34.24932,
GUY,1988,10.0,,15.06917,12.0,-6.93663,4040000.0,,126.02424,34.75505,45.35885,
GUY,1989,27.15875,,18.9375,15.8075,-54.69842,13350000.0,,75.58314,49.72029,28.29848,
GUY,1990,39.53333,17.27428,32.75,29.175,-15.14569,28679759.2864,,75.73515,51.95068,29.60979,
GUY,1991,111.81067,39.18938,33.55,29.52917,-43.05818,124416126.67897,,52.23557,71.56326,18.73049,
GUY,1992,125.0025,42.64623,28.6875,22.50917,15.62142,188080001.2375,3.29941,70.36362,61.55817,21.4721,
GUY,1993,126.73044,48.72031,19.3625,12.2575,2.06207,247450000.0,4.0196,67.39376,21.17203,20.89848,
GUY,1994,138.29024,55.60711,18.36083,11.4175,1.53418,247126598.20468,3.80336,61.38402,15.23671,21.85246,
GUY,1995,141.98917,61.19252,19.22,12.9,6.11321,268938846.60665,3.85023,64.54107,24.07375,28.00713,
GUY,1996,140.375,62.45435,17.79333,10.48833,13.33847,329676783.98463,4.95941,69.65452,21.08806,42.04798,
GUY,1997,142.40083,62.28171,17.04417,8.56417,15.37896,315505363.43422,4.43177,71.68315,10.85018,48.24011,
GUY,1998,150.51917,63.41879,16.7675,8.1,13.39943,276599938.61014,4.15731,76.32144,7.79196,56.06949,
GUY,1999,177.995,69.54424,17.10833,9.075,5.3033,268276095.79311,4.18636,73.46653,10.21938,57.07516,
GUY,2000,182.43,72.48259,17.30167,8.70833,10.0535,304956640.97332,4.50065,76.83455,9.95214,57.12285,
GUY,2001,187.32083,71.11468,17.0075,7.63196,16.63198,287255329.33861,4.29594,87.50179,16.85442,60.72086,
GUY,2002,190.665,71.86029,16.325,4.52667,13.35648,284472829.48316,4.419,91.1632,8.12363,62.1191,
GUY,2003,193.87833,73.79414,14.9919,3.18286,9.81043,276387312.12045,4.37957,95.91131,9.47614,57.54798,
GUY,2004,198.3075,76.73051,14.54167,2.68319,7.27362,231844788.06082,3.30116,96.99596,9.6709,53.20105,
GUY,2005,199.875,80.07616,14.54083,2.58875,6.41852,251872586.3639,3.14752,97.43526,6.01053,57.12243,
GUY,2006,200.18833,82.05194,14.54097,2.53576,-58.32717,279636390.84738,2.97756,39.44828,16.98896,22.65816,
GUY,2007,202.34667,90.02739,14.61083,2.47333,5.91421,313007749.40601,2.88238,38.44487,13.0423,22.35728,
GUY,2008,203.63333,96.7649,14.5825,2.37354,4.58926,355913639.67407,2.50516,38.7071,12.23806,21.8394,
GUY,2009,203.95,97.2807,14.54141,2.32391,13.23567,631410304.73145,5.02281,40.79369,10.45609,23.34804,
GUY,2010,203.63583,99.93049,14.5417,2.26808,10.16564,782063529.784,5.17313,43.63265,15.81027,24.5138,
GUY,2011,204.0175,100.26947,14.4514,1.94097,11.75878,801777696.09364,4.2469,45.8978,13.32352,26.4372,
GUY,2012,204.35833,104.69806,13.86111,1.52313,8.72119,864028135.12836,4.06613,46.99702,12.89387,28.76781,
GUY,2013,205.39417,101.90793,13.5,1.13368,14.11242,783621040.87228,3.91358,48.16764,5.66508,31.97334,
GUY,2014,206.44917,101.37541,12.83333,1.07292,15.26002,667925088.816,3.56888,50.1324,3.60607,36.65987,
GUY,2015,206.5,102.0948,12.83333,1.11458,9.54234,531887027.917,3.50429,50.11296,3.67215,36.50224,
GUY,2016,206.5,105.27061,13.0,1.16667,11.9941,580981472.73726,3.65499,50.44276,5.42913,34.95273,
GUY,2017,206.5,104.2123,13.0,1.05,10.66604,565363504.40114,3.26024,47.29309,-0.69158,34.06939,
GUY,2018,207.71667,100.97247,13.0,0.99444,16.35988,518509369.45431,1.85985,49.41803,5.98235,36.57044,
GUY,2019,208.5,100.86982,10.47917,0.87847,7.30176,573446281.43352,1.27737,52.10923,14.37973,37.09275,
GUY,2020,208.5,83.99429,9.46528,0.84722,48.52033,680634183.68042,1.96395,56.42205,14.50249,39.17572,
GUY,2021,208.5,89.91507,8.875,0.79514,-11.0627,790784502.11902,1.33844,43.67541,13.77076,30.82862,
GUY,2022,208.5,94.05369,8.41667,0.775,-3.25162,917877051.38966,1.30184,27.55999,15.49753,20.18756,
GUY,2023,208.5,77.9982,8.375,0.775,26.14422,895275181.19415,0.84994,29.27134,22.08586,19.92858,
GUY,2024,208.5,77.19151,8.375,0.775,6.9221,1009772163.61402,,24.61135,22.56645,14.95111,
HKG,1960,5.7143,,,,,,,,,,
HKG,1961,5.7143,,,,,,,,,,
HKG,1962,5.7143,,,,,,,,,,
HKG,1963,5.7143,,,,,,,,,,
HKG,1964,5.7143,,,,,,,,,,
HKG,1965,5.7143,,,,,,,,,,
HKG,1966,5.7143,,,,,,,,,,
HKG,1967,5.74316,,,,,,,,,,
HKG,1968,6.0606,,,,,,,,,,
HKG,1969,6.0606,,,,,,,,,,
HKG,1970,6.0606,,,,,,,,,,
HKG,1971,5.98041,,,,,,,,,,
HKG,1972,5.64142,,,,,,,,,,
HKG,1973,5.1465,,,,,,,,,,
HKG,1974,5.03158,,,,,,,,,,
HKG,1975,4.93517,,,,,,,,,,80.61274
HKG,1976,4.90475,,,,,,,,,,90.86422
HKG,1977,4.662,,,,,,,,,,66.97639
HKG,1978,4.68367,,,,,,,,,,70.60062
HKG,1979,5.00267,,,,,,,,,,98.64325
HKG,1980,4.97608,,,,,,,,,,135.17252
HKG,1981,5.58933,,,,,,,,,,125.52135
HKG,1982,6.06992,,,,,,,,,,67.16173
HKG,1983,7.26517,,,,,,,,,,65.39613
HKG,1984,7.818,,,,,,,,,,70.4762
HKG,1985,7.79075,,,,,,,,,,96.90126
HKG,1986,7.80333,,,,,,,,,,131.08521
HKG,1987,7.79825,,,,,,,,,,106.81673
HKG,1988,7.806,,,,,,,,,,124.62012
HKG,1989,7.79992,,,,,,,,,,112.75649
HKG,1990,7.78975,5.75561,10.0,,2.26381,24655780000.0,,,,160.53823,108.39359
HKG,1991,7.77117,6.07621,9.41667,,0.25313,28888620800.0,,175.73457,,137.25538,137.00641
HKG,1992,7.74058,6.52892,7.33333,,-2.33486,35249981000.0,,163.28838,8.48272,129.52102,164.93657
HKG,1993,7.73558,6.92707,6.5,,-1.94542,43012564199.32,,162.02423,14.45521,134.90886,319.92461
HKG,1994,7.72842,7.21097,7.375,3.54,0.9911,49277061000.0,,160.58535,11.73766,143.51864,198.44217
HKG,1995,7.73583,7.35526,8.89583,5.6275,4.56724,55423912250.0,,166.66565,10.64827,149.41225,209.95538
HKG,1996,7.73425,7.648,8.52083,4.64333,2.49058,63832739750.0,,169.83278,12.49048,156.66789,281.25712
HKG,1997,7.74208,7.95142,8.89583,5.97759,2.96488,92823443400.67,,166.11053,8.71755,169.28001,233.05057
HKG,1998,7.74533,7.95897,9.89583,6.62167,8.57139,89669416282.79205,4.69762,193.76898,11.12778,166.80471,203.4317
HKG,1999,7.7575,7.52649,8.5,4.49917,13.13366,96255446750.0,5.20437,213.46813,8.30268,152.79265,366.87361
HKG,2000,7.79117,7.10997,9.27083,4.80083,13.11003,107560388150.0,4.92245,224.38505,9.32821,150.35136,363.13961
HKG,2001,7.79875,6.83004,6.84375,2.3775,8.77341,111173525500.0,5.45686,226.53433,-0.27696,148.97663,298.73671
HKG,2002,7.79892,6.49674,5.10417,0.345,8.8056,111918964250.0,5.43792,231.95831,0.54965,145.70782,278.36374
HKG,2003,7.78675,5.9882,5.0,0.06667,11.71133,118388035750.0,5.29568,254.4958,6.27655,146.23146,442.78887
HKG,2004,7.788,5.62199,5.02083,0.025,8.93247,123569257524.0,4.66223,262.8216,8.22522,144.76196,509.44063
HKG,2005,7.77733,5.44289,6.20833,1.26083,6.36798,124278371000.0,4.08874,257.68853,5.1328,143.1277,581.04495
HKG,2006,7.76783,5.25182,7.91667,2.7,8.49698,133210591900.0,3.83208,276.87206,14.38558,136.80032,886.11844
HKG,2007,7.80142,5.27372,7.5625,2.42333,4.29043,152692861250.0,3.81002,290.57775,15.24066,136.67974,1254.46805
HKG,2008,7.78683,5.24034,5.3125,0.44833,3.98001,182527273250.0,4.29719,289.01722,2.88117,140.28575,605.9723
HKG,2009,7.75175,5.18866,5.0,0.01083,5.39566,255840862500.0,6.68012,315.7007,6.14632,155.42616,1076.92901
HKG,2010,7.76917,5.14023,5.0,0.01,4.7166,,,315.26443,6.9087,185.58191,1185.85197
HKG,2011,7.784,5.23264,5.0,0.01,1.06078,285398502220.2723,5.2793,323.8436,11.86371,202.29275,908.61628
HKG,2012,7.75642,5.46311,5.0,0.01,1.40537,317362272179.5614,5.43413,336.2526,9.34047,198.53151,1078.30716
HKG,2013,7.756,5.56566,5.0,0.01,3.13079,311209660700.802,4.93531,353.91534,10.4841,218.16039,1124.7052
HKG,2014,7.75408,5.73437,5.0,0.01,2.09016,328516955803.6927,5.07824,363.36568,8.51363,233.211,1109.25363
HKG,2015,7.75175,5.86912,5.0,0.01,1.30875,358772789814.908,5.68447,365.58762,6.76725,207.89933,1029.41895
HKG,2016,7.76225,5.98074,5.0,0.01,3.30754,386293451174.8911,6.19103,375.03876,6.53405,214.30018,995.21049
HKG,2017,7.79325,6.0704,5.0,0.01,2.06008,431441967070.6776,6.40111,396.15179,12.79762,223.37187,1274.78907
HKG,2018,7.8385,6.24729,5.04167,0.04417,1.33334,424619925347.1879,5.8377,386.09877,3.90524,219.90812,1055.81624
HKG,2019,7.83592,6.18962,5.10417,0.13833,2.99789,441349592235.7621,6.34554,403.31407,4.81219,236.74007,1349.37429
HKG,2020,7.75725,6.147,5.0,0.05833,4.334,491775722027.41614,7.56065,454.70322,6.03556,258.90284,1777.22632
HKG,2021,7.77325,5.87204,5.0,0.02,4.28709,496867134129.408,6.46691,437.79821,3.19734,259.18399,1472.85966
HKG,2022,7.83142,5.57381,5.10417,0.05167,3.3588,424029810371.0159,5.71719,461.60933,3.2696,264.44211,1273.22822
HKG,2023,7.82958,5.53586,5.77083,0.49,2.79697,425554111033.1822,5.68845,451.44869,3.87224,248.60794,1043.13246
HKG,2024,7.80383,5.61187,5.73958,0.53417,1.84475,,,453.87124,6.99616,231.03777,1118.24283
HND,1960,2.0,,,,,13320360.0,,10.6591,,,
HND,1961,2.0,,,,,12328965.0,,10.55037,4.73373,,
HND,1962,2.0,,,,,13298717.0,,11.2311,12.6177,,
HND,1963,2.0,,,,,12449272.0,,11.79765,9.19732,,
HND,1964,2.0,,,,,19699408.0,,12.34986,11.79173,,
HND,1965,2.0,,,,,23388872.0,,13.15567,17.32877,,
HND,1966,2.0,,,,,27389089.0,,13.84093,11.85055,,
HND,1967,2.0,,,,,25089680.0,,13.06345,2.40084,,
HND,1968,2.0,,,,,31572460.0,,13.69796,13.8634,,
HND,1969,2.0,,,,,30929680.0,,15.73899,18.97941,,
HND,1970,2.0,,,,,20245847.0,,16.78461,14.22122,,
HND,1971,2.0,,,,,21909547.55849,,17.52308,10.639,,
HND,1972,2.00001,,,,,35288349.76974,,18.57566,13.99226,,
HND,1973,2.0,,,,,42003962.10907,,20.68599,21.91173,,
HND,1974,2.0,,,,,44880473.82395,1.13789,19.32019,2.89203,,
HND,1975,2.0,,,,,97403996.28335,2.43181,20.31503,12.51301,,
HND,1976,2.0,,,,,131248196.82337,2.70917,22.26137,30.94004,,
HND,1977,2.0,,,,,182048539.73168,2.96556,22.49961,20.87337,,
HND,1978,2.0,,,,,187554521.37365,2.55466,21.5445,20.58927,,
HND,1979,2.0,,,,,216235743.61305,2.42111,20.20764,8.89083,,
HND,1980,2.0,,,,,159257508.25195,1.4636,19.32389,9.58063,,
HND,1981,2.0,,,,,107377896.96862,1.0447,19.14016,8.92175,,
HND,1982,2.0,,16.5,,17.66113,119538465.15151,1.37697,22.15499,19.64192,,
HND,1983,2.0,,16.1,,17.07236,119720761.7721,1.3319,24.44702,17.08442,,
HND,1984,2.0,,16.2,,13.35196,133089633.53116,1.26792,25.78972,10.69336,,
HND,1985,2.0,,16.3,9.925,13.33694,111032000.0,1.03286,23.61782,-1.64053,,
HND,1986,2.0,,16.11667,9.7,12.70675,117554400.0,1.08487,23.72984,9.24431,,
HND,1987,2.0,,15.54167,9.61667,10.0964,113745600.0,1.0327,27.19511,22.364,,
HND,1988,2.0,,15.375,8.625,9.41288,56564000.0,0.48686,27.29059,13.83461,,
HND,1989,2.0,,15.425,8.575,11.08105,27516000.0,0.22802,27.78465,13.3329,,
HND,1990,,5.70953,17.05,8.775,17.20754,46574226.57239,0.40374,27.68541,20.57631,,
HND,1991,,5.61196,21.875,11.45,19.93791,112325600.0,0.94583,25.63032,18.57506,,
HND,1992,,5.79942,21.68333,12.34167,15.12646,204581800.81719,1.55694,27.73592,24.71286,,
HND,1993,,6.00589,22.05833,11.6,15.13304,105511001.21762,0.73909,25.6468,11.3983,,
HND,1994,,5.76217,24.675,11.55833,27.23166,179216200.15482,1.13177,26.02139,28.27301,,
HND,1995,,5.87531,26.95,11.96667,21.94849,269727725.80142,1.53363,25.84081,28.88708,,
HND,1996,,5.9502,29.74167,16.7,25.80568,257091853.305,1.21194,28.29481,38.84633,,
HND,1997,,6.15822,32.06667,21.28333,25.44219,586584252.56117,2.52014,35.37754,61.15744,,
HND,1998,,6.21977,30.6925,18.5825,27.9612,824230862.50812,3.21035,37.33843,20.2741,,
HND,1999,,6.04326,30.1525,19.96583,32.08477,1263788828.14533,4.6696,40.55263,19.4079,,
HND,2000,14.84062,6.2666,26.82417,15.93417,19.59519,1318911702.08956,4.23212,40.26603,15.41627,,
HND,2001,15.47682,6.62406,23.76417,14.47667,14.50702,1421477787.98415,4.42512,45.08789,24.32327,36.68357,
HND,2002,16.43706,6.85744,22.69143,13.74468,16.70233,1531434578.91108,4.72276,46.61543,12.77447,36.03207,
HND,2003,17.35249,7.11199,20.80413,11.4838,14.22507,1438959955.79707,3.95616,47.27881,12.14217,37.19105,
HND,2004,18.20972,7.3726,19.8764,11.09473,12.61077,1979756033.05793,4.50463,49.36278,18.07104,37.81437,
HND,2005,18.83234,7.66881,18.83108,10.8975,10.76809,2338186932.81308,4.66364,50.90559,17.32604,38.84176,
HND,2006,18.89521,7.8373,17.43667,9.33167,11.47428,2642084905.68856,4.53592,55.13097,21.58581,44.72935,
HND,2007,18.8951,8.13613,16.605,7.78333,9.35939,2545868542.49309,3.62451,56.78704,16.62495,52.27042,
HND,2008,18.90376,8.6042,17.93667,9.49083,9.41284,2491985114.90881,2.95592,52.99969,4.85861,51.29183,
HND,2009,18.8951,9.20597,19.445,10.81667,10.95296,2109755373.29455,3.36979,50.74448,0.56655,50.33822,
HND,2010,18.8951,9.52074,18.86466,9.81369,13.55479,2701658713.56721,3.73561,51.34963,9.87654,47.46225,
HND,2011,18.91714,10.05656,18.55753,8.18216,9.97181,2783412545.8905,3.08226,51.55918,12.39919,47.30923,
HND,2012,19.50225,10.32343,18.4507,8.93492,14.35696,2531802698.50519,2.61967,51.15044,7.00123,51.27565,
HND,2013,20.35378,10.23821,20.08087,11.64743,18.45328,3008344136.25706,3.14602,53.15025,8.27796,54.72269,
HND,2014,20.98716,10.25761,20.61222,10.82268,12.88062,3458313625.72098,3.50932,54.67464,13.27513,55.08694,
HND,2015,21.94517,10.28603,20.65757,9.70042,12.83498,3754265677.88215,3.81504,53.10555,7.8524,54.5936,
HND,2016,22.83502,10.1594,19.33194,8.64421,15.09854,3813545536.14649,3.97852,58.09975,17.84398,57.8354,
HND,2017,23.48708,10.08326,19.25869,8.25449,14.10913,4708097401.41206,4.55788,59.61748,12.43671,57.7902,
HND,2018,23.90273,10.4576,17.80417,8.29833,15.55408,4769082161.53781,4.05377,60.93738,8.21091,62.81496,
HND,2019,24.50854,10.6014,17.33917,8.41833,13.52612,5744253369.31693,4.92944,63.39039,10.27153,64.46303,
HND,2020,24.58188,10.53458,17.00917,8.13,13.1595,8138457727.65673,8.34018,80.08346,18.92036,71.23046,
HND,2021,24.01666,10.58992,15.96583,5.80404,10.85993,8666862380.88312,5.99328,74.49699,9.53575,67.72705,
HND,2022,24.48587,10.80571,14.60704,4.27592,4.84359,8410394831.45325,4.84086,73.55333,12.39977,70.08416,
HND,2023,24.60165,11.06116,14.39864,5.93528,7.87488,7543352779.92798,4.30657,74.29087,10.94102,75.63082,
HND,2024,24.79928,11.35091,15.99907,8.90982,10.3692,8036257488.95927,4.45504,74.87566,9.69292,78.22344,
HRV,1990,,0.00084,,,,,,,,,
HRV,1991,,0.00162,,,,,,,,,
HRV,1992,0.2633,0.01101,,434.46699,,166800000.0,,,,,
HRV,1993,3.57915,0.16845,1443.60836,379.31278,-1.47953,616200823.71093,1.22936,,,,
HRV,1994,5.99801,0.34924,22.91086,6.5195,-41.95713,1404995142.26945,2.33391,,,,3.41169
HRV,1995,5.23076,0.42248,20.24333,5.52468,-2.64235,1895723866.40663,2.42011,,,,3.91777
HRV,1996,5.43416,0.43151,22.515,5.585,17.99074,2313998603.45799,2.71645,,,,12.34596
HRV,1997,6.16058,0.45441,15.4675,4.29667,8.02411,2539059849.80139,2.58822,,,,17.50886
HRV,1998,6.36329,0.48496,15.7525,4.62083,7.00046,2815737659.72276,3.04361,,,,11.31153
HRV,1999,7.11174,0.49723,14.94417,4.31083,11.04277,3024996087.37961,3.45513,,,,10.55157
HRV,2000,8.27767,0.50245,12.07333,3.74167,7.40046,3524350092.11558,4.52674,,,,12.39988
HRV,2001,8.34154,0.51405,9.54917,3.22917,5.10523,4703235109.76278,5.25064,,,,13.5584
HRV,2002,7.87168,0.51488,12.84,1.88917,8.66644,5884888203.90455,5.32807,,,,30.30815
HRV,2003,6.70497,0.52881,11.57667,1.52667,6.97616,8190523097.99716,5.51224,,,,17.38027
HRV,2004,6.03434,0.53202,11.74523,1.87333,7.83707,8758177307.55766,5.10713,,,,26.1941
HRV,2005,5.94924,0.5433,11.19112,1.71417,7.8328,8800316451.1043,4.66216,,,,28.69872
HRV,2006,5.83779,0.5196,9.93333,1.715,5.82832,11487840810.65639,5.31265,,,,58.4985
HRV,2007,5.36454,0.51295,9.33083,2.33583,4.83707,13674518992.79385,5.2702,,,,118.43855
HRV,2008,4.93504,0.51396,10.06917,2.82,4.30202,12957286637.21864,4.16864,,,,39.6164
HRV,2009,5.28395,0.50975,11.55417,3.20333,8.32315,14894514532.24778,6.50685,,,,42.71614
HRV,2010,5.49801,0.51425,10.37667,1.7575,9.37037,14132506400.12046,6.55272,,,,43.40151
HRV,2011,5.34387,0.49806,9.68417,1.6975,7.88233,14483805261.85847,6.04593,,,,35.87015
HRV,2012,5.85029,0.48631,9.48083,1.88167,7.95702,14807134321.33998,6.72861,,,69.23414,
HRV,2013,5.70488,0.4745,9.24667,1.52083,8.4468,17766773440.22977,7.86788,,,67.91378,35.89988
HRV,2014,5.74817,0.4703,8.58,1.35333,8.44054,15423620715.61234,6.723,,,66.7471,33.61502
HRV,2015,6.8583,0.46617,,,,14966894623.41563,7.34769,,,63.17977,36.10759
HRV,2016,6.80599,0.44887,,,,14244345198.20492,6.42146,,,58.99182,38.3296
HRV,2017,6.62383,0.44126,,,,18818215998.87137,7.51447,,,55.98352,40.51918
HRV,2018,6.27903,0.43945,,,,19991304927.88361,6.8936,,,54.27383,33.45851
HRV,2019,6.62255,0.42047,,,,20770636599.69093,7.08325,,,52.92546,36.53727
HRV,2020,6.61406,0.41033,,,,23253815166.03186,9.19303,,,59.14786,38.35412
HRV,2021,6.36008,0.40728,,,,28308830585.93132,8.38937,,,52.87516,30.41003
HRV,2022,7.15974,0.41629,,,,29726299387.32969,6.96885,,,50.54351,27.15792
HRV,2023,0.92484,0.42957,,,,3176284868.24805,0.72273,,,46.43983,29.61093
HRV,2024,0.92389,0.44842,,,,3335632832.65449,0.6934,,,46.86094,29.91572
HRV,2025,,0.46607,,,,,,,,,
HTI,1960,5.0,,,,,4300000.0,,10.13225,,3.67514,
HTI,1961,5.0,,,,,3000000.0,,11.4806,12.42775,4.13184,
HTI,1962,5.0,,,,,2200000.0,,11.37296,3.02057,4.0937,
HTI,1963,5.0,,,,,2600000.0,,11.49607,5.73924,4.29322,
HTI,1964,5.0,,,,,2100000.0,,10.52628,1.00295,4.05188,
HTI,1965,5.0,,,,,1400000.0,,9.69326,0.00467,4.04199,
HTI,1966,5.0,,,,,2200000.0,,8.74691,-5.75324,4.0101,
HTI,1967,5.0,,,,,1900000.0,,9.68303,10.75497,4.53885,
HTI,1968,5.0,,,,,2500000.0,,10.91359,12.35563,4.37211,
HTI,1969,5.0,,,,,3500000.0,,11.45555,11.76983,4.58118,
HTI,1970,5.0,,,,,4300000.0,,15.01298,10.77816,5.95568,
HTI,1971,5.0,,,,,10386868.25242,1.57895,15.98506,16.63375,6.03456,
HTI,1972,5.00002,,,,,17881732.81199,2.51738,20.51484,31.592,7.90043,
HTI,1973,5.00001,,,,,17031738.94955,2.03243,20.92391,27.98604,10.87266,
HTI,1974,5.0,,,,,19988172.68571,1.72883,20.65044,19.53952,13.9139,
HTI,1975,5.0,,,,,12646577.39167,0.9095,21.56657,25.86298,15.01629,
HTI,1976,5.0,,,,,28149129.32555,1.53834,23.09868,38.16335,14.47668,
HTI,1977,5.0,,,,,34769239.56076,1.50952,25.69861,19.86255,16.14665,
HTI,1978,5.0,,,,,40833162.09515,1.50398,29.38754,17.63913,20.80877,
HTI,1979,5.0,,,,,64132937.54999,2.23746,29.13881,9.98298,19.26967,
HTI,1980,5.0,,,,,26723324.25195,0.64347,28.0132,23.11166,16.53738,
HTI,1981,5.0,,,,,31125238.1861,0.69971,29.40358,12.21473,17.6675,
HTI,1982,5.0,,,,,12361644.80396,0.30354,30.48481,3.31276,17.65664,
HTI,1983,5.0,,,,,15761647.09608,0.36646,28.91901,4.47746,14.8108,
HTI,1984,5.0,,,,,18468623.16558,0.4033,29.38768,13.67541,14.36677,
HTI,1985,5.0,,,,,12211089.46221,0.25178,29.86334,12.42836,13.60698,
HTI,1986,5.0,,,,,22839801.19435,0.55551,28.2703,9.20413,11.5602,
HTI,1987,5.0,,,,,25620159.07474,0.5825,36.08451,12.72939,12.65299,
HTI,1988,5.0,,,,,20357775.95544,0.47496,25.34831,-10.30642,11.79605,
HTI,1989,5.0,,,,,19828758.60904,0.49746,33.32183,37.60724,13.35035,
HTI,1990,5.0,1.76739,,,,10167737.86196,0.22608,30.18903,2.51966,11.63069,
HTI,1991,6.03417,1.95935,,,,41497494.34944,0.90228,28.92571,11.87924,10.30149,
HTI,1992,9.80167,2.31623,,,,33250204.50781,1.53086,32.96241,30.4653,10.14785,
HTI,1993,12.8225,2.67748,,,,39307976.79563,1.55521,38.04162,29.1605,10.86392,
HTI,1994,15.04,4.10811,10.5,,-29.48664,58174903.96095,2.83113,36.24112,31.44975,10.17929,
HTI,1995,15.10973,4.66607,12.99375,,-2.56083,198778526.31249,2.86596,36.14764,27.11236,12.45413,
HTI,1996,15.70115,5.03933,20.08125,,9.18801,223092904.64431,3.38088,31.91768,1.12824,12.79007,
HTI,1997,16.6545,5.58438,14.2625,,1.36215,212775657.65742,2.82227,33.12003,20.13724,15.68877,
HTI,1998,16.76567,6.30414,15.75,,1.39508,263934070.11331,3.01191,31.01802,9.2449,14.13566,
HTI,1999,16.93789,6.65326,15.09375,,7.53269,264421954.53134,2.50889,34.89539,23.67416,14.46243,
HTI,2000,21.17067,7.22519,16.49375,,-39.12982,182507938.09891,1.58943,21.74628,20.30323,9.01797,
HTI,2001,24.42908,8.00222,17.85,,4.06334,141791473.952,1.2838,22.23504,15.39679,8.34335,
HTI,2002,29.25048,8.68516,17.9375,,7.00096,82171313.99518,0.78029,24.57149,23.08406,9.82698,
HTI,2003,42.36676,10.04884,23.20938,,4.42754,62581880.50063,0.5247,27.95317,38.89547,9.67396,
HTI,2004,38.35203,11.67462,25.2,,4.94294,189071925.39425,1.44156,25.03263,5.43021,8.28137,
HTI,2005,40.44855,12.45983,23.2,4.61667,11.9266,219055947.35269,1.39236,25.99575,17.81883,8.8627,
HTI,2006,40.40852,13.72105,26.36667,7.80833,11.31831,367815246.98156,2.04742,23.05171,2.44273,8.4702,
HTI,2007,36.86142,13.90848,23.08333,5.91667,18.22175,582010074.44074,2.90516,23.5708,11.46715,8.06217,
HTI,2008,39.10759,15.37514,17.81083,2.30458,4.55815,705361460.24731,2.94283,22.99516,12.845,8.68209,
HTI,2009,41.19761,17.05369,17.32917,1.13167,5.13228,1092529058.80375,4.64487,22.10334,13.59201,8.21109,
HTI,2010,39.7974,18.09471,17.48167,0.73583,9.39332,1934159446.98169,5.4005,27.51147,26.11598,7.79704,
HTI,2011,40.52282,18.49496,11.61,0.28167,6.98736,1923168994.80294,5.20164,26.80984,6.84309,8.51878,
HTI,2012,41.94972,20.00018,8.93417,0.45417,0.67128,2210669134.4783,6.31724,26.41884,7.1654,10.81496,
HTI,2013,43.46278,20.66375,8.7225,0.68333,0.59712,2444136223.79645,6.57968,25.2039,7.56612,10.76153,
HTI,2014,45.21598,21.1849,10.77333,2.61417,8.36865,1960922745.72932,4.93547,25.81918,7.73931,11.41523,
HTI,2015,50.70643,22.64507,12.92333,4.28583,7.33549,1902499197.97709,5.05359,29.95476,23.7661,10.76793,
HTI,2016,63.33582,24.46493,13.2325,5.635,-2.13539,2081778585.31216,5.82542,30.28996,19.11851,10.45528,
HTI,2017,64.76968,27.4248,12.74917,5.40917,-0.90588,2316457386.78663,5.73734,28.1766,8.49823,9.82632,
HTI,2018,68.03175,30.61845,13.1025,6.13167,6.16388,2273981843.67693,5.01841,30.99753,19.15642,11.20633,
HTI,2019,88.81497,35.14568,14.12167,7.88833,-4.74015,2355488437.86306,5.82409,29.94323,13.73163,10.3687,
HTI,2020,93.50981,41.55396,14.63417,5.3675,-3.41325,2590258526.98275,7.40225,27.19354,4.22344,8.60934,
HTI,2021,89.22664,47.49953,13.3475,4.93917,-5.02284,2457439221.85644,5.82005,31.43917,35.49316,8.31228,
HTI,2022,115.63072,57.54461,13.12,3.04833,-12.84043,2173397186.29319,4.76946,32.40512,31.52248,8.23905,
HTI,2023,141.03591,73.04944,14.21417,4.69583,-13.15302,2583016532.68436,5.79296,22.68767,-9.64122,5.16811,
HTI,2024,131.81099,88.74026,,,,2714226653.6402,6.76937,,,4.11425,
HUN,1968,60.0,,,,,,,,,,
HUN,1969,60.0,,,,,,,,,,
HUN,1970,60.0,,,,,,,,,,
HUN,1971,59.82162,,,,,,,,,,
HUN,1972,55.26,,,,,,,,,,
HUN,1973,48.96622,,,,,,,,,,
HUN,1974,46.7524,,,,,,,,,,
HUN,1975,43.97138,,,,,,,,,,
HUN,1976,41.57527,,,,,,,,,,
HUN,1977,40.96075,,,,,,,,,,
HUN,1978,37.91135,,,,,,,,,,
HUN,1979,35.578,,,,,,,,,,
HUN,1980,32.53228,,,,,,,,,,
HUN,1981,34.31429,,,,,,,,,,
HUN,1982,36.63055,,,,,,,47.25503,,46.3425,
HUN,1983,42.67115,,,,,1815690371.97009,2.19619,45.71879,2.28284,46.79695,
HUN,1984,48.04221,,,,,2196042504.19139,2.67511,44.02022,5.10247,46.96862,
HUN,1985,50.1194,,,,,2914082778.55888,3.52691,46.21796,10.91597,49.26397,
HUN,1986,45.83215,,,,,3219088095.90107,3.32208,47.72529,8.76999,52.33941,
HUN,1987,46.97054,,,,,2428677645.60286,2.43373,46.45799,9.64409,50.911,
HUN,1988,50.41321,,17.73333,,0.17635,2120757018.28464,2.12697,40.42307,2.19264,44.87548,
HUN,1989,59.06634,,20.33333,,1.34482,1846298314.16406,1.74002,39.38285,16.53296,45.125,
HUN,1990,63.20587,22.90996,28.775,23.70694,2.47398,1184510086.63983,1.11712,41.95452,29.19091,44.67217,
HUN,1991,74.73538,30.07526,35.15262,29.21534,-0.41471,4025559100.81964,3.71624,45.39686,29.38722,37.55418,
HUN,1992,78.98839,35.72997,33.05,23.45074,9.4979,4458714298.9605,3.70728,54.45615,41.291,32.04069,
HUN,1993,91.93318,42.32941,25.425,15.03601,3.41903,6744523276.31811,4.93064,53.14956,17.68663,27.24162,
HUN,1994,105.16046,49.52246,27.4,19.51159,6.61885,6777626140.28333,4.95807,49.33487,14.1837,25.41923,
HUN,1995,125.68143,61.47231,32.60833,24.76678,4.63617,12017181273.10592,6.84081,46.36952,20.88957,21.63589,
HUN,1996,152.64667,73.8554,27.30833,20.63042,4.38064,9757457991.38665,5.14113,46.42749,22.24155,21.28064,
HUN,1997,186.78917,87.37799,21.76667,17.65546,1.25161,8437175640.21815,3.81768,44.88269,19.72204,23.46604,
HUN,1998,214.40167,97.8166,19.275,15.4087,4.84692,9347792438.71178,3.60724,43.9177,15.59874,23.33968,
HUN,1999,237.14583,104.54588,16.34167,12.64901,7.60078,10983333391.8656,3.99245,45.57764,15.673,25.46515,
HUN,2000,282.17917,110.04908,12.6,9.19148,2.74051,11217315165.51789,3.57866,44.85197,12.60714,31.84591,
HUN,2001,286.49,114.41857,12.11667,8.98439,0.9809,10755092580.61168,3.20055,45.16785,16.35125,32.61256,
HUN,2002,257.88667,118.14128,10.16888,7.32027,1.96435,10383091414.67632,2.70225,45.43298,13.82137,34.34431,19.20396
HUN,2003,224.30667,122.021,9.60342,7.07782,3.97739,12793544668.56512,2.62592,46.00919,10.95226,36.51001,19.55959
HUN,2004,202.74583,128.39556,12.82453,10.50384,7.30604,15965389147.5829,2.5249,46.49962,11.5375,38.9491,27.49387
HUN,2005,199.5825,130.92995,8.54095,6.41023,5.76699,18602833677.58911,2.48844,49.82925,14.70012,43.25453,28.80299
HUN,2006,210.39,131.51943,8.07941,6.03297,4.25101,21589904536.91905,2.54957,52.62794,13.80259,47.27918,36.27422
HUN,2007,183.62583,134.04127,9.08595,7.23035,3.45799,24052210871.15052,2.1935,55.22539,11.01155,53.19802,32.96784
HUN,2008,172.11333,131.00536,10.18167,8.05634,5.1352,33873898857.89962,2.64548,56.72215,8.70968,59.36029,11.67011
HUN,2009,202.34167,127.62754,11.03686,8.13944,6.54731,44181292716.986,4.49974,60.49172,3.6484,59.90284,22.96248
HUN,2010,207.94417,126.44658,7.58693,4.92641,4.93091,44988182851.21601,4.28656,60.86591,4.2672,60.32092,21.00734
HUN,2011,201.055,124.27184,8.32038,5.49011,6.27203,48831918088.52143,4.28237,62.49796,6.66657,58.44701,13.24719
HUN,2012,225.10417,125.62361,9.00154,6.27392,5.95314,44670620404.42387,4.31681,58.71973,-4.6369,50.41666,16.15952
HUN,2013,223.695,124.97943,6.30391,3.77075,3.37347,46508013997.57997,4.38117,60.33404,7.80916,46.09688,14.5949
HUN,2014,232.60167,129.41497,4.44753,1.77746,0.73046,42019881301.20309,3.74202,57.16128,2.49537,42.53203,10.28372
HUN,2015,279.3325,132.55351,2.90249,1.1125,0.08884,33124288325.62729,3.41857,56.68274,5.68165,35.09767,14.12198
HUN,2016,281.52333,132.0338,2.08907,0.58095,0.75652,25824253667.33704,2.62689,58.56405,7.23837,33.31915,17.48545
HUN,2017,274.43333,136.03652,1.48114,0.1201,-2.45695,28002680652.44837,2.49519,58.27179,7.78737,32.39086,22.01405
HUN,2018,270.21167,139.09245,1.47097,0.06432,-3.21847,31366581856.0416,2.54669,58.8468,11.81575,32.26498,17.95119
HUN,2019,290.66,138.79714,1.79243,0.10476,-2.82618,31831003374.70701,2.50974,57.81953,8.14997,33.17211,19.93888
HUN,2020,307.99667,141.83844,1.95769,0.46715,-4.19907,41349416012.55122,3.58085,68.76968,21.09014,37.62961,17.65072
HUN,2021,303.14083,148.35118,2.96454,1.01405,-3.01639,43483375179.11777,3.02321,71.58707,18.49897,38.41259,17.22549
HUN,2022,372.59583,155.23013,10.65543,8.36368,-2.90648,41218685384.24507,2.52335,65.41016,8.45818,36.04205,13.48399
HUN,2023,353.08833,169.08707,15.30208,13.11757,0.17027,45718623573.41348,2.72666,59.26822,3.44554,32.87347,18.22239
HUN,2024,365.69083,175.57809,9.12672,6.18048,1.44506,46422357553.8952,2.8591,59.99563,9.50242,32.38449,18.65206
HUN,2025,,182.25593,,,,,,,,,
IDN,1960,,,,,,352739200.0,,,,,
IDN,1961,,,,,,133183550.0,,,,,
IDN,1962,,,,,,108100020.0,,,,,
IDN,1963,,,,,,58079560.0,,,,,
IDN,1964,,,,,,25003680.0,,,,,
IDN,1965,,,,,,21003680.0,,,,,
IDN,1966,,,,,,23011660.0,,,,,
IDN,1967,149.58333,,,,,6012800.0,,,,,
IDN,1968,296.29167,,,,,87276600.0,,,,,
IDN,1969,326.0,,,,,121712800.0,,8.4621,,,
IDN,1970,362.83333,,,,,160280180.0,,9.61078,39.56522,,
IDN,1971,391.875,,,,,145119481.52167,,12.47277,42.67913,,
IDN,1972,415.0,,,,,580054154.04582,,14.48291,44.32314,,
IDN,1973,415.0,,,,,811133004.87332,,14.62967,49.4705,,
IDN,1974,415.0,,,,,1500130950.68711,,13.58797,47.26721,,
IDN,1975,415.0,,,,,592327932.1983,,15.79593,37.25086,,
IDN,1976,415.0,,,,,1504197785.94093,,16.93962,31.1968,,
IDN,1977,415.0,,,,,2536611976.01056,,16.46967,19.50382,,
IDN,1978,442.04542,,,,,2676740696.84569,,16.74141,21.62248,,
IDN,1979,623.0555,,,,,4205180824.73847,,16.28707,36.97479,,
IDN,1980,626.994,,,,,6802959429.32938,,17.10091,48.99597,,
IDN,1981,631.75667,,,,,6248009714.47374,2.91804,18.17419,26.34377,,
IDN,1982,661.42075,,,,,4562680197.54433,2.04819,18.78285,14.07205,,
IDN,1983,909.26483,,,,,4902569210.57414,2.23538,20.086,32.16049,,
IDN,1984,1025.94483,,,,,5729969488.11448,2.84425,20.85468,22.64489,,
IDN,1985,1110.58,,,,,5989249388.4007,3.24474,24.73704,29.06153,,
IDN,1986,1282.56,,21.50417,,18.8261,5264622147.9432,3.1365,27.29968,19.47658,,
IDN,1987,1643.84833,,21.66667,,4.88161,7094971196.7768,4.01849,27.53994,22.78931,,
IDN,1988,1685.70417,,22.0975,,13.44282,6321735766.92549,3.29529,30.07231,24.31948,,
IDN,1989,1770.05917,,21.69917,,11.15599,6699438101.00665,2.99327,35.31705,38.16732,,
IDN,1990,1842.81333,350.17698,20.825,17.53083,10.75316,8656792855.20195,3.13747,43.63738,44.55743,,
IDN,1991,1950.3175,368.41794,25.53333,23.31667,15.41487,10357989011.2346,3.27992,44.10306,17.52594,,
IDN,1992,2029.92083,386.46443,24.03333,19.6025,15.60691,11482019252.79126,3.33166,46.17282,19.62218,,
IDN,1993,2087.10387,449.82013,20.58667,14.5475,1.20357,12474062370.50582,3.38379,43.68513,20.0565,,
IDN,1994,2160.75367,474.66567,17.76,12.53333,9.26308,13321136813.01359,3.23074,45.30562,20.20227,,
IDN,1995,2248.60797,510.86118,18.85167,16.7175,8.16295,14907558865.92204,2.90214,48.58573,27.52372,,32.94131
IDN,1996,2342.29629,545.20468,19.2175,17.25583,9.69942,19396148967.35554,3.49496,52.69393,27.08068,,40.02164
IDN,1997,2909.38,603.34013,21.8175,20.01417,8.21357,17486799642.89852,2.95481,55.9991,25.25487,,13.46473
IDN,1998,10013.6225,1045.72871,32.15417,39.06667,-24.60017,23605842945.52105,5.23323,59.86041,62.76287,,23.13137
IDN,1999,7855.15,1177.15845,27.6625,25.7375,11.82653,27345097667.36447,6.09229,58.38761,12.23332,,45.74575
IDN,2000,8421.775,1386.45158,18.455,12.50333,-1.65421,29352929561.47679,5.26484,53.88268,16.62313,,16.24793
IDN,2001,10260.85,1549.75899,18.5475,15.48167,3.71999,28103636180.33821,5.66905,50.88552,11.87084,,14.33362
IDN,2002,9311.19167,1616.02071,18.945,15.5025,12.32241,32033585247.4441,6.29527,48.17116,4.7579,,15.36689
IDN,2003,8577.13333,1671.69419,16.935,10.59,10.85207,36256203641.59624,6.7749,47.04135,7.93772,,23.28172
IDN,2004,8938.85,1767.11688,14.12417,6.44333,5.13441,36310733909.3168,5.42056,45.03289,9.14397,,28.5203
IDN,2005,9704.74167,1958.95419,14.05083,8.07917,-0.24574,34730799049.25249,4.10478,43.35402,16.33516,,28.48446
IDN,2006,9159.31667,2168.06092,15.97917,11.41083,1.65815,42597040281.59393,4.91548,41.40172,14.94319,,38.09588
IDN,2007,9141.0,2348.52612,13.86167,7.97583,2.33967,56935744023.29601,5.67713,41.75415,19.32512,,48.97843
IDN,2008,9698.9625,2722.32644,13.59833,8.4925,-3.85225,51640625721.3198,4.00096,38.30992,14.92287,,19.35615
IDN,2009,10389.9375,2929.52348,14.49833,9.27833,5.74795,66118917968.13982,6.54685,38.19668,12.9518,27.65871,39.83495
IDN,2010,9090.43333,3336.15075,13.25167,7.01667,-1.7461,96210980584.0428,6.86991,36.00172,15.40229,27.25304,47.72757
IDN,2011,8770.43333,3512.75391,12.40333,6.93083,4.59438,110136597662.435,6.05969,36.738,16.42978,30.0822,43.68649
IDN,2012,9386.62917,3577.51892,11.795,5.94667,7.75019,112797627833.0659,5.58938,38.38929,14.95499,33.43417,46.65395
IDN,2013,10461.24,3781.77824,11.6575,6.26417,6.37493,99386826239.08331,4.95032,39.07547,12.7797,36.05814,37.99065
IDN,2014,11865.2113,4056.66266,12.605,8.7525,6.79212,111862594561.99728,5.74432,39.48385,11.87952,36.42355,47.38663
IDN,2015,13389.41294,4390.6465,12.6625,8.33667,8.34991,105928847088.7186,6.44616,39.46442,8.99699,39.1188,41.03726
IDN,2016,13308.3268,4566.57067,11.88833,7.16589,9.22443,116369601851.0588,7.22589,40.35709,10.0285,39.40242,45.68925
IDN,2017,13380.83388,4756.16895,11.07333,6.51833,6.50156,130215330382.9568,7.08716,39.87663,8.27553,38.73235,51.26793
IDN,2018,14236.93877,4833.59912,10.53667,6.12917,6.47125,120660974090.94992,5.59561,38.81758,6.29029,38.80545,46.70241
IDN,2019,14147.67136,4847.44531,10.36583,6.68833,8.6294,129186464020.1875,6.31777,38.76024,6.5404,38.37269,46.76275
IDN,2020,14582.20347,4791.00684,9.54417,5.50417,9.98593,135915917616.26288,8.40697,44.71787,12.53366,38.67954,46.84234
IDN,2021,14308.1439,4808.4292,8.9225,3.66583,2.75322,144907809744.2086,6.78518,46.36018,13.96644,36.99083,48.76752
IDN,2022,14849.85394,4917.92469,8.52,3.21,-0.95738,137222356128.22708,5.21322,43.53595,8.35491,35.28843,46.26547
IDN,2023,15236.88466,4819.74224,8.92667,4.63417,7.28506,146358992701.8482,5.72807,42.24767,3.50033,36.01289,55.30329
IDN,2024,15855.44829,4747.90858,8.79569,5.42628,7.83418,155708275547.5739,5.72012,41.76632,4.7595,36.39245,54.41735
IMN,1960,0.35714,,,,,,,,,,
IMN,1961,0.35714,,,,,,,,,,
IMN,1962,0.35714,,,,,,,,,,
IMN,1963,0.35714,,,,,,,,,,
IMN,1964,0.35714,,,,,,,,,,
IMN,1965,0.35714,,,,,,,,,,
IMN,1966,0.35714,,,,,,,,,,
IMN,1967,0.3621,,,,,,,,,,
IMN,1968,0.41667,,,,,,,,,,
IMN,1969,0.41667,,,,,,,,,,
IMN,1970,0.41667,,,,,,,,,,
IMN,1971,0.41092,,,,,,,,,,
IMN,1972,0.40039,,,,,,,,,,
IMN,1973,0.40817,,,,,,,,,,
IMN,1974,0.42776,,,,,,,,,,
IMN,1975,0.45204,,,,,,,,,,
IMN,1976,0.55651,,,,,,,,,,
IMN,1977,0.57327,,,,,,,,,,
IMN,1978,0.5215,,,,,,,,,,
IMN,1979,0.47218,,,,,,,,,,
IMN,1980,0.43029,,,,,,,,,,
IMN,1981,0.49764,,,,,,,,,,
IMN,1982,0.57245,,,,,,,,,,
IMN,1983,0.65972,,,,,,,,,,
IMN,1984,0.75181,,,,,,,,,,
IMN,1985,0.77925,,,,,,,,,,
IMN,1986,0.6822,,,,,,,,,,
IMN,1987,0.61193,,,,,,,,,,
IMN,1988,0.56217,,,,,,,,,,
IMN,1989,0.61117,,,,,,,,,,
IMN,1990,0.56318,,,,,,,,,,
IMN,1991,0.56702,,,,,,,,,,
IMN,1992,0.56977,,,,,,,,,,
IMN,1993,0.66676,,,,,,,,,,
IMN,1994,0.65343,,,,,,,,,,
IMN,1995,0.63367,,,,,,,,,,
IMN,1996,0.64096,,,,,,,,,,
IMN,1997,0.61084,,,,,,,,,,
IMN,1998,0.60382,,,,,,,,,,
IMN,1999,0.61806,,,,,,,,,,
IMN,2000,0.66093,,,,,,,,,,
IMN,2001,0.69466,,,,,,,,,,
IMN,2002,0.66722,,,,,,,,,,
IMN,2003,0.61247,,,,,,,,,,
IMN,2004,0.54618,,,,,,,,,,
IMN,2005,0.55,,,,,,,,,,
IMN,2006,0.54349,,,,,,,,,,
IMN,2007,0.49977,,,,,,,,,,
IMN,2008,0.54397,,,,,,,,,,
IMN,2009,0.64192,,,,,,,,,,
IMN,2010,0.64718,,,,,,,,,,
IMN,2011,0.62414,,,,,,,,,,
IMN,2012,0.63305,,,,,,,,,,
IMN,2013,0.63966,,,,,,,,,,
IMN,2014,0.60773,,,,,,,,,,
IMN,2015,0.65455,,,,,,,,,,
IMN,2016,0.74063,,,,,,,,,,
IMN,2017,0.77698,,,,,,,,,,
IMN,2018,0.74953,,,,,,,,,,
IMN,2019,0.78345,,,,,,,,,,
IMN,2020,0.78,,,,,,,,,,
IMN,2021,0.72706,,,,,,,,,,
IMN,2022,0.8113,,,,,,,,,,
IMN,2023,0.80454,,,,,,,,,,
IMN,2024,0.78241,,,,,,,,,,
IND,1960,4.7619,,,,,674536630.92578,,22.07192,,7.84313,
IND,1961,4.7619,,,,,666357094.86071,,21.50187,3.21172,8.51618,
IND,1962,4.7619,,,,,512791844.00469,,21.9307,9.60916,8.98048,
IND,1963,4.7619,,,,,607862500.3617,,21.11628,10.58369,9.10745,
IND,1964,4.7619,,,,,499145125.7897,,19.8064,9.40645,8.53679,
IND,1965,4.7619,,,,,600850886.23467,,20.82862,10.88793,9.27009,
IND,1966,6.35913,,,,,609694584.53229,,20.46046,11.20704,9.51541,
IND,1967,7.5,,,,,663764119.79359,,19.10577,9.36216,9.11673,
IND,1968,7.5,,,,,730352744.86794,,19.76185,9.52116,9.82064,
IND,1969,7.5,,,,,927764119.79359,,20.37481,13.51678,10.40013,
IND,1970,7.5,,,,,1023173271.49678,,21.37307,12.03269,11.23655,
IND,1971,7.49194,,,,,1245821898.02245,,23.37055,17.06042,12.49344,
IND,1972,7.59447,,,,,1367601418.5857,,24.46632,15.39447,12.92236,
IND,1973,7.74204,,,,,1629325093.4044,,24.02074,19.49617,13.09386,
IND,1974,8.1016,,,,,2324650346.59874,,22.83546,12.22534,12.9138,
IND,1975,8.37589,,,,,2064427967.54988,3.87405,24.26101,14.05196,14.93373,
IND,1976,8.96041,,,,,3728750637.4451,7.31278,28.03064,24.48557,17.8877,
IND,1977,8.73858,,,,,6085439869.41109,10.39104,29.48112,19.16388,18.04179,
IND,1978,8.19284,,13.5,,10.77463,8316115827.72231,10.56092,32.97581,21.15282,19.69542,
IND,1979,8.12579,,14.5,,-1.06115,11815414018.57247,11.4129,35.39489,17.71101,20.95674,
IND,1980,7.86294,,16.5,,4.47651,12009788667.43666,8.25835,34.46655,15.89767,20.54346,
IND,1981,8.65852,,16.5,,5.11824,8108837891.29932,5.43299,34.45679,17.45085,21.22546,
IND,1982,9.45513,,16.5,,7.77471,8241561692.94602,5.43167,36.10518,17.20393,22.6879,
IND,1983,10.0989,,16.5,,7.32099,8215732398.97451,5.31354,36.236,16.88716,22.89267,
IND,1984,11.36258,,16.5,,7.9471,8535944481.20133,5.38432,38.15626,17.9844,24.28257,
IND,1985,12.36875,,16.5,,8.68167,9493102974.01812,5.60318,39.52834,16.88324,24.56367,
IND,1986,12.61083,,16.5,,9.09322,10480102587.5579,5.92852,41.66115,17.92746,25.801,
IND,1987,12.9615,,16.5,,6.56018,11511740598.81356,5.78103,42.63417,16.3178,25.38236,
IND,1988,13.91708,,16.5,,7.63863,9185839446.54077,3.99047,42.50399,18.29062,25.27512,
IND,1989,16.2255,,16.5,,7.43584,8048455918.16026,3.15361,42.81634,15.73017,26.58981,
IND,1990,17.5035,5.49549,16.5,,5.26953,5637446363.83185,2.0364,42.18377,15.06661,24.91646,
IND,1991,22.74243,6.04673,17.875,,3.62472,7615987475.11472,2.92297,43.41786,18.31695,23.82174,
IND,1992,25.91808,6.44202,18.91667,,9.13275,9538786025.16566,3.37117,44.14443,16.86249,24.69824,
IND,1993,30.49329,6.91345,16.25,,5.81478,14674627089.94139,5.07095,44.88346,17.00766,23.83206,
IND,1994,31.37374,7.44446,14.75,,4.33711,24220928468.81944,6.88055,46.02147,20.27773,23.64734,
IND,1995,32.42708,7.95239,15.45833,,5.86418,22864636916.10088,5.13386,43.54531,11.01112,22.51077,
IND,1996,35.43317,8.40099,15.95833,,7.79299,24889364657.41223,5.00905,44.68944,18.73627,23.40244,
IND,1997,36.31329,8.79342,13.83333,,6.90958,28385372945.86094,5.3918,47.45998,17.65675,23.55533,
IND,1998,41.25937,9.39223,13.54167,,5.12128,30646563663.48086,5.67438,48.90131,18.17301,23.67775,
IND,1999,43.05543,9.54535,12.54167,,9.19125,36005295926.44248,6.31148,51.06493,17.14918,25.42286,
IND,2000,44.94161,9.67413,12.29167,,8.34261,41059061574.66324,6.12148,54.64513,15.17171,28.33955,48.17475
IND,2001,47.18641,9.76533,12.08333,,8.59145,49050841138.7213,7.45295,57.73907,14.32055,28.61942,30.64675
IND,2002,48.61032,9.9732,11.91667,,7.90718,71607865093.69685,10.37308,62.61952,16.76116,32.30649,33.43806
IND,2003,46.58328,10.15838,11.45833,,7.30788,103737208055.9672,12.28328,63.17925,13.03361,31.62627,50.84657
IND,2004,45.31647,10.45875,10.91667,,4.91013,131631143125.8446,11.30511,64.63571,16.73233,36.1918,58.59729
IND,2005,44.09998,10.71089,10.75,,4.85515,137824828256.2855,8.51847,65.54812,15.5999,40.06798,76.15211
IND,2006,45.30701,11.26336,11.1875,,2.57061,178049790065.9702,8.91993,68.06302,21.63314,43.62775,95.21515
IND,2007,41.34853,11.7278,13.02083,,5.68184,276578100117.4078,11.13919,72.28042,22.2715,45.62776,161.23945
IND,2008,43.50518,12.56398,13.3125,,3.77176,257422725614.8795,7.71425,77.37296,20.49521,49.55937,66.0031
IND,2009,48.40527,13.36609,12.1875,,4.80859,284682887897.58606,9.77371,79.0752,17.99584,48.12445,101.89449
IND,2010,45.72581,14.59563,8.33335,,-1.98386,300480168786.3455,7.76063,77.67995,17.80218,50.55537,105.18295
IND,2011,46.67047,15.54955,10.16667,,1.31798,298739463090.872,6.18879,78.83731,16.13759,51.28923,68.27006
IND,2012,53.43723,16.13566,10.60417,,2.47352,300425517446.5462,5.90372,76.91319,11.0457,51.88851,76.07724
IND,2013,58.59785,17.28834,10.29167,,3.86599,298092478740.5806,6.02775,78.18217,14.83153,52.38571,68.13427
IND,2014,61.02951,18.30077,10.25,,6.69518,325081035127.8905,6.59913,77.89935,10.58738,51.88219,82.71721
IND,2015,64.15194,19.11544,10.00833,,7.55649,353319061013.2244,8.00309,78.01191,10.61772,51.86752,82.96154
IND,2016,67.19531,19.74424,9.6725,,6.23271,361694321972.0358,8.43014,74.54927,6.80095,38.20365,76.09812
IND,2017,65.12157,20.45558,9.50833,,5.32761,412613792019.9238,8.16272,74.14419,10.43104,38.17071,96.39878
IND,2018,68.38947,20.4746,9.45417,,5.36167,399167159226.6815,6.90106,74.09782,10.51962,38.89753,153.16048
IND,2019,70.42034,20.2395,9.46625,,6.89488,463469902152.507,8.27366,76.98188,10.51025,38.73794,76.26951
IND,2020,74.09957,20.31937,9.15,,4.136,590227359928.8961,12.93233,87.67667,12.47914,40.78678,95.4245
IND,2021,73.91801,20.7279,8.69833,,0.31695,638484779930.8357,9.84239,82.10203,11.29711,36.89209,112.02132
IND,2022,78.60449,20.48946,8.56714,,2.52132,567298153917.14,7.00951,,,37.08849,101.23306
IND,2023,82.59928,20.29041,,,,627792750126.715,7.97237,,,39.34774,119.28387
IND,2024,83.66928,20.42199,,,,643042560625.5408,7.52136,,,40.02152,131.24143
IRL,1960,0.35714,,,,,324568724.0,,,,,
IRL,1961,0.35714,,,,,342337293.5,,,,,
IRL,1962,0.35714,,,,,359296150.3,,,,,
IRL,1963,0.35714,,,,,406071293.2,,,,,
IRL,1964,0.35714,,,,,446065243.2,,,,,
IRL,1965,0.35714,,,,,409042000.0,,,,,
IRL,1966,0.35714,,,,,494124756.6,,,,,
IRL,1967,0.3621,,,,,439183008.0,,,,,
IRL,1968,0.41667,,,,,560314166.0,,,,,
IRL,1969,0.41667,,,,,691353008.0,,,,,
IRL,1970,0.41667,,,,,697773321.8,,,,,
IRL,1971,0.41092,,,,,997966352.61944,,,,,
IRL,1972,0.40039,,,,,1139113204.50762,,,,,
IRL,1973,0.40817,,,,,1055313026.40639,,,,,
IRL,1974,0.42776,,,,,1330613397.39364,,,,,
IRL,1975,0.45204,,,,,1575311637.76791,,,,,
IRL,1976,0.55651,,,,,1878730372.3754,,,,,
IRL,1977,0.57327,,,,,2429145979.67679,,,,,
IRL,1978,0.5215,,,,,2769407819.65184,,,,,
IRL,1979,0.48859,,,,,2408210509.71448,,,,,
IRL,1980,0.48665,,,,,3070963707.65793,,,,,
IRL,1981,0.6213,,,,,2793881199.33689,,,,,
IRL,1982,0.70456,,,,,2786359820.33778,,,,,
IRL,1983,0.80468,,,,,2776721568.68248,,,,,
IRL,1984,0.92255,,,,,2463224239.25052,,,,,
IRL,1985,0.94561,,,,,3057068516.52021,,,,,
IRL,1986,0.74313,,,,,3376761437.48376,,,,,
IRL,1987,0.67292,,,,,4970115369.15788,,,,,
IRL,1988,0.65647,,,,,5234202886.90201,,,,,
IRL,1989,0.70554,,,,,4201462260.95093,,,,,
IRL,1990,0.60459,0.78381,,,,5361690181.89384,,,,,
IRL,1991,0.6213,0.77183,,,,5867444594.69539,,,,,
IRL,1992,0.58772,0.77585,,,,3559520524.18944,,,,,
IRL,1993,0.67725,0.79712,,,,6065811300.86494,,,,,
IRL,1994,0.66863,0.79368,,,,6252748204.32903,,,,,
IRL,1995,0.62373,0.80096,,,,8769756415.99131,,,,,
IRL,1996,0.62503,0.80733,,,,8338374031.06673,,,,,
IRL,1997,0.65964,0.83441,,,,6630587554.20083,,,,,59.02062
IRL,1998,0.70227,0.8633,,,,9527216732.63996,,,,,77.24713
IRL,1999,0.93828,0.91388,,,,5376069595.93105,,,,,69.54235
IRL,2000,1.08271,0.94363,,,,5407973929.95672,,,,,81.71281
IRL,2001,1.11653,0.96945,,,,5635200931.02062,,,,71.7764,68.86158
IRL,2002,1.05756,0.982,,,,5475153289.17602,,,,75.40689,46.60914
IRL,2003,0.88405,1.00401,,,,4151959058.80564,,,,85.71898,51.66089
IRL,2004,0.80392,0.99126,,,,2907974283.48967,,,,104.89956,58.69434
IRL,2005,0.8038,1.01171,,,,868977916.82646,0.04656,,,124.64038,53.84547
IRL,2006,0.79643,0.97845,,,,831899692.26045,0.03742,,,144.57086,70.32003
IRL,2007,0.72967,0.95761,,,,925477308.06255,0.0329,,,158.09913,53.2826
IRL,2008,0.67992,0.94445,,,,1038963263.28527,0.03501,,,166.32264,17.9671
IRL,2009,0.71696,0.90084,,,,2150685637.46953,0.0915,,,169.25229,25.92214
IRL,2010,0.75431,0.84974,,,,2113857313.58187,0.09081,,,133.42675,27.2257
IRL,2011,0.71841,0.83151,,,,1694805970.72862,0.0663,,,114.74152,44.98092
IRL,2012,0.77834,0.82307,,,,1707531869.31488,0.06543,,,110.63633,48.02939
IRL,2013,0.75295,0.81123,,,,1635949833.04167,0.05895,,,102.40468,70.03117
IRL,2014,0.75273,0.81904,,,,1749390343.43075,0.05483,,,78.36741,53.83526
IRL,2015,0.9013,0.80969,,,,2203153449.1223,0.05915,,,51.2658,42.37281
IRL,2016,0.90342,0.79429,,,,3589332627.17956,0.0901,,,47.38684,39.23259
IRL,2017,0.88521,0.79441,,,,4412516406.9231,0.09841,,,42.62273,42.07031
IRL,2018,0.84677,0.79221,,,,5222681912.93714,0.10699,,,39.71791,27.8322
IRL,2019,0.89328,0.79414,,,,5732541811.18075,0.09302,,,36.05527,
IRL,2020,0.87551,0.77545,,,,7463044894.51104,0.11923,,,32.34025,
IRL,2021,0.84549,0.75189,,,,13246996093.19003,0.19818,,,26.48306,
IRL,2022,0.94962,0.72142,,,,13039213740.69453,0.17994,,,25.44197,
IRL,2023,0.92484,0.74033,,,,12904794778.18446,0.15778,,,25.22256,
IRL,2024,0.92389,0.74089,,,,12698067021.80826,0.14068,,,23.78454,
IRL,2025,,0.74659,,,,,,,,,
IRN,1960,75.75,,,,,185218400.0,,16.36987,,12.93682,
IRN,1961,75.75,,,,,209547100.0,,17.03935,9.73689,14.21835,
IRN,1962,75.75,,,,,210768020.0,,20.19758,25.67378,12.97753,
IRN,1963,75.75,,,,,241829560.0,,22.95473,19.34271,14.83352,
IRN,1964,75.75,,,,,191508480.0,,24.40106,16.03267,16.46532,
IRN,1965,75.75,,,,,251965520.0,,24.34993,14.95374,15.96772,
IRN,1966,75.75,,,,,268925660.0,,25.39381,14.25947,17.20659,
IRN,1967,75.75,,,,,325062800.0,,27.19107,19.14861,17.83092,
IRN,1968,75.75,,,,,322136600.0,,27.52121,15.51857,19.00934,
IRN,1969,75.75,,,,,310902800.0,,28.6787,17.73933,19.34586,
IRN,1970,75.75,,,,,216875910.0,,30.02945,17.96277,20.9802,
IRN,1971,75.75,,,,,642577379.34506,,29.76589,24.00673,19.67152,
IRN,1972,75.74997,,,,,1061180295.09067,,32.22858,35.25289,20.46523,
IRN,1973,68.88604,,,,,1498630789.8727,,29.24884,30.29109,19.79746,
IRN,1974,67.64134,,,,,8920357631.63647,,24.93336,42.79902,15.3711,
IRN,1975,67.65495,,,,,9267871108.17368,,29.74688,34.74857,20.91927,3.66966
IRN,1976,70.23907,,,,,9184961806.8407,5.42873,31.47212,43.8974,21.68478,4.55512
IRN,1977,70.63373,,,,,12729171532.24204,5.9661,33.4853,26.0877,21.49024,4.73288
IRN,1978,70.49203,,,,,12840645493.34032,7.08124,42.76842,23.41157,,6.41298
IRN,1979,70.49203,,,,,17207747366.58986,13.75886,50.01925,35.54404,25.73462,
IRN,1980,70.63185,,,,,12783023465.43677,9.29168,59.59123,26.3108,29.69508,
IRN,1981,78.34685,,,,,3331695371.72228,2.39003,58.2295,16.35916,26.1605,
IRN,1982,83.62267,,,,,7685456407.40761,5.82232,55.31736,25.63845,20.66915,
IRN,1983,86.37874,,,,,,,51.19793,18.68149,19.81902,
IRN,1984,90.05144,,,,,,,,,18.30482,
IRN,1985,91.07359,,,,,,,,,19.25917,
IRN,1986,78.77878,,,,,,,61.5262,,22.78181,
IRN,1987,71.47744,,,,,,,60.48182,19.26483,21.54548,
IRN,1988,68.69976,,,,,,,64.40872,20.09927,21.33046,
IRN,1989,72.03224,,,,,,,63.46573,22.52391,22.70843,
IRN,1990,68.11237,96.67392,,,,,,53.68217,17.98809,22.97866,
IRN,1991,67.52173,117.46649,,,,,,47.6101,25.57523,22.42038,
IRN,1992,65.56784,148.54778,,,,,,44.32266,24.38172,23.19095,
IRN,1993,1268.07876,217.51263,,,,,,39.08874,30.25136,20.85202,2.01871
IRN,1994,1749.17374,285.22772,,,,,,39.57529,33.29573,19.7057,3.90165
IRN,1995,1748.35025,385.35625,,,,,,36.44969,30.09374,16.68824,9.50194
IRN,1996,1751.18636,487.54275,,,,,,35.23724,32.45766,15.17698,14.13944
IRN,1997,1753.34548,553.70053,,,,,,37.22168,23.68217,16.60541,13.32634
IRN,1998,1752.28599,598.91504,,,,,,40.13115,20.38443,18.02192,13.5144
IRN,1999,1753.35495,777.81131,,,,,,36.29377,21.49929,18.04328,19.172
IRN,2000,1764.85607,950.19026,,,,,,37.15509,35.37017,26.24978,24.35007
IRN,2001,1753.98568,1066.8478,,,,,,40.87215,29.31182,30.07958,5.81755
IRN,2002,6907.03446,1347.60735,,,,,,37.85635,28.41324,29.10088,9.14316
IRN,2003,8193.88752,1495.11607,,11.675,,,,39.19691,27.26308,32.43325,18.13175
IRN,2004,8613.98942,1815.70703,16.65,11.7,-6.46168,,,38.76462,28.68141,35.0711,22.68942
IRN,2005,8963.95891,2115.53436,16.0,11.777,-3.46702,,,41.53088,32.84789,38.34815,16.19779
IRN,2006,9170.94288,2351.51718,14.0,11.56,-0.50845,,,47.06753,36.3507,44.7948,13.67255
IRN,2007,9281.15183,2814.67629,12.0,11.60142,-8.89795,,,47.3969,33.89616,47.04728,12.54802
IRN,2008,9428.52826,3297.80309,12.0,13.30485,-6.21492,,,44.29126,11.87692,45.31507,11.99611
IRN,2009,9864.30246,3428.30798,12.0,13.14,7.07609,,,53.2547,27.03359,49.21223,14.2935
IRN,2010,10254.17647,3925.11195,12.0,11.94,-3.35048,,,54.11469,24.58126,52.02295,17.78833
IRN,2011,10616.30664,4758.86963,11.0,11.16158,-16.79755,,,47.48618,20.16549,49.24751,17.02316
IRN,2012,12175.54722,6093.5625,11.0,14.81184,-6.68653,,,55.56631,33.97892,49.61732,14.12935
IRN,2013,18414.44801,8503.84668,11.0,14.76277,-18.84519,,,51.996,26.03943,44.5965,69.10007
IRN,2014,25941.66414,9758.55371,14.0,16.94211,3.86414,,,60.96142,35.09854,48.98448,25.23086
IRN,2015,29011.49138,10701.56152,14.21,16.3,13.98545,,,76.76127,24.36813,56.37196,21.8548
IRN,2016,30914.85244,11796.81055,18.0,12.8,3.44977,,,79.13552,27.95901,57.83134,21.10409
IRN,2017,33226.29815,13061.29492,,,,,,,,,20.83902
IRN,2018,40864.32901,16923.19922,,,,,,,,,41.3836
IRN,2019,42000.0,23549.04102,,,,,,,,,111.68962
IRN,2020,42000.0,32954.58594,,,,,,,,,548.01591
IRN,2021,42000.0,50488.17188,,,,,,,,,370.25331
IRN,2022,42000.0,71200.14563,,,,,,,,,381.63917
IRN,2023,42000.0,94357.97507,,,,,,,,,450.18397
IRN,2024,,118268.07063,,,,,,,,,36.1037
IRQ,1960,0.35714,,,,,259340000.0,,24.0611,,9.34394,
IRQ,1961,0.35714,,,,,217949700.0,,22.84263,3.25511,10.01458,
IRQ,1962,0.35714,,,,,193445580.0,,23.22642,8.5044,9.90261,
IRQ,1963,0.35714,,,,,295073520.0,,25.36571,10.54054,10.06256,
IRQ,1964,0.35714,,,,,251168400.0,,21.83477,1.83374,9.00389,
IRQ,1965,0.35714,,,,,235056320.0,,23.65473,18.44538,15.2192,
IRQ,1966,0.35714,,,,,324963040.0,,23.49723,7.60655,14.76738,
IRQ,1967,0.35714,,,,,369156000.0,,24.70649,6.02807,14.31317,
IRQ,1968,0.35714,,,,,490617600.0,,24.0116,10.33135,13.61527,
IRQ,1969,0.35714,,,,,477546400.0,,26.47365,14.4847,13.61758,
IRQ,1970,0.35714,,,,,471879630.0,,25.51242,5.13398,14.0669,
IRQ,1971,935.61784,,,,,623398834.75507,,23.50117,7.40518,12.48024,
IRQ,1972,2144.56721,,,,,891753225.55662,,26.60095,13.44669,12.66813,
IRQ,1973,1950.84445,,,,,1840097013.29342,,29.42451,25.61351,11.96631,
IRQ,1974,1902.26533,,,,,3861960542.04613,,19.17786,42.52748,6.96404,
IRQ,1975,1902.26533,,,,,3134222051.93491,,22.81106,38.99911,7.19045,
IRQ,1976,1902.26533,,,,,4986343059.38319,,21.0679,21.84143,6.55236,
IRQ,1977,1902.26533,,,,,7503115537.56725,,,,,
IRQ,1978,1902.26533,,,,,7776569568.79456,,,,,
IRQ,1979,1902.26533,,,,,9037707524.9322,,,,,
IRQ,1980,1902.26533,,,,,9441535402.30843,,,,,
IRQ,1981,1902.26533,,,,,7007264890.77748,,,,,
IRQ,1982,1922.92537,,,,,6950021390.58313,,,,,
IRQ,1983,2002.38558,,,,,6753651473.59991,,,,,
IRQ,1984,2002.38558,,,,,6744749010.47849,,,,,
IRQ,1985,2002.38559,,,,,6744710984.18278,,,,,
IRQ,1986,2002.38559,,,,,6744700000.0,,,,,
IRQ,1987,2002.38559,,,,,6751949358.05587,,,,,
IRQ,1988,2002.38559,,,,,6744726913.91584,,,,,
IRQ,1989,2002.38559,,,,,6744726283.28121,,,,,
IRQ,1990,2002.38559,,,,,6744700000.0,,,,,
IRQ,1991,2002.38559,0.88689,,,,6744700000.0,,,,,
IRQ,1992,2002.38559,1.77329,,,,6744700000.0,,,,,
IRQ,1993,2002.38629,3.71507,,,,6744700000.0,,,,,
IRQ,1994,2002.38739,18.05744,,,,6744700000.0,,,,,
IRQ,1995,2002.38723,69.92714,,,,6744700000.0,,,,,
IRQ,1996,2002.38721,60.0559,,,,6744700000.0,,,,,
IRQ,1997,2002.38721,113.05672,,,,6744700000.0,,,,,
IRQ,1998,2002.38724,93.96762,,,,6744700000.0,,,,,
IRQ,1999,2002.38977,158.58251,,,,6744700000.0,,,,,
IRQ,2000,2002.40341,193.44403,,,,6744700000.0,,,,,
IRQ,2001,2002.40491,152.95389,,,,6744700000.0,,,,,
IRQ,2002,2002.3727,162.91527,,,,6744700000.0,,,,,
IRQ,2003,,181.89777,,,,6744700000.0,,,,,
IRQ,2004,1453.41667,207.79528,13.2675,,-3.44546,7906697188.07561,,26.96688,,1.26693,
IRQ,2005,1472.0,273.71473,13.41667,6.55833,-16.51539,12200841776.83249,4.67703,20.24657,3.70658,1.55618,
IRQ,2006,1467.41667,326.74093,14.375,6.61667,-7.05305,20051759952.31882,8.31204,20.83972,33.80054,2.26399,
IRQ,2007,1254.56722,364.05598,18.78333,10.43,3.79616,31454864112.34089,14.25528,24.50454,37.10527,2.4758,
IRQ,2008,1193.08333,464.95306,19.215,10.54,-8.41972,50101816705.61945,15.86882,23.51812,35.21507,2.68222,
IRQ,2009,1170.0,371.89487,16.15583,7.81917,44.33097,44332623237.84705,12.04554,35.81606,26.70399,3.77873,
IRQ,2010,1170.0,428.37413,14.34583,6.0575,-1.92209,50622117150.42669,12.74095,37.88185,31.20627,5.3931,
IRQ,2011,1170.0,523.34021,14.13083,5.9125,-8.46792,61033121083.64796,13.77567,34.09516,20.69449,5.41445,
IRQ,2012,1166.16667,524.50267,13.8675,5.87417,10.90655,70327019949.41731,13.09079,30.36182,4.16943,5.90756,
IRQ,2013,1166.0,528.63541,13.575,5.74667,13.58787,77747258749.82628,12.79804,32.71789,15.96707,6.33565,
IRQ,2014,1166.0,553.36084,12.60333,5.15833,18.28906,66281655807.23216,11.32591,34.91456,3.88417,6.8143,
IRQ,2015,1167.33333,555.2675,12.2925,4.85667,57.62593,53992019678.90232,10.80173,43.41835,-9.09959,9.87582,
IRQ,2016,1182.0,563.81483,,,,45298562240.81508,11.81392,45.9397,7.02625,10.07668,
IRQ,2017,1184.0,552.90228,,,,49315419400.39884,11.73858,41.89058,2.64261,9.54984,
IRQ,2018,1182.75,554.96088,,,,64719421423.30984,12.98798,35.47193,2.72858,8.58002,
IRQ,2019,1182.0,547.33923,,,,68017647833.64465,10.85958,37.45725,8.4394,8.80896,
IRQ,2020,1192.0,484.26474,,,,54424472658.01545,11.34929,55.59928,15.91739,13.31486,
IRQ,2021,1450.0,554.46539,,,,64231022302.70975,14.46843,46.00705,16.66278,11.1956,
IRQ,2022,1450.0,657.00617,,,,97009236971.52213,16.2656,40.38769,20.30611,9.54126,
IRQ,2023,1312.5,535.66669,,,,112232897713.4598,15.8737,51.15481,7.53708,12.5519,
IRQ,2024,1300.0,545.87386,,,,100690954781.5882,11.20722,47.86988,-3.84169,13.99145,
ISL,1960,0.3619,,,,,12332400.0,,34.86442,,44.60486,
ISL,1961,0.40083,,,,,23919350.0,,38.81887,26.0249,42.72882,
ISL,1962,0.43,,,,,31917030.0,,40.32531,25.06024,40.02229,
ISL,1963,0.43,,,,,34507320.0,,38.62289,14.31599,38.48618,
ISL,1964,0.43,,,,,43818480.0,,31.41632,3.87494,29.77794,
ISL,1965,0.43,,,,,53918480.0,,32.62149,25.21865,31.35672,
ISL,1966,0.43,,,,,58050510.0,,30.39403,11.88789,30.66014,
ISL,1967,0.44167,,,,,35260800.0,,36.09546,20.49337,34.8836,
ISL,1968,0.62167,,,,,27955100.0,,36.49186,8.66782,37.1048,
ISL,1969,0.88,,,,,38520800.0,,36.37431,23.34554,32.72467,
ISL,1970,0.88,,,,,53803730.0,,36.00569,23.85624,31.1631,
ISL,1971,0.88,,,,,70111011.2838,,34.17612,20.7874,29.96422,
ISL,1972,0.8826,,,,,84930137.5801,,32.17233,18.27786,28.25999,
ISL,1973,0.90134,,,,,101652029.07545,,30.34819,32.44257,27.36269,
ISL,1974,0.99952,,,,,52847186.69824,,26.81945,28.6252,29.79832,
ISL,1975,1.53695,,,,,49803248.17447,,24.22169,28.95375,27.53543,
ISL,1976,1.82172,,,,,83422178.40745,1.66622,22.88303,32.87398,25.02561,
ISL,1977,1.9887,,,,,104776332.64327,1.6165,22.82631,44.0557,24.33129,
ISL,1978,2.71111,,,,,145776004.48466,1.9695,21.85135,48.42568,23.41793,
ISL,1979,3.526,,,,,187025540.02363,2.03547,23.25183,57.21503,25.00467,
ISL,1980,4.79764,,,,,202698218.43202,1.88791,23.84018,65.31995,25.66534,
ISL,1981,7.22418,,,,,249003654.07795,2.18712,19.14006,24.88164,28.11722,
ISL,1982,12.35153,,47.0,,-4.32576,167561221.68618,1.53211,20.767,70.29838,34.90811,
ISL,1983,24.84277,,42.75,,-19.48905,167980245.54194,1.7454,21.55925,80.10953,36.73672,
ISL,1984,31.69374,,22.83333,,-3.18995,142709820.01128,1.38318,21.89185,34.15808,38.0772,
ISL,1985,41.50767,,32.6,,0.39025,221567024.60457,1.98463,24.62834,53.48821,36.6458,
ISL,1986,41.10416,,18.775,,-4.66442,328991526.1495,2.53639,24.53562,31.89997,31.92184,
ISL,1987,38.67718,,26.60833,,5.55401,335033560.13137,1.88221,25.79485,36.87908,34.27704,
ISL,1988,43.01398,,30.275,,5.79826,310844185.91797,1.69282,27.37104,30.54223,38.22011,
ISL,1989,57.04179,,27.96667,,4.14936,356971364.44398,2.10831,33.47154,50.64182,44.28716,
ISL,1990,58.28377,67.29707,16.18333,,0.8785,454982426.12852,2.31185,32.77844,14.10559,40.43931,
ISL,1991,58.99634,70.54114,17.51667,,8.44488,466776862.74442,2.26829,35.1392,15.91033,41.61359,
ISL,1992,57.54593,71.34838,13.05,,9.2806,514653054.08927,2.60369,36.52422,3.89894,44.59191,
ISL,1993,67.60318,70.97308,14.10833,,12.05564,445582069.69747,2.6152,37.71509,6.53316,44.58225,
ISL,1994,69.94438,71.29841,10.56667,,7.76124,311693227.749,1.75834,36.20013,2.03604,42.52057,
ISL,1995,64.69167,71.92754,11.58333,,8.33589,327060134.47634,1.54937,35.99052,2.52057,43.90312,
ISL,1996,66.5,74.11879,12.43333,,9.62743,471824526.67407,1.95424,35.66043,6.18932,46.40602,
ISL,1997,70.90429,73.66081,12.89167,,9.83185,397889829.04015,1.6306,36.43009,9.35241,63.78922,
ISL,1998,70.95833,76.65822,12.78333,,7.74003,442513292.05139,1.49699,37.46141,15.19087,61.40587,
ISL,1999,72.33529,79.2466,13.3,,9.51753,494669751.63569,1.63772,40.867,17.2579,69.98893,
ISL,2000,78.61595,84.70467,16.8,,12.33911,405074266.0166,1.24398,41.49212,10.73926,92.35795,
ISL,2001,97.4246,88.30427,17.95,,8.5331,355376118.48792,1.19844,42.34129,15.16031,94.08891,
ISL,2002,91.66167,91.10541,15.36667,,8.97705,461532295.232,1.58384,45.64486,14.74185,99.51122,
ISL,2003,76.70898,92.61488,11.95,,11.40482,818644873.1199,2.12171,54.34339,22.36902,123.6804,
ISL,2004,70.19167,93.29659,12.01667,,9.11201,1074203553.34615,2.0399,57.22887,16.3542,156.23108,
ISL,2005,62.98167,95.84067,14.77753,,11.49771,1068602214.11431,1.3821,65.55457,26.20645,235.46191,
ISL,2006,70.18,101.6551,17.90898,,8.49316,2342225223.0951,2.34232,91.39943,60.11919,301.01894,
ISL,2007,64.055,107.34039,19.29081,,14.36801,2631913597.34891,2.12322,85.30129,5.85447,243.15495,
ISL,2008,87.94792,114.527,20.14617,,7.09715,3570697294.05494,3.18628,98.75892,32.09065,190.99158,
ISL,2009,123.63838,121.91598,18.98766,,7.16887,3882623015.92261,5.56522,99.42057,2.47097,171.82627,
ISL,2010,122.24181,132.91871,10.25703,,3.47715,5788562800.11708,8.18942,85.86435,-10.02116,157.61794,
ISL,2011,115.95404,135.152,7.69807,,4.10373,8548042323.47083,9.97574,86.52947,5.69273,134.86019,
ISL,2012,125.08279,136.96767,8.32434,,4.6538,4191506843.5824,5.34365,78.85627,-4.56844,116.32024,
ISL,2013,122.17912,137.02262,8.15167,,5.52104,4237652258.59372,5.95007,77.72327,4.65404,106.38846,
ISL,2014,116.76735,138.54787,7.7425,,3.38737,4177067541.46937,5.4412,77.41595,5.78694,93.27165,
ISL,2015,131.91871,141.97493,7.61,,0.80408,5040573412.30604,6.9415,73.78043,5.57258,86.33045,
ISL,2016,120.81155,140.02995,8.23667,,5.39231,7225621330.32653,9.32832,64.50079,-4.63527,83.0289,
ISL,2017,106.83957,138.27717,7.25583,,5.59405,6566175919.51031,7.10868,64.45203,5.03419,85.67513,
ISL,2018,108.30018,140.97028,6.955,,3.73444,6321213331.79507,6.33195,63.90355,6.9918,89.49218,
ISL,2019,122.60677,138.66785,6.95,,2.01571,6782387111.82889,8.1318,64.24343,6.594,87.71155,
ISL,2020,135.42171,143.25338,5.75871,,1.35861,6419314385.06349,10.02631,70.81152,7.36536,98.40925,
ISL,2021,126.98886,142.58816,5.40416,,-0.70133,7078849095.85852,7.73829,70.3165,10.86721,99.52282,
ISL,2022,135.2799,134.89949,7.5973,,-1.13427,5887412717.94843,4.84909,64.6382,8.86771,93.06378,
ISL,2023,137.94295,137.85032,11.53097,,5.9278,5808710368.479,4.57786,63.22018,8.32048,88.35422,
ISL,2024,137.95803,141.75811,12.45738,,6.07212,6402950468.75603,4.82371,67.23325,11.65518,90.8919,
ISL,2025,,147.32059,,,,,,,,,
ISR,1960,0.00018,,,,,213156800.0,3.8349,22.79695,,11.39848,
ISR,1961,0.00018,,,,,279512900.0,4.07552,22.91978,21.42857,11.59471,
ISR,1962,0.00029,,,,,419626970.0,,25.84716,35.29412,12.36169,
ISR,1963,0.0003,,,,,515211720.0,,25.45286,17.3913,12.53789,
ISR,1964,0.0003,,,,,545175920.0,,27.58213,23.33333,15.07492,
ISR,1965,0.0003,,,,,643181280.0,6.31602,29.79845,16.21622,16.63169,
ISR,1966,0.0003,,,,,621344090.0,5.81148,32.10512,17.05426,19.48986,
ISR,1967,0.00031,,,,,714857200.0,5.92833,40.10594,26.49007,21.6978,
ISR,1968,0.00035,,,,,672002300.0,4.60013,42.50308,21.46597,22.90037,
ISR,1969,0.00035,,,,,412671200.0,2.33587,42.60711,15.66092,24.02935,
ISR,1970,0.00035,,,,,451538800.0,2.07286,43.42907,19.87578,25.33738,
ISR,1971,0.00038,,,,,743867526.49071,2.88321,45.58639,33.26425,24.6365,
ISR,1972,0.00042,,,,,1253027076.45269,4.67112,30.18759,-13.40381,27.82894,
ISR,1973,0.00042,,,,,1891389447.38567,4.3125,28.68995,22.6566,29.91353,
ISR,1974,0.00045,,,,,1358324374.6793,2.41265,28.16289,41.62593,32.81938,
ISR,1975,0.00063,,,,,1291503393.57237,2.05626,27.3849,37.10081,32.75444,
ISR,1976,0.00079,,,,,1476979092.58351,2.37393,29.23336,40.69829,33.37133,
ISR,1977,0.00104,,,,,1713580566.85654,2.63021,33.35058,63.16735,40.41958,
ISR,1978,0.00174,,,,,2889778655.91513,3.57057,21.02494,3.90893,50.8859,
ISR,1979,0.00254,,,,,3693704330.02836,3.82437,17.65519,57.73193,58.47283,11.23197
ISR,1980,0.00512,,,,,4055275455.73542,3.61594,18.69253,142.59557,61.01861,18.93428
ISR,1981,0.01143,,,,,3970880954.1526,3.26144,73.41478,829.30698,53.54743,25.92868
ISR,1982,0.02427,,,,,4334575278.02565,3.55051,76.53872,141.84756,57.55638,54.40842
ISR,1983,0.05621,,,,,4038410758.42861,3.27147,90.92532,206.87036,59.73434,15.5964
ISR,1984,0.29321,,,,,3373868527.24407,2.68046,113.39025,510.18445,69.40275,19.97059
ISR,1985,1.17885,,,,,4012724905.09666,3.26942,80.29076,168.54599,50.03819,26.39614
ISR,1986,1.48784,,,,,5057145300.0,3.90483,61.96909,20.75087,43.64117,27.5834
ISR,1987,1.59464,,,,,6368457379.49609,3.89667,61.23682,27.23779,46.17551,28.12971
ISR,1988,1.59893,,,,,4433201784.7896,2.60017,61.04624,22.2513,48.36995,10.29455
ISR,1989,1.91642,,,,,5684035274.76542,3.29086,61.9068,21.06806,49.21623,15.69066
ISR,1990,2.01618,1.70674,,,,6598156851.73066,3.32693,59.42391,19.42292,48.75049,13.34145
ISR,1991,2.27911,1.98323,,,,6427966120.67688,3.01309,54.0582,17.72589,46.63923,20.13416
ISR,1992,2.45908,2.17286,,,,5130401751.13438,2.23187,56.61678,26.46827,48.15498,37.37599
ISR,1993,2.83008,2.35794,,,,6386155658.38842,2.53135,59.70195,21.96633,53.89357,63.66558
ISR,1994,3.01106,2.5981,,,,6795646821.45604,2.39648,61.52728,24.59339,56.46741,36.07278
ISR,1995,3.01129,2.77554,,,,8122625601.01527,2.51697,64.38621,21.67365,58.27254,34.60627
ISR,1996,3.19165,2.97854,,,,11417780234.89601,3.32641,69.58027,24.98485,59.83445,31.07309
ISR,1997,3.44935,3.16928,,,,20334584789.84737,5.88324,71.31918,14.95441,61.85583,38.78131
ISR,1998,3.80008,3.34631,,,,22674295628.78847,6.65522,76.76102,19.65254,66.23852,33.91478
ISR,1999,4.13972,3.50464,,,,22604867902.29361,5.76106,80.82987,15.53864,69.11282,53.74945
ISR,2000,4.07733,3.43489,,,,23281206067.53753,4.90544,78.84664,8.02064,70.23664,48.89151
ISR,2001,4.20565,3.41691,,,,23378584659.09948,5.63199,83.94987,8.61029,74.31548,42.70746
ISR,2002,4.73782,3.46268,,,,24082878018.14148,6.03275,89.13686,11.04487,77.15533,33.6158
ISR,2003,4.55413,3.62146,,,,26315098306.43975,6.25453,88.38522,-0.06678,73.84435,53.39749
ISR,2004,4.48198,3.53508,,,,27094382252.54383,5.59872,90.36052,7.23101,72.01283,65.58913
ISR,2005,4.4877,3.71694,,,,28059414574.22176,5.30944,94.26968,10.03202,74.59263,83.09246
ISR,2006,4.45581,3.80429,,,,29153237863.99003,5.00309,94.2661,6.9449,72.61199,101.78174
ISR,2007,4.10808,3.73278,,,,28518505747.36257,4.11036,69.99938,-20.42964,65.73999,127.27682
ISR,2008,3.58802,3.8672,,,,42513241646.73301,5.48608,75.28068,12.51885,69.01217,48.68491
ISR,2009,3.93234,3.99133,,,,60611355180.6685,10.09637,75.33146,5.78904,65.07481,88.44006
ISR,2010,3.73897,3.9907,,,,70907310771.311,9.95126,72.75075,3.13265,66.93535,94.96617
ISR,2011,3.57813,3.94476,,,,74874110293.49677,8.81396,75.8175,11.55631,67.37421,58.53845
ISR,2012,3.85592,3.95536,,,,75907618700.93382,8.75846,76.06661,6.30058,66.26605,61.40445
ISR,2013,3.61076,3.83957,4.4177,1.3211,2.49676,81785518232.82014,9.41651,77.85307,8.52674,64.67414,68.11266
ISR,2014,3.57793,3.94039,3.90743,0.79768,3.10704,86101256622.48776,9.94486,83.24573,11.82546,64.94061,63.65527
ISR,2015,3.88683,3.92393,3.45941,0.45713,1.07299,90575018408.045,11.29732,82.8993,4.216,65.71742,80.37175
ISR,2016,3.84057,3.78851,3.42016,0.48387,3.06083,95446290281.55684,11.27088,83.63755,5.75749,64.72808,66.46672
ISR,2017,3.59956,3.75163,3.49731,0.51911,3.49053,113009532488.0622,12.38448,84.32088,5.20635,64.64511,64.45741
ISR,2018,3.59056,3.78466,3.47761,0.56241,2.77336,115265900520.8514,11.44111,83.91059,4.20705,65.48617,49.81846
ISR,2019,3.56453,3.81686,3.53356,0.64968,1.58675,126007828810.34128,12.32941,85.35376,7.5159,64.451,59.24722
ISR,2020,3.44241,3.7467,3.30802,0.54862,2.22737,173292120893.2545,18.77705,105.2361,22.07851,67.96219,63.79798
ISR,2021,3.2302,3.65766,3.10075,0.4422,0.78557,212933655186.2649,17.15316,108.62471,15.50439,69.18446,73.92413
ISR,2022,3.35961,3.44298,2.95818,0.4356,-1.88414,194231433877.6928,13.41057,103.0072,5.74108,70.14216,51.34178
ISR,2023,3.66737,3.45682,,,,204660857567.0164,15.14299,101.24877,4.64189,69.55455,51.6401
ISR,2024,3.69972,3.50198,,,,214543676669.814,15.83338,102.84191,8.11017,69.75497,61.23135
ISR,2025,,3.47666,,,,,,,,,
ITA,1960,623.98634,,,,,3288591200.0,,,,,
ITA,1961,625.0,,,,,3809235500.0,,,,,
ITA,1962,625.0,,,,,4072606720.0,,,,,
ITA,1963,625.0,,,,,3624125520.0,,,,,
ITA,1964,625.0,,,,,3831167440.0,,,,,
ITA,1965,625.0,,,,,4808141120.0,,,,,
ITA,1966,625.0,,,,,4923709110.0,,,,,
ITA,1967,625.0,,,,,5476253200.0,,,,,
ITA,1968,625.0,,,,,5918045600.0,,,,,
ITA,1969,625.0,,,,,5061676400.0,,,,,
ITA,1970,625.0,,,,,5547425490.0,3.6951,,,,
ITA,1971,620.35929,,,,,7283733924.50827,4.42823,,,,
ITA,1972,583.2175,,,,,8300403742.10896,4.13324,,,,
ITA,1973,582.99583,,,,,12211762049.63768,4.37188,,,,
ITA,1974,650.34333,,,,,18789255456.8066,4.68339,,,,
ITA,1975,652.84917,,,,,12874206632.02349,3.38619,,,,4.73226
ITA,1976,832.335,,,,,14337537090.58346,3.43678,,,,
ITA,1977,882.38833,,,,,21780300209.81038,4.71365,,,,2.38813
ITA,1978,848.66333,,,,,29895032078.12868,5.48679,,,,3.10549
ITA,1979,830.86167,,,,,52353996728.72633,7.09168,,,,3.25902
ITA,1980,856.4475,,,,,62427835828.10992,6.5152,,,,5.29733
ITA,1981,1136.765,,,,,46635435135.15506,5.03215,,,,5.54958
ITA,1982,1352.51,,,,,44552893204.49447,5.05564,,,,4.6529
ITA,1983,1518.84833,,,,,45540036598.49872,5.67356,,,,4.70854
ITA,1984,1756.96083,,,,,41349282775.63357,4.83733,,,,5.86045
ITA,1985,1909.43917,,,,,37396565945.51845,4.19878,,,,12.833
ITA,1986,1490.81,,,,,46048953034.22137,4.45981,,,,21.84914
ITA,1987,1296.07,,,,,62488960742.92301,4.82505,,,,14.90231
ITA,1988,1301.6275,,,,,62067048705.84772,4.32043,,,,15.15297
ITA,1989,1372.09333,,15.00258,,8.29135,73454774682.28769,4.54303,,,,18.20117
ITA,1990,1198.10167,0.69146,14.85225,,5.45218,88595441116.00345,4.27124,,,,12.56524
ITA,1991,1240.61333,0.71955,14.66642,,6.5858,72254305371.70322,3.43949,,,,13.21223
ITA,1992,1232.40583,0.73425,16.52392,,11.64704,49861589540.54547,2.1133,,,,9.34545
ITA,1993,1573.66587,0.74512,14.62783,,10.34007,53589806323.86356,2.74254,,,,13.61232
ITA,1994,1612.44498,0.75538,11.98383,,8.15256,57817130022.39735,2.77639,,,,16.87957
ITA,1995,1628.93316,0.77631,13.236,,7.92064,60690107044.35374,2.47168,,,,17.79582
ITA,1996,1542.94697,0.79766,12.81833,,8.09171,70566438037.77509,2.77599,,,,19.51627
ITA,1997,1703.09691,0.80417,10.50948,,7.76771,75086486574.6997,2.89945,,,,27.6842
ITA,1998,1736.20738,0.79978,8.64311,,6.12939,53879698134.07837,1.96328,,,,0.02312
ITA,1999,0.93828,0.80645,6.34553,,4.79735,45301890068.17809,1.6603,,,,58.0269
ITA,2000,1.08271,0.80509,7.02274,,5.17582,47201146787.79501,1.6849,,,,66.83388
ITA,2001,1.11653,0.81636,7.28775,,4.0982,46215583156.09187,1.65177,,,60.14303,45.00415
ITA,2002,1.05756,0.82349,6.53651,,3.12812,55621728398.72967,1.84934,,,61.82127,37.22074
ITA,2003,0.88405,0.83352,5.83035,,2.58133,63263645220.81554,1.76095,,,65.11427,38.84199
ITA,2004,0.80392,0.85195,5.50617,,2.8027,62386140318.13291,1.50381,,,67.49386,43.55466
ITA,2005,0.8038,0.85514,5.31393,,3.16379,65954006492.16476,1.46363,,,70.59362,42.79252
ITA,2006,0.79643,0.82302,5.62178,,3.33205,75773325816.19026,1.46177,,,75.42323,52.41107
ITA,2007,0.72967,0.80923,6.3347,,3.77484,94108647218.6732,1.53863,,,81.45312,48.2575
ITA,2008,0.67992,0.78369,6.83731,,4.32863,105649105827.66,1.58528,,,83.38227,21.59611
ITA,2009,0.71696,0.77094,4.75667,,2.93216,131496916615.7429,2.63331,,,87.18617,29.68332
ITA,2010,0.75431,0.77335,4.03167,,3.41342,158478306213.3864,2.88465,,,92.66763,24.94521
ITA,2011,0.71841,0.75869,4.59917,,2.8216,169872360984.7408,2.74225,,,93.57188,18.70357
ITA,2012,0.77834,0.74773,5.2225,,3.4612,181670318701.1457,3.38509,,,93.26869,22.9668
ITA,2013,0.75295,0.7373,5.14417,,3.97365,145724509188.8718,2.74019,,,90.36566,28.58327
ITA,2014,0.75273,0.73964,4.86667,,3.92866,142756493254.50287,2.65491,,,88.18747,27.02455
ITA,2015,0.9013,0.73869,4.12925,,3.32048,130592432979.51488,2.81186,,,86.91585,
ITA,2016,0.90342,0.70054,3.49617,,2.22028,135133283786.77608,2.95161,,,84.49173,
ITA,2017,0.88521,0.6899,3.00083,,2.27486,151120440050.0727,2.96041,,,80.41672,
ITA,2018,0.84677,0.68122,2.68,,1.59237,152361936421.5528,2.70264,,,76.44822,
ITA,2019,0.89328,0.6473,2.6025,,1.53938,175397954131.1085,3.26808,,,73.44041,
ITA,2020,0.87551,0.63229,2.32833,,0.73927,210687330553.17,4.64748,,,82.65282,
ITA,2021,0.84549,0.62536,2.02592,,0.73319,227478327159.25696,3.87214,,,76.00512,
ITA,2022,0.94962,0.59129,2.26445,,-1.15113,224580577612.139,3.12712,,,69.58686,
ITA,2023,0.92484,0.60195,4.89248,,-1.22864,247396384253.983,3.37671,,,63.12704,
ITA,2024,0.92389,0.59963,5.25245,,3.23429,290547420426.359,4.00727,,,60.37013,
ITA,2025,,0.60608,,,,,,,,,
JAM,1960,0.71429,,,,,69200000.0,,20.34719,,15.74103,
JAM,1961,0.71429,,,,,76100000.0,,17.7273,-6.77165,16.30118,
JAM,1962,0.71429,,,,,74200000.0,,22.8179,33.8239,14.94096,
JAM,1963,0.71429,,,,,89900000.0,,24.44044,13.85632,12.98888,
JAM,1964,0.71429,,,,,96950000.0,,24.79293,10.18417,16.27709,
JAM,1965,0.71429,,,,,95840000.0,,24.63969,7.59527,18.30357,
JAM,1966,0.71429,,,,,87640000.0,,25.14258,15.11941,17.25811,
JAM,1967,0.72421,,,,,85040000.0,,26.48124,11.77761,17.5848,
JAM,1968,0.83333,,,,,120240000.0,,31.72066,30.13013,19.20948,
JAM,1969,0.83333,,,,,117940000.0,,34.15846,18.35596,24.71039,
JAM,1970,0.83333,,,,,139190000.0,,33.34401,15.10922,23.87665,
JAM,1971,0.8328,,,,,179050366.46029,,37.60504,23.55012,25.41329,
JAM,1972,0.76746,,,,,159691449.98371,,37.83733,12.91247,28.9139,
JAM,1973,0.90909,,,,,127444737.32764,,39.09878,23.4966,31.57358,
JAM,1974,0.90909,,,,,190393158.34063,,41.43539,33.04479,30.85434,
JAM,1975,0.90909,,,,,125575299.1091,,37.81122,9.89971,28.92705,
JAM,1976,0.90909,,13.75583,,2.36181,32394610.26466,0.31064,38.5537,5.72788,27.51814,
JAM,1977,0.90909,,13.855,,1.21659,49646472.31279,0.5572,39.36455,11.86894,22.21721,
JAM,1978,1.41326,,13.68417,6.72994,-10.18442,58823497.23263,0.5667,36.41291,17.02133,20.63624,
JAM,1979,1.76478,,13.81333,8.32035,-1.66205,69599359.53487,0.58003,36.12788,13.61375,20.99507,
JAM,1980,1.78142,,15.63333,9.57594,-2.24425,105000000.0,0.75076,42.66479,31.70865,21.8965,
JAM,1981,1.78142,,16.06833,10.59715,7.14889,85173841.28789,0.52123,45.34237,18.16122,25.56195,
JAM,1982,1.78142,,16.43833,10.75619,7.49994,108969025.85052,0.67936,56.04811,36.65937,31.51272,
JAM,1983,1.93222,,16.96917,13.66078,0.00733,63200000.0,0.42397,60.15677,27.93104,33.74871,
JAM,1984,3.9428,,18.53417,15.9292,-12.79071,96929406.28709,0.65056,51.12028,13.72056,29.11557,
JAM,1985,5.55856,,24.91583,19.66248,-2.81105,161300000.0,1.08196,54.40438,32.75941,25.3734,
JAM,1986,5.47783,,27.34,18.84216,0.37748,98415886.87877,0.73929,62.11324,47.56346,24.20767,
JAM,1987,5.48667,,25.44667,15.71157,13.19593,174304474.45701,1.07426,61.09185,17.55713,28.06972,
JAM,1988,5.48855,,25.19083,15.87061,11.72209,147200000.0,0.78643,72.64804,38.54796,31.75504,
JAM,1989,5.74464,,25.2175,16.02128,11.43398,107500000.0,0.46177,66.42043,10.10619,35.61932,
JAM,1990,7.18403,2.74537,30.50083,23.98169,4.30295,168155250.31654,0.68923,61.95185,21.60159,31.55846,
JAM,1991,12.11588,4.0665,31.50917,24.7769,-8.57406,106057217.23955,0.4616,60.5216,47.32024,28.88344,
JAM,1992,22.96035,6.36285,44.8125,33.77527,-9.5124,324147546.3033,1.48216,57.27366,54.4089,23.18536,
JAM,1993,24.94855,9.49772,43.71167,27.71497,-5.9518,417049933.96549,1.63715,44.47975,29.84766,20.858,27.05293
JAM,1994,33.08593,12.19188,49.4575,36.57355,13.99637,735930634.90233,2.51521,43.02819,28.58322,19.5797,33.32564
JAM,1995,35.14212,14.94919,43.57667,23.31037,14.68989,681258961.12545,1.92519,42.98066,27.98717,21.33404,21.14125
JAM,1996,37.11956,17.45093,39.83417,25.1675,17.63413,879966322.80367,2.49583,44.30473,22.39474,19.90136,26.29995
JAM,1997,35.40447,18.80348,32.86417,13.86833,21.21681,682126514.93891,1.81759,47.5933,16.4017,18.46488,27.27617
JAM,1998,36.55,20.14399,31.5875,16.4025,19.00286,709452691.0865,1.89108,47.80832,8.48153,23.36738,24.27737
JAM,1999,39.04352,21.23664,27.005,14.11667,18.78945,554524512.10624,1.47647,48.30657,9.16213,23.85853,28.41548
JAM,2000,42.9857,22.96479,23.34833,14.66302,11.53955,1053690047.86883,2.54422,40.28459,-6.96708,25.56436,39.42981
JAM,2001,45.99625,24.21254,20.6075,13.31763,11.87315,1900541274.65785,4.35031,46.53947,26.22138,12.95206,51.31745
JAM,2002,48.41594,26.00781,18.50167,11.50883,8.63356,1645099135.07986,3.52314,47.83975,14.37118,14.72383,62.11569
JAM,2003,57.74087,28.46891,18.88667,11.79425,6.50631,1194860262.03599,2.514,45.89214,11.00559,18.35216,
JAM,2004,61.1972,31.28824,18.1375,10.75107,4.67745,1846479130.37806,3.62284,46.66828,16.2865,20.00583,
JAM,2005,62.28071,33.81632,17.36083,9.81528,5.28587,2169806025.78395,3.73478,44.51688,7.28043,20.97808,
JAM,2006,65.74386,35.7073,17.6425,9.25643,8.07942,2318429013.89466,3.43806,45.89724,15.4768,23.43908,
JAM,2007,69.19216,38.70114,17.1975,8.88667,5.27906,1878513938.68574,2.33165,46.58882,14.61628,27.30669,
JAM,2008,72.7562,43.11324,16.82583,9.12341,2.88782,1772712407.05834,1.93914,43.4984,5.15425,30.19132,
JAM,2009,87.89412,47.84365,16.43201,9.67357,4.27696,2075840757.89434,3.43153,44.76194,9.90715,28.60348,
JAM,2010,87.19615,51.90641,20.45445,6.44204,9.69328,2501094875.87813,4.17336,43.67598,5.58487,26.40566,29.38115
JAM,2011,85.89346,53.80495,19.50928,4.27907,12.9618,2281909630.03741,3.19619,42.54204,4.83258,26.79574,34.6762
JAM,2012,88.7498,56.60694,17.62827,3.75101,10.37456,1996447947.35127,2.86517,43.6593,8.69961,28.98833,
JAM,2013,100.39788,59.61132,17.71646,3.6957,8.57868,1818363782.17835,2.68626,45.19744,12.8164,29.76977,23.40902
JAM,2014,110.93453,63.19977,17.21701,4.52248,9.62038,2473010904.82092,3.69022,44.81109,6.74721,29.32295,21.13061
JAM,2015,116.96978,65.90627,16.97651,3.89465,3.99916,2913835195.89151,4.74928,44.76457,13.39697,28.47486,39.42563
JAM,2016,125.09503,66.67552,16.48853,3.55583,12.41426,3291468022.15921,5.52675,47.68466,13.43104,30.25178,43.41922
JAM,2017,127.96454,68.53273,14.90512,3.7107,8.46445,3781167558.10295,5.69691,48.95423,11.25245,38.24605,59.58653
JAM,2018,128.87152,71.63314,14.09407,3.01691,8.75572,3532039680.05605,4.79732,50.02082,9.89112,40.26192,71.53254
JAM,2019,133.31212,74.13214,12.99846,2.55123,10.09526,3631089258.40452,4.77244,52.49914,9.67138,44.90808,92.60661
JAM,2020,142.40283,77.28101,12.06138,2.45845,9.18863,3938028780.65402,7.0393,66.09361,18.47705,52.3597,78.00609
JAM,2021,150.79011,81.32698,11.49333,2.58532,4.57979,4837564537.17809,7.07549,66.55104,13.47253,50.0227,76.1398
JAM,2022,153.42682,85.5231,11.405,4.05833,-1.11125,4520481084.67503,5.14841,60.22949,8.52109,46.19045,69.38283
JAM,2023,154.15878,91.90863,11.65167,5.81667,0.28577,4868643492.7225,5.45473,58.9408,11.94355,44.56635,56.79822
JAM,2024,156.43954,94.10209,11.99643,6.23199,6.80326,5632916052.14541,6.47177,61.1375,8.18859,45.12887,56.45937
JOR,1960,0.35714,,,,,46380000.0,,,,,
JOR,1961,0.35714,,,,,51230000.0,,,14.98708,,
JOR,1962,0.35714,,,,,58050000.0,,,20.89888,,
JOR,1963,0.35714,,,,,62660000.0,,,11.59387,,
JOR,1964,0.35714,,,,,77080000.0,,,11.73433,,
JOR,1965,0.35714,,,,,139846640.0,,30.02288,19.83192,14.77218,
JOR,1966,0.35714,,,,,167673430.0,,32.35064,18.21673,15.82809,
JOR,1967,0.35714,,,,,244064400.0,,41.72784,23.82669,16.34619,
JOR,1968,0.35714,,,,,290247400.0,,54.30838,15.61112,19.12126,
JOR,1969,0.35714,,,,,262689200.0,,47.61258,9.19474,17.41506,
JOR,1970,0.35714,,,,,257533890.0,,56.59151,8.76297,19.09545,
JOR,1971,0.35714,,,,,257685715.1917,,55.79851,4.55611,18.54624,
JOR,1972,0.35714,,,,,292676198.44683,10.63891,52.05185,8.4606,17.02202,
JOR,1973,0.32857,,,,,360195580.07544,10.34375,56.89165,20.35981,19.12641,
JOR,1974,0.32209,,,,,461452944.31181,9.09053,57.17682,25.00269,20.81436,
JOR,1975,0.31979,,,,,570673410.77286,7.19908,67.01973,32.47072,26.5242,
JOR,1976,0.33198,,,,,578862216.07483,5.30497,68.31664,32.6396,31.24894,
JOR,1977,0.32927,,,,,776098876.44423,5.57871,68.64455,22.30498,28.57213,
JOR,1978,0.30562,,,,,1068844177.6712,6.36739,76.39469,28.19979,39.4514,
JOR,1979,0.30033,,,,,1583911654.63242,6.80313,78.08448,26.27085,45.29242,
JOR,1980,0.29792,,,,,1744684397.63029,6.32643,84.14903,27.7734,46.49704,
JOR,1981,0.33043,,,,,1510813967.55742,4.20215,81.70931,20.74864,47.70924,
JOR,1982,0.35249,,,,,1377509701.38491,3.78489,85.26089,18.86121,51.0869,
JOR,1983,0.36308,,,,,1239990117.0243,3.73164,90.5581,14.99911,55.59588,
JOR,1984,0.38446,,,,,841785311.20231,2.54816,92.27502,8.91675,59.35644,
JOR,1985,0.39462,,,,,769724328.64675,2.3664,95.35776,6.63634,60.74835,
JOR,1986,0.34997,,,,,853055559.46326,2.88415,92.78072,10.6237,57.85338,
JOR,1987,0.33846,,,,,909726819.07532,2.745,105.1388,15.65636,59.24057,
JOR,1988,0.37429,,,,,414369577.83168,1.20867,118.23153,15.54603,62.45289,
JOR,1989,0.57458,,,,,770634411.54362,2.90679,133.48365,16.54727,64.66102,
JOR,1990,0.66371,0.17658,,,,1138743539.78461,3.54903,126.956,8.26946,62.27525,
JOR,1991,0.68087,0.18009,,,,1104763223.24164,3.42356,137.23333,15.8037,62.36193,
JOR,1992,0.67982,0.18794,,,,1030115563.67993,2.58425,116.19231,3.34153,55.89569,
JOR,1993,0.69285,0.18904,,,,1946380519.70699,4.76497,112.86327,4.50664,60.65799,
JOR,1994,0.69876,0.19779,,7.0925,,1996868732.10993,5.00886,103.96773,3.3331,64.5013,
JOR,1995,0.70038,0.19738,,7.6825,,2279459582.32807,5.16368,101.59062,5.7284,68.86252,
JOR,1996,0.709,0.1978,,8.5025,,2054682671.67163,4.23029,96.63073,-0.90983,69.36318,
JOR,1997,0.709,0.19687,12.34,9.11083,10.95795,2435932079.65291,5.18032,99.44537,7.64187,69.99103,
JOR,1998,0.709,0.20637,12.60917,8.20583,6.23065,1988259781.70728,4.23581,96.82037,6.31502,69.12631,
JOR,1999,0.709,0.20273,12.32583,8.30417,12.74661,2770018266.18145,6.07718,108.56729,15.5008,71.38786,
JOR,2000,0.709,0.19742,11.79917,6.96833,12.26379,3441302675.1737,6.48968,112.5505,7.6231,72.0874,
JOR,2001,0.70898,0.19456,10.93583,5.805,10.08388,3174221852.98524,5.84456,114.69163,8.10277,75.70839,
JOR,2002,0.709,0.19336,10.17917,4.42583,9.16988,4116412745.00552,7.2658,116.65646,8.59078,72.73962,
JOR,2003,0.709,0.19369,9.29667,3.14333,6.99911,5365764578.60337,8.71563,127.85789,16.61472,70.80223,
JOR,2004,0.709,0.19445,8.25667,2.49167,5.00663,5446636728.33555,6.68172,126.18337,10.46157,74.69886,
JOR,2005,0.709,0.19232,7.60667,2.9125,5.49004,5461160795.78652,5.32195,138.87739,21.41435,88.09189,
JOR,2006,0.709,0.20644,8.17833,4.62083,-2.23329,6982163598.46786,6.06712,131.01839,12.83594,91.7686,
JOR,2007,0.709,0.21114,8.67667,5.44667,3.45339,7924938971.1265,5.79132,129.62007,12.42508,91.63206,238.67572
JOR,2008,0.70967,0.25609,9.0275,5.46083,-11.80766,8918475754.26497,5.3865,118.41673,21.09421,78.43456,158.41454
JOR,2009,0.71,0.26257,9.24667,4.94417,5.89858,12135159071.48042,8.54393,135.84466,24.28963,73.31976,129.70418
JOR,2010,0.71,0.28037,9.02417,3.5275,0.87596,13632983538.07582,8.45757,134.17897,9.22338,71.25476,113.74896
JOR,2011,0.71,0.29094,8.71333,3.395,2.64641,12094960533.42811,6.51551,126.64233,2.6978,71.82595,92.07046
JOR,2012,0.71,0.30398,8.78083,3.77167,3.9902,8830598045.45112,4.40545,115.78013,-2.04208,71.28903,85.24689
JOR,2013,0.71,0.31182,9.01,4.8475,2.70047,13826035948.16979,6.55666,121.35209,14.15544,70.52723,74.77826
JOR,2014,0.71,0.32541,8.99,4.51917,5.36001,16047206176.54559,7.32698,108.74845,-4.16142,66.66394,69.35277
JOR,2015,0.71,0.3201,8.47667,3.49917,6.17298,16571894982.62987,8.30493,111.67653,7.54007,66.71117,65.96107
JOR,2016,0.71,0.32357,8.115,3.02667,6.66225,15543454210.45783,8.14629,112.7136,4.34341,70.95308,61.60035
JOR,2017,0.71,0.31154,8.39333,3.43333,6.49396,15571115321.13518,7.75008,108.01725,-0.04458,74.49297,57.60505
JOR,2018,0.71,0.3255,8.66167,4.37833,6.24663,14580237971.87215,7.2438,103.78997,0.15645,75.62121,52.43161
JOR,2019,0.71,0.31401,8.665,4.93417,7.75516,15400591352.52335,7.95678,106.33899,5.13043,76.89981,47.26959
JOR,2020,0.71,0.29811,7.48083,4.075,8.24786,16961505361.52625,10.45828,114.50292,5.73528,83.13653,41.66018
JOR,2021,0.71,0.32347,7.01583,3.43667,4.70847,19089364753.82413,9.41806,115.68739,7.03569,81.96296,47.20847
JOR,2022,0.71,0.30984,7.36833,3.82917,4.63111,18198223674.06118,6.91106,115.73754,5.37843,84.2333,52.14613
JOR,2023,0.71,0.30455,8.97833,5.535,7.02206,19068901690.62608,7.30721,112.77879,2.08649,81.8152,46.76518
JOR,2024,0.71,0.30299,8.48,6.03583,6.46243,21939099361.51162,7.79308,114.57515,6.09456,80.15705,46.67564
JPN,1960,360.0,,,6.71858,,1953371600.0,,47.3378,,,
JPN,1961,360.0,,,6.36703,,1667124550.0,,45.36275,15.72825,,
JPN,1962,360.0,,,6.24985,,2021337500.0,,64.36673,61.02438,,
JPN,1963,360.0,,,6.24985,,2059016360.0,,69.714,23.95909,,
JPN,1964,360.0,,,6.24985,,2020624000.0,,68.33116,15.29437,,
JPN,1965,360.0,,,6.24985,,2153610240.0,,72.46791,17.99089,,
JPN,1966,360.0,,,6.24985,,2121519420.0,,72.54371,16.25975,,
JPN,1967,360.0,,,6.24985,,2032436400.0,,71.49744,15.49639,,
JPN,1968,360.0,,,6.24985,,2976246800.0,,69.31985,14.82785,,
JPN,1969,360.0,,,6.24985,,3656226000.0,,69.93322,18.50386,,
JPN,1970,360.0,,,6.24985,,4876114550.0,,99.31904,67.39154,105.96989,
JPN,1971,350.67769,,,6.24985,,15469152224.91439,,112.09652,24.18499,117.32759,
JPN,1972,303.1725,,,6.05454,,18932680017.21472,,122.35689,24.9689,126.57063,
JPN,1973,271.70167,,,6.24985,,13723926171.06164,,119.55254,18.96793,125.36684,
JPN,1974,292.0825,,,8.33313,,16551249546.28386,,114.27373,14.06087,119.95455,
JPN,1975,296.7875,,,8.33313,,14910844574.1853,,120.96939,16.96492,123.24323,26.61087
JPN,1976,296.5525,,,7.03108,,18590786440.72404,,124.42081,15.50528,123.87745,30.20635
JPN,1977,268.51,,,5.98944,,25907718767.58085,,126.97761,13.72572,121.84347,2.92109
JPN,1978,210.44167,,,4.19912,,37824760299.69016,,131.92826,14.41174,121.1104,3.30222
JPN,1979,219.14,,,5.17565,,31926247771.22283,,135.29472,11.15231,122.54903,26.82264
JPN,1980,226.74083,,,8.59354,,38918853640.08676,,136.84146,9.64817,124.50645,33.57716
JPN,1981,220.53583,,,6.93342,,37839021737.7978,,142.62721,11.77422,127.48716,33.56376
JPN,1982,249.07667,,,5.85923,,34403722656.52312,,148.32284,9.29388,132.5609,36.0226
JPN,1983,237.51167,,,5.85923,,33844570858.74744,,153.85823,8.48745,136.96706,42.9511
JPN,1984,237.5225,,,5.46862,,33898635723.35651,,156.71068,7.86694,139.73127,47.88232
JPN,1985,238.53583,,,5.46862,,34641191189.32896,,160.03541,8.74464,143.29369,66.45055
JPN,1986,168.51983,,,3.6197,,51727340939.92065,,166.47545,9.18288,148.9831,84.13061
JPN,1987,144.6375,,,2.74993,,92701644565.96004,,174.363,9.42757,164.59803,105.64258
JPN,1988,128.15167,,,2.74993,,106667696597.7776,,177.23831,9.08166,173.48538,121.22095
JPN,1989,137.96442,,,3.07805,,93672792067.33366,,183.68668,10.99319,181.90693,137.0138
JPN,1990,144.7925,187.6197,,5.56236,,87828344748.00102,,182.52979,6.85224,186.98768,91.92157
JPN,1991,134.70667,186.75359,,5.98642,,80625862247.21606,,180.84795,5.54869,186.65684,82.39154
JPN,1992,126.65133,185.65514,,3.35058,,79696681098.0409,,182.07748,3.29046,190.37363,56.64437
JPN,1993,111.19779,182.31471,4.86356,2.144,4.31236,107988991686.2057,,189.99726,4.41935,193.80739,64.05856
JPN,1994,102.20781,178.83677,4.13342,1.69842,3.93925,135145568170.87892,,195.46595,4.18713,195.58691,71.86116
JPN,1995,94.05958,174.24721,3.50583,0.9015,4.05049,192619707815.1542,,199.255,4.07283,193.5619,63.9305
JPN,1996,108.77906,170.35172,2.65758,0.3005,3.11725,225593968189.5068,5.41194,201.4476,3.80395,193.50361,61.33442
JPN,1997,120.99086,168.30869,2.44883,0.30133,1.93461,226679071029.6264,5.67928,210.02121,5.81008,206.58269,46.41946
JPN,1998,130.9053,166.39374,2.32092,0.26592,2.34822,222443261241.45416,6.60815,219.45389,3.13639,214.58382,59.52496
JPN,1999,113.90681,162.03574,2.16083,0.11675,3.44463,293948150986.3215,8.24785,229.20394,2.80224,217.76089,96.10365
JPN,2000,107.7655,154.68736,2.06717,0.07042,3.44952,361639097011.6651,8.79521,229.07762,1.33556,208.81501,63.54657
JPN,2001,121.52895,149.63977,1.96942,0.05708,3.0878,401957624245.2408,10.69424,190.9282,-17.23939,180.20154,51.76405
JPN,2002,125.38802,143.7742,1.86492,0.03558,3.30182,469618129427.6413,13.07383,195.32746,0.92345,177.91804,49.47108
JPN,2003,115.93346,139.58167,1.82208,0.0425,3.48583,673554461758.6475,17.06493,196.57439,0.5405,177.53633,65.34037
JPN,2004,108.19257,134.39763,1.76658,0.08025,2.92424,844667163385.4886,17.95679,195.76722,0.62188,170.77187,72.70775
JPN,2005,110.21821,129.55195,1.67692,0.27108,2.90563,846895906145.1298,15.83517,195.03842,0.21388,170.71087,94.64829
JPN,2006,116.29931,124.45931,1.66483,0.68275,2.54882,895321278049.8348,15.01813,192.68646,-0.71341,168.92243,100.26959
JPN,2007,117.75353,120.32174,1.88325,0.80817,2.60688,973296740492.6515,15.00502,192.50401,0.67285,162.66502,94.56676
JPN,2008,103.35949,116.84581,1.9095,0.58875,2.84698,1030762755205.192,13.33105,198.37398,0.85983,160.72612,61.01428
JPN,2009,93.57009,115.23235,1.72333,0.43492,2.30603,1051654952502.2888,18.38473,216.00872,2.10541,167.76823,62.50281
JPN,2010,87.77988,111.70756,1.59833,0.50008,3.54576,1104563760972.0647,15.80701,215.29573,1.80297,159.62986,66.46512
JPN,2011,79.80702,107.45428,1.50092,0.46158,3.17449,1295838676317.295,15.23332,225.17945,2.91872,158.76815,53.35006
JPN,2012,79.79046,104.27397,1.4075,0.478,2.18008,1268085524238.3027,14.23473,228.69777,2.18022,159.3021,55.46285
JPN,2013,97.59566,101.30267,1.30375,0.54217,1.66402,1266851401020.242,14.97188,232.99444,3.55325,162.70282,87.16199
JPN,2014,105.94478,103.05208,1.21917,0.41525,-0.45938,1260680310062.82,14.21242,234.99479,2.8631,163.28678,89.40166
JPN,2015,121.04403,103.46944,1.14283,0.40625,-0.94844,1233097790281.801,16.80282,233.38588,2.99485,162.38718,110.12363
JPN,2016,108.7929,105.5195,1.04475,0.30042,0.62219,1216518779919.677,16.96897,239.55795,3.85264,163.44691,99.03315
JPN,2017,112.16614,105.1019,0.994,0.32067,1.06914,1264140980383.626,16.27331,244.00737,3.48679,168.66193,126.2022
JPN,2018,110.42318,104.15864,,,,1270467038786.778,14.68913,248.07915,2.32259,168.03515,105.07709
JPN,2019,109.00967,103.23151,,,,1322443255598.643,15.42335,252.62492,2.06668,176.79036,120.9668
JPN,2020,106.77458,100.74205,,,,1390808939303.3647,18.51862,280.38963,7.3569,195.20145,132.92697
JPN,2021,109.75432,99.21129,,,,1405748991418.918,16.07222,281.64057,2.94448,195.27208,129.86924
JPN,2022,131.49814,94.92211,,,,1227573263129.264,12.33688,284.21193,2.27008,194.92245,126.22925
JPN,2023,140.4911,93.83174,,,,1294636035263.817,13.52045,274.87656,2.13454,193.69493,145.95196
JPN,2024,151.36629,94.4626,,,,1230666979042.453,13.05975,267.07711,0.07295,194.6114,156.686
JPN,2025,,95.00034,,,,,,,,,
KAZ,1990,,0.00069,,,,,,,,,
KAZ,1991,,0.0013,,,,,,,,,
KAZ,1992,,0.02004,,,,,,,,,
KAZ,1993,,0.26296,,,,711198429.32819,,27.86246,,,
KAZ,1994,35.53833,4.23967,,,,1216175913.02958,,13.08644,575.98195,,
KAZ,1995,60.95,10.83367,,,,1659893118.71197,3.16582,11.37696,108.21048,,
KAZ,1996,67.30333,14.77739,,,,1960072974.38777,3.00314,9.85005,20.85904,,
KAZ,1997,75.4375,16.8709,,,,2222793379.79723,3.06984,10.34595,24.05629,,
KAZ,1998,78.30333,17.62816,,,,1965445685.70853,2.8701,8.57049,-14.13292,,7.65146
KAZ,1999,119.52333,19.69056,,,,2000928642.42326,3.26349,13.58226,84.3701,,
KAZ,2000,142.13333,22.60976,,,,2098969798.52754,2.43064,15.27039,44.95936,,
KAZ,2001,146.73583,24.35765,,,,2505883853.35119,2.49615,17.12384,40.2028,,
KAZ,2002,153.27917,25.37682,,,,3140845035.29359,2.91116,19.17032,30.05576,,5.23384
KAZ,2003,149.57583,27.8067,,,,4962118089.70349,3.88553,21.07014,34.23353,,7.86769
KAZ,2004,136.035,31.44674,,,,9276665297.36289,5.00339,28.11035,69.80873,,9.13495
KAZ,2005,132.88,35.94088,,,,7069707373.51453,2.65048,27.20931,25.16387,,18.43134
KAZ,2006,126.08943,42.37983,,,,19127059971.58142,5.21562,36.00605,78.06008,,53.93366
KAZ,2007,122.55417,47.66872,,,,17641023629.58208,3.42817,36.03038,25.89402,,39.46355
KAZ,2008,120.29917,56.55916,,,,19883105671.24432,3.28254,39.04088,35.3657,,17.43969
KAZ,2009,147.49667,58.84943,,,,23183086500.64573,5.09548,44.02317,19.4681,,24.22139
KAZ,2010,147.355,69.50527,,,,28264709322.89243,5.11293,38.88438,13.29614,,18.01635
KAZ,2011,146.62083,82.0901,,,,29215275560.77573,4.31223,34.52968,14.96443,,11.70001
KAZ,2012,149.1125,83.87394,,,,28299368221.48868,3.72324,33.92794,7.90154,,11.31864
KAZ,2013,152.12917,86.32042,,,,24691645318.14133,3.26618,32.21787,10.2188,,11.08384
KAZ,2014,179.19167,92.95148,,,,29250310667.53708,4.32183,32.26522,10.37563,,10.37571
KAZ,2015,221.72833,100.5485,,,,27854795818.76289,5.6883,41.8888,33.78027,37.72911,18.92303
KAZ,2016,342.16,111.09891,,,,29603056785.22475,6.81127,42.15054,15.60631,33.03023,29.25532
KAZ,2017,326.00102,121.61378,,,,30746770568.38355,5.97547,35.77922,-1.72872,29.1876,27.31215
KAZ,2018,344.70583,130.10855,,,,30976612438.51757,5.18799,33.66795,6.9748,25.93253,20.63413
KAZ,2019,382.74731,126.16875,,,,28957509931.00227,4.46057,30.66484,2.4441,24.26648,22.39195
KAZ,2020,412.95333,124.87518,,,,35638096635.11899,6.70962,35.26982,16.86381,25.63523,22.35931
KAZ,2021,425.9075,129.063,,,,34377998805.64553,5.42839,35.85315,20.79441,26.01022,33.37671
KAZ,2022,460.165,144.29033,,,,35076053023.06727,4.68628,33.0514,13.94273,25.02189,20.30565
KAZ,2023,456.165,152.54099,,,,35964591353.82,4.18749,32.06701,11.67956,26.04595,22.56278
KAZ,2024,468.9625,162.33408,,,,45807523139.25626,5.31996,33.40324,19.21183,27.27968,47.69811
KEN,1960,7.14286,,,,,,,,,,
KEN,1961,7.14286,,,,,,,,,12.30579,
KEN,1962,7.14286,,,,,,,,,11.80493,
KEN,1963,7.14286,,,,,,,,,13.17519,
KEN,1964,7.14286,,,,,,,,,13.69499,
KEN,1965,7.14286,,,,,19950000.0,,,,13.76263,
KEN,1966,7.14286,,,,,52400000.0,,22.66169,,12.6112,
KEN,1967,7.14286,,,3.5,,75830000.0,,23.69378,10.66313,14.58428,
KEN,1968,7.14286,,,3.5,,100050000.0,,23.96963,11.07383,12.89001,
KEN,1969,7.14286,,,3.5,,169660000.0,,26.37602,18.58394,12.72919,
KEN,1970,7.14286,,,3.5,,219830000.0,,30.60656,27.58199,15.11892,
KEN,1971,7.14286,,9.0,3.5,20.06939,170946360.16074,,29.6744,7.5326,17.43253,
KEN,1972,7.14286,,9.0,3.5,7.70193,201994376.01823,,28.53554,13.94596,16.48605,
KEN,1973,7.00119,,9.0,3.5,-1.09238,233045794.70965,,30.49112,24.69984,17.89332,
KEN,1974,7.14286,,9.5,4.315,-5.64353,193282885.7614,,25.71029,1.83175,17.97643,
KEN,1975,7.34319,,10.0,5.13,-1.64091,173405883.88829,1.62573,27.39467,20.21312,17.33317,
KEN,1976,8.36714,,10.0,5.13,-7.49008,275522172.36863,2.57964,28.18176,24.9573,16.82708,
KEN,1977,8.27656,,10.0,5.13,-5.90234,525784882.94683,3.86416,32.79569,48.89955,17.5086,
KEN,1978,7.72938,,10.0,5.13,6.7122,368830301.98426,1.92841,34.52913,16.03152,21.71203,
KEN,1979,7.47531,,10.0,5.13,4.12856,668545448.78623,3.61532,34.3548,13.10929,20.97326,
KEN,1980,7.42019,,10.58333,5.75333,0.94259,538712188.84167,2.08893,29.9314,0.78266,21.81178,
KEN,1981,9.0475,,12.41667,8.84667,1.41051,262828031.4892,1.22479,29.4702,13.26362,21.00308,
KEN,1982,10.92232,,14.5,12.1975,2.60541,248102847.32752,1.44001,30.42047,16.92618,20.43702,
KEN,1983,13.31152,,15.83333,13.27,3.57239,406428158.50521,2.78277,28.17589,4.94204,19.32301,
KEN,1984,14.41387,,14.41667,11.77083,3.83512,414388461.98115,2.5293,28.34209,12.7862,18.9864,
KEN,1985,16.43212,,14.0,11.25,5.25754,416724735.06151,2.61661,26.68185,6.34629,19.33408,
KEN,1986,16.22574,,14.0,11.25,4.8645,444494690.15296,2.4837,30.38808,32.69897,19.31199,
KEN,1987,16.45449,,14.0,10.3125,8.15739,294401562.80803,1.4436,30.24395,11.13019,18.41642,
KEN,1988,17.7471,,15.0,10.33333,8.02623,296453946.22684,1.31871,28.90107,8.03924,18.92614,
KEN,1989,20.57247,,17.25,12.0,6.81521,316624628.70266,1.31168,28.39891,12.92083,19.22448,
KEN,1990,22.91477,8.46445,18.75,13.66667,7.3328,236115155.44309,0.90575,29.57702,20.05728,18.65653,
KEN,1991,27.50787,9.21363,18.9975,14.5,5.74551,145138376.12325,0.62996,30.98193,19.57273,19.95807,
KEN,1992,32.21683,10.71067,21.0675,,1.82533,79549253.39712,0.37701,36.5178,39.02143,22.15245,
KEN,1993,58.00133,13.15142,29.98917,,3.41347,436745055.96252,1.01264,37.06523,28.03344,18.4962,18.48295
KEN,1994,56.05058,15.06759,36.24,15.72,16.42811,588142007.17174,1.19428,38.01601,23.17787,19.83416,42.62223
KEN,1995,51.42983,16.41418,28.79583,13.5975,15.80165,384262966.05389,0.74433,42.23227,29.00048,25.81412,22.302
KEN,1996,57.11487,17.58854,33.78667,17.59083,-5.77659,775927062.16745,1.589,35.79169,25.32506,21.68163,14.93475
KEN,1997,58.73184,19.26757,30.245,16.72167,16.87957,811092756.22234,1.32212,38.42265,20.19466,24.35518,13.82321
KEN,1998,60.3667,20.3741,29.49,18.40083,21.09633,783051364.30518,1.08477,35.80718,2.93125,23.96342,14.81886
KEN,1999,70.32622,20.93236,22.38,9.55083,17.45405,791589617.76713,1.10704,35.7708,6.4877,26.56944,
KEN,2000,76.17554,21.71317,22.33917,8.10083,15.32743,897865882.02821,2.73411,35.16473,4.9079,25.75838,9.8808
KEN,2001,78.56319,21.56908,19.66583,6.63917,17.8125,1064987676.82776,3.03115,35.24074,5.64036,25.22269,8.04943
KEN,2002,78.74914,21.43723,18.45333,5.48667,17.35814,1068140537.34882,3.16809,38.15891,9.88881,25.8546,10.88621
KEN,2003,75.93557,22.325,16.57333,4.13333,9.77051,1482117158.64118,4.03535,39.02316,11.7873,25.15568,28.06371
KEN,2004,79.17388,23.28978,12.53167,2.43333,5.04526,1519538696.93683,3.33883,39.32703,13.47166,27.28752,24.17452
KEN,2005,75.55411,23.68817,12.8825,5.0825,7.60999,1799087912.82813,3.11957,38.90671,9.90837,26.27688,34.06994
KEN,2006,72.10084,24.76887,13.63553,5.1387,-8.00987,2416073242.93319,3.47614,34.60157,16.97191,22.88831,44.05736
KEN,2007,67.31764,26.07599,13.34034,5.16225,4.81909,3355419015.79063,3.88514,36.06482,20.42305,23.04496,41.75649
KEN,2008,69.17532,29.45921,14.01694,5.30213,-0.985,2878951355.48375,2.70311,36.1055,15.54884,25.38061,30.23834
KEN,2009,77.35201,32.68587,14.80454,5.96702,-10.096,3849500808.92698,4.01198,31.87356,16.45732,21.87482,25.89733
KEN,2010,79.23315,32.82277,14.3715,4.55737,12.52696,4320858499.01272,3.75097,35.51043,22.36167,23.98664,31.8482
KEN,2011,88.81077,35.39612,15.04676,5.62856,4.52619,4265145709.81446,3.05888,36.56944,19.15205,27.36595,21.76813
KEN,2012,84.5296,38.14916,19.72341,11.57214,9.31351,5711831324.95431,3.68947,36.52652,14.39232,26.40223,
KEN,2013,86.12288,38.00678,17.31346,8.64177,9.29395,6598881868.91412,4.11794,37.79339,15.27833,28.33217,
KEN,2014,87.92216,38.80719,16.51393,8.37338,8.24908,7874414432.36248,4.36592,42.30126,26.52126,34.52207,
KEN,2015,98.17845,39.74619,16.08661,9.18895,6.26881,7514864907.05536,4.8582,42.81939,16.06981,36.69933,
KEN,2016,101.50437,40.27689,16.55963,8.68863,10.11813,7553884912.6237,5.24445,40.32761,3.89041,35.57107,
KEN,2017,103.41,41.27945,13.66757,7.67412,5.65675,7325420063.33911,4.2292,39.35199,9.00833,33.1506,
KEN,2018,101.30157,42.17001,13.06076,8.2927,8.48796,8164380806.22987,4.50004,39.35983,10.12298,31.19869,
KEN,2019,101.9913,42.65595,12.44113,7.50607,7.8311,9115806005.21186,4.92067,38.07048,6.0175,30.83203,24.96704
KEN,2020,106.45078,42.81654,11.99578,6.9687,6.71463,8297263558.90541,5.00168,41.20258,13.27328,32.14981,21.25855
KEN,2021,109.63775,42.33165,12.08,6.68697,7.42758,9490896580.9297,4.42483,38.98878,6.21882,31.12312,20.8888
KEN,2022,117.86599,42.26352,12.33584,7.14518,5.02892,7969488013.00049,3.21635,37.37993,7.52712,31.25842,14.07411
KEN,2023,139.84638,43.00494,13.5885,9.16769,7.75282,7341776189.84466,3.13877,40.2068,19.87368,31.79808,8.55344
KEN,2024,134.82248,43.27129,16.59311,11.98231,13.13962,10066607177.35103,4.02886,37.63166,1.00931,,12.46628
KGZ,1990,,0.00383,,,,,,,,,
KGZ,1991,,0.0087,,,,,,,,,
KGZ,1992,,0.07913,,,,,,,,,
KGZ,1993,,0.66044,,,,48245777.09096,1.15074,,,,
KGZ,1994,10.84168,1.81624,,,,26186043.32345,0.6052,,,,
KGZ,1995,10.82188,2.52665,,,,133632964.17274,2.09559,17.20189,,12.53916,
KGZ,1996,12.80956,3.35817,62.57592,30.70593,20.1215,140200583.79108,1.56393,13.62569,14.80073,8.65932,
KGZ,1997,17.36249,3.93869,63.23137,28.98188,36.81333,194284986.58623,2.62345,13.73389,32.18071,3.47455,
KGZ,1998,20.83757,4.24848,56.93366,35.37009,43.87353,187664170.48994,2.20116,14.49054,17.52896,5.3487,
KGZ,1999,39.00773,5.76327,59.01143,27.3789,15.5821,253802267.81706,3.85433,13.58331,33.67568,5.10138,
KGZ,2000,47.70383,7.16634,56.47303,14.45166,23.0504,261849461.30437,4.17088,11.31802,11.72245,4.16149,
KGZ,2001,48.37796,7.52247,40.09188,8.08717,30.52082,286507193.63366,5.32713,11.14457,11.3124,3.829,
KGZ,2002,46.93707,7.55738,35.88845,4.11879,33.19094,317331858.0288,4.86711,14.62653,33.87841,4.1783,
KGZ,2003,43.64838,7.70562,24.05084,2.51963,19.30883,399268624.12488,5.04366,17.5286,33.36438,4.78399,
KGZ,2004,42.64994,7.88718,23.34239,1.95473,17.34747,564545759.32587,5.47947,20.57881,32.07002,7.07665,
KGZ,2005,41.01182,8.19255,21.49882,1.97091,13.41397,612352822.6992,4.89707,21.14821,9.89952,7.9467,
KGZ,2006,40.1529,8.69386,23.07221,1.87889,12.50607,817170020.00582,4.18708,28.15951,50.17807,10.55755,
KGZ,2007,37.31626,9.72377,23.21857,2.15271,7.26173,1176500793.52509,4.26352,30.57827,35.40058,6.35105,
KGZ,2008,36.57459,11.65936,25.90583,2.45233,3.01912,1225137055.69584,2.99313,24.86924,7.74903,13.77385,
KGZ,2009,42.90411,12.05549,26.653,2.81254,21.7404,1584332498.17031,5.0522,28.39735,22.22318,13.72828,
KGZ,2010,45.96426,13.10585,23.71997,1.9632,12.43804,1720378724.05245,4.98836,31.41305,21.14513,13.64448,
KGZ,2011,46.1439,15.72781,23.77891,2.20057,1.05899,1831422015.50304,3.95893,27.81395,14.90818,11.48827,
KGZ,2012,47.00448,15.3066,22.99633,2.31594,13.19759,2066679059.29408,3.74654,31.72593,23.82938,13.37111,
KGZ,2013,48.43806,15.3713,21.32431,2.33241,17.59059,2238390587.93532,3.78094,34.03448,22.7643,15.66249,
KGZ,2014,53.65406,16.04632,20.13352,2.49039,10.80872,1957488936.70541,3.45868,31.09035,3.02214,20.05196,
KGZ,2015,64.46211,17.16017,23.63011,2.45837,19.53336,1777941002.20899,4.15506,33.2512,14.90297,22.81526,
KGZ,2016,69.91407,16.75466,24.53187,2.4215,17.42688,1967811282.96594,4.60325,34.43346,14.58294,20.61339,
KGZ,2017,68.86667,16.97979,19.81919,2.7532,12.68918,2177013757.29635,4.745,36.45608,17.90865,21.40147,
KGZ,2018,68.84032,18.49289,19.51318,2.41963,15.53034,2156976620.3674,4.2027,35.84058,5.52275,23.37481,
KGZ,2019,69.78935,18.70968,18.99675,1.54382,8.36475,2428567693.63364,4.4957,35.20722,12.8335,23.30019,
KGZ,2020,77.34611,18.36386,17.03577,1.368,11.10268,2811615193.09799,7.7958,44.59172,23.88059,26.61682,
KGZ,2021,84.64082,19.91899,16.62266,1.28829,0.54302,2982533267.78709,5.45592,43.40249,19.11674,24.16317,
KGZ,2022,84.11622,22.24834,18.66496,1.40262,-0.8293,2798508309.69425,3.06542,43.47045,30.5917,20.79686,
KGZ,2023,87.85613,25.74043,19.10587,1.29911,-0.62852,3236844683.24645,,,,19.94501,
KGZ,2024,87.15031,26.32401,19.78364,1.67285,14.36277,5088723593.73523,,,,23.16296,
KHM,1960,35.0,,,,,,,,,,
KHM,1961,35.0,,,,,,,,,,
KHM,1962,35.0,,,,,,,,,,
KHM,1963,35.0,,,,,,,,,,
KHM,1964,35.0,,,,,,,,,,
KHM,1965,35.0,,,,,,,,,,
KHM,1966,35.0,,,,,,,,,,
KHM,1967,35.0,,,,,,,,,,
KHM,1968,35.0,,,,,,,,,,
KHM,1969,43.55833,,,,,,,,,,
KHM,1970,55.54,,,,,,,,,,
KHM,1971,75.82167,,,,,,,,,,
KHM,1972,162.25,,,,,,,,,,
KHM,1973,244.91667,,,,,,,,,,
KHM,1990,426.25,73.24128,,,,,,,,,
KHM,1991,718.33333,146.96178,,,,,,,,,
KHM,1992,1266.58333,252.05887,,,,,,,,,
KHM,1993,2689.0,510.66566,,,,24181917.04369,0.47712,4.89446,,2.37199,
KHM,1994,2545.25,799.81028,,8.38889,,118495162.50294,1.52389,6.36233,35.55863,3.33697,
KHM,1995,2450.83333,846.08869,,8.70833,,191983699.80141,1.59809,7.69657,43.59291,3.47893,
KHM,1996,2624.08333,856.07365,,8.8,,265780085.18446,2.30295,9.90682,40.44208,4.72234,
KHM,1997,2946.25,892.09776,,8.03333,,298634409.13605,2.73454,10.47646,16.59171,6.27663,
KHM,1998,3744.41667,973.55743,,7.8,,439450908.21934,3.52918,10.49517,15.7306,5.58518,
KHM,1999,3807.83333,972.08343,,7.33333,,509239611.17507,3.00508,10.7842,17.27028,5.70593,
KHM,2000,3840.75,909.8373,,6.83,,611415267.59316,2.99045,12.8571,26.89798,6.31057,
KHM,2001,3916.33333,946.72841,,4.36167,,697362969.70322,3.17378,13.56197,20.52432,5.75444,
KHM,2002,3912.08333,950.82172,,2.49167,,913189870.79735,3.68905,16.40326,31.08974,6.00586,
KHM,2003,3973.33333,962.927,,2.01667,,982362875.1292,3.5454,16.62501,15.43244,6.65619,
KHM,2004,4016.25,1008.0657,,1.79167,,1118336324.43469,3.31074,18.13372,28.3486,8.18816,
KHM,2005,4092.5,1055.77597,,1.91667,,1158091688.68102,2.82393,17.16026,15.81652,7.99396,
KHM,2006,4103.25,1093.8088,,1.84167,,1411426995.28171,2.83642,20.35544,40.54591,10.44714,
KHM,2007,4056.16667,1156.54528,,1.90469,,2140273311.26087,4.42135,27.47661,61.8365,15.53037,
KHM,2008,4054.16667,1268.44459,,1.90521,,2639301421.06125,4.82804,24.1148,5.44604,19.94757,
KHM,2009,4139.33333,1270.1384,,1.66333,,3285950771.83634,6.22897,31.18119,35.58277,20.46085,
KHM,2010,4184.91667,1333.50663,,1.26459,,3817077827.48335,5.60444,33.87315,21.29991,22.43613,
KHM,2011,4058.5,1371.23535,,1.33804,,4061810700.02449,4.75502,31.26789,3.93799,22.60864,
KHM,2012,4033.0,1342.42968,,1.3338,,4759658458.02489,4.87475,39.45193,39.41027,30.54259,
KHM,2013,4027.25,1351.39793,,1.3434,,4997891277.02916,4.42274,43.31728,21.82265,39.98946,
KHM,2014,4037.5,1403.65132,,1.41875,,6108231224.38956,4.76918,51.05677,31.4967,47.4846,
KHM,2015,4067.75,1419.62491,,1.41877,,7375682885.24626,5.24359,54.05998,16.99719,55.48955,
KHM,2016,4058.69458,1431.95644,,1.43699,,9113957299.04389,6.08366,59.67729,20.99998,61.56089,
KHM,2017,4050.57999,1464.89099,,1.52522,,12201741896.48684,7.38413,66.6143,23.14297,65.46272,
KHM,2018,4051.1669,1468.92175,,1.37611,,14630894025.9984,7.38613,74.65059,26.55125,73.81643,
KHM,2019,4061.14896,1468.90259,,1.43528,,18771430900.21265,8.09935,79.4957,18.15231,84.32367,
KHM,2020,4092.78322,1433.76917,,1.48833,,21328475092.66124,10.31642,95.81711,15.28725,103.73277,
KHM,2021,4098.7228,1426.95984,,1.39824,,20269721097.822,7.02259,105.40232,16.40292,121.84223,
KHM,2022,4102.03786,1378.46747,,1.49601,,17801364792.39646,5.82767,104.81719,8.1938,132.81705,
KHM,2023,4110.65275,1344.12788,,1.51159,,19983916474.94185,7.77016,111.20707,12.54251,130.12972,
KHM,2024,4072.39724,1343.28353,,1.52497,,22505568572.54322,7.65134,120.49042,17.52433,124.65977,
KIR,1960,0.89286,,,,,,,,,,
KIR,1961,0.89286,,,,,,,,,,
KIR,1962,0.89286,,,,,,,,,,
KIR,1963,0.89286,,,,,,,,,,
KIR,1964,0.89286,,,,,,,,,,
KIR,1965,0.89286,,,,,,,,,,
KIR,1966,0.89286,,,,,,,,,,
KIR,1967,0.89286,,,,,,,,,,
KIR,1968,0.89286,,,,,,,,,,
KIR,1969,0.89286,,,,,,,,,,
KIR,1970,0.89286,,,,,,,,,,
KIR,1971,0.88267,,,,,,,,,,
KIR,1972,0.8387,,,,,,,,,,
KIR,1973,0.70411,,,,,,,,,,
KIR,1974,0.69667,,,,,,,,,,
KIR,1975,0.76387,,,,,,,,,,
KIR,1976,0.81828,,,,,,,,,,
KIR,1977,0.90182,,,,,,,,,,
KIR,1978,0.87366,,,,,,,,,,
KIR,1979,0.89464,,,,,,,,,,
KIR,1980,0.87824,,,,,,,,,,
KIR,1981,0.87021,,,,,,,,,,
KIR,1982,0.98586,,,,,,,,,,
KIR,1983,1.11001,,,,,,,,,,
KIR,1984,1.13952,,,,,,,,,,
KIR,1985,1.43189,,,,,,,,,,
KIR,1986,1.49597,,,,,,,,,,
KIR,1987,1.42818,,,,,,,,,,
KIR,1988,1.27991,,,,,,,,,,
KIR,1989,1.2646,,,,,,,,,,
KIR,1990,1.28106,0.52474,,,,,,,,,
KIR,1991,1.28376,0.60865,,,,,,,,,
KIR,1992,1.36165,0.75909,,,,,,,,,
KIR,1993,1.47056,0.76858,,,,,,,,,
KIR,1994,1.36775,0.78013,,,,,,,,,
KIR,1995,1.34903,0.75032,,,,,,,,,
KIR,1996,1.27786,0.82924,,,,,,,,,
KIR,1997,1.34738,0.83649,,,,,,,,,
KIR,1998,1.59183,0.87386,,,,,,,,,
KIR,1999,1.54995,0.90137,,,,,,,,,
KIR,2000,1.72483,0.89021,,,,,,,,,
KIR,2001,1.93344,0.87342,,,,,,,,,
KIR,2002,1.84056,0.92896,,,,,,,,,
KIR,2003,1.54191,0.99698,,,,,,,,,
KIR,2004,1.35975,0.93295,,,,,,,,,
KIR,2005,1.30947,0.94108,,,,,,,,,
KIR,2006,1.32797,0.86329,,,,,,,,,
KIR,2007,1.19507,0.902,,,,,,,,,
KIR,2008,1.19218,0.96905,,,,,,,,,
KIR,2009,1.28219,0.98235,,,,,,,,,
KIR,2010,1.09016,0.96223,,,,,,,,,
KIR,2011,0.96946,0.96162,,,,,,,,,
KIR,2012,0.9658,0.93892,,,,,,,,,
KIR,2013,1.03584,0.89571,,,,,,,,,
KIR,2014,1.10936,0.92443,,,,,,,,,
KIR,2015,1.33109,0.94468,,,,,,,,,
KIR,2016,1.34521,0.95186,,,,,,,,,
KIR,2017,1.30476,0.94369,,,,,,,,,
KIR,2018,1.33841,0.95818,,,,,,,,,
KIR,2019,1.43851,0.91165,,,,,,,,,
KIR,2020,1.45309,0.93898,,,,,,,,,
KIR,2021,1.33122,0.97932,,,,,,,,,
KIR,2022,1.44166,0.89625,,,,,,,,,
KIR,2023,1.50519,0.94041,,,,,,,,,
KIR,2024,1.51536,0.93674,,,,,,,,,
KNA,1960,1.71429,,,,,,,,,,
KNA,1961,1.71429,,,,,,,,,,
KNA,1962,1.71429,,,,,,,,,,
KNA,1963,1.71429,,,,,,,,,,
KNA,1964,1.71429,,,,,,,,,,
KNA,1965,1.71429,,,,,,,,,,
KNA,1966,1.71429,,,,,,,,,,
KNA,1967,1.76191,,,,,,,,,,
KNA,1968,2.0,,,,,,,,,,
KNA,1969,2.0,,,,,,,,,,
KNA,1970,2.0,,,,,,,,,,
KNA,1971,1.97487,,,,,,,,,,
KNA,1972,1.92128,,,,,,,,,,
KNA,1973,1.95922,,,,,,,,,,
KNA,1974,2.05323,,,,,,,,,,
KNA,1975,2.1698,,,,,,,,,,
KNA,1976,2.61467,,,,,,,,,,
KNA,1977,2.7,,,,,,,,,,
KNA,1978,2.7,,,,,,,,,,
KNA,1979,2.7,,,,,,,53.83773,,27.21722,
KNA,1980,2.7,,8.0613,3.77487,0.71777,,,52.28414,12.98929,28.54685,
KNA,1981,2.7,,8.53549,3.77487,-6.72145,4015555.55704,0.9116,53.49634,20.89568,30.85989,
KNA,1982,2.7,,8.53549,3.77487,2.6177,3329259.26049,0.75154,56.36657,12.05194,32.59623,
KNA,1983,2.7,,8.53549,4.08944,8.74662,3147777.77894,0.64828,64.24326,15.1027,36.15322,
KNA,1984,2.7,,9.48388,4.08944,5.01193,5650740.74283,1.18539,57.73391,2.00147,30.44698,
KNA,1985,2.7,,10.98549,4.11566,7.01326,7414814.81756,1.51791,64.7551,26.27045,31.59749,
KNA,1986,2.7,,11.38065,4.08944,4.8814,10220000.0,1.6036,65.90874,19.82389,29.08941,
KNA,1987,2.7,,11.38065,4.14187,4.9709,10560000.0,1.31548,54.259,-6.92684,31.77905,
KNA,1988,2.7,,10.98549,4.71859,3.71417,10323456.95792,1.0726,58.16994,25.30792,36.47629,
KNA,1989,2.7,,11.38065,4.66616,5.38535,16393141.6406,1.48899,64.50096,23.61363,43.08907,
KNA,1990,2.7,1.48642,11.38065,4.71859,3.51071,16284226.57239,1.39446,62.94272,10.12479,39.51602,
KNA,1991,2.7,1.48724,11.29837,4.52406,7.59785,16634304.30989,1.41105,66.58701,7.3877,44.08155,
KNA,1992,2.7,1.53113,10.76393,4.34772,5.1916,26243750.05156,2.2787,71.11109,17.252,51.13297,
KNA,1993,2.7,1.52546,10.2793,4.3921,8.12666,29420603.37704,2.28181,72.06996,10.39701,52.76743,
KNA,1994,2.7,1.58724,10.94382,3.99142,4.39598,31821472.89866,2.40095,68.58143,6.48957,52.24599,
KNA,1995,2.7,1.56683,10.89118,4.52162,10.02909,33471864.70609,2.11496,75.30695,16.62432,52.08575,
KNA,1996,2.7,1.5486,10.92491,4.26599,10.21314,32731150.88175,1.85267,74.35611,5.18136,51.56302,
KNA,1997,2.7,1.59717,11.16485,4.26938,5.95691,36069846.13143,1.96857,73.92141,11.41933,51.56375,
KNA,1998,2.7,1.62365,11.42199,4.2183,8.38696,46798422.62186,2.51596,80.89499,11.95054,54.52639,
KNA,1999,2.7,1.6455,11.20849,4.31363,8.2005,49575620.06366,2.47714,81.19082,6.47738,55.63649,
KNA,2000,2.7,1.63814,11.10372,4.32232,17.88365,45199214.94592,1.804,97.14927,24.09929,59.83041,
KNA,2001,2.7,1.66512,11.07637,4.2268,7.49337,56429365.452,2.2573,93.759,4.96626,54.61345,
KNA,2002,2.7,1.69663,10.89312,4.01062,7.16794,65752273.11102,2.52049,94.29583,5.49185,50.80517,
KNA,2003,2.7,1.69156,12.21641,4.49277,10.37384,64802098.31252,2.35136,105.75372,9.53826,54.23756,
KNA,2004,2.7,1.71051,10.25247,4.54374,6.1762,78469063.53856,2.85452,114.00545,16.41507,54.69024,
KNA,2005,2.7,1.63157,10.03496,4.50966,11.85116,71611722.85796,2.25651,112.81062,6.81964,54.45903,
KNA,2006,2.7,1.80702,9.30075,4.56114,-4.26351,88697803.0782,2.39553,109.69429,14.51188,51.69807,
KNA,2007,2.7,1.87062,9.27815,4.59571,2.77808,95790629.90724,2.46883,114.02469,11.18553,54.73942,
KNA,2008,2.7,1.86014,8.70235,4.5493,7.24858,110411464.62351,2.32893,101.29764,0.23271,55.0817,
KNA,2009,2.7,1.90548,8.75231,4.59065,5.51339,136408154.17101,2.89926,106.70074,4.87087,58.84465,
KNA,2010,2.7,1.89444,8.61681,4.59338,7.93836,168859133.54094,3.64847,112.89746,6.41492,60.21664,
KNA,2011,2.7,1.96119,9.44509,4.46536,3.58267,244261262.25825,5.34635,115.31081,9.6629,58.43319,
KNA,2012,2.7,2.01794,8.73399,4.27462,9.43816,263485328.01472,5.98107,130.91974,11.97376,59.18343,
KNA,2013,2.7,2.03726,8.77635,3.73625,8.43597,301952572.31968,6.32619,137.06298,11.03585,55.35803,
KNA,2014,2.7,2.04041,9.28149,3.18369,7.98464,327252698.8051,6.6514,139.35776,10.69166,52.36134,
KNA,2015,2.7,2.04215,9.29692,2.723,9.46794,288394872.298,5.61599,145.34583,4.85679,53.87851,
KNA,2016,2.7,2.04668,9.23,2.5,7.93337,320542568.31894,6.0216,137.57932,-0.43906,51.46865,
KNA,2017,2.7,2.05065,9.0925,2.2675,4.14507,365098328.46517,7.09585,127.81866,-2.46606,49.27459,
KNA,2018,2.7,2.00792,8.85792,2.07677,9.02036,363216830.55427,6.59786,122.26487,-2.57396,49.17012,
KNA,2019,2.7,1.96132,8.52342,2.00927,8.55518,362798006.08972,6.67257,100.84857,-15.11759,48.51729,
KNA,2020,2.7,1.8634,7.65057,2.22424,14.27708,373502419.38816,9.31125,116.13,-8.12325,61.506,
KNA,2021,2.7,1.84317,7.14462,2.25528,10.7072,337532614.29491,8.8563,130.14428,8.86009,68.18094,
KNA,2022,2.7,1.78003,7.05012,2.05318,3.47031,293979512.21572,5.40127,118.11714,3.73968,63.09597,
KNA,2023,2.7,1.79395,6.66778,1.99989,2.16417,286074596.98265,4.56749,107.77645,-1.85402,61.7076,
KNA,2024,2.7,1.85653,6.45059,2.09629,0.43366,294747744.69436,4.64962,103.89215,2.49,64.33252,
KOR,1960,63.125,,,,,157015600.0,,11.26475,,5.72169,
KOR,1961,124.79167,,,,,207046579.96688,,13.60944,45.91179,11.98745,
KOR,1962,130.0,,,,,168650269.90532,,14.05633,25.31111,12.6585,
KOR,1963,130.0,,,,,131455308.88807,,10.6382,7.29427,10.4952,
KOR,1964,213.84667,,,,,136361055.50822,,8.55804,14.80198,8.78278,
KOR,1965,266.27,,,,,146287069.46164,,11.60433,52.61123,10.1673,
KOR,1966,271.13417,,,,,245208677.31927,,14.62028,61.658,11.06547,
KOR,1967,270.51167,,,,,356582296.84762,,19.17399,61.74368,16.6863,
KOR,1968,276.64333,,,,,391778858.32784,,25.65278,72.37438,25.30567,
KOR,1969,288.24167,,,,,552934355.29764,,31.57378,60.98473,31.65001,
KOR,1970,310.55583,,,,,609950461.68438,,31.82044,27.42286,32.58524,
KOR,1971,347.1475,,,,,437824675.47428,,31.236,20.84448,34.58267,
KOR,1972,392.89417,,,,,529914853.0243,,33.62094,33.81503,33.88041,
KOR,1973,398.32167,,,,,897136978.98677,,35.34395,36.41563,33.90584,
KOR,1974,404.4725,,,,,297744267.08905,,30.57935,24.03665,35.62652,
KOR,1975,484.0,,,,,796941363.30837,,29.4146,28.23163,33.17976,
KOR,1976,484.0,,,,,1985105840.18285,2.35551,28.60472,33.48466,30.29341,
KOR,1977,484.0,,,,,2991368743.26759,2.70223,31.06922,39.70576,29.60877,
KOR,1978,484.0,,,,,2826038817.68616,1.81185,31.01094,34.97103,32.29329,
KOR,1979,484.0,,,,,3110375729.00053,1.54745,29.9759,24.58445,34.85503,7.91864
KOR,1980,607.71667,,,,,3100858988.15039,1.32799,31.00791,26.89464,39.67499,5.75338
KOR,1981,681.02833,,,,,2802003319.5766,1.04951,30.97575,25.02495,40.04339,5.68639
KOR,1982,731.1675,,,,,2945853718.62759,1.14285,34.0655,27.01141,43.36458,5.51508
KOR,1983,775.74833,,,,,2462789215.83467,0.95587,32.99335,15.24266,42.80315,4.89482
KOR,1984,805.97083,,,,,2848932435.67708,1.04403,30.72994,7.70529,42.28145,6.238
KOR,1985,870.02,,,,,2971646465.68632,1.15937,31.64187,15.62299,44.73769,7.11306
KOR,1986,881.45583,,,,,3443374519.14676,1.10542,31.99511,18.44103,43.98625,11.60672
KOR,1987,822.56417,,,,,3738510909.55533,0.96846,32.16497,19.05378,44.5359,21.69803
KOR,1988,731.46333,,,,,12477906377.43107,2.65086,32.56087,21.49858,42.6364,45.91661
KOR,1989,671.45583,,,,,15341828164.75633,2.73838,34.34926,19.81645,47.23955,55.25949
KOR,1990,707.76583,562.81864,,,,14916134692.52711,2.32181,33.23818,17.17417,49.26183,37.76603
KOR,1991,733.32917,593.74899,,,,13814693350.53749,1.83932,33.50302,21.88742,48.85506,28.30144
KOR,1992,780.67083,625.49482,,,,17228143547.92501,2.25508,33.60549,14.94153,47.39702,29.34174
KOR,1993,802.53833,649.24069,,,,20354785675.53578,2.53421,34.46027,16.58074,47.18893,34.40524
KOR,1994,803.77167,687.1215,,,,25763879675.1376,2.61643,34.59218,18.67739,47.73512,40.02199
KOR,1995,771.25417,720.33489,,,,32804280495.05529,2.49163,34.04465,15.59318,46.97306,31.03513
KOR,1996,804.4575,735.55928,11.065,10.10667,6.81076,34157940704.12157,2.30981,35.11672,15.82774,50.14629,22.04093
KOR,1997,949.89,751.00586,11.87667,10.805,7.71806,20465115654.87579,1.39905,36.31236,14.14372,54.80178,7.10814
KOR,1998,1403.18333,776.06626,15.27917,13.2875,10.31681,52099586440.85986,5.14614,46.43398,27.02619,59.60869,28.84322
KOR,1999,1189.43917,754.89297,9.39583,7.9475,10.8949,74114183445.96945,6.02012,53.71618,27.37664,64.48813,59.36189
KOR,2000,1130.3625,747.25148,8.545,7.93833,7.54112,96250965793.13118,5.8122,61.12609,25.42577,69.18667,28.66376
KOR,2001,1290.79,756.67095,7.70833,5.7925,4.0252,102875399954.15692,6.81868,104.40223,85.20308,99.60824,41.21477
KOR,2002,1251.6025,769.77179,6.76917,4.94833,3.64966,121497596257.72568,7.55039,107.23664,13.99989,108.70538,38.56942
KOR,2003,1191.64583,790.85957,6.23667,4.25083,2.57995,155471714191.4572,8.33289,103.45104,2.98069,107.18063,45.22304
KOR,2004,1146.24917,795.26286,5.90417,3.87417,2.55986,199195487365.1436,8.54332,101.25543,6.30832,101.99254,52.02855
KOR,2005,1024.32833,788.92013,5.59333,3.72167,4.40527,210552008738.69727,7.61491,102.64005,6.98906,106.12199,73.88915
KOR,2006,955.34083,771.74444,5.9875,4.50333,6.16075,239148089520.9247,7.27711,109.90748,12.51296,117.53567,76.18909
KOR,2007,929.37583,770.25498,6.55167,5.17417,3.94166,262532669802.8545,6.85652,112.25787,10.81996,124.02772,91.94818
KOR,2008,1100.12583,785.71789,7.16833,5.87083,4.10863,201544913438.77057,4.46436,118.53031,11.9562,136.19666,43.1299
KOR,2009,1277.24583,828.19049,5.64917,3.4825,2.07481,270437145807.6979,7.80292,124.81822,9.88595,132.59911,84.8974
KOR,2010,1156.46,840.49384,5.51167,3.85667,2.71883,292143494466.5568,6.54672,120.37535,5.97888,124.67957,91.53957
KOR,2011,1108.23333,854.58572,5.7575,4.1525,4.4258,306934526876.4204,5.39203,120.90901,5.47586,127.08181,76.20972
KOR,2012,1126.80667,854.88727,5.39583,3.70083,4.0514,327724415843.3188,5.76906,121.99596,4.80647,125.13586,88.3233
KOR,2013,1094.9825,869.08142,4.64333,2.89083,3.52829,345694098075.1719,6.19846,122.27057,4.63889,122.75679,86.05107
KOR,2014,1052.84,871.87811,4.26333,2.53583,3.17863,362834692845.4662,6.5423,126.77774,8.14449,125.48863,77.9282
KOR,2015,1130.9525,857.48339,3.53333,1.80917,0.29534,366707257929.0285,7.92055,129.10191,8.19075,125.85881,79.98895
KOR,2016,1160.7675,858.80969,3.3675,1.5575,1.27867,370154204332.6261,8.38849,131.33792,7.12316,128.04069,79.44405
KOR,2017,1131.00083,872.62477,3.47667,1.67,1.429,388804901513.9244,7.55832,130.81942,5.10474,129.53914,103.60024
KOR,2018,1100.16333,854.8714,3.6625,2.02583,3.07848,403082233385.9866,7.12215,134.54891,6.71877,133.50414,77.4957
KOR,2019,1165.3575,847.54783,3.44583,1.8525,4.09561,408819161841.7488,7.71289,142.7824,7.89699,142.65248,84.79735
KOR,2020,1180.26583,829.35916,2.80167,1.16083,1.1955,443462937570.1758,9.35215,155.44755,9.82376,154.7479,124.77648
KOR,2021,1143.95167,829.86777,2.88417,1.19667,-0.28722,463281305723.0594,7.50434,162.63858,12.93354,159.92612,114.2276
KOR,2022,1291.44667,810.15702,4.2925,3.12167,2.44053,423365991593.016,5.90125,161.7293,4.00001,162.7695,91.39387
KOR,2023,1305.6625,811.04804,5.18917,3.84417,3.08773,420930029064.0249,6.31772,162.10292,3.89324,163.51563,106.67808
KOR,2024,1363.375,809.26722,4.72667,3.48167,0.63447,418218648901.6686,6.19834,162.71364,6.55141,160.34718,83.04881
KOR,2025,,811.54354,,,,,,,,,
KWT,1960,0.35714,,,,,71700000.0,,,,,
KWT,1961,0.35714,,,,,83886000.0,,,25.12821,,
KWT,1962,0.35714,,,,,97298000.0,,26.96784,20.28689,6.3706,
KWT,1963,0.35714,,,,,109808800.0,,26.15611,0.85179,8.3947,
KWT,1964,0.35714,,,,,110363200.0,,27.68919,15.37162,8.17568,
KWT,1965,0.35714,,,,,124077600.0,,28.8251,5.36847,9.91989,
KWT,1966,0.35714,,,,,164674800.0,,35.7377,41.36174,10.09368,
KWT,1967,0.35714,,,,,184684400.0,,36.88073,5.37353,11.08945,
KWT,1968,0.35714,,,,,196544900.0,,40.63091,20.14925,14.12198,
KWT,1969,0.35714,,,,,182617600.0,,38.33165,-1.88923,13.65015,
KWT,1970,0.35714,,,,,209112310.0,,35.65234,-3.48193,13.35867,
KWT,1971,0.3561,,,,,301855035.60334,,30.3083,14.4575,10.63106,
KWT,1972,0.32895,,,,,429915492.77723,,33.71585,17.86055,12.00137,
KWT,1973,0.29657,,,,,700276757.76442,,33.43308,8.65073,15.43545,
KWT,1974,0.29315,,,,,1902721427.6816,,17.95437,27.65243,9.22371,
KWT,1975,0.29003,,,,,2050783367.76412,7.48168,25.55492,30.1636,14.36192,
KWT,1976,0.29239,,,,,2453404527.73625,6.69373,31.77592,36.92066,24.00708,
KWT,1977,0.28657,,,,,3297330595.81075,6.24041,38.7209,28.57143,30.15082,
KWT,1978,0.27505,,,,,3071067161.42502,5.69145,45.73787,24.33225,36.19586,
KWT,1979,0.27637,,5.85556,,-24.83101,4170019161.90454,6.62646,33.08138,16.0121,30.5316,
KWT,1980,0.2703,,6.8,4.5,-23.95079,5425248387.81931,6.22248,36.91513,26.2916,33.96331,
KWT,1981,0.27879,,9.2775,9.20583,-1.82519,5076728716.35365,5.86863,57.8545,41.43337,52.43923,
KWT,1982,0.28791,,9.38833,9.21333,8.55601,7073280386.52919,7.04054,73.24663,12.5866,72.18744,
KWT,1983,0.29148,,8.35167,7.13,19.43044,6160745770.34154,6.60594,80.5153,7.64345,71.78504,
KWT,1984,0.29606,,8.5775,7.73167,8.2013,5372970179.84865,5.81266,80.46453,5.54092,72.43131,
KWT,1985,0.30075,,8.7475,7.24583,3.70036,6300968641.47627,7.22148,78.91236,-1.54174,73.42704,
KWT,1986,0.29059,,8.62833,6.80417,46.20476,6493639575.43209,8.00149,98.22577,0.4067,93.54561,
KWT,1987,0.27866,,7.86167,5.7325,-2.63654,5370709617.40272,6.74153,84.06903,2.53987,83.02143,
KWT,1988,0.27903,,6.72417,5.2975,3.64655,2965163920.51311,3.29191,96.99474,6.85839,90.84563,
KWT,1989,0.29378,,8.37583,7.4025,10.27462,4120004424.34358,4.36695,82.1403,4.77704,73.70816,
KWT,1990,,0.1024,8.68556,7.5,7.91138,,,,,,
KWT,1991,,0.09901,8.6125,7.31333,8.6484,4306647353.15097,,192.23913,,26.73014,
KWT,1992,0.29322,0.09858,7.995,7.59167,6.05004,5992939029.20489,5.75838,103.98181,0.69473,17.72419,
KWT,1993,0.30184,0.08919,7.95333,7.0725,16.56318,5205819228.26153,5.14511,88.46797,5.57894,17.1625,43.85656
KWT,1994,0.29687,0.0822,7.60833,5.70083,14.31943,4473605357.76523,4.43529,91.36721,5.41546,23.07859,40.06965
KWT,1995,0.29845,0.08441,8.36917,6.53333,3.35588,4542636861.76615,3.93329,90.89094,9.37134,30.02625,47.70761
KWT,1996,0.29941,0.09575,8.77083,6.04833,-5.83446,4452441460.89987,3.74931,77.74761,-0.59527,33.6522,60.12037
KWT,1997,0.30335,0.08969,8.79667,5.925,14.18069,4188465732.43833,3.5042,82.72237,3.88902,46.96797,97.71224
KWT,1998,0.30476,0.07348,8.93333,6.31833,31.4923,4677696259.513,3.85615,95.57326,-0.78125,60.72978,87.74864
KWT,1999,0.30441,0.08556,8.56167,5.76417,-8.0682,5560511602.66632,5.18663,83.73229,1.60789,54.69208,66.46131
KWT,2000,0.30675,0.10083,8.86667,5.89083,-9.67049,7779055735.12478,7.7865,70.55305,6.31935,45.38949,51.59212
KWT,2001,0.30668,0.091,7.88427,4.47452,16.90807,10599228051.40407,9.84008,86.06095,12.8053,56.63054,64.87187
KWT,2002,0.30391,0.09422,6.48221,3.15191,1.26861,10078199079.28467,8.4428,83.22959,4.75415,58.33707,82.49527
KWT,2003,0.29801,0.09694,5.41686,2.41753,0.47294,8636260734.28501,6.14408,72.90321,7.82618,59.46457,127.31507
KWT,2004,0.2947,0.10514,5.63663,2.65476,-5.14911,9353825022.43273,5.44939,66.70901,12.3444,56.36454,122.65272
KWT,2005,0.292,0.12414,7.49826,3.46857,-11.72098,10165102734.71526,4.95679,55.46619,11.98977,50.93267,128.36883
KWT,2006,0.29018,0.13991,8.57895,4.92446,-6.53955,14179782169.73275,5.98914,54.02392,21.65885,49.95414,105.42145
KWT,2007,0.28421,0.14208,8.53628,5.44664,4.05429,18776552864.73042,6.05075,58.19397,19.09081,59.57939,
KWT,2008,0.26883,0.16541,7.61299,4.80567,-9.31205,19320771658.49141,5.52869,55.40211,15.77144,57.26493,
KWT,2009,0.28779,0.13618,6.15777,2.83054,28.15808,23028171515.83414,8.26133,81.63561,13.41926,79.07193,
KWT,2010,0.28661,0.14948,5.42166,2.33673,-5.11388,24801842016.41469,8.12732,77.49359,2.96607,74.63938,
KWT,2011,0.27598,0.17169,5.19309,2.16128,-10.26589,29681701459.82201,8.27693,65.2684,8.24077,60.80626,
KWT,2012,0.27994,0.17786,4.98379,2.0418,-2.32908,33109896469.22454,8.51844,60.63084,6.46581,55.74337,
KWT,2013,0.28359,0.18331,4.56131,2.02068,4.32863,32410244556.95144,8.10688,65.64548,9.75955,59.75189,
KWT,2014,0.28457,0.18476,4.26845,2.02425,11.82558,35175442351.70328,8.03009,72.63792,3.69084,67.64072,
KWT,2015,0.30085,0.1986,4.2949,1.899,40.85974,30960893267.63363,6.97335,99.32137,1.84091,98.51079,83.87924
KWT,2016,0.30214,0.19721,4.47658,1.62443,12.14487,33936274928.4313,7.54601,107.14225,3.43869,105.18681,
KWT,2017,0.30335,0.18923,4.69493,1.61906,-9.92502,36889754716.86253,7.33106,100.41124,3.79591,98.69911,
KWT,2018,0.30196,0.18849,4.827,1.66857,-5.81511,40282453060.4129,6.79965,91.37122,4.05732,90.62807,
KWT,2019,0.30361,0.18987,4.8111,1.88971,4.92699,43668410965.07832,8.19437,88.13432,-1.4679,91.95706,83.87401
KWT,2020,0.30623,0.18639,4.13991,1.62339,24.65691,52918606999.35457,13.43378,102.69132,-7.34957,,95.44454
KWT,2021,0.30164,0.20259,3.70597,1.40133,-19.87358,49525016980.82714,11.5856,80.99738,3.79279,,92.09292
KWT,2022,0.30625,0.22245,3.91277,1.60343,-11.66398,52461721622.81155,10.31609,68.65839,6.45275,,83.20507
KWT,2023,0.30719,0.19741,4.92779,2.49867,14.13303,52619359334.94375,9.16573,76.7136,1.00812,,79.29094
KWT,2024,0.30669,0.19133,5.17132,2.70458,5.94761,50727942998.13333,8.95074,82.73318,4.31584,,88.2999
LAO,1960,80.00015,,,,,,,,,,
LAO,1961,80.00015,,,,,,,,,,
LAO,1962,80.00015,,,,,,,,,,
LAO,1963,80.00015,,,,,,,,,,
LAO,1964,240.00046,,,,,,,,,,
LAO,1965,240.00046,,,,,,,,,,
LAO,1966,240.00046,,,,,,,,,,
LAO,1967,240.00046,,,,,,,,,,
LAO,1968,240.00046,,,,,,,,,,
LAO,1969,240.00046,,,,,,,,,,
LAO,1970,240.00046,,,,,,,,,,
LAO,1971,240.00046,,,,,,,,,,
LAO,1972,510.00099,,,,,,,,,,
LAO,1973,600.00116,,,,,,,,,,
LAO,1974,600.00116,,,,,,,,,,
LAO,1975,725.0014,,,,,,,,,,
LAO,1976,429.16727,,,,,,,,,,
LAO,1977,199.99999,,,,,,,,,,
LAO,1978,333.33332,,,,,,,,,,
LAO,1979,367.49999,,,,,,,,,,
LAO,1980,10.0,,,,,,,,,,
LAO,1981,21.66667,,,,,,,,,,
LAO,1982,35.0,,,,,,,,,,
LAO,1983,35.0,,,,,,,,,,
LAO,1984,35.0,,,,,,,,,,
LAO,1985,55.0,,,,,,,,,,
LAO,1986,95.0,,,,,,,,,,
LAO,1987,187.49999,,,,,,,,,,
LAO,1988,400.37499,,,,,640883.9779,0.04306,,,,
LAO,1989,591.49998,,,30.0,,8298779.84262,0.44717,9.87605,,1.05765,
LAO,1990,707.74998,140.38348,,30.0,,8375549.36175,0.46726,7.23784,7.84404,0.96294,
LAO,1991,702.08331,153.40579,26.0,23.5,11.5323,34708285.69895,1.66666,7.10931,15.73333,2.95123,
LAO,1992,716.08331,158.97782,26.0,15.0,18.87483,46019622.63423,2.07373,9.46781,49.00516,4.66605,
LAO,1993,716.24998,172.66296,25.33,13.33333,12.72449,69653376.32205,1.98631,13.23323,64.58895,6.93081,
LAO,1994,717.66665,182.07145,24.0,12.0,15.134,67495870.26161,1.34655,14.98763,31.93138,8.92282,
LAO,1995,804.69082,213.43776,25.67,14.0,5.00031,98743357.09832,1.73818,13.61891,16.40216,9.08005,
LAO,1996,921.02167,238.36857,27.0,16.0,11.67269,175827945.582,3.00904,14.19311,26.73155,9.0219,
LAO,1997,1259.97917,279.67673,,,,117154326.28922,1.90624,18.44448,65.76232,12.97361,
LAO,1998,3298.33333,510.28116,29.27833,17.78833,-29.93214,117148077.15272,2.20238,20.50781,113.28374,12.61877,
LAO,1999,7102.025,1147.07595,32.0,13.41667,-42.09865,135188366.22371,2.97172,14.9525,78.3632,8.44135,
LAO,2000,7887.64333,1399.8167,32.0,12.0,5.77112,144286276.31759,2.71385,16.53865,46.04061,8.93173,
LAO,2001,8954.58333,1490.39442,26.16667,6.5,15.8895,156822241.42701,3.1763,16.33564,13.71638,9.58686,
LAO,2002,10056.33333,1560.31722,29.33333,6.0,21.6471,226409478.1029,5.21179,19.96043,37.59898,8.51205,
LAO,2003,10569.0375,1735.90898,30.5,6.58333,15.02856,283273040.74897,6.34255,19.91758,20.0748,6.91912,
LAO,2004,10585.375,1871.16775,29.25,7.85417,16.7671,296221795.4386,4.42705,20.57884,21.63632,6.71333,
LAO,2005,10655.16667,1971.04156,26.83333,4.75,16.74609,327051177.28192,3.91174,19.07634,7.86618,7.35478,
LAO,2006,10153.62408,2118.67803,30.0,5.0,17.32312,483003280.42174,4.94112,20.08524,26.72103,5.87385,
LAO,2007,9602.72882,2216.22801,28.5,5.0,19.60355,730865696.30776,7.29385,24.10189,38.7179,6.54326,
LAO,2008,8740.1814,2367.05599,24.0,4.66667,13.90416,901686245.3239,6.81037,24.29258,18.3106,9.56628,
LAO,2009,8511.35116,2283.56756,24.775,3.25,28.544,1023354193.77418,7.28596,30.82417,32.40649,17.24182,
LAO,2010,8254.16303,2463.63722,22.6125,3.0,12.28603,1208082725.82125,5.90026,36.18783,39.12896,20.91926,
LAO,2011,8029.26256,2666.53491,,,,1192801276.69501,4.96819,,,,
LAO,2012,8006.58203,2618.47939,,,,1293088589.02477,3.88066,,,,
LAO,2013,7833.22999,2719.06547,,,,1083878167.71889,2.97604,,,,
LAO,2014,8042.42157,2747.66572,,,,1233427355.6935,2.31358,,,,
LAO,2015,8127.6106,2832.49758,,,,1068907282.66709,1.80329,,,,
LAO,2016,8124.36676,2775.05375,,,,916030473.78285,1.60499,,,,
LAO,2017,8244.84319,2808.07495,,,,1125475868.42048,1.83634,,,,
LAO,2018,8401.33477,2855.97534,,,,980441052.93706,1.39712,,,,
LAO,2019,8679.40909,2902.38135,,,,1110905148.66408,1.53283,,,,
LAO,2020,9045.78783,2953.5144,,,,1894600080.96868,3.2018,,,,
LAO,2021,9697.91579,3031.69678,,,,1950518267.75273,3.03605,,,,
LAO,2022,14035.22669,3276.32969,,,,1576038534.74606,1.99633,,,,
LAO,2023,17688.87359,3934.87361,,,,1769745792.21118,2.16851,,,,
LAO,2024,20167.33138,4381.72495,,,,2213001000.16952,2.39406,,,,
LBN,1960,3.16935,,,,,140193600.0,,,,,
LBN,1961,3.07862,,,,,161550900.0,,,,,
LBN,1962,3.00904,,,,,206563420.0,,,,,
LBN,1963,3.09729,,,,,206512480.0,,,,,
LBN,1964,3.07366,,,,,233028080.0,,,,,
LBN,1965,3.07185,,,,,251644720.0,,,20.75507,,
LBN,1966,3.13075,,,,,282747660.0,,,6.91865,,
LBN,1967,3.20452,,,,,282162800.0,,,-2.43242,,
LBN,1968,3.15682,,,,,388526600.0,,,3.49208,,
LBN,1969,3.25458,,,,,348892800.0,,,7.37379,,
LBN,1970,3.26898,,,,,404917180.0,,,14.50232,,
LBN,1971,3.22773,,,,,598829651.29901,,,23.63888,,
LBN,1972,3.05072,,,,,922647621.29901,,,20.99596,,
LBN,1973,2.6104,,,,,1507046654.00837,,,21.15183,,
LBN,1974,2.32776,,,,,2997376774.2088,,,23.86525,,
LBN,1975,2.30198,,,,,2494061145.05357,,,11.16563,,
LBN,1976,2.87159,,,,,2544358607.53347,,,5.11645,,
LBN,1977,3.06896,,,,,3089266497.60308,,,28.13326,,
LBN,1978,2.95537,,,,,3918138374.42738,,,20.03737,,
LBN,1979,3.24275,,,,,6253129755.95693,,,26.99095,,
LBN,1980,3.43611,,,,,7024574525.09732,,,31.85573,,
LBN,1981,4.31387,,,,,5182114834.96214,,,40.14008,,
LBN,1982,4.74353,,16.83333,12.94167,,6821644187.90665,,,20.19843,,
LBN,1983,4.52817,,14.52667,10.00917,,5420707181.03933,,,27.10866,,
LBN,1984,6.51109,,15.58417,11.53,,3514703718.04591,,,23.5864,,
LBN,1985,16.41702,,17.28667,13.24167,,4089410432.33743,,,56.14337,,
LBN,1986,38.36992,,22.2125,16.41667,,4092905137.29649,,,171.94928,,
LBN,1987,224.59633,,36.53833,21.1775,,4832307035.53462,,,354.2517,,
LBN,1988,409.23,,44.45667,21.95833,,4761143788.00581,,160.36962,47.80118,54.55074,
LBN,1989,496.68917,,39.86167,17.5375,-19.15345,4636190478.46085,,182.60777,13.36298,65.54829,
LBN,1990,695.08917,183.52154,39.9425,16.8575,21.1604,4210389197.33679,,193.73158,55.05096,79.3775,
LBN,1991,928.2275,262.11568,38.01083,16.76417,-6.53197,4536363879.79802,,126.31579,43.87841,45.73586,
LBN,1992,1712.79083,505.97457,40.20583,17.085,-28.98591,4569657895.97398,,117.65409,114.1248,48.94836,
LBN,1993,1741.36333,616.55363,28.52833,15.56,3.03449,5862881281.06081,,113.3702,33.14145,42.96859,
LBN,1994,1680.07333,651.19501,23.88417,14.80083,14.84184,7418500690.93785,,121.84982,25.33963,48.8164,
LBN,1995,1621.41333,705.93491,24.69083,16.3,12.65988,8099940555.45183,,120.43319,16.4468,54.94463,
LBN,1996,1571.44417,705.29258,25.20833,15.54167,23.06925,9337093844.18894,,134.40858,26.35859,60.54854,17.50155
LBN,1997,1539.45,773.39429,20.29,13.36917,7.83818,8652574859.21624,,142.55493,19.55559,66.14,17.03925
LBN,1998,1516.13167,795.52798,,13.60667,,9210344448.08681,,153.50021,16.11012,73.89132,13.86314
LBN,1999,1507.5,790.80378,19.47833,12.49667,18.51498,10452318025.38118,,170.93811,11.67532,82.26748,10.87542
LBN,2000,1507.5,757.14121,18.15083,11.21,20.67041,8474638463.32523,,189.21906,9.83757,87.90161,9.00479
LBN,2001,1507.5,729.1749,17.18917,10.85333,19.00416,7563692926.9086,,198.85895,7.46545,86.02285,6.95761
LBN,2002,1507.5,753.35192,16.5825,11.03417,11.11435,10404665641.93422,11.62065,198.03775,8.06469,82.57457,6.92582
LBN,2003,1507.5,750.4481,13.43167,8.69333,11.66595,16367322525.18348,10.83363,213.49529,13.04402,78.64287,7.05943
LBN,2004,1507.5,721.77349,10.80833,7.37333,12.19354,15773807067.14255,9.95475,223.08233,10.09363,78.12569,10.42679
LBN,2005,1507.5,692.39697,10.64,8.14917,11.82784,16617970571.44476,10.62512,229.4479,4.49402,69.66953,22.37412
LBN,2006,1507.5,677.59912,10.26,7.98333,9.29738,19238867061.33025,11.53663,241.43641,7.79653,71.81109,36.97983
LBN,2007,1507.5,680.39414,10.25583,7.97417,6.90653,20598783915.27724,10.37769,240.75985,12.41933,74.10642,43.28254
LBN,2008,1507.5,717.81986,9.96417,7.70417,2.26059,28265312109.57287,10.84503,235.60733,14.77558,76.27527,32.91184
LBN,2009,1507.5,786.79156,9.56833,7.3175,-0.64942,39131823320.77896,14.81081,231.83519,19.62268,72.04469,36.29935
LBN,2010,1507.5,781.84236,8.33667,6.1975,7.71343,44475631354.516,16.58574,239.31778,12.105,82.52848,33.02825
LBN,2011,1507.5,788.75181,7.5275,5.88417,4.43104,47859468419.49625,17.45854,243.03425,5.471,89.98786,22.65913
LBN,2012,1507.5,786.13392,7.24917,5.7725,-0.22039,52530986898.89421,18.58117,235.81951,6.97016,89.95533,20.62531
LBN,2013,1507.5,754.17247,7.34833,5.82833,4.64998,47855927547.67838,16.15996,236.65496,6.88234,93.31729,22.75639
LBN,2014,1507.5,707.76889,7.27417,5.91333,7.16135,50668863616.69255,16.75915,244.29691,5.9048,98.22555,23.55359
LBN,2015,1507.5,682.21813,7.09083,5.9775,3.63383,48531390536.97337,17.24495,247.24163,5.06488,100.56612,22.79411
LBN,2016,1507.5,643.81234,8.35083,5.92833,7.41493,53905512885.56403,18.87339,259.29319,7.4327,103.99935,23.70121
LBN,2017,1507.5,619.01289,8.29333,6.2625,5.39647,55411532096.33036,18.77985,260.61831,4.20622,106.56773,21.67127
LBN,2018,1507.5,629.07922,9.095,7.72333,3.38555,52380608542.39559,17.12221,,,,17.62279
LBN,2019,1507.5,637.46851,10.51333,9.69667,6.16602,52213484574.22102,17.65389,,,,14.99013
LBN,2020,1507.5,1261.38049,,,,42440403086.57125,28.56719,,,,21.1363
LBN,2021,1507.5,4099.50781,,,,35239219335.71459,21.56173,,,,45.72586
LBN,2022,1507.5,8118.29237,,,,32512880021.52682,14.90291,,,,
LBN,2023,13875.625,23736.79036,,,,27489698131.49704,13.60323,,,,
LBN,2024,89500.0,,,,,33301277509.62062,,,,,
LBR,1960,1.0,,,,,,,,,,
LBR,1961,1.0,,,,,,,,,,
LBR,1962,1.0,,,,,,,,,,
LBR,1963,1.0,,,,,,,,,,
LBR,1964,1.0,,,,,,,,,,
LBR,1965,1.0,,,,,,,,,,
LBR,1966,1.0,,,,,,,,,,
LBR,1967,1.0,,,,,,,,,,
LBR,1968,1.0,,,,,,,,,,
LBR,1969,1.0,,,,,,,,,,
LBR,1970,1.0,,,,,,,,,,
LBR,1971,1.0,,,,,,,,,,
LBR,1972,1.0,,,,,,,,,,
LBR,1973,1.0,,,,,,,,,,
LBR,1974,23.71936,,,,,18718548.4176,,0.64957,,0.62922,
LBR,1975,46.43873,,,,,19188682.31308,,0.27561,-49.67693,0.29324,
LBR,1976,46.43873,,,,,17169646.92416,,0.39292,47.28761,0.30536,
LBR,1977,46.43873,,,,,27344992.95958,,0.39121,12.30218,0.35417,
LBR,1978,46.43873,,,,,18021337.97696,,0.45327,23.47611,0.39764,
LBR,1979,46.43873,,,,,54979005.55728,56.72627,0.4093,2.49051,0.38781,
LBR,1980,46.43873,,,10.3,,5450000.0,5.28476,0.29905,-23.28721,0.22461,
LBR,1981,46.43873,,15.33333,10.94444,13.96188,8336710.57251,9.22303,0.26734,-11.46335,0.23405,
LBR,1982,46.43873,,18.225,10.20833,13.02299,6473031.07455,6.48426,0.327,24.83419,0.18822,
LBR,1983,46.43873,,20.69167,10.25,24.23466,20396000.0,17.79113,0.37974,10.67672,0.18833,
LBR,1984,46.43873,,20.625,9.80833,14.5894,3476406.28709,3.53951,0.37121,0.73485,0.19444,
LBR,1985,46.43873,,19.34167,9.34,17.94355,1517968.36555,1.77794,0.43556,17.72456,0.19803,
LBR,1986,46.43873,,14.45,7.25,13.91132,2660463.93405,2.83694,0.52317,18.65545,0.19232,
LBR,1987,46.43873,,13.63333,5.88333,-2.75037,509559.83203,0.49453,0.52006,14.99065,0.20129,
LBR,1988,46.43873,,13.35833,5.43333,4.03861,380370.87376,,0.53472,9.7407,0.15635,
LBR,1989,46.43873,,13.81667,6.76667,10.21262,7876424.92181,,0.8549,21.0746,0.34067,
LBR,1990,46.43873,0.21979,,,,,,,,,
LBR,1991,46.43873,0.22438,14.03333,5.78333,8.04274,1307912.92967,,2.19386,,0.66604,
LBR,1992,46.43873,0.21705,15.05,7.55,16.28638,977250.15469,,4.08615,19.62024,1.58845,
LBR,1993,46.43873,0.22703,,,,2362459.63714,,9.43082,65.63862,1.94735,
LBR,1994,46.43873,0.23416,14.525,6.34167,8.71489,5069083.03175,,12.7837,11.7209,3.87971,
LBR,1995,49.83833,0.24429,15.56667,6.36667,8.50242,28088832.65748,,15.12857,20.67014,2.84972,
LBR,1996,46.8375,0.25301,15.3,6.5,9.32479,376466.93278,,11.99641,-6.2326,1.01594,
LBR,1997,50.57,0.22382,16.825,6.425,29.81829,419970.61871,,6.19527,-4.13375,0.68778,
LBR,1998,41.5075,0.20658,21.73833,6.21917,30.43397,616574.62071,,12.79492,150.98727,7.86283,
LBR,1999,41.9025,0.20557,16.71917,6.25167,15.65772,431082.30564,,11.51215,10.54136,4.99955,
LBR,2000,40.9025,0.30918,20.52667,6.18083,-21.6404,267707.36782,,7.05417,21.22024,1.99184,
LBR,2001,48.59191,0.30455,22.14,5.94333,21.26685,480275.9806,,6.45712,-5.1123,2.0295,
LBR,2002,61.75417,0.29572,20.205,6.24583,21.90277,3298470.65156,,5.21006,-17.44271,2.05492,
LBR,2003,59.37883,0.33497,17.05667,5.28667,1.33768,7376738.87371,,7.35163,13.85783,2.55817,
LBR,2004,54.90583,0.38119,18.09523,3.83964,1.05851,18742650.40777,0.18341,9.66068,57.58496,3.35212,
LBR,2005,57.09583,0.37142,17.03333,3.43333,16.46265,25395460.76896,0.23127,11.77172,28.91572,3.80967,
LBR,2006,58.01333,0.39322,15.5025,3.44417,5.83463,71989512.76397,0.45892,13.22113,32.43196,4.74413,
LBR,2007,61.27222,0.42885,15.04615,3.76854,2.7036,119359165.22535,0.74438,13.43988,24.72893,5.25937,
LBR,2008,63.2075,0.49365,14.39803,3.99583,-2.49587,160860063.21148,0.8354,14.72093,37.69241,6.12665,
LBR,2009,68.28667,0.47726,14.18667,4.10833,17.38282,372457051.88352,2.41588,18.05911,25.66162,7.94696,
LBR,2010,71.40333,0.50224,14.2425,3.54167,7.25786,442033413.93488,2.64119,20.52246,28.424,9.36699,
LBR,2011,72.22667,0.54584,13.75083,3.03333,2.54895,506827130.97126,2.30707,22.25284,30.1397,10.37426,
LBR,2012,73.51477,0.55177,13.51833,3.5,5.30735,574181706.18231,2.47758,19.53617,2.20218,10.04678,
LBR,2013,77.52,0.52256,13.48939,3.8717,8.37899,589723179.79531,2.91954,21.05234,22.64501,11.82077,
LBR,2014,83.8925,0.49812,13.50167,4.16083,12.58084,498992032.99135,2.48326,19.08692,-7.95319,11.44045,
LBR,2015,86.18837,0.51669,13.60667,4.05083,13.53546,560742588.40699,3.79576,20.74029,8.71029,12.74495,
LBR,2016,94.42724,0.4795,13.59,3.84833,6.18572,586024559.97353,4.33165,18.0935,-8.12963,13.02066,
LBR,2017,112.70667,0.42,13.25019,5.02535,16.2947,585997776.60673,4.72728,20.06397,10.63871,16.75235,
LBR,2018,144.05558,0.38462,,,,332150947.81251,2.87538,20.47883,3.03253,16.97641,
LBR,2019,186.42974,0.34649,,,,297070852.93341,2.59791,19.55274,-7.3998,14.30787,
LBR,2020,191.51796,0.37167,,,,340965880.53491,2.94348,20.92717,2.40361,13.41861,
LBR,2021,166.1537,0.43397,,,,700828780.06308,4.5243,21.44404,13.33985,12.8997,
LBR,2022,152.93376,0.44019,,,,599660417.52991,3.20335,25.11901,33.40907,14.78743,
LBR,2023,174.95598,0.44535,,,,441429534.73862,2.05773,28.90527,26.25986,,
LBR,2024,191.30667,0.45509,,,,367711666.74804,2.01571,,,,
LBY,1960,0.35714,,,,,82390000.0,,20.2866,,10.10844,
LBY,1961,0.35714,,,,,86960000.0,,22.07676,20.27491,9.6507,
LBY,1962,0.35714,,,,,96165600.0,,18.5695,17.42857,7.99708,
LBY,1963,0.35714,,,,,121976000.0,,15.19351,17.81022,5.28102,
LBY,1964,0.35714,,7.0,,3.26047,171922960.0,,12.93548,27.9843,4.57344,
LBY,1965,0.35714,,7.0,,1.90209,245992080.0,,14.51052,50.94401,4.19151,
LBY,1966,0.35714,,7.0,,-0.95287,339427460.0,,14.51679,28.16977,4.56851,
LBY,1967,0.35714,,7.0,,0.81483,385446800.0,,15.32152,24.46409,4.66258,
LBY,1968,0.35714,,7.0,3.5,1.43769,555590300.0,,13.73668,26.59831,4.5738,
LBY,1969,0.35714,,7.0,3.5,6.35524,918062400.0,,15.93978,32.02054,5.30985,
LBY,1970,0.35714,,7.0,4.0,6.91233,1595900690.0,,18.03587,18.84924,5.21404,
LBY,1971,0.35633,,7.0,4.0,-11.1323,2679173185.85532,,22.98728,45.35947,5.13834,
LBY,1972,0.32895,,7.0,4.0,5.61731,2990319033.02921,,25.00377,20.25252,6.41695,
LBY,1973,0.30003,,7.0,4.0,-12.66747,2297339576.08394,,25.99661,29.85216,8.39609,
LBY,1974,0.29605,,7.0,4.0,-24.37066,3965710703.3667,,23.52683,56.45447,9.22088,
LBY,1975,0.29605,,7.0,4.0,14.34919,2436846607.12906,,25.34246,4.8546,13.7767,
LBY,1976,0.29605,,7.0,4.0,1.28476,3434886396.17797,,25.35062,29.85657,12.48694,
LBY,1977,0.29605,,7.0,4.0,-0.82765,5190237333.19385,8.09967,27.08843,25.49538,12.07575,
LBY,1978,0.29605,,7.0,4.0,11.99371,4658086314.36764,6.51306,31.52616,14.86782,13.45874,
LBY,1979,0.29605,,7.0,4.0,-15.48525,7605939809.85692,7.68689,31.05149,35.86955,11.14339,
LBY,1980,0.29605,,7.0,5.125,-19.67098,14904804398.68619,12.75957,29.31894,26.6319,8.98886,
LBY,1981,0.29605,,7.0,5.5,-2.64759,10425318890.16711,6.64106,38.20545,15.73862,19.0621,
LBY,1982,0.29605,,7.0,5.5,18.52009,8694455394.4998,7.13766,37.91534,-7.89139,14.00149,
LBY,1983,0.29605,,7.0,5.5,6.11372,6583895510.73051,6.20808,36.61602,-5.02776,21.85222,
LBY,1984,0.29605,,7.0,5.5,14.44348,4758853012.42506,4.80543,41.31397,0.1731,23.57809,
LBY,1985,0.29605,,7.0,5.5,8.35725,7081091228.99118,10.53148,49.06822,27.04715,20.85848,
LBY,1986,0.3154,,7.0,5.5,16.09989,7360415899.35537,14.56364,56.21773,-6.39663,24.88867,
LBY,1987,0.29703,,7.0,5.5,-11.50146,7580773263.06232,12.75514,56.14605,2.99879,25.76219,
LBY,1988,0.28577,,7.0,5.5,30.13116,5798482449.43548,8.87962,60.54038,-4.62029,32.45432,
LBY,1989,0.2996,,7.0,5.5,5.87994,5776264606.93353,8.27434,62.1899,11.28516,31.80828,
LBY,1990,0.28318,0.10722,7.0,5.5,2.1943,7225218009.41799,9.17222,68.13695,18.98246,30.43372,
LBY,1991,0.28073,0.0984,7.0,5.5,12.78275,6967998374.17214,7.44171,61.42239,-1.08775,28.42445,
LBY,1992,0.28155,0.10505,7.0,5.5,-2.01206,7382035579.63343,9.62648,67.35353,16.4938,28.75652,
LBY,1993,0.30437,0.1043,7.0,5.5,5.27958,5883950865.8219,6.91801,72.95574,5.94488,32.22728,
LBY,1994,0.34837,0.107,,,,5968745583.59598,9.08794,77.87128,14.0007,32.40995,
LBY,1995,0.41814,0.11485,,,,6022971792.46293,11.93213,79.61798,9.55713,32.53464,
LBY,1996,0.4368,0.12593,,,,6025287388.27089,10.46078,70.52956,1.02667,23.68473,
LBY,1997,0.46087,0.13669,,,,5997016463.55943,10.3269,58.46562,-3.70409,22.01922,
LBY,1998,0.46757,0.12621,,,,8598135874.97937,17.53789,67.39209,3.80547,24.56286,
LBY,1999,0.46381,0.16176,7.0,3.20833,-17.6786,8621831419.8995,18.72363,55.27208,7.4018,23.94942,
LBY,2000,0.51219,0.17922,7.0,3.0,-5.56618,13729870472.1936,26.67721,48.51087,3.10538,20.4673,
LBY,2001,0.60506,0.18787,7.0,3.0,-0.17248,16079034167.68797,25.92696,48.05959,4.31587,19.61483,
LBY,2002,1.27068,0.2354,7.0,3.0,-15.91177,15892271986.31993,18.23205,40.46286,6.10615,17.20667,
LBY,2003,1.29294,0.264,7.0,3.0,-6.43792,21513345090.36568,25.95618,33.34146,6.50059,12.78406,
LBY,2004,1.30497,0.3152,6.08333,2.08333,-13.47577,27714111996.53418,27.53969,29.61727,13.76969,10.34,
LBY,2005,1.30838,0.39292,6.125,2.125,-17.45646,41879958087.0983,32.13091,26.56462,29.00595,7.38439,
LBY,2006,1.31357,0.45618,6.33333,2.5,-11.1516,62228722605.39081,40.23842,23.77584,14.07853,6.00762,
LBY,2007,1.26264,0.45498,6.0,2.5,3.47583,83259979623.89233,43.77209,30.16036,38.04307,6.15368,
LBY,2008,1.22356,0.55222,6.0,2.5,-14.3153,96334974982.76315,38.67942,36.4321,49.19215,7.29914,
LBY,2009,1.25353,0.41246,6.0,2.5,41.0461,103753849656.65268,43.0093,59.53853,17.41288,11.17827,
LBY,2010,1.26679,0.48607,6.0,2.5,-11.13238,106144249630.9596,38.55772,47.25379,-0.57333,9.26019,
LBY,2011,1.22415,0.59218,6.0,2.5,-14.75177,110538560730.73628,79.23722,94.88983,24.00043,14.18192,
LBY,2012,1.26166,0.70433,6.0,2.5,0.01705,124647554175.81128,40.52514,53.95357,12.58264,9.33809,
LBY,2013,1.27169,0.71859,6.0,2.5,5.90956,119714241460.03012,31.69209,69.87719,6.29445,13.73694,
LBY,2014,1.2724,0.64868,6.0,2.5,7.07785,93615450486.78947,28.69388,91.4127,-0.3387,19.31872,
LBY,2015,1.38121,0.57541,,,,77649594284.08617,43.24778,111.57543,12.50704,21.51998,
LBY,2016,1.39037,0.61692,,,,70191441968.88142,69.98324,132.06861,22.07368,18.88293,
LBY,2017,1.39382,0.77058,,,,79417877682.16862,58.57892,122.14281,24.74797,14.78963,
LBY,2018,1.36497,0.80951,,,,85335649782.16649,50.62352,108.54037,-0.62872,12.84654,
LBY,2019,1.39826,0.86026,,,,84663589516.86838,38.05661,115.15071,-1.85374,14.62895,
LBY,2020,1.38867,0.84302,,,,79656428064.8913,65.15286,197.39397,15.1802,21.83374,
LBY,2021,4.51443,1.76264,,,,82262074686.35101,36.81426,64.41247,-20.26377,11.03917,
LBY,2022,4.81318,2.34908,,,,86683417844.26932,35.14751,,,10.71857,
LBY,2023,4.81288,2.09466,,,,92427294786.86237,31.56966,,,12.21801,
LBY,2024,4.83221,2.21924,,,,92893708178.16045,,,,13.04185,
LCA,1960,1.71429,,,,,,,,,,
LCA,1961,1.71429,,,,,,,,,,
LCA,1962,1.71429,,,,,,,,,,
LCA,1963,1.71429,,,,,,,,,,
LCA,1964,1.71429,,,,,,,,,,
LCA,1965,1.71429,,,,,,,,,,
LCA,1966,1.71429,,,,,,,,,,
LCA,1967,1.76191,,,,,,,,,,
LCA,1968,2.0,,,,,,,,,,
LCA,1969,2.0,,,,,,,,,,
LCA,1970,2.0,,,,,,,,,,
LCA,1971,1.97487,,,,,,,,,,
LCA,1972,1.92128,,,,,,,,,,
LCA,1973,1.95922,,,,,,,,,,
LCA,1974,2.05323,,,,,,,,,,
LCA,1975,2.1698,,,,,3240955.42422,,,,,
LCA,1976,2.61467,,,,,5191851.8519,1.23624,,22.43894,,
LCA,1977,2.7,,,,,5652962.96301,,,5.94504,,
LCA,1978,2.7,,,,,6757037.03708,0.91517,,19.62171,,
LCA,1979,2.7,,,,,8124074.07413,0.91971,,17.47087,,
LCA,1980,2.7,,,,,8287427.03003,0.73448,36.35565,11.77009,35.54891,
LCA,1981,2.7,,13.70407,4.49676,5.9131,7611783.64444,0.64461,37.41619,17.45976,35.23505,
LCA,1982,2.7,,13.70407,4.49676,23.11126,8211031.07455,0.72291,43.34384,9.2229,39.78747,
LCA,1983,2.7,,13.70407,5.57411,11.04926,8870469.55977,0.82773,46.19868,14.55358,39.10977,
LCA,1984,2.7,,14.05546,5.33991,-4.14422,12380000.0,0.99571,40.35803,11.49579,35.07644,
LCA,1985,2.7,,14.75823,5.38675,9.86814,12650000.0,0.97999,42.79141,19.92731,32.85977,
LCA,1986,2.7,,14.75823,4.49676,9.83382,25110000.0,1.60558,44.90251,25.42828,30.09902,
LCA,1987,2.7,,12.21068,3.23205,5.57319,30800000.0,1.74033,47.27189,16.28607,30.83491,
LCA,1988,2.7,,10.98083,3.12666,10.49697,32650000.0,1.4439,50.62819,22.52069,34.61336,
LCA,1989,2.7,,10.54159,3.11495,6.3504,38210000.0,1.39515,52.12633,16.62782,39.52976,
LCA,1990,2.7,1.60167,11.28829,3.44284,2.68132,44589868.40421,1.51958,48.91093,11.75519,36.96371,
LCA,1991,2.7,1.63421,11.90597,4.1386,6.08979,48746647.35585,1.55481,49.8656,7.9452,37.64502,
LCA,1992,2.7,1.62569,12.81045,4.30621,10.87547,55461256.75471,1.6876,46.67808,2.81602,37.37033,
LCA,1993,2.7,1.60399,11.81406,4.03786,10.70223,60037821.23189,1.83775,48.74267,6.08693,43.61666,
LCA,1994,2.7,1.61096,11.05966,3.83234,8.26775,57790724.12822,1.69926,49.80978,6.50011,44.65008,
LCA,1995,2.7,1.6578,12.68275,4.42507,7.25036,63090887.49093,1.7184,51.61078,10.76724,45.94282,
LCA,1996,2.7,1.62143,12.82146,4.50223,12.30265,56140803.41428,1.57588,52.36661,4.9123,50.29366,
LCA,1997,2.7,1.63975,12.68177,4.65156,9.53409,60981753.48646,1.61314,53.40966,4.19448,53.85221,
LCA,1998,2.7,1.66093,11.40382,4.80049,8.76068,70614752.04534,1.7918,54.72886,11.55851,53.11072,
LCA,1999,2.7,1.67596,12.79148,4.75862,10.22055,74515079.32352,1.78291,56.34129,8.16089,56.01386,
LCA,2000,2.7,1.70445,13.06296,4.79587,11.81528,78828583.50467,1.68615,59.11585,6.14705,58.8438,
LCA,2001,2.7,1.65171,12.97287,4.88174,14.01283,88936538.4132,2.08935,64.53233,4.48039,63.97593,
LCA,2002,2.7,1.63314,12.5875,4.26508,12.12586,93892175.26117,2.26695,64.85666,1.33663,63.92885,
LCA,2003,2.7,1.68519,14.99724,5.46576,9.2875,106902191.8004,2.07014,65.44778,10.71187,56.1967,
LCA,2004,2.7,1.65268,11.07078,3.04721,10.28978,132539594.87551,2.4564,65.42572,7.9906,57.30719,
LCA,2005,2.7,1.71295,10.6053,2.83367,3.46911,116387878.7877,1.8641,69.11183,12.45622,62.5332,
LCA,2006,2.7,1.74771,10.784,2.951,5.3324,134538725.29309,1.91703,72.66382,17.43189,69.69939,
LCA,2007,2.7,1.76272,10.12191,3.10078,6.30461,153719597.5445,1.89247,73.76875,6.94512,85.6786,
LCA,2008,2.7,1.7732,10.08493,3.25983,7.3656,142774402.81367,1.68761,73.82475,7.68913,88.87128,
LCA,2009,2.7,1.76794,10.58201,3.25129,10.231,174798934.46215,2.57732,78.02588,3.02783,93.51375,
LCA,2010,2.7,1.84143,10.61654,3.32395,4.92656,206256181.49974,2.53086,75.11234,1.82118,90.88051,
LCA,2011,2.7,1.82969,10.00205,3.49423,8.47001,213433689.00609,2.53231,73.26807,3.20269,88.17062,
LCA,2012,2.7,1.85985,9.50032,3.05805,7.33919,231967199.01097,2.88207,74.25798,3.2792,92.84458,
LCA,2013,2.7,1.84572,9.07521,2.93424,3.08058,192222634.62979,2.38691,73.61432,2.99042,89.38819,
LCA,2014,2.7,1.883,8.99774,2.80023,4.83888,257658514.61321,3.1296,71.85606,2.83148,79.35695,
LCA,2015,2.7,1.94413,8.85542,2.27358,5.4426,317540361.62025,3.74807,73.29978,5.4182,70.90519,
LCA,2016,2.7,1.87649,8.4725,1.8675,8.53403,305519500.76896,3.45,71.622,1.00319,64.04541,
LCA,2017,2.7,1.89693,8.34,1.6575,4.71843,321767417.2044,3.47441,68.88969,2.87487,58.87371,
LCA,2018,2.7,1.80317,8.11012,1.57238,7.86045,285824309.74752,3.0002,70.11553,4.95996,55.90314,
LCA,2019,2.7,1.70198,7.72248,1.50433,5.21251,260870367.10957,2.6204,63.21198,-8.34167,53.96003,
LCA,2020,2.7,1.52291,7.13469,1.53099,13.25244,231361279.00078,3.4348,77.13285,-12.68967,78.60295,
LCA,2021,2.7,1.47843,6.75742,1.39252,-4.33542,433117473.47259,5.29931,71.14076,14.8644,63.046,
LCA,2022,2.7,1.43826,6.51287,1.2014,2.20094,389083414.44569,3.24289,58.99958,4.05489,51.07125,
LCA,2023,2.7,1.40899,6.40448,1.23132,4.84221,424323643.89708,3.26389,63.12062,10.97852,50.61834,
LCA,2024,2.7,1.38898,6.28812,1.20863,5.27404,406063791.48446,2.67776,66.69741,10.83635,50.71582,
LIE,1960,4.37295,,,,,,,,,,
LIE,1961,4.37295,,,,,,,,,,
LIE,1962,4.37295,,,,,,,,,,
LIE,1963,4.37295,,,,,,,,,,
LIE,1964,4.37295,,,,,,,,,,
LIE,1965,4.37295,,,,,,,,,,
LIE,1966,4.37295,,,,,,,,,,
LIE,1967,4.37295,,,,,,,,,,
LIE,1968,4.37295,,,,,,,,,,
LIE,1969,4.37295,,,,,,,,,,
LIE,1970,4.37295,,,,,,,,,,
LIE,1971,4.13385,,,,,,,,,,
LIE,1972,3.81925,,,,,,,,,,
LIE,1973,3.16483,,,,,,,,,,
LIE,1974,2.97925,,,,,,,,,,
LIE,1975,2.58128,,,,,,,,,,
LIE,1976,2.49964,,,,,,,,,,
LIE,1977,2.40352,,,,,,,,,,
LIE,1978,1.78802,,,,,,,,,,
LIE,1979,1.66272,,,,,,,,,,
LIE,1980,1.67571,,,,,,,,,,
LIE,1981,1.96424,,,,,,,,,,
LIE,1982,2.03027,,,,,,,,,,
LIE,1983,2.09914,,,,,,,,,,
LIE,1984,2.34968,,,,,,,,,,
LIE,1985,2.45713,,,,,,,,,,
LIE,1986,1.79892,,,,,,,,,,
LIE,1987,1.49119,,,,,,,,,,
LIE,1988,1.4633,,,,,,,,,,
LIE,1989,1.63593,,,,,,,,,,
LIE,1990,1.38916,,,,,,,,,,
LIE,1991,1.43399,,,,,,,,,,
LIE,1992,1.40622,,,,,,,,,,
LIE,1993,1.47762,,,,,,,,,,
LIE,1994,1.36769,,,,,,,,,,
LIE,1995,1.18247,,,,,,,,,,
LIE,1996,1.23601,,,,,,,,,,
LIE,1997,1.45131,,,,,,,,,,
LIE,1998,1.44981,,,,,,,,,,
LIE,1999,1.50215,,,,,,,,,,
LIE,2000,1.68884,,,,,,,,,,
LIE,2001,1.68762,,,,,,,,,,
LIE,2002,1.55861,,,,,,,,,,
LIE,2003,1.34665,,,,,,,,,,
LIE,2004,1.2435,,,,,,,,,,
LIE,2005,1.24518,,,,,,,,,,
LIE,2006,1.25384,,,,,,,,,,
LIE,2007,1.20037,,,,,,,,,,
LIE,2008,1.08309,,,,,,,,,,
LIE,2009,1.08814,,,,,,,,,,
LIE,2010,1.04291,,,,,,,,,,
LIE,2011,0.88804,,,,,,,,,,
LIE,2012,0.93768,,,,,,,,,,
LIE,2013,0.9269,,,,,,,,,,
LIE,2014,0.91615,,,,,,,,,,
LIE,2015,0.96238,,,,,,,,,,
LIE,2016,0.98539,,,,,,,,,,
LIE,2017,0.98469,,,,,,,,,,
LIE,2018,0.97789,,,,,,,,,,
LIE,2019,0.99371,,,,,,,,,,
LIE,2020,0.93897,,,,,,,,,,
LIE,2021,0.91385,,,,,,,,,,
LIE,2022,0.95483,,,,,,,,,,
LIE,2023,0.89849,,,,,,,,,,
LIE,2024,0.88044,,,,,,,,,,
LKA,1960,4.7619,,,,,101260000.0,,23.15601,,7.27164,
LKA,1961,4.7619,,,,,90000000.0,,23.59273,4.3758,7.33091,
LKA,1962,4.7619,,,,,85000000.0,,24.80631,6.59679,7.23099,
LKA,1963,4.7619,,,,,75000000.0,,29.56651,26.23482,8.6291,
LKA,1964,4.7619,,,,,52000000.0,,28.61542,2.17172,9.36738,
LKA,1965,4.7619,,,,,73000000.0,,28.59104,3.64574,9.17862,
LKA,1966,4.7619,,,,,43000000.0,,27.16325,-2.02051,9.7757,
LKA,1967,4.86111,,,,,55000000.0,,27.85438,11.15429,10.34635,
LKA,1968,5.95237,,,,,52000000.0,,25.58033,8.91864,11.29875,
LKA,1969,5.95237,,,,,40000000.0,,24.67892,5.27045,12.35571,
LKA,1970,5.95237,,,,,42740000.0,,22.89154,8.37433,11.70228,
LKA,1971,5.93495,,,,,50332571.52167,,24.63132,10.63973,12.35587,
LKA,1972,5.97032,,,,,59464611.0568,,26.24779,15.64134,13.88667,
LKA,1973,6.4025,,,,,86601218.42837,,22.36416,2.84608,11.59259,
LKA,1974,6.65075,,,,,77591855.64632,,19.38581,11.96093,13.41214,
LKA,1975,7.00717,,,,,57431406.44404,0.83118,17.94634,3.50245,12.65417,
LKA,1976,8.412,,,,,92329947.3858,1.56694,20.92276,32.49119,12.97487,
LKA,1977,8.87283,,,,,292587750.86741,4.40894,24.23627,39.63097,15.69369,
LKA,1978,15.61067,,,,,407115687.66299,4.38004,27.17216,31.38479,20.3115,
LKA,1979,15.57183,,,,,549102778.80889,4.13903,31.59353,42.76632,22.62584,
LKA,1980,16.53442,,,,,282580139.5,1.49422,32.02113,28.71022,17.16521,
LKA,1981,19.24575,,,,,352359461.98145,1.93735,30.0407,19.8726,18.13634,
LKA,1982,20.81225,,,,,380230471.07338,1.96443,32.25932,25.36566,19.62424,
LKA,1983,23.52858,,,,,320947713.04068,1.66394,31.83494,20.92274,21.07622,
LKA,1984,25.43817,,,,,530159875.53686,2.79746,29.21175,16.01665,19.30255,
LKA,1985,27.16258,,,,,471725041.76274,2.25912,31.19661,12.78859,20.68366,
LKA,1986,28.01733,,,,,377188000.9,1.83255,29.41975,4.23508,20.35565,
LKA,1987,29.44475,,,,,309506426.81745,1.42298,30.98412,15.43935,20.19159,
LKA,1988,31.80675,,,,,247726247.87128,1.05963,31.53954,14.86262,21.79956,
LKA,1989,36.04708,,,,,269432907.53928,1.13756,30.11581,8.3513,20.18055,
LKA,1990,40.06292,9.95648,,,,447030481.60611,1.66363,28.25875,19.8699,19.6163,
LKA,1991,41.3715,10.65396,,,,724220186.32744,2.28522,29.76287,21.87171,8.8212,
LKA,1992,43.82963,11.39613,,,,979865100.61289,2.87788,30.43672,16.80341,9.05663,
LKA,1993,48.32217,12.23261,,,,1653805493.1912,4.28037,31.9499,23.30643,9.83336,
LKA,1994,49.41514,13.14709,,,,2069716925.84899,4.38991,32.9834,19.66729,10.95741,
LKA,1995,51.25159,14.07512,,,,2111952624.93954,3.99592,38.85184,35.83221,31.06685,
LKA,1996,55.27144,15.31726,,,,1984681032.68698,3.67676,37.57914,11.26041,29.89599,
LKA,1997,58.9946,16.40141,,,,2042319936.5303,3.5143,37.47934,15.59372,29.44191,
LKA,1998,64.45012,17.71359,,,,1997795167.96532,3.39109,37.10671,13.20863,28.72262,
LKA,1999,70.63545,18.1935,,,,1653729058.41689,2.75679,38.72815,13.38957,29.25775,10.0817
LKA,2000,77.00512,19.0852,,,,1131355289.18666,1.58714,38.4389,12.8648,28.83454,6.47233
LKA,2001,89.38301,19.626,14.25,10.78,0.51485,1357451866.36814,2.17165,39.0173,13.59214,30.73268,8.45429
LKA,2002,95.66206,20.8933,13.1675,9.22083,4.67659,1705155736.72707,2.76245,39.35044,13.35752,31.03447,10.1618
LKA,2003,96.52095,22.28128,10.34583,6.00333,1.46868,2333781502.23926,3.48963,39.38807,15.3188,30.74549,14.35814
LKA,2004,101.19446,23.60754,9.46667,5.07333,0.61136,2204868879.49586,2.79453,41.06658,19.61481,32.38635,17.69871
LKA,2005,100.49805,25.27467,10.76417,5.63667,0.31285,2734967767.26121,3.14335,41.6778,19.0568,33.0761,23.43702
LKA,2006,103.91445,27.28352,12.85,6.80167,1.41356,2832098098.88232,2.75826,40.98922,17.83063,34.67049,27.48342
LKA,2007,110.62323,30.29033,17.07667,9.08,2.67321,3518418228.00438,3.11009,39.2327,16.56013,34.2395,23.34811
LKA,2008,108.33376,34.56978,18.89167,10.88917,2.20469,2616559583.33783,1.85909,34.52438,8.45751,29.54201,10.52701
LKA,2009,114.94478,36.37807,15.67167,10.61083,9.24801,5353610216.22721,5.21549,37.35342,18.61006,25.74003,22.69436
LKA,2010,113.06448,38.56462,10.2175,6.89917,-13.17004,7195358507.00001,5.34354,31.54611,15.79355,24.68426,33.97886
LKA,2011,110.56521,39.28889,9.41175,6.43333,5.22391,6739196545.08981,3.4608,41.87274,49.98322,33.7388,28.68789
LKA,2012,127.60335,41.43121,13.28233,8.66628,2.55187,7106460348.66884,3.68898,41.04536,17.62774,34.01804,24.09465
LKA,2013,129.06903,42.90531,12.45333,10.23083,5.83556,7500000871.53903,3.8476,43.15058,16.22853,33.53936,24.43164
LKA,2014,130.56469,44.24624,7.8375,7.4975,5.80537,8210750127.74159,3.92468,45.57259,14.5067,34.49363,28.67418
LKA,2015,135.85691,45.11239,6.9575,5.98667,3.82774,7302096590.22385,3.48458,49.68539,17.03489,39.38185,24.44945
LKA,2016,145.58167,46.19233,10.49333,7.095,4.78941,6008199165.17799,2.79773,52.11387,16.18613,42.47567,21.22583
LKA,2017,152.44641,49.27409,11.57,9.0025,5.78078,7959047614.93675,3.42413,54.48891,17.4045,43.88275,20.09076
LKA,2018,162.46486,49.9676,11.55417,8.85325,6.95991,6920825566.09992,2.81773,56.89196,11.41045,46.69841,16.49022
LKA,2019,178.74493,51.70859,11.24417,8.71462,7.09888,7648305273.42442,3.36492,59.46207,8.32354,47.00849,17.66378
LKA,2020,185.59256,55.1601,,,,5663994385.32784,3.28745,,,,18.95038
LKA,2021,198.76432,55.52655,,,,3136991506.34787,1.59499,,,,30.55319
LKA,2022,322.63267,76.43237,,,,1896231717.15846,1.0643,,,,14.29429
LKA,2023,327.50653,86.07442,,,,4405117005.00662,2.38312,,,,15.67452
LKA,2024,,87.26861,,,,6093946546.37437,2.86494,,,,19.70565
LSO,1960,0.71429,,,,,,,,,,
LSO,1961,0.71429,,,,,,,,,,
LSO,1962,0.71429,,,,,,,,,,
LSO,1963,0.71429,,,,,,,,,,
LSO,1964,0.71429,,,,,,,,,,
LSO,1965,0.71429,,,,,,,,,,
LSO,1966,0.71429,,,,,,,,,,
LSO,1967,0.71429,,,,,,,,,,
LSO,1968,0.71429,,,,,,,,,,
LSO,1969,0.71429,,,,,,,,,,
LSO,1970,0.71429,,,,,,,,,,
LSO,1971,0.71522,,,,,,,,,,
LSO,1972,0.76873,,,,,,,,,,
LSO,1973,0.69396,,,,,,,,,6.8264,
LSO,1974,0.67948,,,,,,,,,8.3961,
LSO,1975,0.73951,,,,,,,,,7.62568,
LSO,1976,0.86957,,,,,,,,,9.01012,
LSO,1977,0.86957,,,,,,,,,8.11422,
LSO,1978,0.86957,,,,,,,,,7.95427,
LSO,1979,0.84202,,,,,,,,,9.76381,
LSO,1980,0.77883,,11.0,7.5,-21.53231,50268480.65097,1.25049,35.2886,,7.05772,
LSO,1981,0.87758,,15.0,,2.1522,43395441.11505,1.01532,39.09029,25.57143,10.90184,
LSO,1982,1.08582,,17.0,,22.96716,47535431.39665,0.6453,50.33521,27.97884,13.58811,
LSO,1983,1.1141,,15.41667,,3.45996,66677059.62664,0.83685,52.13038,17.83016,11.79908,
LSO,1984,1.47528,,17.58333,9.9,8.76977,48576065.24488,0.68074,52.53559,14.97313,14.46933,
LSO,1985,2.22867,,19.66667,13.88889,0.80777,43520456.942,0.82026,52.49238,21.70616,15.3599,
LSO,1986,2.28503,,13.41667,10.04167,-2.44002,60259785.20666,1.07199,49.17337,14.0047,12.97636,
LSO,1987,2.03603,,11.125,7.0,-0.54663,67531269.41792,0.86162,48.24989,10.43743,14.72704,
LSO,1988,2.27347,,13.66667,9.58333,-5.34175,56281272.48994,0.64937,46.84206,26.6053,14.94217,
LSO,1989,2.62268,,18.75,12.81667,3.40538,48997753.04229,0.53938,43.98351,14.08024,14.84955,
LSO,1990,2.58732,1.116,20.41667,13.0,7.52073,72373876.74098,0.70396,40.64073,9.73827,15.59596,
LSO,1991,2.76132,1.27194,20.0,13.0,1.84404,115039950.79317,0.98508,35.54654,10.23761,16.1636,
LSO,1992,2.85201,1.41694,18.25,10.60833,3.78361,157486270.57351,1.20297,32.25624,10.58478,15.59447,
LSO,1993,3.26774,1.54051,15.83333,8.0625,4.07497,252685722.75802,2.01719,34.24957,22.32351,17.97905,
LSO,1994,3.5508,1.62545,14.25,8.425,6.01611,372621134.59357,2.9702,33.25348,10.88932,22.02084,
LSO,1995,3.62709,1.79612,16.375,13.34167,3.15422,456739363.84393,3.28471,31.33621,9.81059,18.25105,
LSO,1996,4.29935,1.86969,17.70833,12.73333,11.04346,460505560.80249,3.45668,32.79573,17.14853,16.34401,
LSO,1997,4.60796,2.00377,18.03333,11.8125,8.26865,571737996.47036,4.25488,33.2915,14.76565,21.37028,
LSO,1998,5.52828,2.1781,20.0625,10.73333,9.22495,575080928.09924,5.1366,34.46142,15.53472,16.24177,
LSO,1999,6.10948,2.32235,19.0625,7.45417,10.10924,499556717.19799,5.23184,30.08733,-5.14415,14.74905,
LSO,2000,6.93983,2.41398,17.11167,4.91667,10.17067,417891096.03212,4.41921,27.62254,1.3742,13.77148,
LSO,2001,8.60918,2.63168,16.55417,4.83333,4.55815,386488996.57583,4.28719,28.03242,17.15627,12.47161,
LSO,2002,10.54075,2.95957,17.11,5.1875,2.54194,406370215.02663,4.63003,26.5147,8.80549,12.49696,
LSO,2003,7.56475,2.97305,16.015,5.16167,13.25297,460333705.20494,3.6954,26.23518,5.98064,5.34978,
LSO,2004,6.45969,3.17315,12.375,4.24167,2.53157,501504280.46569,3.3626,24.33468,3.38133,5.25596,
LSO,2005,6.35933,3.2589,11.71667,4.21667,5.46985,519110911.29977,3.66186,24.23285,9.13562,7.23312,
LSO,2006,6.77155,3.45577,12.16083,4.54333,2.6071,658401554.70908,4.40108,28.77828,35.3061,7.3608,
LSO,2007,7.04537,3.13978,14.13167,6.45833,22.30462,1002760338.36274,6.0538,34.4391,16.35033,9.99237,
LSO,2008,8.26122,3.59547,16.18694,7.64167,-0.45654,971530251.52602,5.73174,33.45641,19.65227,10.02379,
LSO,2009,8.47367,3.65722,13.0,4.85,10.41083,1502248532.21839,8.29905,35.74973,7.98933,12.60723,
LSO,2010,7.32122,3.80616,11.2225,3.68333,5.5872,1485976652.76529,7.1341,39.45023,22.36619,13.41138,
LSO,2011,7.26113,4.08075,10.42917,2.695,0.91638,903895914.94934,3.82009,35.56314,3.19829,14.34886,
LSO,2012,8.20997,4.36468,10.11917,2.85,7.76763,999498707.57333,4.15271,35.13402,7.34328,18.56873,
LSO,2013,9.65506,4.37567,9.92,2.85,-0.32635,1060172209.08261,5.24854,37.92176,21.1638,19.9473,
LSO,2014,10.85266,4.59577,10.33944,2.725,-3.24085,1081271062.14794,5.58482,33.98698,3.95105,19.3315,
LSO,2015,12.75893,4.71399,10.57,2.33417,0.33299,997431660.02209,5.54405,33.66172,12.55825,18.27364,
LSO,2016,14.70961,4.96202,11.57583,1.10667,11.9031,925195318.76795,5.24612,31.00788,-4.83859,18.21289,
LSO,2017,13.3238,5.44063,11.58083,1.2175,9.3727,657668309.28208,3.27498,39.38879,25.52607,20.00384,
LSO,2018,13.23393,5.88552,11.35417,1.39396,-0.33019,728527649.97949,3.40934,39.61253,10.69408,20.1314,
LSO,2019,14.44843,6.08721,11.33358,1.64969,7.49032,774095190.47731,3.92033,35.3056,-8.99494,21.32247,
LSO,2020,16.45911,5.90796,8.97556,1.9116,2.27817,730280379.22037,4.16949,42.25452,17.11883,21.93411,
LSO,2021,14.77868,6.19414,8.20875,1.66193,4.93094,798207194.32705,4.07663,,,22.32878,
LSO,2022,16.35585,6.10166,8.98438,1.65117,3.2733,771278260.39646,3.90948,,,21.69606,
LSO,2023,18.45024,5.86805,11.08333,2.43538,11.49374,854088923.80773,4.70108,,,24.86673,
LSO,2024,18.32866,5.93562,11.20833,2.46022,7.34655,1007862057.19677,5.53505,,,25.58057,
LTU,1990,,0.0013,,,,,,,,,
LTU,1991,,0.00413,,,,,,,,,
LTU,1992,1.77275,0.04211,,,,107287429.89846,,,,,
LTU,1993,4.34406,0.16709,,,,422943337.67033,2.08207,,,,
LTU,1994,3.97775,0.26442,,,,596691606.99085,2.72948,,,,
LTU,1995,4.0,0.35753,,,,828984702.11438,2.50835,,,,
LTU,1996,4.0,0.41852,,,,841037129.77804,1.96772,,,,
LTU,1997,4.0,0.45975,,,,1064038337.56108,2.15613,,,,
LTU,1998,4.0,0.46962,,,,1462691406.9514,2.86709,,,,
LTU,1999,4.0,0.45757,,,,1249084977.15841,2.92496,,,,
LTU,2000,4.0,0.45121,,,,1362679200.14878,2.94977,,,,
LTU,2001,4.0,0.4354,,,,1669177340.95004,3.17162,,,,
LTU,2002,3.67696,0.42897,,,,2413140713.55608,3.89002,,,,
LTU,2003,3.06087,0.41873,,,,3449667625.09856,4.17994,,,,
LTU,2004,2.78059,0.4302,,,,3593962685.5297,3.16043,,,,
LTU,2005,2.77402,0.45274,,,,3815556164.65712,2.64353,,,,
LTU,2006,2.75223,0.47284,,,,5772525484.49407,3.16406,,,,
LTU,2007,2.52373,0.50005,,,,7711952180.98187,3.25677,,,,
LTU,2008,2.35708,0.52649,,,,6442845969.40104,2.12496,,,,
LTU,2009,2.48403,0.50004,,,,6623187500.76033,3.9183,,,,
LTU,2010,2.60633,0.47714,,,,6598353673.96232,3.03314,,,59.41056,
LTU,2011,2.4811,0.4759,,,,8201664834.38473,2.74721,,,49.89951,
LTU,2012,2.68629,0.47778,,,,8529340677.06854,2.8557,,,46.75631,
LTU,2013,2.60101,0.47316,,,,8072525980.62758,2.53311,,,43.22128,
LTU,2014,2.60029,0.47178,,,,8729460563.48084,2.91409,,,41.00782,
LTU,2015,0.9013,0.47725,,,,1697150153.84852,0.64854,,,41.4522,
LTU,2016,0.90342,0.47012,,,,2599864854.6003,0.99824,,,42.76585,
LTU,2017,0.88521,0.47505,,,,4449678813.3316,1.44881,,,40.97974,
LTU,2018,0.84677,0.44662,,,,5770956096.50459,1.63472,,,39.99355,
LTU,2019,0.89328,0.43182,,,,5085045225.2078,1.43532,,,38.73943,
LTU,2020,0.87551,0.43345,,,,4846519049.92043,1.47474,,,37.03401,
LTU,2021,0.84549,0.43996,,,,5579844284.24645,1.23527,,,37.20206,
LTU,2022,0.94962,0.46769,,,,5365254190.36888,0.9584,,,35.69911,
LTU,2023,0.92484,0.4909,,,,6168341355.74637,1.16763,,,34.38681,
LTU,2024,0.92389,0.49104,,,,7407101582.10623,1.3852,,,35.96873,
LTU,2025,,0.50343,,,,,,,,,
LUX,1960,50.0,,,,,,,,,,
LUX,1961,50.0,,,,,,,,,,
LUX,1962,50.0,,,,,,,,,,
LUX,1963,50.0,,,,,,,,,,
LUX,1964,50.0,,,,,,,,,,
LUX,1965,50.0,,,,,,,,,,
LUX,1966,50.0,,,,,,,,,,
LUX,1967,50.0,,,,,,,,,,
LUX,1968,50.0,,,,,,,,,,
LUX,1969,50.0,,,,,,,,,,
LUX,1970,50.0,,,,,,,,,,
LUX,1971,49.05698,,,,,,,,,,
LUX,1972,44.01458,,,,,,,,,,
LUX,1973,38.9765,,,,,,,,,,
LUX,1974,38.9515,,,,,,,,,,
LUX,1975,36.77892,,,,,,,,,,25.61366
LUX,1976,38.60517,,,,,,,,,,23.36731
LUX,1977,35.84275,,,,,,,,,,22.74418
LUX,1978,31.49208,,,,,,,,,,22.18038
LUX,1979,29.31867,,,,,,,,,,46.03966
LUX,1980,29.24167,,,,,,,,,,24.14563
LUX,1981,37.12925,,,,,,,,,,30.01485
LUX,1982,45.69058,,,,,,,,,,34.81051
LUX,1983,51.13167,,,,,,,,,,33.41506
LUX,1984,57.78392,,,,,160844597.51358,,,,,36.46938
LUX,1985,59.378,,,,,173019101.35325,,,,,61.17523
LUX,1986,44.67192,,,,,204104120.82633,,,,,68.29848
LUX,1987,37.33408,,,,,250498072.63339,,,,,85.86112
LUX,1988,36.76833,,,,,217220856.56716,,,,,89.90836
LUX,1989,39.404,,,,,212809593.08555,,,,,103.09231
LUX,1990,33.41792,0.92567,,,,212608853.95043,,,,,81.81939
LUX,1991,34.14825,0.91171,,,,201722868.20373,,,,,81.50658
LUX,1992,32.1495,0.92464,,,,188412838.67407,,,,,76.25186
LUX,1993,34.59652,0.95718,,,,186694494.51663,,,,,121.2889
LUX,1994,33.4565,0.97036,,,,192791166.12575,,,,,161.10459
LUX,1995,29.48002,0.9726,,,,193112067.8993,,,,,145.90852
LUX,1996,30.96151,0.97467,,,,186468100.98908,,,,,155.11453
LUX,1997,35.77389,0.9735,,,,152705859.78632,,,,,173.19379
LUX,1998,36.29864,0.96434,,,,,,,,,189.48833
LUX,1999,0.93828,0.95763,,,,99459012.90573,0.01672,,,,164.10858
LUX,2000,1.08271,0.95553,,,,97465747.95092,0.01533,,,,160.22716
LUX,2001,1.11653,0.96347,,,,126635650.6442,0.01922,,,78.45482,106.18503
LUX,2002,1.05756,0.957,,,,177769574.0777,0.02173,,,67.49381,103.81063
LUX,2003,0.88405,0.96479,,,,311200498.4444,0.03458,,,69.05404,125.83973
LUX,2004,0.80392,0.95131,,,,330783823.04278,0.03061,,,65.99647,143.00235
LUX,2005,0.8038,0.94636,,,,279062530.92845,0.02181,,,71.27245,136.03745
LUX,2006,0.79643,0.91689,,,,265117813.93371,0.0161,,,74.72412,185.30251
LUX,2007,0.72967,0.92124,,,,205249437.98395,0.00999,,,85.31184,321.93519
LUX,2008,0.67992,0.90004,,,,398118062.61582,0.01659,,,101.15333,113.20511
LUX,2009,0.71696,0.90256,,,,808815187.17678,0.04544,,,100.97375,192.86473
LUX,2010,0.75431,0.9259,,,,848320495.373,0.04305,,,86.11713,179.89922
LUX,2011,0.71841,0.9051,,,,1010733835.02253,0.03819,,,84.17663,109.61345
LUX,2012,0.77834,0.90679,,,,990807493.37471,0.03448,,,83.58295,117.66918
LUX,2013,0.75295,0.89525,,,,963140967.44811,0.0288,,,86.66146,120.60872
LUX,2014,0.75273,0.88414,,,,863655853.9775,0.0248,,,86.30596,91.80682
LUX,2015,0.9013,0.88126,,,,770747330.38965,0.02305,,,91.78405,78.45869
LUX,2016,0.90342,0.85189,,,,973176553.11862,0.02785,,,96.25309,97.89974
LUX,2017,0.88521,0.84831,,,,878080634.29717,0.02422,,,100.47313,104.45412
LUX,2018,0.84677,0.84887,,,,938890223.59683,0.02214,,,105.49502,69.60991
LUX,2019,0.89328,0.82943,,,,1054874472.69212,0.02599,,,109.0122,63.3066
LUX,2020,0.87551,0.83816,,,,1119076142.01965,0.03187,,,110.21215,69.99744
LUX,2021,0.84549,0.83433,,,,2920761393.10535,0.075,,,102.99769,70.83711
LUX,2022,0.94962,0.79967,,,,2873502278.71075,0.07359,,,102.5489,62.98985
LUX,2023,0.92484,0.80747,,,,2977407185.9864,0.06539,,,93.20534,60.61904
LUX,2024,0.92389,0.81558,,,,2789187309.62034,0.06005,,,85.14361,44.87778
LUX,2025,,0.82835,,,,,,,,,
LVA,1990,,0.00473,,,,,,,,,
LVA,1991,,0.01202,,,,,,,,,
LVA,1992,0.73647,0.12133,,,,,,,,,
LVA,1993,0.67533,0.18215,,,,526398066.08812,4.98914,,,,
LVA,1994,0.55975,0.243,,,,640693740.24011,4.62819,,,,
LVA,1995,0.52758,0.29353,,,,602076773.40143,3.21724,,,,
LVA,1996,0.55075,0.32513,,,,746119784.01023,3.06656,,,,
LVA,1997,0.58092,0.3389,,,,832492440.42632,3.13296,,,,
LVA,1998,0.58983,0.35086,,,,872976182.58631,2.76798,,,,
LVA,1999,0.58517,0.35156,,,,944355647.65565,3.18958,,,,
LVA,2000,0.6065,0.36044,,,,919162856.26387,3.75913,,,,
LVA,2001,0.62792,0.35548,,,,1217482763.04159,4.34574,,,,
LVA,2002,0.61819,0.36803,,,,1326623371.85243,4.11963,,,,
LVA,2003,0.57147,0.39203,,,,1536170567.92942,3.31903,,,,
LVA,2004,0.54023,0.41492,,,,2020863043.46184,2.93722,,,,
LVA,2005,0.56472,0.45631,,,,2359714949.18389,2.6424,,,,
LVA,2006,0.56041,0.51801,,,,4511469902.07914,3.64785,,,,
LVA,2007,0.51379,0.60174,,,,5760724075.1811,3.37049,,,,
LVA,2008,0.48082,0.61485,,,,5243938989.04795,2.93237,,,,
LVA,2009,0.50555,0.55516,,,,6902262691.31899,7.17467,,,,
LVA,2010,0.53048,0.51594,,,,7605713123.87978,6.34126,,,96.64418,
LVA,2011,0.50123,0.52496,,,,6378031224.81066,3.87663,,,82.88845,
LVA,2012,0.54688,0.53429,,,,7524707959.69827,4.37614,,,67.20423,
LVA,2013,0.52939,0.53284,,,,7895272079.61742,4.44246,,,60.33377,
LVA,2014,0.75273,0.53034,,,,3228078824.94263,1.7785,,,53.21953,
LVA,2015,0.9013,0.53261,,,,3445996161.48029,2.24334,,,49.99102,
LVA,2016,0.90342,0.51954,,,,3511946854.90789,2.30678,,,48.36687,
LVA,2017,0.88521,0.51993,,,,4613455660.77037,2.65474,,,43.68661,
LVA,2018,0.84677,0.48993,,,,4370730735.82853,2.21442,,,37.90655,
LVA,2019,0.89328,0.4798,,,,4479621403.97313,2.3501,,,35.71887,
LVA,2020,0.87551,0.46967,,,,5289640347.50005,2.88745,,,34.73132,
LVA,2021,0.84549,0.46411,,,,5491144972.57496,2.2596,,,32.45283,
LVA,2022,0.94962,0.47359,,,,4460033442.8517,1.57839,,,30.99859,
LVA,2023,0.92484,0.49092,,,,4956772380.01986,1.75821,,,28.56369,
LVA,2024,0.92389,0.49653,,,,5140826261.28181,1.84788,,,29.53957,
LVA,2025,,0.50067,,,,,,,,,
MAC,1967,6.07579,,,,,,,,,,
MAC,1968,6.07158,,,,,,,,,,
MAC,1969,6.03614,,,,,,,,,,
MAC,1970,6.0514,,,,,,,,,,
MAC,1971,5.94737,,,,,,,,,,
MAC,1972,5.71456,,,,,,,,,,
MAC,1973,4.92875,,,,,,,,,,
MAC,1974,5.03976,,,,,,,,,,
MAC,1975,5.12644,,,,,,,,,,
MAC,1976,6.06145,,,,,,,,,,
MAC,1977,5.57379,,,,,,,,,,
MAC,1978,5.02917,,,,,,,,,,
MAC,1979,5.17667,,,,,,,,,,
MAC,1980,5.095,,,,,,,,,,
MAC,1981,5.75167,,,,,,,,,,
MAC,1982,6.22583,,,,,,,,,,
MAC,1983,7.46417,,,,,,,,,,
MAC,1984,8.03535,,,9.16667,,67950522.5526,,75.88724,,52.4282,
MAC,1985,7.99884,,,3.91667,,64198331.44197,,84.89534,16.28925,63.18862,
MAC,1986,8.01316,,6.5,3.5,0.83903,103053911.65381,,90.20273,19.72941,61.09147,
MAC,1987,8.00981,,6.625,3.5,-4.5891,174059038.74104,,91.05257,28.93001,56.01684,
MAC,1988,8.04059,,8.0625,4.5625,-0.72897,221365693.53956,,108.68409,40.08404,59.63647,
MAC,1989,8.03388,,10.54167,7.04167,-1.71044,354620866.34248,,111.56753,21.2503,63.59755,
MAC,1990,8.02099,2.78286,10.41667,7.125,-0.47451,520624844.41125,,117.68628,26.36576,62.64286,
MAC,1991,8.00425,3.00546,9.41667,5.875,-2.00167,650685700.73749,,139.19535,36.89019,65.59427,
MAC,1992,7.97234,3.37162,7.25,3.5,-6.52741,1301729869.41305,,129.6669,21.09977,66.06167,
MAC,1993,7.96755,3.60764,6.5,2.75,-2.77214,1569065634.34806,,120.31957,6.91164,79.74369,
MAC,1994,7.96028,3.77074,7.95336,4.20833,1.12471,1966349230.24805,,121.84413,12.70369,79.0368,
MAC,1995,7.96776,3.99557,9.90187,5.93358,1.58795,2256563500.53362,,123.69268,13.44524,74.26615,
MAC,1996,7.9664,4.0127,9.55708,5.22982,7.12788,2422172297.80611,,130.01131,7.04043,77.81946,
MAC,1997,7.97529,4.01017,9.7267,6.21988,7.93485,2532769529.53705,,134.88875,5.17969,84.35068,
MAC,1998,7.97877,3.88813,10.97312,7.00319,13.18424,2462574718.98144,,148.67437,3.12694,78.93659,
MAC,1999,7.99185,3.78841,9.45675,5.29938,10.77028,2857387350.24797,,164.54465,6.78272,80.48181,
MAC,2000,8.0259,3.63995,9.89012,5.33352,11.8389,3323014302.25176,,156.19363,-1.36888,71.96939,
MAC,2001,8.0335,3.50727,7.98857,2.587,9.60559,3508440974.68654,,166.11628,7.81016,63.40379,
MAC,2002,8.03343,3.4076,6.10786,0.63106,7.54058,3800343591.27577,9.2492,167.1046,8.09321,54.57938,
MAC,2003,8.02124,3.34323,6.0,0.32288,5.94903,4343370556.09048,9.60477,167.94419,12.25827,48.2194,
MAC,2004,8.02217,3.31847,6.0121,0.1241,4.00625,5436107122.79169,9.55266,141.65402,8.87297,40.72076,
MAC,2005,8.01106,3.39666,7.04772,1.57901,1.40398,6689436716.70569,9.94009,139.25966,12.16463,43.90169,
MAC,2006,8.00143,3.55018,8.75944,2.84714,0.94337,9132102574.35142,10.28723,141.92604,24.51137,40.91516,
MAC,2007,8.03585,3.75923,7.80848,2.85114,-0.87235,13229919966.1443,13.15005,125.21212,9.8446,47.31152,
MAC,2008,8.02011,4.05964,5.42667,1.09902,-4.22017,15930121266.7869,13.46164,112.54238,2.29049,53.28205,
MAC,2009,7.98428,4.07133,5.25,0.02855,4.30456,18350321740.6545,19.92433,123.1216,11.82514,57.45581,
MAC,2010,8.00222,4.21582,5.25,0.01756,0.42234,23726490181.8908,20.94196,107.53833,14.522,56.86603,
MAC,2011,8.01821,4.43979,5.25,0.0527,-2.07966,34026184616.5378,21.5616,100.84677,22.59172,56.12532,
MAC,2012,7.98986,4.56529,5.25,0.06281,-1.58539,16600225450.9018,8.51778,108.64133,25.83102,57.57093,
MAC,2013,7.98926,4.64387,5.25,0.04459,-2.31352,16145878199.0284,7.05385,107.15955,17.73114,62.51508,
MAC,2014,7.98713,4.86066,5.25,0.05043,-3.19807,16444386287.6882,6.31384,111.10797,10.43502,77.34736,
MAC,2015,7.98496,5.13702,5.25,0.0392,0.68777,18890787008.04169,8.20368,131.76267,-3.00382,108.5117,
MAC,2016,7.99506,5.11785,5.25,0.03828,4.32328,19491696000.0,9.2651,148.11675,12.61477,117.67369,
MAC,2017,8.026,5.15492,5.25,0.04552,3.02601,20169663000.0,8.54848,146.51699,11.07851,113.62846,
MAC,2018,8.07251,5.21225,5.29147,0.10469,1.68018,20281241000.0,7.62568,146.52411,10.142,113.8583,
MAC,2019,8.07047,5.24346,5.35665,0.24062,2.88541,22214954000.0,8.09684,154.81943,5.53663,119.79156,
MAC,2020,7.98906,5.16255,5.2611,0.20781,5.53562,25144935000.0,16.96298,342.81278,0.70366,269.83732,
MAC,2021,8.00553,4.89717,5.26037,0.16419,6.15681,26664872000.0,10.58329,280.35282,-0.69593,232.52392,
MAC,2022,8.06521,4.62438,5.3431,0.25761,4.13322,25970915000.0,12.28749,356.96345,4.3882,287.35983,
MAC,2023,8.06339,4.65915,6.0096,0.6352,1.56385,27770639000.0,8.49952,197.21981,1.09638,146.66925,
MAC,2024,8.03683,4.55805,6.01748,0.66081,5.81028,29391736000.0,9.00281,196.8097,7.83609,129.63027,
MAF,1960,4.93706,,,,,,,,,,
MAF,1961,4.93706,,,,,,,,,,
MAF,1962,4.93706,,,,,,,,,,
MAF,1963,4.93706,,,,,,,,,,
MAF,1964,4.93706,,,,,,,,,,
MAF,1965,4.93706,,,,,,,,,,
MAF,1966,4.93706,,,,,,,,,,
MAF,1967,4.93706,,,,,,,,,,
MAF,1968,4.93706,,,,,,,,,,
MAF,1969,5.1942,,,,,,,,,,
MAF,1970,5.55419,,,,,,,,,,
MAF,1971,5.5406,,,,,,,,,,
MAF,1972,5.04454,,,,,,,,,,
MAF,1973,4.45278,,,,,,,,,,
MAF,1974,4.80962,,,,,,,,,,
MAF,1975,4.2878,,,,,,,,,,
MAF,1976,4.80288,,,,,,,,,,
MAF,1977,4.90517,,,,,,,,,,
MAF,1978,4.5131,,,,,,,,,,
MAF,1979,4.25442,,,,,,,,,,
MAF,1980,4.22557,,,,,,,,,,
MAF,1981,5.43461,,,,,,,,,,
MAF,1982,6.5721,,,,,,,,,,
MAF,1983,7.62129,,,,,,,,,,
MAF,1984,8.7391,,,,,,,,,,
MAF,1985,8.98522,,,,,,,,,,
MAF,1986,6.92609,,,,,,,,,,
MAF,1987,6.01071,,,,,,,,,,
MAF,1988,5.95694,,,,,,,,,,
MAF,1989,6.38014,,,,,,,,,,
MAF,1990,5.44527,,,,,,,,,,
MAF,1991,5.64212,,,,,,,,,,
MAF,1992,5.29382,,,,,,,,,,
MAF,1993,5.66323,,,,,,,,,,
MAF,1994,5.55204,,,,,,,,,,
MAF,1995,4.99148,,,,,,,,,,
MAF,1996,5.11552,,,,,,,,,,
MAF,1997,5.83669,,,,,,,,,,
MAF,1998,5.89952,,,,,,,,,,
MAF,1999,0.93828,,,,,,,,,,
MAF,2000,1.08271,,,,,,,,,,
MAF,2001,1.11653,,,,,,,,,,
MAF,2002,1.05756,,,,,,,,,,
MAF,2003,0.88405,,,,,,,,,,
MAF,2004,0.80392,,,,,,,,,,
MAF,2005,0.8038,,,,,,,,,,
MAF,2006,0.79643,,,,,,,,,,
MAF,2007,0.72967,,,,,,,,,,
MAF,2008,0.67992,,,,,,,,,,
MAF,2009,0.71696,,,,,,,,,,
MAF,2010,0.75431,,,,,,,,,,
MAF,2011,0.71841,,,,,,,,,,
MAF,2012,0.77834,,,,,,,,,,
MAF,2013,0.75295,,,,,,,,,,
MAF,2014,0.75273,,,,,,,,,,
MAF,2015,0.9013,,,,,,,,,,
MAF,2016,0.90342,,,,,,,,,,
MAF,2017,0.88521,,,,,,,,,,
MAF,2018,0.84677,,,,,,,,,,
MAF,2019,0.89328,,,,,,,,,,
MAF,2020,0.87551,,,,,,,,,,
MAF,2021,0.84549,,,,,,,,,,
MAF,2022,0.94962,,,,,,,,,,
MAF,2023,0.92484,,,,,,,,,,
MAF,2024,0.92389,,,,,,,,,,
MAR,1960,5.06049,,,,,206112400.0,,27.83975,,,
MAR,1961,5.06049,,,,,185269350.0,,29.47029,5.26132,,
MAR,1962,5.06049,,,,,174203030.0,,28.9819,15.52466,,
MAR,1963,5.06049,,,,,110211320.0,,27.69391,6.70487,,
MAR,1964,5.06049,,,,,53111520.0,,26.71422,1.58432,,
MAR,1965,5.06049,,,,,98872000.0,,27.09786,6.87285,,
MAR,1966,5.06049,,,,,86814000.0,,27.55565,-0.79149,,
MAR,1967,5.06049,,,,,75720000.0,,28.42041,9.23186,,
MAR,1968,5.06049,,,,,89140000.0,,29.82821,12.7079,,
MAR,1969,5.06049,,,,,114120000.0,,29.63207,10.88788,,
MAR,1970,5.06049,,,,,141722000.0,,29.50677,7.88647,,
MAR,1971,5.04996,,,,,176838007.60291,,30.31412,12.89638,,
MAR,1972,4.59248,,,,,252590996.19852,,33.76672,18.19396,,
MAR,1973,4.10692,,,,,307947925.15061,,35.85532,16.60607,,
MAR,1974,4.36977,,,,,504349098.84661,,35.43772,29.30786,,
MAR,1975,4.05249,,,,,437657146.74251,1.71865,39.20304,20.09463,,
MAR,1976,4.41931,,,,,549011047.73046,1.82918,39.80144,18.10313,,
MAR,1977,4.50335,,,,,609585604.23004,1.71526,40.55646,19.71136,,
MAR,1978,4.16667,,,4.5,,772082199.14068,2.18172,43.05082,17.65471,,
MAR,1979,3.89913,,,4.5,,917484621.85986,2.13198,43.57138,13.85068,,
MAR,1980,3.93665,,,4.875,,813620198.04685,1.68131,35.02632,10.82988,,
MAR,1981,5.1723,,,6.0,,509516094.7013,1.01667,37.91893,16.44481,,
MAR,1982,6.02302,,,6.375,,539242246.9511,1.11102,36.36869,11.08483,,
MAR,1983,7.11132,,,6.5,,375256521.38479,0.93645,39.46402,17.68386,,
MAR,1984,8.81054,,,6.5,,265729346.69884,0.64511,38.48791,10.22216,,
MAR,1985,10.06249,,,8.0,,345295873.46221,0.80848,37.70517,13.15026,,
MAR,1986,9.10444,,,8.5,,486544571.82978,1.09323,37.52665,16.9002,,
MAR,1987,8.35923,,,8.5,,751948890.31764,1.55908,40.1731,9.9212,,
MAR,1988,8.20915,,,8.5,,836286993.5272,1.5333,39.9043,15.2057,,
MAR,1989,8.48817,,,8.5,,770803382.34289,1.24608,42.3101,12.23087,,
MAR,1990,8.24234,4.05761,,8.5,,2337533790.10115,3.16842,46.15091,21.47846,,
MAR,1991,8.70655,4.13667,,8.5,,3349097140.1336,4.46307,47.70328,16.80284,,
MAR,1992,8.53787,4.23006,,,,3818642196.37824,4.75593,50.9014,9.25857,,
MAR,1993,9.29871,4.25753,,,,3929934565.35333,5.17843,53.72425,7.94365,,
MAR,1994,9.20271,4.19584,,6.94167,,4621504413.5033,5.73224,53.17689,10.17863,,
MAR,1995,8.54024,4.41947,,,,3873508557.29941,4.10129,55.95727,7.04423,,
MAR,1996,8.71588,4.35892,,,,4054079031.06418,4.45983,52.84019,6.57531,,
MAR,1997,9.52711,4.3156,,7.98,,4197122871.2574,4.87674,61.92703,16.19076,,
MAR,1998,9.60442,4.28433,,7.26083,,4637702509.73286,5.07678,54.84072,6.03774,,
MAR,1999,9.80442,4.21948,,6.3875,,5893811630.50826,6.2451,59.51868,10.23928,,
MAR,2000,10.62564,4.05308,,5.15833,,5016934754.82376,4.98183,64.05202,8.44417,,
MAR,2001,11.30297,3.98819,,5.03833,,8669348376.9561,8.80305,69.80252,18.11436,,
MAR,2002,11.02058,3.96484,,4.54417,,10375315951.72564,9.76299,73.52864,10.31588,,
MAR,2003,9.57438,3.92153,,3.77917,,14146568780.76359,11.15033,74.06519,7.86602,,
MAR,2004,8.86802,3.85373,,3.605,,16646737348.81544,10.56846,76.04956,8.35398,,
MAR,2005,8.86501,3.76968,,3.52333,,16550639873.59607,9.1882,83.31918,14.05838,,
MAR,2006,8.79558,3.70977,,3.66667,,20790794061.35793,9.94667,89.97855,18.08861,,
MAR,2007,8.19233,3.72646,,3.66917,,24713570214.43968,9.05936,99.10558,17.54713,,
MAR,2008,7.75033,3.83262,,3.91417,,22719558203.81617,6.07073,101.36158,13.31148,,
MAR,2009,8.0571,3.79189,,3.80917,,23568387092.79239,7.57293,105.02313,7.00697,,
MAR,2010,8.41716,3.77062,,3.69417,,23709466593.99316,7.2749,105.04903,4.19541,83.29229,68.55885
MAR,2011,8.08987,3.67228,,3.75667,,20167412691.70657,4.9629,106.59697,6.43835,86.80418,54.58534
MAR,2012,8.62844,3.73609,,3.83417,,17138210439.25061,4.12037,107.52924,4.51801,87.76184,49.07529
MAR,2013,8.4055,3.76665,,3.91417,,18797794939.85081,4.54168,105.13636,3.08816,83.56554,46.5109
MAR,2014,8.40634,3.99034,,3.8925,,20272045638.84865,4.57755,108.46499,6.19965,83.51031,44.27636
MAR,2015,9.76435,3.93906,,3.80167,,22749566243.66057,6.25795,106.48535,5.6905,78.3934,41.59617
MAR,2016,9.80748,3.92247,,3.4625,,25096263443.79899,6.33785,109.88482,4.73632,80.22995,51.60724
MAR,2017,9.692,3.93709,,3.1225,,26189585939.29667,6.02529,110.46242,5.54582,80.19405,56.56163
MAR,2018,9.3861,4.21316,,3.08917,,24461023093.20871,5.04506,110.49058,4.06013,78.95681,47.96626
MAR,2019,9.61708,4.19298,,3.01167,,26412762236.8499,5.58423,110.54029,3.77806,81.47486,50.74087
MAR,2020,9.49685,4.02811,,2.86583,,35997639773.4544,8.93541,128.86315,8.36179,90.93144,54.03613
MAR,2021,8.98848,3.94628,,2.56833,,35648269520.15274,6.77129,122.26339,5.09394,86.05892,52.50356
MAR,2022,10.16066,3.77955,,2.4775,,32314245660.43834,5.06212,126.41872,8.0136,87.53622,40.92094
MAR,2023,10.13143,3.90554,,2.78667,,36327701787.75227,5.63476,118.38535,3.91376,80.50481,43.46257
MAR,2024,9.94236,3.96454,,2.84917,,37133907722.78934,5.27124,118.4895,8.00404,77.76355,46.36024
MCO,1960,4.93706,,,,,,,,,,
MCO,1961,4.93706,,,,,,,,,,
MCO,1962,4.93706,,,,,,,,,,
MCO,1963,4.93706,,,,,,,,,,
MCO,1964,4.93706,,,,,,,,,,
MCO,1965,4.93706,,,,,,,,,,
MCO,1966,4.93706,,,,,,,,,,
MCO,1967,4.93706,,,,,,,,,,
MCO,1968,4.93706,,,,,,,,,,
MCO,1969,5.1942,,,,,,,,,,
MCO,1970,5.55419,,,,,,,,,,
MCO,1971,5.5406,,,,,,,,,,
MCO,1972,5.04454,,,,,,,,,,
MCO,1973,4.45278,,,,,,,,,,
MCO,1974,4.80962,,,,,,,,,,
MCO,1975,4.2878,,,,,,,,,,
MCO,1976,4.80288,,,,,,,,,,
MCO,1977,4.90517,,,,,,,,,,
MCO,1978,4.5131,,,,,,,,,,
MCO,1979,4.25442,,,,,,,,,,
MCO,1980,4.22557,,,,,,,,,,
MCO,1981,5.43461,,,,,,,,,,
MCO,1982,6.5721,,,,,,,,,,
MCO,1983,7.62129,,,,,,,,,,
MCO,1984,8.7391,,,,,,,,,,
MCO,1985,8.98522,,,,,,,,,,
MCO,1986,6.92609,,,,,,,,,,
MCO,1987,6.01071,,,,,,,,,,
MCO,1988,5.95694,,,,,,,,,,
MCO,1989,6.38014,,,,,,,,,,
MCO,1990,5.44527,,,,,,,,,,
MCO,1991,5.64212,,,,,,,,,,
MCO,1992,5.29382,,,,,,,,,,
MCO,1993,5.66323,,,,,,,,,,
MCO,1994,5.55204,,,,,,,,,,
MCO,1995,4.99148,,,,,,,,,,
MCO,1996,5.11552,,,,,,,,,,
MCO,1997,5.83669,,,,,,,,,,
MCO,1998,5.89952,,,,,,,,,,
MCO,1999,0.93828,,,,,,,,,,
MCO,2000,1.08271,,,,,,,,,,
MCO,2001,1.11653,,,,,,,,,,
MCO,2002,1.05756,,,,,,,,,,
MCO,2003,0.88405,,,,,,,,,,
MCO,2004,0.80392,,,,,,,,,,
MCO,2005,0.8038,,,,,,,,,,
MCO,2006,0.79643,,,,,,,,,,
MCO,2007,0.72967,,,,,,,,,,
MCO,2008,0.67992,,,,,,,,,,
MCO,2009,0.71696,,,,,,,,,,
MCO,2010,0.75431,,,,,,,,,,
MCO,2011,0.71841,,,,,,,,,,
MCO,2012,0.77834,,,,,,,,,,
MCO,2013,0.75295,,,,,,,,,,
MCO,2014,0.75273,,,,,,,,,,
MCO,2015,0.9013,,,,,,,,,,
MCO,2016,0.90342,,,,,,,,,,
MCO,2017,0.88521,,,,,,,,,,
MCO,2018,0.84677,,,,,,,,,,
MCO,2019,0.89328,,,,,,,,,,
MCO,2020,0.87551,,,,,,,,,,
MCO,2021,0.84549,,,,,,,,,,
MCO,2022,0.94962,,,,,,,,,,
MCO,2023,0.92484,,,,,,,,,,
MCO,2024,0.92389,,,,,,,,,,
MDA,1990,,0.00074,,,,,,,,,
MDA,1991,,0.00172,,,,,,70.30906,,,
MDA,1992,,0.01761,,,,2452050.05156,,43.45733,357.95941,,
MDA,1993,,0.16523,,,,76335740.68151,,19.17867,318.78431,,
MDA,1994,,0.60899,,,,179920345.91703,2.77714,15.90114,115.6676,,
MDA,1995,4.4958,0.82755,40.775,26.5,1.46859,257008835.96342,2.97149,19.21714,65.32223,,
MDA,1996,4.60448,1.03901,36.66667,25.425,6.89445,311957990.33842,2.89507,18.34012,14.84613,,
MDA,1997,4.62358,1.1491,33.325,23.46667,18.50801,365985641.66685,2.99982,21.564,34.45779,,
MDA,1998,5.3707,1.24385,30.825,21.675,19.51666,143562514.4483,1.34992,19.33694,-8.26476,,
MDA,1999,10.51581,1.71441,35.535,27.54167,-3.03807,185700972.17074,2.69666,20.45212,42.86331,,
MDA,2000,12.43422,2.13459,33.77667,24.86667,5.06399,222490325.11523,2.64762,22.29442,41.72381,,
MDA,2001,12.86514,2.33996,28.69417,20.93333,14.81401,228532262.2485,2.57151,25.14139,34.11347,,
MDA,2002,13.5705,2.53059,23.52167,14.2,12.4689,268855942.32755,2.5892,28.98703,36.50356,,
MDA,2003,13.94488,2.85051,19.28917,12.55083,3.85074,302270799.14586,2.11605,30.86164,30.36586,,
MDA,2004,12.32972,2.99757,20.93833,15.115,11.99333,470258874.78648,2.70997,36.75385,38.12107,,
MDA,2005,12.59962,3.17802,19.26083,13.215,9.06925,597448067.48296,2.68231,42.03446,34.43325,,
MDA,2006,13.13106,3.49662,18.12833,11.88,4.15294,775478571.97928,2.97434,43.70135,23.57571,,
MDA,2007,12.13994,3.94599,18.825,15.01,2.51602,1333684646.72926,3.67162,51.17769,39.81029,,
MDA,2008,10.39204,4.22928,21.06417,17.93417,10.81972,1672406461.42833,3.53928,50.34928,15.85904,,
MDA,2009,11.10958,4.29454,20.54417,14.9425,17.98462,1480265227.43451,4.46708,54.08666,3.16814,,
MDA,2010,12.36926,4.71271,16.36,7.66917,-12.71141,1717685352.56472,4.61296,43.04442,13.62198,29.49705,
MDA,2011,11.73861,4.99565,14.43804,7.57287,5.77429,1965325534.73495,3.98244,41.58443,10.60237,29.92783,
MDA,2012,12.11144,5.02543,13.41815,7.63195,5.57968,2515016645.01264,5.11134,47.04788,20.8211,33.70249,
MDA,2013,12.58676,5.01984,12.29417,7.22833,8.05428,2820638985.97329,5.37731,52.52321,26.51082,35.73509,
MDA,2014,14.03563,5.34262,11.0125,5.71667,5.58219,2156677861.04442,4.19782,49.99307,5.08181,31.40384,
MDA,2015,18.81848,5.62563,14.14924,11.97071,2.30782,1756772270.0972,4.3497,43.61816,-2.98245,28.93714,
MDA,2016,19.92383,5.49349,14.27603,10.72602,10.35737,2205927462.61468,5.53338,44.36736,10.22312,25.84211,
MDA,2017,18.49903,5.67734,10.36271,5.77261,3.86837,2803268841.80309,5.90409,43.77994,9.22363,23.13368,
MDA,2018,16.80205,5.88437,8.8475,4.49083,5.46111,2995238116.31008,5.24575,44.00341,7.96581,23.64359,
MDA,2019,17.57347,5.77169,8.25,4.60417,2.75106,3059660617.37019,5.23326,43.61114,8.12162,25.32423,
MDA,2020,17.32184,5.60317,8.18,3.82917,2.46743,3783579237.84116,7.1115,53.88723,19.65549,28.67482,
MDA,2021,17.68047,5.94676,7.39667,3.455,0.95405,3901933744.98529,5.47104,49.47704,11.28149,28.53093,
MDA,2022,18.89719,6.59766,11.79667,9.31583,-5.93886,4474190590.35256,4.83555,45.9353,5.27127,27.51064,
MDA,2023,18.16394,6.95935,12.33233,6.9668,2.79518,5453111013.53607,6.13846,49.14467,18.31571,25.57732,
MDA,2024,17.79191,7.24116,8.90641,3.33575,2.19682,5483515866.86942,5.73606,52.39658,13.73389,29.34369,
MDG,1960,49.3706,,,,,,,,,,
MDG,1961,49.3706,,,,,,,,,,
MDG,1962,49.3706,,,,,48000000.0,,14.54285,,13.09076,
MDG,1963,49.3706,,,,,42800000.0,,14.71884,3.95629,14.00931,
MDG,1964,49.3706,,,,,51080000.0,,15.31083,9.93113,14.89183,
MDG,1965,49.3706,,,,,49882000.0,,15.75078,6.8579,13.57842,
MDG,1966,49.3706,,,,,51482000.0,,15.82573,8.51589,14.05282,
MDG,1967,49.3706,,,,,42882000.0,,17.23258,15.68382,15.55955,
MDG,1968,49.3706,,,,,30582000.0,,17.13939,7.2826,15.34648,
MDG,1969,51.94198,,,,,19382000.0,,17.38877,9.29689,15.03817,
MDG,1970,55.5419,,,,,37122000.0,,17.86485,15.62664,15.79537,
MDG,1971,55.42633,,,,,46345062.71315,,17.61378,6.14553,16.54436,
MDG,1972,50.40533,,,,,52241642.70663,,19.35486,11.76732,16.46444,
MDG,1973,44.57767,,,,,67901725.09392,,18.46148,3.94089,15.15409,
MDG,1974,48.14075,,,,,49408139.47819,1.59866,17.80473,20.81269,14.20622,
MDG,1975,42.86242,,,,,35577005.92479,0.85017,17.10945,1.86911,13.68732,
MDG,1976,47.78992,,,,,42161006.61333,1.22225,18.62067,15.96507,13.59737,
MDG,1977,49.13575,,,,,68920781.31325,1.81402,19.03409,13.62911,14.91703,
MDG,1978,45.131,,,,,59221295.51489,1.21506,21.18373,15.69214,15.10847,
MDG,1979,42.54417,,,,,5039519.96422,0.06309,19.09069,10.21392,16.33326,
MDG,1980,42.25575,,,,,9100000.0,0.09738,15.43419,20.59792,14.11222,
MDG,1981,54.34608,,,,,26521651.88528,0.38475,16.25471,23.92779,13.29304,
MDG,1982,69.94717,,,,,19959209.2954,0.31833,13.67882,8.89423,12.43697,
MDG,1983,86.08983,,,,,29225634.71719,0.52227,10.31566,-9.09345,12.17594,
MDG,1984,115.3285,,,,,58899720.64174,1.06051,11.45889,24.02545,13.45087,
MDG,1985,132.4955,,,,,48443936.73111,0.91379,11.60486,13.2693,14.39711,
MDG,1986,135.26817,,,,,114524463.93405,1.97267,12.48815,25.62197,14.44067,
MDG,1987,213.84267,,,,,185199306.27474,3.06252,12.66259,18.44914,14.53598,
MDG,1988,281.42133,,,,,223721112.62128,3.52624,11.86734,22.43704,11.68739,
MDG,1989,320.6875,,22.25,17.75,12.13869,245265708.20301,3.88791,13.98313,33.68732,11.43331,
MDG,1990,298.82933,83.58747,25.8,20.5,12.46331,92084945.44109,1.12232,12.66461,4.4811,12.89146,
MDG,1991,367.072,87.75818,25.475,20.5,15.60235,88857217.23955,1.26259,16.32742,31.10719,14.25822,
MDG,1992,372.79333,98.302,25.0,20.5,9.10619,84427500.10313,1.14649,17.22039,22.26006,13.26409,
MDG,1993,382.7565,105.61878,25.65,20.0,14.23774,80642850.0808,0.99733,19.04837,24.22044,13.65162,
MDG,1994,613.46717,143.73281,28.27778,19.5,-7.7086,71640029.02177,0.83304,20.91526,52.55017,12.38951,
MDG,1995,853.12633,209.81465,34.75417,17.625,-9.58288,108960783.85321,1.1264,16.04011,16.21576,9.46986,
MDG,1996,812.25033,246.75818,35.5,19.4375,13.14218,240880919.48602,2.51439,15.20271,15.95374,7.85653,
MDG,1997,1018.17717,253.4715,30.33333,14.41,24.73047,281600527.28725,3.22768,16.95188,20.81792,8.28318,
MDG,1998,1088.27967,266.22005,27.0,8.25,19.57446,171378012.99606,1.91484,16.31024,6.19268,7.56391,
MDG,1999,1256.755,281.37723,27.25,11.0825,18.71538,227186728.90552,2.52077,17.32083,19.17982,7.20754,
MDG,2000,1353.49617,306.97987,26.875,15.0825,13.71749,285182984.80549,2.80775,17.41158,17.15347,7.35204,
MDG,2001,1317.69883,323.98809,25.5,13.275,16.29314,398349960.53868,3.65342,18.85136,23.8281,6.97946,
MDG,2002,1366.39117,371.66568,25.25,12.0,7.51209,363272345.66693,2.45077,19.94381,7.9569,6.65848,
MDG,2003,1238.32767,358.25932,24.25,11.765,26.40393,414272747.15771,3.40497,20.1101,8.81394,7.53867,
MDG,2004,1868.85783,397.56637,24.5625,12.5975,9.30773,503524275.98802,3.65085,20.99491,25.22385,8.60727,
MDG,2005,2003.02583,456.26866,25.875,16.375,6.34584,481286830.74636,2.51673,17.31272,2.24656,8.49564,
MDG,2006,2142.30167,490.26977,28.15,19.8,15.69473,583182459.27584,2.78717,19.41412,30.91571,8.78158,
MDG,2007,1873.87667,526.44578,40.275,16.5,27.18976,846677005.49294,2.87087,20.20045,21.30815,8.77598,
MDG,2008,1708.37083,555.16076,44.0,13.25,33.97056,982306552.81199,2.39749,19.7664,12.23682,9.70218,
MDG,2009,1956.20583,589.98979,44.61917,11.3875,35.24764,982078789.67961,2.88117,21.1984,10.11318,10.14158,
MDG,2010,2089.95,642.47028,46.0,10.29167,32.4641,1022970696.36859,3.35949,21.36197,11.75678,10.86866,
MDG,2011,2025.1175,694.86267,52.5,10.65,38.15134,1134559589.73412,3.30121,22.27832,16.93845,10.18025,
MDG,2012,2194.96667,740.11174,56.125,10.4,48.03324,1052810915.82789,2.90517,22.05871,7.57099,10.11669,
MDG,2013,2206.91417,771.8361,58.98,10.14583,50.7601,776146662.95651,2.01828,21.19369,3.6477,11.08329,
MDG,2014,2414.81167,814.71941,60.0,10.95417,49.9085,773817323.36661,2.11189,21.28641,10.77833,11.66776,
MDG,2015,2933.50833,872.87178,56.71667,14.66667,47.14666,832008813.36376,2.51688,22.58242,16.52725,12.31059,
MDG,2016,3176.53917,923.49512,60.0,15.0,46.84277,1183690792.01019,3.4925,23.61243,18.47923,11.88781,
MDG,2017,3116.11,990.84039,60.0,15.0,52.43679,1600175022.31326,3.88414,25.5624,18.09892,12.70612,
MDG,2018,3334.75225,1079.0802,55.38958,12.75,43.48334,1739588290.28962,3.91342,25.60803,11.95694,12.96688,
MDG,2019,3618.32186,1121.69446,49.0,13.0,39.87709,1693147648.47775,3.88001,24.63115,6.9782,14.21169,
MDG,2020,3787.75406,1145.66565,48.86667,13.1875,42.71406,1980766598.34546,5.73064,28.23752,11.04839,16.41511,
MDG,2021,3829.97785,1173.85522,48.28333,13.75,39.53505,2334564597.58187,5.46947,28.16834,10.9394,17.85244,
MDG,2022,4096.11618,1201.21109,48.83333,13.375,35.76456,2159914363.96649,3.97343,28.06028,13.74418,18.63934,
MDG,2023,4429.57921,1246.04569,53.58333,13.0,42.91455,2631980575.49645,5.45501,27.11938,8.22704,17.10955,
MDG,2024,4525.42472,1309.39787,60.0,12.58333,48.66393,2784591092.62259,5.50471,27.55557,13.94933,16.64095,
MDV,1960,4.7619,,,,,,,,,,
MDV,1961,4.7619,,,,,,,,,,
MDV,1962,4.7619,,,,,,,,,,
MDV,1963,4.7619,,,,,,,,,,
MDV,1964,4.7619,,,,,,,,,,
MDV,1965,4.7619,,,,,,,,,,
MDV,1966,4.7619,,,,,,,,,,
MDV,1967,4.76091,,,,,,,,,,
MDV,1968,4.75,,,,,,,,,,
MDV,1969,4.75,,,,,,,,,,
MDV,1970,4.75,,,,,,,,,,
MDV,1971,4.73442,,,,,,,,,,
MDV,1972,4.375,,,,,,,,,,
MDV,1973,3.98567,,,,,,,,,,
MDV,1974,3.93,,,,,,,,,,
MDV,1975,5.76483,,,,,,,,,,
MDV,1976,8.36467,,,,,10000.0,,33.01033,,,
MDV,1977,8.76675,,,,,80000.0,,34.53868,2.18717,,
MDV,1978,8.96875,,,,,571475.28625,,30.56211,5.76092,,
MDV,1979,7.48858,,,,,712506.35658,0.17702,31.33812,35.35162,,
MDV,1980,7.55,,,,,949148.53514,0.12683,44.57642,58.04828,,
MDV,1981,7.55,,,,,1145419.14069,0.14156,46.38066,9.72696,,
MDV,1982,7.17367,,,,,8406398.35471,1.01486,40.56474,-11.09092,,
MDV,1983,7.05,,,,,4541130.18947,0.5112,33.63503,-1.64322,,
MDV,1984,7.05,,,,,5129802.0957,0.57104,23.51295,32.37074,,
MDV,1985,7.09808,,,,,4591968.36555,0.55943,26.0422,29.52237,,
MDV,1986,7.15073,,,,,6914463.93405,0.78177,29.04958,25.36185,,
MDV,1987,9.223,,,,,8194186.61068,0.87956,25.32107,11.89874,,
MDV,1988,8.78458,,,,,21586913.91584,2.03252,25.45521,14.26046,,
MDV,1989,9.04083,,,,,24766283.2812,1.8991,26.37195,19.90718,,
MDV,1990,9.55174,2.01884,,,,24378453.14478,1.64607,26.08787,18.59305,,
MDV,1991,10.25267,2.34834,,,,23468608.61978,1.39025,26.67966,24.75745,,
MDV,1992,10.56917,2.5863,,,,28193754.58908,1.42573,24.99286,12.56037,,
MDV,1993,10.95699,2.80821,,,,26149829.06388,1.22112,28.94925,35.90384,,
MDV,1994,11.58575,2.97937,,,,31220395.62454,1.32901,30.74333,23.99359,,
MDV,1995,11.77,2.94059,10.98814,4.12582,10.14262,47951938.10277,1.70768,31.16288,15.40688,,
MDV,1996,11.77,3.02218,10.98814,4.12582,6.0501,76166932.7152,2.3971,34.82154,26.13363,,
MDV,1997,11.77,3.09277,10.98814,4.12582,6.61643,98305132.23738,2.70496,38.05448,23.31937,,
MDV,1998,11.77,3.02359,10.98814,4.12582,12.26571,118535050.80856,3.18124,44.04418,22.99832,,
MDV,1999,11.77,3.06349,9.15679,4.20293,6.2319,127116487.32691,3.03814,41.795,3.52768,,
MDV,2000,11.77,3.05652,9.52306,4.17133,7.34144,122801161.55536,2.99523,41.09112,4.17197,,
MDV,2001,12.24208,4.51051,9.52306,4.22821,-27.41666,93075478.33403,2.22712,30.55386,7.77369,,
MDV,2002,12.8,4.46358,9.91985,4.55054,9.37567,133146756.13883,3.21534,34.46019,21.58465,,
MDV,2003,12.8,4.39756,10.2556,4.55054,6.92866,159492039.07665,3.30455,34.42788,17.17928,,
MDV,2004,12.8,4.70936,10.2556,3.9438,0.15674,203594899.34192,3.18463,38.78654,31.3679,23.08145,
MDV,2005,12.8,4.98437,10.2556,3.9438,3.27466,186354315.29594,2.45642,45.24338,10.61266,38.84258,
MDV,2006,12.8,5.2956,10.2556,3.9438,0.67108,231550005.62312,2.51952,39.7204,18.87193,42.63671,
MDV,2007,12.8,5.70836,10.2556,3.9438,-0.41469,308403900.25352,1.90472,41.5584,24.10103,54.63023,
MDV,2008,12.8,6.24835,10.2556,3.9438,-1.17686,240580313.57478,1.21262,41.64887,21.84819,57.73434,
MDV,2009,12.8,6.9948,10.2556,3.9438,-2.11403,260981130.1079,1.7812,46.15383,14.40928,53.78101,
MDV,2010,12.8,7.14189,10.37605,4.04943,6.80477,350103579.3269,2.09174,47.94632,14.64204,47.68449,
MDV,2011,14.60201,7.86163,10.19722,4.17332,-1.91496,334913163.216,1.54809,47.05438,20.00929,42.42816,
MDV,2012,15.36484,8.15744,10.4838,3.73076,3.3423,304506181.0125,1.50823,45.10411,4.92792,35.11875,
MDV,2013,15.36671,8.25308,11.14191,3.80653,4.12892,368315038.58992,1.59704,46.76104,18.3741,31.21616,
MDV,2014,15.38039,8.18359,11.41745,4.13889,7.0029,614684246.48538,2.36807,47.82594,14.8683,28.9549,
MDV,2015,15.36633,8.29125,11.10125,4.11708,3.41688,563873734.60286,2.17459,48.05257,12.1148,29.10148,
MDV,2016,15.36841,8.14523,10.76475,3.78407,10.31859,467323386.04819,1.57342,44.90863,-0.18248,30.34762,
MDV,2017,15.38697,8.18051,10.15366,3.57389,7.86202,587346816.80792,1.81238,43.18687,5.15698,31.19896,
MDV,2018,15.39084,8.02824,10.67672,3.65895,7.06184,712157733.78111,1.85237,39.78044,3.38204,31.03787,
MDV,2019,15.38204,7.82544,11.52264,3.4734,12.60745,753496279.80694,1.94023,41.1465,9.52939,31.53933,
MDV,2020,15.38127,8.47108,11.60023,3.71878,15.48673,984930745.33925,4.26801,72.47224,14.19237,53.35516,
MDV,2021,15.3727,8.21067,11.56546,3.69031,8.49646,805808189.42456,2.39926,64.67524,26.18511,39.30898,
MDV,2022,15.38663,7.92583,10.92871,3.72775,7.26765,832094352.89817,1.75612,58.2615,6.03779,35.21697,
MDV,2023,15.38679,7.81415,11.68184,3.99661,9.34346,590522550.56534,1.22268,58.1507,6.98328,35.83621,
MDV,2024,15.3892,7.86385,11.55045,3.72048,8.22832,673885912.69461,1.30326,54.47517,-0.07115,35.7299,
MEX,1960,0.0125,,,,,444341600.0,,22.93865,,,
MEX,1961,0.0125,,,,,413480000.0,,23.90395,13.1586,,
MEX,1962,0.0125,,,,,427198020.0,,25.20526,13.18837,,
MEX,1963,0.0125,,,,,548302680.0,,26.35849,16.68407,,
MEX,1964,0.0125,,,,,587594480.0,,26.00797,16.82176,,
MEX,1965,0.0125,,,,,538031680.0,,26.0989,9.14522,,
MEX,1966,0.0125,,,,,564571660.0,,25.55592,9.0386,,
MEX,1967,0.0125,,,,,586953600.0,,26.19277,11.93204,,
MEX,1968,0.0125,,,,,689436600.0,,26.66213,12.523,,
MEX,1969,0.0125,,,,,663370800.0,,28.52709,18.36484,,
MEX,1970,0.0125,,,,,756033730.0,,30.45946,16.7674,,
MEX,1971,0.0125,,,,,981458344.7778,,31.17959,12.96954,,
MEX,1972,0.0125,,,,,1296684257.07604,,31.62832,16.96557,,
MEX,1973,0.0125,,,,,1679817084.57653,,32.32996,25.01399,,
MEX,1974,0.0125,,,,,1920866299.91621,,30.27222,21.95613,,
MEX,1975,0.0125,,,,,1896784592.90344,,31.30091,26.37548,,0.53409
MEX,1976,0.01543,,,9.94,,1403804526.58856,,38.73231,54.2273,,0.90013
MEX,1977,0.02257,,,10.06667,,1938338554.76707,,29.97837,4.38402,,
MEX,1978,0.02277,,,10.97167,,2269381532.86607,,32.02396,35.01714,,0.71896
MEX,1979,0.02281,,,15.56917,,3087692135.1823,1.7085,33.13233,35.82309,,0.88975
MEX,1980,0.02295,,,22.41583,,4175319837.11204,1.49582,29.77619,38.20954,,0.63188
MEX,1981,0.02451,,,28.10167,,4971260746.35438,1.32376,32.63644,50.23133,,0.38287
MEX,1982,0.0564,,,41.0525,,1777613441.72025,0.61193,31.29095,54.36369,,0.93173
MEX,1983,0.12009,,,59.9075,,4793446679.03658,2.37574,28.40352,63.50522,,1.94023
MEX,1984,0.16783,,,51.35667,,8018704802.99307,3.22079,29.13411,69.10081,,1.98664
MEX,1985,0.25687,,,57.74417,,5678880167.02442,2.18376,25.4985,41.9627,,2.00265
MEX,1986,0.61177,,,78.43333,,6673540003.12227,2.97295,26.56778,71.01971,,4.10238
MEX,1987,1.37818,,,94.95917,,13691985453.92678,5.95347,25.97513,141.50892,,6.13382
MEX,1988,2.27311,,,55.22417,,6326668369.94167,2.07171,11.13,-13.00882,,8.36953
MEX,1989,2.46147,,,33.37167,,6740245010.71088,1.81437,16.51664,95.90398,,12.23108
MEX,1990,2.8126,1.34958,,30.40417,,10216845193.64251,2.30529,22.51342,83.7855,,15.7127
MEX,1991,3.01843,1.60895,,17.965,,18052066981.61005,3.55525,26.11475,49.20842,,32.81603
MEX,1992,3.0949,1.79981,,15.88167,,19171357434.32362,3.18858,27.13846,23.57252,,38.20488
MEX,1993,3.11562,2.08443,18.225,16.68583,-17.24857,25298703698.26088,4.06438,21.5868,16.8996,,37.88761
MEX,1994,3.37512,2.21149,19.3,15.02917,10.09534,6441390536.10355,0.88311,22.91993,20.1082,,23.52629
MEX,1995,6.41943,3.00671,59.43167,39.8225,14.85668,17045558632.98768,2.82555,23.13939,31.85574,,23.85695
MEX,1996,7.59945,3.74091,36.38583,26.40417,7.64744,19526913035.87274,2.71075,21.83881,27.01118,,24.70635
MEX,1997,7.91846,4.32965,22.14,16.36333,3.74261,28852477361.18842,3.40567,27.14072,56.84953,20.31291,29.91597
MEX,1998,9.13604,4.95442,26.35833,15.45417,9.19689,31863181979.62954,2.44922,25.94258,17.4489,17.93178,16.45779
MEX,1999,9.5604,5.63367,23.7425,11.60167,7.30444,31828401325.20953,2.20924,25.9977,18.74792,15.53854,24.40302
MEX,2000,9.45556,6.07824,16.92833,8.25667,5.62826,35577279053.66491,2.01762,21.35725,-4.48743,14.34778,16.87244
MEX,2001,9.34234,6.32917,12.795,6.23417,5.93765,44804667773.01498,2.6369,23.94672,18.84414,12.24098,15.86032
MEX,2002,9.65596,6.5537,8.21083,3.7575,2.56725,50671452144.95846,2.98007,23.90551,5.07161,14.17826,12.8217
MEX,2003,10.78902,6.64734,7.0225,3.08583,2.63027,59026700311.45128,3.44047,24.77254,9.34289,14.64128,16.00587
MEX,2004,11.28597,6.99873,7.43833,2.695,-0.62812,64201699862.86938,3.28783,25.0101,13.04611,14.10549,20.91648
MEX,2005,10.89789,7.12686,9.695,3.45667,3.59826,74109703346.06595,3.31288,25.43708,9.9685,15.31359,26.06095
MEX,2006,10.89924,7.13049,7.51183,3.29667,1.32383,76329367204.25426,2.96678,24.40478,6.6926,18.35189,34.14261
MEX,2007,10.92819,7.36782,7.56083,3.205,1.3503,87208175923.31255,3.06932,24.81361,10.14778,20.43947,36.07952
MEX,2008,11.12972,7.46953,8.70577,3.0425,2.2532,95299838182.85124,3.10571,25.18026,8.89894,19.75538,20.15016
MEX,2009,13.51347,7.49343,7.065,2.01083,1.73077,99888815494.34532,4.18741,28.47564,11.52444,21.61192,37.31519
MEX,2010,12.63601,7.7272,5.28083,1.2125,0.86983,120584016515.12308,4.05364,29.30788,12.7638,22.32378,41.10143
MEX,2011,12.42333,7.67301,4.91083,0.95583,-0.71809,149208113907.3625,4.27631,29.48743,9.97858,23.58483,33.25348
MEX,2012,13.16946,7.85871,4.68083,1.08167,0.1326,167075785316.0373,4.48472,29.98511,10.08395,24.92706,41.8335
MEX,2013,12.77199,7.88436,4.27083,1.33167,2.52395,180200033349.658,4.56588,31.65408,8.27958,27.85906,39.62643
MEX,2014,13.29245,8.04532,3.55167,0.84,-0.78252,195681624545.9218,4.80529,33.19597,12.19264,28.18368,35.1955
MEX,2015,15.84827,8.3276,3.43917,0.58917,0.20706,177596632552.624,4.46008,35.1292,12.1889,30.8305,33.1538
MEX,2016,18.66406,8.44604,4.75417,1.2875,-1.2476,177973637254.6102,4.54794,36.55344,12.33473,32.95084,31.541
MEX,2017,18.92652,8.91355,7.3325,2.69583,0.71777,175469669183.5438,4.12121,37.4499,11.2247,34.34313,35.02251
MEX,2018,19.24434,9.27636,8.04,3.27083,2.69523,176390278595.5839,3.74611,36.48982,4.52896,33.61522,
MEX,2019,19.26363,9.52837,8.42917,3.52667,3.93999,183056094117.55576,3.91542,36.76749,4.70005,35.58519,
MEX,2020,21.48561,9.81497,6.34167,1.46333,1.64584,199069188921.0464,5.07903,43.50138,13.44001,36.93259,35.64617
MEX,2021,20.27241,10.06086,4.89167,0.645,0.38635,207799490381.0424,4.12398,42.99094,9.50769,35.05706,34.91708
MEX,2022,20.12735,9.92278,8.17917,2.57333,1.41799,201118689946.08688,3.32191,41.7087,7.32428,34.24877,30.97414
MEX,2023,17.75872,9.75127,11.59167,4.77667,6.62929,214316827085.01968,3.44255,42.80933,11.01774,33.15342,32.06699
MEX,2024,18.30486,9.91656,11.22333,4.545,6.02284,232035392464.81537,3.54736,45.79254,13.81729,34.5859,
MEX,2025,,10.08956,,,,,,,,,
MHL,1960,1.0,,,,,,,,,,
MHL,1961,1.0,,,,,,,,,,
MHL,1962,1.0,,,,,,,,,,
MHL,1963,1.0,,,,,,,,,,
MHL,1964,1.0,,,,,,,,,,
MHL,1965,1.0,,,,,,,,,,
MHL,1966,1.0,,,,,,,,,,
MHL,1967,1.0,,,,,,,,,,
MHL,1968,1.0,,,,,,,,,,
MHL,1969,1.0,,,,,,,,,,
MHL,1970,1.0,,,,,,,,,,
MHL,1971,1.0,,,,,,,,,,
MHL,1972,1.0,,,,,,,,,,
MHL,1973,1.0,,,,,,,,,,
MHL,1974,1.0,,,,,,,,,,
MHL,1975,1.0,,,,,,,,,,
MHL,1976,1.0,,,,,,,,,,
MHL,1977,1.0,,,,,,,,,,
MHL,1978,1.0,,,,,,,,,,
MHL,1979,1.0,,,,,,,,,,
MHL,1980,1.0,,,,,,,,,,
MHL,1981,1.0,,,,,,,,,,
MHL,1982,1.0,,,,,,,,,,
MHL,1983,1.0,,,,,,,,,,
MHL,1984,1.0,,,,,,,,,,
MHL,1985,1.0,,,,,,,,,,
MHL,1986,1.0,,,,,,,,,,
MHL,1987,1.0,,,,,,,,,,
MHL,1988,1.0,,,,,,,,,,
MHL,1989,1.0,,,,,,,,,,
MHL,1990,1.0,0.8364,,,,,,,,,
MHL,1991,1.0,0.84985,,,,,,,,,
MHL,1992,1.0,0.85596,,,,,,,,,
MHL,1993,1.0,0.86151,,,,,,,,,
MHL,1994,1.0,0.86564,,,,,,,,,
MHL,1995,1.0,0.87166,,,,,,,,,
MHL,1996,1.0,0.87992,,,,,,,,,
MHL,1997,1.0,0.91649,,,,,,,,,
MHL,1998,1.0,0.9306,,,,,,,,,
MHL,1999,1.0,0.94066,,,,,,,,,
MHL,2000,1.0,0.90957,,,,,,,,,
MHL,2001,1.0,0.88671,,,,,,,,,
MHL,2002,1.0,0.90826,,,,,,,,,
MHL,2003,1.0,0.89911,,,,,,,,,
MHL,2004,1.0,0.89103,,,,,,,,,
MHL,2005,1.0,0.88131,,,,,,,,,
MHL,2006,1.0,0.8856,,,,,,,,,
MHL,2007,1.0,0.87396,,,,,,,,,
MHL,2008,1.0,0.90359,,,,,,,,,
MHL,2009,1.0,0.89348,,,,,,,,,
MHL,2010,1.0,0.89119,,,,,,,,,
MHL,2011,1.0,0.9386,,,,,,,,,
MHL,2012,1.0,0.97899,,,,,,,,,
MHL,2013,1.0,0.95654,,,,,,,,,
MHL,2014,1.0,0.95012,,,,,,,,,
MHL,2015,1.0,0.91253,,,,,,,,,
MHL,2016,1.0,0.96875,,,,,,,,,
MHL,2017,1.0,0.9732,,,,,,,,,
MHL,2018,1.0,0.9285,,,,,,,,,
MHL,2019,1.0,0.87548,,,,,,,,,
MHL,2020,1.0,0.9226,,,,,,,,,
MHL,2021,1.0,0.93312,,,,,,,,,
MHL,2022,1.0,0.8687,,,,,,,,,
MHL,2023,1.0,0.89992,,,,,,,,,
MHL,2024,1.0,0.94285,,,,,,,,,
MKD,1990,,0.04821,,,,,,,,,
MKD,1991,,0.09042,,,,,,,,,
MKD,1992,,1.21266,,,,,,,,,
MKD,1993,,6.42198,,,,120503199.51256,,70.21034,,,
MKD,1994,43.26318,15.83787,,,,166364466.38333,,12.72208,-55.16089,,
MKD,1995,37.88176,18.16398,,,,275093143.65509,,11.18776,1.82217,,
MKD,1996,39.98107,18.34842,,,,267527141.4549,2.0199,10.72616,-0.21054,,
MKD,1997,50.00355,18.74612,,,,280386381.43473,2.15534,12.60535,23.89612,,
MKD,1998,54.46173,18.75038,,,,334778266.4424,2.41903,13.59069,13.01087,,
MKD,1999,56.90183,19.03926,,,,459592967.89942,3.36227,16.63657,31.22018,,
MKD,2000,65.90387,19.93962,,,,460208291.00704,2.92247,17.98219,22.24744,,
MKD,2001,68.03713,20.49787,,,,798842469.93025,5.83686,29.51825,66.62641,,
MKD,2002,64.34979,20.01517,,,,789942743.50361,4.96524,26.4857,-8.07361,,
MKD,2003,54.32226,20.10192,,,,934744444.05225,4.93222,30.20317,18.49565,,
MKD,2004,49.40993,19.26379,,,,991429584.92166,3.99563,33.67343,16.50708,,
MKD,2005,49.28368,19.29351,12.51676,5.49715,7.26517,1340486932.46754,4.74109,35.46895,15.70869,,
MKD,2006,48.80177,18.88961,11.55662,4.71377,8.04241,1889352310.43791,5.76541,40.77831,24.80666,,
MKD,2007,44.72982,19.50992,10.50221,5.02978,5.65017,2264233635.6536,4.68573,47.57033,29.91197,,
MKD,2008,41.86768,19.26385,10.23208,6.18533,4.49411,2110178285.64156,3.51389,47.80742,11.81821,,
MKD,2009,44.10057,18.35509,11.16981,7.77269,10.84274,2288279742.85335,5.10546,48.63731,1.67018,,
MKD,2010,46.48539,18.73562,10.69584,7.46687,8.48143,2276767089.7281,4.7196,51.4722,11.61597,,
MKD,2011,44.23083,19.2896,9.60034,6.08582,5.66723,2667393348.62602,4.35678,52.81959,8.92783,,
MKD,2012,47.89025,19.00345,9.06831,5.16922,7.98522,2891478810.61011,5.01246,54.14448,3.06418,48.1122,
MKD,2013,46.39534,19.10539,8.48633,4.44172,3.83127,2747604655.47163,4.61212,51.65988,2.60487,47.64909,
MKD,2014,46.43713,18.9959,7.76515,3.71124,6.22807,2964236411.99583,4.55886,53.52375,8.92161,50.51355,
MKD,2015,55.53708,19.44067,7.45628,2.90029,5.34576,2470701359.60007,4.22279,54.40052,7.67188,52.03204,
MKD,2016,55.73172,18.95865,7.0176,2.50312,3.43337,2751929520.8021,4.31208,54.16974,5.96073,48.97801,
MKD,2017,54.66546,18.97023,6.60666,2.21549,3.69589,2801853318.34827,3.982,54.51954,4.59021,49.88448,
MKD,2018,52.10711,18.95113,6.10692,2.03976,2.09838,3284003546.93106,3.96616,56.50597,10.8155,50.24445,
MKD,2019,54.9472,18.25594,5.60936,1.87313,4.70039,3650514750.41521,4.22866,58.32799,8.1922,51.26797,
MKD,2020,54.14433,18.06315,5.19322,1.47436,3.76717,4126254083.78,5.26478,65.17913,7.97043,55.74663,
MKD,2021,52.10216,17.9306,4.85797,1.18544,0.54892,4129287737.28112,4.08006,65.08415,8.83069,55.50101,
MKD,2022,58.57439,18.40102,4.63307,1.07012,-3.89499,4120124979.25763,3.59144,61.244,5.27631,54.29532,
MKD,2023,56.94719,19.48325,5.44084,1.81396,-2.26317,5014981540.03403,4.37358,58.61789,5.89462,52.03593,
MKD,2024,56.87263,19.57562,5.85132,2.41292,2.10174,5251936213.50666,4.57722,60.49958,10.20369,53.92353,
MLI,1960,245.1951,,,,,,,,,,
MLI,1961,245.2601,,,,,,,,,,
MLI,1962,245.01385,,,,,,,,,,
MLI,1963,245.01635,,,,,,,,9.91791,,
MLI,1964,245.02718,,,,,,,,16.32154,,
MLI,1965,245.06093,,,,,,,,8.83091,,
MLI,1966,245.67844,,,,,,,,20.89992,,
MLI,1967,246.00094,,,,,,,18.2133,9.51071,11.16244,
MLI,1968,247.56469,,,,,,,13.83572,-4.60566,7.63168,
MLI,1969,259.96057,,,,,,,13.81102,3.64331,11.08028,
MLI,1970,276.40314,,,,,,,13.71701,11.77073,11.80485,
MLI,1971,275.35646,,,,,,,13.49172,7.63902,12.71525,
MLI,1972,252.02763,,,,,,,13.38092,11.76911,13.83183,
MLI,1973,222.88918,,,,,,,14.20896,8.78401,17.22395,
MLI,1974,240.70467,,,,,,,20.92436,51.99698,26.31228,
MLI,1975,214.3129,,,,,,,18.26919,19.86585,28.68894,
MLI,1976,238.95049,,,,,,,16.15255,11.4558,27.3122,
MLI,1977,245.67969,,,,,,,16.21505,15.36923,20.68225,
MLI,1978,225.65586,,,,,,,18.66134,23.11196,23.84111,
MLI,1979,212.72164,,,,,,,17.71166,16.74452,22.42038,
MLI,1980,211.27956,,,,,,,10.99074,4.47263,14.34982,
MLI,1981,271.73145,,,,,,,10.6551,3.02555,14.39098,
MLI,1982,328.60625,,,,,,,13.09379,11.74679,17.20393,
MLI,1983,381.06604,,,,,,,15.30195,20.70582,17.82225,
MLI,1984,436.95667,,,,,,,19.35811,34.51589,11.64174,
MLI,1985,449.26296,,,,,,,17.81135,8.67987,11.66379,
MLI,1986,346.3059,,,,,,,18.31851,6.05913,13.51366,
MLI,1987,300.53656,,,,,,,17.73898,-3.98169,13.05349,
MLI,1988,297.84822,,,,,,,17.41087,8.25704,8.71762,
MLI,1989,319.0083,,,,,,,15.75677,0.95358,9.35724,
MLI,1990,272.26479,100.79632,,,,,,15.26867,-4.89475,9.54314,
MLI,1991,282.10691,98.73196,,,,,,15.13608,13.09109,8.56061,
MLI,1992,264.6918,98.17912,,,,,,16.13986,2.96427,9.50146,
MLI,1993,283.16258,97.04156,,,,,,16.5658,8.37032,9.26455,
MLI,1994,555.2047,128.97882,,,,,,16.0885,39.20954,5.89431,
MLI,1995,499.14843,143.21806,,,,,,15.11801,7.30579,7.82684,
MLI,1996,511.55243,150.36667,,,,,,16.54665,24.46576,9.04492,
MLI,1997,583.66937,147.77698,,,,,,17.31133,8.90321,10.05509,
MLI,1998,589.95177,157.94195,,,,,,15.64522,4.1765,11.0944,
MLI,1999,615.47335,163.02308,,,,,,14.41804,1.00664,11.58362,
MLI,2000,710.20798,159.50175,,,,,,16.33139,12.50007,11.37527,
MLI,2001,732.39769,162.68109,,,,,,16.27833,20.38154,11.37056,
MLI,2002,693.71323,165.93178,,,,,,19.16316,25.64258,12.765,
MLI,2003,579.89743,149.43323,,,,,,23.10884,21.59355,14.85092,
MLI,2004,527.33803,150.87961,,,,,,21.17331,-3.59773,15.07369,
MLI,2005,527.25836,163.39656,8.67917,7.6075,-2.69706,,,20.6608,11.75452,12.3105,
MLI,2006,522.42562,167.42996,4.73667,7.82167,-0.84425,,,20.71911,9.83481,13.40808,
MLI,2007,478.63372,173.34242,4.75167,7.81333,-1.49015,,,18.90814,-1.25017,13.31952,
MLI,2008,446.00004,180.70758,4.98417,8.12417,-1.19833,,,14.92928,-13.0496,13.12969,
MLI,2009,470.29342,190.43976,4.9775,8.57917,-0.99786,,,18.97612,42.13014,12.95738,
MLI,2010,494.79426,196.06807,5.11333,8.38667,0.8701,,,20.06511,16.33169,13.38272,
MLI,2011,471.24863,216.09016,5.25592,8.50083,-6.42721,,,19.56796,12.91863,14.40957,
MLI,2012,510.55634,223.83436,5.03917,7.9925,0.17602,,,21.78561,15.48594,14.55167,
MLI,2013,493.89962,216.31713,5.2875,7.65417,5.62292,,,22.89319,8.19728,15.84263,
MLI,2014,493.75733,214.21805,5.33833,7.25833,3.45333,,,22.33358,5.79241,17.28881,
MLI,2015,591.2117,212.64146,5.15417,6.99833,2.27159,,,22.57069,10.39295,18.96739,
MLI,2016,592.60562,204.21391,5.295,6.925,3.63675,,,23.20847,10.74451,,
MLI,2017,580.65675,205.8392,,,,,,22.59914,4.32652,,
MLI,2018,555.44646,206.16638,,,,,,23.89181,12.50691,,
MLI,2019,585.91101,201.95139,,,,,,23.51208,4.36574,,
MLI,2020,575.586,201.44403,,,,,,26.58127,12.26079,,
MLI,2021,554.53068,203.72253,,,,,,33.87202,36.41251,,
MLI,2022,623.7597,202.14815,,,,,,34.02024,10.72051,,
MLI,2023,606.56975,199.46596,,,,,,31.41968,-1.12912,,
MLI,2024,606.3453,200.2301,,,,,,29.63233,1.80255,,
MLT,1960,0.35714,,,,,59300000.0,,,,,
MLT,1961,0.35714,,,,,59300000.0,,,,,
MLT,1962,0.35714,,,,,66700000.0,,,,,
MLT,1963,0.35714,,,,,69100000.0,,,,,
MLT,1964,0.35714,,,,,71500000.0,,,,,
MLT,1965,0.35714,,,,,78900000.0,,,,,
MLT,1966,0.35714,,,,,90200000.0,,,,,
MLT,1967,0.3621,,,,,89500000.0,,,,,
MLT,1968,0.41667,,,,,153323100.0,,,,,
MLT,1969,0.41667,,,,,139294800.0,,,,,
MLT,1970,0.41667,,,,,158551490.0,,,,,
MLT,1971,0.40711,,,,,200146555.85207,12.39257,,,,
MLT,1972,0.38158,,,,,284622299.76105,16.16951,,,,
MLT,1973,0.3688,,,,,350038183.30239,15.11332,,,,
MLT,1974,0.38548,,,,,452512814.32878,13.51339,,,,
MLT,1975,0.38478,,,,,535286332.94711,15.0434,,,,
MLT,1976,0.42514,,,,,655371838.84759,16.43788,,,,
MLT,1977,0.42231,,,,,778933824.52438,15.80861,,,,
MLT,1978,0.38538,,,,,1006500092.27017,17.78624,,,,
MLT,1979,0.35847,,,,,1200108612.91501,15.65798,,,,
MLT,1980,0.34543,,,,,1245944943.77293,12.61503,,,,
MLT,1981,0.3867,,,,,1255104544.59639,14.04098,,,,
MLT,1982,0.41214,,,,,1294711788.23185,15.79105,,,,
MLT,1983,0.43245,,,,,1292365497.84076,17.43329,,,,
MLT,1984,0.46103,,,,,1133890944.77227,15.65938,,,,
MLT,1985,0.46915,,,,,1139325497.3638,14.96906,,,,
MLT,1986,0.39299,,,,,1327522982.98778,14.33916,,,,
MLT,1987,0.34549,,,,,1640190804.28719,13.96604,,,,
MLT,1988,0.33086,,,,,1555887182.1332,11.06053,,,,
MLT,1989,0.34849,,,,,1445774332.32581,9.45885,,,,
MLT,1990,0.31779,0.56926,,,,1492208124.72436,7.58018,,,,
MLT,1991,0.32324,0.56909,,,,1374657834.05284,6.50486,,,,
MLT,1992,0.31892,0.57619,,,,1308331551.28082,5.55093,,,,
MLT,1993,0.38229,0.57891,,,,1401662958.65609,6.21242,,,,
MLT,1994,0.37792,0.587,,,,1890025681.18249,7.41637,,,,
MLT,1995,0.35306,0.57944,7.3775,,-1.19576,1620329632.05634,5.23483,,,,
MLT,1996,0.36046,0.57624,7.76667,,6.29982,1636086724.37276,5.42429,,,,
MLT,1997,0.38597,0.57513,7.99167,,7.15165,1490757930.43252,5.24422,,,,
MLT,1998,0.38846,0.58067,8.085,,6.61515,1664437667.07178,5.26267,,,,
MLT,1999,0.3989,0.58336,7.69917,,7.11339,1789768524.62699,4.62583,,,,
MLT,2000,0.43815,0.57986,7.27583,,19.06036,1471281813.84209,3.52957,,,,50.14678
MLT,2001,0.45004,0.58899,6.89833,,2.42157,1667548381.29433,4.83989,,,,33.33123
MLT,2002,0.43362,0.58184,6.03833,,3.31823,2210545703.41871,6.1517,,,,30.83458
MLT,2003,0.37723,0.57394,5.85,,3.73787,2730176875.47353,6.47374,,,,34.15047
MLT,2004,0.34466,0.56632,5.32417,,2.74209,2733736057.53772,4.1851,,,,46.52284
MLT,2005,0.34578,0.57273,5.50833,,3.47606,2578480779.69299,3.05126,,,97.74558,63.70015
MLT,2006,0.34089,0.57174,5.65417,,3.30679,2980333080.26694,2.49111,,,106.89103,66.721
MLT,2007,0.31167,0.568,6.23833,,3.91017,3798767062.06583,2.10278,,,108.64049,71.23301
MLT,2008,0.67992,0.57155,5.88833,,2.43344,373422724.3265,0.15768,,,114.42162,39.1473
MLT,2009,0.71696,0.56918,4.47083,,2.17563,538508889.96192,0.26814,,,121.56713,46.71344
MLT,2010,0.75431,0.57264,4.6,,1.78501,540154074.40955,0.28422,,,115.0054,46.09761
MLT,2011,0.71841,0.57415,4.74583,,3.21553,515097920.74216,0.21022,,,116.9445,35.0269
MLT,2012,0.77834,0.57973,4.7025,,2.4881,704900045.96048,0.30035,,,108.60578,37.7906
MLT,2013,0.75295,0.57748,4.705,,2.39582,596933291.28618,0.24472,,,99.87461,39.35608
MLT,2014,0.75273,0.58636,,,,619373096.55437,0.25054,,,94.49106,30.63375
MLT,2015,0.9013,0.5997,,,,571697422.67945,0.25138,,,83.41391,38.8449
MLT,2016,0.90342,0.58302,,,,677039187.75248,0.29438,,,79.32057,36.86371
MLT,2017,0.88521,0.58643,,,,832991850.76218,0.26498,,,70.88476,36.51618
MLT,2018,0.84677,0.58672,,,,1024613729.12179,0.27459,,,69.08939,31.27955
MLT,2019,0.89328,0.56354,,,,937615561.12223,0.215,,,69.52932,32.53769
MLT,2020,0.87551,0.55755,,,,930464309.38104,0.19856,,,75.128,30.97077
MLT,2021,0.84549,0.56657,,,,1149326794.25072,0.34176,,,68.40969,24.40319
MLT,2022,0.94962,0.55858,,,,1199148720.77094,0.28166,,,68.9602,23.02893
MLT,2023,0.92484,0.56416,,,,1222820471.48281,0.24391,,,64.20268,22.79253
MLT,2024,0.92389,0.58052,,,,1417609467.81291,0.24612,,,61.91958,17.17048
MLT,2025,,0.58329,,,,,,,,,
MMR,1960,4.7619,,,,,121690000.0,,26.40091,,6.1918,
MMR,1961,4.7619,,,,,94990000.0,,26.51064,2.35149,6.98829,
MMR,1962,4.7619,,,,,154184000.0,,28.44021,12.33374,7.17893,
MMR,1963,4.7619,,,,,184796000.0,,33.3913,34.338,4.58863,
MMR,1964,4.7619,,,,,214887632.0,,34.00266,-7.73237,3.1596,
MMR,1965,4.7619,,,,,180797632.0,,27.76758,-8.07642,1.90189,
MMR,1966,4.7619,,,,,184364834.0,,30.40469,7.88852,2.28967,
MMR,1967,4.7619,,,,,155498720.0,,28.73002,3.10858,1.89094,
MMR,1968,4.7619,,,,,169002340.0,,25.42554,0.84926,1.91628,
MMR,1969,4.7619,,,,,129698720.0,,24.17549,0.92632,2.1886,
MMR,1970,4.7619,,,,,98344618.0,,24.40838,4.47643,4.70175,
MMR,1971,4.76484,,,,,75767501.69556,,25.10396,4.62405,4.67184,
MMR,1972,5.45949,,,,,60969731.72586,,29.0104,19.27026,6.35722,
MMR,1973,4.93106,,,,,114339486.71414,,32.11589,20.6016,6.58287,
MMR,1974,4.86252,,,,,219574804.27747,,23.80485,22.21397,2.99654,
MMR,1975,6.3794,,,0.75,,160822338.66966,,23.28108,18.66479,3.36542,
MMR,1976,6.70675,,,0.75,,145252969.49534,6.81323,22.01845,10.48905,4.87111,
MMR,1977,7.0676,,,0.875,,140482275.25155,4.67959,21.27085,4.32191,5.88493,
MMR,1978,6.79826,,,1.5,,150230451.90827,3.26204,22.91824,15.68254,7.43082,
MMR,1979,6.58576,,,1.5,,331879514.41842,4.75946,24.06532,16.67124,5.6859,
MMR,1980,6.53814,,,1.5,,408656873.90107,5.26553,25.76342,16.98224,5.51944,
MMR,1981,7.22034,,,1.5,,328874524.86582,3.81927,27.93377,20.41822,5.92351,
MMR,1982,7.70906,,,1.5,,219116064.03974,2.40262,28.95687,13.1658,5.27654,
MMR,1983,7.9604,,,1.5,,185192900.51548,2.51436,31.45134,15.6031,5.27467,
MMR,1984,8.30327,,,1.5,,139557416.50988,2.31511,34.39745,17.65156,4.4704,
MMR,1985,8.47485,,,1.5,,116064368.36555,2.09195,32.34385,-1.7737,4.93311,
MMR,1986,7.33038,,,1.5,,131294080.0,1.99788,40.29274,31.33801,5.09758,
MMR,1987,6.65345,,,1.5,,148847786.10677,3.06866,26.08518,-24.65523,4.36403,
MMR,1988,6.39454,,,1.5,,180489369.5792,4.47745,30.53788,29.92746,3.67378,
MMR,1989,6.7049,,,1.5,,364109432.18651,10.76953,24.69318,32.21664,2.61659,
MMR,1990,6.33856,8.65097,,5.875,,409508688.05395,6.23069,27.8897,37.65593,4.74393,
MMR,1991,6.2837,10.35527,,9.0,,347210276.02855,6.63375,31.05367,36.89116,6.76062,
MMR,1992,6.10453,12.32618,,9.0,,363826150.05156,5.26017,31.21194,34.18766,7.76987,
MMR,1993,6.15697,16.40549,,9.0,,401045513.07426,3.30965,27.42902,26.9672,6.46564,
MMR,1994,5.97491,19.60915,20.30769,9.0,-1.45188,518318937.80436,3.72499,27.84539,33.20101,5.99305,
MMR,1995,5.66704,22.97108,20.30769,9.75,0.59101,650646171.55657,3.67557,30.24525,38.93477,7.58156,
MMR,1996,5.91757,27.75491,20.30769,12.5,-2.21867,314633168.95455,1.6976,32.11225,39.04871,9.56426,
MMR,1997,6.24183,36.50496,20.30769,12.5,-10.08006,316969699.33341,1.47989,29.09582,28.07761,10.3189,
MMR,1998,6.34316,49.03189,20.30769,12.5,-11.42464,381515598.64881,1.61929,27.04665,33.66595,9.6992,
MMR,1999,6.28579,59.29388,19.84615,11.0,-2.27848,332626824.83773,1.59543,25.74962,29.53866,8.09772,
MMR,2000,6.51673,59.40786,18.76923,9.75,15.91565,286495285.09085,1.30882,31.47067,42.44032,9.51741,
MMR,2001,6.74891,72.53418,18.46154,9.5,-5.1127,464440901.13005,1.92749,32.51985,43.6411,11.00217,
MMR,2002,6.64208,101.07169,18.46154,9.5,-16.28688,549300678.50431,2.60998,27.81405,35.58648,10.34485,
MMR,2003,6.13893,119.42997,18.46154,9.5,-1.68885,646775820.68003,2.82064,20.42455,0.73328,4.09568,
MMR,2004,5.80583,120.4907,18.46154,9.5,14.34387,773487465.91211,3.11209,22.93069,32.09074,4.74016,
MMR,2005,5.81817,139.21592,18.46154,9.5,-0.5891,889437362.73619,3.11309,21.57107,27.30855,4.65706,
MMR,2006,5.84294,163.81773,19.79487,11.375,-1.24124,1382707355.35429,4.1907,20.02187,27.31114,3.87714,
MMR,2007,5.61688,197.20777,20.92308,12.0,-2.20054,3283726256.68998,8.32178,18.78567,29.92101,3.42374,
MMR,2008,5.44145,219.82935,20.92308,12.0,6.42889,3920716171.43089,8.55444,17.22931,14.8922,3.1211,
MMR,2009,5.57637,229.14065,20.92308,12.0,15.29814,5505842339.24314,11.40223,19.41287,30.63739,3.47218,
MMR,2010,5.63488,242.33445,20.92308,12.0,12.9666,6045321166.89603,11.13321,23.57207,42.49973,4.76695,
MMR,2011,5.44411,261.78394,20.10256,11.33333,8.93204,7361702603.01112,8.32324,26.44356,30.60134,6.74676,
MMR,2012,640.65342,267.48716,16.0,8.0,12.47929,7352900705.37492,7.63636,31.66735,32.55902,9.31027,
MMR,2013,933.57046,278.54066,16.0,8.0,11.13445,8835555373.11893,7.61391,36.77456,31.42515,12.83853,
MMR,2014,984.34575,293.97698,16.0,8.0,11.63483,4509489138.8808,3.06578,39.57431,20.95689,15.57524,
MMR,2015,1162.61533,318.93567,16.0,8.0,11.39205,4598610942.14029,2.85279,46.41309,30.67292,18.13055,
MMR,2016,1234.86952,347.01227,16.0,8.0,11.95217,4886384703.75254,3.25714,49.69604,17.44887,22.00637,
MMR,2017,1360.35871,366.63931,16.0,8.0,9.56481,5213962530.80223,2.88976,53.31037,20.54242,24.50055,
MMR,2018,1429.80798,343.60144,16.0,8.0,10.11847,5646407387.45813,3.11086,54.5607,14.57031,26.20931,
MMR,2019,1518.25512,350.68533,16.0,8.0,10.03298,5824261144.05248,3.28869,56.10761,15.54443,26.6379,
MMR,2020,1381.61917,354.55997,14.83333,5.83333,9.00783,7670070785.09329,,69.20464,18.17738,28.9829,
MMR,2021,,410.4726,,,,9103432838.71698,,,,,
MMR,2022,,406.77222,,,,8181951380.6341,,,,,
MMR,2023,,435.00043,,,,9337819633.15963,,,,,
MMR,2024,,475.86855,,,,,,,,,
MNE,1997,,0.21029,,,,,,,,,
MNE,1998,,0.20416,,,,,,,,,
MNE,1999,0.93828,0.22579,,,,,,,,,
MNE,2000,1.08271,0.29342,,,,,,,,,
MNE,2001,1.11653,0.31488,,,,,,,,,
MNE,2002,1.05756,0.31417,,5.245,,,,11.27058,,8.05468,
MNE,2003,0.88405,0.33601,,4.8575,,,,12.04745,18.66179,11.29383,
MNE,2004,0.80392,0.34718,,4.86521,,,,13.34566,22.48737,14.62803,
MNE,2005,0.8038,0.35541,12.41333,4.84375,7.74312,,,22.5153,83.38032,17.95247,
MNE,2006,0.79643,0.33737,11.15417,5.05906,1.1071,,,41.34211,119.1566,36.01293,
MNE,2007,0.72967,0.35038,9.2025,4.96333,-5.67904,688838319.20995,2.52615,66.27357,98.8446,80.06282,
MNE,2008,0.67992,0.36405,9.23833,3.82232,1.21847,435670237.195,1.18034,51.63639,-10.11177,86.61431,76.37956
MNE,2009,0.71696,0.37166,9.35917,3.81167,6.87787,572613016.57537,2.3408,48.85896,-8.98578,76.5143,
MNE,2010,0.75431,0.37009,9.53,3.69952,7.56824,556155216.85142,2.37609,48.19739,3.23294,66.56868,77.90185
MNE,2011,0.71841,0.3638,9.68667,3.13214,9.3123,392694640.34694,1.50227,47.3127,1.85931,55.75172,77.85692
MNE,2012,0.77834,0.36977,9.5625,3.26258,9.15402,458665566.35886,1.89699,52.16282,7.91119,55.27234,93.01077
MNE,2013,0.75295,0.36401,9.39,2.91171,7.64803,584205748.26154,2.38654,51.07935,2.87695,54.25928,
MNE,2014,0.75273,0.36179,9.4125,2.13937,8.18411,662568377.65156,2.65662,53.88062,9.21059,52.15196,
MNE,2015,0.9013,0.35964,8.93333,1.45808,6.49855,681847411.61703,3.09278,57.09116,11.11558,50.91664,
MNE,2016,0.90342,0.34914,7.97167,1.06527,2.56015,793654021.99248,3.16265,57.23034,9.16268,49.49492,
MNE,2017,0.88521,0.35095,7.19667,0.87917,2.42637,1015962460.25023,3.63375,59.84518,12.95937,49.45121,
MNE,2018,0.84677,0.34835,6.52917,0.60822,3.12207,1202486372.13988,3.64391,57.05321,3.14568,50.23267,
MNE,2019,0.89322,0.32969,6.175,0.46045,4.10897,1529177036.35033,4.72827,52.69416,-1.66872,49.54346,
MNE,2020,0.87748,0.32072,5.90667,0.40455,6.39667,2134820419.92713,8.09819,59.94029,-3.74833,60.559,
MNE,2021,0.84538,0.33248,5.76083,0.37136,0.65508,1981678244.50269,6.04594,58.34087,15.61107,52.60947,
MNE,2022,0.95092,0.33984,5.63833,0.28834,-5.73712,2040827973.50695,5.01539,59.40734,22.94849,47.15539,
MNE,2023,0.92471,0.3558,6.345,0.26777,-4.77813,1573580964.08645,3.40457,55.93667,11.96911,42.38351,
MNE,2024,0.92437,0.35993,6.59667,0.24923,1.68801,1741494536.63686,3.47268,56.84643,9.90288,45.27366,
MNG,1990,,1.75348,,,,,,,,,
MNG,1991,8.01167,3.27894,,,,,,43.86955,,14.83912,
MNG,1992,35.83333,8.77419,,500.0,,22824548.35313,0.57754,23.25415,31.64759,13.07861,
MNG,1993,295.01053,35.90382,,280.2,,66017364.3594,1.8638,18.7824,227.62234,6.44957,
MNG,1994,412.72142,57.76356,,115.70833,,94180773.03845,2.52744,20.14005,79.95766,10.66987,
MNG,1995,448.61263,90.67783,,74.61667,,157522372.51016,3.43998,15.6641,32.6017,7.95742,
MNG,1996,548.40333,98.67146,,44.75,,160999006.27491,3.22428,16.20529,17.19815,8.84511,
MNG,1997,789.9925,118.02047,,36.37083,,200365024.52031,3.93374,18.22926,42.20177,5.16268,
MNG,1998,840.82833,114.45425,48.0625,33.30667,50.97911,103157873.51609,1.81616,17.68974,-1.65577,9.12281,
MNG,1999,1021.8675,125.13805,44.00833,23.4175,29.87559,136907231.88188,2.49351,20.37579,31.63972,7.43951,
MNG,2000,1076.66667,137.04979,36.95269,16.8,22.27953,202077115.56191,3.06752,21.14427,17.55582,6.93284,
MNG,2001,1097.6975,148.03618,37.35,14.3,24.35655,206545596.96037,2.93096,23.78544,27.91344,9.14314,
MNG,2002,1110.31,155.05606,35.51667,13.21667,27.40158,267337072.58212,3.32317,30.32992,42.05661,14.41041,
MNG,2003,1146.5425,167.61916,31.90667,14.01667,19.65781,203558127.16839,2.20197,38.45296,49.55015,22.30563,
MNG,2004,1185.2975,190.47522,31.47333,14.15,12.66747,207833968.24141,1.74005,35.87362,20.43131,25.55293,
MNG,2005,1205.24667,221.80322,30.57083,13.0,8.71984,333150649.73473,2.45431,37.4879,34.6063,27.55067,
MNG,2006,1179.69917,262.47625,26.93455,13.00667,4.056,719617928.6269,4.57784,38.15191,34.76983,30.11903,
MNG,2007,1170.40083,285.26979,21.82833,13.45917,9.13724,1001846766.06474,4.59132,48.44504,56.27129,41.57649,
MNG,2008,1165.80417,339.90757,20.58333,11.39167,-0.71258,656677378.5465,1.99198,34.58762,-5.57353,39.90201,
MNG,2009,1437.795,343.99498,21.66696,13.28212,19.48434,1327038037.27796,5.58709,43.6897,26.99172,40.29973,
MNG,2010,1357.06417,473.01746,20.06878,11.85898,-13.73017,2287769451.70851,6.10658,47.9541,62.48647,34.19127,
MNG,2011,1265.51583,533.52698,16.60944,10.47421,1.29446,2447811909.14304,3.1313,48.66629,37.0296,43.49347,
MNG,2012,1357.58,578.8983,18.11381,11.27378,4.72533,4125992250.74685,4.88525,45.61173,18.72814,43.72176,
MNG,2013,1523.9275,633.38628,18.48202,12.04569,15.1341,2247857983.84785,2.86625,49.29818,24.18162,59.87486,
MNG,2014,1817.93871,688.17361,19.02543,12.31496,10.77405,1651791011.42218,2.41167,47.84408,12.50222,59.29432,
MNG,2015,1970.30917,723.2399,19.56272,12.97874,18.83808,1322495172.72512,2.51242,43.89208,-5.5042,54.46042,
MNG,2016,2140.29086,737.07136,19.74154,13.27167,16.26168,1304052963.0909,2.37644,50.80588,20.99249,56.94316,
MNG,2017,2439.7772,801.66882,20.00692,12.95586,8.30906,3016698322.0815,4.40821,56.62548,30.45326,52.81772,
MNG,2018,2472.48405,824.52576,17.71427,12.43616,9.03446,3549666961.87949,4.20695,59.77018,22.782,55.40684,
MNG,2019,2663.5414,851.14935,16.99662,10.95765,6.38744,4363699115.81581,4.6702,55.05832,6.978,48.90102,
MNG,2020,2813.28984,822.06482,16.93063,10.25702,12.75125,4545276809.36506,6.10447,65.36344,17.50585,45.78516,
MNG,2021,2849.28861,870.18475,16.00676,6.59972,1.38673,4380126028.64883,4.46213,63.97237,13.81791,47.48638,
MNG,2022,3140.67788,956.16582,,,,3398458522.32196,2.89822,55.08627,6.46485,40.97749,
MNG,2023,3465.73654,1123.8725,,,,4915514836.40429,3.6339,53.4118,26.83069,38.61348,
MNG,2024,3389.98152,1195.34284,,,,5507944030.50837,3.33485,53.65072,15.0229,44.90588,
MNP,1960,1.0,,,,,,,,,,
MNP,1961,1.0,,,,,,,,,,
MNP,1962,1.0,,,,,,,,,,
MNP,1963,1.0,,,,,,,,,,
MNP,1964,1.0,,,,,,,,,,
MNP,1965,1.0,,,,,,,,,,
MNP,1966,1.0,,,,,,,,,,
MNP,1967,1.0,,,,,,,,,,
MNP,1968,1.0,,,,,,,,,,
MNP,1969,1.0,,,,,,,,,,
MNP,1970,1.0,,,,,,,,,,
MNP,1971,1.0,,,,,,,,,,
MNP,1972,1.0,,,,,,,,,,
MNP,1973,1.0,,,,,,,,,,
MNP,1974,1.0,,,,,,,,,,
MNP,1975,1.0,,,,,,,,,,
MNP,1976,1.0,,,,,,,,,,
MNP,1977,1.0,,,,,,,,,,
MNP,1978,1.0,,,,,,,,,,
MNP,1979,1.0,,,,,,,,,,
MNP,1980,1.0,,,,,,,,,,
MNP,1981,1.0,,,,,,,,,,
MNP,1982,1.0,,,,,,,,,,
MNP,1983,1.0,,,,,,,,,,
MNP,1984,1.0,,,,,,,,,,
MNP,1985,1.0,,,,,,,,,,
MNP,1986,1.0,,,,,,,,,,
MNP,1987,1.0,,,,,,,,,,
MNP,1988,1.0,,,,,,,,,,
MNP,1989,1.0,,,,,,,,,,
MNP,1990,1.0,,,,,,,,,,
MNP,1991,1.0,,,,,,,,,,
MNP,1992,1.0,,,,,,,,,,
MNP,1993,1.0,,,,,,,,,,
MNP,1994,1.0,,,,,,,,,,
MNP,1995,1.0,,,,,,,,,,
MNP,1996,1.0,,,,,,,,,,
MNP,1997,1.0,,,,,,,,,,
MNP,1998,1.0,,,,,,,,,,
MNP,1999,1.0,,,,,,,,,,
MNP,2000,1.0,,,,,,,,,,
MNP,2001,1.0,,,,,,,,,,
MNP,2002,1.0,,,,,,,,,,
MNP,2003,1.0,,,,,,,,,,
MNP,2004,1.0,,,,,,,,,,
MNP,2005,1.0,,,,,,,,,,
MNP,2006,1.0,,,,,,,,,,
MNP,2007,1.0,,,,,,,,,,
MNP,2008,1.0,,,,,,,,,,
MNP,2009,1.0,,,,,,,,,,
MNP,2010,1.0,,,,,,,,,,
MNP,2011,1.0,,,,,,,,,,
MNP,2012,1.0,,,,,,,,,,
MNP,2013,1.0,,,,,,,,,,
MNP,2014,1.0,,,,,,,,,,
MNP,2015,1.0,,,,,,,,,,
MNP,2016,1.0,,,,,,,,,,
MNP,2017,1.0,,,,,,,,,,
MNP,2018,1.0,,,,,,,,,,
MNP,2019,1.0,,,,,,,,,,
MNP,2020,1.0,,,,,,,,,,
MNP,2021,1.0,,,,,,,,,,
MNP,2022,1.0,,,,,,,,,,
MNP,2023,1.0,,,,,,,,,,
MNP,2024,1.0,,,,,,,,,,
MOZ,1960,0.02875,,,,,,,,,,
MOZ,1961,0.02875,,,,,,,,,,
MOZ,1962,0.02875,,,,,,,,,,
MOZ,1963,0.02875,,,,,,,,,,
MOZ,1964,0.02875,,,,,,,,,,
MOZ,1965,0.02875,,,,,,,,,,
MOZ,1966,0.02875,,,,,,,,,,
MOZ,1967,0.02875,,,,,,,,,,
MOZ,1968,0.02875,,,,,,,,,,
MOZ,1969,0.02875,,,,,,,,,,
MOZ,1970,0.02875,,,,,,,,,,
MOZ,1971,0.02831,,,,,,,,,,
MOZ,1972,0.02705,,,,,,,,,,
MOZ,1973,0.02452,,,,,,,,,,
MOZ,1974,0.02541,,,,,,,,,,
MOZ,1975,0.02555,,,,,,,,,,
MOZ,1976,0.03023,,,,,,,,,,
MOZ,1977,0.03041,,,,,,,,,,
MOZ,1978,0.03,,,,,,,,,,
MOZ,1979,0.03,,,,,,,,,,
MOZ,1980,0.0324,,,,,,,,,,
MOZ,1981,0.03535,,,,,,,,,,
MOZ,1982,0.03777,,,,,,,,,,
MOZ,1983,0.04018,,,,,,,,,,
MOZ,1984,0.04244,,,,,55294036.60245,,,,,
MOZ,1985,0.04318,,,,,45886268.12738,,,,,
MOZ,1986,0.04043,,,,,56746936.21958,,,,,
MOZ,1987,0.29073,,,,,118022757.85183,,,,,
MOZ,1988,0.52464,,,,,173596742.63997,,,,,
MOZ,1989,0.74492,,,,,203495525.24997,,,,,
MOZ,1990,0.92909,0.8441,,,,231744264.26661,,,37.22545,,
MOZ,1991,1.43447,1.31503,,,,240557217.23955,,16.12212,44.29372,10.6878,
MOZ,1992,2.51655,1.77187,,,,233365000.20625,,21.61699,70.77958,12.15663,
MOZ,1993,3.87424,2.47435,,,,187240821.66336,,22.7725,67.07389,8.70363,
MOZ,1994,6.03859,3.63977,,33.38167,,177505720.92385,,21.42149,50.42956,8.62351,
MOZ,1995,9.02433,5.39957,,38.83833,,195318936.1525,,20.45523,47.69824,8.59305,
MOZ,1996,11.29375,7.89107,,18.14167,,344062454.70441,,14.79257,19.13145,7.59001,
MOZ,1997,11.54358,8.57531,29.96667,25.4325,17.56896,537469866.51039,,14.82775,23.89984,9.18874,
MOZ,1998,11.87458,9.00224,24.3525,8.22333,17.13857,628447253.96286,,14.91148,17.82789,9.92399,
MOZ,1999,12.77511,9.67,19.63,7.86,9.81497,671348917.02675,,16.13302,31.78964,10.74365,
MOZ,2000,15.22725,10.55416,19.03917,9.695,6.65106,742321151.03355,,19.84046,38.31705,12.16692,
MOZ,2001,20.70364,11.84751,22.72917,15.01128,6.92364,726979118.82502,,17.59868,14.89744,9.05674,
MOZ,2002,23.67796,12.81323,26.70833,17.98813,15.36572,824689975.17883,,20.04056,37.16404,9.09667,
MOZ,2003,23.78227,13.02254,24.69,12.14917,20.31052,947825068.83943,,20.79328,15.29426,8.08309,
MOZ,2004,22.58134,13.41632,22.075,9.90495,15.38905,1159312550.08723,,19.2377,5.91036,6.79493,
MOZ,2005,23.06096,13.9621,19.46717,7.80158,11.30718,1102663442.62952,3.95024,21.40892,26.98408,8.78413,
MOZ,2006,25.40078,14.55501,18.56133,10.36901,10.32929,1216256985.54241,3.48102,22.35692,23.34153,9.89325,
MOZ,2007,25.84034,15.22488,19.51733,11.85054,11.24486,1524073650.14614,4.10724,24.01798,24.2473,10.04214,
MOZ,2008,24.30064,15.70677,18.31,10.98477,12.51245,1660542080.42931,3.68525,25.71043,20.30454,14.01242,
MOZ,2009,27.5183,15.84017,15.67567,9.523,13.99833,2181058182.59662,5.34313,31.72766,32.64385,19.55113,
MOZ,2010,33.9601,16.84646,16.26267,9.68444,8.00541,2265088387.79537,5.20689,34.42449,24.59658,21.64919,
MOZ,2011,29.0676,16.89354,19.09961,12.98277,16.36689,2591541583.2071,3.88668,33.83989,7.78786,20.91973,
MOZ,2012,28.37298,18.08286,16.81354,11.43247,13.21859,2961916696.09886,2.81878,39.28538,29.3538,22.43145,
MOZ,2013,30.10411,18.55587,15.3206,8.7951,12.39689,3353349471.52203,3.19958,41.80244,16.34935,26.26115,
MOZ,2014,31.35269,18.7483,14.79792,8.57802,13.56475,3221260726.78887,3.23781,46.91957,22.19935,30.18878,
MOZ,2015,39.98247,18.52347,14.8665,8.53188,7.29176,2581229792.39729,2.81635,51.4546,26.08796,32.05313,
MOZ,2016,63.05623,20.18601,21.176,10.75137,8.03766,2046671563.87338,2.99979,48.24605,10.10656,31.20789,
MOZ,2017,63.58432,23.34385,27.85612,17.09042,18.4094,3361224769.14469,4.69284,45.74762,5.0875,24.45821,
MOZ,2018,60.32621,23.55127,22.98333,13.55296,18.48663,3105757331.8387,3.11688,46.09262,8.22236,22.1292,
MOZ,2019,62.54833,23.37877,18.95833,9.0558,13.64254,3889883054.9102,4.52133,48.79612,13.38589,21.27916,
MOZ,2020,69.465,22.7561,17.075,6.78532,13.47593,4075392951.36618,5.30757,59.02527,23.27763,23.86962,
MOZ,2021,65.465,22.90715,18.16667,7.01524,13.02346,3780829521.5612,4.08988,56.18141,1.87915,23.02058,
MOZ,2022,63.85083,23.33954,20.13333,7.78759,10.06098,2938739967.66209,2.00955,53.62701,8.73608,20.72084,
MOZ,2023,63.88583,23.67565,23.7,9.33909,17.70828,3637000551.83482,3.26841,50.09297,3.54571,18.51754,
MOZ,2024,63.905,24.61114,21.725,8.24256,14.33346,3842807100.82527,3.44006,53.53141,16.21724,17.61233,
MRT,1960,4.93699,,,,,,,,,,
MRT,1961,4.93699,,,,,,,,,,
MRT,1962,4.93699,,,,,7900000.0,,6.88033,,3.23055,
MRT,1963,4.93699,,,,,10100000.0,,6.58771,-1.97133,2.32437,
MRT,1964,4.93699,,,,,10450000.0,,4.62857,-6.21572,2.28271,
MRT,1965,4.93699,,,,,9850000.0,,3.65695,-10.13645,2.44325,
MRT,1966,4.93699,,,,,7770000.0,,4.7269,34.92408,2.18106,
MRT,1967,4.93699,,,,,8800000.0,,5.36814,20.41801,3.74121,
MRT,1968,4.93699,,,,,7420000.0,,5.71565,17.31642,5.24926,
MRT,1969,5.19416,,,,,3570000.0,,6.17708,7.7387,6.62926,
MRT,1970,5.55419,,,,,3180000.0,,7.28602,32.25943,9.03697,
MRT,1971,5.54263,,,,,7504576.30064,,6.75991,0.4153,8.62933,
MRT,1972,5.04053,,,,,13459437.60182,,8.03013,26.3183,9.37405,
MRT,1973,4.45777,,,,,42243163.04197,,9.20618,27.45246,12.99836,
MRT,1974,4.53333,,,,,103811969.24728,,11.3171,55.37002,11.43945,
MRT,1975,4.31042,,,,,47725239.40206,1.8313,13.12331,26.51192,19.00485,
MRT,1976,4.50222,,,,,81982579.49993,2.3658,14.22525,24.75621,18.80279,
MRT,1977,4.55871,,,,,50940400.43428,1.48948,14.3817,5.53608,22.15649,
MRT,1978,4.61625,,,,,81397329.10302,2.62167,14.37686,1.93754,23.8409,
MRT,1979,4.58925,,,,,117973811.81867,3.43662,14.79932,21.06702,20.34377,
MRT,1980,4.59141,,12.0,5.5,5.11749,146443450.0,3.56544,15.36272,14.33234,20.9521,
MRT,1981,4.82958,,12.0,5.5,4.4142,166215879.21212,3.40944,17.90552,29.3329,21.09596,
MRT,1982,5.17692,,12.0,5.5,1.73868,144182621.07455,2.66913,16.91328,1.55232,22.22631,
MRT,1983,5.48117,,12.0,5.5,4.42326,110167519.18362,2.10908,15.98591,5.16156,21.71597,
MRT,1984,6.38033,,12.0,5.5,0.98041,81044026.28709,1.84378,16.65111,11.79991,21.8658,
MRT,1985,7.7085,,12.0,7.16667,1.59198,62846483.83128,1.19372,17.91519,22.16644,21.39244,
MRT,1986,7.4375,,12.0,6.58333,4.41892,52714501.59077,0.86544,16.97956,7.4669,19.78596,
MRT,1987,7.38783,,12.0,6.0,1.39222,77375508.75101,1.39532,17.87841,18.52003,19.34648,
MRT,1988,7.52608,,12.0,6.0,6.2788,60285159.7896,1.10349,17.01712,2.03201,19.58665,
MRT,1989,8.3051,,10.0,5.0,1.87437,87029774.76542,1.73772,17.10051,13.68919,19.3557,
MRT,1990,8.0609,3.7267,10.0,5.0,7.16811,58538414.62634,1.23244,19.11619,12.70878,24.47739,
MRT,1991,8.19458,3.99089,10.0,5.0,-22.21372,71680834.47911,1.4706,14.34876,8.04372,18.55997,
MRT,1992,8.70267,4.12602,15.83333,7.51667,9.54341,65014875.30938,1.16406,,,,
MRT,1993,12.08058,4.51063,17.58333,8.625,5.06684,49051951.40734,0.86192,,,,
MRT,1994,12.3575,4.90622,18.16667,9.0,6.36772,44081264.0472,0.91046,,,,
MRT,1995,12.97683,4.94203,20.33333,9.0,17.00806,89903817.10141,1.92981,,,,
MRT,1996,13.72217,4.94331,22.0,9.0,19.77569,145464313.77762,2.80057,,,,
MRT,1997,15.18533,5.44639,22.0,9.0,8.85367,204088936.48649,4.39925,,,,
MRT,1998,18.84758,6.37964,25.5,9.0,5.95044,52065473.56626,1.23662,,,,
MRT,1999,20.95142,6.59097,28.0,9.0,22.16711,38617875.0,,,,,
MRT,2000,23.89233,6.85434,25.58333,9.41667,18.08318,49402252.9554,,,,,
MRT,2001,25.56292,7.09398,22.5,8.0,15.75538,39833320.37157,,,,,
MRT,2002,27.17392,7.45448,21.0,8.0,13.38634,74083411.02172,,,,,
MRT,2003,26.303,7.63805,21.0,8.0,15.80557,31821258.30011,,,,,
MRT,2004,,8.25158,21.0,8.0,9.07038,38764016.72916,,,,,
MRT,2005,26.55283,9.16764,23.08333,8.0,7.41638,70367752.97935,,19.72399,,18.40148,
MRT,2006,26.86,10.14656,24.0,8.0,8.68511,194495586.06378,,16.89953,15.67464,14.61742,
MRT,2007,25.85867,10.7577,23.5,8.0,13.41139,207413837.521,,18.82402,18.90759,16.29918,
MRT,2008,23.82033,11.68539,20.33333,8.0,8.68618,198598074.42706,,19.40287,13.74307,19.20839,
MRT,2009,26.23658,11.57207,19.5,8.0,19.93046,237857971.08311,,22.47746,15.54326,19.97772,
MRT,2010,27.58942,13.98765,17.0,8.0,-4.36736,287851716.19626,,19.88306,11.05772,18.2754,
MRT,2011,28.11183,15.88449,17.0,8.0,-0.46599,502324710.55557,,19.74855,21.62434,16.59345,
MRT,2012,29.662,15.31157,17.0,4.0181,16.46909,968635710.79316,2.61303,21.94318,16.60875,16.76638,
MRT,2013,30.06817,14.39916,17.0,3.34044,11.97461,997902480.46093,2.74652,24.68437,22.41975,18.34584,
MRT,2014,30.2725,13.4166,17.0,4.46917,32.76795,635387343.48094,1.99484,27.25286,1.45236,19.5203,
MRT,2015,32.46717,12.69224,17.0,4.6566,22.8913,822269358.3461,3.46683,27.08678,-0.2867,21.11558,
MRT,2016,35.23708,11.7823,17.0,5.33397,5.20624,848467104.48738,3.79729,25.65967,6.67923,20.29891,
MRT,2017,35.79442,10.79907,17.0,5.6692,15.17569,873822720.85433,3.49369,27.72894,16.65953,21.06657,
MRT,2018,35.6775,11.32205,,,,934291833.83082,3.29502,28.075,10.91109,22.04112,
MRT,2019,36.69083,11.55683,,,,1028702420.51919,3.19339,28.41432,9.9494,22.72354,
MRT,2020,37.18917,11.63317,,,,1493184646.02741,4.63616,,,,
MRT,2021,36.06333,12.03512,,,,2038562789.40175,5.41378,,,,
MRT,2022,36.935,11.16539,,,,,,,,,
MRT,2023,36.48917,11.18776,,,,,,,,,
MRT,2024,,11.34489,,,,,,,,,
MUS,1960,4.7619,,,,,17120000.0,,28.33436,,20.01673,
MUS,1961,4.7619,,,,,18340000.0,,26.62268,11.15684,18.38728,
MUS,1962,4.7619,,,,,18550000.0,,24.40502,-5.471,17.83117,
MUS,1963,4.7619,,,,,19370000.0,,24.95122,31.24456,11.53249,
MUS,1964,4.7619,,,,,19090000.0,,29.59377,2.2878,17.9673,
MUS,1965,4.7619,,,,,19950000.0,,25.61733,-9.04376,18.34114,
MUS,1966,4.7619,,,,,19280000.0,,28.73111,10.94084,18.14499,
MUS,1967,4.82804,,,,,13280000.0,,28.14469,4.07967,18.73707,
MUS,1968,5.55555,,,,,16340000.0,,29.74783,5.37037,19.04767,
MUS,1969,5.55555,,,,,33050000.0,,35.06514,26.42062,18.46688,
MUS,1970,5.55555,,,,,46190000.0,,39.26459,13.27618,18.33526,
MUS,1971,5.48576,,,,,51697737.37373,,41.02007,15.72919,23.79425,
MUS,1972,5.33853,,,,,70118316.06386,,41.89981,25.98091,22.11379,
MUS,1973,5.44227,,,,,66825994.34439,,41.87288,29.25084,25.71548,
MUS,1974,5.70308,,,,,131073692.64338,,42.77762,77.39064,16.62367,
MUS,1975,6.0268,,,,,165977215.01422,,49.50085,22.90889,19.67269,
MUS,1976,6.68152,,,,,89513781.77261,2.80573,44.93076,6.63613,25.38945,
MUS,1977,6.60731,,,,,67871962.2331,1.64117,44.19909,13.80486,25.72856,
MUS,1978,6.16327,,,,,53255929.1984,1.11014,46.76725,21.67617,25.10462,
MUS,1979,6.30811,,,,,48428425.96301,0.85732,41.56471,8.50275,22.95662,
MUS,1980,7.68429,,11.75,9.25,-11.70864,112825200.0,1.88543,44.68637,22.38449,21.90014,
MUS,1981,8.93654,,12.1875,9.25,1.1939,50005948.32793,0.88447,39.56138,3.92261,22.33229,
MUS,1982,10.87255,,13.375,11.14583,4.14252,55135753.7479,1.12646,42.48049,23.32405,21.23393,
MUS,1983,11.7062,,15.08333,12.0625,6.1295,32229095.59766,0.69513,42.95298,10.06359,22.24689,
MUS,1984,13.80033,,13.25,10.29167,5.38445,35170100.95698,0.71587,43.57624,14.14532,23.63924,
MUS,1985,15.44248,,13.83333,9.45833,5.20687,42240120.91388,0.78827,49.37314,31.11893,27.58265,
MUS,1986,13.46636,,14.33333,9.5,5.84209,150724974.41709,2.13692,53.62118,28.74581,27.54452,
MUS,1987,12.87822,,14.125,9.375,1.0716,361672163.26292,3.5348,56.42426,29.38182,29.02665,
MUS,1988,13.43773,,14.95833,10.0,3.67211,463213985.30419,3.57322,61.22289,28.48799,31.21724,
MUS,1989,15.24977,,16.125,11.0625,4.57231,542375455.22301,3.9957,60.91542,15.42339,32.60986,
MUS,1990,14.86347,7.53554,18.0,12.5625,6.70657,761194246.13606,4.57979,62.20331,21.037,32.62038,
MUS,1991,15.65231,7.91329,17.75,12.3125,8.46109,914948850.98605,5.59089,66.78504,21.73082,33.78055,
MUS,1992,15.56321,8.15132,17.125,10.065,11.17133,840552500.52859,4.81063,68.91421,15.79446,37.22072,
MUS,1993,17.64803,8.69675,16.58333,8.39583,6.74153,781068454.15787,4.33083,70.2355,16.97136,41.46393,21.17708
MUS,1994,17.96037,9.07313,18.91667,11.0425,11.60076,771186075.47499,3.89377,71.04793,12.24625,44.77936,36.65034
MUS,1995,17.38632,9.36697,20.8125,12.22917,14.61938,887180814.048,4.21654,76.64476,18.58181,46.391,32.65774
MUS,1996,17.94807,9.84266,20.8125,10.77083,12.90672,918954281.68402,3.82324,72.95664,7.54454,42.82712,33.13719
MUS,1997,21.05726,10.17128,18.91667,9.08333,13.12386,711321496.65672,3.09601,76.4372,16.39975,48.44606,35.9163
MUS,1998,23.99265,10.75865,19.91667,9.28167,12.10981,576760518.60915,2.53916,74.92331,11.21122,55.65938,40.28029
MUS,1999,25.18581,11.30571,21.625,10.91667,14.12482,748884129.78447,3.10354,78.88346,15.13449,55.68733,34.56959
MUS,2000,26.24956,11.43227,20.77083,9.61417,16.78843,914366133.67996,3.95864,77.0114,9.23699,55.75106,26.29394
MUS,2001,29.12926,11.87729,21.10417,9.78167,13.99969,852678482.51268,3.766,77.96064,11.14142,56.09741,20.91876
MUS,2002,29.962,12.42292,21.0,9.875,13.91528,1248516028.91042,5.21667,81.35822,12.63851,56.929,24.26356
MUS,2003,27.90148,12.86744,21.0,9.525,14.55817,1603024427.16079,6.04071,90.93412,25.05038,69.70588,32.15489
MUS,2004,27.49852,13.38825,21.0,8.14583,13.24769,1632941132.54706,5.35157,96.95508,18.85269,69.96579,31.78066
MUS,2005,29.49623,13.49374,21.04167,7.25,16.44433,1371551307.82123,3.84163,97.6642,6.56961,71.93031,35.37533
MUS,2006,31.70807,14.56472,21.08333,9.55,8.82383,1308850537.14132,3.11045,91.69243,9.54466,67.63991,69.4692
MUS,2007,31.31366,15.36059,21.87417,11.77083,12.51136,1831736327.40601,3.77788,92.33071,15.32248,70.6434,95.67061
MUS,2008,28.45284,15.89801,11.54167,10.10833,5.7339,1796126154.22182,3.10228,95.1936,14.62289,80.68817,46.03172
MUS,2009,31.9598,15.71432,9.25,8.44583,9.84953,2315555503.10442,5.03951,94.84436,2.37424,78.90436,71.04582
MUS,2010,30.7844,15.68873,8.875,8.35,7.74321,2618620802.5817,2.76187,96.13588,6.9099,84.1684,76.42175
MUS,2011,28.70595,15.85336,8.91667,7.10833,5.60683,2775245692.87377,3.84402,95.32148,6.43013,88.08715,67.1805
MUS,2012,30.04997,16.40361,8.66667,6.23333,6.03182,3053007539.14535,4.06292,97.20335,8.16198,97.4806,60.68208
MUS,2013,30.70136,16.44905,8.5,6.8125,4.45008,3490767903.76468,3.24067,95.76951,5.7843,103.69949,71.91508
MUS,2014,30.62162,16.64886,8.5,6.78417,6.15126,3920880590.24131,3.19444,98.12843,8.73825,95.58274,66.14283
MUS,2015,35.0567,16.65629,8.5,6.08583,6.90288,4259691508.3633,3.88247,102.72807,10.17265,98.74668,59.51673
MUS,2016,35.54188,16.34486,8.5,5.15417,5.96435,4962069842.12085,4.19748,105.37168,9.08458,92.30627,59.32346
MUS,2017,34.48141,16.54457,8.5,3.05417,6.71171,5984338261.63058,4.07918,108.95203,9.27062,97.67718,70.10839
MUS,2018,33.93445,17.12804,8.5,3.34333,6.53569,6353096296.20215,5.02056,109.32231,6.28441,74.1953,65.83658
MUS,2019,35.47352,16.8357,8.45,3.74583,9.0204,7362471785.78251,5.31674,115.87149,8.48462,76.96905,58.82985
MUS,2020,39.34693,16.62539,7.225,1.72083,4.59913,7291065336.38291,6.82688,154.60484,16.88106,90.56031,53.25567
MUS,2021,41.69213,16.62908,6.87083,0.705,3.79039,8562656039.81864,6.90143,158.05397,8.84811,85.41189,76.86924
MUS,2022,44.18277,16.84567,7.50417,1.21667,-0.94052,7792807407.92421,4.40282,141.03398,5.25663,72.36866,66.22639
MUS,2023,45.26723,17.25805,9.5,4.57917,3.17104,7247890260.49611,3.78513,135.73946,7.26566,69.89395,60.40926
MUS,2024,46.41468,17.47966,9.375,4.1375,5.4387,8506134285.10038,5.16133,140.50457,12.66314,69.86586,61.08585
MWI,1960,0.71429,,,,,,,,,,
MWI,1961,0.71429,,,,,,,,,,
MWI,1962,0.71429,,,,,,,,,,
MWI,1963,0.71429,,,,,,,,,,
MWI,1964,0.71429,,,,,,,,,,
MWI,1965,0.71429,,,,,25227000.0,,,,,
MWI,1966,0.71429,,,,,21410000.0,,,16.45099,,
MWI,1967,0.72421,,,,,22500000.0,,,12.50595,,
MWI,1968,0.83333,,,,,22510000.0,,,7.18299,,
MWI,1969,0.83333,,,,,21010000.0,,,14.70804,,
MWI,1970,0.83333,,,,,29200000.0,,,15.87107,,
MWI,1971,0.83089,,,,,31920015.20582,,,20.12383,,
MWI,1972,0.80156,,,,,36237163.02813,,,11.06894,,
MWI,1973,0.81926,,,,,66642983.90744,,,34.76043,,
MWI,1974,0.8412,,,,,81791077.93013,,,36.64237,,
MWI,1975,0.86383,,,,,61458203.27941,,,9.99482,,
MWI,1976,0.91301,,,,,26217493.81907,,,-5.0286,,
MWI,1977,0.90293,,,,,88549586.86384,,,32.97203,,
MWI,1978,0.84375,,,,,76971900.18688,2.13458,,4.73992,,
MWI,1979,0.81688,,16.5,,,76080407.0291,1.57971,,0.89749,,
MWI,1980,0.8121,,16.66667,,,75955673.87793,1.42896,13.09369,12.59833,12.58101,
MWI,1981,0.8953,,18.5,,1.7991,54157160.33766,1.24378,14.97004,26.04648,11.89304,
MWI,1982,1.05551,,18.5,,8.05807,28526412.13766,0.79621,15.24651,14.48461,12.08307,
MWI,1983,1.17476,,18.33333,,6.38638,20298652.98954,0.54662,14.00027,5.93614,12.17873,
MWI,1984,1.41338,,16.5,,3.30573,60557705.42732,1.73028,15.62689,32.62165,9.19038,
MWI,1985,1.7191,,18.375,,8.66988,49146187.57645,1.34391,13.58235,-0.99333,7.51266,
MWI,1986,1.86107,,19.0,,4.83724,29621598.82481,0.88976,15.24727,27.14952,7.37088,
MWI,1987,2.20874,,19.5,,2.37838,58045446.04891,1.68288,17.57814,36.75466,5.38782,
MWI,1988,2.5613,,22.25,,-6.74474,150839665.9774,3.23686,15.79622,21.54578,5.06636,
MWI,1989,2.75952,,23.0,,0.40039,105459905.51,2.36441,13.49317,6.05508,5.99937,
MWI,1990,2.72888,1.46469,21.0,,9.34306,142103069.7144,2.67421,12.81421,11.07476,6.92153,
MWI,1991,2.80331,1.63637,20.0,,8.40861,157742197.57326,2.18776,13.35533,25.43836,7.31974,
MWI,1992,3.60328,1.81232,22.0,,7.70114,44227441.98567,0.63395,14.73249,15.79411,9.37198,
MWI,1993,4.40278,2.26915,29.5,,1.03401,61890325.78013,1.10656,14.65515,39.85899,5.76533,
MWI,1994,8.7364,2.80318,31.0,,3.82662,47716452.44588,0.84446,17.66938,36.54496,7.84039,
MWI,1995,15.28374,4.86577,47.33333,,-16.86398,114971822.03994,1.94821,13.34395,56.22583,4.03006,
MWI,1996,15.30847,7.27951,45.33333,,-4.60286,225277396.23648,3.30431,11.42316,39.9585,2.7684,
MWI,1997,16.44418,8.64707,28.25,,6.1366,145904846.70842,1.82611,9.29706,2.07446,2.51565,
MWI,1998,31.07268,10.22255,37.66667,,15.15551,259135383.99993,4.37814,12.55741,67.76227,4.3946,
MWI,1999,44.08814,14.08071,53.58333,,9.94523,250151586.79058,3.70476,11.16586,27.98974,3.26221,
MWI,2000,59.54381,17.97298,53.125,,17.30664,246503870.87923,4.35247,12.25565,45.53218,3.85061,
MWI,2001,72.19733,22.08091,56.16667,,24.31428,206054632.9024,3.60339,12.70277,23.72786,3.57862,
MWI,2002,76.68661,35.2595,50.54167,,-29.22136,165874400.37277,2.37061,7.20128,22.62713,1.88752,
MWI,2003,97.43247,38.1542,48.91667,,34.95418,127393412.9366,1.52394,7.87009,27.47505,2.15559,
MWI,2004,108.89751,42.67134,36.83333,,19.14441,133673449.22417,1.3848,8.43104,29.70147,2.52783,
MWI,2005,118.42,45.81816,33.08333,,20.17505,165231252.48527,1.4265,8.57003,16.24634,2.77793,
MWI,2006,136.0125,53.32241,32.25,,10.23841,141932272.74607,1.2164,7.94312,16.41753,3.50617,
MWI,2007,139.9575,54.04429,27.71528,,22.68551,227314279.61794,1.68516,9.50945,36.5917,3.76434,
MWI,2008,140.52167,59.36668,25.27778,,11.89046,253908648.99983,1.41273,12.83305,62.64022,6.2623,
MWI,2009,141.16833,63.66388,25.25,,16.07989,163276594.70946,0.83021,13.68288,24.62626,7.47258,
MWI,2010,150.48583,70.52743,24.625,,11.14607,325348538.60284,1.37724,15.20234,33.14241,9.50299,
MWI,2011,156.51583,78.76929,23.75,,8.56193,217026444.13814,0.79848,17.24141,35.65654,9.57361,
MWI,2012,249.10667,95.02196,32.32986,,12.48736,244599528.36478,1.12923,17.68214,22.93919,10.01467,
MWI,2013,364.40583,116.22478,46.01117,,14.92754,428566508.1553,1.5941,17.83412,35.07102,8.55709,
MWI,2014,424.89667,149.43888,44.28958,,19.27787,616100759.68629,2.22892,16.47624,18.0455,7.83599,
MWI,2015,499.60583,192.14095,44.38722,,20.5088,681580478.27105,2.98954,17.12462,28.01648,9.1724,
MWI,2016,718.005,229.41508,44.11208,,19.8012,610774217.59892,2.92643,16.16613,16.39873,8.00931,
MWI,2017,730.2725,262.30865,38.59292,,25.3362,768401046.22597,3.00931,16.49407,17.33287,7.47835,
MWI,2018,732.33333,286.32028,32.29,,24.62277,766154761.93125,2.75955,16.56307,11.23711,6.81765,
MWI,2019,745.54067,298.67136,25.67431,,16.6583,846839844.26618,2.85785,16.02588,10.19355,7.22074,
MWI,2020,749.52749,298.38644,24.2163,,16.94435,594498493.62321,1.91482,17.47281,16.7275,7.85315,
MWI,2021,805.89965,294.85791,23.88125,,14.54263,,,20.09315,30.04153,8.2396,
MWI,2022,949.03902,322.48422,25.35167,,6.98563,,,23.5857,38.79938,8.64705,
MWI,2023,1161.09437,401.65873,33.54771,,3.49865,,,23.70944,32.23409,7.74778,
MWI,2024,,489.01604,37.06417,,9.92117,,,27.14038,45.12579,7.90723,
MYS,1960,3.06122,,,,,471000000.0,,28.20491,,8.91579,
MYS,1961,3.06122,,,,,472000000.0,,30.34181,6.76942,11.86877,
MYS,1962,3.06122,,,,,531546300.0,,30.60225,6.14209,12.63261,
MYS,1963,3.06122,,,,,555268400.0,,26.73217,9.552,11.95992,
MYS,1964,3.06122,,,,,593424000.0,,26.25382,4.6395,11.18847,
MYS,1965,3.06122,,,,,469857200.0,,30.2895,27.53327,12.36464,
MYS,1966,3.06122,,,5.0,,494285700.0,,28.69583,0.7369,13.19755,
MYS,1967,3.06122,,,5.08333,,457018000.0,,28.94489,2.32491,14.39254,
MYS,1968,3.06122,,,5.5,,529201000.0,,34.38156,24.05153,16.57675,
MYS,1969,3.06122,,9.14,5.5,4.03603,619980000.0,,38.24033,22.38389,18.37226,
MYS,1970,3.06122,,9.2,5.5,9.75915,667456900.0,,40.90456,12.79314,21.28667,
MYS,1971,3.05226,,9.19,5.5,9.70413,827084341.97889,,42.70938,14.35126,22.56272,
MYS,1972,2.81956,,8.87,5.0,8.49694,1014857174.75829,,47.75949,22.74354,24.24051,
MYS,1973,2.44333,,9.86,5.41667,-6.79888,1461558716.90599,,47.92768,32.13034,27.78935,
MYS,1974,2.40707,,11.23,6.375,-1.31244,1856664244.74273,4.25765,59.84994,52.45445,28.2365,
MYS,1975,2.39378,,10.25,5.70833,13.75077,1688955830.38929,4.17449,71.22291,16.26403,34.31578,
MYS,1976,2.54157,,10.03,5.5,-2.39178,2627815148.52637,6.01061,71.31707,25.92751,33.98255,
MYS,1977,2.46128,,9.47,5.20833,2.43754,3070865971.30345,5.78218,71.72542,15.80976,35.82375,
MYS,1978,2.31604,,9.34,5.04167,-0.45555,3670453192.26701,5.34958,73.25556,19.64822,39.19284,
MYS,1979,2.18844,,9.43,5.5,-2.3465,5005509362.02125,5.23147,73.87881,23.57856,41.47747,
MYS,1980,2.17688,,10.13,6.22917,3.04554,5754999182.04392,4.57336,80.64155,25.33975,49.90939,
MYS,1981,2.30412,,11.89,9.6775,10.71639,5024212852.13357,3.69185,89.42739,19.85047,57.76144,61.18383
MYS,1982,2.33539,,12.395,9.75,9.59052,4832354977.84825,3.24551,95.76022,16.3487,62.73293,51.77345
MYS,1983,2.32125,,11.775,8.02083,5.53733,4672616248.25914,2.84549,99.15067,16.51642,69.92689,74.79724
MYS,1984,2.34364,,12.21,9.5,7.07798,4441615350.732,2.57487,102.10459,16.29091,74.89013,56.95934
MYS,1985,2.48304,,12.5525,8.8125,14.38951,5677019191.56415,3.70581,115.13618,9.81456,88.17465,77.41735
MYS,1986,2.58144,,12.23833,7.08333,22.95688,6942091429.28088,5.09675,140.76166,12.98365,101.46604,53.58466
MYS,1987,2.51964,,10.3625,3.0,2.50382,8572963845.63549,5.5653,127.0267,2.20556,89.57662,56.7181
MYS,1988,2.61878,,9.3,3.29167,5.48154,7490586591.65534,3.94408,121.07946,8.58401,86.46249,65.36672
MYS,1989,2.70884,,8.89583,4.56167,4.24474,8733335043.236,3.65909,129.48182,21.83142,95.65288,102.18342
MYS,1990,2.70487,0.96963,8.78583,5.72083,4.79542,10658831703.20525,3.60441,64.3771,-43.73826,69.41267,108.73195
MYS,1991,2.75007,0.97153,9.3475,7.11083,5.56337,11716563985.18073,3.21127,66.3088,16.87718,73.76055,115.42036
MYS,1992,2.54738,0.97282,10.16167,7.935,7.56479,18023989163.20624,4.43574,102.22303,71.91211,108.52922,150.43398
MYS,1993,2.57409,0.98818,10.03083,7.02583,5.81213,28182868224.20607,5.83749,113.03431,26.3625,106.45981,320.99096
MYS,1994,2.62426,1.00562,8.76417,4.8925,4.64398,26338865720.8837,4.31341,111.03898,11.50832,109.21718,247.08319
MYS,1995,2.5044,1.02076,8.73,5.93333,4.91789,24698750841.43963,3.16589,115.62985,18.52547,124.41415,240.97287
MYS,1996,2.51594,1.03929,9.94333,7.085,6.04112,27891908787.25742,3.4121,120.12525,18.4847,141.63374,303.56749
MYS,1997,2.81319,1.05725,10.62833,7.77667,6.90551,21470190357.52055,2.57189,125.50687,16.0356,158.38505,93.22535
MYS,1998,3.92437,1.13436,12.13417,8.51333,3.35068,26235700001.07001,4.31565,125.15189,0.22956,158.50538,132.41616
MYS,1999,3.8,1.11904,8.56333,4.12417,8.51401,30930646965.91778,4.43774,132.12104,12.09887,149.15298,176.7665
MYS,2000,3.8,1.19115,7.67333,3.3625,-1.08574,28650936563.52979,3.31032,122.69875,10.04777,134.99985,120.64837
MYS,2001,3.8,1.14649,7.12667,3.37417,8.84851,29845803173.92135,3.7791,138.4607,11.63591,129.10138,128.23424
MYS,2002,3.8,1.16427,6.52833,3.205,3.29631,33761683387.93178,4.03513,133.10447,4.48402,121.82734,124.72359
MYS,2003,3.8,1.17939,6.30083,3.06667,2.90603,44309888490.9861,5.00726,132.31127,8.62718,118.97415,145.92626
MYS,2004,3.8,1.21753,6.04583,3.0,0.03448,66393546884.23264,6.16484,131.71137,12.6871,111.93761,145.59083
MYS,2005,3.78709,1.28514,5.9525,3.00167,-2.67317,70458190074.60767,5.943,124.96412,8.79317,106.52443,125.76604
MYS,2006,3.66818,1.29632,6.48583,3.14917,2.409,82876090883.17416,6.20407,129.33823,13.63101,103.66383,144.80154
MYS,2007,3.43757,1.32373,6.40917,3.16583,1.45674,101994768944.7234,6.7042,125.20238,7.92254,101.58008,168.06561
MYS,2008,3.33583,1.43363,6.08,3.12583,-3.90338,92166457064.92091,5.58926,119.59024,10.53543,96.74825,81.9886
MYS,2009,3.5245,1.33947,5.08417,2.08167,11.78239,96704054214.86604,7.24461,139.16562,7.73993,111.60689,142.99567
MYS,2010,3.22109,1.41955,5.0,2.5025,-2.11328,106528123469.7843,6.34115,129.64465,7.34774,107.12275,160.25916
MYS,2011,3.06,1.46613,4.915,2.91083,-0.47187,133571684231.7283,6.9156,133.8906,14.62794,108.42594,132.78121
MYS,2012,3.0888,1.44634,4.78583,2.98083,3.74842,139730782665.9412,6.96383,136.80387,8.84602,114.12453,148.3854
MYS,2013,3.15091,1.45753,4.6498,2.97,4.46753,134853702251.85852,6.66725,140.09235,7.3974,119.89969,154.78633
MYS,2014,3.27286,1.48294,4.58702,3.04811,2.06852,115958875075.8574,5.67002,137.10233,6.30405,120.57865,135.77356
MYS,2015,3.9055,1.53642,4.56538,3.13449,3.30704,95282342267.74864,5.50777,132.81278,3.04354,123.10363,127.08477
MYS,2016,4.1483,1.55468,4.53107,3.02804,2.82595,94481267074.15332,5.64271,128.58419,2.80113,121.97982,119.42941
MYS,2017,4.30044,1.60562,4.60808,2.92452,0.79893,102446599680.702,5.50761,122.53421,4.64464,117.16757,142.82654
MYS,2018,4.03513,1.58275,4.92844,3.14344,4.27705,101452531755.3702,4.91024,125.07786,7.68802,120.27631,110.93397
MYS,2019,4.14247,1.56344,4.87689,2.98339,4.80162,103629721168.9854,5.26575,122.90705,2.67472,120.70695,110.61939
MYS,2020,4.20348,1.52345,3.94421,1.95498,4.80149,107643865229.3628,6.26881,137.09371,4.59325,133.817,129.36136
MYS,2021,4.1433,1.51477,3.44411,1.56172,-2.11196,116915867599.99748,5.18621,132.54764,5.55903,127.26089,110.83531
MYS,2022,4.40108,1.50299,3.90803,1.94905,-2.24681,114658812345.10968,4.32862,118.93832,3.99701,113.07047,93.47195
MYS,2023,4.56062,1.42396,5.31738,2.65042,7.30136,113462632023.72868,4.77774,123.86393,5.8312,117.09943,94.52561
MYS,2024,4.57643,1.40133,5.28268,2.64712,4.4573,116229205257.7584,4.45058,120.75408,3.27623,116.10741,106.45231
NAM,1962,0.71327,,,,,,,,,,
NAM,1963,0.71529,,,,,,,,,,
NAM,1964,0.71726,,,,,,,,,,
NAM,1965,0.71633,,,,,,,,,,
NAM,1966,0.71698,,,,,,,,,,
NAM,1967,0.71705,,,,,,,,,,
NAM,1968,0.717,,,,,,,,,,
NAM,1969,0.71806,,,,,,,,,,
NAM,1970,0.71641,,,,,,,,,,
NAM,1971,0.71305,,,,,,,,,,
NAM,1972,0.77283,,,,,,,,,,
NAM,1973,0.69411,,,,,,,,,,
NAM,1974,0.67948,,,,,,,,,,
NAM,1975,0.73951,,,,,,,,,,
NAM,1976,0.86957,,,,,,,,,,
NAM,1977,0.86957,,,,,,,,,,
NAM,1978,0.86957,,,,,,,,,,
NAM,1979,0.84202,,,,,,,,,,
NAM,1980,0.77883,,,,,,,,,,
NAM,1981,0.87758,,,,,,,,,,
NAM,1982,1.08582,,,,,,,,,,
NAM,1983,1.1141,,,,,,,,,,
NAM,1984,1.47528,,,,,,,,,,
NAM,1985,2.22867,,,,,,,,,,
NAM,1986,2.28503,,,,,,,,,,
NAM,1987,2.03603,,,,,,,,,,
NAM,1988,2.27347,,,,,,,,,,
NAM,1989,2.62268,,,,,,,,,,
NAM,1990,2.58732,1.42378,,,,,,20.46734,,,
NAM,1991,2.76132,1.45966,23.36333,12.77417,16.39489,,,23.26233,30.29669,,
NAM,1992,2.85201,1.56568,20.2125,11.36167,9.01839,49717500.10313,0.28614,28.84679,46.57018,,
NAM,1993,3.26774,1.6879,18.02083,9.61167,6.93979,133694471.16939,0.81232,31.71231,19.4085,,0.85507
NAM,1994,3.5508,1.91161,17.05333,9.18083,-2.82732,202621731.25665,1.19515,33.88298,30.93079,,5.35387
NAM,1995,3.62709,1.99746,18.50833,10.84333,11.08611,220986649.54632,1.1358,37.4742,22.58896,,4.75328
NAM,1996,4.29935,2.25923,19.16,12.56,3.45889,193866390.03094,0.98543,39.12123,24.07546,,11.87241
NAM,1997,4.60796,2.37891,20.17917,12.70083,12.19831,250531564.96913,1.29072,37.87912,8.08908,,16.58873
NAM,1998,5.52828,2.54701,20.71917,12.94,11.49872,260253246.03113,1.50601,37.44435,10.54974,,11.03816
NAM,1999,6.10948,2.68188,18.48417,10.81583,10.95555,305489557.29346,1.88702,40.53541,19.49535,,17.24134
NAM,2000,6.93983,2.91832,15.27833,7.39,3.59199,259836317.57679,1.67975,39.84327,13.20079,,7.73259
NAM,2001,8.60918,3.17382,14.53167,6.79417,2.99262,234251046.83366,1.48754,37.59631,6.1685,,4.23069
NAM,2002,10.54075,3.43789,13.8375,7.80917,3.48525,323133447.62276,2.3694,37.62626,15.36311,,2.47673
NAM,2003,7.56475,3.41419,14.70083,8.755,13.26116,325217778.01777,1.89825,36.38946,2.09481,,1.39982
NAM,2004,6.45969,3.39261,11.38917,6.35167,9.16199,345060355.2671,1.50978,38.91658,22.51593,,1.39547
NAM,2005,6.37712,3.47362,10.61,6.24,4.74622,312104907.41147,1.23236,37.78258,5.11407,,1.674
NAM,2006,6.76715,3.68668,11.18083,6.29833,1.6217,449578847.2003,1.63764,41.82528,29.67953,,1.97193
NAM,2007,7.05439,3.92276,12.88417,7.54667,3.29202,896022010.40735,2.65869,42.1803,16.13702,,1.96376
NAM,2008,8.25174,4.27047,13.73667,8.38417,2.5011,1292948220.14149,3.00445,41.95846,13.30265,,0.56541
NAM,2009,8.52282,4.53908,11.11833,6.24167,3.90192,2050927526.8344,4.55501,62.42976,59.59442,,0.34782
NAM,2010,7.33025,4.65167,9.72,4.99667,5.77879,1695691125.42722,3.12255,62.73159,10.52192,,0.01029
NAM,2011,7.30002,4.73151,8.73,4.2825,4.73451,1786689867.90836,3.2076,64.21826,11.68601,,0.0092
NAM,2012,8.19377,5.20012,8.65188,4.20875,-2.34444,1745866242.29235,2.63432,57.21467,4.14381,,
NAM,2013,9.75008,5.37466,8.28917,3.9775,4.08438,1511161812.62397,2.51318,58.72593,12.78374,,
NAM,2014,10.84289,5.62613,8.69917,4.24833,0.42895,1177201629.8477,1.74679,55.15299,7.84281,,
NAM,2015,12.88192,5.8762,9.32417,4.71333,5.25645,1688180787.14781,2.75104,55.56618,9.10484,65.62597,
NAM,2016,14.70877,6.33865,9.84443,5.64659,1.73732,1833673822.03675,3.22199,54.56174,6.05281,68.57186,21.7957
NAM,2017,13.3129,6.9216,10.02675,5.8852,0.098,2432221196.06343,4.30598,57.16474,13.97998,65.08509,22.60718
NAM,2018,13.23394,7.12966,10.14218,5.86714,5.47139,2149813974.088,3.58064,57.62788,6.39041,65.84155,17.99398
NAM,2019,14.44869,7.11471,9.87583,5.70528,8.86738,2049134995.15919,3.82775,63.64766,10.53363,70.95058,20.8023
NAM,2020,16.46327,6.82632,7.86863,4.16073,3.09381,2171055563.07623,5.04045,71.53926,8.07705,72.76767,17.64186
NAM,2021,14.77867,6.71698,6.86006,2.93825,5.24525,2763919782.17434,4.52621,72.6054,6.76114,68.84732,19.25622
NAM,2022,16.35586,6.6723,8.61253,3.72224,2.06339,2803462864.6202,4.05043,,,61.39684,17.17402
NAM,2023,18.44631,6.86554,10.92674,5.39321,4.05995,2956284637.81427,3.72775,,,56.58073,19.18527
NAM,2024,18.32866,6.92132,10.95661,5.37709,7.46387,3355524014.61227,3.9576,,,57.4877,18.54737
NCL,1960,89.765,,,,,,,,,,
NCL,1961,89.765,,,,,,,,,,
NCL,1962,89.765,,,,,,,,,,
NCL,1963,89.765,,,,,,,,,,
NCL,1964,89.765,,,,,,,,,,
NCL,1965,89.765,,,,,,,,,,
NCL,1966,89.765,,,,,,,,,,
NCL,1967,89.765,,,,,,,,,,
NCL,1968,89.765,,,,,,,,,,
NCL,1969,94.44,,,,,,,,,,
NCL,1970,100.985,,,,,,,,,,
NCL,1971,100.68945,,,,,,,,,,
NCL,1972,91.64597,,,,,,,,,,
NCL,1973,81.05022,,,,,,,,,,
NCL,1974,87.52855,,,,,,,,,,
NCL,1975,77.93159,,,,,,,,,,
NCL,1976,86.89067,,,,,,,,,,
NCL,1977,89.33764,,,,,,,,,,
NCL,1978,82.05628,,,,,,,,,,
NCL,1979,77.35295,,,,,,,,,,
NCL,1980,76.82856,,,,,,,,,,
NCL,1981,98.81096,,,,,,,,,,
NCL,1982,119.49261,,,,,,,,,,
NCL,1983,138.5688,,,,,,,,,,
NCL,1984,158.89257,,,,,,,,,,
NCL,1985,163.36756,,,,,,,,,,
NCL,1986,125.92881,,,,,,,,,,
NCL,1987,109.2855,,,,,,,,,,
NCL,1988,108.30792,,,,,,,,,,
NCL,1989,116.00246,,,,,,,,,,
NCL,1990,99.0049,,,,,,,,,,
NCL,1991,102.58384,,,,,,,,,,
NCL,1992,96.2511,,,,,,,,,,
NCL,1993,102.96772,,,,,,,,,,
NCL,1994,100.94617,,,,,,,,,,
NCL,1995,90.75414,,,,,,,,,,
NCL,1996,93.00941,,,,,,,,,,
NCL,1997,106.12156,,,,,,,,,,
NCL,1998,107.26381,,,,,,,,,,
NCL,1999,111.96691,,,,,,,,,,
NCL,2000,129.20104,,,,,,,,,,
NCL,2001,133.23779,,,,,,,,,,
NCL,2002,126.20031,,,,,,,,,,
NCL,2003,105.49494,,,,,,,,,,
NCL,2004,95.93334,,,,,,,,,,
NCL,2005,95.91884,,,,,,,,,,
NCL,2006,95.03967,,,,,,,,,,
NCL,2007,87.07305,,,,,,,,,,
NCL,2008,81.13633,,,,,,,,,,
NCL,2009,85.55578,,,,,,,,,,
NCL,2010,90.01297,,,,,,,,,,
NCL,2011,85.72955,,,,,,,,,,
NCL,2012,92.88041,,,,,,,,,,
NCL,2013,89.85022,,,,,,,,,,
NCL,2014,89.82434,,,,,,,,,,
NCL,2015,107.55323,,,,,,,,,,
NCL,2016,107.80682,,,,,,,,,,
NCL,2017,105.63308,,,,,,,,,,
NCL,2018,101.04682,,,,,,,,,,
NCL,2019,106.58893,,,,,,,,,,
NCL,2020,104.71061,,,,,,,,,,
NCL,2021,100.88022,,,,,,,,,,
NCL,2022,113.47437,,,,,,,,,,
NCL,2023,110.34717,,,,,,,,,,
NCL,2024,110.30634,,,,,,,,,,
NER,1960,245.1951,,,,,,,,,,
NER,1961,245.2601,,,,,,,,,,
NER,1962,245.01385,,,,,,,3.8071,,3.73802,
NER,1963,245.01635,,,,,,,4.09323,18.54839,3.94008,
NER,1964,245.02718,,,,,,,4.01944,-2.38095,4.60065,
NER,1965,245.06093,,,,,,,4.07223,17.07317,5.23573,
NER,1966,245.67844,,,,,,,4.24831,9.07738,5.70306,
NER,1967,246.00094,,,,,,,4.82487,7.77626,5.57608,
NER,1968,247.56469,,,,,,,5.02136,0.89873,6.61199,
NER,1969,259.96057,,,,,,,5.66315,15.59403,6.18558,
NER,1970,276.40314,,,,,,,5.34182,4.14586,5.59288,
NER,1971,275.35646,,,,,,,6.35407,26.45894,5.09896,
NER,1972,252.02763,,,,,,,6.88939,6.27936,5.7035,
NER,1973,222.88918,,,,,,,7.34999,20.214,5.90882,
NER,1974,240.70467,,,,,,,8.22483,31.0307,8.49123,
NER,1975,214.3129,,,,,,,9.92489,9.80064,12.70134,
NER,1976,238.95049,,,,,,,11.49481,31.08132,11.13902,
NER,1977,245.67969,,,,,,,11.86221,28.72191,10.22141,
NER,1978,225.65586,,,,,,,13.53685,44.00988,13.4849,
NER,1979,212.72164,,,,,,,14.37655,19.01256,16.80429,
NER,1980,211.27956,,,,,,,14.70434,20.81512,17.10755,
NER,1981,271.73145,,,,,,,15.9466,20.70496,17.66587,
NER,1982,328.60625,,,,,,,12.51523,-11.79241,17.13348,
NER,1983,381.06604,,,,,,,12.03435,-0.34709,17.22137,
NER,1984,436.95667,,,,,,,15.82208,22.17492,16.97306,
NER,1985,449.26296,,,,,,,16.70352,7.00942,15.63381,
NER,1986,346.3059,,,,,,,18.35776,11.97528,17.37872,
NER,1987,300.53656,,,,,,,17.05309,-5.45869,16.13068,
NER,1988,297.84822,,,,,,,19.40693,15.1766,15.78246,
NER,1989,319.0083,,,,,,,20.05766,5.80297,12.96235,
NER,1990,272.26479,156.147,,,,,,13.99262,-4.05182,8.68355,
NER,1991,282.10691,147.05059,,,,,,13.15653,-8.86054,8.12809,
NER,1992,264.6918,136.29514,,,,,,13.47613,-0.95634,8.07906,
NER,1993,283.16258,127.98839,,,,,,13.98351,0.07145,7.5119,
NER,1994,555.2047,153.15015,,,,,,11.98898,6.72585,6.63902,
NER,1995,499.14843,156.37941,,,,,,11.64561,3.75199,3.6547,
NER,1996,511.55243,164.26953,,,,,,10.15982,-6.58498,3.5215,
NER,1997,583.66937,172.77532,,,,,,7.35979,-21.31115,2.66091,
NER,1998,589.95177,181.23999,,,,,,5.1432,-18.47733,3.16578,
NER,1999,615.47335,179.3897,,,,,,5.92622,15.40795,3.05504,
NER,2000,710.20798,180.9916,,,,,,6.559,12.81544,3.8594,
NER,2001,732.39769,185.87843,,,,,,8.65316,48.61032,3.68071,
NER,2002,693.71323,187.74228,,,,,,6.55624,-18.46165,3.92753,
NER,2003,579.89743,183.76041,,,,,,9.29998,44.65518,4.21833,
NER,2004,527.33803,179.64076,,,,,,10.04999,8.87745,5.096,
NER,2005,527.25836,189.13255,10.79417,7.6075,2.03461,,,9.03432,4.76777,5.24594,
NER,2006,522.42562,186.21964,4.73667,7.82167,3.1927,,,9.38447,11.68311,6.42414,
NER,2007,478.63372,194.06555,4.75167,7.81333,-2.13478,,,12.42759,46.20032,6.99607,
NER,2008,446.00004,209.68269,4.98417,8.12417,-4.67174,,,11.45752,9.38256,8.06835,
NER,2009,470.29342,217.12931,4.9775,8.57917,0.75577,,,13.01687,20.69336,8.99137,
NER,2010,494.79426,221.97699,5.11333,8.38667,1.58327,,,14.2058,22.6132,8.93623,
NER,2011,471.24863,226.12778,5.25592,8.50083,1.23525,,,14.26147,6.84006,9.73835,
NER,2012,510.55634,232.25746,5.03917,7.9925,-0.2556,,,16.13567,31.71639,10.3883,
NER,2013,493.89962,239.66519,5.2875,7.65417,5.67763,,,16.87636,9.74292,10.29229,
NER,2014,493.75733,240.35121,5.33833,7.25833,5.76741,,,19.84835,24.91337,10.69414,
NER,2015,591.2117,244.95087,5.15417,6.99833,2.84084,,,19.44751,4.58524,11.33713,
NER,2016,592.60562,250.64566,5.295,6.925,3.4406,,,19.63433,8.67052,,
NER,2017,580.65675,250.78845,,,,,,17.71302,-4.92103,,
NER,2018,555.44646,251.85303,,,,,,15.79432,-2.10401,,
NER,2019,585.91101,231.89722,,,,,,17.15776,15.05703,,
NER,2020,575.586,222.84328,,,,,,19.16575,17.01452,,
NER,2021,554.53068,212.88814,,,,,,20.11599,9.72874,,
NER,2022,623.7597,206.70698,,,,,,19.34269,11.92272,,
NER,2023,606.56975,206.48733,,,,,,18.21411,-0.92479,,
NER,2024,606.3453,217.48401,,,,,,16.36698,6.917,,
NGA,1960,0.71429,,,,,343000000.0,,9.20838,,3.6967,
NGA,1961,0.71429,,,,,307070650.0,,9.40167,8.69565,3.70426,
NGA,1962,0.71429,,,,,289024970.0,,9.49036,10.93333,5.57217,
NGA,1963,0.71429,,,,,210030680.0,,9.80294,8.68389,6.43953,
NGA,1964,0.71429,,,,,228053520.0,,10.86129,19.10423,6.32819,
NGA,1965,0.71429,,,,,239053520.0,,11.16513,8.75116,6.69908,
NGA,1966,0.71429,,,,,215353490.0,,11.4297,10.94984,7.20348,
NGA,1967,0.71429,,,,,112359200.0,,12.21547,-12.65871,7.8109,
NGA,1968,0.71429,,,,,121194900.0,,14.05384,15.0,7.86541,
NGA,1969,0.71429,,,,,132459200.0,,13.98244,26.91055,6.64936,
NGA,1970,0.71429,,7.0,3.0,-29.26952,223498270.0,,10.92786,47.79656,4.92105,
NGA,1971,0.71286,,7.0,3.0,5.57679,431942650.76896,,10.04202,6.39232,5.39064,
NGA,1972,0.65789,,7.0,3.04167,3.99166,390711738.55759,,10.91285,15.57731,6.14063,
NGA,1973,0.65789,,7.0,3.0,1.56926,622853179.45263,,11.18303,13.77678,6.04819,
NGA,1974,0.63028,,7.0,3.0,-25.66676,5708969927.07708,,13.22281,89.19787,4.69955,
NGA,1975,0.6155,,6.25,3.0,-13.96816,5665692312.30902,,17.58566,55.66314,6.814,
NGA,1976,0.6266,,6.5,2.66667,-6.86748,5256784369.24904,,19.94904,41.45127,7.61934,
NGA,1977,0.6447,,6.0,2.83333,-4.2576,4335987601.42271,3.68505,22.85336,34.47273,9.2449,
NGA,1978,0.63527,,6.75,4.14583,-6.28957,2028808603.51189,1.61307,20.86095,-2.01034,10.99243,
NGA,1979,0.60401,,8.15,4.46042,-2.99471,5899642026.01849,4.43442,22.95116,30.95067,10.38963,
NGA,1980,0.54678,,8.43167,5.26667,-3.54742,10639786873.23904,5.80216,28.62522,46.10816,12.22697,
NGA,1981,0.61771,,8.91667,5.71583,-65.85715,4168449635.50454,1.97058,10.9388,5.89997,5.80208,
NGA,1982,0.67346,,9.5375,7.6,-4.58618,1926433779.02942,1.17136,11.19984,9.54531,6.4506,
NGA,1983,0.72441,,9.97667,7.41167,-8.02239,1251986799.03879,1.01496,11.99003,14.02163,6.20862,
NGA,1984,0.76653,,10.24167,8.25417,4.34249,1674113904.67394,1.68923,12.80806,11.6028,6.26605,
NGA,1985,0.89377,,9.43333,9.11667,2.34323,1891868244.28822,2.13229,12.32653,8.99274,6.03975,
NGA,1986,1.75452,,9.95917,9.235,4.31029,1349903027.04366,3.21216,11.91441,1.95309,7.57499,
NGA,1987,4.01604,,13.96167,13.0875,-4.76964,1497832058.99218,2.28121,11.80946,22.41116,6.60299,
NGA,1988,4.53697,,16.61667,12.95,-2.96268,932989776.53712,1.48014,12.16855,32.9132,6.06602,
NGA,1989,7.36473,,20.44167,14.675,-6.61241,2041078373.82711,3.21752,10.45432,12.928,5.09033,
NGA,1990,8.03829,2.55985,25.3,19.78333,17.46624,4128789618.08766,5.02594,11.63537,32.70103,4.95752,
NGA,1991,9.90949,2.94321,20.04167,14.91667,0.99085,4678023330.16922,4.35412,13.39988,37.38021,5.2411,
NGA,1992,17.29843,4.22299,24.75833,18.04167,-14.98717,1196052750.4125,1.24973,14.24738,63.26025,8.23451,
NGA,1993,22.0654,5.8429,31.65,23.24167,-7.05247,1640443738.8763,1.54722,15.78772,53.75797,7.00772,3.77726
NGA,1994,21.996,8.19764,20.48333,13.09167,-15.92023,1649172399.19862,1.58265,15.09194,34.49514,8.03729,3.70313
NGA,1995,21.89526,14.08351,20.23333,13.53083,-31.45257,1709113521.06349,4.16622,10.28191,19.41171,6.50871,5.51888
NGA,1996,21.88443,17.49411,19.83667,13.05917,-5.26078,4329391828.01769,11.5125,9.06333,16.17816,6.17444,6.84568
NGA,1997,21.88605,18.06694,17.795,7.16917,12.12661,7781250308.62295,17.37618,9.72527,16.039,7.03059,6.25294
NGA,1998,21.886,18.93979,18.18417,10.10833,11.48467,7298545693.37429,19.2096,10.93903,22.31776,7.61945,4.72569
NGA,1999,92.3381,21.18374,20.29,12.81083,6.04725,5649725440.52047,4.55577,12.76339,33.12106,8.16881,4.97012
NGA,2000,101.69733,25.41127,21.27417,11.69083,-1.14089,10099448197.5379,7.87841,14.66963,48.06752,8.24899,
NGA,2001,111.23125,27.35586,23.43833,15.25583,12.1387,10646598366.04769,6.82012,15.90097,26.3768,9.88081,
NGA,2002,120.57816,32.62345,24.77083,16.67,3.02354,7566806239.09119,4.86842,13.527,18.8211,8.08434,2.49746
NGA,2003,129.22235,35.12842,20.71417,14.2175,9.93571,7415087386.00119,3.53225,13.02659,13.51137,8.90948,
NGA,2004,132.88802,41.29915,19.18083,13.69834,-2.60485,17256543969.16349,8.74799,11.75879,20.67703,8.46166,11.68635
NGA,2005,131.27433,47.99566,17.94833,10.5325,-1.59368,28632051717.2055,9.60468,11.30051,22.60363,8.4351,12.66234
NGA,2006,128.65167,57.67105,16.89333,9.75167,-5.62797,42735039033.30806,12.09822,11.72897,36.35072,8.12036,13.76801
NGA,2007,125.80811,60.13629,16.93917,10.28833,9.18717,51906164585.68264,10.21804,19.29109,87.76135,13.79702,30.50899
NGA,2008,118.56667,63.67312,15.13583,11.8675,6.68491,53598093556.53675,7.88145,23.81187,42.22343,18.63301,14.15777
NGA,2009,148.88,63.71699,18.99083,12.95833,18.18,43129830238.10476,7.98411,25.14416,14.86435,19.6256,10.92286
NGA,2010,150.2975,73.24003,17.585,6.52083,1.06774,33305051215.69726,4.37789,21.35585,6.72487,13.49074,13.77322
NGA,2011,153.8625,78.77653,16.02,5.6925,5.68558,33691784435.73761,3.53184,22.47905,21.68562,11.04363,9.41653
NGA,2012,157.5,86.68154,16.79167,8.405,6.22481,44973806131.6587,5.19347,24.92823,27.08447,10.6047,12.11395
NGA,2013,157.31167,89.96099,16.7225,7.945,11.20162,43675023637.58044,5.08562,25.44805,14.30209,11.53321,15.49841
NGA,2014,158.55264,92.31954,16.54833,9.3375,11.35621,35070259874.48712,3.92421,22.68961,-0.79417,13.29701,10.9314
NGA,2015,192.44033,96.18937,16.84917,9.14833,13.59615,29011450144.30997,4.06769,22.36683,4.09016,13.07868,10.13614
NGA,2016,253.492,104.49995,16.86802,7.4952,6.68623,28020197619.33794,6.16907,27.37879,31.92217,14.60804,7.36254
NGA,2017,305.79011,114.82449,17.55333,9.55449,5.79057,40499220796.36516,7.99777,24.78142,1.38783,12.85203,9.905
NGA,2018,306.08369,123.91483,16.9039,9.70071,6.05598,42838869124.79103,6.05211,25.36246,14.98211,10.24658,7.47394
NGA,2019,306.92095,129.64745,15.37659,8.90052,-25.77653,39382191478.77294,4.20823,16.99293,6.44863,7.92322,6.57293
NGA,2020,358.8108,134.6391,13.64202,4.64663,2.14785,38028751517.61499,5.80242,18.21081,11.63255,8.75959,9.22909
NGA,2021,401.15203,146.71768,11.48313,4.20685,-1.02434,41727503547.23157,6.42281,18.26695,14.23741,9.73322,8.9027
NGA,2022,425.97916,147.97378,12.33454,5.96336,3.96856,36809762970.19695,4.82273,19.03022,17.42261,9.56169,9.64227
NGA,2023,645.19407,158.29238,14.01055,7.83856,2.87665,33452495121.73291,5.11997,25.08158,50.92198,,9.53031
NGA,2024,1478.9652,176.33147,,,,40405994024.79862,7.10548,,,,21.56526
NIC,1960,0.0,,,,,11736000.0,,12.64,,,
NIC,1961,0.0,,,,,13526650.0,,12.06489,2.55806,,
NIC,1962,0.0,,,,,17241260.0,,13.79973,26.15688,,
NIC,1963,0.0,,,,,31835560.0,,14.58893,16.72737,,
NIC,1964,0.0,,,,,38926080.0,,15.18357,21.50657,,
NIC,1965,0.0,,,,,57326320.0,,16.95749,23.34923,,
NIC,1966,0.0,,,,,58109750.0,,17.68196,11.65799,,
NIC,1967,0.0,,,,,32089600.0,,16.52102,1.21188,,
NIC,1968,0.0,,,,,48613700.0,,14.00037,-10.26316,,
NIC,1969,0.0,,,,,44212800.0,,13.77058,5.71848,,
NIC,1970,0.0,,,,,49225290.0,,15.24439,14.93759,,
NIC,1971,0.0,,,,,58890779.99131,,16.40512,14.54085,,
NIC,1972,0.0,,,,,80697262.15922,,19.88355,29.1614,,
NIC,1973,0.0,,,,,117941982.10916,,22.65578,41.46003,,
NIC,1974,0.0,,,,,108034729.25596,,18.93897,16.26016,,
NIC,1975,0.0,,,,,124114409.86555,,18.23228,0.66954,,
NIC,1976,0.0,,,,,148342305.34853,,20.86725,32.97862,,
NIC,1977,0.0,,,,,152618166.50379,1.97777,18.21162,5.7869,,
NIC,1978,0.0,,,,,56876133.77844,0.89066,17.68735,-7.11634,,
NIC,1979,0.0,,,,,155832346.64281,3.14495,30.5327,67.09524,,
NIC,1980,0.0,,,,,75131000.0,0.8592,27.62948,29.67033,,
NIC,1981,0.0,,,,,111429837.27922,1.07532,32.37647,37.93722,,
NIC,1982,0.0,,,,,171170734.56032,2.012,34.90409,24.83253,,
NIC,1983,0.0,,,,,,,55.15922,83.50972,,
NIC,1984,0.0,,,,,,,69.89629,73.33123,,
NIC,1985,0.0,,,,,,,65.51362,140.21313,,
NIC,1986,0.0,,,,,,,58.03804,234.49502,,
NIC,1987,0.0,,,,,113265986.61068,1.19206,60.4356,544.23758,,
NIC,1988,5e-05,,99764.53295,130591.96964,628.31967,166098000.0,1.77867,63.49944,12513.14234,,
NIC,1989,0.00313,,456.66018,1928.72834,-88.42984,163920000.0,2.24011,37.61169,2700.19465,,
NIC,1990,0.14092,0.06283,18.0042,11.55368,-97.69348,165533453.14478,2.18094,57.20973,7677.83435,,
NIC,1991,4.27083,1.84238,14.66251,14.13805,-97.52008,169488608.61978,1.69885,20.07839,1519.64324,,
NIC,1992,5.0,2.22762,15.8096,14.60729,-6.3524,288776250.30938,2.43796,19.4189,20.06553,,
NIC,1993,5.62041,2.61977,16.55159,14.11981,-3.18962,58899669.27232,0.56521,20.2735,25.19604,,
NIC,1994,6.72288,2.76454,16.48135,14.2242,-50.15877,145990233.90664,1.22313,13.92687,65.9019,,
NIC,1995,7.54559,3.07041,16.27743,13.55631,2.54404,142003674.45684,1.15053,15.66342,35.07122,,
NIC,1996,8.4355,3.30488,16.95327,15.0137,6.70256,202863225.43397,1.49256,20.49652,52.52649,,
NIC,1997,9.44808,3.56652,17.20015,15.0887,6.76106,382292004.2949,2.42802,27.39476,52.54455,,
NIC,1998,10.58192,4.02166,17.69985,13.09581,3.21969,354722885.3917,2.26902,30.61214,32.14998,,
NIC,1999,11.80925,4.33141,17.57417,11.82833,7.64279,514067507.78729,2.7292,31.10921,18.80973,,
NIC,2000,12.68439,4.59829,18.14325,10.7983,8.82137,492485081.97107,2.53619,30.10618,9.37518,,
NIC,2001,13.37194,4.82268,18.55305,11.55949,10.54773,384021946.51415,2.04693,28.38527,4.10519,13.71784,
NIC,2002,14.25133,4.90315,18.29519,7.78905,14.57341,453205838.91831,2.44097,30.91564,13.30016,15.1304,
NIC,2003,15.10464,5.06455,15.54922,5.55171,9.70098,508236348.46243,2.59481,32.24885,12.64299,17.68,
NIC,2004,15.93725,5.37831,13.49144,4.71597,4.07198,668198634.90663,2.9954,32.91503,17.21629,19.6395,
NIC,2005,16.73333,5.72935,12.10136,4.02969,2.03361,727807750.90758,2.84041,31.53823,9.77962,22.61956,
NIC,2006,17.57,5.99524,11.57579,4.86528,3.43743,921891810.93881,2.73613,30.43572,8.42015,26.46173,
NIC,2007,18.44851,6.40178,13.04146,6.0752,3.07051,1103322447.10909,2.814,31.29082,18.47909,32.96267,
NIC,2008,19.3719,7.2982,13.16935,6.57259,-2.60742,1140842519.60378,2.46291,27.94244,7.32994,31.39029,
NIC,2009,20.33948,7.6913,14.04467,6.00801,7.55248,1573082251.39172,4.04703,31.1562,14.33895,28.46398,
NIC,2010,21.35645,8.06538,13.31997,2.99133,6.76654,1798981293.19797,3.92405,34.20789,21.67338,26.79028,
NIC,2011,22.42427,8.70956,10.53784,1.84692,0.29307,1892248423.80235,3.33049,32.8781,12.62163,26.20215,
NIC,2012,23.54666,9.32214,11.99431,0.99584,5.413,1887214938.20452,2.99174,33.53155,15.39383,28.72568,
NIC,2013,24.72276,9.63304,14.9846,1.01051,10.19217,1992960773.02599,3.08047,36.23536,18.3193,31.87195,
NIC,2014,25.9589,10.03151,13.53794,1.04775,4.74681,2276176780.7117,3.50437,36.82586,15.43075,33.8611,
NIC,2015,27.25684,10.377,12.05235,1.04731,4.14902,2492262791.93881,3.77411,38.85671,18.96197,36.85122,
NIC,2016,28.62096,10.37183,11.4383,1.10227,6.54802,2447771381.81086,3.68793,39.45427,11.04416,38.58003,
NIC,2017,30.05094,10.53589,10.7806,1.25427,6.39311,2757785586.66498,3.96566,42.01554,16.01854,42.71416,
NIC,2018,31.55321,10.81958,10.89579,1.31698,8.02422,2261143360.12993,3.61966,34.45191,-18.65348,39.85706,
NIC,2019,33.12175,10.8463,12.45726,3.0723,6.70036,2397444668.92872,4.22383,35.76121,6.23161,32.21731,
NIC,2020,34.34212,10.61036,11.1754,2.1453,4.60088,3211903361.95717,5.66673,39.79463,15.62779,29.79282,
NIC,2021,35.17102,10.56432,9.61987,1.49427,5.89042,4046556203.71439,5.32652,39.61314,13.82309,28.01308,
NIC,2022,35.87442,10.68817,9.22854,1.16881,0.77798,4404430742.32312,4.58564,39.29498,11.3319,29.69976,
NIC,2023,36.44119,11.42927,9.48156,2.12059,-1.17367,5446998877.80189,5.60886,,,30.009,
NIC,2024,36.6243,11.97515,11.238,2.24799,3.6607,6104867094.02533,5.72175,,,32.33728,
NLD,1960,3.8,,,,,1885730631.7617,,,,,
NLD,1961,3.65,,,,,1962252519.49137,,,,,
NLD,1962,3.62,,,,,1946625625.41193,,,,,
NLD,1963,3.62,,,,,2103079421.93001,,,,,
NLD,1964,3.62,,,,,2351701687.91294,,,,,
NLD,1965,3.62,,,,,2419709453.91998,,,,,
NLD,1966,3.62,,,,,2458087677.91406,,,,,
NLD,1967,3.62,,,,,2629210307.84317,3.29524,,,,
NLD,1968,3.62,,,,,2798136288.68134,3.16341,,,,
NLD,1969,3.62,,,,,2540014731.94335,2.43068,,,,
NLD,1970,3.62,,,,,3362472585.2396,2.63191,,,,
NLD,1971,3.51708,,,,,4102934790.61148,2.69442,,,,
NLD,1972,3.2095,,,,,6242203942.667,3.62778,,,,
NLD,1973,2.79555,,,,,10350910074.7624,4.34588,,,,
NLD,1974,2.68838,,,,,14762567169.2256,4.42213,,,,
NLD,1975,2.52899,,,,,12503850961.6026,3.50373,,,,18.22765
NLD,1976,2.64394,,,,,12498495535.4082,3.17033,,,,18.47627
NLD,1977,2.45425,,,,,14753248519.6945,3.25317,,,,17.70248
NLD,1978,2.16358,,,,,17467545932.1739,3.21979,,,,17.02627
NLD,1979,2.00599,,,,,30104387121.8532,4.32617,,,,16.22685
NLD,1980,1.98812,,,,,37548929888.7949,4.55899,,,,15.02223
NLD,1981,2.4952,,,,,26805899276.2173,3.65661,,,,13.2913
NLD,1982,2.67021,,,,,30209428278.0414,4.32574,,,,16.20078
NLD,1983,2.85412,,,,,26934430695.3204,4.06843,,,,21.95697
NLD,1984,3.20868,,,,,22783967390.7852,3.43726,,,,24.57983
NLD,1985,3.3214,,,,,25150912642.08649,3.66725,,,,41.20753
NLD,1986,2.45002,,,,,28368097880.5633,3.45646,,,,41.61594
NLD,1987,2.0257,,,,,37275387774.6472,3.78684,,,,35.4943
NLD,1988,1.97658,,,,,34102033788.4156,3.12314,,,,41.21261
NLD,1989,2.12074,,,,,34129109684.3116,2.93254,,,,59.70451
NLD,1990,1.82094,0.91749,,,,34401209143.9927,2.44725,,,,37.58652
NLD,1991,1.86967,0.91514,,,,33335401712.0125,2.31286,,,,51.55665
NLD,1992,1.75847,0.91708,,,,36580975408.2822,2.37447,,,,46.97262
NLD,1993,1.85731,0.91016,,5.05,,45035662182.01649,3.16311,,,,51.33277
NLD,1994,1.82,0.90951,,4.7,,47858721614.9784,3.10736,,,,58.99574
NLD,1995,1.60568,0.90923,,4.39583,,47161826300.3048,2.37125,,,,63.28304
NLD,1996,1.6859,0.90513,,3.54167,,39606547278.1015,1.9505,,,,83.1592
NLD,1997,1.95127,0.90861,,3.175,,32720064044.6209,1.64537,,,,112.2452
NLD,1998,1.98373,0.90589,,3.10417,,31155152363.6688,1.46527,,,,137.52051
NLD,1999,0.93828,0.90636,3.45833,2.74167,2.13082,19049512246.5715,0.86758,,,,154.99969
NLD,2000,1.08271,0.89025,4.79167,2.8875,1.47335,17688007846.9298,0.76034,,,,153.34788
NLD,2001,1.11653,0.90491,5.0,3.10417,0.59881,16897428707.9626,0.73833,,,110.22237,116.29613
NLD,2002,1.05756,0.90086,3.95833,2.76667,0.07763,18948439732.8091,0.80316,,,108.80306,84.38326
NLD,2003,0.88405,0.92557,3.0,2.4875,0.69796,21596597093.5686,0.75286,,,108.37229,83.89723
NLD,2004,0.80392,0.90789,2.75,2.30917,1.53418,21603050011.4761,0.5021,,,112.32794,81.46452
NLD,2005,0.8038,0.89714,2.77083,2.34083,0.77588,20447919846.697,0.41818,,,115.89089,86.15122
NLD,2006,0.79643,0.87211,3.54167,2.9822,0.9408,23902294463.5363,0.43129,,,112.95766,105.68723
NLD,2007,0.72967,0.86004,4.60417,3.8892,2.50343,26928024023.4142,0.37512,,,112.71759,112.02791
NLD,2008,0.67992,0.84777,4.60417,4.37083,2.14027,28602644275.0888,0.37137,,,110.21866,40.58046
NLD,2009,0.71696,0.84793,1.98333,2.59752,1.53894,39284466011.1936,0.63455,,,116.2411,63.62053
NLD,2010,0.75431,0.85429,1.75,2.34718,1.03239,46146883950.9493,0.66633,,,112.9952,77.55148
NLD,2011,0.71841,0.83606,2.0,2.60672,1.75309,50411044069.4659,0.62423,,,113.51694,65.11992
NLD,2012,0.77834,0.82441,1.625,2.73704,0.29199,54816126189.2563,0.72192,,,116.01396,76.95633
NLD,2013,0.75295,0.79817,1.5,2.44,0.35105,46309213046.113,0.58608,,,112.96999,92.52094
NLD,2014,0.75273,0.8088,,,,43054391590.6256,0.52823,,,115.20585,87.24617
NLD,2015,0.9013,0.80998,,,,38213751383.3571,0.51172,,,110.13523,93.90803
NLD,2016,0.90342,0.79545,,,,35905772878.2734,0.49487,,,112.68817,101.07387
NLD,2017,0.88521,0.78215,,,,38421990800.0802,0.473,,,109.26177,129.6937
NLD,2018,0.84677,0.77675,,,,38431677254.824,0.42936,,,103.70545,
NLD,2019,0.89328,0.76733,,,,43320049622.8042,0.50135,,,98.63685,
NLD,2020,0.87551,0.74783,,,,53971404675.3332,0.68979,,,100.35201,
NLD,2021,0.84549,0.74154,,,,64469433091.37009,0.68799,,,93.88077,
NLD,2022,0.94962,0.71404,,,,63352655591.2206,0.58147,,,88.8195,
NLD,2023,0.92484,0.73069,,,,69829689143.2849,0.63422,,,85.47574,
NLD,2024,0.92389,0.73142,,,,79129609286.1887,0.73,,,82.33209,
NLD,2025,,0.74032,,,,,,,,,
NOR,1960,7.14286,,,,,308178400.0,,50.85536,,,
NOR,1961,7.14286,,,,,303430200.0,,49.17203,5.47625,,
NOR,1962,7.14286,,,,,303975970.0,,48.76634,6.82579,,
NOR,1963,7.14286,,,,,353954840.0,,48.57384,6.88257,,
NOR,1964,7.14286,,,,,387005120.0,,47.59002,7.74105,,
NOR,1965,7.14286,,,,,476020480.0,,47.51608,10.14122,,
NOR,1966,7.14286,,,,,527729180.0,,47.73529,8.41203,,
NOR,1967,7.14286,,,,,677214400.0,,47.92142,9.83315,,
NOR,1968,7.14286,,,,,707150100.0,,50.32946,12.14959,,
NOR,1969,7.14286,,,,,710409600.0,,51.03953,10.42539,,
NOR,1970,7.14286,,,,,812917900.0,,51.01934,15.02254,,
NOR,1971,7.05591,,,,,1159714542.98572,,51.43882,13.34318,,
NOR,1972,6.58825,,,,,1351223543.76011,,52.08199,12.53188,,
NOR,1973,5.76583,,,,,1643357567.15745,,52.04344,13.52708,,
NOR,1974,5.53971,,,,,2069214569.33791,,49.93849,11.05902,,
NOR,1975,5.22694,,,,,2333772999.6723,1.93888,50.39075,15.3122,,
NOR,1976,5.45652,,,,,2321348340.0551,1.67191,47.80924,8.27636,,
NOR,1977,5.3235,,,,,2373917179.52943,1.47567,49.75653,17.25947,,
NOR,1978,5.24225,,,,,3116741415.9221,1.99399,50.07852,11.08635,,
NOR,1979,5.06407,,,,,4821442649.03879,2.62932,51.65777,13.80358,,
NOR,1980,4.93922,,,,,6745966630.79088,3.03671,48.29254,10.58391,,
NOR,1981,5.73951,,,,,6723509092.90229,3.10125,47.75118,13.39774,,5.24309
NOR,1982,6.45403,,,,,7414476974.9192,3.4227,47.86991,11.04545,,3.824
NOR,1983,7.29637,,,,,7080876679.16001,3.54304,47.69947,10.81581,,7.44046
NOR,1984,8.16146,,,,,9730069918.23684,4.78502,50.45747,19.15108,,93.34204
NOR,1985,8.59723,,,,,14303907455.18453,6.60037,52.24768,14.97965,,15.38233
NOR,1986,7.39474,,,,,12987382961.80935,4.76173,51.88706,2.75488,,12.84521
NOR,1987,6.73745,,,,,14849725175.29827,4.96568,56.68353,19.18678,,12.61597
NOR,1988,6.51698,,,,,13753480639.42081,4.25091,56.84898,4.90623,,15.46195
NOR,1989,6.9045,,,,,14259623106.8941,4.27683,57.86229,8.61082,,24.63635
NOR,1990,6.25974,9.57664,,,,15788119113.96907,4.16359,57.71456,5.54736,,21.8127
NOR,1991,6.48294,9.46826,,,,13650691818.24372,3.68297,56.38316,2.93383,,18.04936
NOR,1992,6.2145,9.19807,,,,12334939897.64462,3.2954,59.44523,8.50079,,13.63548
NOR,1993,7.09413,9.19112,,,,20084954186.12802,5.7453,56.12678,-0.6695,,22.69972
NOR,1994,7.05758,8.98493,,,,19479286659.50076,5.1745,56.19777,5.02407,,28.67849
NOR,1995,6.33516,9.06983,,,,22975738603.76259,5.16724,54.3323,3.78101,,29.32783
NOR,1996,6.44981,8.97326,,,,26953896227.82961,5.61645,53.04521,6.90968,,34.7833
NOR,1997,7.0734,9.05597,,,,23743940555.09375,4.80941,49.7241,1.44212,,41.21889
NOR,1998,7.5451,9.3118,,,,19388853820.25122,3.77097,56.31448,15.47097,,30.09844
NOR,1999,7.79917,9.28374,,,,24150928580.05033,5.01953,52.62396,1.70008,,39.22802
NOR,2000,8.80184,9.08346,,,,27922060281.56607,5.64775,47.98792,8.66335,,38.36182
NOR,2001,8.99165,9.1753,,,,23604634336.17913,4.85481,53.83613,16.46698,96.1594,39.8678
NOR,2002,7.98378,9.05673,,,,32404966342.77473,6.18318,57.92857,7.42563,102.32636,32.7539
NOR,2003,7.08022,9.19815,,,,37712335260.05648,6.13336,56.98818,2.14717,106.58971,41.81604
NOR,2004,6.74083,9.12661,,,,44307531918.0843,5.91365,55.30601,6.84975,105.0191,53.31571
NOR,2005,6.4425,9.0052,,,,46985905052.17391,5.28215,54.73204,10.52438,106.57722,61.6425
NOR,2006,6.41333,8.78205,,,,56841568846.04794,5.426,52.45652,6.77672,97.15467,80.95678
NOR,2007,5.86167,8.92124,,,,60839629829.39577,4.4819,58.40116,18.10306,107.06401,88.14746
NOR,2008,5.64,8.85928,,,,50949819414.80492,3.36473,54.18928,3.08676,119.24771,31.38327
NOR,2009,6.28833,9.07945,,,,48859300062.33529,4.51884,58.76452,0.89865,127.53432,58.56883
NOR,2010,6.04417,9.15383,,,,53215083706.08252,4.25008,58.58823,6.46892,127.63747,68.50408
NOR,2011,5.60461,9.08274,,,,49397087253.24179,3.43016,57.81093,6.42133,124.97818,44.06737
NOR,2012,5.8175,9.03708,,,,51856399587.65484,3.48527,56.90336,4.49556,122.68382,47.34314
NOR,2013,5.875,9.02935,4.35,2.19,1.75203,58283142155.47524,3.79443,58.63562,6.74903,124.21009,50.45053
NOR,2014,6.30167,9.27846,4.21167,2.07167,3.94315,64800723856.60307,4.31661,60.81418,6.11307,128.24498,43.72209
NOR,2015,8.06417,9.93252,3.5,1.31333,6.48638,57455936481.56078,4.60792,58.15606,-5.32643,137.83606,49.9526
NOR,2016,8.4,10.0419,3.07,0.76167,4.74391,60445172369.65988,4.89291,64.98566,11.23852,144.97161,62.34078
NOR,2017,8.27167,9.74983,3.00583,0.72333,-1.03296,65923863904.43062,4.99674,64.64241,6.08195,145.26489,71.48614
NOR,2018,8.1325,9.584,2.92583,0.73083,-3.57597,63145471060.24075,4.37705,63.17402,5.18292,142.49164,60.79789
NOR,2019,8.8,9.48115,3.23583,0.92833,3.80514,66946037549.85168,4.68841,65.31251,3.9735,149.38813,72.30674
NOR,2020,9.41583,9.58832,2.6975,0.5975,5.34942,75258813465.02812,6.4628,76.11824,12.15877,163.53599,
NOR,2021,8.59,8.9847,2.27417,0.30167,-14.92288,84270941751.08463,5.59363,67.33697,10.50192,137.56505,
NOR,2022,9.61417,8.3715,3.24333,0.88333,-19.60293,72077375478.92915,4.1485,53.60462,5.5467,110.27617,
NOR,2023,10.56333,8.91822,5.30833,2.39417,18.42617,80459096008.3425,4.641,60.49937,0.43308,127.43205,
NOR,2024,10.74583,9.14214,6.14917,3.25917,6.39315,81241559661.5009,4.33829,61.44114,3.44876,128.8379,
NOR,2025,,9.01542,,,,,,,,,
NPL,1960,7.5,,,,,19273663.6,,5.41183,,1.0457,
NPL,1961,7.619,,,,,24149979.65,,6.32371,22.28053,1.22625,
NPL,1962,7.619,,,,,24045769.17,,6.09739,4.05774,1.25286,
NPL,1963,7.619,,,,,36256169.6,,7.25953,25.64679,1.23484,
NPL,1964,7.619,,,,,49119654.4,,8.33366,24.91793,1.4991,
NPL,1965,7.619,,,,,59519654.4,,9.37879,25.51362,1.89397,
NPL,1966,7.61725,,,,,44983566.82,,8.04603,5.8051,1.78897,
NPL,1967,8.03417,,,,,46384505.6,,9.37802,8.2209,1.9205,
NPL,1968,10.125,,,,,65316279.5,,10.00976,19.3484,2.21525,
NPL,1969,10.125,,,,,83753427.2,,11.55166,28.46797,2.41453,
NPL,1970,10.125,,,,,94202508.28,,10.50753,-0.11925,2.86953,
NPL,1971,10.125,,,,,102268064.82631,,12.28127,19.14686,3.83979,
NPL,1972,10.125,,,,,107173201.63139,,12.37246,16.87164,3.51529,
NPL,1973,10.50017,,,,,132121706.91169,,16.48912,28.13158,4.79085,
NPL,1974,10.56,,,,,145577564.31754,,15.02889,17.10062,4.88601,
NPL,1975,11.00283,,,,,113974569.07598,,13.03361,12.20323,4.41253,
NPL,1976,12.5,,,,,145042574.24147,8.76743,15.95033,28.45634,3.62596,
NPL,1977,12.5,,,,,161385891.1909,9.10996,19.43692,21.06041,4.78819,
NPL,1978,12.1105,,,,,178077053.55136,7.66392,20.35881,19.6058,5.70393,
NPL,1979,12.0,,,,,235268995.16978,8.59365,20.98672,16.05596,6.41999,
NPL,1980,12.0,,,,,271948973.9753,7.79642,23.46409,17.52177,8.57394,
NPL,1981,12.33633,,,,,262066241.97907,6.84356,23.87813,19.00495,9.19032,
NPL,1982,13.24383,,,,,268378933.90741,6.52221,25.45179,20.95884,8.63173,
NPL,1983,14.54525,,,,,191064674.08226,4.1042,28.06635,20.13693,8.09597,
NPL,1984,16.45942,,,,,128600057.71755,3.04161,27.23026,13.20078,8.48591,
NPL,1985,18.24642,,,,,105467401.73111,2.24542,27.71992,20.3953,9.85232,
NPL,1986,21.22983,,,,,145886828.50503,3.16101,27.65702,19.34395,10.58162,
NPL,1987,21.81917,,,,,251413397.24986,4.6394,29.54262,22.42142,10.45158,
NPL,1988,23.28925,,,,,282826477.67781,4.08844,29.97477,22.18306,11.78621,
NPL,1989,27.18883,,,,,272846716.11181,4.50793,31.2338,20.95096,13.04865,
NPL,1990,29.36917,6.85454,,,,354107095.13209,5.02785,32.01449,18.74321,12.80866,
NPL,1991,37.255,7.46207,,,,450982959.6057,5.65479,32.82001,22.72374,13.35385,
NPL,1992,42.7175,8.64474,,,,518336213.56105,6.2587,32.06109,20.50232,13.41832,
NPL,1993,48.60717,9.35447,,,,699898113.27962,7.4055,34.84227,25.01884,14.5731,
NPL,1994,49.39752,9.6,,,,752158918.90547,6.07251,36.24207,17.98466,18.55012,
NPL,1995,51.89033,9.99531,,,,645536746.14616,4.66944,38.0349,15.42876,22.83144,
NPL,1996,56.69195,10.58349,,,,627771666.0217,4.25723,37.57735,12.20194,23.19776,
NPL,1997,58.00955,11.1614,,,,670587740.14612,4.13729,43.19523,29.54333,23.88507,
NPL,1998,65.97579,11.49075,,,,800272085.38131,6.56961,44.77937,11.18137,28.66308,
NPL,1999,68.23937,12.33735,,,,889429673.44309,6.15145,47.92581,21.68036,28.87595,
NPL,2000,71.0938,12.60364,,,,987342047.00988,6.49127,51.33647,18.84552,30.67062,
NPL,2001,74.94925,12.74672,,,,1079959913.87279,7.36659,51.52595,16.77527,29.41591,
NPL,2002,77.87662,13.04556,,,,1070003807.33951,7.40749,50.83245,2.65917,22.8689,
NPL,2003,76.14145,13.18577,,,,1286240899.83774,7.7131,52.29434,10.21759,26.14257,
NPL,2004,73.6736,13.37546,,,,1529099985.77965,7.73891,54.23225,13.08508,27.09733,
NPL,2005,71.3675,13.76244,,,,1565203519.98396,6.70143,54.19873,9.74359,28.72615,
NPL,2006,72.75561,14.33335,,,,1935487672.74692,7.6655,57.13534,16.98502,33.15139,
NPL,2007,66.41503,15.01632,,,,2014032856.18907,6.45735,60.86019,18.52859,37.28151,
NPL,2008,69.7617,15.56042,,,,2457914115.29929,6.61958,75.4001,38.84126,51.65265,
NPL,2009,77.57343,17.92526,,,,2819466153.51634,6.56536,80.66311,29.61984,59.17845,
NPL,2010,73.26236,20.39256,,,,3002724838.43341,6.01052,73.24216,9.58922,54.58999,
NPL,2011,74.02,25.25461,,,,3702502162.26324,6.74454,66.48946,18.67019,46.42465,
NPL,2012,85.22576,25.89792,,,,4417738496.0606,7.60893,67.71798,14.8565,48.75435,
NPL,2013,93.08439,26.58076,,,,5434181403.11911,8.56836,74.31555,21.65801,50.46227,
NPL,2014,97.55484,27.80819,,,,6216255070.07087,8.43501,75.36052,16.14033,54.46705,
NPL,2015,102.40513,29.45492,,,,8145463907.87798,12.53376,86.3804,24.43506,56.90827,
NPL,2016,107.38382,31.34877,,,,8734510298.83136,10.28856,94.20586,17.36354,69.8408,
NPL,2017,104.51189,30.47511,,,,9435255966.98232,9.3538,89.40497,11.96787,69.18912,
NPL,2018,108.93013,31.11036,,,,8335473017.41812,6.61464,95.33178,19.7555,76.32461,
NPL,2019,112.60948,31.87538,,,,8713166195.10835,7.45868,97.16988,13.81343,78.94591,
NPL,2020,118.34519,31.69534,,,,11467799301.60842,12.47979,117.74946,22.11391,88.44004,
NPL,2021,118.13408,32.48168,,,,9638842483.90472,6.72298,120.65677,14.69163,103.65135,
NPL,2022,125.19946,32.81875,,,,9319150273.48101,7.11844,113.59305,7.64288,94.46699,
NPL,2023,132.11546,33.50005,,,,12456122668.89476,10.41693,120.66523,14.5599,91.55726,
NPL,2024,133.72664,33.5638,,,,15846781298.74996,12.97184,126.16706,11.22437,92.11111,
NRU,1960,0.89286,,,,,,,,,,
NRU,1961,0.89286,,,,,,,,,,
NRU,1962,0.89286,,,,,,,,,,
NRU,1963,0.89286,,,,,,,,,,
NRU,1964,0.89286,,,,,,,,,,
NRU,1965,0.89286,,,,,,,,,,
NRU,1966,0.89286,,,,,,,,,,
NRU,1967,0.89286,,,,,,,,,,
NRU,1968,0.89286,,,,,,,,,,
NRU,1969,0.89286,,,,,,,,,,
NRU,1970,0.89286,,,,,,,,,,
NRU,1971,0.88267,,,,,,,,,,
NRU,1972,0.8387,,,,,,,,,,
NRU,1973,0.70411,,,,,,,,,,
NRU,1974,0.69667,,,,,,,,,,
NRU,1975,0.76387,,,,,,,,,,
NRU,1976,0.81828,,,,,,,,,,
NRU,1977,0.90182,,,,,,,,,,
NRU,1978,0.87366,,,,,,,,,,
NRU,1979,0.89464,,,,,,,,,,
NRU,1980,0.87824,,,,,,,,,,
NRU,1981,0.87021,,,,,,,,,,
NRU,1982,0.98586,,,,,,,,,,
NRU,1983,1.11001,,,,,,,,,,
NRU,1984,1.13952,,,,,,,,,,
NRU,1985,1.43189,,,,,,,,,,
NRU,1986,1.49597,,,,,,,,,,
NRU,1987,1.42818,,,,,,,,,,
NRU,1988,1.27991,,,,,,,,,,
NRU,1989,1.2646,,,,,,,,,,
NRU,1990,1.28106,0.46286,,,,,,,,,
NRU,1991,1.28376,0.51226,,,,,,,,,
NRU,1992,1.36165,0.59413,,,,,,,,,
NRU,1993,1.47056,0.64486,,,,,,,,,
NRU,1994,1.36775,0.60885,,,,,,,,,
NRU,1995,1.34903,0.60689,,,,,,,,,
NRU,1996,1.27786,0.62014,,,,,,,,,
NRU,1997,1.34738,0.64695,,,,,,,,,
NRU,1998,1.59183,0.66493,,,,,,,,,
NRU,1999,1.54995,0.69976,,,,,,,,,
NRU,2000,1.72483,0.72235,,,,,,,,,
NRU,2001,1.93344,0.74452,,,,,,,,,
NRU,2002,1.84056,0.77627,,,,,,,,,
NRU,2003,1.54191,0.80397,,,,,,,,,
NRU,2004,1.35975,0.82699,,,,,,,,,
NRU,2005,1.30947,0.74591,,,,,,,,,
NRU,2006,1.32797,0.65053,,,,,,,,,
NRU,2007,1.19507,0.60441,,,,,,,,,
NRU,2008,1.19218,0.71567,,,,,,,,,
NRU,2009,1.28219,1.07589,,,,,,,,,
NRU,2010,1.09016,0.95667,,,,,,,,,
NRU,2011,0.96946,0.99875,,,,,,,,,
NRU,2012,0.9658,1.17071,,,,,,,,,
NRU,2013,1.03584,1.03785,,,,,,,,,
NRU,2014,1.10936,1.03373,,,,,,,,,
NRU,2015,1.33109,0.93534,,,,,,,,,
NRU,2016,1.34521,1.16892,,,,,,,,,
NRU,2017,1.30476,1.32686,,,,,,,,,
NRU,2018,1.33841,1.52477,,,,,,,,,
NRU,2019,1.43851,1.43096,,,,,,,,,
NRU,2020,1.45309,1.47769,,,,,,,,,
NRU,2021,1.33122,1.657,,,,,,,,,
NRU,2022,1.44166,1.34352,,,,,,,,,
NRU,2023,1.50519,1.37984,,,,,,,,,
NRU,2024,1.51536,1.46464,,,,,,,,,
NZL,1960,0.71429,,,,,287599928.8,,29.98636,,,
NZL,1961,0.71551,,,,,180797777.6,,28.35118,-2.11069,,
NZL,1962,0.71919,,,,,250806530.88,,26.30886,-0.02396,,
NZL,1963,0.71919,,,,,212806686.72,,24.67266,2.44428,,
NZL,1964,0.71919,,,,,257817310.08,,24.04042,6.76023,,
NZL,1965,0.71919,,,,,173296693.76,,22.1711,-0.31989,,
NZL,1966,0.71919,,,,,179191433.6,,22.33783,4.48081,,
NZL,1967,0.73367,,,,,218554188.8,,20.95817,-2.69395,,
NZL,1968,0.89286,,,,,161709283.2,,20.39227,2.90258,,
NZL,1969,0.89286,,,,,209849305.6,,20.61452,12.42686,,
NZL,1970,0.89286,,,,,257723141.94,,20.12836,9.08726,,
NZL,1971,0.88061,,,,,492952622.91866,,19.81853,16.37186,,
NZL,1972,0.83668,,,,,833644611.58642,,23.49479,36.13753,,
NZL,1973,0.73681,,,,,1047638200.19589,,26.89273,33.78679,,
NZL,1974,0.7154,,,,,642844474.93329,,25.94125,5.99176,,
NZL,1975,0.83231,,,,,430065727.63271,,25.50518,10.74749,,
NZL,1976,1.00489,,,,,493834469.15075,,24.60412,18.28833,,
NZL,1977,1.03031,,,,,449817030.26023,,25.19172,14.6991,,
NZL,1978,0.96442,,,,,465822281.96649,,27.72188,24.72505,,
NZL,1979,0.9785,,,,,473984277.37353,,28.15752,18.56304,,
NZL,1980,1.02668,,,,,365276663.06002,,26.42157,9.20501,,
NZL,1981,1.15279,,,,,682774524.42104,,25.25736,16.39843,,
NZL,1982,1.33261,,,,,646131513.39695,,25.46365,14.05134,,
NZL,1983,1.49677,,,,,786180149.85026,,24.3501,6.61113,,
NZL,1984,1.76399,,,,,1793573439.67011,,25.94273,20.3546,,
NZL,1985,2.02337,,,,,1603038944.8594,,29.78538,32.57311,,35.5994
NZL,1986,1.91316,,,,,3779914173.39165,,30.97931,24.92695,,72.5885
NZL,1987,1.69456,,,,,3270435792.70648,,32.37088,17.6091,,38.76994
NZL,1988,1.5264,,,,,2845129942.88304,,62.90062,108.9361,,29.7691
NZL,1989,1.67215,,,,,3027432006.8623,,65.0412,9.41089,,30.70811
NZL,1990,1.6762,1.54349,,11.65,,4129354287.05595,,69.88864,10.22564,,19.39498
NZL,1991,1.73351,1.49889,,8.925,,2950278020.55426,,71.16961,1.61885,,33.44927
NZL,1992,1.86179,1.49094,,6.58333,,3079489189.99742,,71.73728,3.93963,,36.79247
NZL,1993,1.85051,1.48904,,6.24167,,3337384444.4833,,70.55028,6.17933,,54.77398
NZL,1994,1.68652,1.46293,,6.375,,3708505758.36894,,71.86435,9.11914,,49.0243
NZL,1995,1.52388,1.46654,,8.49132,,4409840589.36152,,74.01004,9.39224,,49.08266
NZL,1996,1.45485,1.47293,,8.48875,,5953469109.84827,,80.40059,14.1265,,54.591
NZL,1997,1.51242,1.45128,,7.26129,,4451316559.89595,,82.68979,6.62539,,46.17354
NZL,1998,1.86825,1.44916,8.9925,6.77722,7.8587,4203708705.11042,,81.3663,0.28736,,44.07823
NZL,1999,1.88961,1.43466,7.05201,4.55828,6.42972,4455337955.03925,,82.24686,7.14095,,48.2478
NZL,2000,2.20115,1.44487,7.81455,6.35969,4.79145,3952081062.22381,2.10917,78.88131,1.50684,,35.37067
NZL,2001,2.37875,1.47345,7.59509,5.34951,3.59489,3564653927.06515,2.02711,80.11108,9.07853,,33.08145
NZL,2002,2.16219,1.46896,7.17585,5.33237,6.85699,4962816762.42559,2.42416,76.45711,0.23559,,32.66151
NZL,2003,1.7221,1.49528,6.99678,5.09793,4.82756,6085430341.53138,2.42847,78.32012,9.49988,,37.44978
NZL,2004,1.50868,1.50504,7.10215,5.77012,4.22652,6947354918.07845,2.17416,75.80689,3.5275,,42.08772
NZL,2005,1.42027,1.535,7.76256,6.68273,5.64897,8892727557.55881,2.41182,78.73163,9.48788,,35.3839
NZL,2006,1.54206,1.48217,8.19216,6.91512,5.33789,14068475834.37011,3.80189,82.98468,11.26728,,40.18022
NZL,2007,1.36068,1.50677,8.61221,7.78399,3.1361,17247175110.15847,3.84801,84.98315,11.14191,,34.61328
NZL,2008,1.42273,1.49071,8.93853,7.55144,6.03115,11052155510.16717,2.27322,92.21465,10.35084,,18.14308
NZL,2009,1.60088,1.47232,6.65676,4.0398,3.91814,15594002509.47377,4.45628,89.31168,-0.6329,,29.18449
NZL,2010,1.38783,1.49674,6.25545,4.58325,3.00091,16722654735.88527,3.93936,92.46445,8.35918,,
NZL,2011,1.26581,1.48592,6.10883,4.27206,3.54839,17011945022.18137,3.35467,,,,
NZL,2012,1.23428,1.49562,5.82384,4.10811,6.01352,17582960687.9069,3.36299,,,,29.94443
NZL,2013,1.21941,1.44598,5.53307,3.82702,1.29551,16317764962.70892,3.03825,92.76668,,,34.53261
NZL,2014,1.20543,1.44073,5.80417,4.01167,5.33267,15861069905.13225,2.7809,94.91761,6.70928,148.82624,36.92749
NZL,2015,1.43397,1.47801,5.7625,3.73083,4.23651,14699798262.98672,2.95844,99.10553,9.85033,152.13807,41.71741
NZL,2016,1.43653,1.44101,5.02083,3.23167,2.5389,17808384489.63789,3.59312,100.38342,7.66161,154.78033,42.33127
NZL,2017,1.40741,1.43096,4.76,3.29667,1.10542,20683740690.79055,3.67196,100.55807,7.30185,153.08251,45.80079
NZL,2018,1.44526,1.47006,,3.26167,,17656593019.61712,2.92389,101.64007,6.42477,153.15236,40.63135
NZL,2019,1.51788,1.43666,,3.00417,,17813501891.01398,3.06127,100.85185,4.71179,155.39058,50.64628
NZL,2020,1.54206,1.42295,,1.67833,,13733288688.8516,2.84276,111.34718,12.17794,159.51856,62.05639
NZL,2021,1.4138,1.46366,,1.015,,16113750239.68044,2.52902,109.05884,7.05943,155.54635,48.40333
NZL,2022,1.57718,1.43316,,2.8175,,14399554617.16283,2.01441,101.33543,1.83255,146.11861,39.09491
NZL,2023,1.62843,1.46107,,5.51917,,15487380827.54179,2.20827,99.37923,3.5634,141.22283,37.84481
NZL,2024,1.65231,1.46391,,5.73083,,22065156553.53733,3.15568,100.04178,4.13483,142.62105,35.6943
NZL,2025,,1.47511,,,,,,,,,
OMN,1960,0.35714,,,,,,,,,,
OMN,1961,0.35714,,,,,,,,,,
OMN,1962,0.35714,,,,,,,,,,
OMN,1963,0.35714,,,,,,,,,,
OMN,1964,0.35714,,,,,,,,,,
OMN,1965,0.35714,,,,,,,,,,
OMN,1966,0.35714,,,,,,,,,,
OMN,1967,0.3621,,,,,,,,,,
OMN,1968,0.41667,,,,,,,,,,
OMN,1969,0.41667,,,,,,,,,,
OMN,1970,0.41667,,,,,12639736.76,,,,,
OMN,1971,0.41545,,,,,25048556.67065,,,,,
OMN,1972,0.38377,,,,,37308466.79847,,31.78906,,4.70384,
OMN,1973,0.35068,,,,,48619126.24156,,27.51181,4.12431,11.13459,
OMN,1974,0.3454,,,,,98531794.43851,1.22494,14.99367,82.89668,11.58065,
OMN,1975,0.3454,,,,,165542392.72587,1.44511,16.29163,38.41551,11.86841,
OMN,1976,0.3454,,,,,225805068.07826,1.93932,18.61269,39.50366,13.59301,
OMN,1977,0.3454,,,,,306300206.27557,2.64545,21.81633,25.49638,17.64913,
OMN,1978,0.3454,,,,,295999060.36578,2.41936,24.36492,11.64666,20.95922,
OMN,1979,0.3454,,,,,511379506.75191,3.67661,19.09407,6.76628,17.26111,
OMN,1980,0.3454,,,,,704464288.94813,3.19006,15.73036,31.99888,13.70635,
OMN,1981,0.3454,,,,,853184856.43835,3.07289,17.97515,38.67202,13.35197,
OMN,1982,0.3454,,,,,999747149.95783,3.19512,21.8774,26.66528,14.45394,
OMN,1983,0.3454,,,,,872445977.70809,2.95869,25.71455,23.41763,17.11442,
OMN,1984,0.3454,,10.348,9.028,15.81237,989190245.18497,3.06562,25.40297,9.85731,18.59191,
OMN,1985,0.3454,,10.236,9.042,10.80332,1184621071.20914,3.21016,27.1119,21.05379,19.537,
OMN,1986,0.38198,,9.9165,8.4,38.49441,1080834344.11327,3.53829,31.21986,-6.77959,24.11084,
OMN,1987,0.3845,,9.30025,7.707,-1.68883,1541983749.50661,6.47145,30.61504,5.27273,22.92375,
OMN,1988,0.3845,,9.35,7.38975,7.92648,1172670763.91075,4.39537,30.20933,5.93893,23.71968,
OMN,1989,0.3845,,9.85225,8.3525,9.85225,1470103635.44411,5.21293,29.57534,9.41146,22.86341,
OMN,1990,0.3845,0.10784,9.85375,8.28925,-22.74949,1783597593.42604,5.39004,22.90099,9.96925,18.09539,
OMN,1991,0.3845,0.09544,9.56875,7.4595,19.75024,2640633703.41389,6.78768,24.8822,5.45184,18.82426,
OMN,1992,0.3845,0.09451,9.362,6.3515,7.98687,2420918738.43051,5.48334,23.36255,3.08886,18.88536,
OMN,1993,0.3845,0.08734,8.89,5.03775,15.09032,1916720395.63857,4.08941,24.04167,3.24653,19.88497,11.32292
OMN,1994,0.3845,0.08513,8.383,3.8025,8.87467,1756912566.38205,3.96498,24.81538,6.73451,21.69152,14.4952
OMN,1995,0.3845,0.08485,9.28175,6.00225,7.39302,1943066112.58692,4.06627,25.00907,7.67734,22.45649,15.12889
OMN,1996,0.3845,0.0895,9.30075,6.44525,1.75768,2068956002.6694,3.97093,24.41888,8.0725,23.38772,17.49009
OMN,1997,0.3845,0.08602,9.18025,6.7005,11.67524,2153955339.73834,3.70509,29.32646,24.4985,31.29703,41.55026
OMN,1998,0.3845,0.0757,9.7375,7.79625,23.3029,2021367593.17949,3.05346,34.54701,4.7702,41.54769,27.37242
OMN,1999,0.3845,0.08272,10.53021,8.13692,-0.25959,2851826330.40187,4.98964,33.06925,6.39328,40.60105,23.42519
OMN,2000,0.3845,0.09508,10.14158,7.67525,-6.29839,2459611528.57575,3.94564,28.08866,6.02406,32.82862,18.76659
OMN,2001,0.3845,0.08867,9.59258,6.13075,14.92623,2445296351.99359,3.50467,31.19883,10.80405,35.15359,18.29754
OMN,2002,0.3845,0.09141,8.82467,3.33117,3.94644,3173684750.84952,4.49376,31.70431,5.55499,33.97036,
OMN,2003,0.3845,0.09828,8.39308,2.514,-1.13581,3593748666.69828,4.53172,30.28225,2.4224,32.17721,
OMN,2004,0.3845,0.10767,7.93975,2.25208,-4.05058,3597609064.5638,3.54539,27.46956,4.08088,29.86513,33.24618
OMN,2005,0.3845,0.12709,7.28358,2.82242,-11.87017,4358381770.0032,4.03528,26.70925,21.65406,26.83021,43.00272
OMN,2006,0.3845,0.14124,7.29267,3.78767,-6.3468,5014439182.011,3.71674,27.71962,24.44984,26.86023,37.82265
OMN,2007,0.3845,0.1486,7.36883,4.18242,-0.63844,9523990109.93137,5.10131,32.9071,34.67019,30.97648,55.24231
OMN,2008,0.3845,0.19339,6.82833,3.89575,-19.46586,11582398508.97045,4.56987,28.06724,23.2662,30.64582,29.49507
OMN,2009,0.3845,0.14407,7.32325,4.42842,43.17814,12203595445.78597,5.82498,37.00346,4.735,40.74694,40.51814
OMN,2010,0.3845,0.1628,7.14125,3.76217,-6.32458,13025235620.46152,5.47673,35.15325,11.34209,38.21191,43.56736
OMN,2011,0.3845,0.18485,6.52133,3.01192,-8.07973,14366193706.02408,5.05999,33.07253,12.18115,36.10305,34.66345
OMN,2012,0.3845,0.18954,5.901,2.68817,2.21469,14401122657.96755,4.36417,32.46785,10.72702,36.82017,34.65473
OMN,2013,0.3845,0.19185,5.5155,2.55583,7.91158,15951037291.28843,4.07751,34.23309,8.48531,37.81018,40.88084
OMN,2014,0.3845,0.20131,5.22508,2.202,3.4079,16324457251.64612,4.5217,37.20799,12.02936,40.99644,40.80999
OMN,2015,0.3845,0.20056,4.8785,1.899,29.71419,17543980312.70047,5.31284,50.04743,14.21008,58.17211,52.24591
OMN,2016,0.3845,0.19736,4.91108,2.55733,15.45981,20262241805.12101,7.11427,53.39363,1.83087,66.67023,30.99382
OMN,2017,0.3845,0.2038,5.15266,3.44431,-1.99937,16088803822.77085,4.94496,51.68578,4.18172,65.94876,26.34152
OMN,2018,0.3845,0.20255,5.24638,3.57169,-5.80487,17388370607.29551,4.97766,,,61.07218,20.5259
OMN,2019,0.3845,0.19798,5.41334,3.87677,8.3009,16661756725.18901,5.00469,,,65.13534,19.44051
OMN,2020,0.3845,0.18354,5.4665,4.03488,18.2142,15007356725.39404,4.48086,,,76.58939,21.71075
OMN,2021,0.3845,0.19268,5.49784,4.15152,-5.92398,19730879938.05958,5.2541,,,68.18635,21.64721
OMN,2022,0.3845,0.20953,,,,17606348634.15778,3.70601,,,55.78977,20.27034
OMN,2023,0.3845,0.19276,,,,17454630668.50716,3.83596,,,59.75282,21.93826
OMN,2024,0.3845,0.18686,,,,18286526117.9972,3.68675,,,63.20772,29.91884
PAK,1960,4.7619,,,,,327400600.0,,40.61835,,11.02274,
PAK,1961,4.7619,,,,,261302470.0,,35.50859,-3.96718,12.00989,
PAK,1962,4.7619,,,,,269316859.0,,37.01048,9.07629,15.04896,
PAK,1963,4.7619,,,,,307832196.0,,40.24805,16.83824,17.4211,
PAK,1964,4.7619,,,,,254226648.0,,43.48987,21.45119,21.73566,
PAK,1965,4.7619,,,,,230344688.0,,42.70586,11.86151,22.91128,
PAK,1966,4.7619,,,,,208453006.0,,46.74498,21.12291,25.86065,
PAK,1967,4.7619,,,,,165486080.0,,42.42784,3.2619,26.06791,
PAK,1968,4.7619,,,,,258389140.0,,44.28583,12.45441,25.60868,
PAK,1969,4.7619,,,,,332933120.0,,44.93482,9.55441,25.55225,
PAK,1970,4.7619,,,,,194529622.0,,43.45899,11.68993,25.44847,
PAK,1971,4.7619,,,,,198501968.27294,,46.48442,13.77114,25.11232,
PAK,1972,8.68138,,,,,323798402.12881,,50.72742,17.46852,28.77289,
PAK,1973,9.99425,,,,,590281469.78953,,46.76436,13.80245,26.29008,
PAK,1974,9.9,,,,,688502075.44975,,35.39341,-1.20366,20.28615,
PAK,1975,9.9,,,,,562995171.93379,,33.99584,21.21492,19.34253,
PAK,1976,9.9,,,,,684140446.77116,2.91938,38.32906,32.19702,22.21541,
PAK,1977,9.9,,,,,715701866.63362,2.67006,39.35625,17.94754,23.40666,
PAK,1978,9.9,,,,,795941588.07121,2.33183,40.05433,19.84247,22.27041,
PAK,1979,9.9,,,,,1144047212.5687,2.53567,43.15599,19.097,24.8379,
PAK,1980,9.9,,,,,1567771124.70579,2.80504,41.55864,15.69721,23.44203,
PAK,1981,9.9,,,,,1455323108.8897,2.50186,39.0148,11.52468,24.03953,
PAK,1982,11.84747,,,,,1812777232.67858,2.99785,40.79248,21.83105,24.70285,
PAK,1983,13.11697,,,,,2682849896.94921,4.47878,43.87687,20.90946,26.37627,
PAK,1984,14.04633,,,,,1610425669.5035,2.40926,39.85505,4.64763,24.21806,
PAK,1985,15.92839,,,,,1429436612.12654,2.20334,40.66128,14.74655,27.78218,
PAK,1986,16.64751,,,,,1464868890.78015,2.20906,43.30971,16.07271,29.78608,
PAK,1987,17.3988,,,,,1440835177.34739,2.03885,45.31106,16.40353,27.64355,
PAK,1988,18.00329,,,,,1192694259.38085,1.50097,41.36542,7.70296,26.3686,
PAK,1989,20.54149,,,,,1302246971.95048,1.52875,38.98096,7.40092,24.91286,
PAK,1990,21.70737,6.29803,,,,1046429500.63308,1.10287,39.1371,11.64367,24.15733,
PAK,1991,23.80077,6.91397,,,,1219792227.00139,1.19403,39.04106,18.94431,22.23702,
PAK,1992,25.08279,7.44953,,,,1523790725.72188,1.31697,42.53,29.30056,23.49682,
PAK,1993,28.10718,7.92022,,,,1995445624.14359,1.75705,45.3647,18.13345,24.39505,24.41942
PAK,1994,30.56659,8.76495,,,,3715827396.79534,3.25135,45.4103,17.3706,23.82301,24.72163
PAK,1995,31.64268,9.70155,,,,2527544035.20383,1.85955,43.57085,13.8098,24.20712,15.59997
PAK,1996,36.07868,10.3249,,,,1307463615.27223,0.88043,46.04129,20.06856,24.69398,18.41508
PAK,1997,41.11153,11.50828,,,,1794513746.87746,1.3651,48.20324,19.9118,24.64622,18.90868
PAK,1998,45.04667,12.23687,,,,1625676185.12263,1.36813,47.15023,7.85938,25.11394,8.71272
PAK,1999,49.50069,12.77348,,,,2117468754.80146,1.87885,44.82026,4.31423,25.47432,11.12811
PAK,2000,53.64819,12.95532,,,,2087167574.18215,1.74391,28.6895,12.12516,16.60362,6.65891
PAK,2001,61.92716,13.43185,,,,4218132004.43274,3.57949,29.87656,14.43025,16.20846,5.04747
PAK,2002,59.72378,13.74497,,,,8795802481.46046,7.04604,32.95857,17.61645,16.0041,
PAK,2003,57.752,13.95771,,,,11815604886.33286,8.04969,35.58934,17.85794,18.2216,
PAK,2004,58.25786,14.57782,7.2575,1.63417,0.00574,10718170456.62103,5.23028,36.58791,18.8954,21.2947,34.4857
PAK,2005,59.51447,14.91997,9.07167,2.59583,3.33054,11109358834.06798,4.10847,37.60116,16.37287,21.60168,31.20841
PAK,2006,60.27134,15.3417,10.9875,4.17417,4.70752,12878021928.1544,3.95264,47.80209,42.90887,22.76831,27.74207
PAK,2007,60.73852,16.48021,11.76833,5.30833,1.30245,15798067447.29651,4.44078,48.71594,17.43835,23.04164,37.85981
PAK,2008,70.40803,17.93439,12.93583,6.91833,1.81695,9024013987.18211,2.02132,45.81388,6.5247,24.16859,11.54976
PAK,2009,81.71289,20.03016,14.5375,8.68083,1.9247,13606125133.56034,4.1469,46.33915,17.61006,20.39578,17.02112
PAK,2010,85.19382,21.88511,14.0425,8.145,3.12316,17255570039.57027,4.7185,47.29544,14.56582,19.28544,19.32146
PAK,2011,86.34338,24.96168,14.41917,8.22583,-1.711,17697925812.37757,4.15696,44.55408,12.60262,16.79004,14.12395
PAK,2012,93.3952,26.58983,13.51917,7.97917,3.27593,13688479776.30389,3.10655,46.18635,17.39502,15.19777,
PAK,2013,101.6289,28.42439,11.98583,7.17167,4.28627,7651260101.72058,1.71198,46.69871,13.31565,14.40596,
PAK,2014,101.10009,30.24799,11.73,7.265,4.21625,14306811155.47833,3.06827,46.66555,11.54371,14.03634,
PAK,2015,102.76927,31.25346,10.15583,5.9725,5.47084,20027864211.25969,4.42784,48.09479,12.18098,13.87767,
PAK,2016,104.76912,32.10214,8.755,4.83417,7.76127,22027605269.52372,4.59067,50.80431,13.61605,14.68225,
PAK,2017,105.45516,33.24623,8.21,4.4775,4.01833,18455861310.28601,3.1474,51.40771,9.93132,15.31381,
PAK,2018,121.82407,34.68236,8.53083,5.225,4.51557,11837177725.85208,1.90523,51.22329,9.83439,16.63235,15.58526
PAK,2019,150.03625,37.67062,12.23305,9.13199,2.93179,16586046186.21708,3.0819,51.18358,11.67303,15.68799,15.75581
PAK,2020,161.83848,40.07473,10.75775,7.47453,0.73969,18521734363.95309,3.86891,54.52639,15.63271,15.03312,16.73576
PAK,2021,162.90625,43.44072,8.66597,5.75153,-1.45226,22811522857.52947,3.35726,51.26239,10.41936,15.34014,12.36572
PAK,2022,204.86719,46.20116,,,,9926587077.28489,1.44062,46.12266,7.41152,14.83832,7.65928
PAK,2023,280.35611,56.19847,,,,13730353485.34539,2.50012,42.72675,16.25306,12.0204,9.58036
PAK,2024,278.58072,66.95915,,,,18407745860.66661,2.84764,38.22972,12.51415,11.46608,14.01448
PAN,1960,1.0,,,,,7430000.0,,13.08766,,,
PAN,1961,1.0,,,,,4930000.0,,12.5704,7.11238,,
PAN,1962,1.0,,,,,4730000.0,,13.32575,15.40505,,
PAN,1963,1.0,,,,,7430000.0,,15.31577,27.3878,,
PAN,1964,1.0,,,,,5030000.0,,13.51565,-5.23939,,
PAN,1965,1.0,,,,,5730000.0,,14.62782,18.87512,,
PAN,1966,1.0,,,,,5930000.0,,16.03087,19.40658,,
PAN,1967,1.0,,,,,6730000.0,,17.46946,21.35662,,
PAN,1968,1.0,,,,,11100000.0,,18.55694,14.27781,,
PAN,1969,1.0,,,,,14100000.0,,16.08934,-4.84262,,
PAN,1970,1.0,,,,,15750000.0,,18.97104,30.43257,,
PAN,1971,1.0,,,,,21021736.07038,,19.83047,17.9087,,
PAN,1972,1.0,,,,,43128033.23558,,23.47898,30.01324,,
PAN,1973,1.0,,,,,41714880.28556,,23.22612,13.13311,,
PAN,1974,1.0,,,,,39316004.70495,,24.25619,19.41507,,
PAN,1975,1.0,,,,,34445388.78444,,26.53057,21.72193,,
PAN,1976,1.0,,,,,78941523.86523,,26.68361,6.88748,,
PAN,1977,1.0,,,,,70866206.70214,0.55181,29.22657,15.88474,,
PAN,1978,1.0,,,,,150418499.71341,0.92603,29.42465,19.29277,,
PAN,1979,1.0,,,,,118717752.37899,0.49011,31.73394,23.13816,,
PAN,1980,1.0,,,,,117382779.39403,0.17132,31.87847,25.11909,,
PAN,1981,1.0,,,,,119947433.48377,0.1483,33.49787,18.93399,,
PAN,1982,1.0,,,,,100969746.17957,0.12433,34.13656,12.58717,,
PAN,1983,1.0,,,,,206695890.70774,0.34161,33.95312,2.11718,,
PAN,1984,1.0,,,,,215639208.38279,0.37219,34.90644,7.31368,,
PAN,1985,1.0,,,,,97962478.03163,0.18174,34.70296,5.17513,,
PAN,1986,1.0,,,6.5025,,170173635.21828,0.31749,35.24652,5.54601,,
PAN,1987,1.0,,,6.5925,,77814186.61068,0.16656,33.87688,-3.46411,,
PAN,1988,1.0,,,7.54,,72213456.95792,0.22043,28.6492,-26.88716,,
PAN,1989,1.0,,,8.49333,,119413141.6406,0.30595,27.98358,-2.06375,,
PAN,1990,1.0,0.5101,,8.4,,343513777.0127,0.73773,35.17581,36.65016,,
PAN,1991,1.0,0.49584,,7.7275,,499075403.93941,0.86165,42.28484,32.18076,,
PAN,1992,1.0,0.50933,,5.6725,,504386328.32373,0.76261,46.70657,25.56514,,
PAN,1993,1.0,0.51523,,5.8975,,597409903.0324,0.88858,50.87035,18.9397,,4.96437
PAN,1994,1.0,0.52302,,6.1125,,704267833.46934,0.96207,55.22169,15.75607,,8.13216
PAN,1995,1.0,0.51467,,7.175,,781372879.38067,0.94927,58.53859,8.36683,,8.67993
PAN,1996,1.0,0.51525,10.99034,7.1975,20.24478,866521776.42976,1.13366,65.38735,7.30908,,13.91149
PAN,1997,1.0,0.51431,10.9912,7.03167,9.31056,1147778004.2069,1.31503,68.00108,13.73669,,21.62423
PAN,1998,1.0,0.51405,11.18506,6.7625,10.00435,954498535.44371,1.03401,71.70875,15.52395,,34.64204
PAN,1999,1.0,0.5098,10.39068,6.92167,9.75785,822912159.8797,0.99086,73.50213,8.46469,,29.86097
PAN,2000,1.0,0.49092,10.47917,7.06917,12.18722,722595056.91389,0.84533,78.26088,9.2665,,23.34852
PAN,2001,1.0,0.48697,10.97167,6.82833,9.40721,1091760797.80153,1.34142,82.46185,7.88981,,21.23659
PAN,2002,1.0,0.4887,10.5825,4.965,8.50456,1182833360.77351,1.59794,77.58439,-1.70736,,24.17417
PAN,2003,1.0,0.48459,9.92583,3.97583,8.7124,1010969630.50074,1.31965,75.57777,3.5214,,23.67046
PAN,2004,1.0,0.48423,8.82333,2.23417,6.05179,630646276.79381,0.69506,73.56426,8.04542,,27.83141
PAN,2005,1.0,0.47738,8.665,2.695,6.87406,1210531905.83646,1.12383,72.54613,8.56696,,35.86882
PAN,2006,1.0,0.47317,8.6825,2.8,6.36928,1334983347.81531,1.09885,79.02911,22.27703,,38.32533
PAN,2007,1.0,0.47385,8.79333,,5.77067,1935051624.52824,1.22924,78.76694,16.0006,,33.16828
PAN,2008,1.0,0.49965,7.90583,,0.39949,2423782838.73722,1.19688,76.20439,14.58318,,27.46826
PAN,2009,1.0,0.52804,7.62667,,1.21623,3028272377.96829,1.75597,,,,27.78756
PAN,2010,1.0,0.53501,7.31083,,4.64173,2714469855.81081,1.27684,,,82.06996,27.61403
PAN,2011,1.0,0.55296,7.51833,,1.92499,2303727320.10768,0.81378,,,80.3174,29.93101
PAN,2012,1.0,0.56821,7.72417,,1.32232,2466273019.84038,0.80802,,,79.5923,30.15715
PAN,2013,1.0,0.55982,7.40333,,1.17315,2847991008.35912,0.93654,,,65.43741,26.77345
PAN,2014,1.0,0.54206,6.935,,2.14041,4032196741.33615,1.30771,,,80.87282,26.74833
PAN,2015,1.0,0.51688,6.495,,3.37836,3378098353.89896,1.24336,,,82.93243,23.6235
PAN,2016,1.0,0.48989,6.5988,,4.02418,3846753359.06372,1.46541,,,84.19087,22.69708
PAN,2017,1.0,0.46803,6.76606,,4.88372,2703336161.52673,0.98543,,,84.43801,23.35497
PAN,2018,1.0,0.49752,6.8828,,6.13926,2121303718.10741,0.71387,,,83.95148,23.24502
PAN,2019,1.0,0.49573,7.09,,6.51657,3423477098.41293,1.21544,,,83.32656,24.7553
PAN,2020,1.0,0.49193,7.00833,,7.54032,9613847648.57363,5.47394,,,100.15389,24.42777
PAN,2021,1.0,0.5014,6.93667,,5.4445,8832242051.03447,3.57179,,,,22.93562
PAN,2022,1.0,0.47831,6.9075,,4.61035,6876072133.54101,2.18681,,,,20.43429
PAN,2023,1.0,0.47213,,,,6756683681.74504,1.84468,,,,24.28526
PAN,2024,1.0,0.46317,,,,6855505288.43603,2.06779,,,,21.13634
PER,1960,0.0,,,,,76811600.0,,16.37871,,9.82723,
PER,1961,0.0,,,,,110623100.0,,17.62948,19.13043,10.68063,
PER,1962,0.0,,,,,116734780.0,,17.71006,13.86861,11.01203,
PER,1963,0.0,,,,,135311200.0,,18.75538,16.02564,11.08743,
PER,1964,0.0,,,,,160421120.0,,19.44071,25.41436,10.87652,
PER,1965,0.0,,,,,174910400.0,,20.22071,23.34802,11.19361,
PER,1966,0.0,,,,,155236310.0,,19.46966,13.92857,10.31465,
PER,1967,0.0,,,,,125860400.0,,18.51966,8.77743,9.82022,
PER,1968,0.0,,,,,115115400.0,,16.71273,6.91643,8.91946,
PER,1969,0.0,,,,,167156800.0,,16.90214,13.20755,8.73277,
PER,1970,0.0,,,,,332057580.0,,19.9564,36.66667,8.58751,
PER,1971,0.0,,,,,430223332.54153,,19.35744,8.18815,9.41376,
PER,1972,0.0,,,,,513201370.12054,,21.6517,23.99356,10.31971,
PER,1973,0.0,,,,,638654426.07463,,22.28058,23.11688,10.55272,
PER,1974,0.0,,,,,1112278560.78067,,23.62388,33.64979,9.19224,
PER,1975,0.0,,,,,566164817.19509,,21.46227,15.78532,9.31934,
PER,1976,0.0,,,,,424499912.30652,,20.22345,23.99455,8.49407,
PER,1977,0.0,,,,,522224574.02128,2.00656,18.3482,23.58439,7.1336,
PER,1978,0.0,,,,,616609531.67918,2.77794,18.53985,61.07651,6.08779,
PER,1979,0.0,,,,,2113581929.71649,7.1734,19.39379,92.01878,6.1336,
PER,1980,0.0,,,,,2803966993.94478,6.62302,24.35234,83.48914,8.95032,
PER,1981,0.0,,,,,1755200116.05954,3.44607,23.5386,68.67848,11.63476,
PER,1982,0.0,,,,,1988396019.67828,4.00214,24.34036,71.95632,11.57063,
PER,1983,0.0,,,,,1899044234.46643,4.61961,26.63732,103.34549,13.41707,
PER,1984,0.0,,,,,2061520792.86056,5.66754,28.0209,127.21933,12.05365,
PER,1985,1e-05,,61.37388,,-39.27262,2480958000.0,7.51995,26.50569,156.54646,9.80861,
PER,1986,1e-05,,36.15315,,-19.13144,2242553300.0,5.4741,22.15284,53.978,8.47829,
PER,1987,2e-05,,31.8876,,-28.95887,1370497700.0,2.82998,22.45828,106.5149,7.49065,
PER,1988,0.00013,,155.49775,161.78403,-62.77056,1213348000.0,2.56928,26.05263,620.95125,8.86296,
PER,1989,0.00267,,1352.5084,1135.59454,-45.64629,1597167000.0,3.60906,22.4279,1917.28171,8.28239,
PER,1990,0.18789,0.07376,4260.01416,2439.56279,-31.45968,1890650000.0,3.78951,24.0629,6384.91591,8.01727,
PER,1991,0.7725,0.34108,670.53421,170.54432,61.18594,3090441600.0,5.80092,16.27972,230.59502,6.97793,
PER,1992,1.24583,0.56445,148.14273,59.65026,46.60394,3456209000.10312,5.98219,18.19766,88.17889,9.0796,
PER,1993,1.98832,0.80713,94.23833,44.13854,32.69034,3917582864.50545,6.49343,20.29271,71.79706,11.11649,
PER,1994,2.195,1.00116,55.3475,22.34712,22.62188,7420192724.50044,9.7523,19.5704,37.21701,13.28356,
PER,1995,2.25333,1.11376,36.155,15.70214,19.87713,8653281585.95034,8.40551,20.73622,29.26401,15.87388,
PER,1996,2.45333,1.19969,31.53333,14.90045,19.91616,10989953425.98097,10.73489,25.23937,37.24477,21.02532,
PER,1997,2.66417,1.26525,30.91167,15.01468,22.02446,11305742353.65523,10.30637,28.89616,30.78206,24.4098,26.64939
PER,1998,2.93,1.31839,32.62667,15.11444,25.86628,9882068017.27313,9.6251,32.30137,17.32713,28.19105,17.78061
PER,1999,3.38333,1.33814,35.05667,16.27412,31.20636,9049757351.68977,10.40828,35.39842,14.49022,28.97733,24.09367
PER,2000,3.49,1.35462,29.99583,13.29167,25.56985,8675891763.57695,9.06192,33.16309,-0.39944,26.34168,18.84232
PER,2001,3.50683,1.33082,24.97833,9.91667,24.41195,8980104804.36401,9.73496,32.99508,0.56389,23.44781,18.81664
PER,2002,3.5165,1.31189,20.76536,4.19167,20.63385,9721160042.62848,10.22926,32.60788,4.32965,22.20205,20.8871
PER,2003,3.47847,1.30969,21.01566,3.83333,18.87155,10241971443.40711,9.38297,30.09234,-2.1369,19.98574,24.05037
PER,2004,3.41317,1.35548,24.67456,2.98333,17.30871,12664710327.21941,9.30449,27.85632,3.25992,17.91024,27.06916
PER,2005,3.29584,1.36032,25.53384,3.4208,21.28437,14171339683.03849,8.24288,29.6507,17.09527,19.06642,31.73748
PER,2006,3.27403,1.42066,23.93333,4.79295,15.1195,17442093800.39615,7.90186,27.67425,8.04516,20.81316,45.14905
PER,2007,3.12804,1.4038,22.85565,4.92249,21.05117,27786002524.99282,9.93602,32.51573,29.40384,24.60707,67.91211
PER,2008,2.92441,1.39246,23.67344,5.44696,22.32387,31241123023.42701,8.44275,36.18004,22.76407,29.76396,31.4198
PER,2009,3.01151,1.41249,21.04192,4.35446,18.59449,33225062118.67043,11.25928,36.66685,4.57048,30.01453,59.31201
PER,2010,2.82512,1.47522,18.97687,2.13038,12.54947,44214818032.54692,11.33436,38.75944,21.05466,30.26169,70.05296
PER,2011,2.7541,1.54291,18.67792,3.66627,11.17809,48913125192.96246,10.1894,38.15712,11.73602,32.30923,47.66963
PER,2012,2.63759,1.59851,19.23691,3.87793,17.82002,64155414233.60953,12.20494,40.85644,15.01502,34.04375,53.26586
PER,2013,2.7019,1.61455,18.13925,3.52782,16.90331,65766057258.30355,12.37595,44.48766,16.47898,37.71993,40.25217
PER,2014,2.83904,1.6434,15.74332,3.82134,12.99479,62529703139.45972,12.41066,45.07841,6.26515,40.89963,39.26557
PER,2015,3.18444,1.71068,16.10583,4.11118,13.06382,61594854517.8208,13.51462,48.20613,13.38707,43.86793,29.79706
PER,2016,3.37506,1.73893,16.4662,4.91442,12.98526,61801163825.77504,13.79281,46.22677,2.75614,42.80903,42.25627
PER,2017,3.26049,1.74424,16.78749,4.45458,12.7122,63819289822.93822,12.62382,47.57814,9.33091,42.41461,47.02095
PER,2018,3.2866,1.75372,14.53913,3.34155,11.98868,60333192028.0169,11.08304,47.17372,5.43327,43.90394,41.95266
PER,2019,3.33727,1.73128,14.38545,3.66995,12.28326,68440494635.24584,12.79935,49.05948,8.31838,44.72424,43.33991
PER,2020,3.49494,1.70621,12.93833,1.86059,8.88858,74961659711.12881,17.72692,73.43863,38.2853,55.31241,43.24128
PER,2021,3.88055,1.73354,10.97951,0.69658,0.83224,78589897922.70316,12.05964,60.55401,2.88014,47.13143,34.47455
PER,2022,3.83518,1.69121,12.59726,4.82108,7.73476,72328123071.48462,9.69399,61.60387,9.31212,45.66819,28.98208
PER,2023,3.74383,1.73589,,,,71394387239.6392,10.24496,,,43.12066,31.82867
PER,2024,3.7525,1.7823,,,,79246042707.92593,10.54173,,,39.96523,28.41961
PHL,1960,2.015,,,,,126942400.0,,17.95766,,10.67714,
PHL,1961,2.02,,,,,53690650.0,,20.43525,24.02559,13.74669,
PHL,1962,3.72785,,,,,75066970.0,,21.87549,19.78654,14.70494,
PHL,1963,3.91042,,,,,109064000.0,,21.32627,13.62489,16.49698,
PHL,1964,3.91001,,,,,123073840.0,,20.36708,3.27605,18.04484,
PHL,1965,3.90917,,,,,193590320.0,,19.79947,6.39276,17.08413,
PHL,1966,3.9,,,,,193733830.0,,20.76672,15.42304,17.44292,
PHL,1967,3.9,,,,,180332800.0,,23.45005,21.33828,19.35805,
PHL,1968,3.9,,,,,173204900.0,,23.19551,10.53958,19.05089,
PHL,1969,3.9,,,,,121267200.0,,23.29626,11.35939,18.19581,
PHL,1970,5.90435,,,,,254792000.0,,21.93488,12.57287,18.04795,
PHL,1971,6.43171,,,,,392507820.0,,21.03719,15.75093,17.67366,
PHL,1972,6.67484,,,,,600318225.16563,,21.33885,13.97559,19.24075,
PHL,1973,6.75628,,,,,1111431650.72234,,20.68899,23.51265,20.27164,
PHL,1974,6.78787,,,,,1655870734.9453,,17.51259,16.30601,22.0277,
PHL,1975,7.2479,,,,,1462602770.84065,,17.26252,13.79894,22.05665,
PHL,1976,7.44026,,12.0,8.5,3.33738,1739096908.5706,,18.74951,28.05274,22.44382,
PHL,1977,7.40282,,12.0,8.5,3.35268,1653546123.30713,3.78097,21.06846,28.54369,23.40542,
PHL,1978,7.36576,,12.0,8.5,2.41765,2104978569.08341,3.99553,22.75552,24.24577,25.94405,
PHL,1979,7.37755,,14.0,8.66667,-0.81865,3121121356.15879,4.62046,21.081,12.44103,27.49279,
PHL,1980,7.51143,,14.0,11.66667,-0.20536,3977980295.38574,4.61304,21.1581,20.61517,27.68877,
PHL,1981,7.89965,,15.33508,13.85033,3.19451,2858396304.27165,3.07603,21.49332,17.42091,28.91173,
PHL,1982,8.54,,18.12,13.74225,8.72256,1740333168.63728,1.78648,22.60475,18.48734,29.40828,
PHL,1983,11.11272,,19.23792,13.58133,4.36742,857185290.81917,0.90428,29.70655,52.99007,32.46668,
PHL,1984,16.69871,,28.19517,21.17208,-16.1901,844406804.17381,1.04495,24.64145,17.94766,21.51118,
PHL,1985,18.60734,,28.61167,18.91408,9.86721,1098200551.84534,1.58185,25.41473,12.45413,17.68284,
PHL,1986,20.38568,,17.53375,11.25292,14.23028,2611227692.61434,3.85896,24.26572,1.68901,13.05617,
PHL,1987,20.56768,,13.33792,8.2015,5.43344,2312132635.19698,2.72256,24.15466,11.67252,14.03324,
PHL,1988,21.09467,,15.92133,11.31542,5.6135,2168908187.18292,2.19989,25.42315,23.2606,14.15517,
PHL,1989,21.73668,,19.26967,14.12633,9.32148,2398209046.94194,1.95865,28.58217,30.24139,15.23449,
PHL,1990,24.3105,7.4871,24.11808,19.53775,9.88098,2036231453.24437,1.48657,30.04496,22.39811,16.90255,
PHL,1991,27.47863,8.42954,23.07358,18.8015,5.73775,4436166962.74299,3.26109,30.51923,17.7165,15.64549,
PHL,1992,25.51249,8.89133,19.47908,14.2745,10.74993,5335691450.96732,3.34579,31.86502,13.10948,18.10397,
PHL,1993,27.11984,9.2769,14.68275,9.60575,7.37118,5933972261.34181,3.1526,37.414,28.14577,23.14908,
PHL,1994,26.41717,9.99673,15.05683,10.53908,4.53988,7146366451.96736,3.07161,41.27705,26.73478,25.48453,
PHL,1995,25.71447,10.53972,14.68217,8.39192,6.54005,7780874730.47056,2.61381,45.40147,23.87414,32.86522,
PHL,1996,26.2161,11.14606,14.83975,9.68342,6.64022,11775610818.03253,3.2049,49.27716,23.73151,42.87279,85.20894
PHL,1997,29.47066,11.64301,16.27575,10.19383,9.42589,8744996384.9303,1.96171,54.27528,23.10766,49.40111,33.32465
PHL,1998,40.89305,12.71764,16.77742,12.10633,5.77121,10837475985.63128,3.07432,53.64684,8.56631,41.9926,47.3834
PHL,1999,39.08898,13.33456,11.77625,8.167,5.11744,15068981177.46754,5.17227,57.05874,16.88218,37.32793,49.25007
PHL,2000,44.19225,13.79768,10.90725,8.30508,4.81049,15074070180.81915,4.678,55.85324,8.12076,35.60714,31.05142
PHL,2001,50.99265,14.25204,12.40158,8.74417,6.42188,15682884964.92524,5.14418,56.44147,9.98569,36.26512,26.91971
PHL,2002,51.60357,14.62774,9.1385,4.608,4.7082,16321045088.48303,5.11204,57.4146,9.96845,33.66396,21.95233
PHL,2003,54.20333,14.80243,9.47167,5.22067,6.08529,17083609599.81591,5.0445,55.21517,4.28728,31.94837,26.62679
PHL,2004,56.03992,15.26395,10.079,6.1775,3.95525,16234405945.63232,4.44555,54.17609,10.72332,31.00921,30.10664
PHL,2005,55.08549,15.67471,10.18492,5.556,4.03549,18474495450.44564,4.60349,52.0785,6.8422,27.89657,37.04964
PHL,2006,51.31427,15.98305,9.77867,5.29417,4.44012,22963020101.73256,5.08825,58.07852,23.45361,27.47069,53.1533
PHL,2007,46.14839,16.05385,8.69142,3.696,5.3576,33740202689.26166,6.74013,57.92834,9.60571,27.63902,65.93952
PHL,2008,44.32329,16.88115,8.75108,4.4895,1.46658,37497616849.34228,6.39953,56.99872,10.0409,27.87606,28.64733
PHL,2009,47.67969,17.23708,8.56617,2.741,5.67258,44205983462.39444,9.18512,59.41162,8.63839,27.89667,49.06921
PHL,2010,45.10966,17.77448,7.67267,3.21967,3.16351,62326286864.55258,10.43727,58.81293,10.89708,28.33248,75.50095
PHL,2011,43.31314,18.09765,6.66325,3.38792,2.64095,75123089217.14154,11.59964,57.38441,5.30675,30.49764,70.47593
PHL,2012,42.22879,18.11737,5.6795,3.15592,3.61327,83788600500.6134,11.47388,56.30499,6.9778,31.90538,87.55199
PHL,2013,42.44618,18.52468,5.76683,1.66183,3.63093,83182370907.16032,11.62093,66.8366,29.3295,34.33573,76.54741
PHL,2014,44.39515,19.02806,5.52592,1.22883,2.3996,79629428309.07805,9.9405,68.5702,12.4375,37.57828,88.01854
PHL,2015,45.50284,19.20535,5.57825,1.592,6.34359,80640411491.44702,9.89836,70.91656,9.19582,39.90378,77.93218
PHL,2016,47.49246,19.20367,5.642,1.59617,4.30655,80666223156.9831,8.84656,74.05652,13.32627,42.86452,75.24097
PHL,2017,50.40372,19.69856,5.62725,1.8785,3.232,81413504334.44984,7.78302,75.41772,11.42312,45.6052,88.40744
PHL,2018,52.66143,19.96451,6.1185,3.11671,2.29211,79195598849.53998,6.88316,74.51519,8.99915,47.56279,74.44994
PHL,2019,51.79578,19.7383,7.09583,4.08365,6.35446,89515298355.74017,7.72025,76.59718,9.84392,47.97367,73.0758
PHL,2020,49.6241,19.44143,,,,109990274218.87428,12.28545,90.49053,8.65773,52.03569,75.40827
PHL,2021,49.2546,19.37527,,,,108754857244.2044,9.66181,90.36719,7.98027,49.94132,72.42639
PHL,2022,54.47779,19.07851,,,,96040188240.93053,7.17103,85.85592,7.82034,48.87303,59.00312
PHL,2023,55.63036,19.26323,,,,103742233308.6676,7.61566,,,48.31104,54.10207
PHL,2024,57.29066,19.35653,,,,106195050244.0977,7.34351,,,49.85079,54.55348
PLW,1990,,0.66634,,,,,,,,,
PLW,1991,,0.67007,,,,,,,,,
PLW,1992,,0.68822,,,,,,,,,
PLW,1993,,0.70573,,,,,,,,,
PLW,1994,,0.70862,,,,,,,,,
PLW,1995,,0.71359,,,,,,,,,
PLW,1996,,0.72116,,,,,,,,,
PLW,1997,,0.72508,,,,,,,,,
PLW,1998,,0.72847,,,,,,,,,
PLW,1999,,0.73448,,,,,,,,,
PLW,2000,,0.76475,,,,,,,,,
PLW,2001,,0.74283,,,,,,,,,
PLW,2002,,0.7126,,,,,,,,,
PLW,2003,,0.67847,,,,,,,,,
PLW,2004,,0.68727,,,,,,,,,
PLW,2005,1.0,0.74345,,,,,,,,,
PLW,2006,1.0,0.72956,,,,,,,,,
PLW,2007,1.0,0.72703,,,,,,,,,
PLW,2008,1.0,0.75342,,,,,,,,,
PLW,2009,1.0,0.75649,,,,,,,,,
PLW,2010,1.0,0.76037,,,,,,,,,
PLW,2011,1.0,0.74924,,,,,,,,,
PLW,2012,1.0,0.785,,,,,,,,,
PLW,2013,1.0,0.82328,,,,,,,,,
PLW,2014,1.0,0.84317,,,,,,,,,
PLW,2015,1.0,0.90481,,,,,,,,,
PLW,2016,1.0,0.94055,,,,,,,,,
PLW,2017,1.0,0.91166,,,,,,,,,
PLW,2018,1.0,0.88965,,,,,,,,,
PLW,2019,1.0,0.86021,,,,,,,,,
PLW,2020,1.0,0.8458,,,,,,,,,
PLW,2021,1.0,0.82438,,,,,,,,,
PLW,2022,1.0,0.79896,,,,,,,,,
PLW,2023,1.0,0.85631,,,,,,,,,
PLW,2024,1.0,,,,,,,,,,
PNG,1960,0.89286,,,,,,,,,,
PNG,1961,0.89286,,,,,,,,,,
PNG,1962,0.89286,,,,,,,,,,
PNG,1963,0.89286,,,,,,,,,,
PNG,1964,0.89286,,,,,,,,,,
PNG,1965,0.89286,,,,,,,,,,
PNG,1966,0.89286,,,,,,,,,,
PNG,1967,0.89286,,,,,,,,,,
PNG,1968,0.89286,,,,,,,,,,
PNG,1969,0.89286,,,,,,,,,,
PNG,1970,0.89286,,,,,,,,,,
PNG,1971,0.88276,,,,,,,,,,
PNG,1972,0.83504,,,,,,,,,,
PNG,1973,0.70411,,,,,31260000.0,,21.38843,,,
PNG,1974,0.69667,,,,,32450000.0,,31.30578,63.58567,,
PNG,1975,0.76389,,,,,179670000.0,,23.68638,-23.30247,,
PNG,1976,0.79281,,,,,257201876.94107,4.50559,23.17846,13.18127,,
PNG,1977,0.79141,,,,,431365355.24409,6.27529,32.9963,54.22274,,
PNG,1978,0.70892,,,,,414750082.19464,4.93307,32.51734,4.80212,,
PNG,1979,0.71176,,,,,530801852.20739,5.40115,35.01837,27.32055,,
PNG,1980,0.67095,,,,,457765897.61893,3.51889,32.3837,-3.2471,,
PNG,1981,0.67297,,,,,420885883.58321,3.0654,32.99637,0.28727,,
PNG,1982,0.73846,,,,,481383143.02396,3.7358,32.46358,2.36473,,
PNG,1983,0.83615,,11.58333,6.28883,-5.96379,463965452.03887,3.74065,30.34044,14.47399,,
PNG,1984,0.89855,,10.63917,5.35786,2.97927,454590614.85139,3.59353,32.61194,15.07221,,
PNG,1985,1.00031,,11.54167,6.25312,9.76335,463143686.98946,4.19431,33.83198,9.63891,,
PNG,1986,0.97141,,12.33333,7.57131,10.82952,450076851.61916,3.70247,36.11398,13.27109,,
PNG,1987,0.9079,,11.94167,6.32727,3.67695,467328123.64376,3.2481,33.04814,1.54291,,
PNG,1988,0.86705,,12.68083,6.11307,4.40735,419338020.21217,2.34517,31.06684,4.40552,,
PNG,1989,0.8588,,14.62333,5.42102,17.61143,409643480.18133,2.43926,34.06445,5.34609,,
PNG,1990,0.955,0.72711,15.51917,5.71212,10.92868,427289975.0,2.98331,35.16046,4.25108,,
PNG,1991,0.95171,0.75252,14.16833,5.97301,6.70451,345327807.81978,1.82749,35.29121,17.64543,,
PNG,1992,0.96466,0.75691,14.53417,5.17661,11.33227,259575830.97188,1.27973,33.90253,12.51466,,
PNG,1993,0.97818,0.72093,11.2875,3.31688,14.13611,166063203.44839,0.85182,34.65026,17.79411,,
PNG,1994,1.01134,0.75706,9.16,3.35258,1.77795,120208370.97582,0.61217,30.10386,-1.28251,,
PNG,1995,1.27984,0.85905,13.14083,7.295,-2.33963,266687775.1097,1.32504,30.56949,13.74636,,
PNG,1996,1.31907,0.85889,13.30333,7.13083,11.28695,607155822.23711,2.64654,36.43721,30.73954,,
PNG,1997,1.43797,0.91548,10.44917,4.12917,1.8656,380957689.06098,1.66136,37.66153,7.69396,,
PNG,1998,2.07359,1.03697,17.70417,8.36333,2.75904,211012775.39768,1.17673,35.00832,2.46121,,
PNG,1999,2.57077,1.13568,18.89583,8.12667,7.04692,223426645.72723,1.28258,33.78235,9.16809,,
PNG,2000,2.78216,1.25603,17.5425,8.45833,3.92572,304157921.74775,1.81301,32.16745,5.00896,,
PNG,2001,3.38872,1.3133,16.2075,5.46333,8.69259,440065781.56971,2.86281,32.00637,6.24949,,
PNG,2002,3.89522,1.45214,13.88917,3.18417,1.42375,343099525.37936,1.99474,30.6224,7.26424,,
PNG,2003,3.56345,1.50291,13.35583,4.375,7.40624,520462532.69766,2.45135,27.13778,-4.44623,,83.77305
PNG,2004,3.22254,1.43439,13.25083,1.725,15.55308,660156570.99728,2.71972,30.94187,14.78684,,97.39945
PNG,2005,3.10195,1.56021,11.46917,0.85417,-0.63576,750418379.43573,2.76522,33.58474,29.49003,,126.15177
PNG,2006,3.05673,1.65627,10.56667,0.97917,-31.11724,1440728433.19493,3.97739,27.56673,38.87959,,92.69219
PNG,2007,2.96535,1.67462,9.7775,1.06083,6.79238,2106234946.89102,4.78457,31.77926,27.76492,,135.78618
PNG,2008,2.70009,1.7705,9.19667,1.31366,-2.21087,2008196049.41046,4.28712,30.78272,7.84316,,95.80827
PNG,2009,2.75514,1.67379,10.09417,2.32333,15.74156,2629121235.36278,5.84504,36.93021,21.87726,21.78703,150.73115
PNG,2010,2.71929,1.81769,10.44583,1.38333,0.48097,3121182845.40448,5.40461,33.63411,10.24608,21.09152,77.37994
PNG,2011,2.37097,1.85903,10.80833,0.92,1.81486,4352806335.28355,6.67984,35.86442,17.33533,20.93251,70.01587
PNG,2012,2.08365,1.81456,10.815,0.48583,11.45556,4035177908.45073,5.22201,38.23801,10.94225,22.85655,
PNG,2013,2.24451,1.84819,10.13,0.33,6.3165,2850601817.14749,3.41982,37.93666,6.70151,25.0996,13.79005
PNG,2014,2.46138,1.91533,9.37583,0.33167,3.73534,2329505233.38802,4.36759,32.76041,3.38279,22.62564,14.26291
PNG,2015,2.76841,1.87435,8.7325,0.425,10.08781,1758569679.62188,3.35445,33.61955,8.02684,22.55345,7.91247
PNG,2016,3.13303,1.90346,8.37467,0.64512,5.71298,1656817794.83772,4.15216,34.46761,10.87362,22.11935,7.91536
PNG,2017,3.18879,2.01395,8.38833,0.51583,0.63956,1735798651.35536,3.24539,30.622,-0.93464,19.35276,7.39393
PNG,2018,3.29346,2.16174,9.075,0.68,-0.65813,2213546838.5573,3.60256,26.91035,-3.78026,18.74321,
PNG,2019,3.38754,2.14924,8.65083,0.88,7.50881,2308231641.55446,3.38468,26.61142,4.41742,18.05467,
PNG,2020,3.45997,2.15572,7.70083,0.89333,5.96878,2686185780.88876,5.26892,,,18.81498,
PNG,2021,3.50877,2.30063,7.6425,0.45,-3.54206,3240131311.16525,4.79918,,,17.40957,
PNG,2022,3.51923,2.47027,7.99083,0.25083,-6.11846,3982557795.83284,4.55077,,,15.04269,
PNG,2023,3.58962,2.28094,8.37917,0.32917,13.29833,3901331641.41289,4.39218,,,16.51368,
PNG,2024,3.85275,2.37637,8.29,0.2625,1.48721,3708907022.18138,4.89986,,,15.78294,
POL,1960,0.0004,,,,,,,,,,
POL,1961,0.0004,,,,,,,,,,
POL,1962,0.0004,,,,,,,,,,
POL,1963,0.0004,,,,,,,,,,
POL,1964,0.0004,,,,,,,,,,
POL,1965,0.0004,,,,,,,,,,
POL,1966,0.0004,,,,,,,,,,
POL,1967,0.0004,,,,,,,,,,
POL,1968,0.0004,,,,,,,,,,
POL,1969,0.0004,,,,,,,,,,
POL,1970,0.0004,,,,,,,,,,
POL,1971,0.00039,,,,,,,,,,
POL,1972,0.00037,,,,,,,,,,
POL,1973,0.00034,,,,,,,,,,
POL,1974,0.00033,,,,,,,,,,
POL,1975,0.00033,,,,,,,,,,
POL,1976,0.00033,,,,,,,,,,
POL,1977,0.00033,,,,,,,,,,
POL,1978,0.00058,,,,,,,,,,
POL,1979,0.00332,,,,,1223020000.0,0.76197,,,,
POL,1980,0.00442,,,,,574441000.0,0.33894,,12.98817,,
POL,1981,0.00512,,,,,,,,25.56455,,
POL,1982,0.00848,,,,,,,,39.47672,,
POL,1983,0.00915,,,,,,,,14.24758,,
POL,1984,0.01132,,,,,1251517600.0,0.95773,,17.67629,,
POL,1985,0.01471,,,,,1024744000.0,0.81039,,22.09267,,
POL,1986,0.01753,,,,,882302655.73618,0.64828,,26.70163,,
POL,1987,0.02651,,,,,1723208692.88542,1.26119,,34.05455,,
POL,1988,0.04305,,,,,2248959112.62128,1.46775,,63.28762,,
POL,1989,0.14392,,,,,2503603416.40602,1.54084,,509.48728,,
POL,1990,0.95,0.26591,,,,4673859367.77112,2.93892,31.19026,164.87129,18.86465,
POL,1991,1.05761,0.39933,,,,3799891431.64972,2.11428,29.79368,37.89981,21.41434,
POL,1992,1.36264,0.54124,,,,4256740151.67338,2.22091,32.63677,55.67306,19.36491,
POL,1993,1.8115,0.69072,,,,4276726019.05823,2.06025,32.74896,35.99251,19.10798,
POL,1994,2.27228,0.92808,,,,6023061697.80534,2.9042,31.2939,38.07742,16.65123,
POL,1995,2.42498,1.16335,,,,14957023986.87434,4.86289,30.85475,35.61922,16.44663,3.19536
POL,1996,2.6961,1.35076,,,,18018685657.574,4.93787,32.34502,31.21653,18.7405,5.2071
POL,1997,3.27929,1.51291,,,,20669498321.12929,5.0731,34.51695,29.05652,20.47531,7.58925
POL,1998,3.4754,1.6549,,,,28276350177.78052,6.13248,37.19,25.17694,22.2526,11.67315
POL,1999,3.96711,1.73766,,,,27314254942.62419,5.9637,40.00736,19.58863,25.08828,17.32633
POL,2000,4.34607,1.83254,,,,27469379417.17519,5.41144,40.2095,11.55692,26.31841,18.08542
POL,2001,4.0939,1.83726,,,,26563086839.51561,5.11591,44.11138,14.61296,23.44738,13.56283
POL,2002,4.08003,1.7998,,,,29783862625.39154,5.32727,41.66759,-1.99707,12.82917,14.21193
POL,2003,3.88908,1.80459,,,,33958963963.2397,4.88571,42.08463,5.36949,13.28923,16.93817
POL,2004,3.65764,1.83024,,,,36772763413.39809,4.04942,39.60894,3.78794,26.15959,27.52225
POL,2005,3.23548,1.86759,,,,42560656301.11769,4.12063,43.0005,15.04323,27.04106,30.62819
POL,2006,3.10316,1.85086,,,,48473948178.8457,3.68238,46.14492,15.96433,31.0991,43.03265
POL,2007,2.76795,1.85358,,,,65724834524.53493,3.75973,47.21791,13.38884,37.05716,49.24663
POL,2008,2.40924,1.84224,,,,62183606683.54045,2.89897,51.62897,18.62563,47.10555,16.95546
POL,2009,3.12014,1.86824,,,,79521599625.50253,4.96008,52.35584,8.10531,46.91512,34.24007
POL,2010,3.0153,1.80533,,,,93472504101.04552,4.87729,54.35772,8.80524,48.87213,39.88733
POL,2011,2.96285,1.80142,,,,97712435349.20552,4.38728,56.36411,12.48647,51.48379,26.19013
POL,2012,3.25654,1.79617,,,,108902203543.9736,5.13892,56.79868,4.52797,50.32511,35.61354
POL,2013,3.16062,1.76205,,,,106221491035.5088,4.83774,59.77055,6.23945,51.66428,39.47327
POL,2014,3.15454,1.76714,,,,100452420334.1126,4.25066,61.92418,8.18416,52.62355,31.15384
POL,2015,3.7695,1.76512,,,,94902630299.21857,4.62368,63.82681,9.06207,53.31489,28.69876
POL,2016,3.94278,1.73284,,,,114328539232.7022,5.3923,67.81898,9.56617,54.3457,29.3055
POL,2017,3.77933,1.74288,,,,113267368075.1502,4.60237,66.32337,4.6539,52.2743,38.11684
POL,2018,3.61172,1.74843,,,,116956636327.5888,4.14894,67.31946,9.16474,51.89699,26.98926
POL,2019,3.83937,1.69856,,,,128392157887.2946,4.60331,67.64343,8.26405,50.22773,25.15728
POL,2020,3.89974,1.69818,,,,154219192491.4352,5.76793,77.12426,16.42931,49.26652,29.29592
POL,2021,3.86192,1.75279,,,,166030186476.1583,4.78077,74.57458,8.91364,45.72789,28.64155
POL,2022,4.45776,1.80028,,,,166663927036.3926,4.25615,67.36746,5.24724,39.31593,21.22709
POL,2023,4.20367,1.92047,,,,193783277723.3778,4.85461,66.38633,8.53586,34.70752,26.05139
POL,2024,3.98078,1.94941,,,,223114909804.172,5.36719,67.79373,9.24118,33.58579,21.50515
POL,2025,,1.95276,,,,,,,,,
PRT,1960,28.75,,,,,801276000.0,,,,,
PRT,1961,28.75,,,,,693999000.0,,,,,
PRT,1962,28.75,,,,,808042200.0,,,,,
PRT,1963,28.75,,,,,843136000.0,,,,,
PRT,1964,28.75,,,,,955702800.0,,,,,
PRT,1965,28.75,,,,,1011085200.0,,,,,
PRT,1966,28.75,,,,,1080200300.0,,,,,
PRT,1967,28.75,,,,,1237714000.0,,,,,
PRT,1968,28.75,,,,,1531644000.0,,,,,
PRT,1969,28.75,,,,,1449770000.0,,,,,
PRT,1970,28.75,,,,,1564794900.0,,,,,
PRT,1971,28.36017,,,,,2092684247.97435,,,,,
PRT,1972,27.05342,,,,,3034003805.14824,,,,,
PRT,1973,24.51517,,,,,4767686792.67184,,,,,
PRT,1974,25.40817,,,,,6353120252.04109,,,,,
PRT,1975,25.55275,,,,,4285387932.59225,10.72797,,,,
PRT,1976,30.22908,,,,,3904791953.99635,9.61322,,,,
PRT,1977,38.27695,,,,,4342230245.35504,9.36859,,,,
PRT,1978,43.93733,,,,,5873321282.17082,11.6648,,,,
PRT,1979,48.92347,,,,,12262027702.89348,18.71187,,,,
PRT,1980,50.06213,,,,,13862932271.33923,15.23896,,,,
PRT,1981,61.54637,,,,,9334151674.05753,8.05154,,,,
PRT,1982,79.47333,,,,,10540549467.0688,10.70068,,,,
PRT,1983,110.77983,,,,,8180649540.85888,9.72246,,,,
PRT,1984,146.39033,,,,,6773536263.17101,8.21355,,,,
PRT,1985,170.39467,,,,,8008241510.1539,9.78508,,,,
PRT,1986,149.58675,,,,,9336202501.91275,9.54487,,,,
PRT,1987,140.88242,,,,,13039014494.53358,9.6296,,,,
PRT,1988,143.95392,,,,,11719331741.72141,6.92839,,,,
PRT,1989,157.45825,,,,,16388652066.57907,9.04745,,,,
PRT,1990,142.55475,0.47597,,,,20578947935.34666,8.63373,,,,
PRT,1991,144.482,0.50683,,,,26239358014.12831,10.54386,,,,
PRT,1992,134.99783,0.55226,,,,24481230706.29062,8.66007,,,,
PRT,1993,160.80019,0.57927,,,,22115180394.544,8.37726,,,,
PRT,1994,165.99278,0.60843,,,,21670533104.74904,7.38281,,,,
PRT,1995,151.10553,0.61637,,,,22063365760.00006,6.07421,,,,
PRT,1996,154.24366,0.62828,,,,21850466132.06631,5.61476,,,,
PRT,1997,175.31244,0.64111,,,,20322803840.84812,5.25332,,,,33.28887
PRT,1998,180.10448,0.65674,,,,21606105340.8307,5.07611,,,,50.79134
PRT,1999,0.93828,0.66064,,,,14088450971.38415,3.17822,,,,53.46163
PRT,2000,1.08271,0.66089,,,,14262113156.79688,3.16522,,,,51.16192
PRT,2001,1.11653,0.67093,,,,15060281506.12279,3.27809,,,115.00275,38.10546
PRT,2002,1.05756,0.67208,,,,17700956382.11303,3.82475,,,119.05221,31.78543
PRT,2003,0.88405,0.66985,,,,12813462307.65308,2.34947,,,120.672,35.27573
PRT,2004,0.80392,0.67622,,,,11684065090.95777,1.76788,,,121.19077,37.08923
PRT,2005,0.8038,0.66426,,,,10364170168.48469,1.46757,,,124.77302,33.95289
PRT,2006,0.79643,0.6403,,,,9882747256.04138,1.17131,,,133.41295,49.90855
PRT,2007,0.72967,0.64669,,,,11512068377.09557,1.15027,,,142.23568,54.98572
PRT,2008,0.67992,0.63615,,,,12006451708.55858,1.04734,,,151.48118,26.1472
PRT,2009,0.71696,0.62702,,,,15781930170.53405,1.75228,,,159.8613,40.15535
PRT,2010,0.75431,0.6233,,,,20936757462.49829,2.17009,,,155.38889,34.38826
PRT,2011,0.71841,0.62308,,,,20801304306.67578,2.0844,,,156.06234,25.13576
PRT,2012,0.77834,0.6054,,,,22658232425.84073,2.72899,,,152.72868,30.25771
PRT,2013,0.75295,0.58361,,,,17589253884.79343,2.06521,,,142.93369,34.92977
PRT,2014,0.75273,0.57887,,,,19700737012.11428,2.17147,,,129.65117,25.11063
PRT,2015,0.9013,0.58495,,,,19402623792.08291,2.4675,,,120.04851,30.06312
PRT,2016,0.90342,0.57142,,,,24989773864.57672,3.16284,,,111.32857,27.75265
PRT,2017,0.88521,0.57569,,,,26096701287.23822,2.9111,,,102.85529,34.22467
PRT,2018,0.84677,0.57123,,,,24920338987.31772,2.47547,,,97.09631,25.58258
PRT,2019,0.89328,0.55069,,,,25002862227.51303,2.53216,,,93.35555,
PRT,2020,0.87551,0.54282,,,,29459811842.79081,3.45547,,,104.07419,
PRT,2021,0.84549,0.54047,,,,32535115418.1482,3.08413,,,98.84851,
PRT,2022,0.94962,0.51669,,,,32231572058.78692,2.5831,,,89.45631,
PRT,2023,0.92484,0.5132,,,,35243055047.801,2.66842,,,80.22711,
PRT,2024,0.92389,0.51599,,,,42434283510.50714,3.14207,,,77.21312,
PRT,2025,,0.53001,,,,,,,,,
PRY,1960,123.16667,,,,,1011709.2,,8.51861,,8.15324,
PRY,1961,126.0,,,,,2520352.9,,9.69226,29.75916,8.4872,
PRY,1962,126.0,,,,,2140170.02,,9.10051,5.16145,8.62744,
PRY,1963,126.0,,,,,3220192.88,,10.18978,19.17311,9.15612,
PRY,1964,126.0,,,,,5470284.32,,12.11615,26.47596,10.22701,
PRY,1965,126.0,,,,,10270284.32,,13.02154,16.74687,11.41129,
PRY,1966,126.0,,,,,11540444.34,,13.38285,7.94174,13.40499,
PRY,1967,126.0,,,,,12260467.2,,16.65512,31.60642,16.93365,
PRY,1968,126.0,,,,,12235783.4,,15.50212,-2.20428,18.80719,
PRY,1969,126.0,,,,,10330467.2,,16.91595,17.26617,21.25134,
PRY,1970,126.0,,,,,17605427.82,,18.03019,13.9286,22.86635,
PRY,1971,126.0,,,,,21138624.24495,,18.20268,12.83498,22.67484,
PRY,1972,126.0,,,,,31540396.59061,,19.44385,23.61011,21.87711,
PRY,1973,126.0,,,,,57266560.08807,,19.37395,28.98588,20.34543,
PRY,1974,126.0,,,,,87572216.04528,,17.48647,20.89655,17.78013,
PRY,1975,126.0,,,,,115344715.93169,4.32543,19.47458,26.23109,18.07503,
PRY,1976,126.0,,,,,157823528.61479,5.73036,21.3711,23.35496,18.85102,
PRY,1977,126.0,,,,,268861123.07626,6.72994,22.81763,31.47857,18.9494,
PRY,1978,126.0,,,,,451139806.91547,8.90701,24.33596,30.49659,19.41753,
PRY,1979,126.0,,,,,627066485.6761,9.32441,22.64482,24.1999,18.63382,
PRY,1980,126.0,,,,,782720338.15581,9.65626,23.41955,34.63762,18.90513,
PRY,1981,126.0,,,,,819771072.31068,8.96088,22.12348,19.45016,17.62061,
PRY,1982,126.0,,,,,755180186.31163,8.55647,22.48006,5.67669,18.57279,
PRY,1983,126.0,,,,,693701939.49359,10.22531,23.35227,16.74151,17.41626,
PRY,1984,201.0,,,,,677186019.4539,8.18599,20.59128,16.80875,15.45695,
PRY,1985,306.66667,,,,,545196402.38313,6.91289,18.86779,20.80169,12.90546,
PRY,1986,339.16667,,,,,460513338.0494,4.58184,18.04296,27.3741,12.854,
PRY,1987,550.0,,,,,514163788.90549,4.61651,17.69321,35.00334,11.46376,
PRY,1988,550.0,,,,,337994985.63178,2.76121,16.68858,27.11014,13.56953,
PRY,1989,1056.21667,,,17.28,,446557458.65388,3.74341,18.8593,58.85608,13.30721,
PRY,1990,1229.80833,314.20494,,18.0,,674873064.92467,3.54636,20.4062,53.90724,14.31576,
PRY,1991,1325.18333,380.27261,,17.69564,,974467429.60244,4.66606,23.59953,49.7549,16.94349,
PRY,1992,1500.25833,424.16011,,15.82495,,573168996.65465,2.60709,27.89367,37.12877,19.96747,
PRY,1993,1744.34583,464.97129,,17.35789,,644825493.52917,2.2014,30.30272,27.92998,23.10539,
PRY,1994,1904.76083,512.49115,40.98893,18.1584,25.24181,1044122430.89164,2.89297,31.75202,24.23035,26.8791,
PRY,1995,1963.01917,557.56643,39.22845,16.61629,25.34473,1106423689.09326,2.16462,26.90135,0.52837,23.96444,
PRY,1996,2056.81167,610.07947,36.8468,13.47447,22.81908,1062185356.30789,2.30193,26.10125,9.80894,25.78566,3.95918
PRY,1997,2177.8625,620.19429,32.11238,10.21025,27.75468,845814980.73144,1.78938,25.47545,5.21367,32.7741,4.25199
PRY,1998,2726.49,713.01571,35.23366,16.1978,16.32145,874793675.91908,1.99915,23.56655,7.62038,24.52193,3.96005
PRY,1999,3119.07333,778.15505,34.91104,19.74917,21.89274,988188778.03141,3.01461,24.36173,12.85169,25.05516,3.53963
PRY,2000,3486.35333,872.50372,30.95092,15.72083,14.20354,772414513.75874,2.10832,22.36723,2.84063,23.7604,
PRY,2001,4105.925,972.20143,32.65169,16.22417,16.4269,723168663.88436,2.30059,27.63003,39.56973,24.16867,
PRY,2002,5716.25833,1129.15854,44.67318,22.86083,22.657,641167536.79579,2.57256,23.77296,1.46227,20.85563,
PRY,2003,6424.33917,1274.98967,57.77165,15.83083,37.02078,983433631.4114,3.08403,21.95277,10.9224,12.68617,
PRY,2004,5974.5775,1388.54555,38.76634,5.10833,24.08131,1168046778.98545,3.02404,21.71237,15.09823,12.29681,
PRY,2005,6177.93495,1520.71993,34.56618,1.66167,19.13485,1297088538.07535,2.84395,20.88373,10.95991,12.28089,
PRY,2006,5635.09394,1605.86994,34.83537,6.72,23.866,1702147178.6523,3.04773,20.10351,9.82629,11.66829,
PRY,2007,5032.71158,1761.06785,28.92074,5.0025,14.45835,2461472077.25277,3.90487,22.00311,29.96229,13.71766,
PRY,2008,4363.29161,1938.99527,29.8251,3.0775,15.68312,2863012061.51468,3.16653,24.96073,35.5802,18.7597,
PRY,2009,4966.6823,1997.4095,32.65616,1.45583,27.98724,3861718922.52784,5.37923,29.25346,21.15608,21.58143,
PRY,2010,4758.43013,2065.30356,30.08888,1.2125,24.30176,4166639316.00527,4.10314,29.9452,19.01678,25.42414,
PRY,2011,4193.80231,2126.66992,17.39805,4.025,11.70585,4982545969.05874,4.1163,31.7195,16.09451,28.95225,
PRY,2012,4421.65929,2279.11223,17.15847,3.91583,11.79427,4994947872.79258,4.3036,34.06733,11.75834,31.5463,
PRY,2013,4303.88257,2291.04989,19.27057,4.24,14.31209,5872875217.83582,4.67363,36.46331,20.93718,34.37789,
PRY,2014,4462.18529,2354.52258,21.18607,4.30667,17.81994,6986586468.56047,5.50887,38.71548,14.99951,38.13815,
PRY,2015,5204.92081,2413.54098,19.73586,3.5125,17.84574,5938523046.9591,5.34359,41.89615,13.20256,43.34965,
PRY,2016,5670.5409,2456.88392,18.07486,3.75583,13.3866,6880868043.64371,6.50387,41.42202,7.35049,41.35572,
PRY,2017,5618.93345,2473.22974,16.98189,3.5925,14.50939,7877536165.92124,6.43777,41.93558,8.40067,41.07534,
PRY,2018,5732.10456,2537.22705,15.71771,3.48167,13.49296,7697884446.2912,5.67943,43.06412,8.05911,44.51219,
PRY,2019,6240.72208,2567.44946,15.48426,3.43833,12.05333,7717366750.62534,6.03054,46.06344,9.7969,47.65228,
PRY,2020,6771.09743,2538.99243,13.53731,3.3675,11.089,9202411639.30502,8.95571,54.17781,19.22236,50.64453,
PRY,2021,6774.16273,2628.08447,12.50974,3.42444,3.74521,9661226172.74015,7.25199,52.01844,8.30815,49.41283,
PRY,2022,6982.75238,2650.77594,,,,9518826116.61083,6.11078,50.03745,4.12246,50.95835,
PRY,2023,7288.87205,2614.35543,,,,9885683629.59266,5.96577,50.70133,8.70633,52.23315,
PRY,2024,7560.24759,2618.66324,,,,9567715594.05829,5.55063,52.59304,10.93704,57.38921,
PSE,1994,,0.57238,,,,,,,,,
PSE,1995,,0.60427,,,,,,,,,
PSE,1996,,0.60893,,,,,,,,,
PSE,1997,,0.57566,,,,,,,,,
PSE,1998,,0.53868,,,,,,55.29587,,18.02952,
PSE,1999,,0.51507,,,,,,62.53759,18.75141,21.37202,14.10189
PSE,2000,,0.55625,,,,,,77.37068,24.94683,21.48866,10.50399
PSE,2001,,0.55676,,,,,,80.47865,-3.45586,21.41061,12.79616
PSE,2002,,0.55639,,,,,,86.5642,-4.47139,24.19652,11.76528
PSE,2003,,0.53402,,,,,,84.45741,8.8764,21.69314,11.62248
PSE,2004,,0.49479,7.2825,1.075,12.75637,,,75.95794,4.33119,23.11761,16.88905
PSE,2005,,0.48002,7.335,2.2375,7.27469,,,70.85783,3.87654,26.44623,61.67958
PSE,2006,,0.49077,7.7275,2.97,2.21492,314081277.73,1.02089,72.05279,6.10247,26.21735,36.14906
PSE,2007,,0.50062,7.9775,3.015,3.06124,354784633.92,0.99197,79.78696,20.41133,22.86743,30.14788
PSE,2008,,0.5747,7.1875,0.805,-8.39329,509535838.78,1.31534,71.82554,13.15823,17.57292,24.9037
PSE,2009,,0.58176,6.18769,0.40377,4.25611,498173298.132,1.1902,68.85263,6.02741,19.53363,29.3773
PSE,2010,,0.65062,6.33375,0.29,-6.06253,531755697.08,1.18623,63.00567,9.5681,21.35953,25.30496
PSE,2011,,0.67202,6.78661,0.52907,1.29651,498047447.64,1.02738,56.69243,3.96364,22.95772,24.87435
PSE,2012,,0.61677,6.96808,0.45739,3.98604,664041719.54,1.24818,55.45844,6.76346,24.04757,23.41945
PSE,2013,,0.65738,7.51587,0.62264,1.68103,685224934.26,1.18325,55.47121,10.73205,24.11997,24.02782
PSE,2014,,0.62288,6.40856,0.82559,2.6394,672378108.54,1.09049,57.43898,7.1804,27.32468,22.7829
PSE,2015,,0.5671,6.78211,0.93837,10.89292,580939642.18,0.90115,63.46423,10.35319,32.60105,23.89854
PSE,2016,,0.5819,6.14972,1.0147,4.81022,312800333.67,0.46978,63.33522,10.0318,36.52793,22.00605
PSE,2017,,0.59286,5.7921,1.39348,2.48648,446349334.35,0.61572,68.15282,12.65386,41.74238,24.12878
PSE,2018,,0.57311,5.87296,2.26635,6.19366,537846124.64,0.69991,70.11213,3.82274,44.84029,22.94656
PSE,2019,,0.56186,5.93196,2.85212,2.0053,658352116.3,0.84564,73.25712,9.98643,44.92674,21.93072
PSE,2020,,0.54288,5.51731,2.43133,3.22479,697074683.28,1.01706,92.03365,13.88584,52.24382,22.19274
PSE,2021,,0.64958,5.55524,2.23815,-3.11942,872540971.01,1.02276,85.45329,8.2574,47.32952,24.33663
PSE,2022,,0.61655,,,,896900000.0,0.86768,80.64188,-0.12483,47.71062,25.54684
PSE,2023,,0.58068,,,,1323200000.0,1.34969,92.47991,6.79569,55.0584,25.91369
PSE,2024,,0.59305,,,,1328000000.0,1.90728,128.92467,7.09614,68.4843,29.75735
PYF,1960,89.765,,,,,,,,,,
PYF,1961,89.765,,,,,,,,,,
PYF,1962,89.765,,,,,,,,,,
PYF,1963,89.765,,,,,,,,,,
PYF,1964,89.765,,,,,,,,,,
PYF,1965,89.765,,,,,,,,,,
PYF,1966,89.765,,,,,,,,,,
PYF,1967,89.765,,,,,,,,,,
PYF,1968,89.765,,,,,,,,,,
PYF,1969,94.44,,,,,,,,,,
PYF,1970,100.985,,,,,,,,,,
PYF,1971,100.68945,,,,,,,,,,
PYF,1972,91.64597,,,,,,,,,,
PYF,1973,81.05022,,,,,,,,,,
PYF,1974,87.52855,,,,,,,,,,
PYF,1975,77.93159,,,,,,,,,,
PYF,1976,86.89067,,,,,,,,,,
PYF,1977,89.33764,,,,,,,,,,
PYF,1978,82.05628,,,,,,,,,,
PYF,1979,77.35295,,,,,,,,,,
PYF,1980,76.82856,,,,,,,,,,
PYF,1981,98.81096,,,,,,,,,,
PYF,1982,119.49261,,,,,,,,,,
PYF,1983,138.5688,,,,,,,,,,
PYF,1984,158.89257,,,,,,,,,,
PYF,1985,163.36756,,,,,,,,,,
PYF,1986,125.92881,,,,,,,,,,
PYF,1987,109.2855,,,,,,,,,,
PYF,1988,108.30792,,,,,,,,,,
PYF,1989,116.00246,,,,,,,,,,
PYF,1990,99.0049,,,,,,,,,,
PYF,1991,102.58384,,,,,,,,,,
PYF,1992,96.2511,,,,,,,,,,
PYF,1993,102.96772,,,,,,,,,,
PYF,1994,100.94617,,,,,,,,,,
PYF,1995,90.75414,,,,,,,,,,
PYF,1996,93.00941,,,,,,,,,,
PYF,1997,106.12156,,,,,,,,,,
PYF,1998,107.26381,,,,,,,,,,
PYF,1999,111.96691,,,,,,,,,,
PYF,2000,129.20104,,,,,,,,,,
PYF,2001,133.23779,,,,,,,,,,
PYF,2002,126.20031,,,,,,,,,,
PYF,2003,105.49494,,,,,,,,,,
PYF,2004,95.93334,,,,,,,,,,
PYF,2005,95.91884,,,,,,,,,,
PYF,2006,95.03967,,,,,,,,,,
PYF,2007,87.07305,,,,,,,,,,
PYF,2008,81.13633,,,,,,,,,,
PYF,2009,85.55578,,,,,,,,,,
PYF,2010,90.01297,,,,,,,,,,
PYF,2011,85.72955,,,,,,,,,,
PYF,2012,92.88041,,,,,,,,,,
PYF,2013,89.85022,,,,,,,,,,
PYF,2014,89.82434,,,,,,,,,,
PYF,2015,107.55323,,,,,,,,,,
PYF,2016,107.80682,,,,,,,,,,
PYF,2017,105.63308,,,,,,,,,,
PYF,2018,101.04682,,,,,,,,,,
PYF,2019,106.58893,,,,,,,,,,
PYF,2020,104.71061,,,,,,,,,,
PYF,2021,100.88022,,,,,,,,,,
PYF,2022,113.47437,,,,,,,,,,
PYF,2023,110.34717,,,,,,,,,,
PYF,2024,110.30634,,,,,,,,,,
QAT,1966,4.7619,,,,,7200000.0,,,,,
QAT,1967,4.7619,,,,,10992800.0,,,21.3235,,
QAT,1968,4.7619,,,,,15051500.0,,,6.99072,,
QAT,1969,4.7619,,,,,15912000.0,,,23.69439,,
QAT,1970,4.7619,,,,,18213450.0,,26.75597,4.5347,14.93981,
QAT,1971,4.74796,,,,,22602091.0,,25.14613,20.38439,14.25467,
QAT,1972,4.38598,,,,,33680516.94471,,29.67158,43.45741,14.86684,
QAT,1973,3.99629,,,,,54476551.89068,,24.49221,17.01528,15.86774,
QAT,1974,3.9474,,,,,98541299.35859,,11.06379,34.96989,7.93814,
QAT,1975,3.93072,,,,,123030069.91147,,17.70598,66.74962,11.39567,
QAT,1976,3.96343,,,,,155143483.87296,,20.78098,54.67916,11.97757,
QAT,1977,3.95902,,,,,191927824.83289,,24.90818,31.87693,17.20214,
QAT,1978,3.8769,,,,,267732582.15585,,26.19802,15.36575,18.39202,
QAT,1979,3.77332,,9.0,5.0,-15.22853,425873866.27351,,21.22503,9.61924,15.42446,
QAT,1980,3.65697,,9.5,6.0,-19.53595,623165565.25722,,18.43135,16.97263,12.89938,
QAT,1981,3.64,,9.5,6.0,0.33751,649222460.65328,,23.71012,41.65201,14.29667,
QAT,1982,3.64,,9.5,6.0,16.26229,796396713.25871,,30.98145,14.60718,20.16429,
QAT,1983,3.64,,9.5,6.0,26.26922,790573033.66716,,36.05361,-0.92506,25.72547,
QAT,1984,3.64,,9.5,6.0,10.5523,751527147.80321,,42.42747,21.98771,22.28938,
QAT,1985,3.64,,9.5,6.0,16.77749,797817433.66903,,50.47504,9.18872,28.77489,
QAT,1986,3.64,,9.5,6.0,40.45808,949348773.05159,,68.33524,11.17608,43.66504,
QAT,1987,3.64,,9.5,6.0,1.6363,1021465656.81913,,68.85175,8.60028,44.10214,
QAT,1988,3.64,,9.5,6.0,4.60046,835680713.84568,,56.90641,-8.36932,42.15369,
QAT,1989,3.64,,9.5,6.0,8.25079,894894192.2726,,60.34007,13.93129,44.6867,
QAT,1990,3.64,1.09357,9.5,6.0,-0.18482,951656596.25774,,50.75631,-4.57041,36.9719,
QAT,1991,3.64,1.00598,9.5,6.0,15.14043,960456460.66348,,55.54949,2.35208,53.25511,
QAT,1992,3.64,0.98134,8.125,4.75,8.36966,970357653.86328,,53.98674,7.95425,65.07976,
QAT,1993,3.64,0.90929,7.2,4.075,13.0155,1033371489.20667,,64.83301,12.40158,42.06065,
QAT,1994,3.64,0.90455,8.8625,4.84167,7.14528,969736639.65422,,68.61677,9.05797,35.5914,
QAT,1995,3.64,0.95479,10.19444,6.1875,2.25231,847608698.23655,,62.86375,1.10051,34.69617,
QAT,1996,3.64,1.00005,,6.5,,785283330.38602,,59.61063,5.56185,31.12718,
QAT,1997,3.64,0.94299,,6.625,,836347202.83819,,52.51508,9.86458,30.55004,
QAT,1998,3.64,0.7611,,6.5625,,1058940812.26675,,62.50495,8.04212,38.75596,
QAT,1999,3.64,0.86965,,6.5,,1309747493.01441,,57.59615,11.3534,34.76292,
QAT,2000,3.64,1.12808,,6.5,,1163240534.55416,,44.48241,10.67616,26.84899,
QAT,2001,3.64,1.0486,,,,1317979112.40082,,62.36553,38.45465,34.89328,
QAT,2002,3.64,1.06363,,,,1573357086.57437,,61.48414,8.84692,28.67825,
QAT,2003,3.64,1.22219,,,,2952140936.48056,,53.38213,5.52017,29.98816,
QAT,2004,3.64,1.34618,6.185,2.64667,-6.11969,3414202840.55407,,47.81381,20.77896,28.98487,
QAT,2005,3.64,1.70391,6.65167,3.185,-18.30132,4552170762.09192,,48.67715,42.85767,33.72159,
QAT,2006,3.64,1.79115,7.18,4.23167,-1.09044,5394808792.02756,,49.71465,39.63417,35.99746,
QAT,2007,3.64,1.93521,7.42833,4.425,-3.19143,9749045696.11503,,52.98443,39.5398,41.57684,119.814
QAT,2008,3.64,2.33341,6.84417,2.965,-13.06384,9996578243.98446,,43.85427,19.68947,40.80119,66.39241
QAT,2009,3.64,1.75746,7.04417,4.23667,41.25295,18803758797.55056,,60.41859,16.88903,51.73511,
QAT,2010,3.64,1.83535,7.27145,2.89854,1.4856,31181698262.51649,,58.82535,23.07686,45.24241,
QAT,2011,3.64,2.15251,5.48706,1.74784,-11.87412,16809490742.53297,3.19016,50.75563,17.09374,39.75302,
QAT,2012,3.64,2.18212,5.3811,1.66721,-0.89231,33185072530.08021,5.43006,56.03114,22.93401,37.12844,
QAT,2013,3.64,2.23079,5.11267,1.41784,4.31211,42082172537.96495,6.67016,62.99896,19.59351,40.00532,76.77651
QAT,2014,3.64,2.35098,4.96392,1.35183,6.54371,43215459717.53338,6.42598,67.14442,10.60093,46.09678,90.12512
QAT,2015,3.64,2.44872,4.43596,1.61199,39.48953,37257529105.03517,6.33001,88.56019,3.4439,70.84253,88.13936
QAT,2016,3.64,2.47917,4.04068,2.44803,14.301,31887349772.9792,5.33675,90.0857,-4.57154,79.76061,102.03763
QAT,2017,3.64,2.31826,4.69653,2.90618,-2.86773,15007730964.8132,2.52958,102.88729,21.26113,80.08167,81.07432
QAT,2018,3.64,2.35007,4.98064,3.45194,-6.61293,30358280804.07663,4.69638,84.51584,-6.51782,80.43675,88.93406
QAT,2019,3.64,2.26323,5.03907,3.62647,9.93785,39718464943.28268,5.94864,90.03283,2.48144,100.63605,90.7464
QAT,2020,3.64,2.29007,4.08648,2.5147,22.59962,40972506521.47964,6.77352,114.12118,3.78606,138.85767,114.52948
QAT,2021,3.64,2.23548,3.85107,1.8783,-15.19998,42212542110.08395,6.81464,93.01086,1.4358,123.31653,101.98441
QAT,2022,3.64,2.62668,4.56216,2.62274,-16.93299,47389335669.75125,5.86305,83.27468,17.41684,101.08398,70.38636
QAT,2023,3.64,2.30207,6.44901,5.00793,17.24057,51538727785.63898,6.48105,91.35939,1.144,115.73625,78.9441
QAT,2024,3.64,2.21464,6.18,5.20282,7.76605,53987415590.40338,6.69568,90.02894,-0.61548,119.38284,77.69786
ROU,1960,0.0006,,,,,,,,,,
ROU,1961,0.0006,,,,,,,,,,
ROU,1962,0.0006,,,,,,,,,,
ROU,1963,0.0006,,,,,,,,,,
ROU,1964,0.0006,,,,,,,,,,
ROU,1965,0.0006,,,,,,,,,,
ROU,1966,0.0006,,,,,,,,,,
ROU,1967,0.0006,,,,,,,,,,
ROU,1968,0.0006,,,,,,,,,,
ROU,1969,0.0006,,,,,,,,,,
ROU,1970,0.0006,,,,,,,,,,
ROU,1971,0.0006,,,,,,,,,,
ROU,1972,0.00055,,,,,,,,,,
ROU,1973,0.00188,,,,,470558568.45369,1.45834,,,,
ROU,1974,0.002,,,,,696928015.31241,1.47915,,26.39533,,
ROU,1975,0.002,,,,,903723291.35878,1.81592,,11.49754,,
ROU,1976,0.002,,,,,932008735.48243,1.67052,,16.45513,,
ROU,1977,0.002,,,,,760585078.43926,1.18364,,13.66995,,
ROU,1978,0.00184,,,,,1132422000.0,1.42398,,17.18286,,
ROU,1979,0.0018,,,,,2334697225.96301,2.36166,,10.16074,,
ROU,1980,0.0018,,,,,2511224000.0,2.06685,,12.76175,,
ROU,1981,0.0015,,,,,1830923000.50108,1.52492,40.60173,15.99751,,
ROU,1982,0.0015,,,,,2073349274.74434,2.17048,39.70443,14.04912,,
ROU,1983,0.00172,,,,,1906207982.51602,2.04675,37.31443,-0.68349,,
ROU,1984,0.00213,,,,,1859571164.96663,1.87772,37.354,6.27885,,
ROU,1985,0.00171,,,,,1447486000.0,1.79905,38.34043,2.81683,,
ROU,1986,0.00162,,,,,1851399083.60427,2.42303,40.5279,8.4337,,
ROU,1987,0.00146,,,,,2062340773.22135,2.64516,41.7992,3.93625,,
ROU,1988,0.00143,,,,,1374492620.87376,1.94206,45.44609,10.25577,,
ROU,1989,0.00149,,,,,2730584760.37532,3.64564,51.27137,5.31436,,
ROU,1990,0.00224,0.0007,,,,1374053812.57913,1.663,62.19815,30.09157,,
ROU,1991,0.00764,0.002,,,,1969442786.09049,3.76327,49.39739,104.02423,,
ROU,1992,0.0308,0.00586,,,,2324630290.73453,4.19608,35.15541,94.69554,,
ROU,1993,0.07601,0.01873,86.4,42.5,-43.05071,1921318130.7275,3.2282,28.79256,172.16674,,
ROU,1994,0.16551,0.04384,90.39167,57.0,-20.3459,3092362866.7373,4.62582,26.12977,125.44687,,
ROU,1995,0.20333,0.0618,50.71667,44.725,4.71273,2624348053.98616,2.70854,28.98576,69.61819,,
ROU,1996,0.30842,0.08762,55.13333,37.26,7.72977,3143305778.26157,2.92809,32.84377,69.54519,10.99098,
ROU,1997,0.71679,0.20319,72.525,55.83333,-26.69067,4679435903.12511,4.37569,31.30415,113.42968,8.29244,
ROU,1998,0.88756,0.29655,55.31667,37.275,4.8484,3795239426.86464,3.38508,33.16375,53.74885,11.66792,0.85521
ROU,1999,1.53328,0.43833,65.64167,45.86667,10.78046,2490772933.159,2.54117,33.4843,50.39908,7.98719,0.8725
ROU,2000,2.17087,0.61597,53.85,33.10833,7.45157,3395672575.31485,2.82091,32.1388,40.80978,7.12522,0.97652
ROU,2001,2.90608,0.81353,45.4,26.86667,5.39568,4857637360.90263,3.44901,26.13132,18.02225,8.65338,2.73078
ROU,2002,3.30554,0.97836,35.425,19.23333,10.35799,7285846580.42939,4.55912,29.53278,46.5971,10.08986,5.40318
ROU,2003,3.32001,1.17676,25.435,11.02417,1.85277,9449445049.34238,4.45256,28.36959,21.07233,14.13227,5.88689
ROU,2004,3.26366,1.26889,25.6125,11.53833,8.7963,16095478768.37996,5.25824,33.02559,48.42118,15.78193,14.6238
ROU,2005,2.91365,1.40128,19.60083,6.415,6.77979,21601177535.01415,6.72455,33.8164,20.04289,20.05825,16.10679
ROU,2006,2.80898,1.39975,13.98167,4.76833,3.05143,30206004058.70658,7.0477,32.29938,14.12674,26.00543,20.68038
ROU,2007,2.43825,1.48763,13.34833,6.7,-2.13087,39974195968.9892,6.25545,34.8064,33.83388,33.99995,17.55098
ROU,2008,2.51886,1.56624,14.98833,9.51333,-0.88485,39768375684.09953,5.12448,32.24855,17.49372,35.91492,7.06874
ROU,2009,3.04933,1.56645,17.275,11.98667,12.66522,44383053889.55973,8.6838,35.75187,9.03332,37.00856,7.50843
ROU,2010,3.1779,1.53808,14.0725,7.31333,7.68453,48047830952.69691,8.44154,37.51595,6.81737,38.28601,8.35035
ROU,2011,3.04861,1.55004,12.1275,6.2975,7.833,48044368558.62766,6.88282,36.75975,6.46701,37.43261,7.28046
ROU,2012,3.4682,1.56359,11.32917,5.505,7.24295,46711176509.76313,7.14725,35.73676,2.84245,35.96057,
ROU,2013,3.32792,1.60622,10.5225,4.55083,9.00237,48827640845.68752,6.84868,38.2421,8.80537,34.16965,12.94756
ROU,2014,3.34917,1.62837,8.46583,3.02,6.63788,43186336127.8466,5.79072,39.11941,8.33017,31.08576,11.20898
ROU,2015,4.00567,1.66287,6.7675,1.88833,3.39222,38700983240.83147,5.68126,40.17294,9.39347,29.90381,10.42196
ROU,2016,4.05918,1.59692,5.70917,1.11333,3.01038,39953479392.88536,5.40819,41.76605,9.74068,28.55862,9.75369
ROU,2017,4.05249,1.61358,5.56452,0.88767,0.87262,44429296937.01561,5.16027,41.0946,11.40767,26.66846,11.24029
ROU,2018,3.94162,1.66559,6.8082,1.30453,0.58969,42129061937.93407,4.21308,39.98485,8.88798,25.69174,8.6247
ROU,2019,4.23792,1.63678,7.16167,1.78583,0.18191,42006529633.50141,4.13981,39.87764,10.90511,24.71556,10.44076
ROU,2020,4.24399,1.61464,6.4864,1.92807,2.28549,52190562712.0396,5.47037,45.81861,15.31307,25.85472,10.17982
ROU,2021,4.16042,1.65245,5.6135,1.58014,0.00922,51885588481.08854,4.27805,47.58985,15.81473,26.48903,11.3266
ROU,2022,4.68848,1.73152,7.75709,4.18556,-3.83234,55810109299.05536,4.03915,43.55359,6.84221,25.22204,9.81443
ROU,2023,4.57429,1.81497,9.32096,6.43672,-2.69807,72999646521.50273,5.08847,41.89139,10.50426,23.25023,13.7638
ROU,2024,4.59837,1.88149,8.76208,5.5335,-0.75053,73391248091.27338,4.94653,42.1655,11.31194,22.72812,12.3936
ROU,2025,,1.95346,,,,,,,,,
RUS,1990,,0.00054,,,,,,,,,
RUS,1991,,0.0012,,,,,,,,,
RUS,1992,,0.01865,,,,,,,,,
RUS,1993,0.99167,0.17996,,,,9817681551.19222,,,,,
RUS,1994,,0.71766,,,,7206227228.19572,1.25549,,,,
RUS,1995,,1.71517,,,,18023640709.99869,2.43728,,,,
RUS,1996,5.12083,2.45598,,,,16257617319.22028,2.03041,,,,
RUS,1997,5.78483,2.77842,32.04167,16.76667,14.76046,17624090269.70762,2.01667,,,,
RUS,1998,9.70508,3.2584,41.79167,17.05,19.61608,12042972907.5766,1.60322,,,,
RUS,1999,24.6199,5.53964,39.71667,13.68333,-18.95155,12325102379.05286,2.37101,,,,
RUS,2000,28.12917,7.3014,24.43333,6.50833,-9.63311,27656266696.12632,4.74379,,,,
RUS,2001,29.16852,8.32282,17.90833,4.85,1.22658,36302524269.36997,5.23906,23.90777,,16.83777,
RUS,2002,31.34848,9.2735,15.7,4.95,0.03294,48325637167.0147,6.12767,26.40679,33.75607,17.97239,
RUS,2003,30.69203,9.86679,12.975,4.475,-0.60017,78409347970.68665,7.52555,29.99708,38.53504,21.24357,
RUS,2004,28.81374,11.55684,11.44167,3.79167,-7.32899,126257956295.7299,9.88537,31.11904,33.73515,24.3164,
RUS,2005,28.28444,12.73613,10.68333,3.99167,-7.20669,182272103917.6743,10.919,33.38028,36.1353,25.92254,
RUS,2006,27.19096,12.61829,10.425,4.075,-4.07869,303773185900.0981,13.60006,37.62204,40.38872,30.94192,
RUS,2007,25.58085,13.9845,10.03333,5.14167,-3.34493,478822286132.0503,16.0466,42.97675,41.09788,37.78358,
RUS,2008,24.85288,14.3412,12.225,5.75833,-4.90496,426278773721.6589,10.77981,39.50786,14.12935,41.55404,
RUS,2009,31.74036,14.01691,15.30833,8.58333,13.07997,439341754765.015,16.45168,49.29882,17.31647,45.26091,62.30225
RUS,2010,30.36792,15.82114,10.81667,6.00833,-2.95508,479222324221.266,14.15979,51.43911,24.51036,42.84005,62.38344
RUS,2011,29.38234,18.44373,8.45833,4.44167,-12.85694,497410212789.35376,11.63223,47.38647,19.58465,41.69861,38.29836
RUS,2012,30.83983,19.56826,9.1,5.53333,0.17642,537816372807.1288,11.52223,47.28942,13.05839,43.91396,37.37458
RUS,2013,31.83714,19.50559,9.46667,5.59167,3.93707,509692074388.8875,10.34152,51.20003,16.03132,48.02475,33.61687
RUS,2014,38.37821,20.99888,11.14167,6.04167,3.39715,386216337149.1123,8.51897,54.29533,14.82765,54.83228,18.7412
RUS,2015,60.93765,23.56263,15.71667,9.19583,7.89459,368042950258.8406,12.37797,61.82658,19.71703,55.95202,28.8407
RUS,2016,67.05593,24.19234,12.59833,6.96917,9.48435,377052204307.9455,13.22581,59.44583,-0.92447,53.10247,48.7201
RUS,2017,58.3428,24.12418,10.56,5.86083,4.9456,432730507964.1104,12.48623,59.52221,7.41111,52.0766,39.60267
RUS,2018,62.66813,24.5429,8.86667,5.36417,-1.02848,468645216082.71857,12.87216,59.11862,12.31911,51.24331,34.76174
RUS,2019,64.73766,23.93427,8.75333,5.40417,5.31671,555179461638.9249,14.49054,58.8783,5.10394,52.56143,46.7493
RUS,2020,72.10491,23.14517,6.77583,3.76917,5.82526,596769862769.5642,18.61861,69.92953,16.65641,59.58363,46.53074
RUS,2021,73.65435,23.68515,7.18108,3.78833,-9.32925,632241824796.4641,15.1215,,,54.64224,46.02319
RUS,2022,68.48494,26.12933,11.45917,7.60167,-5.69069,581709956946.206,16.09634,,,,23.13238
RUS,2023,85.16201,27.23913,11.6225,7.56833,3.35553,597217063819.1968,16.25859,,,,31.40169
RUS,2024,92.5524,29.06297,17.0925,14.61917,7.15331,608360767884.9023,16.77647,,,,
RWA,1960,50.0,,,,,,,,,,
RWA,1961,50.0,,,,,,,,,,
RWA,1962,50.0,,,,,,,,,,
RWA,1963,50.0,,,,,,,,,,
RWA,1964,50.0,,,,,4150000.0,,15.73846,,0.93846,
RWA,1965,50.0,,,,,3690000.0,,17.79436,29.41349,1.10215,
RWA,1966,87.5,,,,,5130000.0,,13.14152,8.15772,1.98146,
RWA,1967,100.0,,,,,6690000.0,,10.77651,20.0852,1.46779,
RWA,1968,100.0,,,,,5780000.0,,10.53484,5.5016,1.3583,
RWA,1969,100.0,,,,,3010000.0,,11.23317,16.84582,1.65819,
RWA,1970,100.0,,,,,7700000.0,,11.67985,21.16809,2.40655,
RWA,1971,99.70733,,,,,5778576.08341,,13.14125,13.74007,2.90733,
RWA,1972,92.105,,,,,6373429.78169,,13.0956,1.75949,2.03656,
RWA,1973,83.922,,,,,15181419.26887,,16.51189,35.52999,3.66025,
RWA,1974,92.30176,,,,,13107759.59328,,18.65516,32.79803,6.19003,
RWA,1975,92.27727,,,,,24916031.44334,,11.36517,12.09465,3.14251,
RWA,1976,97.01235,,,,,62103139.71124,,13.0055,34.16647,3.41878,
RWA,1977,95.93509,,,,,84079011.0941,,14.15385,25.99764,5.52436,
RWA,1978,89.48791,,,,,94967184.02559,,13.79469,10.27973,5.89661,
RWA,1979,86.69071,,,,,165104989.33613,,14.64656,25.98251,4.41801,
RWA,1980,86.06388,,,,,196075653.48535,,14.09955,8.09692,5.74729,
RWA,1981,87.16031,,,,,167713241.99751,,12.99552,4.67355,6.09255,
RWA,1982,93.05997,,,,,119120666.00523,,12.33556,1.35967,6.12922,
RWA,1983,96.09394,,,,,111299731.94606,,12.6969,11.75655,5.87127,
RWA,1984,100.23289,,,,,106494072.30491,,12.49511,10.12263,6.45367,
RWA,1985,101.24467,,,,,113309498.23064,,13.4184,17.23446,7.7188,
RWA,1986,87.59092,,,,,162658701.48032,,15.54882,13.63595,7.88909,
RWA,1987,79.46065,,,,,165386949.25382,,17.04307,10.31273,7.92132,
RWA,1988,76.44774,,,,,118829750.76101,,17.12947,7.36589,9.00601,
RWA,1989,80.14898,,,,,70022315.35277,,15.59565,-4.16651,9.22157,
RWA,1990,83.7041,60.72922,,,,44514230.27822,,14.87096,5.5934,6.92066,
RWA,1991,125.16425,67.54168,,,,110211742.87711,,14.00244,5.54157,5.1197,
RWA,1992,133.93858,70.84645,,,,78638180.77381,,13.86146,12.44015,5.67516,
RWA,1993,144.23702,78.80527,,,,47404713.20068,,13.58129,2.52213,6.32915,
RWA,1994,140.70385,90.42222,,,,51343323.8468,,22.42756,-3.7177,9.88228,
RWA,1995,262.18226,133.96968,,,,99096536.87973,,18.58994,69.54812,8.41488,
RWA,1996,306.82,145.92944,18.25583,11.0125,6.61226,106744696.0454,,16.14489,8.61066,6.80644,
RWA,1997,301.52982,165.86555,16.715,8.37975,0.94576,153343615.4392,,15.8288,29.05761,8.09027,
RWA,1998,312.31409,167.6769,15.71667,8.84467,13.19447,168751121.09554,,14.72461,3.52124,8.75921,
RWA,1999,333.94193,159.5238,16.3225,8.45275,4.69418,174181741.83018,,13.70271,7.89571,8.36367,
RWA,2000,389.69622,161.09962,16.48417,9.4855,12.78985,190641890.70065,,14.15647,15.62669,8.73226,
RWA,2001,442.99189,156.9335,16.35417,9.97917,16.81276,212109512.51118,,13.66382,4.29819,9.07882,
RWA,2002,475.36524,146.45436,16.215,9.64833,22.62486,243728532.49822,,14.63446,14.8958,9.42435,
RWA,2003,537.65498,172.86155,15.9925,9.165,-3.62974,214698552.2881,,13.98309,17.53693,8.92957,
RWA,2004,577.44897,187.01148,15.9875,9.23133,4.40397,314640045.45248,,13.78135,17.64673,9.83125,
RWA,2005,557.82264,197.70129,15.77917,8.67275,6.18941,256882287.17377,,13.76244,19.09193,10.3109,
RWA,2006,551.71033,196.50793,15.86583,8.20333,13.0822,381762789.72915,,15.53535,26.33311,11.76888,
RWA,2007,546.955,216.07426,15.99917,7.62,2.71227,783926885.38397,,17.05054,33.41242,12.03344,
RWA,2008,546.84865,242.63091,16.25167,6.07667,1.57062,769313046.83652,,15.69953,17.14746,13.36428,
RWA,2009,568.28133,258.3797,16.72333,8.10833,8.9369,1009885490.217,,14.33473,3.94594,11.16028,
RWA,2010,583.13091,263.41349,17.00083,6.76417,13.38699,806395755.95993,5.69636,15.55429,20.17835,11.4913,
RWA,2011,600.30652,276.64923,16.6675,7.74917,8.84028,717570235.83679,3.8301,17.33427,28.9651,13.26603,
RWA,2012,614.29514,298.51284,16.70167,8.84583,11.43861,474526025.97395,2.27392,17.24589,13.19237,15.75152,
RWA,2013,646.63597,301.42626,17.31917,9.92486,14.24628,654417583.4641,2.97395,17.98232,12.12848,16.21648,
RWA,2014,682.4378,294.91395,17.25917,8.24148,11.96077,945137111.23345,3.96943,18.9489,17.16811,17.6304,
RWA,2015,719.85956,296.71677,17.33333,8.23844,16.76593,917982055.12713,3.57592,20.81626,20.16548,20.99971,
RWA,2016,787.25152,307.71444,17.29167,7.9144,11.67431,1013798070.46449,3.59818,20.28805,8.47697,20.47517,
RWA,2017,831.55434,320.4201,17.17083,7.7157,8.32839,1179023818.21496,4.1816,19.70814,9.1878,20.59441,
RWA,2018,861.09341,312.66553,16.94667,7.50677,17.65652,1354679758.16221,4.38854,21.73079,18.93161,21.39988,35.55182
RWA,2019,899.35051,311.86121,16.5275,7.64317,13.71735,1464534537.8348,4.30466,21.35445,10.20974,21.46055,31.05737
RWA,2020,943.27805,321.47244,16.345,7.64225,9.02727,1719664098.77361,5.44665,25.14775,21.42797,25.05107,34.3377
RWA,2021,988.62481,300.0285,16.17583,8.05025,12.85188,1867245803.70416,5.47318,26.06175,18.27153,25.34315,32.24676
RWA,2022,1030.3083,324.34298,16.385,7.6635,0.49536,1725586898.68952,3.93246,25.57308,22.9142,22.84663,25.86834
RWA,2023,1160.09869,350.48632,16.0575,9.65091,3.67013,1834052909.65197,3.60404,26.3281,24.76236,22.35462,20.46404
RWA,2024,1318.12836,355.08558,16.01667,10.33075,11.81027,2406465191.3504,4.18468,27.67415,18.76379,22.60971,19.32942
SAU,1960,4.5,,,,,185058400.0,,12.82645,,6.97891,
SAU,1961,4.5,,,,,238033550.0,,12.7261,9.01883,7.31173,
SAU,1962,4.5,,,,,267921030.0,,12.75589,11.18182,7.65562,
SAU,1963,4.5,,,,,513943320.0,,14.85916,20.68684,6.98662,
SAU,1964,4.5,,,,,585032480.0,,14.9909,8.40108,7.79527,
SAU,1965,4.5,,,,,726260320.0,,15.00529,11.75,8.66077,
SAU,1966,4.5,,,,,747859490.0,,16.11566,18.45638,9.42743,
SAU,1967,4.5,,,,,761879200.0,,16.51133,14.25873,8.40577,
SAU,1968,4.5,,,,,684960000.0,,14.85911,15.71074,7.35261,
SAU,1969,4.5,,,,,607180000.0,,14.69088,5.90315,7.98821,
SAU,1970,4.5,,,,,669558000.0,,12.99157,6.0091,7.06794,
SAU,1971,4.48683,,,,,1462013712.52958,10.96346,11.12324,14.06305,5.63421,
SAU,1972,4.14475,,,,,2583652932.52958,16.60249,12.58688,40.60461,4.55088,
SAU,1973,3.70659,,,,,4093816070.16758,10.11606,12.29153,35.07081,4.26702,
SAU,1974,3.55,,,,,14727449735.13498,21.61176,6.06373,43.54919,2.7506,
SAU,1975,3.51761,,,,,23625313525.31338,22.67522,10.8069,81.8857,4.08546,
SAU,1976,3.53,,,,,27314909463.73952,15.17455,13.10516,66.52869,4.37479,
SAU,1977,3.52506,,,,,30410993714.06732,12.56259,17.42055,53.86257,4.08461,
SAU,1978,3.39956,,,,,20225550056.78853,6.23467,21.26789,27.38353,5.27652,
SAU,1979,3.36084,,,,,21611589270.77141,5.15646,17.55164,13.69786,7.11117,
SAU,1980,3.32674,,,,,26128874848.19993,4.99994,14.14698,17.35985,6.80489,
SAU,1981,3.38251,,,,,34051190079.94951,5.12531,16.52186,32.99922,6.93819,
SAU,1982,3.42817,,,,,31649049103.40323,5.02986,23.56446,20.19607,9.54804,
SAU,1983,3.45476,,,,,29040756672.70105,4.74144,30.71783,10.74212,12.73673,
SAU,1984,3.52381,,,,,26165371829.22046,4.86489,34.47858,6.0232,14.14612,
SAU,1985,3.62214,,,,,26506763265.37785,6.6348,39.06451,1.14182,15.89403,
SAU,1986,3.70625,,,,,20120464281.79026,6.34876,49.85988,9.21862,18.40389,
SAU,1987,3.75,,,,,24909304907.72178,7.92057,52.0873,4.11407,18.32294,
SAU,1988,3.75,,,,,22438214642.50247,7.60446,53.82138,6.4162,21.33693,
SAU,1989,3.75,,,,,18590557936.55216,5.56752,50.25514,0.87335,20.52307,
SAU,1990,3.75,0.89583,,,,13437132418.9441,3.5754,42.60047,4.58206,14.82211,
SAU,1991,3.75,0.90003,,,,13298434203.75631,2.39544,43.41454,14.55391,14.8717,
SAU,1992,3.75,0.8724,,,,7466618402.50526,1.39155,42.73434,2.05469,16.75855,
SAU,1993,3.75,0.82346,,,,9223544328.28464,2.10554,45.54797,3.38084,20.46972,
SAU,1994,3.75,0.81189,,,,9138918507.29267,2.59742,46.14199,2.98557,22.35976,
SAU,1995,3.75,0.84065,,,,10399125055.27345,2.652,44.97319,3.3566,22.56863,
SAU,1996,3.75,0.88453,,,,16017714791.00185,3.6777,43.57947,7.25699,20.79244,
SAU,1997,3.75,0.88609,,,,16210181642.44547,3.52197,43.83308,5.21044,21.50873,
SAU,1998,3.75,0.7548,,,,15542900630.16202,3.93548,51.29464,3.63103,29.18835,
SAU,1999,3.75,0.82527,,,,18330921206.13485,4.64114,49.73692,6.83396,26.74462,
SAU,2000,3.75,0.90309,,,,20846854711.0682,4.48341,44.33698,4.46596,24.23561,
SAU,2001,3.75,0.8552,,,,18866525322.48189,4.30973,47.95317,5.0873,27.09048,
SAU,2002,3.75,0.87313,,,,22185731358.22892,4.97355,53.64811,15.19839,28.9484,
SAU,2003,3.75,0.89598,,,,24537673815.33401,4.9905,51.13736,8.49234,28.23331,
SAU,2004,3.75,0.96299,,,,29303891020.47485,4.98463,50.01017,17.25199,32.35426,
SAU,2005,3.75,1.11792,,,,157386678400.9614,20.14589,44.64607,13.24101,35.41892,
SAU,2006,3.75,1.20383,,,,228956885016.2882,23.7894,46.87477,20.40839,33.72459,
SAU,2007,3.75,1.26639,,,,309287347097.3685,25.45339,50.99316,20.14137,37.07159,
SAU,2008,3.75,1.4624,,,,451278977577.8574,30.68249,48.1037,17.95967,37.68432,
SAU,2009,3.75,1.21276,,,,420983696036.328,29.93392,64.57073,10.81024,45.6298,74.27995
SAU,2010,3.75,1.40419,,,,459313194915.4392,30.53953,55.16822,5.17234,39.16419,66.90734
SAU,2011,3.75,1.58635,,,,556570950256.256,32.61377,48.48876,13.26045,33.62869,49.78593
SAU,2012,3.75,1.65684,,,,673739616018.3594,36.47471,51.13121,16.48948,35.56851,49.65609
SAU,2013,3.75,1.67991,,,,737796355078.2903,37.37372,54.11809,8.35199,39.01134,60.71612
SAU,2014,3.75,1.66625,,,,744440513643.462,33.50783,59.1791,11.82326,42.55708,61.37504
SAU,2015,3.75,1.61708,,,,626989686477.742,29.52361,69.1306,2.9048,52.76018,60.72272
SAU,2016,3.75,1.67218,,,,547266635919.1207,31.69619,69.92622,0.54771,54.37577,65.11598
SAU,2017,3.75,1.68927,,,,509457096430.1557,28.77985,65.12022,0.15085,50.13759,60.89295
SAU,2018,3.75,1.85423,,,,509468527336.4727,27.25376,,,,55.98611
SAU,2019,3.75,1.86157,,,,514962537825.3022,25.5992,,,,270.76683
SAU,2020,3.75,1.92074,,,,472850970844.84607,27.835,,,,316.30947
SAU,2021,3.75,1.90943,,,,473889603512.9361,25.1184,,,,271.84663
SAU,2022,3.75,2.00663,,,,478231707665.6999,20.02303,,,,212.94843
SAU,2023,3.75,1.89462,,,,457948635287.4877,16.56909,,,,247.44812
SAU,2024,3.75,1.84526,,,,463869589071.0292,15.05713,,,,219.95414
SDN,1960,0.00035,,,,,190600000.0,,9.9949,,8.87047,
SDN,1961,0.00035,,,,,177100000.0,,11.09206,20.48469,9.14514,
SDN,1962,0.00035,,,,,170200000.0,,12.0973,18.46284,10.07351,
SDN,1963,0.00035,,,,,101190000.0,,17.89373,50.47364,12.72689,
SDN,1964,0.00035,,,,,71100000.0,,14.63591,-15.96389,11.45014,
SDN,1965,0.00035,,,,,59700000.0,,14.605,4.0,9.08098,
SDN,1966,0.00035,,,,,57200000.0,,16.04953,12.74803,9.56084,
SDN,1967,0.00035,,,,,54700000.0,,16.69644,12.64465,11.16491,
SDN,1968,0.00035,,,,,47700000.0,,16.76309,4.79401,12.12256,
SDN,1969,0.00035,,,,,36400000.0,,17.90766,17.63505,10.27048,
SDN,1970,0.00035,,,,,21740000.0,,17.76426,12.7691,9.68549,
SDN,1971,0.00035,,,,,27900000.0,,17.57028,7.76692,8.76381,
SDN,1972,0.00035,,,,,35587443.68415,,19.21467,18.66429,9.80685,
SDN,1973,0.00035,,,,,61330424.05022,,19.16286,23.59598,9.21885,
SDN,1974,0.00035,,,,,124272496.2368,,20.14799,35.26518,8.9387,
SDN,1975,0.00035,,,,,36369221.05379,,19.64154,18.76575,11.07955,
SDN,1976,0.00035,,,,,23600000.0,,19.68478,24.94998,10.90792,
SDN,1977,0.00035,,,,,23148588.50402,0.29835,22.54902,42.85714,10.13289,
SDN,1978,0.00038,,,,,28355858.68295,0.36637,24.46581,27.48981,11.18669,
SDN,1979,0.00043,,,,,67399668.04969,0.74611,27.04752,30.17878,12.75706,
SDN,1980,0.0005,,,,,48725508.25195,0.37091,28.24415,29.36758,13.2456,
SDN,1981,0.00056,,,,,16970337.7803,0.09066,29.86788,41.99165,12.93749,
SDN,1982,0.00095,,,,,20500000.0,0.19336,30.4721,41.1709,13.73882,
SDN,1983,0.0013,,,,,16562817.3586,0.15593,29.07133,22.74374,12.86937,
SDN,1984,0.0013,,,,,17200000.0,0.19698,27.38166,19.56501,11.84805,
SDN,1985,0.0023,,,,,12200000.0,0.14092,32.82936,64.2426,10.11631,
SDN,1986,0.0025,,,,,58512231.96702,0.76708,30.9657,27.90884,10.4556,
SDN,1987,0.003,,,,,11714186.61068,0.13811,29.39223,36.48756,10.45562,
SDN,1988,0.0045,,,,,12113456.95792,0.1127,21.89945,32.82506,6.97147,
SDN,1989,0.0045,,,,,15913141.6406,0.12346,22.5413,53.31691,5.12931,
SDN,1990,0.0045,0.00385,,,,11414226.57239,0.13365,21.33771,48.75181,5.06462,
SDN,1991,0.00696,0.00704,,,,7614304.30989,0.06238,17.6157,67.54989,4.57256,
SDN,1992,0.09743,0.0144,,,,27518806.65156,0.2981,18.94216,139.78841,3.89778,
SDN,1993,0.15931,0.02777,,,,37430695.74316,0.67696,18.70457,103.91974,3.1851,
SDN,1994,0.28961,0.0705,,,,78155912.52202,0.72986,10.79776,51.17554,2.38142,
SDN,1995,0.58087,0.14124,,,,163360977.82046,1.57684,8.59949,72.68036,1.62666,
SDN,1996,1.25079,0.18387,,,,106782702.9225,0.83155,10.14342,65.61749,2.82836,
SDN,1997,1.57574,0.24929,,,,81584278.55959,0.61188,8.57855,38.0039,2.1379,
SDN,1998,2.00802,0.29006,,,,90623304.61096,0.5586,9.08172,29.9306,1.96259,
SDN,1999,2.5255,0.33128,,,,188738166.78331,1.36924,9.38956,23.46676,1.61553,
SDN,2000,2.57123,0.35586,,,,137814239.25002,0.63766,10.99974,36.85801,2.26814,
SDN,2001,2.58702,0.42157,,,,49736273.15716,0.22717,10.61661,24.51462,2.48745,
SDN,2002,2.63306,0.45996,,,,248935516.45567,0.7966,11.7895,30.43274,3.73618,
SDN,2003,2.60983,0.49525,,,,529445721.88347,1.49645,12.94666,28.15983,5.01728,
SDN,2004,2.57905,0.5656,,,,1337996807.7002,2.77534,13.6672,30.16531,6.12854,
SDN,2005,2.43606,0.64741,,,,1868587865.83723,2.51979,15.71652,43.41738,7.81358,
SDN,2006,2.17153,0.6761,,,,1659926271.61073,1.44957,18.1155,32.18881,11.04812,
SDN,2007,2.0161,0.75903,,,,1377921603.31558,1.18516,16.45855,10.76828,9.81286,
SDN,2008,2.09016,0.81089,,,,1399041059.55575,1.02462,16.93331,16.34166,9.37979,
SDN,2009,2.30153,0.82093,,,,1094176669.31606,0.88953,21.16381,23.7871,11.55851,
SDN,2010,2.306,0.99493,,,,1036244170.70595,0.79317,20.97614,26.27252,10.50269,
SDN,2011,2.66662,1.23148,,,,192529339.69752,0.15587,20.19578,17.72009,9.29192,
SDN,2012,3.57296,1.64817,,,,192632614.66959,0.18839,26.01886,39.1406,11.94236,
SDN,2013,4.75676,2.23143,,,,192956941.62325,0.17067,21.15119,13.07359,10.51779,
SDN,2014,5.73687,2.66429,,,,181457168.97703,0.19499,17.63501,16.99014,8.15065,
SDN,2015,6.02573,3.03404,,,,173516490.88674,0.18385,18.34471,20.87694,8.12473,
SDN,2016,6.21171,3.46689,,,,168284353.05378,0.20637,18.84249,28.25889,8.21972,
SDN,2017,6.68336,4.77296,,,,177933851.81314,0.18615,23.45765,68.78463,8.38976,
SDN,2018,24.32891,7.08527,,,,,,32.73487,111.82633,9.35476,
SDN,2019,45.76705,10.97369,,,,,,35.24732,60.07893,9.17362,
SDN,2020,53.99601,25.95143,,,,,,31.8835,87.99138,7.89089,
SDN,2021,370.79058,85.72269,,,,,,,,6.61986,
SDN,2022,546.75885,173.53793,,,,,,,,5.6398,
SDN,2023,,217.2435,,,,,,,,,
SDN,2024,,729.47669,,,,,,,,,
SEN,1960,245.1951,,,,,,,,,11.72692,
SEN,1961,245.2601,,,,,,,,,11.26579,
SEN,1962,245.01385,,,,,,,13.72404,,12.89684,
SEN,1963,245.01635,,,,,,,11.6097,-12.54795,12.46442,
SEN,1964,245.02718,,,,,,,10.62404,-3.03885,12.07262,
SEN,1965,245.06093,,,,,,,10.11675,-3.06947,11.64775,
SEN,1966,245.67844,,,,,,,9.07819,-7.3,10.0575,
SEN,1967,246.00094,,,,,,,8.49543,-6.32866,8.83133,
SEN,1968,247.56469,,,,,,,9.1437,13.78119,10.06671,
SEN,1969,259.96057,,,,,,,9.18285,0.29015,10.72991,
SEN,1970,276.40314,,,,,,,10.3927,25.37509,10.47245,
SEN,1971,275.35646,,,,,,,10.31466,2.08484,10.79507,
SEN,1972,252.02763,,,,,,,10.48493,12.57688,11.56962,
SEN,1973,222.88918,,,,,,,12.60969,22.27592,15.28683,
SEN,1974,240.70467,,,,,,,15.28901,47.51776,17.74133,
SEN,1975,214.3129,,,,,,,14.19446,11.44736,17.62974,
SEN,1976,238.95049,,,,,,,16.57317,31.99229,17.77947,
SEN,1977,245.67969,,,,,,,18.14445,15.2418,20.03496,
SEN,1978,225.65586,,,,,,,21.45735,21.2751,26.49726,
SEN,1979,212.72164,,,,,,,18.54255,1.44176,26.74333,
SEN,1980,211.27956,,,,,,,18.64762,10.28276,28.29833,
SEN,1981,271.73145,,,,,,,19.48997,22.0764,29.12147,
SEN,1982,328.60625,,,,,,,19.88879,20.93629,26.90511,
SEN,1983,381.06604,,,,,,,20.07109,4.06503,27.09805,
SEN,1984,436.95667,,,,,,,18.85366,5.17108,24.53617,
SEN,1985,449.26296,,,,,,,17.49188,4.52573,23.12704,
SEN,1986,346.3059,,,,,,,17.86873,11.18093,20.979,
SEN,1987,300.53656,,,,,,,17.07097,-0.25019,20.70358,
SEN,1988,297.84822,,,,,,,17.49699,0.49938,22.6002,
SEN,1989,319.0083,,,,,,,18.16708,10.29859,21.7822,
SEN,1990,272.26479,172.26019,,,,,,17.45165,-4.81406,20.4486,
SEN,1991,282.10691,165.08616,,,,,,18.1561,5.8174,19.37479,
SEN,1992,264.6918,160.07231,,,,,,18.71787,3.59087,20.41727,
SEN,1993,283.16258,156.4977,,,,,,16.12983,-12.58083,20.44778,
SEN,1994,555.2047,205.38625,,,,,,16.69701,38.68877,12.5997,
SEN,1995,499.14843,215.4775,,,,,,15.87719,7.42378,11.33181,
SEN,1996,511.55243,220.40946,,,,,,16.68809,11.69286,12.33925,
SEN,1997,583.66937,220.95846,,,,,,16.47359,3.73297,12.22686,
SEN,1998,589.95177,224.57505,,,,,,16.41995,8.48703,11.46281,
SEN,1999,615.47335,220.27787,,,,,,17.5713,13.13822,11.98295,
SEN,2000,710.20798,218.21751,,,,,,18.50168,10.8194,14.57552,
SEN,2001,732.39769,228.34017,,,,,,15.14804,-8.62279,13.75203,
SEN,2002,693.71323,229.1286,,,,,,15.93897,7.29912,14.14664,
SEN,2003,579.89743,222.61882,,,,,,20.26924,33.04225,15.42895,
SEN,2004,527.33803,216.49664,,,,,,22.26236,14.77802,16.12544,
SEN,2005,527.25836,219.82468,7.04917,7.6075,2.22333,,,22.28034,9.32285,18.38132,
SEN,2006,522.42562,219.40172,4.73667,7.82167,1.79926,,,23.75537,12.25363,18.184,
SEN,2007,478.63372,227.68879,4.75167,7.81333,-1.72349,,,24.47664,12.92987,18.36719,
SEN,2008,446.00004,241.73932,4.98417,8.12417,-2.98695,,,23.86723,9.42986,19.15091,
SEN,2009,470.29342,236.19941,4.9775,8.57917,6.78107,,,26.74836,13.21079,19.6488,
SEN,2010,494.79426,237.1075,5.11333,8.38667,3.45351,,,28.37067,11.42107,20.64739,
SEN,2011,471.24863,241.27606,5.25592,8.50083,1.34651,,,28.97855,7.49802,23.26398,
SEN,2012,510.55634,245.06567,5.03917,7.9925,1.7091,,,28.65144,6.19572,23.74185,
SEN,2013,493.89962,246.13779,5.2875,7.65417,4.05329,,,29.8713,8.03914,25.83778,
SEN,2014,493.75733,242.0323,5.33833,7.25833,6.95969,,,31.72897,11.11974,26.2683,
SEN,2015,591.2117,240.49167,5.15417,6.99833,4.04115,,,35.28983,19.56992,26.02709,
SEN,2016,592.60562,242.00881,5.295,6.925,4.29827,,,37.37748,13.72434,,
SEN,2017,580.65675,243.5838,,,,,,37.79342,9.25315,,
SEN,2018,555.44646,238.68805,,,,,,40.96284,14.14956,,
SEN,2019,585.91101,229.86734,,,,,,41.50895,8.21945,,
SEN,2020,575.586,224.08723,,,,,,45.28718,12.33854,,
SEN,2021,554.53068,212.33055,,,,,,48.32679,15.3406,,
SEN,2022,623.7597,216.72572,,,,,,51.73676,21.57002,,
SEN,2023,606.56975,215.58373,,,,,,52.78134,9.60914,,
SEN,2024,606.3453,212.04044,,,,,,51.30677,3.85503,,
SGP,1960,3.06122,,,,,115000000.0,,,,,
SGP,1961,3.06122,,,,,123000000.0,,,,,
SGP,1962,3.06122,,,,,165000000.0,,,,,
SGP,1963,3.06122,,,,,433200000.0,,52.83019,,33.67747,
SGP,1964,3.06122,,,,,431000000.0,,56.91948,4.98652,37.92196,
SGP,1965,3.06122,,,,,430100000.0,,55.2688,5.84082,37.27041,
SGP,1966,3.06122,,,,,394300000.0,,56.36992,14.7362,37.48063,
SGP,1967,3.06122,,,,,495600000.0,,58.36566,16.91332,35.77931,
SGP,1968,3.06122,,,,,712420000.0,,63.19311,24.68354,38.28705,
SGP,1969,3.06122,,,,,826630000.0,,65.57377,20.81218,41.80033,
SGP,1970,3.06122,,,,,1012040000.0,,65.44997,15.48619,45.31152,
SGP,1971,3.0507,,,,,1452297171.71717,,60.67909,9.27755,44.87799,
SGP,1972,2.8125,,,,,1748418886.06495,5.6087,63.62092,25.61237,50.25114,
SGP,1973,2.45737,,,,,2285755202.37802,4.84776,58.69791,15.52442,59.08269,
SGP,1974,2.43687,,,,,2811935427.80185,3.73084,53.96138,13.47099,53.31453,
SGP,1975,2.3713,,,,,3006633951.45388,4.08985,59.46666,17.90872,56.00676,
SGP,1976,2.47084,,,,,3363763124.64229,4.07501,61.33276,12.71436,57.34034,
SGP,1977,2.4394,,,4.06417,,3857669709.94044,4.03188,59.9638,6.56379,58.1721,
SGP,1978,2.27402,,7.17,4.74833,3.0066,5302666624.99944,4.48379,59.23413,10.76892,60.19392,
SGP,1979,2.17456,,8.50333,6.20083,3.10536,5818480919.81976,3.60842,61.01357,18.75345,64.58952,146.38964
SGP,1980,2.14121,,11.72167,9.36833,0.53502,6566785016.54948,2.95195,62.09992,24.54454,68.90713,205.25709
SGP,1981,2.11269,,13.645,10.71,7.33835,7549238396.65926,2.95246,64.80957,22.44631,75.34265,245.55265
SGP,1982,2.14002,,10.22833,7.215,5.4484,8479773882.97042,3.23273,67.10769,15.927,80.12077,72.94439
SGP,1983,2.11305,,9.05083,6.31417,5.69866,9264230225.75955,3.53769,67.06868,11.93212,85.60881,87.29893
SGP,1984,2.13308,,9.71917,6.975,8.86143,10415963053.08292,3.90488,64.98859,6.24878,85.32868,62.00965
SGP,1985,2.20015,,8.06417,4.99333,9.67138,12846550087.87346,5.22229,68.88417,3.79056,87.60535,57.78321
SGP,1986,2.17742,,6.82,3.91083,8.17524,12938978724.93976,5.30425,75.70055,9.97584,84.35002,89.41856
SGP,1987,2.10598,,6.1,2.88583,5.53809,15227011369.1498,4.8423,81.4279,19.81522,80.57608,85.45641
SGP,1988,2.01242,,5.96417,2.7375,0.50597,17072512755.85041,4.1001,78.76883,13.47533,76.35269,94.64086
SGP,1989,1.95026,,6.21167,3.2125,1.97054,20371048592.53029,4.30216,84.07643,22.47196,79.54036,117.91919
SGP,1990,1.81253,0.9714,7.3625,4.67167,2.5455,27789982289.34003,4.73326,87.73299,19.98021,79.16467,94.81015
SGP,1991,1.72755,0.9813,7.58333,4.63,3.01429,34186648637.51448,5.30244,88.54026,12.44563,79.8711,104.67872
SGP,1992,1.62897,0.97275,5.9525,2.86917,4.50232,39941405839.6469,5.66613,89.17548,8.89534,81.08554,93.86603
SGP,1993,1.61579,0.98306,5.38833,2.30083,1.8676,48416241487.70721,5.82258,83.87194,8.45394,80.9717,218.91008
SGP,1994,1.52744,0.99584,5.87833,3.00167,2.33475,58295758863.24585,5.89416,83.49666,14.42835,81.19024,181.9661
SGP,1995,1.41738,1.00637,6.36917,3.50417,3.0946,68816102850.18611,5.33344,81.92616,8.49968,88.2935,168.54568
SGP,1996,1.41004,1.00317,6.26,3.41,4.68324,76963971491.10191,5.6207,82.45199,9.79033,93.74181,155.81966
SGP,1997,1.48481,0.99686,6.3225,3.47167,5.18129,71390079571.80174,5.22617,83.03535,10.2661,96.4703,104.30886
SGP,1998,1.6736,0.97268,7.44167,4.60417,8.88863,75077193404.11002,6.72327,112.0642,30.24853,107.93107,110.79979
SGP,1999,1.69496,0.92479,5.8,1.68333,9.7258,77047140631.98694,6.07284,119.29642,8.51453,102.7073,223.65307
SGP,2000,1.72396,0.93925,5.83333,1.71167,1.89658,81084978988.86638,5.25898,103.17909,-2.04959,96.05246,159.06735
SGP,2001,1.79172,0.9019,5.64833,1.52,7.60067,76599880561.28566,5.58718,112.44574,5.85788,115.02397,128.83808
SGP,2002,1.79059,0.88013,5.34583,0.86917,6.29925,83413380412.00076,5.89467,108.81736,-0.33205,102.02422,109.66856
SGP,2003,1.74218,0.84756,5.30667,0.5025,7.23589,97742808490.41176,6.14268,114.52551,8.05293,104.7828,152.08204
SGP,2004,1.69023,0.85805,5.3,0.40333,1.28942,114161298698.2321,5.58812,106.45209,6.23605,95.72897,189.07117
SGP,2005,1.6644,0.84777,5.3,0.44083,3.33608,118061328490.524,4.933,103.32569,6.19365,89.22336,201.34895
SGP,2006,1.58893,0.83758,5.3125,0.57,3.40551,138652617421.3878,4.90076,111.09885,19.36883,84.28706,258.55707
SGP,2007,1.5071,0.86374,5.33,0.52917,-0.55404,166160593181.6716,5.08024,109.11666,13.41191,85.35176,297.98362
SGP,2008,1.41486,0.8357,5.38,0.41917,6.85628,177543472508.2705,4.63163,121.70857,12.04869,97.86436,136.8547
SGP,2009,1.45451,0.85511,5.38,0.2925,2.35647,192046029172.2124,6.00113,131.45033,11.33681,96.86138,247.87329
SGP,2010,1.36351,0.85421,5.38,0.20583,4.22538,231259743357.5345,5.80777,123.2786,8.59032,94.8584,269.89361
SGP,2011,1.25778,0.84674,5.38,0.16833,4.16049,243798272471.038,5.16537,126.18065,9.98813,104.70367,214.16101
SGP,2012,1.24968,0.84543,5.38,0.13583,4.86058,265910197708.28036,5.43623,128.91278,7.22531,112.97354,259.26682
SGP,2013,1.2513,0.85792,5.38,0.14,5.83622,277797711589.929,5.43683,128.85084,4.31566,124.06595,242.0255
SGP,2014,1.26705,0.8626,5.35,0.14417,5.63232,261582777243.0747,5.12342,128.44557,3.33172,128.12976,239.09752
SGP,2015,1.37482,0.87777,5.35,0.16667,2.21015,251875782494.8416,5.41631,122.85926,1.52399,122.42135,207.77887
SGP,2016,1.38155,0.87602,5.35,0.19,4.80291,251058293461.8823,5.59069,127.2826,8.04392,123.48307,200.35496
SGP,2017,1.38092,0.88321,5.28,0.14167,2.34944,285000274600.2583,5.48781,122.22555,3.19856,120.83577,229.07082
SGP,2018,1.34884,0.86774,5.33,0.15667,1.66276,292715632357.0106,4.90922,118.4831,3.90188,117.70538,182.23653
SGP,2019,1.36416,0.85412,5.25,0.1975,5.69911,285477830549.3219,4.79837,123.26784,4.95135,119.46754,185.36464
SGP,2020,1.37974,0.83463,5.25,0.18333,7.83027,369834181899.8064,6.52663,148.61811,13.19103,129.19083,186.90678
SGP,2021,1.34348,0.81101,5.25,0.12167,-5.11974,425097835210.7997,5.86539,,,,151.94722
SGP,2022,1.37867,0.87,,,,296628740109.3796,3.52235,,,,121.67779
SGP,2023,1.34277,0.79763,,,,359834756845.9173,4.31235,,,,120.35195
SGP,2024,1.33623,0.80405,,,,383945953550.7914,4.18193,,,,116.48627
SLB,1960,0.89286,,,,,,,,,,
SLB,1961,0.89286,,,,,,,,,,
SLB,1962,0.89286,,,,,,,,,,
SLB,1963,0.89286,,,,,,,,,,
SLB,1964,0.89286,,,,,,,,,,
SLB,1965,0.89286,,,,,,,,,,
SLB,1966,0.89286,,,,,,,,,,
SLB,1967,0.89286,,,,,,,,,,
SLB,1968,0.89286,,,,,,,,,,
SLB,1969,0.89286,,,,,,,,,,
SLB,1970,0.89286,,,,,,,,,,
SLB,1971,0.88162,,,,,,,,,,
SLB,1972,0.8373,,,,,,,,,,
SLB,1973,0.70411,,,,,,,,,,
SLB,1974,0.69809,,,,,,,,,,
SLB,1975,0.76387,,,,,,,,,,
SLB,1976,0.81828,,,,,,,,,,
SLB,1977,0.90182,,,,,2870620.99998,0.79451,,,,
SLB,1978,0.87366,,,,,29185883.99975,6.23181,28.13814,,10.78351,
SLB,1979,0.86596,,,,,36957073.30578,5.28984,30.19847,44.94028,15.97939,
SLB,1980,0.82983,,,,,29604572.18979,3.03605,25.70919,-1.39029,19.54979,
SLB,1981,0.87017,,9.0,,-3.66288,21589414.22403,2.20584,19.06876,-17.5878,22.7729,
SLB,1982,0.9711,,10.58333,,-2.13663,37229915.39319,4.16362,21.18104,23.41908,21.62465,
SLB,1983,1.14856,,11.5,,4.25421,47329546.67039,5.36896,22.8661,19.9506,21.57372,
SLB,1984,1.27372,,12.0,,0.97157,44703981.41698,4.46881,27.77285,34.95399,24.23455,
SLB,1985,1.48077,,12.83333,,3.12967,35605975.39543,3.45543,26.89513,2.63273,31.97665,
SLB,1986,1.7415,,15.125,,9.54065,29571754.06407,2.80395,28.01654,9.25957,32.96402,
SLB,1987,2.00329,,17.33333,,5.23711,36748876.1367,3.38477,31.20755,34.65186,30.91119,
SLB,1988,2.08252,,18.0,,1.01698,39619761.81184,2.5987,34.84481,32.05716,34.55152,
SLB,1989,2.29324,,18.0,,14.06075,26162215.15494,1.73149,32.17995,-0.38416,39.25302,
SLB,1990,2.52878,1.89042,18.0,,-12.01052,17599672.64657,1.29065,25.78477,9.81964,19.08594,
SLB,1991,2.71475,1.96107,19.45833,,11.38755,8542562.9032,0.53776,28.09708,23.87498,16.13445,
SLB,1992,2.9281,2.16965,16.5625,,3.00949,23497502.99064,1.59883,27.42383,24.47223,16.81997,
SLB,1993,3.18773,2.4074,15.79167,,-1.04851,20068807.65208,1.084,26.05698,15.63365,16.49277,
SLB,1994,3.29136,2.52083,14.5,,-10.50289,17418038.84071,0.82746,23.57489,25.1261,13.80018,
SLB,1995,3.4059,2.70458,14.5,,4.52915,15905273.45376,0.79723,21.3503,9.21059,13.03953,
SLB,1996,3.56636,2.9769,15.4375,,2.99205,32583561.87233,1.59312,21.61737,15.31293,14.01034,
SLB,1997,3.71694,3.17439,14.66667,,5.70965,36339715.36203,1.43975,21.45613,6.68,14.41254,
SLB,1998,4.81565,3.48921,14.0,,2.56163,49034706.47584,2.62177,19.54139,2.54088,15.04331,
SLB,1999,4.83814,3.70457,14.04167,,5.91327,51143527.17076,2.79067,19.5084,6.97069,14.79502,
SLB,2000,5.08893,3.82389,10.33333,,4.52284,32044869.27724,2.18014,21.68026,0.56244,16.59408,
SLB,2001,5.27798,4.11017,10.0,,0.08461,18070277.34654,1.24948,19.25891,-10.13613,19.37375,
SLB,2002,6.74877,4.50378,10.0,,-1.14946,18687274.5467,1.75246,18.93958,6.36989,18.65718,
SLB,2003,7.50594,4.69278,10.0,,-12.61961,37005791.59828,2.72747,17.48729,23.8158,15.17779,
SLB,2004,7.48474,4.74181,10.0,,6.0119,79812571.618,5.59988,18.42559,17.7299,14.35618,
SLB,2005,7.52987,5.08973,9.25,,-1.31218,94825566.29343,4.54899,22.65317,46.11819,15.39742,
SLB,2006,7.60946,5.34931,8.16667,,-0.16125,104075013.50612,4.30933,25.38381,26.42363,18.5332,
SLB,2007,7.652,5.69225,8.0,,-1.18374,120530168.35939,3.56552,27.27261,21.70028,23.26788,
SLB,2008,7.74792,5.94372,8.0,,1.47557,88829534.56743,2.27204,26.05428,8.00531,25.24363,
SLB,2009,8.05504,6.19513,10.16667,,5.04792,145987707.52023,4.24056,28.214,16.81953,23.76909,
SLB,2010,8.0645,6.22755,14.43333,3.28833,12.4708,265834982.90891,5.22185,28.64326,13.32075,20.53578,
SLB,2011,7.64126,6.37486,13.17333,1.99917,8.32324,412272152.61395,6.94032,32.10401,25.80151,18.84037,
SLB,2012,7.3552,6.54947,11.27833,0.86083,6.33158,498913804.2486,8.2234,35.14392,17.38665,19.72029,
SLB,2013,7.30214,6.59133,10.77417,0.29333,8.22871,520474136.7877,8.43908,36.66886,12.38632,29.31463,
SLB,2014,7.37535,6.71632,10.91,0.24667,6.98277,495902580.25537,8.00385,36.8981,5.55986,31.62096,
SLB,2015,7.91469,6.878,10.47833,0.30667,6.88937,519562129.90636,8.95714,40.38145,15.01065,33.0139,
SLB,2016,7.94815,6.83673,10.09984,0.20975,9.72181,513960963.2958,8.68996,43.24883,13.43959,34.22091,
SLB,2017,7.88739,6.88953,10.69473,0.30632,7.91382,574230569.14311,9.18468,42.33507,3.4978,33.22628,
SLB,2018,7.9525,7.26446,10.74865,0.34063,2.68046,617115407.09206,9.12923,40.81005,6.82719,30.69707,
SLB,2019,8.1734,7.23517,10.59516,0.3473,9.23986,571632111.08941,8.3736,38.40307,-3.06403,30.73807,
SLB,2020,8.21341,7.04563,10.68257,0.49563,12.16959,660995997.34991,13.7455,42.94516,6.61389,32.56713,
SLB,2021,8.0301,6.69793,5.17571,0.46268,5.80449,694515407.82358,12.70037,44.14143,1.9418,32.82655,
SLB,2022,8.15553,6.13498,,0.4546,,661603757.9797,9.66578,48.60913,5.2642,34.70585,
SLB,2023,8.3756,6.07274,,0.4076,,688220066.97277,8.93284,48.91659,6.12805,34.78436,
SLB,2024,8.45484,6.11161,,,,685807870.56344,8.90362,47.84255,3.83222,33.69441,
SLE,1960,0.00071,,,,,27200000.0,,10.94052,,2.76937,
SLE,1961,0.00071,,,,,27800000.0,,11.65786,8.48401,3.49736,
SLE,1962,0.00071,,,,,31800000.0,,12.19989,9.40171,4.75605,
SLE,1963,0.00071,,,,,32500000.0,,12.02409,0.23438,6.5603,
SLE,1964,0.00071,,,,,20444000.0,,12.40826,10.09353,6.73779,
SLE,1965,0.00071,,8.0,,2.66443,22640000.0,,11.5037,4.53097,5.92131,
SLE,1966,0.00071,,8.0,,5.1264,20000000.0,,11.50261,4.47003,5.54437,
SLE,1967,0.00072,,8.0,,14.71144,15900000.0,,12.48614,2.23663,5.89865,
SLE,1968,0.00083,,8.0,,1.24981,27500000.0,,14.19877,23.74762,5.21676,
SLE,1969,0.00083,,8.0,,-5.40015,35400000.0,,13.45078,17.37125,4.67445,
SLE,1970,0.00083,,8.0,,10.36438,39360000.0,,11.94722,-5.5883,5.3286,
SLE,1971,0.00083,,8.0,,16.04109,38407453.45932,,13.7808,11.07514,5.62247,
SLE,1972,0.0008,,8.0,,1.93452,46452033.01835,,15.16359,17.63114,5.80944,
SLE,1973,0.00082,,8.0,,-12.35559,51775197.55447,,15.17723,26.11927,6.0053,
SLE,1974,0.00086,,8.0,,-5.39661,54623869.93171,,15.23852,18.63337,7.16237,
SLE,1975,0.0009,,8.5,,-0.33877,28412394.93879,,14.91529,8.33826,6.69885,
SLE,1976,0.00111,,9.0,,0.66105,25204166.33175,,16.90724,22.19432,6.60399,
SLE,1977,0.00115,,11.0,7.0,-7.30446,33400597.64066,1.72429,17.17514,21.70106,5.89946,
SLE,1978,0.00105,,11.0,7.0,-10.37556,34786615.07633,1.21681,17.82347,31.61797,6.45279,
SLE,1979,0.00106,,11.0,7.25,-0.48032,46700000.0,1.24204,18.29562,19.65531,6.05504,
SLE,1980,0.00105,,11.0,9.16667,18.0961,30600000.0,0.74377,22.56945,21.56342,7.86759,
SLE,1981,0.00116,,15.0,10.0,5.79741,15950187.39827,0.5049,20.71119,2.6228,7.6807,
SLE,1982,0.00124,,15.0,10.0,-2.95492,8429491.57836,0.27476,26.15394,56.79857,7.08819,
SLE,1983,0.00189,,17.25,11.0,-1.8327,16204695.59766,0.99058,29.44246,31.62949,7.05133,
SLE,1984,0.00251,,18.0,12.0,-15.57393,7749010.47849,0.40443,25.96629,28.31073,4.0773,
SLE,1985,0.00509,,17.0,11.33333,-30.72402,10821968.36555,0.73602,27.78121,71.097,3.09782,
SLE,1986,0.01609,,17.1875,14.16667,-34.35014,13654727.04366,9.07543,28.96349,88.40061,5.41481,
SLE,1987,0.03404,,28.54167,12.66667,-51.61725,6328373.22135,0.3451,16.67506,64.01796,2.74386,
SLE,1988,0.03251,,28.0,16.33333,-22.08816,7426913.91584,0.53004,17.13599,56.8763,3.49643,
SLE,1989,0.05981,,29.66667,20.0,-19.70671,3726283.2812,0.18252,18.35037,74.19818,4.82774,
SLE,1990,0.15145,0.02654,52.5,40.5,-10.60518,5428453.14478,0.22726,18.11019,73.99875,3.24748,
SLE,1991,0.29534,0.05872,56.25,47.8,-31.69747,9628608.61978,0.52631,13.62957,76.21329,3.52264,
SLE,1992,0.49944,0.1045,62.83333,54.66667,-10.54273,18925006.39377,1.04637,12.31879,33.23836,3.05338,
SLE,1993,0.56746,0.12937,50.45833,27.0,18.71761,28965193.53253,1.36714,11.6902,21.9225,3.43169,
SLE,1994,0.58674,0.15841,27.33333,11.63333,1.81613,40639713.60709,1.38027,10.37288,8.80835,3.12816,
SLE,1995,0.75522,0.20729,28.83333,7.02917,-3.56641,34618040.69401,1.43098,10.09474,19.61472,2.67643,
SLE,1996,0.92073,0.26378,32.1225,13.955,1.96173,26591784.8474,0.92079,9.92591,29.64795,2.50682,
SLE,1997,0.98148,0.26515,23.8675,9.905,21.13853,38464889.79319,3.57566,15.17493,47.13861,3.24541,
SLE,1998,1.56362,0.32454,23.83333,7.12333,0.04703,43857037.51681,3.38753,13.40205,11.26584,2.72452,
SLE,1999,1.80419,0.37503,26.83333,9.50167,8.22525,39474579.59267,2.34748,16.0767,37.79968,2.07183,
SLE,2000,2.09212,0.37876,26.25,9.245,22.23916,49207274.42105,2.25043,16.35745,12.07581,2.10803,
SLE,2001,1.98615,0.63472,24.265,7.765,-53.64163,51311629.27477,2.11751,8549.93354,131118.95932,1.03162,
SLE,2002,2.09903,0.60041,22.16667,9.39583,27.16974,84690145.25146,2.8481,9080.46986,29.08861,1.29661,
SLE,2003,2.34794,0.6665,20.0,9.67,6.00923,66617191.35284,1.89801,8940.50027,22.02259,1.85153,
SLE,2004,2.7013,0.73229,22.08333,11.16833,8.20453,125104244.3688,3.49247,8941.61847,20.15133,2.23929,
SLE,2005,2.88959,0.82801,24.58333,11.7975,6.83232,170505508.38979,4.01717,9636.18189,31.14543,2.16953,
SLE,2006,2.96191,1.01237,24.0,11.14,-1.61594,183927216.13441,4.53043,8919.56842,21.66055,1.95445,
SLE,2007,2.98519,1.06584,25.0,10.7875,15.59711,216555180.81199,4.07727,9310.76195,17.10933,2.57102,
SLE,2008,2.98151,1.15283,24.5,10.5925,12.93041,220167661.3417,3.85921,10306.96467,26.539,3.35927,
SLE,2009,3.38565,1.21842,22.16667,9.7225,14.88093,404964508.63092,6.10086,12842.39754,34.52963,5.10499,
SLE,2010,3.97809,1.434,21.25,9.46667,1.78545,408971756.31722,4.1201,12585.00137,24.15489,4.73163,
SLE,2011,4.34916,1.62058,21.0,10.31139,4.9049,439130952.88116,1.94363,13083.80785,29.62799,4.64031,
SLE,2012,4.34404,1.75754,21.0,10.39,6.03843,477987067.65521,2.13293,12648.74349,21.98469,3.41408,
SLE,2013,4.3325,1.79264,20.56,8.90917,13.46134,532538016.70437,2.36029,11490.05838,10.67632,3.12773,
SLE,2014,4.52416,1.83086,19.41167,6.6059,2.90125,600784544.07181,2.21098,13309.48984,23.91545,3.19015,
SLE,2015,5.08075,1.91254,18.73,4.48583,14.58951,579013520.60832,2.95871,15.01049,-99.88824,3.34737,
SLE,2016,6.2903,2.01574,16.21667,5.36136,11.37608,497242646.67657,3.90809,15.92932,17.8619,3.51808,
SLE,2017,7.38443,2.3002,15.65833,5.53068,7.59034,549121050.85139,3.85906,15.3613,6.99098,3.32768,
SLE,2018,7.93163,2.54101,15.96167,6.07809,-0.05091,501210759.59255,3.88779,14.7273,14.45112,3.6406,
SLE,2019,9.01022,2.81134,17.96667,6.40451,7.32479,530137881.48208,3.71476,14.51715,14.30926,3.85965,
SLE,2020,9.82993,3.05583,17.93833,5.6402,4.11951,707703898.12545,6.08847,17.93417,38.17994,3.61989,
SLE,2021,10.43943,3.24386,18.85917,5.36794,10.60441,945907747.18248,5.70444,19.23459,22.05202,4.22615,
SLE,2022,14.04765,3.84425,19.31333,5.37845,-6.02101,624496474.63173,3.49433,20.39134,41.74421,3.53787,
SLE,2023,21.30488,4.79649,19.63917,5.6969,-7.44317,495698793.81776,2.61415,19.82198,32.82573,3.23642,
SLE,2024,,5.17268,20.57981,6.79306,9.1706,433270129.08048,1.75019,20.33491,18.17355,3.96783,
SLV,1960,2.5,,,,,33573600.0,,,,,
SLV,1961,2.5,,,,,24551105.0,,,3.08333,,
SLV,1962,2.5,,,,,26364137.0,,,7.65175,,
SLV,1963,2.5,,,,,44455720.0,,,22.4174,,
SLV,1964,2.5,,,,,53500664.0,,,12.85006,,
SLV,1965,2.5,,,,,56514896.0,,19.98587,3.64672,,
SLV,1966,2.5,,,,,56991179.0,,20.59213,9.11413,,
SLV,1967,2.5,,,,,54871040.0,,20.03196,2.16501,,
SLV,1968,2.5,,,,,65447490.0,,20.18262,4.21576,,
SLV,1969,2.5,,,,,63874720.0,,21.41643,10.27891,,
SLV,1970,2.5,,,,,63874517.0,,21.02426,5.98192,,
SLV,1971,2.5,,,,,67645912.9079,,22.19641,10.53286,,
SLV,1972,2.50001,,,,,95389003.03465,,25.5468,22.62417,,
SLV,1973,2.5,,,,,95802260.52936,,26.55666,18.64453,,
SLV,1974,2.5,,,,,168141735.54332,,26.80289,16.57094,,
SLV,1975,2.5,,,,,175110725.18037,,28.71876,21.18503,,
SLV,1976,2.5,,,,,250830255.99555,3.32504,30.41507,30.8729,,
SLV,1977,2.5,,,,,293868953.29411,3.10666,27.24426,13.17239,,
SLV,1978,2.5,,,,,381320595.2283,3.52868,28.66226,11.86832,,
SLV,1979,2.5,,,,,402733307.45292,3.48767,28.24404,9.11589,,
SLV,1980,2.5,,,,,381705150.0,3.55328,28.68784,4.80643,,
SLV,1981,2.5,,,,,276930424.55844,2.59403,32.98208,10.56948,,
SLV,1982,2.5,,,,,344119829.44971,3.4549,35.60496,6.75864,,
SLV,1983,2.5,,,,,339013745.59766,3.30713,38.26318,10.85369,,
SLV,1984,2.5,,,,,310473964.1914,2.8321,42.40454,15.73298,,
SLV,1985,2.5,,,,,333072336.73111,3.0196,52.75383,29.11793,,
SLV,1986,4.85215,,,,,353110280.0,3.20451,33.09044,-37.74765,,
SLV,1987,5.0,,,,,413282279.83203,3.66347,33.36899,5.82504,,
SLV,1988,5.0,,,,,354102756.95792,2.95586,35.36617,12.19298,,
SLV,1989,5.0,,,,,454062341.6406,3.13193,38.40982,13.33243,,
SLV,1990,6.84833,0.31235,,,,595456226.57239,4.00234,28.75414,-17.51365,,
SLV,1991,8.01667,0.32455,,,,453109120.0,3.08007,31.34811,18.86074,,
SLV,1992,8.36083,0.32817,,,,578474650.05156,3.37943,32.72213,15.53336,,
SLV,1993,8.70251,0.34812,,,,719512205.12657,3.74888,38.00705,33.47084,,
SLV,1994,8.72875,0.37426,,,,829222306.85515,3.74286,46.43381,40.44378,,
SLV,1995,8.75458,0.40664,,,,939802924.7137,3.44755,44.74296,11.94989,,
SLV,1996,8.755,0.42561,,,,1110180407.87194,4.27299,47.38896,13.80075,,
SLV,1997,8.75625,0.43256,,,,1444072841.89635,4.70543,49.13377,10.55389,,
SLV,1998,8.755,0.44584,,,,1748114999.62134,5.33778,50.04367,8.97597,,
SLV,1999,8.755,0.44399,,,,1955987489.99411,5.65083,52.77175,8.80227,,
SLV,2000,8.755,0.44837,,,,1901335075.18711,4.67752,51.31958,1.56354,,
SLV,2001,1.0,0.45302,,,,1723445184.95644,4.09361,62.27929,26.47993,45.91287,
SLV,2002,1.0,0.45283,,,,1633634982.7743,3.83809,59.13395,-2.10001,45.56046,
SLV,2003,1.0,0.45723,,,,1986451866.18496,4.19773,57.6627,1.97561,47.42865,
SLV,2004,1.0,0.45736,,,,1935975149.50117,3.76348,57.65042,3.60919,48.15519,
SLV,2005,1.0,0.4625,,,,1851759755.47837,3.09779,55.90722,3.85258,49.92392,
SLV,2006,1.0,0.4681,,,,1970971556.97128,2.86942,56.74735,10.49343,50.27642,
SLV,2007,1.0,0.47579,,,,2302871088.9261,2.87277,62.63837,17.36182,51.5343,
SLV,2008,1.0,0.48314,,,,2644386458.68893,3.0905,58.55819,-1.1551,51.05487,
SLV,2009,1.0,0.48002,,,,3120881836.06699,4.6541,61.15311,2.1945,54.55258,
SLV,2010,1.0,0.48657,,,,2881775238.84522,3.76303,58.43208,0.1446,52.31043,
SLV,2011,1.0,0.50512,,,,2493022511.76904,2.74925,52.04332,-2.07014,49.99772,
SLV,2012,1.0,0.52142,,,,3176161719.68548,3.33019,49.99709,1.28927,49.29608,
SLV,2013,1.0,0.50507,,,,2744899175.7377,2.69543,49.79412,2.4106,51.50419,
SLV,2014,1.0,0.48856,,,,2693299223.48455,2.65205,48.61805,0.31324,53.2702,
SLV,2015,1.0,0.47775,,,,2786587496.10091,2.75412,50.11101,6.92461,54.0919,
SLV,2016,1.0,0.46139,,,,3238334348.81609,3.21247,50.03039,3.04746,55.0598,
SLV,2017,1.0,0.44841,,,,3567268275.79971,3.32164,53.84107,11.12112,56.04868,
SLV,2018,1.0,0.45455,,,,3568810597.97393,3.0551,54.82236,6.06867,57.27702,
SLV,2019,1.0,0.44278,,,,4445830632.52269,3.79625,59.06726,11.30517,59.07431,
SLV,2020,1.0,0.42556,,,,3082859548.1397,3.08382,69.36547,8.87235,65.33322,
SLV,2021,1.0,0.42948,,,,3426052270.22409,2.36816,60.86475,2.25799,61.13957,
SLV,2022,1.0,0.4273,,,,2694849266.61349,1.58099,58.0448,4.64961,62.6134,
SLV,2023,1.0,0.42316,,,,3079168947.08155,1.88364,59.49771,8.88359,61.90072,
SLV,2024,1.0,0.42066,,,,3704746691.22734,2.11106,58.84332,3.31441,62.48757,
SMR,1972,583.2175,,,,,,,,,,
SMR,1973,582.99583,,,,,,,,,,
SMR,1974,650.34333,,,,,,,,,,
SMR,1975,652.84917,,,,,,,,,,
SMR,1976,832.335,,,,,,,,,,
SMR,1977,882.38833,,,,,,,,,,
SMR,1978,848.66333,,,,,,,,,,
SMR,1979,830.86167,,,,,,,,,,
SMR,1980,856.4475,,,,,,,,,,
SMR,1981,1136.765,,,,,,,,,,
SMR,1982,1352.51,,,,,,,,,,
SMR,1983,1518.84833,,,,,,,,,,
SMR,1984,1756.96083,,,,,,,,,,
SMR,1985,1909.43917,,,,,,,,,,
SMR,1986,1490.81,,,,,,,,,,
SMR,1987,1296.07,,,,,,,,,,
SMR,1988,1301.6275,,,,,,,,,,
SMR,1989,1372.09333,,,,,,,,,,
SMR,1990,1198.10167,,,,,,,,,,
SMR,1991,1240.61333,,,,,,,,,,
SMR,1992,1232.40583,,,,,,,,,,
SMR,1993,1573.66587,,,,,119862147.40142,,,,,
SMR,1994,1612.44498,,,,,176306358.8176,,,,,
SMR,1995,1628.93316,,,,,198546105.58171,,,,,
SMR,1996,1542.94697,,,,,215015643.4019,,,,,
SMR,1997,1703.09691,0.74943,,,,182944575.93988,,,,,
SMR,1998,1736.20738,0.75465,,,,170672592.02948,,,,,
SMR,1999,0.93828,0.75568,,,,144125713.19815,,,,,
SMR,2000,1.08271,0.75792,,,,135161372.53396,,,,,
SMR,2001,1.11653,0.76127,8.1,2.4,5.25447,133005013.09536,,,,,
SMR,2002,1.05756,0.76751,7.95,2.675,5.43354,182564953.1928,,,,,
SMR,2003,0.88405,0.77111,7.4875,1.6375,4.91516,251247772.87733,,,,,
SMR,2004,0.80392,0.76601,7.1375,1.4375,5.02556,355512155.77887,,,,,
SMR,2005,0.8038,0.75511,7.175,1.35,5.41678,347709671.69928,,,,,
SMR,2006,0.79643,0.74726,6.70933,2.1275,4.60461,479069768.42795,,,,,
SMR,2007,0.72967,0.7132,7.5825,2.6275,9.74714,647733471.51303,,,,,
SMR,2008,0.67992,0.71953,7.8925,2.2275,4.92116,706793198.06461,,,,,
SMR,2009,0.71696,0.72227,5.7425,0.9625,4.69619,790271922.06767,,,,,
SMR,2010,0.75431,0.72381,5.3825,0.7075,3.89641,449159685.67253,,,,,
SMR,2011,0.71841,0.71026,5.92,1.0825,5.75851,341857697.19973,,,,,
SMR,2012,0.77834,0.72781,6.4775,1.255,3.25587,384949652.80134,,,,,
SMR,2013,0.75295,0.7535,6.62269,1.0725,4.53142,539285341.23586,,,,,
SMR,2014,0.75273,0.72927,6.10987,1.32393,5.69907,392044349.56783,,,,,
SMR,2015,0.9013,0.74431,2.48961,2.43401,3.2565,378976113.95394,,,,,
SMR,2016,0.90342,0.75567,3.02187,1.88483,1.683,450983493.47062,,,,,
SMR,2017,0.88521,0.76252,4.06655,1.06528,2.28339,359153967.38082,1.69624,,,,
SMR,2018,0.84677,0.74555,4.16308,1.16643,2.05633,338919975.00834,1.45221,,,,
SMR,2019,0.89322,0.72507,3.98499,1.01408,3.04307,473069834.53793,2.15699,,,,
SMR,2020,0.87748,0.70455,3.73391,0.77288,3.37769,781674169.94328,3.79628,,,,
SMR,2021,0.84538,0.70738,3.5323,0.61195,1.66029,954382643.35999,3.5364,,,,
SMR,2022,0.95092,0.67856,3.80209,0.6216,1.00951,716066334.08873,2.49307,,,,
SMR,2023,0.92471,0.70317,5.63462,2.00113,-1.6029,836088074.05339,2.89107,,,,
SMR,2024,0.92437,,5.49302,2.29408,,758942003.43539,,,,,
SOM,1960,7.14286,,,,,9300000.0,,8.30101,,2.42048,
SOM,1961,7.14286,,,,,16500000.0,,12.30825,57.47664,3.06793,
SOM,1962,7.14286,,,,,17900000.0,,12.86284,10.97923,4.91815,
SOM,1963,7.14286,,,,,18770000.0,,14.39212,18.82353,5.52497,
SOM,1964,7.14286,,,,,10200000.0,,13.6688,0.85509,8.75267,
SOM,1965,7.14286,,,,,8600000.0,,12.60842,-2.05266,9.95462,
SOM,1966,7.14286,,,,,12300000.0,,12.63599,5.83144,9.57898,
SOM,1967,7.14286,,,,,10000000.0,,13.79849,15.3121,9.5606,
SOM,1968,7.14286,,,,,6750000.0,,14.73828,12.68152,10.36133,
SOM,1969,7.14286,,,2.0,,14229600.0,,15.26322,8.44156,10.90697,
SOM,1970,7.14286,,,2.0,,21252110.0,,19.11,42.21557,12.20823,
SOM,1971,7.12856,,,2.0,,26190338.46312,,15.81193,-15.96778,10.25955,
SOM,1972,6.98012,,,2.0,,31525583.24101,,16.56246,32.36956,10.08609,
SOM,1973,6.2815,,,2.45833,,35333860.815,,20.01804,17.46461,20.5012,
SOM,1974,6.295,,,2.5,,42815002.42938,,21.72611,28.73467,25.40849,
SOM,1975,6.295,,7.0,4.0,-7.18833,68737413.46471,,21.09302,28.37584,10.80934,
SOM,1976,6.295,,7.0,4.0,-8.75724,85230817.26586,,21.87704,19.3808,6.30616,
SOM,1977,6.295,,7.0,4.0,-3.05343,121754091.3364,,22.45029,28.71715,5.4532,
SOM,1978,6.295,,7.0,4.0,-4.72746,129691117.96958,,25.03755,32.51628,4.9189,
SOM,1979,6.295,,7.5,4.04167,-7.06883,51380005.08995,,31.30696,37.42928,5.0049,
SOM,1980,6.295,,7.5,4.5,-43.30169,25745934.85245,,19.49766,20.19816,2.45718,
SOM,1981,6.295,,10.0,5.5,-8.09755,38252036.85337,,20.04543,30.76316,2.60532,
SOM,1982,10.75035,,11.5,7.5,-13.18431,15260308.87162,,17.57428,15.7158,5.57782,
SOM,1983,15.78766,,12.0,8.5,-17.93138,16476672.98942,,15.65943,7.52436,6.52737,
SOM,1984,20.01855,,12.0,8.5,-34.73513,6956602.87163,,11.13842,26.04981,5.98686,
SOM,1985,39.48714,,19.0,14.0,-7.04441,8786945.19909,,14.38653,81.10759,4.61107,
SOM,1986,72.0,,20.58333,15.3125,-13.2871,20315495.04075,,14.1723,34.05001,3.44752,
SOM,1987,105.17708,,22.0,16.25,-5.94122,16607370.55315,,22.54257,127.12368,10.97413,
SOM,1988,170.45275,,33.66667,20.625,-18.46228,23187520.69703,,20.90644,57.22655,10.30785,
SOM,1989,490.67517,,,25.0,,23109678.97503,,26.11141,162.81066,14.84036,
SOM,1991,,853.62421,,,,,,,,,
SOM,1992,,1043.26019,,,,,,,,,
SOM,1993,,1576.18195,,,,,,,,,
SOM,1994,,2404.58131,,,,,,,,,
SOM,1995,,3097.08806,,,,,,,,,
SOM,1996,,3951.77247,,,,,,,,,
SOM,1997,,5190.49946,,,,,,,,,
SOM,1998,,6259.75586,,,,,,,,,
SOM,1999,,7060.47722,,,,,,,,,
SOM,2000,,7912.75926,,,,,,,,,
SOM,2001,,8376.42743,,,,,,,,,
SOM,2002,,8885.05346,,,,,,,,,
SOM,2003,,9260.16326,,,,,,,,,
SOM,2004,,9630.4766,,,,,,,,,
SOM,2005,,10837.68656,,,,,,,,,
SOM,2006,,9791.42795,,,,,,,,,
SOM,2007,,9868.44739,,,,,,,,,
SOM,2008,,9881.34177,,,,,,,,,
SOM,2009,31558.90548,10054.12358,,,,,,,,,
SOM,2010,31269.66257,8408.93439,,,,,,,,,
SOM,2011,29966.83544,8001.03131,,,,,,,,,
SOM,2012,22516.0003,7863.44047,,,,,,,,,
SOM,2013,19283.79995,8032.80944,,,,,,,,,
SOM,2014,20230.92913,7703.504,,,,,,,,,
SOM,2015,22254.23568,7393.4756,,,,,,,,,
SOM,2016,23061.78431,7239.50927,,,,,,,,,
SOM,2017,23097.98732,7390.71574,,,,,,,,,
SOM,2018,,7866.17544,,,,,,,,2.22418,
SOM,2019,,8741.20867,,,,,,,,2.21648,
SOM,2020,,9178.80689,,,,,,,,2.54223,
SOM,2021,,10268.41743,,,,,,,,3.36973,
SOM,2022,,10345.85037,,,,,,,,3.85294,
SOM,2023,,10446.32281,,,,,,,,5.00566,
SOM,2024,,11049.72421,,,,,,,,5.34626,
SRB,1995,,1.65604,,,,,,,,,
SRB,1996,,3.01809,,,,,,,,,
SRB,1997,5.9123,3.49799,19.05,77.97,0.97601,,,9.29493,,19.59772,
SRB,1998,10.0308,4.30942,16.15476,60.86093,-6.76416,,,9.41773,32.97145,21.20295,
SRB,1999,11.6615,5.47603,3.34696,46.06113,-19.80486,,,10.24368,25.69801,24.31031,
SRB,2000,63.1659,9.59667,78.7,6.3,-0.28923,,,14.05601,160.80751,40.79697,
SRB,2001,66.91366,17.82746,38.85,12.9,-24.60063,,,13.76815,92.60854,28.31313,
SRB,2002,64.40523,20.3577,3.27926,24.28397,-13.28483,,,16.57488,52.76004,14.54249,
SRB,2003,57.59004,22.63741,2.58767,16.48907,-8.83421,,,18.01303,27.86859,15.96817,6.0467
SRB,2004,58.37571,24.09643,3.45395,15.74016,-4.32328,,,20.60101,31.933,20.22698,12.14313
SRB,2005,66.71783,27.0329,3.50044,15.43905,-9.11899,,,24.2834,42.1675,25.80896,24.69311
SRB,2006,67.15512,28.83085,5.11561,18.32324,-7.6631,11888907220.30407,,28.47344,38.68863,25.61207,47.6399
SRB,2007,58.44957,30.41926,4.39333,12.62,-4.07818,14214276004.62011,7.31175,34.47937,42.10935,30.58582,65.94801
SRB,2008,55.72925,31.32463,6.03197,16.12651,-3.16573,11477985605.73937,4.71485,32.83781,9.66721,35.44097,28.28244
SRB,2009,67.60493,33.24634,6.87059,15.38667,-1.44446,15227935668.53016,9.31015,37.99087,21.51085,38.61747,30.43891
SRB,2010,77.72284,34.84329,4.75889,11.20278,-0.18239,13307506858.45484,7.86574,40.21143,12.87417,45.32564,9.55141
SRB,2011,73.35543,36.32385,,,,15583042919.98533,7.31445,39.92223,10.2638,43.12302,7.91316
SRB,2012,87.95881,37.98231,,,,14402950144.28619,7.17498,41.37732,9.4212,44.72251,
SRB,2013,85.15884,39.32294,,,,15431775005.69134,7.03402,39.95781,4.57291,39.30384,
SRB,2014,88.40531,39.8021,,,,12051956986.12768,5.42566,42.56574,7.64806,39.09044,
SRB,2015,108.81142,40.73751,,,,11344953319.46637,5.85007,43.82889,6.56415,39.02912,
SRB,2016,111.27785,40.45506,,,,10748918412.86014,5.23861,46.75809,11.55331,39.40384,
SRB,2017,107.75885,40.82103,,,,11906315333.24369,4.95931,45.93126,3.56722,38.71334,
SRB,2018,100.17508,41.00432,,,,12874374086.50374,4.67801,49.27867,14.52158,39.72098,
SRB,2019,105.24956,39.64938,,,,14994710381.15541,5.17958,49.8047,8.35399,40.16657,
SRB,2020,103.16329,39.76051,,,,16586724160.69692,6.13292,57.85329,18.10502,43.44906,
SRB,2021,99.39594,41.10863,,,,18616661464.38489,5.25246,57.45188,13.29336,41.43241,
SRB,2022,111.66218,42.81837,,,,20679650165.52428,4.83595,54.11662,6.85872,38.38666,
SRB,2023,108.40269,44.71152,,,,27569406103.60151,6.17966,51.57943,12.65864,33.04428,
SRB,2024,108.20774,45.079,,,,30484164151.24857,6.16544,52.96573,13.52198,32.63652,
SSD,2008,,1.19813,,,,,,,,,
SSD,2009,,1.04992,,,,,,,,,
SSD,2010,,1.17141,,,,,,,,,
SSD,2011,2.98895,1.59343,,,,,,11.02606,,0.4976,
SSD,2012,2.95,2.3087,12.02531,1.97919,-23.53581,1282090260.28818,,18.68368,33.85445,1.12349,
SSD,2013,2.95,2.53961,13.56412,1.36273,-16.81025,947810456.61582,,11.90816,-1.56938,1.13383,
SSD,2014,2.95,2.67059,18.65949,1.39308,61.8826,416808670.07584,0.95148,19.13297,21.74468,1.81011,
SSD,2015,3.60417,3.37095,13.78039,1.19666,-3.3214,229880518.36633,0.7597,39.46581,116.55728,2.30461,
SSD,2016,46.72917,13.58484,10.36601,1.01952,-33.00919,68159818.64002,0.36162,65.45944,142.70094,4.42475,
SSD,2017,113.6475,37.19076,10.13138,0.71172,-77.56128,33820210.95582,0.18268,23.9962,67.5937,1.70507,
SSD,2018,141.38583,,16.18269,0.1842,-27.28787,36396368.19986,0.10955,23.54594,51.32206,1.52681,
SSD,2019,157.99917,,15.65471,0.06012,-25.09796,378281747.00787,1.03609,18.73456,26.82035,1.7035,
SSD,2020,165.90732,,16.08962,0.07583,14.55131,183614816.68196,0.45378,26.42263,56.5035,1.925,
SSD,2021,306.35462,126.74305,16.08848,0.03738,-8.15353,341932479.97359,0.88592,34.20165,55.28296,2.75015,
SSD,2022,534.51119,,16.2935,0.06023,-52.14389,94914465.17609,0.16124,27.4909,90.83293,3.01716,
SSD,2023,930.33143,,16.36169,0.12774,-52.94009,72880855.21614,0.17484,18.40575,63.39569,3.0477,
SSD,2024,2163.10387,,14.68352,0.13879,-26.88652,15961778.48944,,40.32816,218.99366,6.74584,
STP,1960,0.02875,,,,,,,,,,
STP,1961,0.02875,,,,,,,,,,
STP,1962,0.02875,,,,,,,,,,
STP,1963,0.02875,,,,,,,,,,
STP,1964,0.02875,,,,,,,,,,
STP,1965,0.02875,,,,,,,,,,
STP,1966,0.02875,,,,,,,,,,
STP,1967,0.02875,,,,,,,,,,
STP,1968,0.02875,,,,,,,,,,
STP,1969,0.02875,,,,,,,,,,
STP,1970,0.02875,,,,,,,,,,
STP,1971,0.02836,,,,,,,,,,
STP,1972,0.02705,,,,,,,,,,
STP,1973,0.02452,,,,,,,,,,
STP,1974,0.02541,,,,,,,,,,
STP,1975,0.02554,,,,,,,,,,
STP,1976,0.03023,,,,,,,,,,
STP,1977,0.03756,,,,,,,,,,
STP,1978,0.03615,,,,,,,,,,
STP,1979,0.03502,,,,,,,,,,
STP,1980,0.03477,,,,,,,,,,
STP,1981,0.0384,,,,,,,,,,
STP,1982,0.041,,,,,,,,,,
STP,1983,0.04234,,,,,,,,,,
STP,1984,0.04416,,,,,,,,,,
STP,1985,0.0446,,,,,,,,,,
STP,1986,0.03859,,,,,,,,,,
STP,1987,0.05421,,,,,,,,,,
STP,1988,0.08634,,,,,,,,,,
STP,1989,0.12467,,,,,,,,,,
STP,1990,0.14333,0.09242,,,,,,,,,
STP,1991,,0.11206,,,,,,,,,
STP,1992,0.32134,0.1529,,,,,,,,,
STP,1993,0.42985,0.26196,,,,,,,,,
STP,1994,0.73263,0.44677,,,,,,,,,
STP,1995,1.42034,0.65667,,,,5137290.88415,,13.80677,,4.54507,
STP,1996,2.20316,1.2848,,,,5030364.66516,,12.59494,84.47512,2.95555,
STP,1997,4.55251,1.75704,,,,12426781.34654,3.91107,19.40283,116.44386,2.85483,
STP,1998,6.88324,2.01552,,,,9682286.74057,3.64782,16.77707,2.80945,4.51673,
STP,1999,7.11896,2.14449,,,,10877242.64325,3.33449,16.3391,7.71509,4.54408,
STP,2000,7.97817,2.30619,,,,11639663.81479,3.3878,18.47034,24.87847,4.3764,
STP,2001,8.84211,2.41744,37.0,15.0,27.81702,15481933.62215,4.26703,22.79248,36.31936,4.35767,
STP,2002,9.08832,2.65455,37.41667,15.0,23.22728,17352535.25777,4.63995,24.79397,25.38351,5.67882,
STP,2003,9.34758,2.96343,29.59,9.49,13.83541,25470020.00198,6.00602,30.93753,53.82543,10.03687,
STP,2004,9.90232,3.31407,29.77,11.49,13.00134,19503428.32342,4.06805,26.28423,1.01821,15.52072,
STP,2005,10.55797,3.82682,31.19778,12.2375,10.16453,26702730.97694,5.56678,30.09133,45.36088,22.22938,
STP,2006,12.44864,4.207,29.3,10.75,14.09663,34181487.46769,5.11929,32.06179,31.45129,26.11988,
STP,2007,13.53675,4.48936,32.4,12.75,20.80007,39331621.05176,5.49932,37.90058,34.28035,30.79287,
STP,2008,14.6952,5.67424,32.4,12.75,2.77246,61292170.21804,6.36233,37.90446,36.86672,27.6258,
STP,2009,16.20845,6.42634,31.10833,11.92083,15.05439,66659123.44841,7.64165,34.84326,8.20965,32.69623,
STP,2010,18.4986,6.79143,28.87497,11.115,20.48294,48170349.0658,4.70788,38.9204,21.21238,39.18594,
STP,2011,17.62294,7.43139,26.95,12.3575,13.67228,52125217.78631,4.18749,37.68796,10.30652,39.74666,
STP,2012,19.06842,8.63229,26.16806,12.89,20.36976,51587491.13673,4.21106,41.27626,18.1752,41.64889,
STP,2013,18.44995,8.72778,25.92611,12.5975,15.64438,63787766.58416,4.24773,42.47084,17.77843,36.3259,
STP,2014,18.4664,8.56661,23.175,8.92417,17.73258,63523954.97911,3.24361,45.57391,17.77484,32.74417,
STP,2015,22.09064,9.10448,23.30583,6.89667,17.99184,72864704.98674,4.59898,49.10475,14.33384,33.25683,
STP,2016,22.14886,9.6307,19.585,4.13417,11.70586,63203006.41647,4.02844,41.51261,-4.81305,31.49941,
STP,2017,21.74114,9.92154,19.61333,4.17333,14.92356,58950229.50028,3.58653,38.22578,-0.21812,29.43871,
STP,2018,20.75086,9.68454,19.87362,3.79655,10.05692,43683545.11754,2.62269,38.72271,15.16623,24.77109,
STP,2019,21.88474,9.16577,19.06202,3.38094,7.00822,47148376.73579,2.92608,33.40611,-2.07863,22.49004,
STP,2020,21.50706,9.12815,18.82757,2.93294,8.74846,75287733.67698,5.52294,32.94977,10.60457,19.8916,
STP,2021,20.7104,8.59929,18.48649,2.37853,12.66794,75017386.46247,4.38717,29.94944,-2.59618,17.68807,
STP,2022,23.2904,9.29372,17.90423,2.48814,1.83414,64476467.03744,2.9991,28.1574,9.03652,12.85176,
STP,2023,22.65842,11.10115,17.81407,2.29046,-4.79368,46247347.88847,2.58128,24.02883,5.99492,7.81632,
STP,2024,22.64301,12.75761,17.83748,2.61155,0.11651,58787511.77631,3.4556,20.29433,0.50115,,
SUR,1960,0.00188,,,,,17501597.90699,,,,,
SUR,1961,0.00188,,,,,16262115.63007,,,,,
SUR,1962,0.00188,,,,,15778756.36182,,,,,
SUR,1963,0.00188,,,,,17869541.57892,,,,,
SUR,1964,0.00188,,,,,19967877.21639,,,,,
SUR,1965,0.00188,,,,,24676877.21639,,,,,
SUR,1966,0.00188,,,,,27048178.967,,,,,
SUR,1967,0.00188,,,,,27143651.69515,,21.43407,,12.2338,
SUR,1968,0.00188,,,,,31456378.01212,,22.42179,14.39594,13.17381,
SUR,1969,0.00188,,,,,32474000.14468,,24.46563,17.38889,14.93934,
SUR,1970,0.00188,,,,,37078136.80132,,25.58931,10.73593,16.77519,
SUR,1971,0.00188,,,,,43893664.66796,,26.59801,13.81051,17.52492,
SUR,1972,0.00178,,,,,53655594.01675,,29.0335,13.12765,19.00785,
SUR,1973,0.00178,,,,,73004545.34056,,32.80012,22.93254,18.01002,
SUR,1974,0.00178,,,,,95075139.91994,,29.11431,7.17173,18.27254,
SUR,1975,0.00178,,,,,112107456.42773,,30.52417,19.07815,16.9087,
SUR,1976,0.00178,,,,,130107634.60704,,38.52918,37.07157,22.78536,
SUR,1977,0.00178,,,,,118372274.42249,,36.09821,18.89713,22.17381,
SUR,1978,0.00178,,,,,144644798.53567,,36.57308,16.16142,24.53569,
SUR,1979,0.00178,,,,,197214079.11484,,38.41597,11.75115,26.90799,
SUR,1980,0.00178,,,,,221129296.54384,,40.77358,7.83254,28.98553,
SUR,1981,0.00178,,,,,228584490.62274,,43.64567,19.70076,30.72891,
SUR,1982,0.00178,,,,,200464854.74507,,47.14481,11.17626,33.62186,
SUR,1983,0.00178,,,,,79778795.65235,,54.18789,10.98232,35.09338,
SUR,1984,0.00178,,,,,41541766.2447,,66.78067,20.51906,36.31019,
SUR,1985,0.00178,,,,,41103145.42427,,87.49714,32.38646,39.50573,
SUR,1986,0.00178,,,,,42029395.84343,,107.49046,25.38326,40.82997,
SUR,1987,0.00178,,,,,41275925.20134,,125.28163,28.19346,39.43622,
SUR,1988,0.00178,,,,,34745300.68963,,130.75883,23.64876,40.43023,
SUR,1989,0.00178,,,,,30931083.67226,,132.43421,18.33596,42.77995,
SUR,1990,0.00178,0.00205,8.7,4.6,-27.48907,41887843.42598,,96.41941,4.23024,37.82312,
SUR,1991,0.00178,0.00265,8.9,4.6,-3.06009,20221809.44267,,103.3767,23.6955,40.72261,
SUR,1992,0.00178,0.00349,8.925,4.5,-19.25436,35321332.00444,,91.18784,19.46934,40.61921,
SUR,1993,0.00178,0.00836,9.35,4.75,-57.52635,38828127.96411,,63.00796,65.9737,21.50322,
SUR,1994,0.22246,0.04406,15.375,7.45,-78.56534,60427797.54372,,34.59208,205.5603,8.20109,
SUR,1995,0.44277,0.14661,40.325,21.0,-62.7542,169080965.59251,,25.86454,181.6993,6.59238,
SUR,1996,0.40102,0.14579,35.925,17.775,21.48901,145619416.77411,,31.71212,38.54927,13.18821,
SUR,1997,0.40157,0.14546,33.15,17.35,31.19041,164989208.73091,,35.19112,19.04796,17.17035,
SUR,1998,0.40161,0.16906,27.075,15.95,8.41501,143047987.38039,,40.50602,38.01706,18.17809,
SUR,1999,0.83408,0.28777,27.375,15.6,-26.78469,109790274.71614,,32.55047,37.84687,14.52621,
SUR,2000,1.32249,0.45232,29.0,15.525,-19.74758,133306155.82637,,35.80908,80.54822,7.91198,
SUR,2001,2.17818,0.61723,25.725,11.85833,-9.89408,192538818.54179,,31.56582,28.16219,8.78798,
SUR,2002,2.34675,0.79183,22.18333,9.0,-11.10919,113194031.16095,,48.42071,116.7516,15.96538,
SUR,2003,2.60133,0.94203,21.04167,8.275,-0.22776,114370366.43977,,45.00767,19.87092,17.22718,
SUR,2004,2.73358,1.03513,20.44167,8.34167,6.73864,138383053.3674,,48.67814,32.41351,18.75587,
SUR,2005,2.73167,1.15963,17.4,7.26667,1.61,141874019.08081,1.0585,44.80816,11.14017,19.31982,
SUR,2006,2.74375,1.27061,15.64167,6.625,-16.82617,237361004.17897,2.27612,38.73071,27.14085,17.48841,
SUR,2007,2.745,1.31658,13.76667,6.41667,6.89824,403278663.51396,3.43484,44.58902,28.78555,21.35846,
SUR,2008,2.745,1.49217,12.2,6.34167,-2.87492,602541474.42384,3.93882,44.79688,20.8685,23.86464,
SUR,2009,2.745,1.57918,11.65,6.375,4.8518,657026656.39032,4.63511,46.91852,14.88792,24.4077,
SUR,2010,2.74542,1.6725,11.59054,6.16643,4.099,690815612.85108,4.63816,46.06207,10.67944,24.01854,
SUR,2011,3.268,1.86556,11.76111,6.3888,-1.82999,816878191.09463,3.89017,46.4261,21.45597,23.65727,
SUR,2012,3.3,1.92356,11.74167,6.79167,0.90889,1008868435.43632,4.30936,49.45737,21.13904,24.19479,
SUR,2013,3.3,1.84524,11.98333,7.09167,11.55522,778764877.88955,3.24646,53.16171,11.06773,27.81528,
SUR,2014,3.3,1.81093,12.28333,7.35,10.53284,625144169.12902,2.62233,55.04485,5.45082,29.73024,
SUR,2015,3.41667,1.82024,12.61667,7.53333,7.40271,330244649.2622,1.46265,60.74014,11.7545,33.73302,
SUR,2016,6.22863,2.42867,13.48333,8.075,-8.53235,381050648.9175,2.4203,78.36464,52.20755,36.32939,
SUR,2017,7.48766,2.57841,14.425,9.05,-10.70669,424603963.0801,2.31457,65.44552,8.69518,28.28689,
SUR,2018,7.46251,2.78588,14.29911,9.2393,8.17573,580780344.59091,2.79586,64.36877,9.06456,24.27808,
SUR,2019,7.458,2.64945,14.96422,8.98822,9.30349,647934729.69243,2.73213,63.93776,5.69446,23.09408,
SUR,2020,9.30955,3.73132,14.79616,7.94099,-20.94895,584929135.56732,3.02749,84.91623,62.0543,24.22091,
SUR,2021,18.23867,5.36823,14.88851,6.86391,-29.11378,992256911.85191,5.23116,77.27962,43.90682,18.10475,
SUR,2022,24.70917,7.48756,14.74849,7.29512,-23.20575,1194597643.59574,5.38623,74.16665,46.85486,19.37848,
SUR,2023,36.77587,9.61978,14.1728,8.67206,-14.22026,1346122670.63627,6.28334,65.08005,19.6155,16.59841,
SUR,2024,33.18055,10.59589,14.79548,9.61437,1.75968,1632317813.39707,6.50751,62.26661,9.79102,17.02071,
SVK,1990,,0.22221,,,,,,,,,
SVK,1991,,0.28932,,,,,,,,,
SVK,1992,,0.3146,,,,,,,,,
SVK,1993,30.76958,0.35454,,,,919587370.9512,1.33687,,,,15.68882
SVK,1994,32.04483,0.39381,,,,2185568698.64439,3.07809,,,,14.3713
SVK,1995,29.71342,0.42388,,,,3862773475.84759,4.24422,,,,4.59091
SVK,1996,30.65375,0.43585,,,,3895192593.29453,3.48711,,,,4.29023
SVK,1997,33.61617,0.45039,,,,3604685676.86097,3.03385,,,,4.8832
SVK,1998,35.23342,0.46603,,,,3240043059.73293,2.43891,,,,2.16999
SVK,1999,41.36283,0.49441,,,,3745098699.54131,3.27511,,,,1.50828
SVK,2000,46.03517,0.51628,,,,4376328677.41435,3.45066,,,,1.49296
SVK,2001,48.35483,0.51573,,,,4453132136.27224,3.01807,,,,1.76882
SVK,2002,45.32675,0.52152,,,,9195618259.20125,7.09167,,,,2.62949
SVK,2003,36.77292,0.54439,,,,12149157811.69377,7.20731,,,,2.77766
SVK,2004,32.25692,0.56455,,,,14911965832.32491,3.93249,,,,4.2105
SVK,2005,31.01825,0.56471,,,,15479863359.0887,3.54367,,,,3.92972
SVK,2006,29.69725,0.55472,,,,13364307419.10049,2.44864,,,33.76175,8.24211
SVK,2007,24.69433,0.55366,,,,18973379149.32871,2.87557,,,37.36629,7.98129
SVK,2008,21.36142,0.53743,,,,18836137092.72076,2.51234,,,40.69769,5.33678
SVK,2009,0.71696,0.51531,,,,1803647039.12467,0.32961,,,44.91945,5.69918
SVK,2010,0.75431,0.50223,,,,2155733869.4761,0.34417,,,44.34351,4.57336
SVK,2011,0.71841,0.50641,,,,2417985582.87202,0.31646,,,46.00616,5.44688
SVK,2012,0.77834,0.50454,,,,2519014757.96747,0.34702,,,46.15886,5.6979
SVK,2013,0.75295,0.49112,,,,2152916324.50638,0.28069,,,47.68506,5.66461
SVK,2014,0.75273,0.48541,,,,2620751837.79851,0.33657,,,49.50077,5.2864
SVK,2015,0.9013,0.49155,,,,2892029439.91285,0.40987,,,52.33328,
SVK,2016,0.90342,0.50319,,,,2879889589.86374,0.39489,,,56.67164,
SVK,2017,0.88521,0.51643,,,,3620878540.50759,0.45775,,,59.878,
SVK,2018,0.84677,0.526,,,,5229297354.833,0.59039,,,61.44195,
SVK,2019,0.89328,0.51007,,,,7168770088.19532,0.8252,,,62.46451,
SVK,2020,0.87551,0.48909,,,,9343714002.21729,1.17945,,,65.64759,
SVK,2021,0.84549,0.488,,,,9609533728.63927,0.975,,,65.11248,
SVK,2022,0.94962,0.48746,,,,10280260081.43378,0.95573,,,66.73893,
SVK,2023,0.92484,0.49635,,,,11288019853.73655,1.04081,,,61.46226,
SVK,2024,0.92389,0.5019,,,,14451891658.15084,1.32312,,,59.6509,
SVK,2025,,0.50887,,,,,,,,,
SVN,1990,,0.03472,,,,,,,,,
SVN,1991,27.5712,0.06547,,,,112252402.58878,,,,,
SVN,1992,81.28699,0.19728,,,,715649933.71807,1.38241,,,,
SVN,1993,113.24188,0.26417,,,,787924742.25198,1.44174,,,,
SVN,1994,128.80856,0.31707,,,,1499101295.61061,2.29299,,,,
SVN,1995,118.51847,0.38945,,,,1820915494.4255,2.13501,,,,
SVN,1996,135.36431,0.4269,,,,2297475266.36859,2.68266,,,,
SVN,1997,159.68833,0.45586,,,,3314759617.37734,3.86873,,,,9.04873
SVN,1998,166.13417,0.48247,,,,3638608124.47766,3.91346,,,,13.5318
SVN,1999,181.76919,0.50851,,,,3168097651.56673,3.38928,,,,12.62292
SVN,2000,222.65609,0.5264,,,,3196099145.64647,3.26491,,,,15.37587
SVN,2001,242.74884,0.56016,,,,4397212830.73067,4.46849,,,,16.74639
SVN,2002,240.24821,0.58329,,,,7063482625.72202,6.51017,,,,24.02756
SVN,2003,207.11372,0.60794,,,,8598243635.71987,6.26211,,,,24.29833
SVN,2004,192.38112,0.60789,,,,8899759020.47717,5.10195,,,44.95104,28.33076
SVN,2005,192.70547,0.61013,,,,8159730011.99654,4.18598,,,52.6645,21.97311
SVN,2006,191.02826,0.60982,,,,7139432999.07756,3.09238,,,60.34762,38.6694
SVN,2007,0.72967,0.63025,,,,1065303786.0383,0.35203,,,71.33905,60.27498
SVN,2008,0.67992,0.63379,,,,957648182.54998,0.27484,,,76.77499,21.25659
SVN,2009,0.71696,0.64516,,,,1078161602.59062,0.42824,,,84.05793,24.29372
SVN,2010,0.75431,0.63808,,,,1070760883.00257,0.40074,,,85.79526,19.72742
SVN,2011,0.71841,0.62397,,,,986893174.49799,0.31148,,,82.46151,12.35539
SVN,2012,0.77834,0.60679,,,,951915167.04235,0.33529,,,79.97748,14.02483
SVN,2013,0.75295,0.59041,,,,922155291.79094,0.32093,,,66.09504,14.89214
SVN,2014,0.75273,0.59124,,,,1016368870.65301,0.33826,,,55.0324,15.18619
SVN,2015,0.9013,0.5953,,,,856213889.02524,0.31957,,,50.34383,14.13033
SVN,2016,0.90342,0.57711,,,,742060176.08308,0.26733,,,47.14232,11.88157
SVN,2017,0.88521,0.57015,,,,889788337.68343,0.27845,,,45.47053,13.12133
SVN,2018,0.84677,0.56761,,,,933092542.00726,0.2555,,,43.70311,13.53445
SVN,2019,0.89328,0.54419,,,,1015426218.95745,0.28106,,,42.71554,14.69729
SVN,2020,0.87551,0.53226,,,,1311110695.57558,0.40327,,,43.57058,15.82577
SVN,2021,0.84549,0.53748,,,,2266987091.84422,0.52974,,,41.10118,17.50719
SVN,2022,0.94962,0.51473,,,,2267946375.45725,0.46356,,,41.18377,13.64172
SVN,2023,0.92484,0.53794,,,,2369992496.30558,0.49646,,,36.34192,14.59658
SVN,2024,0.92389,0.55046,,,,2832429184.62504,0.57504,,,35.41651,15.6772
SVN,2025,,0.55382,,,,,,,,,
SWE,1960,5.17321,,,,,505439200.0,,54.06893,,35.58807,
SWE,1961,5.17321,,,,,731316450.0,,52.76422,6.16051,34.74967,
SWE,1962,5.17321,,,,,801886970.0,,53.3676,9.69072,35.14607,
SWE,1963,5.17321,,,,,757918680.0,,53.62519,8.75942,37.41087,
SWE,1964,5.17321,,,,,965188000.0,,51.55645,7.21754,36.64636,
SWE,1965,5.17321,,,,,972237520.0,,49.77554,6.24246,37.32043,
SWE,1966,5.17321,,,,,1028422000.0,,50.10569,9.49722,37.28296,
SWE,1967,5.17321,,,,,841824518.78406,,52.0456,12.74667,38.97501,
SWE,1968,5.17321,,,,,859632541.83613,,54.73434,11.59919,41.09216,
SWE,1969,5.17321,,,,,696993134.69545,,53.12258,5.40061,39.64148,
SWE,1970,5.17321,,,,,774815766.87511,1.1111,50.24846,5.92306,36.92253,
SWE,1971,5.12591,,,,,1144687007.38369,1.59336,51.2041,10.17841,36.92157,
SWE,1972,4.76242,,,,,1733083776.44481,2.09086,52.84422,12.92638,37.64757,
SWE,1973,4.36725,,,,,2934153065.61738,2.68782,54.01617,13.74876,37.78924,
SWE,1974,4.43942,,,,,2566836971.55321,1.59784,52.45378,9.69157,37.03661,
SWE,1975,4.15219,,,,,3650634590.11819,2.11334,49.87083,11.65292,35.21701,2.65813
SWE,1976,4.35589,,,,,3035642596.73134,1.56303,46.31839,5.04653,35.16189,2.91375
SWE,1977,4.48164,,,,,4392816298.95279,2.13826,46.45573,9.08773,36.73502,8.05767
SWE,1978,4.51847,,,,,5479529145.95039,2.51704,48.92193,17.38537,36.55325,9.80407
SWE,1979,4.28708,,,,,6621022419.20473,2.18894,51.11709,17.11771,37.57173,8.66514
SWE,1980,4.22957,,,,,6995886855.43518,1.97554,50.48213,12.20435,36.63009,9.09865
SWE,1981,5.06344,,,,,6013375320.54551,1.85603,52.34596,13.29608,36.83365,13.29413
SWE,1982,6.28261,,,,,6285248817.83952,1.99186,51.66943,8.01987,38.14565,16.28227
SWE,1983,7.66711,,,,,6348959344.78422,2.14678,49.44201,7.21379,36.02764,28.84261
SWE,1984,8.2718,,,,,5715950280.51136,1.89293,47.80914,8.48335,35.95769,23.5449
SWE,1985,8.60392,,,,,7777877858.87517,2.39134,45.42961,3.29291,34.81781,32.72757
SWE,1986,7.12358,,,,,8922761484.31062,2.35529,47.28464,13.64255,37.3042,42.15807
SWE,1987,6.34044,,,,,11112081838.92987,2.37822,46.29351,5.96446,39.20246,38.5113
SWE,1988,6.12715,,,,,10981551557.19961,2.05201,45.5666,7.58217,45.95344,48.22527
SWE,1989,6.44688,,,,,11992849969.07598,2.03429,45.63695,10.96091,50.26877,54.7891
SWE,1990,5.91879,8.88213,,,,20324328881.43898,2.88207,41.69567,0.77431,51.12259,35.19178
SWE,1991,6.04747,9.30011,,,,20477292580.99679,3.01984,40.58428,4.15408,47.42772,35.44344
SWE,1992,5.82383,9.18522,15.2,7.8,14.04208,24646790230.16857,3.44957,41.97943,3.27732,47.43482,27.50152
SWE,1993,7.78343,9.17103,12.1,5.45,9.67372,21420634045.19128,3.60697,43.68472,4.16727,38.14928,47.26672
SWE,1994,7.71597,9.204,10.65,4.755,7.94877,25579504410.23073,3.80619,41.2576,0.69486,34.28905,52.14712
SWE,1995,7.13327,9.34899,11.14,5.73,7.16933,25869764854.69772,3.03605,39.40028,3.09141,31.32474,64.61338
SWE,1996,6.70596,9.24564,8.7275,3.7,7.5952,20843371292.358,2.33378,41.73425,8.86316,31.83214,82.33691
SWE,1997,7.63489,9.32932,7.06,2.375,5.47933,12195506285.50578,1.3944,40.34342,1.12327,34.71878,98.68052
SWE,1998,7.94987,9.39534,6.455,2.295,5.53996,15457236697.62735,1.71208,38.20012,-0.43655,35.83294,102.88678
SWE,1999,8.26243,9.3059,5.375,1.475,4.3276,16749337014.9286,1.8273,39.38584,8.51407,37.43219,136.07462
SWE,2000,9.16224,9.16113,5.7725,2.055,4.13543,16498728321.88848,1.66942,37.77169,1.92049,39.79994,124.88954
SWE,2001,10.32914,9.40245,5.73,2.1725,3.06097,15625206244.73627,1.76275,44.47086,22.42868,89.54743,97.53259
SWE,2002,9.73712,9.41366,5.7925,2.3775,4.10242,19170723588.96437,2.11448,46.31895,8.25757,89.62877,66.99184
SWE,2003,8.0863,9.48667,5.0175,1.675,3.11216,22168538425.35241,1.97915,46.60833,4.41188,89.91153,86.77074
SWE,2004,7.34889,9.29528,4.1825,1.07,3.75234,24768805295.03332,1.79317,46.05508,3.36976,91.63503,
SWE,2005,7.47309,9.47918,3.532,0.81698,2.74653,24867578418.17363,1.60753,51.79222,16.48193,99.27004,
SWE,2006,7.37825,9.11346,3.67803,1.08858,1.89888,28017219694.01339,1.57579,55.93439,15.02153,102.72446,
SWE,2007,6.75877,8.87122,,,,31033035734.47117,1.43251,62.43447,18.58978,111.25229,
SWE,2008,6.5911,8.77899,,,,29727344091.69237,1.25544,62.62446,2.71907,118.41723,
SWE,2009,7.65382,8.91636,,,,47255415701.13544,2.73512,64.22335,0.5051,124.56332,
SWE,2010,7.20752,9.02719,,,,48246149255.66553,2.38038,62.21727,3.50298,123.2801,
SWE,2011,6.49354,8.84404,,,,50213891950.8524,2.1036,63.60819,6.64864,124.76746,
SWE,2012,6.77502,8.65477,,,,52245310612.47551,2.32076,65.40371,3.36893,128.74148,
SWE,2013,6.51397,8.59768,,,,65363359246.07764,2.80719,66.46334,3.81599,131.02301,
SWE,2014,6.86078,8.72713,,,,62579168750.69625,2.58575,66.46768,4.17741,130.31789,
SWE,2015,8.43484,8.85438,,,,58098544752.65518,2.79052,66.40873,6.64833,127.51741,
SWE,2016,8.56199,8.82259,,,,59361642625.47862,2.80615,69.62032,8.84685,129.17237,
SWE,2017,8.54886,8.85225,,,,62191481193.58542,2.76167,73.57336,10.06392,132.71591,
SWE,2018,8.69252,8.86588,,,,60566144400.51945,2.45777,73.14165,3.81823,133.26679,
SWE,2019,9.45835,8.58402,,,,55509629819.88973,2.36176,74.50509,7.05651,131.82247,
SWE,2020,9.21031,8.43562,,,,58260344659.20079,2.71478,88.16531,18.13367,138.45918,
SWE,2021,8.57657,8.36373,,,,62053165556.54234,2.28147,90.09882,10.44753,136.79786,
SWE,2022,10.11425,8.33815,,,,64288785008.49225,2.15477,86.33292,2.871,136.07765,
SWE,2023,10.61016,8.51664,,,,60862760991.05375,1.97569,80.69313,-1.28151,129.13677,
SWE,2024,10.56764,8.49048,,,,62569356006.71682,1.96383,77.93839,0.30697,125.52042,
SWE,2025,,8.49208,,,,,,,,,
SWZ,1960,0.71429,,,,,,,,,,
SWZ,1961,0.71429,,,,,,,,,,
SWZ,1962,0.71429,,,,,,,,,,
SWZ,1963,0.71429,,,,,,,,,,
SWZ,1964,0.71429,,,,,,,,,,
SWZ,1965,0.71429,,,,,,,,,,
SWZ,1966,0.71429,,,,,,,,,,
SWZ,1967,0.71429,,,,,,,,,,
SWZ,1968,0.71429,,,,,,,,,,
SWZ,1969,0.71429,,,,,,,,,,
SWZ,1970,0.71429,,,,,,,,,,
SWZ,1971,0.71522,,,,,,,,,,
SWZ,1972,0.76873,,,,,,,,,,
SWZ,1973,0.69396,,,5.5,,,,,,14.67532,
SWZ,1974,0.67948,,,7.02083,,13472680.83836,0.90339,22.63419,,16.29399,
SWZ,1975,0.73951,,10.75,7.95833,6.27198,45611556.74465,2.70562,28.84662,51.29025,20.44653,
SWZ,1976,0.86957,,10.5,7.75,-2.70342,73385784.64688,4.13034,32.53376,25.37195,19.64641,
SWZ,1977,0.86957,,10.5,7.75,0.04878,94706225.16336,4.83483,33.84418,16.05473,18.45613,
SWZ,1978,0.86957,,10.47917,7.66667,-0.07308,113608512.21358,3.99421,38.68332,28.04524,25.45105,
SWZ,1979,0.84202,,9.75,5.625,-3.37863,113704927.48937,2.92566,33.90141,2.6392,24.66561,
SWZ,1980,0.77883,,9.5,4.5,1.19256,158744508.59342,2.88981,31.67516,13.69001,23.28848,
SWZ,1981,0.87758,,11.25,6.58333,7.47718,96362337.46755,1.77255,28.21262,5.69392,26.43641,
SWZ,1982,1.08582,,17.375,11.66667,1.90599,76124506.20002,1.55737,27.64845,14.19999,24.06699,
SWZ,1983,1.1141,,16.5,11.16667,11.23107,92498850.44581,1.89668,32.02554,22.77673,23.6769,
SWZ,1984,1.47528,,20.33333,15.0,8.345,80100442.47046,1.96161,32.71679,20.45351,21.38629,
SWZ,1985,2.22867,,20.625,14.38167,13.81073,83418804.92091,2.7271,36.54355,22.87394,19.83215,
SWZ,1986,2.28503,,14.2825,7.59,0.32122,96446656.51413,2.78423,31.75485,11.1293,16.10894,
SWZ,1987,2.03603,,11.86833,4.88833,10.63682,127160624.21087,2.69714,31.2578,14.06843,17.38973,
SWZ,1988,2.27347,,13.14833,6.74,-8.84882,140008662.78209,2.65586,32.41747,37.1958,16.87746,
SWZ,1989,2.62268,,14.49667,9.07583,11.27878,180614472.8888,2.89441,35.06488,25.66389,18.67294,
SWZ,1990,2.58732,1.14943,14.5,8.74083,-12.18309,216466813.10552,2.98425,22.35534,0.59727,16.40001,
SWZ,1991,2.76132,1.20942,16.01667,10.59917,6.65478,171931836.67339,2.2418,24.25378,20.09278,20.79356,
SWZ,1992,2.85201,1.31477,15.92083,10.49333,4.25637,309055045.58142,3.36659,25.61454,21.21489,18.64611,
SWZ,1993,3.26774,1.50767,14.34583,7.89,-2.59301,264288572.76561,2.7527,24.03333,13.56435,16.86612,
SWZ,1994,3.5508,1.63809,14.25,7.535,2.95536,296970645.34024,2.99146,23.44943,10.8737,18.12241,23.85693
SWZ,1995,3.62709,1.87158,17.05417,9.43833,0.34701,298195460.69139,2.65565,19.91804,3.8638,15.06105,19.9448
SWZ,1996,4.29935,1.97913,18.66667,11.08333,10.20065,253999529.96123,2.25524,20.72218,16.33403,14.30656,29.399
SWZ,1997,4.60796,2.1663,19.5,12.0,7.32424,294839207.1262,2.64318,21.55404,19.40812,14.00773,7.54115
SWZ,1998,5.52828,2.30086,19.5,11.91667,11.26083,358611455.47475,2.96538,22.07631,12.8724,13.44104,5.39283
SWZ,1999,6.10948,2.39059,17.41667,9.85917,11.43267,375930168.65429,3.49068,23.53122,15.62859,13.09764,6.12641
SWZ,2000,6.93983,2.56998,14.0,6.53,-6.85597,351794140.71926,2.77469,17.6454,-6.60688,11.24618,4.30307
SWZ,2001,8.60918,2.72256,13.25,6.15,4.54928,271776570.2336,2.39856,17.62583,9.73003,9.03799,8.45715
SWZ,2002,10.54075,2.92492,15.25,8.01667,5.63469,275844476.90986,2.45164,17.57584,13.24112,10.51868,10.60085
SWZ,2003,7.56475,3.0366,14.625,7.58833,8.2716,277512201.61347,1.69627,18.17444,14.44233,13.0335,8.013
SWZ,2004,6.45969,3.07257,11.29167,4.63083,7.10871,323561615.64686,1.8112,18.06404,7.00971,15.67941,8.19235
SWZ,2005,6.35933,3.16284,10.625,4.0125,4.20067,243897157.25352,1.2859,17.613,9.71742,17.61078,6.33742
SWZ,2006,6.77155,3.17709,11.16667,4.93,7.3571,372529356.20265,1.85674,19.93467,25.0838,19.52073,6.14249
SWZ,2007,7.04537,3.25386,13.16667,7.05417,7.58214,774192962.82877,3.49361,22.06608,21.46543,21.69833,6.90804
SWZ,2008,8.26122,3.52123,14.83333,8.16667,4.10805,751935734.69935,3.63348,22.75479,15.38327,20.67391,
SWZ,2009,8.47367,3.85531,11.375,5.40333,1.10033,958869319.48923,4.30561,25.82136,26.80055,20.92178,
SWZ,2010,7.32122,3.921,9.75,3.85333,6.61543,756344144.77559,2.96273,26.06902,7.90205,19.46856,
SWZ,2011,7.26113,4.05214,9.0,2.85,3.34056,600507428.7675,2.95012,25.59774,5.47507,22.84078,
SWZ,2012,8.20997,4.46933,8.75,2.465,-0.40917,740960093.30333,3.65593,24.77678,10.0181,19.74882,
SWZ,2013,9.65506,4.63324,8.5,2.08,2.15809,762540937.77633,3.91844,25.98237,15.93622,21.47456,
SWZ,2014,10.85266,4.89211,8.625,2.14,2.73086,690755431.11801,3.49988,25.02702,3.94498,21.84457,
SWZ,2015,12.75893,5.19482,9.04167,2.27,3.52905,547997264.06454,3.14041,26.53618,13.57916,21.25805,
SWZ,2016,14.70961,5.61429,10.25,2.94,3.26451,564314115.62759,3.40072,30.51499,26.39366,21.58017,
SWZ,2017,13.3238,5.98295,10.75,3.2,5.53166,563119751.25345,2.7845,29.15565,3.80031,20.63528,
SWZ,2018,13.23393,6.16248,10.3125,3.76,6.79501,440685903.01385,2.09232,29.35353,4.06275,20.98901,
SWZ,2019,14.45179,6.11483,10.125,3.685,8.00268,440314152.60338,2.11443,27.52916,1.77844,20.22338,
SWZ,2020,16.47026,6.11999,7.95833,2.46583,2.6561,545564174.12374,2.98523,31.13955,15.44579,20.96435,
SWZ,2021,14.78344,5.89536,7.25,1.78,7.12781,572281510.89864,2.57799,29.92157,0.2734,20.82325,
SWZ,2022,16.36228,5.99107,8.5,2.5425,-0.33862,452351748.18559,1.9401,28.36985,3.62127,21.34289,
SWZ,2023,18.45359,6.13306,10.83333,4.44167,4.50681,479261051.16795,2.05725,,,21.30953,
SWZ,2024,18.31769,6.0694,10.875,3.90417,9.39271,536572585.91326,1.90985,,,21.62314,
SXM,2009,,1.37085,,,,,,,,,
SXM,2010,,1.36968,,,,,,,,,
SXM,2011,1.79,1.34595,,,,,,,,,
SXM,2012,1.79,1.55131,,,,,,,,,
SXM,2013,1.79,1.5437,,,,,,,,,
SXM,2014,1.79,1.52758,,,,,,,,,
SXM,2015,1.79,1.5191,,,,,,,,,
SXM,2016,1.79,1.48918,,,,,,,,,
SXM,2017,1.79,1.3965,,,,,,,,,
SXM,2018,1.79,1.36263,,,,,,,,,
SXM,2019,1.79,1.365,,,,,,,,,
SXM,2020,1.79,1.38735,,,,,,,,,
SXM,2021,1.79,1.43831,,,,,,,,,
SXM,2022,1.79,1.38738,,,,,,,,,
SXM,2023,1.79,1.36629,,,,,,,,,
SXM,2024,1.79,1.38065,,,,,,,,,
SYC,1960,4.76189,,,,,,,,,,
SYC,1961,4.76189,,,,,,,,,,
SYC,1962,4.76189,,,,,,,,,,
SYC,1963,4.76189,,,,,,,,,,
SYC,1964,4.76189,,,,,,,,,,
SYC,1965,4.76189,,,,,,,,,,
SYC,1966,4.76189,,,,,,,,,,
SYC,1967,4.82803,,,,,,,,,,
SYC,1968,5.55555,,,,,,,,,,
SYC,1969,5.55555,,,,,,,,,,
SYC,1970,5.55555,,,,,,,,,,
SYC,1971,5.48576,,,,,,,37.59336,,15.76763,
SYC,1972,5.33853,,,,,,,39.6088,43.04636,20.59902,
SYC,1973,5.44228,,,,,4270000.0,,35.85657,11.11111,23.95418,
SYC,1974,5.70309,,,,,5040000.0,,30.28455,3.47222,20.60976,
SYC,1975,6.0268,,,,,6340000.0,,33.4606,29.39597,19.02117,
SYC,1976,7.41888,,,,,6490000.0,1.66221,37.82874,43.46473,22.83948,
SYC,1977,7.64338,,,,,11511471.26005,2.11464,32.86699,17.20897,23.72263,
SYC,1978,6.95247,,,,,9260279.58015,1.29606,31.00202,13.75694,23.04976,
SYC,1979,6.33265,,,,,12147892.92783,1.26812,28.949,26.51844,19.28279,
SYC,1980,6.39195,,,,,18439443.92087,1.68343,31.6119,35.79083,15.97558,
SYC,1981,6.31492,,,9.0,,13800012.33875,1.30837,30.31699,-1.04167,15.0763,
SYC,1982,6.55254,,,9.0,,13071864.47295,1.19235,28.49136,-6.37959,14.00785,
SYC,1983,6.76764,,,9.08333,,9972347.79883,0.98336,29.46753,6.06474,13.13875,
SYC,1984,7.05887,,,9.5,,5399604.1914,0.50575,30.36709,10.85769,10.76179,
SYC,1985,7.13433,,,9.6,,8500984.18278,0.67334,30.42952,13.0397,8.36987,
SYC,1986,6.17679,,,10.0,,7748927.86809,0.5331,32.11615,12.45834,6.90347,
SYC,1987,5.60001,,,10.0,,13712559.83203,0.83114,32.41999,9.7561,6.22814,
SYC,1988,5.38357,,,10.0,,8707284.7896,0.44068,36.1554,22.07684,6.19403,
SYC,1989,5.64572,,15.50667,9.7325,13.10237,12114849.84361,0.61975,37.68238,17.38687,7.20334,
SYC,1990,5.3369,3.36252,15.6475,9.55083,8.72173,16638359.43435,0.75447,37.44497,13.57971,6.82772,
SYC,1991,5.28931,3.18607,15.57583,9.50167,17.98648,27650738.789,1.3462,41.55652,11.71367,7.43318,
SYC,1992,5.12198,3.2605,15.56333,9.55833,10.40915,31257754.17658,1.38136,42.44078,14.56311,7.05372,
SYC,1993,5.18153,3.28146,15.71333,9.365,12.31217,35650570.82787,1.32824,47.49898,23.72881,7.06552,
SYC,1994,5.05586,3.29819,15.71667,8.84583,12.72271,30154867.74219,1.25608,56.33365,18.78324,8.7017,
SYC,1995,4.76197,3.1635,15.76083,9.2225,18.21127,27095250.02676,0.92911,65.48911,14.39455,10.68384,
SYC,1996,4.96998,2.91773,16.21583,9.90417,23.73953,21760021.45429,0.64224,72.45575,14.29972,11.82678,
SYC,1997,5.02634,2.89336,14.88083,9.19583,13.88473,26323862.58149,0.69726,74.40938,16.2265,12.87303,
SYC,1998,5.26219,3.1591,14.30256,7.53417,3.52388,21589896.36941,0.52646,76.15829,15.79527,13.50175,
SYC,1999,5.34258,3.17909,11.1707,5.1325,8.9304,30345524.73198,0.65256,87.02334,18.79951,14.21543,
SYC,2000,5.71382,3.14759,10.737,4.7675,9.36778,43752074.04686,0.96292,86.27093,4.64573,15.55774,
SYC,2001,5.85754,3.2678,10.62534,4.92083,4.20942,37133887.91981,0.65368,93.63903,12.60633,16.98808,
SYC,2002,5.48003,3.33406,10.58753,4.93333,6.73116,69794569.434,1.24584,98.52741,10.34449,19.10972,
SYC,2003,5.40072,3.46394,10.61588,3.98917,4.40697,67387801.99967,1.24224,104.10871,5.35787,24.58133,
SYC,2004,5.5,4.20554,9.99165,3.54583,-11.77668,34591085.96578,0.58036,97.97714,13.98686,23.78869,
SYC,2005,5.5,4.09639,9.76903,3.72,9.26788,56244154.29637,0.72203,90.94971,1.65139,23.37995,
SYC,2006,5.51969,4.03116,10.04997,2.45556,8.48524,112923278.38174,1.30497,84.43173,3.03038,21.39595,
SYC,2007,6.70106,4.35967,10.89367,3.06859,-0.1672,40768609.39932,0.47819,64.24745,-7.97282,23.78911,
SYC,2008,9.45724,5.64284,11.80777,3.96617,-15.24983,63833877.5195,0.65787,64.07656,27.98874,27.52361,
SYC,2009,13.60994,7.18876,15.34725,9.76746,-10.01288,190546677.64174,2.17787,55.2723,7.82804,19.99207,
SYC,2010,12.06776,6.95189,12.70265,2.85995,15.14336,255584702.55366,2.86784,61.41445,13.65693,24.15526,
SYC,2011,12.38103,6.88387,11.18993,2.08332,10.01891,279115073.98724,2.65754,57.93587,4.40661,22.39062,
SYC,2012,13.70403,7.59388,12.19119,3.29825,1.58814,308093541.24807,2.40191,49.71318,-2.28903,20.86009,
SYC,2013,12.05832,7.8949,12.28683,3.42884,6.29173,425902438.87312,3.07055,58.48965,25.84846,21.36721,
SYC,2014,12.74703,7.74897,11.64817,2.33305,4.89712,465010215.59243,3.28408,66.85773,26.60764,24.35044,
SYC,2015,13.31392,8.02603,12.3582,3.16129,13.49678,536145674.40741,4.16789,63.82782,2.93506,24.34973,
SYC,2016,13.31912,7.6587,12.35756,3.48766,14.99623,523503786.87859,3.6883,65.32796,12.11954,24.51661,
SYC,2017,13.64784,7.77741,12.24125,3.60741,9.68291,545203276.38712,3.34142,69.48449,16.41261,,
SYC,2018,13.91112,7.99358,12.30881,3.29077,8.56612,549521831.72802,3.00007,68.94964,7.72153,,15.90247
SYC,2019,14.03325,7.84994,12.6044,3.58196,12.46163,580545515.11504,3.24387,74.19906,13.69167,,60.82014
SYC,2020,17.61652,7.96504,11.6074,3.46723,6.06,559681941.83223,4.7583,101.6315,27.21428,,88.56884
SYC,2021,16.92052,8.45631,9.15718,2.79022,6.23564,702584737.67673,4.397,93.35839,-5.09283,,81.39466
SYC,2022,14.27279,8.01746,9.10152,1.67031,7.41521,638960849.80749,3.20355,82.04337,0.60496,,60.23891
SYC,2023,14.01811,8.05546,9.52952,1.90302,5.22645,682793969.31427,3.16708,81.49389,5.72811,,29.93993
SYC,2024,14.52969,7.80669,9.80789,2.38714,10.63185,773677575.74344,3.66691,85.22586,7.39795,,37.42364
SYR,1960,3.58,,,,,28330800.0,,29.89987,,25.26883,
SYR,1961,3.58,,,,,21086450.0,,27.89322,2.81015,21.69636,
SYR,1962,3.69,,,,,33043010.0,,26.15674,13.56076,20.53203,
SYR,1963,3.82,,,,,22048440.0,,23.8262,1.93115,20.24769,
SYR,1964,3.82,,,,,33070160.0,,22.54504,5.58301,18.03642,
SYR,1965,3.82,,,,,45070160.0,,25.57481,12.62136,18.38583,
SYR,1966,3.82,,,,,53108170.0,,28.11372,9.21336,20.72716,
SYR,1967,3.82,,,,,74113600.0,,30.46418,18.40863,10.53671,
SYR,1968,3.82,,,,,72600000.0,,32.68935,16.11809,9.78888,
SYR,1969,3.82,,,,,59160000.0,,31.87236,12.12261,8.68716,
SYR,1970,3.82,,,,,56896000.0,,36.53382,13.57319,8.10441,
SYR,1971,3.82,,,,,92904000.0,,33.47311,7.96603,7.11594,
SYR,1972,3.82,,,,,157219440.86021,,36.69159,26.23593,6.2668,
SYR,1973,3.82325,,,,,468474889.93266,,41.3092,20.30775,6.62407,
SYR,1974,3.73292,,,,,613249386.44167,,37.47996,45.78863,4.37867,
SYR,1975,3.7,,,,,812561560.3848,,36.31548,25.95181,4.18168,
SYR,1976,3.85267,,,,,399706243.24672,,37.31527,23.34657,4.63498,
SYR,1977,3.925,,,,,617512169.26502,2.59504,43.98364,28.77783,4.95835,
SYR,1978,3.925,,,,,565089746.85089,2.41767,46.6677,27.2184,5.09864,
SYR,1979,3.925,,,,,1007330332.33106,3.30272,45.29661,16.79568,6.2534,
SYR,1980,3.925,,,,,827582464.64751,2.15418,46.27892,34.40203,5.74117,
SYR,1981,3.925,,,,,622538269.6364,1.40193,41.78816,15.84595,5.30489,
SYR,1982,3.925,,,,,578680554.41528,1.51971,48.13165,20.45258,6.50142,
SYR,1983,3.925,,,,,369971303.91476,0.8835,56.91995,26.00034,8.10222,
SYR,1984,3.925,,,,,524999208.62407,1.33469,69.35176,25.2505,8.73338,
SYR,1985,3.925,,,,,355444602.81195,0.84308,75.6912,20.56037,8.20006,
SYR,1986,3.925,,,,,469864339.34045,1.76265,70.49733,11.83621,7.6059,
SYR,1987,3.925,,,,,626283673.22135,2.22725,61.54574,11.57018,7.02409,
SYR,1988,11.225,,,,,534765163.91584,2.081,51.53633,21.98501,6.48659,
SYR,1989,11.225,,,,,460059283.2812,1.64415,55.7084,21.3686,7.69445,
SYR,1990,11.225,,,,,446790359.43435,1.41621,54.69854,26.12443,7.45707,
SYR,1991,11.225,,,,,420691843.09889,1.13386,53.31592,13.1781,8.59772,
SYR,1992,11.225,,,,,403611000.05156,0.92124,53.38958,19.44367,9.56769,
SYR,1993,11.225,,,,,451438912.83939,0.90018,62.49776,30.32881,10.74476,
SYR,1994,11.225,,,,,445255185.73167,0.74086,57.34413,12.23245,10.34246,
SYR,1995,11.225,,,,,448176754.17405,0.82171,55.48637,9.16345,11.15058,
SYR,1996,11.225,,,,,433607811.51572,0.7341,50.53419,10.19708,9.64496,
SYR,1997,11.225,,,,,367754380.6628,0.72369,50.68152,8.23407,9.83828,
SYR,1998,11.225,,,,,365812595.65752,0.77695,52.82623,10.50535,9.18685,
SYR,1999,11.225,,,,,367856227.9053,0.72353,57.82785,13.4355,9.1986,
SYR,2000,11.225,,,,,354635059.43983,0.64343,62.28783,18.96003,8.46883,
SYR,2001,11.225,,,,,356737907.54742,0.59973,71.46666,23.53648,8.06482,
SYR,2002,11.225,,,,,411551014.99826,0.65708,81.15372,18.5108,8.21775,
SYR,2003,11.225,,,,,473633099.16808,0.77571,82.79553,7.80854,10.10424,
SYR,2004,11.225,,,,,547669435.96019,0.63769,77.72784,10.72324,11.65451,
SYR,2005,11.225,,,,,17774179269.98828,17.25788,72.80424,11.37611,14.76463,
SYR,2006,11.225,,,,,16996900531.00776,15.40272,68.1561,7.28506,14.69856,
SYR,2007,11.225,,,,,17707471673.81493,12.82191,65.4652,12.43326,15.08499,
SYR,2008,11.225,,,,,17783782583.96477,10.17797,67.64896,25.1818,17.53817,
SYR,2009,11.225,,,,,18300334790.15885,12.12088,71.35839,8.61352,19.63746,
SYR,2010,11.225,,,,,20631907296.86942,11.65902,72.00662,13.47088,21.93646,
SYR,2011,48.33667,,,,,,,57.84811,-7.80988,20.74252,
SYR,2012,64.58083,,,,,,,,,,
SYR,2013,108.73333,,,,,,,,,,
SYR,2014,154.13,,,,,,,,,,
SYR,2015,237.02917,,,,,,,,,,
SYR,2016,460.27583,,,,,,,,,,
SYR,2017,492.61083,132.99591,,,,,,,,,
SYR,2018,436.5,141.60333,,,,,,,,,
SYR,2019,436.5,163.02744,,,,,,,,,
SYR,2020,877.94525,237.00914,,,,,,,,,
SYR,2021,1256.0,417.32242,,,,,,,,,
SYR,2022,2505.74691,826.40466,,,,,,,,,
SYR,2023,,1757.52068,,,,,,,,,
TCA,1960,1.0,,,,,,,,,,
TCA,1961,1.0,,,,,,,,,,
TCA,1962,1.0,,,,,,,,,,
TCA,1963,1.0,,,,,,,,,,
TCA,1964,1.0,,,,,,,,,,
TCA,1965,1.0,,,,,,,,,,
TCA,1966,1.0,,,,,,,,,,
TCA,1967,1.0,,,,,,,,,,
TCA,1968,1.0,,,,,,,,,,
TCA,1969,1.0,,,,,,,,,,
TCA,1970,1.0,,,,,,,,,,
TCA,1971,1.0,,,,,,,,,,
TCA,1972,1.0,,,,,,,,,,
TCA,1973,1.0,,,,,,,,,,
TCA,1974,1.0,,,,,,,,,,
TCA,1975,1.0,,,,,,,,,,
TCA,1976,1.0,,,,,,,,,,
TCA,1977,1.0,,,,,,,,,,
TCA,1978,1.0,,,,,,,,,,
TCA,1979,1.0,,,,,,,,,,
TCA,1980,1.0,,,,,,,,,,
TCA,1981,1.0,,,,,,,,,,
TCA,1982,1.0,,,,,,,,,,
TCA,1983,1.0,,,,,,,,,,
TCA,1984,1.0,,,,,,,,,,
TCA,1985,1.0,,,,,,,,,,
TCA,1986,1.0,,,,,,,,,,
TCA,1987,1.0,,,,,,,,,,
TCA,1988,1.0,,,,,,,,,,
TCA,1989,1.0,,,,,,,,,,
TCA,1990,1.0,,,,,,,,,,
TCA,1991,1.0,,,,,,,,,,
TCA,1992,1.0,,,,,,,,,,
TCA,1993,1.0,,,,,,,,,,
TCA,1994,1.0,,,,,,,,,,
TCA,1995,1.0,,,,,,,,,,
TCA,1996,1.0,,,,,,,,,,
TCA,1997,1.0,,,,,,,,,,
TCA,1998,1.0,,,,,,,,,,
TCA,1999,1.0,,,,,,,,,,
TCA,2000,1.0,,,,,,,,,,
TCA,2001,1.0,,,,,,,,,,
TCA,2002,1.0,,,,,,,,,,
TCA,2003,1.0,,,,,,,,,,
TCA,2004,1.0,,,,,,,,,,
TCA,2005,1.0,,,,,,,,,,
TCA,2006,1.0,,,,,,,,,,
TCA,2007,1.0,0.92005,,,,,,,,,
TCA,2008,1.0,0.92983,,,,,,,,,
TCA,2009,1.0,0.93631,,,,,,,,,
TCA,2010,1.0,0.8947,,,,,,,,,
TCA,2011,1.0,1.02841,,,,,,,,,
TCA,2012,1.0,1.09797,,,,,,,,,
TCA,2013,1.0,1.07196,,,,,,,,,
TCA,2014,1.0,1.06836,,,,,,,,,
TCA,2015,1.0,1.07176,,,,,,,,,
TCA,2016,1.0,1.05349,,,,,,,,,
TCA,2017,1.0,0.99724,,,,,,,,,
TCA,2018,1.0,1.01522,,,,,,,,,
TCA,2019,1.0,1.01948,,,,,,,,,
TCA,2020,1.0,1.05944,,,,,,,,,
TCA,2021,1.0,1.09071,,,,,,,,,
TCA,2022,1.0,1.03507,,,,,,,,,
TCA,2023,1.0,1.00378,,,,,,,,,
TCA,2024,1.0,0.98821,,,,,,,,,
TCD,1960,245.1951,,,,,12240000.0,,6.97109,,3.49855,
TCD,1961,245.2601,,,,,7690000.0,,6.90995,5.59701,5.20078,
TCD,1962,245.01385,,,,,10300000.0,,6.79025,5.12367,4.59911,
TCD,1963,245.01635,,,,,11260000.0,,7.20175,10.2521,5.39033,
TCD,1964,245.02718,,,,,14893000.0,,6.86704,0.60976,6.35721,
TCD,1965,245.06093,,,,,13623000.0,,6.66521,3.18182,6.3618,
TCD,1966,245.67844,,,,,7373000.0,,6.16016,-3.81791,7.11945,
TCD,1967,246.00094,,,,,983000.0,,6.05471,2.29008,8.81096,
TCD,1968,247.56469,,,,,-2246152.08321,,6.58959,10.53731,9.60588,
TCD,1969,259.96057,,,,,-4810495.80883,,6.54695,8.38509,10.174,
TCD,1970,276.40314,,,,,2308557.60921,,7.01351,13.33001,8.45445,
TCD,1971,275.35646,,,,,11224223.1798,,7.07854,7.52995,6.80935,
TCD,1972,252.02763,,,,,10074968.89722,,6.85762,3.43488,6.3859,
TCD,1973,222.88918,,,,,1470530.61297,,7.38976,5.35679,7.82371,
TCD,1974,240.70467,,,,,15267029.23657,,9.62069,41.75422,9.44879,
TCD,1975,214.3129,,,,,3058688.10897,,9.0067,10.44272,12.09582,
TCD,1976,238.95049,,,,,23274483.26886,,10.06515,24.80676,9.35142,
TCD,1977,245.67969,,,,,19707116.11801,0.94762,10.31727,13.82688,10.26767,
TCD,1978,225.65586,,,,,13711275.93677,0.60676,11.70381,24.08368,12.41394,
TCD,1979,212.72164,,,4.5,,17103550.98184,1.61529,15.55702,12.97461,17.86839,
TCD,1980,211.27956,,,5.5,,11772888.80349,1.69873,12.89425,-15.32675,17.17233,
TCD,1981,271.73145,,,5.5,,11846216.04185,1.32114,13.91657,17.83811,13.11881,
TCD,1982,328.60625,,,5.5,,17613994.63416,2.0183,12.63736,4.48405,10.93847,
TCD,1983,381.06604,,,5.5,,32348568.40659,2.1555,13.36327,22.33831,10.23154,
TCD,1984,436.95667,,,5.5,,47584282.54578,2.54137,16.8719,59.85043,11.43651,
TCD,1985,449.26296,,,5.5,,37090013.64353,1.35927,15.49125,6.10841,13.99423,
TCD,1986,346.3059,,,5.5,,20248623.25957,0.62284,19.66331,1.13494,20.28258,
TCD,1987,300.53656,,,5.33333,,57481196.73605,1.57871,21.55885,3.66779,21.21365,
TCD,1988,297.84822,,,4.3125,,67636520.20038,1.75761,14.8285,-13.13328,7.03573,
TCD,1989,319.0083,,,4.25,,116184031.94145,3.02419,15.47366,8.07715,6.43063,
TCD,1990,272.26479,110.98313,,5.0625,,132064062.90209,3.09858,14.80202,-0.99336,6.4811,
TCD,1991,282.10691,110.65215,,7.5,,123724750.81794,3.1649,13.67718,3.36963,5.94841,
TCD,1992,264.6918,94.22355,,7.5,,84189961.92562,2.09596,13.34706,-8.20815,6.08782,
TCD,1993,283.16258,90.83187,,7.75,,43281878.49789,1.11449,11.5051,-28.29746,5.03454,
TCD,1994,555.2047,127.65881,,8.08333,,80278305.57843,2.27281,9.5652,31.43906,3.62567,
TCD,1995,499.14843,136.08186,,5.5,,146818545.09741,,12.91372,48.74954,3.85048,
TCD,1996,511.55243,148.94786,,5.45833,,168587618.71933,,14.50085,27.92859,3.64248,
TCD,1997,583.66937,151.96174,,5.0,,139051268.15291,,12.68262,-4.09873,3.23429,
TCD,1998,589.95177,160.4154,,5.0,,123289615.94224,,10.25118,-7.71787,3.30628,
TCD,1999,615.47335,146.19851,,5.0,,98247717.70128,,10.79059,-3.37377,3.5861,
TCD,2000,710.20798,150.52249,,5.0,,113752750.28743,,12.3491,19.43703,3.47936,
TCD,2001,732.39769,167.51905,,5.0,,125450913.47342,,12.0683,24.17514,4.33849,
TCD,2002,693.71323,168.10271,,5.0,,222510578.66182,,13.25492,21.43197,4.21237,
TCD,2003,579.89743,164.97833,,5.0,,191745202.61117,,11.61195,0.58107,4.1949,
TCD,2004,527.33803,176.29696,,5.0,,226603535.30068,,8.16223,3.07373,3.13376,
TCD,2005,527.25836,210.25498,,4.91667,,231282856.16401,,5.54481,32.92939,1.95252,
TCD,2006,522.42562,227.93514,,4.33333,,632157876.91718,,7.47698,49.87572,1.6949,
TCD,2007,478.63372,218.35074,,4.25,,964338636.97465,,7.70608,5.66451,1.90886,
TCD,2008,446.00004,238.56755,,3.75,,1355146208.38943,,8.48248,26.36105,2.3778,
TCD,2009,470.29342,233.35842,,3.25,,616701392.11005,,8.33575,-4.64473,2.96503,
TCD,2010,494.79426,243.54837,,3.25,,632405291.27749,,8.70141,25.34682,3.21498,
TCD,2011,471.24863,258.13132,,3.25,,951097160.644,,8.79225,14.21732,3.53708,
TCD,2012,510.55634,283.95622,,3.25,,1155659286.59738,,8.58548,13.44553,4.02102,
TCD,2013,493.89962,305.40662,,3.20833,,1183031943.77765,,9.65711,8.64854,4.41495,
TCD,2014,493.75733,295.99496,,2.6,,1075906114.58729,,12.02948,26.47504,5.99412,
TCD,2015,591.2117,247.17398,,2.45,,368916823.81667,,11.93159,-4.70081,6.282,
TCD,2016,592.60562,240.89871,,2.45,,8184292.08845,,12.28117,-7.69282,9.66896,
TCD,2017,580.65675,236.58299,,,,8575237.4152,,11.69697,-4.36501,9.10618,
TCD,2018,555.44646,236.52249,,,,147750165.90978,,10.71918,0.65096,8.24874,
TCD,2019,585.91101,222.57347,,,,310032032.85024,,12.82125,22.701,7.54147,
TCD,2020,575.586,228.27321,,,,390675163.10922,,15.31209,17.53842,7.22916,
TCD,2021,554.53068,215.51094,,,,211590754.91734,,15.9845,13.63202,8.32291,
TCD,2022,623.7597,229.6294,,,,1013220923.95659,,,,,
TCD,2023,606.56975,213.24447,,,,1049788251.30153,,,,,
TCD,2024,606.3453,212.58098,,,,1547604928.86707,,,,,
TGO,1960,245.1951,,,,,,,,,,
TGO,1961,245.2601,,,,,,,,,,
TGO,1962,245.01385,,,,,,,8.04278,,7.84609,
TGO,1963,245.01635,,,,,,,7.86794,5.97826,8.00916,
TGO,1964,245.02718,,,,,,,7.88147,16.15385,7.67269,
TGO,1965,245.06093,,,,,,,8.4079,20.30905,4.84419,
TGO,1966,245.67844,,,,,,,7.85461,8.07339,4.9208,
TGO,1967,246.00094,,,,,,,8.65888,18.33616,5.36677,
TGO,1968,247.56469,,,,,,,10.12285,22.85509,7.05396,
TGO,1969,259.96057,,,,,,,11.69104,34.19362,6.47987,
TGO,1970,276.40314,,,,,,,12.79047,10.34723,8.44796,
TGO,1971,275.35646,,,,,,,12.6653,11.29338,8.46777,
TGO,1972,252.02763,,,,,,,11.63367,-1.50935,8.52918,
TGO,1973,222.88918,,,,,,,12.43813,14.49745,10.4232,
TGO,1974,240.70467,,,,,,,15.99322,91.45407,8.53307,
TGO,1975,214.3129,,,,,,,15.13536,-7.18787,13.18817,
TGO,1976,238.95049,,,,,,,19.71765,45.7352,15.33547,
TGO,1977,245.67969,,,,,,,17.82448,16.66303,16.39787,
TGO,1978,225.65586,,,,,,,24.72463,35.08049,19.41872,
TGO,1979,212.72164,,,,,,,24.83628,2.4498,21.72685,
TGO,1980,211.27956,,,,,,,21.40271,9.07041,19.44323,
TGO,1981,271.73145,,,,,,,27.23332,38.58344,17.19108,
TGO,1982,328.60625,,,,,,,30.72983,16.50691,18.67378,
TGO,1983,381.06604,,,,,,,28.57722,0.50354,16.80742,
TGO,1984,436.95667,,,,,,,30.70687,15.55354,16.31688,
TGO,1985,449.26296,,,,,,,29.60619,5.23365,14.75056,
TGO,1986,346.3059,,,,,,,31.89534,15.56417,17.61593,
TGO,1987,300.53656,,,,,,,30.90039,-1.00987,18.18927,
TGO,1988,297.84822,,,,,,,24.88142,-11.90969,17.25599,
TGO,1989,319.0083,,,,,,,23.94117,1.1213,15.9982,
TGO,1990,272.26479,141.03975,,,,,,25.52757,9.53184,15.98389,
TGO,1991,282.10691,140.07015,,,,,,25.82543,3.14204,17.60286,
TGO,1992,264.6918,141.39387,,,,,,21.36075,-18.00294,17.71488,
TGO,1993,283.16258,126.7986,,,,,,22.96886,-16.18727,20.94116,
TGO,1994,555.2047,168.64532,,,,,,21.21818,44.28972,13.30316,
TGO,1995,499.14843,183.49109,,,,,,21.65646,22.27425,14.2193,
TGO,1996,511.55243,189.90082,,,,,,17.68204,-6.3497,13.31035,
TGO,1997,583.66937,190.48249,,,,,,15.9482,5.26233,12.5827,
TGO,1998,589.95177,206.36692,,,,,,14.90943,0.06526,12.2801,
TGO,1999,615.47335,205.75651,,,,,,15.59361,8.37979,10.71303,
TGO,2000,710.20798,221.41837,,,,,,16.47637,15.36837,9.88051,
TGO,2001,732.39769,220.08092,,,,,,14.62168,-9.06391,8.97413,
TGO,2002,693.71323,227.60924,,,,,,13.04864,-2.68468,7.65447,
TGO,2003,579.89743,216.74503,,,,,,14.26156,13.26571,9.63909,
TGO,2004,527.33803,207.04223,,,,,,17.42482,18.67634,10.36142,
TGO,2005,527.25836,212.54413,8.75583,7.6075,2.71985,,,17.71264,2.60287,11.49786,
TGO,2006,522.42562,205.1367,4.73667,7.82167,5.27225,,,21.48538,23.88085,11.32156,
TGO,2007,478.63372,209.6395,4.75167,7.81333,-0.20206,,,22.9092,10.60444,14.17308,
TGO,2008,446.00004,224.34029,4.98417,8.12417,-3.7498,,,25.21189,24.88195,11.91202,
TGO,2009,470.29342,229.91545,4.9775,8.57917,1.80402,,,26.52451,14.40248,13.28472,
TGO,2010,494.79426,226.94289,5.11333,8.38667,5.21151,,,28.77709,14.73678,15.27611,
TGO,2011,471.24863,228.62497,5.25592,8.50083,2.36951,,,31.01605,17.27263,19.80292,
TGO,2012,510.55634,236.57742,5.03917,7.9925,3.23222,,,31.57979,10.12937,21.77345,
TGO,2013,493.89962,237.98445,5.2875,7.65417,3.54454,,,34.32001,16.94264,23.22078,
TGO,2014,493.75733,234.2854,5.33833,7.25833,4.83525,,,33.50587,3.62229,24.15708,
TGO,2015,591.2117,236.22823,5.15417,6.99833,2.88785,,,37.54287,20.77855,26.037,
TGO,2016,592.60562,236.86164,5.295,6.925,3.78211,,,39.90536,12.38773,,
TGO,2017,580.65675,231.84018,,,,,,42.56443,9.957,,
TGO,2018,555.44646,228.70668,,,,,,44.20812,9.33495,,
TGO,2019,585.91101,218.59042,,,,,,44.03777,4.53168,,
TGO,2020,575.586,208.46754,,,,,,46.72436,11.58509,,
TGO,2021,554.53068,202.17447,,,,,,47.72418,12.27978,,
TGO,2022,623.7597,202.15934,,,,,,48.35217,15.36247,,
TGO,2023,606.56975,202.87053,,,,,,46.72119,6.67641,,
TGO,2024,606.3453,201.6759,,,,,,46.80292,8.65532,,
THA,1960,21.18177,,,,,373373600.0,,23.33885,,,
THA,1961,21.05844,,,,,454901550.0,,24.23617,13.45985,,
THA,1962,20.88011,,,,,523663390.0,,25.0774,11.88892,,
THA,1963,20.83008,,,,,576683160.0,,23.97805,2.06049,,
THA,1964,20.8,,,,,660812240.0,,24.62485,12.65057,,
THA,1965,20.8,,,,,739800720.0,,25.22404,15.59739,,
THA,1966,20.8,,,,,923957800.0,,25.64203,22.2782,,
THA,1967,20.8,,,,,1008984000.0,,27.3704,14.00362,,
THA,1968,20.8,,,,,1038538000.0,,29.46032,16.08377,,
THA,1969,20.8,,,,,984984000.0,,30.03116,12.23579,,
THA,1970,20.8,,,,,911040540.0,,32.04237,12.93126,,
THA,1971,20.8,,,,,890056634.2348,,35.87093,16.50535,,
THA,1972,20.80003,,,,,1115223906.81001,,39.88295,23.28881,,
THA,1973,20.61958,,,,,1469494603.80581,,37.49455,22.75101,,
THA,1974,20.3751,,,,,2194580772.41438,,35.88352,20.30781,,
THA,1975,20.37927,,,,,2006995025.60676,6.55143,38.25308,15.80528,,
THA,1976,20.4001,,11.04167,,6.26293,2112848141.32813,6.17246,40.34173,20.4811,,
THA,1977,20.4001,,10.89583,8.0,4.60421,2208114609.30437,4.98528,41.38867,19.47231,,
THA,1978,20.3361,,10.97917,8.0,1.16866,2556904312.40344,4.85017,40.74111,19.09831,,
THA,1979,20.41894,,12.95833,8.25,3.96956,3099793502.45529,4.22303,40.72185,14.42764,,
THA,1980,20.47635,,16.14583,12.0,3.05526,3026261894.75062,3.34364,42.01139,22.2868,,
THA,1981,21.82044,,17.20833,12.5,8.15328,2720399130.65486,2.72211,42.37007,15.75375,,
THA,1982,23.00012,,16.95833,13.0,11.32755,2673865471.94638,3.0266,47.21198,23.32916,,
THA,1983,23.00012,,15.20833,13.0,11.15222,2555856562.97028,2.47784,53.39632,23.77239,,
THA,1984,23.63937,,16.79167,13.0,15.12481,2687314836.48102,2.53944,59.56151,19.67065,,
THA,1985,27.15889,,16.08333,13.0,13.60982,3003322374.34095,3.02233,62.08993,11.46468,,
THA,1986,26.29888,,13.375,9.75,11.53122,3776532763.68941,3.74104,65.76239,13.62372,,
THA,1987,25.7228,,11.54167,9.5,6.51093,5205711201.07251,3.82,68.48048,19.43219,,
THA,1988,25.29388,,11.58333,9.5,5.3484,7112347031.65076,3.61402,67.32175,17.96262,,
THA,1989,25.70205,,12.25,9.5,5.77973,10508203542.25038,4.25667,71.35034,26.17714,,31.95131
THA,1990,25.58546,8.96313,14.41667,12.25,8.17172,14258318641.9314,4.4117,76.16468,25.51906,,23.96634
THA,1991,25.5168,9.16815,15.39583,13.66667,9.12494,18392698554.72686,4.84117,79.21595,19.39551,,38.7532
THA,1992,25.40013,9.36639,12.16667,8.875,7.34633,21183085549.84394,5.09736,81.0234,15.51368,,51.39245
THA,1993,25.31961,9.74339,11.16667,8.625,4.39101,25439320807.74648,5.3831,83.63294,18.99096,,99.40227
THA,1994,25.14995,9.98546,10.89583,8.45833,5.94526,30280316600.04628,5.35206,81.88888,10.6861,,86.64907
THA,1995,24.91518,10.34181,13.25,11.58333,7.10209,36938829792.42131,5.02791,84.3357,17.74273,,82.86779
THA,1996,25.34268,10.57209,13.39583,10.33333,8.93166,38644717230.56172,5.10521,84.82529,10.62018,,52.82989
THA,1997,31.36433,10.85235,13.64583,10.52083,8.83409,26897418424.64933,4.05176,99.86532,19.55054,,15.23914
THA,1998,41.35939,11.59712,14.41667,10.64583,5.8789,29537081212.20656,6.39745,110.12611,10.06961,,30.13174
THA,1999,37.81366,11.14062,8.97917,4.77083,11.86179,34780926366.22399,6.68571,112.20328,3.79912,,45.13847
THA,2000,40.1118,11.03885,7.83333,3.29167,6.41687,32665494240.03875,5.07297,111.20932,4.90795,,23.11645
THA,2001,44.4319,11.00278,7.27083,2.54167,5.25258,33040506129.72468,5.24981,122.75914,16.3772,,29.87883
THA,2002,42.96008,11.01756,,,,38903305773.62306,5.77679,115.21056,1.30589,,33.88239
THA,2003,41.48462,11.03649,,,,42161780759.88059,5.4285,111.79329,6.24564,,78.1565
THA,2004,40.22241,11.13109,4.55309,1.09836,0.94992,49846608741.87777,5.12847,107.43635,5.7928,,66.73988
THA,2005,40.22013,11.34221,4.71935,1.65311,-0.35417,52075784293.79985,4.35228,104.10419,6.09648,,65.43736
THA,2006,37.88198,11.56451,6.27381,4.33873,1.11279,67007805167.68063,5.08069,102.05619,8.1552,,63.20453
THA,2007,34.51818,11.53794,6.04657,2.84079,3.48699,87472466803.25276,5.93096,100.36542,6.25297,106.36255,74.97049
THA,2008,33.3133,11.90098,5.82189,2.536,0.65451,111009214971.92088,6.08024,102.4457,9.16478,105.75976,35.39268
THA,2009,34.28577,11.85106,4.776,1.02194,4.57232,138419119047.9886,9.81396,109.92207,6.76442,108.98335,62.81484
THA,2010,31.6857,12.1866,4.33404,1.19967,0.24313,172027935376.4461,9.07256,108.98092,10.94291,115.74757,81.42124
THA,2011,30.49173,12.3872,5.06757,2.45806,1.27668,174891021491.4186,7.74152,119.92571,15.12097,130.67294,72.40433
THA,2012,31.08309,12.17564,5.18731,2.60015,3.21676,181481264053.9029,7.26906,121.11655,10.37545,136.231,98.03752
THA,2013,30.72597,12.15247,5.06043,2.43306,3.22433,167230223498.3083,6.5102,124.36923,7.32085,142.3632,84.30611
THA,2014,32.47983,12.26281,4.94915,1.7531,3.45784,157162740027.0057,6.66361,127.04955,4.64785,145.56423,105.6679
THA,2015,34.24772,12.33792,4.73187,1.43342,3.98101,156459956382.6058,7.35463,127.7306,4.43564,149.37325,86.91784
THA,2016,35.29638,12.35085,4.46835,1.30034,1.78512,171772074486.519,8.34136,125.39634,4.22179,146.22395,104.7391
THA,2017,33.93981,12.38576,4.41658,1.28916,2.46971,202538295197.3992,8.78163,124.04474,5.01277,144.64031,120.25577
THA,2018,32.31023,12.15261,4.14667,1.2875,2.6798,205640628937.52216,7.78825,122.81941,4.66755,144.08879,98.81339
THA,2019,31.04761,11.82858,4.08417,1.41667,3.03892,224355506654.6407,8.90152,123.39863,3.6369,143.36916,104.64204
THA,2020,31.29367,11.4073,3.2925,0.62167,4.65169,258104429788.6046,12.20439,146.59353,10.15992,160.11092,108.53266
THA,2021,31.97709,11.14813,3.06,0.40583,1.2629,246025242648.5704,9.011,148.65115,4.80511,164.09504,118.31581
THA,2022,35.06135,10.8911,3.13833,0.51,-1.45349,216500525687.1246,7.11722,143.82665,3.87577,156.45242,121.93312
THA,2023,34.80219,10.64684,4.28583,1.37417,2.97301,224470464418.92288,7.56659,141.92241,1.95048,154.14078,100.716
THA,2024,35.29354,10.49237,4.51417,1.63333,3.54889,236933974075.01376,7.4557,141.74916,3.37137,147.09193,98.69982
TJK,1990,,1e-05,,,,,,,,,
TJK,1991,,1e-05,,,,,,,,,
TJK,1992,0.00247,7e-05,,,,,,,,,
TJK,1993,0.01036,0.00085,,,,,,,,,
TJK,1994,0.02449,0.00302,,,,,,,,,
TJK,1995,0.12286,0.01167,,,,,,,,,
TJK,1996,0.2955,0.06078,,,,,,,,,
TJK,1997,0.56233,0.09873,,,,38865839.94475,,,,,
TJK,1998,0.77663,0.18344,,,,55881641.42097,,7.07926,,,
TJK,1999,1.23779,0.22881,,,,57433087.00605,,6.72358,24.59023,,
TJK,2000,2.07625,0.27438,,,,94280831.92517,,8.2633,63.26087,,
TJK,2001,2.37219,0.35138,,,,94282905.70691,,7.86544,36.58478,,
TJK,2002,2.76413,0.41112,14.21083,9.5415,-3.87888,89508809.93909,1.10717,8.68318,45.33964,,
TJK,2003,3.06137,0.51236,16.72833,9.83931,-8.15046,117567950.05885,1.15783,9.66348,56.99181,,
TJK,2004,2.97051,0.58592,20.31462,10.16672,2.45508,172081994.7614,1.37282,10.57148,41.69764,,
TJK,2005,3.11657,0.62216,23.28487,10.15036,12.57419,188914218.25773,1.58763,14.44706,59.69037,,
TJK,2006,3.29841,0.73067,24.155,9.51794,2.55452,203823197.16082,1.31067,16.21119,45.35462,,
TJK,2007,3.44248,0.90516,22.96,10.99385,-3.36221,85217536.02089,0.32096,21.30042,80.22236,,
TJK,2008,3.43072,1.13816,23.59441,9.37026,-3.56504,163514355.01099,0.49594,15.08558,-2.06009,26.8259,
TJK,2009,4.14271,1.26835,22.61583,7.58063,9.3552,254940310.79379,1.04662,18.2244,40.7388,22.8399,
TJK,2010,4.37897,1.40929,23.39962,8.64764,9.72594,403106833.86653,1.41315,18.04449,18.58931,14.17054,
TJK,2011,4.61018,1.56478,22.46167,8.23675,8.06297,518942135.23975,1.50628,19.72928,33.07432,16.03704,
TJK,2012,4.73771,1.68433,21.09333,7.67464,8.24613,630690451.23968,1.48653,19.61305,19.55018,14.64831,
TJK,2013,4.76423,1.67842,24.33417,6.57882,19.97545,661311872.52376,1.44748,21.09768,19.72694,18.54142,
TJK,2014,4.93757,1.69437,24.53124,5.48952,18.86533,512645031.16602,1.40946,20.20706,7.06706,21.77536,
TJK,2015,6.16312,1.98207,25.83626,4.2262,17.75117,493391433.0361,1.67346,21.16545,18.67246,21.57391,
TJK,2016,7.83568,2.12093,24.94314,3.53341,24.27035,644763434.41551,2.42577,26.99058,37.05892,19.09623,
TJK,2017,8.54974,2.35056,29.6467,3.6796,18.06944,1291955730.80213,4.96129,27.96288,21.83811,13.01459,
TJK,2018,9.15122,2.48762,27.1888,3.83712,24.09604,1284070863.38126,4.35247,26.6604,5.14485,11.94225,
TJK,2019,9.53037,2.3992,23.54971,5.17518,19.18896,1466304531.22901,4.73163,28.00505,16.94446,11.58237,
TJK,2020,10.32194,2.35682,,,,2238305810.05378,8.17886,31.26898,18.4979,13.032,
TJK,2021,11.30885,2.54426,,,,2498779540.05517,6.67265,28.0977,8.17896,10.3442,
TJK,2022,11.03107,2.57116,,,,3847356746.4018,8.29918,22.21402,-7.56058,10.41708,
TJK,2023,10.84453,2.57476,,,,3303825209.68631,6.39352,29.78457,50.64468,12.22291,
TJK,2024,10.79949,2.67931,,,,3630709354.49572,5.93634,,,,
TKM,1990,,0.0,,,,,,,,,
TKM,1991,,0.0,,,,,,,,,
TKM,1992,,2e-05,,,,,,,,,
TKM,1993,,0.00019,,,,799006867.79235,,,,,
TKM,1994,19.19833,0.00192,,,,929007299.23811,,,,,
TKM,1995,110.91667,0.01516,,,,1168007399.72173,,,,,
TKM,1996,3257.66667,0.18966,,,,1169007159.57851,,,,,
TKM,1997,4143.41667,0.30167,,,,1256006716.57096,,,,,
TKM,1998,4890.16667,0.35087,,,,1376007009.14512,,,,,
TKM,1999,5200.0,0.42557,,,,1513006832.36548,,,,,
TKM,2000,5200.0,0.45691,,,,,,,,,
TKM,2001,5200.0,0.51229,,,,,,,,,
TKM,2002,,0.54659,,,,,,,,,
TKM,2003,,0.60106,,,,,,,,,
TKM,2004,,0.6206,,,,,,,,,
TKM,2005,,0.64402,,,,,,,,,
TKM,2006,,0.70129,,,,,,,,,
TKM,2007,,0.74608,,,,,,,,,
TKM,2008,,1.16926,,,,,,,,,
TKM,2009,,1.27552,,,,,,,,,
TKM,2010,,1.28927,,,,,,,,,
TKM,2011,,1.42563,,,,,,,,,
TKM,2012,,1.56347,,,,,,,,,
TKM,2013,,1.60448,,,,,,,,,
TKM,2014,,1.6365,,,,,,,,,
TKM,2015,,1.58541,,,,,,,,,
TKM,2016,,1.54067,,,,,,,,,
TKM,2017,,1.53631,,,,,,,,,
TKM,2018,,1.492,,,,,,,,,
TKM,2019,,1.50333,,,,,,,,,
TKM,2020,,1.529,,,,,,,,,
TKM,2021,,1.5017,,,,,,,,,
TKM,2022,,1.55655,,,,,,,,,
TKM,2023,,1.45314,,,,,,,,,
TKM,2024,,1.51189,,,,,,,,,
TLS,1960,1.0,,,,,,,,,,
TLS,1961,1.0,,,,,,,,,,
TLS,1962,1.0,,,,,,,,,,
TLS,1963,1.0,,,,,,,,,,
TLS,1964,1.0,,,,,,,,,,
TLS,1965,1.0,,,,,,,,,,
TLS,1966,1.0,,,,,,,,,,
TLS,1967,1.0,,,,,,,,,,
TLS,1968,1.0,,,,,,,,,,
TLS,1969,1.0,,,,,,,,,,
TLS,1970,1.0,,,,,,,,,,
TLS,1971,1.0,,,,,,,,,,
TLS,1972,1.0,,,,,,,,,,
TLS,1973,1.0,,,,,,,,,,
TLS,1974,1.0,,,,,,,,,,
TLS,1975,1.0,,,,,,,,,,
TLS,1976,1.0,,,,,,,,,,
TLS,1977,1.0,,,,,,,,,,
TLS,1978,1.0,,,,,,,,,,
TLS,1979,1.0,,,,,,,,,,
TLS,1980,1.0,,,,,,,,,,
TLS,1981,1.0,,,,,,,,,,
TLS,1982,1.0,,,,,,,,,,
TLS,1983,1.0,,,,,,,,,,
TLS,1984,1.0,,,,,,,,,,
TLS,1985,1.0,,,,,,,,,,
TLS,1986,1.0,,,,,,,,,,
TLS,1987,1.0,,,,,,,,,,
TLS,1988,1.0,,,,,,,,,,
TLS,1989,1.0,,,,,,,,,,
TLS,1990,1.0,0.24606,,,,,,,,,
TLS,1991,1.0,0.24768,,,,,,,,,
TLS,1992,1.0,0.27886,,,,,,,,,
TLS,1993,1.0,0.28536,,,,,,,,,
TLS,1994,1.0,0.28742,,,,,,,,,
TLS,1995,1.0,0.29014,,,,,,,,,
TLS,1996,1.0,0.30818,,,,,,,,,
TLS,1997,1.0,0.30365,,,,,,,,,
TLS,1998,1.0,0.31192,,,,,,,,,
TLS,1999,1.0,0.32967,,,,,,,,,
TLS,2000,1.0,0.33203,,,,,,,,,
TLS,2001,1.0,0.36309,,,,,,,,,
TLS,2002,1.0,0.37687,,0.78637,,43468355.21319,,9.30287,,1.3615,
TLS,2003,1.0,0.39471,,0.77411,,61303449.37021,,12.56544,41.10789,5.37533,
TLS,2004,1.0,0.34407,,0.79029,,182433882.00724,,14.9482,6.91538,20.05173,
TLS,2005,1.0,0.33974,,0.79183,,153299848.26564,,16.86115,18.2982,22.91089,
TLS,2006,1.0,0.33742,,0.79563,,83755117.64188,2.9996,22.01314,28.16169,24.56187,
TLS,2007,1.0,0.35637,,0.78139,,230271660.43816,5.45748,26.47671,43.86692,18.51566,
TLS,2008,1.0,0.37501,,0.79657,,210423736.87958,3.11866,29.70719,34.0563,15.79727,
TLS,2009,1.0,0.37929,,0.83079,,249928530.79289,2.54151,36.91588,39.29102,14.24335,
TLS,2010,1.0,0.41582,,0.81329,,406188383.99468,3.60785,33.45301,9.93819,12.43416,
TLS,2011,1.0,0.45453,11.04417,0.84612,-0.46742,461610880.98676,2.95413,30.92726,9.28809,12.73648,
TLS,2012,1.0,0.42857,12.21083,0.9053,5.69926,883551410.78244,6.30747,35.06486,26.21354,13.79165,
TLS,2013,1.0,0.46943,12.41417,0.90032,-3.62525,686998202.84284,6.7632,35.83467,22.90404,13.0234,
TLS,2014,1.0,0.42825,12.86667,0.85272,13.69442,311471064.61391,3.06075,41.43748,19.92739,13.24748,
TLS,2015,1.0,0.42464,13.49667,0.77729,5.87106,437752180.98006,3.92741,40.38637,7.07465,13.32234,
TLS,2016,1.0,0.39388,14.04833,0.76,13.88733,280953720.72314,2.82804,44.73598,14.26541,12.67653,
TLS,2017,1.0,0.36562,13.28667,0.69333,13.52825,544434360.99524,5.64987,51.92171,12.12981,16.38078,
TLS,2018,1.0,0.34242,13.4563,0.64185,15.02373,673903564.68116,7.32962,54.53681,3.12197,16.0577,
TLS,2019,1.0,0.34288,15.36218,0.64178,9.69711,656221032.73923,6.02442,38.782,-7.10863,12.9706,
TLS,2020,1.0,0.26596,14.12774,0.65017,41.2938,667685724.20992,4.99313,40.31811,10.61366,13.42465,
TLS,2021,1.0,0.39339,11.15984,0.63885,-30.12317,979959343.84168,8.8089,30.85705,28.2877,8.37598,
TLS,2022,1.0,0.40896,11.00449,0.60539,-0.32638,873769544.84548,5.73395,37.86168,8.6051,12.7236,
TLS,2023,1.0,0.31256,10.72472,0.5993,39.8424,825304004.27317,6.59541,59.99424,2.70907,23.68299,
TLS,2024,1.0,0.30116,10.60743,0.5348,12.08283,780435177.88202,5.81367,71.76554,7.30307,34.79321,
TON,1960,0.89286,,,,,,,,,,
TON,1961,0.89286,,,,,,,,,,
TON,1962,0.89286,,,,,,,,,,
TON,1963,0.89286,,,,,,,,,,
TON,1964,0.89286,,,,,,,,,,
TON,1965,0.89286,,,,,,,,,,
TON,1966,0.89286,,,,,,,,,,
TON,1967,0.89286,,,,,,,,,,
TON,1968,0.89286,,,,,,,,,,
TON,1969,0.89286,,,,,,,,,,
TON,1970,0.89286,,,,,,,,,,
TON,1971,0.88061,,,,,,,,,,
TON,1972,0.8192,,,,,,,,,,
TON,1973,0.70411,,,,,,,,,,
TON,1974,0.69585,,,,,,,,,,
TON,1975,0.7639,,,,,,,,,2.69009,
TON,1976,0.81832,,,,,,,,,8.49513,
TON,1977,0.90186,,,,,9001000.0,5.54134,,,10.42002,
TON,1978,0.87369,,,,,10116000.0,5.14611,,,10.44675,
TON,1979,0.89468,,,,,12560000.0,5.58873,,,13.73404,
TON,1980,0.87828,,,,,13753000.0,5.07634,,,15.61798,
TON,1981,0.87025,,,,,13981000.0,3.91289,,,18.39632,
TON,1982,0.9859,,,,,15561000.0,4.15814,,,22.20189,
TON,1983,1.11006,,,,,20953000.0,5.34502,,,20.70931,
TON,1984,1.13956,,,,,26017000.0,7.02587,,,21.48448,
TON,1985,1.43195,,,,,27509829.52548,7.09716,,,25.44361,
TON,1986,1.49603,,,,,22481861.46074,5.50357,,,24.72432,
TON,1987,1.42824,,,,,28880742.24347,6.65447,,,29.43063,
TON,1988,1.27974,,,,,30509470.54945,5.27368,,,36.23589,
TON,1989,1.26374,,,,,24851181.09181,4.14148,30.48231,,39.08096,
TON,1990,1.28093,0.61797,,,,31338618.08766,5.18675,33.45973,20.69321,37.68654,
TON,1991,1.29611,0.65431,,,,32282037.86351,5.08198,32.19903,12.09432,32.0911,
TON,1992,1.34717,0.68737,,,,31769008.04378,5.11428,28.47944,-4.72524,30.12316,
TON,1993,1.38409,0.6719,,,,37060900.30491,6.2723,34.22184,24.73709,31.68519,
TON,1994,1.32022,0.83661,,,,35538621.28779,4.6995,26.48762,4.48676,30.31877,
TON,1995,1.27094,0.79138,,,,28709990.15352,,26.96126,4.42687,35.50658,
TON,1996,1.23197,0.80027,,,,30615940.13505,,27.44972,4.93782,35.59283,
TON,1997,1.26352,0.78578,,,,27493103.752,,29.5864,7.01028,40.40727,
TON,1998,1.49206,0.79901,,,,28656375.85,,32.29863,14.82706,42.26962,
TON,1999,1.59913,0.84984,,,,24490343.6783,,32.79404,12.04227,37.85605,
TON,2000,1.7585,0.85295,,,,24642268.20723,,36.52032,18.59338,40.51029,
TON,2001,2.12357,0.86771,,,,23759782.49292,3.04744,39.57806,14.41253,41.88082,
TON,2002,2.19519,0.91953,,,,25120530.74703,2.89953,38.15089,8.33342,44.03041,
TON,2003,2.14589,1.00452,,,,39771012.59253,4.16664,39.18398,14.47555,44.61536,
TON,2004,1.97156,1.06047,,,,55262356.51093,5.13224,41.98858,13.88223,40.57396,
TON,2005,1.94304,1.11309,,,,46864163.22711,3.58473,47.69011,22.14296,52.82953,
TON,2006,2.02588,1.27678,,,,47972473.59774,3.60097,44.00871,6.75288,48.22975,
TON,2007,1.97093,1.29788,,,,65238721.71813,4.17182,48.41701,12.0344,55.07522,
TON,2008,1.94244,1.32979,,,,69753902.84578,3.67563,45.74495,3.46709,52.27295,
TON,2009,2.03449,1.38651,,,,95702573.85934,4.67273,44.85777,-2.40234,48.00635,
TON,2010,1.90599,1.47564,,,,104527450.8676,5.38441,43.92198,6.34392,39.9212,
TON,2011,1.72895,1.45268,,,,143294510.36368,6.32657,40.33614,-1.54204,33.00585,
TON,2012,1.71951,1.48723,9.92743,3.11553,5.41099,152403989.21798,6.15102,43.20887,12.73921,30.59282,
TON,2013,1.77371,1.42884,9.35397,2.82286,11.91831,155520937.73529,6.33635,45.42719,3.12971,30.60487,
TON,2014,1.84677,1.40496,8.64436,2.83282,8.59924,158784814.42029,7.00505,48.48151,8.89315,31.49606,
TON,2015,2.10576,1.46446,8.23684,3.02137,2.88482,156107668.81703,7.03698,52.95412,16.18703,34.04323,
TON,2016,2.21566,1.49381,7.92752,3.13539,4.81091,176497315.49588,7.61525,54.88063,13.76192,37.38934,
TON,2017,2.20597,1.54935,7.87199,3.01513,2.17541,198522418.42251,7.40292,55.13137,9.45394,38.02349,
TON,2018,2.23657,1.60436,8.03812,2.8418,1.99672,215149318.60305,7.5957,55.90193,7.9705,39.30035,
TON,2019,2.28949,1.68072,8.06578,2.28627,1.48127,218448401.77613,7.55403,52.38276,-0.49991,38.21034,
TON,2020,2.29956,1.65843,7.82858,2.07202,7.84443,298947629.78832,10.87518,60.45663,17.48053,37.82252,
TON,2021,2.26496,1.61833,7.75674,1.89364,5.60493,361811847.80097,13.76424,69.44905,16.11897,36.39906,
TON,2022,2.32793,1.6496,7.85921,1.65068,-1.22725,375564012.93523,13.04984,67.32684,3.60913,35.96551,
TON,2023,2.3637,1.71056,7.73564,1.54305,0.28768,396530126.418,11.85281,62.18516,1.991,35.6522,
TON,2024,2.37304,,7.7613,1.55349,-0.45294,377298748.74643,10.79618,60.98535,7.98532,34.79873,
TTO,1960,1.71429,,,,,23600000.0,,21.6596,,8.47218,
TTO,1961,1.71429,,,,,26300000.0,,22.46711,13.273,7.92781,
TTO,1962,1.71429,,,,,23300000.0,,21.21129,-0.04439,8.79722,
TTO,1963,1.71429,,,,,24500000.0,,22.59398,16.65187,8.19645,
TTO,1964,1.71429,,,,,29940000.0,,20.903,-2.89303,9.60342,
TTO,1965,1.71429,,,,,28540000.0,,20.8759,3.33203,11.38038,
TTO,1966,1.71429,,,,,29690000.0,,23.76078,11.83612,12.79923,
TTO,1967,1.7381,,,,,30300000.0,,23.80701,6.95387,13.92329,
TTO,1968,2.0,,,,,49410000.0,,23.84372,14.77958,13.36803,
TTO,1969,2.0,,,,,44720000.0,,26.63629,14.70019,17.44097,
TTO,1970,2.0,,,,,43020000.0,,29.72562,17.70658,20.10099,
TTO,1971,1.97488,,,,,69382899.96741,,34.21231,24.00737,20.4122,
TTO,1972,1.92128,,,,,58258900.18464,,34.72976,19.31012,24.15085,
TTO,1973,1.95922,,,,,47013305.9999,,32.08798,13.81934,22.83363,
TTO,1974,2.05323,,,,,390326808.38365,,25.58256,30.35975,15.8776,
TTO,1975,2.1698,,,,,750953201.78731,9.19319,26.19384,29.43315,16.75629,
TTO,1976,2.43579,,,,,1013547507.33818,10.43516,30.59355,34.21451,20.48436,
TTO,1977,2.4,,,,,1486150622.99487,12.55718,31.327,26.64627,23.38705,
TTO,1978,2.4,,,,,1813944908.01325,13.52814,34.40161,24.63768,27.3814,
TTO,1979,2.4,,9.0,,-12.59581,2167600504.45759,11.73901,34.54435,29.73276,24.8556,
TTO,1980,2.4,,10.0,,-10.3775,2812572060.51705,11.35517,28.71776,12.63726,22.1188,
TTO,1981,2.4,,11.38,,3.88005,3368927214.93098,13.38037,32.72809,27.78566,24.18449,
TTO,1982,2.4,,11.5,,-0.59017,3105153736.67725,10.20581,37.85074,34.64613,25.04888,
TTO,1983,2.4,,11.70833,,5.06342,2125106351.2543,7.2899,42.57929,7.28745,30.43793,
TTO,1984,2.4,,12.75,,6.35718,1373306758.47214,5.45594,44.80905,5.14634,32.63254,
TTO,1985,2.45,,12.6875,5.31333,11.30993,1146123103.16344,5.23897,46.72569,1.21912,32.33689,
TTO,1986,3.6,,12.0,6.0375,13.41734,495212702.29875,2.78942,47.58343,-2.73455,34.28389,
TTO,1987,3.6,,11.5,6.0325,6.33968,213910399.80862,1.3929,49.19812,3.46528,35.4956,
TTO,1988,3.84375,,12.58333,6.035,8.08902,149225931.95792,0.97301,49.45965,0.60724,34.13653,
TTO,1989,4.25,,13.3125,6.27583,5.71773,268155348.73446,1.69799,49.49491,6.37026,33.64666,
TTO,1990,4.25,2.50098,12.87,5.9575,-2.26765,512775399.21896,3.30271,44.85631,6.24498,29.84493,
TTO,1991,4.25,2.45721,13.17,5.7925,11.41807,357676077.86351,1.92007,43.9123,2.5296,33.72771,
TTO,1992,4.25,2.23633,15.33333,6.9875,23.9009,190205926.28907,1.12141,39.89039,-6.90592,33.35049,
TTO,1993,5.3511,2.37705,15.5,7.0625,6.14659,228176389.2074,1.53367,42.53669,15.25391,31.99717,
TTO,1994,5.92493,2.63615,15.97917,6.90583,2.39376,373083170.06863,2.30366,42.30154,16.65977,26.01555,
TTO,1995,5.9478,2.68966,15.16667,6.415,10.55722,379080862.0432,1.76519,40.66681,3.95909,27.57161,
TTO,1996,6.00507,2.69016,15.79167,7.94111,13.68894,563761634.69239,2.46703,45.91366,23.19415,28.31638,
TTO,1997,6.25168,2.55084,15.33333,6.90917,19.57039,723242005.20013,2.3612,49.28547,11.32917,33.12909,
TTO,1998,6.29831,2.47566,17.33333,7.95333,19.55281,800041440.63364,2.62343,53.17443,14.49062,35.40841,
TTO,1999,6.2989,2.54617,17.04167,8.51,12.21294,962755102.76302,3.32548,49.1914,4.23355,33.9004,
TTO,2000,6.2998,2.78961,16.5,8.15083,3.97779,1402802249.32216,3.82287,45.87028,11.68908,31.90454,41.92233
TTO,2001,6.23322,2.80441,15.66667,7.6625,12.52284,1923855111.96432,5.02487,48.75636,13.81616,47.41288,44.06987
TTO,2002,6.24868,2.6181,12.47917,4.76,18.63957,2048593954.45554,5.35697,48.33704,1.45196,47.15027,
TTO,2003,6.2951,2.83644,11.16667,2.91417,0.62284,2476582262.09186,5.90483,38.38037,0.38961,39.33873,
TTO,2004,6.29899,3.00756,9.3125,2.79167,0.39333,3195021782.02602,6.71035,38.92165,19.19826,37.96117,
TTO,2005,6.29956,3.3046,9.10417,2.1975,-3.7215,4992257912.04651,8.4007,40.97005,26.69176,33.4922,
TTO,2006,6.31228,3.26117,10.9175,4.78875,9.0321,6607231897.34595,9.82281,42.59534,19.73431,32.69499,
TTO,2007,6.32803,3.58004,11.75,5.9,-0.88854,6745220697.57387,8.72011,40.24945,11.60739,32.05282,
TTO,2008,6.28943,4.34805,12.4375,7.37,-9.17262,9478682838.77815,9.96445,36.61622,16.43777,26.70825,
TTO,2009,6.32491,3.12731,11.9375,3.41833,54.67773,8823426554.27755,12.22561,62.05202,17.25346,35.95344,
TTO,2010,6.37551,3.4832,9.2825,1.505,-3.06106,9180991459.69022,13.35466,53.8147,1.0172,30.84546,
TTO,2011,6.4093,3.94961,7.96917,1.5,-6.70574,9980126113.5272,8.45629,47.00579,0.78943,28.12564,
TTO,2012,6.4296,4.1002,7.70833,1.5,7.33819,9370784004.2165,7.68683,53.04344,20.83243,26.97368,
TTO,2013,6.44263,4.32367,7.5,1.5,5.40895,10176864833.57331,8.77961,51.93076,3.20742,26.63228,
TTO,2014,6.40909,4.38425,7.5,1.5,8.55661,11493196340.55231,10.80277,54.22385,7.19501,27.68746,
TTO,2015,6.37744,4.2524,8.1825,1.5,18.89946,9927294618.75719,10.61525,60.51644,1.13283,32.56883,
TTO,2016,6.66897,4.12189,9.0,1.5,9.50326,9464961137.25085,10.62664,67.58529,2.7896,36.65553,
TTO,2017,6.77952,4.1809,9.0,1.5,1.11425,8369757249.16877,10.12092,65.66967,-0.36046,37.48848,
TTO,2018,6.77075,4.14924,9.09375,1.5,7.96538,7575050348.59938,8.73391,66.38068,1.17347,38.93717,
TTO,2019,6.75433,3.96577,9.25,1.5,11.92738,6928951713.59145,9.05171,69.64249,2.88316,41.44843,
TTO,2020,6.75105,3.85991,6.555,1.5,9.29025,6953756951.24419,9.98053,83.89266,7.12487,46.45598,
TTO,2021,6.75853,3.92725,7.4375,1.5,-8.11778,6879594621.96588,8.51583,73.47666,1.67774,40.78296,
TTO,2022,6.75413,4.24974,7.48958,1.5,-7.2779,6832392604.5144,5.23357,64.01406,1.86699,37.1272,
TTO,2023,6.75026,3.56946,7.52083,1.5,23.56611,6255633381.74802,7.51756,73.51528,1.39534,45.52919,
TTO,2024,6.75012,3.48081,7.5,1.5,7.63507,5601120709.15512,5.72797,72.5448,1.02903,48.37663,
TUN,1960,0.42,,,,,84451418.4,,,,,
TUN,1961,0.42,,,,,73314576.45,,28.20895,12.18979,21.81782,
TUN,1962,0.42,,,,,58506805.01,,30.56695,10.09452,24.2606,
TUN,1963,0.42,,,,,61708000.0,,33.10926,26.37481,25.37719,
TUN,1964,0.44625,,,,,32112337.84,,32.1807,3.18259,28.15989,
TUN,1965,0.525,,,,,36013013.52,,30.67961,8.35251,28.70632,
TUN,1966,0.525,,,,,27920613.49,,33.02964,13.0812,32.73303,
TUN,1967,0.525,,,,,40123433.6,,33.68596,6.37261,34.91544,
TUN,1968,0.525,,,,,36228000.0,,33.99341,12.89829,34.98651,
TUN,1969,0.525,,,,,36924566.4,,33.9399,6.02696,34.67026,
TUN,1970,0.525,,,,,59897932.18,,33.20156,9.1498,33.83563,
TUN,1971,0.52292,,,,,148480987.50789,,34.48979,21.14752,32.41307,
TUN,1972,0.47708,,,,,226181443.73686,,33.2192,16.67884,31.1674,
TUN,1973,0.4216,,,,,316200591.06904,,37.01728,20.18104,34.48771,
TUN,1974,0.43651,,,,,436959370.36765,,35.29545,28.18598,33.56655,
TUN,1975,0.40227,,,,,398032737.25932,,38.35064,22.24681,38.74612,
TUN,1976,0.42877,,,,,383275593.14572,2.39329,39.95085,15.63433,39.49503,
TUN,1977,0.42895,,,,,375924115.96623,2.12407,39.96619,13.43723,40.5336,
TUN,1978,0.41617,,,,,479214071.23195,2.41252,42.25883,19.8224,40.47627,
TUN,1979,0.40646,,,,,666557355.72944,2.46487,41.73046,16.16675,37.87786,
TUN,1980,0.40495,,,,,700155211.39967,2.03979,40.82542,18.53917,38.23841,
TUN,1981,0.4938,,,,,610305754.8709,1.65211,42.62484,22.73534,42.87054,
TUN,1982,0.59069,,,,,691731829.56163,1.9867,44.26409,19.87423,46.92923,
TUN,1983,0.67877,,,,,638499860.97073,1.95515,43.66924,16.3918,48.46303,
TUN,1984,0.77683,,,,,463854160.82079,1.42285,43.10818,11.67789,48.99406,
TUN,1985,0.8345,,,,,293749049.12127,0.9776,45.05823,14.39994,51.58665,
TUN,1986,0.79403,,,,,378244570.636,1.20982,46.33261,4.91025,54.37888,
TUN,1987,0.82866,,,,,615850811.5108,1.87565,47.44887,14.9222,52.21752,
TUN,1988,0.8578,,,,,975873145.00595,2.46088,51.7373,17.52326,51.43085,
TUN,1989,0.94932,,,,,1036736149.82916,2.31575,53.95196,15.4701,58.94412,
TUN,1990,0.87833,0.39793,,,,866664126.74098,1.57793,51.49614,7.64851,55.07633,
TUN,1991,0.92462,0.412,,,,866047319.14371,1.63784,48.98956,5.80264,53.75733,
TUN,1992,0.88443,0.42574,,,,923751016.32361,1.40639,46.57611,8.32827,54.00472,
TUN,1993,1.00374,0.4354,,,,937958411.69452,1.44397,46.2068,6.1356,53.92624,
TUN,1994,1.01155,0.44559,,,,1544397769.68065,2.22833,46.30102,8.06823,53.81392,
TUN,1995,0.94575,0.45979,,,,1689070729.45179,2.1012,45.76062,6.57009,54.38617,22.3409
TUN,1996,0.97341,0.4712,,,,1977688419.74186,2.484,46.389,13.34943,49.15762,19.20656
TUN,1997,1.10591,0.48152,,,,2041032930.46966,2.54189,44.91253,16.50482,45.93822,10.78327
TUN,1998,1.13872,0.49174,,,,1912569271.07092,2.29031,43.76276,5.44169,46.57647,9.96602
TUN,1999,1.18623,0.50118,,,,2324618303.64422,2.74312,47.45655,18.872,46.57341,
TUN,2000,1.37068,0.50617,,,,1871427065.05158,2.18046,50.08519,14.13859,53.48235,
TUN,2001,1.43871,0.5144,,,,2049572900.90431,2.15905,54.96507,18.36724,49.60032,
TUN,2002,1.42173,0.5181,,,,2364944045.85817,2.48492,54.68426,3.10811,50.67442,
TUN,2003,1.28846,0.52171,,,,3036243871.63543,2.79925,53.27345,4.73965,49.5788,
TUN,2004,1.24547,0.52508,,,,4031139050.31146,3.10129,52.47725,8.15544,49.61648,
TUN,2005,1.29743,0.53037,,,,4548431873.5589,3.30887,54.11354,11.16953,50.06556,
TUN,2006,1.33102,0.53423,,,,6911623380.49484,4.52735,55.34575,11.76734,48.59959,
TUN,2007,1.28136,0.5312,,,,8032361912.05129,4.17943,57.5783,13.37468,48.01156,
TUN,2008,1.23214,0.5542,,,,9038905598.88531,3.71017,58.86894,13.33147,48.50831,
TUN,2009,1.35027,0.56745,,,,11294387681.3622,5.81244,62.58174,12.85381,49.97707,
TUN,2010,1.4314,0.58203,,,,9764265037.07788,4.40578,62.04713,11.75448,52.2471,23.05261
TUN,2011,1.40778,0.59633,,,,7785305507.43057,3.30881,66.37812,9.58077,57.9348,20.07752
TUN,2012,1.56189,0.63233,,,,8717830200.54899,3.67437,65.76385,8.06566,57.85204,
TUN,2013,1.62466,0.66526,,,,7550027499.83122,3.16319,65.27411,6.24244,57.95988,17.66548
TUN,2014,1.69768,0.69151,,,,7498010302.87675,3.1153,65.30296,7.94683,59.80856,17.39299
TUN,2015,1.96162,0.73042,,,,7559201960.29189,3.81271,65.42101,5.41254,60.13655,19.26465
TUN,2016,2.14803,0.75182,,,,6137077790.03259,3.22322,66.61258,8.04016,62.24696,19.04911
TUN,2017,2.41942,0.77564,,,,6143986079.65126,3.05539,69.66591,11.96441,64.75373,21.16187
TUN,2018,2.64687,0.81098,,,,5661370258.89029,3.36638,67.37406,7.11393,63.52244,19.512
TUN,2019,2.93443,0.82876,,,,7919981404.82365,4.96947,68.68099,10.94758,59.29036,20.29137
TUN,2020,2.81236,0.83739,,,,9810630874.82627,7.22785,77.9617,10.31221,67.65672,20.17263
TUN,2021,2.79447,0.87733,,,,8845557076.37304,5.30937,76.97445,8.68329,64.66753,17.16472
TUN,2022,3.1036,0.84487,,,,8094326708.95378,3.99923,79.24609,9.13388,66.00677,17.25763
TUN,2023,3.10617,0.8741,,,,9239745488.47506,4.59768,80.40832,8.9536,62.73057,16.49722
TUN,2024,3.10745,0.89614,,,,9343597097.75793,4.51242,83.21155,10.41613,60.61172,16.17319
TUR,1960,1e-05,,,,,205127600.0,,14.69897,,,
TUR,1961,1e-05,,,,,195570000.0,,15.27121,9.69031,,
TUR,1962,1e-05,,,,,190280000.0,,14.94396,9.28962,,
TUR,1963,1e-05,,,,,178272880.0,,14.59227,13.33333,,
TUR,1964,1e-05,,,,,142339680.0,,15.93439,17.86765,,
TUR,1965,1e-05,,,,,141387680.0,,17.68802,18.83968,,
TUR,1966,1e-05,,,,,131543660.0,,18.47124,23.04462,,
TUR,1967,1e-05,,,,,119539200.0,,19.25426,15.657,,
TUR,1968,1e-05,,,,,142104900.0,,19.82857,15.19734,,
TUR,1969,1e-05,,,,,245673600.0,,20.86187,17.0349,,
TUR,1970,1e-05,,,,,439755730.0,,22.67328,21.89603,,
TUR,1971,1e-05,,,,,781035856.94471,,23.54062,28.13054,,
TUR,1972,1e-05,,,,,1493838677.45191,,24.88551,26.0274,,
TUR,1973,1e-05,,,,,2386716877.48642,,25.38242,28.42211,,
TUR,1974,1e-05,,,,,2227397998.87672,6.46716,23.41751,25.66456,,
TUR,1975,1e-05,,,,,1444445641.15843,3.3967,23.05693,28.01023,,
TUR,1976,2e-05,,,,,1471465349.52027,3.10327,22.28474,23.43011,,
TUR,1977,2e-05,,,,,1237511839.64509,2.27066,23.23715,33.80031,,
TUR,1978,2e-05,,,6.0,,1630117686.01986,3.77269,21.18478,36.53149,,
TUR,1979,3e-05,,,7.33333,,2586031059.0781,5.01169,19.50887,61.72498,,
TUR,1980,8e-05,,,8.0,,3298027746.07359,4.27806,18.03386,74.04442,,
TUR,1981,0.00011,,,26.5,,2425976885.28438,2.76912,22.48836,88.36474,,
TUR,1982,0.00016,,,45.0,,2802367063.36263,3.01411,25.59554,51.14405,,
TUR,1983,0.00023,,,45.33333,,2728450850.85496,2.8155,25.0507,29.71345,,
TUR,1984,0.00037,,,51.41667,,2442157927.26788,2.22318,25.13286,58.70533,,
TUR,1985,0.00052,,,49.25,,2317544642.7686,1.93856,24.44558,55.18314,,
TUR,1986,0.00067,,,40.58333,,2912507102.56448,2.45678,27.89643,66.08931,,
TUR,1987,0.00086,,,35.0,,3630665151.35595,2.469,29.23801,53.32122,,
TUR,1988,0.00142,,,49.08333,,3912434397.79567,2.54495,27.9064,65.06417,,
TUR,1989,0.00212,,,53.79,,6298197326.3684,3.53715,26.81544,69.03685,,
TUR,1990,0.00261,0.00119,,47.48333,,7626099813.58547,3.16119,23.74023,53.07844,,
TUR,1991,0.00417,0.00182,,62.68,,6616201216.04496,2.85972,27.08993,82.93,,
TUR,1992,0.00687,0.00292,,68.73667,,7507926869.1292,2.98289,27.81157,78.1406,,
TUR,1993,0.01098,0.00478,,64.57417,,7846358556.78459,2.51197,25.19699,64.22198,,20.29351
TUR,1994,0.02961,0.00966,,87.79083,,8633212505.74044,3.40113,31.60052,144.79679,,16.53654
TUR,1995,0.04585,0.01771,,75.9675,,13890900401.58188,3.72028,23.1984,104.18958,,8.85034
TUR,1996,0.0814,0.03098,,80.75167,,17819437052.02178,4.01482,26.5199,116.53975,,12.10695
TUR,1997,0.15186,0.05538,,79.49167,,19746043484.197,3.91159,26.68432,97.79596,,23.15806
TUR,1998,0.26072,0.12887,,80.1075,,20567605388.64191,4.10647,28.12291,89.31654,,12.18887
TUR,1999,0.41878,0.19647,,78.4325,,24432663963.66539,5.46612,38.03357,101.9909,,43.91402
TUR,2000,0.62522,0.28159,,47.1575,,23514529510.38998,4.15739,33.47609,40.65796,,25.37263
TUR,2001,1.22559,0.41495,,74.69917,,19911331846.71191,4.59997,44.17549,90.36813,,23.93134
TUR,2002,1.50723,0.59125,,50.49167,,28348030216.96126,5.64187,38.57646,27.88545,,14.96979
TUR,2003,1.50089,0.73651,,37.67833,,35548509276.11759,5.24559,33.84419,14.43683,,21.68058
TUR,2004,1.42554,0.79215,,24.25917,,37304121308.73584,4.07384,33.09726,20.79169,,23.96596
TUR,2005,1.34358,0.83459,,20.39667,,52493941950.07542,4.74022,38.52642,35.96745,,31.47604
TUR,2006,1.42845,0.84181,,21.6475,,63264841173.64318,4.83279,40.21043,22.17428,,28.74473
TUR,2007,1.30293,0.85112,,22.55917,,76496127491.48102,4.81896,41.48849,15.22567,,41.5235
TUR,2008,1.30152,0.87996,,22.91333,,73674684815.61719,3.91084,45.81368,24.82369,33.16286,15.16404
TUR,2009,1.54996,0.90465,,17.64917,,74933099954.29857,5.49524,51.39501,12.65945,36.81908,35.43025
TUR,2010,1.50285,0.92047,,15.26917,,85959461665.98257,4.9815,52.50662,18.54686,44.04597,38.64863
TUR,2011,1.67495,0.96618,,14.105,,87937253858.33798,4.01505,50.31091,15.20403,48.74221,23.34473
TUR,2012,1.796,1.01986,,17.19333,,119182965975.4095,5.52884,49.40295,10.42227,51.55868,35.60236
TUR,2013,1.90377,1.07029,,15.295,,131053847400.859,5.46468,51.95558,21.15282,59.97929,20.34422
TUR,2014,2.18854,1.1045,,16.935,,127421921235.7592,5.46656,51.30657,11.18343,63.23763,23.32086
TUR,2015,2.72001,1.16214,,14.91667,,110489628113.0154,5.46401,52.37213,16.51466,66.38985,21.82214
TUR,2016,3.02013,1.24105,,14.61,,104810530764.478,5.4317,55.15073,17.64879,69.28264,19.72455
TUR,2017,3.64813,1.38398,,15.28833,,107657025384.5156,4.78795,53.54973,16.35192,70.0844,26.33621
TUR,2018,4.82837,1.63261,,23.28333,,92997230040.56056,4.21759,52.48481,18.38003,66.69767,18.9335
TUR,2019,5.67382,1.83712,,25.40917,,105619672447.9342,5.1843,57.64806,27.02309,64.25575,23.84034
TUR,2020,7.00861,2.11106,,13.35667,,93584577917.0715,4.62293,66.25572,34.24289,75.2676,32.36975
TUR,2021,8.85041,2.75163,,20.7,,111184882382.1336,4.45899,69.89419,52.51794,70.99836,16.47683
TUR,2022,16.54886,4.5178,,27.04083,,128735003395.8926,3.88033,54.35847,60.33933,53.42622,35.63459
TUR,2023,23.73857,7.35029,,51.325,,140868480001.6959,4.15773,52.25715,69.93635,48.7834,29.58047
TUR,2024,32.80586,11.55453,,71.04333,,155548682878.1688,4.72961,43.46516,36.89055,42.95467,27.88276
TUR,2025,,15.15512,,,,,,,,,
TUV,1990,,0.82917,,,,,,,,,
TUV,1991,,0.82325,,,,,,,,,
TUV,1992,,0.86402,,,,,,,,,
TUV,1993,,0.8655,,,,,,,,,
TUV,1994,,0.80788,,,,,,,,,
TUV,1995,,0.83204,,,,,,,,,
TUV,1996,,0.92079,,,,,,,,,
TUV,1997,,0.89336,,,,,,,,,
TUV,1998,,0.90765,,,,,,,,,
TUV,1999,,0.94977,,,,,,,,,
TUV,2000,,1.04889,,,,,,,,,
TUV,2001,,1.08501,,,,,,,,,
TUV,2002,,1.10501,,,,,,,,,
TUV,2003,,1.11706,,,,,,,,,
TUV,2004,,1.14221,,,,,,,,,
TUV,2005,,1.10648,,,,,,,,,
TUV,2006,,1.14175,,,,,,,,,
TUV,2007,,1.10048,,,,,,,,,
TUV,2008,,1.11872,,,,,,,,,
TUV,2009,,1.11662,,,,,,,,,
TUV,2010,,1.11966,,,,,,,,,
TUV,2011,,1.10993,,,,,,,,,
TUV,2012,,1.0962,,,,,,,,,
TUV,2013,,1.10949,,,,,,,,,
TUV,2014,,1.14506,,,,,,,,,
TUV,2015,,1.18376,,,,,,,,,
TUV,2016,,1.27107,,,,,,,,,
TUV,2017,,1.28591,,,,,,,,,
TUV,2018,,1.3488,,,,,,,,,
TUV,2019,,1.41239,,,,,,,,,
TUV,2020,,1.41164,,,,,,,,,
TUV,2021,,1.46853,,,,,,,,,
TUV,2022,,1.50538,,,,,,,,,
TUV,2023,,1.55261,,,,,,,,,
TUV,2024,1.51536,1.57917,,,,,,,,,
TZA,1960,7.14286,,,,,,,,,,
TZA,1961,7.14286,,,,,,,,,1.68921,
TZA,1962,7.14286,,,,,,,,,1.61594,
TZA,1963,7.14286,,,,,,,,,1.68085,
TZA,1964,7.14286,,,,,,,,,1.76641,
TZA,1965,7.14286,,,,,,,,,2.19321,
TZA,1966,7.14286,,,,,61300000.0,,4.35222,,2.51028,
TZA,1967,7.14286,,,,,61710000.0,,4.74729,13.7399,2.31844,
TZA,1968,7.14286,,,,,77540000.0,,5.19131,17.26098,2.13292,
TZA,1969,7.14286,,,,,80260000.0,,5.39464,9.15602,2.08718,
TZA,1970,7.14286,,,,,64970000.0,,10.89787,12.0218,3.11333,
TZA,1971,7.14286,,,,,60253183.88182,,12.04376,18.23752,2.38911,
TZA,1972,7.1429,,,,,119587470.8374,,12.45557,17.72977,2.5361,
TZA,1973,7.02145,,,,,144616442.51235,,12.55617,18.23154,1.70177,
TZA,1974,7.13498,,,4.0,,50232420.78705,,12.56491,22.14864,1.72194,
TZA,1975,7.36679,,,4.0,,65446257.40599,,13.15459,24.44169,1.52282,
TZA,1976,8.37677,,,4.0,,112267249.13835,1.86502,12.81217,25.1031,1.00187,
TZA,1977,8.28921,,,4.0,,281826684.81467,4.01395,13.02196,20.15518,1.05309,
TZA,1978,7.71205,,,4.0,,99860082.34706,0.94911,13.1552,12.57503,1.36742,
TZA,1979,8.21662,,,4.0,,68041223.27955,0.67008,17.13806,46.93656,1.27655,
TZA,1980,8.19659,,,4.0,,20300000.0,0.17256,18.73439,26.89438,1.2155,
TZA,1981,8.28351,,,4.0,,18827909.30736,0.16791,18.97725,18.09324,1.11682,
TZA,1982,9.28259,,,4.0,,4822062.1491,0.04934,19.12761,19.52131,1.32029,
TZA,1983,11.14278,,,4.0,,19415165.15743,0.25912,18.60524,17.78831,1.20405,
TZA,1984,15.29225,,,4.0,,26868614.66988,0.31474,15.30084,3.68073,0.70172,
TZA,1985,17.47233,,,4.5,,16000000.0,0.16294,14.70762,30.43295,0.89754,
TZA,1986,32.69802,,,8.5,,61090008.92934,0.5906,14.19246,27.71915,0.82804,
TZA,1987,64.26035,,,15.75,,31799306.27474,0.27462,13.21437,32.06443,1.16306,
TZA,1988,99.29211,,,17.45833,,77713456.95792,0.62806,12.00064,32.83419,1.09043,
TZA,1989,143.37692,,,17.0,,54213141.6406,0.42658,12.66367,32.05472,9.68193,
TZA,1990,195.05592,51.35084,,,,192800000.0,1.38958,13.70591,41.86351,9.57331,
TZA,1991,219.15742,63.63488,,,,203908582.58593,1.42058,13.63372,30.07832,9.66154,
TZA,1992,297.70808,78.00492,27.36087,17.0,1.58355,327336301.51113,2.05304,15.19945,40.5906,6.71046,
TZA,1993,405.27402,94.83849,27.36087,17.77778,2.32913,203345199.60201,1.11226,16.79939,39.22201,7.43515,
TZA,1994,509.63088,121.79896,34.42174,21.88333,2.47906,332066143.50594,2.02684,17.06677,35.34673,6.67933,
TZA,1995,574.76174,151.34334,37.80507,24.625,8.62601,299209720.6449,1.57382,17.27681,33.00781,4.58284,
TZA,1996,579.97667,177.32683,33.965,13.59167,12.27969,467780725.00259,2.47081,15.01484,8.40467,2.13035,
TZA,1997,612.1225,210.20858,26.27,7.83333,4.71258,643830444.81545,3.6273,13.57312,12.85131,2.44143,
TZA,1998,664.67121,237.43622,22.8925,7.75333,7.59081,620743979.84038,2.99123,12.69307,10.77751,2.96458,
TZA,1999,744.75908,261.14096,21.89417,7.75,9.28292,797229732.2246,4.05611,12.86549,18.55394,3.19294,1.34907
TZA,2000,800.40852,276.29869,21.5775,7.38667,12.36253,994821489.50703,5.35233,13.05938,14.79707,3.11387,1.73111
TZA,2001,876.41167,283.22774,20.05726,4.81083,14.541,1177357651.66215,5.46385,15.76691,34.22927,4.1157,2.93498
TZA,2002,966.58278,299.06622,16.39824,3.28903,8.547,1554545483.08318,8.0781,17.2383,25.55625,5.22405,
TZA,2003,1038.41901,317.96601,14.51696,3.04789,5.62475,2038411250.71436,8.31761,17.58343,17.96874,6.1923,
TZA,2004,1089.33477,330.96014,14.14032,4.20067,6.78735,2295701465.88251,7.3088,17.36717,13.49287,7.10968,
TZA,2005,1128.93418,341.5201,15.24895,4.7328,8.29001,2048775519.3419,5.29755,20.4644,34.78186,7.82538,
TZA,2006,1251.89997,349.55837,15.6521,6.72652,9.61235,2259345786.15223,5.19717,22.12003,21.49588,9.79002,
TZA,2007,1245.03546,371.3064,16.07037,8.67954,6.38957,2886381413.93065,5.19775,22.88423,20.50813,11.46895,
TZA,2008,1196.31071,423.9607,14.98213,8.25265,-1.20176,2862895993.28886,3.77062,22.29784,19.84692,11.91103,
TZA,2009,1320.31206,459.45994,15.03048,7.9718,5.49223,3470413229.48011,5.19587,22.86669,17.71556,11.26739,
TZA,2010,1395.625,496.74424,14.54417,6.62333,4.67469,3904676571.71261,4.78513,24.64792,25.42692,11.71826,
TZA,2011,1557.43333,546.07312,14.96333,6.77833,2.4643,3726158402.29752,3.47548,24.1242,18.23953,12.35496,
TZA,2012,1571.69833,650.23799,15.55667,9.545,4.59141,4052224337.93442,3.63344,23.50356,12.48554,12.81845,
TZA,2013,1597.55583,707.4687,15.86083,9.96833,5.64864,4673729809.18131,3.90741,22.07096,9.96554,12.53733,
TZA,2014,1653.23083,760.90123,16.29083,9.855,9.65573,4390430240.97061,3.70659,22.53437,15.56726,13.30373,
TZA,2015,1991.39083,806.45266,16.105,9.8975,7.91294,4080762377.72074,4.2972,23.43983,18.80915,14.61354,
TZA,2016,2177.08667,852.1667,15.95833,10.49583,7.89629,4350687047.93764,5.21352,21.11238,3.44807,13.67031,
TZA,2017,2228.85667,889.44873,17.77417,11.185,14.70937,5887869884.67437,6.82824,20.81344,8.02723,13.07651,
TZA,2018,2263.78167,849.04321,17.41417,8.2,13.98595,5049646420.4773,5.39079,20.01137,4.4878,12.70004,
TZA,2019,2288.20667,815.96429,16.97083,7.10417,14.36289,,,20.27554,9.64121,12.63831,6.45342
TZA,2020,2294.14615,779.03918,16.67953,6.68192,9.6375,,,19.74025,5.67729,12.43518,9.81096
TZA,2021,2297.76423,762.95837,,,,,,21.28614,15.49929,12.97761,9.67779
TZA,2022,2303.03368,731.85828,,,,,,22.11487,11.6383,15.15768,8.84085
TZA,2023,2383.04258,725.85229,,,,,,23.3641,14.05535,16.38668,7.33657
TZA,2024,2597.90042,730.42433,,,,,,,,16.75479,9.2836
UGA,1960,0.07143,,,,,,,,,,
UGA,1961,0.07143,,,,,,,,,,
UGA,1962,0.07143,,,,,,,,,,
UGA,1963,0.07143,,,,,,,,,,
UGA,1964,0.07143,,,,,,,,,,
UGA,1965,0.07143,,,,,,,,,,
UGA,1966,0.07143,,,,,40910000.0,,15.27988,,,
UGA,1967,0.07143,,,,,34930000.0,,15.09046,3.22772,,
UGA,1968,0.07143,,,,,49030000.0,,16.88398,19.99837,,
UGA,1969,0.07143,,,,,52270000.0,,16.72577,11.58953,,
UGA,1970,0.07143,,,,,56650000.0,,18.55396,19.5688,,
UGA,1971,0.07143,,,,,26922886.93385,,16.29952,-1.15617,,
UGA,1972,0.07143,,,,,35952613.88074,,19.96526,28.86667,,
UGA,1973,0.07021,,,,,29113281.88216,,23.6336,35.11264,,
UGA,1974,0.07136,,,,,16758479.85474,,26.12824,33.89258,,
UGA,1975,0.07422,,,,,31022694.39222,,21.94387,21.14595,,
UGA,1976,0.08266,,,,,44534030.04616,,25.27357,32.72961,,
UGA,1977,0.08259,,,,,47205471.07211,,14.79227,19.3866,,
UGA,1978,0.07736,,,,,52700057.34673,,16.65325,25.53932,,
UGA,1979,0.07483,,,,,22839243.33896,,15.92642,46.99575,,
UGA,1980,0.07417,,12.0,,,3000000.0,0.08004,14.76021,34.81302,,
UGA,1981,0.50052,,12.5,,,30003003.0065,0.90484,12.77283,85.96025,,
UGA,1982,0.94047,,14.5,,,78324323.53593,1.79267,8.74567,11.48989,,
UGA,1983,1.53862,,16.16667,,-20.40353,106496136.73726,2.35161,7.93555,40.03266,,
UGA,1984,3.59702,,21.91667,20.0,-2.68217,67907171.21674,2.00732,13.39519,110.7382,,
UGA,1985,6.7202,,24.0,20.0,-43.7223,27288400.70299,0.84136,14.29909,127.42729,,
UGA,1986,14.0,,33.33333,23.33333,-43.8078,29205652.39196,0.66093,16.47338,174.42777,,
UGA,1987,42.84127,,34.66667,20.0,-52.07387,54600000.0,0.92047,14.28921,153.38883,,
UGA,1988,106.13583,,35.0,21.5,-53.44428,49300000.0,0.75468,9.9069,117.66404,,
UGA,1989,223.09161,,40.0,32.16667,-35.01874,14100000.0,0.19934,7.28779,68.57147,,
UGA,1990,428.85467,190.24679,38.66667,31.25,-3.95721,43986075.03094,0.71902,7.59657,60.24091,,
UGA,1991,734.00992,231.90515,34.41667,31.16667,6.66352,58913407.42966,1.01633,8.66136,51.66345,,
UGA,1992,1133.83433,328.92451,39.11111,35.83333,-4.10629,94420033.82513,1.49497,9.61177,66.48933,,
UGA,1993,1195.01675,418.14078,,16.25833,,146356315.89724,2.09905,10.71949,57.21897,,
UGA,1994,979.44542,437.43699,20.76222,9.9925,13.02192,321367624.52135,3.15711,12.80453,35.80456,,
UGA,1995,968.91667,468.62734,20.1625,7.60833,9.86141,458850278.56727,3.43532,11.96102,13.94462,,
UGA,1996,1046.08475,481.24478,20.29417,10.61833,15.03425,528370205.28247,3.64247,12.51547,19.34659,,
UGA,1997,1083.00867,487.72995,21.37083,11.84,17.72687,633473685.82963,4.30164,13.79348,19.41757,,
UGA,1998,1240.30583,524.68373,20.86167,11.35567,11.10069,725384316.01698,4.45394,14.8589,22.93685,,
UGA,1999,1454.82717,516.77725,21.54917,8.7275,21.68683,763115699.75473,5.82976,15.63352,13.55834,,
UGA,2000,1644.47533,561.50967,22.91976,9.83938,10.62161,808042388.80333,6.16042,16.11554,18.14214,,
UGA,2001,1755.65875,574.04546,22.655,8.46833,17.3345,983357418.97863,7.15516,16.09144,9.7888,,
UGA,2002,1797.5505,547.34506,19.09718,5.56489,22.99559,934009575.93753,6.65568,19.03209,24.52699,,
UGA,2003,1963.72008,578.65049,18.94214,9.84916,10.32904,1080256630.13831,7.4645,19.55396,17.93283,,
UGA,2004,1810.30471,651.333,20.60318,7.74051,4.33924,1308101595.45735,7.02241,17.22848,8.77372,,
UGA,2005,1780.54026,620.53548,19.64539,8.79252,21.76555,1344201156.70341,6.11182,19.32294,17.18285,,
UGA,2006,1831.45185,616.45281,18.69733,9.08537,15.909,1810879485.55993,6.61052,19.91415,16.92094,,
UGA,2007,1723.49159,644.1336,19.10579,9.26209,10.98062,2559789963.82403,7.20364,20.87545,21.96605,,
UGA,2008,1720.44388,672.17714,20.45007,10.67054,13.24297,2300539404.85552,4.85973,23.61768,30.81621,,
UGA,2009,2030.48807,765.36965,20.95517,9.75251,-34.74344,2994459465.38175,6.37257,14.01727,17.49087,,
UGA,2010,2177.55751,798.81038,20.17463,7.68728,13.76121,2706005010.33156,4.99573,17.34477,38.0836,,
UGA,2011,2522.80203,856.16821,21.83331,13.34351,11.3735,2617450463.11354,3.9869,16.39288,13.09805,11.6564,
UGA,2012,2504.56308,1000.76456,26.15013,16.7983,21.48808,3167158060.13695,4.59111,17.56105,15.50566,12.16765,
UGA,2013,2586.88957,1036.86791,23.28357,12.11567,19.01463,3337539363.36546,4.99431,17.98669,9.90324,12.22623,
UGA,2014,2599.7882,1065.69999,21.58423,10.80951,15.67738,3316363815.2963,4.75676,18.65997,14.60861,12.90356,
UGA,2015,3240.64542,1114.23858,22.60136,12.76762,16.55466,2908876773.27382,4.47519,18.84392,11.73562,13.76861,
UGA,2016,3420.09801,1196.83943,23.88613,13.23796,18.23339,3097848069.80846,5.17868,19.07484,11.136,13.64009,
UGA,2017,3611.22446,1251.63403,21.27867,9.69723,15.89085,3720863721.20488,5.49238,19.91861,12.70007,13.48192,
UGA,2018,3727.06899,1253.70996,19.84656,9.38495,14.74787,3233114649.90299,3.98742,19.41713,8.23215,13.63923,
UGA,2019,3704.04907,1258.25891,,,,3246999026.90564,3.63855,20.52306,15.87614,13.80506,
UGA,2020,3718.24892,1240.85022,,,,3912651478.07551,4.26694,22.73137,17.13232,14.2204,
UGA,2021,3587.05171,1203.16077,,,,4878616030.6679,5.02531,22.48809,5.03543,14.78697,
UGA,2022,3689.81739,1178.37198,,,,4080407824.1636,4.03115,22.0304,7.50271,15.08917,
UGA,2023,3726.14046,1214.19714,,,,3939109256.17839,3.20263,21.6816,10.66485,14.81255,
UGA,2024,3757.26254,1244.29989,,,,3482906765.58962,2.39405,20.77861,6.6771,14.30018,
UKR,1990,,0.0,,,,,,,,,
UKR,1991,,1e-05,,,,,,,,,
UKR,1992,,0.00015,75.7,68.0,-90.59539,468913725.05156,,50.10596,,,
UKR,1993,0.04532,0.00491,184.25,148.63333,-91.72148,166106210.46969,,32.47094,1809.15219,,
UKR,1994,0.32751,0.05064,250.28333,208.625,-66.7346,664538694.99988,0.44778,26.71355,567.90988,,
UKR,1995,1.47307,0.25584,122.7,70.29167,-56.82518,1068754171.72765,0.71413,12.71169,115.50423,,
UKR,1996,1.82947,0.41743,79.88333,33.63333,8.26845,1971655947.3904,1.15285,11.48738,35.12926,,
UKR,1997,1.86166,0.48452,49.11667,18.20833,26.29108,2358910867.247,1.24739,13.432,33.91977,,
UKR,1998,2.44954,0.53669,54.49667,22.25417,37.92865,792954526.712,0.50638,15.16301,24.04478,,
UKR,1999,4.13044,0.67421,54.9525,20.7,21.62684,1093527812.21646,0.86252,16.76517,40.5796,,
UKR,2000,5.44023,0.84058,41.52842,13.71734,11.00146,1477202335.54994,0.98442,17.94733,44.54495,,
UKR,2001,5.37216,0.90593,32.27797,10.98889,20.03346,3088921702.57906,1.83355,21.66696,44.74786,,
UKR,2002,5.32662,0.93893,25.34946,7.92675,19.09264,4462353859.41443,2.5582,27.81643,42.34192,,
UKR,2003,5.33269,0.99593,17.89489,6.9766,8.99608,6946076993.56649,3.10266,34.3726,46.37775,,
UKR,2004,5.31918,1.11834,17.40123,7.79591,1.81292,9718436095.67767,3.28372,35.15789,31.85721,,
UKR,2005,5.12473,1.34562,16.17417,8.57122,-6.38368,19388177690.87843,5.32459,42.43602,54.3858,,
UKR,2006,5.05,1.49925,15.16917,7.5688,0.27572,22359564313.37895,4.9251,46.20443,34.51983,,
UKR,2007,5.05,1.79313,13.89917,8.12027,-7.28021,32483841812.77378,5.27778,52.74307,51.74722,,
UKR,2008,5.26722,2.26977,17.4925,9.94879,-8.93474,31543343236.66165,3.64638,52.05059,30.18271,84.56384,
UKR,2009,7.79124,2.54077,20.86333,13.76087,7.31014,26500887342.12181,5.20467,51.45476,-5.51239,87.34998,
UKR,2010,7.93564,2.85349,15.86839,10.55571,1.93112,34571298928.16662,5.43488,53.35352,22.6911,75.7519,27.54594
UKR,2011,7.96756,3.19231,15.94722,7.89836,1.54606,31788750906.62513,3.70074,50.80979,14.65917,68.48386,15.14999
UKR,2012,7.99103,3.30551,18.39222,12.96119,9.64013,24552796496.68333,2.65653,52.99162,12.79098,66.98381,
UKR,2013,7.993,3.0274,16.6492,10.77735,11.83065,20413621998.94972,2.26497,59.6979,17.56284,70.69117,11.57439
UKR,2014,11.88666,3.46041,17.71804,12.10025,1.56711,7538804512.33223,1.17372,60.28853,5.25124,75.22885,9.17299
UKR,2015,21.8447,4.61136,21.82294,13.01048,-12.28293,13300880765.13114,3.05674,49.98944,3.90229,56.65775,6.28313
UKR,2016,25.55133,5.07624,19.23717,11.48576,1.82757,15537256304.36746,3.19264,46.2277,10.92872,47.30713,4.77023
UKR,2017,26.59661,6.00422,16.38352,9.12696,-4.68048,18810931196.55758,3.20737,40.54905,9.6272,38.30515,4.63732
UKR,2018,27.20049,6.62754,19.00487,11.77776,3.12512,20817897004.10284,3.07896,35.88559,5.68933,34.51186,3.37337
UKR,2019,25.84559,6.58045,19.82171,12.89232,10.69366,25317002926.88863,3.47451,36.16392,12.57601,30.02707,
UKR,2020,26.95752,6.43498,14.2924,6.08589,3.62432,29137541200.04609,4.77841,43.818,28.62361,28.17515,
UKR,2021,27.28619,7.30216,13.29211,4.63494,-9.22453,30966674653.88884,3.50279,38.00065,11.96485,23.55565,
UKR,2022,32.3423,9.1961,18.60942,7.41568,-12.08601,28505931892.05194,3.85025,47.74894,20.77204,23.31604,
UKR,2023,36.57381,10.64087,22.11177,12.34071,1.86637,40510106307.88633,5.03659,46.42733,23.00763,18.64662,
UKR,2024,40.15208,11.6654,19.58905,9.11074,6.51048,43780549772.84061,5.02796,45.54814,13.36259,18.17296,
URY,1960,1e-05,,,,,191463600.0,,27.29655,,30.95172,
URY,1961,1e-05,,,,,191754650.0,,27.43182,21.9808,29.32386,
URY,1962,1e-05,,,,,202874030.0,,26.37629,5.98592,30.79897,
URY,1963,1e-05,,,,,186186760.0,,33.61803,53.07798,31.26609,
URY,1964,2e-05,,,,,186682640.0,,32.46567,38.84846,35.03582,
URY,1965,3e-05,,,,,179141120.0,,33.78871,70.55903,32.9326,
URY,1966,5e-05,,,,,177305340.0,,23.14769,21.66577,18.72103,
URY,1967,0.0001,,,,,162627200.0,,26.3709,95.9502,17.54681,
URY,1968,0.00023,,,,,193197100.0,,18.54993,54.98824,12.48173,
URY,1969,0.00025,,,,,185037200.0,,19.74452,43.19687,11.46067,
URY,1970,0.00025,,,,,186225180.0,,21.92547,18.39531,15.72906,
URY,1971,0.00025,,,,,204611270.0,,25.24117,51.22327,17.72968,
URY,1972,0.00053,,,,,298511566.9382,,25.41387,68.07698,21.73292,
URY,1973,0.00086,,,,,497496276.26875,,14.5103,66.93527,12.17363,
URY,1974,0.00118,,,,,740015363.94394,,18.29134,66.6572,18.72874,
URY,1975,0.00224,,,,,554864630.12681,,20.69271,99.21628,20.17444,
URY,1976,0.0033,,59.73612,48.5825,8.44898,653764394.91154,,26.91812,99.14478,22.34369,
URY,1977,0.00465,,62.15916,57.29625,4.21092,912237668.60002,,30.97361,81.65644,25.73289,
URY,1978,0.00602,,71.91595,76.58715,17.10763,1175048562.02169,13.23501,38.33839,91.47248,29.34126,
URY,1979,0.00784,,63.5403,67.57847,-8.74285,2017848536.12234,15.01562,37.37555,85.53783,33.94832,
URY,1980,0.00907,,64.56605,80.52844,6.33444,2401057735.64165,12.46493,39.51424,73.17937,37.23591,
URY,1981,0.01079,,58.54075,74.1473,24.49743,1778309843.42004,9.20768,45.48544,48.87443,40.42416,
URY,1982,0.01385,,56.73962,80.63569,32.64778,1422106513.7479,8.8444,63.88495,49.76638,72.38234,
URY,1983,0.03438,,90.75916,114.86061,24.08629,1199578123.29343,9.16466,52.50321,13.3614,57.96174,
URY,1984,0.05589,,80.67122,110.02113,15.55592,941548072.99721,7.45436,58.41879,71.97789,52.82852,
URY,1985,0.10116,,91.67184,131.75188,10.14537,1030643931.4587,8.56906,52.2506,57.92601,55.28629,
URY,1986,0.15143,,91.81722,99.2563,12.19787,1499847276.04492,11.34786,54.35696,93.52402,46.77741,
URY,1987,0.22552,,92.85105,97.8621,11.61396,1793011937.52359,11.68428,45.60123,56.53846,37.05291,
URY,1988,0.35851,,98.39175,109.09613,13.60275,1602322497.87717,10.30085,46.83627,82.02247,38.31549,
URY,1989,0.62118,,123.65602,136.25622,27.01994,1547554304.49181,8.80117,53.54207,103.51174,36.33086,
URY,1990,1.16948,0.56022,169.08003,157.3703,30.09299,1445585539.04483,7.74767,55.84337,116.36823,32.43984,
URY,1991,2.01766,1.08817,148.17723,121.02726,23.58921,1135960005.02367,5.60209,48.84357,81.85291,25.51205,
URY,1992,3.02481,1.69827,114.14154,87.62009,34.15404,1185192329.35498,4.91421,42.66987,50.50803,25.3199,
URY,1993,3.94109,2.45278,94.33719,63.35565,31.44041,1422523149.97963,5.16147,38.37694,36.51077,24.86348,
URY,1994,5.04392,3.33707,92.15645,59.49479,38.28465,1621668140.4519,4.85251,36.60305,42.18448,23.8558,
URY,1995,6.349,4.61021,96.04947,61.51906,38.99454,1813383774.91097,5.18159,36.04286,36.87906,26.43822,6.73885
URY,1996,7.97183,5.72398,88.69957,45.25787,49.25016,1892121944.56511,4.91078,36.2104,34.10454,26.8077,1.38335
URY,1997,9.44183,6.71186,69.34753,31.54377,32.83704,2067120137.86672,4.83905,33.6634,28.64852,25.90578,
URY,1998,10.47192,7.45922,56.14193,24.27784,38.93621,2586514007.25118,5.86633,36.29611,26.64882,40.52127,
URY,1999,11.3393,7.64074,51.63717,22.92038,45.96919,2603646552.6928,6.41714,40.08128,12.97172,43.59577,
URY,2000,12.09959,7.73593,47.54033,19.47791,42.49692,2775536525.06834,6.61508,43.24049,9.54455,45.09423,
URY,2001,13.31912,7.93074,50.11845,23.03312,43.20642,3099292334.44093,8.0463,49.15121,14.5753,53.85389,
URY,2002,21.25697,8.79464,118.37994,62.57633,93.91508,772025423.55999,3.26634,59.56629,25.92693,70.51174,
URY,2003,28.20868,10.05098,58.941,29.68793,36.3813,2086675964.76736,7.22797,58.4082,15.19607,43.18654,
URY,2004,28.70373,10.77683,23.67911,6.19864,12.32828,2512109312.05214,6.36158,48.97947,-3.04863,24.19339,
URY,2005,24.4786,10.52004,13.60952,2.84322,12.84459,3078376701.73893,6.42441,45.28476,0.02749,22.47494,
URY,2006,24.07336,10.96198,9.25002,1.8313,1.70891,3090608691.74437,5.26286,45.20978,11.63173,23.75194,
URY,2007,23.47103,11.77373,8.9397,2.36118,-1.24667,4121414262.81292,6.0488,39.93379,3.81531,23.02997,
URY,2008,20.94932,12.5795,12.44761,3.23126,3.25541,6360194479.33838,6.35644,43.98745,28.56532,27.16853,
URY,2009,22.56798,13.57973,15.28484,4.40058,6.13878,8037871915.97406,9.8802,37.81978,-2.64969,19.86473,
URY,2010,20.05927,14.18771,10.32622,4.1658,4.3305,7655538208.89576,7.6274,40.52392,22.14969,21.40404,
URY,2011,19.31421,15.2737,9.78182,4.55463,-0.08519,10301678592.70519,8.30181,41.38091,17.9909,21.97399,
URY,2012,20.31058,16.93945,11.19919,4.44983,1.6326,13604619913.64424,7.46818,40.1645,9.9541,22.17053,
URY,2013,20.48161,18.17573,12.43406,4.64794,3.15123,16280547228.74088,8.87773,41.97293,19.18948,24.37688,
URY,2014,23.24602,19.47719,15.53414,4.89805,4.82077,17554713318.19133,9.68559,44.01859,19.33636,25.16679,
URY,2015,27.32737,21.11119,15.84108,5.6023,5.44867,15633854333.41063,10.53651,49.42991,23.81757,27.81401,
URY,2016,30.1626,22.46262,16.17031,5.5658,7.40057,13471669447.4569,10.02604,46.71193,3.94509,25.68158,
URY,2017,28.6764,23.30476,13.83346,5.06613,7.71513,15959345500.78844,10.35737,44.27522,1.91062,23.92632,
URY,2018,30.72526,24.25356,12.20118,5.12184,4.34832,15556520867.22732,9.67309,45.97604,11.84019,24.94485,
URY,2019,35.25538,25.04502,11.55719,5.06718,3.04913,14504021740.91608,9.54589,48.78339,15.93295,25.30825,
URY,2020,42.01329,25.73447,11.23126,4.79462,0.45865,16250371651.31636,12.8094,59.1269,24.32648,27.88464,
URY,2021,43.55457,26.46229,7.45065,3.79904,-3.26214,16962770286.55332,8.9832,58.75062,16.81734,26.71298,
URY,2022,41.17108,25.97276,10.86536,6.235,5.43776,15126762057.53261,6.54647,52.55744,-1.71653,26.62383,
URY,2023,38.82392,25.92631,11.89543,8.10136,8.20235,16256769466.61509,7.20662,51.12344,1.33808,28.5771,
URY,2024,40.21279,26.39768,9.90709,7.30185,5.39595,17377698943.22295,7.73095,55.13083,15.9497,31.0792,
USA,1960,1.0,,4.82083,,,19664164000.0,,60.19297,,71.04632,
USA,1961,1.0,,4.5,,3.10788,18825530000.0,,62.81325,8.19461,75.26178,
USA,1962,1.0,,4.5,,3.21535,17252463900.0,,63.69813,8.93383,75.73374,
USA,1963,1.0,,4.5,,3.37488,16878648000.0,,65.98012,9.31713,80.48866,
USA,1964,1.0,,4.5,,2.95167,16725493600.0,,66.98803,9.03167,83.34388,
USA,1965,1.0,,4.535,,2.56591,15498323200.0,,67.0985,8.62152,86.34544,
USA,1966,1.0,,5.625,,2.64942,14953446600.0,,64.11833,4.7199,83.70822,
USA,1967,1.0,,5.63333,,2.40623,14898992000.0,,66.87606,10.27752,87.22889,
USA,1968,1.0,,6.3125,,1.86391,17857180000.0,,66.51057,8.77905,88.06315,
USA,1969,1.0,,7.95167,,2.85177,17031416000.0,,62.05212,0.95834,86.96944,
USA,1970,1.0,,7.91,,2.51492,15236515800.0,3.06878,65.40166,11.18506,87.67668,
USA,1971,1.0,,5.72333,,0.62199,14831073226.45738,2.69819,68.67133,13.95525,91.11708,
USA,1972,1.0,,5.24833,,0.88397,20573775352.12239,3.13704,71.03611,13.59039,95.7913,
USA,1973,1.0,,8.02167,,2.40969,33703588954.21069,4.10435,70.23354,10.17598,94.83887,
USA,1974,1.0,,10.79833,,1.65107,55700252549.12931,4.85793,69.87153,7.85073,92.28668,
USA,1975,1.0,,7.8625,,-1.28158,43154974089.34102,3.8928,70.60224,10.17843,90.47471,41.77093
USA,1976,1.0,,6.84,,1.26679,44162131646.11658,3.26201,69.98012,10.20831,89.88469,47.13859
USA,1977,1.0,,6.82417,,0.5751,53374370832.89743,3.29794,70.55321,12.03486,90.17645,40.07242
USA,1978,1.0,,9.05667,,1.88981,69447964987.89091,3.62571,69.49922,11.27101,91.63124,36.65425
USA,1979,1.0,,12.66583,,4.03439,143259225732.7357,6.10334,68.29675,9.79231,92.94553,37.81747
USA,1980,1.0,,15.26583,,5.71636,171412607203.3543,6.16165,69.50639,10.67933,94.35487,47.59019
USA,1981,1.0,,18.87,,8.5946,123907234985.741,4.08222,69.39768,12.06443,89.23801,39.39958
USA,1982,1.0,,14.86083,,8.17721,143444661762.2223,4.83733,73.23698,10.03221,92.61093,43.56929
USA,1983,1.0,,10.79417,,6.61804,123110064423.481,3.91237,72.96137,8.27126,96.10927,49.78028
USA,1984,1.0,,12.0425,,8.14091,104855936881.3768,2.65356,73.89906,12.53332,96.79607,39.68086
USA,1985,1.0,,9.93333,,6.56324,117981972231.9859,2.92483,74.46922,8.2931,103.68461,53.02763
USA,1986,1.0,,8.3325,,6.19387,139883920728.3892,3.16628,77.17093,9.37545,110.16171,55.41805
USA,1987,1.0,,8.20333,,5.58752,161738455237.8669,3.26504,75.74927,4.06452,112.61906,52.14533
USA,1988,1.0,,9.315,,5.5903,144176820283.5718,2.60623,75.00419,6.79098,113.69086,53.08839
USA,1989,1.0,,10.87333,,6.69026,168583563269.3773,2.80319,73.31971,5.31736,117.53995,59.95189
USA,1990,1.0,1.0,10.00917,,6.03975,173093564607.8445,2.73558,71.22352,2.67796,114.79143,51.87613
USA,1991,1.0,1.0,8.46333,,4.9153,159272850288.00287,2.60169,70.00324,1.50051,119.17767,67.54641
USA,1992,1.0,1.0,6.25167,,3.88429,147525874735.1053,2.31231,66.01336,-0.15317,118.24316,69.71804
USA,1993,1.0,1.0,6.0,,3.54563,164620171357.2932,2.39765,63.1322,0.59643,120.99453,76.56243
USA,1994,1.0,1.0,7.13833,,4.89854,163590579764.9375,2.06391,59.65885,0.40467,120.18304,70.50327
USA,1995,1.0,1.0,8.82917,,6.59422,175995426883.4358,1.95524,60.81507,6.86922,130.1686,90.99809
USA,1996,1.0,1.0,8.27083,,6.32429,160660160546.2044,1.66276,62.07709,7.86549,137.66571,105.04607
USA,1997,1.0,1.0,8.44167,,6.60332,134836033327.1412,1.25727,63.10259,8.0035,146.57982,125.56193
USA,1998,1.0,1.0,8.35417,,7.14996,146006089507.3415,1.29127,65.45841,9.6019,157.80464,142.58898
USA,1999,1.0,1.0,7.99417,,6.48725,136450101867.4814,1.07377,67.45241,9.50853,171.61422,153.43287
USA,2000,1.0,1.0,9.23333,,6.81386,128399516602.723,0.85427,68.51417,8.11046,162.62031,147.37906
USA,2001,1.0,1.0,6.92167,,4.56709,130076677027.9848,0.93813,71.63627,7.9328,170.84942,132.14665
USA,2002,1.0,1.0,4.675,,3.07321,157762914914.2413,1.11648,72.44869,4.45219,162.40427,101.14664
USA,2003,1.0,1.0,4.1225,,2.10671,184024332193.35007,1.19878,72.15751,4.40369,177.40024,124.52615
USA,2004,1.0,1.0,4.34,,1.60763,190464790633.3051,1.05559,71.54966,5.74205,184.80555,133.61274
USA,2005,1.0,1.0,6.18917,,2.96083,188259141662.46808,0.90359,72.45149,8.07351,188.63304,130.38273
USA,2006,1.0,1.0,7.9575,,4.72785,221088725058.6909,0.92073,74.5361,9.00282,198.28385,141.64416
USA,2007,1.0,1.0,8.05,,5.1999,277548941768.8551,1.06599,79.47787,11.71349,206.35135,137.63968
USA,2008,1.0,1.0,5.0875,,3.10106,294045673779.6271,1.07901,84.2544,8.1751,185.12564,78.47251
USA,2009,1.0,1.0,3.25,,2.61706,404098925258.3525,1.92028,90.6907,5.5126,187.47999,104.13882
USA,2010,1.0,1.0,3.25,,2.01031,488928508742.44006,2.00332,84.84882,-2.75234,181.92075,114.84811
USA,2011,1.0,1.0,3.25,,1.16288,537267041107.4737,1.96136,87.32369,6.68336,174.4746,100.26269
USA,2012,1.0,1.0,3.25,,1.36242,574268084132.4464,2.04662,87.91684,4.90169,175.44382,114.85398
USA,2013,1.0,1.0,3.25,,1.74821,448508920737.7113,1.59421,88.66008,4.50111,184.57286,142.69774
USA,2014,1.0,1.0,3.25,,1.58867,434416188744.6256,1.48005,89.49218,5.1784,185.399,150.02603
USA,2015,1.0,1.0,3.26,,2.47516,383728497570.1327,1.34986,88.98237,3.14304,184.52983,137.68819
USA,2016,1.0,1.0,3.51167,,2.63773,405942428719.7489,1.44075,89.99017,3.84943,187.42141,146.30671
USA,2017,1.0,1.0,4.09667,,2.37162,451285263406.2399,1.48412,90.52383,4.80195,195.43393,164.91322
USA,2018,1.0,1.0,4.90417,,2.46243,449907088828.5463,1.36,89.33039,4.03042,184.15465,148.23079
USA,2019,1.0,1.0,5.2825,,3.71968,516700583371.2468,1.54806,92.98698,8.3919,196.18346,159.42082
USA,2020,1.0,1.0,3.54417,,2.84615,628369715338.322,2.09738,110.63876,17.19951,220.893,197.38332
USA,2021,1.0,1.0,3.25,,-1.08717,716152260973.7109,1.97445,116.78635,16.85668,223.84172,208.22805
USA,2022,1.0,1.0,,,,706644215998.8939,1.67967,105.44622,-0.8428,190.92158,157.38418
USA,2023,1.0,1.0,,,,773426187289.1273,1.79263,100.68441,1.77639,195.61346,179.46318
USA,2024,1.0,1.0,,,,910036546651.5006,1.94032,100.72435,5.38686,201.21831,216.29084
USA,2025,,1.0,,,,,,,,,
UZB,1990,,0.00063,,,,,,,,,
UZB,1991,,0.00117,,,,,,,,,
UZB,1992,,0.00929,,,,,,,,,
UZB,1993,,0.10696,,,,,,,,,
UZB,1994,,1.40181,,,,,,,,,
UZB,1995,29.775,6.46615,,,,,,,,,
UZB,1996,40.06667,11.52857,,,,,,,,,
UZB,1997,62.91667,18.82288,,,,,,,,,
UZB,1998,94.49167,25.87264,,,,,,,,,
UZB,1999,124.625,36.76618,,,,1242300740.61785,,,,,
UZB,2000,236.60833,52.95435,,,,,,,,,
UZB,2001,,75.21696,,,,,,,,,
UZB,2002,,107.75351,,,,,,,,,
UZB,2003,,133.94935,,,,,,,,,
UZB,2004,,151.20572,,,,,,,,,
UZB,2005,,178.02841,,,,,,,,,
UZB,2006,,213.2286,,,,,,,,,
UZB,2007,,253.06334,,,,,,,,,
UZB,2008,,314.79777,,,,,,,,,
UZB,2009,,366.87399,,,,,,,,,
UZB,2010,,505.16806,,,,,,,,,
UZB,2011,,601.9984,,,,,,,,,
UZB,2012,,706.90461,,,,,,,,,
UZB,2013,2094.98847,804.3101,16.20157,15.36736,3.76262,22501939340.84186,15.10569,19.17479,,9.32773,
UZB,2014,2310.94816,935.23725,15.99015,17.2859,1.72351,24195780634.22889,17.16949,18.21131,15.73952,10.02973,
UZB,2015,2567.98721,1058.67768,13.77376,13.58774,2.96203,24287333269.60358,19.09076,19.10494,24.29119,10.30963,
UZB,2016,2965.2535,1179.9567,13.52397,14.75112,4.217,26284410686.67391,19.91402,20.44675,23.49673,11.75377,
UZB,2017,5113.87895,1432.90718,15.37678,14.67289,-13.69141,28070940955.39469,18.86616,20.54213,40.20595,14.06333,
UZB,2018,8069.60624,1799.89238,19.96562,14.2555,-4.6993,27077105981.16173,12.92404,17.64279,14.12438,20.42563,
UZB,2019,8836.7875,2111.31955,23.60607,16.15598,5.12865,29291325502.0694,12.20101,16.00359,13.88295,25.85806,
UZB,2020,10054.26133,2353.38339,22.34105,16.31099,10.60544,34903111839.0572,17.15359,16.76732,17.70065,32.17429,7.87142
UZB,2021,10609.46439,2591.1123,21.42309,16.31776,6.79911,35375443899.64912,14.08793,17.70239,29.67762,32.05545,6.71581
UZB,2022,11050.14542,2768.47787,21.74612,17.72595,6.36317,35773956817.66842,11.02133,18.99259,30.17495,32.70925,9.35316
UZB,2023,11734.83342,3041.71294,22.15009,18.01709,7.31578,34557511091.09936,8.82893,17.60803,12.16439,34.35565,13.36839
UZB,2024,12652.28682,3367.64394,23.13394,18.1216,8.59082,41236890133.33472,10.27861,19.04782,30.63775,33.19944,16.35239
VCT,1960,1.71429,,,,,,,,,,
VCT,1961,1.71429,,,,,,,,,,
VCT,1962,1.71429,,,,,,,,,,
VCT,1963,1.71429,,,,,,,,,,
VCT,1964,1.71429,,,,,,,,,,
VCT,1965,1.71429,,,,,,,,,,
VCT,1966,1.71429,,,,,,,,,,
VCT,1967,1.76191,,,,,,,,,,
VCT,1968,2.0,,,,,,,,,,
VCT,1969,2.0,,,,,,,,,,
VCT,1970,2.0,,,,,,,,,,
VCT,1971,1.97487,,,,,,,,,,
VCT,1972,1.92128,,,,,,,,,,
VCT,1973,1.95922,,,,,,,,,,
VCT,1974,2.05323,,,,,,,,,,
VCT,1975,2.1698,,,,,,,65.32488,,36.52764,
VCT,1976,2.61467,,,,,4658148.14819,,65.07041,18.42882,30.96597,
VCT,1977,2.7,,,,,4810000.00003,,46.01154,9.89192,26.92236,
VCT,1978,2.7,,,,,5256296.29633,1.62986,47.6014,27.54436,29.21825,
VCT,1979,2.7,,,,,8901851.8519,2.01172,50.23282,23.30818,28.31317,
VCT,1980,2.7,,8.96866,,-3.61323,7270066.92627,1.34217,45.47296,4.84097,30.60063,
VCT,1981,2.7,,8.96866,,-8.0535,9004963.56851,1.58213,43.5277,18.67748,31.88326,
VCT,1982,2.7,,8.96866,4.83912,2.16534,4783093.22365,0.75029,43.96486,12.55324,27.33975,
VCT,1983,2.7,,9.49183,5.60898,4.09211,5696904.15158,0.84295,46.06358,12.59868,29.55048,
VCT,1984,2.7,,10.76239,5.27904,6.89259,12820000.0,1.72466,41.54101,-0.39855,25.02363,
VCT,1985,2.7,,10.83713,5.38902,9.10727,13800000.0,1.79415,49.90202,29.57245,27.29987,
VCT,1986,2.7,,11.21082,5.16906,6.33681,25832231.96702,2.74136,52.29941,15.74573,24.90985,
VCT,1987,2.7,,11.21082,5.15073,2.32471,20220000.0,1.98837,51.45024,7.38787,27.86564,
VCT,1988,2.7,,10.79976,5.27904,10.5604,21820000.0,1.72234,56.67998,25.94205,29.41257,
VCT,1989,2.7,,11.21082,4.83912,5.41226,22770000.0,1.72839,59.63438,12.56022,32.73961,
VCT,1990,2.7,1.39717,11.54715,4.28922,3.79183,26490000.0,1.89289,60.44916,13.46051,31.484,
VCT,1991,2.7,1.4167,11.18537,4.05711,6.06593,22684304.30989,1.5842,57.85434,1.46619,34.68868,
VCT,1992,2.7,1.42025,11.29681,3.93855,8.54476,33381253.0422,2.29181,57.18673,7.81639,34.43729,
VCT,1993,2.7,1.37079,11.92184,3.89536,13.27569,31510399.49687,2.17276,60.81963,9.54832,34.4072,
VCT,1994,2.7,1.37394,11.73319,3.88523,9.1461,31254260.49229,2.02354,64.23261,6.76608,36.48398,
VCT,1995,2.7,1.36338,11.06568,4.33839,9.62791,29831248.52838,1.88445,62.25614,5.82049,40.67134,
VCT,1996,2.7,1.3866,11.22511,4.13928,7.39616,30186054.88387,1.81746,63.38261,6.79715,44.56079,
VCT,1997,2.7,1.38161,11.29057,4.21058,9.79859,31188954.27659,1.53214,67.70433,12.06499,47.62167,
VCT,1998,2.7,1.41013,11.3071,4.27321,7.84422,38765934.58059,1.75033,71.30012,13.13829,48.21912,
VCT,1999,2.7,1.41572,11.54638,4.45865,9.55544,42584157.41781,1.94605,76.96582,12.88683,51.72114,
VCT,2000,2.7,1.49181,11.46448,4.53858,3.43607,55179038.16738,2.73549,73.61362,4.75754,51.24287,
VCT,2001,2.7,1.54824,11.62615,4.55727,5.18937,61439397.12159,2.8985,71.60136,5.02291,48.52936,
VCT,2002,2.7,1.5277,11.56264,4.35439,11.33231,53198488.5017,2.47005,70.91842,4.55322,48.09424,
VCT,2003,2.7,1.46556,11.83238,4.56089,14.31706,51191684.04846,2.11408,69.48072,2.25651,46.37664,
VCT,2004,2.7,1.48066,9.69263,3.29959,5.73066,74981667.14111,2.75558,67.36523,4.72732,43.3181,
VCT,2005,2.7,1.47734,9.58413,2.89358,6.49204,69511994.4151,2.40658,66.42535,3.99296,43.31346,
VCT,2006,2.7,1.4862,9.73168,2.92306,5.81415,78691580.85435,2.47338,62.71612,4.76227,44.61128,
VCT,2007,2.7,1.55301,9.61258,2.8201,2.13011,86976851.9636,2.29093,61.06631,7.97569,46.26823,
VCT,2008,2.7,1.63436,9.52442,2.79157,7.10584,83690185.4348,2.00087,61.89884,4.07164,46.40558,
VCT,2009,2.7,1.60576,9.18656,2.93936,10.45001,87815455.42733,2.33494,62.2124,-2.01246,48.55205,
VCT,2010,2.7,1.67501,9.17184,2.85959,3.40142,112702057.85489,2.98652,63.33222,2.67614,49.00964,
VCT,2011,2.7,1.63592,9.13638,2.99205,9.48553,89626356.91202,2.51488,65.30397,2.16135,50.19525,
VCT,2012,2.7,1.64966,9.41441,2.87588,8.23172,111021926.08763,2.86906,66.97475,4.8913,51.49669,
VCT,2013,2.7,1.64266,9.43978,2.73312,7.03976,135096711.23141,3.36435,68.24454,6.74604,49.75579,
VCT,2014,2.7,1.59497,9.14601,2.6371,9.52029,157371371.54755,3.8763,73.59256,8.69932,49.2545,
VCT,2015,2.7,1.60395,9.30275,2.11942,10.11079,166009602.19832,4.49786,75.13213,4.16531,49.4608,
VCT,2016,2.7,1.53212,9.1175,1.895,9.77295,192255789.76802,5.08927,73.93638,1.88013,48.05928,
VCT,2017,2.7,1.58873,8.7525,1.865,6.54524,182046079.24453,4.94894,72.32668,1.39519,46.70702,
VCT,2018,2.7,1.54909,8.48572,1.8242,6.83139,169562298.93521,4.40847,69.8869,1.23903,44.43152,
VCT,2019,2.7,1.53848,8.35137,1.80399,5.94263,193357067.38197,5.30097,71.54592,5.40132,43.61282,
VCT,2020,2.7,1.47022,7.99095,1.7289,8.87118,205195146.79427,6.31753,70.40424,-6.55817,47.51783,
VCT,2021,2.7,1.44013,7.65029,1.72559,6.92199,311902934.99922,8.26662,77.24872,12.78161,46.22414,
VCT,2022,2.7,1.45119,7.39199,1.35908,-0.51874,320193327.16133,6.87607,69.52579,0.18197,41.18968,
VCT,2023,2.7,1.4416,7.16263,1.23841,4.12832,280564003.84308,5.55397,66.55829,3.76904,39.7036,
VCT,2024,2.7,1.45982,7.09571,1.24804,3.26263,316823948.572,5.56006,71.41545,15.8005,36.66227,
VEN,1960,0.00335,,,,,615486000.0,,20.50952,,15.67528,
VEN,1961,0.00335,,,,,581329000.0,,19.71211,1.17759,14.80906,
VEN,1962,0.00335,,,,,583412200.0,,18.32345,1.5581,14.22523,
VEN,1963,0.00335,,,,,745526800.0,,19.53924,16.24584,13.88212,
VEN,1964,0.00435,,,,,832985200.0,,20.51239,16.23654,14.75489,
VEN,1965,0.0044,,,,,819985200.0,,20.84588,8.15048,15.5942,
VEN,1966,0.0044,,,,,778787400.0,,20.0,-0.03289,15.26268,
VEN,1967,0.0044,,,,,873902000.0,,21.55868,13.54641,15.79027,
VEN,1968,0.0044,,,,,1000929000.0,,21.76747,9.53108,16.27195,
VEN,1969,0.0044,,,,,935072000.0,,23.54493,10.86773,17.08792,
VEN,1970,0.0044,,,,,1046548900.0,4.41427,22.56953,7.74963,16.72638,
VEN,1971,0.0044,,,,,1584139131.06324,5.81869,23.98628,16.72827,16.79285,
VEN,1972,0.0043,,,,,2031779425.54568,7.12072,26.67393,19.69211,18.22266,
VEN,1973,0.0043,,,,,3193881779.54285,8.93185,26.80177,19.67754,19.38924,
VEN,1974,0.0043,,,,,8119250127.13426,16.20609,23.72445,35.62249,16.91279,
VEN,1975,0.0043,,,,,9970588618.84127,15.44232,34.56121,53.28897,24.30067,
VEN,1976,0.0043,,,,,9630263781.96112,11.68485,37.25856,23.32829,29.15857,
VEN,1977,0.0043,,,,,9602436275.37194,8.32401,40.6161,25.63461,29.99576,
VEN,1978,0.0043,,,,,8608724774.2041,6.38353,43.14575,15.33877,33.45972,
VEN,1979,0.0043,,,,,13187812580.64087,10.1784,37.74431,7.49456,28.47793,
VEN,1980,0.0043,,,,,13359613704.52382,9.3944,36.18141,17.29982,27.46559,
VEN,1981,0.0043,,,,,12719712433.46063,7.59008,36.58488,13.44898,26.69652,
VEN,1982,0.0043,,,,,11814610376.28378,5.97477,38.88515,8.54585,29.24231,
VEN,1983,0.0043,,,,,12014837512.19269,11.34992,48.19069,23.60065,30.66115,
VEN,1984,0.00702,,9.56917,12.28917,-20.27233,12434220776.13494,10.62981,39.40913,18.25601,24.6727,
VEN,1985,0.0075,,9.3275,10.51667,-0.32341,13998194165.20211,12.26925,39.06199,9.65915,24.88022,
VEN,1986,0.00808,,8.48667,8.92583,9.33482,10917160674.73976,9.79337,41.90767,12.92491,30.61324,
VEN,1987,0.0145,,8.47167,8.9425,-20.15058,11510455565.46412,9.73949,34.90562,18.58019,28.89742,
VEN,1988,0.0145,,8.4975,8.94833,-7.84298,7793015712.54592,5.09153,33.5094,20.38002,29.99234,
VEN,1989,0.03469,,22.4975,28.91083,-39.03154,8701843814.75543,7.89522,27.49905,41.93087,20.1859,
VEN,1990,0.04689,0.0,35.53167,27.82167,-4.38061,12732617576.93019,11.85992,30.04509,64.8804,16.58779,
VEN,1991,0.05683,0.0,37.16333,31.10417,12.93849,14718563242.2721,10.73303,33.26613,47.55361,18.41384,
VEN,1992,0.06838,0.0,41.3275,35.43167,10.20185,13381434153.95933,7.83456,28.79678,17.74229,18.58834,
VEN,1993,0.09084,0.0,59.90167,53.745,21.46356,13692654316.51612,8.49464,27.3874,25.54756,15.76515,12.99305
VEN,1994,0.14686,0.0,54.655,39.02123,-5.05579,12459340632.2819,8.96248,29.07948,68.89104,9.19843,8.43549
VEN,1995,0.17684,0.0,39.74417,24.71853,-7.91764,10715241770.58187,6.20724,25.17251,36.56149,8.65592,5.53701
VEN,1996,0.41735,0.0,39.41333,27.57833,-35.31452,16019843786.82603,10.63088,19.75518,68.80745,8.12661,14.26567
VEN,1997,0.48863,0.0,23.685,14.69583,-7.66149,17703782561.63381,8.93491,21.56699,55.54857,12.6069,16.98624
VEN,1998,0.54757,0.0,46.3525,34.84167,23.09879,14728840876.64019,6.84002,19.42137,7.37712,12.04051,8.29942
VEN,1999,0.60572,0.0,32.12583,21.27833,4.70164,15110150345.58483,8.09183,19.91487,21.67356,11.21429,7.60798
VEN,2000,0.67997,0.0,25.19917,16.3,-3.28588,15898851162.52212,7.41292,19.84193,33.73409,10.48384,6.91442
VEN,2001,0.72366,0.0,22.45167,15.51167,13.38442,12264400222.64225,5.16124,19.67708,10.73487,12.37007,5.05715
VEN,2002,1.16095,0.0,36.5775,29.00083,2.67219,12106510810.76525,6.75335,18.60545,14.63982,10.12717,4.28404
VEN,2003,1.60696,0.0,25.19333,17.20833,-7.21867,20820560020.65127,13.83349,24.27603,62.40507,8.90613,
VEN,2004,1.89133,0.0,18.49667,12.59917,-11.5391,23408050057.21279,10.31154,22.97408,49.95149,11.08177,
VEN,2005,2.08975,0.0,16.80917,11.62583,-9.87229,29802940547.69459,10.01808,23.69127,47.43985,13.21487,
VEN,2006,2.147,0.0,15.47667,10.2625,-2.059,36715128120.24384,9.02683,31.59033,72.73615,17.03713,
VEN,2007,2.147,0.0,17.105,10.70667,1.43486,33759218864.92355,5.9576,33.68853,33.89355,23.48117,
VEN,2008,2.147,0.0,22.37083,16.15333,-5.9644,43065463087.27784,7.02641,31.67221,28.8009,21.46967,
VEN,2009,2.147,0.0,19.89333,16.40917,11.18564,34317956993.54581,6.6556,37.42323,23.33156,23.61363,
VEN,2010,2.58206,0.0,18.3475,14.80083,-18.90856,29665473906.39053,5.56262,32.15887,23.54618,18.85434,
VEN,2011,4.2893,0.0,17.15,14.59,-8.58311,27934651458.85564,4.16236,35.94162,49.20457,20.47423,
VEN,2012,4.2893,,16.38,14.50917,-3.73491,29468789162.68604,3.6003,43.14501,53.28972,23.87298,
VEN,2013,6.04796,,15.895,14.50333,-16.69275,20275216409.44574,2.78487,48.60968,58.84307,27.4728,
VEN,2014,6.2842,,17.21167,14.68167,-42.72461,21454894042.42426,3.50313,,,,
VEN,2015,6.2842,,19.395,14.88667,-49.30827,15625329211.52235,3.37152,,,,
VEN,2016,9.25734,,20.775,15.085,-70.36036,10150000483.51161,3.65382,,,,
VEN,2017,9.975,,21.05917,14.7325,-89.4708,9794062064.62109,,,,,
VEN,2020,315575.80168,,,,,,,,,,
VEN,2021,2104580.83529,,,,,,,,,,
VEN,2022,6.68388,,,,,,,,,,
VEN,2023,28.63536,,,,,,,,,,
VEN,2024,38.37836,,,,,,,,,,
VGB,2011,,1.02755,,,,,,,,,
VGB,2012,,1.08888,,,,,,,,,
VGB,2013,,1.07673,,,,,,,,,
VGB,2014,,1.06438,,,,,,,,,
VGB,2015,,1.0715,,,,,,,,,
VGB,2016,,1.05583,,,,,,,,,
VGB,2017,,1.02023,,,,,,,,,
VNM,1983,1.00177,,,,,,,,,,
VNM,1986,22.93673,,,,,,,,,,
VNM,1987,78.95332,,,,,,,,,,
VNM,1988,611.64609,,,,,,,,,,
VNM,1989,4501.68653,,,,,,,,,,
VNM,1990,6537.60469,672.27705,,,,,,,,,
VNM,1991,10121.89323,1122.04432,,,,,,,,,
VNM,1992,11202.19167,1455.00088,,,,,,22.50753,,13.65691,
VNM,1993,10640.95833,1668.83217,32.1825,22.04,12.57721,,,20.07455,13.17688,16.52946,
VNM,1994,10965.66667,1910.9356,,,,,,,,,
VNM,1995,11038.25,2190.63203,,,,1323681930.28787,,19.56649,,18.48467,
VNM,1996,11032.58333,2338.33676,20.1,,10.49087,1735897756.92245,1.62006,20.71006,25.79526,18.67004,
VNM,1997,11683.33333,2450.35127,14.41667,8.5125,7.33532,1985854205.99896,1.67066,22.50731,25.29211,19.84884,
VNM,1998,13268.0,2637.27061,14.4,9.23,5.11048,2002261884.51771,1.68022,24.20793,23.80945,20.12386,
VNM,1999,13943.16667,2749.60069,12.7,7.3725,6.58752,3326147673.21608,2.81499,36.37276,66.4516,28.18659,
VNM,2000,14167.75,2780.3495,10.55,3.65333,6.90577,3416511105.0847,2.26421,44.60459,35.41932,35.25907,
VNM,2001,14725.16667,2790.42588,9.42,5.30417,6.62404,3674565622.65934,2.35511,52.11891,27.33646,39.29039,
VNM,2002,15279.5,2876.84005,9.06167,6.4475,4.16694,4121051660.52162,2.21304,53.03555,13.27453,43.13077,
VNM,2003,15509.58333,3021.7138,9.48,6.62167,2.21306,6224181087.75992,2.69484,61.62917,33.05204,48.37235,
VNM,2004,15746.0,3190.7425,9.7225,6.17125,1.18892,7041460609.52428,2.44283,69.26359,31.04998,58.72243,
VNM,2005,15858.91667,3675.68821,11.025,7.145,-6.55289,9050561631.2151,2.65366,70.95985,30.90671,60.46679,
VNM,2006,15994.25,3871.2723,11.17625,7.63,2.40152,13384067982.15699,3.22464,79.22367,29.6708,65.35954,
VNM,2007,16105.125,4132.13436,11.18,7.4925,1.41364,23479392779.81974,4.0751,100.57977,49.106,85.63969,
VNM,2008,16302.25,4973.20698,15.78357,12.73042,-5.61634,23890250550.29087,3.21458,93.65717,20.69753,82.87277,12.47433
VNM,2009,17065.08333,5249.94216,10.069,7.91,3.62788,16447104123.62803,2.57418,105.60694,26.23267,103.32235,31.41745
VNM,2010,18612.91667,5813.18879,13.13525,11.19375,-20.49708,12466600610.9074,1.62055,90.45446,29.71461,90.35317,25.03716
VNM,2011,20509.75,6915.33545,16.95383,13.9935,-3.67326,13539119001.00327,1.41735,78.37215,11.94245,79.94308,15.04193
VNM,2012,20828.0,7137.06682,13.47167,10.50367,4.02833,25573282232.27665,2.48703,84.81647,24.54475,75.54939,18.76657
VNM,2013,20933.41667,7308.34642,10.37417,7.14,6.08971,25893489673.07358,2.14652,93.7627,21.39947,77.55811,21.11632
VNM,2014,21148.0,7379.99615,8.665,5.7575,4.78973,34189368832.66881,2.53633,101.73399,19.74002,80.00103,22.45721
VNM,2015,21697.5675,7290.1488,7.1175,4.7475,8.9883,28250254960.18103,1.85037,111.17466,14.90844,90.39923,24.54837
VNM,2016,21935.00083,7163.83115,6.96,5.035,5.0486,36527291044.33068,2.22399,120.64029,17.88036,98.85896,28.48049
VNM,2017,22370.08667,7211.59961,7.0675,4.80917,2.59151,49075567812.45861,2.4629,123.50531,14.25637,103.97203,44.53827
VNM,2018,22602.05,7275.82617,7.37188,4.73825,3.61416,55452622582.56086,2.52958,124.98699,12.69838,105.27598,42.7766
VNM,2019,23050.24167,7191.18848,7.7075,4.975,5.15925,78334835182.60902,3.36679,129.14767,13.6213,108.0319,44.80647
VNM,2020,23208.36833,7064.95361,7.6475,4.12021,6.09064,94833616150.45044,3.9783,140.60368,13.63349,115.52535,53.66419
VNM,2021,23159.78259,7120.01123,7.811,3.375,4.79218,109371353442.8329,3.68607,146.15795,9.67595,124.2829,76.07456
VNM,2022,23271.2125,6941.45195,8.01333,3.8175,3.41862,86539530966.64505,2.65056,136.2556,5.67941,124.96148,41.15473
VNM,2023,23787.31917,6840.6117,9.323,4.781,7.08137,92237540812.24677,3.01759,,,,43.2903
VNM,2024,24164.88583,6956.9275,,,,83081854928.11609,2.37408,,,,42.9515
VUT,1960,89.765,,,,,,,,,,
VUT,1961,89.765,,,,,,,,,,
VUT,1962,89.765,,,,,,,,,,
VUT,1963,89.765,,,,,,,,,,
VUT,1964,89.765,,,,,,,,,,
VUT,1965,89.765,,,,,,,,,,
VUT,1966,89.765,,,,,,,,,,
VUT,1967,89.765,,,,,,,,,,
VUT,1968,89.765,,,,,,,,,,
VUT,1969,94.44,,,,,,,,,,
VUT,1970,100.985,,,,,,,,,,
VUT,1971,100.68945,,,,,,,,,,
VUT,1972,81.61091,,,,,,,,,,
VUT,1973,72.04471,,,,,,,,,,
VUT,1974,77.80323,,,,,,,,,,
VUT,1975,69.27259,,,,,,,,,,
VUT,1976,77.23623,,,,,,,,,,
VUT,1977,79.41131,,,,,,,,7.8635,,
VUT,1978,72.93899,,,,,,,,0.91128,,
VUT,1979,68.75825,,,,,,,73.69513,2.96473,30.24391,
VUT,1980,68.29212,,,,,,,63.56936,-12.94059,31.97197,
VUT,1981,87.82593,,,,,8462712.56488,,53.25838,1.16157,31.37526,
VUT,1982,96.2075,,,,,5668632.4301,0.80665,73.43755,52.00513,29.52614,
VUT,1983,99.36766,,,,,6594660.00279,0.9165,75.42083,8.75118,29.93828,
VUT,1984,99.23333,,,,,8086949.98151,0.97577,77.73335,26.67462,28.05329,
VUT,1985,106.03167,,,,,10610263.62039,1.128,90.56326,13.61212,27.34568,
VUT,1986,106.07583,,,,,21419522.09705,2.30377,117.53252,25.73227,29.52529,
VUT,1987,109.84917,,,,,40174522.97522,3.87106,97.40862,-6.26127,30.20542,
VUT,1988,104.42583,,,,,40670278.96274,4.18329,94.94116,5.20318,30.94207,
VUT,1989,116.04167,,,,,35081469.76108,3.96343,129.44863,47.36204,31.281,
VUT,1990,117.06125,77.33475,,,,37691806.77469,3.31311,123.61859,5.63258,33.97481,
VUT,1991,111.675,82.48585,,,,39836948.17549,3.18399,108.31359,-0.34311,30.37389,
VUT,1992,113.39167,82.895,,,,42458761.80786,3.61012,98.0148,-4.58227,35.8822,
VUT,1993,121.58083,82.64586,,,,45586194.35888,3.95953,100.3044,5.21496,35.36552,
VUT,1994,116.405,82.78755,,,,43576128.70309,3.36315,92.45813,2.87159,33.88821,
VUT,1995,112.11167,82.49178,,,,48289716.61652,3.52272,101.94823,13.30009,32.9131,
VUT,1996,111.71917,82.6979,,,,43923909.51236,3.19149,107.42401,10.0718,34.17062,
VUT,1997,115.87333,83.87878,,,,37303887.29977,2.78682,98.90581,-0.34315,30.96921,
VUT,1998,127.5175,89.71261,,,,44669038.46018,3.29955,105.24603,12.6086,32.46387,
VUT,1999,129.075,91.18419,,,,41353799.45676,2.71705,92.40274,-9.19491,35.95988,
VUT,2000,137.64333,91.10731,,,,38922820.48275,2.61237,90.10173,5.53767,31.54611,
VUT,2001,145.3125,92.33086,,,,37658099.72402,2.62447,94.93545,5.47449,33.43319,
VUT,2002,139.19833,93.53136,,,,36521984.79509,2.67246,95.77045,-1.61553,37.09013,
VUT,2003,122.18917,92.45312,,,,43816496.33485,2.75215,90.32244,-0.85861,38.54497,
VUT,2004,111.79,91.93795,,,,61813729.41768,3.30496,93.48551,9.90738,39.79175,
VUT,2005,109.24583,89.51691,,,,67197553.92619,3.1186,98.6344,11.57134,43.59995,
VUT,2006,110.64083,90.20196,,,,104661394.46019,4.63908,93.70711,7.03309,42.44132,
VUT,2007,102.4375,92.8961,,,,119623134.3843,4.58382,99.8533,15.95636,43.79496,
VUT,2008,101.33417,97.66989,,,,115230049.97559,2.80596,100.01607,13.35131,55.05525,
VUT,2009,106.74083,99.55106,,,,148612899.92884,5.16167,95.08146,0.45608,64.83208,
VUT,2010,96.90583,99.80327,,,,161382135.42876,4.53079,86.98886,-5.99611,67.58731,
VUT,2011,89.46917,100.51104,,,,173789321.5933,4.47061,83.14003,1.32361,69.35414,
VUT,2012,92.6375,98.2157,,,,182228490.81208,4.56061,82.17658,-0.62378,73.70882,
VUT,2013,94.5425,99.47626,10.54833,2.24833,7.32099,179199339.27551,4.77389,75.00453,-5.54722,72.62001,
VUT,2014,97.07167,99.85804,10.40583,2.05917,8.10102,183998594.87532,4.91685,77.74507,8.58987,75.55648,
VUT,2015,108.98917,104.91206,10.2008,2.42979,3.92751,269167136.17637,6.27445,78.5774,11.42176,69.75228,
VUT,2016,108.475,105.83697,10.1,1.96583,8.11044,267345975.9348,6.17109,82.48703,10.61872,67.11983,
VUT,2017,107.82083,108.29837,9.965,1.46917,5.57508,395101633.94632,8.46436,82.89933,9.29785,64.48522,
VUT,2018,110.165,109.26912,10.18167,1.35,6.75712,431976166.44358,9.23159,88.27492,13.08765,61.49914,
VUT,2019,114.7325,111.02121,10.04583,1.06417,6.55056,511546284.1172,11.36338,88.50856,6.91011,59.08729,
VUT,2020,115.38,112.61704,9.76083,0.6475,6.78647,613636752.08808,15.45435,90.12835,-0.55906,60.21145,
VUT,2021,109.44833,108.45308,9.33333,0.5175,8.57363,664751367.26172,14.18909,98.97911,8.87194,60.94283,
VUT,2022,115.35392,112.60103,8.80583,0.44417,-2.17661,638537154.34393,12.59565,90.79442,7.32082,55.24484,
VUT,2023,119.1125,116.26794,8.93583,0.39833,1.83572,643768389.57629,,88.07906,5.94567,53.55182,
VUT,2024,119.165,112.72723,8.63833,0.62167,9.40509,614649778.92243,,96.28088,9.56849,56.33323,
WSM,1960,0.71429,,,,,,,,,,
WSM,1961,0.71551,,,,,,,,,,
WSM,1962,0.71919,,,,,,,,18.48138,,
WSM,1963,0.71919,,,,,,,,6.65054,,
WSM,1964,0.71919,,,,,5680000.0,,,14.62585,,
WSM,1965,0.71919,,,,,3570000.0,,,-8.55589,,
WSM,1966,0.71919,,,,,2730000.0,,,2.43375,,
WSM,1967,0.7195,,,,,2160000.0,,,1.53115,,
WSM,1968,0.72107,,,,,3060000.0,,,13.26053,,
WSM,1969,0.72107,,,,,5150000.0,,,11.24885,,
WSM,1970,0.72107,,,,,5220000.0,,8.22434,10.64796,,
WSM,1971,0.71896,,,,,6410858.26002,,8.94264,28.86982,,
WSM,1972,0.67543,,,,,4528858.9117,,9.17714,12.24313,,
WSM,1973,0.61495,,,,,5077616.86554,,9.61967,25.78649,,
WSM,1974,0.60658,,,,,5957879.42688,,10.16119,18.20418,,
WSM,1975,0.63279,,,,,6386826.34456,,10.61528,8.91433,,
WSM,1976,0.79537,,,,,5240000.0,,11.29395,21.59236,,
WSM,1977,0.78608,,,,,9126441.37801,2.57443,12.01498,21.58198,,
WSM,1978,0.73633,,,,,4782111.83206,1.02635,12.96607,11.28824,,
WSM,1979,0.82616,,,,,4820000.0,0.73527,14.63433,43.07007,,
WSM,1980,0.91931,,,,,2770000.0,0.44754,16.95253,32.5734,,
WSM,1981,1.03408,,,,,3281639.54654,0.59894,26.81455,67.23478,,
WSM,1982,1.20733,,,,,3481031.07455,0.69438,30.27586,35.19971,,
WSM,1983,1.54913,,,,,7229251.9504,1.46059,22.43854,-12.24582,,
WSM,1984,1.86231,,,,,10557031.43546,2.1093,21.39455,11.89723,,
WSM,1985,2.24527,,,,,14020984.18278,2.79189,24.41886,20.43485,,
WSM,1986,2.23576,,,,,23746325.39479,4.95099,27.97972,20.51527,,
WSM,1987,2.12175,,,,,37198445.99867,6.11907,34.02457,27.7118,,
WSM,1988,2.08044,,,,,49196954.69042,6.79059,31.43121,7.77433,,
WSM,1989,2.27019,,,,,55066198.12337,7.4939,36.39004,16.71652,,
WSM,1990,2.30985,0.79983,,,,69045292.0004,8.5879,41.65158,19.25086,,
WSM,1991,2.39962,0.82094,,,,67807729.19081,7.10072,39.42291,-1.87634,,
WSM,1992,2.46631,0.87141,,,,57646263.14849,5.09111,36.6457,0.71603,,
WSM,1993,2.5686,0.8568,,,,50705976.07256,4.67787,35.47655,1.43861,,
WSM,1994,2.53504,1.41125,,,,50800685.19408,6.01034,24.63586,13.85224,,
WSM,1995,2.4734,1.28585,,,,55312671.45117,5.53553,30.87294,24.35545,,
WSM,1996,2.46217,1.32069,,,,60804917.28882,5.72203,29.27152,6.28385,,
WSM,1997,2.55937,1.45198,,,,64205877.17499,5.33817,29.9463,15.15068,,
WSM,1998,2.94769,1.48485,,,,61422641.80565,5.74078,29.03969,2.48394,,
WSM,1999,3.01315,1.48062,,,,68199386.61059,5.74049,32.52159,15.72642,,
WSM,2000,3.28636,1.47787,,,,63657900.59856,,35.26584,16.32563,,
WSM,2001,3.47804,1.49399,11.57,4.5,7.93596,56635259.66551,,33.70777,6.10147,,
WSM,2002,3.37626,1.49292,11.44583,4.50667,9.81903,62493668.51997,,34.64994,10.2139,,
WSM,2003,2.97324,1.50131,11.28167,4.52,8.51719,83909636.53169,,36.5984,13.96,,
WSM,2004,2.78072,1.5654,11.23083,4.39417,3.88341,86133747.28224,4.70775,35.91624,8.32104,,
WSM,2005,2.71034,1.57845,11.4275,4.3475,7.14684,77256900.74773,3.08868,37.45408,15.648,,
WSM,2006,2.77929,1.61199,11.72167,4.87083,6.12454,75906873.46688,2.77063,39.62501,13.75075,,
WSM,2007,2.61657,1.687,12.65083,6.4425,4.8025,90264699.10012,3.1456,40.72406,11.00687,59.37089,
WSM,2008,2.64418,1.80605,12.66083,6.06083,3.24506,81946109.98175,2.60956,38.69505,7.37019,57.1994,
WSM,2009,2.73078,1.82509,12.0825,4.80583,10.23309,144476857.50278,5.42142,41.67656,8.91896,57.04432,
WSM,2010,2.48466,1.71039,10.72,2.70083,16.72669,173039792.83403,4.94523,44.05715,6.41356,61.98594,
WSM,2011,2.31747,1.66057,9.9625,2.285,10.97219,128020438.7479,3.31404,40.18765,-6.13377,63.55814,
WSM,2012,2.29231,1.69585,9.86,2.46917,5.60773,128350848.55064,3.63776,39.47021,-1.64373,65.125,
WSM,2013,2.3109,1.7066,10.20083,2.88083,7.67448,128930588.62675,3.27941,40.98681,6.39287,67.81506,
WSM,2014,2.33177,1.69169,10.015,3.02,9.08439,101674433.29339,2.67893,44.2561,9.61625,72.8579,
WSM,2015,2.56087,1.74259,9.50833,2.48167,5.33226,112244940.95454,3.41299,43.46746,6.04369,72.12328,
WSM,2016,2.56493,1.76493,9.09167,2.37083,6.69659,88868313.16458,2.46338,42.9753,9.15774,75.65873,
WSM,2017,2.55438,1.73917,8.76167,2.60658,8.43105,123656063.04172,3.38962,48.6753,15.20645,77.64805,
WSM,2018,2.58728,1.71888,8.9501,2.75635,7.76727,162559147.90438,4.21763,52.68518,8.75891,81.54909,
WSM,2019,2.64883,1.71633,8.92917,2.685,7.31992,177244065.93766,4.2939,52.00079,4.6409,83.25522,
WSM,2020,2.66496,1.71452,8.705,2.66333,7.39239,277056415.24141,8.1798,55.88095,5.39375,87.01174,
WSM,2021,2.55609,1.62802,8.51542,2.11167,9.29102,294681800.10009,7.66631,60.27119,1.68986,94.89297,
WSM,2022,2.689,1.55833,8.29106,1.80522,5.60528,321163283.65638,7.06532,61.68783,7.33279,88.93881,
WSM,2023,2.73844,1.60693,8.31979,1.7922,1.39484,447089817.09416,8.84208,56.96416,13.6772,74.14891,
WSM,2024,2.75395,1.70118,8.4306,1.5942,0.00513,507740280.93586,9.81929,54.60982,8.87946,69.94393,
XKX,2000,,,,,,57409059.0,,,,,
XKX,2001,,,,,,261071775.0,,,,,
XKX,2002,1.05756,,,,,353572354.0,,,-12.20919,,
XKX,2003,0.88405,,,,,535598272.0,,,20.05646,,
XKX,2004,0.80392,,14.78835,2.8117,,423533771.0,3.06786,,36.62409,,
XKX,2005,0.8038,,14.42139,2.8891,,328569606.0,2.18539,,20.27675,,
XKX,2006,0.79643,,14.49437,2.95926,,471097660.0,2.84326,,5.46883,,
XKX,2007,0.72967,,14.57387,3.31603,,959856438.0,4.5634,,23.42564,,
XKX,2008,0.67992,0.30922,14.83336,4.21282,,932825224.0,3.49833,39.22616,23.17465,36.08843,
XKX,2009,0.71696,0.29862,14.38977,4.32365,17.72507,830415016.30264,3.17886,42.60201,10.84241,38.7099,
XKX,2010,0.75431,0.3139,14.36583,3.69562,7.49436,813352079.51442,2.88848,43.31321,13.512,38.68986,
XKX,2011,0.71841,0.32694,13.775,3.49197,7.02819,717327041.2344,2.11884,41.69539,8.80039,38.47633,
XKX,2012,0.77834,0.33613,12.66583,3.6,8.82917,958335407.20902,3.20125,42.41823,7.12343,37.89658,
XKX,2013,0.75295,0.34475,11.82,3.42167,11.42652,956742702.96336,3.14456,47.01665,17.17276,36.69831,
XKX,2014,0.75273,0.35821,10.615,1.11167,8.87149,783153103.76485,2.4017,43.023,-3.91527,37.01186,
XKX,2015,0.9013,0.3641,8.32,0.90417,7.66556,770550134.50756,2.73033,42.78646,5.97416,37.29575,
XKX,2016,0.90342,0.3709,7.4468,1.00906,6.61599,637797614.52744,2.14063,43.78776,8.88432,38.95387,
XKX,2017,0.88521,0.37833,6.8327,1.03513,6.36468,819582674.40987,2.49373,44.23249,6.35627,41.66074,
XKX,2018,0.84677,0.37055,6.65406,1.30987,5.07901,881167306.1734,2.26151,45.53432,8.04565,44.46062,
XKX,2019,0.89322,0.36317,,,,965831893.17993,2.52822,48.46419,12.57095,46.67218,
XKX,2020,0.87748,0.35915,,,,1095367616.61861,3.03386,58.23549,15.31586,51.62434,
XKX,2021,0.84538,0.36041,,,,1244319385.1658,2.37003,55.49218,11.9824,50.78906,
XKX,2022,0.95092,0.36064,,,,1247751320.33903,2.16813,55.43904,11.67815,52.78239,
XKX,2023,0.92471,0.364,,,,1245423955.07842,1.95046,56.69177,11.27594,55.04573,
XKX,2024,0.92437,0.3634,,,,1310096686.95658,1.87548,59.59154,12.39374,60.71283,
YEM,1990,12.01006,6.11409,,,,441445657.76557,,47.10999,,5.21979,
YEM,1991,12.01,6.6234,,,,696933259.80918,,44.03237,11.26508,4.94374,
YEM,1992,12.01,7.3288,,,,337116264.90162,,43.45363,20.85085,4.65483,
YEM,1993,12.01,8.33148,,,,164809060.44831,,47.08093,31.1365,4.8468,
YEM,1994,12.01,9.85275,,,,273977660.9555,,48.38693,32.47915,4.20277,
YEM,1995,40.83917,14.06483,,,,638374456.98707,,47.35436,50.71959,4.60481,
YEM,1996,94.15667,18.89063,31.45,23.75,-3.8898,1035696160.45853,,35.75514,8.05542,3.01453,
YEM,1997,129.28083,21.03849,22.51667,14.91667,8.14382,1217640805.57102,,33.34671,11.18649,3.88826,
YEM,1998,135.88167,19.06895,18.125,11.33333,28.87716,1009918206.02901,,38.37227,11.80564,5.34938,
YEM,1999,155.71833,25.09448,24.08333,18.25,-7.02646,1485966624.72841,,31.52557,13.78748,5.24651,
YEM,2000,161.71833,30.26744,19.54167,14.0,-3.08432,2913976400.77575,,30.149,25.2523,4.86063,
YEM,2001,168.67167,30.41441,17.5,13.0,14.35723,3671925615.7976,,33.57108,18.7625,5.73477,
YEM,2002,175.625,32.55812,17.70833,13.0,8.2755,4427672645.30584,,34.91099,17.49967,5.80129,
YEM,2003,183.44833,35.40545,18.0,13.0,6.40951,5007811167.81285,,36.3075,19.65005,6.3664,
YEM,2004,184.77583,39.34433,18.5,13.0,3.84414,5686685058.21904,,35.06082,14.57277,7.16254,
YEM,2005,191.50917,45.21836,18.0,13.0,-0.44996,6141048031.6436,9.51486,32.04612,14.39945,6.93931,
YEM,2006,197.04917,49.82636,18.0,13.0,3.88362,7543297619.00255,9.70024,34.48199,26.09762,6.91322,
YEM,2007,198.95333,53.79417,18.0,13.0,6.41341,7757119856.4048,8.39172,35.20698,16.9995,8.18408,
YEM,2008,199.76417,63.53213,18.0,13.0,-1.97524,8154861549.00909,7.03102,31.94936,13.22407,7.70492,
YEM,2009,202.84667,57.64593,18.0,10.66667,29.25171,6989929590.72352,7.43905,38.00892,12.80892,7.73548,
YEM,2010,219.59,70.40482,23.83333,18.66667,0.17463,5938628775.49031,5.69994,31.90976,11.77346,6.28934,
YEM,2011,213.8,81.47676,25.0,20.0,5.83026,4525488820.12166,4.14596,31.0765,0.40348,5.06873,
YEM,2012,214.34917,88.79299,24.5,19.5,17.57133,6150781007.79467,4.8538,34.96871,22.00727,4.6454,
YEM,2013,214.89,93.63132,22.08333,15.25,11.78875,5344296754.57831,4.3487,34.74094,13.73101,5.63672,
YEM,2014,214.89,,,,,4357504076.77657,3.07503,,,,
YEM,2015,230.83333,,,,,1442757093.53636,2.09465,,,,
YEM,2016,283.89583,,,,,877442199.45339,1.2191,,,,
YEM,2017,282.195,,,,,920558927.72289,,,,,
YEM,2018,214.89,,,,,2983208349.3994,,,,,
YEM,2019,486.73092,,,,,1653643445.98599,,,,,
YEM,2020,743.00596,,,,,969612981.56771,,,,,
YEM,2021,1028.10775,,,,,1687999721.249,,,,,
YEM,2022,1115.00239,,,,,1250826378.53556,,,,,
YEM,2023,1355.11638,,,,,,,,,,
ZAF,1960,0.71429,,6.20833,,,272204000.0,1.44738,,,,
ZAF,1961,0.71429,,6.83333,,5.20015,394839500.0,2.21924,,,,
ZAF,1962,0.71429,,6.20833,,6.01327,647247500.0,3.60718,,,,
ZAF,1963,0.71429,,5.5,,2.42327,774940000.0,3.61587,,,,
ZAF,1964,0.71429,,5.79167,,3.66788,706829200.0,2.7303,,,,
ZAF,1965,0.71429,,6.91667,,3.80007,600866800.0,2.0373,51.08088,,58.71666,
ZAF,1966,0.71429,,7.5,,3.24621,834478000.0,2.94228,51.1521,8.89292,57.40272,
ZAF,1967,0.71429,,8.25,,4.23188,781748000.0,2.38714,49.29652,7.29039,56.83656,
ZAF,1968,0.71429,,8.33333,,4.24491,1716029000.0,5.17734,51.72907,13.57925,54.80134,
ZAF,1969,0.71429,,8.0,,0.57112,1404632000.0,3.70909,51.39004,11.71395,56.18902,
ZAF,1970,0.71429,,8.16667,,3.32039,1056681100.0,2.35805,51.0316,9.41687,57.63823,
ZAF,1971,0.71522,,8.83333,,2.72683,777286708.50436,1.5511,50.0872,8.43316,58.1241,
ZAF,1972,0.76873,,8.79167,,-1.74296,1772585939.93695,3.76472,52.37424,17.69311,57.20869,
ZAF,1973,0.69396,,8.0,,-7.79258,2580499567.19208,3.9626,52.46913,22.70413,57.94372,
ZAF,1974,0.67948,,10.16667,,-4.05072,3780673386.48813,3.86454,50.24055,16.65944,55.01493,
ZAF,1975,0.73951,,11.79167,,0.76332,2978267497.01579,2.73297,53.185,19.43818,56.6902,56.16984
ZAF,1976,0.86957,,12.25,,1.7753,2132510126.08571,2.10762,51.32214,8.82339,54.73269,47.87458
ZAF,1977,0.86957,,12.5,,2.03482,2019343736.22277,2.02922,51.27207,10.04541,53.87482,53.09284
ZAF,1978,0.86957,,12.125,,1.45166,2635700791.12426,2.26325,52.23928,15.99998,53.40694,59.96195
ZAF,1979,0.84202,,10.0,,-3.47638,5569820236.37346,3.85095,51.62509,16.89083,52.06801,70.53507
ZAF,1980,0.77883,,9.5,,-11.00901,7888263456.5095,3.63231,48.34255,22.85075,50.0853,62.44134
ZAF,1981,0.87758,,14.0,,2.32803,4358999340.92142,1.78823,48.27096,17.20487,53.92212,80.36835
ZAF,1982,1.08582,,19.33333,,4.17243,3944050948.78197,1.96433,48.01492,13.50916,55.29482,90.62203
ZAF,1983,1.1141,,16.66667,,-0.34377,3794711938.28386,2.09303,47.56365,13.82741,58.84009,86.02144
ZAF,1984,1.47528,,22.33333,,10.06094,2510957151.89413,1.38657,48.77962,19.80474,61.75957,62.9059
ZAF,1985,2.22867,,21.5,,4.61122,1897240193.32162,1.37432,48.73022,14.621,65.19769,86.0029
ZAF,1986,2.28503,,14.33333,,-1.99177,2254162463.93404,1.47473,45.43781,8.79447,64.85738,139.93886
ZAF,1987,2.03603,,12.5,,-2.04447,3462962833.44919,1.89332,46.31455,19.52327,65.22541,143.7689
ZAF,1988,2.27347,,15.33333,,-0.07581,2203670970.54945,1.04768,48.9128,27.01572,66.75335,121.3628
ZAF,1989,2.62268,,19.83333,,2.35022,2194854121.48133,1.0503,49.19189,20.56956,69.14079,134.59558
ZAF,1990,2.58732,1.25844,21.0,,4.81142,2582983157.87227,1.19465,47.81357,11.85418,71.9382,108.58448
ZAF,1991,2.76132,1.40783,20.3125,,4.02749,3186551430.11629,1.5243,48.91386,17.11123,,136.61217
ZAF,1992,2.85201,1.579,18.90583,,3.65414,3207728532.39078,1.45376,44.81761,2.86121,90.98308,111.62908
ZAF,1993,3.26774,1.74267,16.15833,,2.46469,2879214919.10976,1.30157,41.51655,6.30978,95.82826,147.49
ZAF,1994,3.5508,1.87366,15.58333,,5.25547,3294868535.33399,1.30339,43.34456,18.31603,101.0586,169.05663
ZAF,1995,3.62709,2.03408,17.89583,,6.3674,4463556727.10403,1.4327,44.01102,16.03137,105.00708,161.52087
ZAF,1996,4.29935,2.15776,19.52083,,10.64481,2341014432.71495,0.74918,44.64067,14.27894,105.54387,147.98986
ZAF,1997,4.60796,2.29379,20.0,,10.9699,5957312964.3435,1.81152,47.40251,17.81321,102.36546,136.13594
ZAF,1998,5.52828,2.45148,21.79167,,12.69103,5508053230.71678,1.76143,49.60069,13.65295,103.71894,110.16621
ZAF,1999,6.10948,2.58379,18.0,,10.39507,7496680479.60889,2.54962,50.25918,10.90725,118.1744,171.42592
ZAF,2000,6.93983,2.75855,14.5,,4.87058,7702061131.77162,2.38389,47.36436,7.21506,117.09537,134.6274
ZAF,2001,8.60918,2.90825,13.77083,8.99,5.53834,7626856919.15025,2.45317,51.41957,20.18988,121.06975,108.89141
ZAF,2002,10.54075,3.2228,15.75,10.77417,2.85419,7816784858.41019,2.50169,52.11745,18.28619,97.31737,140.98833
ZAF,2003,7.56475,3.36254,14.95833,9.76083,8.04785,8154089032.58033,1.92765,53.93369,13.3506,102.7677,132.34679
ZAF,2004,6.45969,3.47233,11.29167,6.55417,4.95038,14886243628.19431,2.68936,55.04332,13.153,112.82091,172.98974
ZAF,2005,6.35933,3.55521,10.625,6.04333,4.76149,20624460695.2026,3.16114,59.76094,20.69745,122.28317,190.16014
ZAF,2006,6.77155,3.65801,11.16667,7.14167,4.8103,25593361431.16389,3.23728,65.42431,22.62301,139.00737,234.06681
ZAF,2007,7.04537,3.8552,13.16667,9.155,4.54605,32919403650.56398,3.46398,71.09368,23.93114,142.42205,248.64672
ZAF,2008,8.26122,4.07925,15.125,11.6125,6.74515,34070371606.95934,3.32808,73.29521,14.73821,125.95588,152.68973
ZAF,2009,8.47367,4.40546,11.70833,8.53667,2.80251,39602644576.47555,5.12662,69.71194,1.76109,121.09455,242.30899
ZAF,2010,7.32122,4.61931,9.83333,6.465,3.49096,43819545749.02377,4.5406,68.16896,6.93403,124.0939,221.63089
ZAF,2011,7.26113,4.77663,9.0,5.6725,3.2793,48748260246.03807,4.1918,67.82973,8.34128,118.97068,172.20384
ZAF,2012,8.20997,5.10604,8.75,5.43667,3.88287,50688078405.02972,4.33172,66.55027,5.17173,125.16779,208.95996
ZAF,2013,9.65506,5.29206,8.5,5.1525,2.50925,49708174893.5691,4.30464,64.98076,5.91659,127.02927,235.18209
ZAF,2014,10.85266,5.56609,9.125,5.80083,3.56703,49121568380.48536,4.42516,65.23814,7.27949,128.83837,244.99829
ZAF,2015,12.75893,5.81718,9.41667,6.15333,3.66774,45887065756.72488,4.72421,67.30188,10.32365,127.20324,212.26547
ZAF,2016,14.70961,6.14842,10.45833,7.17167,3.27825,47180127300.85646,5.43701,66.31202,6.07945,124.3605,293.99349
ZAF,2017,13.3238,6.41334,10.375,7.24583,4.64732,50722891363.23612,5.22546,66.14477,6.42554,127.03028,322.71098
ZAF,2018,13.23393,6.85542,10.08333,6.99833,5.85618,51642041966.67352,4.81246,66.13686,5.59962,118.38086,213.52369
ZAF,2019,14.44843,7.06522,10.125,7.00833,5.26842,55055893656.86704,5.4069,66.90916,6.11025,117.18556,271.32288
ZAF,2020,16.45911,7.24892,7.70833,4.88083,2.19841,55008491995.55677,7.12354,74.03883,9.42733,109.05469,311.12647
ZAF,2021,14.77868,7.37614,7.04167,3.815,0.59509,57597149617.25168,5.56291,70.14475,5.70999,93.19639,272.15256
ZAF,2022,16.35585,7.24611,8.79167,5.06667,3.37388,60553113006.25437,4.91388,70.94853,8.63773,91.56973,287.4778
ZAF,2023,18.45024,7.32472,11.5,6.65167,6.47207,62491675820.31288,5.33075,72.311,7.59374,89.7118,268.93486
ZAF,2024,18.32866,7.43191,11.625,7.92,7.41754,65434957159.22649,5.67103,73.85896,6.70915,89.44764,245.72097
ZMB,1960,0.71429,,,,,,,,,,
ZMB,1961,0.71429,,,,,,,,,,
ZMB,1962,0.71429,,,,,,,,,,
ZMB,1963,0.71429,,,,,,,,,,
ZMB,1964,0.71429,,,,,,,,,,
ZMB,1965,0.71429,,,,,203871760.0,,14.18602,,,
ZMB,1966,0.71429,,,,,217613970.0,,16.41921,35.13438,,
ZMB,1967,0.71429,,,,,187327600.0,,17.6911,16.58523,,
ZMB,1968,0.71429,,,,,201207700.0,,19.45734,29.1069,,
ZMB,1969,0.71429,,,,,369381600.0,,20.46076,28.72165,,
ZMB,1970,0.71429,,,,,514838710.0,,27.82891,26.29467,,
ZMB,1971,0.71429,,,,,285818117.73649,,26.97265,-10.41989,,
ZMB,1972,0.00071,,,,,171375429.13001,,25.50131,7.08276,,
ZMB,1973,0.00065,,,,,207974126.90756,,25.86802,20.44388,,
ZMB,1974,0.00064,,,,,195695676.00551,,23.52517,7.2637,,
ZMB,1975,0.00064,,,,,165564753.4106,,31.42439,12.04811,,
ZMB,1976,0.0007,,,,,115298691.78034,,32.42732,26.27699,,
ZMB,1977,0.00079,,,,,94022882.2674,,35.17368,12.06294,,
ZMB,1978,0.0008,,8.25,6.25,-3.93276,96515885.11398,0.97515,28.40938,-8.48445,,
ZMB,1979,0.00079,,9.08333,6.75,-10.50606,191063141.6337,1.64639,31.27951,30.14498,,
ZMB,1980,0.00079,,9.5,7.0,-2.02475,206121500.0,1.2452,29.60896,9.00548,,
ZMB,1981,0.00087,,9.5,6.16667,2.18497,142426331.64289,0.96029,28.08085,7.89659,,
ZMB,1982,0.00093,,9.5,6.0,3.16699,157342358.09625,1.16875,36.4156,33.77029,,
ZMB,1983,0.00126,,13.0,7.0,-4.74532,137306439.11953,1.28114,34.77829,11.06741,,
ZMB,1984,0.00181,,14.54167,7.70833,-3.20251,54826402.0957,0.60365,34.55182,17.16467,,
ZMB,1985,0.00314,,18.6025,15.33333,-15.96661,201091984.18278,1.94794,29.72058,23.36376,,
ZMB,1986,0.00779,,27.395,17.74167,-29.99827,71497163.93405,0.80169,31.33316,93.25153,,
ZMB,1987,0.00952,,21.19583,13.23417,-25.19371,110764773.22135,1.16882,29.05579,54.25725,,
ZMB,1988,0.00827,,18.39,11.44,-11.97135,139360163.91584,1.0583,32.85134,61.6092,,
ZMB,1989,0.01381,,18.39,11.44,-34.5468,123043283.2812,0.85526,30.31377,65.19731,,
ZMB,1990,0.03029,0.00957,35.10417,25.65417,-34.53904,201213453.14478,1.03359,21.82495,47.87864,,
ZMB,1991,0.06464,0.01783,43.0,31.5,-25.77389,192407808.61978,1.27479,22.36006,97.3068,,
ZMB,1992,0.17221,0.04628,54.56667,48.5,-41.79024,,,,,,
ZMB,1993,0.45276,0.11016,113.30833,88.13333,-12.45597,192326097.61092,,14.07167,,,
ZMB,1994,0.66937,0.19495,70.55833,46.14167,-5.63447,268127772.14114,,13.56341,59.18717,,
ZMB,1995,0.86412,0.24939,45.53333,30.24167,11.42491,222702264.27323,,15.69054,55.47283,,11.24145
ZMB,1996,1.2079,0.30454,53.78333,42.125,23.67049,222709084.9889,,16.03824,35.00891,,6.03382
ZMB,1997,1.3145,0.37543,46.69167,34.475,16.97663,239085489.88602,1.75669,15.40678,25.05971,,11.66015
ZMB,1998,1.86207,0.43402,31.8,13.08333,12.73931,69382429.82759,0.55244,16.61841,25.61432,,8.07945
ZMB,1999,2.38802,0.50468,40.51667,20.26667,19.1588,45429575.75649,0.4028,17.19558,27.69361,,8.03517
ZMB,2000,3.11084,0.65444,38.8,20.24167,4.66477,244824131.79694,1.87435,21.68603,73.76266,,
ZMB,2001,3.61094,0.80216,46.23333,23.40833,16.67746,183446871.74821,1.20672,17.86098,8.71328,,7.32701
ZMB,2002,4.3986,0.94305,45.19802,23.325,21.61562,535132846.10198,3.40597,18.34709,28.16651,,
ZMB,2003,4.73327,1.08763,40.57103,21.95,19.52534,247729406.93573,1.49119,18.23069,24.9776,,15.41555
ZMB,2004,4.77888,1.26798,30.7271,11.51023,9.19693,337106225.04939,1.56694,18.77431,31.95664,,26.52228
ZMB,2005,4.465,1.43413,28.20917,11.18917,9.90909,559788508.27545,2.11194,15.4971,3.25497,,30.20594
ZMB,2006,3.60167,1.59355,23.15333,10.325,7.51782,719716911.58329,1.99159,18.06159,44.04809,,23.14488
ZMB,2007,4.00167,1.75275,18.89083,9.21667,5.24087,1089952022.63547,2.192,18.48367,25.26646,,
ZMB,2008,3.745,1.90259,19.06417,6.55083,7.6138,1095608609.0688,1.92837,19.10174,23.22862,,
ZMB,2009,5.045,1.99605,22.0625,7.09,15.63363,1892077713.20001,5.03509,17.83737,7.66123,,
ZMB,2010,4.7975,2.24721,20.91667,7.4,6.11294,2093753266.11924,3.60505,18.42963,29.85908,,
ZMB,2011,4.86167,2.44635,18.83667,7.02417,6.95656,2324018126.65836,3.1999,19.12202,21.70198,13.69296,13.57432
ZMB,2012,5.1475,2.64835,12.15083,7.0,4.82148,3042223849.42812,3.80157,19.57691,17.85943,15.85902,
ZMB,2013,5.39648,2.82615,9.52083,6.49083,-0.19143,2683813403.45786,2.64629,20.51279,20.79158,15.81697,
ZMB,2014,6.15417,3.05394,11.57333,7.87667,5.81637,3078362296.84348,3.14074,20.92698,12.61809,17.08812,
ZMB,2015,8.63167,3.35056,13.25,8.99333,6.17922,2967626716.43206,3.85993,25.77265,35.19247,19.76483,
ZMB,2016,10.3075,3.8559,15.5,10.78417,1.69393,2352719004.10271,3.26165,20.62357,-5.70227,15.44212,
ZMB,2017,9.5175,4.16286,12.375,8.8875,2.09149,2082083919.53427,2.51169,21.96325,21.35615,14.90601,
ZMB,2018,10.45833,4.44763,9.79167,6.8,2.21587,1569229906.13102,1.77174,22.89349,16.47801,14.97372,
ZMB,2019,12.89,4.82785,10.29167,8.28583,2.46967,1448624290.19899,2.04879,23.5981,12.54522,15.62619,
ZMB,2020,18.34409,5.52911,9.47917,8.71593,-3.89303,1203448374.22209,2.16264,31.20596,46.44355,15.16355,14.97698
ZMB,2021,20.01849,6.44129,,,,2753875454.2912,3.51108,24.33118,3.65703,11.3595,18.25984
ZMB,2022,16.93759,6.38181,,,,2967565317.1942,3.05351,27.12712,24.50389,12.97509,13.8433
ZMB,2023,20.21202,6.59719,,,,3173177777.1366,3.02004,29.94854,24.57996,15.62631,12.53258
ZMB,2024,26.16642,7.36968,,,,4089834507.97439,3.29291,31.00251,22.96143,17.00738,30.68835
ZWE,1960,0.00071,,,,,,,,,,
ZWE,1961,0.00071,,,,,,,,,,
ZWE,1962,0.00071,,,,,,,,,,
ZWE,1963,0.00071,,,,,,,,,,
ZWE,1964,0.00071,,,,,,,,,,
ZWE,1965,0.00071,,,,,,,,,,
ZWE,1966,0.00071,,,,,87074890.0,,,,,
ZWE,1967,0.00071,,,,,89052800.0,,,,,
ZWE,1968,0.00071,,,,,37213800.0,,,,,
ZWE,1969,0.00071,,,,,56120400.0,,,,,
ZWE,1970,0.00071,,,,,59433760.0,,,,,
ZWE,1971,0.00071,,,,,41695710.0,,,,,
ZWE,1972,0.00066,,,,,97094800.0,,,,,
ZWE,1973,0.00059,,,,,208907500.0,,,,,
ZWE,1974,0.00058,,,,,164413000.0,,,,,
ZWE,1975,0.00057,,,,,129177750.0,,,,,
ZWE,1976,0.00063,,,,,112348750.0,,,,,
ZWE,1977,0.00063,,,,,97632400.0,1.16855,,,,
ZWE,1978,0.00067,,,,,184406000.0,2.26292,,,,
ZWE,1979,0.00068,,,,,432020000.0,4.04339,12.87504,,0.00773,
ZWE,1980,0.00065,,,3.52083,,419235500.0,2.65832,18.11385,81.48815,,
ZWE,1981,0.00069,,,7.45833,,354712719.59201,1.86757,17.46767,15.67201,1.63143,
ZWE,1982,0.00076,,,14.45833,,320466114.81686,1.74969,20.45037,24.79634,0.69089,
ZWE,1983,0.00101,,,12.79583,,300443309.69631,2.0563,21.60669,-3.94196,3.99206,
ZWE,1984,0.00126,,,10.30417,,259960292.48895,2.05767,29.04854,9.99325,10.48468,
ZWE,1985,0.00162,,,10.04167,,345468089.63093,2.68084,38.54178,17.74875,11.99342,
ZWE,1986,0.00167,,,10.27917,,316314907.28047,2.44684,36.42125,4.22516,12.13666,
ZWE,1987,0.00166,,,9.57667,,370440188.79258,2.69844,42.70002,27.11415,15.70637,
ZWE,1988,0.00181,,,9.67917,,340678140.93808,2.26307,44.49387,20.79555,19.42472,
ZWE,1989,0.00212,,,8.85167,,274210790.23313,1.63772,52.14014,24.25585,25.07506,
ZWE,1990,0.00245,0.0003,,8.8025,,295117984.59262,1.55026,23.13715,-52.96088,12.37787,
ZWE,1991,0.00363,0.00027,,14.195,,295014164.64833,1.38924,17.02879,-27.59241,15.28017,
ZWE,1992,0.0051,0.00023,,28.625,,404469001.80469,1.76997,16.51789,-24.21541,18.70296,
ZWE,1993,0.00649,0.00021,,29.44583,,628149929.64839,3.2279,22.90712,34.82615,21.80452,21.89501
ZWE,1994,0.00816,0.0002,,26.75083,,585403253.9748,2.47953,23.41422,7.30321,21.22154,24.44211
ZWE,1995,0.00868,0.0002,,25.91833,,887899728.60354,,26.78763,18.07077,24.78967,29.93816
ZWE,1996,0.01001,0.00022,,21.57917,,834393882.51907,,25.7279,15.51601,21.54413,42.45469
ZWE,1997,0.01213,0.00021,,18.59833,,383550560.36396,,30.08297,16.6063,26.58077,22.60558
ZWE,1998,0.02371,0.00015,,29.05917,,309771240.50669,,22.81284,-43.08299,24.81537,14.92666
ZWE,1999,0.03834,0.00016,,38.50667,,480423302.14482,,17.88745,-16.00526,16.16162,35.86228
ZWE,2000,0.04447,0.00016,,50.16667,,321301858.31021,,26.71103,45.66668,21.5629,
ZWE,2001,0.05511,0.00015,,13.94792,,119459329.27326,,48.60039,84.32734,27.72455,
ZWE,2002,0.0551,0.00015,,18.375,,131685657.80258,,151.55143,191.80405,84.81337,
ZWE,2003,0.69822,0.00016,,35.91667,,136092039.39678,,70.19067,-58.17238,53.16831,
ZWE,2004,5.07442,0.00017,,103.20833,,234290933.91147,,31.37968,-54.68515,17.04797,
ZWE,2005,22.38904,0.00018,,91.075,,97191584.48389,,45.39995,43.42784,14.94855,
ZWE,2006,164.54736,0.00017,,203.375,,154593586.73479,,,,,
ZWE,2007,9686.77167,0.00016,,121.5,,163198334.2105,,,,,
ZWE,2008,6723052073.33811,0.00016,,129.0,,81875982.83728,,,,,
ZWE,2009,,0.0002,,,,821891029.98835,2.61353,14.28178,,7.15909,
ZWE,2010,,0.00021,,,,731779021.64673,1.33181,18.46542,61.07299,13.54369,
ZWE,2011,,0.00021,,,,660229297.31973,0.83151,20.68611,31.1928,18.9834,
ZWE,2012,,0.00022,11.59667,,7.27465,575552811.0738,0.79539,21.72819,27.47967,20.14072,
ZWE,2013,,0.00022,9.74,,0.33731,474968710.14602,0.65624,20.3655,4.55132,18.73193,
ZWE,2014,,0.00021,9.4675,,9.74402,363832802.38328,0.52843,22.45196,12.58116,19.21035,
ZWE,2015,,0.00021,8.54177,6.70453,7.88649,434586085.85293,0.6876,23.72452,8.20189,18.31574,
ZWE,2016,,0.0002,7.11333,4.09083,4.84677,407193244.09874,0.74171,27.43855,19.04805,17.0985,
ZWE,2017,,0.00025,6.91417,3.27417,-64.05699,292621249.11164,0.53102,12.21124,38.64649,5.81005,
ZWE,2018,,0.00071,7.13167,2.5325,3.45482,86951094.02948,0.13106,14.37927,28.04846,5.83027,
ZWE,2019,,0.00204,16.18167,2.975,-76.63158,151240506.88999,0.3155,10.80197,249.83528,3.42802,
ZWE,2020,51.32901,0.01264,33.00833,4.51833,-80.61026,33405021.01344,0.06276,10.00246,485.54705,3.64213,
ZWE,2021,88.55245,0.02436,45.47667,8.05917,-30.3182,838780244.642,1.14822,10.24,131.82948,4.75952,
ZWE,2022,374.95436,0.08516,131.81333,34.72,-38.09365,598621573.62706,0.70432,12.67311,391.88394,5.82632,
ZWE,2023,3509.17222,0.7139,170.29383,62.82083,-68.87727,115529709.8591,0.12914,11.20461,708.9286,6.4777,
ZWE,2024,3266.33191,8.34539,68.88583,17.93333,-85.89381,484972804.72655,0.51938,,,,
