country_id,year,cow_imports_musd_current,cow_exports_musd_current
AFG,1919,,
AFG,1920,9.770000457763672,11.5600004196167
AFG,1921,8.420000076293945,9.460000038146973
AFG,1922,8.539999961853027,5.880000114440918
AFG,1923,9.609999656677246,9.760000228881836
AFG,1924,10.35000038146973,6.539999961853027
AFG,1925,11.6899995803833,7.730000019073486
AFG,1926,13.02999973297119,8.920000076293945
AFG,1927,14.36999988555908,10.10999965667725
AFG,1928,15.71000003814697,11.30000019073486
AFG,1929,17.04000091552734,12.48999977111816
AFG,1930,18.3799991607666,13.68000030517578
AFG,1931,19.71999931335449,14.86999988555908
AFG,1932,21.05999946594238,16.05999946594238
AFG,1933,22.39999961853027,17.25
AFG,1934,23.73999977111816,18.44000053405762
AFG,1935,10.0,11.0
AFG,1936,26.42000007629395,20.81999969482422
AFG,1937,27.76000022888184,22.01000022888184
AFG,1938,29.10000038146973,23.20000076293945
AFG,1939,30.43000030517578,24.38999938964844
AFG,1940,,
AFG,1941,,
AFG,1942,,
AFG,1943,,
AFG,1944,,
AFG,1945,,
AFG,1946,47.90000152587891,49.29999923706055
AFG,1947,52.79999923706055,49.70000076293945
AFG,1948,57.70000076293945,49.29999923706055
AFG,1949,58.59000015258789,48.90000152587891
AFG,1950,59.4900016784668,48.5
AFG,1951,60.38000106811523,48.11000061035156
AFG,1952,61.27999877929688,47.70999908447266
AFG,1953,62.16999816894531,47.31999969482422
AFG,1954,63.06999969482422,46.91999816894531
AFG,1955,63.95999908447266,46.52000045776367
AFG,1956,64.86000061035156,46.13000106811523
AFG,1957,65.75,45.72999954223633
AFG,1958,72.80000305175781,46.40000152587891
AFG,1959,80.9000015258789,60.29999923706055
AFG,1960,58.45000076293945,49.9
AFG,1961,54.36000061035156,53.4
AFG,1962,50.27000045776367,58.9
AFG,1963,46.18000030517578,70.1
AFG,1964,140.4,69.6
AFG,1965,129.3,69.5
AFG,1966,69.22000122070312,71.6
AFG,1967,138.364,66.407
AFG,1968,124.434,71.817
AFG,1969,123.524,81.884
AFG,1970,109.525,84.591
AFG,1971,145.386,99.9
AFG,1972,159.0,124.419
AFG,1973,129.79,159.016
AFG,1974,242.531,230.55
AFG,1975,338.402,224.861
AFG,1976,314.12,297.146
AFG,1977,458.652,313.137
AFG,1978,450.516,269.156
AFG,1979,551.216,435.015
AFG,1980,494.754,670.474
AFG,1981,541.516,638.117
AFG,1982,321.964390847052,200.898367850328
AFG,1983,372.558763206536,195.405822592023
AFG,1984,392.126599147887,175.990774862473
AFG,1985,395.903908729522,203.069731643595
AFG,1986,596.9789962592,166.305851947019
AFG,1987,681.225629090448,336.18345093868
AFG,1988,524.499078027528,175.081535947609
AFG,1989,425.807715987379,174.740857446675
AFG,1990,479.278490000663,131.088402304205
AFG,1991,443.105907968783,189.029326711641
AFG,1992,398.244445096848,181.319022489673
AFG,1993,464.757256902533,688.112731565031
AFG,1994,390.842287771235,104.603806854626
AFG,1995,387.414266858782,165.995634585392
AFG,1996,660.796276373919,128.048776967045
AFG,1997,604.313059036211,144.654658853577
AFG,1998,462.49259125921,151.181189317813
AFG,1999,490.307256310941,122.752138313703
AFG,2000,620.850628492849,142.242353930314
AFG,2001,556.112757301163,84.1837943716415
AFG,2002,1034.68004838961,87.98056142144691
AFG,2003,1609.7163688315,208.452653718795
AFG,2004,1963.94214057099,182.538075657107
AFG,2005,3088.05058677164,236.103245138486
AFG,2006,3855.77578796044,230.568693570664
AFG,2007,4924.71104186373,340.929268601472
AFG,2008,6174.5219425799,478.734623464148
AFG,2009,6947.93875758768,445.875057933512
AFG,2010,8651.43732699236,500.520155183099
AFG,2011,10591.0817395318,464.792419264424
AFG,2012,7884.89480905129,469.213750991363
AFG,2013,8454.33045933135,600.022887452681
AFG,2014,7990.76108128741,659.409795964928
AGO,1960,127.5,123.3
AGO,1961,113.6,133.7
AGO,1962,135.1,147.7
AGO,1963,146.6,163.5
AGO,1964,163.8,204.1
AGO,1965,194.7,198.0
AGO,1966,208.4,220.3
AGO,1967,274.5,236.5
AGO,1968,308.2,268.1
AGO,1969,328.402,326.937
AGO,1970,368.594,423.413
AGO,1971,421.881,408.004
AGO,1972,392.259,478.64
AGO,1973,542.722,802.065
AGO,1974,625.125,1229.332
AGO,1975,,
AGO,1976,,
AGO,1977,720.0,800.0
AGO,1978,893.719970703125,977.6099853515625
AGO,1979,1123.390014648438,1101.650024414063
AGO,1980,1340.97998046875,1901.650024414063
AGO,1981,1598.2208,1355.401258837378
AGO,1982,975.0922504565875,1270.07636363636
AGO,1983,800.6981629300423,1741.332033031781
AGO,1984,1012.897682663997,1918.295809011182
AGO,1985,1425.713902952911,2177.073072564191
AGO,1986,1057.641662078143,1555.47968030446
AGO,1987,1204.755665938842,2219.862523276733
AGO,1988,1396.32285509875,2487.618433266004
AGO,1989,1468.58380955474,2880.98030549747
AGO,1990,1722.85701259066,3748.110047974058
AGO,1991,1846.69806643221,3097.252127764113
AGO,1992,2632.45737755018,3526.519100835257
AGO,1993,1450.83135213298,2883.58414955174
AGO,1994,1450.54646825157,2933.67560803977
AGO,1995,1891.13335229813,3411.53684019417
AGO,1996,2078.38433181265,4543.834788421098
AGO,1997,2524.42179775115,4310.24564640662
AGO,1998,2230.34757395817,3477.23798816365
AGO,1999,2238.87355940513,4393.55927802689
AGO,2000,2200.68059036546,7314.90705698466
AGO,2001,3442.91969509233,6170.31287328276
AGO,2002,3056.41657296209,7220.223084189241
AGO,2003,4463.38156662398,8499.48749293776
AGO,2004,7042.021953782361,11694.0550447507
AGO,2005,8214.68849201331,20207.9583501092
AGO,2006,11306.1783033423,29308.374132174
AGO,2007,13108.6776140448,37616.3070562867
AGO,2008,21485.4396774047,62020.721119848
AGO,2009,17480.4886750168,35999.7775263649
AGO,2010,15178.0901968063,48294.4322715808
AGO,2011,17257.1883897933,59837.3930041993
AGO,2012,20957.5158497786,65805.5276827009
AGO,2013,22245.7012341841,63153.9086308811
AGO,2014,27773.8711954453,58730.4740812471
ALB,1914,,
ALB,1915,,
ALB,1916,,
ALB,1917,,
ALB,1918,,
ALB,1919,1.5,0.2000000029802322
ALB,1920,3.384748935699463,0.2938224077224731
ALB,1921,3.474903583526611,0.3861003816127777
ALB,1922,2.316602230072022,0.5791505575180054
ALB,1923,4.440154552459717,1.544401526451111
ALB,1924,3.861003875732422,2.316602230072022
ALB,1925,4.208301067352295,3.305598497390747
ALB,1926,4.826254844665527,2.316602230072022
ALB,1927,4.826254844665527,2.123552083969116
ALB,1928,6.213592052459717,2.912621259689331
ALB,1929,7.528957366943359,2.895752906799316
ALB,1930,6.401730537414551,2.375384569168091
ALB,1931,5.791505813598633,1.544401526451111
ALB,1932,4.466019630432129,0.9708737730979919
ALB,1933,3.088803052902222,1.158301115036011
ALB,1934,3.603603601455689,1.20120120048523
ALB,1935,5.0,2.0
ALB,1936,5.519480705261231,2.272727251052856
ALB,1937,6.557376861572266,3.278688430786133
ALB,1938,7.213114738464356,2.950819730758667
ALB,1939,8.300000190734863,3.099999904632568
ALB,1944,,
ALB,1945,1.600000023841858,0.4000000059604645
ALB,1946,2.049999952316284,1.909999966621399
ALB,1947,30.27000045776367,4.75
ALB,1948,18.18000030517578,8.329999923706055
ALB,1949,12.89000034332275,5.820000171661377
ALB,1950,22.05999946594238,6.480000019073486
ALB,1951,39.56000137329102,9.149999618530273
ALB,1952,31.79000091552734,13.10000038146973
ALB,1953,40.02999877929688,11.0
ALB,1954,25.82999992370606,10.89999961853027
ALB,1955,42.83000183105469,13.0
ALB,1956,38.81000137329102,19.01000022888184
ALB,1957,53.31000137329102,29.03000068664551
ALB,1958,78.61000061035156,29.20999908447266
ALB,1959,85.29000091552734,34.0099983215332
ALB,1960,,1.61
ALB,1961,,1.44
ALB,1962,,3.56
ALB,1963,,5.5
ALB,1964,,7.52
ALB,1965,,6.67
ALB,1966,,8.95
ALB,1967,,10.58
ALB,1968,,16.681
ALB,1969,,16.172
ALB,1970,,20.4128181818182
ALB,1971,,32.96827272727273
ALB,1972,,33.327
ALB,1973,,48.998
ALB,1974,,84.405
ALB,1975,,94.439
ALB,1976,,77.696
ALB,1977,,108.818
ALB,1978,,97.436
ALB,1979,,221.2979106909091
ALB,1980,,326.938409090909
ALB,1981,253.1066999999999,273.720909090909
ALB,1982,321.1681,253.625068493152
ALB,1983,241.5787000000001,217.500994307954
ALB,1984,251.7931824723161,210.390077888782
ALB,1985,260.9911862349703,198.291667641755
ALB,1986,253.2744151913817,286.069658453277
ALB,1987,245.121285522494,230.130638731724
ALB,1988,317.645286046917,258.293415321002
ALB,1989,387.254088272103,305.2998974868068
ALB,1990,423.135066957518,224.267474907148
ALB,1991,495.887789418239,171.206601319239
ALB,1992,574.458561424158,114.108574907522
ALB,1993,421.13018983466,122.465156154317
ALB,1994,160.575615598689,141.476732307042
ALB,1995,650.632433452899,201.83715849942
ALB,1996,908.5893234937839,210.539981674452
ALB,1997,619.735368552395,141.30093918123
ALB,1998,794.6468245186991,206.488161097588
ALB,1999,899.102879826568,275.349258331029
ALB,2000,1103.51169203412,257.722626700987
ALB,2001,1335.51387877929,307.321172109945
ALB,2002,1501.55057925992,338.843627003467
ALB,2003,1852.32498070337,447.11490313938
ALB,2004,2294.12946694253,604.4103156889021
ALB,2005,2616.06927576187,631.9022904469499
ALB,2006,3008.05761621697,748.519432462379
ALB,2007,4145.66199862315,1018.1592616654
ALB,2008,5243.4122228038,1341.83296230955
ALB,2009,4440.28993091516,1100.40934902324
ALB,2010,4546.82998158117,1554.29298869503
ALB,2011,5318.65257563575,1951.50086464723
ALB,2012,4884.93901802428,1968.91349196374
ALB,2013,4906.1741971262,2298.16411466466
ALB,2014,5220.86492470926,2322.77085717918
AND,1993,,
AND,1994,,
AND,1995,,
AND,1996,,
AND,1997,,
AND,1998,,
AND,1999,,
AND,2000,,
AND,2001,,
AND,2002,,
AND,2003,,
AND,2004,,
AND,2005,,
AND,2006,,
ARE,1960,,2.3
ARE,1961,,3.7
ARE,1962,,18.4
ARE,1963,,52.9
ARE,1964,,94.03
ARE,1965,,103.36
ARE,1966,,99.94
ARE,1967,,91.21
ARE,1968,,242.61
ARE,1969,,277.5
ARE,1970,270.1,333.7
ARE,1971,311.0,504.271
ARE,1972,494.7,888.813
ARE,1973,837.1,1757.065
ARE,1974,1773.9,5867.232
ARE,1975,2745.4,6527.965
ARE,1976,3419.7,8590.7
ARE,1977,5186.1,9637.0
ARE,1978,5376.8,9125.4
ARE,1979,6956.6,13651.6
ARE,1980,8569.9,21618.4
ARE,1981,9366.4,21238.1
ARE,1982,9439.7,16836.8
ARE,1983,8356.0,14672.1404360965
ARE,1984,7043.2,14191.7936484389
ARE,1985,6484.0,14042.9499783016
ARE,1986,6431.0,12377.2476492944
ARE,1987,6901.0,13516.5935106798
ARE,1988,8526.0,13254.8516947253
ARE,1989,9559.0,16475.4202767301
ARE,1990,11472.0,21917.1027648413
ARE,1991,13764.7,23546.0239514316
ARE,1992,17414.0,22729.1312873834
ARE,1993,19520.0,21249.7792517917
ARE,1994,21024.0,21534.197599696
ARE,1995,20984.0,24087.2570478708
ARE,1996,22638.0,27689.5245453869
ARE,1997,22969.5928845102,31261.9460659842
ARE,1998,24728.0,25811.6205133642
ARE,1999,35746.2289842389,28097.7787139556
ARE,2000,25464.14,40807.8062847816
ARE,2001,29607.8,39528.9936784946
ARE,2002,30352.6,38835.1004420242
ARE,2003,38827.0,50678.2065126228
ARE,2004,75738.9642012948,70175.403350516
ARE,2005,108135.325539389,97478.0790094592
ARE,2006,122925.945595592,119594.189427485
ARE,2007,150342.414318357,136754.871664955
ARE,2008,206537.896656312,195799.802244976
ARE,2009,155775.33550918,122071.325047303
ARE,2010,178297.954099538,175984.340191081
ARE,2011,218413.184523908,240403.002516203
ARE,2012,242559.996774546,259154.264183993
ARE,2013,257744.059318061,267254.66826421
ARE,2014,267716.515603852,258263.426268936
ARG,1870,47.57281494140625,29.12621307373047
ARG,1871,44.66019439697266,26.21359252929688
ARG,1872,60.19417572021484,45.63106918334961
ARG,1873,71.5686264038086,46.07843017578125
ARG,1874,56.3106803894043,43.6893196105957
ARG,1875,56.86274337768555,50.98039245605469
ARG,1876,34.95145797729492,46.6019401550293
ARG,1877,38.83495330810547,43.6893196105957
ARG,1878,43.56435775756836,36.63366317749023
ARG,1879,45.93000030517578,48.91999816894531
ARG,1880,45.86000061035156,57.81999969482422
ARG,1881,53.84615325927734,55.76922988891602
ARG,1882,58.65384674072266,57.69230651855469
ARG,1883,79.80000305175781,59.84999847412109
ARG,1884,93.43000030517578,67.58999633789062
ARG,1885,91.44999694824219,83.48999786376953
ARG,1886,89.62264251708984,66.03773498535156
ARG,1887,110.3773574829102,79.24528503417969
ARG,1888,120.7547149658203,94.3396224975586
ARG,1889,155.6603698730469,116.0377349853516
ARG,1890,165.0,88.0
ARG,1891,58.04961776733398,89.2404556274414
ARG,1892,81.64822387695312,101.3873519897461
ARG,1893,77.27659606933594,75.66666412353516
ARG,1894,57.05675506591797,62.57837677001953
ARG,1895,63.80177688598633,80.59171295166016
ARG,1896,75.21893310546875,78.57691955566406
ARG,1897,71.76129150390625,73.95806121826172
ARG,1898,79.63606262207031,99.73114776611328
ARG,1899,84.31428527832031,133.3174591064453
ARG,1900,247.5321502685547,339.5352478027344
ARG,1901,249.7227020263672,368.0123901367188
ARG,1902,225.6266479492188,392.1084594726563
ARG,1903,286.9620361328125,484.1115417480469
ARG,1904,409.6328430175781,578.30517578125
ARG,1905,449.062744140625,707.5476684570312
ARG,1906,591.448486328125,639.640625
ARG,1907,626.497314453125,648.40283203125
ARG,1908,598.0201416015625,801.7413330078125
ARG,1909,663.7366333007812,869.6483764648438
ARG,1910,376.7300109863281,386.3800048828125
ARG,1911,399.1000061035156,337.3099975585938
ARG,1912,439.5299987792969,493.4400024414063
ARG,1913,492.4500122070313,515.2100219726562
ARG,1914,305.4166564941406,381.6666564941406
ARG,1915,305.7268676757813,582.8193969726562
ARG,1916,366.5198364257813,573.5682983398438
ARG,1917,380.6167297363281,550.6607666015625
ARG,1918,501.3215942382813,802.6431884765625
ARG,1919,665.1785888671875,1045.982177734375
ARG,1920,838.219970703125,933.8099975585938
ARG,1921,541.989990234375,485.2900085449219
ARG,1922,564.9199829101562,553.75
ARG,1923,679.530029296875,603.5700073242188
ARG,1924,644.5,786.5800170898438
ARG,1925,801.263671875,793.1144409179688
ARG,1926,757.3499755859375,729.4400024414062
ARG,1927,824.5599975585938,971.3400268554688
ARG,1928,805.9299926757812,1016.929992675781
ARG,1929,819.5,907.2999877929688
ARG,1930,622.27197265625,518.5599975585938
ARG,1931,344.6864013671875,427.4815979003906
ARG,1932,215.1027984619141,331.4024047851563
ARG,1933,285.2933959960938,356.1600036621094
ARG,1934,362.8590087890625,470.7360229492188
ARG,1935,340.0,501.0
ARG,1936,363.552001953125,538.8359985351562
ARG,1937,511.6799926757813,757.6799926757812
ARG,1938,443.0,438.0
ARG,1939,409.17431640625,481.0397644042969
ARG,1940,343.0205993652344,326.7734680175781
ARG,1941,301.1792602539063,345.5188598632813
ARG,1942,301.1820373535156,422.9314270019531
ARG,1943,232.0196990966797,539.9014892578125
ARG,1944,253.0150756835938,592.96484375
ARG,1945,289.9497375488281,627.63818359375
ARG,1946,551.3002319335938,939.2434692382812
ARG,1947,1264.5390625,1301.41845703125
ARG,1948,1590.0,1629.900024414063
ARG,1949,1097.399536132813,879.1962280273438
ARG,1950,791.6256103515625,891.1329956054688
ARG,1951,1398.933349609375,895.066650390625
ARG,1952,1195.0,709.5999755859375
ARG,1953,826.0,1165.699951171875
ARG,1954,922.0,1079.900024414063
ARG,1955,1145.0,927.5999755859375
ARG,1956,1094.0,941.2999877929688
ARG,1957,1243.0,969.7999877929688
ARG,1958,1232.0,993.5999755859375
ARG,1959,975.0,1008.900024414063
ARG,1960,1227.3,1079.1
ARG,1961,1460.4,964.2
ARG,1962,1347.1,1216.8
ARG,1963,970.6,1364.4
ARG,1964,1056.7,1409.3
ARG,1965,1178.7,1492.1
ARG,1966,1124.6,1593.1
ARG,1967,1095.6,1464.7
ARG,1968,1169.6,1365.85
ARG,1969,1576.15,1611.53
ARG,1970,1684.65,1772.95
ARG,1971,1869.42,1740.45
ARG,1972,1904.53,1940.99
ARG,1973,2241.34,3268.65
ARG,1974,3635.18,3930.72
ARG,1975,3958.15,2960.95
ARG,1976,3032.82,3915.79
ARG,1977,4162.61,5651.81
ARG,1978,3833.92,6401.67
ARG,1979,6710.57,7809.46
ARG,1980,10540.9,8024.92
ARG,1981,9432.18,9139.45
ARG,1982,5340.99,7622.64
ARG,1983,4504.0,7835.71
ARG,1984,4584.63,8107.42
ARG,1985,3814.21,8396.05
ARG,1986,4724.04,6851.89
ARG,1987,5818.86,6360.11
ARG,1988,5319.52,9136.55
ARG,1989,4200.385247,9560.6568811
ARG,1990,4078.479,12352.267
ARG,1991,8275.273,11972.928
ARG,1992,14862.39,12228.938
ARG,1993,16772.938,13112.255
ARG,1994,22363.696103354,16396.8071961319
ARG,1995,19221.01148,20362.982
ARG,1996,24427.616534,24216.992938
ARG,1997,30284.808496,25371.852253
ARG,1998,31999.262796,26281.771808
ARG,1999,25517.783785,22884.32259
ARG,2000,25280.487,26341.031
ARG,2001,20319.579185,26542.726339
ARG,2002,8989.545353,25709.371025
ARG,2003,13850.774136,29938.752615
ARG,2004,22445.281395,34575.733702
ARG,2005,28686.89303,40386.767021
ARG,2006,34153.686487,46546.209021
ARG,2007,44707.463393,55980.308862
ARG,2008,57462.45235,70018.839438
ARG,2009,38780.915076,55669.042908
ARG,2010,56185.963201,67428.606318
ARG,2011,73437.75187,82131.270414
ARG,2012,68514.43812,78590.951307
ARG,2013,74002.707017,74297.396879
ARG,2014,67007.7641925487,69543.854696332
ARM,1991,,
ARM,1992,51.17653492071531,6.584860343110322
ARM,1993,258.5061,171.261633333333
ARM,1994,395.5767,241.7115
ARM,1995,695.9766,356.9278
ARM,1996,861.5083,290.3146
ARM,1997,891.350569472331,232.811878798894
ARM,1998,902.3887,220.516
ARM,1999,842.738,231.6692
ARM,2000,884.7331,300.4875
ARM,2001,876.813554,341.632144
ARM,2002,986.761783,504.473099
ARM,2003,1279.490183,685.599234
ARM,2004,1350.697571,722.911484
ARM,2005,1801.735859,973.920525
ARM,2006,2191.19022,985.108176
ARM,2007,3267.7880955,1152.300778
ARM,2008,4426.1286135412,1057.1614332994
ARM,2009,3304.15478,697.78961
ARM,2010,3748.94750735,1041.04677344
ARM,2011,4144.59926982,1334.33881
ARM,2012,4264.832091,1428.124301
ARM,2013,4476.797896,1480.030529
ARM,2014,4401.599931,1519.286858
ATG,1960,,
ATG,1961,,
ATG,1962,,
ATG,1963,,
ATG,1964,,
ATG,1965,,
ATG,1966,,
ATG,1967,,
ATG,1968,,
ATG,1969,,
ATG,1970,,
ATG,1971,,
ATG,1972,,
ATG,1973,,
ATG,1974,,
ATG,1975,,
ATG,1976,,6.298
ATG,1977,,8.847
ATG,1978,,5.615
ATG,1979,,1.66
ATG,1980,,6.214407407506448
ATG,1981,,10.13744444447572
ATG,1982,,14.81603703711372
ATG,1983,,12.68859846574549
ATG,1984,,6.16290222230538
ATG,1985,,8.08724074615423
ATG,1986,,5.745914275783926
ATG,1987,,12.95099483853008
ATG,1988,,34.24457825963868
ATG,1989,,39.14323680440994
ATG,1990,,36.49568676325093
ATG,1991,,28.36436856400154
ATG,1992,,33.29721579986359
ATG,1993,,30.7783507367211
ATG,1994,,36.0954331577681
ATG,1995,,52.168143965658
ATG,1996,,75.92684832691211
ATG,1997,,95.11010437135779
ATG,1998,,35.6758312952546
ATG,1999,,28.5438680464331
ATG,2000,,134.857562801894
ATG,2001,,338.68468887538
ATG,2002,,759.341137827466
ATG,2003,,403.4357135123011
ATG,2004,,236.732745519889
ATG,2005,,185.774940930974
ATG,2006,,357.265143954541
ATG,2007,,294.670080592545
ATG,2008,,246.44198044487
ATG,2009,,130.822271849909
ATG,2010,,98.1042641361171
ATG,2011,,92.7816291129492
ATG,2012,,89.1647336542494
ATG,2013,,124.522979168523
ATG,2014,,112.400103311008
AUS,1920,819.0050048828125,660.7899780273438
AUS,1921,390.7147216796875,451.914306640625
AUS,1922,543.3738403320312,459.7353515625
AUS,1923,646.3654174804688,516.6527099609375
AUS,1924,648.6463623046875,691.1755981445312
AUS,1925,676.8926391601562,616.5386962890625
AUS,1926,797.9082641601562,626.2389526367188
AUS,1927,712.9382934570312,646.441650390625
AUS,1928,694.0245361328125,652.1256713867188
AUS,1929,629.7353515625,456.2726440429688
AUS,1930,618.8178100585938,590.4750366210938
AUS,1931,267.077392578125,392.0007019042969
AUS,1932,173.2006225585938,293.8496398925781
AUS,1933,206.9942779541016,390.1982116699219
AUS,1934,304.3057861328125,427.5685424804688
AUS,1935,382.0,453.0
AUS,1936,359.777099609375,579.5225830078125
AUS,1937,440.8984069824219,547.2825927734375
AUS,1938,394.8585510253906,475.2194213867188
AUS,1939,450.0,426.0
AUS,1940,439.6666564941406,499.0
AUS,1941,399.6774291992188,435.4838562011719
AUS,1942,613.8709716796875,515.48388671875
AUS,1943,787.741943359375,405.1612854003906
AUS,1944,783.225830078125,473.2257995605469
AUS,1945,689.0322875976562,500.9677429199219
AUS,1946,573.225830078125,635.1613159179688
AUS,1947,672.258056640625,996.774169921875
AUS,1948,1340.0,1626.0
AUS,1949,1489.0,1554.0
AUS,1950,1504.0,1625.0
AUS,1951,2212.0,1986.0
AUS,1952,1860.0,1664.0
AUS,1953,1380.0,1958.0
AUS,1954,1779.0,1602.0
AUS,1955,2045.0,1699.0
AUS,1956,1819.0,1822.0
AUS,1957,1788.0,2146.0
AUS,1958,1901.0,1618.0
AUS,1959,1994.0,1969.0
AUS,1960,2524.06,2022.9
AUS,1961,2249.06,2338.5
AUS,1962,2438.37,2322.9
AUS,1963,2681.36,2774.3
AUS,1964,3210.13,2977.3
AUS,1965,3649.25,2927.5
AUS,1966,3565.1,3169.5
AUS,1967,3855.28,3493.4
AUS,1968,4302.54,3521.0
AUS,1969,4463.48,4221.82
AUS,1970,4993.58,4781.36
AUS,1971,5143.94,5229.16
AUS,1972,5056.55,6513.33
AUS,1973,7575.52,9581.94
AUS,1974,12316.85,11092.56
AUS,1975,11018.78,11906.33
AUS,1976,12299.69,13162.03
AUS,1977,13498.71,13371.98
AUS,1978,15552.66,14432.21
AUS,1979,18296.81,18684.36
AUS,1980,22400.11,22055.64
AUS,1981,26175.66,21818.01
AUS,1982,26519.87,22092.27
AUS,1983,21383.07,20665.75
AUS,1984,25784.31,23892.38
AUS,1985,25865.42,22625.81
AUS,1986,26237.2,22552.59
AUS,1987,29717.81,26550.38
AUS,1988,36670.98,32764.43
AUS,1989,45035.0034565878,37208.0772871401
AUS,1990,43051.5423235958,38985.6340127781
AUS,1991,42630.2878522555,41910.1659986
AUS,1992,44815.930983906,42491.8373722697
AUS,1993,46720.8927610489,42565.0496141733
AUS,1994,55089.8298938081,47484.4217710746
AUS,1995,63229.7773740251,53015.3231857753
AUS,1996,67716.45330272,60310.0631894102
AUS,1997,67974.4789808947,63145.770394226
AUS,1998,66851.5634143478,56006.1316395667
AUS,1999,71931.8512125916,56244.2058129525
AUS,2000,74275.2041879343,63520.8153950513
AUS,2001,66856.8151526047,63411.5592141492
AUS,2002,76513.73290857319,65222.1834086538
AUS,2003,93208.2588835005,70904.7063254042
AUS,2004,114097.430102395,86163.4250324494
AUS,2005,130949.452905754,105059.108263991
AUS,2006,146125.803936918,121847.335400904
AUS,2007,173545.541877114,141483.539329472
AUS,2008,210133.91203476,185608.424526724
AUS,2009,174961.168041377,153636.523204157
AUS,2010,212476.149513288,211647.219317405
AUS,2011,257976.410452174,270805.266416437
AUS,2012,275778.721635474,257496.341880909
AUS,2013,256061.634467432,253547.126923993
AUS,2014,250538.025252079,240639.209719757
AUT,1870,436.0,395.5
AUT,1871,412.9771118164063,356.8702392578125
AUT,1872,599.0244140625,378.5365905761719
AUT,1873,568.780517578125,413.1707458496094
AUT,1874,271.1700134277344,210.7100067138672
AUT,1875,471.673828125,472.9613647460938
AUT,1876,218.3500061035156,269.6300048828125
AUT,1877,218.7599945068359,301.9700012207031
AUT,1878,222.4900054931641,296.5700073242188
AUT,1879,216.2299957275391,283.1799926757813
AUT,1880,253.3500061035156,279.1799926757813
AUT,1881,261.2300109863281,297.7000122070313
AUT,1882,265.5899963378906,313.9400024414063
AUT,1883,250.5800018310547,300.3500061035156
AUT,1884,243.8200073242188,275.2099914550781
AUT,1885,226.7886199951172,273.2113952636719
AUT,1886,411.4503784179688,533.2061157226562
AUT,1887,427.443603515625,506.0150451660156
AUT,1888,399.2509460449219,546.0674438476562
AUT,1889,232.8853759765625,302.8458557128906
AUT,1890,204.2799987792969,308.5599975585938
AUT,1891,256.5560302734375,326.8049926757813
AUT,1892,127.2210922241211,146.7748413085938
AUT,1893,138.5801239013672,162.1095275878906
AUT,1894,138.9423065185547,142.6538391113281
AUT,1895,137.3151702880859,150.5836639404297
AUT,1896,280.1587219238281,307.1428527832031
AUT,1897,300.3976135253906,304.5725708007813
AUT,1898,325.3968200683594,320.4364929199219
AUT,1899,317.3569946289063,367.2583923339844
AUT,1900,165.6640625,189.6484375
AUT,1901,327.3267211914063,373.267333984375
AUT,1902,343.3133850097656,382.0359191894531
AUT,1903,374.6506958007813,425.1496887207031
AUT,1904,412.0724487304688,420.3219299316406
AUT,1905,436.10546875,454.3610534667969
AUT,1906,473.8866271972656,481.7813720703125
AUT,1907,505.4545593261719,496.3636474609375
AUT,1908,484.4444580078125,455.5555419921875
AUT,1909,556.9979858398438,470.3854064941406
AUT,1910,594.3400268554688,503.875
AUT,1911,643.5484008789062,484.6774291992188
AUT,1912,717.1370849609375,551.2096557617188
AUT,1913,684.1365356445312,556.2249145507812
AUT,1914,,
AUT,1915,,
AUT,1916,,
AUT,1917,,
AUT,1918,,
AUT,1919,309.4700012207031,160.1000061035156
AUT,1920,344.6499938964844,488.7900085449219
AUT,1921,344.1799926757813,183.1799926757813
AUT,1922,355.7999877929688,233.6100006103516
AUT,1923,389.0499877929688,227.3000030517578
AUT,1924,469.2200012207031,256.1400146484375
AUT,1925,396.6900024414063,266.1300048828125
AUT,1926,389.1762084960938,239.6121063232422
AUT,1927,433.9456176757813,286.6688232421875
AUT,1928,454.4610290527344,309.5400085449219
AUT,1929,459.1041259765625,307.9923095703125
AUT,1930,379.7492980957031,260.4356994628906
AUT,1931,303.1882934570313,181.1272888183594
AUT,1932,178.9512023925781,98.78520202636719
AUT,1933,163.4752044677734,110.3600006103516
AUT,1934,212.7284851074219,158.1164855957031
AUT,1935,227.0,169.0
AUT,1936,235.8111877441406,179.7375946044922
AUT,1937,272.7703857421875,228.3091888427734
AUT,1938,289.0,178.0
AUT,1955,877.0,695.0
AUT,1956,964.0,845.0
AUT,1957,1129.551513671875,979.5170288085938
AUT,1958,1074.612060546875,918.7640380859375
AUT,1959,1145.760009765625,968.698486328125
AUT,1960,1408.8,1118.9
AUT,1961,1477.0,1200.0
AUT,1962,1544.5,1261.3
AUT,1963,1665.4,1322.3
AUT,1964,1851.3,1438.9
AUT,1965,2094.2,1595.6
AUT,1966,2326.4,1682.6
AUT,1967,2309.4,1809.8
AUT,1968,2497.2,1989.9
AUT,1969,2825.3,2411.9
AUT,1970,3543.8,2848.8
AUT,1971,4187.1,3163.5
AUT,1972,5205.0,3874.4
AUT,1973,7109.8,5278.0
AUT,1974,9020.5,7153.0
AUT,1975,9389.4,7513.4
AUT,1976,11517.8,8498.4
AUT,1977,14206.0,9802.3
AUT,1978,16007.6,12196.0
AUT,1979,20244.0,15469.8
AUT,1980,24433.3,17482.2
AUT,1981,21029.3,15832.3
AUT,1982,19490.1,15633.6
AUT,1983,19402.1,15423.3
AUT,1984,19651.1,15738.1
AUT,1985,20967.3,17231.0
AUT,1986,26822.9,22473.1
AUT,1987,32720.1,27167.5
AUT,1988,36561.6196312394,31034.7959128581
AUT,1989,38901.7216416407,32446.818502469
AUT,1990,49288.2397750503,41390.7811837055
AUT,1991,50826.6327621401,41114.65855530561
AUT,1992,54164.4801968935,44405.4099573315
AUT,1993,48029.2199345314,39657.6473666754
AUT,1994,55334.1196809483,45026.3730511942
AUT,1995,66264.02451025171,57535.2062421293
AUT,1996,67326.7133343393,57826.0361784273
AUT,1997,64180.443483698,58688.2715732841
AUT,1998,66976.3171699183,61425.7250570072
AUT,1999,71258.348634115,65954.494922702
AUT,2000,72117.061197224,67455.796831284
AUT,2001,74647.7105,70743.2512
AUT,2002,78076.0982,78515.0456
AUT,2003,99540.2484,97180.188
AUT,2004,119923.7478,118319.7538
AUT,2005,127150.6474,125012.7932
AUT,2006,137319.9553,136865.7334
AUT,2007,163246.5026,163804.0974
AUT,2008,184500.5344,181736.4085
AUT,2009,143115.8945,137086.8035
AUT,2010,157436.81,148635.105
AUT,2011,188796.2739,171783.2863
AUT,2012,175919.0749,161244.2921
AUT,2013,180335.8033,168809.122
AUT,2014,179122.0062,171076.2029
AZE,1991,,
AZE,1992,997.924010201012,1571.24905959905
AZE,1993,635.497663833993,993.135859656707
AZE,1994,777.86218,637.45352
AZE,1995,667.64879,547.1378
AZE,1996,960.6366,631.2453
AZE,1997,791.4942,781.3103
AZE,1998,1076.4975,607.0509
AZE,1999,1035.6637,929.2278
AZE,2000,1171.87221,1745.36259
AZE,2001,1431.09986,2314.91282
AZE,2002,1665.47828,2166.7195
AZE,2003,2625.70828,2590.10242
AZE,2004,3515.93034,3612.379
AZE,2005,4211.2201,4347.1514
AZE,2006,5266.730564,6372.087496
AZE,2007,5713.743272,6058.12462
AZE,2008,7169.682896,47756.039788
AZE,2009,6122.895504,14701.358896
AZE,2010,6600.401136,21360.207
AZE,2011,9755.91,26570.898
AZE,2012,9652.8555,23907.9838
AZE,2013,10711.6938,23975.4166
AZE,2014,13844.8195882766,22607.1968202345
BDI,1960,,
BDI,1961,,
BDI,1962,,10.0
BDI,1963,,0.1
BDI,1964,,34.7
BDI,1965,,34.0
BDI,1966,,22.1
BDI,1967,,29.1
BDI,1968,,28.6
BDI,1969,21.7,11.7
BDI,1970,22.3,24.3
BDI,1971,29.9,18.5
BDI,1972,31.3,26.0
BDI,1973,31.2,29.8
BDI,1974,43.119,29.509
BDI,1975,61.659,31.917
BDI,1976,58.283,62.839
BDI,1977,72.584,89.008
BDI,1978,98.211,69.362
BDI,1979,152.815,104.002
BDI,1980,167.316,63.506
BDI,1981,161.371,71.369
BDI,1982,214.439,87.584
BDI,1983,187.579,77.133
BDI,1984,185.694,98.807
BDI,1985,189.707,111.739
BDI,1986,204.799,169.1
BDI,1987,219.124,87.49
BDI,1988,205.7373838099649,101.22
BDI,1989,181.495610804936,77.5487394957984
BDI,1990,234.616228683764,74.6463980458039
BDI,1991,247.6955463140397,91.9908674834757
BDI,1992,223.5244122450289,73.7138906847088
BDI,1993,197.127440481094,61.8630035423017
BDI,1994,233.271289118651,118.870034136447
BDI,1995,233.026435642573,104.030509594307
BDI,1996,124.995265568572,37.30478728089491
BDI,1997,122.74716147022,87.31127356493653
BDI,1998,156.954360445098,63.95039073622929
BDI,1999,117.656515470778,54.9584118886547
BDI,2000,147.166955643334,48.8751267499838
BDI,2001,138.80151460021,38.5114366285838
BDI,2002,130.056736933241,31.0159825416623
BDI,2003,156.788900999427,37.52812603498919
BDI,2004,175.860841129985,48.4862385321101
BDI,2005,265.28731267903,60.8019492521955
BDI,2006,430.172231984738,58.6764509104581
BDI,2007,319.909325123361,58.8362914957643
BDI,2008,402.9566448252051,69.64817276004369
BDI,2009,402.24116405808,68.4140182832444
BDI,2010,508.854071168085,101.236375159287
BDI,2011,755.588493399803,123.982004747279
BDI,2012,751.5073641393941,134.698677518155
BDI,2013,640.31093998567,100.386388391701
BDI,2014,679.6887186679539,83.6040936050261
BDN,1870,,
BDN,1871,,
BEL,1870,175.7633514404297,131.6793823242188
BEL,1871,244.6360168457031,170.3065185546875
BEL,1872,242.5047454833984,199.4307403564453
BEL,1873,274.5799865722656,223.6000061035156
BEL,1874,249.4400024414063,215.1199951171875
BEL,1875,252.2700042724609,212.6399993896484
BEL,1876,279.5700073242188,205.3000030517578
BEL,1877,275.25,208.8000030517578
BEL,1878,284.239990234375,214.6799926757813
BEL,1879,294.4599914550781,229.7400054931641
BEL,1880,324.4100036621094,234.8300018310547
BEL,1881,314.5599975585938,251.4100036621094
BEL,1882,310.25,255.8999938964844
BEL,1883,299.6400146484375,259.2200012207031
BEL,1884,275.1600036621094,258.1300048828125
BEL,1885,259.9800109863281,231.6000061035156
BEL,1886,254.77099609375,225.5725250244141
BEL,1887,268.6679077148438,232.8330230712891
BEL,1888,290.5303039550781,235.6060638427734
BEL,1889,294.139892578125,275.8034057617188
BEL,1890,315.0943298339844,281.132080078125
BEL,1891,338.9830627441406,286.0640258789063
BEL,1892,293.8814392089844,261.7590942382813
BEL,1893,302.8846130371094,260.7692260742188
BEL,1894,301.147216796875,249.3307800292969
BEL,1895,324.3243103027344,268.3397827148438
BEL,1896,341.7307739257813,282.3076782226563
BEL,1897,356.7619018554688,309.7142944335938
BEL,1898,388.0455322265625,339.0891723632813
BEL,1899,427.2211608886719,368.4309997558594
BEL,1900,416.5103149414063,360.2251281738281
BEL,1901,422.2433471679688,347.5285034179688
BEL,1902,455.2581176757813,368.2600402832031
BEL,1903,506.8702392578125,402.6717529296875
BEL,1904,533.97314453125,419.0019226074219
BEL,1905,594.9612426757812,451.5503845214844
BEL,1906,669.3798217773438,541.4728393554688
BEL,1907,728.5714111328125,450.5791625976563
BEL,1908,646.0194091796875,553.0097045898438
BEL,1909,717.8294677734375,544.5736694335938
BEL,1910,715.6672973632812,543.5203247070312
BEL,1911,867.1153564453125,688.4615478515625
BEL,1912,953.4615478515625,760.0
BEL,1913,968.2861938476562,517.6975708007812
BEL,1914,460.6300048828125,370.7950134277344
BEL,1915,,
BEL,1916,,
BEL,1917,,
BEL,1918,,
BEL,1919,1021.869995117188,448.1199951171875
BEL,1920,952.0224609375,653.8696899414062
BEL,1921,759.3334350585938,541.5407104492188
BEL,1922,709.0558471679688,478.9526672363281
BEL,1923,689.1674194335938,507.546630859375
BEL,1924,822.5094604492188,643.862548828125
BEL,1925,850.7793579101562,704.5181884765625
BEL,1926,753.0751342773438,653.0264282226562
BEL,1927,4054.91162109375,3715.0888671875
BEL,1928,4465.36767578125,4311.322265625
BEL,1929,4956.17578125,4435.29296875
BEL,1930,4330.97998046875,3675.0751953125
BEL,1931,3338.811767578125,3228.497802734375
BEL,1932,2273.903564453125,2104.157470703125
BEL,1933,2728.4443359375,2557.502685546875
BEL,1934,3265.258544921875,3212.397705078125
BEL,1935,625.0,572.0
BEL,1936,3672.119384765625,3340.212646484375
BEL,1937,4707.11328125,4306.134765625
BEL,1938,765.0,724.0
BEL,1939,3270.25146484375,3681.434326171875
BEL,1940,1399.199951171875,1824.412231445313
BEL,1945,313.8426513671875,90.90079498291016
BEL,1946,1297.240600585938,679.498291015625
BEL,1947,1939.639404296875,1406.3212890625
BEL,1948,1983.0,1666.0
BEL,1949,1797.0,1763.0
BEL,1950,1942.0,1640.0
BEL,1951,2520.0,2617.0
BEL,1952,2445.0,2435.0
BEL,1953,2409.0,2237.0
BEL,1954,2531.0,2278.0
BEL,1955,2824.0,2747.0
BEL,1956,3254.0,3130.0
BEL,1957,3412.0,3154.0
BEL,1958,3099.0,3019.0
BEL,1959,3416.0,3279.0
BEL,1960,3730.514892578125,3567.30908203125
BEL,1961,3992.885986328125,3717.4951171875
BEL,1962,4312.88916015625,4102.4267578125
BEL,1963,4833.990234375,4589.9501953125
BEL,1964,5590.3759765625,5288.89306640625
BEL,1965,6055.2421875,6063.2412109375
BEL,1966,6830.56005859375,6510.43408203125
BEL,1967,6854.875,6721.10693359375
BEL,1968,8018.77490234375,7804.53515625
BEL,1969,9553.6279296875,9617.681640625
BEL,1970,10850.4599609375,11027.669921875
BEL,1971,12295.669921875,12125.759765625
BEL,1972,14769.580078125,15401.1201171875
BEL,1973,20962.25,21318.55078125
BEL,1974,28358.830078125,26876.490234375
BEL,1975,29314.390625,27556.380859375
BEL,1976,33850.91015625,31416.0703125
BEL,1977,38731.05078125,35961.859375
BEL,1978,46677.0703125,43086.890625
BEL,1979,58303.78125,54270.4609375
BEL,1980,68763.796875,61882.91015625
BEL,1981,59362.3203125,53191.73828125
BEL,1982,55451.5703125,50000.28125
BEL,1983,52385.26953125,49489.140625
BEL,1984,52697.66015625,49325.98046875
BEL,1985,53531.171875,51108.6796875
BEL,1986,65171.80859375,65358.62109375
BEL,1987,79111.8984375,78831.3515625
BEL,1988,87322.28125,87258.03125
BEL,1989,92760.1328125,94205.7734375
BEL,1990,112703.1015625,110873.1015625
BEL,1991,113388.703125,110836.703125
BEL,1992,117052.0,115782.5
BEL,1993,106378.0,113604.8984375
BEL,1994,123731.3984375,136397.796875
BEL,1995,147928.40625,165025.796875
BEL,1996,149683.90625,163030.09375
BEL,1997,157292.098278921,171958.292468221
BEL,1998,163275.66994439,178468.85779472
BEL,1999,157842.418977678,174570.35733356
BEL,2000,175125.517662571,186607.92
BEL,2001,178452.82,188072.33
BEL,2002,197512.52,213506.941415607
BEL,2003,224951.429445344,250251.172893324
BEL,2004,285951.788357243,307907.780552034
BEL,2005,318590.363059352,334279.7465
BEL,2006,351569.0789,366756.649
BEL,2007,412010.4901,431117.3238
BEL,2008,467378.3076,473341.3277
BEL,2009,353368.3873,371145.495
BEL,2010,388519.1124,398410.0638
BEL,2011,463451.9653,461829.8289
BEL,2012,435963.3107,431445.2524
BEL,2013,447494.4449,452380.2633
BEL,2014,446609.84,455669.8235
BEN,1960,1.9,0.5
BEN,1961,28.1,15.3
BEN,1962,23.8,10.2
BEN,1963,33.1,12.4
BEN,1964,30.9,13.1
BEN,1965,34.1,13.7
BEN,1966,33.433,10.681
BEN,1967,44.264,15.598
BEN,1968,50.815,22.402
BEN,1969,55.814,27.16
BEN,1970,63.574,32.627
BEN,1971,77.103,42.055
BEN,1972,93.333,36.48
BEN,1973,111.615,43.98
BEN,1974,146.25,34.029
BEN,1975,196.245,31.681
BEN,1976,210.704,37.883
BEN,1977,267.446,41.181
BEN,1978,310.692,27.209
BEN,1979,319.957,45.942
BEN,1980,329.884,62.809
BEN,1981,541.065,31.281
BEN,1982,474.241,24.042
BEN,1983,316.85340857717,70.4607807844172
BEN,1984,300.571266068698,166.995182398709
BEN,1985,339.163460013019,150.9678388685856
BEN,1986,383.0125455553939,103.992270773199
BEN,1987,346.6413414946934,113.557331706607
BEN,1988,326.533414098118,70.4877038413169
BEN,1989,207.307164809559,77.0446340663804
BEN,1990,265.156466845109,122.139047155562
BEN,1991,241.246340764548,45.88348935240029
BEN,1992,441.881635717167,64.69888319019229
BEN,1993,345.206887137448,137.08430978038
BEN,1994,351.7581654490201,153.2742800373808
BEN,1995,637.39040703546,173.463233593607
BEN,1996,559.1936398692679,261.914894140143
BEN,1997,602.869662960838,184.785070529472
BEN,1998,639.520917242263,232.401538414818
BEN,1999,843.2285722665071,207.115770313324
BEN,2000,562.7100856672159,195.65761242727
BEN,2001,622.2603415395221,591.385962283521
BEN,2002,720.8827715955749,241.716531106266
BEN,2003,886.1886486254961,271.586922485542
BEN,2004,897.206470312025,290.088298205303
BEN,2005,892.9522262404049,300.932988813979
BEN,2006,3647.56885810607,381.895067056038
BEN,2007,5136.51524430566,441.586110667883
BEN,2008,6998.50908588215,637.6131000680509
BEN,2009,6023.59440288867,414.014037286608
BEN,2010,7131.78534190643,704.871729167054
BEN,2011,10300.5262250012,863.710985417776
BEN,2012,7173.47664839913,951.554581854065
BEN,2013,8790.44906421855,884.05641876424
BEN,2014,9531.8635895643,882.018297399705
BFA,1960,,0.1
BFA,1961,0.3,3.7
BFA,1962,34.7,7.7
BFA,1963,36.6,9.2
BFA,1964,0.9,4.0
BFA,1965,0.8,14.6
BFA,1966,37.4,15.9
BFA,1967,35.7,17.4
BFA,1968,37.7,20.9
BFA,1969,51.781,21.587
BFA,1970,47.125,18.839
BFA,1971,50.595,15.882
BFA,1972,59.175,20.465
BFA,1973,77.4,25.145
BFA,1974,153.269,36.352
BFA,1975,146.853,43.714
BFA,1976,143.918,53.057
BFA,1977,205.172,54.708
BFA,1978,225.196,42.135
BFA,1979,299.355,76.337
BFA,1980,357.115,90.231
BFA,1981,335.319,73.304
BFA,1982,346.907,55.111
BFA,1983,287.35,56.972
BFA,1984,257.73738699647,79.9401336636799
BFA,1985,324.78207279124,69.3516300369858
BFA,1986,403.266392421893,82.773955008296
BFA,1987,434.464601371164,155.033308608941
BFA,1988,453.098276100852,140.8340129792553
BFA,1989,393.126066949924,94.8850404314429
BFA,1990,535.7856122969,151.625032711847
BFA,1991,533.490520867139,105.959170169588
BFA,1992,499.703233104762,75.68188739757
BFA,1993,430.502978797443,62.5246113749305
BFA,1994,348.875475613041,106.664686615472
BFA,1995,480.846942767004,164.313369825498
BFA,1996,603.065519942756,188.702610534897
BFA,1997,529.87120559882,194.122539860457
BFA,1998,778.15025037567,241.87530725111
BFA,1999,601.892567062129,179.30190491298
BFA,2000,495.238412659007,148.717596080916
BFA,2001,551.655603491216,165.341245829568
BFA,2002,577.090541727593,162.647946425162
BFA,2003,772.994764942605,312.338269043719
BFA,2004,1011.86403732344,390.710269090538
BFA,2005,1100.0467191741,282.180833137347
BFA,2006,1289.9786926588,384.655200592139
BFA,2007,1588.65902595908,421.116186918613
BFA,2008,2016.13042452886,474.487955113255
BFA,2009,1780.37208832213,451.609749491788
BFA,2010,1805.11755174183,615.801447546748
BFA,2011,2200.37263200463,779.856560867483
BFA,2012,2494.49346735951,811.359843025524
BFA,2013,2788.47908553727,684.228069880147
BFA,2014,2695.33322655345,827.3502291282509
BGD,1960,,
BGD,1961,,
BGD,1962,,
BGD,1963,,
BGD,1964,,
BGD,1965,,
BGD,1966,,
BGD,1967,,
BGD,1968,,
BGD,1969,,
BGD,1970,,
BGD,1971,,
BGD,1972,,262.42
BGD,1973,992.96,357.07
BGD,1974,1088.94,346.39
BGD,1975,1319.82,327.1
BGD,1976,940.49,400.42
BGD,1977,1124.85,474.05
BGD,1978,1502.07,513.24
BGD,1979,1927.66,656.06
BGD,1980,2610.56,790.17
BGD,1981,2651.37,791.35
BGD,1982,2418.48,768.06
BGD,1983,2291.08,724.46
BGD,1984,2692.81,931.44
BGD,1985,2526.17,998.89
BGD,1986,2550.35,888.91
BGD,1987,2730.31,1076.8
BGD,1988,3034.05,1291.13
BGD,1989,3617.63675859932,1304.86024790827
BGD,1990,3656.09123724487,1670.50496549827
BGD,1991,3421.02053481919,1687.51092962204
BGD,1992,3730.84074769113,2037.46681501872
BGD,1993,4014.52698235401,2277.30841488413
BGD,1994,4583.95990374867,2649.70802303842
BGD,1995,6496.05074955338,3129.16083593633
BGD,1996,6934.92523067626,3297.1614775924
BGD,1997,6996.10112402082,3627.56389693549
BGD,1998,7370.225603668359,3821.91423278295
BGD,1999,8352.44308152524,4520.113779146201
BGD,2000,9000.776108907601,5589.57755921007
BGD,2001,9011.53135897848,5735.61403465993
BGD,2002,7847.77925050129,5443.255636809769
BGD,2003,9834.92666125519,6229.39032282522
BGD,2004,11590.039918657,7585.60064274064
BGD,2005,13850.9230033277,8494.40160023662
BGD,2006,16095.6289341051,11650.2745578669
BGD,2007,18477.579599994,12691.2648544234
BGD,2008,23841.3402401003,13627.5759050534
BGD,2009,21853.7084036257,14377.4792086832
BGD,2010,27812.8472691289,16496.9513950891
BGD,2011,36192.7203385908,23099.9409326136
BGD,2012,34160.3654356694,22250.7775823471
BGD,2013,37544.0868369128,25912.9576688649
BGD,2014,45610.2794743582,30199.025302175
BGR,1908,25.84493064880371,22.26640129089356
BGR,1909,31.43418502807617,21.80746650695801
BGR,1910,35.46500015258789,25.81999969482422
BGR,1911,39.09626770019531,36.34577560424805
BGR,1912,42.01183319091797,30.76922988891602
BGR,1913,35.58233261108398,35.58233261108398
BGR,1914,48.29999923706055,30.89999961853027
BGR,1915,14.69999980926514,21.89999961853027
BGR,1916,17.0476188659668,18.23809432983398
BGR,1917,32.09523773193359,55.23809432983398
BGR,1918,183.8095245361328,105.2380981445313
BGR,1919,40.58947372436523,23.24210548400879
BGR,1920,36.02281951904297,26.73186683654785
BGR,1921,26.39702033996582,24.84477615356445
BGR,1922,28.66812324523926,41.78241729736328
BGR,1923,36.07727813720703,30.40039253234863
BGR,1924,40.3123893737793,41.7181396484375
BGR,1925,53.1717643737793,45.56536865234375
BGR,1926,43.72812652587891,39.32521438598633
BGR,1927,44.12844848632813,47.71401977539063
BGR,1928,50.76424026489258,44.92429733276367
BGR,1929,60.10830307006836,46.18772506713867
BGR,1930,33.80677795410156,44.63590621948242
BGR,1931,33.35958862304688,42.4889030456543
BGR,1932,24.32412910461426,24.32412910461426
BGR,1933,28.57429695129395,28.57429695129395
BGR,1934,28.87432479858398,32.57517242431641
BGR,1935,37.0,40.0
BGR,1936,37.81351089477539,46.921875
BGR,1937,59.90747833251953,64.5078353881836
BGR,1938,60.0,68.0
BGR,1939,61.79999923706055,72.19999694824219
BGR,1940,83.5999984741211,83.5
BGR,1941,118.6999969482422,109.9000015258789
BGR,1942,151.6000061035156,159.8999938964844
BGR,1943,179.8999938964844,193.6000061035156
BGR,1944,77.0,135.1000061035156
BGR,1945,69.30000305175781,147.5
BGR,1946,60.79999923706055,52.40000152587891
BGR,1947,74.4000015258789,86.0999984741211
BGR,1948,131.6999969482422,126.9000015258789
BGR,1949,116.2600021362305,126.0599975585938
BGR,1950,137.1900024414063,146.0399932861328
BGR,1951,158.1300048828125,166.0299987792969
BGR,1952,118.5897445678711,128.2051239013672
BGR,1953,156.0,160.6666717529297
BGR,1954,155.7823181152344,185.0340118408203
BGR,1955,214.3000030517578,229.1000061035156
BGR,1956,273.1000061035156,339.2999877929688
BGR,1957,298.0,433.0
BGR,1958,429.0,437.0
BGR,1959,678.0,547.0
BGR,1960,740.0,669.0
BGR,1961,779.0,775.0
BGR,1962,918.0,904.0
BGR,1963,1092.0,976.0
BGR,1964,1243.0,1146.0
BGR,1965,1378.0,1376.0
BGR,1966,994.0,1527.0
BGR,1967,1839.0,1706.0
BGR,1968,2085.0,1890.0
BGR,1969,2047.0,2100.0
BGR,1970,2142.0,2345.0
BGR,1971,1240.0,1276.5
BGR,1972,1386.0,1418.5
BGR,1973,1714.589965820313,1730.27001953125
BGR,1974,2543.030029296875,2255.14990234375
BGR,1975,3173.330078125,2752.1201171875
BGR,1976,3294.5400390625,3151.389892578125
BGR,1977,3673.75,3649.68994140625
BGR,1978,4121.75,4030.06005859375
BGR,1979,4462.66015625,4646.5400390625
BGR,1980,5413.66015625,5817.97021484375
BGR,1981,3386.878,2003.26636363637
BGR,1982,2968.20542296965,1839.73101912638
BGR,1983,3082.81212202059,1701.41801746008
BGR,1984,3263.65007567041,1880.19867020975
BGR,1985,4240.95300581347,2560.69229491636
BGR,1986,4452.49303838314,2451.93468172945
BGR,1987,5039.398793940481,2726.23591276875
BGR,1988,5855.87957022179,2948.74435741836
BGR,1989,5144.660768754269,2786.73799205879
BGR,1990,3461.70161403747,2031.60860918444
BGR,1991,2715.05140107595,2051.4291854322
BGR,1992,4348.327,2443.76641021304
BGR,1993,4484.826747437351,2319.32976481187
BGR,1994,4724.05342546438,3399.71176225048
BGR,1995,5469.271,5220.422
BGR,1996,4891.372,4780.667
BGR,1997,3879.562,4313.587
BGR,1998,5044.322,4150.0
BGR,1999,5219.996467800001,3755.121203
BGR,2000,6361.63976,4759.912
BGR,2001,7182.348,5062.133
BGR,2002,7830.489,5630.927
BGR,2003,10681.3165504444,7376.224336117561
BGR,2004,14392.9216393344,9859.86284416721
BGR,2005,18194.6333601173,11734.5640185368
BGR,2006,19559.5510255376,15142.9787867931
BGR,2007,30087.0781,18575.3546
BGR,2008,37032.4363,22493.8733
BGR,2009,23541.08,16370.8872
BGR,2010,25204.3607,20060.9636
BGR,2011,32212.8694,27684.4934
BGR,2012,32375.5923,26211.9116
BGR,2013,34011.2117,29095.5619
BGR,2014,34179.1447,28794.8093
BHR,1960,,
BHR,1961,,
BHR,1962,,
BHR,1963,,
BHR,1964,,
BHR,1965,,
BHR,1966,,
BHR,1967,,
BHR,1968,,
BHR,1969,,
BHR,1970,,
BHR,1971,321.0,255.0
BHR,1972,384.0,295.0
BHR,1973,509.41,450.0
BHR,1974,1131.66,1277.51
BHR,1975,1197.96,1202.84
BHR,1976,1664.05,1516.41
BHR,1977,2031.72,1836.3
BHR,1978,2043.89,1892.0
BHR,1979,2485.01,2470.06
BHR,1980,3483.79,3577.26
BHR,1981,4124.01,4308.89
BHR,1982,3614.13,3741.31
BHR,1983,3341.98,3145.15
BHR,1984,3523.58,3097.49
BHR,1985,3150.79787234042,2786.49878283266
BHR,1986,2405.074,2313.02757587871
BHR,1987,2713.587,2355.28304390508
BHR,1988,2662.383,2417.917
BHR,1989,3133.635,2715.6914893617
BHR,1990,3711.138,3837.937
BHR,1991,4236.50188953343,1892.90236594185
BHR,1992,4556.04926891544,1872.59147577359
BHR,1993,4315.679581802689,2294.35297063677
BHR,1994,3761.75669,3452.131567
BHR,1995,3715.697871,4162.108695
BHR,1996,4092.563808,4601.95228
BHR,1997,4238.11987343237,6229.744111711641
BHR,1998,3469.65841519199,6449.65700948376
BHR,1999,3428.91816539212,6547.51548342395
BHR,2000,3598.32866611757,7724.49903457467
BHR,2001,3609.21842542009,8143.91936672578
BHR,2002,3841.2177944062,8439.17726589753
BHR,2003,4453.7437567262,10260.9891078771
BHR,2004,5140.88769306674,13401.4832443327
BHR,2005,6136.62538144833,15889.0164944304
BHR,2006,7042.15560032657,19756.7363964215
BHR,2007,8516.08569039415,24066.9352342428
BHR,2008,11928.8400096792,28836.0444946129
BHR,2009,9206.711371168421,22806.6523201788
BHR,2010,11607.2372023932,29486.2358904425
BHR,2011,12680.8122866004,33564.9474001786
BHR,2012,13938.9257623881,35388.1435075527
BHR,2013,13679.15544857,36000.2253231006
BHR,2014,14442.1599720944,37010.3353519864
BHS,1960,,
BHS,1961,,
BHS,1962,68.6,8.9
BHS,1963,79.0,9.6
BHS,1964,100.8,15.7
BHS,1965,,18.5
BHS,1966,138.2,21.9
BHS,1967,157.13,31.62
BHS,1968,175.52,50.74
BHS,1969,296.48,53.27
BHS,1970,336.81,86.69
BHS,1971,512.94,265.68
BHS,1972,484.9,343.31
BHS,1973,765.11,529.73
BHS,1974,1908.41,1443.64
BHS,1975,2867.42,2508.33
BHS,1976,3124.44,2992.38
BHS,1977,3348.65,3260.64
BHS,1978,3149.45,3057.44
BHS,1979,3513.83,3784.71
BHS,1980,7546.0,4827.97
BHS,1981,2745.9146,6130.5
BHS,1982,1802.56279348278,4512.67
BHS,1983,3229.5816211131,3968.72
BHS,1984,4097.93000170746,3401.15100141361
BHS,1985,3192.745,2633.248
BHS,1986,3288.154,2701.601
BHS,1987,3040.944,2728.194
BHS,1988,1943.55,2146.072
BHS,1989,3002.203,2785.527
BHS,1990,2312.2657791862,990.320942896589
BHS,1991,2223.71409742826,863.709254506299
BHS,1992,2497.08799605479,1056.99492168283
BHS,1993,3272.73743754473,869.774858685007
BHS,1994,2646.79651133857,581.499401229169
BHS,1995,2189.62160892059,595.908164571843
BHS,1996,3810.53103184229,581.080811064266
BHS,1997,1621.558997,181.377999
BHS,1998,2795.24294766467,542.393947902771
BHS,1999,3206.89088844992,770.691290240183
BHS,2000,3935.05855283927,877.7271683108539
BHS,2001,3415.86216004012,908.466354850351
BHS,2002,5851.70657184225,1220.05111083137
BHS,2003,5575.778983542599,1428.47650103751
BHS,2004,5542.25892146366,1579.20609129179
BHS,2005,9216.88107389319,2260.24020087869
BHS,2006,11043.3354608325,2010.05676883784
BHS,2007,11865.23091435,2113.29893397514
BHS,2008,13917.8855978247,2697.73279330991
BHS,2009,11683.7183724021,2123.72724583448
BHS,2010,13596.7594179011,2538.94493202267
BHS,2011,13543.5353185839,2509.23200404894
BHS,2012,13240.7943196989,2600.13578438494
BHS,2013,11245.559752658,2457.85396646145
BHS,2014,12182.5755965201,3351.08905134155
BIH,1992,,
BIH,1993,424.15658395272,85.23387514872
BIH,1994,775.1327234579379,36.4294653507759
BIH,1995,949.6021227722749,51.579534168515
BIH,1996,1941.38866802358,181.100130978994
BIH,1997,2400.35689495807,380.657705102796
BIH,1998,2548.23738702962,511.135084038246
BIH,1999,2627.23060322201,599.2317895586459
BIH,2000,2669.60067821759,673.948269160634
BIH,2001,2849.32893462733,738.25883553372
BIH,2002,3376.82292219912,840.64542726589
BIH,2003,4001.38750663852,1135.08830463389
BIH,2004,4918.28292604372,1483.26371597896
BIH,2005,5754.12497601644,2174.6286455724
BIH,2006,6072.52572112173,2745.7022776724
BIH,2007,7691.77367072503,3147.49724552226
BIH,2008,9759.566640292169,3583.9230713482
BIH,2009,6746.77894389795,2712.87794807384
BIH,2010,6970.8969700845,3348.32785725694
BIH,2011,8418.083799454951,4230.33597643503
BIH,2012,8057.05366183026,3985.63347604212
BIH,2013,8443.57343935013,4432.23139039069
BIH,2014,8957.79537013944,4690.78205897059
BLR,1991,,
BLR,1992,3402.505,3445.678
BLR,1993,2474.038,1940.355
BLR,1994,2978.314,2458.67
BLR,1995,5504.787,4641.168
BLR,1996,6939.291,5680.6875
BLR,1997,8639.422,7206.6039
BLR,1998,8530.293,7069.725
BLR,1999,6673.7433,5916.0771
BLR,2000,8646.2525,7331.5883
BLR,2001,8292.8934,7457.226
BLR,2002,9092.3411,8020.8067
BLR,2003,11558.0067,9943.2875
BLR,2004,16345.4522999992,13751.6715
BLR,2005,16708.0943,15976.2377
BLR,2006,22340.5941000015,19726.8228000002
BLR,2007,28693.1126000008,24275.2440000005
BLR,2008,39381.2514999985,32570.7805000008
BLR,2009,28563.5756000014,21282.2278000003
BLR,2010,34884.4504000007,25283.4622999996
BLR,2011,45759.0512000018,41418.6695999997
BLR,2012,46404.382200005,46027.5291999999
BLR,2013,43022.5503000042,37132.3006000002
BLR,2014,40787.8698000067,36358.3134999998
BLZ,1960,,7.8
BLZ,1961,,13.0
BLZ,1962,,8.91
BLZ,1963,19.057,12.337
BLZ,1964,20.315,13.35
BLZ,1965,24.888,12.252
BLZ,1966,27.102,13.978
BLZ,1967,25.887,14.3
BLZ,1968,26.523,15.117
BLZ,1969,29.607,16.846
BLZ,1970,33.369,18.798
BLZ,1971,35.27,19.012
BLZ,1972,39.989,18.365
BLZ,1973,43.844,24.349
BLZ,1974,64.579,47.796
BLZ,1975,88.52,67.157
BLZ,1976,72.889,42.463
BLZ,1977,78.641,54.199
BLZ,1978,107.51,104.947
BLZ,1979,130.299,91.937
BLZ,1980,,
BLZ,1981,161.948,82.25454545454546
BLZ,1982,128.0,91.942
BLZ,1983,110.877,77.728
BLZ,1984,129.967,93.212
BLZ,1985,128.108,90.119
BLZ,1986,121.944,92.621
BLZ,1987,142.347,99.391
BLZ,1988,174.4355,111.8465
BLZ,1989,215.323,124.0305
BLZ,1990,210.5685,131.021
BLZ,1991,239.6065,91.365
BLZ,1992,279.571384,112.131441
BLZ,1993,282.606,131.276
BLZ,1994,259.199,142.8205
BLZ,1995,258.51348,161.680575
BLZ,1996,255.7695,167.97
BLZ,1997,285.98,176.3405
BLZ,1998,324.556,165.724
BLZ,1999,366.81,166.3765
BLZ,2000,442.5805,184.0425
BLZ,2001,484.5043065506881,249.483855087819
BLZ,2002,479.288805666802,195.454227333365
BLZ,2003,549.649737494903,289.250686169164
BLZ,2004,552.307007802852,298.308895875056
BLZ,2005,770.058647353656,298.717721827955
BLZ,2006,737.8016758393491,353.470154640415
BLZ,2007,814.2211162360801,393.868398834606
BLZ,2008,1030.18759049826,441.7392669649451
BLZ,2009,817.173569613972,361.638631638175
BLZ,2010,891.05084118515,373.549563634039
BLZ,2011,1101.58245931315,456.026595830065
BLZ,2012,1254.17279301261,482.268957707443
BLZ,2013,1158.24648084611,457.406947393781
BLZ,2014,1187.45392613328,435.07044158853
BOL,1870,6.139999866485596,6.320000171661377
BOL,1871,6.199999809265137,6.380000114440918
BOL,1872,6.269999980926514,6.440000057220459
BOL,1873,6.090000152587891,6.03000020980835
BOL,1874,5.900000095367432,5.619999885559082
BOL,1875,5.71999979019165,5.199999809265137
BOL,1876,5.539999961853027,4.789999961853027
BOL,1877,5.349999904632568,4.380000114440918
BOL,1878,5.449999809265137,5.25
BOL,1879,5.550000190734863,6.130000114440918
BOL,1880,3.5,2.5
BOL,1881,3.5,2.5
BOL,1882,5.840000152587891,8.760000228881836
BOL,1883,6.150000095367432,8.84000015258789
BOL,1884,6.460000038146973,8.90999984741211
BOL,1885,6.0,9.0
BOL,1886,6.0,9.0
BOL,1887,6.0,9.0
BOL,1888,6.0,9.0
BOL,1889,8.176100730895996,16.98113250732422
BOL,1890,8.3100004196167,9.369999885559082
BOL,1891,8.619999885559082,9.449999809265137
BOL,1892,8.930000305175781,9.520000457763672
BOL,1893,9.239999771118164,9.600000381469727
BOL,1894,2.849999904632568,9.899999618530273
BOL,1895,5.940170764923096,8.931623458862305
BOL,1896,5.55555534362793,9.40170955657959
BOL,1897,5.296610355377197,9.322033882141113
BOL,1898,5.021097183227539,11.60337543487549
BOL,1899,5.485231876373291,11.39240550994873
BOL,1900,5.611814498901367,15.06329154968262
BOL,1901,7.456140518188477,16.22806930541992
BOL,1902,5.090909004211426,10.18181800842285
BOL,1903,6.722689151763916,10.50420188903809
BOL,1904,8.89830493927002,13.13559341430664
BOL,1905,8.185080528259277,11.90846729278565
BOL,1906,14.1129035949707,22.58064460754395
BOL,1907,15.13944244384766,19.92031860351563
BOL,1908,14.8014440536499,16.96750831604004
BOL,1909,14.56692886352539,25.19684982299805
BOL,1910,19.52000045776367,30.25
BOL,1911,22.83464622497559,32.67716598510742
BOL,1912,19.76284599304199,35.57312393188477
BOL,1913,21.64545440673828,37.04426956176758
BOL,1914,15.89999961853027,26.29999923706055
BOL,1915,9.050000190734863,38.09999847412109
BOL,1916,11.85714244842529,38.66666793823242
BOL,1917,12.7619047164917,60.0
BOL,1918,12.9523811340332,67.61904907226562
BOL,1919,23.48999977111816,54.66999816894531
BOL,1920,20.74285697937012,49.52984237670898
BOL,1921,16.24713897705078,15.33180809020996
BOL,1922,13.85041522979736,26.3157901763916
BOL,1923,16.15384674072266,27.69230842590332
BOL,1924,19.20731735229492,35.06097412109375
BOL,1925,20.42041969299316,33.33333206176758
BOL,1926,24.2214527130127,39.44636535644531
BOL,1927,22.29729652404785,40.87837982177734
BOL,1928,22.29965209960938,37.97909545898438
BOL,1929,25.26690483093262,43.77224349975586
BOL,1930,20.93862724304199,31.76895332336426
BOL,1931,10.56338024139404,20.0704231262207
BOL,1932,5.612245082855225,11.73469352722168
BOL,1933,14.96350383758545,24.45255470275879
BOL,1934,17.09183692932129,29.59183692932129
BOL,1935,18.0,37.0
BOL,1936,15.0,29.0
BOL,1937,16.0,35.0
BOL,1938,26.0,35.0
BOL,1939,22.89999961853027,43.20000076293945
BOL,1940,20.39999961853027,49.0
BOL,1941,27.70000076293945,60.29999923706055
BOL,1942,33.20000076293945,66.5
BOL,1943,39.20000076293945,81.4000015258789
BOL,1944,37.5,77.4000015258789
BOL,1945,40.40000152587891,80.30000305175781
BOL,1946,51.40000152587891,73.5999984741211
BOL,1947,59.59999847412109,81.4000015258789
BOL,1948,74.91000366210938,112.5999984741211
BOL,1949,84.80999755859375,102.5
BOL,1950,59.90000152587891,93.5
BOL,1951,97.79000091552734,150.1999969482422
BOL,1952,100.6500015258789,141.8000030517578
BOL,1953,73.69999694824219,124.1999969482422
BOL,1954,65.19999694824219,99.30000305175781
BOL,1955,82.30000305175781,102.3000030517578
BOL,1956,84.0999984741211,107.5
BOL,1957,92.19999694824219,97.69999694824219
BOL,1958,69.80000305175781,64.80000305175781
BOL,1959,58.40000152587891,77.30000305175781
BOL,1960,71.1,67.9
BOL,1961,77.6,76.2
BOL,1962,97.9,76.0
BOL,1963,103.8,86.3
BOL,1964,102.9,113.9
BOL,1965,134.1,131.9
BOL,1966,138.5,150.4
BOL,1967,151.2,170.9
BOL,1968,152.849,170.647
BOL,1969,165.005,198.191
BOL,1970,158.529,228.322
BOL,1971,171.283,212.253
BOL,1972,185.381,240.357
BOL,1973,227.361,326.487
BOL,1974,388.789,620.068
BOL,1975,553.816,492.469
BOL,1976,584.35,593.658
BOL,1977,579.286,662.757
BOL,1978,764.247,649.069
BOL,1979,848.466,812.376
BOL,1980,802.081,990.693
BOL,1981,905.185,963.657
BOL,1982,488.806,898.536
BOL,1983,530.738,786.72
BOL,1984,409.044,781.506
BOL,1985,683.314,672.505
BOL,1986,666.569,640.34
BOL,1987,757.494,569.793
BOL,1988,590.592713,600.301628
BOL,1989,619.951005,826.905691
BOL,1990,700.289854,922.94366
BOL,1991,993.78659,652.013506
BOL,1992,1131.941713,797.876643
BOL,1993,1177.65159,803.851799
BOL,1994,1200.53173,1122.709
BOL,1995,1449.069105,1139.067154
BOL,1996,1657.101634,1216.078343
BOL,1997,1934.28045,1272.1
BOL,1998,2461.5982,1324.876
BOL,1999,2107.01465,1405.356
BOL,2000,2023.044518,1475.012
BOL,2001,1709.385108,1352.91084025
BOL,2002,1831.969321,1374.888167
BOL,2003,1692.064741,1676.56123908
BOL,2004,1887.76955979673,2254.37089393
BOL,2005,2343.29346721725,2274.15929421445
BOL,2006,2925.549199,4088.314728
BOL,2007,3587.839525,4795.410514
BOL,2008,5099.781771,6932.920013
BOL,2009,4466.527323,5398.888313
BOL,2010,5393.185092,6951.577478
BOL,2011,7611.461146,9039.737428
BOL,2012,8589.980248,11814.2914159
BOL,2013,9352.247962,12207.56041081
BOL,2014,10560.100408,12881.56612434
BRA,1870,88.52458953857422,91.80327606201172
BRA,1871,81.96721649169922,104.37158203125
BRA,1872,86.88524627685547,117.4863357543945
BRA,1873,84.06593322753906,104.3956069946289
BRA,1874,91.80327606201172,113.6612014770508
BRA,1875,94.5054931640625,101.0988998413086
BRA,1876,85.79235076904297,107.1038284301758
BRA,1877,79.61164855957031,90.291259765625
BRA,1878,79.22705078125,98.55072784423828
BRA,1879,84.05796813964844,107.2463760375977
BRA,1880,86.53845977783203,111.0576934814453
BRA,1881,87.5,100.961540222168
BRA,1882,91.34615325927734,94.71154022216797
BRA,1883,97.59615325927734,104.3269195556641
BRA,1884,71.48594665527344,90.76305389404297
BRA,1885,79.51807403564453,78.3132553100586
BRA,1886,92.0,117.3333358764648
BRA,1887,42.9752082824707,51.65289306640625
BRA,1888,121.3483123779297,133.1460723876953
BRA,1889,121.787712097168,143.0167541503906
BRA,1890,159.4594573974609,176.2162170410156
BRA,1891,128.0,143.5
BRA,1892,160.762939453125,213.6239776611328
BRA,1893,158.6374664306641,171.7761535644531
BRA,1894,166.0297241210938,162.8450164794922
BRA,1895,175.8333282470703,183.9583282470703
BRA,1896,158.2417602539063,158.2417602539063
BRA,1897,136.4516143798828,163.0645141601563
BRA,1898,121.8015670776367,131.9843292236328
BRA,1899,117.3677062988281,129.5793762207031
BRA,1900,123.3269577026367,162.5238952636719
BRA,1901,108.7378616333008,208.9805755615234
BRA,1902,112.4104995727539,175.6563262939453
BRA,1903,117.9611663818359,180.3398132324219
BRA,1904,125.1219482421875,187.8048706054688
BRA,1905,149.1499938964844,223.2649993896484
BRA,1906,154.0123443603516,246.91357421875
BRA,1907,201.5625,269.0625
BRA,1908,176.0869598388672,219.2546539306641
BRA,1909,215.6363677978516,369.8181762695313
BRA,1910,239.3600006103516,344.510009765625
BRA,1911,262.0462036132813,331.3531494140625
BRA,1912,314.9006652832031,370.8609313964844
BRA,1913,313.6645812988281,304.8968811035156
BRA,1914,177.5,234.0
BRA,1915,150.5,270.0
BRA,1916,192.3809509277344,269.047607421875
BRA,1917,211.9047546386719,300.0
BRA,1918,251.4285736083984,291.4285583496094
BRA,1919,380.7200012207031,633.510009765625
BRA,1920,470.720703125,394.1441345214844
BRA,1921,221.7265777587891,224.3505554199219
BRA,1922,214.0415496826172,301.9630126953125
BRA,1923,231.8802032470703,337.2337951660156
BRA,1924,304.1408996582031,422.7339782714844
BRA,1925,411.8644409179688,490.5296936035156
BRA,1926,390.6283874511719,460.6412353515625
BRA,1927,387.4656677246094,431.3855590820313
BRA,1928,442.4302062988281,475.3580322265625
BRA,1929,416.5584106445313,455.7583618164063
BRA,1930,268.0950012207031,328.7300109863281
BRA,1931,132.2152557373047,236.0334014892578
BRA,1932,108.1878051757813,178.1288299560547
BRA,1933,172.3986968994141,221.3710784912109
BRA,1934,210.9228057861328,291.4830322265625
BRA,1935,226.0,272.0
BRA,1936,365.6864929199219,419.4084777832031
BRA,1937,362.9781494140625,347.814208984375
BRA,1938,296.0,296.0
BRA,1939,262.0,305.0
BRA,1940,300.3876037597656,300.4481506347656
BRA,1941,333.3434143066406,407.4264831542969
BRA,1942,238.1873779296875,381.8737182617188
BRA,1943,316.7006225585938,444.4501037597656
BRA,1944,415.1840515136719,548.4151611328125
BRA,1945,448.5890197753906,625.8594360351562
BRA,1946,674.0,972.0
BRA,1947,1178.335083007813,1095.087890625
BRA,1948,1133.0,1156.0
BRA,1949,1112.0,1081.0
BRA,1950,1093.0,1341.0
BRA,1951,1997.0,1753.0
BRA,1952,2001.0,1406.0
BRA,1953,1316.0,1536.0
BRA,1954,1632.0,1560.0
BRA,1955,1307.0,1422.0
BRA,1956,1232.0,1478.0
BRA,1957,1483.0,1390.0
BRA,1958,1041.0,1242.0
BRA,1959,1362.0,1281.0
BRA,1960,1586.75,1269.9
BRA,1961,1593.35,1402.5
BRA,1962,1610.62,1213.5
BRA,1963,1623.05,1406.9
BRA,1964,1386.88,1430.9
BRA,1965,1205.71,1595.3
BRA,1966,1646.7,1741.0
BRA,1967,1837.22,1654.6
BRA,1968,2347.51,1881.6
BRA,1969,2489.157,2310.54
BRA,1970,3134.23,2738.37
BRA,1971,4068.911,2902.61
BRA,1972,5261.487,4003.77
BRA,1973,7700.132,6199.34
BRA,1974,15585.427,7949.88
BRA,1975,14951.574,8663.89
BRA,1976,15136.649,10098.15
BRA,1977,14579.378,12139.72
BRA,1978,16559.576,12652.23
BRA,1979,21784.521,15244.4
BRA,1980,27456.638,20131.42
BRA,1981,26482.324,23328.74
BRA,1982,23176.23,20167.64
BRA,1983,18483.102,21853.07
BRA,1984,16730.901,27007.18
BRA,1985,15768.841,25640.51
BRA,1986,17112.48,22404.12
BRA,1987,18240.882,26220.05
BRA,1988,17653.009,33781.51
BRA,1989,22031.6380823,32658.59826
BRA,1990,24977.2959018,31412.819
BRA,1991,25531.2983277,31619.751
BRA,1992,22609.5067,37044.832
BRA,1993,30984.2577,38801.704
BRA,1994,36386.559,43700.447
BRA,1995,54363.24806,46600.214
BRA,1996,58907.629454037,47757.539246
BRA,1997,68135.5021530274,53906.017
BRA,1998,63313.9122,51156.522
BRA,1999,54781.9260791,48313.2787168
BRA,2000,61874.74932999579,59642.9147867
BRA,2001,61437.4876478,59002.912371
BRA,2002,51955.6421186,60354.353291
BRA,2003,53301.7236734,73666.678762
BRA,2004,69153.9589986,97672.031669
BRA,2005,80928.375424,118478.010264
BRA,2006,101173.4027039,138372.678363
BRA,2007,132669.2328443,157093.518064
BRA,2008,190437.5359601,197942.417913
BRA,2009,138632.5690112,150581.547344
BRA,2010,199753.8816515,201915.27997
BRA,2011,248832.6464019,256037.752683
BRA,2012,245417.4108309,242137.615214
BRA,2013,263569.8854261,241690.261584
BRA,2014,251965.3390111,225099.606165
BRB,1960,,
BRB,1961,46.0,25.0
BRB,1962,51.6,26.1
BRB,1963,57.6,40.8
BRB,1964,62.9,35.2
BRB,1965,66.8,37.5
BRB,1966,76.9,42.9
BRB,1967,79.793,42.428
BRB,1968,83.3,36.6
BRB,1969,97.0,37.0
BRB,1970,138.811,45.515
BRB,1971,132.54,43.345
BRB,1972,141.558,44.81
BRB,1973,168.553,53.544
BRB,1974,204.141,84.741
BRB,1975,216.003,106.493
BRB,1976,236.847,86.375
BRB,1977,273.432,95.387
BRB,1978,312.58,129.831
BRB,1979,424.272,150.829
BRB,1980,513.019,214.682
BRB,1981,570.787,194.215
BRB,1982,552.914,257.706
BRB,1983,625.257,321.085
BRB,1984,656.901,389.701
BRB,1985,607.304,346.055
BRB,1986,587.127,274.059
BRB,1987,514.606,155.434
BRB,1988,578.967,173.958
BRB,1989,677.829540893949,195.31526196987
BRB,1990,700.3565438625129,209.348538756028
BRB,1991,700.901369801397,206.202
BRB,1992,552.961,164.892572179244
BRB,1993,574.032,135.35
BRB,1994,607.999044,148.042658044115
BRB,1995,764.643567627046,239.94073743089
BRB,1996,828.96224730274,278.961056033412
BRB,1997,995.500874,282.94366
BRB,1998,1021.882253,253.1365855
BRB,1999,1108.162477,263.8092315
BRB,2000,1156.117178,273.0301165
BRB,2001,1068.630346,259.340556
BRB,2002,1070.77275,241.47755
BRB,2003,1202.095833,193.0148975
BRB,2004,1476.534509,208.939007
BRB,2005,1600.063665,259.959212
BRB,2006,1620.792525,323.93272
BRB,2007,1637.13565749309,402.086506053583
BRB,2008,2090.5950072483,445.779972955361
BRB,2009,1502.80987931606,329.086514480848
BRB,2010,2026.45807860633,462.994618429435
BRB,2011,2643.17209163228,484.536553551196
BRB,2012,1902.51201053003,446.582434434707
BRB,2013,2106.17968441322,498.277109268735
BRB,2014,2156.66344583963,481.399384658914
BRN,1960,1.3,3.3
BRN,1961,0.9,0.1
BRN,1962,14.9,1.5
BRN,1963,20.3,1.1
BRN,1964,3.6,0.1
BRN,1965,27.5,0.1
BRN,1966,5.4,
BRN,1967,42.77,81.1
BRN,1968,67.47,91.93
BRN,1969,72.55,88.25
BRN,1970,,
BRN,1971,149.18,106.03
BRN,1972,106.51,176.39
BRN,1973,132.29,348.73
BRN,1974,187.28,992.22
BRN,1975,272.96,1048.51
BRN,1976,259.99,1332.79
BRN,1977,281.58,1639.74
BRN,1978,281.15,1844.75
BRN,1979,396.34,2653.2
BRN,1980,573.12,4588.58
BRN,1981,588.96,4001.21
BRN,1982,731.5,3785.5
BRN,1983,723.96,3367.24
BRN,1984,621.66,3182.96
BRN,1985,605.65,2934.35
BRN,1986,653.27,1797.53
BRN,1987,640.7414203570289,1900.90087239882
BRN,1988,743.641217298452,1706.72444405816
BRN,1989,858.5267510101579,1882.403191498452
BRN,1990,1000.16088329526,2211.97063650029
BRN,1991,1110.90885450527,2465.796963261535
BRN,1992,2416.0288,3913.409
BRN,1993,3054.79,3632.07
BRN,1994,2760.29,3290.36
BRN,1995,2959.59,3388.26
BRN,1996,3516.47,3669.64
BRN,1997,3153.97,3972.56
BRN,1998,2333.96671757657,1979.92691933433
BRN,1999,1327.85058182412,2551.77316037578
BRN,2000,1427.37991233931,3161.77384769078
BRN,2001,1311.33061425285,3336.45755276714
BRN,2002,1628.12142178856,3439.12725483314
BRN,2003,1340.91700988224,4422.221823382531
BRN,2004,1641.53402186527,4535.18197477504
BRN,2005,1647.52100917429,5618.72025765016
BRN,2006,1897.82488330913,7029.18867528611
BRN,2007,2201.4780667558,7159.335072026021
BRN,2008,2621.70770010133,10226.2279563447
BRN,2009,2550.35438587361,6457.68390653728
BRN,2010,3136.35476324133,8255.56377408439
BRN,2011,6405.7295927155,11483.9094051955
BRN,2012,6455.09766373277,11916.0688476353
BRN,2013,8483.74856914408,10275.6321988609
BRN,2014,7148.83760111067,9365.0468338137
BTN,1971,,
BTN,1972,,
BTN,1973,,
BTN,1974,,
BTN,1975,,
BTN,1976,,
BTN,1977,,
BTN,1978,,
BTN,1979,,
BTN,1980,,
BTN,1981,,
BTN,1982,,
BTN,1983,,
BTN,1984,,
BTN,1985,,
BTN,1986,,
BTN,1987,,
BTN,1988,,
BTN,1989,,
BTN,1990,,
BTN,1991,,
BTN,1992,,
BTN,1993,,
BTN,1994,,
BTN,1995,,
BTN,1996,,
BTN,1997,,
BTN,1998,,
BTN,1999,,
BTN,2000,,
BTN,2001,,
BTN,2002,,
BTN,2003,,
BTN,2004,,
BTN,2005,,
BTN,2006,,
BVR,1870,,
BVR,1871,,
BWA,1960,,
BWA,1961,,
BWA,1962,,
BWA,1963,,
BWA,1964,,
BWA,1965,,
BWA,1966,,13.97000026702881
BWA,1967,,11.8100004196167
BWA,1968,,10.39000034332275
BWA,1969,,3.06972727272727
BWA,1970,,13.4355454545454
BWA,1971,,16.07009090909091
BWA,1972,,21.09009090909091
BWA,1973,,46.16227272727269
BWA,1974,,30.9667272727273
BWA,1975,,62.6688181818182
BWA,1976,,115.923545454545
BWA,1977,,149.731181818182
BWA,1978,,120.181727272727
BWA,1979,,184.502835949469
BWA,1980,,172.364737968446
BWA,1981,,259.465043452999
BWA,1982,,167.202550239899
BWA,1983,,200.825860986372
BWA,1984,,168.508857437896
BWA,1985,,127.995003434183
BWA,1986,,131.311212719848
BWA,1987,,160.604276438569
BWA,1988,,180.833488619774
BWA,1989,,222.718597995546
BWA,1990,,332.849755252827
BWA,1991,,327.12244645784
BWA,1992,,299.420526769085
BWA,1993,,275.336225009332
BWA,1994,,256.37574707767
BWA,1995,,288.686148650409
BWA,1996,,343.940663387992
BWA,1997,,414.312581206621
BWA,1998,,328.425390547033
BWA,1999,,592.168142091809
BWA,2000,,779.537802231435
BWA,2001,,1743.15882920371
BWA,2002,,1775.37654937688
BWA,2003,,2174.1923837336
BWA,2004,,2686.27380560632
BWA,2005,,3747.30649902358
BWA,2006,,3157.81998917156
BWA,2007,,2267.62445256043
BWA,2008,,1917.15043750214
BWA,2009,,1250.09892572365
BWA,2010,,2078.03720754562
BWA,2011,,5170.1758384212
BWA,2012,,4909.63818504393
BWA,2013,,5926.32983011265
BWA,2014,,5238.496504856769
CAF,1960,19.6,13.9
CAF,1961,1.4,0.7
CAF,1962,25.0,15.0
CAF,1963,26.4,22.0
CAF,1964,29.5,28.9
CAF,1965,27.2,26.1
CAF,1966,34.8,30.9
CAF,1967,43.9,28.9
CAF,1968,38.8,35.2
CAF,1969,37.648,35.596
CAF,1970,32.991,32.704
CAF,1971,33.368,36.603
CAF,1972,33.863,39.754
CAF,1973,50.24,37.56
CAF,1974,45.747,48.449
CAF,1975,67.541,47.177
CAF,1976,54.605,58.51
CAF,1977,63.068,81.306
CAF,1978,55.89,71.71
CAF,1979,68.39,79.554
CAF,1980,78.922,115.996
CAF,1981,97.334,85.371
CAF,1982,112.951,107.315
CAF,1983,64.514,75.337
CAF,1984,66.792,85.926
CAF,1985,92.967,92.328
CAF,1986,185.888655791175,124.958587033529
CAF,1987,115.689699936668,86.3218961594389
CAF,1988,138.598993800645,97.81958847553351
CAF,1989,167.336344957028,124.9609553365748
CAF,1990,183.676225346062,283.4025857689594
CAF,1991,158.834792737988,109.066972017606
CAF,1992,163.250297535288,107.1053112537047
CAF,1993,125.578083752745,109.7364833947077
CAF,1994,131.957037851819,143.264929171143
CAF,1995,188.727880680739,187.3672561428392
CAF,1996,176.388695474082,122.480579499197
CAF,1997,134.093002071824,98.40475996609979
CAF,1998,161.518677284167,231.219119433706
CAF,1999,153.782066701507,223.209402912487
CAF,2000,120.709333463913,225.984846244528
CAF,2001,134.418080970384,170.214003497571
CAF,2002,140.86781797505,212.369217993317
CAF,2003,147.871215979908,122.460048828757
CAF,2004,202.119242095868,125.682386819677
CAF,2005,225.344241501667,114.138639576725
CAF,2006,302.034607087452,113.650317672878
CAF,2007,348.810427974904,132.855260340727
CAF,2008,493.333615271045,147.799706899023
CAF,2009,362.336262296172,110.080652438162
CAF,2010,592.6352091256159,126.439384438152
CAF,2011,919.2021256744121,152.294803521834
CAF,2012,538.258722384241,159.057841681589
CAF,2013,603.930151605461,121.829843930694
CAF,2014,507.076049401997,90.78743103113011
CAN,1920,1152.586181640625,1118.965576171875
CAN,1921,689.2052001953125,691.9827880859375
CAN,1922,712.5317993164062,826.5074462890625
CAN,1923,880.7352905273438,989.8921508789062
CAN,1924,792.2990112304688,1039.215698242188
CAN,1925,887.5999755859375,1248.619995117188
CAN,1926,1006.72998046875,1286.52001953125
CAN,1927,1085.489990234375,1216.650024414063
CAN,1928,1218.6513671875,1345.82421875
CAN,1929,1286.111083984375,1170.6845703125
CAN,1930,1005.988037109375,881.237548828125
CAN,1931,603.89208984375,582.0038452148438
CAN,1932,386.8495788574219,422.0589599609375
CAN,1933,351.9421081542969,466.4465026855469
CAN,1934,518.6555786132812,659.9111328125
CAN,1935,561.2244873046875,753.0612182617188
CAN,1936,628.521484375,933.8062133789062
CAN,1937,808.89599609375,1000.0
CAN,1938,374.5626220703125,843.5089721679688
CAN,1939,751.0499877929688,924.9199829101562
CAN,1940,974.7747802734375,1074.774780273438
CAN,1941,1305.405395507813,1477.477416992188
CAN,1942,1481.0810546875,2148.648681640625
CAN,1943,1563.063110351563,2703.603515625
CAN,1944,1584.684692382813,3137.837890625
CAN,1945,1414.54541015625,2970.0
CAN,1946,1739.73876953125,2181.903076171875
CAN,1947,2356.145263671875,2574.001953125
CAN,1948,2990.0,3180.0
CAN,1949,3020.0,3020.0
CAN,1950,3300.0,3010.0
CAN,1951,4330.0,5930.0
CAN,1952,4630.0,4630.0
CAN,1953,4970.0,4410.0
CAN,1954,4700.0,4200.0
CAN,1955,5330.0,4610.0
CAN,1956,6520.0,5210.0
CAN,1957,6520.0,5320.0
CAN,1958,5950.0,5260.0
CAN,1959,6520.0,5600.0
CAN,1960,6468.0,5825.4
CAN,1961,6436.0,6101.6
CAN,1962,6592.5,6199.1
CAN,1963,6808.6,6756.2
CAN,1964,7829.0,8041.5
CAN,1965,9113.7,8462.7
CAN,1966,10680.1,9953.0
CAN,1967,11496.4,10974.6
CAN,1968,13043.5,13069.2
CAN,1969,14877.9,14291.8
CAN,1970,15182.3,16748.6
CAN,1971,17573.6,18371.1
CAN,1972,21355.0,21165.0
CAN,1973,26430.7,26435.5
CAN,1974,36766.7,34512.7
CAN,1975,38672.5,34075.7
CAN,1976,43096.7,40599.2
CAN,1977,45097.0,43555.2
CAN,1978,49540.7,48430.9
CAN,1979,60837.2,58299.2
CAN,1980,67104.8,67733.2
CAN,1981,74789.7,72727.4
CAN,1982,62388.6,71240.5
CAN,1983,69482.3,76746.6
CAN,1984,83521.1,90295.3
CAN,1985,86540.3,90781.7
CAN,1986,91638.9,89711.4
CAN,1987,99485.0,98107.9
CAN,1988,121113.2245983,116421.100060263
CAN,1989,129094.749484442,120676.877094997
CAN,1990,131641.638994015,126447.433642155
CAN,1991,132498.020272818,126160.642299602
CAN,1992,137327.947656443,133447.209610607
CAN,1993,148405.699965953,140748.915980661
CAN,1994,166671.629943403,161268.763118131
CAN,1995,179622.656214865,190179.948677698
CAN,1996,187048.905893794,200145.960971489
CAN,1997,215022.603581655,213021.671287653
CAN,1998,219179.991619951,211355.022998741
CAN,1999,235593.245114645,237337.824491122
CAN,2000,262775.606749807,275183.871162161
CAN,2001,243644.837899664,261300.182154319
CAN,2002,244187.447239171,252382.569530154
CAN,2003,263342.521410011,271594.48401616
CAN,2004,299068.541495734,315950.507991583
CAN,2005,346001.523558,360650.3711322571
CAN,2006,385000.361612351,388288.97538602
CAN,2007,418440.563779321,420293.179572246
CAN,2008,449091.496822487,456419.360338453
CAN,2009,353197.458697886,316093.38166942
CAN,2010,431331.306462594,387481.118908749
CAN,2011,496620.792742664,451334.216875292
CAN,2012,508690.024782001,455249.69200968
CAN,2013,508094.043839076,458321.204631828
CAN,2014,507025.798736268,474626.659842883
CHE,1870,133.1199951171875,121.870002746582
CHE,1871,135.75,124.2399978637695
CHE,1872,138.3699951171875,126.620002746582
CHE,1873,141.0,128.9900054931641
CHE,1874,143.6300048828125,131.3699951171875
CHE,1875,146.25,133.7400054931641
CHE,1876,148.8800048828125,136.1100006103516
CHE,1877,151.5,138.4900054931641
CHE,1878,154.1300048828125,140.8600006103516
CHE,1879,156.75,143.2400054931641
CHE,1880,159.3800048828125,145.6100006103516
CHE,1881,162.0,147.9900054931641
CHE,1882,164.6300048828125,150.3600006103516
CHE,1883,169.2799987792969,154.6199951171875
CHE,1884,167.3999938964844,148.3899993896484
CHE,1885,144.0,126.8571395874023
CHE,1886,153.9499053955078,128.5163726806641
CHE,1887,159.4285736083984,127.8095245361328
CHE,1888,158.7332000732422,129.1746673583984
CHE,1889,174.4230804443359,133.6538391113281
CHE,1890,181.5238037109375,134.0952453613281
CHE,1891,177.1863098144531,127.7566528320313
CHE,1892,166.1567840576172,125.8126220703125
CHE,1893,159.5375671386719,124.4701385498047
CHE,1894,158.8461608886719,119.4230804443359
CHE,1895,177.1473846435547,128.3094787597656
CHE,1896,192.2630615234375,133.075439453125
CHE,1897,197.1209259033203,133.0134429931641
CHE,1898,203.6328887939453,138.43212890625
CHE,1899,221.7973175048828,152.1988525390625
CHE,1900,214.2299957275391,161.3479919433594
CHE,1901,202.6499938964844,161.5410003662109
CHE,1902,217.8969879150391,168.6819915771484
CHE,1903,230.8279876708984,171.5769958496094
CHE,1904,239.3199920654297,171.9629974365234
CHE,1905,266.3399963378906,187.0789489746094
CHE,1906,283.5169982910156,206.7029876708984
CHE,1907,325.5909729003906,222.5289916992188
CHE,1908,286.9909973144531,200.333984375
CHE,1909,309.1859741210938,211.9139862060547
CHE,1910,337.75,231.5999908447266
CHE,1911,347.7859802246094,242.6009826660156
CHE,1912,381.9469909667969,262.093994140625
CHE,1913,358.97998046875,264.4100036621094
CHE,1914,295.5,237.5
CHE,1915,336.0,334.0
CHE,1916,452.8571472167969,466.1904907226563
CHE,1917,448.5714416503906,442.3809509277344
CHE,1918,457.6190490722656,373.8095092773438
CHE,1919,688.2999877929688,641.1500244140625
CHE,1920,709.9271240234375,552.72900390625
CHE,1921,390.375,305.3600158691406
CHE,1922,358.3280029296875,322.114013671875
CHE,1923,402.7380065917969,310.6320190429688
CHE,1924,451.8559875488281,364.3999938964844
CHE,1925,481.3170166015625,392.3990173339844
CHE,1926,455.7160034179688,353.3730163574219
CHE,1927,483.4259948730469,385.1999816894531
CHE,1928,511.4499816894531,407.22998046875
CHE,1929,515.3099975585938,401.4399719238281
CHE,1930,514.1519775390625,341.2239990234375
CHE,1931,426.5299682617188,256.6900024414063
CHE,1932,330.0299987792969,148.1296234130859
CHE,1933,383.7799987792969,202.4050750732422
CHE,1934,456.135009765625,265.9519348144531
CHE,1935,410.0,259.0
CHE,1936,369.3059997558594,258.331298828125
CHE,1937,412.9199829101563,293.6319885253906
CHE,1938,363.6329956054688,301.8840026855469
CHE,1939,430.7000122070313,297.2999877929688
CHE,1940,419.0476379394531,298.4127197265625
CHE,1941,467.4372253417969,339.553466796875
CHE,1942,472.7272644042969,366.4335632324219
CHE,1943,400.6993103027344,379.7202758789063
CHE,1944,276.4568786621094,263.8694763183594
CHE,1945,285.5477905273438,343.5897521972656
CHE,1946,796.5,622.5999755859375
CHE,1947,1121.599975585938,760.4000244140625
CHE,1948,1152.0,792.0
CHE,1949,874.0,796.0
CHE,1950,1037.0,892.0
CHE,1951,1358.0,1070.0
CHE,1952,1201.0,1087.0
CHE,1953,1172.0,1187.0
CHE,1954,1290.0,1212.0
CHE,1955,1478.0,1291.0
CHE,1956,1755.0,1424.0
CHE,1957,1954.0,1540.0
CHE,1958,1696.0,1536.0
CHE,1959,1912.0,1683.0
CHE,1960,2233.3,1885.5
CHE,1961,2691.2,2044.3
CHE,1962,3004.0,2225.0
CHE,1963,3236.1,2418.9
CHE,1964,3609.2,2646.4
CHE,1965,3698.0,2966.7
CHE,1966,3947.8,3286.7
CHE,1967,4117.4,3507.8
CHE,1968,4505.8,4013.2
CHE,1969,5286.3,4638.5
CHE,1970,6487.1,5156.7
CHE,1971,7215.5,5752.2
CHE,1972,8481.8,6872.8
CHE,1973,11670.2,9551.6
CHE,1974,14443.4,11935.3
CHE,1975,13296.4,12950.5
CHE,1976,14770.5,14845.2
CHE,1977,17929.3,17607.2
CHE,1978,23802.8,23576.5
CHE,1979,26479.8,29837.7
CHE,1980,36353.6,29644.3
CHE,1981,30687.3,27039.2
CHE,1982,28674.1,26014.8
CHE,1983,29188.9,25587.8
CHE,1984,29514.3,25850.0
CHE,1985,30697.3,27448.0
CHE,1986,41047.5,37458.8
CHE,1987,50649.2,45504.8
CHE,1988,56547.5,50632.1
CHE,1989,58205.9876404996,51556.745556357
CHE,1990,69703.8214278699,63804.3359660549
CHE,1991,66257.441247799,61393.23682727121
CHE,1992,65732.8165683479,65553.0364845431
CHE,1993,60701.9088332702,62744.6125751563
CHE,1994,68043.7160723643,70488.5262747775
CHE,1995,80050.07931191189,81379.0610420528
CHE,1996,78177.4731028907,79410.5205395526
CHE,1997,75650.3254366785,75958.3333095657
CHE,1998,80268.4925927452,78848.9836577567
CHE,1999,79840.8,80250.6
CHE,2000,82543.0415408599,80536.81520964591
CHE,2001,84076.742836789,82062.9361806947
CHE,2002,87188.0696737312,91697.7176704205
CHE,2003,100238.853714391,104821.169063235
CHE,2004,115799.470724519,122844.301157878
CHE,2005,126523.799230631,130897.998487497
CHE,2006,141284.10987444,147718.662002696
CHE,2007,160964.501309115,171823.966148098
CHE,2008,183192.291665471,200334.088156517
CHE,2009,155706.149020928,172639.601515654
CHE,2010,176304.567383121,195512.485746245
CHE,2011,208279.924383705,234862.098300229
CHE,2012,197831.989492208,225925.934516143
CHE,2013,201042.524409504,229038.11968755
CHE,2014,202909.021183557,238904.592324861
CHL,1870,72.0,68.0
CHL,1871,66.01941680908203,79.61164855957031
CHL,1872,86.40776824951172,93.2038803100586
CHL,1873,92.1568603515625,93.13725280761719
CHL,1874,94.17475891113281,90.291259765625
CHL,1875,93.13725280761719,85.29412078857422
CHL,1876,85.4368896484375,82.5242691040039
CHL,1877,70.87378692626953,66.99028778076172
CHL,1878,61.16504669189453,67.96116638183594
CHL,1879,55.33980560302734,75.72815704345703
CHL,1880,61.53845977783203,84.61538696289062
CHL,1881,80.76923370361328,100.0
CHL,1882,103.8461532592773,134.6153869628906
CHL,1883,110.5769195556641,143.2692260742188
CHL,1884,108.7378616333008,118.4466018676758
CHL,1885,68.54838562011719,87.09677124023438
CHL,1886,75.60975646972656,87.80487823486328
CHL,1887,83.06451416015625,102.4193572998047
CHL,1888,104.0322570800781,124.1935501098633
CHL,1889,111.3821105957031,113.0081329345703
CHL,1890,109.9236679077148,117.5572509765625
CHL,1891,104.6511611938477,107.7519378662109
CHL,1892,64.20233154296875,52.52918243408203
CHL,1893,68.57142639160156,72.38095092773438
CHL,1894,47.30290603637695,63.07053756713867
CHL,1895,53.47985458374023,56.41025543212891
CHL,1896,57.14285659790039,57.14285659790039
CHL,1897,50.54545593261719,49.81818008422852
CHL,1898,36.95652008056641,60.86956405639648
CHL,1899,38.40579605102539,59.0579719543457
CHL,1900,46.73913192749023,60.86956405639648
CHL,1901,50.36231994628906,63.04347991943359
CHL,1902,48.3636360168457,68.0
CHL,1903,51.6363639831543,71.2727279663086
CHL,1904,62.0,81.5
CHL,1905,74.0,99.5
CHL,1906,89.0,106.5
CHL,1907,110.0,103.0
CHL,1908,100.0,118.0
CHL,1909,96.67897033691406,109.9630966186523
CHL,1910,110.0,137.4074096679688
CHL,1911,128.7822875976563,141.3284149169922
CHL,1912,123.7037048339844,147.0370330810547
CHL,1913,120.7407379150391,163.7037048339844
CHL,1914,101.0,112.5
CHL,1915,57.45434951782227,122.8047027587891
CHL,1916,79.47171783447266,183.4231414794922
CHL,1917,123.4314270019531,247.6052398681641
CHL,1918,155.7407073974609,272.7223205566406
CHL,1919,162.8699951171875,128.6399993896484
CHL,1920,161.5384674072266,294.5054931640625
CHL,1921,134.7985382080078,167.0329742431641
CHL,1922,86.81318664550781,128.2051239013672
CHL,1923,113.0584182739258,193.1271514892578
CHL,1924,120.5980072021484,211.2956848144531
CHL,1925,146.0144958496094,230.0724639892578
CHL,1926,156.9343109130859,181.0218963623047
CHL,1927,130.6569366455078,204.0146026611328
CHL,1928,145.8000030517578,238.6499938964844
CHL,1929,195.0700073242188,276.6199951171875
CHL,1930,169.1300048828125,160.4299926757813
CHL,1931,85.55000305175781,111.8099975585938
CHL,1932,26.01000022888184,35.34999847412109
CHL,1933,27.27000045776367,51.56000137329102
CHL,1934,49.81000137329102,98.83000183105469
CHL,1935,62.56999969482422,97.5
CHL,1936,71.45999908447266,115.879997253418
CHL,1937,88.37999725341797,195.2899932861328
CHL,1938,103.0,139.0
CHL,1939,84.80000305175781,136.1999969482422
CHL,1940,104.752067565918,140.2892608642578
CHL,1941,108.471076965332,158.6776885986328
CHL,1942,128.7190093994141,178.3057861328125
CHL,1943,131.4049530029297,177.6859436035156
CHL,1944,144.2148742675781,195.0413208007813
CHL,1945,156.1983489990234,204.7520599365234
CHL,1946,196.8000030517578,216.8000030517578
CHL,1947,265.7999877929688,279.2000122070313
CHL,1948,267.5,328.0
CHL,1949,302.7999877929688,306.0
CHL,1950,245.8999938964844,291.3999938964844
CHL,1951,327.3999938964844,374.6000061035156
CHL,1952,369.3999938964844,460.3999938964844
CHL,1953,333.8999938964844,411.5
CHL,1954,342.2999877929688,402.7000122070313
CHL,1955,374.3999938964844,474.6000061035156
CHL,1956,351.5,543.7999877929688
CHL,1957,440.5,458.3999938964844
CHL,1958,411.2999877929688,388.7999877929688
CHL,1959,411.6000061035156,496.6000061035156
CHL,1960,498.8,489.7
CHL,1961,590.2,508.6
CHL,1962,511.3,531.9
CHL,1963,637.1,541.6
CHL,1964,608.5,625.0
CHL,1965,603.5,687.8
CHL,1966,758.61,880.5
CHL,1967,735.19,913.44
CHL,1968,742.74,940.8
CHL,1969,907.16,1075.43
CHL,1970,930.82,1245.93
CHL,1971,979.96,962.34
CHL,1972,941.13,855.44
CHL,1973,1097.6,1230.46
CHL,1974,1911.46,2478.6
CHL,1975,1534.48,1660.77
CHL,1976,1679.4,2053.9
CHL,1977,2260.1,2154.2
CHL,1978,3002.4,2454.88
CHL,1979,4217.6,3874.21
CHL,1980,5135.8,4686.4
CHL,1981,6370.8,3952.0
CHL,1982,3536.1,3716.6
CHL,1983,2977.6,3846.56
CHL,1984,3495.5,3660.8
CHL,1985,3088.0,3896.1
CHL,1986,3140.8,4233.1
CHL,1987,4042.2,5224.1
CHL,1988,5077.4,7192.3
CHL,1989,6983.7,8272.1
CHL,1990,7227.4,8677.7
CHL,1991,7630.2,9073.2
CHL,1992,9928.079,10159.816
CHL,1993,10967.795,9542.3243
CHL,1994,11627.582,11699.738
CHL,1995,15478.9,16544.5
CHL,1996,19525.57,17062.85
CHL,1997,21147.78,18222.53
CHL,1998,19871.74,16443.35
CHL,1999,16059.3,17375.94
CHL,2000,18534.77,19295.87
CHL,2001,17829.76,18554.59
CHL,2002,17013.6,18285.1
CHL,2003,19264.08371,21652.1908290566
CHL,2004,24726.904611,33025.38979893
CHL,2005,32924.9378618391,41973.9924849001
CHL,2006,38977.96711903,59379.87276591201
CHL,2007,47595.060566,68561.2474225496
CHL,2008,62787.400388,64510.1207851328
CHL,2009,42805.542275,55462.6512412968
CHL,2010,59207.4444441865,71108.5288757788
CHL,2011,74694.8909252715,81437.8438545762
CHL,2012,80073.37893949459,77965.3792323686
CHL,2013,79178.3937129393,76684.3124274436
CHL,2014,72346.998800254,76648.3401709915
CHN,1870,101.5873031616211,87.30158996582031
CHN,1871,111.1111145019531,106.3492050170898
CHN,1872,108.0645141601563,120.9677429199219
CHN,1873,105.120002746582,105.5599975585938
CHN,1874,102.1999969482422,101.9000015258789
CHN,1875,104.2900009155273,102.6800003051758
CHN,1876,103.5100021362305,115.6100006103516
CHN,1877,109.5599975585938,97.12000274658203
CHN,1878,106.120002746582,97.38999938964844
CHN,1879,114.4700012207031,97.56999969482422
CHN,1880,112.6600036621094,107.4700012207031
CHN,1881,127.6699981689453,97.16999816894531
CHN,1882,109.7099990844727,92.91000366210938
CHN,1883,101.1800003051758,94.76000213623047
CHN,1884,99.5999984741211,89.97000122070312
CHN,1885,114.5500030517578,83.19999694824219
CHN,1886,107.4074096679688,95.06172943115234
CHN,1887,122.8915634155273,103.6144561767578
CHN,1888,143.6781616210938,105.7471237182617
CHN,1889,129.0697631835938,112.7906951904297
CHN,1890,162.8205108642578,111.6666641235352
CHN,1891,160.8000030517578,121.129997253418
CHN,1892,144.5500030517578,109.7600021362305
CHN,1893,145.3000030517578,111.9599990844727
CHN,1894,164.0899963378906,98.63999938964844
CHN,1895,137.6000061035156,114.4000015258789
CHN,1896,164.0899963378906,106.1699981689453
CHN,1897,146.0299987792969,117.7200012207031
CHN,1898,146.6999969482422,111.3199996948242
CHN,1899,193.2599945068359,142.9199981689453
CHN,1900,157.4626922607422,118.6567153930664
CHN,1901,197.1699981689453,122.1500015258789
CHN,1902,198.6699981689453,134.9299926757813
CHN,1903,209.1100006103516,137.1799926757813
CHN,1904,227.0800018310547,158.0599975585938
CHN,1905,328.75,167.5647125244141
CHN,1906,328.2099914550781,189.1600036621094
CHN,1907,328.9500122070313,308.8599853515625
CHN,1908,256.4200134277344,179.8200073242188
CHN,1909,263.4400024414063,213.5599975585938
CHN,1910,311.6549987792969,256.3699951171875
CHN,1911,306.4700012207031,245.2700042724609
CHN,1912,350.0899963378906,274.1799926757813
CHN,1913,431.0963134765625,296.5485229492188
CHN,1914,373.2714538574219,235.5822448730469
CHN,1915,294.6990966796875,271.6053466796875
CHN,1916,409.8468017578125,382.3788452148438
CHN,1917,567.0114135742188,525.2471313476562
CHN,1918,693.6114501953125,607.3538208007812
CHN,1919,997.77001953125,972.8099975585938
CHN,1920,1130.206298828125,765.231689453125
CHN,1921,688.6500244140625,456.9500122070313
CHN,1922,784.3900146484375,543.5599975585938
CHN,1923,738.719970703125,602.3300170898438
CHN,1924,824.75,625.1400146484375
CHN,1925,796.2000122070312,652.1300048828125
CHN,1926,854.4000244140625,656.8599853515625
CHN,1927,698.9199829101562,633.8400268554688
CHN,1928,849.1300048828125,703.8599853515625
CHN,1929,810.0900268554688,650.0399780273438
CHN,1930,661.6915283203125,445.1960144042969
CHN,1931,487.3800048828125,309.2200012207031
CHN,1932,356.739990234375,167.4900054931641
CHN,1933,349.8399963378906,159.0700073242188
CHN,1934,354.5736694335938,182.6507873535156
CHN,1935,338.0,205.0
CHN,1936,280.9993286132813,210.2731018066406
CHN,1937,283.1021118164063,248.3257751464844
CHN,1938,261.7799987792969,160.2299957275391
CHN,1939,1333.650024414063,1027.239990234375
CHN,1940,2027.140014648438,1970.119995117188
CHN,1941,,
CHN,1942,1444.329956054688,191.6000061035156
CHN,1943,3384.320068359375,164.4499969482422
CHN,1944,,
CHN,1945,,
CHN,1946,125.0899963378906,34.34000015258789
CHN,1947,451.2000122070313,215.6999969482422
CHN,1948,140.3000030517578,103.9000015258789
CHN,1949,200.0,110.0
CHN,1950,580.0,550.0
CHN,1951,1200.0,760.0
CHN,1952,1120.0,820.0
CHN,1953,1350.0,1020.0
CHN,1954,1290.0,1150.0
CHN,1955,1730.0,1410.0
CHN,1956,1560.0,1650.0
CHN,1957,1510.0,1600.0
CHN,1958,1890.0,1980.0
CHN,1959,2120.0,2260.0
CHN,1960,,648.25
CHN,1961,669.1,469.8
CHN,1962,1170.0,1490.0
CHN,1963,1270.0,1650.0
CHN,1964,1550.0,1920.0
CHN,1965,2020.0,2230.0
CHN,1966,2250.0,2370.0
CHN,1967,2020.0,2140.0
CHN,1968,1950.0,2100.0
CHN,1969,1830.0,2200.0
CHN,1970,2330.0,2260.0
CHN,1971,2210.0,2640.0
CHN,1972,2860.0,3440.0
CHN,1973,5160.0,5820.0
CHN,1974,7620.0,6950.0
CHN,1975,7490.0,7260.0
CHN,1976,6580.0,6860.0
CHN,1977,7210.0,7590.0
CHN,1978,10813.2,9650.2
CHN,1979,15561.4,13552.2
CHN,1980,19505.0,18139.2
CHN,1981,21630.5,21473.6
CHN,1982,18917.0,21863.1
CHN,1983,21306.4,22093.5
CHN,1984,25953.4,24821.7
CHN,1985,42480.2,27328.4
CHN,1986,43275.4,31367.3
CHN,1987,43222.7,39462.0
CHN,1988,55352.1,47660.0
CHN,1989,59141.393,52910.2490834789
CHN,1990,53809.6541175005,62756.1239546033
CHN,1991,63876.8323586476,71963.1673610307
CHN,1992,81871.51915467391,85617.88155749941
CHN,1993,103628.0,91692.19
CHN,1994,115706.268,120865.752
CHN,1995,132163.498,148957.95
CHN,1996,138948.63,151164.637
CHN,1997,142163.072,182922.636589675
CHN,1998,140385.334,183748.829
CHN,1999,347392.46875,370912.03125
CHN,2000,440758.0,454001.6875
CHN,2001,447428.0625,459096.21875
CHN,2002,505993.5625,528433.375
CHN,2003,648163.375,664943.75
CHN,2004,835747.375,855881.6875
CHN,2005,964099.5,1054332.0
CHN,2006,1131047.125,1288593.125
CHN,2007,1329850.25,1565435.25
CHN,2008,1526169.625,1793848.0
CHN,2009,1356171.125,1521756.875
CHN,2010,1832968.5,1969662.875
CHN,2011,2233242.75,2329347.0
CHN,2012,2331122.75,2494240.25
CHN,2013,2483548.5,2671018.75
CHN,2014,2519304.5,2818426.75
CIV,1960,119.92,151.19
CIV,1961,155.4,177.9
CIV,1962,156.2,193.1
CIV,1963,169.9,230.2
CIV,1964,244.5,301.6
CIV,1965,235.9,277.0
CIV,1966,257.6,310.7
CIV,1967,269.5,339.3
CIV,1968,313.5,422.5
CIV,1969,334.18,459.49
CIV,1970,383.81,467.34
CIV,1971,393.94,451.6
CIV,1972,441.31,540.72
CIV,1973,710.63,860.76
CIV,1974,965.83,1213.07
CIV,1975,1125.54,1183.87
CIV,1976,1297.09,1637.11
CIV,1977,1730.73,2136.51
CIV,1978,2291.07,2303.54
CIV,1979,2446.5,2504.37
CIV,1980,2975.41,3131.62
CIV,1981,2394.46,2526.52
CIV,1982,2182.07,2268.57
CIV,1983,1844.75,2088.81
CIV,1984,1577.03495039593,2824.11603643502
CIV,1985,1759.50356281863,3134.0026499291
CIV,1986,2047.48950526451,3351.24932170741
CIV,1987,2242.33139466369,3103.15506353245
CIV,1988,2081.54464049645,2774.80642331845
CIV,1989,2111.07851575918,2807.09440882321
CIV,1990,2097.60572239235,2812.66602696833
CIV,1991,2103.33400850531,2777.1885640962
CIV,1992,2409.55721214983,2990.55581080497
CIV,1993,2087.99428176712,2662.35451122708
CIV,1994,1960.63281623721,2828.69140896122
CIV,1995,3037.71694518956,3728.23988173957
CIV,1996,2908.84557592581,4995.986682529219
CIV,1997,2756.123716949121,4150.0687113892
CIV,1998,3279.39105081748,4692.09314952925
CIV,1999,3046.88197949223,4209.43708608358
CIV,2000,2736.24306422061,3851.39259208615
CIV,2001,2798.36809926974,3890.9925025448
CIV,2002,2601.12664879491,4963.42296583898
CIV,2003,3590.35330048649,5493.27002264345
CIV,2004,4708.05579993318,6545.137986882241
CIV,2005,5873.40490354457,7251.9110774057
CIV,2006,5816.252937429809,8138.40820368585
CIV,2007,6672.93342981499,8046.12025652532
CIV,2008,7903.40432354944,9858.227595441469
CIV,2009,7004.4740630233,10305.9469177738
CIV,2010,7872.07586087237,10272.446784006
CIV,2011,6702.40431311969,11076.3977298423
CIV,2012,9969.73174186407,10861.7571491563
CIV,2013,11215.2333546717,12719.2906229072
CIV,2014,12228.14144434,12824.714914744
CMR,1960,84.1,96.9
CMR,1961,95.3,97.9
CMR,1962,101.8,100.8
CMR,1963,107.9,117.7
CMR,1964,116.0,125.0
CMR,1965,134.6,118.5
CMR,1966,131.1,131.2
CMR,1967,177.0,125.9
CMR,1968,182.8,187.2
CMR,1969,206.673,232.94
CMR,1970,242.019,231.432
CMR,1971,249.66,204.781
CMR,1972,303.21,229.722
CMR,1973,334.73,368.527
CMR,1974,437.258,475.994
CMR,1975,598.862,447.87
CMR,1976,608.98,512.741
CMR,1977,785.634,701.601
CMR,1978,1045.455,797.527
CMR,1979,1277.117,1131.082
CMR,1980,1616.12,1383.538
CMR,1981,1436.16,1113.495
CMR,1982,1210.301,1000.025
CMR,1983,1268.085,1116.157
CMR,1984,1121.616,1030.217
CMR,1985,1144.34530019946,1197.3367389224
CMR,1986,1525.232,790.55
CMR,1987,1717.659,808.033
CMR,1988,1280.55643765747,1582.16758319775
CMR,1989,1273.33,1281.444
CMR,1990,1554.86362029466,2025.79667693551
CMR,1991,1345.01295317656,1908.5213291702
CMR,1992,1162.83582488901,1840.37499569462
CMR,1993,881.080714694651,1354.067108004512
CMR,1994,717.4293436022219,1359.65576647884
CMR,1995,1199.46128229439,1652.3547863786
CMR,1996,1226.51009745339,1768.87307210554
CMR,1997,1360.23588602562,1858.08791455776
CMR,1998,1494.66793391154,1671.02980700923
CMR,1999,1317.57372695876,1600.60644691948
CMR,2000,1490.1002155558,1832.38409319599
CMR,2001,1850.88093860591,1748.75397081642
CMR,2002,1805.75072494649,1800.56418326876
CMR,2003,1789.67794193775,2240.00702467612
CMR,2004,2243.1009589362,3461.44596311301
CMR,2005,2525.4526957646,3462.51552299906
CMR,2006,2918.21183720036,4712.26877254603
CMR,2007,3618.92948497208,4938.321155144319
CMR,2008,4350.95955230047,5677.28878971274
CMR,2009,3934.00848117087,3895.08327562514
CMR,2010,4405.15149593311,4567.22318346888
CMR,2011,5749.35333682329,5370.48573836648
CMR,2012,6280.01678677535,5488.78892695064
CMR,2013,7192.73217454784,5527.2530703014
CMR,2014,7463.88586405061,5902.104217132651
COD,1960,306.0,503.0
COD,1961,280.0,428.0
COD,1962,253.0,331.0
COD,1963,237.0,384.7
COD,1964,288.2,342.7
COD,1965,320.7,334.5
COD,1966,340.8,467.9
COD,1967,256.0,434.9
COD,1968,309.8,504.9
COD,1969,451.6,684.2
COD,1970,532.8,735.4
COD,1971,532.0,687.0
COD,1972,766.6,737.6
COD,1973,781.9,1000.8
COD,1974,939.8,1381.1
COD,1975,932.8,864.6
COD,1976,840.3,809.4
COD,1977,852.1,1109.9
COD,1978,714.0,1065.0
COD,1979,681.4,1245.1
COD,1980,828.6,1513.8
COD,1981,688.1,685.2
COD,1982,475.6,585.7
COD,1983,470.0265936513757,1130.560898351366
COD,1984,675.6549446568999,1003.322762437099
COD,1985,793.327698792799,949.8507547821
COD,1986,871.0925618099997,1092.755867748399
COD,1987,764.0436115968041,983.1247009999996
COD,1988,763.1838598261306,1120.575153970521
COD,1989,1200.70097299163,1538.0114513769
COD,1990,1304.07200747181,1353.27643800736
COD,1991,1029.46049406551,1599.72194360778
COD,1992,809.664542352942,1485.7532550729
COD,1993,782.198435414664,1015.30355168354
COD,1994,969.4781680631979,1276.34387816505
COD,1995,1350.58851456971,1533.45230136597
COD,1996,1353.19857225418,1463.66843835226
COD,1997,984.739303648833,1278.11159601725
COD,1998,866.507016923119,1028.93223353092
COD,1999,634.626085502352,1095.44750549205
COD,2000,668.162351292454,1133.28372953588
COD,2001,680.072394271883,1135.41472891792
COD,2002,921.577337807994,1337.20246222131
COD,2003,1045.18627709651,972.3815685166841
COD,2004,1399.12737530495,1122.70807100441
COD,2005,1687.33385862701,1382.53691804765
COD,2006,2249.99130183438,1470.43380335537
COD,2007,3049.51295141348,1864.47855264495
COD,2008,4369.61530076238,3436.46595813612
COD,2009,3573.20460389518,2497.76193097835
COD,2010,4268.01667415581,4766.17836878304
COD,2011,5594.679295473739,5977.90839598362
COD,2012,6660.96092065882,5696.02201563515
COD,2013,7192.69154736658,5941.46819849496
COD,2014,7545.11018106841,6565.24974590053
COG,1960,7.3,1.9
COG,1961,86.6,19.4
COG,1962,68.0,35.2
COG,1963,61.2,41.5
COG,1964,64.4,47.3
COG,1965,64.6,46.6
COG,1966,69.1,43.0
COG,1967,82.6,47.8
COG,1968,84.159,51.65
COG,1969,79.782,46.415
COG,1970,57.209,30.66
COG,1971,78.873,39.316
COG,1972,103.078,74.327
COG,1973,125.07,84.834
COG,1974,123.369,227.519
COG,1975,168.253,178.42
COG,1976,175.313,181.418
COG,1977,183.204,171.972
COG,1978,250.685,117.085
COG,1979,317.238464870566,508.593173076236
COG,1980,426.907430457577,958.78968763763
COG,1981,435.778965980179,894.651177854918
COG,1982,684.393724991399,1004.44946108902
COG,1983,626.962,639.0531647334531
COG,1984,595.405503576109,1180.56255274616
COG,1985,569.770064410452,1086.02033057998
COG,1986,568.227535731431,772.872531526317
COG,1987,504.438384272514,512.28903969998
COG,1988,518.304890792675,746.219158880466
COG,1989,472.808310160302,906.548208830264
COG,1990,597.892436216101,1204.7577582735
COG,1991,544.772387204606,1107.11967808012
COG,1992,662.344134896072,1184.27208390212
COG,1993,561.560981388922,1095.72779668681
COG,1994,399.121404815703,929.281012671908
COG,1995,462.958650060378,838.624597000991
COG,1996,1614.73046062503,1848.04252230284
COG,1997,926.6262236077209,2258.78575173707
COG,1998,1119.31767717853,1566.93936648961
COG,1999,757.673337379199,1716.29554132954
COG,2000,492.498152807569,2153.87935676076
COG,2001,537.6265996928939,1312.052492091191
COG,2002,629.9661855462859,2396.14241868934
COG,2003,858.053562779997,1709.72206362614
COG,2004,325.650098147488,838.721826173483
COG,2005,1639.15658865776,5430.42500575626
COG,2006,2057.50950150327,8186.459473822991
COG,2007,3750.21362296761,7179.8731912812
COG,2008,3680.28427027319,11057.0997497846
COG,2009,3401.85147813312,6739.8626812999
COG,2010,3233.70229075301,9972.80244063445
COG,2011,4361.357526472961,11015.2993232191
COG,2012,4321.61534177955,10636.963620983901
COG,2013,4559.914082412111,9704.56867517681
COG,2014,5326.13792700216,9549.78756721816
COL,1870,23.10679626464844,14.95145606994629
COL,1871,24.07766914367676,15.33980560302734
COL,1872,29.12621307373047,19.22330093383789
COL,1873,38.23529434204102,15.0
COL,1874,32.62136077880859,19.80582618713379
COL,1875,17.45098114013672,28.33333396911621
COL,1876,21.26213645935059,14.07767009735107
COL,1877,19.32038879394531,12.33009719848633
COL,1878,21.84465980529785,15.7281551361084
COL,1879,25.24271774291992,17.76699066162109
COL,1880,25.48077011108398,18.65384674072266
COL,1881,25.48077011108398,19.90384674072266
COL,1882,25.86538505554199,17.11538505554199
COL,1883,25.96153831481934,14.03846168518066
COL,1884,24.56310653686523,10.29126167297363
COL,1885,15.48076915740967,7.019230842590332
COL,1886,20.29126167297363,8.640776634216309
COL,1887,24.80769157409668,11.25
COL,1888,25.33980560302734,9.902913093566895
COL,1889,21.06796073913574,8.932039260864258
COL,1890,24.13461494445801,11.73076915740967
COL,1891,23.17307662963867,17.5
COL,1892,19.03846168518066,9.326923370361328
COL,1893,20.19607925415039,10.78431415557861
COL,1894,15.82524299621582,10.0
COL,1895,17.45098114013672,10.29411792755127
COL,1896,22.45098114013672,12.74509811401367
COL,1897,21.65048599243164,11.65048503875732
COL,1898,15.7281551361084,12.71844673156738
COL,1899,13.30097103118897,12.42718410491943
COL,1900,96.11650848388672,8.834951400756836
COL,1901,15.24271869659424,9.029126167297363
COL,1902,12.1359224319458,7.864077568054199
COL,1903,17.76699066162109,10.19417476654053
COL,1904,21.96078491210938,16.27450942993164
COL,1905,14.85148525238037,12.77227687835693
COL,1906,16.53465270996094,13.56435680389404
COL,1907,17.62376213073731,13.06930732727051
COL,1908,17.27000045776367,11.90999984741211
COL,1909,16.73267364501953,14.25742530822754
COL,1910,17.22772216796875,14.25742530822754
COL,1911,17.92079162597656,18.31683158874512
COL,1912,23.76237678527832,25.34653472900391
COL,1913,26.72079277038574,33.97524642944336
COL,1914,21.0,32.65000152587891
COL,1915,17.85000038146973,31.60000038146973
COL,1916,27.5238094329834,30.14285659790039
COL,1917,23.42857170104981,20.85714340209961
COL,1918,21.0,35.9523811340332
COL,1919,37.63999938964844,76.97000122070312
COL,1920,99.40980529785156,69.62548828125
COL,1921,32.42941284179688,61.80588150024414
COL,1922,38.14090728759766,47.93727111816406
COL,1923,59.9088249206543,59.07548904418945
COL,1924,55.03960418701172,85.31287384033203
COL,1925,87.91188049316406,83.98416137695312
COL,1926,108.9800186157227,109.9901580810547
COL,1927,122.8543548583984,106.4755325317383
COL,1928,145.1221160888672,130.5256042480469
COL,1929,122.0208587646484,122.4987945556641
COL,1930,60.60021209716797,109.3312759399414
COL,1931,39.69869613647461,95.05262756347656
COL,1932,29.20064735412598,66.87786102294922
COL,1933,40.57679748535156,59.95996856689453
COL,1934,54.09551239013672,94.15853118896484
COL,1935,60.0,70.0
COL,1936,68.5220947265625,89.98287963867188
COL,1937,96.25163269042969,104.4801177978516
COL,1938,89.0,81.0
COL,1939,104.6999969482422,77.9000015258789
COL,1940,84.48453521728516,71.35517883300781
COL,1941,96.90474700927734,76.38374328613281
COL,1942,60.0,97.71428680419922
COL,1943,84.0,125.1428604125977
COL,1944,100.0,129.7142791748047
COL,1945,160.5714263916016,140.5714263916016
COL,1946,230.1000061035156,200.8999938964844
COL,1947,364.8999938964844,255.0
COL,1948,334.7999877929688,287.6000061035156
COL,1949,261.7999877929688,319.7000122070313
COL,1950,361.7000122070313,394.2999877929688
COL,1951,414.8999938964844,457.3999938964844
COL,1952,412.7000122070313,472.1000061035156
COL,1953,543.5,594.7000122070312
COL,1954,671.2000122070312,656.5999755859375
COL,1955,667.2999877929688,583.4000244140625
COL,1956,656.5999755859375,599.2000122070312
COL,1957,481.8999938964844,510.8999938964844
COL,1958,399.6000061035156,458.2000122070313
COL,1959,413.8999938964844,466.0
COL,1960,513.4,465.4
COL,1961,538.6,435.1
COL,1962,536.0,464.5
COL,1963,500.6,447.1
COL,1964,585.3,548.4
COL,1965,452.1,538.9
COL,1966,674.4,507.7
COL,1967,496.6,509.9
COL,1968,644.38,562.9
COL,1969,685.53,610.33
COL,1970,844.05,728.67
COL,1971,929.47,689.14
COL,1972,858.97,863.47
COL,1973,1062.36,1173.52
COL,1974,1597.23,1412.57
COL,1975,1494.78,1469.51
COL,1976,1707.96,1745.09
COL,1977,2027.83,2426.64
COL,1978,2836.29,3038.3
COL,1979,3233.14,3325.44
COL,1980,4662.58,3945.33
COL,1981,5199.2,2956.42
COL,1982,5477.7,3094.96
COL,1983,4968.05,3080.78
COL,1984,4492.44,3482.83
COL,1985,4130.71,3551.81
COL,1986,3930.62,5107.89
COL,1987,4227.33,5024.77
COL,1988,5065.43,5026.136
COL,1989,5010.490959,5739.44286
COL,1990,5589.408908,6753.546782
COL,1991,4955.1620535252,7244.581
COL,1992,6693.422,7065.731
COL,1993,9809.085,7453.519
COL,1994,11942.702025,9038.081421
COL,1995,13859.461702,9858.966036
COL,1996,14355.600442,10437.09566
COL,1997,15377.123409,11554.5266000313
COL,1998,14678.282247,10873.344156
COL,1999,10659.531384,11623.740497
COL,2000,11316.6454760039,13164.194878
COL,2001,12820.62294,12307.070898
COL,2002,12284.484615,11576.161188
COL,2003,13593.166238,12855.170716
COL,2004,16491.411064,16440.653136
COL,2005,21131.345653,21092.337868
COL,2006,25468.114774,23729.84242
COL,2007,32588.684844,29076.39889
COL,2008,39668.826466,37625.828062
COL,2009,32897.624131,32852.902548
COL,2010,40682.597806,39552.276357
COL,2011,54674.807694,56508.869738
COL,2012,58631.347706,60666.536847
COL,2013,59396.964645,58821.870009
COL,2014,64028.791861,54794.812058
COM,1960,,
COM,1961,,
COM,1962,,
COM,1963,,
COM,1964,,
COM,1965,,
COM,1966,,
COM,1967,,
COM,1968,,0.049
COM,1969,3.7,2.7
COM,1970,8.4,4.6
COM,1971,10.1,5.7
COM,1972,11.1,6.0
COM,1973,14.8,4.9
COM,1974,25.2,8.8
COM,1975,22.6,9.4
COM,1976,13.0,13.9
COM,1977,15.7,9.0
COM,1978,15.6,9.3
COM,1979,17.38999938964844,12.0
COM,1980,29.10000038146973,12.80000019073486
COM,1981,48.7927,26.7718181818182
COM,1982,32.1926,20.85909090909088
COM,1983,36.2428,18.29181818181819
COM,1984,43.6744,9.98181818181819
COM,1985,38.239187474688,15.0389492820322
COM,1986,51.0749710786798,15.9545454545454
COM,1987,70.4521659944824,19.18334024581177
COM,1988,61.4076959578064,27.4879114279926
COM,1989,71.38400818669089,25.5995792689898
COM,1990,84.5474460162673,22.9025899599526
COM,1991,116.967732967463,28.1986877640916
COM,1992,115.181390453061,27.3819894475025
COM,1993,104.023444584572,21.8092091516276
COM,1994,108.669166226889,18.0808117815351
COM,1995,149.433025964904,11.1962163142345
COM,1996,153.841306745955,13.9788217601375
COM,1997,56.5966072855413,6.0103198291931
COM,1998,47.79653672204,4.032013500667654
COM,1999,69.6368721563375,11.5275685797539
COM,2000,69.7239108007341,15.5539470054125
COM,2001,83.32179667822001,38.0393011697465
COM,2002,96.5199681562482,28.5420314691079
COM,2003,124.205200677527,32.8770596598178
COM,2004,112.670241974369,34.4576383749214
COM,2005,116.106483820268,28.4799126554488
COM,2006,149.787737601257,36.4961926627658
COM,2007,156.066306047863,34.8343999074993
COM,2008,226.161748836557,30.566196406974
COM,2009,180.429313402648,27.8242658896487
COM,2010,211.034660327273,31.2365756033957
COM,2011,226.788860800368,53.1210998141964
COM,2012,250.763730582932,102.880931390365
COM,2013,249.928263197433,45.6625597401283
COM,2014,267.652314333865,38.85329749084141
CPV,1975,,
CPV,1976,,
CPV,1977,,
CPV,1978,,
CPV,1979,,
CPV,1980,,
CPV,1981,,
CPV,1982,,
CPV,1983,,
CPV,1984,,
CPV,1985,,
CPV,1986,,
CPV,1987,,
CPV,1988,,
CPV,1989,,
CPV,1990,,
CPV,1991,,
CPV,1992,,
CPV,1993,,
CPV,1994,,
CPV,1995,,
CPV,1996,,
CPV,1997,,
CPV,1998,,
CPV,1999,,
CPV,2000,,
CPV,2001,,
CPV,2002,,
CPV,2003,,
CPV,2004,,
CPV,2005,,
CPV,2006,,
CPV,2007,,
CPV,2008,,
CPV,2009,,
CRI,1920,8.529787063598633,5.694149017333984
CRI,1921,4.524887084960938,5.882352828979492
CRI,1922,4.255319118499756,7.328605175018311
CRI,1923,4.783598899841309,6.378132343292236
CRI,1924,11.03724098205566,15.23701190948486
CRI,1925,13.82100009918213,16.41600036621094
CRI,1926,13.82600021362305,18.96224975585938
CRI,1927,16.31074905395508,18.05825042724609
CRI,1928,17.89274978637695,19.63574981689453
CRI,1929,20.16449928283691,18.19799995422363
CRI,1930,10.84650039672852,16.33325004577637
CRI,1931,8.680749893188477,14.2792501449585
CRI,1932,5.839416027069092,9.13284683227539
CRI,1933,6.409777641296387,10.79377746582031
CRI,1934,9.265250205993652,9.739749908447266
CRI,1935,7.0,7.0
CRI,1936,6.867055416107178,6.795189380645752
CRI,1937,12.1056432723999,11.39029979705811
CRI,1938,13.0,9.0
CRI,1939,16.89999961853027,8.600000381469727
CRI,1940,16.84000015258789,7.010000228881836
CRI,1941,17.79999923706055,9.770000457763672
CRI,1942,12.28999996185303,10.15999984741211
CRI,1943,20.3799991607666,12.22999954223633
CRI,1944,21.54000091552734,10.43000030517578
CRI,1945,26.95000076293945,11.52000045776367
CRI,1946,33.0,14.30000019073486
CRI,1947,48.09999847412109,31.0
CRI,1948,41.5,45.40000152587891
CRI,1949,41.90000152587891,30.60000038146973
CRI,1950,44.59999847412109,54.5
CRI,1951,54.09999847412109,62.20000076293945
CRI,1952,66.4000015258789,72.5999984741211
CRI,1953,72.69999694824219,79.5
CRI,1954,79.5,84.5999984741211
CRI,1955,87.19999694824219,80.9000015258789
CRI,1956,91.0,67.30000305175781
CRI,1957,102.5999984741211,83.30000305175781
CRI,1958,99.4000015258789,91.30000305175781
CRI,1959,104.0,75.80000305175781
CRI,1960,109.9,86.4
CRI,1961,106.4,80.1
CRI,1962,111.9,84.2
CRI,1963,122.9,91.5
CRI,1964,137.6,112.7
CRI,1965,178.1,111.9
CRI,1966,178.1,138.8
CRI,1967,189.3,143.1
CRI,1968,211.8,171.9
CRI,1969,244.333,194.172
CRI,1970,316.664,226.534
CRI,1971,349.799,231.828
CRI,1972,373.452,281.301
CRI,1973,455.138,344.186
CRI,1974,719.569,440.34
CRI,1975,693.201,493.305
CRI,1976,769.366,592.466
CRI,1977,1021.427,828.128
CRI,1978,1091.694,814.433
CRI,1979,1397.804,934.056
CRI,1980,1470.745,980.861
CRI,1981,1208.875,1008.219
CRI,1982,893.261,871.396
CRI,1983,989.73,860.882
CRI,1984,1091.21,985.637
CRI,1985,1096.692,923.752
CRI,1986,1144.663,1091.45
CRI,1987,1384.496,1114.083
CRI,1988,1409.85461228051,1244.645
CRI,1989,1737.4209,1422.4267
CRI,1990,2026.1375,1456.3053
CRI,1991,1849.7607,1590.188
CRI,1992,2789.232,1834.369
CRI,1993,3146.37108934086,2743.74512595515
CRI,1994,3024.345219,2220.648517
CRI,1995,3214.186598,2701.758504
CRI,1996,3561.068698,2779.797909
CRI,1997,4969.65230002,4205.52224578
CRI,1998,6238.733436340001,5525.57099986
CRI,1999,6354.59769988,6662.36047134
CRI,2000,6388.549100050001,5849.5604
CRI,2001,6564.301934810001,5020.69771176
CRI,2002,7187.84393665,5263.39229019
CRI,2003,7663.23379859,6102.13734664
CRI,2004,8268.03478487012,6300.30055936
CRI,2005,9806.593651999901,7025.583078479999
CRI,2006,11536.55286,8197.58449427
CRI,2007,12947.62849077,9337.532310620001
CRI,2008,15372.0338638,9503.40956836
CRI,2009,11394.65942867,8787.27591972
CRI,2010,13569.70057403,9448.0959668875
CRI,2011,16219.53861093,10408.4315116
CRI,2012,17572.06721329,11457.33914272
CRI,2013,18126.026017,11479.796027
CRI,2014,16098.612513137,30045.0667348946
CUB,1902,65.0,51.0
CUB,1903,59.0,78.0
CUB,1904,70.0,93.0
CUB,1905,112.2799987792969,103.2200012207031
CUB,1906,104.0,105.0
CUB,1909,84.0,116.0
CUB,1910,103.6699981689453,124.7399978637695
CUB,1911,115.3061218261719,125.5102005004883
CUB,1912,125.5102005004883,175.5102081298828
CUB,1913,142.8571472167969,167.3469390869141
CUB,1914,119.0,177.5
CUB,1915,155.5,254.5
CUB,1916,236.6666717529297,339.5238037109375
CUB,1917,259.5238037109375,349.5238037109375
CUB,1918,283.3333435058594,393.8095092773438
CUB,1919,84.37000274658203,558.1199951171875
CUB,1920,557.010009765625,794.9400024414062
CUB,1921,354.3999938964844,278.0599975585938
CUB,1922,180.3000030517578,325.4700012207031
CUB,1923,268.8500061035156,421.0700073242188
CUB,1924,289.8299865722656,434.8599853515625
CUB,1925,296.0,354.0
CUB,1926,260.8200073242188,301.7000122070313
CUB,1927,257.3800048828125,322.7000122070313
CUB,1928,212.8099975585938,278.0700073242188
CUB,1929,216.2100067138672,272.4400024414063
CUB,1930,162.5,167.3999938964844
CUB,1931,80.11000061035156,118.8600006103516
CUB,1932,51.02000045776367,80.66999816894531
CUB,1933,42.36000061035156,84.38999938964844
CUB,1934,73.41000366210938,107.7399978637695
CUB,1935,95.0,128.0
CUB,1936,103.2099990844727,154.8399963378906
CUB,1937,129.5700073242188,186.0700073242188
CUB,1938,106.0,142.0
CUB,1939,105.9000015258789,147.6999969482422
CUB,1940,103.9000015258789,127.9000015258789
CUB,1941,133.8999938964844,211.5
CUB,1942,146.6999969482422,182.3999938964844
CUB,1943,177.3999938964844,351.5
CUB,1944,208.3000030517578,433.3999938964844
CUB,1945,238.3999938964844,409.8999938964844
CUB,1946,299.5,475.7999877929688
CUB,1947,519.7000122070312,746.5999755859375
CUB,1948,578.5999755859375,708.9000244140625
CUB,1949,493.7000122070313,575.9000244140625
CUB,1950,563.0,639.0999755859375
CUB,1951,700.5,764.2000122070312
CUB,1952,676.9000244140625,671.7000122070312
CUB,1953,536.2000122070312,633.5
CUB,1954,536.4000244140625,538.7000122070312
CUB,1955,632.2999877929688,593.5999755859375
CUB,1956,713.2999877929688,666.0999755859375
CUB,1957,849.5,806.5999755859375
CUB,1958,808.0,763.0
CUB,1959,742.0,638.0
CUB,1960,638.0,618.0
CUB,1961,703.0,625.0
CUB,1962,759.0,521.0
CUB,1963,4.9,8.6
CUB,1964,1019.0,714.0
CUB,1965,866.0,686.0
CUB,1966,926.0,593.0
CUB,1967,998.0,711.0
CUB,1968,1095.0,650.0
CUB,1969,1168.0,664.0
CUB,1970,1310.0,1050.0
CUB,1971,1390.0,861.0
CUB,1972,1293.0,835.0
CUB,1973,1780.0,1400.0
CUB,1974,2690.0,2690.0
CUB,1975,3767.0,3572.0
CUB,1976,3879.0,3284.0
CUB,1977,4362.0,3669.0
CUB,1978,4751.0,4575.0
CUB,1979,5089.0,4829.0
CUB,1980,6409.0,5593.0
CUB,1981,2215.330700000001,1474.05818181818
CUB,1982,1748.75727283089,1285.407661315069
CUB,1983,1808.946953925061,1046.88290736509
CUB,1984,2559.259885685486,934.2400045082755
CUB,1985,3294.230519014451,1111.974375594413
CUB,1986,2807.885441240412,949.5263729831557
CUB,1987,2148.08070724685,1224.36966195546
CUB,1988,3020.49403432996,1603.36242363472
CUB,1989,3244.20305009686,1667.505171833117
CUB,1990,2955.70589784093,1357.38573110709
CUB,1991,2360.572810948885,1065.12907617351
CUB,1992,1517.107051221454,1163.97758935439
CUB,1993,1563.04642210389,1144.50855581825
CUB,1994,1871.03151267913,1372.63376038874
CUB,1995,2656.11553618908,1499.43265989589
CUB,1996,3033.09589766204,1956.00038638151
CUB,1997,2472.73406668639,1743.55020759291
CUB,1998,2977.23763016511,1484.07060405432
CUB,1999,2894.28191281082,1438.04576128882
CUB,2000,3808.15687504174,1565.82836646231
CUB,2001,3551.30693331336,1579.92783821063
CUB,2002,2999.27417889304,1510.0949680594
CUB,2003,2954.91101639681,1601.18378958526
CUB,2004,4791.74741356336,2118.98790680832
CUB,2005,7066.28043924778,2022.0349932884
CUB,2006,9282.365800106409,2409.12999281816
CUB,2007,10363.0222490235,3413.8458383862
CUB,2008,13853.1457692362,3084.5058334333
CUB,2009,8269.28320042548,2224.66855524997
CUB,2010,9774.711308265381,2584.65669537596
CUB,2011,11533.794140728,3452.46520004935
CUB,2012,11983.2615704765,3118.24958766735
CUB,2013,12547.8633298767,2949.03694936117
CUB,2014,11792.1968913513,2537.12232796506
CYP,1960,109.5,53.4
CYP,1961,112.2,49.0
CYP,1962,124.6,57.5
CYP,1963,130.9,61.3
CYP,1964,104.7,57.2
CYP,1965,142.7,68.5
CYP,1966,154.3,78.2
CYP,1967,161.8,82.0
CYP,1968,169.0,87.8
CYP,1969,209.987,96.838
CYP,1970,235.753,106.664
CYP,1971,259.921,115.583
CYP,1972,316.769,133.793
CYP,1973,449.406,171.936
CYP,1974,409.583,158.396
CYP,1975,306.405,150.344
CYP,1976,432.544,253.249
CYP,1977,622.783,330.169
CYP,1978,757.99,340.596
CYP,1979,1009.138,452.877
CYP,1980,1201.718,530.808
CYP,1981,1165.747,562.352
CYP,1982,1223.323,544.149
CYP,1983,1218.832,503.347
CYP,1984,1363.544,572.573
CYP,1985,1250.239,476.013
CYP,1986,1268.795,492.273
CYP,1987,1485.146,592.307
CYP,1988,1853.9698169178,700.209364795357
CYP,1989,2287.68244449674,812.4502423567529
CYP,1990,2564.72055682915,944.529040012627
CYP,1991,2659.36950607837,975.20842903274
CYP,1992,3427.44620850529,1025.0935643182
CYP,1993,2536.23925243904,881.475798377869
CYP,1994,3018.64896968771,961.594536788805
CYP,1995,3694.16189211182,1228.78092356147
CYP,1996,3983.49999802579,1413.75670491555
CYP,1997,3696.01543203806,1248.22615759891
CYP,1998,3685.02654591978,1067.48418775592
CYP,1999,3617.83285130183,1000.55473517772
CYP,2000,3710.47906940738,917.39658804805
CYP,2001,4097.83425278761,975.084977295228
CYP,2002,4086.43612639006,849.71508877982
CYP,2003,4487.19919694034,925.486624576574
CYP,2004,5730.13583882911,1171.1440399865
CYP,2005,6296.4258,1457.7779
CYP,2006,6931.7801,1330.6915
CYP,2007,8634.8587,1391.4239
CYP,2008,10675.2494,1638.1434
CYP,2009,7835.1275,1256.5758
CYP,2010,8560.7551,1315.7286
CYP,2011,8631.8614,1691.4075
CYP,2012,7264.4099,1615.0159
CYP,2013,6295.5513,1887.4036
CYP,2014,6722.0116,1683.1802
CZE,1918,,
CZE,1919,90.0,85.0
CZE,1920,271.4617309570313,320.1856079101563
CZE,1921,298.4125061035156,371.1477966308594
CZE,1922,326.6698913574219,475.1452026367188
CZE,1923,212.0932922363281,272.5009765625
CZE,1924,467.6991271972656,502.5073852539063
CZE,1925,528.5928344726562,564.6864624023438
CZE,1926,452.2498474121094,528.6264038085938
CZE,1927,531.7347412109375,596.062744140625
CZE,1928,568.6204833984375,628.30078125
CZE,1929,591.7110595703125,606.83837890625
CZE,1930,464.7720642089844,518.0580444335938
CZE,1931,349.3487243652344,389.2539978027344
CZE,1932,220.8407287597656,217.288330078125
CZE,1933,221.5431671142578,223.071044921875
CZE,1934,295.3488464355469,338.1395263671875
CZE,1935,280.9364624023438,309.3645629882813
CZE,1936,326.7080688476563,331.262939453125
CZE,1937,387.3239440917969,422.5352172851563
CZE,1938,294.4892883300781,358.0203552246094
CZE,1939,231.6999969482422,355.0
CZE,1945,40.40000152587891,151.8000030517578
CZE,1946,205.6000061035156,286.5
CZE,1947,576.7000122070312,286.5
CZE,1948,825.0999755859375,746.2000122070312
CZE,1949,681.4000244140625,806.2999877929688
CZE,1950,639.4000244140625,779.0
CZE,1951,896.7000122070312,845.2999877929688
CZE,1952,876.0,874.2000122070312
CZE,1953,879.2000122070312,993.5999755859375
CZE,1954,932.9000244140625,1005.400024414063
CZE,1955,1157.900024414063,1176.099975585938
CZE,1956,1304.099975585938,1387.5
CZE,1957,1525.5,1358.199951171875
CZE,1958,1357.300048828125,1513.300048828125
CZE,1959,1602.5,1727.199951171875
CZE,1960,14.74,23.8
CZE,1961,15.62,14.8
CZE,1962,21.12,14.1
CZE,1963,8.03,8.0
CZE,1964,2429.18994140625,2575.889892578125
CZE,1965,2672.0,2688.68994140625
CZE,1966,2736.18994140625,2745.18994140625
CZE,1967,2680.06005859375,2864.159912109375
CZE,1968,3077.0,3005.0
CZE,1969,3294.0,3319.0
CZE,1970,3695.0,3792.0
CZE,1971,4010.0,4180.0
CZE,1972,4662.41015625,4915.2900390625
CZE,1973,6137.43994140625,6035.43994140625
CZE,1974,7532.169921875,7053.3798828125
CZE,1975,9105.509765625,8382.51953125
CZE,1976,9706.33984375,9035.01953125
CZE,1977,11186.6103515625,10302.3798828125
CZE,1978,12604.16015625,11739.990234375
CZE,1979,14360.1103515625,13197.5302734375
CZE,1980,16736.0908,14923.218
CZE,1981,16097.2284,14788.465
CZE,1982,12524.0765724704,11779.5442114859
CZE,1983,12921.3980582524,12319.0114739629
CZE,1984,11898.2818145323,11220.5539943798
CZE,1985,12266.0910151692,11385.9393232205
CZE,1986,14684.9633088726,13050.8338892595
CZE,1987,16294.6818486269,14574.4869999391
CZE,1988,15986.2752378742,14638.663262938
CZE,1989,15530.1854414614,14109.3827843897
CZE,1990,15069.714073524,11654.047530635
CZE,1991,11263.6417606649,10896.0393520482
CZE,1992,13946.4105,12319.837
CZE,1993,13805.3422749437,11773.5568647864
CZE,1994,16325.0231741933,14280.6545009959
CZE,1995,22973.1768449356,17177.4205956785
CZE,1996,30704.8548324068,22152.5062216725
CZE,1997,29719.0323532744,22516.8073706296
CZE,1998,31777.3556716308,26419.9005498719
CZE,1999,31148.3215073255,26238.5097259125
CZE,2000,34808.2950096217,28922.6014121275
CZE,2001,39324.2484169432,33270.9366647157
CZE,2002,43941.9825097969,38080.4649528274
CZE,2003,56128.115140558,48497.0621787373
CZE,2004,68170.5886695902,67130.6593567781
CZE,2005,76506.4617033182,78137.328956724
CZE,2006,93342.8863,95034.9091319966
CZE,2007,,
CZE,2008,,
CZE,2009,,
CZE,2010,125905.5568,132292.997
CZE,2011,151343.527,161707.8078
CZE,2012,140893.59,155435.8036
CZE,2013,143747.7495,160340.0048
CZE,2014,151649.4212,171796.7523
DDR,1954,1099.699951171875,1286.099975585938
DDR,1955,1179.099975585938,1294.599975585938
DDR,1956,1338.099975585938,1414.800048828125
DDR,1957,1634.300048828125,1833.900024414063
DDR,1958,1703.099975585938,1914.699951171875
DDR,1959,2017.199951171875,2141.5
DDR,1960,13.5,20.7
DDR,1961,11.2,14.8
DDR,1962,2407.5,2378.0
DDR,1963,2330.60009765625,2713.10009765625
DDR,1964,2633.68994140625,2931.60009765625
DDR,1965,2809.68994140625,3069.800048828125
DDR,1966,3215.10009765625,3205.0
DDR,1967,3278.889892578125,3456.10009765625
DDR,1968,3392.0,3791.18994140625
DDR,1969,4104.60009765625,4153.2001953125
DDR,1970,4847.0400390625,4581.08984375
DDR,1971,4981.06982421875,5076.41015625
DDR,1972,5904.58984375,6183.7001953125
DDR,1973,7853.52001953125,7520.5
DDR,1974,9646.3896484375,8748.0302734375
DDR,1975,11505.0,10195.0
DDR,1976,13514.0,11645.0
DDR,1977,14251.7099609375,11955.7099609375
DDR,1978,18575.08984375,16912.080078125
DDR,1979,16214.0,15063.0
DDR,1980,19082.0,17312.0
DDR,1981,6150.89474568142,5273.220143397311
DDR,1982,4693.24581097755,5018.52408398322
DDR,1983,5056.98335166949,5126.82028628431
DDR,1984,4831.36128412962,4834.206795371139
DDR,1985,13749.671,15230.83
DDR,1986,14205.509,14320.283
DDR,1987,18686.006,18127.778
DDR,1988,22609.633,21703.796
DDR,1989,22238.855,22218.877
DDR,1990,,
DDR,2007,,
DDR,2008,,
DDR,2009,,
DEU,1870,484.2300109863281,506.7900085449219
DEU,1871,502.2999877929688,525.7100219726562
DEU,1872,520.3800048828125,544.6300048828125
DEU,1873,538.4600219726562,563.5499877929688
DEU,1874,556.530029296875,582.469970703125
DEU,1875,574.6099853515625,601.3900146484375
DEU,1876,592.6900024414062,620.3099975585938
DEU,1877,610.760009765625,639.22998046875
DEU,1878,628.8400268554688,658.1500244140625
DEU,1879,646.9199829101562,677.0700073242188
DEU,1880,671.3200073242188,689.0999755859375
DEU,1881,705.1900024414062,708.52001953125
DEU,1882,744.8200073242188,759.3300170898438
DEU,1883,776.760009765625,778.780029296875
DEU,1884,776.0700073242188,762.760009765625
DEU,1885,700.780029296875,680.75
DEU,1886,679.4326171875,703.5460815429688
DEU,1887,724.7086181640625,731.0023193359375
DEU,1888,767.2169799804688,756.367919921875
DEU,1889,944.7058715820312,745.1764526367188
DEU,1890,993.0232543945312,793.0232543945312
DEU,1891,965.3488159179688,738.6046752929688
DEU,1892,941.3145751953125,693.42724609375
DEU,1893,938.862548828125,732.701416015625
DEU,1894,929.7169799804688,698.3490600585938
DEU,1895,1011.90478515625,814.2857055664062
DEU,1896,1018.203308105469,833.3333129882812
DEU,1897,1098.826293945313,853.286376953125
DEU,1898,1185.981323242188,877.8037109375
DEU,1899,1273.426513671875,982.9837036132812
DEU,1900,1398.148193359375,1099.536987304688
DEU,1901,1263.636352539063,1032.8671875
DEU,1902,1324.941162109375,1100.705932617188
DEU,1903,1409.154907226563,1177.230102539063
DEU,1904,1502.127685546875,1234.751831054688
DEU,1905,1701.670654296875,1367.541748046875
DEU,1906,1914.31982421875,1517.6611328125
DEU,1907,2077.197265625,1626.365844726563
DEU,1908,1824.523803710938,1523.571411132813
DEU,1909,2028.333374023438,1570.714233398438
DEU,1910,2327.5,1911.050048828125
DEU,1911,2300.0,1925.415649414063
DEU,1912,2541.428466796875,2135.0
DEU,1913,2569.593017578125,2403.04541015625
DEU,1914,,
DEU,1915,,
DEU,1916,,
DEU,1917,,
DEU,1918,,
DEU,1919,,
DEU,1920,935.8099975585938,883.5499877929688
DEU,1921,1365.380004882813,708.969970703125
DEU,1922,1498.369995117188,1473.68994140625
DEU,1923,1463.550048828125,1453.56005859375
DEU,1924,2167.780517578125,1563.72314453125
DEU,1925,2951.677978515625,2094.7392578125
DEU,1926,2380.05712890625,2478.343505859375
DEU,1927,3381.178466796875,2566.77734375
DEU,1928,3340.730224609375,2929.1337890625
DEU,1929,3201.666748046875,3210.23828125
DEU,1930,2480.916015625,2862.595458984375
DEU,1931,1589.555786132813,2268.19482421875
DEU,1932,1108.05029296875,1362.859130859375
DEU,1933,1282.880737304688,1486.420532226563
DEU,1934,1752.362182617188,1640.551147460938
DEU,1935,1667.0,1719.0
DEU,1936,1699.435913085938,1921.031372070313
DEU,1937,2198.6328125,2376.75927734375
DEU,1938,2222.0,2162.0
DEU,1939,2086.137939453125,2264.82373046875
DEU,1940,2005.602294921875,1947.578979492188
DEU,1941,351.1129150390625,346.80322265625
DEU,1942,3504.838623046875,3047.98388671875
DEU,1943,3329.838623046875,3462.9033203125
DEU,1944,2753.225830078125,2729.0322265625
DEU,1945,,
DEU,1955,5680.0,6090.0
DEU,1956,6530.0,7300.0
DEU,1957,7420.0,8510.0
DEU,1958,7290.0,8750.0
DEU,1959,8370.0,9750.0
DEU,1960,10013.0,11381.0
DEU,1961,10882.0,12650.0
DEU,1962,12240.0,13235.0
DEU,1963,12952.0,14587.0
DEU,1964,14635.0,16176.0
DEU,1965,17536.0,17857.0
DEU,1966,18155.0,20147.0
DEU,1967,17537.0,21752.0
DEU,1968,20297.0,24885.0
DEU,1969,25108.0,29114.0
DEU,1970,29956.0,34230.0
DEU,1971,34401.0,38966.0
DEU,1972,40381.1,46732.0
DEU,1973,54908.1,67600.0
DEU,1974,69602.2,89210.0
DEU,1975,74919.7,90099.0
DEU,1976,88140.0,101920.6
DEU,1977,101418.7,117998.1
DEU,1978,121804.7,142598.7
DEU,1979,159835.1,172045.7
DEU,1980,188003.8,192843.4
DEU,1981,163891.8,176072.5
DEU,1982,155372.2,176418.2
DEU,1983,152936.8,169423.8
DEU,1984,153002.5,171711.7
DEU,1985,158485.1,183902.7
DEU,1986,191065.3,243301.6
DEU,1987,228336.0,294138.1
DEU,1988,250553.8,323336.3
DEU,1989,269666.324201668,341360.389265042
DEU,1990,346464.091235484,409229.690401557
DEU,1991,390110.720484045,403170.113127225
DEU,1992,403878.810699869,425304.733413701
DEU,1993,329783.614591244,364259.346136934
DEU,1994,371579.161581088,421405.780706367
DEU,1995,443776.525574216,509305.830070989
DEU,1996,444548.284623845,512760.452330749
DEU,1997,436483.9602141,511491.440268194
DEU,1998,463280.989170717,540765.83443446
DEU,1999,464286.369070141,535559.998734076
DEU,2000,500283.319,548893.938
DEU,2001,492658.624948612,570454.9786096601
DEU,2002,493637.955,613059.033
DEU,2003,596483.029,742177.212
DEU,2004,718242.789,911809.695
DEU,2005,776937.539,977088.006
DEU,2006,907448.0815,1108898.954
DEU,2007,1055849.1022,1322186.2536
DEU,2008,1185755.2004,1449262.0199
DEU,2009,925804.3582,1120610.3438
DEU,2010,1042433.7244,1195981.2564
DEU,2011,1240151.4101,1393885.8002
DEU,2012,1148937.7695,1320624.8882
DEU,2013,1176956.8128,1365713.4895
DEU,2014,1202804.2925,1418624.7152
DJI,1960,,0.51
DJI,1961,,1.5
DJI,1962,,1.4
DJI,1963,,0.8
DJI,1964,,1.4
DJI,1965,,2.6
DJI,1966,,4.3
DJI,1967,,3.05
DJI,1968,,3.615
DJI,1969,,2.94
DJI,1970,,2.117
DJI,1971,,4.336
DJI,1972,,5.444
DJI,1973,,11.918
DJI,1974,,16.525
DJI,1975,,27.979
DJI,1976,,27.786
DJI,1977,,59.308
DJI,1978,,38.798
DJI,1979,,21.673
DJI,1980,,40.0997188015833
DJI,1981,263.320019389632,23.9954545454545
DJI,1982,287.1484,17.8241718566284
DJI,1983,252.988,31.1564722452501
DJI,1984,227.617,31.6172620501272
DJI,1985,309.405889883263,23.510696962838
DJI,1986,184.339498427829,31.480707773393
DJI,1987,205.304944266575,36.2254466827635
DJI,1988,201.276157572825,51.9954652999274
DJI,1989,196.493380073261,47.97513312600211
DJI,1990,214.84799207747,59.4716813083554
DJI,1991,214.43,95.0283025714143
DJI,1992,470.011381344451,95.6864370085819
DJI,1993,463.052874930793,114.367478769915
DJI,1994,391.874951192547,126.773605539201
DJI,1995,440.374517382331,95.428213380942
DJI,1996,410.245030564288,116.187383852252
DJI,1997,401.665735627144,102.018696235972
DJI,1998,565.211794020293,125.188985693139
DJI,1999,617.287307506022,151.081048772878
DJI,2000,614.2981829151439,151.522120614976
DJI,2001,715.989263853056,237.326654714468
DJI,2002,670.868168604504,208.852423024788
DJI,2003,867.564614221732,245.464350851755
DJI,2004,903.019007482422,253.696321602237
DJI,2005,1206.44308366038,273.592747860336
DJI,2006,1577.89778618085,359.812585419102
DJI,2007,1999.43959674495,364.598108099156
DJI,2008,2538.67900793222,436.292700504101
DJI,2009,2358.75882116462,381.267646606615
DJI,2010,2762.27902156361,465.050516388663
DJI,2011,3511.15306261942,534.127088422199
DJI,2012,4108.1063537838,523.082182505909
DJI,2013,3982.44466923904,535.9194598361701
DJI,2014,4233.54487292377,553.424067173663
DMA,1960,,
DMA,1961,,
DMA,1962,,
DMA,1963,,
DMA,1964,,
DMA,1965,,
DMA,1966,,
DMA,1967,,
DMA,1968,,
DMA,1969,,
DMA,1970,,
DMA,1971,,
DMA,1972,,
DMA,1973,,
DMA,1974,,
DMA,1975,,
DMA,1976,19.06,11.113
DMA,1977,21.879,11.959
DMA,1978,28.434,15.886
DMA,1979,22.21,9.402
DMA,1980,47.675,9.742
DMA,1981,38.0699,32.48363636363636
DMA,1982,47.476,25.559
DMA,1983,45.071,27.47
DMA,1984,57.8491881695615,25.65812815764409
DMA,1985,55.3245466871573,28.43173223275246
DMA,1986,55.8098992695944,43.4832174154598
DMA,1987,66.3762311111111,48.05355777777776
DMA,1988,87.5311066666666,55.55316481481476
DMA,1989,107.075047037037,45.1343844444444
DMA,1990,117.92328962963,55.03257925925927
DMA,1991,122.6598580888889,53.02508742839299
DMA,1992,109.3529307743176,54.05137037037032
DMA,1993,97.08007253201063,48.77296644112354
DMA,1994,99.7645238203704,48.4006427609427
DMA,1995,121.488076306463,46.64096707070705
DMA,1996,134.874145474858,53.08556597306399
DMA,1997,134.4970370370371,51.35259259259257
DMA,1998,132.219259259259,61.10074074074085
DMA,1999,140.224814814815,54.66740740740744
DMA,2000,147.277777777778,54.08296296296295
DMA,2001,130.895185185185,43.5240740740741
DMA,2002,204.704865380522,60.61300937355841
DMA,2003,200.701681549175,60.9616185531964
DMA,2004,227.615107697702,68.0074346908951
DMA,2005,270.018821056023,83.7652095907331
DMA,2006,302.525299288992,90.6223484505624
DMA,2007,386.649538047587,115.180728275637
DMA,2008,704.6612635558539,192.658723639687
DMA,2009,411.810591053166,167.479880014997
DMA,2010,596.634895622306,155.906418939468
DMA,2011,544.481386404989,200.343745717045
DMA,2012,572.114319440538,209.193859236787
DMA,2013,524.319656037688,197.509762564617
DMA,2014,585.542708837105,172.718178544386
DNK,1870,91.57894897460938,83.15789794921875
DNK,1871,103.1578979492188,77.89473724365234
DNK,1872,52.91005325317383,46.82539749145508
DNK,1873,52.53333282470703,46.40000152587891
DNK,1874,62.4900016784668,48.20999908447266
DNK,1875,31.02000045776367,46.11999893188477
DNK,1876,61.34000015258789,48.40999984741211
DNK,1877,60.40000152587891,44.02000045776367
DNK,1878,51.02000045776367,41.04999923706055
DNK,1879,53.33000183105469,42.36999893188477
DNK,1880,60.93999862670898,52.68000030517578
DNK,1881,65.70999908447266,49.16999816894531
DNK,1882,67.8499984741211,50.38000106811523
DNK,1883,77.30999755859375,53.56999969482422
DNK,1884,73.4800033569336,47.81000137329102
DNK,1885,58.07291793823242,34.63541793823242
DNK,1886,49.60422134399414,36.67546081542969
DNK,1887,57.70235061645508,40.20887756347656
DNK,1888,64.81481170654297,41.53439331054688
DNK,1889,70.71240234375,45.64643859863281
DNK,1890,69.97389221191406,50.91383743286133
DNK,1891,76.36363983154297,54.28571319580078
DNK,1892,73.29843139648438,54.45026016235352
DNK,1893,75.3315658569336,52.51989364624023
DNK,1894,81.00263977050781,58.57519912719727
DNK,1895,97.33663177490234,71.89278411865234
DNK,1896,85.06666564941406,58.40000152587891
DNK,1897,86.01583099365234,64.11609649658203
DNK,1898,96.3254623413086,62.72966003417969
DNK,1899,104.4386444091797,70.49608612060547
DNK,1900,136.4774627685547,101.9611434936523
DNK,1901,103.6553497314453,75.97911071777344
DNK,1902,114.2105255126953,83.68421173095703
DNK,1903,116.5354309082031,92.3884506225586
DNK,1904,123.2804260253906,94.97354125976562
DNK,1905,166.4508056640625,142.6598968505859
DNK,1906,149.8659515380859,105.6300277709961
DNK,1907,159.8404235839844,110.9042587280273
DNK,1908,146.1538391113281,116.7108764648438
DNK,1909,151.1999969482422,118.4000015258789
DNK,1910,176.2250061035156,152.2449951171875
DNK,1911,170.2185821533203,146.7213134765625
DNK,1912,202.4657592773438,163.5616455078125
DNK,1913,229.2051239013672,192.9769592285156
DNK,1914,221.0,241.0
DNK,1915,321.5,313.5
DNK,1916,359.047607421875,346.1904907226563
DNK,1917,286.1904907226563,281.4285583496094
DNK,1918,250.0,196.6666717529297
DNK,1919,681.4500122070312,248.5700073242188
DNK,1920,511.1135864257813,309.1921691894531
DNK,1921,454.9597778320313,378.0160827636719
DNK,1922,325.3037414550781,246.3343048095703
DNK,1923,372.975341796875,282.6238708496094
DNK,1924,395.6521606445313,330.4347839355469
DNK,1925,439.9458923339844,378.0322875976563
DNK,1926,401.985107421875,348.8833618164063
DNK,1927,443.2000122070313,385.8666687011719
DNK,1928,465.9517517089844,414.2091064453125
DNK,1929,479.6791381835938,432.0855712890625
DNK,1930,462.7696533203125,432.5250244140625
DNK,1931,372.1151733398438,320.7457275390625
DNK,1932,214.8775939941406,204.8964233398438
DNK,1933,241.6030578613281,221.9465637207031
DNK,1934,309.6109924316406,269.1075439453125
DNK,1935,292.0,279.0
DNK,1936,327.3127746582031,292.2907409667969
DNK,1937,367.1052551269531,348.4649047851563
DNK,1938,354.0,335.0
DNK,1939,379.5,344.1000061035156
DNK,1940,266.3442993164063,293.423583984375
DNK,1945,145.0,188.3333282470703
DNK,1946,593.0,337.1000061035156
DNK,1947,643.9000244140625,482.0
DNK,1948,709.0,562.0
DNK,1949,801.0,664.0
DNK,1950,846.0,654.0
DNK,1951,1006.0,822.0
DNK,1952,956.0,836.0
DNK,1953,994.0,882.0
DNK,1954,1166.0,951.0
DNK,1955,1176.0,1047.0
DNK,1956,1308.0,1098.0
DNK,1957,1356.0,1161.0
DNK,1958,1345.0,1259.0
DNK,1959,1599.0,1395.0
DNK,1960,1797.6,1482.3
DNK,1961,1867.8,1534.6
DNK,1962,2125.6,1655.3
DNK,1963,2125.7,1899.9
DNK,1964,2609.9,2112.7
DNK,1965,2819.6,2315.0
DNK,1966,3000.6,2450.2
DNK,1967,3149.6,2530.0
DNK,1968,3221.3,2631.4
DNK,1969,3812.45,3014.23
DNK,1970,4404.29,3350.74
DNK,1971,4613.54,3681.1
DNK,1972,5051.51,4407.22
DNK,1973,7791.08,6250.34
DNK,1974,9876.81,7715.62
DNK,1975,10367.35,8713.45
DNK,1976,12421.39,9111.98
DNK,1977,13236.8,10064.2
DNK,1978,14814.72,11885.98
DNK,1979,18407.24,14694.22
DNK,1980,19409.69,16974.46
DNK,1981,17565.24,16085.89
DNK,1982,16690.78,15396.82
DNK,1983,16265.72,16051.92
DNK,1984,16607.35,15929.38
DNK,1985,18222.65,17069.82
DNK,1986,22844.11,21158.48
DNK,1987,25442.39,25588.56
DNK,1988,26194.45,27436.7119913615
DNK,1989,26297.166199104,27748.7015286655
DNK,1990,31371.7006952096,34037.2292434918
DNK,1991,31906.4212886366,35093.657280307
DNK,1992,35216.61753272361,41138.7616830109
DNK,1993,29508.3076941268,35916.5932952023
DNK,1994,33928.8448179191,39822.71098094461
DNK,1995,42230.37156915831,47494.8815084101
DNK,1996,40936.7451108774,47119.1896534925
DNK,1997,44469.9059511686,48775.19731302749
DNK,1998,45900.8322853697,47909.9649893943
DNK,1999,44610.057,49355.429
DNK,2000,45530.02355133,50761.424317932
DNK,2001,44270.9099412549,51003.5102561407
DNK,2002,48644.2817171869,56025.3595839495
DNK,2003,56299.3763098959,65833.5466947865
DNK,2004,66737.0085521919,76020.37926531599
DNK,2005,75434.6451756901,84972.3301
DNK,2006,85557.1674639575,92611.0753
DNK,2007,98106.8734,103139.6888
DNK,2008,109456.8506,117120.0513
DNK,2009,83037.664,94041.7218
DNK,2010,80993.0207,93787.3777
DNK,2011,94147.8087,107732.117
DNK,2012,90562.4247,103344.6393
DNK,2013,94089.9455,107494.3642
DNK,2014,95356.6143,108015.9759
DOM,1894,2.900000095367432,5.400000095367432
DOM,1895,3.0,5.0
DOM,1896,3.400000095367432,4.400000095367432
DOM,1897,3.400000095367432,9.300000190734863
DOM,1898,3.400000095367432,11.60000038146973
DOM,1899,3.5,11.0
DOM,1900,3.400000095367432,11.60000038146973
DOM,1901,2.329999923706055,5.050000190734863
DOM,1902,2.430000066757202,5.519999980926514
DOM,1903,2.539999961853027,5.980000019073486
DOM,1904,2.730000019073486,6.889999866485596
DOM,1905,3.089999914169312,6.889999866485596
DOM,1906,4.28000020980835,6.539999961853027
DOM,1907,5.449999809265137,7.630000114440918
DOM,1908,4.900000095367432,9.600000381469727
DOM,1909,4.400000095367432,8.600000381469727
DOM,1910,6.300000190734863,10.80000019073486
DOM,1911,6.900000095367432,11.0
DOM,1912,8.199999809265137,12.39999961853027
DOM,1913,9.270000457763672,10.47000026702881
DOM,1914,6.75,10.60000038146973
DOM,1915,9.100000381469727,15.19999980926514
DOM,1916,11.09523773193359,20.80952453613281
DOM,1924,,
DOM,1925,25.32999992370606,26.77000045776367
DOM,1926,23.67000007629395,24.88999938964844
DOM,1927,27.78000068664551,31.17000007629395
DOM,1928,26.78000068664551,28.75
DOM,1929,22.71999931335449,23.72999954223633
DOM,1930,15.22000026702881,18.54999923706055
DOM,1931,10.19999980926514,13.10000038146973
DOM,1932,7.800000190734863,11.0
DOM,1933,9.300000190734863,9.399999618530273
DOM,1934,10.60000038146973,12.60000038146973
DOM,1935,10.0,16.0
DOM,1936,9.899999618530273,14.80000019073486
DOM,1937,11.69999980926514,17.89999961853027
DOM,1938,11.0,15.0
DOM,1939,11.60000038146973,18.39999961853027
DOM,1940,10.5,18.0
DOM,1941,11.69999980926514,16.60000038146973
DOM,1942,11.5,19.79999923706055
DOM,1943,14.39999961853027,36.20000076293945
DOM,1944,18.5,60.20000076293945
DOM,1945,18.10000038146973,43.5
DOM,1946,27.70000076293945,64.80000305175781
DOM,1947,53.40000152587891,83.19999694824219
DOM,1948,70.80000305175781,81.5
DOM,1949,49.0,72.30000305175781
DOM,1950,46.70000076293945,85.0
DOM,1951,62.5,116.8000030517578
DOM,1952,105.1999969482422,114.5
DOM,1953,95.19999694824219,104.8000030517578
DOM,1954,90.80000305175781,119.8000030517578
DOM,1955,107.4000015258789,114.6999969482422
DOM,1956,119.0999984741211,123.9000015258789
DOM,1957,117.0,161.0
DOM,1958,130.0,128.0
DOM,1959,128.1999969482422,128.6000061035156
DOM,1960,95.92,180.2
DOM,1961,76.34,141.8
DOM,1962,58.0,172.82
DOM,1963,175.06,174.68
DOM,1964,192.0,171.79
DOM,1965,87.77,124.22
DOM,1966,111.71,137.76
DOM,1967,192.07,156.9
DOM,1968,217.95,164.94
DOM,1969,217.0,182.6
DOM,1970,278.0,213.57
DOM,1971,310.0,243.02
DOM,1972,321.0,347.44
DOM,1973,485.0,442.12
DOM,1974,774.0,635.8
DOM,1975,889.0,893.86
DOM,1976,878.0,716.15
DOM,1977,925.73,771.77
DOM,1978,941.92,673.42
DOM,1979,1161.26,874.85
DOM,1980,1573.7,964.35
DOM,1981,1556.02,1181.12
DOM,1982,1375.22,809.04
DOM,1983,1405.45,803.62
DOM,1984,1382.72,874.85
DOM,1985,1415.2,775.778
DOM,1986,1504.16,729.388
DOM,1987,1721.5,733.114
DOM,1988,1768.8,930.539
DOM,1989,2171.07,956.363
DOM,1990,2194.16535624938,743.805
DOM,1991,2308.52418266697,660.729
DOM,1992,2726.77549239736,566.107
DOM,1993,3067.11032734282,567.777
DOM,1994,5129.5684,3364.281
DOM,1995,5445.7601,3438.482
DOM,1996,6304.4696,3922.674
DOM,1997,7624.7279537,4779.487001
DOM,1998,8352.781654800001,4980.499844
DOM,1999,8844.0348689,5136.706002
DOM,2000,10426.383200871,5736.677998
DOM,2001,9657.208769120001,5276.28159529999
DOM,2002,9721.46847313399,5164.9716
DOM,2003,8389.478403328,5470.853
DOM,2004,8676.840546989999,5935.8563592
DOM,2005,10856.3411534477,6144.885892231579
DOM,2006,13391.3013829851,6609.75375601974
DOM,2007,14955.8909396512,7160.234088946279
DOM,2008,17592.5188287772,6748.03388414384
DOM,2009,13525.5068643626,5483.1909999
DOM,2010,17038.0547439906,6753.68859999999
DOM,2011,19149.5350176108,8491.84100000001
DOM,2012,19513.7870767492,9068.535
DOM,2013,18560.4920591088,9651.1928
DOM,2014,19043.1075729851,10236.2718608829
DZA,1960,1260.0,393.2
DZA,1961,1010.6,364.7
DZA,1962,690.0,752.0
DZA,1963,683.0,759.0
DZA,1964,701.0,727.0
DZA,1965,671.0,637.0
DZA,1966,638.6,621.2
DZA,1967,635.5,723.2
DZA,1968,807.3,830.6
DZA,1969,994.3,929.7
DZA,1970,1242.7,1000.5
DZA,1971,1221.24,852.41
DZA,1972,1472.96,1287.1
DZA,1973,2408.89,1888.03
DZA,1974,4246.62,4684.85
DZA,1975,6014.92,4699.46
DZA,1976,5338.26,5331.89
DZA,1977,7053.31,5792.17
DZA,1978,8600.55,6266.39
DZA,1979,8402.65,9863.13
DZA,1980,10558.88,15621.27
DZA,1981,11266.98,13296.05
DZA,1982,10737.86,11475.88
DZA,1983,10395.43,13016.06
DZA,1984,10481.7474804797,13054.6222385007
DZA,1985,9843.54,12502.11
DZA,1986,9228.07,7360.81
DZA,1987,7042.27,8582.33
DZA,1988,7462.509,8154.181
DZA,1989,9225.549,8953.333
DZA,1990,9679.131,11008.838
DZA,1991,7683.286,11771.069
DZA,1992,8647.869,11136.802
DZA,1993,8761.206,10099.883
DZA,1994,9570.628,8591.748
DZA,1995,10782.4469,9356.681076
DZA,1996,9105.615,11099.194
DZA,1997,8692.34562781645,13730.6052313434
DZA,1998,9403.61553341585,10025.2986213721
DZA,1999,9172.86298867237,12740.0275408334
DZA,2000,9026.89392224157,21871.2386656133
DZA,2001,9749.541102370791,18319.1550824055
DZA,2002,11808.7220757788,18838.7057950551
DZA,2003,15357.1398055788,24963.2048197551
DZA,2004,18170.4601958198,31284.2033808625
DZA,2005,19851.7847884277,46048.0240182536
DZA,2006,21372.3336263743,54548.78351645089
DZA,2007,27312.106669595,59173.8755286577
DZA,2008,39364.4140495498,79279.7511116296
DZA,2009,40724.66350145501,45188.269722828
DZA,2010,40488.9134220851,57063.7966695787
DZA,2011,47197.7170962095,73411.9238453269
DZA,2012,50400.995641586,71888.6131676306
DZA,2013,54875.359302564,65933.5662450426
DZA,2014,60201.0162196895,53343.7874842732
ECU,1870,3.700000047683716,3.809999942779541
ECU,1871,3.779999971389771,3.859999895095825
ECU,1872,3.869999885559082,3.910000085830689
ECU,1873,3.950000047683716,3.950000047683716
ECU,1874,4.039999961853027,4.0
ECU,1875,4.119999885559082,4.050000190734863
ECU,1876,4.199999809265137,4.099999904632568
ECU,1877,4.289999961853027,4.150000095367432
ECU,1878,4.369999885559082,4.199999809265137
ECU,1879,4.460000038146973,4.25
ECU,1880,4.539999961853027,4.289999961853027
ECU,1881,4.619999885559082,4.340000152587891
ECU,1882,4.710000038146973,4.389999866485596
ECU,1883,4.789999961853027,4.440000057220459
ECU,1884,7.378640651702881,9.708738327026367
ECU,1885,5.449999809265137,4.539999961853027
ECU,1886,5.78000020980835,4.590000152587891
ECU,1887,6.110000133514404,7.079999923706055
ECU,1888,6.440000057220459,6.360000133514404
ECU,1889,7.080291748046875,5.766423225402832
ECU,1890,7.246376991271973,7.072463989257813
ECU,1891,5.179856300354004,5.323740959167481
ECU,1892,5.915493011474609,8.450704574584961
ECU,1893,8.943089485168457,12.19512176513672
ECU,1894,9.756097793579102,11.30081272125244
ECU,1895,6.926829338073731,9.430893898010254
ECU,1896,14.63414669036865,17.88617897033691
ECU,1897,8.73786449432373,15.04854393005371
ECU,1898,4.782608509063721,6.763285160064697
ECU,1899,4.830917835235596,8.212560653686523
ECU,1900,6.521739006042481,7.584540843963623
ECU,1901,7.246376991271973,7.729468822479248
ECU,1902,6.796116352081299,8.73786449432373
ECU,1903,5.314009666442871,9.178744316101074
ECU,1904,7.317073345184326,11.21951198577881
ECU,1905,7.751231670379639,9.14581298828125
ECU,1906,8.374383926391602,10.83743858337402
ECU,1907,9.90099048614502,11.38613891601563
ECU,1908,10.44776153564453,13.43283557891846
ECU,1909,9.35960578918457,12.31527137756348
ECU,1910,8.239999771118164,17.13500022888184
ECU,1911,9.35960578918457,12.80788135528565
ECU,1912,10.49655151367188,13.87586212158203
ECU,1913,9.003960609436035,16.08316802978516
ECU,1914,8.350000381469727,12.94999980926514
ECU,1915,8.649999618530273,13.25
ECU,1916,9.142857551574707,17.23809432983398
ECU,1917,9.952381134033203,16.0
ECU,1918,7.952381134033203,13.09523773193359
ECU,1919,11.6899995803833,21.04000091552734
ECU,1920,19.07806968688965,21.88245582580566
ECU,1921,6.557376861572266,9.289617538452148
ECU,1922,8.374383926391602,11.33004951477051
ECU,1923,8.149779319763184,8.370043754577637
ECU,1924,12.53012084960938,14.69879531860352
ECU,1925,10.89108943939209,14.45544528961182
ECU,1926,10.58558559417725,14.41441440582275
ECU,1927,10.44871807098389,17.58809471130371
ECU,1928,16.10174751281738,19.10271835327148
ECU,1929,16.96699905395508,17.20739936828613
ECU,1930,12.79619979858398,16.1294002532959
ECU,1931,8.800000190734863,11.39999961853027
ECU,1932,5.0,9.800000190734863
ECU,1933,5.309999942779541,7.380000114440918
ECU,1934,7.829999923706055,12.05000019073486
ECU,1935,9.699999809265137,11.35000038146973
ECU,1936,11.1899995803833,13.89999961853027
ECU,1937,11.97000026702881,14.92000007629395
ECU,1938,11.0600004196167,12.60999965667725
ECU,1939,9.899999618530273,8.5
ECU,1940,10.69999980926514,8.600000381469727
ECU,1941,10.0,11.39999961853027
ECU,1942,13.80000019073486,18.5
ECU,1943,15.39999961853027,25.89999961853027
ECU,1944,23.60000038146973,31.39999961853027
ECU,1945,23.89999961853027,26.89999961853027
ECU,1946,30.70000076293945,38.0
ECU,1947,44.70000076293945,44.0
ECU,1948,53.40000152587891,46.90000152587891
ECU,1949,49.20000076293945,34.09999847412109
ECU,1950,44.29999923706055,67.0999984741211
ECU,1951,58.90000152587891,55.40000152587891
ECU,1952,62.79999923706055,78.80000305175781
ECU,1953,68.30000305175781,74.80000305175781
ECU,1954,94.30000305175781,100.3000030517578
ECU,1955,98.69999694824219,89.80000305175781
ECU,1956,88.30000305175781,94.30000305175781
ECU,1957,93.5999984741211,98.5999984741211
ECU,1958,93.0,133.0
ECU,1959,87.0,140.0
ECU,1960,111.1,93.3
ECU,1961,109.56,96.5
ECU,1962,103.84,116.8
ECU,1963,139.37,129.8
ECU,1964,160.05,129.7
ECU,1965,165.41,131.97
ECU,1966,174.12,139.72
ECU,1967,214.22,158.09
ECU,1968,255.48,195.19
ECU,1969,241.97,152.44
ECU,1970,273.84,210.3
ECU,1971,341.22,216.77
ECU,1972,318.72,327.47
ECU,1973,397.33,532.75
ECU,1974,678.49,1123.99
ECU,1975,995.57,935.86
ECU,1976,969.08,1263.03
ECU,1977,1188.51,1439.91
ECU,1978,1505.17,1562.28
ECU,1979,1599.67,2109.8
ECU,1980,2253.26,2483.2
ECU,1981,2246.04,2540.27
ECU,1982,1988.19,2139.89
ECU,1983,1465.18,2227.46
ECU,1984,1767.33,2580.07
ECU,1985,1857.23,2905.61
ECU,1986,1811.31,2171.08
ECU,1987,2228.96,1998.57
ECU,1988,1713.5265,2192.9045
ECU,1989,1871.1181,2353.9013
ECU,1990,1861.7496,2714.4309
ECU,1991,2398.7791,2851.4153
ECU,1992,2501.1579,3007.9185
ECU,1993,2552.728,3020.135
ECU,1994,3622.035,3843.3654
ECU,1995,4193.023,4357.8143
ECU,1996,3733.044668,4892.329613
ECU,1997,4510.7097205,5214.387392
ECU,1998,5575.998799,4203.221386
ECU,1999,3391.74322194191,5001.68114204513
ECU,2000,3400.876151,4928.624303
ECU,2001,4936.017566,4680.30941
ECU,2002,5952.660865,5038.001676
ECU,2003,6102.043047,6222.692842
ECU,2004,7282.424581,7752.891476
ECU,2005,10286.883627,10100.030713
ECU,2006,12113.559755,12728.242221
ECU,2007,13524.735882,14321.238673
ECU,2008,18635.686659,18455.423654
ECU,2009,15145.215532,13651.763252
ECU,2010,20127.88528,17408.652663
ECU,2011,24286.064209,22345.205357
ECU,2012,25196.519237,23656.080538
ECU,2013,27030.01181,24959.348686
ECU,2014,27515.436938,25721.730719
EGY,1870,,
EGY,1871,,
EGY,1872,,
EGY,1873,,
EGY,1874,,
EGY,1875,,
EGY,1876,,
EGY,1877,,
EGY,1878,,
EGY,1879,,
EGY,1880,,
EGY,1881,,
EGY,1882,,
EGY,1937,200.0,205.2631530761719
EGY,1938,188.0,152.0
EGY,1939,161.9047546386719,159.0476226806641
EGY,1940,130.4166717529297,117.9166641235352
EGY,1941,137.9166717529297,94.16666412353516
EGY,1942,230.4166717529297,80.41666412353516
EGY,1943,162.9166717529297,110.8333358764648
EGY,1944,210.8333282470703,125.0
EGY,1945,245.4166717529297,188.3333282470703
EGY,1946,333.3333435058594,287.5
EGY,1947,408.75,368.3333435058594
EGY,1948,663.0,578.5999755859375
EGY,1949,669.0,502.5
EGY,1950,606.0,500.8999938964844
EGY,1951,679.0,579.7999877929688
EGY,1952,621.0,413.0
EGY,1953,502.0,387.2999877929688
EGY,1954,470.0,410.8999938964844
EGY,1955,536.0,417.2999877929688
EGY,1956,532.0,407.2000122070313
EGY,1957,523.0,492.2000122070313
EGY,1958,660.0,469.7000122070313
EGY,1959,636.0,459.1000061035156
EGY,1960,664.0,566.8
EGY,1961,692.2,484.3
EGY,1962,759.1,414.0
EGY,1963,916.3,521.6
EGY,1964,953.1,538.0
EGY,1965,933.3,605.2
EGY,1966,1069.9,605.9
EGY,1967,791.3,566.6
EGY,1968,657.4,634.71
EGY,1969,667.67,744.87
EGY,1970,788.06,772.97
EGY,1971,919.95,790.05
EGY,1972,888.85,825.25
EGY,1973,908.3,1124.65
EGY,1974,2351.69,1516.28
EGY,1975,3933.56,1403.91
EGY,1976,3807.54,1521.71
EGY,1977,4815.35,1708.35
EGY,1978,6726.7,1737.18
EGY,1979,3836.81,1839.66
EGY,1980,4859.94,3045.87
EGY,1981,8782.03,3232.6
EGY,1982,9077.22,3119.97
EGY,1983,10275.63,3214.84
EGY,1984,10765.72,3139.95
EGY,1985,5495.384,1838.139
EGY,1986,8787.837,2248.717
EGY,1987,7594.639,2037.204
EGY,1988,8658.883,2120.446
EGY,1989,7526.27,2608.574
EGY,1990,9279.598,2585.189
EGY,1991,7861.848,3659.377
EGY,1992,8291.115,3049.929
EGY,1993,8194.946291,3109.949298
EGY,1994,9451.599,3447.51
EGY,1995,11738.960078,3444.145433
EGY,1996,13019.611781,3534.486462
EGY,1997,13168.499324,3907.984108
EGY,1998,16478.701067,3195.264066
EGY,1999,15961.955676,3535.809446
EGY,2000,22041.9315550812,6349.753475982199
EGY,2001,12720.43714,4140.834696
EGY,2002,12496.05999,4678.20247
EGY,2003,10892.86885,6161.19324
EGY,2004,12841.29612,7680.30551
EGY,2005,19665.345018,10575.575391
EGY,2006,20343.741037,13555.670103
EGY,2007,26710.523823,15968.557286
EGY,2008,52426.610305,26082.046057
EGY,2009,44654.873895,24086.087773
EGY,2010,52814.680867,27255.643477
EGY,2011,62155.828331,31528.727841
EGY,2012,67521.979319,29239.961532
EGY,2013,65152.138832,28893.921133
EGY,2014,68188.487759,26692.508624
ERI,1993,,
ERI,1994,,
ERI,1995,,
ERI,1996,,
ERI,1997,,
ERI,1998,,
ERI,1999,,
ERI,2000,,
ERI,2001,,
ERI,2002,,
ERI,2003,,
ERI,2004,,
ERI,2005,,
ERI,2006,,
ESP,1870,104.4000015258789,80.0
ESP,1871,116.122444152832,90.2040786743164
ESP,1872,105.4000015258789,102.0
ESP,1873,104.3137283325195,115.2941207885742
ESP,1874,110.4100036621094,90.0199966430664
ESP,1875,111.7647094726563,88.62744903564453
ESP,1876,106.8499984741211,85.94000244140625
ESP,1877,103.9000015258789,99.56999969482422
ESP,1878,104.4400024414063,92.61000061035156
ESP,1879,116.7300033569336,102.129997253418
ESP,1880,137.4199981689453,125.129997253418
ESP,1881,125.5500030517578,129.4799957275391
ESP,1882,157.6199951171875,147.7100067138672
ESP,1883,172.4199981689453,138.8500061035156
ESP,1884,150.4700012207031,119.5
ESP,1885,144.3396148681641,131.6981048583984
ESP,1886,161.3207550048828,137.1697998046875
ESP,1887,155.9615478515625,138.8461608886719
ESP,1888,128.867919921875,143.9622650146484
ESP,1889,144.8148193359375,153.1481475830078
ESP,1890,174.2592620849609,173.7037048339844
ESP,1891,166.5454559326172,154.0
ESP,1892,132.5,118.1666641235352
ESP,1893,115.3225860595703,106.4516143798828
ESP,1894,121.612907409668,101.2903289794922
ESP,1895,117.2986679077148,115.4393310546875
ESP,1896,133.6507873535156,153.6507873535156
ESP,1897,127.0149307250977,153.4328460693359
ESP,1898,81.7283935546875,106.7901153564453
ESP,1899,152.3076934814453,125.3846130371094
ESP,1900,128.6567230224609,108.0597076416016
ESP,1901,126.25,105.1388931274414
ESP,1902,126.7142868041992,116.2857131958008
ESP,1903,133.4285736083984,128.7142791748047
ESP,1904,129.7183074951172,129.2957763671875
ESP,1905,118.8272018432617,183.8235168457031
ESP,1906,172.0338897705078,152.2033843994141
ESP,1907,163.4482727050781,162.7586212158203
ESP,1908,169.3103332519531,154.4827575683594
ESP,1909,170.8928527832031,165.3571472167969
ESP,1910,198.9049987792969,191.1699981689453
ESP,1911,177.6785736083984,174.2857208251953
ESP,1912,187.8571472167969,186.7857208251953
ESP,1913,233.9285736083984,192.8571472167969
ESP,1914,194.6296234130859,163.1481475830078
ESP,1915,229.2323455810547,238.9182281494141
ESP,1916,256.0361328125,275.4237365722656
ESP,1917,299.8032836914063,299.5771789550781
ESP,1918,153.7438049316406,248.6017608642578
ESP,1919,211.2299957275391,255.4199981689453
ESP,1920,227.9138641357422,162.5679321289063
ESP,1921,382.9447631835938,212.4463806152344
ESP,1922,421.130859375,202.8240661621094
ESP,1923,422.0263061523438,221.1302185058594
ESP,1924,393.4539794921875,238.7398681640625
ESP,1925,321.3128051757813,226.6402740478516
ESP,1926,320.259765625,238.3328552246094
ESP,1927,440.1303405761719,322.4210510253906
ESP,1928,497.826171875,351.7971496582031
ESP,1929,402.3199462890625,309.8157043457031
ESP,1930,285.6076049804688,286.6576232910156
ESP,1931,112.6341094970703,91.73408508300781
ESP,1932,78.46282196044922,59.39405822753906
ESP,1933,89.54669952392578,71.66293334960938
ESP,1934,116.3843841552734,83.1871566772461
ESP,1935,286.0,190.0
ESP,1936,280.0,180.0
ESP,1937,250.0,150.0
ESP,1938,152.0,98.0
ESP,1939,143.1000061035156,95.69999694824219
ESP,1940,53.1223258972168,33.70402145385742
ESP,1941,166.0130767822266,136.2745056152344
ESP,1942,168.3006591796875,163.3986968994141
ESP,1943,278.1045837402344,238.8888854980469
ESP,1944,252.9411773681641,258.4967346191406
ESP,1945,263.7254943847656,231.6993408203125
ESP,1946,294.1000061035156,239.6999969482422
ESP,1947,381.2999877929688,289.3999938964844
ESP,1948,467.0,358.0
ESP,1949,453.0,380.0
ESP,1950,386.0,401.0
ESP,1951,379.0,473.0
ESP,1952,510.0,404.0
ESP,1953,595.0,477.0
ESP,1954,608.0,462.0
ESP,1955,608.0,444.0
ESP,1956,752.0,439.0
ESP,1957,841.0,470.0
ESP,1958,856.0,474.0
ESP,1959,778.0,495.0
ESP,1960,701.3,724.9
ESP,1961,1076.8,710.9
ESP,1962,1552.8,733.9
ESP,1963,1936.5,736.0
ESP,1964,2241.4,954.3
ESP,1965,3005.3,943.7
ESP,1966,3593.0,1254.8
ESP,1967,3482.3,1383.4
ESP,1968,3511.39,1588.44
ESP,1969,4229.17,1895.62
ESP,1970,4748.05,2390.07
ESP,1971,4964.85,2938.62
ESP,1972,6796.56,3803.15
ESP,1973,9590.66,5158.16
ESP,1974,15379.55,7059.09
ESP,1975,16234.19,7671.84
ESP,1976,17461.42,8725.47
ESP,1977,17833.94,10220.07
ESP,1978,18713.03,13116.66
ESP,1979,25437.58,18206.43
ESP,1980,34076.71,20717.11
ESP,1981,32156.27,20333.04
ESP,1982,31469.89,20495.66
ESP,1983,29194.32,19731.08
ESP,1984,28831.88,23558.67
ESP,1985,29962.91,24240.83
ESP,1986,35055.95,27197.05
ESP,1987,49112.28,34176.04
ESP,1988,60541.43,40314.58
ESP,1989,70952.65717350971,43664.190599015
ESP,1990,87813.5503252944,55675.9302552531
ESP,1991,96657.46279489211,60306.4021233959
ESP,1992,99833.1039058382,64022.2492030801
ESP,1993,81859.0907751494,62700.60407628711
ESP,1994,92182.3791651642,73282.5484377053
ESP,1995,115501.031349999,91576.4742679787
ESP,1996,121864.440612419,102055.316693631
ESP,1997,122753.418327607,104146.89999619
ESP,1998,130073.647478472,107414.48284224
ESP,1999,135067.384619495,103673.64757
ESP,2000,144678.702436769,108195.054194649
ESP,2001,142623.882,108956.2538
ESP,2002,154755.5784,118223.3867
ESP,2003,208772.2901,155404.2028
ESP,2004,258289.3861,181700.8652
ESP,2005,288979.3991,191986.2895
ESP,2006,328870.4793,212644.3002
ESP,2007,389619.3795,252069.195
ESP,2008,422684.086,280988.7879
ESP,2009,293529.2137,226193.7243
ESP,2010,323672.2387,250003.7545
ESP,2011,373371.1644,300168.8693
ESP,2012,334469.2237,289232.5733
ESP,2013,337820.8453,307795.3488
ESP,2014,355000.7626,316618.8503
EST,1918,,
EST,1919,,
EST,1920,4.097401142120361,3.599859476089478
EST,1921,13.03689861297607,6.60575008392334
EST,1922,16.43441009521484,14.14123630523682
EST,1923,27.05681037902832,16.55888366699219
EST,1924,21.07373237609863,20.22564315795898
EST,1925,25.95830535888672,25.98520469665527
EST,1926,25.71620750427246,25.87760543823242
EST,1927,25.83549880981445,28.40832901000977
EST,1928,35.4105110168457,34.26118469238281
EST,1929,32.87887573242188,31.40935897827148
EST,1930,26.37265396118164,25.85361862182617
EST,1931,16.37005424499512,19.00347518920898
EST,1932,10.41823101043701,11.41313648223877
EST,1933,10.43582916259766,12.18128299713135
EST,1934,15.703125,19.59460258483887
EST,1935,19.0,22.0
EST,1936,24.27486419677734,22.72978210449219
EST,1937,30.26212501525879,28.8861026763916
EST,1938,29.69473648071289,28.78891944885254
EST,1939,27.25,31.79000091552734
EST,1940,,
EST,1991,,
EST,1992,533.840108571392,354.5357922116225
EST,1993,896.018092612141,804.80162094881
EST,1994,1663.76527251734,1311.64322093418
EST,1995,2546.25959055811,1840.03074111034
EST,1996,3209.363,2076.7279
EST,1997,4436.9,2931.4
EST,1998,4787.345,3244.119
EST,1999,4109.848,3017.584
EST,2000,5333.55,3830.66
EST,2001,5230.75,4017.81
EST,2002,5865.44,4341.99
EST,2003,7966.59,5622.5
EST,2004,8362.65,5905.87
EST,2005,10208.0238,7694.5979
EST,2006,13465.2218,9699.9243
EST,2007,15688.9374,11020.2111
EST,2008,16061.7564,12474.4076
EST,2009,10147.0731,9063.9059
EST,2010,11629.335,10660.6798
EST,2011,16016.8302,15401.8289
EST,2012,16930.2035,15232.3166
EST,2013,17729.9822,15828.3441
EST,2014,17587.4018,15536.2271
ETH,1898,,
ETH,1899,,
ETH,1900,,
ETH,1901,,
ETH,1902,10.14285755157471,12.4761905670166
ETH,1903,,
ETH,1904,,
ETH,1905,,
ETH,1906,4.989999771118164,3.5
ETH,1907,9.989999771118164,7.0
ETH,1908,14.98999977111816,10.5
ETH,1909,19.97999954223633,14.0
ETH,1910,24.97999954223633,17.51000022888184
ETH,1911,29.97999954223633,21.01000022888184
ETH,1912,34.97000122070313,24.51000022888184
ETH,1913,39.97000122070313,28.01000022888184
ETH,1914,,
ETH,1915,,
ETH,1916,,
ETH,1917,,
ETH,1918,,
ETH,1919,,
ETH,1920,,
ETH,1921,,
ETH,1922,,
ETH,1923,,
ETH,1924,,
ETH,1925,,
ETH,1926,,
ETH,1927,,
ETH,1928,,
ETH,1929,,
ETH,1930,,
ETH,1931,,
ETH,1932,,
ETH,1933,,
ETH,1934,,
ETH,1935,6.0,9.0
ETH,1936,,
ETH,1941,,
ETH,1942,,
ETH,1943,,
ETH,1944,,
ETH,1945,15.40322589874268,13.02419376373291
ETH,1946,27.29999923706055,20.10000038146973
ETH,1947,34.70000076293945,33.0
ETH,1948,38.90000152587891,31.29999923706055
ETH,1949,35.70000076293945,26.70000076293945
ETH,1950,28.10000038146973,34.70000076293945
ETH,1951,40.40000152587891,43.0
ETH,1952,45.29999923706055,38.20000076293945
ETH,1953,54.79999923706055,54.29999923706055
ETH,1954,64.0,44.09999847412109
ETH,1955,67.30000305175781,48.59999847412109
ETH,1956,63.20000076293945,43.79999923706055
ETH,1957,71.5999984741211,61.0
ETH,1958,77.69999694824219,61.70000076293945
ETH,1959,82.19999694824219,71.30000305175781
ETH,1960,83.3,73.9
ETH,1961,93.0,75.2
ETH,1962,103.1,80.0
ETH,1963,110.8,89.9
ETH,1964,122.4,104.9
ETH,1965,149.0,115.6
ETH,1966,161.1,110.6
ETH,1967,142.8,101.0
ETH,1968,171.8,105.1
ETH,1969,155.323,119.335
ETH,1970,171.639,122.729
ETH,1971,187.809,125.624
ETH,1972,189.309,166.785
ETH,1973,218.39,240.125
ETH,1974,284.108,266.712
ETH,1975,310.793,239.994
ETH,1976,355.238,280.883
ETH,1977,351.611,332.827
ETH,1978,455.425,306.099
ETH,1979,571.835,417.899
ETH,1980,722.078,424.732
ETH,1981,737.708,392.303
ETH,1982,786.217,406.016
ETH,1983,878.976,403.923
ETH,1984,928.758,417.418
ETH,1985,988.532,337.766
ETH,1986,1101.6425120773,454.898550724638
ETH,1987,1109.717,370.695
ETH,1988,1087.87,421.35
ETH,1989,960.186,457.828
ETH,1990,1077.571,294.197
ETH,1991,504.964439613526,189.154797101449
ETH,1992,709.295272078501,186.7618198037467
ETH,1993,770.4,201.7400000000001
ETH,1994,1034.38536139067,386.009881061299
ETH,1995,1152.99166441137,429.698403247632
ETH,1996,1121.89666505292,440.06801355548
ETH,1997,1162.39228637683,591.879531151219
ETH,1998,1459.68336204443,604.716052881513
ETH,1999,1673.61493274019,474.731314150055
ETH,2000,1226.22458394984,439.26635363985
ETH,2001,1782.57423486317,285.934352938371
ETH,2002,1567.61208659917,421.464189427797
ETH,2003,2102.07872790859,467.856602943132
ETH,2004,2557.31833232575,570.369659289567
ETH,2005,4081.57004437626,781.893221420171
ETH,2006,4532.45545445497,930.663470500432
ETH,2007,5335.11724051501,1085.40808391749
ETH,2008,7093.05083354721,1360.92545025083
ETH,2009,7041.49836411432,1436.53898457238
ETH,2010,8631.07046476581,1716.56350444458
ETH,2011,9927.91803691395,2171.4031969412
ETH,2012,12762.5600511007,2156.9701018996
ETH,2013,13340.8642007653,2239.52228350484
ETH,2014,16620.3507450115,2597.24511451007
FIN,1917,,
FIN,1918,,
FIN,1919,49.20999908447266,17.26000022888184
FIN,1920,140.4798736572266,113.3900909423828
FIN,1921,59.45037078857422,56.13837432861328
FIN,1922,86.31973266601562,96.70405578613281
FIN,1923,123.4226684570313,117.7881546020508
FIN,1924,118.3586273193359,124.6276245117188
FIN,1925,138.9512329101563,140.4643096923828
FIN,1926,142.9349365234375,142.1786651611328
FIN,1927,161.0086822509766,159.2448883056641
FIN,1928,201.6357269287109,157.3312530517578
FIN,1929,176.1201171875,161.7789001464844
FIN,1930,132.0869598388672,136.0133361816406
FIN,1931,82.60753631591797,106.4825439453125
FIN,1932,54.41449356079102,71.98260498046875
FIN,1933,73.52239990234375,99.15234375
FIN,1934,106.4841690063477,138.7858581542969
FIN,1935,115.4881820678711,134.9524841308594
FIN,1936,139.5222473144531,158.1398162841797
FIN,1937,203.0605163574219,204.5872955322266
FIN,1938,185.6920166015625,181.1629333496094
FIN,1939,164.5,165.6999969482422
FIN,1940,171.4582977294922,53.77249526977539
FIN,1941,205.0300750732422,86.85636901855469
FIN,1942,240.4878997802734,122.8167266845703
FIN,1943,263.9196472167969,178.6182861328125
FIN,1944,182.6568298339844,129.8072967529297
FIN,1945,139.2578887939453,107.1750717163086
FIN,1946,178.3999938964844,169.3999938964844
FIN,1947,345.3999938964844,317.6000061035156
FIN,1948,483.0,493.0
FIN,1949,410.0,471.0
FIN,1950,385.0,389.0
FIN,1951,664.0,861.0
FIN,1952,784.0,713.0
FIN,1953,524.0,568.0
FIN,1954,656.0,679.0
FIN,1955,764.0,787.0
FIN,1956,874.0,773.0
FIN,1957,896.0,836.0
FIN,1958,725.0,773.0
FIN,1959,829.0,834.0
FIN,1960,1053.9,988.1
FIN,1961,1145.7,1053.0
FIN,1962,1227.8,1102.9
FIN,1963,1202.2,1148.8
FIN,1964,1497.7,1289.5
FIN,1965,1641.9,1425.9
FIN,1966,1727.1,1505.5
FIN,1967,1696.0,1533.6
FIN,1968,1592.5,1634.8
FIN,1969,2024.65,1986.67
FIN,1970,2649.11,2306.4
FIN,1971,2789.23,2357.47
FIN,1972,3203.36,2947.02
FIN,1973,4327.42,3829.35
FIN,1974,6859.03,5526.58
FIN,1975,7609.16,5495.87
FIN,1976,7423.74,6366.97
FIN,1977,7605.51,7667.71
FIN,1978,7861.44,8568.42
FIN,1979,11406.75,11177.76
FIN,1980,15615.18,14160.92
FIN,1981,14173.63,14011.26
FIN,1982,13394.7,13073.9
FIN,1983,12815.43,12533.99
FIN,1984,12417.07,13479.04
FIN,1985,13241.75,13634.99
FIN,1986,15335.92,16356.07
FIN,1987,19823.71,20012.72
FIN,1988,21145.15,21753.9092469295
FIN,1989,24432.2351358246,23304.4916464065
FIN,1990,26943.9471205526,26569.6659656371
FIN,1991,21816.1619453975,23094.3526361663
FIN,1992,21082.5518387201,23788.0365842466
FIN,1993,18057.8510002805,23346.7671533374
FIN,1994,23212.6659921637,29662.2184310274
FIN,1995,28113.1721150152,39572.5327123089
FIN,1996,29263.9787336221,38434.015634107
FIN,1997,29783.5669057235,39315.59996629
FIN,1998,31298.7922482934,42104.984355395
FIN,1999,32414.0714,42362.267253478
FIN,2000,34305.64773465,45867.400748804
FIN,2001,32653.3555,43258.4408
FIN,2002,33367.8622,44837.5875
FIN,2003,42509.3957,53225.309
FIN,2004,51452.2306,61590.3001
FIN,2005,58692.154,65432.694
FIN,2006,69448.8057,77287.9895
FIN,2007,81762.4444,90083.2775
FIN,2008,92107.5553,96836.5876
FIN,2009,60887.9049,62891.2445
FIN,2010,68217.381,68074.9329
FIN,2011,83344.2884,77052.4022
FIN,2012,76078.3406,72139.3049
FIN,2013,77157.8832,73393.7661
FIN,2014,76294.5158,73046.7267
FJI,1960,41.2,39.5
FJI,1961,1.2,0.2
FJI,1962,43.3,39.7
FJI,1963,50.8,55.5
FJI,1964,68.1,62.9
FJI,1965,71.5,53.9
FJI,1966,63.5,48.8
FJI,1967,68.8,49.2
FJI,1968,73.7,49.7
FJI,1969,89.452,61.146
FJI,1970,103.907,71.561
FJI,1971,128.1,70.883
FJI,1972,158.203,76.042
FJI,1973,219.913,94.263
FJI,1974,273.168,156.468
FJI,1975,268.906,173.309
FJI,1976,261.028,138.002
FJI,1977,306.682,180.315
FJI,1978,353.357,206.137
FJI,1979,470.258,262.353
FJI,1980,559.306,363.69
FJI,1981,631.638,318.174
FJI,1982,509.47,289.073
FJI,1983,484.461,244.22
FJI,1984,449.835,260.454
FJI,1985,441.481,234.891
FJI,1986,435.7073763836195,275.7987670116717
FJI,1987,373.935695517309,331.867391115012
FJI,1988,461.568173649471,368.980431775785
FJI,1989,631.653869997415,388.852306280789
FJI,1990,755.1612541075757,497.648828050745
FJI,1991,652.0695207110236,450.5934535263807
FJI,1992,630.315,418.029
FJI,1993,719.824228567723,449.0940636603912
FJI,1994,850.115033552463,546.7402031930333
FJI,1995,891.571230860394,623.964209765348
FJI,1996,986.6157599942991,752.869825411529
FJI,1997,964.68301314354,598.568472821099
FJI,1998,800.991355170082,635.488160111718
FJI,1999,991.223760993749,715.722713902646
FJI,2000,762.3456434882489,685.044326823721
FJI,2001,763.737889273191,639.675793393412
FJI,2002,845.676818297478,620.8954890569529
FJI,2003,994.7088405152671,738.2564873793481
FJI,2004,1231.30583454462,884.3208330205571
FJI,2005,1450.54881633151,869.403168755015
FJI,2006,1592.44980033978,940.6570243685829
FJI,2007,1570.11256225056,1009.85970873062
FJI,2008,1897.25973912654,1134.86997824381
FJI,2009,1382.60216913699,1009.2608151558
FJI,2010,1632.94552903818,1212.77079951267
FJI,2011,2110.50849484211,1313.90684718801
FJI,2012,2200.29907532244,1373.77781425735
FJI,2013,2687.95071080256,1397.80178441957
FJI,2014,2419.44559207444,1415.83172225264
FRA,1870,575.7028198242188,562.6505737304688
FRA,1871,674.2911376953125,543.1001586914062
FRA,1872,674.8582153320312,711.1531372070312
FRA,1873,686.0700073242188,930.7000122070312
FRA,1874,676.97998046875,714.3099975585938
FRA,1875,861.1199951171875,927.75
FRA,1876,769.760009765625,690.0900268554688
FRA,1877,708.27001953125,663.2000122070312
FRA,1878,806.0,613.6799926757812
FRA,1879,886.8699951171875,623.6400146484375
FRA,1880,971.4000244140625,669.2999877929688
FRA,1881,938.6300048828125,687.3599853515625
FRA,1882,930.5999755859375,689.8499755859375
FRA,1883,927.219970703125,666.2100219726562
FRA,1884,838.2899780273438,623.969970703125
FRA,1885,789.0599975585938,596.1699829101562
FRA,1886,810.7899780273438,626.0115356445312
FRA,1887,763.9468994140625,615.9392700195312
FRA,1888,785.2772216796875,620.84130859375
FRA,1889,827.011474609375,709.5785522460938
FRA,1890,845.1428833007812,714.8571166992188
FRA,1891,906.4638671875,678.7072143554688
FRA,1892,800.7648315429688,661.7590942382812
FRA,1893,745.4545288085938,625.9187622070312
FRA,1894,741.8111572265625,593.0635986328125
FRA,1895,658.9147338867188,653.1007690429688
FRA,1896,734.8162231445312,657.8336791992188
FRA,1897,759.3090209960938,690.5950317382812
FRA,1898,853.4351196289062,670.0381469726562
FRA,1899,863.8623046875,794.0726318359375
FRA,1900,885.1224365234375,774.0112915039062
FRA,1901,832.1904907226562,764.3809814453125
FRA,1902,840.1529541015625,813.0018920898438
FRA,1903,914.6666870117188,809.90478515625
FRA,1904,864.1074829101562,854.318603515625
FRA,1905,1174.418579101563,1220.93017578125
FRA,1906,1094.7470703125,1024.319091796875
FRA,1907,1206.0078125,1084.49609375
FRA,1908,1101.5625,986.5234375
FRA,1909,1212.815551757813,1110.291259765625
FRA,1910,1304.181762695313,1133.45458984375
FRA,1911,1557.142822265625,1173.166015625
FRA,1912,1595.155029296875,1300.968994140625
FRA,1913,1624.228393554688,1327.160522460938
FRA,1914,1256.526000976563,955.642822265625
FRA,1915,1981.684448242188,706.94921875
FRA,1916,3506.0302734375,1055.715942382813
FRA,1917,4780.36083984375,1043.19921875
FRA,1918,3971.865966796875,840.989990234375
FRA,1919,4897.93408203125,1625.393310546875
FRA,1920,3512.84765625,1893.699462890625
FRA,1921,1696.488525390625,1474.166870117188
FRA,1922,1990.896484375,1753.383056640625
FRA,1923,1998.297241210938,1877.098022460938
FRA,1924,2104.2626953125,2218.73681640625
FRA,1925,2097.535400390625,2164.275146484375
FRA,1926,1933.556030273438,1921.103881835938
FRA,1927,2079.657958984375,2165.908203125
FRA,1928,2103.3564453125,2042.9736328125
FRA,1929,2279.957763671875,1963.46337890625
FRA,1930,2054.478271484375,1681.05810546875
FRA,1931,1654.488403320313,1193.100708007813
FRA,1932,1170.731689453125,773.9287109375
FRA,1933,1430.418579101563,929.4627075195312
FRA,1934,1517.24365234375,1172.56787109375
FRA,1935,1384.513793945313,1022.90576171875
FRA,1936,1553.802856445313,947.17529296875
FRA,1937,1715.123779296875,968.5628662109375
FRA,1938,1325.802368164063,880.4144897460938
FRA,1939,1121.379272460938,810.9323120117188
FRA,1940,1044.834716796875,399.7035217285156
FRA,1941,568.802734375,359.7947692871094
FRA,1942,592.0638427734375,677.3090209960938
FRA,1944,217.8858184814453,570.4281616210938
FRA,1945,1271.85546875,254.2818908691406
FRA,1946,5912.8232421875,2263.224853515625
FRA,1947,8866.6142578125,4982.00244140625
FRA,1948,3200.0,1780.0
FRA,1949,3000.0,2370.0
FRA,1950,2760.0,2720.0
FRA,1951,3990.0,3530.0
FRA,1952,3930.0,3210.0
FRA,1953,3560.0,3260.0
FRA,1954,3770.0,3630.0
FRA,1955,4280.0,4450.0
FRA,1956,5110.0,4230.0
FRA,1957,5670.0,4730.0
FRA,1958,5170.0,4780.0
FRA,1959,4740.0,5350.0
FRA,1960,6154.3,6824.1
FRA,1961,6568.7,7174.9
FRA,1962,7402.9,7311.5
FRA,1963,8607.9,8023.7
FRA,1964,9975.7,8917.8
FRA,1965,10251.5,9973.9
FRA,1966,11833.5,10842.1
FRA,1967,12362.4,11312.3
FRA,1968,13945.2,12638.2
FRA,1969,17459.9,15216.1
FRA,1970,19086.9,18012.5
FRA,1971,21236.9,20720.2
FRA,1972,26958.7,26341.9
FRA,1973,37665.7,36500.7
FRA,1974,52845.2,46076.4
FRA,1975,53919.2,52904.5
FRA,1976,64311.1,56915.3
FRA,1977,70416.6,64729.4
FRA,1978,81690.2,79058.7
FRA,1979,106893.3,100267.1
FRA,1980,134751.3,115559.2
FRA,1981,120853.9,105999.8
FRA,1982,115652.0,96252.7
FRA,1983,105865.3,94500.6
FRA,1984,104295.1,97126.7
FRA,1985,108205.3,101216.9
FRA,1986,129303.1,124304.1
FRA,1987,158374.6,147499.9
FRA,1988,180219.50004492,167608.386282504
FRA,1989,192903.039108311,178341.575891351
FRA,1990,234304.767670483,215131.784302047
FRA,1991,231761.759330718,215779.00339828
FRA,1992,241299.77136388,235241.771754834
FRA,1993,202538.340644175,215715.979658132
FRA,1994,234135.399027918,239142.958747473
FRA,1995,278111.129706349,287688.844015472
FRA,1996,275757.000100412,285784.744225747
FRA,1997,274064.881011671,292944.469563454
FRA,1998,290107.314923627,303916.988474869
FRA,1999,313489.914908554,323857.053534978
FRA,2000,331839.651453468,323504.112676488
FRA,2001,328592.766,322905.1047
FRA,2002,328309.4889,331121.5389
FRA,2003,398662.2491,392081.503
FRA,2004,470874.0057,451752.1862
FRA,2005,503796.4423,462876.7488
FRA,2006,541810.8273,495530.672
FRA,2007,631528.5159,559542.8316
FRA,2008,717888.4846,617060.2262
FRA,2009,563472.8096,484913.6759
FRA,2010,599304.0599,512743.6459
FRA,2011,707065.1407,584795.9763
FRA,2012,661165.934,556794.2529
FRA,2013,665272.9491,569234.2024
FRA,2014,663690.6535,569653.775
FSM,1991,,
FSM,1992,,
FSM,1993,,
FSM,1994,,
FSM,1995,,
FSM,1996,,
FSM,1997,,
FSM,1998,,
FSM,1999,,
FSM,2000,,
FSM,2001,,
FSM,2002,,
FSM,2003,,
FSM,2004,,
FSM,2005,,
FSM,2006,,
GAB,1960,31.8,47.8
GAB,1961,35.8,55.2
GAB,1962,38.8,58.6
GAB,1963,48.1,73.4
GAB,1964,55.5,94.7
GAB,1965,62.3,105.0
GAB,1966,66.4,100.7
GAB,1967,67.5,119.9
GAB,1968,63.8,126.8
GAB,1969,81.749,148.226
GAB,1970,80.108,121.182
GAB,1971,91.506,178.857
GAB,1972,133.356,193.167
GAB,1973,159.561,288.303
GAB,1974,332.164,766.476
GAB,1975,469.227,942.161
GAB,1976,503.158,1135.914
GAB,1977,717.88,1342.613
GAB,1978,616.799,1107.291
GAB,1979,532.698,1849.608
GAB,1980,673.621,2189.292
GAB,1981,839.475,1699.858
GAB,1982,798.543,1565.508
GAB,1983,685.62,1475.41
GAB,1984,791.405,1795.479
GAB,1985,957.0312414105709,1998.44633804056
GAB,1986,900.98136922954,1263.96456915422
GAB,1987,787.264287776651,1282.30474961752
GAB,1988,928.2632592950471,1207.08077384131
GAB,1989,819.523916438715,1531.23105772414
GAB,1990,846.5570272846239,2483.126775419677
GAB,1991,1086.08699607259,2519.04166875615
GAB,1992,968.7884467842961,2286.047945884938
GAB,1993,917.695129290886,2194.91472383377
GAB,1994,707.514483,2391.038361
GAB,1995,930.156370562394,2670.73576294387
GAB,1996,898.499963,3145.606
GAB,1997,1232.9246216226,3478.65623288285
GAB,1998,1094.55718684,2498.95462335091
GAB,1999,1564.27841796052,3362.62008034261
GAB,2000,1396.08916845069,3794.46982220189
GAB,2001,1444.38692312151,3499.92606299912
GAB,2002,1142.23927428075,3061.74755376484
GAB,2003,1347.24227784159,3656.83093296997
GAB,2004,1597.24687958016,4440.28438734877
GAB,2005,1697.22347860191,5087.96694370342
GAB,2006,1947.99073789926,4633.87354772812
GAB,2007,2754.24902750048,6185.28589985299
GAB,2008,2852.47541413184,8046.87707806594
GAB,2009,2462.43794771091,4739.63810355288
GAB,2010,2732.88181009796,6937.19883714555
GAB,2011,3682.72575953133,10139.3311672165
GAB,2012,3899.23066815851,10349.6377733204
GAB,2013,4966.43726999506,9702.43766797689
GAB,2014,4872.6940931529,9262.716143652691
GBR,1870,1515.0,1000.0
GBR,1871,1655.0,1115.0
GBR,1872,1775.0,1280.0
GBR,1873,1450.0,945.0
GBR,1874,1850.0,1200.0
GBR,1875,1450.0,760.0
GBR,1876,1875.0,1005.0
GBR,1877,1970.0,995.0
GBR,1878,1845.0,965.0
GBR,1879,1815.0,960.0
GBR,1880,1546.760009765625,1391.969970703125
GBR,1881,1985.0,1170.0
GBR,1882,2065.0,1205.0
GBR,1883,2135.0,1200.0
GBR,1884,1950.0,1165.0
GBR,1885,1802.900024414063,1320.02001953125
GBR,1886,1750.0,1065.0
GBR,1887,1810.0,1110.0
GBR,1888,1940.0,1175.0
GBR,1889,2140.0,1245.0
GBR,1890,2105.0,1320.0
GBR,1891,2175.0,1235.0
GBR,1892,2120.0,1135.0
GBR,1893,2025.0,1090.0
GBR,1894,2040.0,1080.0
GBR,1895,1605.0,780.0
GBR,1896,2210.0,1200.0
GBR,1897,2255.0,1170.0
GBR,1898,2355.0,1165.0
GBR,1899,2425.0,1275.0
GBR,1900,2070.0,985.0
GBR,1901,2610.0,1400.0
GBR,1902,2640.0,1415.0
GBR,1903,2715.0,1455.0
GBR,1904,2755.0,1505.0
GBR,1905,2185.7548828125,1081.89501953125
GBR,1906,3040.0,1880.0
GBR,1907,3230.0,2130.0
GBR,1908,2965.0,1885.0
GBR,1909,3125.0,1890.0
GBR,1910,2539.034912109375,1873.714965820313
GBR,1911,3400.0,2270.0
GBR,1912,3725.0,2435.0
GBR,1913,3295.840087890625,2626.27001953125
GBR,1914,3485.0,2155.0
GBR,1915,4260.0,1925.0
GBR,1916,4519.0478515625,2409.52392578125
GBR,1917,5066.66650390625,2509.52392578125
GBR,1918,6266.66650390625,2385.71435546875
GBR,1919,7197.875,3536.96337890625
GBR,1920,7772.72705078125,6045.45458984375
GBR,1921,3768.283203125,2705.927734375
GBR,1922,4086.363525390625,3272.727294921875
GBR,1923,4657.14306640625,3652.380859375
GBR,1924,4943.47802734375,3482.608642578125
GBR,1925,5649.44482421875,3867.537353515625
GBR,1926,5422.74072265625,3172.9833984375
GBR,1927,5323.2861328125,3446.76708984375
GBR,1928,5231.1435546875,3523.1142578125
GBR,1929,5395.8232421875,3540.5537109375
GBR,1930,4657.26806640625,2775.88720703125
GBR,1931,3614.512451171875,1773.24267578125
GBR,1932,2244.82763671875,1258.620727539063
GBR,1933,2158.62060546875,1268.965576171875
GBR,1934,3578.947265625,2084.21044921875
GBR,1935,3426.0,2073.0
GBR,1936,3911.53076171875,2191.848876953125
GBR,1937,4710.82568359375,2575.383056640625
GBR,1938,4161.0,2277.0
GBR,1939,4054.54541015625,2240.9091796875
GBR,1940,4808.33349609375,1829.166625976563
GBR,1941,4783.33349609375,1575.0
GBR,1942,4166.66650390625,1150.0
GBR,1943,5154.16650390625,1000.0
GBR,1944,5470.83349609375,1175.0
GBR,1945,4608.33349609375,1875.0
GBR,1946,5420.83349609375,3812.5
GBR,1947,7491.66650390625,4758.33349609375
GBR,1948,8150.0,6320.0
GBR,1949,8260.0,6520.0
GBR,1950,7050.0,6050.0
GBR,1951,10410.0,7200.0
GBR,1952,9360.0,7230.0
GBR,1953,9090.0,7160.0
GBR,1954,8940.0,7280.0
GBR,1955,10220.0,7920.0
GBR,1956,10230.0,8710.0
GBR,1957,10830.0,9110.0
GBR,1958,10340.0,9190.0
GBR,1959,11010.0,9640.0
GBR,1960,12558.4,10341.0
GBR,1961,12276.9,10797.3
GBR,1962,12536.2,11086.3
GBR,1963,13525.1,11935.5
GBR,1964,15740.8,12512.3
GBR,1965,15945.5,13415.7
GBR,1966,16608.4,14618.9
GBR,1967,17677.0,14348.7
GBR,1968,18958.2,15344.8
GBR,1969,19956.2,17515.6
GBR,1970,21727.3,19349.2
GBR,1971,24301.3,22632.0
GBR,1972,28230.2,24743.4
GBR,1973,39370.4,31027.0
GBR,1974,55017.8,39391.9
GBR,1975,54154.1,44542.0
GBR,1976,55898.2,45488.4
GBR,1977,63165.6,55865.1
GBR,1978,75816.1,67853.9
GBR,1979,99590.0,86356.0
GBR,1980,115741.3,110076.7
GBR,1981,102632.6,102268.7
GBR,1982,99567.0,96967.2
GBR,1983,100033.2,91640.7
GBR,1984,104720.4,93888.4
GBR,1985,108953.7,101248.8
GBR,1986,126309.0,107088.1
GBR,1987,154390.3,131238.6
GBR,1988,189757.718589241,146141.277602541
GBR,1989,199415.69240268,154464.226704479
GBR,1990,223045.713073045,185106.434554231
GBR,1991,209933.021227076,184977.618629022
GBR,1992,221556.790501918,190011.219074868
GBR,1993,205385.904947583,180186.519312204
GBR,1994,226008.426554306,203933.393642797
GBR,1995,262505.528840793,239387.01221823
GBR,1996,283605.219154813,258297.300287355
GBR,1997,302837.601292425,279550.139300475
GBR,1998,309791.518033812,268181.025468803
GBR,1999,321079.836508336,269494.696695062
GBR,2000,334971.040483314,282846.080768933
GBR,2001,322843.991549518,268578.100103899
GBR,2002,335342.57173195,275802.558802917
GBR,2003,383635.188609987,305955.750745012
GBR,2004,453191.715954922,341978.625565039
GBR,2005,519810.966233341,395194.62550864
GBR,2006,613177.101808391,453625.55203685
GBR,2007,639694.360906087,443885.171121385
GBR,2008,659914.955,472914.5367
GBR,2009,518878.6002,355299.8963
GBR,2010,568334.3017,383821.7776
GBR,2011,651060.6953,468229.7895
GBR,2012,663267.5415,432057.4498
GBR,2013,622220.7847,495778.2531
GBR,2014,652956.3196,461906.022
GEO,1991,,
GEO,1992,58.0373076038571,77.27780612635698
GEO,1993,238.453,226.757
GEO,1994,337.814,155.746
GEO,1995,391.601,150.876
GEO,1996,686.757,198.775
GEO,1997,930.67,230.112
GEO,1998,1230.66683869194,330.797648996723
GEO,1999,859.413605448695,361.041171456788
GEO,2000,721.8056775900001,325.99369347
GEO,2001,753.565432609699,317.34651307
GEO,2002,792.299783986,349.4053258541
GEO,2003,1141.19811493,465.26561531
GEO,2004,1847.60396450799,644.8238697
GEO,2005,2490.7188884139,850.9917937240241
GEO,2006,3672.49580721124,972.87531624553
GEO,2007,5219.47507859381,1236.15640830156
GEO,2008,6304.432114441241,1496.06039517151
GEO,2009,4330.5435,1125.63793
GEO,2010,5257.100925704231,1677.47205708959
GEO,2011,7057.66044173084,2189.13193004216
GEO,2012,7842.086897150441,2377.45499400833
GEO,2013,7874.32892832783,2905.89176572598
GEO,2014,8585.73549363406,2861.69458986934
GHA,1957,260.2999877929688,255.6000061035156
GHA,1958,230.6000061035156,291.5
GHA,1959,308.2000122070313,316.7000122070313
GHA,1960,362.1,325.2
GHA,1961,398.8,322.3
GHA,1962,333.2,322.6
GHA,1963,364.2,304.6
GHA,1964,340.2,321.2
GHA,1965,448.0,317.7
GHA,1966,351.3,268.1
GHA,1967,314.4,305.1
GHA,1968,306.3,331.5
GHA,1969,348.524,326.812
GHA,1970,410.666,458.07
GHA,1971,416.667,337.658
GHA,1972,290.502,429.518
GHA,1973,450.283,626.858
GHA,1974,818.593,729.438
GHA,1975,790.693,807.209
GHA,1976,838.335,828.617
GHA,1977,1205.106,1010.478
GHA,1978,955.555,890.553
GHA,1979,894.366,1041.236
GHA,1980,1132.353,1205.865
GHA,1981,1261.375,1046.364
GHA,1982,1011.495,804.245
GHA,1983,764.295,713.83
GHA,1984,568.661,415.939
GHA,1985,793.573,454.955
GHA,1986,783.382689523098,876.4158438040071
GHA,1987,1103.76754553339,951.430544232437
GHA,1988,965.587335214053,859.652294957066
GHA,1989,1273.18885215176,1017.7143874104
GHA,1990,1613.93636444542,1235.12723304641
GHA,1991,511.131,617.368
GHA,1992,2139.348,1237.009
GHA,1993,2075.69107038891,1147.84917184106
GHA,1994,2071.05627701798,1518.09670607514
GHA,1995,2566.90243352801,1488.42386736457
GHA,1996,3237.67515721765,1553.70532256128
GHA,1997,3353.70257703508,1547.49352845665
GHA,1998,3421.84906252987,1756.05898325993
GHA,1999,3251.09687530544,1754.20875556805
GHA,2000,2864.32675584682,1492.8355722735
GHA,2001,2677.26832615599,1475.67746061577
GHA,2002,3009.65951669626,1652.76236167216
GHA,2003,3945.1015598606,2004.70120060996
GHA,2004,5222.98901542583,2297.79217478055
GHA,2005,5919.03951458091,2423.32182085946
GHA,2006,7000.51295775319,2846.99374718772
GHA,2007,9502.954938524521,3444.60786666393
GHA,2008,12230.1912249799,4420.24193249459
GHA,2009,10286.3054325083,3521.91541010711
GHA,2010,12762.4401277068,4504.71882933987
GHA,2011,16995.1380344065,8578.0323769015
GHA,2012,20772.2225767573,7944.05261094615
GHA,2013,19019.7652026388,8716.283521465772
GHA,2014,18078.8651646238,9992.942464186252
GIN,1958,62.0,23.0
GIN,1959,62.0,29.0
GIN,1960,2.2,0.4
GIN,1961,,42.36
GIN,1962,,37.4
GIN,1963,,51.0
GIN,1964,,49.2
GIN,1965,,57.1
GIN,1966,,56.3
GIN,1967,,39.654
GIN,1968,,41.361
GIN,1969,,48.262
GIN,1970,55.023,42.377
GIN,1971,79.9000015258789,50.0
GIN,1972,90.0,60.0
GIN,1973,129.5,105.0
GIN,1974,169.0,150.0
GIN,1975,208.5,195.0
GIN,1976,248.0,240.0
GIN,1977,280.0,330.0
GIN,1978,312.0,367.6900024414063
GIN,1979,343.2900085449219,394.7900085449219
GIN,1980,374.6000061035156,421.8900146484375
GIN,1981,369.3041,414.714139153742
GIN,1982,299.512964154213,391.174124051828
GIN,1983,255.4546641542135,402.868490517851
GIN,1984,310.216793572445,462.455330137233
GIN,1985,372.287114595534,473.81285618463
GIN,1986,342.49229540245,439.403358776295
GIN,1987,411.32204053016,492.157925816076
GIN,1988,436.594383737527,466.575313370786
GIN,1989,494.909886112118,573.23074227479
GIN,1990,583.1287549691809,606.060544752962
GIN,1991,690.920967597301,652.757208222397
GIN,1992,863.2376194375711,573.386628418832
GIN,1993,749.836639072047,543.4348618131011
GIN,1994,676.732538747222,708.594926691053
GIN,1995,768.056813665252,682.926296587663
GIN,1996,606.592309152335,659.3161780198881
GIN,1997,580.78463433929,640.062842506634
GIN,1998,621.880120505489,625.250829917937
GIN,1999,558.142709632593,490.6049392469459
GIN,2000,532.7545839129419,617.3859531619408
GIN,2001,498.768472275033,542.693331396565
GIN,2002,879.672866810989,828.150558500579
GIN,2003,694.020617772429,628.746877170683
GIN,2004,1133.31601879347,554.9324505022159
GIN,2005,1886.04801527731,1324.65529080104
GIN,2006,2281.65220335085,1542.96519988354
GIN,2007,2931.16421879391,2111.72937703278
GIN,2008,3799.73427184395,1876.99646182944
GIN,2009,3642.40145823609,1273.23343355107
GIN,2010,4023.34611379137,2210.132627331
GIN,2011,5255.31369588086,2225.14201740083
GIN,2012,5851.51741783784,1865.46268703764
GIN,2013,6508.60377713076,2160.94628719058
GIN,2014,6605.69744323126,2488.84559916654
GMB,1960,,4.0
GMB,1961,,6.0
GMB,1962,,9.0
GMB,1963,11.709,8.673
GMB,1964,12.14,9.239
GMB,1965,16.277,14.811
GMB,1966,19.83,17.187
GMB,1967,20.805,14.875
GMB,1968,22.385,17.707
GMB,1969,17.061,15.641
GMB,1970,20.439,14.717
GMB,1971,22.338,17.422
GMB,1972,24.919,19.302
GMB,1973,31.391,24.908
GMB,1974,44.602,39.27
GMB,1975,58.581,48.658
GMB,1976,74.149,35.132
GMB,1977,77.57,47.496
GMB,1978,98.981,44.844
GMB,1979,139.882,57.917
GMB,1980,166.814,30.34
GMB,1981,112.6352,33.3407902606183
GMB,1982,110.7375221307068,41.6711502334378
GMB,1983,102.9826548370462,58.3602411425287
GMB,1984,109.347670256572,45.8009925295087
GMB,1985,120.214584776247,27.2744464211381
GMB,1986,164.461317828728,32.4337779648406
GMB,1987,182.392345525531,62.825960547617
GMB,1988,213.5592436848723,96.49222383095103
GMB,1989,194.9166724017617,138.3501384412231
GMB,1990,230.700677427327,172.309740330432
GMB,1991,311.229135781976,165.972158094085
GMB,1992,397.998580176753,231.678104358377
GMB,1993,375.811860199847,96.9076304831506
GMB,1994,209.166679720747,35.2767203972618
GMB,1995,140.351970669111,27.7628388110514
GMB,1996,272.410362146895,22.4498187348502
GMB,1997,173.951221345421,14.6882033693922
GMB,1998,327.769087489332,29.32444494555163
GMB,1999,193.669789112417,8.1997585217612
GMB,2000,334.332290553183,46.1650794769532
GMB,2001,390.077112664167,27.4437682441634
GMB,2002,405.613998899184,31.2735258322431
GMB,2003,504.282227106312,18.5326613247222
GMB,2004,568.5547333606929,38.0060191393041
GMB,2005,627.6215558611781,27.9151734670416
GMB,2006,698.712401664539,35.1516453037312
GMB,2007,818.987982405399,43.2097755024208
GMB,2008,860.407529073339,50.9113357005935
GMB,2009,823.96109971481,55.5512410895911
GMB,2010,832.940407905798,62.82715584333
GMB,2011,1148.54016877946,132.077111428652
GMB,2012,1028.19361944184,134.65751289212
GMB,2013,1125.18207906401,124.376959959381
GMB,2014,1241.68838909031,100.21495893947
GNB,1960,,1.5
GNB,1961,,1.7
GNB,1962,,2.3
GNB,1963,,2.5
GNB,1964,,9.43
GNB,1965,,6.8
GNB,1966,,5.7
GNB,1967,,8.7
GNB,1968,17.6,2.9
GNB,1969,,
GNB,1970,27.2,3.2
GNB,1971,30.6,1.8
GNB,1972,32.0,2.5
GNB,1973,42.7,3.1
GNB,1974,43.103,2.902
GNB,1975,37.743,6.135
GNB,1976,37.96,5.334
GNB,1977,34.844,12.047
GNB,1978,48.726,11.92
GNB,1979,60.942,14.07
GNB,1980,55.025,11.089
GNB,1981,51.633,15.73
GNB,1982,62.7680515155711,13.1337646008454
GNB,1983,65.5864639568434,22.6458881260585
GNB,1984,48.99431642028799,17.840749665937
GNB,1985,57.5843752820642,8.651529168073669
GNB,1986,59.0049602220178,7.10746378669742
GNB,1987,84.6352041823291,6.26401774708512
GNB,1988,94.91271744658991,9.754469040158751
GNB,1989,125.424089615113,7.594596951125269
GNB,1990,124.305918121812,34.109871471466
GNB,1991,117.556618352732,30.7938609409983
GNB,1992,115.958266270671,12.6697673563408
GNB,1993,130.655530494826,31.3893846746707
GNB,1994,154.268600266287,69.7094245698981
GNB,1995,138.441095143658,93.9075579246611
GNB,1996,110.281818713455,59.7235412709093
GNB,1997,84.40294842832769,51.7368808471408
GNB,1998,93.5059567789108,76.3944180156792
GNB,1999,89.946993769871,57.2437935972891
GNB,2000,105.537269475686,111.805470516313
GNB,2001,103.042640452735,78.05945307083151
GNB,2002,102.378494621568,95.59383900127881
GNB,2003,160.229768422681,70.6812458902857
GNB,2004,135.945792370645,109.895839673626
GNB,2005,213.183111047492,108.697925991434
GNB,2006,200.341374418075,87.1042800679645
GNB,2007,250.8078721646,301.225364923516
GNB,2008,286.378170113641,139.323038003786
GNB,2009,324.898460266875,156.727253452825
GNB,2010,266.851626963255,183.507900930819
GNB,2011,351.871745442137,345.956274642011
GNB,2012,346.892273449211,193.061581742743
GNB,2013,370.378844051683,217.523359100704
GNB,2014,457.312180344204,273.483791787639
GNQ,1960,,2.5
GNQ,1961,,2.2
GNQ,1962,,0.1
GNQ,1963,,1.4
GNQ,1964,,3.8
GNQ,1965,,1.5
GNQ,1966,,2.2
GNQ,1967,,2.2
GNQ,1968,,1.91
GNQ,1969,,27.485
GNQ,1970,,23.797
GNQ,1971,,29.482
GNQ,1972,,23.65
GNQ,1973,,23.327
GNQ,1974,17.589,15.726
GNQ,1975,4.748,22.189
GNQ,1976,4.78,10.957
GNQ,1977,8.343,17.151
GNQ,1978,24.60000038146973,10.14
GNQ,1979,30.79000091552734,7.21681895285346
GNQ,1980,37.0,19.24436923969045
GNQ,1981,48.2405,26.3281818181818
GNQ,1982,44.0308,33.3790909090909
GNQ,1983,25.27379949452401,29.64999999999995
GNQ,1984,34.58890074046204,36.4992989604713
GNQ,1985,24.98906182777457,26.63227994915075
GNQ,1986,31.40967612773736,35.88272727272724
GNQ,1987,51.8759383677373,35.7163636363636
GNQ,1988,85.3090442166148,43.98759197090488
GNQ,1989,96.24139719238579,33.66629229318779
GNQ,1990,101.8139953188937,34.78654993868867
GNQ,1991,85.6550158392705,37.1596594094328
GNQ,1992,62.3853247695294,43.0870122524926
GNQ,1993,64.35820171376089,57.2071799069497
GNQ,1994,65.0300338491234,54.02837305854778
GNQ,1995,139.003737935916,123.817969173611
GNQ,1996,156.976520059239,179.961721038746
GNQ,1997,201.414261281354,354.512184423505
GNQ,1998,275.230045738703,410.597212017165
GNQ,1999,426.598811588665,625.81483041357
GNQ,2000,314.605478794878,1078.62459931927
GNQ,2001,318.001072821334,1558.87707749435
GNQ,2002,443.210233064083,1735.99043288223
GNQ,2003,1224.36881984675,2639.50952706739
GNQ,2004,739.821223118078,3949.66130449203
GNQ,2005,1119.88130824151,6188.61068704031
GNQ,2006,1625.34704149292,7458.93120454574
GNQ,2007,1353.04862307864,8417.77682790836
GNQ,2008,1736.01394504987,14567.921226343
GNQ,2009,2029.97466460286,8088.3946735493
GNQ,2010,2491.14596356812,8392.91665452639
GNQ,2011,2433.75610950011,11663.4538917661
GNQ,2012,2299.05174780939,14162.3055925378
GNQ,2013,2978.27125869351,12602.6100303763
GNQ,2014,2619.72397927264,10785.8169600766
GRC,1870,13.03602027893066,5.83190393447876
GRC,1871,14.94845390319824,9.621993064880371
GRC,1872,15.14629936218262,8.605852127075195
GRC,1873,14.13793087005615,9.82758617401123
GRC,1874,15.14629936218262,9.9827880859375
GRC,1875,17.58620643615723,11.55172443389893
GRC,1876,14.94845390319824,9.106529235839844
GRC,1877,16.49484443664551,8.934707641601562
GRC,1878,15.55555534362793,9.743589401245117
GRC,1879,17.40614318847656,9.556314468383789
GRC,1880,16.69505882263184,10.22146511077881
GRC,1881,19.76149940490723,11.92504215240479
GRC,1882,24.31972694396973,12.92516994476318
GRC,1883,21.73077011108398,17.69230842590332
GRC,1884,22.39382171630859,14.2857141494751
GRC,1885,19.65517234802246,13.10344791412354
GRC,1886,22.5433521270752,15.22157955169678
GRC,1887,22.75862121582031,17.75862121582031
GRC,1888,18.79310417175293,16.55172348022461
GRC,1889,22.93103408813477,18.62068939208984
GRC,1890,20.86206817626953,16.55172348022461
GRC,1891,23.76910018920898,18.16638374328613
GRC,1892,20.30716705322266,13.99317359924316
GRC,1893,15.66265106201172,15.14629936218262
GRC,1894,21.15384674072266,14.23076915740967
GRC,1895,20.88974761962891,14.11992263793945
GRC,1896,22.43713760375977,13.92649936676025
GRC,1897,22.26487541198731,15.73896312713623
GRC,1898,26.38623237609863,16.82600402832031
GRC,1899,25.04780197143555,17.97323226928711
GRC,1900,25.12141418457031,19.64416885375977
GRC,1901,26.95984649658203,17.97323226928711
GRC,1902,26.29558563232422,15.35508632659912
GRC,1903,26.24521064758301,16.47509574890137
GRC,1904,26.49903297424316,17.60154724121094
GRC,1905,27.63274765014648,16.31403541564941
GRC,1906,28.3203125,24.21875
GRC,1907,29.15851211547852,23.09197616577148
GRC,1908,30.51181030273438,21.85039329528809
GRC,1909,26.90058517456055,19.88304138183594
GRC,1910,31.16500091552734,28.1299991607666
GRC,1911,33.91812896728516,27.48538017272949
GRC,1912,30.859375,28.515625
GRC,1913,34.82054901123047,23.28786659240723
GRC,1914,0.0350269004702568,0.0234273504465818
GRC,1915,0.0314133986830711,0.0270108003169298
GRC,1916,0.0435286201536655,0.0194602385163307
GRC,1917,0.0424905233085155,0.0214526671916246
GRC,1918,0.1397918164730072,0.054163858294487
GRC,1919,298.4313659667969,149.8039245605469
GRC,1920,223.0366516113281,69.5406265258789
GRC,1921,86.95171356201172,47.63390731811523
GRC,1922,102.152473449707,82.3170394897461
GRC,1923,103.2831726074219,43.60465240478516
GRC,1924,144.0844879150391,58.52872848510742
GRC,1925,154.1341705322266,67.70671081542969
GRC,1926,125.9921875,68.41375732421875
GRC,1927,166.3146820068359,79.72544860839844
GRC,1928,161.2064514160156,81.64326477050781
GRC,1929,171.5686340332031,90.17028045654297
GRC,1930,141.0686492919922,76.93708038330078
GRC,1931,113.0030975341797,54.1795654296875
GRC,1932,65.47856903076172,39.60330200195313
GRC,1933,60.97428512573242,37.17767715454102
GRC,1934,82.64385223388672,51.42910766601563
GRC,1935,101.0,67.0
GRC,1936,111.4682235717773,68.5529556274414
GRC,1937,137.6362762451172,86.56597900390625
GRC,1938,131.0,90.0
GRC,1939,100.1271896362305,75.00774383544922
GRC,1940,82.21192932128906,60.96561813354492
GRC,1941,,
GRC,1944,,
GRC,1945,56.36399841308594,20.40399932861328
GRC,1946,102.5842666625977,40.18804931640625
GRC,1947,186.0,77.30000305175781
GRC,1948,363.0,92.9000015258789
GRC,1949,408.0,113.6999969482422
GRC,1950,427.0,89.30000305175781
GRC,1951,397.0,100.5999984741211
GRC,1952,344.0,118.8000030517578
GRC,1953,290.0,129.8999938964844
GRC,1954,328.0,151.5
GRC,1955,379.0,182.1999969482422
GRC,1956,461.0,189.8000030517578
GRC,1957,523.0,219.6000061035156
GRC,1958,488.0,231.6999969482422
GRC,1959,562.0,204.0
GRC,1960,698.3,203.1
GRC,1961,710.5,222.5
GRC,1962,696.4,248.3
GRC,1963,798.3,290.2
GRC,1964,882.3,308.7
GRC,1965,1133.9,327.6
GRC,1966,1214.1,406.0
GRC,1967,1185.6,494.8
GRC,1968,1392.39,467.9
GRC,1969,1594.13,553.85
GRC,1970,1958.21,643.92
GRC,1971,2098.1,662.62
GRC,1972,2317.95,870.62
GRC,1973,3466.61,1453.99
GRC,1974,4406.62,2029.47
GRC,1975,5317.28,2292.8
GRC,1976,6040.8,2552.76
GRC,1977,6852.91,2753.22
GRC,1978,7818.1,3375.31
GRC,1979,9617.21,3881.21
GRC,1980,10579.98,5183.03
GRC,1981,8810.13,4245.66
GRC,1982,10026.46,4294.06
GRC,1983,9501.03,4413.05
GRC,1984,9434.77,4815.26
GRC,1985,10134.58,4561.96
GRC,1986,11317.02,5650.68
GRC,1987,13172.36,6532.11
GRC,1988,12292.8960430236,5428.530222245459
GRC,1989,15994.8444867324,7531.09253537725
GRC,1990,19763.8747021138,8062.75477388731
GRC,1991,21564.0624130577,8669.798348186041
GRC,1992,22818.0150855615,9437.49191635815
GRC,1993,20200.348,9092.8738
GRC,1994,20639.9980542555,8808.287944
GRC,1995,25948.8006424907,10961.4743692463
GRC,1996,28744.8,11949.0
GRC,1997,27046.3512316364,11129.8248371896
GRC,1998,28742.9089701402,10737.3421614937
GRC,1999,28016.8188801548,10481.3128628303
GRC,2000,28323.7627609935,10978.3418205811
GRC,2001,28161.5882,9710.6701
GRC,2002,31318.9089,10332.4635
GRC,2003,44853.6296,13380.439
GRC,2004,52633.6719,15336.7081
GRC,2005,57783.6253,18535.0758
GRC,2006,66379.0033,21711.3672
GRC,2007,82521.2128,26660.272
GRC,2008,95680.3484,31412.5167
GRC,2009,72659.9084,24665.1978
GRC,2010,66598.3546,27450.8828
GRC,2011,66900.235,33203.8446
GRC,2012,62698.5849,34647.3972
GRC,2013,61505.7375,35780.6856
GRC,2014,62905.2532,35173.8903
GRD,1960,,
GRD,1961,,
GRD,1962,,
GRD,1963,,
GRD,1964,,
GRD,1965,,
GRD,1966,,
GRD,1967,,
GRD,1968,,
GRD,1969,17.111,
GRD,1970,22.169,0.006
GRD,1971,23.318,
GRD,1972,22.425,0.017
GRD,1973,23.495,7.409
GRD,1974,18.468,8.294
GRD,1975,24.253,12.108
GRD,1976,25.341,12.747
GRD,1977,31.3799991607666,13.921
GRD,1978,35.723,17.12
GRD,1979,45.202,21.71
GRD,1980,56.234,17.927
GRD,1981,60.741,19.332
GRD,1982,63.978,18.84
GRD,1983,57.215,18.783
GRD,1984,55.963,17.723
GRD,1985,69.258,21.85
GRD,1986,83.498,26.431
GRD,1987,88.672,29.799
GRD,1988,92.16388888888889,28.52285185185185
GRD,1989,100.856962962963,25.04977777777777
GRD,1990,108.942851851852,21.33285185185184
GRD,1991,117.264,28.49501404489954
GRD,1992,102.38743068911,59.47664609572243
GRD,1993,126.552251296296,23.30154427609429
GRD,1994,119.658983812963,24.1018982154882
GRD,1995,130.041631449204,22.8424905050505
GRD,1996,154.425838821494,20.7785895959596
GRD,1997,172.504047037037,25.89643666666666
GRD,1998,203.2874814814815,41.98970370370371
GRD,1999,204.8849259259259,69.40274074074074
GRD,2000,245.6392592592593,77.18918518518515
GRD,2001,204.340078216073,81.0523086817175
GRD,2002,202.742368582429,56.2461376074244
GRD,2003,241.217854956003,54.7107940832475
GRD,2004,269.451920988255,54.176883466218
GRD,2005,357.075016567357,66.53396130086641
GRD,2006,366.734514440188,62.9757134377386
GRD,2007,417.456651577767,96.0940232493508
GRD,2008,474.281256356905,94.7903628641371
GRD,2009,365.542738143809,90.8237436180938
GRD,2010,432.233785734979,96.798534290389
GRD,2011,507.493683981224,109.36877517288
GRD,2012,539.075058624927,123.396302423367
GRD,2013,553.53450892765,135.656229124192
GRD,2014,578.489566635497,130.740614938348
GTM,1870,1.466336607933044,2.536633729934692
GTM,1871,2.380198001861572,2.720792055130005
GTM,1872,2.677227735519409,2.665346622467041
GTM,1873,2.317646980285645,3.297058820724487
GTM,1874,2.965048551559448,3.204854249954224
GTM,1875,2.535294055938721,3.153921604156494
GTM,1876,2.637864112854004,3.657281637191773
GTM,1877,3.042718410491943,3.663106679916382
GTM,1878,3.138834953308106,3.804854393005371
GTM,1879,3.230097055435181,4.471844673156738
GTM,1880,3.506730794906616,4.254807472229004
GTM,1881,3.524038553237915,3.926923036575317
GTM,1882,1.791346192359924,3.575961589813232
GTM,1883,1.952884674072266,5.498076915740967
GTM,1884,3.186407804489136,4.794174671173096
GTM,1885,2.983653783798218,5.836538314819336
GTM,1886,3.14174747467041,6.524271965026856
GTM,1887,3.599038362503052,8.691346168518066
GTM,1888,5.188349723815918,6.880582332611084
GTM,1889,7.366019248962402,12.862135887146
GTM,1890,5.65925931930542,4.608266830444336
GTM,1891,5.782962799072266,4.535636901855469
GTM,1892,4.485074520111084,4.793201446533203
GTM,1893,4.799248218536377,4.575255870819092
GTM,1894,5.176865577697754,6.551686763763428
GTM,1895,9.002019882202148,11.57754516601563
GTM,1896,11.20490169525147,9.777450561523438
GTM,1897,8.334951400756836,7.679611682891846
GTM,1898,4.709708690643311,4.739805698394775
GTM,1899,3.998058319091797,8.127184867858887
GTM,1900,3.035922288894653,7.177670001983643
GTM,1901,4.134951591491699,7.300000190734863
GTM,1902,3.900000095367432,8.768932342529297
GTM,1903,2.88543701171875,6.523301124572754
GTM,1904,4.942156791687012,7.403921604156494
GTM,1905,6.776237487792969,8.1564359664917
GTM,1906,7.149505138397217,7.065346717834473
GTM,1907,7.24455451965332,10.07326698303223
GTM,1908,5.760000228881836,6.699999809265137
GTM,1909,5.199009895324707,9.979207992553711
GTM,1910,6.449504852294922,10.87326717376709
GTM,1911,8.086138725280762,10.89702987670898
GTM,1912,9.724752426147461,13.02673244476318
GTM,1913,9.979999542236328,14.44999980926514
GTM,1914,9.350000381469727,12.75
GTM,1915,5.050000190734863,11.55000019073486
GTM,1916,8.142857551574707,10.14285755157471
GTM,1917,8.571428298950195,7.428571224212647
GTM,1918,6.333333492279053,10.7619047164917
GTM,1919,10.93000030517578,21.82999992370606
GTM,1920,18.18000030517578,18.10000038146973
GTM,1921,14.0,12.0
GTM,1922,10.0,12.0
GTM,1923,14.0,15.0
GTM,1924,17.0,24.0
GTM,1925,23.0,30.0
GTM,1926,29.0,29.0
GTM,1927,25.0,34.0
GTM,1928,31.0,28.0
GTM,1929,30.0,25.0
GTM,1930,16.46999931335449,23.56999969482422
GTM,1931,12.97000026702881,15.15999984741211
GTM,1932,7.460000038146973,10.65999984741211
GTM,1933,7.559999942779541,9.319999694824219
GTM,1934,10.02999973297119,14.80000019073486
GTM,1935,11.98999977111816,12.47000026702881
GTM,1936,14.39000034332275,15.10000038146973
GTM,1937,20.92000007629395,16.10000038146973
GTM,1938,20.95000076293945,16.32999992370606
GTM,1939,19.0,18.60000038146973
GTM,1940,15.78999996185303,11.88000011444092
GTM,1941,16.09000015258789,14.39999961853027
GTM,1942,13.64999961853027,20.39999961853027
GTM,1943,17.78000068664551,20.1200008392334
GTM,1944,20.68000030517578,23.85000038146973
GTM,1945,23.35000038146973,30.43000030517578
GTM,1946,36.20000076293945,36.70000076293945
GTM,1947,56.90000152587891,52.0
GTM,1948,66.69999694824219,49.40000152587891
GTM,1949,66.9000015258789,51.59999847412109
GTM,1950,69.5,66.69999694824219
GTM,1951,79.0,75.0
GTM,1952,74.5,86.80000305175781
GTM,1953,78.30000305175781,88.69999694824219
GTM,1954,86.0999984741211,95.5999984741211
GTM,1955,107.0,98.30000305175781
GTM,1956,134.5,115.9000015258789
GTM,1957,144.5,108.5999984741211
GTM,1958,149.3999938964844,102.5999984741211
GTM,1959,133.8999938964844,103.4000015258789
GTM,1960,138.0,112.8
GTM,1961,133.1,110.2
GTM,1962,137.1,109.2
GTM,1963,165.0,151.0
GTM,1964,201.5,164.9
GTM,1965,229.2,185.9
GTM,1966,206.8,226.2
GTM,1967,247.7,197.3
GTM,1968,249.4,227.245
GTM,1969,250.246,255.391
GTM,1970,283.889,290.011
GTM,1971,302.562,282.634
GTM,1972,323.875,323.345
GTM,1973,430.061,431.113
GTM,1974,700.349,572.054
GTM,1975,732.197,619.69
GTM,1976,837.861,757.166
GTM,1977,1064.85,1187.303
GTM,1978,1284.542,1084.227
GTM,1979,1500.977,1241.305
GTM,1980,1595.11,1517.442
GTM,1981,1671.187,1224.723
GTM,1982,1380.92,1109.013
GTM,1983,1132.221,1139.995
GTM,1984,1279.9605,1172.5932
GTM,1985,1180.7391,1061.7372
GTM,1986,958.1301,1075.6189
GTM,1987,1433.6075,981.4252
GTM,1988,1541.9085,962.5041
GTM,1989,1644.2607,1066.1293
GTM,1990,1698.0006,1189.2761
GTM,1991,1892.6728,1204.6769
GTM,1992,2562.3596,1324.5916
GTM,1993,2600.2762,1342.3137
GTM,1994,2651.5548,1511.147
GTM,1995,3292.5654,1935.5181
GTM,1996,3146.2207,2030.7341
GTM,1997,4170.65512024976,3081.32893706413
GTM,1998,5564.732453773871,3851.95634866593
GTM,1999,5632.58434751432,3937.05699119408
GTM,2000,5171.363855,2699.032783
GTM,2001,5606.44122,2412.396908
GTM,2002,7658.617934,4162.043249
GTM,2003,8127.7184,4459.4124
GTM,2004,9402.9282,5033.627778
GTM,2005,10498.8327,5380.9312
GTM,2006,11914.5101,6012.8402
GTM,2007,13575.7425,6897.7055
GTM,2008,14380.8114,7651.7346
GTM,2009,11385.8566,7155.1248
GTM,2010,13699.4981,8426.6697
GTM,2011,16445.8374,10345.9659
GTM,2012,16843.808,9938.6403
GTM,2013,17355.7314,9979.0786
GTM,2014,18260.5889,10671.5703
GUY,1960,86.1,74.3
GUY,1961,85.4,86.9
GUY,1962,,
GUY,1963,,
GUY,1964,87.6,94.9
GUY,1965,104.4,97.3
GUY,1966,117.9,109.1
GUY,1967,132.5,112.3
GUY,1968,106.1,108.8
GUY,1969,118.158,120.069
GUY,1970,134.115,133.426
GUY,1971,134.041,149.183
GUY,1972,145.999,141.999
GUY,1973,175.752,137.739
GUY,1974,253.241,268.022
GUY,1975,342.371,362.894
GUY,1976,363.679,271.645
GUY,1977,314.021,258.914
GUY,1978,269.304,294.625
GUY,1979,292.712,291.296
GUY,1980,321.079,388.526
GUY,1981,439.638,346.126
GUY,1982,280.146,258.416
GUY,1983,251.729,187.878
GUY,1984,211.988,202.583
GUY,1985,225.44,209.896
GUY,1986,242.48571261386,214.269952967427
GUY,1987,215.461898150077,242.338033946252
GUY,1988,206.236777522666,227.9270954068665
GUY,1989,230.787513792153,227.37122665299
GUY,1990,279.172141515035,231.741310375403
GUY,1991,311.924983717191,291.658701521718
GUY,1992,400.008180305489,367.051435187947
GUY,1993,506.834255837209,443.751996037923
GUY,1994,394.585292066703,505.489319360508
GUY,1995,517.286455594614,525.2134976245981
GUY,1996,622.245645495104,700.552756690685
GUY,1997,647.8183241743,653.452879174791
GUY,1998,635.35191239541,632.168945551895
GUY,1999,638.3761915277621,611.737510401765
GUY,2000,651.023862947947,595.88957456937
GUY,2001,700.104085621366,573.6604361401139
GUY,2002,555.478828220978,543.790777106655
GUY,2003,571.166000948924,575.295901486079
GUY,2004,593.4342378091881,641.095482970656
GUY,2005,738.0536397671669,636.6157054954459
GUY,2006,970.9264478674279,683.837751421515
GUY,2007,1002.34041663488,823.4184509416699
GUY,2008,1432.23425558471,1007.36600209618
GUY,2009,1160.80630067275,961.628092733073
GUY,2010,1557.45149784947,1112.6684645925
GUY,2011,1968.68110930262,1399.49212720053
GUY,2012,1880.15421890886,1592.26954690012
GUY,2013,1866.21195860363,1362.43605468914
GUY,2014,1856.20737796116,1426.01357768348
HND,1899,1.409999966621399,2.650000095367432
HND,1900,2.047940015792847,1.740020036697388
HND,1901,0.6975903511047363,1.034538149833679
HND,1902,0.521774172782898,0.71088707447052
HND,1903,0.5782257914543152,0.6915322542190552
HND,1904,0.9036585092544556,0.8833333253860474
HND,1905,2.509999990463257,4.880000114440918
HND,1906,2.33153510093689,2.127279996871948
HND,1907,2.830039978027344,1.91048002243042
HND,1908,2.581554889678955,2.028879880905151
HND,1909,1.658750057220459,2.472959995269775
HND,1910,2.690000057220459,2.289999961853027
HND,1911,3.559999942779541,2.900000095367432
HND,1912,4.309999942779541,3.079999923706055
HND,1913,5.130000114440918,3.180000066757202
HND,1914,6.199999809265137,3.689189910888672
HND,1915,4.452105045318604,4.19056510925293
HND,1916,6.0,5.095238208770752
HND,1917,4.746476173400879,7.38095235824585
HND,1918,9.904762268066406,8.571428298950195
HND,1919,10.11999988555908,8.760000228881836
HND,1920,12.85999965667725,6.940000057220459
HND,1921,18.71999931335449,5.420000076293945
HND,1922,12.80000019073486,5.360000133514404
HND,1923,14.34000015258789,10.01000022888184
HND,1924,11.13000011444092,7.889999866485596
HND,1925,12.75,11.97999954223633
HND,1926,9.899999618530273,13.44999980926514
HND,1927,10.63000011444092,17.54000091552734
HND,1928,12.56999969482422,23.13999938964844
HND,1929,14.85999965667725,24.55999946594238
HND,1930,15.9399995803833,26.17000007629395
HND,1931,10.28999996185303,20.02000045776367
HND,1932,8.359999656677246,17.57999992370606
HND,1933,6.28000020980835,14.27000045776367
HND,1934,8.380000114440918,12.39999961853027
HND,1935,9.579999923706055,10.5
HND,1936,8.720000267028809,9.210000038146973
HND,1937,10.38000011444092,9.640000343322754
HND,1938,9.460000038146973,7.349999904632568
HND,1939,9.600000381469727,9.399999618530273
HND,1940,9.901960372924805,8.627450942993164
HND,1941,10.0490198135376,8.970588684082031
HND,1942,10.93137264251709,8.382352828979492
HND,1943,10.0490198135376,4.117647171020508
HND,1944,13.08823490142822,9.117647171020508
HND,1945,14.90196037292481,11.17647075653076
HND,1946,22.20000076293945,12.10000038146973
HND,1947,34.0,17.10000038146973
HND,1948,38.59999847412109,21.79999923706055
HND,1949,40.40000152587891,19.39999961853027
HND,1950,36.40000152587891,21.89999961853027
HND,1951,50.79999923706055,33.90000152587891
HND,1952,62.20000076293945,60.90000152587891
HND,1953,58.0,66.9000015258789
HND,1954,56.5,56.70000076293945
HND,1955,59.5,47.90000152587891
HND,1956,64.0999984741211,72.5
HND,1957,76.0999984741211,64.5999984741211
HND,1958,62.90000152587891,69.5
HND,1959,62.40000152587891,69.0999984741211
HND,1960,72.4,64.3
HND,1961,72.6,67.5
HND,1962,80.6,80.0
HND,1963,96.0,83.0
HND,1964,102.4,95.5
HND,1965,122.9,127.3
HND,1966,150.2,146.3
HND,1967,165.4,156.0
HND,1968,184.722,178.972
HND,1969,184.207,166.678
HND,1970,220.654,168.98
HND,1971,193.39,187.424
HND,1972,192.795,198.606
HND,1973,262.241,249.917
HND,1974,380.121,261.309
HND,1975,404.276,303.187
HND,1976,453.071,397.205
HND,1977,579.53,511.014
HND,1978,699.538,601.777
HND,1979,825.665,733.585
HND,1980,1005.082,829.412
HND,1981,945.101,728.195
HND,1982,692.113,667.761
HND,1983,819.994,660.12
HND,1984,962.873800740413,749.800781181263
HND,1985,888.106498387781,780.120907190255
HND,1986,754.984,771.841
HND,1987,827.4,791.4
HND,1988,885.8,839.0
HND,1989,1028.242,851.0
HND,1990,880.4,812.4
HND,1991,879.8,779.9
HND,1992,1104.376,845.049
HND,1993,1290.6,867.1672727272728
HND,1994,1676.672,1007.934
HND,1995,1642.7,1223.86171
HND,1996,1840.0,1325.1208178
HND,1997,2148.6,1447.0
HND,1998,2499.839,1532.9
HND,1999,4461.40872995838,3690.85487577087
HND,2000,2852.861337,1403.454857
HND,2001,3069.33,1263.9463
HND,2002,3081.85109098877,1239.8058217981
HND,2003,3447.58287224983,1358.57737580192
HND,2004,4212.33198551999,1640.38362017922
HND,2005,4852.5432919962,1892.11928022
HND,2006,5642.335485680001,2095.94622037
HND,2007,7224.35821321081,2528.99264863562
HND,2008,8813.4925875,2832.98428504
HND,2009,6069.68974157,2304.24784895
HND,2010,7127.66789890773,2818.82075383385
HND,2011,9016.15445217629,3959.800526181
HND,2012,9385.284835034068,4389.87098359683
HND,2013,9152.27699512091,3927.25668447946
HND,2014,10227.4606205822,5380.11573385116
HRV,1992,,
HRV,1993,4666.735,3903.918
HRV,1994,5229.315,4260.501
HRV,1995,7510.128,4632.684
HRV,1996,7786.54051,4512.06041
HRV,1997,9099.7875,4331.61
HRV,1998,8326.8543378,4556.532
HRV,1999,7724.49,4226.07
HRV,2000,7886.511618000001,4431.597451
HRV,2001,9147.116308,4665.908208
HRV,2002,10722.045058,4903.584487
HRV,2003,14209.032389,6186.630195
HRV,2004,16589.073863,8024.156751
HRV,2005,18560.366295,8772.552653
HRV,2006,21420.190758,10181.35716
HRV,2007,25838.809,12363.933
HRV,2008,30740.321,14020.582
HRV,2009,21075.238,10383.078
HRV,2010,19987.131,11521.005
HRV,2011,22708.237,13374.835
HRV,2012,20724.84,11927.166
HRV,2013,20853.721802,11797.664959
HRV,2014,22515.96,13680.271
HTI,1870,6.03000020980835,8.5
HTI,1871,5.989999771118164,8.130000114440918
HTI,1872,5.940000057220459,7.769999980926514
HTI,1873,5.889999866485596,7.409999847412109
HTI,1874,5.840000152587891,7.050000190734863
HTI,1875,5.789999961853027,6.690000057220459
HTI,1876,5.739999771118164,6.329999923706055
HTI,1877,6.010000228881836,6.28000020980835
HTI,1878,6.28000020980835,6.21999979019165
HTI,1879,6.550000190734863,6.170000076293945
HTI,1880,6.820000171661377,6.119999885559082
HTI,1881,7.090000152587891,6.070000171661377
HTI,1882,7.820000171661377,6.71999979019165
HTI,1883,8.550000190734863,7.369999885559082
HTI,1884,9.279999732971191,8.020000457763672
HTI,1885,10.01000022888184,8.670000076293945
HTI,1886,10.75,9.319999694824219
HTI,1887,11.47999954223633,9.970000267028809
HTI,1888,12.21000003814697,10.61999988555908
HTI,1889,12.9399995803833,11.27000045776367
HTI,1890,13.67000007629395,11.92000007629395
HTI,1891,14.39999961853027,12.56999969482422
HTI,1892,12.35999965667725,12.88000011444092
HTI,1893,10.31999969482422,13.1899995803833
HTI,1894,8.279999732971191,13.5
HTI,1895,6.01941728591919,13.5922327041626
HTI,1896,5.922329902648926,9.126214027404785
HTI,1897,6.153846263885498,12.5
HTI,1898,5.238095283508301,12.38095283508301
HTI,1899,3.75,12.5
HTI,1900,7.190000057220459,14.0
HTI,1901,5.288461685180664,12.5
HTI,1902,6.880000114440918,10.82999992370606
HTI,1903,6.980000019073486,10.47999954223633
HTI,1904,7.079999923706055,10.13000011444092
HTI,1905,7.179999828338623,9.779999732971191
HTI,1906,7.289999961853027,9.4399995803833
HTI,1907,7.389999866485596,9.09000015258789
HTI,1908,7.489999771118164,8.739999771118164
HTI,1909,7.590000152587891,8.390000343322754
HTI,1910,7.679999828338623,7.940000057220459
HTI,1911,8.319999694824219,14.52999973297119
HTI,1912,8.333333015441895,15.68627452850342
HTI,1913,8.529411315917969,16.66666603088379
HTI,1914,,
HTI,1915,,
HTI,1934,8.229999542236328,7.119999885559082
HTI,1935,7.579999923706055,9.4399995803833
HTI,1936,9.210000038146973,8.970000267028809
HTI,1937,7.590000152587891,6.940000057220459
HTI,1938,8.180000305175781,7.260000228881836
HTI,1939,7.0,6.0
HTI,1940,7.940000057220459,5.400000095367432
HTI,1941,7.440000057220459,6.659999847412109
HTI,1942,8.460000038146973,8.579999923706055
HTI,1943,9.84000015258789,10.61999988555908
HTI,1944,16.04000091552734,16.10000038146973
HTI,1945,13.15999984741211,17.1200008392334
HTI,1946,28.0,28.0
HTI,1947,31.5,31.60000038146973
HTI,1948,30.39999961853027,29.29999923706055
HTI,1949,32.90000152587891,34.70000076293945
HTI,1950,37.09999847412109,37.79999923706055
HTI,1951,43.0,50.09999847412109
HTI,1952,51.90000152587891,51.40000152587891
HTI,1953,42.79999923706055,37.59999847412109
HTI,1954,47.09999847412109,54.5
HTI,1955,39.5,36.29999923706055
HTI,1956,46.09999847412109,41.70000076293945
HTI,1957,40.0,34.0
HTI,1958,43.0,39.0
HTI,1959,31.70000076293945,27.60000038146973
HTI,1960,38.893,38.051
HTI,1961,32.717,30.416
HTI,1962,37.021,40.871
HTI,1963,35.7,43.3
HTI,1964,35.7,37.9
HTI,1965,36.996,37.77
HTI,1966,35.909,38.365
HTI,1967,37.785,32.334
HTI,1968,36.444,35.745
HTI,1969,43.443,37.074
HTI,1970,51.616,40.51
HTI,1971,58.862,48.225
HTI,1972,65.429,42.305
HTI,1973,76.147,51.17
HTI,1974,110.145,71.288
HTI,1975,141.897,81.141
HTI,1976,200.014,117.424
HTI,1977,207.339,143.212
HTI,1978,219.798,158.79
HTI,1979,266.122,147.696
HTI,1980,354.177,225.739
HTI,1981,376.411,153.167
HTI,1982,547.58845,177.753112691
HTI,1983,633.2106,166.068306543821
HTI,1984,688.446527557634,179.273738128962
HTI,1985,603.296656330387,168.469294074615
HTI,1986,360.665090338997,184.495886064374
HTI,1987,553.5531780899998,213.627868507681
HTI,1988,344.915173065457,180.696890445543
HTI,1989,291.553812124696,152.6345562438918
HTI,1990,524.765252326018,171.4474990302853
HTI,1991,688.478742379585,164.4067396215988
HTI,1992,392.243296419765,42.14137174877501
HTI,1993,437.835018518908,46.76894577358689
HTI,1994,381.630798180866,14.37684751571566
HTI,1995,975.0271105670299,35.6838270438834
HTI,1996,898.7385974255151,52.965158630893
HTI,1997,986.3825132530119,60.91504806508751
HTI,1998,1045.38610491341,296.234895552375
HTI,1999,1158.25866044314,317.181312484911
HTI,2000,736.654462830175,324.40032796799
HTI,2001,748.549174821405,276.732472167078
HTI,2002,757.833407027121,291.119263451459
HTI,2003,744.924504315667,378.338883313354
HTI,2004,897.451836620815,432.00384339697
HTI,2005,1709.3528463109,512.119138022499
HTI,2006,2313.76446852009,597.137011788945
HTI,2007,2524.57583862454,618.062326747228
HTI,2008,3073.46211124505,601.27523366604
HTI,2009,2852.16375178054,611.491227080185
HTI,2010,4331.17964428055,642.0166232675369
HTI,2011,4865.17758469221,815.780359135715
HTI,2012,4673.80465655765,862.610692482025
HTI,2013,4948.62586019417,945.397996615235
HTI,2014,5215.5886657655,986.79163617799
HUN,1918,,
HUN,1919,80.0,85.0
HUN,1920,84.54000091552734,33.27999877929688
HUN,1921,105.4800033569336,51.43999862670898
HUN,1922,109.2799987792969,66.87999725341797
HUN,1923,85.69000244140625,68.48999786376953
HUN,1924,142.3800048828125,116.4899978637695
HUN,1925,149.3800048828125,141.8300018310547
HUN,1926,166.2799987792969,151.8999938964844
HUN,1927,200.3399963378906,139.8399963378906
HUN,1928,207.6788787841797,142.8815002441406
HUN,1929,185.6893615722656,181.3263549804688
HUN,1930,145.8751373291016,159.4450073242188
HUN,1931,94.06631469726562,99.4764404296875
HUN,1932,57.4171028137207,58.4642219543457
HUN,1933,68.9609603881836,86.1461181640625
HUN,1934,102.0710067749023,119.5266265869141
HUN,1935,118.0,133.0
HUN,1936,128.9085540771484,148.6725616455078
HUN,1937,142.7728576660156,173.4513244628906
HUN,1938,122.0,155.0
HUN,1939,145.8999938964844,178.8999938964844
HUN,1940,100.8000030517578,86.0999984741211
HUN,1941,155.8999938964844,167.8999938964844
HUN,1942,229.0,279.7000122070313
HUN,1943,278.7000122070313,313.0
HUN,1944,196.3000030517578,230.0
HUN,1945,1.299999952316284,1.0
HUN,1946,31.5,35.5
HUN,1947,123.8000030517578,88.69999694824219
HUN,1948,168.3000030517578,164.6000061035156
HUN,1949,288.1000061035156,280.5
HUN,1950,315.7000122070313,328.5
HUN,1951,394.0,395.7000122070313
HUN,1952,459.5,438.1000061035156
HUN,1953,487.3999938964844,468.2000122070313
HUN,1954,531.5999755859375,519.2000122070312
HUN,1955,554.2000122070312,601.0
HUN,1956,481.2000122070313,486.8999938964844
HUN,1957,682.4000244140625,487.8999938964844
HUN,1958,630.9000244140625,683.5
HUN,1959,792.9000244140625,769.5999755859375
HUN,1960,263.65,217.03
HUN,1961,270.1,220.18
HUN,1962,1148.68994140625,1099.300048828125
HUN,1963,1305.5,1205.800048828125
HUN,1964,1494.589965820313,1351.800048828125
HUN,1965,1520.300048828125,1509.5
HUN,1966,1565.5,1593.300048828125
HUN,1967,1775.239990234375,1701.119995117188
HUN,1968,1361.66,1334.15
HUN,1969,1879.1,1553.45
HUN,1970,2440.34,1726.31
HUN,1971,2684.19,1848.0
HUN,1972,2462.84,2403.0
HUN,1973,3275.78,3351.84
HUN,1974,4455.85,3942.55
HUN,1975,5401.97,4519.51
HUN,1976,5540.37,4926.92
HUN,1977,6529.87,5825.29
HUN,1978,7943.75,6352.22
HUN,1979,8692.07,7931.22
HUN,1980,9234.85,8649.56
HUN,1981,9152.1,8732.44
HUN,1982,8830.64,8790.92
HUN,1983,8508.06,8702.09
HUN,1984,8091.49,8564.74
HUN,1985,8228.18,8542.68
HUN,1986,9596.18,9157.76
HUN,1987,9845.02,9555.65
HUN,1988,9340.25,9943.93
HUN,1989,8885.17940765554,9682.23245900597
HUN,1990,8621.36742580858,9592.720868084209
HUN,1991,11082.3,9971.6
HUN,1992,11110.4,10728.0
HUN,1993,12386.9,8597.7
HUN,1994,14449.4,10587.6
HUN,1995,15483.3,12861.4
HUN,1996,16209.138,13144.659
HUN,1997,21234.028,19099.94
HUN,1998,25726.973,23005.465
HUN,1999,27893.888,24848.994
HUN,2000,32187.071,28087.8
HUN,2001,33473.554,30155.473
HUN,2002,37321.553,33959.789
HUN,2003,47526.422,42479.658
HUN,2004,59478.811,54783.576
HUN,2005,66411.9637,62808.9674
HUN,2006,78366.1232,75370.1944
HUN,2007,95715.1251,95570.3637
HUN,2008,109232.6144,108334.9897
HUN,2009,77900.069,83194.5433
HUN,2010,87573.7265,93917.4061
HUN,2011,100935.3086,109518.355
HUN,2012,93612.9469,100253.6356
HUN,2013,98205.6457,104620.5165
HUN,2014,103093.3537,107904.842
IDN,1949,522.0,377.0
IDN,1950,416.0,506.0
IDN,1951,821.0,829.0
IDN,1952,915.0,665.0
IDN,1953,743.0,621.0
IDN,1954,611.0,635.0
IDN,1955,614.0,728.0
IDN,1956,837.0,663.0
IDN,1957,775.0,677.0
IDN,1958,544.0,791.0
IDN,1959,483.0,931.0
IDN,1960,618.0,582.4
IDN,1961,766.6,770.0
IDN,1962,632.4,667.6
IDN,1963,502.2,680.6
IDN,1964,653.5,709.4
IDN,1965,659.0,693.7
IDN,1966,504.7,662.1
IDN,1967,637.5,654.1
IDN,1968,707.8,747.0
IDN,1969,771.5,848.0
IDN,1970,984.6,1105.9
IDN,1971,1096.3,1231.3
IDN,1972,1556.9,1772.1
IDN,1973,2709.3,3201.6
IDN,1974,3841.7,7424.9
IDN,1975,4769.4,7102.1
IDN,1976,5673.7,8546.4
IDN,1977,6228.5,10846.3
IDN,1978,6690.2,11642.8
IDN,1979,7225.6,15578.5
IDN,1980,10837.3,21915.9
IDN,1981,13269.5,23810.3
IDN,1982,16858.8,22353.9
IDN,1983,16351.5,21195.4
IDN,1984,13880.2,21896.4
IDN,1985,10274.8,18602.2
IDN,1986,10724.5,14809.6
IDN,1987,12855.4,17177.7
IDN,1988,13488.9,19378.5
IDN,1989,16469.978153,21940.083868
IDN,1990,22005.034207,25682.74667
IDN,1991,25928.475956,29188.946945
IDN,1992,27279.710962,33982.30059
IDN,1993,28327.906434,36839.751835
IDN,1994,32013.048,40069.354
IDN,1995,40629.167,45453.419
IDN,1996,42902.192057587,49890.0847306532
IDN,1997,41698.433128,53448.658409
IDN,1998,27349.593319,48855.369816
IDN,1999,24003.282212,48665.249735
IDN,2000,33514.786683,62123.916187
IDN,2001,30962.1417,56320.9048
IDN,2002,31288.8529,57158.7708
IDN,2003,32550.684268,61058.246974
IDN,2004,46524.524215,71583.968396
IDN,2005,57700.882646,85659.265971
IDN,2006,61065.394658,100797.838099
IDN,2007,74473.182229,114100.408295
IDN,2008,129244.029483,137020.060195
IDN,2009,96829.184908,116507.687469
IDN,2010,135663.257676,157778.37471
IDN,2011,177435.269636,203496.002
IDN,2012,191690.905016,190031.271007
IDN,2013,186628.406828,182551.307674
IDN,2014,178178.781624,176291.653051
IND,1947,1386.363647460938,1237.878784179688
IND,1948,1987.0,1334.699951171875
IND,1949,1872.0,1217.0
IND,1950,1098.0,1097.599975585938
IND,1951,1735.0,1568.199951171875
IND,1952,1652.0,1241.300048828125
IND,1953,1155.0,1077.800048828125
IND,1954,1238.0,1135.400024414063
IND,1955,1369.0,1232.199951171875
IND,1956,1644.0,1209.900024414063
IND,1957,2073.0,1303.599975585938
IND,1958,1790.0,1193.5
IND,1959,1928.0,1285.300048828125
IND,1960,2249.4,1313.5
IND,1961,2213.3,1382.4
IND,1962,2311.2,1389.5
IND,1963,2438.8,1576.3
IND,1964,2661.1,1691.7
IND,1965,2772.9,1651.5
IND,1966,2731.7,1599.4
IND,1967,2672.6,1605.4
IND,1968,2507.48,1747.5
IND,1969,2116.17,1828.35
IND,1970,2094.6,2024.12
IND,1971,2409.37,2108.97
IND,1972,2235.43,2437.72
IND,1973,3233.75,2958.0
IND,1974,5064.07,3891.36
IND,1975,6197.84,4364.04
IND,1976,5102.81,5017.9
IND,1977,6664.33,6024.29
IND,1978,7819.53,6625.55
IND,1979,9898.55,7678.46
IND,1980,14822.22,8440.16
IND,1981,14549.8,6826.45
IND,1982,15634.8320721413,8271.35999266409
IND,1983,13892.7333070928,7857.42148127714
IND,1984,15115.2511688284,8230.24987030417
IND,1985,16328.9984846329,8265.216776428
IND,1986,15051.4398996567,9135.13777842554
IND,1987,16838.0393789724,10797.3382710335
IND,1988,19034.7154524238,13192.0416650754
IND,1989,19297.4919422872,15837.518
IND,1990,23991.4231278718,17811.5401685742
IND,1991,19509.428,17871.488
IND,1992,23196.5692565989,19230.1059694203
IND,1993,21268.7970173,20988.5271320069
IND,1994,25485.7685512508,24193.3756610153
IND,1995,34486.53,30536.44
IND,1996,36054.7584857611,32323.6423870684
IND,1997,40896.425,34622.075
IND,1998,42162.075,33665.15
IND,1999,47900.5,35921.625
IND,2000,50336.125,42625.85
IND,2001,50143.36702,43313.56139
IND,2002,58912.4249160261,50496.2560281594
IND,2003,74070.022263983,61118.5428040106
IND,2004,99835.3333803037,75385.24138378909
IND,2005,139753.591533529,98201.6496817793
IND,2006,176601.402349868,120531.994181738
IND,2007,235016.280513131,153768.148417007
IND,2008,281465.510592077,177698.395955369
IND,2009,257657.91431,165184.09027
IND,2010,350782.793921,222921.640671
IND,2011,465075.994084,307071.284992
IND,2012,490413.250967,297261.183579
IND,2013,467949.944833,315127.167944
IND,2014,460512.28294,317733.217527
IRL,1922,299.0,199.0
IRL,1923,300.0,200.0
IRL,1924,300.0,221.7391357421875
IRL,1925,301.8251953125,214.2491607666016
IRL,1926,296.4042663574219,204.0816345214844
IRL,1927,296.5483703613281,213.9037475585938
IRL,1928,291.9707946777344,223.8442840576172
IRL,1929,296.2603149414063,228.2661437988281
IRL,1930,275.9795837402344,222.3869781494141
IRL,1931,226.7573699951172,163.2653045654297
IRL,1932,148.2758636474609,89.6551742553711
IRL,1933,124.1379318237305,65.51724243164062
IRL,1934,196.4735412597656,90.68009948730469
IRL,1935,184.0,98.0
IRL,1936,198.8071594238281,114.3141174316406
IRL,1937,217.4987640380859,113.6925354003906
IRL,1938,202.0,118.0
IRL,1939,213.1999969482422,132.0
IRL,1940,195.8333282470703,137.5
IRL,1941,123.3333358764648,132.9166717529297
IRL,1942,145.0,136.25
IRL,1943,110.4166641235352,115.8333358764648
IRL,1944,119.1666641235352,125.4166641235352
IRL,1945,171.6666717529297,149.1666717529297
IRL,1946,290.7999877929688,157.3000030517578
IRL,1947,529.7000122070312,159.8000030517578
IRL,1948,549.0,197.0
IRL,1949,479.0,219.0
IRL,1950,443.0,200.0
IRL,1951,564.0,225.0
IRL,1952,477.0,281.0
IRL,1953,504.0,316.0
IRL,1954,500.0,320.0
IRL,1955,566.0,307.0
IRL,1956,501.0,298.0
IRL,1957,513.0,365.0
IRL,1958,552.0,366.0
IRL,1959,592.0,362.0
IRL,1960,629.9,425.3
IRL,1961,728.8,504.2
IRL,1962,763.5,486.6
IRL,1963,852.3,548.2
IRL,1964,967.7,621.6
IRL,1965,1036.7,625.8
IRL,1966,1041.6,685.0
IRL,1967,1079.0,784.7
IRL,1968,1173.6,797.2
IRL,1969,1422.77,890.38
IRL,1970,1569.08,1034.97
IRL,1971,1833.71,1304.62
IRL,1972,2106.04,1605.79
IRL,1973,2775.85,2129.09
IRL,1974,3817.01,2656.72
IRL,1975,3771.98,3176.1
IRL,1976,4195.4,3311.87
IRL,1977,5383.96,4398.17
IRL,1978,7109.6,5681.62
IRL,1979,9885.51,7172.23
IRL,1980,11142.48,8498.06
IRL,1981,10600.07,7682.61
IRL,1982,9698.76,8030.11
IRL,1983,9163.76,8591.32
IRL,1984,9675.15,9639.43
IRL,1985,10017.51,10322.28
IRL,1986,11617.82,12665.36
IRL,1987,13639.69,15998.32
IRL,1988,15604.5200201833,18768.5003699828
IRL,1989,17524.700563448,20869.4612357971
IRL,1990,20829.806563784,23768.5163061207
IRL,1991,20750.719664822,24216.0448277241
IRL,1992,22453.1709898595,28132.3774380232
IRL,1993,21528.1291655815,29178.9071134664
IRL,1994,25183.1077586157,34051.6752601392
IRL,1995,32004.6889963906,43592.37498994191
IRL,1996,34960.5510110589,47363.4230056601
IRL,1997,38903.4852975497,52566.9919478712
IRL,1998,43935.2118255137,64507.6676914065
IRL,1999,47532.928536201,71605.224038725
IRL,2000,50642.4397,76336.1986
IRL,2001,50651.9972,82935.0053
IRL,2002,51427.282,87787.45
IRL,2003,53865.6638,92830.3227
IRL,2004,61344.0285,104437.2606
IRL,2005,68530.4227,109617.0206
IRL,2006,73063.2812,108855.8161
IRL,2007,83834.4149,121496.2485
IRL,2008,84130.0904,125630.3283
IRL,2009,62493.4924,115567.3574
IRL,2010,60047.3054,112169.544
IRL,2011,66277.7989,121066.6657
IRL,2012,61358.9818,111484.6183
IRL,2013,65013.3322,108544.2459
IRL,2014,69679.4631,110910.5305
IRN,1870,12.5,7.5
IRN,1871,12.5,7.5
IRN,1872,12.5,7.5
IRN,1873,12.5,7.5
IRN,1874,12.5,7.5
IRN,1875,12.5,7.5
IRN,1876,12.5,2.5
IRN,1877,12.5,2.5
IRN,1878,12.5,2.5
IRN,1879,12.5,2.5
IRN,1880,6.409999847412109,3.480000019073486
IRN,1881,7.179999828338623,4.0
IRN,1882,7.949999809265137,4.53000020980835
IRN,1883,8.720000267028809,5.050000190734863
IRN,1884,9.489999771118164,5.579999923706055
IRN,1885,10.26000022888184,6.099999904632568
IRN,1886,11.03999996185303,6.630000114440918
IRN,1887,11.8100004196167,7.150000095367432
IRN,1888,12.57999992370606,7.679999828338623
IRN,1889,13.35000038146973,8.199999809265137
IRN,1890,14.11999988555908,8.729999542236328
IRN,1891,14.89000034332275,9.25
IRN,1892,15.65999984741211,9.779999732971191
IRN,1893,16.44000053405762,10.30000019073486
IRN,1894,17.20999908447266,10.82999992370606
IRN,1895,17.97999954223633,11.35000038146973
IRN,1896,18.75,11.88000011444092
IRN,1897,19.52000045776367,12.39999961853027
IRN,1898,20.29000091552734,12.93000030517578
IRN,1899,21.05999946594238,13.44999980926514
IRN,1900,25.54999923706055,14.44999980926514
IRN,1901,29.89999961853027,15.10000038146973
IRN,1902,24.79999923706055,17.14999961853027
IRN,1903,19.25,12.75
IRN,1904,29.14999961853027,20.64999961853027
IRN,1905,32.04999923706055,24.45000076293945
IRN,1906,39.5,32.40000152587891
IRN,1907,40.79999923706055,31.70000076293945
IRN,1908,34.59999847412109,30.29999923706055
IRN,1909,40.40000152587891,33.90000152587891
IRN,1910,24.20000076293945,34.09999847412109
IRN,1911,44.59999847412109,34.79999923706055
IRN,1912,45.83333206176758,34.08333206176758
IRN,1913,52.66666793823242,36.58333206176758
IRN,1914,41.61014938354492,33.00479888916016
IRN,1915,38.67499923706055,31.42790031433106
IRN,1916,69.29571533203125,60.76666641235352
IRN,1917,74.29618835449219,53.76428604125977
IRN,1918,81.00114440917969,45.38585662841797
IRN,1919,82.83000183105469,46.40999984741211
IRN,1920,39.75,30.66666603088379
IRN,1921,50.08333206176758,41.33333206176758
IRN,1922,47.20930099487305,55.968994140625
IRN,1923,63.38694381713867,71.52317810058594
IRN,1924,77.44593048095703,101.6477890014648
IRN,1925,94.88636016845703,119.4318161010742
IRN,1926,81.0810775756836,113.8253631591797
IRN,1927,74.75821685791016,102.5145034790039
IRN,1928,77.74359130859375,155.3846130371094
IRN,1929,76.0,153.0
IRN,1930,67.14995574951172,121.2758941650391
IRN,1931,48.8677864074707,126.588752746582
IRN,1932,35.41778945922852,90.24258422851562
IRN,1933,22.83646011352539,59.72359466552734
IRN,1934,47.29811859130859,117.2434692382813
IRN,1935,56.0,120.0
IRN,1936,59.2490348815918,124.0750961303711
IRN,1937,84.38072204589844,156.8029327392578
IRN,1938,92.0,150.0
IRN,1939,63.0,147.6000061035156
IRN,1940,65.71687316894531,143.0669097900391
IRN,1941,31.7586669921875,73.7430419921875
IRN,1942,41.8709602355957,17.7730827331543
IRN,1943,47.07692337036133,21.66110801696777
IRN,1944,91.07691955566406,24.37126159667969
IRN,1945,95.69230651855469,52.30769348144531
IRN,1946,126.461540222168,79.07691955566406
IRN,1947,144.9230804443359,71.38461303710938
IRN,1948,129.0,580.0
IRN,1949,167.1999969482422,410.6400146484375
IRN,1950,167.3999938964844,330.4800109863281
IRN,1951,167.6000061035156,250.3200073242188
IRN,1952,167.8000030517578,170.1600036621094
IRN,1953,168.0,90.0
IRN,1954,247.3999938964844,219.0
IRN,1955,326.7999877929688,348.0
IRN,1956,406.2000122070313,477.0
IRN,1957,485.6000061035156,606.0
IRN,1958,565.0,735.0
IRN,1959,607.5,775.0
IRN,1960,556.9,815.1500244140625
IRN,1961,601.5,897.5
IRN,1962,520.6,980.0
IRN,1963,520.0,917.0
IRN,1964,668.9,1217.2
IRN,1965,855.3,1270.0
IRN,1966,933.6,1308.2
IRN,1967,1123.9,1919.7
IRN,1968,1393.0,1869.6
IRN,1969,1384.4,2100.0
IRN,1970,1660.0,2620.0
IRN,1971,1870.0,3830.0
IRN,1972,2410.0,4040.0
IRN,1973,3379.0,6207.0
IRN,1974,5425.8,21571.0
IRN,1975,10345.9,20211.0
IRN,1976,12886.7,23507.0
IRN,1977,14641.6,24260.0
IRN,1978,10372.0,22101.0
IRN,1979,9695.0,19976.0
IRN,1980,10849.0,14107.0
IRN,1981,13515.0,9936.77601362519
IRN,1982,11845.0,15686.5519493449
IRN,1983,18103.0,19184.9865044305
IRN,1984,14494.0,15182.2170855466
IRN,1985,11408.0,13725.0893684107
IRN,1986,9355.0,8043.98986061197
IRN,1987,9369.0,11040.0390475143
IRN,1988,8171.0,10709.0
IRN,1989,12807.0,13081.0
IRN,1990,18721.6,19305.0
IRN,1991,29677.5,18661.0
IRN,1992,29870.0,19868.0
IRN,1993,20037.0,18080.0
IRN,1994,11795.0,19434.0
IRN,1995,12313.0,18360.0
IRN,1996,15117.0,22391.0
IRN,1997,15907.8,18380.8
IRN,1998,14323.0,13118.0
IRN,1999,12683.0,21030.0
IRN,2000,14346.86743,26997.8184319111
IRN,2001,16484.665199,24116.4514829186
IRN,2002,20437.822156,22174.308234329
IRN,2003,26002.0,31773.1206414328
IRN,2004,33013.0,41001.1063693593
IRN,2005,38903.977868,55181.3186124403
IRN,2006,40685.983802,75738.1192206258
IRN,2007,45168.171771,89199.8249114467
IRN,2008,58342.945373,119674.457141188
IRN,2009,49740.49676432,74394.8421494028
IRN,2010,66395.066,98693.00106691361
IRN,2011,95914.8922212168,129976.633627291
IRN,2012,92036.0829786932,102281.657498902
IRN,2013,83876.3740483884,84685.7480846883
IRN,2014,96360.8462640214,86361.3655593752
IRQ,1932,19.65517234802246,8.275861740112305
IRQ,1933,10.3333330154419,7.333333492279053
IRQ,1934,18.48484802246094,9.696969985961914
IRQ,1935,34.0,27.0
IRQ,1936,36.0,17.5
IRQ,1937,48.0,28.0
IRQ,1938,46.0,39.0
IRQ,1939,39.79999923706055,18.20000076293945
IRQ,1940,7.949999809265137,4.010000228881836
IRQ,1941,6.699999809265137,4.179999828338623
IRQ,1942,12.11999988555908,4.699999809265137
IRQ,1943,15.63000011444092,5.260000228881836
IRQ,1944,14.22000026702881,9.680000305175781
IRQ,1945,18.82999992370606,9.8100004196167
IRQ,1946,113.0,53.0
IRQ,1947,161.0,59.29999923706055
IRQ,1948,180.0,79.0
IRQ,1949,144.0,90.0
IRQ,1950,102.0,138.0
IRQ,1951,139.0,182.0
IRQ,1952,170.0,276.0
IRQ,1953,190.0,389.0
IRQ,1954,206.0,487.0
IRQ,1955,270.0,517.0
IRQ,1956,319.0,477.0
IRQ,1957,341.0,360.0
IRQ,1958,264.0,566.0
IRQ,1959,321.0,604.0
IRQ,1960,387.0,645.4
IRQ,1961,401.7,660.1
IRQ,1962,356.1,690.1
IRQ,1963,311.8,775.3
IRQ,1964,402.9,838.8
IRQ,1965,435.6,881.9
IRQ,1966,491.5,934.7
IRQ,1967,423.2,834.3
IRQ,1968,413.6,1037.7
IRQ,1969,433.1,1049.5
IRQ,1970,505.0,1105.2
IRQ,1971,627.4,1532.1
IRQ,1972,717.2,1108.0
IRQ,1973,905.4,1955.0
IRQ,1974,2364.4,6601.0
IRQ,1975,4202.9,8297.0
IRQ,1976,3899.5,9272.0
IRQ,1977,4480.6,9649.0
IRQ,1978,4212.4,11061.0
IRQ,1979,7230.0,21432.0
IRQ,1980,14067.0,26278.0
IRQ,1981,20361.5247,10139.6351045343
IRQ,1982,21134.1600273864,10033.265645137
IRQ,1983,9928.16456301732,8161.12832376334
IRQ,1984,9755.02518378518,9316.835701160218
IRQ,1985,10569.9562103947,10409.3753870653
IRQ,1986,8920.38208697257,7464.53457951309
IRQ,1987,7298.298350066591,9705.17502058311
IRQ,1988,9293.004270753041,9608.911169942881
IRQ,1989,9898.698893811239,12284.3652457119
IRQ,1990,6525.51483737312,10313.633156545
IRQ,1991,422.899942961424,487.070371531314
IRQ,1992,602.684169454986,608.882563386883
IRQ,1993,532.7132199025319,471.467207560158
IRQ,1994,498.660895685989,383.569443590558
IRQ,1995,665.443007080268,424.575358539782
IRQ,1996,568.380004365116,502.984071974817
IRQ,1997,1136.23921736969,2819.26284495535
IRQ,1998,1852.82552954528,5096.74490798499
IRQ,1999,2110.30402011266,9687.901060658449
IRQ,2000,3414.47694319108,14918.5768131118
IRQ,2001,5753.22140733923,11018.4031158965
IRQ,2002,6083.69131395811,9138.51672656302
IRQ,2003,4493.71004462292,8219.95987570132
IRQ,2004,10340.1461898897,16056.3498619564
IRQ,2005,12841.8766145673,17632.9949636144
IRQ,2006,13302.7257988528,27503.0120755584
IRQ,2007,15255.0099480755,35271.1390100728
IRQ,2008,21934.7222023826,56942.2825707677
IRQ,2009,25658.1433196221,36301.272745933
IRQ,2010,29492.2470213007,46674.9873800395
IRQ,2011,37096.5142319384,71211.5527210222
IRQ,2012,45745.6442885931,84731.1079666238
IRQ,2013,51927.3382423322,82777.02092121111
IRQ,2014,50379.4100590378,79571.1546043452
ISL,1944,38.13559341430664,30.90909004211426
ISL,1945,49.27581024169922,41.21725845336914
ISL,1946,69.0999984741211,44.79999923706055
ISL,1947,80.0,44.79999923706055
ISL,1948,69.5999984741211,60.09999847412109
ISL,1949,58.29999923706055,39.5
ISL,1950,37.29999923706055,29.5
ISL,1951,55.40000152587891,43.20000076293945
ISL,1952,54.79999923706055,38.09999847412109
ISL,1953,67.0999984741211,42.0
ISL,1954,69.0999984741211,52.0
ISL,1955,77.19999694824219,51.90000152587891
ISL,1956,90.0,63.0
ISL,1957,83.5,60.29999923706055
ISL,1958,86.0999984741211,65.5999984741211
ISL,1959,94.69999694824219,65.30000305175781
ISL,1960,87.8,65.6
ISL,1961,74.2,70.6
ISL,1962,89.0,83.8
ISL,1963,109.1,93.7
ISL,1964,130.7,111.0
ISL,1965,137.3,129.1
ISL,1966,159.2,140.2
ISL,1967,161.5,96.2
ISL,1968,137.2,81.9
ISL,1969,123.482,107.673
ISL,1970,157.31,147.186
ISL,1971,209.614,149.743
ISL,1972,233.77,191.171
ISL,1973,350.586,282.729
ISL,1974,518.288,331.297
ISL,1975,483.894,305.615
ISL,1976,466.737,400.366
ISL,1977,605.42,512.033
ISL,1978,675.304,640.78
ISL,1979,815.443,781.625
ISL,1980,998.977,917.873
ISL,1981,1023.868,895.395
ISL,1982,944.42,685.413
ISL,1983,817.612,740.023
ISL,1984,841.765,739.408
ISL,1985,905.209,814.975
ISL,1986,1118.97,1097.993
ISL,1987,1590.361,1375.256
ISL,1988,1621.91814681345,1429.962
ISL,1989,1418.33580706479,1444.46019822027
ISL,1990,1677.69061150962,1590.92550866931
ISL,1991,1717.00136422852,1548.88281345793
ISL,1992,1685.01715767948,1527.695050594241
ISL,1993,1355.97441758254,1403.52094820377
ISL,1994,1473.269462572,1634.52222372851
ISL,1995,1767.75087984203,1826.75276049308
ISL,1996,2044.41493643989,1882.01440561243
ISL,1997,2046.10520783713,1855.40730368134
ISL,1998,2463.12395100357,1979.58239066161
ISL,1999,2517.27843211407,2002.46700865716
ISL,2000,2585.6232799811,1896.44250578994
ISL,2001,2275.22069427304,2015.72652512361
ISL,2002,2275.06157254828,2231.18990275706
ISL,2003,2828.99188114213,2396.94361406732
ISL,2004,3707.05506847639,2877.20636798078
ISL,2005,4847.969312736651,2980.87219473867
ISL,2006,6139.69665493866,3453.18639982202
ISL,2007,6630.04087825997,4783.52318823334
ISL,2008,6204.93905011518,5382.4677236096
ISL,2009,3603.84995302591,4056.56320239396
ISL,2010,3931.38910491141,4600.71482004298
ISL,2011,4832.86719710483,5336.29318105081
ISL,2012,4771.98669646763,5063.655735165459
ISL,2013,5019.75938347383,4997.64180780319
ISL,2014,5367.05487000354,5021.86322326514
ISR,1948,96.19999694824219,6.199999809265137
ISR,1949,320.0,36.0
ISR,1950,283.0,33.0
ISR,1951,339.0,42.0
ISR,1952,316.0,41.0
ISR,1953,278.0,56.0
ISR,1954,285.0,84.0
ISR,1955,323.0,86.0
ISR,1956,364.0,103.0
ISR,1957,433.0,136.0
ISR,1958,418.0,139.0
ISR,1959,422.0,176.0
ISR,1960,496.1,214.6
ISR,1961,572.3,244.7
ISR,1962,634.9,277.8
ISR,1963,673.9,348.9
ISR,1964,833.2,367.1
ISR,1965,833.3,425.1
ISR,1966,838.6,500.3
ISR,1967,754.6,553.4
ISR,1968,1079.2,640.0
ISR,1969,1666.04,724.66
ISR,1970,2079.42,781.62
ISR,1971,2388.23,961.17
ISR,1972,2472.01,1149.16
ISR,1973,4239.87,1459.0
ISR,1974,5439.91,1824.29
ISR,1975,5998.84,1940.74
ISR,1976,5668.66,2415.21
ISR,1977,5787.35,3082.63
ISR,1978,7402.7,3910.93
ISR,1979,8599.5,4552.9
ISR,1980,9685.4,5543.3
ISR,1981,10191.2,5673.3
ISR,1982,9025.3,5286.9
ISR,1983,9591.7,5108.4
ISR,1984,9800.1,5809.2
ISR,1985,10010.1,6288.4
ISR,1986,10809.7,7160.0
ISR,1987,14347.7,8426.0
ISR,1988,15012.0,9812.8
ISR,1989,14149.5,11093.7
ISR,1990,15337.7,12005.0
ISR,1991,16819.1,11600.5
ISR,1992,18957.0,13061.5
ISR,1993,20509.5,14490.6
ISR,1994,23729.1,16439.8
ISR,1995,28218.1,19020.6
ISR,1996,29938.4,20338.8
ISR,1997,28965.0,22595.5
ISR,1998,27446.8,23412.9
ISR,1999,31095.4,25793.2
ISR,2000,36802.0,31911.7
ISR,2001,33299.0,29047.1
ISR,2002,33106.3,29513.3
ISR,2003,34213.4,31292.4
ISR,2004,41101.1,38520.2
ISR,2005,44942.7,42514.1
ISR,2006,47746.7,46437.8
ISR,2007,56597.0,54048.7
ISR,2008,65154.9,61368.0
ISR,2009,47366.1,47705.7
ISR,2010,59198.9,58415.2
ISR,2011,73535.6,67260.6
ISR,2012,73120.6,63190.2
ISR,2013,71898.3,66583.2
ISR,2014,72275.7,68955.6
ITA,1870,163.9194183349609,138.2783813476563
ITA,1871,173.4656982421875,194.0433197021484
ITA,1872,207.9086151123047,204.2179260253906
ITA,1873,248.3200073242188,218.6999969482422
ITA,1874,251.8600006103516,190.1900024414063
ITA,1875,209.1854400634766,177.123046875
ITA,1876,256.1499938964844,234.8500061035156
ITA,1877,223.1499938964844,183.9600067138672
ITA,1878,206.6600036621094,201.7400054931641
ITA,1879,243.4900054931641,213.6499938964844
ITA,1880,236.5399932861328,218.5299987792969
ITA,1881,257.0499877929688,230.1100006103516
ITA,1882,259.6600036621094,223.0700073242188
ITA,1883,266.3900146484375,231.5800018310547
ITA,1884,259.3399963378906,211.6000061035156
ITA,1885,304.0199890136719,218.9199981689453
ITA,1886,276.6603393554688,195.06640625
ITA,1887,298.3271484375,186.2453460693359
ITA,1888,217.1903839111328,164.8798522949219
ITA,1889,260.4868774414063,178.0898895263672
ITA,1890,244.8979644775391,166.2337646484375
ITA,1891,207.9335784912109,161.8081207275391
ITA,1892,216.4206695556641,176.7527618408203
ITA,1893,218.9338226318359,177.2058868408203
ITA,1894,184.0336151123047,172.6050415039063
ITA,1895,214.0287780761719,188.8489227294922
ITA,1896,207.0175476074219,184.5614013671875
ITA,1897,215.5515441894531,197.4683532714844
ITA,1898,264.6067504882813,225.4681701660156
ITA,1899,264.8506164550781,251.4938507080078
ITA,1900,328.0999755859375,258.6199951171875
ITA,1901,331.573974609375,265.1819763183594
ITA,1902,332.5389709472656,282.552001953125
ITA,1903,349.9089965820313,286.218994140625
ITA,1904,362.4539794921875,301.8519897460938
ITA,1905,397.5799865722656,333.8899841308594
ITA,1906,485.2019653320313,365.5419921875
ITA,1907,556.032958984375,374.0339965820313
ITA,1908,562.208984375,331.573974609375
ITA,1909,600.615966796875,358.0149841308594
ITA,1910,626.4779663085938,398.5449829101563
ITA,1911,654.0769653320312,422.6699829101563
ITA,1912,714.4859619140625,459.9189758300781
ITA,1913,704.449951171875,484.4299926757813
ITA,1914,584.6694946289062,442.0808410644531
ITA,1915,940.7100219726562,506.6864929199219
ITA,1916,1598.147583007813,588.2533569335938
ITA,1917,2664.992431640625,630.2161865234375
ITA,1918,2686.027587890625,473.071533203125
ITA,1919,2557.6923828125,934.6153564453125
ITA,1920,1331.941772460938,586.4519653320312
ITA,1921,727.8179931640625,355.9970092773438
ITA,1922,748.8375244140625,441.8450012207031
ITA,1923,790.6940307617188,510.2780151367188
ITA,1924,844.968017578125,626.5756225585938
ITA,1925,1042.760009765625,728.3400268554688
ITA,1926,1006.693054199219,726.0684814453125
ITA,1927,1051.349975585938,806.7144165039062
ITA,1928,1173.663818359375,788.9474487304688
ITA,1929,1139.5791015625,801.4136352539062
ITA,1930,912.4522705078125,637.4594116210938
ITA,1931,606.600341796875,531.9410400390625
ITA,1932,423.5841064453125,349.404296875
ITA,1933,495.7143859863281,399.5997009277344
ITA,1934,657.7474975585938,447.6968078613281
ITA,1935,644.0,434.0
ITA,1936,431.7884826660156,396.6105041503906
ITA,1937,733.3492431640625,548.8284301757812
ITA,1938,586.0,547.0
ITA,1939,535.6437377929688,562.5064697265625
ITA,1940,666.3641967773438,580.6240234375
ITA,1941,581.4112548828125,735.9033203125
ITA,1942,2887.494873046875,3300.49365234375
ITA,1943,,
ITA,1944,,
ITA,1945,,
ITA,1946,1319.0,234.5
ITA,1947,1629.4521484375,593.7774047851562
ITA,1948,1520.0,1050.0
ITA,1949,1520.0,1090.0
ITA,1950,1450.0,1180.0
ITA,1951,2080.0,1600.0
ITA,1952,2280.0,1350.0
ITA,1953,2370.0,1480.0
ITA,1954,2390.0,1610.0
ITA,1955,2650.0,1830.0
ITA,1956,3110.0,2110.0
ITA,1957,3580.0,2510.0
ITA,1958,3150.0,2550.0
ITA,1959,3270.0,2870.0
ITA,1960,4625.5,3635.9
ITA,1961,5142.6,4178.2
ITA,1962,5991.6,4660.0
ITA,1963,7440.6,5038.4
ITA,1964,7171.1,5907.5
ITA,1965,7296.3,7154.4
ITA,1966,8564.7,8026.4
ITA,1967,9696.1,8691.3
ITA,1968,10250.7,10154.1
ITA,1969,12454.6,11737.3
ITA,1970,14923.4,13179.8
ITA,1971,15913.5,15056.5
ITA,1972,19275.7,18538.7
ITA,1973,27810.6,22207.2
ITA,1974,41074.5,30465.1
ITA,1975,38389.6,34819.1
ITA,1976,43429.0,37242.4
ITA,1977,48104.5,45302.7
ITA,1978,56454.9,56047.8
ITA,1979,77885.9,72199.4
ITA,1980,99470.5,77642.1
ITA,1981,91102.1,75263.3
ITA,1982,86220.3,73462.9
ITA,1983,80357.9,72702.5
ITA,1984,84213.1,73281.5
ITA,1985,91039.3,79000.3
ITA,1986,99926.1,97805.4
ITA,1987,125031.8,116301.9
ITA,1988,138653.2,128466.047152518
ITA,1989,153143.075905011,140715.351410321
ITA,1990,181771.720749493,170410.744796493
ITA,1991,182680.026517728,169554.782298985
ITA,1992,186729.778058382,177427.980854856
ITA,1993,147597.16980323,168276.88017326
ITA,1994,167710.884871305,189808.41446792
ITA,1995,205717.884266651,232918.169603385
ITA,1996,206987.5640085,250874.057133057
ITA,1997,208257.09892208,238249.31898533
ITA,1998,215960.712692206,242677.874879556
ITA,1999,220203.786821439,235082.388356261
ITA,2000,235283.80142859,236633.354334601
ITA,2001,232742.474,240814.4816
ITA,2002,243000.541,251215.58
ITA,2003,297920.6662,299840.3053
ITA,2004,355287.7655,353522.6895
ITA,2005,384687.8443,372956.5081
ITA,2006,442601.1869,417188.6336
ITA,2007,511867.7961,500210.9506
ITA,2008,556302.0111,539670.8803
ITA,2009,414861.137,406808.0842
ITA,2010,457826.3614,440409.793
ITA,2011,528138.6818,515507.3511
ITA,2012,453619.8201,490246.9238
ITA,2013,454172.8728,510179.878
ITA,2014,451139.0873,521494.7841
JAM,1960,216.1,158.4
JAM,1961,210.4,173.3
JAM,1962,222.9,180.7
JAM,1963,225.3,202.8
JAM,1964,281.7,217.5
JAM,1965,294.8,213.6
JAM,1966,321.3,225.204
JAM,1967,348.4,222.1
JAM,1968,383.0,219.2
JAM,1969,442.112,280.738
JAM,1970,525.268,341.501
JAM,1971,556.411,343.604
JAM,1972,610.751,374.676
JAM,1973,664.473,390.189
JAM,1974,935.866,730.659
JAM,1975,1123.999,783.936
JAM,1976,933.32,608.289
JAM,1977,862.564,745.834
JAM,1978,984.795,751.102
JAM,1979,1001.974,819.488
JAM,1980,1178.07,964.646
JAM,1981,1472.613,973.978
JAM,1982,1381.087,767.384
JAM,1983,1280.928,685.734
JAM,1984,1183.312,744.0
JAM,1985,1143.599,568.558
JAM,1986,969.091,582.955
JAM,1987,1234.272,708.43
JAM,1988,1449.365,861.246
JAM,1989,1826.153,981.824
JAM,1990,1866.54960137249,1133.1132617161
JAM,1991,1797.781562,1173.379993
JAM,1992,1854.84102415382,1365.0104019634
JAM,1993,2203.83971390226,1511.67610541468
JAM,1994,2185.35750000451,1649.80701004843
JAM,1995,2891.02848802741,1849.01975334307
JAM,1996,2927.01414265293,1972.95450861655
JAM,1997,3069.43944327204,1896.02216378446
JAM,1998,2991.781835,1316.304585
JAM,1999,2952.333136,1245.336582
JAM,2000,3307.210428,1301.234544
JAM,2001,3402.443337,1227.726495
JAM,2002,3566.31797854541,1118.735621163
JAM,2003,3672.2047,1194.781919
JAM,2004,3952.86844,1405.41477
JAM,2005,4991.885727,1534.299687
JAM,2006,5748.6989,2002.304327
JAM,2007,6368.034453,2296.846702
JAM,2008,8397.38931173,2438.810374
JAM,2009,5090.63912,1315.251964
JAM,2010,5223.445262,1338.229061
JAM,2011,6439.322539,1695.094421
JAM,2012,6524.084093,1709.064139
JAM,2013,6399.1448189776,1348.47875853321
JAM,2014,6496.46858251541,1301.16907233218
JOR,1946,31.0,3.799999952316284
JOR,1947,38.40000152587891,5.900000095367432
JOR,1948,45.5,10.10000038146973
JOR,1949,52.79999923706055,16.0
JOR,1950,36.0,4.0
JOR,1951,45.0,4.0
JOR,1952,49.0,4.0
JOR,1953,50.20000076293945,5.0
JOR,1954,56.0,6.699999809265137
JOR,1955,75.80000305175781,7.199999809265137
JOR,1956,77.80000305175781,12.19999980926514
JOR,1957,85.19999694824219,12.10000038146973
JOR,1958,95.30000305175781,8.800000190734863
JOR,1959,111.1999969482422,8.899999618530273
JOR,1960,119.9,9.8
JOR,1961,116.5,11.8
JOR,1962,126.6,13.7
JOR,1963,141.1,15.3
JOR,1964,149.6,20.2
JOR,1965,156.8,21.4
JOR,1966,185.1,28.9
JOR,1967,151.8,31.3
JOR,1968,158.9,39.0
JOR,1969,189.95,41.58
JOR,1970,183.73,34.08
JOR,1971,205.15,32.04
JOR,1972,266.8,47.6
JOR,1973,330.79,57.33
JOR,1974,488.12,153.37
JOR,1975,732.59,152.6
JOR,1976,1021.93,207.08
JOR,1977,1381.04,249.25
JOR,1978,1498.76,294.99
JOR,1979,1948.02,400.37
JOR,1980,2373.23,506.38
JOR,1981,3186.54,540.79
JOR,1982,3139.27,751.76
JOR,1983,3002.03,539.4
JOR,1984,2767.6,695.18
JOR,1985,2720.95,674.64
JOR,1986,2423.2956690822,743.210316135923
JOR,1987,2679.17200265292,918.997095655844
JOR,1988,2777.94,1020.08
JOR,1989,2110.5304812607,1097.5821623568
JOR,1990,2581.08836568088,922.4675755285309
JOR,1991,2617.64882263882,1161.23306720977
JOR,1992,3258.36664454965,993.130599106133
JOR,1993,3622.52259685528,1040.19374059592
JOR,1994,3428.3563958751,1150.69409445485
JOR,1995,3721.18678855331,1444.08965165215
JOR,1996,4316.4242313117,1466.57616361072
JOR,1997,4069.02623413258,1334.62327221439
JOR,1998,3808.82863187589,1237.19478138223
JOR,1999,3666.03667136813,1237.48194640338
JOR,2000,4597.1868829337,1285.49492242595
JOR,2001,4871.38602786444,2294.45853089743
JOR,2002,5076.39100291279,2770.01823366673
JOR,2003,5743.31132863187,3081.62373342736
JOR,2004,8163.667983074761,3531.01946403385
JOR,2005,10497.6880761636,4301.18980394921
JOR,2006,11547.4899858956,5204.344569816651
JOR,2007,13531.0763529501,5534.624419087129
JOR,2008,16994.8079489743,6243.43493165232
JOR,2009,14236.1416901409,5040.97535211268
JOR,2010,15563.5430985915,5939.36605633803
JOR,2011,18929.7657746479,6732.34366197183
JOR,2012,20791.2222535211,8084.12647887323
JOR,2013,22049.9026760563,7909.21169014086
JOR,2014,22726.9523943662,8379.263521126759
JPN,1870,32.75922393798828,14.11941719055176
JPN,1871,21.27864074707031,17.44563102722168
JPN,1872,32.71875,21.28375053405762
JPN,1873,30.55108642578125,23.51630401611328
JPN,1874,22.77864074707031,18.75436973571777
JPN,1875,29.38823509216309,18.24607849121094
JPN,1876,23.04327011108398,26.64615440368652
JPN,1877,26.62232971191406,22.66893196105957
JPN,1878,31.91747665405273,25.21165084838867
JPN,1879,33.28585815429688,28.46060562133789
JPN,1880,36.99697113037109,28.68181800842285
JPN,1881,30.8799991607666,30.75
JPN,1882,29.15544509887695,37.34851455688477
JPN,1883,28.15999984741211,35.90999984741211
JPN,1884,29.37920761108398,33.53564453125
JPN,1885,28.7813720703125,36.41862869262695
JPN,1886,31.8495044708252,48.3920783996582
JPN,1887,43.43529510498047,51.38039398193359
JPN,1888,64.80693054199219,65.0554428100586
JPN,1889,65.44950866699219,69.36732482910156
JPN,1890,80.09803771972656,54.70588302612305
JPN,1891,61.69313812255859,77.96764373779297
JPN,1892,67.92952728271484,86.76476287841797
JPN,1893,84.86250305175781,86.26249694824219
JPN,1894,112.9634628295898,108.890380859375
JPN,1895,112.7439041137695,110.7203216552734
JPN,1896,139.83740234375,95.9349594116211
JPN,1897,179.6747894287109,135.7723541259766
JPN,1898,227.4193572998047,137.0967712402344
JPN,1899,183.6065521240234,182.7868804931641
JPN,1900,151.2077331542969,101.4492721557617
JPN,1901,127.0531387329102,126.0869598388672
JPN,1902,138.1188049316406,132.6732635498047
JPN,1903,163.5,150.5
JPN,1904,191.9597930908203,165.3266296386719
JPN,1905,249.2540740966797,164.0479583740234
JPN,1906,222.9591827392578,223.9795989990234
JPN,1907,262.5641174316406,231.7948760986328
JPN,1908,234.0101470947266,202.5380706787109
JPN,1909,214.4278564453125,217.4129333496094
JPN,1910,230.9621887207031,228.0741271972656
JPN,1911,254.3594055175781,221.5019836425781
JPN,1912,340.2985229492188,307.4626770019531
JPN,1913,362.9010009765625,314.6567077636719
JPN,1914,335.5,335.5
JPN,1915,318.0,396.5
JPN,1916,446.1929016113281,626.3959350585938
JPN,1917,615.8973999023438,897.4358520507812
JPN,1918,1006.349243164063,1142.328002929688
JPN,1919,1282.564086914063,1220.0
JPN,1920,1181.818115234375,984.8484497070312
JPN,1921,937.1981201171875,726.0869750976562
JPN,1922,1060.287109375,899.5215454101562
JPN,1923,1161.650512695313,818.4465942382812
JPN,1924,1222.633666992188,866.255126953125
JPN,1925,1272.540893554688,1094.262329101563
JPN,1926,1376.415161132813,1138.679321289063
JPN,1927,1285.30810546875,1129.383911132813
JPN,1928,1276.744140625,1116.279052734375
JPN,1929,1274.193481445313,1200.0
JPN,1930,767.3267211914062,727.7227783203125
JPN,1931,822.4390258789062,721.9512329101562
JPN,1932,543.8202514648438,506.1797790527344
JPN,1933,631.7948608398438,602.8204956054688
JPN,1934,881.3056640625,827.5964965820312
JPN,1935,700.0,708.0
JPN,1936,1055.3623046875,1039.13037109375
JPN,1937,1373.198852539063,1206.916381835938
JPN,1938,804.0,824.0
JPN,1939,1081.818237304688,1341.038940429688
JPN,1940,1089.695556640625,1268.852416992188
JPN,1941,943.09130859375,1018.501159667969
JPN,1942,678.6384887695312,815.4929809570312
JPN,1943,688.0281982421875,711.0328369140625
JPN,1944,732.8638305664062,511.2676086425781
JPN,1945,,
JPN,1952,1950.0,1190.0
JPN,1953,2320.0,1220.0
JPN,1954,2310.0,1560.0
JPN,1955,2340.0,1920.0
JPN,1956,3060.0,2410.0
JPN,1957,4050.0,2750.0
JPN,1958,2850.0,2780.0
JPN,1959,3330.0,3340.0
JPN,1960,4163.2,3912.8
JPN,1961,5481.4,4073.8
JPN,1962,5307.3,4730.5
JPN,1963,6370.2,5236.8
JPN,1964,7537.0,6347.9
JPN,1965,7777.5,8080.1
JPN,1966,9422.7,9539.8
JPN,1967,11570.1,10174.2
JPN,1968,12893.5,12740.9
JPN,1969,14937.8,15676.7
JPN,1970,18782.0,18955.5
JPN,1971,19617.0,23595.9
JPN,1972,23810.1,28931.0
JPN,1973,38364.6,36999.8
JPN,1974,62037.3,55498.9
JPN,1975,57848.6,55734.1
JPN,1976,64891.8,67328.7
JPN,1977,71325.4,81090.1
JPN,1978,79901.0,98359.0
JPN,1979,109841.5,102306.5
JPN,1980,141291.1,130451.3
JPN,1981,142874.0,151523.5
JPN,1982,131568.7,138459.2
JPN,1983,126524.7,146994.7
JPN,1984,136146.7,169800.3
JPN,1985,130523.4,177240.6
JPN,1986,127662.5,210797.6
JPN,1987,150907.9,231372.2
JPN,1988,187490.6,265024.7
JPN,1989,209638.102677772,274660.724530528
JPN,1990,235333.251564485,287803.099406205
JPN,1991,236657.341338173,314977.99281511
JPN,1992,232907.450284055,339952.87250552
JPN,1993,241711.88146938,362799.908419808
JPN,1994,274322.448,395291.347
JPN,1995,336139.447,443261.463
JPN,1996,349663.632412558,411574.183770067
JPN,1997,338709.099779416,421465.769641279
JPN,1998,280867.438026772,388040.346873607
JPN,1999,310774.428375813,419455.705442597
JPN,2000,379581.332362469,478363.06615591
JPN,2001,349092.260243016,403524.07842678
JPN,2002,337179.80926879,416796.716990627
JPN,2003,382963.554880782,471915.955013388
JPN,2004,454823.28210342,565821.567741569
JPN,2005,515219.234003499,594895.500415896
JPN,2006,578745.64630151,646797.807946955
JPN,2007,621915.073813682,714267.478055922
JPN,2008,762590.19516801,782048.594443398
JPN,2009,551960.254996812,580719.218347474
JPN,2010,694051.724383631,769772.664097177
JPN,2011,854997.950097627,822564.145555551
JPN,2012,886036.238517807,798619.7995277459
JPN,2013,832342.544359719,714612.994500051
JPN,2014,812206.077101568,690190.0366420329
KAZ,1991,,
KAZ,1992,459.549049794298,244.4429174399524
KAZ,1993,1703.60492804477,1106.65723485915
KAZ,1994,3284.7,3231.5
KAZ,1995,3806.9,5256.6
KAZ,1996,4246.7206,5926.2681
KAZ,1997,4302.5,6497.4
KAZ,1998,4373.588201,5510.7538
KAZ,1999,3686.5,5598.0
KAZ,2000,5055.5526,9880.0267
KAZ,2001,6493.0709,9085.4587
KAZ,2002,6595.4532,9670.8018
KAZ,2003,8399.7945,12308.8107
KAZ,2004,12804.7556699,20097.9604861
KAZ,2005,17388.06783556,27858.35631878
KAZ,2006,23708.88213449,38257.28497449
KAZ,2007,32804.24729965,47763.27140308001
KAZ,2008,37927.0908425299,71200.86586615
KAZ,2009,28438.37210795,43205.08603307
KAZ,2010,23660.48087703,56972.78608892991
KAZ,2011,21181.42877443,80517.5685265799
KAZ,2012,26751.97765598,85447.8248885199
KAZ,2013,54400.8479223108,62628.9537723991
KAZ,2014,48175.7879858666,55483.8621556315
KEN,1960,249.6,109.7
KEN,1961,243.3,114.5
KEN,1962,252.7,121.7
KEN,1963,268.3,139.8
KEN,1964,212.5,146.4
KEN,1965,246.7,141.3
KEN,1966,314.8,171.9
KEN,1967,298.9,165.3
KEN,1968,355.658,251.464
KEN,1969,361.568,271.876
KEN,1970,443.495,303.137
KEN,1971,569.49,315.831
KEN,1972,539.717,359.695
KEN,1973,616.406,472.386
KEN,1974,1026.32,600.47
KEN,1975,938.601,599.015
KEN,1976,972.859,787.322
KEN,1977,1289.105,1183.894
KEN,1978,1711.785,1019.854
KEN,1979,1659.749,1102.491
KEN,1980,2588.343,1387.452
KEN,1981,2045.554,1172.761
KEN,1982,1602.986,993.267
KEN,1983,1379.11,968.281
KEN,1984,1500.702,1079.035
KEN,1985,1436.073118433376,952.7579980129451
KEN,1986,1613.1771215112,1193.6242770585
KEN,1987,1739.19569074098,956.3211868694419
KEN,1988,1988.74182260764,1066.21848076587
KEN,1989,2147.67291459332,964.3926206776771
KEN,1990,2048.285,1116.203
KEN,1991,2178.172,1009.475
KEN,1992,1883.18663638574,1333.783
KEN,1993,1906.1536458932,1280.33908415898
KEN,1994,2142.478659,1618.648244
KEN,1995,3249.14334715131,1826.001106
KEN,1996,2750.59776222303,1994.47833015486
KEN,1997,3246.50989858568,1948.74222389586
KEN,1998,3301.775966,1916.640043
KEN,1999,3100.42927235835,2029.21948083258
KEN,2000,3253.04485668574,1765.96927172053
KEN,2001,3693.33909513227,1878.61842922758
KEN,2002,3270.23246475597,2149.44255597707
KEN,2003,3709.72256742075,2409.13953913048
KEN,2004,4591.21144876351,2705.35793991289
KEN,2005,6864.95798996262,3379.68868409351
KEN,2006,7186.789556,3474.373209
KEN,2007,8920.452851,4047.372455
KEN,2008,11622.154156,5218.462085
KEN,2009,9870.095732,4315.473968
KEN,2010,11479.01941,4961.688577
KEN,2011,14561.783996,5667.598148
KEN,2012,16029.141919,5794.274145
KEN,2013,16101.517601,5567.877008
KEN,2014,23048.7144413833,6658.72069993769
KGZ,1991,,
KGZ,1992,418.4,314.9
KGZ,1993,447.11,360.07
KGZ,1994,316.41,339.17
KGZ,1995,391.513,483.305
KGZ,1996,795.2,505.933
KGZ,1997,709.353,609.469
KGZ,1998,841.1,508.843
KGZ,1999,610.5,454.0
KGZ,2000,553.0,501.5
KGZ,2001,471.64,476.06
KGZ,2002,587.16,485.51
KGZ,2003,716.959762,580.672267
KGZ,2004,940.913279,705.342066
KGZ,2005,1111.59,633.77
KGZ,2006,1710.57,796.1
KGZ,2007,2415.199545,1134.137038
KGZ,2008,4071.495,1617.554
KGZ,2009,8223.819786830829,904.427303528905
KGZ,2010,7230.356886105331,1043.0563638746
KGZ,2011,9078.248440263322,1128.99898040708
KGZ,2012,10156.7741696275,1159.162737617
KGZ,2013,10685.6311255897,1130.67006060377
KGZ,2014,10560.5513606258,1128.30585822697
KHM,1953,,
KHM,1954,55.20000076293945,38.4900016784668
KHM,1955,44.70000076293945,36.29999923706055
KHM,1956,52.5,32.59999847412109
KHM,1957,55.0,38.90000152587891
KHM,1958,75.19999694824219,55.40000152587891
KHM,1959,62.5,53.90000152587891
KHM,1960,93.7,67.6
KHM,1961,97.2,63.6
KHM,1962,102.3,54.4
KHM,1963,105.8,87.6
KHM,1964,79.4,74.3
KHM,1965,97.1,87.0
KHM,1966,106.9,61.6
KHM,1967,96.0,82.1
KHM,1968,113.3,87.7
KHM,1969,103.0,65.0
KHM,1970,51.69,37.82
KHM,1971,78.22000122070312,14.5600004196167
KHM,1972,79.6500015258789,6.940000057220459
KHM,1973,227.0,15.0
KHM,1974,273.0,19.0
KHM,1975,92.0,6.0
KHM,1976,149.0,29.0
KHM,1977,38.0,112.0
KHM,1978,26.0,36.0
KHM,1979,34.0,42.0
KHM,1980,160.0,47.0
KHM,1981,78.3717,2.37272727272727
KHM,1982,50.80844061832871,4.89363636363637
KHM,1983,52.06608455458046,2.10867897215884
KHM,1984,49.0885152147732,3.96178932288712
KHM,1985,27.370821594247,4.81552148085286
KHM,1986,11.0144160236839,3.21745446619512
KHM,1987,13.302277574115,9.60012210931696
KHM,1988,23.8644212625528,8.39708043376963
KHM,1989,51.8723627884668,20.7309419398791
KHM,1990,56.0154575381341,41.7205859342658
KHM,1991,61.9334820914271,57.37593144365371
KHM,1992,751.153328485375,165.347794339943
KHM,1993,981.386995332576,267.261077365945
KHM,1994,1151.53519418615,242.997609651586
KHM,1995,1573.4609445816,357.137721876231
KHM,1996,1632.033935878,292.748815285021
KHM,1997,1116.44,625.82
KHM,1998,1128.86,933.5
KHM,1999,1242.97,1040.06
KHM,2000,1412.45,1368.06023161308
KHM,2001,1455.419968,1496.1224483534
KHM,2002,1604.4,1919.54688941346
KHM,2003,1656.31,2109.8037773083
KHM,2004,2032.03,2794.25017695196
KHM,2005,2545.16278690146,3019.96550437809
KHM,2006,2979.37298655732,3569.34724716531
KHM,2007,3550.00745724503,3533.26059677005
KHM,2008,4417.00727348409,4358.5378408333
KHM,2009,3900.8527921289,4985.79743964958
KHM,2010,4896.78325235689,5583.558512121451
KHM,2011,6141.115823292869,6701.704254716659
KHM,2012,7062.20443329346,7837.60735369981
KHM,2013,9216.49781919193,9242.86463432986
KHM,2014,17428.3922458008,10723.1995586287
KIR,1960,,
KIR,1961,,
KIR,1962,,
KIR,1963,,
KIR,1964,,
KIR,1965,,
KIR,1966,,
KIR,1967,,
KIR,1968,,
KIR,1969,,3.581
KIR,1970,,2.823
KIR,1971,,9.621
KIR,1972,,10.071
KIR,1973,,13.702
KIR,1974,,18.763
KIR,1975,,27.195
KIR,1976,,24.406
KIR,1977,,29.737
KIR,1978,,17.832
KIR,1979,,19.678
KIR,1980,,3.322
KIR,1981,,2.782
KIR,1982,,2.73
KIR,1983,,3.192
KIR,1984,,6.864
KIR,1985,,2.304
KIR,1986,,1.11
KIR,1987,,2.356932434695806
KIR,1988,,12.98603103888638
KIR,1989,,6.316283288016383
KIR,1990,,3.387421507588541
KIR,1991,,7.208392555875805
KIR,1992,,3.344860991664578
KIR,1993,,6.78991458707007
KIR,1994,,11.37198627459143
KIR,1995,,12.56839135095774
KIR,1996,,12.3359731178537
KIR,1997,,9.77758096878756
KIR,1998,,11.3050395443264
KIR,1999,,10.580125644386
KIR,2000,,23.1867273069031
KIR,2001,,41.7041876934048
KIR,2002,,37.3621130021814
KIR,2003,,27.4215638154132
KIR,2004,,19.6342549363234
KIR,2005,,6.55939994807938
KIR,2006,,9.75716367657782
KIR,2007,,11.7148658797936
KIR,2008,,30.3900794929846
KIR,2009,,37.77319233968211
KIR,2010,,28.2291481845602
KIR,2011,,58.8998393947272
KIR,2012,,61.8567071072773
KIR,2013,,83.70051445030039
KIR,2014,,77.7742833477096
KNA,1960,,
KNA,1961,,
KNA,1962,,
KNA,1963,,
KNA,1964,,
KNA,1965,,
KNA,1966,,
KNA,1967,,
KNA,1968,,
KNA,1969,,
KNA,1970,,
KNA,1971,,
KNA,1972,,
KNA,1973,,
KNA,1974,,
KNA,1975,,
KNA,1976,,0.077
KNA,1977,,0.093
KNA,1978,,0.197
KNA,1979,,0.246
KNA,1980,,8.550703703708779
KNA,1981,8.3479,7.967272727272725
KNA,1982,10.2278,9.34818181818181
KNA,1983,10.2542,3.250000000000004
KNA,1984,12.80091551867759,2.891139393998396
KNA,1985,24.71821244456304,6.880342424289345
KNA,1986,23.64570859818746,6.291121129102432
KNA,1987,299.5733889356295,8.287778284159423
KNA,1988,89.15337686400109,28.49299832464671
KNA,1989,119.3431117616959,31.50741036369518
KNA,1990,108.4252441923743,23.73073513222836
KNA,1991,93.09274133394128,28.44054739902131
KNA,1992,574.2926462879168,39.05493934925156
KNA,1993,128.751058709422,62.2009531314794
KNA,1994,136.794803135391,37.0962975789242
KNA,1995,176.116179780932,39.52011608977927
KNA,1996,132.630960376826,38.3236483688762
KNA,1997,167.671931383333,51.4745775931185
KNA,1998,176.872186101335,50.6110099471482
KNA,1999,153.537077407407,28.12598629629633
KNA,2000,195.975611111112,32.71226370370373
KNA,2001,168.338547674436,62.9340448177655
KNA,2002,187.444826301639,68.3738375100276
KNA,2003,240.153157206429,69.5014575656867
KNA,2004,403.723389437437,69.9869783989747
KNA,2005,308.469968768088,82.71692106922349
KNA,2006,391.549467177827,83.4890694416573
KNA,2007,487.610523460157,83.6015815511182
KNA,2008,512.272755099249,84.6660318570496
KNA,2009,408.987461743093,90.38552085082979
KNA,2010,465.574147734768,103.344122138341
KNA,2011,1139.66323010186,98.68099013841359
KNA,2012,488.117447768167,100.242038921659
KNA,2013,705.990215388695,108.70684364564
KNA,2014,683.937010847567,110.352565730118
KOR,1887,,
KOR,1888,2.97029709815979,0.9900990128517151
KOR,1889,2.97029709815979,0.9900990128517151
KOR,1890,2.5,2.0
KOR,1891,2.5,1.5
KOR,1892,2.5,1.0
KOR,1893,2.0,1.0
KOR,1894,3.0,1.0
KOR,1895,8.079999923706055,2.480000019073486
KOR,1896,3.5,2.5
KOR,1897,4.878048896789551,4.390244007110596
KOR,1898,5.853658676147461,2.926829338073731
KOR,1899,4.878048896789551,2.439024448394775
KOR,1900,5.472636699676514,4.696517467498779
KOR,1901,7.177033424377441,4.306220054626465
KOR,1902,6.698564529418945,3.827751159667969
KOR,1903,8.61244010925293,4.784688949584961
KOR,1904,6.50602388381958,1.927710890769959
KOR,1905,8.009708404541016,1.941747546195984
KOR,1949,135.0,10.0
KOR,1950,54.0,23.0
KOR,1951,76.0,11.0
KOR,1952,214.0,28.0
KOR,1953,345.0,40.0
KOR,1954,243.0,24.0
KOR,1955,339.0,18.0
KOR,1956,385.0,24.0
KOR,1957,440.0,22.0
KOR,1958,373.0,16.0
KOR,1959,275.0,19.0
KOR,1960,279.2,31.7
KOR,1961,297.4,38.2
KOR,1962,416.3,55.1
KOR,1963,559.9,86.6
KOR,1964,403.8,116.4
KOR,1965,454.4,171.4
KOR,1966,716.4,249.1
KOR,1967,995.9,319.4
KOR,1968,1468.0,454.9
KOR,1969,1823.4,622.6
KOR,1970,1985.3,842.0
KOR,1971,2394.2,1073.6
KOR,1972,2522.0,1628.6
KOR,1973,4241.5,3227.7
KOR,1974,6859.4,4466.6
KOR,1975,7279.7,5084.0
KOR,1976,8693.8,7714.5
KOR,1977,10805.8,10048.1
KOR,1978,14975.0,12593.4
KOR,1979,20175.6,15036.2
KOR,1980,22062.8,17439.3
KOR,1981,26153.5,21270.5
KOR,1982,24250.2,21827.1
KOR,1983,26195.8,24459.5
KOR,1984,30627.9,29259.3
KOR,1985,31058.0,30291.1
KOR,1986,31733.6,34799.0
KOR,1987,41026.4,47315.5
KOR,1988,51812.260311,60704.5
KOR,1989,60209.6212425,60526.470785
KOR,1990,74404.912,67814.09
KOR,1991,81825.857,72374.693
KOR,1992,82950.768,77334.369
KOR,1993,86630.2,85816.0
KOR,1994,102348.0,101362.499
KOR,1995,135110.4,131342.911
KOR,1996,150156.8,137698.682
KOR,1997,144635.402,144120.401
KOR,1998,93371.462941,132837.362569
KOR,1999,119740.8,143918.4
KOR,2000,160481.0184,172267.510494
KOR,2001,141097.819211,150439.117125
KOR,2002,152125.315544,162322.261143
KOR,2003,178825.741,193728.447
KOR,2004,224461.716,253753.715
KOR,2005,261237.461,284340.95
KOR,2006,309380.978,325359.832
KOR,2007,356845.295,371453.058
KOR,2008,435274.045,421997.891
KOR,2009,323083.809,363527.324
KOR,2010,425211.064856,466376.644789
KOR,2011,524374.201257,555399.242758
KOR,2012,519584.170436,547860.499736
KOR,2013,515585.165803,559625.210964
KOR,2014,525514.044553,572650.689573
KWT,1960,,1417.3
KWT,1961,246.0,1402.55
KWT,1962,341.5899963378906,1477.26
KWT,1963,323.8,1512.85
KWT,1964,322.5,1539.74
KWT,1965,484.3900146484375,1492.37
KWT,1966,461.6,1465.13
KWT,1967,593.6,1570.683
KWT,1968,612.5,1858.743
KWT,1969,646.3,1921.16709090909
KWT,1970,621.9,2098.85881818182
KWT,1971,650.4,2754.80245454546
KWT,1972,797.4,3180.74727272727
KWT,1973,1064.2,3324.2
KWT,1974,1555.9,10326.0
KWT,1975,2387.9,8643.9
KWT,1976,3324.2,9682.0
KWT,1977,4842.6,9683.7
KWT,1978,4603.8,10362.6
KWT,1979,5198.3,18443.9
KWT,1980,6533.4,20255.3
KWT,1981,7037.9,16123.6
KWT,1982,8284.5,10858.7
KWT,1983,7373.4,11532.4
KWT,1984,6902.2,12245.8
KWT,1985,6309.803802704771,11051.3386004006
KWT,1986,6053.01198635585,7515.87131060285
KWT,1987,5722.42303210058,10472.8392155566
KWT,1988,6385.993583110019,8508.34214029812
KWT,1989,6493.6237590959,11262.3963484962
KWT,1990,4049.0,8350.872579763349
KWT,1991,3490.6,827.71919754153
KWT,1992,7259.1,4547.75596402519
KWT,1993,7031.955832457091,8982.992798601219
KWT,1994,6726.41317809092,9575.71110688297
KWT,1995,7771.34815799459,12944.424
KWT,1996,8373.796963168721,13687.8715357957
KWT,1997,8214.544594089559,14472.5150346982
KWT,1998,8617.23655056885,10234.6742790994
KWT,1999,7615.61725124939,12729.2469243864
KWT,2000,7360.30479714579,18754.3090137274
KWT,2001,7739.1925284801,15682.5110411655
KWT,2002,8803.034174949551,15502.2557133851
KWT,2003,11428.3593687118,18692.4312977273
KWT,2004,12831.5793071817,25463.378890421
KWT,2005,15238.0279681228,35809.7102942952
KWT,2006,16569.4979835019,47026.1500836773
KWT,2007,21364.8707821426,54397.4070155433
KWT,2008,25861.9228966498,78944.3244618874
KWT,2009,19422.2572954845,47717.2843509907
KWT,2010,23194.8224493737,61788.8859257877
KWT,2011,25484.5757687942,86791.5653289011
KWT,2012,26239.4066486315,103568.666387457
KWT,2013,28977.0539648349,98987.1399378436
KWT,2014,32108.2643516301,92100.32022512441
LAO,1953,,
LAO,1954,15.0,1.0
LAO,1955,18.70000076293945,1.299999952316284
LAO,1956,35.09999847412109,1.299999952316284
LAO,1957,41.70000076293945,0.800000011920929
LAO,1958,27.10000038146973,1.399999976158142
LAO,1959,13.0,1.0
LAO,1960,31.3,18.5
LAO,1961,16.6,1.0
LAO,1962,24.4,0.491
LAO,1963,28.8,0.59
LAO,1964,24.1,0.49
LAO,1965,28.8,0.4
LAO,1966,42.0,2.0
LAO,1967,49.192,4.438
LAO,1968,53.704,6.039
LAO,1969,82.792,4.307
LAO,1970,54.762,3.436
LAO,1971,41.128,3.065
LAO,1972,45.302,3.023
LAO,1973,56.359,5.063
LAO,1974,64.784,11.322
LAO,1975,36.0,6.5
LAO,1976,20.0,3.0
LAO,1977,55.0,8.5
LAO,1978,74.19000244140625,9.800000190734863
LAO,1979,102.1500015258789,20.13999938964844
LAO,1980,130.1000061035156,30.5
LAO,1981,72.1215,15.10272727272727
LAO,1982,76.098,24.2099999999999
LAO,1983,26.1242572837394,24.0027272727272
LAO,1984,40.49062934963313,11.3818181818182
LAO,1985,54.0113157799047,16.5547600440534
LAO,1986,60.09710431210167,14.1186568535854
LAO,1987,79.81640870786522,23.2522010039035
LAO,1988,102.021984800542,55.8625632766441
LAO,1989,128.737910561509,95.3512937257536
LAO,1990,148.595907786195,64.4172250113462
LAO,1991,154.274450110265,82.10696221360479
LAO,1992,258.363582057857,103.462246766958
LAO,1993,431.9,240.5
LAO,1994,564.1,300.4
LAO,1995,588.8,311.2
LAO,1996,689.6,320.7
LAO,1997,408.51,192.11
LAO,1998,644.5708457799091,370.799279495905
LAO,1999,808.877443306851,462.528708287483
LAO,2000,689.798108045295,391.33770121784
LAO,2001,717.8529518840179,375.686102893472
LAO,2002,724.9805186472661,386.104037807626
LAO,2003,809.920654384655,437.539273639728
LAO,2004,1058.08751226868,535.197526271023
LAO,2005,1270.32027251878,726.506863685709
LAO,2006,1652.58652518935,1226.67808546152
LAO,2007,2107.33409001004,1323.40675607849
LAO,2008,2836.83468779172,1600.66084712513
LAO,2009,2892.50087018492,1521.00296792699
LAO,2010,3574.37539094694,2195.8917361229
LAO,2011,4635.36775947152,3120.85196440624
LAO,2012,6339.74299365181,3326.18289347896
LAO,2013,7285.1324487912,3883.78902478878
LAO,2014,7948.45788179595,4685.5788042154
LBN,1946,87.16000366210938,5.0
LBN,1947,96.93000030517578,6.0
LBN,1948,106.6999969482422,9.0
LBN,1949,116.4599990844727,14.0
LBN,1950,161.0,46.09999847412109
LBN,1951,143.1000061035156,24.60000038146973
LBN,1952,153.8000030517578,20.29999923706055
LBN,1953,163.6000061035156,24.10000038146973
LBN,1954,221.8999938964844,33.79999923706055
LBN,1955,240.1000061035156,35.70000076293945
LBN,1956,255.3999938964844,43.79999923706055
LBN,1957,284.8999938964844,46.40000152587891
LBN,1958,235.1000061035156,34.5
LBN,1959,260.7000122070313,40.20000076293945
LBN,1960,311.0,42.3
LBN,1961,332.2,40.6
LBN,1962,356.0,55.0
LBN,1963,386.1,60.4
LBN,1964,430.8,67.2
LBN,1965,489.8,103.6
LBN,1966,532.6,102.3
LBN,1967,452.77,114.73
LBN,1968,507.76,142.78
LBN,1969,502.81,161.1
LBN,1970,534.71,183.25
LBN,1971,645.87,244.0
LBN,1972,859.81,354.44
LBN,1973,1252.66,608.36
LBN,1974,2355.0,1487.0
LBN,1975,2048.0,1121.0
LBN,1976,810.0,800.0
LBN,1977,1539.0,691.0
LBN,1978,1922.0,755.0
LBN,1979,2700.0,773.0
LBN,1980,3650.0,868.0
LBN,1981,3706.72796222655,813.996753628649
LBN,1982,3377.27488015502,718.481863947452
LBN,1983,3593.43924969799,571.8175748281161
LBN,1984,2950.13410947149,433.58083236976
LBN,1985,2065.69087985586,399.836942313793
LBN,1986,2046.2429518464,431.541206323341
LBN,1987,1820.68906293125,500.450558283416
LBN,1988,2370.9931011109,639.730850051104
LBN,1989,2245.54834864035,475.833505955172
LBN,1990,2515.28798792382,456.391858842872
LBN,1991,3751.77500425887,552.6100991787961
LBN,1992,4119.58611867891,580.5796920419319
LBN,1993,4587.003311270561,636.614323435233
LBN,1994,5539.37481224131,640.067548075374
LBN,1995,6769.173014451701,716.006478598989
LBN,1996,7559.509494,1153.377097
LBN,1997,7456.718,711.386
LBN,1998,7059.834,718.852
LBN,1999,6206.05,676.56
LBN,2000,6291.61,668.02
LBN,2001,7290.97670955,828.51513507
LBN,2002,6444.73245835,991.96246974
LBN,2003,7168.19148159,1457.76216542
LBN,2004,9396.93651766,1698.48641614
LBN,2005,9339.85815497,1822.16949533
LBN,2006,9397.02218733,2229.8901809
LBN,2007,11815.29426033,2748.6348764
LBN,2008,16136.64969126,3429.00404395
LBN,2009,16224.527,3434.87707471
LBN,2010,17963.82898199,3859.18040395
LBN,2011,20050.51162269,4201.10217418
LBN,2012,21279.82994277,4483.12934871
LBN,2013,21790.3326406119,3699.43839745731
LBN,2014,21531.2511227095,3428.00911054713
LBR,1920,1.919999957084656,1.120000004768372
LBR,1921,1.230000019073486,0.8199999928474426
LBR,1922,1.5,1.039999961853027
LBR,1923,1.360000014305115,1.159999966621399
LBR,1924,1.429999947547913,1.409999966621399
LBR,1925,2.109999895095825,1.909999966621399
LBR,1926,2.25,1.75
LBR,1927,2.890000104904175,1.610000014305115
LBR,1928,4.03000020980835,1.460000038146973
LBR,1929,2.059999942779541,1.47000002861023
LBR,1930,4.153846263885498,2.333333253860474
LBR,1931,1.365079402923584,1.079365134239197
LBR,1932,0.7804877758026123,0.7804877758026123
LBR,1933,0.7906976938247681,0.7441860437393188
LBR,1934,1.031578898429871,0.5684210658073425
LBR,1935,2.0,1.0
LBR,1936,1.721649527549744,1.298969030380249
LBR,1937,2.061224460601807,2.010204076766968
LBR,1938,2.289999961853027,1.940000057220459
LBR,1939,2.160000085830689,2.670000076293945
LBR,1940,2.450000047683716,3.009999990463257
LBR,1941,3.410000085830689,4.570000171661377
LBR,1942,4.690000057220459,6.340000152587891
LBR,1943,5.239999771118164,8.289999961853027
LBR,1944,3.019999980926514,9.680000305175781
LBR,1945,3.900000095367432,11.47999954223633
LBR,1946,4.679999828338623,12.10000038146973
LBR,1947,8.800000190734863,12.89999961853027
LBR,1948,8.800000190734863,15.69999980926514
LBR,1949,8.15999984741211,15.51000022888184
LBR,1950,11.0,28.0
LBR,1951,17.0,52.0
LBR,1952,18.0,37.0
LBR,1953,19.0,31.0
LBR,1954,23.0,26.0
LBR,1955,26.0,43.0
LBR,1956,27.0,58.0
LBR,1957,38.0,55.0
LBR,1958,38.0,54.0
LBR,1959,42.90000152587891,66.9000015258789
LBR,1960,69.0,83.0
LBR,1961,91.0,61.9
LBR,1962,132.0,68.0
LBR,1963,108.0,81.0
LBR,1964,111.0,126.0
LBR,1965,105.0,135.0
LBR,1966,112.5,151.308
LBR,1967,144.762,166.454
LBR,1968,108.565,199.578
LBR,1969,114.655,232.884
LBR,1970,149.699,235.798
LBR,1971,162.424,246.561
LBR,1972,178.681,269.81
LBR,1973,193.465,324.042
LBR,1974,288.421,400.002
LBR,1975,331.209,394.462
LBR,1976,399.219,457.041
LBR,1977,461.282,446.942
LBR,1978,478.456,486.192
LBR,1979,507.149,536.6
LBR,1980,534.891,600.402
LBR,1981,477.402,529.157
LBR,1982,428.303,477.422
LBR,1983,411.596,427.01
LBR,1984,363.184,450.71
LBR,1985,284.4,435.6
LBR,1986,258.725,407.956
LBR,1987,307.74,381.967
LBR,1988,290.717,432.507
LBR,1989,322.988,409.991
LBR,1990,4258.63938748801,1943.18525140443
LBR,1991,5036.40681501127,487.539025513071
LBR,1992,5767.100697129989,780.505921481974
LBR,1993,5170.53792805435,363.460427532326
LBR,1994,6056.17945272305,612.4073941786651
LBR,1995,5682.96005541302,955.3960583314299
LBR,1996,3819.89744062792,1029.17891996264
LBR,1997,3783.0799319011,804.557729979149
LBR,1998,5980.36133457297,912.295801488197
LBR,1999,3596.79121620657,564.962835443984
LBR,2000,5536.76723384095,581.719009767239
LBR,2001,4413.09285722596,965.882521195207
LBR,2002,5030.118277158,1072.98301932899
LBR,2003,4273.72304883402,922.121067594391
LBR,2004,4904.92400118832,952.176956785275
LBR,2005,5707.00949110938,1076.62699360714
LBR,2006,7560.13716475748,1634.05028238096
LBR,2007,8836.35222618828,2027.16208956299
LBR,2008,11774.406542192,1000.84984811904
LBR,2009,12940.9039887777,1185.01747762512
LBR,2010,17591.0091414022,670.3639776619591
LBR,2011,19340.4094291037,752.200468890517
LBR,2012,15687.3334913643,871.0311748511799
LBR,2013,14290.1785316767,757.734880145283
LBR,2014,12819.8703851036,877.3115878879829
LBY,1951,,
LBY,1952,32.0,13.0
LBY,1953,31.0,10.0
LBY,1954,32.0,11.0
LBY,1955,40.0,11.0
LBY,1956,45.0,10.0
LBY,1957,78.0,12.0
LBY,1958,96.0,14.0
LBY,1959,113.0,11.0
LBY,1960,165.0,11.2
LBY,1961,149.2,21.9
LBY,1962,205.6,141.1
LBY,1963,238.5,337.0
LBY,1964,292.2,624.0
LBY,1965,319.8,796.5
LBY,1966,404.5,995.0
LBY,1967,474.7,1177.8
LBY,1968,640.4,1865.8
LBY,1969,675.6,2167.2
LBY,1970,554.8,2365.6
LBY,1971,701.2,2696.0
LBY,1972,1044.5,2308.2
LBY,1973,1722.9,3996.3
LBY,1974,2762.8,8260.8
LBY,1975,3543.0,6098.9
LBY,1976,3212.0,8305.0
LBY,1977,3782.0,9759.4
LBY,1978,4601.3,9906.7
LBY,1979,5311.1,16084.8
LBY,1980,6776.0,21919.0
LBY,1981,8381.7,15575.4
LBY,1982,8607.83351302226,13947.9138041859
LBY,1983,7725.24899496959,11391.6157605043
LBY,1984,7257.63257905969,11135.7436810047
LBY,1985,5603.30543255082,10928.8759597137
LBY,1986,3789.045,6729.268
LBY,1987,4339.429,8047.016
LBY,1988,5910.513,6817.51
LBY,1989,4392.994,8616.958
LBY,1990,5663.056,13877.949
LBY,1991,5339.273,11211.712
LBY,1992,5164.616189909911,9941.715123175949
LBY,1993,5551.114098015,7541.65633894598
LBY,1994,4322.722657684631,7864.9574417655
LBY,1995,5146.66422443528,8510.412361690549
LBY,1996,5587.37846799797,10154.8167144846
LBY,1997,5533.025315628021,9576.27305871424
LBY,1998,5599.69020147877,6032.392213407854
LBY,1999,4253.313346705269,7961.39269857541
LBY,2000,4016.38580517574,12724.2798348898
LBY,2001,4416.92300352394,11331.0198607531
LBY,2002,5537.7178344256,9868.15274506602
LBY,2003,6164.35072348079,13741.4251486485
LBY,2004,8185.44019919063,19317.2992727229
LBY,2005,8779.5766403784,29003.7326522771
LBY,2006,10268.7249122382,39363.3484564849
LBY,2007,13082.8551982749,43536.28804083361
LBY,2008,19789.1242114013,61594.4197798716
LBY,2009,21626.7755926319,35085.4355133788
LBY,2010,22353.6595851427,41827.8176561032
LBY,2011,8257.92608550465,16679.4604631739
LBY,2012,20363.9633667109,51234.0569551319
LBY,2013,25925.9968979516,36754.6056249377
LBY,2014,19152.0795799495,17378.9290493723
LCA,1960,,
LCA,1961,,
LCA,1962,,
LCA,1963,,
LCA,1964,,
LCA,1965,,
LCA,1966,,
LCA,1967,,
LCA,1968,,
LCA,1969,,
LCA,1970,,
LCA,1971,,
LCA,1972,,
LCA,1973,,
LCA,1974,,
LCA,1975,,
LCA,1976,,1.55
LCA,1977,,3.776
LCA,1978,,4.712
LCA,1979,,5.461
LCA,1980,,32.18055555597243
LCA,1981,33.10999999999999,33.70363636363634
LCA,1982,27.7827,34.01636363636357
LCA,1983,23.1814,39.3527272727273
LCA,1984,29.6640632318681,41.65751919298977
LCA,1985,42.69615769184601,56.84322660038871
LCA,1986,66.80458907195727,102.710188600624
LCA,1987,79.91806779255353,78.01661234479198
LCA,1988,185.6002939226038,143.4909455976562
LCA,1989,199.7246107568254,120.9554322205496
LCA,1990,199.772711974526,145.7735289582795
LCA,1991,222.3627233915669,116.9880782038555
LCA,1992,306.338592592593,124.016111111111
LCA,1993,300.185518518518,119.6201481481482
LCA,1994,302.635444814815,94.3552655555555
LCA,1995,306.566654074074,108.9657885185185
LCA,1996,312.601956296296,79.55043777777773
LCA,1997,332.216734814815,62.01544740740748
LCA,1998,335.202962962963,62.16629629629626
LCA,1999,354.548888888888,55.64407407407408
LCA,2000,349.985148148147,45.16040740740741
LCA,2001,526.482037932822,83.982446824963
LCA,2002,566.772912604241,68.1090170522923
LCA,2003,342.337741714307,51.9195442497282
LCA,2004,376.123015657336,81.7366240369353
LCA,2005,684.998998838126,164.112671183841
LCA,2006,855.5667494693989,291.293979101223
LCA,2007,1901.41039479787,133.161961660558
LCA,2008,4863.50307457589,126.096394637011
LCA,2009,3191.98495141987,209.365603693075
LCA,2010,4015.83967799769,112.759026804604
LCA,2011,4175.54855369061,91.4093296724417
LCA,2012,2530.6953004459,139.122284382207
LCA,2013,1432.33514808178,148.073653274895
LCA,2014,2807.90607795584,150.304989064925
LIE,1990,,
LIE,1991,,
LIE,1992,,
LIE,1993,,
LIE,1994,,
LIE,1995,,
LIE,1996,,
LIE,1997,,
LIE,1998,,
LIE,1999,,
LIE,2000,,
LIE,2001,,
LIE,2002,,
LIE,2003,,
LIE,2004,,
LIE,2005,,
LIE,2006,,
LKA,1948,297.2999877929688,300.5
LKA,1949,285.1000061035156,288.6000061035156
LKA,1950,239.1000061035156,323.1000061035156
LKA,1951,322.2000122070313,394.6000061035156
LKA,1952,347.7000122070313,310.7000122070313
LKA,1953,329.8999938964844,325.1000061035156
LKA,1954,289.2999877929688,377.7999877929688
LKA,1955,301.2999877929688,404.8999938964844
LKA,1956,338.2000122070313,362.2000122070313
LKA,1957,368.6000061035156,351.3999938964844
LKA,1958,357.5,357.7999877929688
LKA,1959,418.3999938964844,350.2999877929688
LKA,1960,408.8,372.6
LKA,1961,354.3,353.0
LKA,1962,347.2,370.6
LKA,1963,316.6,358.2
LKA,1964,411.9,384.3
LKA,1965,307.7,408.1
LKA,1966,425.9,351.7
LKA,1967,359.7,336.8
LKA,1968,364.9,331.2
LKA,1969,428.202,315.37
LKA,1970,388.876,335.216
LKA,1971,330.047,324.16
LKA,1972,334.714,323.341
LKA,1973,422.406,403.873
LKA,1974,705.141,558.412
LKA,1975,744.887,556.46
LKA,1976,535.896,495.099
LKA,1977,638.162,621.942
LKA,1978,940.947,844.103
LKA,1979,1449.031,978.084
LKA,1980,2028.666,1039.124
LKA,1981,1905.646,1023.756
LKA,1982,1773.148,996.238
LKA,1983,1794.825,1053.756
LKA,1984,1845.586,1435.568
LKA,1985,1831.8,1264.895
LKA,1986,1829.432,1162.65
LKA,1987,2056.362,1334.242
LKA,1988,2278.76260994915,1460.701395164
LKA,1989,2087.46089377404,1539.93299504121
LKA,1990,2636.41031509439,1895.2397413632
LKA,1991,3061.11695249145,1987.47930338518
LKA,1992,3472.8,2766.576
LKA,1993,4005.40807694523,2859.4536865508
LKA,1994,4232.0,3199.0
LKA,1995,4481.0,3801.0
LKA,1996,4740.0,4089.0
LKA,1997,5282.0,4629.0
LKA,1998,6263.36407,4819.86954
LKA,1999,6255.21779,4621.82585
LKA,2000,6687.986792,5458.792708
LKA,2001,5730.817656,4722.420614
LKA,2002,6021.82396529395,4678.37527799902
LKA,2003,6671.89993956738,5133.29994333008
LKA,2004,7999.80537594391,5757.23251249414
LKA,2005,8863.183788,6383.645272
LKA,2006,10253.0,6883.000000000009
LKA,2007,11244.7228543433,8296.66855731391
LKA,2008,13854.589868243,8968.37286277527
LKA,2009,10100.8828972061,7966.75604679638
LKA,2010,12872.7704779346,9420.928127459762
LKA,2011,20663.8836683358,11394.1134279399
LKA,2012,15843.7631816487,10087.0859574493
LKA,2013,17906.5593461174,11211.175730464
LKA,2014,20537.7888226357,10923.2385592467
LSO,1960,,2.2
LSO,1961,,
LSO,1962,,
LSO,1963,,
LSO,1964,,
LSO,1965,,
LSO,1966,,6.130000114440918
LSO,1967,,5.840000152587891
LSO,1968,,5.760000228881836
LSO,1969,,5.690000057220459
LSO,1970,,0.1318181818181818
LSO,1971,,0.03
LSO,1972,,0.122
LSO,1973,,0.003
LSO,1974,,2.764
LSO,1975,,1.658181818181818
LSO,1976,,1.947454545454545
LSO,1977,,2.628363636363636
LSO,1978,,4.952727272727272
LSO,1979,,3.417
LSO,1980,,4.056909090909091
LSO,1981,,5.929593611766399
LSO,1982,,8.612600720147324
LSO,1983,,4.919427434562408
LSO,1984,,6.5421916525478
LSO,1985,,8.021618959424607
LSO,1986,,4.513123348579667
LSO,1987,,10.13463951872497
LSO,1988,,28.88530376711631
LSO,1989,,34.83202490224546
LSO,1990,,46.2927970778754
LSO,1991,,60.87770174800284
LSO,1992,,97.1283779842862
LSO,1993,,81.8703072684048
LSO,1994,,94.25110702148021
LSO,1995,,97.41697173311876
LSO,1996,,123.866592846369
LSO,1997,,169.70367929093
LSO,1998,,140.587854502599
LSO,1999,,136.392476269002
LSO,2000,,179.726305487104
LSO,2001,,301.892271677818
LSO,2002,,357.337991190696
LSO,2003,,436.416579457148
LSO,2004,,539.5534231672731
LSO,2005,,508.341110414675
LSO,2006,,537.68354497804
LSO,2007,,662.026611287592
LSO,2008,,670.930677831643
LSO,2009,,480.326596824386
LSO,2010,,829.6476998682359
LSO,2011,,782.371199344242
LSO,2012,,930.108135143518
LSO,2013,,927.4423918595149
LSO,2014,,1014.34709899921
LTU,1918,,
LTU,1919,5.03000020980835,6.75
LTU,1920,7.231699943542481,5.519999980926514
LTU,1921,9.529999732971191,5.760000228881836
LTU,1922,7.480000019073486,7.679999828338623
LTU,1923,15.65999984741211,14.68000030517578
LTU,1924,20.64999961853027,26.64999961853027
LTU,1925,24.8958625793457,23.88985252380371
LTU,1926,24.06999969482422,25.32999992370606
LTU,1927,26.55999946594238,24.59000015258789
LTU,1928,29.10910034179688,25.68810081481934
LTU,1929,30.61689949035645,32.96860122680664
LTU,1930,31.24150085449219,33.3739013671875
LTU,1931,27.79999923706055,27.29999923706055
LTU,1932,16.70000076293945,18.90999984741211
LTU,1933,14.22000026702881,16.02000045776367
LTU,1934,21.80817604064941,23.1446533203125
LTU,1935,22.0,26.0
LTU,1936,26.27946090698242,32.07070541381836
LTU,1937,35.80808258056641,35.06734085083008
LTU,1938,38.0,39.0
LTU,1939,23.46999931335449,25.79999923706055
LTU,1940,,
LTU,1991,,
LTU,1992,610.0614985153679,689.2332692130881
LTU,1993,1386.55697514553,1158.6908530244
LTU,1994,2353.3127,2028.8493
LTU,1995,3648.567,2705.6764
LTU,1996,4404.3984,3281.1074
LTU,1997,5643.387,3862.5086
LTU,1998,5793.7759,3710.7789
LTU,1999,4834.5802,3003.8417
LTU,2000,5456.6247,3810.0037
LTU,2001,6353.4434,4583.8293
LTU,2002,7709.4028,5476.8962
LTU,2003,9803.8135,7162.4232
LTU,2004,12379.1384,9296.6704
LTU,2005,15488.2008,11764.1799
LTU,2006,19413.0624,14153.5245
LTU,2007,24455.908,17169.6012
LTU,2008,31267.0831,23746.0754
LTU,2009,18339.9252,16494.0933
LTU,2010,23166.0077,20242.5577
LTU,2011,31501.0046,27546.0055
LTU,2012,31752.0742,29208.5404
LTU,2013,34595.4117,32190.0222
LTU,2014,34981.5586,31971.2548
LUX,1920,164.4100036621094,123.129997253418
LUX,1921,129.2200012207031,91.88999938964844
LUX,1922,116.9700012207031,78.19999694824219
LUX,1923,161.5099945068359,114.2900009155273
LUX,1924,225.6799926757813,176.6699981689453
LUX,1925,227.8399963378906,188.6699981689453
LUX,1926,293.8599853515625,254.8200073242188
LUX,1927,371.2799987792969,340.1700134277344
LUX,1928,435.0199890136719,394.4200134277344
LUX,1929,452.4700012207031,410.7099914550781
LUX,1930,96.26000213623047,81.2699966430664
LUX,1931,73.80000305175781,71.81999969482422
LUX,1932,50.22999954223633,46.18000030517578
LUX,1933,46.45000076293945,43.77999877929688
LUX,1934,42.56999969482422,41.97999954223633
LUX,1935,40.77000045776367,38.75
LUX,1936,47.2599983215332,44.18999862670898
LUX,1937,61.5,56.75
LUX,1938,50.63999938964844,48.20999908447266
LUX,1939,43.41999816894531,48.86999893188477
LUX,1940,,
LUX,1944,,
LUX,1945,,
LUX,1946,85.5999984741211,67.9800033569336
LUX,1947,127.9899978637695,92.80000305175781
LUX,1948,131.0599975585938,111.5199966430664
LUX,1949,122.3600006103516,120.5100021362305
LUX,1950,128.1699981689453,109.0899963378906
LUX,1951,167.3099975585938,174.8300018310547
LUX,1952,161.3000030517578,161.3699951171875
LUX,1953,159.25,149.1600036621094
LUX,1954,167.3099975585938,151.8000030517578
LUX,1955,186.7799987792969,183.2100067138672
LUX,1956,216.0099945068359,208.6900024414063
LUX,1957,226.5099945068359,210.2700042724609
LUX,1958,206.8399963378906,201.5599975585938
LUX,1959,227.8300018310547,218.2599945068359
LUX,1960,3730.514892578125,3567.30908203125
LUX,1961,3992.885986328125,3717.4951171875
LUX,1962,4312.88916015625,4102.4267578125
LUX,1963,4833.990234375,4589.9501953125
LUX,1964,5590.3759765625,5288.89306640625
LUX,1965,6055.2421875,6063.2412109375
LUX,1966,6830.56005859375,6510.43408203125
LUX,1967,6854.875,6721.10693359375
LUX,1968,8018.77490234375,7804.53515625
LUX,1969,9553.6279296875,9617.681640625
LUX,1970,10850.4599609375,11027.669921875
LUX,1971,12295.669921875,12125.759765625
LUX,1972,14769.580078125,15401.1201171875
LUX,1973,20962.25,21318.55078125
LUX,1974,28358.830078125,26876.490234375
LUX,1975,29314.390625,27556.380859375
LUX,1976,33850.91015625,31416.0703125
LUX,1977,38731.05078125,35961.859375
LUX,1978,46677.0703125,43086.890625
LUX,1979,58303.78125,54270.4609375
LUX,1980,68763.796875,61882.91015625
LUX,1981,59362.3203125,53191.73828125
LUX,1982,55451.5703125,50000.28125
LUX,1983,52385.26953125,49489.140625
LUX,1984,52697.66015625,49325.98046875
LUX,1985,53531.171875,51108.6796875
LUX,1986,65171.80859375,65358.62109375
LUX,1987,79111.8984375,78831.3515625
LUX,1988,87322.28125,87258.03125
LUX,1989,92760.1328125,94205.7734375
LUX,1990,112703.1015625,110873.1015625
LUX,1991,113388.703125,110836.703125
LUX,1992,117052.0,115782.5
LUX,1993,106378.0,113604.8984375
LUX,1994,123731.3984375,136397.796875
LUX,1995,147928.40625,165025.796875
LUX,1996,149683.90625,163030.09375
LUX,1997,9372.61268160743,6434.07215917819
LUX,1998,9920.09323082232,7742.88598814183
LUX,1999,11193.185512077,8177.323676911
LUX,2000,11385.8275,8244.7984
LUX,2001,12163.8425,10321.247
LUX,2002,13145.7955,10190.6837
LUX,2003,16179.1499,13322.0181
LUX,2004,20052.2478,16258.0198
LUX,2005,22526.8384,19068.3161
LUX,2006,27124.0487,22985.3113
LUX,2007,28047.18,22948.3568
LUX,2008,32169.0871,25691.2734
LUX,2009,25281.5025,21320.7161
LUX,2010,25046.8449,18774.7999
LUX,2011,28812.4939,20815.0414
LUX,2012,27554.3661,18866.1669
LUX,2013,26632.0599,18449.7576
LUX,2014,26557.5288,19094.2731
LVA,1918,,
LVA,1919,,
LVA,1920,397.6834106445313,208.4942016601563
LVA,1921,903.4749145507812,378.3783874511719
LVA,1922,20.9349422454834,19.53996086120606
LVA,1923,41.05755996704102,35.26705551147461
LVA,1924,49.49787139892578,32.8137321472168
LVA,1925,53.95326995849609,34.53115463256836
LVA,1926,54.01040649414063,36.32061767578125
LVA,1927,48.16724395751953,42.62928771972656
LVA,1928,59.61544418334961,50.45559692382813
LVA,1929,73.77355194091797,52.87026977539063
LVA,1930,57.16216278076172,47.81853103637695
LVA,1931,34.18590545654297,35.47432327270508
LVA,1932,16.32741355895996,19.02084922790527
LVA,1933,17.60907363891602,15.73899650573731
LVA,1934,28.15875434875488,25.30178070068359
LVA,1935,33.0,32.0
LVA,1936,39.18553161621094,44.48456573486328
LVA,1937,44.63320541381836,54.19594573974609
LVA,1938,45.01702880859375,44.99089050292969
LVA,1939,42.70000076293945,36.59999847412109
LVA,1940,,
LVA,1991,,
LVA,1992,907.8179187133351,951.237369213448
LVA,1993,1056.02765747219,1040.35870505375
LVA,1994,1365.7732,989.721
LVA,1995,1810.35174523726,1283.6806700758
LVA,1996,2311.33543247773,1424.0035457752
LVA,1997,2720.76360361323,1670.10322738246
LVA,1998,3191.43732760994,1811.27410553915
LVA,1999,2946.24646705946,1723.18100082409
LVA,2000,3184.38032908496,1865.47574184023
LVA,2001,3507.09518442963,2040.01982384964
LVA,2002,4040.74889081056,2312.801498807
LVA,2003,5244.220999,2892.869614
LVA,2004,7039.38998303202,3978.93441105695
LVA,2005,8661.8981,5144.4941
LVA,2006,11580.7787,6145.375
LVA,2007,15343.7618,8293.0147
LVA,2008,16184.4238,10075.7477
LVA,2009,9810.0152,7690.6491
LVA,2010,11640.6495,9418.5333
LVA,2011,16141.7627,12820.5738
LVA,2012,17108.2568,13788.3987
LVA,2013,17835.0233,14216.1452
LVA,2014,17494.4871,14351.2712
MAR,1870,3.865714311599731,3.655904769897461
MAR,1871,3.865714311599731,3.655904769897461
MAR,1872,,
MAR,1873,3.973666667938232,7.406952381134033
MAR,1874,,
MAR,1875,,
MAR,1876,,
MAR,1877,,
MAR,1878,,
MAR,1879,,
MAR,1880,,
MAR,1881,,
MAR,1882,,
MAR,1883,,
MAR,1884,,
MAR,1885,,
MAR,1886,7.333333492279053,6.285714149475098
MAR,1887,6.900000095367432,6.300000190734863
MAR,1888,7.214571475982666,5.377380847930908
MAR,1889,,
MAR,1890,,
MAR,1891,8.742142677307129,8.241905212402344
MAR,1892,,
MAR,1893,6.800904750823975,4.870904922485352
MAR,1894,,
MAR,1895,8.529999732971191,7.929999828338623
MAR,1896,,
MAR,1897,,
MAR,1898,,
MAR,1899,,
MAR,1900,3.173379898071289,8.850000381469727
MAR,1901,6.949999809265137,8.300000190734863
MAR,1902,10.69999980926514,7.800000190734863
MAR,1903,13.80000019073486,8.0
MAR,1904,6.857142925262451,6.095238208770752
MAR,1905,13.71000003814697,8.449999809265137
MAR,1906,14.89999961853027,8.800000190734863
MAR,1907,6.476190567016602,4.190476417541504
MAR,1908,8.380952835083008,8.190476417541504
MAR,1909,10.85714244842529,8.380952835083008
MAR,1910,20.95999908447266,11.33500003814697
MAR,1911,5.420267105102539,5.49882173538208
MAR,1912,,
MAR,1956,436.2999877929688,324.3999938964844
MAR,1957,403.7999877929688,312.7000122070313
MAR,1958,393.8999938964844,332.5
MAR,1959,333.2000122070313,323.1000061035156
MAR,1960,409.8,352.4
MAR,1961,445.3,341.9
MAR,1962,426.1,345.3
MAR,1963,439.4,381.0
MAR,1964,457.7,430.2
MAR,1965,449.9,429.2
MAR,1966,479.1,429.3
MAR,1967,517.8,424.0
MAR,1968,552.2,441.2
MAR,1969,559.17,481.5
MAR,1970,685.69,481.93
MAR,1971,697.57,495.26
MAR,1972,779.02,638.97
MAR,1973,1144.3,911.93
MAR,1974,1910.05,1701.77
MAR,1975,2567.41,1541.48
MAR,1976,2614.84,1261.62
MAR,1977,3197.51,1299.11
MAR,1978,2966.74,1500.87
MAR,1979,3662.29,1931.42
MAR,1980,4232.21,2405.26
MAR,1981,4355.62,2285.53
MAR,1982,4316.02,2068.04
MAR,1983,3592.91,2050.3
MAR,1984,3907.12,2169.01
MAR,1985,3865.38,2171.73
MAR,1986,3901.14,2440.17
MAR,1987,4244.35,2945.34
MAR,1988,4702.53314898619,3463.759707156042
MAR,1989,5489.32160878022,3310.42238786452
MAR,1990,7919.20692783099,4585.92487276977
MAR,1991,7519.73670295927,4726.000640333999
MAR,1992,8020.26057573532,4403.00056649049
MAR,1993,6858.40460607656,3800.71372156842
MAR,1994,8063.374558486281,4227.38072405807
MAR,1995,9501.86863497037,4950.29221968206
MAR,1996,9305.36661500169,5126.72562740157
MAR,1997,8946.33449399819,5127.334111930451
MAR,1998,8427.165316925833,4634.22250476972
MAR,1999,11940.7232359994,8184.10333698102
MAR,2000,11531.2467489636,7418.536901092531
MAR,2001,11471.1178020344,7232.85816725243
MAR,2002,11832.685643576,7838.89349474847
MAR,2003,14196.6944781474,8765.03322233112
MAR,2004,17806.7304038295,9911.561322430241
MAR,2005,20489.5249411461,10842.1102902519
MAR,2006,23263.5879041797,12280.9910321314
MAR,2007,31219.3066484361,14455.7260288612
MAR,2008,40628.118913,18915.178673
MAR,2009,32393.718392,13461.365941
MAR,2010,35139.275184,16604.663598
MAR,2011,43625.666149,20790.297391
MAR,2012,42890.255571,19506.852951
MAR,2013,44741.932458,21752.812788
MAR,2014,45590.039511,23479.22727
MCO,1993,,
MCO,1994,,
MCO,1995,,
MCO,1996,,
MCO,1997,,
MCO,1998,,
MCO,1999,,
MCO,2000,,
MCO,2001,,
MCO,2002,,
MCO,2003,,
MCO,2004,,
MCO,2005,,
MCO,2006,,
MDA,1991,,
MDA,1992,640.0,470.0
MDA,1993,630.505,483.922
MDA,1994,659.3,565.4
MDA,1995,840.6,745.5
MDA,1996,1072.2575,795.187
MDA,1997,1164.043,875.1889
MDA,1998,1023.7086,632.1188
MDA,1999,586.368,463.4324
MDA,2000,776.4578,471.594
MDA,2001,892.2337,565.1857
MDA,2002,1038.0002,643.0052
MDA,2003,1402.3471,789.5864
MDA,2004,1768.5339,984.753
MDA,2005,2292.299,1090.3959
MDA,2006,2689.2407,1047.3537
MDA,2007,3685.7274,1333.5971
MDA,2008,4890.4898,1579.992
MDA,2009,3272.2154,1278.6811
MDA,2010,3855.2886,1541.4866
MDA,2011,5181.234,2213.5903
MDA,2012,5200.1007,2158.4611
MDA,2013,5475.505,2426.4242
MDA,2014,6823.38694452278,2486.39230283423
MDG,1960,110.9,71.1
MDG,1961,103.2,73.8
MDG,1962,121.6,89.4
MDG,1963,127.5,77.5
MDG,1964,135.2,86.6
MDG,1965,146.1,86.1
MDG,1966,140.9,89.2
MDG,1967,145.2,93.2
MDG,1968,169.6,102.0
MDG,1969,182.733,99.206
MDG,1970,170.33,128.225
MDG,1971,213.197,134.653
MDG,1972,202.206,151.645
MDG,1973,202.842,185.412
MDG,1974,281.03,224.334
MDG,1975,365.686,263.002
MDG,1976,284.832,259.787
MDG,1977,336.345,311.875
MDG,1978,432.003,362.929
MDG,1979,640.104,381.991
MDG,1980,598.189,387.735
MDG,1981,543.322,308.216
MDG,1982,424.052,307.068
MDG,1983,386.064,288.737
MDG,1984,363.934,323.709
MDG,1985,400.448,265.407
MDG,1986,339.427975786914,304.921
MDG,1987,364.676522303001,313.132084647903
MDG,1988,363.558081358437,257.156766130026
MDG,1989,385.855950107191,302.339879165854
MDG,1990,605.0966359810329,349.552163553779
MDG,1991,427.585323860169,288.971116293261
MDG,1992,453.005955042115,254.859072587135
MDG,1993,440.879776045606,236.718769243632
MDG,1994,442.392094909725,296.008028443794
MDG,1995,524.468396435229,320.79516163882
MDG,1996,600.801409200202,299.483187389658
MDG,1997,571.594748183478,223.75418613113
MDG,1998,505.190727368425,234.092584204489
MDG,1999,378.029363718465,220.49011955393
MDG,2000,734.107838197171,824.253578269019
MDG,2001,868.539234513337,925.769551262712
MDG,2002,579.4432373304641,667.672354195303
MDG,2003,1242.73254525297,1000.50468066745
MDG,2004,2007.7718552218,944.018021452854
MDG,2005,1908.01668833561,848.262504115483
MDG,2006,3450.60270859395,1115.94705375278
MDG,2007,2492.11659524071,1319.74579401401
MDG,2008,4145.167685221049,1348.38373604336
MDG,2009,3127.61927064215,1052.88761315591
MDG,2010,2810.25811427312,1104.63752971861
MDG,2011,3225.64432257706,1651.72857414034
MDG,2012,3460.38527169928,1577.55210781291
MDG,2013,3735.67291599127,1958.77335078759
MDG,2014,3778.62221812773,2219.25086408457
MDV,1960,,
MDV,1961,,
MDV,1962,,
MDV,1963,,
MDV,1964,,
MDV,1965,,1.889999985694885
MDV,1966,,2.0
MDV,1967,,2.200000047683716
MDV,1968,,2.400000095367432
MDV,1969,,1.768
MDV,1970,,2.629
MDV,1971,,2.048
MDV,1972,,0.013
MDV,1973,,1.138
MDV,1974,,3.779
MDV,1975,,3.943
MDV,1976,,4.51
MDV,1977,,5.061
MDV,1978,,5.807
MDV,1979,,5.520521595205
MDV,1980,,5.78225977529687
MDV,1981,38.5341,9.414545454545461
MDV,1982,68.5904829047467,11.8863636363636
MDV,1983,66.2256117090232,13.2853655184217
MDV,1984,70.83571716310931,13.1096415534539
MDV,1985,70.1245869191559,23.027
MDV,1986,78.4248138841457,24.541
MDV,1987,98.12229131715199,30.768
MDV,1988,121.997055736989,40.177
MDV,1989,143.013137443827,44.717
MDV,1990,137.879,52.106
MDV,1991,161.751,53.65462
MDV,1992,189.28,39.648
MDV,1993,191.277076371328,34.63156
MDV,1994,221.716851982138,47.86606
MDV,1995,356.659752050196,49.80445984966021
MDV,1996,300.135514018691,59.3033135089211
MDV,1997,348.848428207306,70.21435853865768
MDV,1998,353.971707731521,74.62591333899734
MDV,1999,402.15955819881,63.9513169073917
MDV,2000,388.98719200407,76.17442978249785
MDV,2001,392.969631942392,76.570400715837
MDV,2002,390.723580797969,90.706050753125
MDV,2003,470.654226298281,112.7117926445312
MDV,2004,644.97889645375,122.8320435742187
MDV,2005,744.9031233985979,98.71699275390624
MDV,2006,880.514914929589,162.851718250705
MDV,2007,1094.66360802511,151.387763945111
MDV,2008,1399.92112848191,179.122844071141
MDV,2009,1013.72401486285,113.843418726925
MDV,2010,1204.84624688215,135.390510290237
MDV,2011,1485.94561630121,195.467000334702
MDV,2012,1413.68140952182,205.561238685519
MDV,2013,1427.86985862426,230.257416278769
MDV,2014,1700.45398802665,191.715967162871
MEX,1870,17.47572898864746,29.12621307373047
MEX,1871,18.44660186767578,30.09708786010742
MEX,1872,19.41747665405273,31.06796073913574
MEX,1873,22.54901885986328,27.45098114013672
MEX,1874,21.35922241210938,26.21359252929688
MEX,1875,28.0,24.39999961853027
MEX,1876,28.5,25.39999961853027
MEX,1877,27.1844654083252,27.1844654083252
MEX,1878,29.12621307373047,29.12621307373047
MEX,1879,30.09708786010742,32.03883361816406
MEX,1880,26.92307662963867,24.03846168518066
MEX,1881,28.84615325927734,33.65384674072266
MEX,1882,30.76922988891602,43.26922988891602
MEX,1883,32.69230651855469,45.19230651855469
MEX,1884,34.95145797729492,45.63106918334961
MEX,1885,34.51327514648438,43.36283111572266
MEX,1886,36.60714340209961,43.75
MEX,1887,34.67741775512695,38.70967864990234
MEX,1888,30.30303001403809,45.45454406738281
MEX,1889,39.39393997192383,46.96969604492188
MEX,1890,37.59398651123047,47.3684196472168
MEX,1891,36.09022521972656,56.39097595214844
MEX,1892,32.57575607299805,66.66666412353516
MEX,1893,19.60784339904785,51.63398742675781
MEX,1894,33.00970840454102,88.34951782226562
MEX,1895,22.00729179382324,20.9260425567627
MEX,1896,21.875,57.8125
MEX,1897,22.68041229248047,66.49484252929688
MEX,1898,24.40191459655762,66.0287094116211
MEX,1899,27.60181045532227,67.87330627441406
MEX,1900,31.10047912597656,70.81340026855469
MEX,1901,72.2488021850586,82.2966537475586
MEX,1902,91.82691955566406,99.51923370361328
MEX,1903,85.16746520996094,100.4784698486328
MEX,1904,85.99034118652344,55.07246398925781
MEX,1905,107.3170700073242,55.60975646972656
MEX,1906,113.1707305908203,120.9756088256836
MEX,1907,111.1111145019531,122.7272720336914
MEX,1908,79.6954345703125,117.2588806152344
MEX,1909,100.0,133.3333282470703
MEX,1910,102.9199981689453,75.3949966430664
MEX,1911,92.42424011230469,150.5050506591797
MEX,1912,96.96969604492188,151.5151519775391
MEX,1913,97.11717224121094,151.7196960449219
MEX,1914,,
MEX,1915,,
MEX,1916,,
MEX,1917,,
MEX,1918,78.57142639160156,174.7619018554688
MEX,1919,118.5100021362305,165.2200012207031
MEX,1920,178.7749938964844,203.2734985351563
MEX,1921,239.5529479980469,367.8328247070313
MEX,1922,150.5114440917969,313.6872863769531
MEX,1923,152.9126281738281,275.7281494140625
MEX,1924,155.7496337890625,298.3988342285156
MEX,1925,193.0864105224609,336.7901000976563
MEX,1926,184.0579833984375,334.2995300292969
MEX,1927,163.3616638183594,299.3389892578125
MEX,1928,172.1981658935547,284.7522888183594
MEX,1929,184.0963745117188,284.8192749023438
MEX,1930,165.0329895019531,216.1640014648438
MEX,1931,92.3499984741211,170.4299926757813
MEX,1932,57.61999893188477,97.04000091552734
MEX,1933,68.69000244140625,102.5500030517578
MEX,1934,92.5,178.3099975585938
MEX,1935,104.0,147.0
MEX,1936,130.7599945068359,215.2400054931641
MEX,1937,175.1300048828125,208.4199981689453
MEX,1938,114.0,187.0
MEX,1939,139.1000061035156,173.8000030517578
MEX,1940,124.0726928710938,140.9495544433594
MEX,1941,188.45361328125,137.319580078125
MEX,1942,154.8453674316406,166.3917541503906
MEX,1943,177.319580078125,229.0721588134766
MEX,1944,277.9381408691406,214.0206146240234
MEX,1945,330.7216491699219,255.0515441894531
MEX,1946,542.7000122070312,316.7000122070313
MEX,1947,660.5,409.7000122070313
MEX,1948,523.0,474.0
MEX,1949,453.0,461.0
MEX,1950,504.0,498.0
MEX,1951,770.0,624.0
MEX,1952,735.0,589.0
MEX,1953,803.0,494.0
MEX,1954,793.0,500.0
MEX,1955,881.0,621.0
MEX,1956,1068.0,659.0
MEX,1957,1152.0,585.0
MEX,1958,1126.0,735.0
MEX,1959,1001.0,749.0
MEX,1960,1183.1,764.4
MEX,1961,1136.2,825.6
MEX,1962,1139.0,930.7
MEX,1963,1234.7,971.0
MEX,1964,1486.5,1054.4
MEX,1965,1553.0,1141.5
MEX,1966,1604.1,1222.7
MEX,1967,1748.0,1142.9
MEX,1968,1959.1,1253.0
MEX,1969,2076.8,1429.5
MEX,1970,2329.8,1312.7
MEX,1971,2252.2,1396.2
MEX,1972,2719.5,1694.9
MEX,1973,3811.7,2261.4
MEX,1974,6057.2,2993.02
MEX,1975,6581.4,2916.4
MEX,1976,6035.7,3468.9
MEX,1977,5485.9,4170.6
MEX,1978,7559.9,5953.6
MEX,1979,12085.9,8983.0
MEX,1980,19455.9,15562.2
MEX,1981,24127.7,19380.6
MEX,1982,15071.7,21208.9
MEX,1983,9020.0,22312.7
MEX,1984,11360.3,24382.8
MEX,1985,14788.4,22105.6
MEX,1986,12659.0409787841,16120.7578801506
MEX,1987,14033.8165,20536.183
MEX,1988,21520.1393,20409.567
MEX,1989,25076.865,23047.297
MEX,1990,33021.5534,27167.442
MEX,1991,54857.3795,42709.768
MEX,1992,68343.3014,46200.572
MEX,1993,71903.9651,51761.602
MEX,1994,87283.8054,60889.73
MEX,1995,79699.6904,79548.952
MEX,1996,98419.0922,96013.318
MEX,1997,120789.0057,110439.421
MEX,1998,137709.1606,117493.758
MEX,1999,156172.2383782,136391.122642
MEX,2000,194748.7123747,166198.797767
MEX,2001,185236.078731,158779.73255
MEX,2002,185546.774776,161045.979638
MEX,2003,187600.4264079,164766.437576
MEX,2004,216490.6166984,187998.559186
MEX,2005,244001.4779488,214232.956653
MEX,2006,281664.1871384,249925.142828
MEX,2007,310143.9519508,271875.312196
MEX,2008,339463.5750297,291342.595918
MEX,2009,257823.4682408,229703.549727
MEX,2010,331629.9991532,298473.145325
MEX,2011,385927.1651092,349433.388564
MEX,2012,407826.7148571,370769.890396
MEX,2013,419331.1853808,380026.586943
MEX,2014,439974.9305611,397535.446891
MHL,1991,,
MHL,1992,,
MHL,1993,,
MHL,1994,,
MHL,1995,,
MHL,1996,,
MHL,1997,,
MHL,1998,,
MHL,1999,,
MHL,2000,,
MHL,2001,,
MHL,2002,,
MHL,2003,,
MHL,2004,,
MHL,2005,,
MHL,2006,,
MKD,1993,1199.373,1055.361
MKD,1994,1484.186,1086.438
MKD,1995,1712.031928,1202.774824
MKD,1996,1626.80095513,1148.21564698
MKD,1997,1773.536540243,1237.415392678
MKD,1998,1914.886262,1310.695946
MKD,1999,1796.455536,1191.96804
MKD,2000,2084.737699,1318.992982
MKD,2001,1687.599787,1155.068184
MKD,2002,1995.14702266925,1115.27373460839
MKD,2003,2306.32239659177,1366.5816155665
MKD,2004,2931.31739261535,1675.35410724017
MKD,2005,3224.90912448837,2040.86900751735
MKD,2006,3479.11878347798,1841.7630302937
MKD,2007,5280.58056403638,3398.26828249312
MKD,2008,6851.67209296541,3978.23078096511
MKD,2009,5072.81723109599,2708.48757039027
MKD,2010,5450.6683928938,3301.82912032005
MKD,2011,6142.60096573682,4279.64794984476
MKD,2012,6110.72038041086,3980.26743771003
MKD,2013,6418.6151566596,4264.84653862966
MKD,2014,7194.32835085097,5110.03259315371
MLI,1960,,6.1
MLI,1961,0.5,14.0
MLI,1962,,10.1
MLI,1963,34.1,11.345
MLI,1964,36.3,16.4
MLI,1965,42.7,15.5
MLI,1966,37.5,13.0
MLI,1967,51.3,16.4
MLI,1968,32.3,12.65
MLI,1969,38.91,17.31
MLI,1970,44.819,35.493
MLI,1971,59.43,36.111
MLI,1972,78.534,41.734
MLI,1973,126.288,52.283
MLI,1974,178.964,64.063
MLI,1975,190.072,36.538
MLI,1976,150.195,84.537
MLI,1977,158.751,124.594
MLI,1978,202.548,106.234
MLI,1979,304.455,106.222
MLI,1980,241.951,117.35
MLI,1981,287.444,106.242
MLI,1982,401.837,231.994
MLI,1983,342.2392,99.2282818181818
MLI,1984,350.546938418306,129.088415967771
MLI,1985,299.352185392798,123.61255950723
MLI,1986,443.956541146943,211.720928710396
MLI,1987,374.148,178.959
MLI,1988,521.0563659569029,158.222574213439
MLI,1989,564.224930955379,191.740807221392
MLI,1990,714.168821571526,252.262281085674
MLI,1991,667.046222994025,266.6053468268625
MLI,1992,737.7609990011999,216.2317898025479
MLI,1993,737.248872027268,219.704992237701
MLI,1994,712.335999395468,174.851624608617
MLI,1995,990.2808612621451,241.068125089134
MLI,1996,1111.90181262557,291.792929248587
MLI,1997,1130.71056103523,284.46834289255
MLI,1998,1222.07205427296,294.382275404253
MLI,1999,1254.43046191637,251.451816413755
MLI,2000,1290.03124006634,233.239479154246
MLI,2001,1404.8153240981,144.726275981057
MLI,2002,1381.55682268809,160.564478631908
MLI,2003,1531.74814644805,214.366201501979
MLI,2004,1882.3341433598,322.09160390973
MLI,2005,2067.46829534174,252.154246823325
MLI,2006,2370.17762687481,387.03571476499
MLI,2007,2817.65821886408,243.423899910508
MLI,2008,3183.34586640064,227.118589891682
MLI,2009,3045.12925230729,158.756142998705
MLI,2010,3411.99405906603,295.961752891473
MLI,2011,3878.94742396661,434.230370900898
MLI,2012,3723.29077417612,568.300034792119
MLI,2013,4023.91815002268,463.665957447332
MLI,2014,4222.325555323791,463.579081103139
MLT,1960,78.91,10.5
MLT,1961,81.21,13.4
MLT,1962,77.73,12.1
MLT,1963,82.17,14.0
MLT,1964,93.24,19.3
MLT,1965,95.49,23.6
MLT,1966,106.93,28.5
MLT,1967,109.53,27.15
MLT,1968,119.41,32.8
MLT,1969,143.52,38.28
MLT,1970,158.38,38.54
MLT,1971,154.61,45.11
MLT,1972,172.73,67.16
MLT,1973,237.35,98.47
MLT,1974,356.36,133.95
MLT,1975,371.76,166.01
MLT,1976,421.83,228.91
MLT,1977,511.42,288.68
MLT,1978,571.96,342.47
MLT,1979,753.67,424.29
MLT,1980,940.04,485.71
MLT,1981,860.47,449.56
MLT,1982,789.19,410.94
MLT,1983,732.54,363.34
MLT,1984,716.39,394.45
MLT,1985,756.33,399.32
MLT,1986,885.16,498.35
MLT,1987,1137.67,604.64
MLT,1988,1349.57,697.69
MLT,1989,1477.7416414143,844.098693830228
MLT,1990,1951.3717975525,1126.53278538973
MLT,1991,2113.47273022576,1290.94640401556
MLT,1992,2344.66738192042,1539.25126414917
MLT,1993,2173.30935776198,1354.11771698479
MLT,1994,2440.91465393757,1556.62524160517
MLT,1995,2942.40624419455,1913.38475134491
MLT,1996,2805.37731929626,1740.47331595482
MLT,1997,2552.91656264883,1643.83975768282
MLT,1998,3722.58108404237,1844.71098624452
MLT,1999,2845.8304299794,1983.84136554387
MLT,2000,3399.83548168185,2441.67412071176
MLT,2001,4761.238738879039,2241.36069660371
MLT,2002,2828.08236336225,2215.35683237754
MLT,2003,3396.39260846514,2460.69071838827
MLT,2004,3803.24092656256,2624.03859628431
MLT,2005,3710.6572,2393.0369
MLT,2006,4306.7912,2802.3626
MLT,2007,4810.4485,3442.6708
MLT,2008,5324.6645,3472.191
MLT,2009,4476.2251,2867.5921
MLT,2010,4981.0186,2612.9737
MLT,2011,6215.5786,3222.0499
MLT,2012,6499.1018,3095.9256
MLT,2013,6021.4073,2536.8461
MLT,2014,6373.366,1936.8584
MMR,1948,172.6000061035156,191.0
MMR,1949,93.5999984741211,119.5999984741211
MMR,1950,109.9000015258789,147.1999969482422
MMR,1951,126.0,185.6000061035156
MMR,1952,180.5,237.8000030517578
MMR,1953,167.3999938964844,208.6000061035156
MMR,1954,189.5,240.3999938964844
MMR,1955,175.6999969482422,205.6000061035156
MMR,1956,192.3000030517578,223.8000030517578
MMR,1957,282.5,189.1999969482422
MMR,1958,200.5,180.6999969482422
MMR,1959,217.5,211.1999969482422
MMR,1960,255.6,215.5
MMR,1961,210.3,210.3
MMR,1962,215.8,251.2
MMR,1963,230.7,257.3
MMR,1964,264.7,223.7
MMR,1965,241.9,212.2
MMR,1966,158.0,184.8
MMR,1967,142.5,127.7
MMR,1968,105.7,109.6
MMR,1969,164.874,131.635
MMR,1970,152.089,105.869
MMR,1971,168.532,123.484
MMR,1972,134.24,122.972
MMR,1973,106.338,130.491
MMR,1974,178.405,192.399
MMR,1975,249.961,158.399
MMR,1976,193.91,192.597
MMR,1977,273.109,204.049
MMR,1978,475.152,308.997
MMR,1979,572.711,389.022
MMR,1980,785.453,415.038
MMR,1981,823.003,446.123
MMR,1982,408.7359440698,390.963892879098
MMR,1983,267.7460646488,378.080299685857
MMR,1984,238.8856723,300.618562831846
MMR,1985,282.592257901374,302.744961927639
MMR,1986,304.389753995581,287.694652966
MMR,1987,268.427981594901,218.584260671506
MMR,1988,243.948843996326,147.432910624652
MMR,1989,194.301350602955,214.516912931861
MMR,1990,667.70922188083,408.736395386508
MMR,1991,1067.91212022668,526.9870845055681
MMR,1992,1045.81231562292,683.572763404508
MMR,1993,1280.14318240882,864.3610353466111
MMR,1994,1538.22337470394,939.751943112651
MMR,1995,2341.62783003246,1197.8345570461
MMR,1996,2677.76956862618,1183.02127748484
MMR,1997,2861.52544166812,1132.0621052206
MMR,1998,2358.46510271155,1138.60261177389
MMR,1999,2527.68704973956,1393.30415275375
MMR,2000,3039.8893924752,1980.38509189771
MMR,2001,2666.1411019453,2759.58034536916
MMR,2002,2970.40758984291,2755.86560958612
MMR,2003,3228.4331826587,2766.30481110204
MMR,2004,3459.6245496382,3156.90979049686
MMR,2005,3563.71022161594,3715.33911341974
MMR,2006,3912.39867659224,4543.234573101129
MMR,2007,5595.4095087182,4838.36206627149
MMR,2008,6976.48649510911,6277.01340455462
MMR,2009,7080.93379588515,5912.68400771045
MMR,2010,9944.53552896837,6451.239457087459
MMR,2011,13693.6171334318,8317.08314137358
MMR,2012,17035.4924947556,8266.74219532111
MMR,2013,20433.6459784606,10437.6992457462
MMR,2014,24316.7606742454,22498.8032757862
MNE,1998,,
MNE,2000,,
MNE,2001,,
MNE,2002,,
MNE,2003,,
MNE,2004,,
MNE,2005,270.17716,91.7980909090909
MNE,2006,1828.2104054813,553.39384616643
MNE,2007,2832.11046394416,620.388681760792
MNE,2008,3613.87103500583,606.9470702378879
MNE,2009,2195.58832111752,384.047029120336
MNE,2010,2084.72454446078,436.795386540057
MNE,2011,2534.5875399483,631.041295093731
MNE,2012,2339.40946875081,470.723650411791
MNE,2013,2354.27632057892,497.953372877307
MNE,2014,2839.41291508917,574.2570522201411
MNG,1921,18.0,19.0
MNG,1922,18.55999946594238,19.40999984741211
MNG,1923,19.1200008392334,19.82999992370606
MNG,1924,19.69000053405762,20.25
MNG,1925,20.25,20.67000007629395
MNG,1926,21.20000076293945,21.73999977111816
MNG,1927,22.14999961853027,22.79999923706055
MNG,1928,23.10000038146973,23.8700008392334
MNG,1929,24.04999923706055,24.93000030517578
MNG,1930,25.0,26.0
MNG,1931,24.60000038146973,24.79999923706055
MNG,1932,24.20000076293945,23.60000038146973
MNG,1933,23.79999923706055,22.39999961853027
MNG,1934,23.39999961853027,21.20000076293945
MNG,1935,23.0,20.0
MNG,1936,23.75,20.75
MNG,1937,24.5,21.5
MNG,1938,25.25,22.25
MNG,1939,26.0,23.0
MNG,1940,,
MNG,1941,,
MNG,1942,,
MNG,1943,,
MNG,1944,,
MNG,1945,,
MNG,1946,31.09000015258789,31.27000045776367
MNG,1947,31.80999946594238,32.45000076293945
MNG,1948,32.54000091552734,33.63000106811523
MNG,1949,33.27000045776367,34.81000137329102
MNG,1950,34.0,36.0
MNG,1951,39.36999893188477,38.70999908447266
MNG,1952,44.75,41.41999816894531
MNG,1953,50.11999893188477,44.13999938964844
MNG,1954,55.5,46.84999847412109
MNG,1955,60.86999893188477,49.56999969482422
MNG,1956,66.25,52.27999877929688
MNG,1957,71.62000274658203,55.0
MNG,1958,77.0,60.65999984741211
MNG,1959,83.0,66.33000183105469
MNG,1960,,0.26
MNG,1961,,0.5
MNG,1962,,0.57
MNG,1963,,0.75
MNG,1964,,6.88
MNG,1965,,8.28
MNG,1966,,9.84
MNG,1967,,7.46
MNG,1968,,8.83
MNG,1969,,9.604
MNG,1970,,6.98
MNG,1971,,8.227
MNG,1972,,10.871
MNG,1973,,15.502
MNG,1974,,13.503
MNG,1975,,13.03
MNG,1976,,16.673
MNG,1977,,26.64
MNG,1978,,33.17
MNG,1979,,29.74
MNG,1980,,65.4296
MNG,1981,28.699,44.959090909091
MNG,1982,36.41,42.1654545454546
MNG,1983,30.78899999999999,32.3018181818182
MNG,1984,38.31618386190279,51.2879785409292
MNG,1985,93.06102225033274,72.4408833236881
MNG,1986,87.10661307714813,72.59904915090799
MNG,1987,108.343606446776,87.0810907415991
MNG,1988,119.178549419315,98.224676972833
MNG,1989,122.0707831823179,116.70035307424
MNG,1990,144.461868651546,90.79920555137099
MNG,1991,162.7971670645852,67.392678883551
MNG,1992,418.3,388.4
MNG,1993,379.01,382.66
MNG,1994,258.4,356.1
MNG,1995,415.31,473.27
MNG,1996,450.94,424.29
MNG,1997,468.26,451.54
MNG,1998,503.28,345.14
MNG,1999,512.75,358.29
MNG,2000,614.464,535.83
MNG,2001,637.7313,596.146
MNG,2002,690.3801,523.9039
MNG,2003,790.94,615.3794
MNG,2004,1019.3336,869.0843
MNG,2005,1175.0039,1063.8832
MNG,2006,1431.4247,1541.9633
MNG,2007,2056.5598,1947.4721
MNG,2008,3232.0495,2534.4664
MNG,2009,2153.3989,1884.8801
MNG,2010,3822.14059234439,2803.00758609115
MNG,2011,6953.00444351814,3882.34179589687
MNG,2012,7816.07306601584,4025.34612459762
MNG,2013,6888.03379251306,3517.17136897279
MNG,2014,5872.035838003319,4835.66147328072
MOZ,1960,123.9,63.1
MOZ,1961,126.1,83.8
MOZ,1962,130.6,85.801
MOZ,1963,138.1,96.6
MOZ,1964,155.6,105.5
MOZ,1965,172.7,107.3
MOZ,1966,208.4,111.7
MOZ,1967,200.5,127.3
MOZ,1968,233.0,153.1
MOZ,1969,260.525,141.108
MOZ,1970,325.622,121.629
MOZ,1971,335.365,159.427
MOZ,1972,327.211,174.435
MOZ,1973,464.321,224.545
MOZ,1974,466.977,298.177
MOZ,1975,410.371,198.011
MOZ,1976,445.0,176.5
MOZ,1977,277.697,128.991
MOZ,1978,474.0,219.5
MOZ,1979,528.0,284.0
MOZ,1980,807.0,448.0
MOZ,1981,746.4743,315.780909090909
MOZ,1982,759.4906,277.7453296580532
MOZ,1983,627.8639709863412,224.469028133287
MOZ,1984,484.136527947672,124.905149763564
MOZ,1985,425.219958034975,136.3052394128348
MOZ,1986,478.3800059975503,117.7387720996553
MOZ,1987,719.804977297391,226.007007420898
MOZ,1988,782.9073589913622,317.592455917302
MOZ,1989,759.424483275401,219.072002342612
MOZ,1990,912.95108981812,381.426563526226
MOZ,1991,725.0,153.077140141405
MOZ,1992,884.500366162277,134.1742380019734
MOZ,1993,1095.0995294278,131.2603410219683
MOZ,1994,1261.60419185544,161.1901639490462
MOZ,1995,746.88,174.295
MOZ,1996,791.922,226.082
MOZ,1997,1096.23370678698,223.1639968686071
MOZ,1998,817.4,244.7
MOZ,1999,1199.9,271.0
MOZ,2000,1046.31,364.28411
MOZ,2001,1063.40636641788,703.696476733168
MOZ,2002,1269.66799076987,682.0203205685641
MOZ,2003,1812.927,1043.91254
MOZ,2004,2034.685,1503.8605
MOZ,2005,2466.56,1745.2565
MOZ,2006,2913.725,2381.131613
MOZ,2007,3092.244,2412.1199
MOZ,2008,4007.76696323696,2653.2595
MOZ,2009,3764.20667111891,2147.183332
MOZ,2010,3564.23090322207,2243.068893
MOZ,2011,7763.850636094,3594.25004904725
MOZ,2012,8434.16783504042,4096.11763832594
MOZ,2013,11130.6168055654,4318.04432678531
MOZ,2014,12782.3916741133,5220.937110976201
MRT,1960,,0.9
MRT,1961,,2.0
MRT,1962,35.7,2.7
MRT,1963,29.9,15.4
MRT,1964,16.3,45.9
MRT,1965,24.0,58.0
MRT,1966,23.0,69.1
MRT,1967,37.085,72.323
MRT,1968,35.298,71.758
MRT,1969,45.174,77.798
MRT,1970,55.857,90.084
MRT,1971,62.911,89.827
MRT,1972,70.956,106.892
MRT,1973,115.685,153.776
MRT,1974,120.029,181.315
MRT,1975,161.0,176.0
MRT,1976,184.9600067138672,183.6100006103516
MRT,1977,205.3800048828125,155.3899993896484
MRT,1978,181.1600036621094,119.1100006103516
MRT,1979,258.6700134277344,141.8000030517578
MRT,1980,285.7000122070313,194.1699981689453
MRT,1981,264.8999371212533,261.1639137825881
MRT,1982,275.7687055555099,233.406158124832
MRT,1983,226.7707028052663,292.0519685000626
MRT,1984,207.590433438708,291.0231692333339
MRT,1985,242.267,373.4
MRT,1986,294.957,421.39
MRT,1987,381.879,427.843
MRT,1988,446.884807281344,507.616608904587
MRT,1989,351.275938880928,450.944865203309
MRT,1990,388.1151980548081,469.132466598023
MRT,1991,480.505542626366,524.2892913368211
MRT,1992,600.1718141470619,448.051917939739
MRT,1993,574.1465437130651,420.05737936813
MRT,1994,556.929969512304,433.813003398037
MRT,1995,654.100166715627,575.279070580518
MRT,1996,612.336754919046,565.659845503964
MRT,1997,632.5510031698869,527.11526521569
MRT,1998,586.389873051818,500.103400860119
MRT,1999,603.4916537908849,525.264141792179
MRT,2000,651.24719097047,529.524667471701
MRT,2001,713.258804807208,547.7224005256099
MRT,2002,879.008136014866,544.9815398773189
MRT,2003,998.25417042294,592.541717944835
MRT,2004,1109.33168373838,812.162907846869
MRT,2005,1339.72489603315,952.269594722164
MRT,2006,1388.5944913103,1452.97573469644
MRT,2007,1793.49828100525,1707.01103108409
MRT,2008,2288.97194551729,2355.78466697938
MRT,2009,2119.1148158609,1746.6915632606
MRT,2010,2524.22497358239,2162.67557735775
MRT,2011,3469.43838749704,3050.38406707184
MRT,2012,3934.79776765722,2677.17894897506
MRT,2013,4082.56125019427,2864.41620880902
MRT,2014,3886.63683149607,2392.63453906984
MUS,1960,68.4,38.8
MUS,1961,65.9,60.4
MUS,1962,65.3,60.2
MUS,1963,68.1,83.0
MUS,1964,79.8,78.1
MUS,1965,75.0,65.8
MUS,1966,68.9,73.2
MUS,1967,75.5,
MUS,1968,70.2,66.3
MUS,1969,64.037,65.024
MUS,1970,72.725,70.934
MUS,1971,83.071,67.434
MUS,1972,120.161,104.726
MUS,1973,170.992,131.398
MUS,1974,308.858,310.216
MUS,1975,331.361,295.239
MUS,1976,358.665,261.824
MUS,1977,446.238,306.351
MUS,1978,496.639,314.56
MUS,1979,566.224,371.149
MUS,1980,613.659,429.218
MUS,1981,553.856,317.438
MUS,1982,462.856,358.687
MUS,1983,439.831,358.514
MUS,1984,471.503,365.957
MUS,1985,522.116,425.27
MUS,1986,675.678,646.284
MUS,1987,993.083,860.852
MUS,1988,1298.06198593884,980.74636889801
MUS,1989,1323.56123481671,966.375441810038
MUS,1990,1619.43377396801,1179.45917139263
MUS,1991,1556.95885111728,1171.32882956028
MUS,1992,1623.95821341465,1271.65296358666
MUS,1993,1717.58596216857,1275.38350608638
MUS,1994,1922.45518372862,1314.67249183851
MUS,1995,1975.05893044243,1510.72826427679
MUS,1996,2292.94891557494,1766.9312572199
MUS,1997,2264.29776591265,1595.3239108505
MUS,1998,2184.44460280377,1704.13289319188
MUS,1999,2248.4611605279,1554.8400518943
MUS,2000,2088.15585515566,1488.22319244102
MUS,2001,1996.2770225927,1524.90976449509
MUS,2002,2165.87732424405,1746.41421347039
MUS,2003,2387.60328803406,1810.31323508883
MUS,2004,2773.95948340244,1916.6190830172
MUS,2005,3161.75359477538,2003.40022545251
MUS,2006,3638.441757512811,2111.33627899105
MUS,2007,3864.07122866721,1973.55511463149
MUS,2008,4645.045021186381,2074.13771146726
MUS,2009,3701.63179218894,1760.49887239595
MUS,2010,4385.65769733165,2014.96405976817
MUS,2011,5148.787565472821,2173.5774856601
MUS,2012,5353.68253460644,2263.96688987836
MUS,2013,5175.756343,2273.960745
MUS,2014,5392.750817,2574.4187229999998
MWI,1960,,
MWI,1961,,
MWI,1962,,
MWI,1963,,
MWI,1964,45.32,36.1
MWI,1965,60.3,40.0
MWI,1966,84.26,38.8
MWI,1967,86.57,51.7
MWI,1968,77.33,41.8
MWI,1969,81.147,52.766
MWI,1970,94.205,59.15
MWI,1971,109.042,72.075
MWI,1972,129.667,81.251
MWI,1973,143.16,99.349
MWI,1974,187.877,119.204
MWI,1975,250.012,136.833
MWI,1976,205.734,166.14
MWI,1977,234.854,204.692
MWI,1978,338.768,181.255
MWI,1979,399.22,232.739
MWI,1980,438.79,294.876
MWI,1981,347.868,277.475000501961
MWI,1982,290.832,235.227001003922
MWI,1983,312.375,229.260000752941
MWI,1984,270.566,307.570001003922
MWI,1985,281.206,227.482
MWI,1986,246.861,222.408
MWI,1987,298.0,311.374883490267
MWI,1988,459.805508554735,302.993693634192
MWI,1989,560.456769569875,275.84791943297
MWI,1990,626.6132441623271,418.651973703429
MWI,1991,617.8724965672,481.892490365527
MWI,1992,724.3319562663639,509.938255108414
MWI,1993,510.097099423093,414.82367523876
MWI,1994,587.675561547208,471.174467823358
MWI,1995,500.431,421.1776
MWI,1996,570.1337108420121,460.425646202662
MWI,1997,611.2429370225659,537.300471117261
MWI,1998,556.178824622531,477.108194554115
MWI,1999,628.4299194398039,481.291999923821
MWI,2000,555.116616609395,386.69682429983
MWI,2001,426.864666909104,431.111495137989
MWI,2002,588.030630099355,429.865338734717
MWI,2003,578.6370604706841,506.549808147635
MWI,2004,752.93654187529,477.936109101362
MWI,2005,744.6930201773949,598.2095338916939
MWI,2006,785.707375300637,564.5943669687031
MWI,2007,905.234993483363,725.7874446503249
MWI,2008,1297.20111178555,761.4304010262169
MWI,2009,1264.20821870253,901.343551258722
MWI,2010,1311.25353660968,952.403049069327
MWI,2011,1452.4835296053,1074.09344473914
MWI,2012,1769.10092841434,1071.1611699385
MWI,2013,1909.14584383246,996.501787268113
MWI,2014,1721.71512182436,1013.09608636057
MYS,1957,590.0,739.0
MYS,1958,541.0,616.0
MYS,1959,568.0,808.0
MYS,1960,703.0,956.0
MYS,1961,729.0,858.0
MYS,1962,800.0,858.0
MYS,1963,1057.0,1096.0
MYS,1964,1069.0,1117.0
MYS,1965,1119.0,1256.0
MYS,1966,1114.0,1287.0
MYS,1967,1084.05,1216.25
MYS,1968,1151.1,1345.85
MYS,1969,1168.93,1648.48
MYS,1970,1398.82,1683.81
MYS,1971,1443.72,1637.09
MYS,1972,1600.29,1716.48
MYS,1973,2508.87,3043.92
MYS,1974,4160.8,4233.85
MYS,1975,3535.97,3803.15
MYS,1976,3838.52,5295.57
MYS,1977,4553.95,6084.05
MYS,1978,5935.67,7413.31
MYS,1979,7848.11,11077.02
MYS,1980,10832.15,12960.73
MYS,1981,11590.55,11773.3
MYS,1982,12418.91,12041.92
MYS,1983,13246.18,14126.79
MYS,1984,14067.47,16562.21
MYS,1985,12310.35,15406.21
MYS,1986,10835.91,13975.87
MYS,1987,12710.23,17932.83
MYS,1988,16569.09,21096.1291223877
MYS,1989,22590.0455617326,25049.7441220049
MYS,1990,29172.8938653742,29419.7799455466
MYS,1991,36753.5657578011,34404.6863388212
MYS,1992,39934.5134642836,40707.4021550384
MYS,1993,45628.07777077,47127.0319783628
MYS,1994,59562.2033811903,58747.7735205715
MYS,1995,77633.0338674723,73722.6031525007
MYS,1996,78457.6598183743,78214.432135237
MYS,1997,79059.37790876269,78909.1508197388
MYS,1998,58337.6906743596,73470.8587050856
MYS,1999,65501.64881684211,84550.95777842101
MYS,2000,82205.15140552631,98154.12003157899
MYS,2001,73360.5038105262,88201.40814473681
MYS,2002,79514.8483673684,93388.2491844737
MYS,2003,82743.3699252631,104968.905833684
MYS,2004,104307.185872632,126510.545861158
MYS,2005,113609.330463246,140979.57986565
MYS,2006,130476.618132566,160658.606660696
MYS,2007,146982.433736181,176211.161891138
MYS,2008,156895.569727129,199514.661760068
MYS,2009,123825.639388719,157333.573773553
MYS,2010,164735.436817,198747.793132
MYS,2011,187640.197645,228289.154038
MYS,2012,196592.299446,227766.040442
MYS,2013,206117.983344,228391.943719
MYS,2014,208961.36342,234248.445747
NAM,1960,,
NAM,1961,,
NAM,1962,,
NAM,1963,,
NAM,1964,,
NAM,1965,,
NAM,1966,,0.1
NAM,1967,,
NAM,1968,,0.1
NAM,1969,,0.02
NAM,1970,,1.16090909090909
NAM,1971,,14.915
NAM,1972,,68.378
NAM,1973,,97.648
NAM,1974,,53.43936363636363
NAM,1975,,89.82790909090909
NAM,1976,,65.88027272727273
NAM,1977,,53.362
NAM,1978,,33.975
NAM,1979,,52.09790909090909
NAM,1980,,50.835
NAM,1981,,111.6902727272727
NAM,1982,,90.5268073990808
NAM,1983,,92.4505307132903
NAM,1984,,93.55581952214858
NAM,1985,,42.62637734383106
NAM,1986,,35.82685799711783
NAM,1987,,26.61854260512188
NAM,1988,,48.1788282825575
NAM,1989,,122.9344606467072
NAM,1990,,541.8395765866228
NAM,1991,,416.3847707850241
NAM,1992,,282.2571554284173
NAM,1993,,289.0026890956379
NAM,1994,,573.3524956238609
NAM,1995,,493.829174471111
NAM,1996,,418.525279240269
NAM,1997,,396.824694262969
NAM,1998,,513.716259699167
NAM,1999,,709.2684691182379
NAM,2000,,598.3146428896231
NAM,2001,,922.627547536705
NAM,2002,,806.579708685837
NAM,2003,,890.3532221965111
NAM,2004,,1480.06585251773
NAM,2005,,1655.91351608263
NAM,2006,,2363.39473428258
NAM,2007,,2089.61432166809
NAM,2008,,1820.47511489467
NAM,2009,,2034.25214194712
NAM,2010,,3289.39738157812
NAM,2011,,3244.16357203803
NAM,2012,,3288.63247543067
NAM,2013,,2851.00364840215
NAM,2014,,2882.38006326622
NER,1960,13.6,12.5
NER,1961,0.6,0.2
NER,1962,27.3,14.4
NER,1963,22.5,19.6
NER,1964,32.5,21.2
NER,1965,37.2,25.2
NER,1966,45.0,34.8
NER,1967,45.5,25.4
NER,1968,39.804,28.856
NER,1969,49.022,24.371
NER,1970,58.366,31.661
NER,1971,53.909,38.412
NER,1972,68.366,54.158
NER,1973,86.287,62.342
NER,1974,98.881,52.733
NER,1975,101.638,91.247
NER,1976,126.271,133.582
NER,1977,195.873,160.656
NER,1978,305.707,282.338
NER,1979,466.713,449.014
NER,1980,617.617,566.509
NER,1981,534.626,464.338
NER,1982,466.237,332.08
NER,1983,323.599,298.893
NER,1984,311.474555000052,279.488952386506
NER,1985,368.648655383744,209.025794362102
NER,1986,368.34197364449,316.6131413718366
NER,1987,310.734238968393,312.318072882632
NER,1988,386.760748332215,288.539580127946
NER,1989,363.0689238678961,243.5986779176163
NER,1990,388.779617060621,282.5888745219893
NER,1991,355.308561648619,277.7174097962061
NER,1992,306.344963350069,271.0133060283059
NER,1993,308.635414164939,220.858985358961
NER,1994,225.271869958322,187.887459915667
NER,1995,299.658362600093,192.7763266532368
NER,1996,289.415104373817,219.426188514446
NER,1997,294.4954937534851,192.268097857383
NER,1998,362.604214822283,206.137188228969
NER,1999,315.332586839281,178.6895486555285
NER,2000,773.805705442678,195.739668588547
NER,2001,325.027025300935,162.3952748073469
NER,2002,395.6987247931421,168.632160927483
NER,2003,494.990452794621,199.723623217329
NER,2004,587.956835102651,222.459548202057
NER,2005,832.89696896163,297.269598802964
NER,2006,997.400589935266,430.611905192324
NER,2007,1097.0641929271,384.518008988499
NER,2008,1694.43983146087,276.414382865982
NER,2009,1603.39586234772,533.3516106180809
NER,2010,1581.80319923665,214.506466526141
NER,2011,1635.42821940213,543.524931022278
NER,2012,1567.37716469239,440.324897462366
NER,2013,1788.02275369811,383.765026436335
NER,2014,1964.10054904533,456.66934419977
NGA,1960,602.7,461.8
NGA,1961,621.9,485.9
NGA,1962,567.4,471.3
NGA,1963,580.1,530.9
NGA,1964,711.0,601.1
NGA,1965,766.4,749.9
NGA,1966,717.6,781.9
NGA,1967,626.4,677.7
NGA,1968,539.7,592.1
NGA,1969,695.6,890.7
NGA,1970,1058.7,1239.3
NGA,1971,1510.0,1810.2
NGA,1972,1504.8,2179.3
NGA,1973,1861.2,3461.3
NGA,1974,2774.0,9219.2
NGA,1975,6032.0,7994.9
NGA,1976,8213.5,10770.5
NGA,1977,11020.8,11822.5
NGA,1978,12812.7,9955.7
NGA,1979,10216.2000026,17221.7
NGA,1980,16661.0,26762.0
NGA,1981,18620.8,19220.3
NGA,1982,13324.5,14155.8
NGA,1983,10393.5,10679.7
NGA,1984,5802.4,11930.4
NGA,1985,6194.93709568106,13115.8581990658
NGA,1986,3388.599315137,5151.50448412965
NGA,1987,3895.65916091371,7336.77737834673
NGA,1988,3890.06700570866,6885.796374817251
NGA,1989,3418.80927555438,8144.97775127007
NGA,1990,4317.37491330551,10273.0787342076
NGA,1991,5370.44348763265,7726.46785440559
NGA,1992,9324.13449042705,12369.7025539344
NGA,1993,7600.89298720042,11590.0706428876
NGA,1994,5421.249249314609,11318.845053455
NGA,1995,5814.0140588548,12247.8716057047
NGA,1996,6769.942472679591,16142.0373843057
NGA,1997,7010.514955378721,16524.8721907146
NGA,1998,7615.42545613486,11346.3726343021
NGA,1999,7695.17938658648,13226.8639546026
NGA,2000,5840.6543427753,27068.5096897788
NGA,2001,7957.42268769792,18044.6322690251
NGA,2002,8746.85677026499,18572.0778668248
NGA,2003,14879.1707940461,24061.5375693059
NGA,2004,20536.4140524193,33371.8925075975
NGA,2005,24526.5019154375,43516.3367103964
NGA,2006,29228.0753279808,57683.6765275305
NGA,2007,38994.16755971241,66965.9009179065
NGA,2008,54450.51400128489,86985.3075410852
NGA,2009,43436.5877274346,52692.6603075758
NGA,2010,47489.9323943413,77636.68587151871
NGA,2011,59234.8642422733,106107.574881826
NGA,2012,55838.72078029429,105906.241013341
NGA,2013,62970.5248463558,96284.00243475799
NGA,2014,66789.47657101159,93438.5350425707
NIC,1900,3.414563179016113,3.845631122589111
NIC,1901,2.234951496124268,3.376698970794678
NIC,1902,1.235922336578369,2.958252429962158
NIC,1903,2.389320373535156,3.545631170272827
NIC,1904,3.139215707778931,3.849019527435303
NIC,1905,3.373267412185669,3.506930589675903
NIC,1906,3.375247478485107,4.189108848571777
NIC,1907,3.192079305648804,3.330693006515503
NIC,1908,2.930000066757202,3.619999885559082
NIC,1909,2.557425737380981,3.949504852294922
NIC,1910,2.849999904632568,4.539999961853027
NIC,1911,5.71999979019165,6.570000171661377
NIC,1912,4.960000038146973,2.930000066757202
NIC,1913,5.712871551513672,7.635643482208252
NIC,1914,4.13432502746582,4.955049991607666
NIC,1915,3.159214973449707,4.567200183868408
NIC,1916,4.550090312957764,5.047618865966797
NIC,1917,6.095238208770752,5.714285850524902
NIC,1918,5.666666507720947,7.38095235824585
NIC,1919,7.699999809265137,12.07999992370606
NIC,1920,13.72673320770264,10.68019771575928
NIC,1921,5.309999942779541,8.069999694824219
NIC,1922,5.119999885559082,7.900000095367432
NIC,1923,7.260000228881836,11.02000045776367
NIC,1924,8.800000190734863,12.98999977111816
NIC,1925,10.36999988555908,12.35999965667725
NIC,1926,10.25,13.02000045776367
NIC,1927,10.19999980926514,9.020000457763672
NIC,1928,13.35000038146973,11.6899995803833
NIC,1929,11.78999996185303,10.86999988555908
NIC,1930,7.857692718505859,8.019230842590332
NIC,1931,6.010000228881836,6.570000171661377
NIC,1932,3.480000019073486,4.539999961853027
NIC,1933,3.809999942779541,4.860000133514404
NIC,1934,4.610000133514404,5.230000019073486
NIC,1935,5.070000171661377,5.650000095367432
NIC,1936,5.579999923706055,4.639999866485596
NIC,1937,5.619999885559082,7.03000020980835
NIC,1938,5.119999885559082,5.880000114440918
NIC,1939,6.300000190734863,4.699999809265137
NIC,1940,7.050000190734863,3.740000009536743
NIC,1941,10.4399995803833,4.610000133514404
NIC,1942,6.769999980926514,5.889999866485596
NIC,1943,13.52999973297119,7.699999809265137
NIC,1944,10.14999961853027,7.800000190734863
NIC,1945,11.96000003814697,6.849999904632568
NIC,1946,14.89999961853027,10.89999961853027
NIC,1947,21.10000038146973,13.30000019073486
NIC,1948,25.95999908447266,26.0
NIC,1949,22.44000053405762,21.89999961853027
NIC,1950,26.06999969482422,33.20000076293945
NIC,1951,31.68000030517578,45.29999923706055
NIC,1952,42.90000152587891,50.40000152587891
NIC,1953,47.08000183105469,53.5
NIC,1954,64.3499984741211,62.90000152587891
NIC,1955,69.30000305175781,79.0999984741211
NIC,1956,68.80000305175781,63.79999923706055
NIC,1957,81.19999694824219,71.30000305175781
NIC,1958,77.69999694824219,71.30000305175781
NIC,1959,66.19999694824219,72.0999984741211
NIC,1960,71.1,62.7
NIC,1961,74.4,68.3
NIC,1962,98.0,90.4
NIC,1963,110.7,106.6
NIC,1964,137.1,125.6
NIC,1965,160.2,149.0
NIC,1966,181.8,142.2
NIC,1967,203.6,151.6
NIC,1968,183.3,161.2
NIC,1969,176.888,158.747
NIC,1970,198.885,180.115
NIC,1971,210.801,187.139
NIC,1972,218.45,249.439
NIC,1973,326.863,277.884
NIC,1974,560.417,380.103
NIC,1975,516.776,375.171
NIC,1976,532.129,541.983
NIC,1977,762.013,636.76
NIC,1978,593.239,645.965
NIC,1979,360.0,566.554
NIC,1980,881.882,414.089
NIC,1981,994.222,475.912
NIC,1982,774.881,370.194
NIC,1983,806.252,428.796
NIC,1984,825.883,386.651
NIC,1985,1066.509,274.628
NIC,1986,774.499,233.561
NIC,1987,781.6009646152554,262.4456733801289
NIC,1988,805.354,220.909
NIC,1989,605.789,253.836
NIC,1990,666.727,330.579
NIC,1991,751.32,272.415
NIC,1992,893.289,223.121
NIC,1993,753.4,269.7
NIC,1994,866.5,334.6
NIC,1995,975.2,466.0
NIC,1996,1153.7,466.4
NIC,1997,1449.8,576.7
NIC,1998,1491.7,573.2
NIC,1999,1861.7,545.2
NIC,2000,1805.473762460488,642.8239644200004
NIC,2001,1775.317430949802,589.3667019099998
NIC,2002,1753.73384035,561.0302560996215
NIC,2003,1886.60471327,604.532948251953
NIC,2004,2209.6342951803,759.8478476900001
NIC,2005,2623.19140865148,866.023609125
NIC,2006,3026.38673631306,1049.92795593359
NIC,2007,3661.13717808057,1224.79226108
NIC,2008,4337.75574979512,1488.65314435
NIC,2009,3477.39128601,1390.88879629
NIC,2010,4185.15544173,1851.09014887673
NIC,2011,5197.07722645,2263.99890658827
NIC,2012,5853.95516979,2677.401152
NIC,2013,5624.07997129,2400.688666
NIC,2014,6809.886097535949,5378.37304434418
NLD,1870,206.0975646972656,162.1951293945313
NLD,1871,239.1836700439453,187.7550964355469
NLD,1872,252.8688507080078,210.6557312011719
NLD,1873,274.1900024414063,206.8800048828125
NLD,1874,269.9500122070313,204.3000030517578
NLD,1875,288.9700012207031,216.6600036621094
NLD,1876,286.7999877929688,214.2899932861328
NLD,1877,301.8800048828125,217.6499938964844
NLD,1878,325.5199890136719,226.6799926757813
NLD,1879,341.1499938964844,233.8200073242188
NLD,1880,337.5599975585938,253.1499938964844
NLD,1881,369.7000122070313,277.5299987792969
NLD,1882,398.8200073242188,302.6199951171875
NLD,1883,431.0899963378906,275.1300048828125
NLD,1884,453.6400146484375,338.1700134277344
NLD,1885,438.5400085449219,358.1900024414063
NLD,1886,420.9923706054688,362.5954284667969
NLD,1887,451.1904907226563,393.6507873535156
NLD,1888,510.8433837890625,447.7911682128906
NLD,1889,500.0,439.357421875
NLD,1890,517.9282836914062,434.262939453125
NLD,1891,540.239013671875,454.5816650390625
NLD,1892,512.7999877929688,453.6000061035156
NLD,1893,570.4453735351562,452.2267150878906
NLD,1894,589.1129150390625,449.5967712402344
NLD,1895,582.9959716796875,477.7327880859375
NLD,1896,656.6265258789062,537.3494262695312
NLD,1897,685.1405639648438,593.9758911132812
NLD,1898,718.4000244140625,606.4000244140625
NLD,1899,763.7449951171875,630.6773071289062
NLD,1900,1031.49609375,704.7244262695312
NLD,1901,815.537841796875,690.836669921875
NLD,1902,861.90478515625,725.3968505859375
NLD,1903,900.395263671875,771.146240234375
NLD,1904,968.0,794.4000244140625
NLD,1905,1040.322631835938,802.4193725585938
NLD,1906,1021.862365722656,843.7246704101562
NLD,1907,1081.12451171875,888.3533935546875
NLD,1908,1143.31982421875,882.9959716796875
NLD,1909,1264.919311523438,989.9193725585938
NLD,1910,1323.886596679688,1064.77734375
NLD,1911,1343.95166015625,1101.612915039063
NLD,1912,1456.854858398438,1255.241943359375
NLD,1913,1572.718139648438,1235.70703125
NLD,1914,,
NLD,1915,161.7265930175781,312.1396179199219
NLD,1916,186.5983734130859,363.0148315429688
NLD,1917,208.4613342285156,332.9219970703125
NLD,1918,267.2186584472656,319.90966796875
NLD,1919,1146.77001953125,572.75
NLD,1920,1159.9091796875,602.3267211914062
NLD,1921,753.7012329101562,467.6985473632813
NLD,1922,781.4906005859375,469.664306640625
NLD,1923,785.9237670898438,508.3089294433594
NLD,1924,901.7958984375,634.3140869140625
NLD,1925,1020.080322265625,726.9076538085938
NLD,1926,978.3872680664062,701.712158203125
NLD,1927,1022.699890136719,762.0116577148438
NLD,1928,1077.99365234375,792.40576171875
NLD,1929,1104.462036132813,799.2288208007812
NLD,1930,989.5413818359375,716.0096435546875
NLD,1931,760.3492431640625,527.0145263671875
NLD,1932,523.83447265625,340.9513854980469
NLD,1933,625.8404541015625,375.4220581054688
NLD,1934,700.7614135742188,479.6186218261719
NLD,1935,635.0,458.0
NLD,1936,657.6826171875,482.3811950683594
NLD,1937,853.1953735351562,633.0159301757812
NLD,1938,774.0,568.0
NLD,1939,857.7000122070312,553.0
NLD,1940,542.9816284179688,344.8092651367188
NLD,1945,,
NLD,1946,891.2999877929688,307.5
NLD,1947,1615.753540039063,714.7982177734375
NLD,1948,1865.0,1000.0
NLD,1949,1845.0,1280.0
NLD,1950,2050.0,1380.0
NLD,1951,2538.0,1930.0
NLD,1952,2238.0,2070.0
NLD,1953,2361.0,2080.0
NLD,1954,2818.0,2350.0
NLD,1955,3170.0,2630.0
NLD,1956,3679.0,2800.0
NLD,1957,4076.0,3030.0
NLD,1958,3589.0,3180.0
NLD,1959,3906.0,3570.0
NLD,1960,4507.9,4006.7
NLD,1961,5064.0,4259.7
NLD,1962,5330.7,4555.8
NLD,1963,5944.9,4934.0
NLD,1964,7034.7,5767.8
NLD,1965,7446.0,6356.3
NLD,1966,8009.8,6741.2
NLD,1967,8328.8,7278.5
NLD,1968,9290.8,8337.8
NLD,1969,10987.6,9961.5
NLD,1970,13391.8,11761.3
NLD,1971,15405.4,13972.0
NLD,1972,17523.4,16789.5
NLD,1973,24753.7,24070.6
NLD,1974,33699.7,32824.1
NLD,1975,35583.4,35037.1
NLD,1976,40533.3,40125.6
NLD,1977,46573.9,43735.6
NLD,1978,53840.0,50133.3
NLD,1979,68176.3,63695.1
NLD,1980,78038.1,73930.4
NLD,1981,67098.8,68734.3
NLD,1982,63753.1,66315.6
NLD,1983,61725.6,64704.6
NLD,1984,62308.1,65784.7
NLD,1985,65072.3,68208.6
NLD,1986,75581.1,80546.2
NLD,1987,91317.7,92687.5
NLD,1988,99373.3908045977,103027.7
NLD,1989,104048.2675706,107284.024353729
NLD,1990,123382.478114005,130696.988931796
NLD,1991,125481.926903191,133055.166161526
NLD,1992,129813.078575731,138620.560662547
NLD,1993,113275.208766707,128230.272086769
NLD,1994,130801.09016778,146130.866194909
NLD,1995,157680.758920585,177366.278929337
NLD,1996,160991.394045928,177452.335592118
NLD,1997,158254.067120944,172671.045967445
NLD,1998,158797.627195588,169112.417651309
NLD,1999,207942.280179965,220153.103013639
NLD,2000,215719.193792223,229755.770586982
NLD,2001,208690.8256,230896.3871
NLD,2002,218787.2598,243203.4168
NLD,2003,264718.5671,295963.0761
NLD,2004,319786.7892,357486.5024
NLD,2005,363227.515,406027.0862
NLD,2006,417103.1159,463863.8003
NLD,2007,493302.5994,551667.672
NLD,2008,581609.1513,638622.4864
NLD,2009,443549.1948,498488.581
NLD,2010,508949.4273,568710.1057
NLD,2011,589296.7805,655407.9846
NLD,2012,582951.2197,641335.8901
NLD,2013,585893.5807,659517.2382
NLD,2014,584533.3586,656795.9625
NOR,1905,84.55284881591797,59.07859039306641
NOR,1906,93.22492980957031,66.66666412353516
NOR,1907,98.10298156738281,62.05961990356445
NOR,1908,96.20596313476562,59.34959411621094
NOR,1909,99.1869888305664,65.8536605834961
NOR,1910,116.3222198486328,83.93766784667969
NOR,1911,127.1002731323242,80.75880432128906
NOR,1912,142.5474243164063,91.0569076538086
NOR,1913,149.6804809570313,106.4154434204102
NOR,1914,2100.0,1459.25927734375
NOR,1915,224.6318664550781,171.0618286132813
NOR,1916,386.4761962890625,279.1217041015625
NOR,1917,507.4280090332031,237.8186798095703
NOR,1918,385.5287780761719,231.9341125488281
NOR,1919,698.4500122070312,211.3699951171875
NOR,1920,500.8595581054688,206.6252288818359
NOR,1921,217.6375885009766,90.22613525390625
NOR,1922,229.2694854736328,133.9677581787109
NOR,1923,223.3928985595703,135.3864288330078
NOR,1924,214.6820220947266,144.9800720214844
NOR,1925,246.7943572998047,184.2015838623047
NOR,1926,243.8478851318359,178.7250671386719
NOR,1927,254.3783721923828,175.9800567626953
NOR,1928,272.2105102539063,178.8927307128906
NOR,1929,285.5084533691406,198.1714172363281
NOR,1930,284.9879455566406,183.0345153808594
NOR,1931,215.8101348876953,115.1902847290039
NOR,1932,124.2935333251953,108.1888275146484
NOR,1933,142.5515899658203,117.8148498535156
NOR,1934,186.6299591064453,144.2993927001953
NOR,1935,204.0,150.0
NOR,1936,231.5024261474609,168.442138671875
NOR,1937,320.4331970214844,201.3994598388672
NOR,1938,293.0,193.0
NOR,1939,369.2300109863281,218.3999938964844
NOR,1940,215.2832946777344,138.9803466796875
NOR,1945,254.9682922363281,68.9217758178711
NOR,1946,461.3699951171875,252.4199981689453
NOR,1947,802.2000122070312,382.2000122070313
NOR,1948,744.0,412.0
NOR,1949,771.0,392.0
NOR,1950,670.0,385.0
NOR,1951,864.0,612.0
NOR,1952,863.0,560.0
NOR,1953,905.0,502.0
NOR,1954,1013.0,577.0
NOR,1955,1082.0,629.0
NOR,1956,1203.0,765.0
NOR,1957,1268.0,816.0
NOR,1958,1302.0,738.0
NOR,1959,1308.0,808.0
NOR,1960,1453.8,878.6
NOR,1961,1608.5,927.2
NOR,1962,1650.2,970.5
NOR,1963,1816.0,1071.0
NOR,1964,1979.8,1286.2
NOR,1965,2203.1,1439.3
NOR,1966,2402.1,1559.9
NOR,1967,2746.0,1735.8
NOR,1968,2705.2,1936.6
NOR,1969,2942.89,2202.8
NOR,1970,3697.37,2379.57
NOR,1971,4082.76,2559.3
NOR,1972,4368.13,3274.79
NOR,1973,6235.27,4685.47
NOR,1974,8414.49,6274.18
NOR,1975,9704.8,7231.3
NOR,1976,11108.06,7917.55
NOR,1977,12873.35,8866.07
NOR,1978,11528.01,10865.95
NOR,1979,13707.07,13531.77
NOR,1980,16925.82,18559.61
NOR,1981,15636.48,18217.58
NOR,1982,15465.91,17537.42
NOR,1983,13480.8,17976.82
NOR,1984,13882.82,18938.47
NOR,1985,15558.45,20031.05
NOR,1986,20279.46,18458.85
NOR,1987,22624.94,21701.96
NOR,1988,22995.07,22411.09
NOR,1989,23267.2299174037,26951.1815818957
NOR,1990,26748.2492464262,33906.616486136
NOR,1991,24696.7006264376,33425.671153664
NOR,1992,25872.151687566,35116.310276094
NOR,1993,22684.4509820342,30796.1990783222
NOR,1994,27040.7678856373,34321.8590397251
NOR,1995,32524.5961311376,41067.0520528882
NOR,1996,33936.1358950836,48662.4278027884
NOR,1997,35393.1589484125,47669.1775208083
NOR,1998,35623.1325907072,39536.4139074319
NOR,1999,33327.6632224135,44695.5601792966
NOR,2000,31643.9010775207,57592.0290545255
NOR,2001,31952.8836932123,57620.9937457925
NOR,2002,34155.91222661,60523.7349106469
NOR,2003,40052.2402922651,68316.4560724036
NOR,2004,48440.7088928059,82370.3115565536
NOR,2005,55481.2437254806,103751.719421508
NOR,2006,64273.6589922697,122115.281170028
NOR,2007,80281.18506668719,136377.052034478
NOR,2008,90293.2157187017,171764.335178945
NOR,2009,68287.3818836167,116777.947943281
NOR,2010,77325.53479148289,130669.162197422
NOR,2011,90787.6497106084,160305.328278896
NOR,2012,87316.3482361845,161025.706934939
NOR,2013,90063.32159021801,153253.557930547
NOR,2014,89184.2841708083,142844.914502397
NPL,1920,16.8799991607666,9.420000076293945
NPL,1921,29.05999946594238,13.72999954223633
NPL,1922,28.79999923706055,12.14000034332275
NPL,1923,17.01000022888184,9.09000015258789
NPL,1924,,
NPL,1925,,
NPL,1926,,
NPL,1927,,
NPL,1928,,
NPL,1929,,
NPL,1930,,
NPL,1931,,
NPL,1932,,
NPL,1933,,
NPL,1934,,
NPL,1935,,
NPL,1936,,
NPL,1937,,
NPL,1938,,
NPL,1939,,
NPL,1940,,
NPL,1941,,
NPL,1942,,
NPL,1943,,
NPL,1944,,
NPL,1945,,
NPL,1946,,
NPL,1947,,
NPL,1948,,
NPL,1949,,
NPL,1950,,
NPL,1951,,
NPL,1952,,
NPL,1953,,
NPL,1954,,
NPL,1955,,
NPL,1956,,
NPL,1957,,
NPL,1958,,
NPL,1959,,
NPL,1960,,
NPL,1961,,
NPL,1962,,
NPL,1963,,
NPL,1964,,7.7
NPL,1965,,24.7
NPL,1966,,16.6
NPL,1967,,29.8
NPL,1968,,29.35
NPL,1969,,31.00181818181818
NPL,1970,,24.793
NPL,1971,,18.887
NPL,1972,,29.766
NPL,1973,,29.295
NPL,1974,,33.665
NPL,1975,,36.91
NPL,1976,,52.7284545454545
NPL,1977,,57.83
NPL,1978,,48.709
NPL,1979,,69.3
NPL,1980,,62.595
NPL,1981,213.992129136284,83.2672727272728
NPL,1982,225.362272762256,71.0350064837708
NPL,1983,240.209711081509,76.76034601483309
NPL,1984,266.638168241678,83.25743195199419
NPL,1985,295.17053592276,134.80986986556
NPL,1986,313.976658401895,134.291710702589
NPL,1987,466.43507930285,147.644957332226
NPL,1988,534.26926450557,226.592881233008
NPL,1989,429.221322328236,183.389507451618
NPL,1990,586.63027164296,211.312846350093
NPL,1991,500.139869680786,257.302378494379
NPL,1992,476.903951887903,352.893970990193
NPL,1993,542.462854232178,367.642933930279
NPL,1994,634.050205222769,351.371409258325
NPL,1995,767.3514717497769,323.536145745477
NPL,1996,1348.3,360.1
NPL,1997,1640.4,396.9
NPL,1998,1433.5,443.6
NPL,1999,1199.61436583649,575.626098610844
NPL,2000,1570.3,720.7
NPL,2001,1566.09204032236,753.5
NPL,2002,1395.6,610.3
NPL,2003,1594.8,641.2
NPL,2004,1842.3,729.5
NPL,2005,2070.0,812.6
NPL,2006,2397.69288925609,829.588282314713
NPL,2007,3087.7,876.96
NPL,2008,3557.08,893.08
NPL,2009,2709.28278316479,672.127704431228
NPL,2010,3669.06812628027,779.292419536847
NPL,2011,5108.886883796819,828.739142482621
NPL,2012,6430.34576988196,871.244865785116
NPL,2013,7211.432266796251,812.799706466101
NPL,2014,8486.41755299832,919.639598484985
NRU,1960,,8.98
NRU,1961,,11.24
NRU,1962,,9.38
NRU,1963,,14.36
NRU,1964,,15.14
NRU,1965,,14.19
NRU,1966,,22.77
NRU,1967,,22.09
NRU,1968,,28.11
NRU,1969,,29.57
NRU,1970,,36.88
NRU,1971,,29.861
NRU,1972,,22.74
NRU,1973,,42.45
NRU,1974,,70.33
NRU,1975,,90.013
NRU,1976,,51.21
NRU,1977,,54.88
NRU,1978,,97.94
NRU,1979,,102.27
NRU,1980,,137.63
NRU,1981,,112.11
NRU,1982,,93.429
NRU,1983,,146.93
NRU,1984,,80.93007725898559
NRU,1985,,78.023
NRU,1986,,86.72
NRU,1987,,72.55655348992809
NRU,1988,,89.71001318668009
NRU,1989,,95.4672442341509
NRU,1990,,66.0389851019806
NRU,1991,,36.4582721308402
NRU,1992,,57.8728306531829
NRU,1993,,46.5619411032237
NRU,1994,,35.0076010473949
NRU,1995,,38.3799939553004
NRU,1996,,44.5202253613516
NRU,1997,,31.8911321806343
NRU,1998,,25.297778304005
NRU,1999,,41.1463397546691
NRU,2000,,35.4619527069076
NRU,2001,,17.7144583724931
NRU,2002,,14.7018947123907
NRU,2003,,32.2155912808699
NRU,2004,,32.7549656397836
NRU,2005,,23.4172487362214
NRU,2006,,27.2081792528345
NRU,2007,,47.8049244805051
NRU,2008,,159.073611387884
NRU,2009,,60.2627145537761
NRU,2010,,95.62439843331211
NRU,2011,,122.030126354563
NRU,2012,,150.781464722439
NRU,2013,,124.638401318164
NRU,2014,,84.431565793125
NZL,1920,279.9818115234375,211.1000061035156
NZL,1921,162.4272003173828,165.7369995117188
NZL,1922,152.7642517089844,182.9126586914063
NZL,1923,198.0347137451172,207.2048492431641
NZL,1924,214.4015655517578,229.3921813964844
NZL,1925,253.343505859375,265.9140014648438
NZL,1926,241.6828308105469,215.1283874511719
NZL,1927,217.1482849121094,230.6476287841797
NZL,1928,217.2871246337891,274.2496337890625
NZL,1929,235.5557861328125,261.8596801757813
NZL,1930,201.6972961425781,210.6744232177734
NZL,1931,110.7033462524414,143.3779296875
NZL,1932,78.65770721435547,111.6259002685547
NZL,1933,87.40771484375,138.0735015869141
NZL,1934,125.9962005615234,188.033447265625
NZL,1935,143.0,177.0
NZL,1936,176.8545379638672,224.8253173828125
NZL,1937,223.0265655517578,262.9252014160156
NZL,1938,218.0,224.0
NZL,1939,193.8000030517578,222.3999938964844
NZL,1940,158.0645141601563,231.6128997802734
NZL,1941,158.7096710205078,211.6128997802734
NZL,1942,173.8709716796875,256.7742004394531
NZL,1943,307.0967712402344,226.7742004394531
NZL,1944,278.7096862792969,246.4516143798828
NZL,1945,177.7419281005859,259.3548278808594
NZL,1946,229.6000061035156,325.3999938964844
NZL,1947,412.5,417.5
NZL,1948,474.1000061035156,491.7999877929688
NZL,1949,472.7999877929688,552.7000122070312
NZL,1950,478.2999877929688,510.7000122070313
NZL,1951,619.0,690.4000244140625
NZL,1952,697.9000244140625,670.0999755859375
NZL,1953,491.5,654.7999877929688
NZL,1954,640.5999755859375,675.5
NZL,1955,753.7000122070312,721.7999877929688
NZL,1956,709.2000122070312,773.0
NZL,1957,792.2000122070312,770.0999755859375
NZL,1958,770.7999877929688,698.2999877929688
NZL,1959,622.7999877929688,819.4000244140625
NZL,1960,764.17,844.9
NZL,1961,876.37,791.5
NZL,1962,737.11,785.9
NZL,1963,896.28,904.8
NZL,1964,955.9,1067.4
NZL,1965,1052.04,995.5
NZL,1966,1106.71,1076.5
NZL,1967,968.33,983.6
NZL,1968,915.97,997.3
NZL,1969,1006.63,1196.28
NZL,1970,1245.66,1211.23
NZL,1971,1347.4,1342.11
NZL,1972,1524.13,1788.41
NZL,1973,2181.14,2592.61
NZL,1974,3652.06,2433.34
NZL,1975,3148.57,2155.87
NZL,1976,3254.69,2797.95
NZL,1977,3360.87,3194.7
NZL,1978,3489.18,3738.87
NZL,1979,4553.01,4698.59
NZL,1980,5475.24,5415.42
NZL,1981,5744.29,5622.15
NZL,1982,5806.19,5661.17
NZL,1983,5358.19,5419.39
NZL,1984,6166.8,5395.95
NZL,1985,5962.65,5735.65
NZL,1986,6003.77,5942.2
NZL,1987,7273.21,7235.9
NZL,1988,7383.49,8857.75
NZL,1989,8813.361129696621,8872.746231942061
NZL,1990,9566.21426271789,9454.36908708167
NZL,1991,8393.50165785544,9613.18362965097
NZL,1992,9201.345,9378.01400044523
NZL,1993,9656.901879574829,10489.6025254236
NZL,1994,11935.2896490733,11986.5045174056
NZL,1995,13794.9335637131,13687.3319208322
NZL,1996,14762.1405079415,14372.3505600361
NZL,1997,14551.4301556976,14015.7150218875
NZL,1998,12571.3342479036,11489.1702340852
NZL,1999,14372.9574799551,12258.9048206108
NZL,2000,13952.453629133,12742.0093289439
NZL,2001,13367.3498457693,13477.9408294625
NZL,2002,15097.7577792617,14186.62852132
NZL,2003,18476.030670432,16326.6307534302
NZL,2004,23094.0416223865,20342.2923414811
NZL,2005,26133.1449314178,21765.810547962
NZL,2006,26362.9162873933,22441.2862078204
NZL,2007,30780.8536290733,26997.598998317
NZL,2008,34202.0585164609,30537.3062561372
NZL,2009,25640.5365013973,24912.7515315579
NZL,2010,30681.8778977771,31341.3677103153
NZL,2011,36721.7019458356,37499.7399145481
NZL,2012,38383.9113286399,37249.3868024134
NZL,2013,39654.7336698102,39581.2138687908
NZL,2014,42303.732721657,41822.9915912674
OMN,1960,,3.1
OMN,1961,,4.5
OMN,1962,,3.4
OMN,1963,,3.2
OMN,1964,,45.5
OMN,1965,,99.3
OMN,1966,,132.0
OMN,1967,,237.29
OMN,1968,,437.69
OMN,1969,,417.52
OMN,1970,18.23,197.56
OMN,1971,33.19,211.45
OMN,1972,48.75,231.1
OMN,1973,116.67,329.93
OMN,1974,392.53,1137.72
OMN,1975,669.82,1444.93
OMN,1976,667.32,1554.2
OMN,1977,874.57,1574.8
OMN,1978,947.34,1512.43
OMN,1979,1246.45,2165.57
OMN,1980,1731.96,3294.08
OMN,1981,2288.21,4406.8
OMN,1982,2682.51,4094.0
OMN,1983,2492.3,4222.48469027129
OMN,1984,2748.16,3925.763237457178
OMN,1985,3152.72217026882,4704.529198846532
OMN,1986,2560.79228783954,2923.49703290928
OMN,1987,1958.76587256177,3222.76202860858
OMN,1988,2201.49271521456,4030.57217165149
OMN,1989,2257.51154746424,4362.902470741221
OMN,1990,2726.41872561769,4583.86475942783
OMN,1991,3193.97443953186,4923.627240797069
OMN,1992,3770.18264499351,5455.69594798439
OMN,1993,4115.553223118031,5304.88920224245
OMN,1994,3915.01008211977,5418.96776357565
OMN,1995,4253.43974226475,5964.74163259562
OMN,1996,4605.18044378876,7225.29726170153
OMN,1997,5021.04644092639,7488.4269916964
OMN,1998,5681.5167651594,5375.325910112661
OMN,1999,4674.33375186518,7094.30765120391
OMN,2000,5039.4395006502,10666.8486943289
OMN,2001,5797.92794538361,11000.0397451235
OMN,2002,6005.403760728211,11072.1357711313
OMN,2003,6572.19805461637,11509.1791105331
OMN,2004,8612.970028608579,13381.0505851756
OMN,2005,8823.501537061109,18691.8165461639
OMN,2006,10893.4293159948,21585.114496749
OMN,2007,15971.2163953186,24691.6533055917
OMN,2008,22924.7061352406,37719.08090247071
OMN,2009,17854.3150429129,27652.7473836151
OMN,2010,19773.8793342002,36595.53747464241
OMN,2011,23618.7225539662,47091.5506189857
OMN,2012,28117.1681768531,52138.1586579973
OMN,2013,34332.9820026008,56428.9282548765
OMN,2014,37458.310436074,53927.4890222532
PAK,1947,90.5999984741211,293.6000061035156
PAK,1948,397.6000061035156,616.2000122070312
PAK,1949,403.6000061035156,301.2999877929688
PAK,1950,384.0,493.5
PAK,1951,524.0999755859375,761.2000122070312
PAK,1952,600.5,530.5999755859375
PAK,1953,342.6000061035156,435.6000061035156
PAK,1954,319.2000122070313,358.2000122070313
PAK,1955,279.8999938964844,395.6000061035156
PAK,1956,409.8999938964844,339.6000061035156
PAK,1957,435.1000061035156,335.8999938964844
PAK,1958,393.0,296.8999938964844
PAK,1959,347.7000122070313,318.1000061035156
PAK,1960,643.7,391.8
PAK,1961,633.8,393.9
PAK,1962,728.1,418.5
PAK,1963,880.4,459.5
PAK,1964,983.8,488.9
PAK,1965,1035.0,523.7
PAK,1966,899.2,596.0
PAK,1967,1098.0,597.1
PAK,1968,1048.5,733.2
PAK,1969,1007.27,673.34
PAK,1970,1101.94,723.72
PAK,1971,915.96,665.06
PAK,1972,666.43,679.18
PAK,1973,973.61,951.7
PAK,1974,1739.91,1115.59
PAK,1975,2129.29,1051.13
PAK,1976,2132.65,1160.57
PAK,1977,2451.88,1173.58
PAK,1978,3285.27,1490.31
PAK,1979,4060.73,2055.78
PAK,1980,5349.54,2619.55
PAK,1981,5631.6,2882.59
PAK,1982,5449.98,2401.63
PAK,1983,5326.06,3074.84
PAK,1984,5853.8,2558.73
PAK,1985,5888.53,2738.44
PAK,1986,5367.24,3383.14
PAK,1987,5818.74,4168.54
PAK,1988,6588.44,4509.33
PAK,1989,7107.04263187257,4660.13503802882
PAK,1990,7383.01233821259,5587.318552466199
PAK,1991,8431.48625578935,6494.54061878164
PAK,1992,9375.04258899766,7268.66347471972
PAK,1993,9492.426589230789,6700.50179315132
PAK,1994,8884.515840677112,7331.69337989956
PAK,1995,11460.5496577948,7991.215708664469
PAK,1996,12149.8815832416,9300.220594751088
PAK,1997,11611.8884163331,8639.69871608403
PAK,1998,9308.16465610072,8439.31128645316
PAK,1999,10297.6543271671,8443.74289179584
PAK,2000,10721.9454922025,8876.48791274927
PAK,2001,10165.5201452423,9211.428506009292
PAK,2002,11238.1299413158,9880.564380616948
PAK,2003,13048.5363340752,11929.0210405131
PAK,2004,17757.4847394761,13287.4708209428
PAK,2005,25410.5661386601,16049.9025351731
PAK,2006,34195.8650378303,16512.1636755126
PAK,2007,39901.2034618057,18849.7995541358
PAK,2008,46426.8780350345,21716.8064737891
PAK,2009,31647.6250951734,17523.1540393997
PAK,2010,43570.4132047983,21279.1692827931
PAK,2011,51002.9850338446,25642.0181980639
PAK,2012,52248.3245321324,25480.2776954347
PAK,2013,54579.6773324069,26484.6954929396
PAK,2014,58945.172661709,27052.101674008
PAN,1903,,
PAN,1904,,
PAN,1905,,
PAN,1906,,
PAN,1907,,
PAN,1908,,
PAN,1909,,
PAN,1910,,
PAN,1911,,
PAN,1912,,
PAN,1913,,
PAN,1914,,
PAN,1915,,
PAN,1916,,
PAN,1917,,
PAN,1918,,
PAN,1919,,
PAN,1920,17.55999946594238,3.549999952316284
PAN,1921,11.52999973297119,2.529999971389771
PAN,1922,10.26000022888184,2.480000019073486
PAN,1923,12.67000007629395,2.390000104904175
PAN,1924,13.77999973297119,3.0
PAN,1925,16.10000038146973,3.700000047683716
PAN,1926,15.73999977111816,3.529999971389771
PAN,1927,14.71000003814697,3.910000085830689
PAN,1928,16.18000030517578,4.110000133514404
PAN,1929,19.27000045776367,4.139999866485596
PAN,1930,18.32999992370606,3.299999952316284
PAN,1931,13.48999977111816,2.599999904632568
PAN,1932,8.850000381469727,2.0
PAN,1933,9.289999961853027,2.549999952316284
PAN,1934,13.4399995803833,3.400000095367432
PAN,1935,15.9399995803833,3.990000009536743
PAN,1936,18.98999977111816,4.150000095367432
PAN,1937,21.81999969482422,4.070000171661377
PAN,1938,17.64999961853027,3.740000009536743
PAN,1939,20.5,3.200000047683716
PAN,1940,22.72999954223633,3.980000019073486
PAN,1941,32.77000045776367,4.230000019073486
PAN,1942,37.90000152587891,2.230000019073486
PAN,1943,40.2599983215332,1.929999947547913
PAN,1944,38.2400016784668,2.930000066757202
PAN,1945,45.72999954223633,4.5
PAN,1946,56.29999923706055,7.5
PAN,1947,75.5,8.600000381469727
PAN,1948,68.9000015258789,14.19999980926514
PAN,1949,66.5,10.19999980926514
PAN,1950,71.69999694824219,10.19999980926514
PAN,1951,70.19999694824219,11.10000038146973
PAN,1952,79.4000015258789,15.19999980926514
PAN,1953,76.80000305175781,17.20000076293945
PAN,1954,79.30000305175781,18.20000076293945
PAN,1955,83.0,21.5
PAN,1956,91.9000015258789,19.29999923706055
PAN,1957,108.5,24.39999961853027
PAN,1958,92.0,22.5
PAN,1959,96.5,23.0
PAN,1960,108.35,19.4
PAN,1961,123.42,21.5
PAN,1962,149.6,34.7
PAN,1963,175.34,41.1
PAN,1964,183.48,56.3
PAN,1965,206.14,63.1
PAN,1966,234.3,73.1
PAN,1967,248.05,77.5
PAN,1968,262.46,87.1
PAN,1969,303.15,104.245
PAN,1970,355.305,102.893
PAN,1971,394.053,110.963
PAN,1972,438.963,119.036
PAN,1973,500.346,130.817
PAN,1974,792.165,167.01
PAN,1975,862.33,251.116
PAN,1976,846.282,209.998
PAN,1977,858.493,218.111
PAN,1978,938.636,228.978
PAN,1979,1179.63,257.148
PAN,1980,1448.44,350.208
PAN,1981,1539.913,316.584
PAN,1982,1569.26,308.064
PAN,1983,1411.903,299.329
PAN,1984,1423.02,251.498
PAN,1985,1391.375,300.63
PAN,1986,1284.646,331.72
PAN,1987,1306.188,336.612
PAN,1988,795.5,286.864
PAN,1989,964.764756,296.886566
PAN,1990,1509.710374,321.388518
PAN,1991,1694.96889,341.768669
PAN,1992,2023.594315,474.220704
PAN,1993,2187.376238,507.658303
PAN,1994,2404.00562,532.474798
PAN,1995,2530.08212,2061.74892354156
PAN,1996,2387.319349,3027.71454285781
PAN,1997,3006.365541,650.98636
PAN,1998,3398.342481,705.4578189999999
PAN,1999,3492.53015,709.812991
PAN,2000,3405.453575,778.902788
PAN,2001,3339.352579,827.237671
PAN,2002,3035.73749,760.301404
PAN,2003,2731.689839,795.122479
PAN,2004,3592.208849,891.505629
PAN,2005,4138.997306,968.509085
PAN,2006,4679.752218,1001.880573
PAN,2007,6756.032133,1100.242464
PAN,2008,8923.354913,1146.588009
PAN,2009,7660.096698,806.101636
PAN,2010,8964.00285,710.796989
PAN,2011,11135.035169,770.991079
PAN,2012,12383.544551,805.618831
PAN,2013,12785.791497,827.73544
PAN,2014,13592.488305,810.720342
PER,1870,12.5,21.875
PER,1871,12.63157939910889,22.10526275634766
PER,1872,12.5,18.26922988891602
PER,1873,14.15094375610352,19.81132125854492
PER,1874,12.84403705596924,18.34862327575684
PER,1875,14.67889881134033,17.43119239807129
PER,1876,18.18181800842285,19.09090995788574
PER,1877,23.30097007751465,31.06796073913574
PER,1878,22.33009719848633,24.2718448638916
PER,1879,22.33009719848633,24.2718448638916
PER,1880,21.17000007629395,27.89999961853027
PER,1881,,
PER,1882,,
PER,1883,5.096153736114502,1.923076868057251
PER,1884,7.961164951324463,1.941747546195984
PER,1885,6.612903118133545,1.935483813285828
PER,1886,8.04878044128418,1.95121955871582
PER,1887,8.943089485168457,8.130081176757812
PER,1888,7.741935253143311,8.870967864990234
PER,1889,8.130081176757812,8.943089485168457
PER,1890,9.677419662475586,9.677419662475586
PER,1891,12.0,9.600000381469727
PER,1892,12.09677410125732,14.51612949371338
PER,1893,5.913978576660156,9.139784812927246
PER,1894,6.451612949371338,6.451612949371338
PER,1895,5.945945739746094,8.108108520507812
PER,1896,8.333333015441895,11.57407379150391
PER,1897,7.766990184783936,13.5922327041626
PER,1898,9.178744316101074,14.49275398254395
PER,1899,10.14492797851563,15.94202899932861
PER,1900,11.20772933959961,21.7391300201416
PER,1901,13.04347801208496,20.77294731140137
PER,1902,16.50485420227051,17.96116447448731
PER,1903,18.35748863220215,18.84057998657227
PER,1904,21.46341514587402,20.0
PER,1905,21.32610893249512,28.33300399780273
PER,1906,24.63054275512695,28.5714282989502
PER,1907,27.22772216796875,28.21782112121582
PER,1908,26.3681583404541,27.36318397521973
PER,1909,21.18226623535156,32.01970291137695
PER,1910,23.15500068664551,32.04000091552734
PER,1911,25.61576271057129,36.45320129394531
PER,1912,24.63054275512695,45.81280899047852
PER,1913,30.14356422424316,45.23762512207031
PER,1914,24.14999961853027,43.84999847412109
PER,1915,15.5,70.5
PER,1916,41.33333206176758,78.57142639160156
PER,1917,64.28571319580078,88.57142639160156
PER,1918,46.23809432983398,95.23809814453125
PER,1919,59.43000030517578,130.9900054931641
PER,1920,87.4190444946289,168.1142883300781
PER,1921,70.1680679321289,69.32772827148438
PER,1922,37.72241973876953,66.19216918945312
PER,1923,58.15899658203125,99.58158874511719
PER,1924,71.19999694824219,98.80000305175781
PER,1925,74.59016418457031,87.70491790771484
PER,1926,75.48638153076172,92.2178955078125
PER,1927,70.28985595703125,112.3188400268555
PER,1928,68.75,122.65625
PER,1929,76.0,133.6000061035156
PER,1930,53.30799865722656,96.4520034790039
PER,1931,40.79999923706055,70.0
PER,1932,21.28851509094238,47.33893585205078
PER,1933,18.64111518859863,42.68292617797852
PER,1934,39.40092086791992,69.12442016601562
PER,1935,44.0,75.0
PER,1936,50.25125503540039,83.41708374023438
PER,1937,59.34343338012695,92.17171478271484
PER,1938,59.0,76.0
PER,1939,58.5,85.19999694824219
PER,1940,51.7017822265625,64.50566864013672
PER,1941,55.24691390991211,74.69136047363281
PER,1942,51.23077011108398,75.23076629638672
PER,1943,69.07691955566406,70.61538696289062
PER,1944,79.07691955566406,84.15384674072266
PER,1945,84.61538696289062,103.538459777832
PER,1946,97.5,151.6999969482422
PER,1947,132.8000030517578,149.1000061035156
PER,1948,166.1999969482422,160.6000061035156
PER,1949,165.1000061035156,155.3000030517578
PER,1950,184.8000030517578,191.6000061035156
PER,1951,277.0,249.3000030517578
PER,1952,285.2999877929688,237.3999938964844
PER,1953,290.1000061035156,220.5
PER,1954,248.3000030517578,247.3000030517578
PER,1955,299.8999938964844,270.8999938964844
PER,1956,360.6000061035156,311.2000122070313
PER,1957,398.6000061035156,329.6000061035156
PER,1958,333.7999877929688,276.3999938964844
PER,1959,293.8999938964844,297.2000122070313
PER,1960,373.0,408.8
PER,1961,468.6,476.3
PER,1962,536.7,525.8
PER,1963,556.9,537.4
PER,1964,578.8,667.2
PER,1965,728.9,667.6
PER,1966,817.2,765.5
PER,1967,813.4,774.0
PER,1968,630.1,863.6
PER,1969,601.77,864.84
PER,1970,618.88,1047.84
PER,1971,752.66,893.85
PER,1972,797.6,945.76
PER,1973,1025.72,1051.49
PER,1974,1531.59,1520.87
PER,1975,2416.43,1331.89
PER,1976,1921.81,1341.8
PER,1977,1758.13,1732.28
PER,1978,1420.01,1976.71
PER,1979,1852.23,3675.34
PER,1980,2871.64,3914.74
PER,1981,3777.39,3246.9
PER,1982,3301.44,2919.1
PER,1983,2238.48,2577.38
PER,1984,1641.6,3086.41
PER,1985,1566.22,2980.56
PER,1986,1914.96,2504.5
PER,1987,3374.77,2604.98
PER,1988,2320.04,2688.79
PER,1989,2520.1,3488.229
PER,1990,3171.894,3276.215
PER,1991,2723.5021,3329.15000025098
PER,1992,4118.4198,3484.403
PER,1993,4409.3456,3464.606
PER,1994,6121.2206,4506.901
PER,1995,8293.2267,5512.831
PER,1996,8385.2054,5853.822
PER,1997,9011.3969,6706.869
PER,1998,8758.662,5699.984
PER,1999,7323.2302,6019.424
PER,2000,8039.5026294,6871.801289000009
PER,2001,7919.283980300001,6943.983811
PER,2002,8153.6289164,7648.236833
PER,2003,9046.93775623575,8859.546034
PER,2004,10733.0453023206,12468.8011999997
PER,2005,13205.9122217,17291.17199184
PER,2006,16254.2156847117,23743.7273018986
PER,2007,21474.6807177927,27588.261375
PER,2008,31190.1107419925,31207.618625
PER,2009,24050.4776545,26535.364536
PER,2010,33139.0464537,34909.438313
PER,2011,41811.2231009,45859.89737
PER,2012,46800.5403624,45498.163829
PER,2013,48036.8632051,41918.932472
PER,2014,46580.6448613,38105.519122
PHL,1946,295.8999938964844,64.4000015258789
PHL,1947,511.2999877929688,264.6000061035156
PHL,1948,643.7999877929688,317.0
PHL,1949,624.2999877929688,252.8000030517578
PHL,1950,366.3999938964844,335.1000061035156
PHL,1951,523.2999877929688,407.5
PHL,1952,462.8999938964844,353.3999938964844
PHL,1953,511.6000061035156,402.6000061035156
PHL,1954,522.0,404.1000061035156
PHL,1955,588.7999877929688,400.2999877929688
PHL,1956,541.2000122070312,450.2000122070313
PHL,1957,658.9000244140625,432.5
PHL,1958,626.9000244140625,488.0
PHL,1959,569.7000122070312,528.4000244140625
PHL,1960,654.4,537.0
PHL,1961,675.9,487.5
PHL,1962,646.7,553.2
PHL,1963,676.4,725.7
PHL,1964,857.5,735.5
PHL,1965,879.8,763.1
PHL,1966,956.6,838.1
PHL,1967,1170.6,809.1
PHL,1968,1277.8,845.5
PHL,1969,1258.65,823.9
PHL,1970,1204.6,1040.5
PHL,1971,1327.9,1117.8
PHL,1972,1363.7,1067.8
PHL,1973,1789.7,1886.5
PHL,1974,3443.5,2672.0
PHL,1975,3702.8,2273.5
PHL,1976,3951.94,2575.0
PHL,1977,4269.72,3151.74
PHL,1978,5143.23,3424.99
PHL,1979,6612.84,4600.91
PHL,1980,8294.85,5787.01
PHL,1981,8477.29,5720.72
PHL,1982,8262.46,5019.82
PHL,1983,7863.02,4935.27
PHL,1984,6262.14,5342.56
PHL,1985,5351.43,4614.32
PHL,1986,5211.81,4807.7
PHL,1987,6936.82,5696.41
PHL,1988,8661.76,7043.8
PHL,1989,11171.043,7754.300918
PHL,1990,12993.7988981,8195.254548
PHL,1991,12945.711173,8845.457048
PHL,1992,14568.652278,9834.541768
PHL,1993,17642.444,11267.626
PHL,1994,22544.341,13441.362
PHL,1995,28296.841,17379.076
PHL,1996,31867.0,20562.0
PHL,1997,39141.487216,25238.282
PHL,1998,29531.237715,29504.734898
PHL,1999,30752.986382,35486.620271
PHL,2000,34490.872598,38216.219599
PHL,2001,33057.160435,32150.199954
PHL,2002,35426.066482,35208.128364
PHL,2003,37505.122087,36231.090385
PHL,2004,44039.211411,39680.271894
PHL,2005,47414.748079,41221.235073
PHL,2006,51532.59447,46985.501924
PHL,2007,55513.743244,50465.71549
PHL,2008,60419.669159,49077.540509
PHL,2009,45877.7166649,39226.611977
PHL,2010,60192.9496267,51431.644338
PHL,2011,66158.7072795,48042.189728
PHL,2012,67885.8914712,51991.765871
PHL,2013,68014.2440285,53977.703807
PHL,2014,70976.0375258,61796.188932
PLW,1994,,
PLW,1995,,
PLW,1996,,
PLW,1997,,
PLW,1998,,
PLW,1999,,
PLW,2000,,
PLW,2001,,
PLW,2002,,
PLW,2003,,
PLW,2004,,
PLW,2005,,
PLW,2006,,
PNG,1960,,33.43
PNG,1961,,31.53
PNG,1962,,33.36
PNG,1963,,41.07
PNG,1964,78.4,43.4
PNG,1965,98.9,53.3
PNG,1966,127.1,54.6
PNG,1967,156.9,59.4
PNG,1968,179.1,78.6
PNG,1969,220.016,100.625
PNG,1970,302.043,105.088
PNG,1971,343.23,119.736
PNG,1972,320.706,218.353
PNG,1973,336.522,516.522
PNG,1974,475.452,700.028
PNG,1975,531.278,475.231
PNG,1976,473.0,593.989
PNG,1977,694.7899780273438,723.375
PNG,1978,826.2899780273438,715.046
PNG,1979,939.0800170898438,883.275
PNG,1980,1015.883,1133.187
PNG,1981,1101.981,839.278
PNG,1982,1119.663,773.035
PNG,1983,1071.988,822.219
PNG,1984,929.434,893.815
PNG,1985,867.051,917.624
PNG,1986,928.745,1047.492
PNG,1987,1197.87651390137,1186.08716605768
PNG,1988,1437.89078516007,1443.12057305762
PNG,1989,1613.97290979538,1434.2030571817
PNG,1990,1315.30858243296,1265.51538592867
PNG,1991,1485.98376591866,1407.33598121205
PNG,1992,1445.81255512746,1699.48
PNG,1993,1453.19335286877,2624.781
PNG,1994,1549.97742856824,3015.866547248
PNG,1995,1450.97488929409,3131.57602153557
PNG,1996,1882.30765744213,3111.04767113817
PNG,1997,1936.51459575888,2722.24546509723
PNG,1998,1344.57039131473,2359.24586813076
PNG,1999,1261.24171129732,2791.16235172841
PNG,2000,1228.39317467023,2813.69159157446
PNG,2001,1118.39018572558,2625.64615714388
PNG,2002,1193.85627245978,2667.73083091219
PNG,2003,1349.49516592645,3658.28625267837
PNG,2004,1606.07915108997,4291.38537384853
PNG,2005,2018.00247355029,5236.18885913132
PNG,2006,2362.0852255866,6532.27083183034
PNG,2007,2959.74608236502,7515.51914538717
PNG,2008,3495.60831466952,9093.59824332855
PNG,2009,3863.42749440619,7895.16364459627
PNG,2010,5052.905249561321,9911.19749489053
PNG,2011,7119.18979081864,12051.778008386
PNG,2012,8933.581418826481,11822.9180566155
PNG,2013,6942.09751179729,11071.286116185
PNG,2014,6214.432398709369,14179.4528666548
POL,1918,,
POL,1919,,
POL,1920,150.0,120.0
POL,1921,160.0,125.0
POL,1922,163.1499938964844,126.4400024414063
POL,1923,215.4799957275391,230.7400054931641
POL,1924,285.3699951171875,244.3099975585938
POL,1925,309.4400024414063,245.5099945068359
POL,1926,172.9700012207031,252.0599975585938
POL,1927,324.4700012207031,282.1499938964844
POL,1928,377.2300109863281,281.3900146484375
POL,1929,349.0499877929688,315.6499938964844
POL,1930,251.7937164306641,272.7578430175781
POL,1931,164.7982025146484,210.7623291015625
POL,1932,96.63262176513672,121.0762329101563
POL,1933,92.71233367919922,107.5832977294922
POL,1934,140.3796081542969,171.4133605957031
POL,1935,163.0,175.0
POL,1936,189.0359191894531,194.7070007324219
POL,1937,236.742431640625,227.2727203369141
POL,1938,247.0,220.0
POL,1939,101.3000030517578,107.0999984741211
POL,1945,,
POL,1946,145.8000030517578,126.5999984741211
POL,1947,320.1000061035156,246.1999969482422
POL,1948,516.4000244140625,531.2999877929688
POL,1949,632.5,618.7999877929688
POL,1950,668.2000122070312,634.2000122070312
POL,1951,924.2000122070312,761.7000122070312
POL,1952,863.0,775.4000244140625
POL,1953,774.2000122070312,831.0
POL,1954,903.5,868.7999877929688
POL,1955,931.7999877929688,919.7000122070312
POL,1956,1021.799987792969,984.7000122070312
POL,1957,1251.5,975.0
POL,1958,1226.800048828125,1059.5
POL,1959,1495.0,1325.5
POL,1960,4.29,4.5
POL,1961,7.37,8.8
POL,1962,9.9,7.8
POL,1963,6.71,6.4
POL,1964,2072.300048828125,2096.5
POL,1965,2340.300048828125,2227.800048828125
POL,1966,2494.0,2272.0
POL,1967,2644.0,2526.5
POL,1968,2853.0,2867.800048828125
POL,1969,3209.800048828125,3141.5
POL,1970,3968.3,3547.67
POL,1971,4441.46,3872.01
POL,1972,5862.38,4927.38
POL,1973,8485.11,6432.02
POL,1974,11537.54,8320.56
POL,1975,13790.54,10282.38
POL,1976,15254.09,11016.68
POL,1977,16471.59,12265.08
POL,1978,17697.9,14113.99
POL,1979,19342.38,16368.26
POL,1980,21131.95,17016.67
POL,1981,17023.04,13267.12
POL,1982,11358.74,11227.25
POL,1983,11749.86,11581.74
POL,1984,11863.07,11777.61
POL,1985,12636.4371667994,11988.7482126896
POL,1986,12329.2763,12073.69
POL,1987,11928.1129,12204.841
POL,1988,13840.46,13552.493
POL,1989,11357.2282676354,13532.7544945892
POL,1990,8975.98321052632,13626.8365263158
POL,1991,17084.33277363101,14912.5482319736
POL,1992,15204.1659,13186.491
POL,1993,18834.931,14148.641
POL,1994,21569.228,17240.877
POL,1995,29049.742,22898.722
POL,1996,37136.811,24447.732
POL,1997,42317.91,25753.905
POL,1998,47054.067,28243.902
POL,1999,45911.4662,27408.0307
POL,2000,48940.164,31645.699
POL,2001,50275.12653,36092.149769
POL,2002,55112.2754,41009.1415
POL,2003,68003.8954,53576.9106
POL,2004,88155.712066,73781.173379
POL,2005,101413.0162,89259.5114
POL,2006,127209.5277,110896.4514
POL,2007,166142.7583,140416.8162
POL,2008,209409.4277,171067.8695
POL,2009,149715.505,136783.4357
POL,2010,170671.7421,154766.1898
POL,2011,202647.4327,182319.5625
POL,2012,190158.4984,179533.4118
POL,2013,197685.9128,196946.5826
POL,2014,210890.9259,208785.6405
PRK,1948,122.0,87.62000274658203
PRK,1949,106.0,76.30000305175781
PRK,1950,90.0,64.97000122070312
PRK,1951,74.0,53.65000152587891
PRK,1952,58.0,42.31999969482422
PRK,1953,42.0,31.0
PRK,1954,51.15000152587891,38.0
PRK,1955,60.29999923706055,45.0
PRK,1956,74.5,65.80000305175781
PRK,1957,114.8000030517578,100.0
PRK,1958,155.0,135.0
PRK,1959,235.0,113.0
PRK,1960,,3.25
PRK,1961,,3.12
PRK,1962,,1.83
PRK,1963,,6.71
PRK,1964,,28.16
PRK,1965,,25.65
PRK,1966,,35.99
PRK,1967,,44.17
PRK,1968,,60.94
PRK,1969,,77.6456363636364
PRK,1970,,85.42890909090909
PRK,1971,,89.84381818181821
PRK,1972,,110.666363636364
PRK,1973,,174.216636363636
PRK,1974,,326.970090909091
PRK,1975,,382.755909090909
PRK,1976,,257.178272727273
PRK,1977,,374.658454545455
PRK,1978,,891.069
PRK,1979,,1134.54493325475
PRK,1980,,1276.08865794491
PRK,1981,1006.3229,672.2904520676971
PRK,1982,1010.15939633172,718.928399316773
PRK,1983,973.6972245862071,636.1810568033201
PRK,1984,821.845001911586,662.724644798439
PRK,1985,862.2286468471025,646.7903403094207
PRK,1986,847.921988034186,667.4217857922861
PRK,1987,1175.01695844789,786.7845449543701
PRK,1988,1390.60144462018,967.105638424248
PRK,1989,1251.47613878332,864.8312034822479
PRK,1990,1325.77475811677,923.6271039633041
PRK,1991,1504.25282131645,687.582594711668
PRK,1992,1395.18986484223,845.666673010426
PRK,1993,1527.89920086284,886.602492830339
PRK,1994,1262.07842616603,846.841529534148
PRK,1995,1547.99367823074,827.819937548223
PRK,1996,1983.43425317797,1017.19457820846
PRK,1997,1459.77766671664,881.274134540614
PRK,1998,1170.60574905172,880.687645143596
PRK,1999,1223.86049721391,784.0850720127521
PRK,2000,2098.11101834276,976.485613238853
PRK,2001,3294.38160822858,935.7609233763781
PRK,2002,2256.7451984206,936.392982732118
PRK,2003,2222.03005895172,882.860558176211
PRK,2004,2618.45825061083,1149.67675519398
PRK,2005,3277.81211846239,1200.69081691779
PRK,2006,3609.18204285375,1522.06818869994
PRK,2007,4408.18356411055,1619.07640355398
PRK,2008,6709.17156605484,1953.72327111656
PRK,2009,5146.38141319071,1440.42684437423
PRK,2010,4275.99939929569,2142.7524533487
PRK,2011,4573.55046928877,3486.55569915626
PRK,2012,4956.43098762186,3159.69873106618
PRK,2013,5205.438170639201,3478.41123057111
PRK,2014,4879.31403802858,3287.41241392723
PRT,1870,26.3157901763916,21.05263137817383
PRT,1871,28.72340393066406,22.34042549133301
PRT,1872,31.18279647827148,24.73118209838867
PRT,1873,36.7599983215332,25.5
PRT,1874,31.67000007629395,24.82999992370606
PRT,1875,38.93999862670898,26.31999969482422
PRT,1876,37.31999969482422,24.47999954223633
PRT,1877,34.52999877929688,26.54999923706055
PRT,1878,34.79000091552734,31.70000076293945
PRT,1879,36.7599983215332,22.13999938964844
PRT,1880,37.7400016784668,26.69000053405762
PRT,1881,39.34000015258789,22.46999931335449
PRT,1882,40.0,27.17000007629395
PRT,1883,38.0,25.1200008392334
PRT,1884,38.20999908447266,23.57999992370606
PRT,1885,34.375,23.95833396911621
PRT,1886,38.94736862182617,27.36842155456543
PRT,1887,39.36170196533203,22.34042549133301
PRT,1888,40.42553329467773,24.46808433532715
PRT,1889,55.43478393554688,34.78260803222656
PRT,1890,60.86956405639648,34.78260803222656
PRT,1891,43.4782600402832,34.78260803222656
PRT,1892,38.04347991943359,36.95652008056641
PRT,1893,43.4782600402832,31.5217399597168
PRT,1894,29.5081958770752,19.6721305847168
PRT,1895,43.4782600402832,29.34782600402832
PRT,1896,43.4782600402832,28.2608699798584
PRT,1897,43.4782600402832,29.34782600402832
PRT,1898,53.26086807250977,33.69565200805664
PRT,1899,38.34586334228516,21.80451202392578
PRT,1900,45.95419692993164,24.88549613952637
PRT,1901,44.27481079101563,21.37404632568359
PRT,1902,47.86324691772461,23.93162345886231
PRT,1903,51.30434799194336,26.95652198791504
PRT,1904,55.85585403442383,27.92792701721191
PRT,1905,61.91632843017578,29.56020355224609
PRT,1906,63.82978820800781,32.97872161865234
PRT,1907,64.21052551269531,31.57894706726074
PRT,1908,66.33663177490234,27.7227725982666
PRT,1909,57.52212524414063,27.43362808227539
PRT,1910,67.00961303710938,34.72115325927734
PRT,1911,67.66000366210938,33.83000183105469
PRT,1912,74.2574234008789,33.66336822509766
PRT,1913,85.55577087402344,33.9298095703125
PRT,1914,78.16110229492188,32.05450057983398
PRT,1915,37.0525016784668,16.65435028076172
PRT,1916,83.00080871582031,26.0714282989502
PRT,1917,,
PRT,1918,96.66666412353516,81.42857360839844
PRT,1919,253.7799987792969,121.1399993896484
PRT,1920,132.8842315673828,42.72115325927734
PRT,1921,93.04805755615234,22.39935684204102
PRT,1922,83.3750228881836,29.59479713439941
PRT,1923,97.8119888305664,29.09932136535645
PRT,1924,100.1959915161133,32.11115646362305
PRT,1925,124.4802780151367,43.44522857666016
PRT,1926,119.9341888427734,37.84349060058594
PRT,1927,133.7711791992188,36.33798599243164
PRT,1928,119.7289123535156,46.01521682739258
PRT,1929,113.1262130737305,47.84389114379883
PRT,1930,108.3053588867188,42.46828460693359
PRT,1931,70.8663101196289,34.44569396972656
PRT,1932,54.65161895751953,25.3052978515625
PRT,1933,74.8051528930664,31.42807197570801
PRT,1934,90.79512023925781,41.91609954833984
PRT,1935,103.0,39.0
PRT,1936,89.8087387084961,46.48392105102539
PRT,1937,105.2612762451172,53.75043869018555
PRT,1938,101.0,49.0
PRT,1939,91.4000015258789,58.90000152587891
PRT,1940,90.88243865966797,60.08112335205078
PRT,1941,99.17713165283203,118.9084930419922
PRT,1942,99.76057434082031,157.1827545166016
PRT,1943,133.8399963378906,161.3999938964844
PRT,1944,157.8018493652344,126.5944671630859
PRT,1945,163.6983489990234,129.7633361816406
PRT,1946,275.7000122070313,183.3999938964844
PRT,1947,379.7000122070313,172.3999938964844
PRT,1948,412.0,169.0
PRT,1949,347.0,152.0
PRT,1950,270.0,180.0
PRT,1951,322.0,257.0
PRT,1952,343.0,232.0
PRT,1953,326.0,214.0
PRT,1954,347.0,248.0
PRT,1955,395.0,281.0
PRT,1956,439.0,297.0
PRT,1957,497.0,284.0
PRT,1958,476.0,281.0
PRT,1959,469.0,288.0
PRT,1960,539.53,324.19
PRT,1961,648.39,329.81
PRT,1962,578.3,360.67
PRT,1963,646.0,413.8
PRT,1964,758.4,514.9
PRT,1965,919.5,575.6
PRT,1966,1007.8,626.5
PRT,1967,1013.1,684.4
PRT,1968,1037.4,728.4
PRT,1969,1241.36,822.6
PRT,1970,1564.62,950.42
PRT,1971,1778.84,1033.72
PRT,1972,2185.37,1286.43
PRT,1973,3018.75,1833.5
PRT,1974,4647.24,2274.68
PRT,1975,3829.62,1938.48
PRT,1976,4203.18,1810.43
PRT,1977,4978.39,2029.35
PRT,1978,5238.68,2418.87
PRT,1979,6529.32,3479.22
PRT,1980,9333.86,4637.44
PRT,1981,9912.0,4180.91
PRT,1982,9485.59,4174.25
PRT,1983,8110.39,4571.47
PRT,1984,7966.09,5202.87
PRT,1985,7660.87,5692.22
PRT,1986,9640.48,7242.38
PRT,1987,14489.34,9413.18
PRT,1988,17339.02,10872.61
PRT,1989,18978.1161060033,12671.2743308267
PRT,1990,25103.8969812043,16400.5672395883
PRT,1991,26804.3984576499,17024.6142958534
PRT,1992,30739.0311377562,18801.0015076359
PRT,1993,24312.0382898811,15385.1723937943
PRT,1994,27024.1793352735,18056.1674139515
PRT,1995,33308.8529427538,23174.7483670821
PRT,1996,34137.0096255819,23839.1832394799
PRT,1997,35213.63,23816.3544229125
PRT,1998,36911.4567055745,24179.5629272254
PRT,1999,39917.44159152101,24541.661539669
PRT,2000,38224.03300159011,23297.483693113
PRT,2001,37925.3962,23892.0115
PRT,2002,38342.2064,25542.649
PRT,2003,47221.5579,31732.3972
PRT,2004,54865.073,35725.8072
PRT,2005,63877.5711,38720.4331
PRT,2006,70710.7206,44778.0761
PRT,2007,82271.979,52491.0561
PRT,2008,94628.2772,57373.3999
PRT,2009,71779.5529,44251.6254
PRT,2010,77450.2844,49102.0324
PRT,2011,82462.3706,59172.6156
PRT,2012,72081.0915,57696.6774
PRT,2013,75191.2491,62226.1485
PRT,2014,77787.615,63533.119
PRY,1870,1.259999990463257,2.009999990463257
PRY,1876,1.149999976158142,1.125
PRY,1877,1.200000047683716,1.929999947547913
PRY,1878,0.8230769038200378,1.423076868057251
PRY,1879,0.9104762077331543,1.506666660308838
PRY,1880,1.019999980926514,1.600000023841858
PRY,1881,1.243269205093384,1.854807734489441
PRY,1882,1.349523782730103,1.572380900382996
PRY,1883,0.9904761910438538,1.681904792785645
PRY,1884,1.379047632217407,1.498095273971558
PRY,1885,1.393396258354187,1.510377407073975
PRY,1886,1.792523384094238,1.965420603752136
PRY,1887,1.85185182094574,2.037037134170532
PRY,1888,3.045871496200562,2.375229358673096
PRY,1889,1.929341316223145,1.377844333648682
PRY,1890,1.622619032859802,2.085714340209961
PRY,1891,1.091715931892395,1.873372793197632
PRY,1892,1.288235306739807,0.9923529624938965
PRY,1893,2.389622688293457,1.228301882743835
PRY,1894,2.096226453781128,1.705660343170166
PRY,1895,2.320754766464233,2.737735748291016
PRY,1896,2.731372594833374,2.00882363319397
PRY,1897,2.146601915359497,2.480582475662231
PRY,1898,2.532038927078247,2.391262054443359
PRY,1899,2.437864065170288,2.224271774291992
PRY,1900,2.481553316116333,2.57475733757019
PRY,1901,2.934951543807983,2.490291357040405
PRY,1902,2.355339765548706,2.983495235443115
PRY,1903,3.403883457183838,3.929126262664795
PRY,1904,3.496078491210938,3.133333444595337
PRY,1905,4.632673263549805,2.804950475692749
PRY,1906,6.261385917663574,2.668316841125488
PRY,1907,7.437623977661133,3.203960418701172
PRY,1908,4.039999961853027,3.829999923706055
PRY,1909,3.750494956970215,5.086138725280762
PRY,1910,6.336633682250977,4.851485252380371
PRY,1911,6.633663177490234,4.653465270996094
PRY,1912,5.346534729003906,4.158415794372559
PRY,1913,8.01980209350586,5.544554233551025
PRY,1914,5.150000095367432,4.584370136260986
PRY,1915,2.405869960784912,8.899999618530273
PRY,1916,4.430023670196533,4.578533172607422
PRY,1917,4.857142925262451,6.190476417541504
PRY,1918,4.904761791229248,5.857142925262451
PRY,1919,15.42000007629395,17.46999931335449
PRY,1920,12.7281551361084,14.51456356048584
PRY,1921,6.5625,7.265625
PRY,1922,4.453125,7.734375
PRY,1923,6.880000114440918,10.0
PRY,1924,11.13475131988525,8.794325828552246
PRY,1925,15.258620262146,13.53448295593262
PRY,1926,10.79646015167236,13.7168140411377
PRY,1927,10.61946868896484,12.65486717224121
PRY,1928,13.24074077606201,14.72222232818604
PRY,1929,13.39805793762207,13.10679626464844
PRY,1930,12.64000034332275,11.82999992370606
PRY,1931,6.71999979019165,8.5600004196167
PRY,1932,3.75,7.519999980926514
PRY,1933,5.03000020980835,6.860000133514404
PRY,1934,7.599999904632568,8.300000190734863
PRY,1935,7.630000114440918,7.480000019073486
PRY,1936,6.53000020980835,8.279999732971191
PRY,1937,8.5,8.270000457763672
PRY,1938,8.979999542236328,8.25
PRY,1939,7.800000190734863,8.199999809265137
PRY,1940,,
PRY,1941,,
PRY,1942,,
PRY,1943,,
PRY,1944,,
PRY,1945,,
PRY,1946,21.20000076293945,26.5
PRY,1947,21.79999923706055,21.10000038146973
PRY,1948,26.39999961853027,27.89999961853027
PRY,1949,29.59000015258789,32.20000076293945
PRY,1950,19.0,33.0
PRY,1951,25.0,38.0
PRY,1952,31.0,31.0
PRY,1953,24.0,31.0
PRY,1954,33.0,34.0
PRY,1955,29.0,35.0
PRY,1956,25.0,37.0
PRY,1957,30.03000068664551,33.0
PRY,1958,35.84999847412109,34.09999847412109
PRY,1959,28.80999946594238,31.19000053405762
PRY,1960,35.622,26.978
PRY,1961,38.208,30.677
PRY,1962,38.17,33.467
PRY,1963,35.863,40.189
PRY,1964,37.145,49.771
PRY,1965,52.095,57.297
PRY,1966,57.645,49.388
PRY,1967,69.199,48.26
PRY,1968,69.926,47.551
PRY,1969,80.559,50.943
PRY,1970,69.925,64.306
PRY,1971,77.03,65.167
PRY,1972,76.593,86.158
PRY,1973,114.992,126.967
PRY,1974,188.118,169.783
PRY,1975,195.564,177.1
PRY,1976,197.882,181.834
PRY,1977,279.995,278.897
PRY,1978,346.717,257.011
PRY,1979,479.162,300.484
PRY,1980,571.476,310.15
PRY,1981,557.237,297.234
PRY,1982,637.483,329.804
PRY,1983,525.019,269.19
PRY,1984,563.937,334.261
PRY,1985,492.6053,325.248
PRY,1986,566.1601,237.414
PRY,1987,576.33554,382.834
PRY,1988,548.45901,562.0615
PRY,1989,739.7225,1129.445
PRY,1990,1341.0221,1062.839
PRY,1991,1444.7301,791.258
PRY,1992,1399.7093,707.354
PRY,1993,1672.2453,768.329
PRY,1994,2354.4807,816.803
PRY,1995,3076.6164,919.326
PRY,1996,3135.5236,1044.449
PRY,1997,3951.57627931443,1400.16065060185
PRY,1998,4244.00654903199,1263.96690840118
PRY,1999,2886.62902393648,1014.41204556127
PRY,2000,2255.4155745,869.357305
PRY,2001,2187.2907111,2356.518656
PRY,2002,1661.0337326,2328.799961
PRY,2003,1948.419968,2584.499638
PRY,2004,2711.7455211,2874.45641
PRY,2005,3363.5733769,3153.87902
PRY,2006,4969.137822,3469.819384
PRY,2007,6106.6733156,4698.301709
PRY,2008,9372.0354497,6379.977379
PRY,2009,7167.056067600001,5060.45382
PRY,2010,10332.4994377,6504.841142
PRY,2011,12703.791133,7763.502475
PRY,2012,11831.9383226,7271.180628
PRY,2013,12431.8201304,9430.897478
PRY,2014,12428.8380073,9652.957978
QAT,1960,,95.17
QAT,1961,,105.51
QAT,1962,,115.32
QAT,1963,,107.21
QAT,1964,,108.78
QAT,1965,,103.1
QAT,1966,,143.53
QAT,1967,,165.33
QAT,1968,,237.45
QAT,1969,52.88,235.11
QAT,1970,64.0,229.991
QAT,1971,107.66,318.267
QAT,1972,138.37,398.53
QAT,1973,194.44,622.51
QAT,1974,270.92,2015.0
QAT,1975,409.4,1809.0
QAT,1976,832.95,2209.44
QAT,1977,1225.07,2012.0
QAT,1978,1183.9,2318.0
QAT,1979,1425.21,3598.03
QAT,1980,1439.76,5310.89
QAT,1981,1517.77,5389.09
QAT,1982,1950.99,6335.932610600979
QAT,1983,1459.45,4832.87901707241
QAT,1984,1164.1,4498.343586468151
QAT,1985,1140.97,3542.46024684911
QAT,1986,1100.04,2068.64610540407
QAT,1987,1135.95,1994.06032623173
QAT,1988,1269.47802197802,2083.2886647255
QAT,1989,1330.08241758242,2502.50979320939
QAT,1990,1694.89010989011,3292.95825560496
QAT,1991,1720.10989010989,3246.79113879951
QAT,1992,2020.83076923077,3623.63689203306
QAT,1993,1890.68681318681,3324.67637563227
QAT,1994,1945.72747252747,3186.32475833163
QAT,1995,1929.32662375731,3680.55324178907
QAT,1996,3402.86947855352,4398.915317269
QAT,1997,2871.96118779697,5503.55951647463
QAT,1998,3408.57142857143,4869.54693715368
QAT,1999,2499.56043956044,6220.73311988396
QAT,2000,3252.20452774725,11591.3262645604
QAT,2001,3757.77919203297,10862.2155016483
QAT,2002,4052.02652664836,10978.1147799451
QAT,2003,4897.346401373629,13382.3149804945
QAT,2004,6004.4626776805,18684.7682928571
QAT,2005,10060.7140758242,25762.0547733516
QAT,2006,16441.1809378272,34051.7576649409
QAT,2007,23429.555766664,44456.3906572511
QAT,2008,27900.0787420041,67307.2102126246
QAT,2009,24921.9479832758,48007.1549825201
QAT,2010,23239.842954331,74964.4560773843
QAT,2011,22333.0941534838,114446.958951271
QAT,2012,25222.5304452572,132984.519604424
QAT,2013,26990.710398258,136852.928393143
QAT,2014,32459.5056805527,120131.40697536
ROU,1878,59.26641082763672,41.89189147949219
ROU,1879,48.94026947021484,46.05009460449219
ROU,1880,49.03845977783203,42.11538314819336
ROU,1881,52.88461685180664,39.80769348144531
ROU,1882,51.63147735595703,47.02495193481445
ROU,1883,69.23076629638672,42.5
ROU,1884,56.94980621337891,35.52123641967773
ROU,1885,51.23809432983398,46.66666793823242
ROU,1886,57.03275680541992,49.13294982910156
ROU,1887,60.0,50.66666793823242
ROU,1888,59.50096130371094,49.13627624511719
ROU,1889,70.76923370361328,52.69230651855469
ROU,1890,69.14286041259766,52.57143020629883
ROU,1891,83.07984924316406,52.28136825561523
ROU,1892,72.84894561767578,54.49330902099609
ROU,1893,82.85163879394531,71.4836196899414
ROU,1894,81.15384674072266,56.53845977783203
ROU,1895,58.99419784545898,51.25725173950195
ROU,1896,65.3771743774414,62.66924667358398
ROU,1897,68.33013153076172,42.99424362182617
ROU,1898,74.56978607177734,54.11089706420898
ROU,1899,63.67112731933594,28.48948287963867
ROU,1900,41.49139404296875,53.53728485107422
ROU,1901,55.83174133300781,67.6864242553711
ROU,1902,54.31861877441406,71.97696685791016
ROU,1903,51.72413635253906,68.19923400878906
ROU,1904,60.15473937988281,50.67698287963867
ROU,1905,65.79688262939453,89.10350799560547
ROU,1906,82.421875,95.8984375
ROU,1907,84.34442138671875,108.4148712158203
ROU,1908,81.49606323242188,74.6063003540039
ROU,1909,71.73489379882812,90.64327239990234
ROU,1910,81.94499969482422,123.3000030517578
ROU,1911,114.0,138.5
ROU,1912,127.5,128.5
ROU,1913,115.4029388427734,131.25341796875
ROU,1914,100.0,89.5
ROU,1915,66.0,113.0
ROU,1916,,
ROU,1917,,
ROU,1918,,
ROU,1919,80.0,60.0
ROU,1920,133.5885162353516,66.0287094116211
ROU,1921,151.4961853027344,78.62776947021484
ROU,1922,85.71428680419922,97.56097412109375
ROU,1923,96.3438720703125,121.54150390625
ROU,1924,130.9760894775391,141.4342651367188
ROU,1925,145.4009704589844,140.2173919677734
ROU,1926,171.8244781494141,176.9053192138672
ROU,1927,204.7101440429688,230.0724639892578
ROU,1928,193.7461700439453,165.5426177978516
ROU,1929,176.4004821777344,172.8247985839844
ROU,1930,137.0850677490234,169.6728210449219
ROU,1931,93.99166870117188,132.0642547607422
ROU,1932,71.64179229736328,99.70149230957031
ROU,1933,91.2636489868164,110.7644271850586
ROU,1934,132.1321258544922,137.1371307373047
ROU,1935,97.0,146.0
ROU,1936,92.98892974853516,160.1475982666016
ROU,1937,147.9591827392578,230.3206939697266
ROU,1938,137.0,154.0
ROU,1939,117.5999984741211,130.0
ROU,1940,150.1000061035156,202.1999969482422
ROU,1941,161.8999938964844,218.8000030517578
ROU,1942,242.3000030517578,285.2000122070313
ROU,1943,,
ROU,1944,,
ROU,1945,,
ROU,1946,21.70000076293945,22.5
ROU,1947,64.80000305175781,42.0
ROU,1948,126.0,146.0
ROU,1949,187.0,176.0
ROU,1950,243.3999938964844,212.3999938964844
ROU,1951,268.0,259.0
ROU,1952,327.0,298.0
ROU,1953,385.0,341.0
ROU,1954,338.0,350.0
ROU,1955,461.0,421.7000122070313
ROU,1956,402.0,443.0
ROU,1957,492.0,411.0
ROU,1958,481.7000122070313,468.2999877929688
ROU,1959,502.0,522.4000244140625
ROU,1960,711.29,712.7
ROU,1961,893.53,788.29
ROU,1962,1032.6,813.21
ROU,1963,1119.63,908.62
ROU,1964,1282.35,998.83
ROU,1965,1182.79,1098.42
ROU,1966,1334.63,1177.41
ROU,1967,1700.94,1376.03
ROU,1968,1770.08,1450.98
ROU,1969,1914.76,1621.78
ROU,1970,2156.45,1841.5
ROU,1971,2313.04,2097.88
ROU,1972,2887.7,2601.99
ROU,1973,3820.3,3696.91
ROU,1974,5654.43,4866.0
ROU,1975,5873.53,5339.32
ROU,1976,6704.87,6137.73
ROU,1977,7719.54,7020.84
ROU,1978,9800.61,8076.61
ROU,1979,12006.98,9724.07
ROU,1980,14520.56,12056.0
ROU,1981,12075.86,11180.11
ROU,1982,9155.75,10122.45
ROU,1983,8305.78,10090.18
ROU,1984,8312.81,10720.07
ROU,1985,9520.89,11218.43
ROU,1986,9246.31259650172,10155.0822948721
ROU,1987,10048.5154908292,11123.4503606512
ROU,1988,9419.48203101744,11969.3259060371
ROU,1989,9950.722164202869,11089.9829804701
ROU,1990,10293.4304660364,5870.98470011331
ROU,1991,5957.08409088332,4318.146300741781
ROU,1992,6140.08888792674,4366.84534236789
ROU,1993,6521.7,4892.1
ROU,1994,7113.0,6159.6
ROU,1995,10387.6,8061.1
ROU,1996,9963.6,7644.4
ROU,1997,11142.0,8386.6
ROU,1998,11882.25,8314.57
ROU,1999,10600.54,8508.98
ROU,2000,13054.37,10366.53
ROU,2001,15552.8,11386.4
ROU,2002,17820.36,13874.02
ROU,2003,23933.55,17615.97
ROU,2004,32575.0,23475.51
ROU,2005,40350.0618,27644.5257
ROU,2006,51329.9608,32479.0134
ROU,2007,70553.5813,40558.6854
ROU,2008,84315.4496,49698.9537
ROU,2009,54463.9095,40672.5243
ROU,2010,61652.6236,48503.0363
ROU,2011,76076.4117,62076.3706
ROU,2012,69746.4438,56992.9981
ROU,2013,73095.8323,64502.7252
ROU,2014,77392.0977,68655.7079
RUS,1870,196.4912261962891,210.5263214111328
RUS,1871,222.2891540527344,222.2891540527344
RUS,1872,282.467529296875,212.3376617431641
RUS,1873,321.0,268.7300109863281
RUS,1874,320.989990234375,317.3299865722656
RUS,1875,375.9100036621094,264.6799926757813
RUS,1876,308.6499938964844,278.3699951171875
RUS,1877,233.0599975585938,373.0700073242188
RUS,1878,414.9400024414063,437.8599853515625
RUS,1879,412.3900146484375,453.5899963378906
RUS,1880,374.6499938964844,318.6799926757813
RUS,1881,328.3200073242188,316.7300109863281
RUS,1882,341.8599853515625,388.6900024414063
RUS,1883,333.5799865722656,395.0599975585938
RUS,1884,313.6700134277344,355.0700073242188
RUS,1885,241.5399932861328,316.6900024414063
RUS,1886,201.4151000976563,228.3018798828125
RUS,1887,177.7777709960938,274.2222290039063
RUS,1888,158.1967163085938,321.3114624023438
RUS,1889,213.8613891601563,371.7821655273438
RUS,1890,213.3687133789063,360.9933471679688
RUS,1891,204.3955993652344,388.4615478515625
RUS,1892,184.3318023681641,219.3548431396484
RUS,1893,191.3875579833984,286.6028747558594
RUS,1894,281.21826171875,339.5939025878906
RUS,1895,277.5814514160156,355.1968994140625
RUS,1896,297.4619140625,349.7461853027344
RUS,1897,282.8282775878906,368.6868591308594
RUS,1898,312.1212158203125,370.2020263671875
RUS,1899,330.5,313.5
RUS,1900,340.8673400878906,431.9287109375
RUS,1901,296.5,381.0
RUS,1902,302.5252380371094,434.3434448242188
RUS,1903,342.7135620117188,503.0150756835938
RUS,1904,328.7878723144531,508.080810546875
RUS,1905,286.8282165527344,523.076904296875
RUS,1906,406.5989990234375,555.8375854492188
RUS,1907,423.5,526.5
RUS,1908,463.4517822265625,506.5989990234375
RUS,1909,459.8984680175781,724.8731079101562
RUS,1910,488.4820556640625,707.6923217773438
RUS,1911,592.8571166992188,811.7346801757812
RUS,1912,604.1237182617188,782.9896850585938
RUS,1913,698.9796142578125,775.5101928710938
RUS,1914,568.9119262695312,495.3886108398438
RUS,1915,571.2820434570312,460.1025695800781
RUS,1916,818.452392578125,171.1309509277344
RUS,1917,,
RUS,1918,,
RUS,1919,0.3203174471855164,5.543915271759033
RUS,1920,19.57999992370606,0.571052610874176
RUS,1921,86.69551086425781,8.242856979370117
RUS,1922,127.0004730224609,38.31971740722656
RUS,1923,70.60877990722656,100.3990249633789
RUS,1924,105.1945953369141,166.3009033203125
RUS,1925,374.2868041992188,284.9654846191406
RUS,1926,389.8618469238281,348.7737121582031
RUS,1927,367.3664855957031,397.1871032714844
RUS,1928,386.2854919433594,403.0305786132813
RUS,1929,451.6061401367188,473.6928100585938
RUS,1930,546.3917236328125,536.0824584960938
RUS,1931,572.1649780273438,418.1494750976563
RUS,1932,328.9906616210938,268.657958984375
RUS,1933,159.7321166992188,227.0059661865234
RUS,1934,162.5356597900391,292.5489501953125
RUS,1935,210.0,326.0
RUS,1936,267.3267211914063,269.3069458007813
RUS,1937,264.2998046875,341.2228698730469
RUS,1938,285.1405639648438,267.0682678222656
RUS,1939,33.63453674316406,20.86345291137695
RUS,1940,,
RUS,1941,,
RUS,1942,,
RUS,1943,,
RUS,1944,,
RUS,1945,49.0,56.94339752197266
RUS,1946,768.9000244140625,653.7000122070312
RUS,1947,744.7999877929688,7708.7998046875
RUS,1948,1224.0,1308.099975585938
RUS,1949,1489.0,1447.199951171875
RUS,1950,1455.900024414063,1794.599975585938
RUS,1951,1990.800048828125,2290.800048828125
RUS,1952,2506.10009765625,2789.89990234375
RUS,1953,2769.0,2947.699951171875
RUS,1954,3181.699951171875,3223.10009765625
RUS,1955,3060.5,3426.60009765625
RUS,1956,3612.60009765625,3615.0
RUS,1957,3937.699951171875,4381.39990234375
RUS,1958,4349.5,4299.2001953125
RUS,1959,5073.2001953125,5450.2998046875
RUS,1960,169.5,146.7
RUS,1961,179.3,210.7
RUS,1962,196.6,262.4
RUS,1963,7058.7001953125,7272.39013671875
RUS,1964,7736.5,7683.2900390625
RUS,1965,8058.2900390625,8174.60009765625
RUS,1966,7912.7900390625,8841.0
RUS,1967,8536.66015625,9652.330078125
RUS,1968,9409.990234375,10634.330078125
RUS,1969,10326.76953125,16655.439453125
RUS,1970,11738.990234375,12800.1103515625
RUS,1971,12476.1103515625,13806.2197265625
RUS,1972,16047.0,15361.1201171875
RUS,1973,21112.2890625,21462.310546875
RUS,1974,24889.66015625,27605.0
RUS,1975,36968.83984375,33309.828125
RUS,1976,38145.23046875,37176.1484375
RUS,1977,40817.55078125,45160.55078125
RUS,1978,50546.0390625,52219.30859375
RUS,1979,57744.30078125,64761.7890625
RUS,1980,68522.5078125,76449.28125
RUS,1981,47245.8757645681,38723.8898811827
RUS,1982,44503.666573122,36727.1581524703
RUS,1983,43234.3104282091,36229.35691075891
RUS,1984,45916.3484895627,40475.9039333501
RUS,1985,54111.0790498682,44125.4145191971
RUS,1986,52006.0500777154,42982.6043129055
RUS,1987,53881.2345459628,46731.6345943501
RUS,1988,62071.5422185388,49022.5158930158
RUS,1989,67379.3451961772,50239.53744907701
RUS,1990,58559.3551385962,45923.7966676965
RUS,1991,48384.5591697487,44578.18598179
RUS,1992,34981.4,39931.4
RUS,1993,26751.9,44047.2
RUS,1994,38599.535,63077.883
RUS,1995,46399.372,77595.355
RUS,1996,44504.1839,83979.296
RUS,1997,52400.371,85076.577
RUS,1998,42938.782,71463.457
RUS,1999,30285.7307782633,72465.64156916819
RUS,2000,33853.00369077,103002.29552581
RUS,2001,36888.69760782,82538.5365897
RUS,2002,45507.4789448,107224.38365254
RUS,2003,56677.03696107,131472.69508584
RUS,2004,69055.29951776,166407.83669161
RUS,2005,97405.19689086,239284.52764724
RUS,2006,132517.48171947,291883.03264847
RUS,2007,199443.7004188,352385.13949146
RUS,2008,266993.48236382,459752.33328638
RUS,2009,160769.664891,284993.386741
RUS,2010,217420.92222565,373651.35623807
RUS,2011,295358.80167957,495883.03856161
RUS,2012,316850.410263,524482.741933
RUS,2013,314967.020644,527266.364767
RUS,2014,285843.526072,497614.861644
RWA,1960,,
RWA,1961,,
RWA,1962,,10.0
RWA,1963,,11.0
RWA,1964,5.8,5.8
RWA,1965,10.1,7.0
RWA,1966,20.0,11.8
RWA,1967,20.2,14.0
RWA,1968,22.7,14.7
RWA,1969,23.4,14.2
RWA,1970,28.9,24.7
RWA,1971,32.7,22.3
RWA,1972,34.3,19.3
RWA,1973,33.997,33.078
RWA,1974,58.59,37.161
RWA,1975,95.894,42.184
RWA,1976,105.025,81.088
RWA,1977,112.892,92.123
RWA,1978,177.926,68.969
RWA,1979,194.866,117.636
RWA,1980,243.044,73.335
RWA,1981,256.21,108.968
RWA,1982,276.671,102.057
RWA,1983,270.127,120.165
RWA,1984,277.645,143.02
RWA,1985,298.464,129.874
RWA,1986,357.469,173.23
RWA,1987,378.858,108.638
RWA,1988,396.174,108.528
RWA,1989,332.73,95.231
RWA,1990,288.34,99.9
RWA,1991,306.27,91.465
RWA,1992,288.33,196.6193311369
RWA,1993,274.367920967906,100.048425344121
RWA,1994,237.074950116097,60.5575508596242
RWA,1995,284.323458213271,63.1135928919507
RWA,1996,322.730967038006,168.518420136924
RWA,1997,325.6076990026641,117.715283189974
RWA,1998,277.544350729174,108.232693034287
RWA,1999,269.045379005955,78.5707547384325
RWA,2000,250.618452870699,98.9069585991928
RWA,2001,264.221584233712,129.7475282778
RWA,2002,303.078540584674,145.465835619831
RWA,2003,370.249868635463,150.901672578529
RWA,2004,443.343847198148,385.966287298155
RWA,2005,523.242031831201,171.616652164307
RWA,2006,573.640900378914,201.859165036652
RWA,2007,745.89418709818,245.275387021563
RWA,2008,1147.67461650423,398.092515681094
RWA,2009,935.998400504403,224.019745012226
RWA,2010,950.614588199445,265.024473612272
RWA,2011,1229.32763838207,397.135474348645
RWA,2012,1366.9896985946,382.606587334653
RWA,2013,1373.24071876352,406.751296595982
RWA,2014,1521.07254215741,451.723382971785
SAU,1927,,
SAU,1928,,
SAU,1929,,
SAU,1930,,
SAU,1931,,
SAU,1932,,
SAU,1933,,
SAU,1934,,
SAU,1935,21.0,15.0
SAU,1936,,
SAU,1937,,
SAU,1938,,
SAU,1939,,
SAU,1940,,
SAU,1941,,
SAU,1942,,
SAU,1943,,
SAU,1944,,
SAU,1945,,
SAU,1946,121.0,210.0
SAU,1947,124.0,240.0
SAU,1948,127.0,270.0
SAU,1949,130.0,330.0
SAU,1950,115.0,340.0
SAU,1951,175.0,500.0
SAU,1952,265.0,540.0
SAU,1953,220.0,600.0
SAU,1954,180.0,660.0
SAU,1955,245.0,700.0
SAU,1956,280.0,711.0
SAU,1957,290.0,765.0
SAU,1958,270.0,738.0
SAU,1959,255.0,798.0
SAU,1960,,822.12
SAU,1961,,913.07
SAU,1962,,954.295
SAU,1963,,1173.603
SAU,1964,299.9,1168.9
SAU,1965,376.3,1316.2
SAU,1966,456.9,1519.7
SAU,1967,501.4,1692.0
SAU,1968,572.7,2026.0
SAU,1969,747.5,2103.4
SAU,1970,709.9,2358.0
SAU,1971,817.1,3480.9
SAU,1972,1135.5,4560.2
SAU,1973,1976.4,7747.3
SAU,1974,2857.7,31241.6
SAU,1975,4213.5,29838.3
SAU,1976,8693.6,38905.8
SAU,1977,14653.9,44060.8
SAU,1978,20349.1,37816.3
SAU,1979,24257.5,58651.9
SAU,1980,30166.6,102012.2
SAU,1981,35236.0,113235.6
SAU,1982,40654.5,75837.7
SAU,1983,39180.6,45862.2
SAU,1984,33695.8,37520.9
SAU,1985,23622.1,27479.6
SAU,1986,19112.4,20184.2
SAU,1987,20022.0,22602.3076101469
SAU,1988,21784.5441922563,23737.1511348464
SAU,1989,21153.9655540721,28383.5770360481
SAU,1990,24081.0189586115,44417.4317757009
SAU,1991,29073.8053404539,47816.48277703601
SAU,1992,33272.6552736983,50287.46809078781
SAU,1993,28202.3983978639,42395.2579439252
SAU,1994,23343.5882510013,42614.1209612817
SAU,1995,27450.0435246996,50041.1222963951
SAU,1996,27764.9455273698,60790.12631343
SAU,1997,28487.8824073782,60707.7993145074
SAU,1998,30012.5556742323,38736.5858477971
SAU,1999,28031.6779706275,48891.3975543354
SAU,2000,30609.4099613619,74829.64538188811
SAU,2001,31181.5245140666,68037.0275453083
SAU,2002,32290.2621338666,65423.9508881851
SAU,2003,36916.0021347786,85518.61037245039
SAU,2004,44744.8832879999,111079.182093481
SAU,2005,59509.9271312187,154390.533403403
SAU,2006,69874.87358856731,195388.370166961
SAU,2007,90350.3924337627,208744.174213007
SAU,2008,113949.47049842,303520.972684719
SAU,2009,92959.0496708414,172447.11505871
SAU,2010,105394.971640841,230461.279686969
SAU,2011,129207.388242586,330262.818598398
SAU,2012,152692.637899374,366218.324090395
SAU,2013,162266.202955943,349824.276498226
SAU,2014,170220.543997492,333296.249453057
SDN,1956,127.4000015258789,191.6999969482422
SDN,1957,192.1999969482422,147.6999969482422
SDN,1958,168.3000030517578,123.5999984741211
SDN,1959,163.3000030517578,188.1999969482422
SDN,1960,180.5,181.7
SDN,1961,238.5,178.4
SDN,1962,256.3,226.6
SDN,1963,284.0,225.9
SDN,1964,273.2,196.4
SDN,1965,207.9,195.1
SDN,1966,222.5,202.7
SDN,1967,213.2,214.1
SDN,1968,257.6,232.3
SDN,1969,255.983,240.193
SDN,1970,287.534,298.441
SDN,1971,331.492,328.519
SDN,1972,338.61,357.879
SDN,1973,436.056,436.698
SDN,1974,710.722,350.362
SDN,1975,1033.411,439.413
SDN,1976,981.013,554.234
SDN,1977,1078.527,661.114
SDN,1978,875.472,485.176
SDN,1979,918.647,589.824
SDN,1980,1575.934,542.326
SDN,1981,1550.976,640.632
SDN,1982,1274.539,507.303
SDN,1983,1354.528,623.581
SDN,1984,1277.90726532023,680.0041196444711
SDN,1985,920.4364389497109,392.160172405092
SDN,1986,963.562,333.318
SDN,1987,1055.33789032951,497.82428434052
SDN,1988,1127.95963636852,525.815109921041
SDN,1989,1340.25606975699,604.190304395894
SDN,1990,1304.85815750267,514.51843007232
SDN,1991,1400.84445781779,365.624499646065
SDN,1992,1261.48625698412,320.2308143340341
SDN,1993,1153.20111719606,351.7216514894
SDN,1994,1151.64443347325,473.921935233711
SDN,1995,1262.58868016083,534.835518090177
SDN,1996,1298.45237775412,495.524991223817
SDN,1997,1510.65675318691,509.559491395884
SDN,1998,1604.82830410136,541.634343857654
SDN,1999,1576.99514025096,705.573430969187
SDN,2000,1452.7614255221,1618.7309183387
SDN,2001,1889.15061622195,1700.28459247117
SDN,2002,2165.25362127652,1922.22407831814
SDN,2003,2731.24744792831,2609.368
SDN,2004,4085.879,3773.696
SDN,2005,6689.962,4824.278
SDN,2006,8073.707,5656.574
SDN,2007,8741.516,8867.285
SDN,2008,9332.468,11670.502
SDN,2009,9656.037,8257.105
SDN,2010,10001.7093666188,11404.279508939
SDN,2011,9227.178,9688.841
SDN,2012,9475.018,3364.97
SDN,2013,9918.068,7086.219
SDN,2014,9726.289593497231,5293.14185561846
SEN,1960,172.4,111.6
SEN,1961,158.6,124.5
SEN,1962,154.4,123.5
SEN,1963,168.5,110.2
SEN,1964,171.1,121.2
SEN,1965,163.8,127.4
SEN,1966,155.0,148.9
SEN,1967,168.577,139.765
SEN,1968,179.3,150.4
SEN,1969,207.583,126.914
SEN,1970,190.701,151.158
SEN,1971,218.009,124.529
SEN,1972,277.671,216.446
SEN,1973,361.547,194.864
SEN,1974,496.81,391.018
SEN,1975,581.457,462.392
SEN,1976,583.438,489.954
SEN,1977,763.218,619.732
SEN,1978,751.366,449.171
SEN,1979,930.745,534.912
SEN,1980,1051.703,476.9
SEN,1981,1075.829,499.83
SEN,1982,991.83,547.454
SEN,1983,1113.85812705579,617.966114670762
SEN,1984,1074.15719214831,673.6749044183169
SEN,1985,931.0568106239949,694.298557361391
SEN,1986,1100.73006354594,773.4030060074771
SEN,1987,1175.62206450746,754.971907670669
SEN,1988,1079.65161529252,591.1851402450643
SEN,1989,1322.48795461047,790.561422110533
SEN,1990,1387.25405569508,860.9750330515908
SEN,1991,1155.10761425368,651.430542320111
SEN,1992,1258.25909387416,741.368254592654
SEN,1993,1052.58760279038,670.6683039280649
SEN,1994,884.081151377556,483.9332740692843
SEN,1995,1255.57731156932,609.0278286732361
SEN,1996,1324.18128995915,723.692886773664
SEN,1997,1210.39517141607,693.862275772784
SEN,1998,1536.83861475786,823.8748147786561
SEN,1999,1607.50618865921,817.1523474251129
SEN,2000,1462.89714475757,692.992920858814
SEN,2001,1727.11212735664,783.607871155324
SEN,2002,1957.52490524528,948.6949269064111
SEN,2003,2358.54213763272,1158.93649205672
SEN,2004,2854.12898101617,1276.64865136908
SEN,2005,3216.56216323884,1443.77530053792
SEN,2006,3424.32441345779,1365.11425159152
SEN,2007,4430.16782081358,1465.49389543343
SEN,2008,5659.135746675201,1995.52417152846
SEN,2009,4535.638730650309,1885.97836847886
SEN,2010,4371.973289,1949.076882
SEN,2011,5325.020072,2372.562045
SEN,2012,5803.658571,2341.105744
SEN,2013,6066.23953,2439.922765
SEN,2014,6048.666586,2573.248739
SGP,1960,440.46,188.43
SGP,1961,,
SGP,1962,515.81,161.87
SGP,1963,583.21,148.59
SGP,1964,,
SGP,1965,1240.130004882813,978.530029296875
SGP,1966,1328.430053710938,1102.609985351563
SGP,1967,1430.510009765625,1133.43994140625
SGP,1968,1658.95,1272.16
SGP,1969,2036.25,1548.65
SGP,1970,2457.73,1556.02
SGP,1971,2823.37,1757.73
SGP,1972,3392.31,2191.39
SGP,1973,5145.27,3664.3
SGP,1974,8365.8,5835.58
SGP,1975,8135.27,5408.31
SGP,1976,9072.69,6631.89
SGP,1977,10474.77,8278.5
SGP,1978,13071.26,10182.25
SGP,1979,17647.69,14303.45
SGP,1980,24016.89,19493.22
SGP,1981,27577.34,21076.87
SGP,1982,28179.26,20917.92
SGP,1983,28164.11,21958.2
SGP,1984,28670.86,24208.58
SGP,1985,26238.51,22972.27
SGP,1986,25513.81,22607.92
SGP,1987,32627.16,28788.26
SGP,1988,43869.98,39429.74
SGP,1989,49695.1300014444,44765.14789129821
SGP,1990,60959.1257561407,52777.0618274989
SGP,1991,66268.4159857933,59213.92377472699
SGP,1992,72177.2417038732,63472.251352613
SGP,1993,85385.538233784,74079.9029812919
SGP,1994,102641.525051,96887.93901
SGP,1995,124397.078401975,118195.758356116
SGP,1996,131337.719344525,125167.403809083
SGP,1997,132600.78233723,125403.073699831
SGP,1998,101612.159288754,109914.568533104
SGP,1999,111073.827861524,114754.165571702
SGP,2000,134632.606578184,138045.80527834
SGP,2001,116020.346619651,121826.240082623
SGP,2002,116482.50335432,125219.262414839
SGP,2003,136326.596495071,160072.763715362
SGP,2004,172696.655308056,198694.076928786
SGP,2005,200197.239415391,229446.864984852
SGP,2006,238797.365344758,272057.311073707
SGP,2007,263325.302854012,299173.263544695
SGP,2008,319747.316525282,338345.560480192
SGP,2009,245935.60482568,270065.563006668
SGP,2010,310878.700374487,352273.154011688
SGP,2011,366059.370267261,410130.9190127
SGP,2012,379960.088079273,409709.208773144
SGP,2013,373080.79199087,412160.005338706
SGP,2014,366300.421153319,410075.66199478
SLB,1960,,
SLB,1961,,
SLB,1962,,
SLB,1963,,
SLB,1964,,
SLB,1965,,
SLB,1966,,
SLB,1967,,
SLB,1968,,
SLB,1969,,0.208
SLB,1970,,0.175
SLB,1971,,8.272
SLB,1972,,6.501
SLB,1973,,11.581
SLB,1974,,13.428
SLB,1975,32.3,16.786
SLB,1976,29.1,25.654
SLB,1977,33.1,38.878
SLB,1978,41.1,41.646
SLB,1979,64.823,73.692
SLB,1980,83.652,74.531
SLB,1981,91.63,66.719
SLB,1982,64.727,57.803
SLB,1983,68.373,62.56
SLB,1984,72.197,90.494
SLB,1985,76.264,70.594
SLB,1986,67.112,65.68
SLB,1987,74.406,66.35
SLB,1988,107.61584941297,87.5733687605541
SLB,1989,126.168647729379,77.67737809287439
SLB,1990,98.62237794231311,75.07868942925461
SLB,1991,115.689532698149,84.71350873236341
SLB,1992,181.866265044027,131.504811290168
SLB,1993,129.543464303401,166.782009792862
SLB,1994,133.763576140592,162.19245371603
SLB,1995,155.421219107983,199.754308647417
SLB,1996,166.874195967829,242.96465712807
SLB,1997,179.966264794739,211.348542149358
SLB,1998,153.290369160026,195.995745683754
SLB,1999,178.018154738913,166.269492704963
SLB,2000,124.132436133549,101.11563260931
SLB,2001,114.179271045642,86.3169709497303
SLB,2002,100.526678463299,94.5767037652903
SLB,2003,135.048891625837,123.012485828924
SLB,2004,159.783625063998,184.611597463058
SLB,2005,207.681862165815,209.194018850419
SLB,2006,256.177176132204,239.390551749435
SLB,2007,348.800193510252,330.059489106917
SLB,2008,350.128879473497,378.504571705659
SLB,2009,304.677200829023,283.672558427345
SLB,2010,402.584707441521,411.519452613058
SLB,2011,524.216449601569,605.807461523923
SLB,2012,568.354400334696,677.244784521807
SLB,2013,573.477058162829,662.120193032232
SLB,2014,529.370840394353,685.000967851945
SLE,1960,72.6,72.6
SLE,1961,89.9,70.5
SLE,1962,83.5,46.6
SLE,1963,83.0,71.1
SLE,1964,99.7,94.9
SLE,1965,107.4,82.1
SLE,1966,100.0,82.6
SLE,1967,89.7,69.8
SLE,1968,89.5,95.3
SLE,1969,111.529,105.364
SLE,1970,118.858,102.66
SLE,1971,112.821,96.775
SLE,1972,119.579,118.604
SLE,1973,156.897,132.449
SLE,1974,223.878,146.309
SLE,1975,209.537,131.914
SLE,1976,167.523,102.261
SLE,1977,203.143,124.273
SLE,1978,277.1900024414063,154.73
SLE,1979,315.6400146484375,183.319
SLE,1980,426.5,219.445
SLE,1981,328.073446621729,150.47002982738
SLE,1982,239.768,88.051
SLE,1983,147.504,80.461
SLE,1984,166.393,147.789
SLE,1985,154.378,148.2695154931528
SLE,1986,151.76,121.2890770651978
SLE,1987,136.583922011076,136.7730507651827
SLE,1988,155.828611474099,102.3956285609568
SLE,1989,182.620729572398,138.2564561546303
SLE,1990,196.502249324028,137.014
SLE,1991,217.747354091516,144.722
SLE,1992,227.988661200932,149.9117514852415
SLE,1993,249.521572293259,118.02
SLE,1994,254.90200384994,115.514
SLE,1995,246.602454602448,41.466
SLE,1996,296.070992098699,46.678
SLE,1997,234.610818009627,17.2
SLE,1998,196.563634880494,6.554
SLE,1999,199.14179543251,6.26
SLE,2000,316.295381611064,126.271327233211
SLE,2001,429.050770132087,55.886978931566
SLE,2002,495.367985901161,105.59144471222
SLE,2003,602.571821357044,140.28156207203
SLE,2004,524.492305714481,184.096788118753
SLE,2005,608.780036106838,196.079830266371
SLE,2006,555.285142419114,208.213060570603
SLE,2007,626.636636947837,305.048757216004
SLE,2008,861.5538637611279,272.836903002211
SLE,2009,810.3950094939589,214.660239187248
SLE,2010,894.462864678252,291.992701132709
SLE,2011,1571.21822781982,358.031518766755
SLE,2012,1668.54609638149,901.2644037673989
SLE,2013,1447.55589775316,1666.58921647527
SLE,2014,1377.1668492532,1985.86466244875
SLV,1875,2.637254953384399,3.117647171020508
SLV,1876,2.04077672958374,3.5
SLV,1877,2.510679721832275,3.845631122589111
SLV,1878,2.428155422210693,3.52038836479187
SLV,1879,2.474757194519043,4.007767200469971
SLV,1880,2.206730842590332,3.916346073150635
SLV,1881,2.600961446762085,4.713461399078369
SLV,1882,3.048076868057251,5.025961399078369
SLV,1883,2.308653831481934,5.635576725006104
SLV,1884,2.569902896881104,5.889320373535156
SLV,1885,2.051923036575317,5.496153831481934
SLV,1886,4.299029350280762,4.616504669189453
SLV,1887,2.425925970077515,3.87407398223877
SLV,1888,3.046268701553345,5.043283462524414
SLV,1889,2.153731346130371,4.234328269958496
SLV,1890,1.715000033378601,5.413571357727051
SLV,1891,2.285714387893677,5.05214262008667
SLV,1892,4.112857341766357,4.884285926818848
SLV,1893,1.343478202819824,5.428985595703125
SLV,1894,1.561870455741882,4.756114959716797
SLV,1895,2.079999923706055,9.979999542236328
SLV,1896,2.410000085830689,5.389999866485596
SLV,1897,2.440000057220459,5.170000076293945
SLV,1898,2.460000038146973,4.949999809265137
SLV,1899,2.490000009536743,4.739999771118164
SLV,1900,4.671428680419922,7.857142925262451
SLV,1901,4.642857074737549,7.857142925262451
SLV,1902,4.964028835296631,7.194244384765625
SLV,1903,5.539568424224854,10.07194232940674
SLV,1904,3.474903583526611,6.563706398010254
SLV,1905,4.340000152587891,5.639999866485596
SLV,1906,3.90625,6.25
SLV,1907,3.372549057006836,5.882352828979492
SLV,1908,4.330708503723145,5.905511856079102
SLV,1909,4.280155658721924,6.614786148071289
SLV,1910,4.296875,7.03125
SLV,1911,5.058365821838379,8.560311317443848
SLV,1912,6.25,8.59375
SLV,1913,6.090000152587891,23.52000045776367
SLV,1914,5.050000190734863,10.80000019073486
SLV,1915,4.022164821624756,10.60000038146973
SLV,1916,2.195404767990112,10.38095283508301
SLV,1917,6.523809432983398,10.1904764175415
SLV,1918,5.857142925262451,11.8095235824585
SLV,1919,9.130000114440918,10.30000019073486
SLV,1920,12.61999988555908,17.94000053405762
SLV,1921,9.0,9.0
SLV,1922,7.425742626190186,16.33663368225098
SLV,1923,8.95522403717041,17.41293525695801
SLV,1924,13.93034839630127,24.37810897827148
SLV,1925,19.40298461914063,16.9154224395752
SLV,1926,26.0,24.5
SLV,1927,14.92537307739258,13.93034839630127
SLV,1928,19.0,24.5
SLV,1929,18.0,18.5
SLV,1930,11.71813678741455,13.38872528076172
SLV,1931,7.425742626190186,11.38613891601563
SLV,1932,5.67685604095459,6.113537311553955
SLV,1933,6.374502182006836,7.968127727508545
SLV,1934,6.603773593902588,7.54716968536377
SLV,1935,9.0,11.0
SLV,1936,8.399999618530273,9.600000381469727
SLV,1937,10.39999961853027,14.80000019073486
SLV,1938,9.0,10.0
SLV,1939,8.800000190734863,12.10000038146973
SLV,1940,8.092000007629395,10.46000003814697
SLV,1941,8.303999900817871,10.05599975585938
SLV,1942,8.574296951293945,17.44578361511231
SLV,1943,11.84337329864502,21.62650680541992
SLV,1944,12.24400043487549,22.18400001525879
SLV,1945,13.50800037384033,20.98399925231934
SLV,1946,20.79999923706055,25.39999961853027
SLV,1947,36.79999923706055,39.70000076293945
SLV,1948,40.59999847412109,44.90000152587891
SLV,1949,38.0,54.09999847412109
SLV,1950,46.0,68.5999984741211
SLV,1951,62.59999847412109,84.5
SLV,1952,66.5999984741211,87.9000015258789
SLV,1953,70.9000015258789,88.5
SLV,1954,86.9000015258789,105.0
SLV,1955,91.9000015258789,106.9000015258789
SLV,1956,104.5999984741211,112.5999984741211
SLV,1957,115.1999969482422,138.3000030517578
SLV,1958,108.3000030517578,115.9000015258789
SLV,1959,99.69999694824219,113.0
SLV,1960,122.2,116.7
SLV,1961,108.4,119.2
SLV,1962,124.6,136.3
SLV,1963,151.5,154.0
SLV,1964,190.9,178.1
SLV,1965,199.8,188.4
SLV,1966,219.5,192.1
SLV,1967,223.2,206.8
SLV,1968,210.2,210.6
SLV,1969,208.414,201.355
SLV,1970,213.576,236.184
SLV,1971,247.662,244.931
SLV,1972,278.101,301.717
SLV,1973,371.041,358.928
SLV,1974,563.704,462.496
SLV,1975,598.729,514.243
SLV,1976,717.867,720.719
SLV,1977,944.92,973.975
SLV,1978,1029.958,843.494
SLV,1979,1039.544,1223.435
SLV,1980,971.401,1070.317
SLV,1981,981.362,796.506
SLV,1982,856.731,699.445
SLV,1983,891.507,741.301
SLV,1984,977.427,717.571
SLV,1985,961.374,678.97
SLV,1986,911.851,734.695
SLV,1987,994.068,590.934
SLV,1988,1006.9708,608.7596
SLV,1989,1161.354,497.528
SLV,1990,1276.69803879289,586.0120945728887
SLV,1991,1406.550561330562,588.2434927234927
SLV,1992,1698.504,597.511
SLV,1993,1953.02237691049,736.831999958824
SLV,1994,2574.171,1249.118
SLV,1995,2627.670481,985.201733
SLV,1996,2660.49362101657,1020.173478126783
SLV,1997,2948.804992,1353.903427
SLV,1998,3091.383233,1257.070382
SLV,1999,3123.8154,1176.644
SLV,2000,4947.56955244,2941.30647767
SLV,2001,5026.76392285,2863.774313239999
SLV,2002,5184.4517668,2995.03820732
SLV,2003,5754.26750318,3128.0361601
SLV,2004,6328.93345562,3304.60847998
SLV,2005,6689.651322,3418.22449734
SLV,2006,7662.580145970001,3705.58308404
SLV,2007,8711.72879137,3984.00951556
SLV,2008,9754.38769056,4549.05430428
SLV,2009,7254.72523311,3797.2035095
SLV,2010,8546.811748,4457.188267000001
SLV,2011,9964.503322440001,5308.12668487
SLV,2012,10268.99352294,5339.033004890001
SLV,2013,10760.482819,5490.581959
SLV,2014,10510.257693,5272.354227
SMR,1992,,
SMR,1993,,
SMR,1994,,
SMR,1995,,
SMR,1996,,
SMR,1997,,
SMR,1998,,
SMR,1999,,
SMR,2000,,
SMR,2001,,
SMR,2002,,
SMR,2003,,
SMR,2004,,
SMR,2005,,
SMR,2006,,
SOM,1960,,23.0
SOM,1961,,26.3
SOM,1962,37.8,26.03000068664551
SOM,1963,44.6,32.0
SOM,1964,53.9,35.9
SOM,1965,49.3,41.79999923706055
SOM,1966,26.6,32.9
SOM,1967,30.6,19.1
SOM,1968,47.57,29.68
SOM,1969,51.77,32.469
SOM,1970,45.105,31.345
SOM,1971,62.659,34.502
SOM,1972,77.562,43.416
SOM,1973,107.952,46.602
SOM,1974,127.406,62.038
SOM,1975,162.217,88.578
SOM,1976,155.657,94.279
SOM,1977,227.391,62.031
SOM,1978,241.336,106.558
SOM,1979,445.9299926757813,143.5
SOM,1980,347.838,132.588
SOM,1981,511.737,152.424146171949
SOM,1982,330.037,199.309
SOM,1983,348.816,107.8
SOM,1984,256.243,63.631
SOM,1985,238.983,108.743
SOM,1986,284.077,80.392
SOM,1987,459.6401710084541,140.99506876708
SOM,1988,298.264435456881,126.136662154575
SOM,1989,399.407643820613,120.069729843748
SOM,1990,394.437213349432,150.324553337811
SOM,1991,161.125532822336,98.3302929902282
SOM,1992,227.149095804135,129.996674431937
SOM,1993,291.574812311177,121.242539326463
SOM,1994,297.459829089102,151.927700745353
SOM,1995,244.738597479595,172.040517961403
SOM,1996,282.884391945017,192.228161563246
SOM,1997,290.715050007616,157.347245538676
SOM,1998,257.198161868973,126.769542895324
SOM,1999,285.037711980794,116.35487107471
SOM,2000,328.674078424991,117.653415627633
SOM,2001,339.837066280257,79.50943151827151
SOM,2002,391.270777807381,114.530830993041
SOM,2003,421.396329029074,147.268877833962
SOM,2004,544.3038632172379,185.392885861875
SOM,2005,616.30065208485,242.08791639278
SOM,2006,866.402136227141,289.785268689987
SOM,2007,975.083645393299,354.683404768911
SOM,2008,1317.07479312791,438.58036805037
SOM,2009,1166.38298371576,451.011659823153
SOM,2010,1363.45028456343,527.338719323581
SOM,2011,1788.96690652112,602.241090795388
SOM,2012,1900.41260700295,669.268075672961
SOM,2013,2198.21884974364,800.583073103283
SOM,2014,2655.95444686962,781.740745172099
SRB,1878,7.722007751464844,7.335907459259033
SRB,1879,8.092485427856445,7.514451026916504
SRB,1880,8.84615421295166,6.730769157409668
SRB,1881,8.269230842590332,7.692307472229004
SRB,1882,9.213051795959473,7.677543163299561
SRB,1883,9.615385055541992,7.692307472229004
SRB,1884,9.845560073852539,7.722007751464844
SRB,1885,7.61904764175415,7.238095283508301
SRB,1886,10.01926803588867,7.899807453155518
SRB,1887,6.857142925262451,6.857142925262451
SRB,1888,6.717850208282471,7.485604763031006
SRB,1889,6.730769157409668,7.5
SRB,1890,7.238095283508301,8.7619047164917
SRB,1891,8.174904823303223,9.885931968688965
SRB,1892,7.074569702148438,8.795411109924316
SRB,1893,7.899807453155518,9.441232681274414
SRB,1894,6.730769157409668,8.84615421295166
SRB,1895,5.415860652923584,8.317214965820312
SRB,1896,6.382978916168213,10.25145053863525
SRB,1897,8.637235641479492,10.74856090545654
SRB,1898,7.839388370513916,10.89866161346436
SRB,1899,8.795411109924316,12.61950302124023
SRB,1900,10.32504749298096,12.61950302124023
SRB,1901,8.413002014160156,12.61950302124023
SRB,1902,8.637235641479492,13.81957817077637
SRB,1903,11.11111068725586,11.49425315856934
SRB,1904,11.7988395690918,11.992262840271
SRB,1905,10.91617965698242,14.03508758544922
SRB,1906,8.59375,14.0625
SRB,1907,13.89432525634766,15.8512716293335
SRB,1908,14.9606294631958,15.35433101654053
SRB,1909,14.42495155334473,18.12865447998047
SRB,1910,16.6015625,15.234375
SRB,1911,22.41715431213379,22.8070182800293
SRB,1912,20.703125,16.40625
SRB,1913,,
SRB,1914,,
SRB,1915,,
SRB,1916,,
SRB,1917,,
SRB,1918,,
SRB,1919,,
SRB,1920,127.6611404418945,48.65561676025391
SRB,1921,97.56097412109375,58.25242614746094
SRB,1922,87.0740966796875,49.8918342590332
SRB,1923,89.08662414550781,86.29931640625
SRB,1924,105.3846130371094,122.3076934814453
SRB,1925,149.2158203125,151.8070220947266
SRB,1926,134.6629028320313,138.0162353515625
SRB,1927,135.4515075683594,118.9149017333984
SRB,1928,137.9795837402344,113.3403701782227
SRB,1929,133.5092315673828,139.3139801025391
SRB,1930,123.0551605224609,119.8727035522461
SRB,1931,84.86563110351562,84.86563110351562
SRB,1932,46.9314079284668,50.21332550048828
SRB,1933,50.71315383911133,59.51752090454102
SRB,1934,81.04426574707031,88.08172607421875
SRB,1935,83.0,93.0
SRB,1936,93.70693969726562,100.5971527099609
SRB,1937,120.5902709960938,144.5699768066406
SRB,1938,114.0,117.0
SRB,1939,108.0,125.3000030517578
SRB,1940,135.2280426025391,150.0786285400391
SRB,1941,,
SRB,1944,,
SRB,1945,20.60000038146973,8.199999809265137
SRB,1946,35.90000152587891,54.90000152587891
SRB,1947,163.6999969482422,163.6999969482422
SRB,1948,312.0,296.8999938964844
SRB,1949,289.0,190.0
SRB,1950,231.0,156.0
SRB,1951,379.0,181.0
SRB,1952,367.0,244.0
SRB,1953,392.0,184.0
SRB,1954,334.0,238.0
SRB,1955,434.0,255.0
SRB,1956,466.0,322.0
SRB,1957,648.0,393.0
SRB,1958,674.0,436.0
SRB,1959,678.0,476.0
SRB,1960,822.6,565.4
SRB,1961,882.3,553.2
SRB,1962,867.0,687.0
SRB,1963,1036.4,785.5
SRB,1964,1292.6,887.3
SRB,1965,1264.6,1090.0
SRB,1966,1551.2,1221.5
SRB,1967,1688.3,1250.8
SRB,1968,1772.2,1256.7
SRB,1969,2107.51,1472.44
SRB,1970,2864.14,1682.91
SRB,1971,3242.93,1819.68
SRB,1972,3219.77,2237.54
SRB,1973,4513.1,2853.26
SRB,1974,7544.15,3805.1
SRB,1975,7696.82,4072.51
SRB,1976,7367.0,4865.95
SRB,1977,9634.25,5254.22
SRB,1978,9988.47,5668.22
SRB,1979,12861.35,6491.66
SRB,1980,15101.19,8976.56
SRB,1981,15817.36,10928.92
SRB,1982,13338.39,10245.81
SRB,1983,12149.12,9908.8
SRB,1984,11992.48,10242.51
SRB,1985,12163.34,10641.42
SRB,1986,11762.45,10310.7
SRB,1987,12603.54,11432.77
SRB,1988,13155.49,12601.46
SRB,1989,14833.224,13599.094
SRB,1990,19226.911,14356.079
SRB,1991,16939.4000663852,15959.7472017722
SRB,1992,12467.3921133338,10841.2043734992
SRB,1993,,
SRB,1994,,
SRB,1995,,
SRB,1996,,
SRB,1997,,
SRB,1998,,
SRB,1999,,
SRB,2000,,
SRB,2001,,
SRB,2002,,
SRB,2003,,
SRB,2004,,
SRB,2005,,
SRB,2006,,
SRB,2007,,
SRB,2008,,
SRB,2009,,
STP,1960,,4.33
STP,1961,,3.49
STP,1962,,2.5
STP,1963,,2.3
STP,1964,,2.7
STP,1965,,2.9
STP,1966,,2.6
STP,1967,,2.0
STP,1968,,2.4
STP,1969,7.8,8.5
STP,1970,9.0,8.1
STP,1971,,
STP,1972,,
STP,1973,9.8,13.1
STP,1974,9.0,17.4
STP,1975,10.5,7.1
STP,1976,8.5,8.2
STP,1977,12.3,22.8
STP,1978,14.6899995803833,20.81999969482422
STP,1979,16.79000091552734,18.86000061035156
STP,1980,18.88999938964844,16.88999938964844
STP,1981,20.988,13.66363636363637
STP,1982,22.968,9.3
STP,1983,8.019,6.443636363636361
STP,1984,9.910591132954366,7.718181818181823
STP,1985,12.798995,7.410909090909094
STP,1986,11.95147319396281,7.450909090909085
STP,1987,16.06692251459634,6.861818181818197
STP,1988,37.9518910352232,13.7856592296152
STP,1989,43.45981278591332,9.812089325088813
STP,1990,50.76645813293369,29.08273749654519
STP,1991,35.10648153909204,21.11873626179505
STP,1992,35.2534759843499,5.117390528462097
STP,1993,41.1988458676185,7.75497642011704
STP,1994,54.1286130782724,8.95456284505156
STP,1995,44.2468993705605,6.5285457507364
STP,1996,37.8504815670932,7.61834494946712
STP,1997,41.3081632585813,9.24501942317788
STP,1998,48.4469917339724,16.1323518930163
STP,1999,53.1752595973334,12.4294808696399
STP,2000,39.84676547341159,17.6227335097438
STP,2001,53.59514382914161,11.485254943342
STP,2002,61.7703913328612,8.666815191545929
STP,2003,63.6256248303937,11.6670452061333
STP,2004,64.8228911912957,9.46268159680523
STP,2005,65.3337519592211,17.9153399210312
STP,2006,80.79616242992421,8.39096031618536
STP,2007,82.36280858078601,8.754746045410169
STP,2008,106.643748393307,6.56511886686626
STP,2009,98.28919000239671,9.18061429961548
STP,2010,118.057733097869,11.8804669556923
STP,2011,111.5598979923,8.981971898387009
STP,2012,101.854946162767,8.64283790483854
STP,2013,102.869163865192,7.567214463451821
STP,2014,118.484131771081,14.6147787702274
SUR,1960,54.4,44.1
SUR,1961,53.3,41.6
SUR,1962,,
SUR,1963,58.8,46.4
SUR,1964,80.5,
SUR,1965,95.2,57.3
SUR,1966,89.7,87.1
SUR,1967,102.564,105.076
SUR,1968,99.953,114.817
SUR,1969,110.06,130.691
SUR,1970,115.414,133.931
SUR,1971,125.92,156.151
SUR,1972,143.679,170.672
SUR,1973,157.147,178.786
SUR,1974,229.252,269.518
SUR,1975,253.599,277.489
SUR,1976,293.658,274.898
SUR,1977,395.859,309.701
SUR,1978,405.988,368.813
SUR,1979,426.262,398.233
SUR,1980,484.184,447.855
SUR,1981,554.702,449.226
SUR,1982,512.439,402.84
SUR,1983,427.246,344.782
SUR,1984,389.38,356.89
SUR,1985,329.08,328.68
SUR,1986,328.4522128851538,335.2086274509804
SUR,1987,294.6761904761906,306.2560224089637
SUR,1988,351.1271428571424,409.4948459383755
SUR,1989,442.8442577030814,531.7764705882352
SUR,1990,483.6390801790593,455.5938375350137
SUR,1991,513.983649268867,361.2852843395664
SUR,1992,553.759101327703,390.7299522962335
SUR,1993,1031.42780580948,1193.128779251945
SUR,1994,432.502392257921,452.6885063877808
SUR,1995,586.170964495561,482.1115931712894
SUR,1996,501.564079,438.9282708181818
SUR,1997,658.141,701.32
SUR,1998,551.63,436.04
SUR,1999,501.479201167312,586.628493369491
SUR,2000,479.873359893373,498.393517799811
SUR,2001,209.574881341919,171.122830228083
SUR,2002,213.857011509534,185.378344585065
SUR,2003,270.579402646079,217.710691769349
SUR,2004,270.727973051245,279.303881331037
SUR,2005,339.690205735204,340.128252959121
SUR,2006,329.052864182232,410.296659316629
SUR,2007,380.656784961749,475.994260112933
SUR,2008,512.556751255462,615.3108186939891
SUR,2009,507.321222899912,489.621029778223
SUR,2010,509.190141930431,737.808845675827
SUR,2011,501.44187378017,732.8560631329569
SUR,2012,525.229248031607,710.670995902851
SUR,2013,700.428820726404,650.1009830104031
SUR,2014,1802.01113485724,1260.22840779746
SVK,1993,6967.784476399999,5464.292327
SVK,1994,7272.389257100001,6691.282811
SVK,1995,9647.6366954,8579.200394
SVK,1996,12029.976871,8830.677409
SVK,1997,12891.798947,9641.959852
SVK,1998,14380.387427,10720.38732
SVK,1999,12453.387852,10233.46031
SVK,2000,14054.187873,11873.770486
SVK,2001,16258.4860272561,12645.0928521614
SVK,2002,18146.4332228961,14366.4904636125
SVK,2003,23388.8784985709,20406.670699655
SVK,2004,29391.0362597234,24820.1635725438
SVK,2005,34531.3027,31794.0149
SVK,2006,45101.6385,41966.4535
SVK,2007,60830.6926,58669.9397
SVK,2008,73978.0196,71240.4803
SVK,2009,55773.3609,56245.2292
SVK,2010,63471.96,61408.923
SVK,2011,78127.1372,75175.0486
SVK,2012,75656.5101,76293.7982
SVK,2013,80471.1968,80535.487
SVK,2014,80729.5917,81922.2209
SVN,1992,,
SVN,1993,6866.039,6240.31172727273
SVN,1994,8025.99,7232.321
SVN,1995,9645.388,8389.459
SVN,1996,9429.384,8311.903
SVN,1997,9357.465,8372.311
SVN,1998,10067.707,9034.39237
SVN,1999,9889.024695200002,8504.8221078
SVN,2000,10089.501244,8728.838544
SVN,2001,10124.561576,9189.571202
SVN,2002,10932.459119,10356.969777
SVN,2003,13850.8726162216,12728.1914646468
SVN,2004,18380.6369421631,14363.5190959641
SVN,2005,20287.1742,19214.5623
SVN,2006,24179.9232,23252.711
SVN,2007,31624.9839,30137.5012
SVN,2008,37131.9571,34240.3992
SVN,2009,26527.801,26185.7601
SVN,2010,30060.7448,29126.6593
SVN,2011,35488.9984,34701.9364
SVN,2012,32036.6079,32105.8457
SVN,2013,33287.4914,33880.0529
SVN,2014,34021.8684,36024.1769
SWE,1870,37.94038009643555,41.19241333007813
SWE,1871,44.17344284057617,43.08943176269531
SWE,1872,56.25,54.34782791137695
SWE,1873,72.73999786376953,59.47000122070313
SWE,1874,82.22000122070312,62.52999877929688
SWE,1875,71.83999633789062,55.34999847412109
SWE,1876,77.80999755859375,60.61999893188477
SWE,1877,81.30999755859375,57.86000061035156
SWE,1878,64.18000030517578,49.38999938964844
SWE,1879,60.68000030517578,49.88999938964844
SWE,1880,75.77999877929688,63.40999984741211
SWE,1881,77.19999694824219,59.81000137329102
SWE,1882,80.3499984741211,68.04000091552734
SWE,1883,89.48999786376953,68.7699966430664
SWE,1884,87.33000183105469,63.93999862670898
SWE,1885,91.0810775756836,66.48648834228516
SWE,1886,80.87431335449219,62.29508209228516
SWE,1887,78.64865112304688,66.75675964355469
SWE,1888,88.01090240478516,76.8392333984375
SWE,1889,101.3623962402344,82.28882598876953
SWE,1890,101.8918914794922,82.43243408203125
SWE,1891,99.19137573242188,87.06199645996094
SWE,1892,97.28997039794922,88.88888549804688
SWE,1893,90.95890045166016,89.8630142211914
SWE,1894,94.26229858398438,81.42076873779297
SWE,1895,94.58516693115234,85.55879211425781
SWE,1896,98.07691955566406,93.4065933227539
SWE,1897,108.7193450927734,97.54768371582031
SWE,1898,120.8672103881836,93.49593353271484
SWE,1899,136.6847839355469,97.28260803222656
SWE,1900,145.3804321289063,106.25
SWE,1901,125.0,95.92391204833984
SWE,1902,136.7847442626953,106.8119888305664
SWE,1903,144.0217437744141,119.8369598388672
SWE,1904,156.7123260498047,113.6986312866211
SWE,1905,160.7966918945313,124.3679580688477
SWE,1906,176.7313079833984,139.6121826171875
SWE,1907,187.2222290039063,145.8333282470703
SWE,1908,167.0391082763672,134.6368713378906
SWE,1909,169.6132659912109,130.6629791259766
SWE,1910,186.5647277832031,164.6844482421875
SWE,1911,190.6077423095703,183.4254150390625
SWE,1912,216.8975067138672,210.5263214111328
SWE,1913,229.4140930175781,221.5032501220703
SWE,1914,200.0,212.5
SWE,1915,314.5,362.5
SWE,1916,298.5714416503906,408.0952453613281
SWE,1917,199.0476226806641,364.2857055664063
SWE,1918,323.3333435058594,354.2857055664063
SWE,1919,679.5599975585938,422.5700073242188
SWE,1920,678.3482055664062,467.260986328125
SWE,1921,288.9311828613281,252.2415161132813
SWE,1922,290.4466552734375,300.9132080078125
SWE,1923,342.5567016601563,302.7245178222656
SWE,1924,376.6178588867188,339.4865112304688
SWE,1925,389.2930908203125,365.1300659179688
SWE,1926,398.7902526855469,380.0551452636719
SWE,1927,423.6719970703125,434.3978881835938
SWE,1928,458.2853088378906,420.7648620605469
SWE,1929,476.7516784667969,484.7868041992188
SWE,1930,446.8553771972656,416.2414855957031
SWE,1931,363.6547241210938,282.8425598144531
SWE,1932,221.1538391113281,182.1919250488281
SWE,1933,201.4651947021484,197.8022003173828
SWE,1934,337.7588195800781,337.7588195800781
SWE,1935,375.0,330.0
SWE,1936,417.7130737304688,386.9612121582031
SWE,1937,540.3201293945312,509.7359619140625
SWE,1938,523.0,463.0
SWE,1939,630.7999877929688,475.7000122070313
SWE,1940,477.6190490722656,316.1904907226563
SWE,1941,399.047607421875,320.2380981445313
SWE,1942,424.047607421875,314.047607421875
SWE,1943,433.5714416503906,407.6190490722656
SWE,1944,400.4761962890625,203.3333282470703
SWE,1945,258.8095092773438,418.5714416503906
SWE,1946,945.5,709.4000244140625
SWE,1947,1454.090087890625,901.5025024414062
SWE,1948,1358.0,1103.0
SWE,1949,1155.0,1134.0
SWE,1950,1158.0,1093.0
SWE,1951,1740.0,1770.0
SWE,1952,1703.0,1560.0
SWE,1953,1557.0,1474.0
SWE,1954,1735.0,1575.0
SWE,1955,1958.0,1717.0
SWE,1956,2172.0,1934.0
SWE,1957,2400.0,2126.0
SWE,1958,2340.0,2077.0
SWE,1959,2371.0,2196.0
SWE,1960,2835.5,2561.3
SWE,1961,2894.8,2733.1
SWE,1962,3084.5,2915.1
SWE,1963,3362.3,3190.5
SWE,1964,3838.8,3663.7
SWE,1965,4362.9,3961.3
SWE,1966,4568.3,4268.3
SWE,1967,4697.9,4524.2
SWE,1968,5117.2,4932.2
SWE,1969,5903.0,5689.0
SWE,1970,7005.2,6781.3
SWE,1971,7076.1,7459.6
SWE,1972,8061.7,8758.1
SWE,1973,10625.5,12163.5
SWE,1974,16456.4,15899.0
SWE,1975,18030.7,17341.3
SWE,1976,19156.9,18434.6
SWE,1977,20114.3,19042.7
SWE,1978,20586.8,21784.6
SWE,1979,28735.4,27529.6
SWE,1980,31388.0,28278.2
SWE,1981,27066.0,26335.0
SWE,1982,26006.7,24758.5
SWE,1983,24545.3,25142.6
SWE,1984,24644.9,26923.0
SWE,1985,26365.4,27690.2
SWE,1986,29826.6,34205.6
SWE,1987,37574.6,41092.1
SWE,1988,42072.5,46233.1692978235
SWE,1989,44843.87335950421,47704.8044689811
SWE,1990,49353.9991889426,53066.4649295505
SWE,1991,45406.2663879314,51189.3498467499
SWE,1992,45535.7354169777,51994.5565768721
SWE,1993,39055.2214107463,46463.2616374974
SWE,1994,48051.815909082,56867.1340090747
SWE,1995,64567.9491116526,79619.6093775145
SWE,1996,66584.14470301059,84469.89883147451
SWE,1997,65437.26683910591,82701.44719599691
SWE,1998,68238.3777475219,84725.9763154563
SWE,1999,62695.1075536055,84793.4649120505
SWE,2000,72954.3597676443,87875.9753101974
SWE,2001,63541.5201653123,78181.5649532798
SWE,2002,67450.8769943005,82894.0668701262
SWE,2003,83258.8902034253,102234.979916886
SWE,2004,100220.579204968,122993.444348486
SWE,2005,111593.3566,130914.3094
SWE,2006,127691.5995,147870.4739
SWE,2007,153429.2974,168988.443
SWE,2008,169063.7909,183981.5353
SWE,2009,120098.6848,130874.9635
SWE,2010,147017.9656,150214.3916
SWE,2011,174762.6448,175670.7986
SWE,2012,162881.5152,163229.9502
SWE,2013,158998.9493,159645.766
SWE,2014,161120.0279,157939.2578
SWZ,1960,,
SWZ,1961,,
SWZ,1962,,
SWZ,1963,,
SWZ,1964,,
SWZ,1965,,
SWZ,1966,,
SWZ,1967,,
SWZ,1968,,58.47000122070313
SWZ,1969,,32.63263636363636
SWZ,1970,,59.14118181818182
SWZ,1971,,65.1865454545455
SWZ,1972,,70.0032727272727
SWZ,1973,,75.17890909090909
SWZ,1974,,123.823818181818
SWZ,1975,,132.280636363636
SWZ,1976,,156.612454545455
SWZ,1977,,156.7329090909091
SWZ,1978,,163.914636363636
SWZ,1979,,254.9762727272727
SWZ,1980,,254.764643749936
SWZ,1981,,235.3377037743556
SWZ,1982,,252.798592673836
SWZ,1983,,156.5270015779027
SWZ,1984,,188.6080019809
SWZ,1985,,166.972383518162
SWZ,1986,,213.3662064366195
SWZ,1987,,229.702929647837
SWZ,1988,,315.128513469762
SWZ,1989,,290.511889533303
SWZ,1990,,363.88417663572
SWZ,1991,,376.791491615697
SWZ,1992,,477.611099407754
SWZ,1993,,315.058719099601
SWZ,1994,,357.205003546772
SWZ,1995,,327.369296993996
SWZ,1996,,295.936174094715
SWZ,1997,,309.042487012773
SWZ,1998,,217.949570734599
SWZ,1999,,296.0817635457501
SWZ,2000,,332.594300892399
SWZ,2001,,367.102603135479
SWZ,2002,,511.978926181769
SWZ,2003,,588.825596794972
SWZ,2004,,804.842752483696
SWZ,2005,,894.823503392916
SWZ,2006,,967.228544253937
SWZ,2007,,949.2073378731379
SWZ,2008,,929.160522705172
SWZ,2009,,793.697977042859
SWZ,2010,,1963.90756169771
SWZ,2011,,790.129952880524
SWZ,2012,,2148.90608687956
SWZ,2013,,2264.41286599976
SWZ,2014,,2172.22725877034
SYC,1960,,
SYC,1961,,
SYC,1962,,
SYC,1963,,
SYC,1964,,
SYC,1965,,
SYC,1966,,
SYC,1967,,
SYC,1968,,
SYC,1969,,0.0798181818181818
SYC,1970,8.8,1.5
SYC,1971,14.1,1.3
SYC,1972,19.5,1.5
SYC,1973,24.6,2.0
SYC,1974,24.6,2.6
SYC,1975,30.3,2.0
SYC,1976,37.6,1.7
SYC,1977,45.3,9.6
SYC,1978,57.1,12.9
SYC,1979,83.7,16.8
SYC,1980,97.4,15.9
SYC,1981,93.1,16.8
SYC,1982,97.2,14.0
SYC,1983,84.1,19.2
SYC,1984,86.2,25.2
SYC,1985,94.2,27.3
SYC,1986,98.6281536621028,17.7
SYC,1987,94.8,20.6
SYC,1988,123.705893474096,73.37824603148431
SYC,1989,164.744363721169,117.106121474877
SYC,1990,186.456557177387,13.6408776630628
SYC,1991,172.366582272099,16.4860875004136
SYC,1992,192.309413874083,18.1441236392605
SYC,1993,238.442931950645,15.2746290815907
SYC,1994,206.255779186851,23.832166740065
SYC,1995,240.390491223263,24.576552555386
SYC,1996,380.281256923428,167.062934483348
SYC,1997,336.011256389107,68.41823467896819
SYC,1998,383.034318717011,90.3235819042446
SYC,1999,433.535586716788,108.1124923960008
SYC,2000,337.848606739803,123.665150847799
SYC,2001,469.753722053478,152.436303625668
SYC,2002,414.523026015657,174.816454887744
SYC,2003,414.241319824839,213.916054350811
SYC,2004,551.773395876016,369.781472841015
SYC,2005,758.003511904468,420.9788549415191
SYC,2006,836.640795901312,359.737572822679
SYC,2007,1040.6218396763,341.894312988697
SYC,2008,1366.23418667764,372.309345257028
SYC,2009,932.629538535873,329.601927424297
SYC,2010,1005.21831360807,355.724941327269
SYC,2011,1114.20173233504,362.465124294734
SYC,2012,1224.55788421385,423.092753811596
SYC,2013,1372.77847894033,535.416942345631
SYC,2014,1274.63273821652,506.43538256153
SYR,1946,89.16000366210938,18.0
SYR,1947,97.93000030517578,21.0
SYR,1948,106.6999969482422,27.0
SYR,1949,115.4599990844727,43.33000183105469
SYR,1950,140.1000061035156,109.8000030517578
SYR,1951,135.6999969482422,74.30000305175781
SYR,1952,140.6999969482422,84.69999694824219
SYR,1953,138.8999938964844,102.1999969482422
SYR,1954,186.0,129.8999938964844
SYR,1955,195.3999938964844,132.1000061035156
SYR,1956,204.1000061035156,144.3999938964844
SYR,1957,172.0,152.6000061035156
SYR,1958,202.8000030517578,110.8000030517578
SYR,1960,236.5,123.5
SYR,1961,197.1,110.5
SYR,1962,233.6,167.4
SYR,1963,228.4,188.7
SYR,1964,234.8,176.1
SYR,1965,212.3,168.7
SYR,1966,294.0,169.5
SYR,1967,263.8,154.7
SYR,1968,311.9,167.5
SYR,1969,369.1,206.64
SYR,1970,359.73,202.98
SYR,1971,440.26,205.75
SYR,1972,539.53,287.33
SYR,1973,613.25,351.03
SYR,1974,1229.7,784.31
SYR,1975,1685.43,929.99
SYR,1976,2362.23,1065.04
SYR,1977,2657.39,1063.12
SYR,1978,2458.66,1059.86
SYR,1979,3329.17,1644.22
SYR,1980,4116.99,2107.73
SYR,1981,5008.22,2101.94
SYR,1982,4014.76,2026.53
SYR,1983,4542.39,1936.24
SYR,1984,3977.41,1853.54
SYR,1985,3967.5,1637.79
SYR,1986,2642.74,1327.4
SYR,1987,2470.15,1354.85
SYR,1988,2226.60944320713,1343.73131403118
SYR,1989,2083.59654788419,3006.357171492203
SYR,1990,2392.29113585746,4210.20730512249
SYR,1991,2743.37879732739,3432.04570155902
SYR,1992,3454.38832962138,3083.28222717149
SYR,1993,4142.68792873051,3149.60231625835
SYR,1994,5251.269880569021,3314.064532341542
SYR,1995,4708.77630289532,3969.8693986637
SYR,1996,5331.545657015589,7534.57461024498
SYR,1997,4027.67928730513,7285.60356347441
SYR,1998,3895.32204899778,2890.20124721604
SYR,1999,3831.61015590201,3463.65986636971
SYR,2000,5403.55888637187,4761.34394381499
SYR,2001,6435.012215734259,6235.32156049783
SYR,2002,7201.4918286059,6676.532230780091
SYR,2003,8656.90338647526,5876.90470248189
SYR,2004,26331.435993853,23585.922724098
SYR,2005,14674.9118550017,8877.318502122771
SYR,2006,17180.3038365923,10353.294647423
SYR,2007,21605.7955787615,12178.3495510784
SYR,2008,27514.4187941747,15324.9174114193
SYR,2009,22775.4265880613,12552.7291932588
SYR,2010,26600.6499173824,16003.4571286718
SYR,2011,27517.4304366329,16793.9587484607
SYR,2012,19640.6813313268,12632.8574103157
SYR,2013,17853.6853613294,13638.6584595568
SYR,2014,19401.17365226,12703.3253296484
TCD,1960,25.0,13.2
TCD,1961,25.1,21.3
TCD,1962,29.2,16.7
TCD,1963,29.0,22.5
TCD,1964,34.8,26.5
TCD,1965,30.9,27.1
TCD,1966,31.8,23.8
TCD,1967,39.9,26.9
TCD,1968,53.6,30.5
TCD,1969,57.299,32.782
TCD,1970,64.988,29.696
TCD,1971,61.51,27.678
TCD,1972,61.287,35.754
TCD,1973,84.31,39.509
TCD,1974,86.731,37.54
TCD,1975,133.263,47.768
TCD,1976,115.3000030517578,100.8000030517578
TCD,1977,142.1900024414063,106.5899963378906
TCD,1978,192.3899993896484,102.0899963378906
TCD,1979,177.6399993896484,118.0899963378906
TCD,1980,162.8899993896484,134.1000061035156
TCD,1981,55.1639,71.2545454545454
TCD,1982,63.5141781386023,37.7009090909091
TCD,1983,83.71528071815311,109.6363636363637
TCD,1984,114.0019922683116,84.67175934151774
TCD,1985,145.525434924598,45.6765911784144
TCD,1986,106.250528965191,49.67967135874409
TCD,1987,126.685281891875,51.96986703388916
TCD,1988,144.730118283292,55.94473320905347
TCD,1989,175.719208017199,69.3561814815278
TCD,1990,167.490065318107,88.82177056914081
TCD,1991,168.04217851086,94.13678371605121
TCD,1992,140.707727460651,77.1713420017531
TCD,1993,114.096384185934,66.7909437128078
TCD,1994,109.073399475794,77.6659854654704
TCD,1995,163.167459793533,117.940594665238
TCD,1996,175.060114826388,117.082315560049
TCD,1997,132.825280239885,93.30882201711451
TCD,1998,179.019880550659,120.690106092497
TCD,1999,139.09755350592,98.1204278125633
TCD,2000,139.82137409114,87.5768902545131
TCD,2001,366.565918339324,76.592534892179
TCD,2002,460.807657695204,63.8817306602787
TCD,2003,348.959764766356,92.2955807680258
TCD,2004,399.356730826023,1074.51731164947
TCD,2005,476.988348066112,1980.75198987799
TCD,2006,537.8962290092289,2281.25105553944
TCD,2007,712.979467069441,2276.81307087399
TCD,2008,954.5641600802501,3582.97303186296
TCD,2009,1054.86000597841,2099.48497923395
TCD,2010,1194.28892720287,2656.86070552982
TCD,2011,952.721361205193,3556.08502761453
TCD,2012,982.618599252606,3017.97051750089
TCD,2013,1414.63171760307,2830.79322287162
TCD,2014,1554.33470912885,2717.2756679946
TGO,1960,0.4,1.0
TGO,1961,0.6,2.5
TGO,1962,27.1,17.1
TGO,1963,28.7,18.1
TGO,1964,41.3,30.0
TGO,1965,44.9,26.9
TGO,1966,47.1,36.0
TGO,1967,44.9,31.9
TGO,1968,46.2,38.3
TGO,1969,59.958,46.481
TGO,1970,67.037,55.137
TGO,1971,72.598,56.038
TGO,1972,84.892,50.26
TGO,1973,100.969,62.038
TGO,1974,118.955,187.834
TGO,1975,173.898,125.801
TGO,1976,185.843,103.523
TGO,1977,283.773,147.026
TGO,1978,447.128,234.956
TGO,1979,518.082,213.945
TGO,1980,550.684,337.36
TGO,1981,433.333,207.76
TGO,1982,390.503,177.024
TGO,1983,306.376540996713,162.2288357624332
TGO,1984,299.241431703597,193.121586605101
TGO,1985,288.04175744026,190.045324407287
TGO,1986,312.308889934318,203.728172815116
TGO,1987,420.685859265062,243.605232328414
TGO,1988,487.373,242.311
TGO,1989,471.868,245.073
TGO,1990,581.046,266.723
TGO,1991,445.407,267.058
TGO,1992,955.7207136526149,255.813078607821
TGO,1993,635.728086233526,195.932374184542
TGO,1994,706.798866680947,275.83488816736
TGO,1995,384.28531283784,221.8308127488569
TGO,1996,403.796478671715,238.666054103115
TGO,1997,373.450618320306,236.366133867428
TGO,1998,429.585211750348,252.633298898553
TGO,1999,341.672105863794,237.260708053451
TGO,2000,323.737151472162,192.432923568312
TGO,2001,354.848636860438,220.437283227973
TGO,2002,402.978064156004,249.1035315954
TGO,2003,568.2632778157589,417.008097708364
TGO,2004,556.811425372577,407.957216932909
TGO,2005,595.9646608067369,364.120564705382
TGO,2006,729.470425734167,387.779362776456
TGO,2007,787.156471527679,280.044397789025
TGO,2008,957.684753529647,688.2906339409191
TGO,2009,1335.87338675078,663.110125516645
TGO,2010,1357.99577667426,652.2410116801291
TGO,2011,1858.7397296468,846.3378253345719
TGO,2012,1869.52779329016,1055.92983500509
TGO,2013,2510.11376888344,1195.38964547855
TGO,2014,6815.61797823316,1179.70238992987
THA,1887,8.25,12.94999980926514
THA,1888,9.050000190734863,13.60000038146973
THA,1889,4.0,
THA,1890,15.63000011444092,14.69999980926514
THA,1891,8.260000228881836,15.61999988555908
THA,1892,4.285714149475098,4.857142925262451
THA,1893,5.714285850524902,16.5714282989502
THA,1894,6.0,11.7142858505249
THA,1895,6.571428775787354,11.14285755157471
THA,1896,6.857142925262451,13.14285755157471
THA,1897,7.142857074737549,14.2857141494751
THA,1898,8.285714149475098,15.7142858505249
THA,1899,10.0,15.14285755157471
THA,1900,12.89999961853027,15.44999980926514
THA,1901,12.2857141494751,21.42857170104981
THA,1902,13.79310321807861,24.71264457702637
THA,1903,13.35078525543213,19.10994720458984
THA,1904,18.05929946899414,26.95417785644531
THA,1905,19.96999931335449,29.94499969482422
THA,1906,19.59064292907715,30.9941520690918
THA,1907,24.90706253051758,36.43122863769531
THA,1908,25.0,37.31343460083008
THA,1909,23.8636360168457,38.25757598876953
THA,1910,23.48484802246094,41.28787994384766
THA,1911,25.75757598876953,31.81818199157715
THA,1912,27.37642669677734,31.17870712280273
THA,1913,34.52053070068359,43.92395401000977
THA,1914,30.04999923706055,38.90000152587891
THA,1915,29.0,40.75
THA,1916,32.19047546386719,44.47618865966797
THA,1917,35.57143020629883,45.33333206176758
THA,1918,37.76190567016602,59.52381134033203
THA,1919,38.61000061035156,60.68999862670898
THA,1920,59.89105606079102,26.88536643981934
THA,1921,57.52357864379883,72.2093505859375
THA,1922,57.08130264282227,67.14390563964844
THA,1923,60.48089599609375,77.85609436035156
THA,1924,68.30854034423828,78.9556884765625
THA,1925,72.25325012207031,95.169921875
THA,1926,75.78373718261719,93.38821411132812
THA,1927,86.90840911865234,119.0247802734375
THA,1928,82.11902618408203,109.0340728759766
THA,1929,89.39026641845703,93.8853988647461
THA,1930,69.19642639160156,72.09821319580078
THA,1931,42.19047546386719,49.43593215942383
THA,1932,38.98444366455078,56.51288986206055
THA,1933,27.85240936279297,38.49096298217773
THA,1934,95.0187759399414,74.27371215820312
THA,1935,49.0,67.0
THA,1936,49.14162826538086,66.39411926269531
THA,1937,49.17837905883789,79.3108139038086
THA,1938,57.0,78.0
THA,1939,57.0,94.4000015258789
THA,1940,,
THA,1941,,
THA,1942,,
THA,1943,,
THA,1944,,
THA,1945,,
THA,1946,74.0,87.5
THA,1947,111.4000015258789,97.5
THA,1948,148.8000030517578,200.6999969482422
THA,1949,186.1999969482422,303.8999938964844
THA,1950,209.0,304.0
THA,1951,272.0,367.0
THA,1952,304.0,329.0
THA,1953,330.0,323.0
THA,1954,312.0,283.0
THA,1955,334.0,335.0
THA,1956,327.0,235.0
THA,1957,368.0,261.0
THA,1958,383.0,257.0
THA,1959,407.0,298.0
THA,1960,434.0,344.2
THA,1961,468.4,399.2
THA,1962,540.1,383.9
THA,1963,591.4,387.8
THA,1964,655.5,458.1
THA,1965,717.9,490.9
THA,1966,895.7,689.4
THA,1967,1059.0,683.0
THA,1968,1142.4,654.5
THA,1969,1248.31,704.96
THA,1970,1298.52,709.93
THA,1971,1294.51,827.49
THA,1972,1484.26,1078.13
THA,1973,2032.2,1562.3
THA,1974,3144.75,2440.55
THA,1975,3189.56,2201.51
THA,1976,3571.96,2974.52
THA,1977,4615.43,3481.58
THA,1978,5355.19,4081.11
THA,1979,7164.34,5296.6
THA,1980,9218.46,6498.93
THA,1981,9956.43,7026.52
THA,1982,8535.6,6933.61
THA,1983,10282.88,6363.39
THA,1984,10415.3,7410.56
THA,1985,9271.17,7118.85
THA,1986,9184.33,8861.04
THA,1987,13014.43,11559.54
THA,1988,20302.2666842441,15906.2287489536
THA,1989,25375.516042456,20178.7598086613
THA,1990,33414.2848211086,23064.3851235167
THA,1991,37957.1361548667,28857.3008186615
THA,1992,40686.4100720765,32454.9429462189
THA,1993,46191.7377589592,37312.4279165345
THA,1994,55092.01501701261,46121.82007521691
THA,1995,77084.8719377793,58673.1601886277
THA,1996,74938.6031788385,56451.1018087677
THA,1997,63465.4629699717,58431.3321316515
THA,1998,43702.6514264981,55391.5193947586
THA,1999,50350.0570271628,58491.9148354394
THA,2000,61923.4658722358,68962.67235835589
THA,2001,62057.1134278769,65113.2438784026
THA,2002,64720.76418659301,68849.79068324741
THA,2003,75824.3198538413,80321.71161137731
THA,2004,94407.21146965401,96217.639502873
THA,2005,118143.177013455,110162.559748791
THA,2006,130605.41294856,130562.199986486
THA,2007,141294.386954914,153857.554282391
THA,2008,179167.895795324,175897.41248911
THA,2009,134734.437982664,151910.303326434
THA,2010,185121.343662584,193366.088514994
THA,2011,229137.402611983,220220.907042693
THA,2012,250588.02764417,227755.733686358
THA,2013,249652.333881793,224863.527115083
THA,2014,228200.814131217,225242.30444056
TJK,1991,,
TJK,1992,72.9484040136087,29.3185421923387
TJK,1993,532.1071,349.7727
TJK,1994,546.9891,491.9036
TJK,1995,809.8847,748.5935
TJK,1996,668.0901,771.5324
TJK,1997,750.2805,803.3614
TJK,1998,710.9918,596.5659
TJK,1999,663.0146,688.6796
TJK,2000,670.5026,770.0
TJK,2001,693.5393,652.8684
TJK,2002,720.5,736.9
TJK,2003,880.8,797.2
TJK,2004,1191.3437,914.9
TJK,2005,1330.1,908.7
TJK,2006,1725.4,1399.0223
TJK,2007,2547.2,1468.1
TJK,2008,3266.7983,1443.7556
TJK,2009,2506.1087,1009.6068
TJK,2010,2656.9073,1194.7033
TJK,2011,4771.02385338449,993.977579092114
TJK,2012,4711.833159434261,1050.11191355605
TJK,2013,4946.49178984522,935.407088511995
TJK,2014,5843.7663077395,630.645548047274
TKM,1991,,
TKM,1992,141.485719423072,64.3398703039163
TKM,1993,586.315545081841,561.407212447168
TKM,1994,903.532903907221,1163.20989461539
TKM,1995,1364.018,1880.7263
TKM,1996,1313.457,1692.581
TKM,1997,1227.6558,751.4341
TKM,1998,1007.3,593.5
TKM,1999,1478.3,1187.06
TKM,2000,1787.8,2505.2
TKM,2001,2210.0,2555.0
TKM,2002,2128.091499,2815.746142
TKM,2003,2512.007031,3450.161715
TKM,2004,2677.78352713954,3530.7045000376
TKM,2005,2620.3457764376,4995.94673761401
TKM,2006,2546.43071653911,5695.09614210383
TKM,2007,3390.83565807909,6363.08024540353
TKM,2008,5514.13862744236,10271.1005800205
TKM,2009,6611.124111137709,3113.53101945102
TKM,2010,5696.5348375463,3315.70705438607
TKM,2011,7744.58662226995,7753.08671561365
TKM,2012,9852.93145313079,10664.091530769
TKM,2013,9660.04886027534,11938.750062908
TKM,2014,9782.023641250169,12388.9982607743
TLS,2002,,
TLS,2003,,
TLS,2004,,
TLS,2005,,
TLS,2006,,
TON,1960,,
TON,1961,,
TON,1962,,
TON,1963,,
TON,1964,,
TON,1965,,
TON,1966,,
TON,1967,,
TON,1968,,
TON,1969,,1.702
TON,1970,,1.745
TON,1971,,1.024
TON,1972,,1.608
TON,1973,,2.016
TON,1974,,5.121
TON,1975,,6.406
TON,1976,,4.396
TON,1977,,8.33
TON,1978,,6.854
TON,1979,29.299,7.838
TON,1980,34.313,8.162
TON,1981,40.324,8.603
TON,1982,41.801,4.35
TON,1983,37.533,5.264
TON,1984,41.224,8.776
TON,1985,41.356,5.009
TON,1986,39.856,5.823
TON,1987,47.946,6.727
TON,1988,62.9677105888727,9.7202515397145
TON,1989,59.6951634921634,10.2239316427543
TON,1990,66.9338299280128,12.7172390440287
TON,1991,65.6165561935898,17.2024477171478
TON,1992,62.5562898101321,12.9227778338375
TON,1993,61.61116199155791,16.93598709511905
TON,1994,69.27525370362356,14.31683083851746
TON,1995,77.31628831836012,14.64635328360106
TON,1996,74.66311009690517,12.58536573262993
TON,1997,72.72127072732346,10.08346203701931
TON,1998,68.78764456740274,7.512789217365429
TON,1999,72.8315589900751,12.497095839155
TON,2000,82.7028527153575,17.6411714441798
TON,2001,73.8829656501708,23.7672982408624
TON,2002,87.0595552347968,27.744101701922
TON,2003,101.467080074456,31.0329717568639
TON,2004,117.746358466587,27.520676205043
TON,2005,127.777061482275,19.2431926613082
TON,2006,138.900227848679,22.1412287801551
TON,2007,157.264484393595,18.2829130366536
TON,2008,161.766855847786,18.2869652356152
TON,2009,149.346919309242,13.9232764135616
TON,2010,202.683444814921,13.2232245799593
TON,2011,202.253819992276,17.1532830131841
TON,2012,216.954769322838,15.5296388541973
TON,2013,239.931237806909,14.976667552879
TON,2014,244.078754821397,15.577456954839
TTO,1960,292.4,287.1
TTO,1961,335.7,344.5
TTO,1962,353.2,345.8
TTO,1963,375.4,373.3
TTO,1964,422.8,405.0
TTO,1965,474.4,401.8
TTO,1966,457.6,431.3
TTO,1967,411.2,434.6
TTO,1968,420.0,456.2
TTO,1969,484.37,463.31
TTO,1970,543.71,480.42
TTO,1971,657.12,518.44
TTO,1972,764.69,556.62
TTO,1973,788.39,694.53
TTO,1974,1847.25,2027.86
TTO,1975,1471.8,1774.75
TTO,1976,1967.93,2205.28
TTO,1977,1788.79,2175.63
TTO,1978,1961.0,2018.1
TTO,1979,2082.63,2603.85
TTO,1980,3158.88,3902.69
TTO,1981,3101.27,3754.79
TTO,1982,3564.17,3083.61
TTO,1983,2502.78,2343.46
TTO,1984,1901.85,2128.76
TTO,1985,1588.29,2197.71
TTO,1986,1332.11,1371.51
TTO,1987,1165.96,1463.91
TTO,1988,1128.23,1386.74
TTO,1989,1244.28581976471,1551.55316658823
TTO,1990,1229.61868376471,1985.60432988235
TTO,1991,1647.09703317647,1981.93159788235
TTO,1992,1430.29401247059,1858.37299105882
TTO,1993,1386.8458448997,1628.70663714014
TTO,1994,1211.83490941875,2426.78918102396
TTO,1995,1967.7452501662,3056.36213975625
TTO,1996,2147.24270239058,2500.42320945968
TTO,1997,3028.10157267102,2543.85896184145
TTO,1998,3009.17385615104,2263.82829212451
TTO,1999,2742.99394100557,2804.81807950595
TTO,2000,2352.87211783026,3040.943864484515
TTO,2001,3561.4635675534,4284.94011957443
TTO,2002,3660.41398225226,3850.7745749638
TTO,2003,3629.25338671814,6562.23070506356
TTO,2004,4997.62620051731,8430.79836749325
TTO,2005,5273.310725325759,11376.6935232638
TTO,2006,5816.625989787341,13394.9340089144
TTO,2007,6728.7421827668,14848.9588761515
TTO,2008,9211.26134000813,19505.3644942968
TTO,2009,6758.08820203595,11910.3925659054
TTO,2010,6216.63093339013,14403.6592505073
TTO,2011,8458.00591235227,19363.701826228
TTO,2012,8257.761036657641,19829.0544251471
TTO,2013,8799.496992426411,19443.4683528547
TTO,2014,8035.5401386002,19053.9174280887
TUN,1870,,
TUN,1871,,
TUN,1872,,
TUN,1873,,
TUN,1874,,
TUN,1875,,
TUN,1876,2.312138795852661,2.890173435211182
TUN,1877,1.65703272819519,2.312138795852661
TUN,1878,1.915708780288696,1.494252920150757
TUN,1879,2.471482992172241,2.661597013473511
TUN,1880,,
TUN,1881,,
TUN,1956,189.5,110.6999969482422
TUN,1957,173.5,147.8999938964844
TUN,1958,151.8000030517578,152.3999938964844
TUN,1959,151.1000061035156,140.8999938964844
TUN,1960,191.1,119.5
TUN,1961,211.4,110.3
TUN,1962,215.2,115.7
TUN,1963,221.7,125.4
TUN,1964,249.0,128.8
TUN,1965,246.1,119.9
TUN,1966,249.9,140.9
TUN,1967,261.4,149.5
TUN,1968,217.8,159.5
TUN,1969,262.64,171.96
TUN,1970,306.19,183.87
TUN,1971,346.1,217.44
TUN,1972,459.95,310.87
TUN,1973,682.97,425.6
TUN,1974,1135.59,925.87
TUN,1975,1418.87,856.02
TUN,1976,1528.76,787.88
TUN,1977,1824.48,924.46
TUN,1978,2120.63,1110.54
TUN,1979,2822.12,1788.84
TUN,1980,3523.76,2233.89
TUN,1981,3940.3,2463.71
TUN,1982,3370.37,1976.28
TUN,1983,3169.99,1776.47
TUN,1984,3215.92,2150.66
TUN,1985,2776.15,1731.04
TUN,1986,2853.49,1729.94
TUN,1987,2837.4,2135.02
TUN,1988,3696.2,2392.876
TUN,1989,4620.10894825085,2936.70442544747
TUN,1990,6127.39760294286,3555.26442218571
TUN,1991,5526.27478036965,4085.17772853311
TUN,1992,6457.0146885388,4043.8854604284
TUN,1993,6213.25881744482,3804.28064990162
TUN,1994,6571.37325814651,4642.2130961845
TUN,1995,8031.91611227561,5783.86974176927
TUN,1996,7748.75223655712,5517.98953847734
TUN,1997,8934.870818034691,5762.74917734279
TUN,1998,8402.38487091336,5742.18173210818
TUN,1999,10194.4671224454,7266.61583278316
TUN,2000,8563.58066779344,5839.935271215089
TUN,2001,9520.545723346399,6605.70489934577
TUN,2002,9503.11825940165,6856.68258061333
TUN,2003,10895.8897907706,7749.29572473563
TUN,2004,12995.209292367,9379.13745717804
TUN,2005,13327.2358245767,10094.3032119826
TUN,2006,15028.2616607502,11370.0264187374
TUN,2007,19069.9878998199,14791.9029985107
TUN,2008,24541.9837791921,18627.8094255937
TUN,2009,19162.2314861788,13969.4189398456
TUN,2010,21888.3321904949,15849.246562107
TUN,2011,23524.750269336,17161.3571996165
TUN,2012,24021.7627432613,16298.1684231194
TUN,2013,23742.9961306736,16335.4710682759
TUN,2014,25929.396160486,15297.2819839773
TUR,1870,92.5,50.0
TUR,1871,92.5,50.0
TUR,1872,92.5,50.0
TUR,1873,92.5,50.0
TUR,1874,92.5,50.0
TUR,1875,92.5,50.0
TUR,1876,92.5,50.0
TUR,1877,92.5,50.0
TUR,1878,86.9565200805664,36.5217399597168
TUR,1879,82.60869598388672,38.26086807250977
TUR,1880,78.26087188720703,36.95652008056641
TUR,1881,82.60869598388672,47.82608795166016
TUR,1882,86.9565200805664,47.82608795166016
TUR,1883,86.9565200805664,52.17391204833984
TUR,1884,91.3043441772461,56.5217399597168
TUR,1885,86.9565200805664,52.17391204833984
TUR,1886,95.45454406738281,59.09090805053711
TUR,1887,86.9565200805664,47.82608795166016
TUR,1888,86.36363983154297,63.6363639831543
TUR,1889,95.45454406738281,68.18181610107422
TUR,1890,100.0,56.5217399597168
TUR,1891,108.6956558227539,65.21739196777344
TUR,1892,104.3478240966797,69.56521606445312
TUR,1893,109.0909118652344,59.09090805053711
TUR,1894,109.0909118652344,63.6363639831543
TUR,1895,95.45454406738281,72.7272720336914
TUR,1896,95.45454406738281,68.18181610107422
TUR,1897,104.5454559326172,68.18181610107422
TUR,1898,117.3913040161133,56.5217399597168
TUR,1899,104.3478240966797,69.56521606445312
TUR,1900,104.3478240966797,65.21739196777344
TUR,1901,102.2399978637695,63.91999816894531
TUR,1902,102.2399978637695,63.91999816894531
TUR,1903,102.2399978637695,63.91999816894531
TUR,1904,102.2399978637695,63.91999816894531
TUR,1905,134.5099945068359,84.36000061035156
TUR,1906,134.5099945068359,84.36000061035156
TUR,1907,109.0909118652344,77.2727279663086
TUR,1908,140.9090881347656,81.81818389892578
TUR,1909,159.0909118652344,81.81818389892578
TUR,1910,171.1818237304688,88.81818389892578
TUR,1911,199.6863708496094,139.5545501708984
TUR,1912,193.2899932861328,135.0899963378906
TUR,1913,190.9090881347656,100.0
TUR,1914,,
TUR,1915,,
TUR,1916,,
TUR,1917,,
TUR,1918,,
TUR,1919,20.0,21.0
TUR,1920,95.16629028320312,26.75617980957031
TUR,1921,68.16291809082031,17.06741523742676
TUR,1922,40.40714263916016,13.93154716491699
TUR,1923,83.69306182861328,48.93121337890625
TUR,1924,106.967399597168,87.77237701416016
TUR,1925,130.8108062744141,103.7837829589844
TUR,1926,124.1798934936523,98.63650512695312
TUR,1927,106.7666702270508,80.01060485839844
TUR,1928,115.2226791381836,89.45206451416016
TUR,1929,125.0224380493164,75.71414947509766
TUR,1930,70.14218139648438,71.56398010253906
TUR,1931,59.74528121948242,60.03537750244141
TUR,1932,40.94476318359375,48.23857116699219
TUR,1933,35.22452926635742,45.35943222045898
TUR,1934,64.28888702392578,68.2585220336914
TUR,1935,70.0,77.0
TUR,1936,74.0248031616211,94.1864013671875
TUR,1937,91.5031967163086,110.3871994018555
TUR,1938,119.0,115.0
TUR,1939,92.1875,99.21875
TUR,1940,49.64028930664063,79.85611724853516
TUR,1941,57.25190734863281,93.89312744140625
TUR,1942,110.6870193481445,125.9542007446289
TUR,1943,154.9618377685547,196.1832122802734
TUR,1944,125.1908416748047,177.0992431640625
TUR,1945,96.92308044433594,168.4615325927734
TUR,1946,170.22900390625,329.77099609375
TUR,1947,242.0494689941406,220.8480529785156
TUR,1948,345.0,193.0
TUR,1949,286.0,244.0
TUR,1950,281.0,260.0
TUR,1951,398.0,311.0
TUR,1952,549.0,360.0
TUR,1953,526.0,394.0
TUR,1954,476.0,334.0
TUR,1955,494.0,312.0
TUR,1956,404.0,304.0
TUR,1957,395.0,344.0
TUR,1958,313.0,246.0
TUR,1959,440.0,354.0
TUR,1960,467.7,319.0
TUR,1961,508.8,347.0
TUR,1962,619.3,380.9
TUR,1963,689.1,367.9
TUR,1964,541.8,410.9
TUR,1965,575.6,454.2
TUR,1966,724.3,490.6
TUR,1967,690.6,522.5
TUR,1968,770.4,495.9
TUR,1969,756.47,536.95
TUR,1970,888.58,588.49
TUR,1971,1086.0,676.63
TUR,1972,1511.78,892.16
TUR,1973,2095.6,1316.52
TUR,1974,3776.78,1531.96
TUR,1975,4737.82,1400.86
TUR,1976,5129.86,1960.16
TUR,1977,5796.85,1752.71
TUR,1978,4600.37,2288.31
TUR,1979,5066.07,2258.76
TUR,1980,7667.5,2913.78
TUR,1981,8931.47,4695.63
TUR,1982,8800.44,5746.84
TUR,1983,9187.24,5732.09
TUR,1984,10671.31,7133.02
TUR,1985,11274.63,7957.92
TUR,1986,11027.03,7455.92
TUR,1987,14654.876,10237.6
TUR,1988,14694.87,11753.02
TUR,1989,15934.376,11823.411
TUR,1990,23147.09,13384.46
TUR,1991,21132.33,13722.812
TUR,1992,24372.601,14595.879
TUR,1993,29355.0,15345.585
TUR,1994,23390.2,18284.501
TUR,1995,35763.118,21649.589
TUR,1996,42464.369755,23100.7505324
TUR,1997,48656.03,26245.506
TUR,1998,45932.659,27184.321
TUR,1999,40671.27262,26587.1294
TUR,2000,54502.82142,27774.906054
TUR,2001,41399.0839,31334.216363
TUR,2002,51554.369436,36059.281684
TUR,2003,69339.692061,47253.986396
TUR,2004,97340.653806,63016.888939
TUR,2005,116562.532073,73472.288786
TUR,2006,139458.284435,85410.477729
TUR,2007,169986.851,107153.90578
TUR,2008,201963.585,132027.195626
TUR,2009,140928.420716,102142.600359
TUR,2010,185544.331373,113883.207468
TUR,2011,240841.676274,134906.856925
TUR,2012,236545.140909,152461.725939
TUR,2013,251661.249616,151802.484465
TUR,2014,242176.944458,157620.406485
TUV,1960,,
TUV,1961,,
TUV,1962,,
TUV,1963,,
TUV,1964,,
TUV,1965,,
TUV,1966,,
TUV,1967,,
TUV,1968,,
TUV,1969,,
TUV,1970,,
TUV,1971,,
TUV,1972,,
TUV,1973,,
TUV,1974,,
TUV,1975,,
TUV,1976,,
TUV,1977,,
TUV,1978,,
TUV,1979,,
TUV,1980,,0.673
TUV,1981,,0.115
TUV,1982,,0.041
TUV,1983,,0.186
TUV,1984,,1.543
TUV,1985,,0.248
TUV,1986,,0.12
TUV,1987,,0.0579898769286427
TUV,1988,,0.2820541856276924
TUV,1989,,0.4858084696060817
TUV,1990,,0.2498638913916182
TUV,1991,,1.842140096708615
TUV,1992,,5.715660782282003
TUV,1993,,2.25811538146548
TUV,1994,,1.7991634969356
TUV,1995,,0.900830558349479
TUV,1996,,1.28003771326522
TUV,1997,,0.707958323257298
TUV,1998,,0.478887565193906
TUV,1999,,1.46111978531068
TUV,2000,,0.7276542912526329
TUV,2001,,0.9639044903184729
TUV,2002,,1.38257586154646
TUV,2003,,2.35139857047727
TUV,2004,,1.33829471689675
TUV,2005,,5.20032630780741
TUV,2006,,6.8970720776495
TUV,2007,,9.61120863153071
TUV,2008,,3.06207724445147
TUV,2009,,2.09743650572453
TUV,2010,,3.83290135856048
TUV,2011,,5.580697645691551
TUV,2012,,23.2721391150872
TUV,2013,,7.81069968876623
TUV,2014,,6.399098420113559
TWN,1949,59.0,65.0
TWN,1950,112.0,72.0
TWN,1951,142.0,93.0
TWN,1952,186.0,130.0
TWN,1953,192.0,128.0
TWN,1954,211.0,93.0
TWN,1955,201.0,123.0
TWN,1956,194.0,118.0
TWN,1957,212.0,148.0
TWN,1958,226.0,156.0
TWN,1959,231.0,157.0
TWN,1960,,167.82
TWN,1961,,214.99
TWN,1962,,236.869
TWN,1963,,305.53
TWN,1964,,377.3
TWN,1965,,433.48
TWN,1966,,449.78
TWN,1967,,581.326
TWN,1968,,772.871
TWN,1969,,991.063
TWN,1970,,1397.744272727273
TWN,1971,,1898.708090909091
TWN,1972,,2947.292727272728
TWN,1973,,4573.609454545455
TWN,1974,,5774.394272727273
TWN,1975,,5773.448
TWN,1976,,7989.764363636364
TWN,1977,,9799.343363636364
TWN,1978,,13352.77009090909
TWN,1979,,16906.6808360723
TWN,1980,,19831.31426091034
TWN,1981,,22634.59764851168
TWN,1982,,22815.8362965401
TWN,1983,,26161.6505685323
TWN,1984,,32181.9011013633
TWN,1985,,33791.568056361
TWN,1986,,42125.8907792322
TWN,1987,,56846.7140507948
TWN,1988,,64379.0910281272
TWN,1989,,68152.6245275981
TWN,1990,,72441.43488321519
TWN,1991,,81770.7612569699
TWN,1992,,89256.6146514886
TWN,1993,,98174.15145618691
TWN,1994,,106835.549231146
TWN,1995,,123880.998561307
TWN,1996,,129813.993827787
TWN,1997,,133909.851117927
TWN,1998,,128017.751917825
TWN,1999,,137077.620209718
TWN,2000,,168696.212861751
TWN,2001,,151098.27054607
TWN,2002,,162704.433736571
TWN,2003,,182764.28553692
TWN,2004,,226135.073704925
TWN,2005,,247970.924362797
TWN,2006,,282925.251880976
TWN,2007,,310376.133721704
TWN,2008,,320824.269344156
TWN,2009,,256968.3905647
TWN,2010,,337143.382985346
TWN,2011,,372151.843016311
TWN,2012,,377506.108836309
TWN,2013,,409889.564165649
TWN,2014,,415713.074464531
TZA,1960,82.7,154.2
TZA,1961,86.2,138.2
TZA,1962,84.0,147.4
TZA,1963,84.5,179.5
TZA,1964,122.3,197.6
TZA,1965,139.4,177.0
TZA,1966,179.7,235.4
TZA,1967,181.904,219.7
TZA,1968,255.381,240.208
TZA,1969,237.154,245.578
TZA,1970,318.383,260.492
TZA,1971,381.763,280.807
TZA,1972,402.909,319.638
TZA,1973,488.486,340.761
TZA,1974,812.828,420.11
TZA,1975,842.523,391.81
TZA,1976,656.066,492.756
TZA,1977,729.608,500.859
TZA,1978,1118.273,453.844
TZA,1979,1079.547,539.104
TZA,1980,1226.595,510.789
TZA,1981,1175.763,568.056
TZA,1982,1131.014,446.392
TZA,1983,796.614,371.326
TZA,1984,847.26,376.688
TZA,1985,1028.042,283.761
TZA,1986,779.839,344.777
TZA,1987,811.846,290.051
TZA,1988,822.876,275.083
TZA,1989,780.995,256.287
TZA,1990,1021.5429678071,415.347564864947
TZA,1991,1231.40342011798,412.972087755727
TZA,1992,1551.97455150632,474.264699727854
TZA,1993,1463.36597328982,470.683838559871
TZA,1994,1534.54505991432,542.695743581437
TZA,1995,1879.16219980815,697.083249426839
TZA,1996,1787.25641448052,763.463132934885
TZA,1997,1408.83615942887,619.814161381095
TZA,1998,1571.35437326814,588.421365475876
TZA,1999,1660.35816136111,621.527384903635
TZA,2000,1520.98044646118,735.144649104288
TZA,2001,1780.30181558879,774.771464937901
TZA,2002,1749.46665192917,948.8704426938581
TZA,2003,2469.53089162094,936.1652512695989
TZA,2004,3060.27664417457,1226.71061128257
TZA,2005,3562.09446168179,1493.75049449522
TZA,2006,4180.50392768646,1569.97386901643
TZA,2007,5562.25092042712,1776.77614252133
TZA,2008,7687.26864418681,2028.15250741841
TZA,2009,6516.17291909552,1942.4923273245
TZA,2010,7981.6251637929,2520.63668007412
TZA,2011,10780.6299954952,3116.95918666455
TZA,2012,11415.8893839055,3228.11792517322
TZA,2013,14341.0484556857,3842.81932209374
TZA,2014,15873.2013424586,4015.62480314051
UGA,1960,40.1,120.1
UGA,1961,41.1,115.0
UGA,1962,39.0,113.6
UGA,1963,50.7,153.2
UGA,1964,91.4,185.9
UGA,1965,113.4,178.6
UGA,1966,120.0,187.7
UGA,1967,116.1,183.4
UGA,1968,163.965,215.201
UGA,1969,175.111,225.236
UGA,1970,171.919,279.193
UGA,1971,246.561,260.694
UGA,1972,161.941,283.17
UGA,1973,162.536,310.379
UGA,1974,213.054,327.007
UGA,1975,196.642,278.13
UGA,1976,160.276,360.553
UGA,1977,246.876,564.932
UGA,1978,194.461,296.561
UGA,1979,175.352,277.656
UGA,1980,219.243,163.02
UGA,1981,328.723774817702,265.342936341275
UGA,1982,333.201622525913,356.3700000000002
UGA,1983,324.302073847549,326.164451683068
UGA,1984,289.706213191089,384.618029441559
UGA,1985,284.722826139354,381.546197883681
UGA,1986,358.516581424146,423.845795450137
UGA,1987,512.564867281335,302.52001336516
UGA,1988,472.697236341779,323.285206421692
UGA,1989,459.788430843467,274.592214210505
UGA,1990,581.5014779289941,181.445571876128
UGA,1991,401.700408413028,174.919011606653
UGA,1992,398.045428553716,179.422411984802
UGA,1993,460.731254201991,137.086231159411
UGA,1994,622.01735285338,375.228501398232
UGA,1995,872.0582029408409,528.949393055579
UGA,1996,838.001433516631,568.211259651108
UGA,1997,810.705055642586,599.790719188966
UGA,1998,855.99249923591,410.668157012752
UGA,1999,811.969075414834,384.591081534113
UGA,2000,958.14913215,401.63568543
UGA,2001,1006.3478279,451.58087482
UGA,2002,1073.58760389,467.6031599
UGA,2003,1374.98788212,534.00631023
UGA,2004,1726.23087494,653.41753112
UGA,2005,2053.9995034,812.4880477
UGA,2006,2557.25464777,961.93225724
UGA,2007,3495.02322018,1336.36153682
UGA,2008,4525.78557771,1722.19545219
UGA,2009,3001.25013132805,1226.95944509412
UGA,2010,3468.20536296122,1398.916927454
UGA,2011,4594.32402062611,1656.00596810418
UGA,2012,4589.51022561251,1693.76020425367
UGA,2013,4565.540961535,1829.45093555105
UGA,2014,4738.45580082433,1940.218395391
UKR,1991,,
UKR,1992,1941.48580873028,1511.36379682937
UKR,1993,4164.7756867007,4112.04985014839
UKR,1994,11082.40341444416,9531.068926241609
UKR,1995,20077.4136202813,15104.2744622965
UKR,1996,17586.2,14400.7
UKR,1997,17113.8,14233.7
UKR,1998,14675.5,12637.1
UKR,1999,11844.3,11582.5
UKR,2000,13954.7,14578.6
UKR,2001,15777.12801,16263.546
UKR,2002,16976.71685,17957.09485
UKR,2003,24091.13719,24271.12191
UKR,2004,28995.20259,32634.17079
UKR,2005,36153.29277208,33967.15669869
UKR,2006,44962.2848,38117.5299
UKR,2007,60073.2598,49248.0596
UKR,2008,85533.2532,66883.0611
UKR,2009,45462.89471,39824.66617
UKR,2010,60739.978683,51432.556499
UKR,2011,82606.930234,68411.557444
UKR,2012,84658.0599,68809.8106
UKR,2013,76963.965016,63308.213126
UKR,2014,54381.743909,53911.031359
URY,1882,17.5,21.25
URY,1883,19.51922988891602,24.23077011108398
URY,1884,23.88349533081055,24.07766914367676
URY,1885,25.81632614135742,25.81632614135742
URY,1886,21.04166603088379,24.79166603088379
URY,1887,25.10204124450684,19.08163261413574
URY,1888,30.4123706817627,28.86598014831543
URY,1889,37.93814468383789,26.80412292480469
URY,1890,32.36000061035156,29.07999992370606
URY,1891,19.38775444030762,27.5510196685791
URY,1892,18.96907234191895,26.80412292480469
URY,1893,20.52083396911621,28.85416603088379
URY,1894,24.53608322143555,34.53608322143555
URY,1895,25.53000068664551,30.40299987792969
URY,1896,26.5625,31.66666603088379
URY,1897,20.10309219360352,30.20618629455566
URY,1898,25.5670108795166,31.23711395263672
URY,1899,25.95959663391113,36.96969604492188
URY,1900,23.96999931335449,29.40999984741211
URY,1901,23.93939399719238,27.97979736328125
URY,1902,23.73737335205078,33.93939208984375
URY,1903,25.35353469848633,37.6767692565918
URY,1904,21.63265228271484,39.28571319580078
URY,1905,30.77799987792969,30.77400016784668
URY,1906,36.70212936401367,35.53191375732422
URY,1907,39.89361572265625,37.12765884399414
URY,1908,40.32258224487305,43.33333206176758
URY,1909,39.25531768798828,47.97872161865234
URY,1910,45.72499847412109,46.29000091552734
URY,1911,47.15789413452148,44.73684310913086
URY,1912,52.42105102539063,51.3684196472168
URY,1913,53.00315856933594,72.1010513305664
URY,1914,35.0,73.5
URY,1915,35.0,73.5
URY,1916,35.42856979370117,64.28571319580078
URY,1917,37.71428680419922,104.7619018554688
URY,1918,65.71428680419922,110.0
URY,1919,44.7599983215332,133.7200012207031
URY,1920,125.0443420410156,76.1811294555664
URY,1921,62.25165557861328,46.35761642456055
URY,1922,57.34265899658203,53.84615325927734
URY,1923,87.17948913574219,86.32478332519531
URY,1924,66.12903594970703,86.29032135009766
URY,1925,95.9595947265625,100.0
URY,1926,76.28865814208984,96.90721893310547
URY,1927,85.71428680419922,97.95918273925781
URY,1928,92.0,91.0
URY,1929,92.0,91.66999816894531
URY,1930,83.4598159790039,94.26541900634766
URY,1931,109.0,76.0
URY,1932,44.0,46.0
URY,1933,51.0,53.0
URY,1934,50.0,56.0
URY,1935,48.0,76.0
URY,1936,53.0,72.0
URY,1937,65.0,78.0
URY,1938,48.0,61.0
URY,1939,52.09999847412109,62.90000152587891
URY,1940,54.90000152587891,66.4000015258789
URY,1941,63.09999847412109,70.80000305175781
URY,1942,63.70000076293945,57.79999923706055
URY,1943,63.79999923706055,100.0
URY,1944,72.4000015258789,97.5999984741211
URY,1945,93.69999694824219,122.0
URY,1946,147.3999938964844,152.8000030517578
URY,1947,215.3000030517578,162.5
URY,1948,200.0,176.8000030517578
URY,1949,182.3999938964844,189.8000030517578
URY,1950,198.0,252.8999938964844
URY,1951,368.2000122070313,234.1000061035156
URY,1952,255.8999938964844,209.6999969482422
URY,1953,192.1000061035156,268.0
URY,1954,273.2000122070313,248.5
URY,1955,223.8999938964844,183.1999969482422
URY,1956,203.0,210.8000030517578
URY,1957,224.0,128.1000061035156
URY,1958,146.3999938964844,138.8000030517578
URY,1959,157.3000030517578,98.0999984741211
URY,1960,239.1,129.5
URY,1961,208.3,174.3
URY,1962,230.0,153.3
URY,1963,176.9,165.3
URY,1964,197.1,179.3
URY,1965,149.9,191.3
URY,1966,164.9,186.2
URY,1967,171.9,158.7
URY,1968,159.8,176.7
URY,1969,198.737,200.341
URY,1970,233.087,232.709
URY,1971,222.178,205.696
URY,1972,186.64,214.086
URY,1973,288.58,321.522
URY,1974,487.259,382.173
URY,1975,559.424,383.89
URY,1976,588.37,545.031
URY,1977,729.797,607.529
URY,1978,715.612,676.567
URY,1979,1194.389,788.863
URY,1980,1649.284,1058.969
URY,1981,1626.53,1182.613
URY,1982,1109.968,1032.282
URY,1983,624.229,1063.219
URY,1984,774.341,937.751
URY,1985,707.721,858.553
URY,1986,869.944,1088.039
URY,1987,1141.895,1189.142
URY,1988,1176.928,1446.325
URY,1989,1197.215,1612.61
URY,1990,1317.144,1730.447
URY,1991,1552.095,1587.981
URY,1992,2009.851,1620.203
URY,1993,2335.414601,1678.478576
URY,1994,2784.978,1913.947
URY,1995,2866.939,2120.878
URY,1996,3322.685,2397.234
URY,1997,3715.413,2729.551
URY,1998,3810.501,2770.041
URY,1999,3578.854646,2237.379445
URY,2000,3465.80971,2294.9879
URY,2001,3048.09368,2057.58011
URY,2002,2582.59654982539,2181.57626889838
URY,2003,2190.356854,2197.241293
URY,2004,3118.627545,2929.913272
URY,2005,3878.729873,3402.638107
URY,2006,6068.14431732888,4235.38010785863
URY,2007,7339.78041242939,5162.350571430569
URY,2008,10299.0988055707,7088.23354408151
URY,2009,8431.12916288601,6356.966091141559
URY,2010,10759.2175668502,8336.136704
URY,2011,13559.1116340033,9185.963542704121
URY,2012,14934.2732019772,9851.06006855278
URY,2013,15223.114470091,10514.1488784656
URY,2014,15847.0003718338,10526.0184069044
USA,1870,450.0,418.0
USA,1871,534.0,475.0
USA,1872,632.0,474.0
USA,1873,342.0299987792969,626.5900268554688
USA,1874,576.0,619.0
USA,1875,533.0,545.0599975585938
USA,1876,469.0,565.0
USA,1877,466.0,632.0
USA,1878,453.0,720.0
USA,1879,461.0,730.0
USA,1880,667.9500122070312,835.6300048828125
USA,1881,654.0,919.0
USA,1882,733.0,768.0
USA,1883,734.0,841.0
USA,1884,683.0,767.0
USA,1885,577.52001953125,726.6799926757812
USA,1886,653.0,710.0
USA,1887,709.0,742.0
USA,1888,739.0,724.0
USA,1889,763.0,779.0
USA,1890,789.3099975585938,845.2899780273438
USA,1891,863.0,907.0
USA,1892,847.0,1063.0
USA,1893,889.0,889.0
USA,1894,668.0,942.0
USA,1895,779.719970703125,863.2000122070312
USA,1896,809.0,944.0
USA,1897,796.0,1113.0
USA,1898,647.0,1286.0
USA,1899,728.0,1283.0
USA,1900,823.1699829101562,1460.4599609375
USA,1901,859.0,1552.0
USA,1902,931.0,1432.0
USA,1903,1050.0,1464.0
USA,1904,1019.0,1510.0
USA,1905,1226.56005859375,1743.859985351563
USA,1906,1271.0,1810.0
USA,1907,1458.0,1938.0
USA,1908,1228.0,1919.0
USA,1909,1326.0,1719.0
USA,1910,1527.219970703125,2049.320068359375
USA,1911,1573.0,2114.0
USA,1912,1700.0,2269.0
USA,1913,1792.589965820313,2484.010009765625
USA,1914,1924.0,2420.0
USA,1915,1703.0,2820.0
USA,1916,2424.0,5554.0
USA,1917,3005.0,6318.0
USA,1918,3105.0,6402.0
USA,1919,3993.0,8159.0
USA,1920,5278.47998046875,8228.009765625
USA,1921,2572.0,4537.0
USA,1922,3184.0,3895.0
USA,1923,3866.0,4239.0
USA,1924,3684.0,4701.0
USA,1925,4292.0,5009.0
USA,1926,4501.0,4901.0
USA,1927,4240.0,4941.0
USA,1928,4159.0,5215.0
USA,1929,4463.0,5324.0
USA,1930,3061.0,3843.0
USA,1931,2119.0,2451.0
USA,1932,1342.0,1625.0
USA,1933,1510.0,1694.0
USA,1934,1758.0,2149.0
USA,1935,2047.0,2283.0
USA,1936,2605.0,2468.0
USA,1937,3176.0,3361.0
USA,1938,1960.0,3094.0
USA,1939,2403.0,3192.0
USA,1940,2684.0,4025.0
USA,1941,3392.0,5153.0
USA,1942,2797.0,8081.0
USA,1943,3409.0,12996.0
USA,1944,3952.0,14386.0
USA,1945,4186.0,9897.0
USA,1946,5000.0,9775.0
USA,1947,5824.0,15369.0
USA,1948,7710.0,12470.0
USA,1949,7160.0,11920.0
USA,1950,9140.0,10220.0
USA,1951,11400.0,14920.0
USA,1952,11220.0,14950.0
USA,1953,11460.0,15330.0
USA,1954,10670.0,14690.0
USA,1955,11850.0,15410.0
USA,1956,13340.0,18870.0
USA,1957,13870.0,20600.0
USA,1958,14490.0,17840.0
USA,1959,16780.0,17560.0
USA,1960,16170.7,20536.0
USA,1961,15738.6,20960.0
USA,1962,17522.9,21617.0
USA,1963,18376.9,23276.0
USA,1964,20080.5,26485.0
USA,1965,22915.9,27375.8
USA,1966,27735.3,30405.4
USA,1967,28754.3,31564.4
USA,1968,35368.3,34567.6
USA,1969,38408.9,37964.0
USA,1970,42699.5,43221.8
USA,1971,48749.1,44144.6
USA,1972,59343.0,49814.6
USA,1973,74296.6,71431.7
USA,1974,110112.2,98600.7
USA,1975,105521.0,107698.3
USA,1976,132227.0,115108.3
USA,1977,160446.9,121352.1
USA,1978,186071.9,143818.9
USA,1979,222406.7,182073.4
USA,1980,257097.8,220927.3
USA,1981,273480.8,233913.6
USA,1982,254933.8,212451.6
USA,1983,269944.3,200662.9
USA,1984,341240.7,218069.7
USA,1985,361691.8,213335.3
USA,1986,387136.4,217451.3
USA,1987,424124.6,252997.0
USA,1988,459797.2,319451.4
USA,1989,493351.073,363873.755
USA,1990,517018.6,393100.7
USA,1991,509319.7,421857.1
USA,1992,552613.3,447385.9
USA,1993,603009.1,465943.4
USA,1994,689371.0,512484.97
USA,1995,771093.0,583565.1
USA,1996,817853.5,623063.9
USA,1997,898712.6,687710.7
USA,1998,944693.1,680522.2
USA,1999,1048483.0,690792.5
USA,2000,1238248.2,772146.8
USA,2001,1180171.1,731026.0
USA,2002,1202414.8,693254.6
USA,2003,1305311.5,723791.5
USA,2004,1525472.2,816535.0
USA,2005,1732518.7,904300.3
USA,2006,1919239.9,1037032.9
USA,2007,2017379.7,1162639.5
USA,2008,2165980.9,1300081.5
USA,2009,1603549.1,1056899.5
USA,2010,1968115.2,1277486.2
USA,2011,2264979.6,1480528.2
USA,2012,2335550.7,1544876.7
USA,2013,2330788.8,1578829.8
USA,2014,2345185.753472,1623420.67519
UZB,1991,,
UZB,1992,300.084948110003,161.5642881026891
UZB,1993,918.035440814771,692.7561767271691
UZB,1994,2454.92700024444,1990.84004075329
UZB,1995,3029.86708101129,2717.87656570498
UZB,1996,4854.12505794123,2619.64934935571
UZB,1997,4537.85815504213,2896.10090416802
UZB,1998,2930.93422847731,2310.317608138
UZB,1999,2481.21354412691,1962.72396811336
UZB,2000,2071.85426813073,2182.14625425899
UZB,2001,2288.58318795663,2091.50367069539
UZB,2002,2075.62492648556,1553.20581605412
UZB,2003,2484.46124451832,2017.60518093124
UZB,2004,3162.21048585576,2732.6255925837
UZB,2005,3568.74818068412,3616.18614485325
UZB,2006,4491.92418119464,5257.90798046996
UZB,2007,7029.61869755058,6314.49575697567
UZB,2008,10125.2672254383,7510.94061060868
UZB,2009,9028.52234042856,4801.247006231321
UZB,2010,9243.50227768465,5577.29087931328
UZB,2011,10719.0364410429,5648.24365478753
UZB,2012,11943.3772644832,5302.08966253763
UZB,2013,14186.7316521443,6261.03620609255
UZB,2014,15033.9348394442,5403.90584419014
VCT,1960,,
VCT,1961,,
VCT,1962,,
VCT,1963,,
VCT,1964,,
VCT,1965,,
VCT,1966,,
VCT,1967,,
VCT,1968,,
VCT,1969,,
VCT,1970,,
VCT,1971,,
VCT,1972,,
VCT,1973,,
VCT,1974,,
VCT,1975,,
VCT,1976,,0.002
VCT,1977,30.344,9.995
VCT,1978,36.181,16.413
VCT,1979,46.327,14.792
VCT,1980,57.10148150263019,15.43666667238393
VCT,1981,58.19074076229281,24.0518518607599
VCT,1982,65.118888913007,32.24370371564583
VCT,1983,70.36592595198736,41.05444445964973
VCT,1984,21.99939647049385,18.30121178507485
VCT,1985,29.05283260362795,29.57812641859329
VCT,1986,87.2992592749019,63.83888890160419
VCT,1987,97.9899999999999,51.65666666666667
VCT,1988,122.243834814815,85.2514688888889
VCT,1989,127.473921481482,74.60448111111113
VCT,1990,135.95037037037,82.72111161307187
VCT,1991,139.680740740741,67.1162962962963
VCT,1992,124.5559259259259,78.86518518518524
VCT,1993,134.848022222222,57.85614851851852
VCT,1994,129.898243333333,50.36506370370373
VCT,1995,136.321348148148,44.5298011111111
VCT,1996,146.212027618518,52.88952213333339
VCT,1997,172.126883703704,46.06445888888888
VCT,1998,192.154877037036,49.64645259259258
VCT,1999,200.762101851852,49.40395037037038
VCT,2000,161.672818148148,50.59021222222224
VCT,2001,171.831222222222,41.62128925925926
VCT,2002,178.49074037037,39.29558259259259
VCT,2003,201.261282222222,38.09190925925925
VCT,2004,225.221811111111,36.6107411111111
VCT,2005,240.527646296296,39.88056703703703
VCT,2006,573.760302654624,217.073219437735
VCT,2007,592.079944704123,187.495262130965
VCT,2008,795.8382547903959,310.72266512382
VCT,2009,656.860644508509,234.703834262727
VCT,2010,657.828785650343,138.626982266861
VCT,2011,711.302689410304,92.2874481285655
VCT,2012,585.373427335531,79.7769506260815
VCT,2013,656.942715152714,91.712488345329
VCT,2014,601.061163986295,83.40247023542281
VDR,1954,275.0,75.0
VDR,1955,261.6000061035156,60.59999847412109
VDR,1956,216.0,43.70000076293945
VDR,1957,287.2000122070313,78.0999984741211
VDR,1958,226.3000030517578,49.0
VDR,1959,224.3000030517578,75.0
VDR,1960,,
VDR,1961,,
VDR,1962,,
VDR,1963,,
VDR,1964,,
VDR,1965,,
VDR,1966,,
VDR,1967,,
VDR,1968,,
VDR,1969,,
VDR,1970,,
VDR,1971,,
VDR,1972,,
VDR,1973,,
VDR,1974,,
VDR,1975,,
VEN,1870,4.457364559173584,10.65891456604004
VEN,1871,7.751937866210938,11.62790679931641
VEN,1872,8.914729118347168,13.56589126586914
VEN,1873,5.232558250427246,14.34108543395996
VEN,1874,10.29126167297363,16.89320373535156
VEN,1875,14.56310653686523,15.7281551361084
VEN,1876,14.17475700378418,13.78640747070313
VEN,1877,12.62135887145996,14.56310653686523
VEN,1878,8.092485427856445,11.17533683776856
VEN,1879,9.423076629638672,10.0
VEN,1880,15.72000026702881,17.45000076293945
VEN,1881,16.07999992370606,18.03000068664551
VEN,1882,16.44000053405762,18.6200008392334
VEN,1883,16.79999923706055,19.20000076293945
VEN,1884,16.60231590270996,18.72586822509766
VEN,1885,15.47000026702881,17.93000030517578
VEN,1886,14.80000019073486,17.29999923706055
VEN,1887,14.14000034332275,16.65999984741211
VEN,1888,15.16314792633057,17.27447128295898
VEN,1889,15.57692337036133,18.65384674072266
VEN,1890,12.7619047164917,22.85714340209961
VEN,1891,13.4980993270874,19.96197700500488
VEN,1892,10.13384342193604,17.01720809936523
VEN,1893,14.0655107498169,20.80924797058106
VEN,1894,11.92307662963867,19.03846168518066
VEN,1895,11.7988395690918,21.47002029418945
VEN,1896,13.34622859954834,17.98839378356934
VEN,1897,8.445297241210938,14.20345497131348
VEN,1898,13.76673030853272,17.78202629089356
VEN,1899,10.32504749298096,14.9139575958252
VEN,1900,10.5162525177002,15.10516262054443
VEN,1901,10.70745658874512,15.29636669158936
VEN,1902,5.395009517669678,7.610556602478027
VEN,1903,5.36398458480835,7.662835121154785
VEN,1904,11.41199207305908,15.667311668396
VEN,1905,8.762767791748047,15.78596496582031
VEN,1906,8.7890625,15.8203125
VEN,1907,10.17612552642822,15.8512716293335
VEN,1908,10.62992095947266,15.35433101654053
VEN,1909,9.551656723022461,16.17933654785156
VEN,1910,12.83500003814697,18.60000038146973
VEN,1911,18.51851844787598,22.22222137451172
VEN,1912,20.8984375,24.21875
VEN,1913,18.28180122375488,29.89549827575684
VEN,1914,11.69999980926514,20.5
VEN,1915,17.70000076293945,24.95000076293945
VEN,1916,25.33333396911621,22.80952453613281
VEN,1917,16.09523773193359,18.66666603088379
VEN,1918,24.9523811340332,46.28571319580078
VEN,1919,25.53000068664551,47.34999847412109
VEN,1920,60.84401702880859,32.96216201782227
VEN,1921,18.53281784057617,24.51737403869629
VEN,1922,17.51313400268555,23.2924690246582
VEN,1923,27.97074890136719,27.97074890136719
VEN,1924,37.04414749145508,40.69097900390625
VEN,1925,52.7938346862793,63.00577926635742
VEN,1926,77.90697479248047,75.77519226074219
VEN,1927,68.5114517211914,83.96946716308594
VEN,1928,73.84615325927734,116.1538467407227
VEN,1929,85.52123260498047,149.4208526611328
VEN,1930,70.25096893310547,147.2007751464844
VEN,1931,38.33333206176758,118.3333358764648
VEN,1932,22.97297286987305,100.0
VEN,1933,22.8799991607666,52.15999984741211
VEN,1934,30.89622688293457,97.64151000976562
VEN,1935,42.0,182.0
VEN,1936,54.63917541503906,150.0
VEN,1937,77.15736389160156,152.0304565429688
VEN,1938,96.0,269.0
VEN,1939,133.3000030517578,165.1000061035156
VEN,1940,97.79874420166016,153.1446533203125
VEN,1941,88.34355926513672,220.2453918457031
VEN,1942,64.47761535644531,149.55224609375
VEN,1943,66.2686538696289,185.0746307373047
VEN,1944,111.3432846069336,258.8059692382813
VEN,1945,180.0,332.2388000488281
VEN,1946,295.6000061035156,551.0
VEN,1947,558.4000244140625,793.5
VEN,1948,797.0,1042.0
VEN,1949,819.7000122070312,1147.199951171875
VEN,1950,594.0,1161.0
VEN,1951,704.0,1352.0
VEN,1952,832.0,1460.0
VEN,1953,900.0,1440.0
VEN,1954,995.0,1689.0
VEN,1955,1073.0,1862.0
VEN,1956,1129.0,2106.0
VEN,1957,1834.0,2350.0
VEN,1958,1570.0,1553.0
VEN,1959,1551.0,2351.0
VEN,1960,1167.3,2511.8
VEN,1961,1089.7,2404.2
VEN,1962,1089.5,2582.1
VEN,1963,955.1,2607.5
VEN,1964,1262.8,2721.4
VEN,1965,1453.1,2760.3
VEN,1966,1337.1,2693.9
VEN,1967,1477.4,2844.3
VEN,1968,1714.0,2835.7
VEN,1969,1729.6,2871.4
VEN,1970,1958.0,3172.0
VEN,1971,2017.1,3090.0
VEN,1972,2368.6,3126.0
VEN,1973,2773.9,4792.0
VEN,1974,4171.7,10998.9
VEN,1975,5860.1,8732.2
VEN,1976,7106.0,9259.9
VEN,1977,9902.7,9507.2
VEN,1978,11660.6,9201.7
VEN,1979,10573.8,14292.8
VEN,1980,12301.7,19260.8
VEN,1981,13307.4,20001.9
VEN,1982,12815.0,16957.0
VEN,1983,6364.6,14755.0
VEN,1984,7707.7,16094.0
VEN,1985,8034.4,14189.0
VEN,1986,8398.5,8412.0
VEN,1987,9582.0,9062.9
VEN,1988,12623.8376,10148.185
VEN,1989,7569.0406,12432.647
VEN,1990,6682.3242341583,18044.425
VEN,1991,11046.2792,16337.145
VEN,1992,13575.8843,14065.247
VEN,1993,12398.606,14692.327
VEN,1994,8089.785785,17089.793
VEN,1995,10793.762174,19093.0284
VEN,1996,10471.938852,26599.353591
VEN,1997,14755.123469,26320.104834
VEN,1998,16147.711415,20191.426098
VEN,1999,13213.0,20823.0
VEN,2000,18960.355711,33358.19136
VEN,2001,21695.11828,26935.85857
VEN,2002,15003.716134,26641.19927
VEN,2003,8342.11491,27229.235002
VEN,2004,15169.563898,39667.682144
VEN,2005,21853.5792,55716.416328
VEN,2006,30558.747004,65577.99976
VEN,2007,42482.6555291898,69010.0
VEN,2008,46938.3019110356,95138.0
VEN,2009,38183.6511443792,57595.0
VEN,2010,32576.0551573166,65786.0
VEN,2011,36228.9569468849,91338.172
VEN,2012,64888.5057365063,91029.2132579124
VEN,2013,51920.6347629778,85615.6296941009
VEN,2014,43693.7989832166,79171.6019560445
VNM,1954,,
VNM,1955,,
VNM,1956,,
VNM,1957,,
VNM,1958,,
VNM,1959,,
VNM,1960,239.6,84.8
VNM,1961,252.9,68.8
VNM,1962,265.632,61.506
VNM,1963,199.859,43.479
VNM,1964,126.287,1.982
VNM,1965,161.906,1.417
VNM,1966,235.979,1.197
VNM,1967,118.043,0.263
VNM,1968,92.242,0.179
VNM,1969,175.044,0.157
VNM,1970,257.0,0.192
VNM,1971,272.0,1.572
VNM,1972,392.992,2.193
VNM,1973,304.515,12.213
VNM,1974,1285.0,98.0
VNM,1975,728.0900268554688,107.0899963378906
VNM,1976,517.5,130.6000061035156
VNM,1977,676.0900268554688,132.6000061035156
VNM,1978,1006.289978027344,147.1900024414063
VNM,1979,945.5,154.6900024414063
VNM,1980,931.4000244140625,158.8899993896484
VNM,1981,565.697,141.419265782326
VNM,1982,434.694646669536,179.055454545454
VNM,1983,408.0166126514137,204.552611604031
VNM,1984,524.796090617186,249.972400328887
VNM,1985,1842.24,692.7
VNM,1986,2155.081,789.054
VNM,1987,2455.098,854.199
VNM,1988,2756.66,1038.434
VNM,1989,3032.112,2472.204
VNM,1990,2842.105,2524.639
VNM,1991,2482.856,2188.867
VNM,1992,3027.250000000002,2917.68
VNM,1993,3923.955,2985.159
VNM,1994,5825.806,4054.266
VNM,1995,8358.518,5620.00690909091
VNM,1996,11284.931,7461.55087272727
VNM,1997,11875.115,9484.342
VNM,1998,11309.806,9306.984
VNM,1999,11742.086,11541.366
VNM,2000,15636.528,14482.743
VNM,2001,16218.0,15029.235
VNM,2002,19745.6,16706.1
VNM,2003,25260.634,20149.515
VNM,2004,31968.8,26485.0
VNM,2005,36761.1,32447.1
VNM,2006,44891.1,39826.2
VNM,2007,62764.7,48561.4
VNM,2008,80713.8,62685.1
VNM,2009,69948.8,57195.71
VNM,2010,83364.782887,69820.145067
VNM,2011,104509.72,92880.54
VNM,2012,111640.276919,110794.606666
VNM,2013,129004.436,126648.629
VNM,2014,144557.595451731,143039.434548648
VUT,1960,,5.41
VUT,1961,,4.6
VUT,1962,,4.81
VUT,1963,,7.41
VUT,1964,6.746,9.021
VUT,1965,7.023,9.124
VUT,1966,8.16,10.383
VUT,1967,9.635,11.848
VUT,1968,10.117,11.624
VUT,1969,11.31,10.857
VUT,1970,14.028,12.602
VUT,1971,19.258,13.666
VUT,1972,25.912,13.334
VUT,1973,30.738,18.804
VUT,1974,44.106,27.105
VUT,1975,33.645,10.13
VUT,1976,,16.391
VUT,1977,,36.695
VUT,1978,,42.325
VUT,1979,,47.121
VUT,1980,75.192,35.861
VUT,1981,58.201,32.181
VUT,1982,58.852,22.872
VUT,1983,63.962,21.52442190218348
VUT,1984,58.72018810927822,44.28391938217346
VUT,1985,60.21785944488416,43.0916472910205
VUT,1986,55.66772199156134,25.5951360190789
VUT,1987,67.82026870178048,22.06014431151807
VUT,1988,67.66524886083427,33.01753427712168
VUT,1989,258.8038421919266,13.88718420107719
VUT,1990,285.7145971808181,24.90356181991217
VUT,1991,108.5632206475069,22.68043245146331
VUT,1992,108.643849031315,38.58505373801147
VUT,1993,194.8901720651508,46.27948990828962
VUT,1994,150.6339696981233,27.832405816235
VUT,1995,151.203791767186,29.0117549056805
VUT,1996,173.894035163009,39.0713041986545
VUT,1997,181.1308184107147,61.01923140960875
VUT,1998,141.611306716634,79.63004549845553
VUT,1999,195.562973940953,90.82110251340596
VUT,2000,123.942762957415,86.3100190917251
VUT,2001,174.742552256505,36.46140532473731
VUT,2002,132.625537914326,56.3064057276971
VUT,2003,209.501155588412,76.6156683270238
VUT,2004,229.798817508208,192.400283439933
VUT,2005,267.871212386402,227.415696754528
VUT,2006,271.1114837195871,217.350426035354
VUT,2007,316.993663552527,334.795728881692
VUT,2008,441.567877385597,504.201546599653
VUT,2009,462.052462724055,175.382795046433
VUT,2010,986.030499312138,213.557406149574
VUT,2011,551.743710082231,228.10046838831
VUT,2012,729.7110602256939,361.023501189089
VUT,2013,970.856044610021,249.51862168734
VUT,2014,620.321828361951,170.243174399607
WRG,1870,,
WRG,1871,,
WSM,1960,,3.93
WSM,1961,,3.73
WSM,1962,,4.15
WSM,1963,,3.23
WSM,1964,9.5,6.8
WSM,1965,8.9,5.5
WSM,1966,7.8,4.6
WSM,1967,7.4,4.4
WSM,1968,7.6,5.4
WSM,1969,10.23,6.444
WSM,1970,13.4,4.5
WSM,1971,13.2,6.3
WSM,1972,19.0,5.1
WSM,1973,23.565,6.545
WSM,1974,27.37,12.709
WSM,1975,35.487,7.208
WSM,1976,29.614,6.859
WSM,1977,41.382,15.254
WSM,1978,53.994,10.134
WSM,1979,71.376,18.762
WSM,1980,62.584,17.809
WSM,1981,67.107,12.195
WSM,1982,49.774,14.308
WSM,1983,51.20902192284061,17.392
WSM,1984,50.33132904312949,21.029
WSM,1985,64.775,27.263
WSM,1986,58.656,10.487
WSM,1987,75.8004268412513,11.079
WSM,1988,84.6513800281607,15.852
WSM,1989,94.0675479262979,13.6851881081994
WSM,1990,100.090653251447,12.4617119861092
WSM,1991,99.1754759662329,8.16027331916567
WSM,1992,110.672699074528,5.803287004862864
WSM,1993,103.119302944715,6.434830264364328
WSM,1994,80.4523424878837,3.97692130163859
WSM,1995,143.693321803239,60.9001492204127
WSM,1996,162.872429327007,64.7540547797966
WSM,1997,143.044010414377,64.6851908248858
WSM,1998,146.461170933123,73.9729401830623
WSM,1999,161.638851050083,64.7918922656133
WSM,2000,274.143421519282,68.7217279809719
WSM,2001,276.533927112797,70.0865206547595
WSM,2002,179.128973741729,77.7119214662756
WSM,2003,255.12732990913,104.72859863785
WSM,2004,288.761544825225,95.84108915540091
WSM,2005,641.00619,233.0744
WSM,2006,317.523656880273,131.319935398276
WSM,2007,343.159188861483,162.76995270058
WSM,2008,374.716258393287,153.254112266495
WSM,2009,340.98717393232,120.31973868785
WSM,2010,461.13452912005,134.037925013601
WSM,2011,493.031345161292,138.232471345066
WSM,2012,499.433688018305,149.728724949874
WSM,2013,474.674905849574,178.946609376886
WSM,2014,452.011555428653,140.174134293516
YEM,1926,33.49499893188477,26.2549991607666
YEM,1927,38.45000076293945,30.23500061035156
YEM,1928,32.15999984741211,26.54000091552734
YEM,1929,31.41500091552734,22.64999961853027
YEM,1930,24.76499938964844,16.17499923706055
YEM,1931,22.39999961853027,14.22500038146973
YEM,1932,14.61034488677979,8.996551513671875
YEM,1933,14.21724128723145,9.086206436157227
YEM,1934,22.75263214111328,12.90526294708252
YEM,1935,28.05999946594238,17.23500061035156
YEM,1936,26.95499992370606,16.17000007629395
YEM,1937,30.46500015258789,17.71500015258789
YEM,1938,30.625,16.10000038146973
YEM,1939,19.79166603088379,10.16666698455811
YEM,1940,,
YEM,1941,,
YEM,1942,,
YEM,1943,,
YEM,1944,,
YEM,1945,51.66666793823242,26.41666603088379
YEM,1946,68.25,30.04166603088379
YEM,1947,105.1666641235352,50.91666793823242
YEM,1948,113.8333358764648,54.04166793823242
YEM,1949,121.5925903320313,111.2962951660156
YEM,1950,119.6571426391602,112.8285751342773
YEM,1951,143.971435546875,127.7428588867188
YEM,1952,161.6000061035156,130.4857177734375
YEM,1953,175.0857086181641,118.4000015258789
YEM,1954,190.3142852783203,127.8857116699219
YEM,1955,202.2857208251953,180.1428527832031
YEM,1956,206.7142791748047,184.3142852783203
YEM,1957,206.8000030517578,182.6999969482422
YEM,1958,186.8999938964844,156.6999969482422
YEM,1959,192.3000030517578,149.1000061035156
YEM,1960,,6.7
YEM,1961,,6.8
YEM,1962,,7.4
YEM,1963,,7.1
YEM,1964,,10.8
YEM,1965,,10.0
YEM,1966,,10.0
YEM,1967,,7.18
YEM,1968,,10.35
YEM,1969,,8.78
YEM,1970,31.727,2.8
YEM,1971,34.204,3.971
YEM,1972,80.804,4.371
YEM,1973,122.278,7.797
YEM,1974,189.839,13.302
YEM,1975,293.92,10.894
YEM,1976,412.443,7.66
YEM,1977,1039.976,11.094
YEM,1978,1283.301,6.862
YEM,1979,1491.932,13.519
YEM,1980,1852.985,22.605
YEM,1981,1759.14658942659,47.472
YEM,1982,1521.0520551279,39.444
YEM,1983,1617.60366079146,26.767
YEM,1984,1555.93648722913,64.8234923959507
YEM,1985,1313.4607062019,66.7084729344768
YEM,1986,1159.17198927985,44.9748893478172
YEM,1987,883.943110394843,30.7776309427881
YEM,1988,1383.97107282961,637.399352113867
YEM,1989,1303.8397294241,1000.09061069804
YEM,1990,,
YEM,1991,2037.4810990841,506.478608535107
YEM,1992,2611.27810158201,329.658242298085
YEM,1993,2862.30432972523,374.238551207328
YEM,1994,2093.57185678601,933.866028309742
YEM,1995,1587.16778681254,1945.04245004949
YEM,1996,1852.25510976216,2412.86507196692
YEM,1997,1839.42536197266,2479.7992800048
YEM,1998,2167.40050534166,1497.48159550589
YEM,1999,2008.43022979525,2440.36899744197
YEM,2000,2323.68783584628,4078.75219465944
YEM,2001,2465.69004871398,3373.20575674634
YEM,2002,2777.11131103203,3274.59987473309
YEM,2003,4269.85002968644,3722.5796320103
YEM,2004,3984.5817481543,4078.3334346573
YEM,2005,4800.0481918359,5610.91356462484
YEM,2006,7962.581012776651,6683.94256914219
YEM,2007,9885.44843396134,6796.31183533591
YEM,2008,11113.8652142669,9541.45105423281
YEM,2009,9816.068188130199,4887.601845291621
YEM,2010,10771.4365230572,7803.29359383762
YEM,2011,10433.2224565067,9681.94909133214
YEM,2012,14142.4511444437,8788.41113673078
YEM,2013,15539.3143714389,9681.0825263356
YEM,2014,15387.2271733894,9634.89353937387
YMD,1960,208.0,155.4
YMD,1961,223.6,169.2
YMD,1962,232.5,172.4
YMD,1963,269.6,188.5
YMD,1964,293.7,198.1
YMD,1965,295.6,175.4
YMD,1966,288.1,187.1
YMD,1967,194.64,108.05
YMD,1968,202.79,109.9
YMD,1969,218.26,143.24
YMD,1970,201.04,145.71
YMD,1971,155.74,104.7
YMD,1972,107.4100036621094,47.36000061035156
YMD,1973,110.0800018310547,94.87999725341797
YMD,1974,189.8000030517578,13.30000019073486
YMD,1975,293.8900146484375,10.89000034332275
YMD,1976,412.3900146484375,7.650000095367432
YMD,1977,1039.900024414063,11.09000015258789
YMD,1978,1283.300048828125,6.860000133514404
YMD,1979,1491.900024414063,13.51000022888184
YMD,1980,1852.900024414063,22.60000038146973
YMD,1981,1334.41043740262,179.217272727273
YMD,1982,908.82336453072,385.028151015108
YMD,1983,838.6611277849199,299.038776762932
YMD,1984,877.729712387066,294.9742775147381
YMD,1985,739.648012625592,259.345228453196
YMD,1986,483.06,290.17
YMD,1987,640.3937981771261,78.05526364047729
YMD,1988,629.2482272737369,193.200684842443
YMD,1989,687.6084414024431,199.744617296386
ZAF,1920,462.8500061035156,397.8908996582031
ZAF,1921,289.0,289.7999877929688
ZAF,1922,233.6954498291016,259.2090759277344
ZAF,1923,275.3047485351563,348.6190490722656
ZAF,1924,299.1636352539063,344.7590942382813
ZAF,1925,339.6449890136719,387.125
ZAF,1926,365.7950134277344,349.7799987792969
ZAF,1927,370.3450012207031,371.385009765625
ZAF,1928,382.9927368164063,351.6271362304688
ZAF,1929,403.4171142578125,391.2179870605469
ZAF,1930,312.4334716796875,403.1930236816406
ZAF,1931,254.5432586669922,290.0480651855469
ZAF,1932,155.7340240478516,314.1229553222656
ZAF,1933,203.8091278076172,287.7385864257813
ZAF,1934,330.1046447753906,287.1649169921875
ZAF,1935,364.9490966796875,479.5443420410156
ZAF,1936,424.1986083984375,538.07275390625
ZAF,1937,506.2095947265625,593.8491821289062
ZAF,1938,464.208251953125,369.2203369140625
ZAF,1939,442.2000122070313,164.5
ZAF,1940,418.6231384277344,169.1205749511719
ZAF,1941,485.0775756835938,197.7715759277344
ZAF,1942,464.3851928710938,232.7894897460938
ZAF,1943,426.9797058105469,210.9032897949219
ZAF,1944,408.6748657226563,306.4066772460938
ZAF,1945,448.5235290527344,308.8587341308594
ZAF,1946,867.0999755859375,394.0
ZAF,1947,1210.599975585938,422.2000122070313
ZAF,1948,1551.0,540.0
ZAF,1949,1299.0,538.0
ZAF,1950,921.0,696.0
ZAF,1951,1400.0,764.0
ZAF,1952,1255.0,751.0
ZAF,1953,1282.0,793.0
ZAF,1954,1295.0,755.0
ZAF,1955,1406.0,867.0
ZAF,1956,1442.0,967.0
ZAF,1957,1624.0,1066.0
ZAF,1958,1651.0,1050.0
ZAF,1959,1442.0,1059.0
ZAF,1960,,1087.95
ZAF,1961,,1218.35
ZAF,1962,,1354.48
ZAF,1963,,1419.07
ZAF,1964,,1677.41
ZAF,1965,,1675.213
ZAF,1966,,1846.497
ZAF,1967,,2107.206
ZAF,1968,,2299.707
ZAF,1969,,2403.647636363636
ZAF,1970,,2383.367454545455
ZAF,1971,,2351.237545454545
ZAF,1972,,2886.258
ZAF,1973,,3982.033
ZAF,1974,,5527.76818181818
ZAF,1975,,6482.818727272727
ZAF,1976,,6584.412181818182
ZAF,1977,,8600.533181818182
ZAF,1978,,10202.12618181818
ZAF,1979,,13065.00175236431
ZAF,1980,,15031.05742529231
ZAF,1981,,13439.28964153853
ZAF,1982,,11913.90306897242
ZAF,1983,,10468.40954658365
ZAF,1984,,11444.03560145933
ZAF,1985,,12017.03769419723
ZAF,1986,,13388.28062681979
ZAF,1987,,12333.34417783027
ZAF,1988,,14478.38043890652
ZAF,1989,,15206.1725633664
ZAF,1990,,15278.0547431068
ZAF,1991,,16277.68041462366
ZAF,1992,,17556.23231148707
ZAF,1993,,17036.8445672822
ZAF,1994,,19241.1224521408
ZAF,1995,,24443.7714406354
ZAF,1996,,26884.3002460825
ZAF,1997,,29810.3529788103
ZAF,1998,29089.7776169767,26636.5113812293
ZAF,1999,26224.3247629004,24421.4723855494
ZAF,2000,29354.4503164216,30429.8375161572
ZAF,2001,27759.9809191199,29511.8875895719
ZAF,2002,28545.0810802383,29900.6461810552
ZAF,2003,37353.8969702703,36356.2778904463
ZAF,2004,51885.3139831217,45557.4656519927
ZAF,2005,59652.59496028521,51565.6071958793
ZAF,2006,74781.0140336756,52443.3055228871
ZAF,2007,94131.4822371015,63490.61043303309
ZAF,2008,99560.3722586854,73007.52036909509
ZAF,2009,73781.1830505771,54407.851610817
ZAF,2010,90932.3447528266,91347.03918870959
ZAF,2011,109590.444169048,97415.19948450259
ZAF,2012,114119.693538959,99610.2904945048
ZAF,2013,113255.239128632,95937.6902111904
ZAF,2014,109363.568155879,91026.34518401559
ZMB,1960,,
ZMB,1961,,
ZMB,1962,,
ZMB,1963,,
ZMB,1964,217.147272727273,467.4
ZMB,1965,293.6,531.8
ZMB,1966,342.7,690.2
ZMB,1967,423.646363636364,657.525
ZMB,1968,458.163636363636,760.7
ZMB,1969,436.512727272726,1073.08
ZMB,1970,476.996363636364,1000.949
ZMB,1971,558.991818181819,679.247
ZMB,1972,565.4218181818189,758.447
ZMB,1973,530.874545454546,1136.364
ZMB,1974,787.357272727273,1406.592
ZMB,1975,928.737272727272,811.495
ZMB,1976,654.838181818182,1043.749
ZMB,1977,671.616363636364,897.25
ZMB,1978,607.826363636364,812.964
ZMB,1979,752.983636363636,1375.664
ZMB,1980,1111.59090909091,1298.937
ZMB,1981,854.6045454545459,651.093
ZMB,1982,999.19,958.443
ZMB,1983,708.799282106999,835.5254299477
ZMB,1984,598.577195954237,660.757935482256
ZMB,1985,677.842402463978,477.951043415483
ZMB,1986,577.118615511466,656.059619920655
ZMB,1987,695.910856428532,709.905745852581
ZMB,1988,879.856400143963,870.783720107307
ZMB,1989,1274.99470181616,662.965661796399
ZMB,1990,1217.99138469191,543.609994021505
ZMB,1991,810.031315890065,1076.85106871228
ZMB,1992,836.80169618634,751.829728688965
ZMB,1993,701.628350541268,891.374642196648
ZMB,1994,455.554037075518,757.6110312958091
ZMB,1995,782.293995261847,986.015562215713
ZMB,1996,834.2924553773549,1039.06854254157
ZMB,1997,697.108971298918,1055.44133784963
ZMB,1998,1087.47145728529,1020.92685499062
ZMB,1999,876.125903530924,524.7894532234
ZMB,2000,1100.72737391474,757.458157097551
ZMB,2001,1080.19027467816,979.581995637972
ZMB,2002,1071.93605668856,875.256936785269
ZMB,2003,1547.32338428213,947.579425264635
ZMB,2004,2150.98140507248,1574.90662436488
ZMB,2005,2566.32911039537,1839.56490657851
ZMB,2006,3080.88096302223,3695.23694209319
ZMB,2007,3981.07797627569,4503.81670872612
ZMB,2008,4932.54128611092,4914.39571509906
ZMB,2009,3791.89549896928,4158.29896435763
ZMB,2010,5319.371741650441,7163.975289496621
ZMB,2011,7279.682713699371,8828.35470458602
ZMB,2012,8787.37291391731,9355.82715871931
ZMB,2013,8891.51319240317,9338.36459701552
ZMB,2014,8974.99071561136,8232.3221017
ZWE,1960,,
ZWE,1961,,
ZWE,1962,,
ZWE,1963,,
ZWE,1964,336.82,332.1
ZWE,1965,366.41,435.5
ZWE,1966,97.98,196.629
ZWE,1967,262.0,264.0
ZWE,1968,290.0,257.0
ZWE,1969,279.0,318.0
ZWE,1970,329.0,367.0
ZWE,1971,395.0,388.0
ZWE,1972,417.0,499.0
ZWE,1973,541.0,652.0
ZWE,1974,568.2000122070312,687.0
ZWE,1975,595.4000244140625,722.0
ZWE,1976,622.5900268554688,757.0
ZWE,1977,649.7899780273438,792.0
ZWE,1978,677.0,827.0
ZWE,1979,929.0,1053.0
ZWE,1980,1448.0,1415.0
ZWE,1981,1612.336,1320.721
ZWE,1982,1564.067,1073.137
ZWE,1983,1168.14,1022.715
ZWE,1984,1049.841,1010.787
ZWE,1985,982.891,954.765
ZWE,1986,1085.462,996.225
ZWE,1987,1152.128,1135.763
ZWE,1988,939.725270811872,1393.2539148094
ZWE,1989,1529.05475334078,1339.94951558304
ZWE,1990,1848.9948623467,1491.14655458557
ZWE,1991,2042.73661965414,1287.09830354492
ZWE,1992,2203.06483369256,1257.61587258935
ZWE,1993,1813.51547211072,1327.32325025737
ZWE,1994,2240.47723251619,1970.79488558362
ZWE,1995,2726.39160413405,1896.29649117153
ZWE,1996,4123.84161585896,2237.29195880124
ZWE,1997,3278.19119209072,2146.25935537789
ZWE,1998,2621.16313223111,1730.98632746611
ZWE,1999,2126.69644918393,1897.71883149474
ZWE,2000,1839.85308377501,3277.24623296293
ZWE,2001,1715.62601627855,2219.31117125388
ZWE,2002,2323.11101941992,2007.21813387926
ZWE,2003,698.707216830923,3341.04398175413
ZWE,2004,2150.22001030132,1790.01883778242
ZWE,2005,2069.29331965067,1393.24279695543
ZWE,2006,2809.28730500456,939.5752778008371
ZWE,2007,2667.17640079687,2509.81773174514
ZWE,2008,3400.20423803019,2422.97125218147
ZWE,2009,3009.25809489994,1349.59018855937
ZWE,2010,4130.08996700918,1720.21436473404
ZWE,2011,4961.555789604,2515.61463755735
ZWE,2012,5244.34830439987,2528.99273298207
ZWE,2013,5270.60838822674,2656.47785945327
ZWE,2014,4981.335841353871,2754.50841819859
ZZB,1963,,
ZZB,1964,,
