country_id,year,ms_mil_xprt_kd,ms_mil_mprt_kd
ABW,1996,18000000.0,
AFG,1960,,39000000.0
AFG,1961,,55000000.0
AFG,1962,,64000000.0
AFG,1963,,40000000.0
AFG,1964,,56000000.0
AFG,1965,,91000000.0
AFG,1966,,198000000.0
AFG,1967,,230000000.0
AFG,1968,,145000000.0
AFG,1969,,92000000.0
AFG,1970,,9000000.0
AFG,1971,,149000000.0
AFG,1972,,124000000.0
AFG,1975,,90000000.0
AFG,1976,,230000000.0
AFG,1977,,75000000.0
AFG,1978,,253000000.0
AFG,1979,,337000000.0
AFG,1980,,354000000.0
AFG,1981,,384000000.0
AFG,1982,,299000000.0
AFG,1983,,241000000.0
AFG,1984,,373000000.0
AFG,1985,,158000000.0
AFG,1986,,288000000.0
AFG,1987,,567000000.0
AFG,1988,,1005000000.0
AFG,1989,,1976000000.0
AFG,1990,,1690000000.0
AFG,1991,,1236000000.0
AFG,1992,1000000.0,
AFG,2002,,34000000.0
AFG,2005,,33000000.0
AFG,2006,,3000000.0
AFG,2007,,40000000.0
AFG,2008,,148000000.0
AFG,2009,,326000000.0
AFG,2010,,365000000.0
AFG,2011,,632000000.0
AFG,2012,,518000000.0
AFG,2013,,253000000.0
AFG,2014,,323000000.0
AFG,2015,,131000000.0
AFG,2016,,171000000.0
AFG,2017,,236000000.0
AFG,2018,,313000000.0
AFG,2019,,381000000.0
AFG,2020,,231000000.0
AFG,2021,,65000000.0
AGO,1974,,1000000.0
AGO,1975,,232000000.0
AGO,1976,,192000000.0
AGO,1977,,105000000.0
AGO,1978,,146000000.0
AGO,1979,3000000.0,111000000.0
AGO,1980,0.0,153000000.0
AGO,1981,,243000000.0
AGO,1982,,381000000.0
AGO,1983,,579000000.0
AGO,1984,,483000000.0
AGO,1985,,535000000.0
AGO,1986,,710000000.0
AGO,1987,,1193000000.0
AGO,1988,,971000000.0
AGO,1989,,152000000.0
AGO,1990,,140000000.0
AGO,1993,,123000000.0
AGO,1994,,113000000.0
AGO,1995,,1000000.0
AGO,1996,,44000000.0
AGO,1997,,7000000.0
AGO,1998,,150000000.0
AGO,1999,,360000000.0
AGO,2000,,149000000.0
AGO,2001,,157000000.0
AGO,2002,2000000.0,148000000.0
AGO,2003,,48000000.0
AGO,2004,,8000000.0
AGO,2005,,38000000.0
AGO,2006,,7000000.0
AGO,2007,,35000000.0
AGO,2008,,29000000.0
AGO,2009,,20000000.0
AGO,2013,,31000000.0
AGO,2014,,2000000.0
AGO,2015,,51000000.0
AGO,2016,,154000000.0
AGO,2017,,112000000.0
AGO,2018,,273000000.0
AGO,2019,,170000000.0
AGO,2020,,51000000.0
AGO,2022,,46000000.0
AGO,2023,,15000000.0
AGO,2024,,16000000.0
ALB,1960,,69000000.0
ALB,1961,,74000000.0
ALB,1962,,42000000.0
ALB,1963,,12000000.0
ALB,1964,,8000000.0
ALB,1965,,140000000.0
ALB,1966,,74000000.0
ALB,1967,,163000000.0
ALB,1968,,265000000.0
ALB,1969,,297000000.0
ALB,1970,,250000000.0
ALB,1971,,332000000.0
ALB,1972,,134000000.0
ALB,1973,,106000000.0
ALB,1974,,137000000.0
ALB,1975,,53000000.0
ALB,1976,,5000000.0
ALB,1977,,7000000.0
ALB,1978,,5000000.0
ALB,1995,,26000000.0
ALB,2003,,2000000.0
ALB,2005,,7000000.0
ALB,2007,,5000000.0
ALB,2011,1000000.0,
ALB,2012,,15000000.0
ALB,2013,,7000000.0
ALB,2014,,7000000.0
ALB,2015,,7000000.0
ALB,2017,,1000000.0
ALB,2018,,1000000.0
ALB,2019,,5000000.0
ALB,2020,,1000000.0
ALB,2021,,1000000.0
ALB,2023,,1000000.0
ALB,2024,,12000000.0
ARE,1968,,13000000.0
ARE,1969,,13000000.0
ARE,1970,,69000000.0
ARE,1971,,24000000.0
ARE,1972,,26000000.0
ARE,1973,,88000000.0
ARE,1974,8000000.0,100000000.0
ARE,1975,,153000000.0
ARE,1976,,283000000.0
ARE,1977,,304000000.0
ARE,1978,,217000000.0
ARE,1979,,18000000.0
ARE,1980,,201000000.0
ARE,1981,,427000000.0
ARE,1982,,160000000.0
ARE,1983,14000000.0,163000000.0
ARE,1984,,310000000.0
ARE,1985,,144000000.0
ARE,1986,22000000.0,132000000.0
ARE,1987,1000000.0,191000000.0
ARE,1988,,42000000.0
ARE,1989,,663000000.0
ARE,1990,2000000.0,561000000.0
ARE,1991,,237000000.0
ARE,1992,,205000000.0
ARE,1993,,582000000.0
ARE,1994,,571000000.0
ARE,1995,28000000.0,426000000.0
ARE,1996,6000000.0,481000000.0
ARE,1997,37000000.0,690000000.0
ARE,1998,,757000000.0
ARE,1999,,437000000.0
ARE,2000,,246000000.0
ARE,2001,,183000000.0
ARE,2002,,221000000.0
ARE,2003,,676000000.0
ARE,2004,3000000.0,1145000000.0
ARE,2005,11000000.0,2072000000.0
ARE,2006,17000000.0,1925000000.0
ARE,2007,3000000.0,821000000.0
ARE,2008,,730000000.0
ARE,2009,34000000.0,604000000.0
ARE,2010,39000000.0,646000000.0
ARE,2011,3000000.0,1217000000.0
ARE,2012,70000000.0,1139000000.0
ARE,2013,108000000.0,2302000000.0
ARE,2014,88000000.0,734000000.0
ARE,2015,143000000.0,1182000000.0
ARE,2016,98000000.0,941000000.0
ARE,2017,103000000.0,820000000.0
ARE,2018,117000000.0,1055000000.0
ARE,2019,128000000.0,703000000.0
ARE,2020,195000000.0,651000000.0
ARE,2021,58000000.0,538000000.0
ARE,2022,18000000.0,714000000.0
ARE,2023,65000000.0,948000000.0
ARE,2024,117000000.0,932000000.0
ARG,1960,,111000000.0
ARG,1961,,205000000.0
ARG,1962,6000000.0,47000000.0
ARG,1963,,29000000.0
ARG,1964,4000000.0,19000000.0
ARG,1965,,7000000.0
ARG,1966,,93000000.0
ARG,1967,0.0,143000000.0
ARG,1968,8000000.0,430000000.0
ARG,1969,,230000000.0
ARG,1970,0.0,257000000.0
ARG,1971,,363000000.0
ARG,1972,11000000.0,402000000.0
ARG,1973,,248000000.0
ARG,1974,,450000000.0
ARG,1975,,268000000.0
ARG,1976,1000000.0,499000000.0
ARG,1977,,204000000.0
ARG,1978,,434000000.0
ARG,1979,8000000.0,451000000.0
ARG,1980,1000000.0,446000000.0
ARG,1981,31000000.0,833000000.0
ARG,1982,7000000.0,406000000.0
ARG,1983,5000000.0,1309000000.0
ARG,1984,,724000000.0
ARG,1985,,485000000.0
ARG,1986,,219000000.0
ARG,1987,4000000.0,217000000.0
ARG,1988,0.0,71000000.0
ARG,1989,,6000000.0
ARG,1990,6000000.0,159000000.0
ARG,1991,0.0,
ARG,1992,,27000000.0
ARG,1993,13000000.0,
ARG,1994,5000000.0,209000000.0
ARG,1995,5000000.0,43000000.0
ARG,1996,,21000000.0
ARG,1997,,105000000.0
ARG,1998,,171000000.0
ARG,1999,,276000000.0
ARG,2000,2000000.0,208000000.0
ARG,2001,,6000000.0
ARG,2002,2000000.0,15000000.0
ARG,2003,,11000000.0
ARG,2004,,161000000.0
ARG,2005,,3000000.0
ARG,2006,2000000.0,9000000.0
ARG,2007,,24000000.0
ARG,2008,,21000000.0
ARG,2009,,15000000.0
ARG,2010,,11000000.0
ARG,2011,1000000.0,16000000.0
ARG,2012,,5000000.0
ARG,2013,,13000000.0
ARG,2014,,6000000.0
ARG,2015,,21000000.0
ARG,2016,,17000000.0
ARG,2017,,47000000.0
ARG,2018,,19000000.0
ARG,2019,,51000000.0
ARG,2020,,7000000.0
ARG,2021,,77000000.0
ARG,2022,,50000000.0
ARG,2023,,21000000.0
ARG,2024,,43000000.0
ARM,1993,,2000000.0
ARM,1994,,181000000.0
ARM,1995,,47000000.0
ARM,1996,,68000000.0
ARM,1999,,2000000.0
ARM,2004,,118000000.0
ARM,2006,4000000.0,
ARM,2007,,1000000.0
ARM,2009,,46000000.0
ARM,2010,,52000000.0
ARM,2011,,5000000.0
ARM,2013,,16000000.0
ARM,2016,,110000000.0
ARM,2017,,18000000.0
ARM,2019,,248000000.0
ARM,2021,,32000000.0
ARM,2022,,29000000.0
ARM,2023,,7000000.0
ARM,2024,,21000000.0
ATG,2022,,0.0
ATG,2023,,0.0
AUS,1960,,116000000.0
AUS,1961,2000000.0,150000000.0
AUS,1962,4000000.0,461000000.0
AUS,1963,,383000000.0
AUS,1964,,542000000.0
AUS,1965,,920000000.0
AUS,1966,,707000000.0
AUS,1967,,770000000.0
AUS,1968,,560000000.0
AUS,1969,26000000.0,708000000.0
AUS,1970,17000000.0,230000000.0
AUS,1971,36000000.0,313000000.0
AUS,1972,6000000.0,63000000.0
AUS,1973,72000000.0,716000000.0
AUS,1974,92000000.0,898000000.0
AUS,1975,131000000.0,108000000.0
AUS,1976,113000000.0,91000000.0
AUS,1977,62000000.0,278000000.0
AUS,1978,21000000.0,1029000000.0
AUS,1979,22000000.0,197000000.0
AUS,1980,15000000.0,409000000.0
AUS,1981,17000000.0,449000000.0
AUS,1982,26000000.0,134000000.0
AUS,1983,31000000.0,637000000.0
AUS,1984,62000000.0,627000000.0
AUS,1985,10000000.0,516000000.0
AUS,1986,57000000.0,815000000.0
AUS,1987,89000000.0,594000000.0
AUS,1988,12000000.0,745000000.0
AUS,1989,18000000.0,695000000.0
AUS,1990,156000000.0,356000000.0
AUS,1991,84000000.0,219000000.0
AUS,1992,,364000000.0
AUS,1993,30000000.0,448000000.0
AUS,1994,24000000.0,262000000.0
AUS,1995,36000000.0,64000000.0
AUS,1996,10000000.0,597000000.0
AUS,1997,14000000.0,35000000.0
AUS,1998,4000000.0,542000000.0
AUS,1999,,678000000.0
AUS,2000,,326000000.0
AUS,2001,43000000.0,1215000000.0
AUS,2002,47000000.0,638000000.0
AUS,2003,44000000.0,765000000.0
AUS,2004,2000000.0,447000000.0
AUS,2005,49000000.0,456000000.0
AUS,2006,26000000.0,716000000.0
AUS,2007,52000000.0,616000000.0
AUS,2008,56000000.0,430000000.0
AUS,2009,84000000.0,807000000.0
AUS,2010,137000000.0,1558000000.0
AUS,2011,143000000.0,1584000000.0
AUS,2012,45000000.0,788000000.0
AUS,2013,54000000.0,216000000.0
AUS,2014,94000000.0,849000000.0
AUS,2015,84000000.0,1448000000.0
AUS,2016,135000000.0,1015000000.0
AUS,2017,100000000.0,1664000000.0
AUS,2018,39000000.0,1555000000.0
AUS,2019,129000000.0,1157000000.0
AUS,2020,406000000.0,1632000000.0
AUS,2021,169000000.0,1215000000.0
AUS,2022,19000000.0,815000000.0
AUS,2023,80000000.0,379000000.0
AUS,2024,75000000.0,983000000.0
AUT,1960,,16000000.0
AUT,1961,,27000000.0
AUT,1962,,56000000.0
AUT,1963,,201000000.0
AUT,1964,0.0,74000000.0
AUT,1965,0.0,78000000.0
AUT,1966,1000000.0,61000000.0
AUT,1967,1000000.0,47000000.0
AUT,1968,1000000.0,1000000.0
AUT,1969,1000000.0,12000000.0
AUT,1970,1000000.0,99000000.0
AUT,1971,1000000.0,123000000.0
AUT,1972,1000000.0,93000000.0
AUT,1973,1000000.0,37000000.0
AUT,1974,0.0,31000000.0
AUT,1975,0.0,12000000.0
AUT,1976,,12000000.0
AUT,1978,37000000.0,8000000.0
AUT,1979,126000000.0,72000000.0
AUT,1980,54000000.0,177000000.0
AUT,1981,70000000.0,73000000.0
AUT,1982,61000000.0,97000000.0
AUT,1983,58000000.0,145000000.0
AUT,1984,60000000.0,13000000.0
AUT,1985,248000000.0,28000000.0
AUT,1986,40000000.0,19000000.0
AUT,1987,30000000.0,7000000.0
AUT,1988,12000000.0,117000000.0
AUT,1989,12000000.0,84000000.0
AUT,1990,30000000.0,5000000.0
AUT,1991,20000000.0,6000000.0
AUT,1992,20000000.0,5000000.0
AUT,1993,10000000.0,8000000.0
AUT,1994,17000000.0,52000000.0
AUT,1995,,30000000.0
AUT,1996,18000000.0,9000000.0
AUT,1997,3000000.0,190000000.0
AUT,1998,29000000.0,247000000.0
AUT,1999,23000000.0,48000000.0
AUT,2000,23000000.0,25000000.0
AUT,2001,17000000.0,15000000.0
AUT,2002,83000000.0,81000000.0
AUT,2003,2000000.0,41000000.0
AUT,2004,3000000.0,56000000.0
AUT,2005,3000000.0,26000000.0
AUT,2006,62000000.0,5000000.0
AUT,2007,67000000.0,269000000.0
AUT,2008,14000000.0,190000000.0
AUT,2009,44000000.0,286000000.0
AUT,2010,65000000.0,5000000.0
AUT,2011,52000000.0,6000000.0
AUT,2012,23000000.0,6000000.0
AUT,2013,28000000.0,5000000.0
AUT,2014,16000000.0,2000000.0
AUT,2015,10000000.0,1000000.0
AUT,2016,17000000.0,13000000.0
AUT,2017,22000000.0,10000000.0
AUT,2018,8000000.0,6000000.0
AUT,2019,3000000.0,18000000.0
AUT,2020,10000000.0,14000000.0
AUT,2021,3000000.0,34000000.0
AUT,2022,3000000.0,5000000.0
AUT,2023,3000000.0,17000000.0
AUT,2024,16000000.0,13000000.0
AZE,1993,,50000000.0
AZE,1994,,25000000.0
AZE,2000,,3000000.0
AZE,2002,,89000000.0
AZE,2004,,4000000.0
AZE,2005,,59000000.0
AZE,2006,,161000000.0
AZE,2007,,213000000.0
AZE,2008,,34000000.0
AZE,2009,,146000000.0
AZE,2010,,162000000.0
AZE,2011,,568000000.0
AZE,2012,,388000000.0
AZE,2013,,391000000.0
AZE,2014,,635000000.0
AZE,2015,,340000000.0
AZE,2016,,276000000.0
AZE,2017,,291000000.0
AZE,2018,,369000000.0
AZE,2019,,44000000.0
AZE,2020,,51000000.0
AZE,2022,,20000000.0
AZE,2023,,3000000.0
AZE,2024,,28000000.0
BDI,1966,,9000000.0
BDI,1967,,2000000.0
BDI,1969,,3000000.0
BDI,1973,,0.0
BDI,1980,,1000000.0
BDI,1981,,5000000.0
BDI,1982,,3000000.0
BDI,1983,,11000000.0
BDI,1984,,2000000.0
BDI,1989,,6000000.0
BDI,1990,,6000000.0
BDI,1998,,12000000.0
BDI,2001,,1000000.0
BDI,2002,,3000000.0
BDI,2009,,1000000.0
BDI,2010,,2000000.0
BDI,2012,,5000000.0
BDI,2015,,1000000.0
BDI,2016,,3000000.0
BDI,2019,,2000000.0
BEL,1960,3000000.0,92000000.0
BEL,1961,0.0,132000000.0
BEL,1962,2000000.0,188000000.0
BEL,1963,0.0,575000000.0
BEL,1964,0.0,652000000.0
BEL,1965,,521000000.0
BEL,1966,12000000.0,116000000.0
BEL,1967,,39000000.0
BEL,1968,,220000000.0
BEL,1969,5000000.0,240000000.0
BEL,1970,,514000000.0
BEL,1971,0.0,499000000.0
BEL,1972,,492000000.0
BEL,1973,,580000000.0
BEL,1974,,113000000.0
BEL,1975,,130000000.0
BEL,1976,,184000000.0
BEL,1977,,187000000.0
BEL,1978,2000000.0,411000000.0
BEL,1979,3000000.0,789000000.0
BEL,1980,1000000.0,575000000.0
BEL,1981,19000000.0,516000000.0
BEL,1982,41000000.0,433000000.0
BEL,1983,89000000.0,580000000.0
BEL,1984,115000000.0,575000000.0
BEL,1985,3000000.0,287000000.0
BEL,1986,19000000.0,91000000.0
BEL,1987,,91000000.0
BEL,1988,18000000.0,407000000.0
BEL,1989,36000000.0,203000000.0
BEL,1990,1000000.0,314000000.0
BEL,1991,1000000.0,125000000.0
BEL,1992,,48000000.0
BEL,1993,,73000000.0
BEL,1994,39000000.0,47000000.0
BEL,1995,161000000.0,16000000.0
BEL,1996,61000000.0,3000000.0
BEL,1997,93000000.0,50000000.0
BEL,1998,46000000.0,55000000.0
BEL,1999,62000000.0,58000000.0
BEL,2000,46000000.0,36000000.0
BEL,2001,37000000.0,30000000.0
BEL,2002,32000000.0,48000000.0
BEL,2003,15000000.0,21000000.0
BEL,2004,47000000.0,15000000.0
BEL,2005,160000000.0,3000000.0
BEL,2006,59000000.0,15000000.0
BEL,2007,32000000.0,171000000.0
BEL,2008,223000000.0,191000000.0
BEL,2009,242000000.0,86000000.0
BEL,2010,11000000.0,35000000.0
BEL,2011,110000000.0,23000000.0
BEL,2012,21000000.0,29000000.0
BEL,2013,54000000.0,45000000.0
BEL,2014,10000000.0,97000000.0
BEL,2015,12000000.0,52000000.0
BEL,2016,7000000.0,4000000.0
BEL,2017,17000000.0,7000000.0
BEL,2018,21000000.0,1000000.0
BEL,2019,62000000.0,9000000.0
BEL,2020,29000000.0,90000000.0
BEL,2021,95000000.0,255000000.0
BEL,2022,146000000.0,170000000.0
BEL,2023,39000000.0,12000000.0
BEL,2024,40000000.0,515000000.0
BEN,1961,,2000000.0
BEN,1962,,1000000.0
BEN,1964,,2000000.0
BEN,1966,,1000000.0
BEN,1970,,0.0
BEN,1971,,2000000.0
BEN,1973,,1000000.0
BEN,1978,,26000000.0
BEN,1979,,6000000.0
BEN,1982,,10000000.0
BEN,1983,,3000000.0
BEN,1984,,1000000.0
BEN,1985,,3000000.0
BEN,1987,,1000000.0
BEN,1988,,0.0
BEN,1989,,0.0
BEN,2002,,7000000.0
BEN,2007,,3000000.0
BEN,2009,,1000000.0
BEN,2010,,0.0
BEN,2011,,0.0
BEN,2012,,20000000.0
BEN,2013,,2000000.0
BEN,2016,,1000000.0
BEN,2020,,1000000.0
BEN,2022,,3000000.0
BEN,2023,,11000000.0
BEN,2024,,6000000.0
BFA,1961,,1000000.0
BFA,1964,,1000000.0
BFA,1965,,0.0
BFA,1966,,0.0
BFA,1968,,0.0
BFA,1969,,1000000.0
BFA,1970,,1000000.0
BFA,1971,,1000000.0
BFA,1975,,14000000.0
BFA,1976,,8000000.0
BFA,1977,,9000000.0
BFA,1980,,0.0
BFA,1981,,9000000.0
BFA,1982,,1000000.0
BFA,1983,,16000000.0
BFA,1984,,9000000.0
BFA,1985,,2000000.0
BFA,1986,,3000000.0
BFA,1988,,12000000.0
BFA,1991,,3000000.0
BFA,1993,,7000000.0
BFA,1999,,0.0
BFA,2005,,12000000.0
BFA,2006,,4000000.0
BFA,2007,,4000000.0
BFA,2009,,3000000.0
BFA,2010,,0.0
BFA,2011,,16000000.0
BFA,2012,,3000000.0
BFA,2015,,5000000.0
BFA,2016,,7000000.0
BFA,2017,,2000000.0
BFA,2018,,24000000.0
BFA,2019,,7000000.0
BFA,2020,,2000000.0
BFA,2021,,26000000.0
BFA,2022,,12000000.0
BFA,2023,,19000000.0
BFA,2024,,37000000.0
BGD,1971,,10000000.0
BGD,1972,,2000000.0
BGD,1973,,76000000.0
BGD,1974,,44000000.0
BGD,1975,,39000000.0
BGD,1976,,70000000.0
BGD,1977,,62000000.0
BGD,1978,,45000000.0
BGD,1979,,1000000.0
BGD,1980,,55000000.0
BGD,1981,,72000000.0
BGD,1982,,128000000.0
BGD,1983,,109000000.0
BGD,1984,2000000.0,9000000.0
BGD,1985,,112000000.0
BGD,1986,,4000000.0
BGD,1987,,1000000.0
BGD,1988,,242000000.0
BGD,1989,,302000000.0
BGD,1990,,199000000.0
BGD,1991,,79000000.0
BGD,1992,,113000000.0
BGD,1993,,49000000.0
BGD,1994,,61000000.0
BGD,1995,,123000000.0
BGD,1996,,7000000.0
BGD,1997,,26000000.0
BGD,1998,,1000000.0
BGD,1999,,184000000.0
BGD,2000,,200000000.0
BGD,2001,,274000000.0
BGD,2002,,37000000.0
BGD,2003,,8000000.0
BGD,2004,,32000000.0
BGD,2005,,10000000.0
BGD,2006,,221000000.0
BGD,2007,,80000000.0
BGD,2008,,12000000.0
BGD,2010,,36000000.0
BGD,2011,,117000000.0
BGD,2012,,183000000.0
BGD,2013,,648000000.0
BGD,2014,,207000000.0
BGD,2015,,640000000.0
BGD,2016,,451000000.0
BGD,2017,,334000000.0
BGD,2018,,161000000.0
BGD,2019,,716000000.0
BGD,2020,,70000000.0
BGD,2021,,55000000.0
BGD,2022,,323000000.0
BGD,2023,,69000000.0
BGD,2024,,75000000.0
BGR,1960,,474000000.0
BGR,1961,,522000000.0
BGR,1962,,493000000.0
BGR,1963,,539000000.0
BGR,1964,,326000000.0
BGR,1965,,372000000.0
BGR,1966,,218000000.0
BGR,1967,,329000000.0
BGR,1968,,256000000.0
BGR,1969,,533000000.0
BGR,1970,,771000000.0
BGR,1971,,407000000.0
BGR,1972,,460000000.0
BGR,1973,,274000000.0
BGR,1974,,302000000.0
BGR,1975,,390000000.0
BGR,1976,,368000000.0
BGR,1977,,492000000.0
BGR,1978,,876000000.0
BGR,1979,,323000000.0
BGR,1980,,580000000.0
BGR,1981,,984000000.0
BGR,1982,,610000000.0
BGR,1983,4000000.0,764000000.0
BGR,1984,,945000000.0
BGR,1985,,608000000.0
BGR,1986,106000000.0,932000000.0
BGR,1987,,449000000.0
BGR,1988,,253000000.0
BGR,1989,8000000.0,338000000.0
BGR,1990,8000000.0,755000000.0
BGR,1991,44000000.0,339000000.0
BGR,1992,60000000.0,42000000.0
BGR,1993,28000000.0,1000000.0
BGR,1994,56000000.0,1000000.0
BGR,1995,1000000.0,1000000.0
BGR,1996,21000000.0,122000000.0
BGR,1997,8000000.0,
BGR,1998,41000000.0,
BGR,1999,172000000.0,7000000.0
BGR,2000,6000000.0,
BGR,2001,10000000.0,
BGR,2002,37000000.0,
BGR,2003,45000000.0,2000000.0
BGR,2004,20000000.0,13000000.0
BGR,2005,87000000.0,132000000.0
BGR,2006,5000000.0,22000000.0
BGR,2007,9000000.0,48000000.0
BGR,2008,4000000.0,117000000.0
BGR,2009,16000000.0,119000000.0
BGR,2010,4000000.0,8000000.0
BGR,2011,2000000.0,29000000.0
BGR,2012,13000000.0,5000000.0
BGR,2013,23000000.0,
BGR,2014,23000000.0,
BGR,2015,81000000.0,4000000.0
BGR,2016,83000000.0,
BGR,2017,33000000.0,
BGR,2018,14000000.0,
BGR,2019,11000000.0,2000000.0
BGR,2020,3000000.0,44000000.0
BGR,2021,7000000.0,1000000.0
BGR,2022,34000000.0,3000000.0
BGR,2023,19000000.0,
BGR,2024,14000000.0,
BHR,1971,,0.0
BHR,1972,,7000000.0
BHR,1973,,0.0
BHR,1974,,1000000.0
BHR,1977,,2000000.0
BHR,1978,,12000000.0
BHR,1979,,10000000.0
BHR,1980,,22000000.0
BHR,1981,,40000000.0
BHR,1982,,55000000.0
BHR,1983,,10000000.0
BHR,1984,,129000000.0
BHR,1985,,55000000.0
BHR,1986,,133000000.0
BHR,1987,,249000000.0
BHR,1988,,135000000.0
BHR,1989,,66000000.0
BHR,1990,,362000000.0
BHR,1991,,68000000.0
BHR,1992,,42000000.0
BHR,1993,,1000000.0
BHR,1994,,8000000.0
BHR,1995,,71000000.0
BHR,1996,,51000000.0
BHR,1997,,197000000.0
BHR,1998,,8000000.0
BHR,2000,,299000000.0
BHR,2001,2000000.0,28000000.0
BHR,2002,,54000000.0
BHR,2003,,1000000.0
BHR,2004,,10000000.0
BHR,2005,,66000000.0
BHR,2006,,63000000.0
BHR,2007,,27000000.0
BHR,2008,,21000000.0
BHR,2010,,98000000.0
BHR,2011,,4000000.0
BHR,2012,,24000000.0
BHR,2013,,69000000.0
BHR,2014,,1000000.0
BHR,2015,,17000000.0
BHR,2016,,26000000.0
BHR,2017,,27000000.0
BHR,2018,,72000000.0
BHR,2019,,21000000.0
BHR,2020,,27000000.0
BHR,2021,,184000000.0
BHR,2022,,261000000.0
BHR,2023,,294000000.0
BHR,2024,,848000000.0
BHS,1978,,11000000.0
BHS,1986,,33000000.0
BHS,1990,,2000000.0
BHS,1991,,3000000.0
BHS,2000,,33000000.0
BHS,2005,,3000000.0
BHS,2009,,1000000.0
BHS,2014,,30000000.0
BHS,2015,0.0,16000000.0
BHS,2016,,20000000.0
BHS,2017,,12000000.0
BIH,1993,,6000000.0
BIH,1994,,6000000.0
BIH,1996,,58000000.0
BIH,1997,,78000000.0
BIH,1998,,2000000.0
BIH,1999,,25000000.0
BIH,2002,9000000.0,
BIH,2011,14000000.0,
BIH,2013,3000000.0,
BIH,2017,,0.0
BIH,2019,,0.0
BIH,2020,,0.0
BIH,2021,,12000000.0
BIH,2022,2000000.0,
BIH,2023,7000000.0,
BLR,1993,8000000.0,
BLR,1995,7000000.0,
BLR,1996,129000000.0,
BLR,1997,402000000.0,
BLR,1998,63000000.0,41000000.0
BLR,1999,454000000.0,41000000.0
BLR,2000,293000000.0,
BLR,2001,49000000.0,
BLR,2002,64000000.0,
BLR,2003,58000000.0,
BLR,2004,19000000.0,
BLR,2005,53000000.0,6000000.0
BLR,2006,43000000.0,140000000.0
BLR,2007,6000000.0,
BLR,2008,224000000.0,
BLR,2009,41000000.0,3000000.0
BLR,2010,161000000.0,
BLR,2011,98000000.0,75000000.0
BLR,2012,97000000.0,75000000.0
BLR,2013,269000000.0,75000000.0
BLR,2014,101000000.0,66000000.0
BLR,2015,142000000.0,98000000.0
BLR,2016,152000000.0,120000000.0
BLR,2017,52000000.0,158000000.0
BLR,2018,79000000.0,142000000.0
BLR,2019,84000000.0,333000000.0
BLR,2020,59000000.0,13000000.0
BLR,2021,111000000.0,69000000.0
BLR,2022,58000000.0,208000000.0
BLR,2023,45000000.0,161000000.0
BLR,2024,,151000000.0
BLZ,1984,,0.0
BLZ,1996,,0.0
BLZ,2000,,1000000.0
BLZ,2016,,2000000.0
BLZ,2023,,1000000.0
BOL,1960,,6000000.0
BOL,1961,,4000000.0
BOL,1962,,2000000.0
BOL,1963,,4000000.0
BOL,1964,,2000000.0
BOL,1965,,2000000.0
BOL,1966,,1000000.0
BOL,1967,,14000000.0
BOL,1968,,17000000.0
BOL,1969,,1000000.0
BOL,1970,,2000000.0
BOL,1971,,2000000.0
BOL,1972,,12000000.0
BOL,1973,,16000000.0
BOL,1974,,23000000.0
BOL,1975,,17000000.0
BOL,1976,,16000000.0
BOL,1977,,1000000.0
BOL,1978,,11000000.0
BOL,1979,,52000000.0
BOL,1980,,39000000.0
BOL,1981,,28000000.0
BOL,1982,,2000000.0
BOL,1985,,18000000.0
BOL,1986,,15000000.0
BOL,1988,,56000000.0
BOL,1989,,66000000.0
BOL,1991,,11000000.0
BOL,1992,,25000000.0
BOL,1993,,16000000.0
BOL,1994,,9000000.0
BOL,1995,,2000000.0
BOL,1999,,9000000.0
BOL,2000,,19000000.0
BOL,2003,,5000000.0
BOL,2004,,1000000.0
BOL,2005,,1000000.0
BOL,2006,,9000000.0
BOL,2007,,2000000.0
BOL,2008,,3000000.0
BOL,2009,,5000000.0
BOL,2010,,1000000.0
BOL,2011,,25000000.0
BOL,2012,,12000000.0
BOL,2013,,1000000.0
BOL,2014,,46000000.0
BOL,2016,,27000000.0
BOL,2017,,7000000.0
BOL,2018,,2000000.0
BOL,2019,,34000000.0
BOL,2020,,26000000.0
BOL,2024,,0.0
BRA,1960,2000000.0,236000000.0
BRA,1961,12000000.0,212000000.0
BRA,1962,,62000000.0
BRA,1963,,127000000.0
BRA,1964,,25000000.0
BRA,1965,,149000000.0
BRA,1966,,57000000.0
BRA,1967,,218000000.0
BRA,1968,,236000000.0
BRA,1969,18000000.0,108000000.0
BRA,1970,,217000000.0
BRA,1971,0.0,171000000.0
BRA,1972,,520000000.0
BRA,1973,,598000000.0
BRA,1974,32000000.0,256000000.0
BRA,1975,58000000.0,539000000.0
BRA,1976,104000000.0,571000000.0
BRA,1977,144000000.0,545000000.0
BRA,1978,183000000.0,872000000.0
BRA,1979,73000000.0,394000000.0
BRA,1980,159000000.0,355000000.0
BRA,1981,68000000.0,61000000.0
BRA,1982,123000000.0,72000000.0
BRA,1983,200000000.0,87000000.0
BRA,1984,275000000.0,119000000.0
BRA,1985,207000000.0,83000000.0
BRA,1986,138000000.0,135000000.0
BRA,1987,216000000.0,230000000.0
BRA,1988,206000000.0,125000000.0
BRA,1989,53000000.0,741000000.0
BRA,1990,106000000.0,136000000.0
BRA,1991,127000000.0,160000000.0
BRA,1992,98000000.0,98000000.0
BRA,1993,40000000.0,64000000.0
BRA,1994,54000000.0,306000000.0
BRA,1995,38000000.0,266000000.0
BRA,1996,27000000.0,547000000.0
BRA,1997,27000000.0,476000000.0
BRA,1998,18000000.0,198000000.0
BRA,1999,,308000000.0
BRA,2000,,86000000.0
BRA,2001,,573000000.0
BRA,2002,20000000.0,221000000.0
BRA,2003,,110000000.0
BRA,2004,46000000.0,85000000.0
BRA,2005,1000000.0,223000000.0
BRA,2006,44000000.0,178000000.0
BRA,2007,54000000.0,188000000.0
BRA,2008,93000000.0,178000000.0
BRA,2009,44000000.0,135000000.0
BRA,2010,146000000.0,256000000.0
BRA,2011,32000000.0,239000000.0
BRA,2012,33000000.0,317000000.0
BRA,2013,31000000.0,225000000.0
BRA,2014,30000000.0,212000000.0
BRA,2015,52000000.0,216000000.0
BRA,2016,123000000.0,117000000.0
BRA,2017,36000000.0,100000000.0
BRA,2018,102000000.0,265000000.0
BRA,2019,21000000.0,132000000.0
BRA,2020,163000000.0,140000000.0
BRA,2021,86000000.0,244000000.0
BRA,2022,7000000.0,469000000.0
BRA,2023,54000000.0,185000000.0
BRA,2024,116000000.0,435000000.0
BRB,1981,,9000000.0
BRB,1984,,1000000.0
BRB,2007,,10000000.0
BRB,2008,,10000000.0
BRB,2009,,10000000.0
BRN,1965,,5000000.0
BRN,1966,,1000000.0
BRN,1967,,18000000.0
BRN,1968,,1000000.0
BRN,1970,,5000000.0
BRN,1971,,18000000.0
BRN,1972,,1000000.0
BRN,1973,,1000000.0
BRN,1974,,15000000.0
BRN,1975,,1000000.0
BRN,1976,,0.0
BRN,1978,,46000000.0
BRN,1979,,64000000.0
BRN,1981,,8000000.0
BRN,1982,,12000000.0
BRN,1983,,85000000.0
BRN,1984,,60000000.0
BRN,1986,,13000000.0
BRN,1990,,4000000.0
BRN,1991,,4000000.0
BRN,1996,,17000000.0
BRN,1997,,31000000.0
BRN,1998,,7000000.0
BRN,1999,,4000000.0
BRN,2001,,5000000.0
BRN,2002,,1000000.0
BRN,2003,,0.0
BRN,2004,,0.0
BRN,2005,,1000000.0
BRN,2006,,1000000.0
BRN,2009,,33000000.0
BRN,2010,,33000000.0
BRN,2011,24000000.0,229000000.0
BRN,2012,,20000000.0
BRN,2013,,15000000.0
BRN,2014,,121000000.0
BRN,2015,,36000000.0
BRN,2016,12000000.0,
BRN,2021,,0.0
BRN,2023,,11000000.0
BRN,2024,,28000000.0
BTN,1968,,1000000.0
BTN,2004,,0.0
BTN,2015,,1000000.0
BTN,2016,,1000000.0
BTN,2021,,4000000.0
BWA,1977,,1000000.0
BWA,1978,,1000000.0
BWA,1979,,7000000.0
BWA,1980,,2000000.0
BWA,1981,,11000000.0
BWA,1985,,4000000.0
BWA,1987,,26000000.0
BWA,1988,,40000000.0
BWA,1989,,4000000.0
BWA,1990,,22000000.0
BWA,1991,,2000000.0
BWA,1992,,2000000.0
BWA,1993,,11000000.0
BWA,1995,,11000000.0
BWA,1996,,32000000.0
BWA,1997,,71000000.0
BWA,1998,,2000000.0
BWA,2000,,53000000.0
BWA,2001,,15000000.0
BWA,2002,,1000000.0
BWA,2003,,10000000.0
BWA,2004,,9000000.0
BWA,2009,,10000000.0
BWA,2010,,10000000.0
BWA,2012,,6000000.0
BWA,2013,,8000000.0
BWA,2016,,5000000.0
BWA,2018,,5000000.0
BWA,2019,,7000000.0
BWA,2020,,76000000.0
BWA,2021,,16000000.0
BWA,2022,,11000000.0
BWA,2023,,1000000.0
BWA,2024,,11000000.0
CAF,1961,,2000000.0
CAF,1965,,1000000.0
CAF,1966,,2000000.0
CAF,1968,,3000000.0
CAF,1971,,2000000.0
CAF,1973,,0.0
CAF,1978,,0.0
CAF,1980,,0.0
CAF,1981,,1000000.0
CAF,1982,,3000000.0
CAF,1983,,6000000.0
CAF,1984,,1000000.0
CAF,1985,,6000000.0
CAF,1988,,2000000.0
CAF,1992,,1000000.0
CAF,2006,,9000000.0
CAF,2008,,0.0
CAF,2011,,7000000.0
CAF,2018,,2000000.0
CAF,2020,,1000000.0
CAF,2021,,44000000.0
CAF,2022,,2000000.0
CAF,2023,,43000000.0
CAN,1960,66000000.0,171000000.0
CAN,1961,300000000.0,1576000000.0
CAN,1962,188000000.0,1220000000.0
CAN,1963,238000000.0,1012000000.0
CAN,1964,273000000.0,742000000.0
CAN,1965,121000000.0,563000000.0
CAN,1966,112000000.0,306000000.0
CAN,1967,73000000.0,237000000.0
CAN,1968,198000000.0,336000000.0
CAN,1969,183000000.0,516000000.0
CAN,1970,198000000.0,623000000.0
CAN,1971,290000000.0,457000000.0
CAN,1972,323000000.0,376000000.0
CAN,1973,118000000.0,78000000.0
CAN,1974,113000000.0,229000000.0
CAN,1975,82000000.0,195000000.0
CAN,1976,259000000.0,53000000.0
CAN,1977,138000000.0,90000000.0
CAN,1978,177000000.0,130000000.0
CAN,1979,163000000.0,193000000.0
CAN,1980,116000000.0,442000000.0
CAN,1981,105000000.0,454000000.0
CAN,1982,237000000.0,277000000.0
CAN,1983,97000000.0,649000000.0
CAN,1984,77000000.0,654000000.0
CAN,1985,83000000.0,848000000.0
CAN,1986,236000000.0,849000000.0
CAN,1987,244000000.0,787000000.0
CAN,1988,124000000.0,712000000.0
CAN,1989,33000000.0,37000000.0
CAN,1990,79000000.0,157000000.0
CAN,1991,93000000.0,767000000.0
CAN,1992,139000000.0,407000000.0
CAN,1993,144000000.0,196000000.0
CAN,1994,161000000.0,473000000.0
CAN,1995,242000000.0,405000000.0
CAN,1996,132000000.0,419000000.0
CAN,1997,96000000.0,353000000.0
CAN,1998,34000000.0,111000000.0
CAN,1999,76000000.0,144000000.0
CAN,2000,69000000.0,530000000.0
CAN,2001,120000000.0,520000000.0
CAN,2002,177000000.0,419000000.0
CAN,2003,301000000.0,141000000.0
CAN,2004,288000000.0,341000000.0
CAN,2005,234000000.0,106000000.0
CAN,2006,253000000.0,97000000.0
CAN,2007,353000000.0,478000000.0
CAN,2008,251000000.0,423000000.0
CAN,2009,198000000.0,104000000.0
CAN,2010,196000000.0,242000000.0
CAN,2011,273000000.0,356000000.0
CAN,2012,258000000.0,207000000.0
CAN,2013,166000000.0,202000000.0
CAN,2014,179000000.0,316000000.0
CAN,2015,325000000.0,408000000.0
CAN,2016,95000000.0,246000000.0
CAN,2017,63000000.0,354000000.0
CAN,2018,117000000.0,185000000.0
CAN,2019,230000000.0,187000000.0
CAN,2020,117000000.0,248000000.0
CAN,2021,123000000.0,346000000.0
CAN,2022,179000000.0,203000000.0
CAN,2023,283000000.0,76000000.0
CAN,2024,152000000.0,149000000.0
CHE,1960,435000000.0,218000000.0
CHE,1961,493000000.0,37000000.0
CHE,1962,534000000.0,4000000.0
CHE,1963,351000000.0,52000000.0
CHE,1964,394000000.0,263000000.0
CHE,1965,484000000.0,228000000.0
CHE,1966,367000000.0,373000000.0
CHE,1967,262000000.0,177000000.0
CHE,1968,91000000.0,199000000.0
CHE,1969,105000000.0,166000000.0
CHE,1970,18000000.0,142000000.0
CHE,1971,42000000.0,153000000.0
CHE,1972,34000000.0,191000000.0
CHE,1973,54000000.0,121000000.0
CHE,1974,89000000.0,64000000.0
CHE,1975,465000000.0,136000000.0
CHE,1976,573000000.0,142000000.0
CHE,1977,339000000.0,4000000.0
CHE,1978,223000000.0,217000000.0
CHE,1979,486000000.0,226000000.0
CHE,1980,562000000.0,272000000.0
CHE,1981,555000000.0,289000000.0
CHE,1982,411000000.0,175000000.0
CHE,1983,331000000.0,442000000.0
CHE,1984,528000000.0,404000000.0
CHE,1985,347000000.0,341000000.0
CHE,1986,348000000.0,108000000.0
CHE,1987,319000000.0,151000000.0
CHE,1988,375000000.0,179000000.0
CHE,1989,322000000.0,318000000.0
CHE,1990,475000000.0,438000000.0
CHE,1991,506000000.0,474000000.0
CHE,1992,454000000.0,386000000.0
CHE,1993,235000000.0,102000000.0
CHE,1994,176000000.0,118000000.0
CHE,1995,144000000.0,93000000.0
CHE,1996,204000000.0,187000000.0
CHE,1997,131000000.0,377000000.0
CHE,1998,198000000.0,431000000.0
CHE,1999,226000000.0,502000000.0
CHE,2000,139000000.0,18000000.0
CHE,2001,218000000.0,63000000.0
CHE,2002,177000000.0,60000000.0
CHE,2003,205000000.0,117000000.0
CHE,2004,290000000.0,203000000.0
CHE,2005,273000000.0,168000000.0
CHE,2006,318000000.0,83000000.0
CHE,2007,323000000.0,108000000.0
CHE,2008,503000000.0,15000000.0
CHE,2009,257000000.0,36000000.0
CHE,2010,278000000.0,42000000.0
CHE,2011,343000000.0,28000000.0
CHE,2012,251000000.0,6000000.0
CHE,2013,208000000.0,2000000.0
CHE,2014,347000000.0,5000000.0
CHE,2015,490000000.0,10000000.0
CHE,2016,220000000.0,71000000.0
CHE,2017,175000000.0,1000000.0
CHE,2018,243000000.0,
CHE,2019,218000000.0,
CHE,2020,145000000.0,
CHE,2021,105000000.0,
CHE,2022,176000000.0,15000000.0
CHE,2023,63000000.0,33000000.0
CHE,2024,33000000.0,
CHL,1960,,308000000.0
CHL,1961,,38000000.0
CHL,1962,,19000000.0
CHL,1963,,123000000.0
CHL,1964,,34000000.0
CHL,1965,,49000000.0
CHL,1966,,74000000.0
CHL,1967,,150000000.0
CHL,1968,,70000000.0
CHL,1969,,21000000.0
CHL,1970,,57000000.0
CHL,1971,,198000000.0
CHL,1972,,51000000.0
CHL,1973,,278000000.0
CHL,1974,,292000000.0
CHL,1975,0.0,184000000.0
CHL,1976,,415000000.0
CHL,1977,,58000000.0
CHL,1978,0.0,157000000.0
CHL,1979,,138000000.0
CHL,1980,0.0,147000000.0
CHL,1981,0.0,147000000.0
CHL,1982,,343000000.0
CHL,1983,0.0,140000000.0
CHL,1984,,538000000.0
CHL,1985,,8000000.0
CHL,1986,3000000.0,171000000.0
CHL,1987,3000000.0,154000000.0
CHL,1988,4000000.0,84000000.0
CHL,1989,4000000.0,133000000.0
CHL,1990,,135000000.0
CHL,1991,3000000.0,104000000.0
CHL,1992,8000000.0,170000000.0
CHL,1993,,85000000.0
CHL,1994,,82000000.0
CHL,1995,,331000000.0
CHL,1996,29000000.0,164000000.0
CHL,1997,,282000000.0
CHL,1998,2000000.0,88000000.0
CHL,1999,1000000.0,206000000.0
CHL,2000,1000000.0,230000000.0
CHL,2001,,60000000.0
CHL,2002,1000000.0,74000000.0
CHL,2003,,187000000.0
CHL,2004,,64000000.0
CHL,2005,,446000000.0
CHL,2006,,1097000000.0
CHL,2007,,659000000.0
CHL,2008,100000000.0,395000000.0
CHL,2009,,329000000.0
CHL,2010,,474000000.0
CHL,2011,,326000000.0
CHL,2012,,61000000.0
CHL,2013,,55000000.0
CHL,2014,20000000.0,135000000.0
CHL,2015,,135000000.0
CHL,2016,,70000000.0
CHL,2017,,49000000.0
CHL,2018,0.0,74000000.0
CHL,2019,,16000000.0
CHL,2020,,304000000.0
CHL,2021,,66000000.0
CHL,2022,8000000.0,207000000.0
CHL,2023,,9000000.0
CHL,2024,,14000000.0
CHN,1960,285000000.0,2357000000.0
CHN,1961,35000000.0,952000000.0
CHN,1962,47000000.0,415000000.0
CHN,1963,12000000.0,450000000.0
CHN,1964,75000000.0,485000000.0
CHN,1965,387000000.0,257000000.0
CHN,1966,619000000.0,227000000.0
CHN,1967,426000000.0,145000000.0
CHN,1968,746000000.0,182000000.0
CHN,1969,669000000.0,2000000.0
CHN,1970,905000000.0,2000000.0
CHN,1971,1308000000.0,2000000.0
CHN,1972,1246000000.0,2000000.0
CHN,1973,658000000.0,3000000.0
CHN,1974,508000000.0,3000000.0
CHN,1975,661000000.0,3000000.0
CHN,1976,580000000.0,3000000.0
CHN,1977,224000000.0,75000000.0
CHN,1978,611000000.0,86000000.0
CHN,1979,553000000.0,10000000.0
CHN,1980,943000000.0,6000000.0
CHN,1981,707000000.0,2000000.0
CHN,1982,1557000000.0,13000000.0
CHN,1983,1763000000.0,25000000.0
CHN,1984,1931000000.0,71000000.0
CHN,1985,1292000000.0,113000000.0
CHN,1986,1862000000.0,20000000.0
CHN,1987,2600000000.0,56000000.0
CHN,1988,1425000000.0,104000000.0
CHN,1989,1056000000.0,171000000.0
CHN,1990,954000000.0,274000000.0
CHN,1991,1321000000.0,445000000.0
CHN,1992,670000000.0,1190000000.0
CHN,1993,1435000000.0,1236000000.0
CHN,1994,1063000000.0,310000000.0
CHN,1995,981000000.0,707000000.0
CHN,1996,764000000.0,1501000000.0
CHN,1997,427000000.0,939000000.0
CHN,1998,347000000.0,373000000.0
CHN,1999,332000000.0,1720000000.0
CHN,2000,306000000.0,2472000000.0
CHN,2001,510000000.0,2754000000.0
CHN,2002,524000000.0,2819000000.0
CHN,2003,701000000.0,2315000000.0
CHN,2004,408000000.0,3227000000.0
CHN,2005,341000000.0,3459000000.0
CHN,2006,770000000.0,2823000000.0
CHN,2007,505000000.0,1691000000.0
CHN,2008,586000000.0,1773000000.0
CHN,2009,1125000000.0,1376000000.0
CHN,2010,1501000000.0,939000000.0
CHN,2011,1258000000.0,1032000000.0
CHN,2012,1534000000.0,1542000000.0
CHN,2013,2076000000.0,1221000000.0
CHN,2014,1323000000.0,1033000000.0
CHN,2015,1819000000.0,1196000000.0
CHN,2016,2449000000.0,1209000000.0
CHN,2017,1624000000.0,1537000000.0
CHN,2018,1365000000.0,2008000000.0
CHN,2019,1604000000.0,1323000000.0
CHN,2020,635000000.0,775000000.0
CHN,2021,1358000000.0,686000000.0
CHN,2022,2280000000.0,646000000.0
CHN,2023,2982000000.0,431000000.0
CHN,2024,1131000000.0,72000000.0
CIV,1961,,3000000.0
CIV,1962,,1000000.0
CIV,1963,,1000000.0
CIV,1966,,2000000.0
CIV,1967,,3000000.0
CIV,1968,,26000000.0
CIV,1969,,2000000.0
CIV,1970,,7000000.0
CIV,1971,1000000.0,17000000.0
CIV,1972,,1000000.0
CIV,1974,,18000000.0
CIV,1977,,22000000.0
CIV,1978,,15000000.0
CIV,1979,,38000000.0
CIV,1980,,56000000.0
CIV,1981,,19000000.0
CIV,1984,,9000000.0
CIV,1989,,2000000.0
CIV,1992,,0.0
CIV,1995,,2000000.0
CIV,1997,,0.0
CIV,1999,,2000000.0
CIV,2000,,0.0
CIV,2002,,32000000.0
CIV,2003,,61000000.0
CIV,2004,,9000000.0
CIV,2014,,6000000.0
CIV,2015,,5000000.0
CIV,2016,,5000000.0
CIV,2017,,14000000.0
CIV,2018,,10000000.0
CIV,2019,,15000000.0
CIV,2020,,3000000.0
CIV,2021,,9000000.0
CIV,2022,,22000000.0
CIV,2023,,67000000.0
CIV,2024,,3000000.0
CMR,1961,,0.0
CMR,1963,,2000000.0
CMR,1964,,0.0
CMR,1965,,2000000.0
CMR,1966,,2000000.0
CMR,1967,,3000000.0
CMR,1968,,3000000.0
CMR,1971,,8000000.0
CMR,1972,,1000000.0
CMR,1973,,15000000.0
CMR,1976,,29000000.0
CMR,1977,,73000000.0
CMR,1979,,1000000.0
CMR,1981,,28000000.0
CMR,1982,,113000000.0
CMR,1983,,5000000.0
CMR,1984,,125000000.0
CMR,1985,,16000000.0
CMR,1986,,11000000.0
CMR,1987,,5000000.0
CMR,1988,,1000000.0
CMR,1989,,3000000.0
CMR,1990,,8000000.0
CMR,1992,,3000000.0
CMR,1996,,5000000.0
CMR,1997,,6000000.0
CMR,1998,,9000000.0
CMR,1999,,4000000.0
CMR,2001,,6000000.0
CMR,2002,,10000000.0
CMR,2005,,5000000.0
CMR,2006,,3000000.0
CMR,2008,,1000000.0
CMR,2010,,10000000.0
CMR,2012,,9000000.0
CMR,2013,,139000000.0
CMR,2014,,124000000.0
CMR,2015,,9000000.0
CMR,2016,,23000000.0
CMR,2017,,8000000.0
CMR,2018,,2000000.0
CMR,2019,,4000000.0
CMR,2020,,2000000.0
CMR,2021,,4000000.0
CMR,2022,,2000000.0
CMR,2023,,2000000.0
COD,1960,,2000000.0
COD,1961,,9000000.0
COD,1962,,13000000.0
COD,1963,,32000000.0
COD,1964,,64000000.0
COD,1965,,23000000.0
COD,1966,,26000000.0
COD,1967,,16000000.0
COD,1968,,7000000.0
COD,1969,,28000000.0
COD,1970,,19000000.0
COD,1971,,165000000.0
COD,1972,,15000000.0
COD,1973,,5000000.0
COD,1974,,9000000.0
COD,1975,,445000000.0
COD,1976,,132000000.0
COD,1977,,31000000.0
COD,1978,,38000000.0
COD,1979,1000000.0,15000000.0
COD,1980,,10000000.0
COD,1981,,12000000.0
COD,1982,,15000000.0
COD,1983,,5000000.0
COD,1984,,16000000.0
COD,1985,,1000000.0
COD,1986,,1000000.0
COD,1987,,36000000.0
COD,1988,,1000000.0
COD,1990,,5000000.0
COD,1992,,2000000.0
COD,1995,,0.0
COD,1996,,61000000.0
COD,1997,22000000.0,6000000.0
COD,1998,,10000000.0
COD,1999,,46000000.0
COD,2000,,89000000.0
COD,2001,,11000000.0
COD,2002,,18000000.0
COD,2005,,26000000.0
COD,2006,,24000000.0
COD,2008,,18000000.0
COD,2009,,37000000.0
COD,2010,,156000000.0
COD,2012,,15000000.0
COD,2013,,1000000.0
COD,2015,,3000000.0
COD,2016,,43000000.0
COD,2018,,1000000.0
COD,2020,,6000000.0
COD,2023,,27000000.0
COD,2024,,35000000.0
COG,1960,,1000000.0
COG,1961,,1000000.0
COG,1963,,0.0
COG,1965,,0.0
COG,1968,,1000000.0
COG,1969,,24000000.0
COG,1970,,9000000.0
COG,1971,,27000000.0
COG,1972,,2000000.0
COG,1974,,7000000.0
COG,1975,,2000000.0
COG,1976,,4000000.0
COG,1978,,35000000.0
COG,1979,,26000000.0
COG,1980,,17000000.0
COG,1981,,3000000.0
COG,1982,,11000000.0
COG,1983,,25000000.0
COG,1984,,25000000.0
COG,1985,,3000000.0
COG,1988,,28000000.0
COG,1989,,44000000.0
COG,1990,,44000000.0
COG,1991,,18000000.0
COG,1997,,27000000.0
COG,1998,,2000000.0
COG,1999,,2000000.0
COG,2000,,0.0
COG,2003,,8000000.0
COG,2004,,7000000.0
COG,2005,,4000000.0
COG,2006,,1000000.0
COG,2007,,0.0
COG,2009,,4000000.0
COG,2010,,28000000.0
COG,2011,,5000000.0
COG,2012,,23000000.0
COG,2013,,35000000.0
COG,2014,,6000000.0
COG,2015,,2000000.0
COG,2018,,0.0
COG,2019,,3000000.0
COG,2021,,3000000.0
COL,1960,,5000000.0
COL,1961,,66000000.0
COL,1962,,6000000.0
COL,1963,,32000000.0
COL,1964,,9000000.0
COL,1965,,18000000.0
COL,1966,,32000000.0
COL,1967,,15000000.0
COL,1968,,32000000.0
COL,1969,,121000000.0
COL,1970,,8000000.0
COL,1971,,40000000.0
COL,1972,,171000000.0
COL,1973,,163000000.0
COL,1974,,5000000.0
COL,1975,,291000000.0
COL,1976,,10000000.0
COL,1977,,8000000.0
COL,1978,,12000000.0
COL,1979,,36000000.0
COL,1980,,12000000.0
COL,1981,,28000000.0
COL,1982,,18000000.0
COL,1983,,299000000.0
COL,1984,,659000000.0
COL,1985,,7000000.0
COL,1986,,6000000.0
COL,1987,,4000000.0
COL,1988,,37000000.0
COL,1989,,218000000.0
COL,1990,,13000000.0
COL,1991,,72000000.0
COL,1992,,36000000.0
COL,1993,,68000000.0
COL,1994,,42000000.0
COL,1995,,35000000.0
COL,1996,,49000000.0
COL,1997,,193000000.0
COL,1998,,160000000.0
COL,1999,,44000000.0
COL,2000,,68000000.0
COL,2001,,268000000.0
COL,2002,6000000.0,173000000.0
COL,2003,,145000000.0
COL,2004,,18000000.0
COL,2005,,18000000.0
COL,2006,,54000000.0
COL,2007,,237000000.0
COL,2008,,110000000.0
COL,2009,,263000000.0
COL,2010,,259000000.0
COL,2011,,145000000.0
COL,2012,0.0,212000000.0
COL,2013,,174000000.0
COL,2014,,167000000.0
COL,2015,,193000000.0
COL,2016,,18000000.0
COL,2017,10000000.0,91000000.0
COL,2018,,16000000.0
COL,2019,10000000.0,22000000.0
COL,2020,4000000.0,80000000.0
COL,2021,,45000000.0
COL,2022,,50000000.0
COL,2023,,3000000.0
COL,2024,,19000000.0
COM,1976,,1000000.0
COM,1977,,1000000.0
COM,1981,5000000.0,
COM,1987,,1000000.0
COM,2008,,6000000.0
COM,2012,,1000000.0
CPV,1976,,2000000.0
CPV,1979,,18000000.0
CPV,1982,,26000000.0
CPV,1992,,7000000.0
CPV,1998,,9000000.0
CPV,2000,,1000000.0
CPV,2009,,2000000.0
CPV,2012,,10000000.0
CPV,2019,,3000000.0
CRI,1963,,1000000.0
CRI,1966,,0.0
CRI,1969,2000000.0,
CRI,1973,,1000000.0
CRI,1975,,3000000.0
CRI,1978,,6000000.0
CRI,1979,,2000000.0
CRI,1980,,0.0
CRI,1984,,0.0
CRI,1985,,1000000.0
CRI,1986,,1000000.0
CRI,1989,,2000000.0
CRI,1993,,3000000.0
CRI,2008,0.0,
CRI,2009,3000000.0,
CRI,2018,,0.0
CRI,2019,,8000000.0
CUB,1960,,153000000.0
CUB,1961,,524000000.0
CUB,1962,,1337000000.0
CUB,1963,,288000000.0
CUB,1964,,252000000.0
CUB,1965,,135000000.0
CUB,1966,,232000000.0
CUB,1967,,163000000.0
CUB,1968,,155000000.0
CUB,1969,,155000000.0
CUB,1970,,155000000.0
CUB,1971,,162000000.0
CUB,1972,,452000000.0
CUB,1973,,420000000.0
CUB,1974,,408000000.0
CUB,1975,1000000.0,200000000.0
CUB,1976,,316000000.0
CUB,1977,,609000000.0
CUB,1978,12000000.0,503000000.0
CUB,1979,10000000.0,410000000.0
CUB,1980,8000000.0,349000000.0
CUB,1981,,964000000.0
CUB,1982,,964000000.0
CUB,1983,,778000000.0
CUB,1984,,426000000.0
CUB,1985,,352000000.0
CUB,1986,,281000000.0
CUB,1987,,75000000.0
CUB,1988,,167000000.0
CUB,1989,,94000000.0
CUB,1990,,169000000.0
CUB,1991,,159000000.0
CUB,2004,,8000000.0
CYP,1964,,18000000.0
CYP,1965,,22000000.0
CYP,1973,,9000000.0
CYP,1982,,5000000.0
CYP,1983,,19000000.0
CYP,1984,,24000000.0
CYP,1985,,33000000.0
CYP,1986,,40000000.0
CYP,1987,,32000000.0
CYP,1988,,122000000.0
CYP,1989,,28000000.0
CYP,1990,,82000000.0
CYP,1991,,94000000.0
CYP,1992,,26000000.0
CYP,1993,,10000000.0
CYP,1994,,37000000.0
CYP,1995,,34000000.0
CYP,1996,34000000.0,171000000.0
CYP,1997,,98000000.0
CYP,1998,,7000000.0
CYP,1999,,113000000.0
CYP,2000,,4000000.0
CYP,2001,,180000000.0
CYP,2002,,66000000.0
CYP,2003,,6000000.0
CYP,2004,,16000000.0
CYP,2005,,18000000.0
CYP,2006,,22000000.0
CYP,2007,,16000000.0
CYP,2010,,44000000.0
CYP,2011,,41000000.0
CYP,2012,,6000000.0
CYP,2017,,30000000.0
CYP,2019,,19000000.0
CYP,2020,,30000000.0
CYP,2021,,11000000.0
CYP,2023,40000000.0,
CYP,2024,,115000000.0
CZE,1993,199000000.0,
CZE,1994,319000000.0,
CZE,1995,146000000.0,1000000.0
CZE,1996,123000000.0,35000000.0
CZE,1997,24000000.0,9000000.0
CZE,1998,21000000.0,0.0
CZE,1999,58000000.0,1000000.0
CZE,2000,83000000.0,13000000.0
CZE,2001,89000000.0,57000000.0
CZE,2002,60000000.0,42000000.0
CZE,2003,65000000.0,94000000.0
CZE,2004,2000000.0,6000000.0
CZE,2005,72000000.0,600000000.0
CZE,2006,44000000.0,46000000.0
CZE,2007,34000000.0,10000000.0
CZE,2008,34000000.0,25000000.0
CZE,2009,24000000.0,6000000.0
CZE,2010,5000000.0,12000000.0
CZE,2011,11000000.0,70000000.0
CZE,2012,8000000.0,20000000.0
CZE,2013,41000000.0,14000000.0
CZE,2014,26000000.0,
CZE,2015,151000000.0,0.0
CZE,2016,153000000.0,
CZE,2017,90000000.0,
CZE,2018,92000000.0,7000000.0
CZE,2019,19000000.0,1000000.0
CZE,2020,26000000.0,8000000.0
CZE,2021,6000000.0,32000000.0
CZE,2022,163000000.0,69000000.0
CZE,2023,106000000.0,148000000.0
CZE,2024,134000000.0,50000000.0
DEU,1960,156000000.0,2064000000.0
DEU,1961,12000000.0,2040000000.0
DEU,1962,154000000.0,2479000000.0
DEU,1963,141000000.0,3296000000.0
DEU,1964,437000000.0,3721000000.0
DEU,1965,327000000.0,3341000000.0
DEU,1966,712000000.0,3263000000.0
DEU,1967,759000000.0,1409000000.0
DEU,1968,589000000.0,1268000000.0
DEU,1969,876000000.0,1263000000.0
DEU,1970,1581000000.0,1419000000.0
DEU,1971,1357000000.0,2404000000.0
DEU,1972,1359000000.0,793000000.0
DEU,1973,224000000.0,1721000000.0
DEU,1974,1189000000.0,2141000000.0
DEU,1975,1422000000.0,1831000000.0
DEU,1976,1658000000.0,1357000000.0
DEU,1977,1929000000.0,1012000000.0
DEU,1978,1606000000.0,661000000.0
DEU,1979,1429000000.0,65000000.0
DEU,1980,1598000000.0,150000000.0
DEU,1981,1904000000.0,261000000.0
DEU,1982,1519000000.0,453000000.0
DEU,1983,2222000000.0,434000000.0
DEU,1984,2938000000.0,412000000.0
DEU,1985,1340000000.0,130000000.0
DEU,1986,1364000000.0,322000000.0
DEU,1987,924000000.0,334000000.0
DEU,1988,1397000000.0,443000000.0
DEU,1989,1273000000.0,701000000.0
DEU,1990,1835000000.0,711000000.0
DEU,1991,2418000000.0,690000000.0
DEU,1992,1529000000.0,679000000.0
DEU,1993,1559000000.0,529000000.0
DEU,1994,2920000000.0,417000000.0
DEU,1995,1552000000.0,222000000.0
DEU,1996,1961000000.0,244000000.0
DEU,1997,955000000.0,60000000.0
DEU,1998,1847000000.0,618000000.0
DEU,1999,1944000000.0,129000000.0
DEU,2000,1677000000.0,113000000.0
DEU,2001,865000000.0,133000000.0
DEU,2002,899000000.0,71000000.0
DEU,2003,1652000000.0,63000000.0
DEU,2004,1103000000.0,237000000.0
DEU,2005,2088000000.0,199000000.0
DEU,2006,2485000000.0,406000000.0
DEU,2007,3296000000.0,46000000.0
DEU,2008,2380000000.0,278000000.0
DEU,2009,2207000000.0,330000000.0
DEU,2010,2357000000.0,306000000.0
DEU,2011,1204000000.0,82000000.0
DEU,2012,729000000.0,130000000.0
DEU,2013,729000000.0,113000000.0
DEU,2014,1822000000.0,95000000.0
DEU,2015,1815000000.0,95000000.0
DEU,2016,2509000000.0,55000000.0
DEU,2017,1841000000.0,43000000.0
DEU,2018,1085000000.0,14000000.0
DEU,2019,950000000.0,38000000.0
DEU,2020,1163000000.0,101000000.0
DEU,2021,813000000.0,235000000.0
DEU,2022,1489000000.0,284000000.0
DEU,2023,2472000000.0,200000000.0
DEU,2024,2049000000.0,239000000.0
DJI,1977,,3000000.0
DJI,1978,,6000000.0
DJI,1979,,36000000.0
DJI,1980,,5000000.0
DJI,1981,,6000000.0
DJI,1982,,3000000.0
DJI,1983,,3000000.0
DJI,1985,,1000000.0
DJI,1986,,8000000.0
DJI,1987,,1000000.0
DJI,1991,,1000000.0
DJI,1992,,19000000.0
DJI,1993,,6000000.0
DJI,1995,,2000000.0
DJI,2000,,1000000.0
DJI,2002,,3000000.0
DJI,2004,,4000000.0
DJI,2005,,7000000.0
DJI,2012,,6000000.0
DJI,2013,,5000000.0
DJI,2014,,15000000.0
DJI,2015,,4000000.0
DJI,2016,,11000000.0
DJI,2019,,11000000.0
DJI,2020,,1000000.0
DJI,2021,,46000000.0
DJI,2022,,19000000.0
DJI,2023,,0.0
DNK,1960,20000000.0,138000000.0
DNK,1961,,335000000.0
DNK,1962,,64000000.0
DNK,1963,,145000000.0
DNK,1964,60000000.0,491000000.0
DNK,1965,12000000.0,455000000.0
DNK,1966,,66000000.0
DNK,1967,128000000.0,72000000.0
DNK,1968,24000000.0,77000000.0
DNK,1969,,19000000.0
DNK,1970,,212000000.0
DNK,1971,,384000000.0
DNK,1972,,156000000.0
DNK,1974,,39000000.0
DNK,1975,24000000.0,89000000.0
DNK,1976,,389000000.0
DNK,1977,,391000000.0
DNK,1978,,360000000.0
DNK,1979,,55000000.0
DNK,1980,18000000.0,480000000.0
DNK,1981,29000000.0,477000000.0
DNK,1982,64000000.0,470000000.0
DNK,1983,115000000.0,231000000.0
DNK,1984,,70000000.0
DNK,1985,,88000000.0
DNK,1986,,16000000.0
DNK,1987,117000000.0,99000000.0
DNK,1988,36000000.0,98000000.0
DNK,1989,,187000000.0
DNK,1990,80000000.0,128000000.0
DNK,1991,,154000000.0
DNK,1992,,72000000.0
DNK,1993,182000000.0,51000000.0
DNK,1994,268000000.0,88000000.0
DNK,1995,34000000.0,134000000.0
DNK,1996,13000000.0,75000000.0
DNK,1997,,77000000.0
DNK,1998,,116000000.0
DNK,1999,3000000.0,70000000.0
DNK,2000,18000000.0,50000000.0
DNK,2001,,146000000.0
DNK,2002,10000000.0,40000000.0
DNK,2003,2000000.0,50000000.0
DNK,2004,,232000000.0
DNK,2005,,116000000.0
DNK,2006,5000000.0,84000000.0
DNK,2007,6000000.0,133000000.0
DNK,2008,8000000.0,97000000.0
DNK,2009,10000000.0,134000000.0
DNK,2010,8000000.0,22000000.0
DNK,2011,26000000.0,6000000.0
DNK,2012,26000000.0,103000000.0
DNK,2013,8000000.0,34000000.0
DNK,2014,19000000.0,176000000.0
DNK,2015,22000000.0,42000000.0
DNK,2016,21000000.0,103000000.0
DNK,2017,13000000.0,53000000.0
DNK,2018,25000000.0,53000000.0
DNK,2019,2000000.0,48000000.0
DNK,2020,,63000000.0
DNK,2021,24000000.0,261000000.0
DNK,2022,78000000.0,210000000.0
DNK,2023,46000000.0,274000000.0
DNK,2024,166000000.0,427000000.0
DOM,1960,,9000000.0
DOM,1961,,15000000.0
DOM,1962,,0.0
DOM,1963,,7000000.0
DOM,1964,,5000000.0
DOM,1965,,10000000.0
DOM,1966,,9000000.0
DOM,1967,,1000000.0
DOM,1968,,1000000.0
DOM,1969,,0.0
DOM,1970,,1000000.0
DOM,1971,,2000000.0
DOM,1972,,7000000.0
DOM,1973,,0.0
DOM,1975,,2000000.0
DOM,1976,,12000000.0
DOM,1980,,9000000.0
DOM,1981,,5000000.0
DOM,1982,,36000000.0
DOM,1984,,25000000.0
DOM,1985,,2000000.0
DOM,1986,,0.0
DOM,1988,,3000000.0
DOM,1996,,4000000.0
DOM,1998,,6000000.0
DOM,1999,,1000000.0
DOM,2000,,13000000.0
DOM,2001,,5000000.0
DOM,2002,,0.0
DOM,2003,,9000000.0
DOM,2004,,36000000.0
DOM,2005,,2000000.0
DOM,2009,,10000000.0
DOM,2010,,51000000.0
DOM,2011,,12000000.0
DOM,2015,,1000000.0
DOM,2016,,0.0
DOM,2017,4000000.0,
DOM,2020,,4000000.0
DOM,2022,0.0,5000000.0
DOM,2023,,9000000.0
DOM,2024,,10000000.0
DZA,1961,,7000000.0
DZA,1962,,63000000.0
DZA,1963,,90000000.0
DZA,1964,,181000000.0
DZA,1965,,354000000.0
DZA,1966,,439000000.0
DZA,1967,,525000000.0
DZA,1968,6000000.0,58000000.0
DZA,1969,,79000000.0
DZA,1970,,14000000.0
DZA,1971,,14000000.0
DZA,1972,,180000000.0
DZA,1973,,110000000.0
DZA,1974,,13000000.0
DZA,1975,,56000000.0
DZA,1976,,130000000.0
DZA,1977,,1052000000.0
DZA,1978,,1267000000.0
DZA,1979,,1823000000.0
DZA,1980,6000000.0,1337000000.0
DZA,1981,,1381000000.0
DZA,1982,,1352000000.0
DZA,1983,,700000000.0
DZA,1984,,659000000.0
DZA,1985,,368000000.0
DZA,1986,,146000000.0
DZA,1987,,367000000.0
DZA,1988,,319000000.0
DZA,1989,,455000000.0
DZA,1990,,737000000.0
DZA,1991,,1039000000.0
DZA,1992,,23000000.0
DZA,1993,,22000000.0
DZA,1994,,197000000.0
DZA,1995,,311000000.0
DZA,1996,,83000000.0
DZA,1997,,37000000.0
DZA,1998,,98000000.0
DZA,1999,,370000000.0
DZA,2000,,405000000.0
DZA,2001,,539000000.0
DZA,2002,,252000000.0
DZA,2003,,204000000.0
DZA,2004,,251000000.0
DZA,2005,,159000000.0
DZA,2006,,340000000.0
DZA,2007,,507000000.0
DZA,2008,,1510000000.0
DZA,2009,,1063000000.0
DZA,2010,,831000000.0
DZA,2011,,1133000000.0
DZA,2012,,662000000.0
DZA,2013,,361000000.0
DZA,2014,,715000000.0
DZA,2015,,897000000.0
DZA,2016,0.0,2916000000.0
DZA,2017,,1138000000.0
DZA,2018,,1289000000.0
DZA,2019,,167000000.0
DZA,2020,,598000000.0
DZA,2021,,162000000.0
DZA,2022,,418000000.0
DZA,2023,,393000000.0
DZA,2024,,128000000.0
ECU,1960,,66000000.0
ECU,1963,,3000000.0
ECU,1964,,3000000.0
ECU,1965,,29000000.0
ECU,1966,,9000000.0
ECU,1967,,21000000.0
ECU,1968,,5000000.0
ECU,1969,,1000000.0
ECU,1970,,5000000.0
ECU,1971,,85000000.0
ECU,1972,,41000000.0
ECU,1973,,15000000.0
ECU,1974,,22000000.0
ECU,1975,,42000000.0
ECU,1976,,226000000.0
ECU,1977,,582000000.0
ECU,1978,,224000000.0
ECU,1979,,110000000.0
ECU,1980,,289000000.0
ECU,1981,,122000000.0
ECU,1982,,295000000.0
ECU,1983,,360000000.0
ECU,1984,,321000000.0
ECU,1985,,23000000.0
ECU,1986,,28000000.0
ECU,1987,,26000000.0
ECU,1988,,26000000.0
ECU,1989,,20000000.0
ECU,1990,,3000000.0
ECU,1991,,136000000.0
ECU,1992,,4000000.0
ECU,1993,,18000000.0
ECU,1994,,17000000.0
ECU,1995,,45000000.0
ECU,1996,,29000000.0
ECU,1997,,103000000.0
ECU,1998,,31000000.0
ECU,1999,,27000000.0
ECU,2000,,9000000.0
ECU,2001,,41000000.0
ECU,2002,,1000000.0
ECU,2005,,39000000.0
ECU,2006,,47000000.0
ECU,2007,,2000000.0
ECU,2008,,102000000.0
ECU,2009,,77000000.0
ECU,2010,,90000000.0
ECU,2011,,69000000.0
ECU,2012,,88000000.0
ECU,2013,,11000000.0
ECU,2014,6000000.0,56000000.0
ECU,2015,,27000000.0
ECU,2016,,26000000.0
ECU,2017,,20000000.0
ECU,2018,2000000.0,5000000.0
ECU,2019,,3000000.0
ECU,2020,,21000000.0
ECU,2021,,15000000.0
ECU,2022,,9000000.0
ECU,2023,,7000000.0
ECU,2024,,25000000.0
EGY,1960,0.0,164000000.0
EGY,1961,0.0,544000000.0
EGY,1962,7000000.0,686000000.0
EGY,1963,8000000.0,738000000.0
EGY,1964,1000000.0,844000000.0
EGY,1965,,951000000.0
EGY,1966,14000000.0,1542000000.0
EGY,1967,15000000.0,2238000000.0
EGY,1968,26000000.0,1276000000.0
EGY,1969,15000000.0,1242000000.0
EGY,1970,39000000.0,1690000000.0
EGY,1971,,1988000000.0
EGY,1972,,3261000000.0
EGY,1973,,2547000000.0
EGY,1974,,1078000000.0
EGY,1975,16000000.0,566000000.0
EGY,1976,,159000000.0
EGY,1977,67000000.0,410000000.0
EGY,1978,78000000.0,136000000.0
EGY,1979,13000000.0,631000000.0
EGY,1980,29000000.0,1004000000.0
EGY,1981,77000000.0,1180000000.0
EGY,1982,81000000.0,2487000000.0
EGY,1983,71000000.0,1674000000.0
EGY,1984,37000000.0,1515000000.0
EGY,1985,5000000.0,977000000.0
EGY,1986,19000000.0,1490000000.0
EGY,1987,76000000.0,1652000000.0
EGY,1988,81000000.0,427000000.0
EGY,1989,81000000.0,297000000.0
EGY,1990,25000000.0,563000000.0
EGY,1991,,887000000.0
EGY,1992,15000000.0,973000000.0
EGY,1993,28000000.0,1258000000.0
EGY,1994,17000000.0,2027000000.0
EGY,1995,12000000.0,1704000000.0
EGY,1996,5000000.0,969000000.0
EGY,1997,5000000.0,1051000000.0
EGY,1998,,483000000.0
EGY,1999,,517000000.0
EGY,2000,,833000000.0
EGY,2001,,824000000.0
EGY,2002,,717000000.0
EGY,2003,,631000000.0
EGY,2004,,648000000.0
EGY,2005,,809000000.0
EGY,2006,,695000000.0
EGY,2007,,660000000.0
EGY,2008,,326000000.0
EGY,2009,,95000000.0
EGY,2010,,689000000.0
EGY,2011,,653000000.0
EGY,2012,,308000000.0
EGY,2013,,719000000.0
EGY,2014,7000000.0,430000000.0
EGY,2015,21000000.0,1443000000.0
EGY,2016,,1653000000.0
EGY,2017,,2472000000.0
EGY,2018,,1629000000.0
EGY,2019,8000000.0,1081000000.0
EGY,2020,,1401000000.0
EGY,2021,41000000.0,1290000000.0
EGY,2022,41000000.0,743000000.0
EGY,2023,4000000.0,1151000000.0
EGY,2024,2000000.0,72000000.0
ERI,1993,,21000000.0
ERI,1994,,20000000.0
ERI,1995,,7000000.0
ERI,1996,,43000000.0
ERI,1997,,53000000.0
ERI,1998,2000000.0,212000000.0
ERI,1999,0.0,31000000.0
ERI,2000,,20000000.0
ERI,2001,,57000000.0
ERI,2002,,18000000.0
ERI,2003,,17000000.0
ERI,2004,,80000000.0
ERI,2005,,99000000.0
ERI,2006,0.0,
ERI,2007,,4000000.0
ESP,1960,2000000.0,214000000.0
ESP,1961,8000000.0,103000000.0
ESP,1962,10000000.0,55000000.0
ESP,1963,10000000.0,14000000.0
ESP,1964,12000000.0,51000000.0
ESP,1965,33000000.0,382000000.0
ESP,1966,26000000.0,307000000.0
ESP,1967,12000000.0,303000000.0
ESP,1968,12000000.0,133000000.0
ESP,1969,10000000.0,181000000.0
ESP,1970,70000000.0,234000000.0
ESP,1971,140000000.0,637000000.0
ESP,1972,18000000.0,792000000.0
ESP,1973,18000000.0,895000000.0
ESP,1974,84000000.0,580000000.0
ESP,1975,277000000.0,1185000000.0
ESP,1976,46000000.0,831000000.0
ESP,1977,25000000.0,318000000.0
ESP,1978,38000000.0,441000000.0
ESP,1979,18000000.0,659000000.0
ESP,1980,10000000.0,688000000.0
ESP,1981,135000000.0,630000000.0
ESP,1982,265000000.0,507000000.0
ESP,1983,370000000.0,604000000.0
ESP,1984,245000000.0,81000000.0
ESP,1985,93000000.0,327000000.0
ESP,1986,198000000.0,1081000000.0
ESP,1987,158000000.0,1082000000.0
ESP,1988,143000000.0,1954000000.0
ESP,1989,169000000.0,835000000.0
ESP,1990,117000000.0,691000000.0
ESP,1991,105000000.0,109000000.0
ESP,1992,71000000.0,207000000.0
ESP,1993,104000000.0,299000000.0
ESP,1994,254000000.0,838000000.0
ESP,1995,89000000.0,355000000.0
ESP,1996,113000000.0,424000000.0
ESP,1997,607000000.0,211000000.0
ESP,1998,174000000.0,86000000.0
ESP,1999,46000000.0,361000000.0
ESP,2000,47000000.0,320000000.0
ESP,2001,8000000.0,144000000.0
ESP,2002,18000000.0,271000000.0
ESP,2003,99000000.0,249000000.0
ESP,2004,54000000.0,298000000.0
ESP,2005,113000000.0,358000000.0
ESP,2006,898000000.0,312000000.0
ESP,2007,628000000.0,343000000.0
ESP,2008,626000000.0,347000000.0
ESP,2009,984000000.0,228000000.0
ESP,2010,273000000.0,272000000.0
ESP,2011,997000000.0,166000000.0
ESP,2012,266000000.0,219000000.0
ESP,2013,450000000.0,155000000.0
ESP,2014,962000000.0,108000000.0
ESP,2015,982000000.0,152000000.0
ESP,2016,481000000.0,104000000.0
ESP,2017,820000000.0,82000000.0
ESP,2018,705000000.0,149000000.0
ESP,2019,318000000.0,35000000.0
ESP,2020,1010000000.0,70000000.0
ESP,2021,676000000.0,134000000.0
ESP,2022,1018000000.0,198000000.0
ESP,2023,921000000.0,178000000.0
ESP,2024,639000000.0,148000000.0
EST,1992,,2000000.0
EST,1993,,3000000.0
EST,1994,,15000000.0
EST,1995,,17000000.0
EST,1996,8000000.0,1000000.0
EST,1997,,13000000.0
EST,1998,,4000000.0
EST,1999,,1000000.0
EST,2000,,27000000.0
EST,2002,,2000000.0
EST,2003,,14000000.0
EST,2004,,11000000.0
EST,2005,,26000000.0
EST,2006,,4000000.0
EST,2007,,18000000.0
EST,2008,,28000000.0
EST,2009,,42000000.0
EST,2010,,13000000.0
EST,2011,,1000000.0
EST,2012,,2000000.0
EST,2013,,18000000.0
EST,2014,,2000000.0
EST,2015,1000000.0,18000000.0
EST,2016,,32000000.0
EST,2017,,36000000.0
EST,2018,,19000000.0
EST,2019,,20000000.0
EST,2020,,25000000.0
EST,2021,,20000000.0
EST,2022,9000000.0,18000000.0
EST,2023,13000000.0,25000000.0
EST,2024,2000000.0,63000000.0
ETH,1960,,24000000.0
ETH,1961,,4000000.0
ETH,1962,,21000000.0
ETH,1963,,27000000.0
ETH,1964,,4000000.0
ETH,1965,,14000000.0
ETH,1966,,99000000.0
ETH,1967,,31000000.0
ETH,1968,,34000000.0
ETH,1969,,24000000.0
ETH,1970,,89000000.0
ETH,1971,,54000000.0
ETH,1972,,53000000.0
ETH,1973,,5000000.0
ETH,1974,,16000000.0
ETH,1975,,60000000.0
ETH,1976,,135000000.0
ETH,1977,,1116000000.0
ETH,1978,,965000000.0
ETH,1979,,113000000.0
ETH,1980,,330000000.0
ETH,1981,,328000000.0
ETH,1982,,516000000.0
ETH,1983,,353000000.0
ETH,1984,,273000000.0
ETH,1985,35000000.0,268000000.0
ETH,1986,,348000000.0
ETH,1987,51000000.0,239000000.0
ETH,1988,,155000000.0
ETH,1989,,47000000.0
ETH,1990,,2000000.0
ETH,1991,,80000000.0
ETH,1997,17000000.0,69000000.0
ETH,1998,,208000000.0
ETH,1999,,152000000.0
ETH,2000,,114000000.0
ETH,2002,,20000000.0
ETH,2003,,174000000.0
ETH,2004,,239000000.0
ETH,2010,,58000000.0
ETH,2011,,76000000.0
ETH,2012,,193000000.0
ETH,2013,,154000000.0
ETH,2014,,33000000.0
ETH,2015,,10000000.0
ETH,2016,,55000000.0
ETH,2017,,51000000.0
ETH,2018,,12000000.0
ETH,2019,,74000000.0
ETH,2020,,25000000.0
ETH,2021,,16000000.0
ETH,2022,,45000000.0
ETH,2023,,2000000.0
ETH,2024,,48000000.0
FIN,1960,75000000.0,54000000.0
FIN,1961,5000000.0,52000000.0
FIN,1962,5000000.0,48000000.0
FIN,1963,,252000000.0
FIN,1964,,103000000.0
FIN,1965,3000000.0,81000000.0
FIN,1966,67000000.0,42000000.0
FIN,1967,39000000.0,76000000.0
FIN,1968,39000000.0,23000000.0
FIN,1969,39000000.0,21000000.0
FIN,1970,37000000.0,15000000.0
FIN,1971,40000000.0,4000000.0
FIN,1972,30000000.0,26000000.0
FIN,1973,,13000000.0
FIN,1974,63000000.0,172000000.0
FIN,1975,63000000.0,129000000.0
FIN,1976,,74000000.0
FIN,1977,,12000000.0
FIN,1978,63000000.0,105000000.0
FIN,1979,63000000.0,47000000.0
FIN,1980,,328000000.0
FIN,1981,,118000000.0
FIN,1982,15000000.0,132000000.0
FIN,1983,,112000000.0
FIN,1984,,127000000.0
FIN,1985,,203000000.0
FIN,1986,,98000000.0
FIN,1987,,66000000.0
FIN,1988,1000000.0,141000000.0
FIN,1989,,86000000.0
FIN,1990,,88000000.0
FIN,1991,18000000.0,65000000.0
FIN,1992,9000000.0,442000000.0
FIN,1993,12000000.0,406000000.0
FIN,1994,20000000.0,234000000.0
FIN,1995,25000000.0,195000000.0
FIN,1996,3000000.0,552000000.0
FIN,1997,1000000.0,397000000.0
FIN,1998,17000000.0,560000000.0
FIN,1999,20000000.0,768000000.0
FIN,2000,12000000.0,472000000.0
FIN,2001,31000000.0,7000000.0
FIN,2002,35000000.0,15000000.0
FIN,2003,35000000.0,242000000.0
FIN,2004,27000000.0,67000000.0
FIN,2005,38000000.0,93000000.0
FIN,2006,121000000.0,132000000.0
FIN,2007,60000000.0,140000000.0
FIN,2008,97000000.0,134000000.0
FIN,2009,63000000.0,37000000.0
FIN,2010,66000000.0,44000000.0
FIN,2011,64000000.0,60000000.0
FIN,2012,99000000.0,87000000.0
FIN,2013,69000000.0,254000000.0
FIN,2014,95000000.0,182000000.0
FIN,2015,26000000.0,268000000.0
FIN,2016,54000000.0,112000000.0
FIN,2017,28000000.0,47000000.0
FIN,2018,39000000.0,82000000.0
FIN,2019,25000000.0,86000000.0
FIN,2020,12000000.0,114000000.0
FIN,2021,15000000.0,38000000.0
FIN,2022,40000000.0,30000000.0
FIN,2023,49000000.0,37000000.0
FIN,2024,27000000.0,64000000.0
FJI,1975,,8000000.0
FJI,1976,,4000000.0
FJI,1984,10000000.0,
FJI,1990,,1000000.0
FJI,1992,,3000000.0
FJI,1994,,6000000.0
FJI,1995,,12000000.0
FJI,2017,,1000000.0
FJI,2020,,7000000.0
FJI,2024,,16000000.0
FRA,1960,910000000.0,526000000.0
FRA,1961,942000000.0,321000000.0
FRA,1962,992000000.0,122000000.0
FRA,1963,1271000000.0,162000000.0
FRA,1964,1462000000.0,1300000000.0
FRA,1965,1260000000.0,378000000.0
FRA,1966,1884000000.0,106000000.0
FRA,1967,1610000000.0,98000000.0
FRA,1968,1531000000.0,123000000.0
FRA,1969,1531000000.0,64000000.0
FRA,1970,1720000000.0,44000000.0
FRA,1971,2336000000.0,57000000.0
FRA,1972,2674000000.0,33000000.0
FRA,1973,2986000000.0,51000000.0
FRA,1974,2176000000.0,46000000.0
FRA,1975,2313000000.0,45000000.0
FRA,1976,2045000000.0,186000000.0
FRA,1977,2729000000.0,194000000.0
FRA,1978,3302000000.0,231000000.0
FRA,1979,2947000000.0,107000000.0
FRA,1980,3861000000.0,70000000.0
FRA,1981,3689000000.0,106000000.0
FRA,1982,3793000000.0,142000000.0
FRA,1983,3408000000.0,108000000.0
FRA,1984,2902000000.0,73000000.0
FRA,1985,3993000000.0,20000000.0
FRA,1986,2963000000.0,100000000.0
FRA,1987,1745000000.0,84000000.0
FRA,1988,1957000000.0,133000000.0
FRA,1989,2265000000.0,107000000.0
FRA,1990,1787000000.0,65000000.0
FRA,1991,1158000000.0,948000000.0
FRA,1992,1241000000.0,424000000.0
FRA,1993,967000000.0,96000000.0
FRA,1994,852000000.0,80000000.0
FRA,1995,965000000.0,97000000.0
FRA,1996,1837000000.0,64000000.0
FRA,1997,3172000000.0,223000000.0
FRA,1998,3085000000.0,171000000.0
FRA,1999,1680000000.0,105000000.0
FRA,2000,963000000.0,98000000.0
FRA,2001,1306000000.0,61000000.0
FRA,2002,1368000000.0,38000000.0
FRA,2003,1343000000.0,55000000.0
FRA,2004,2117000000.0,93000000.0
FRA,2005,1644000000.0,2000000.0
FRA,2006,1478000000.0,68000000.0
FRA,2007,2145000000.0,75000000.0
FRA,2008,1872000000.0,2000000.0
FRA,2009,1845000000.0,72000000.0
FRA,2010,901000000.0,103000000.0
FRA,2011,2096000000.0,41000000.0
FRA,2012,1338000000.0,86000000.0
FRA,2013,1887000000.0,104000000.0
FRA,2014,1758000000.0,17000000.0
FRA,2015,2252000000.0,36000000.0
FRA,2016,2185000000.0,38000000.0
FRA,2017,2319000000.0,84000000.0
FRA,2018,1897000000.0,201000000.0
FRA,2019,3738000000.0,104000000.0
FRA,2020,2384000000.0,225000000.0
FRA,2021,3836000000.0,105000000.0
FRA,2022,3123000000.0,133000000.0
FRA,2023,2150000000.0,120000000.0
FRA,2024,2272000000.0,188000000.0
FSM,1989,,2000000.0
FSM,1990,,14000000.0
FSM,1997,,6000000.0
FSM,2022,,7000000.0
FSM,2023,,7000000.0
GAB,1961,,3000000.0
GAB,1964,,3000000.0
GAB,1965,,0.0
GAB,1966,,2000000.0
GAB,1968,,4000000.0
GAB,1969,,4000000.0
GAB,1970,,1000000.0
GAB,1971,,24000000.0
GAB,1973,1000000.0,2000000.0
GAB,1974,,11000000.0
GAB,1975,,34000000.0
GAB,1976,,47000000.0
GAB,1977,,28000000.0
GAB,1978,,76000000.0
GAB,1980,,33000000.0
GAB,1981,,36000000.0
GAB,1982,,5000000.0
GAB,1983,,11000000.0
GAB,1984,,99000000.0
GAB,1985,,2000000.0
GAB,1986,,8000000.0
GAB,1987,,10000000.0
GAB,1988,,22000000.0
GAB,1990,,29000000.0
GAB,2004,,7000000.0
GAB,2006,,20000000.0
GAB,2007,,18000000.0
GAB,2010,,27000000.0
GAB,2011,,5000000.0
GAB,2012,,1000000.0
GAB,2013,,2000000.0
GAB,2015,,5000000.0
GAB,2016,,3000000.0
GAB,2019,,26000000.0
GAB,2021,,2000000.0
GAB,2023,,16000000.0
GAB,2024,,1000000.0
GBR,1960,2268000000.0,26000000.0
GBR,1961,1391000000.0,34000000.0
GBR,1962,1043000000.0,38000000.0
GBR,1963,1260000000.0,159000000.0
GBR,1964,1418000000.0,133000000.0
GBR,1965,1492000000.0,166000000.0
GBR,1966,1390000000.0,242000000.0
GBR,1967,1878000000.0,1444000000.0
GBR,1968,1805000000.0,2348000000.0
GBR,1969,1602000000.0,2701000000.0
GBR,1970,979000000.0,70000000.0
GBR,1971,2346000000.0,176000000.0
GBR,1972,2558000000.0,222000000.0
GBR,1973,2775000000.0,239000000.0
GBR,1974,2249000000.0,319000000.0
GBR,1975,2228000000.0,337000000.0
GBR,1976,2542000000.0,251000000.0
GBR,1977,2211000000.0,262000000.0
GBR,1978,2246000000.0,191000000.0
GBR,1979,1564000000.0,232000000.0
GBR,1980,1589000000.0,557000000.0
GBR,1981,2365000000.0,812000000.0
GBR,1982,2514000000.0,766000000.0
GBR,1983,2595000000.0,292000000.0
GBR,1984,2567000000.0,682000000.0
GBR,1985,2142000000.0,355000000.0
GBR,1986,1985000000.0,273000000.0
GBR,1987,3603000000.0,207000000.0
GBR,1988,2528000000.0,281000000.0
GBR,1989,3504000000.0,209000000.0
GBR,1990,1845000000.0,120000000.0
GBR,1991,1525000000.0,940000000.0
GBR,1992,1093000000.0,1134000000.0
GBR,1993,1382000000.0,783000000.0
GBR,1994,1527000000.0,411000000.0
GBR,1995,1458000000.0,496000000.0
GBR,1996,1613000000.0,568000000.0
GBR,1997,2361000000.0,508000000.0
GBR,1998,1400000000.0,759000000.0
GBR,1999,1315000000.0,132000000.0
GBR,2000,1623000000.0,937000000.0
GBR,2001,1359000000.0,1287000000.0
GBR,2002,1076000000.0,721000000.0
GBR,2003,769000000.0,776000000.0
GBR,2004,1232000000.0,215000000.0
GBR,2005,991000000.0,31000000.0
GBR,2006,958000000.0,375000000.0
GBR,2007,924000000.0,840000000.0
GBR,2008,931000000.0,575000000.0
GBR,2009,1071000000.0,381000000.0
GBR,2010,1146000000.0,462000000.0
GBR,2011,1001000000.0,357000000.0
GBR,2012,801000000.0,555000000.0
GBR,2013,1503000000.0,509000000.0
GBR,2014,1658000000.0,217000000.0
GBR,2015,1183000000.0,424000000.0
GBR,2016,1344000000.0,288000000.0
GBR,2017,1105000000.0,1002000000.0
GBR,2018,682000000.0,463000000.0
GBR,2019,886000000.0,402000000.0
GBR,2020,662000000.0,640000000.0
GBR,2021,679000000.0,886000000.0
GBR,2022,1711000000.0,862000000.0
GBR,2023,1320000000.0,472000000.0
GBR,2024,756000000.0,643000000.0
GEO,1993,,4000000.0
GEO,1997,,4000000.0
GEO,1998,,28000000.0
GEO,1999,46000000.0,23000000.0
GEO,2000,69000000.0,6000000.0
GEO,2001,,85000000.0
GEO,2002,69000000.0,
GEO,2003,,1000000.0
GEO,2004,16000000.0,38000000.0
GEO,2005,,95000000.0
GEO,2006,,97000000.0
GEO,2007,,161000000.0
GEO,2008,,132000000.0
GEO,2009,,38000000.0
GEO,2011,,2000000.0
GEO,2013,,5000000.0
GEO,2014,,1000000.0
GEO,2016,6000000.0,
GEO,2017,7000000.0,7000000.0
GEO,2018,,41000000.0
GEO,2019,,6000000.0
GEO,2022,,2000000.0
GEO,2023,,0.0
GEO,2024,,17000000.0
GHA,1960,,12000000.0
GHA,1961,,107000000.0
GHA,1962,,20000000.0
GHA,1963,,6000000.0
GHA,1964,,40000000.0
GHA,1965,,40000000.0
GHA,1966,,24000000.0
GHA,1967,,1000000.0
GHA,1972,,12000000.0
GHA,1973,,13000000.0
GHA,1974,,19000000.0
GHA,1975,,28000000.0
GHA,1976,,39000000.0
GHA,1978,,18000000.0
GHA,1979,6000000.0,7000000.0
GHA,1980,,38000000.0
GHA,1981,,48000000.0
GHA,1985,,5000000.0
GHA,1987,,13000000.0
GHA,1989,,2000000.0
GHA,1990,,4000000.0
GHA,1991,,1000000.0
GHA,1994,,11000000.0
GHA,1996,,7000000.0
GHA,1997,,5000000.0
GHA,1999,,7000000.0
GHA,2000,,1000000.0
GHA,2001,,12000000.0
GHA,2002,,1000000.0
GHA,2003,,6000000.0
GHA,2004,,37000000.0
GHA,2005,19000000.0,0.0
GHA,2006,,0.0
GHA,2007,,16000000.0
GHA,2009,,6000000.0
GHA,2010,,2000000.0
GHA,2011,,76000000.0
GHA,2012,,39000000.0
GHA,2013,,52000000.0
GHA,2014,,14000000.0
GHA,2015,,13000000.0
GHA,2016,,22000000.0
GHA,2018,,0.0
GHA,2019,,2000000.0
GHA,2020,,10000000.0
GHA,2022,,40000000.0
GHA,2023,,8000000.0
GHA,2024,,11000000.0
GIN,1960,,33000000.0
GIN,1961,,2000000.0
GIN,1963,,0.0
GIN,1964,,0.0
GIN,1965,,18000000.0
GIN,1967,,7000000.0
GIN,1969,,0.0
GIN,1970,,1000000.0
GIN,1971,,4000000.0
GIN,1972,,5000000.0
GIN,1973,,18000000.0
GIN,1974,,24000000.0
GIN,1975,,2000000.0
GIN,1976,,18000000.0
GIN,1977,,8000000.0
GIN,1978,,45000000.0
GIN,1979,,69000000.0
GIN,1981,,1000000.0
GIN,1982,,1000000.0
GIN,1983,,1000000.0
GIN,1986,,39000000.0
GIN,1989,,40000000.0
GIN,1990,,1000000.0
GIN,1991,,1000000.0
GIN,1998,,4000000.0
GIN,2000,,26000000.0
GIN,2001,,6000000.0
GIN,2003,,2000000.0
GIN,2005,,1000000.0
GIN,2007,,0.0
GIN,2010,,5000000.0
GIN,2011,,1000000.0
GIN,2012,,4000000.0
GIN,2014,,5000000.0
GIN,2017,,2000000.0
GIN,2018,,1000000.0
GIN,2019,,4000000.0
GIN,2021,,1000000.0
GIN,2023,,1000000.0
GIN,2024,,6000000.0
GMB,1969,,0.0
GMB,1981,,3000000.0
GMB,1989,,12000000.0
GMB,2004,,5000000.0
GMB,2009,,16000000.0
GMB,2022,,1000000.0
GMB,2023,,0.0
GNB,1974,,21000000.0
GNB,1975,,12000000.0
GNB,1976,,14000000.0
GNB,1978,,14000000.0
GNB,1979,,24000000.0
GNB,1980,,2000000.0
GNB,1981,,1000000.0
GNB,1984,,11000000.0
GNB,1986,,35000000.0
GNB,1988,,20000000.0
GNB,1990,,20000000.0
GNB,1991,,6000000.0
GNB,1993,,5000000.0
GNQ,1978,,5000000.0
GNQ,1980,,1000000.0
GNQ,1982,,5000000.0
GNQ,1999,,3000000.0
GNQ,2001,,7000000.0
GNQ,2004,,7000000.0
GNQ,2005,,11000000.0
GNQ,2006,,7000000.0
GNQ,2007,,28000000.0
GNQ,2008,,30000000.0
GNQ,2009,,68000000.0
GNQ,2010,,3000000.0
GNQ,2011,,56000000.0
GNQ,2012,,60000000.0
GNQ,2013,,2000000.0
GNQ,2014,,92000000.0
GNQ,2018,,20000000.0
GNQ,2021,,0.0
GNQ,2024,,12000000.0
GRC,1960,,272000000.0
GRC,1961,,92000000.0
GRC,1962,,340000000.0
GRC,1963,,108000000.0
GRC,1964,7000000.0,641000000.0
GRC,1965,1000000.0,499000000.0
GRC,1966,,214000000.0
GRC,1967,,375000000.0
GRC,1968,,107000000.0
GRC,1969,,306000000.0
GRC,1970,,305000000.0
GRC,1971,,581000000.0
GRC,1972,,689000000.0
GRC,1973,,246000000.0
GRC,1974,,428000000.0
GRC,1975,,912000000.0
GRC,1976,,1288000000.0
GRC,1977,,980000000.0
GRC,1978,,1281000000.0
GRC,1979,,734000000.0
GRC,1980,,660000000.0
GRC,1981,,951000000.0
GRC,1982,,462000000.0
GRC,1983,,403000000.0
GRC,1984,,366000000.0
GRC,1985,,189000000.0
GRC,1986,,202000000.0
GRC,1987,,36000000.0
GRC,1988,,561000000.0
GRC,1989,,1248000000.0
GRC,1990,,907000000.0
GRC,1991,,487000000.0
GRC,1992,15000000.0,2146000000.0
GRC,1993,10000000.0,892000000.0
GRC,1994,18000000.0,1227000000.0
GRC,1995,,865000000.0
GRC,1996,19000000.0,380000000.0
GRC,1997,31000000.0,798000000.0
GRC,1998,9000000.0,1718000000.0
GRC,1999,3000000.0,837000000.0
GRC,2000,2000000.0,714000000.0
GRC,2001,2000000.0,794000000.0
GRC,2002,,409000000.0
GRC,2003,6000000.0,2170000000.0
GRC,2004,22000000.0,1098000000.0
GRC,2005,13000000.0,406000000.0
GRC,2006,23000000.0,719000000.0
GRC,2007,,1665000000.0
GRC,2008,,482000000.0
GRC,2009,,1228000000.0
GRC,2010,,630000000.0
GRC,2011,,70000000.0
GRC,2012,,19000000.0
GRC,2013,,28000000.0
GRC,2014,,204000000.0
GRC,2015,,728000000.0
GRC,2016,,302000000.0
GRC,2017,30000000.0,51000000.0
GRC,2018,,39000000.0
GRC,2019,,93000000.0
GRC,2020,,92000000.0
GRC,2021,,231000000.0
GRC,2022,7000000.0,441000000.0
GRC,2023,7000000.0,404000000.0
GRC,2024,,623000000.0
GRD,1982,,1000000.0
GTM,1960,,16000000.0
GTM,1962,,1000000.0
GTM,1963,,7000000.0
GTM,1964,,8000000.0
GTM,1965,,5000000.0
GTM,1967,,1000000.0
GTM,1968,,16000000.0
GTM,1969,,1000000.0
GTM,1971,,46000000.0
GTM,1972,,1000000.0
GTM,1973,,0.0
GTM,1974,,15000000.0
GTM,1975,,47000000.0
GTM,1976,,15000000.0
GTM,1977,,1000000.0
GTM,1978,,1000000.0
GTM,1979,,5000000.0
GTM,1980,,8000000.0
GTM,1981,,49000000.0
GTM,1982,,16000000.0
GTM,1983,,1000000.0
GTM,1984,,7000000.0
GTM,1985,,25000000.0
GTM,1986,,2000000.0
GTM,1987,,0.0
GTM,1988,,0.0
GTM,1989,,4000000.0
GTM,1990,,0.0
GTM,1991,,0.0
GTM,1993,,13000000.0
GTM,1994,,4000000.0
GTM,1995,,4000000.0
GTM,1996,,2000000.0
GTM,1998,,1000000.0
GTM,2008,,0.0
GTM,2012,,2000000.0
GTM,2015,,33000000.0
GTM,2018,,4000000.0
GTM,2019,,14000000.0
GTM,2022,,10000000.0
GTM,2023,,6000000.0
GUY,1968,,0.0
GUY,1971,,2000000.0
GUY,1974,,2000000.0
GUY,1975,,0.0
GUY,1976,2000000.0,16000000.0
GUY,1977,,5000000.0
GUY,1978,,1000000.0
GUY,1979,,5000000.0
GUY,1980,,4000000.0
GUY,1981,,14000000.0
GUY,1983,,3000000.0
GUY,1984,,7000000.0
GUY,1985,,23000000.0
GUY,2001,,7000000.0
GUY,2002,,3000000.0
GUY,2008,,0.0
GUY,2018,,0.0
GUY,2019,,2000000.0
GUY,2021,,5000000.0
GUY,2023,,5000000.0
GUY,2024,,9000000.0
HND,1962,,14000000.0
HND,1965,,1000000.0
HND,1966,,6000000.0
HND,1969,,20000000.0
HND,1973,,2000000.0
HND,1975,,31000000.0
HND,1976,,30000000.0
HND,1977,,34000000.0
HND,1978,,33000000.0
HND,1979,,9000000.0
HND,1980,,13000000.0
HND,1981,,31000000.0
HND,1982,,34000000.0
HND,1983,,37000000.0
HND,1984,,25000000.0
HND,1985,,35000000.0
HND,1986,,75000000.0
HND,1987,,13000000.0
HND,1988,,44000000.0
HND,1989,,17000000.0
HND,2008,,0.0
HND,2011,,0.0
HND,2012,,0.0
HND,2013,,20000000.0
HND,2014,,13000000.0
HND,2015,,8000000.0
HND,2017,,10000000.0
HND,2018,,1000000.0
HND,2019,,23000000.0
HND,2020,,0.0
HND,2021,,4000000.0
HND,2024,,7000000.0
HRV,1991,,1000000.0
HRV,1992,,29000000.0
HRV,1993,,29000000.0
HRV,1994,,53000000.0
HRV,1995,,1000000.0
HRV,1996,,12000000.0
HRV,1997,,45000000.0
HRV,2000,10000000.0,
HRV,2001,,57000000.0
HRV,2002,,2000000.0
HRV,2003,,24000000.0
HRV,2004,,8000000.0
HRV,2007,,20000000.0
HRV,2008,,103000000.0
HRV,2009,,4000000.0
HRV,2010,,10000000.0
HRV,2011,,18000000.0
HRV,2012,,18000000.0
HRV,2014,,27000000.0
HRV,2015,,11000000.0
HRV,2016,,20000000.0
HRV,2017,3000000.0,13000000.0
HRV,2018,,3000000.0
HRV,2019,,5000000.0
HRV,2022,4000000.0,29000000.0
HRV,2023,39000000.0,89000000.0
HRV,2024,53000000.0,90000000.0
HTI,1960,,6000000.0
HTI,1964,,1000000.0
HTI,1969,,8000000.0
HTI,1973,,5000000.0
HTI,1974,,5000000.0
HTI,1975,,1000000.0
HTI,1976,,1000000.0
HTI,1977,,0.0
HTI,1978,,9000000.0
HTI,1981,,3000000.0
HTI,1982,,4000000.0
HTI,1983,,3000000.0
HTI,1985,,10000000.0
HUN,1960,,604000000.0
HUN,1961,,580000000.0
HUN,1962,,295000000.0
HUN,1963,,376000000.0
HUN,1964,,747000000.0
HUN,1965,,667000000.0
HUN,1966,18000000.0,150000000.0
HUN,1967,18000000.0,287000000.0
HUN,1968,37000000.0,271000000.0
HUN,1969,28000000.0,449000000.0
HUN,1970,,24000000.0
HUN,1971,,239000000.0
HUN,1972,8000000.0,123000000.0
HUN,1973,44000000.0,394000000.0
HUN,1974,8000000.0,554000000.0
HUN,1975,8000000.0,495000000.0
HUN,1976,,378000000.0
HUN,1977,,394000000.0
HUN,1978,,660000000.0
HUN,1979,,485000000.0
HUN,1980,4000000.0,388000000.0
HUN,1981,30000000.0,147000000.0
HUN,1982,4000000.0,183000000.0
HUN,1983,4000000.0,176000000.0
HUN,1984,,307000000.0
HUN,1985,,229000000.0
HUN,1986,,80000000.0
HUN,1987,,77000000.0
HUN,1988,,42000000.0
HUN,1989,,68000000.0
HUN,1990,,15000000.0
HUN,1991,,22000000.0
HUN,1993,21000000.0,928000000.0
HUN,1994,,2000000.0
HUN,1995,6000000.0,1000000.0
HUN,1996,,156000000.0
HUN,1997,24000000.0,99000000.0
HUN,1998,,88000000.0
HUN,1999,,152000000.0
HUN,2000,,14000000.0
HUN,2001,,14000000.0
HUN,2002,34000000.0,
HUN,2004,,72000000.0
HUN,2005,82000000.0,13000000.0
HUN,2006,,253000000.0
HUN,2007,9000000.0,196000000.0
HUN,2008,,5000000.0
HUN,2009,,4000000.0
HUN,2010,,18000000.0
HUN,2011,,8000000.0
HUN,2013,41000000.0,2000000.0
HUN,2014,,7000000.0
HUN,2016,,14000000.0
HUN,2017,,5000000.0
HUN,2018,,27000000.0
HUN,2019,,16000000.0
HUN,2020,,55000000.0
HUN,2021,2000000.0,19000000.0
HUN,2022,,39000000.0
HUN,2023,,245000000.0
HUN,2024,11000000.0,604000000.0
IDN,1960,,448000000.0
IDN,1961,,780000000.0
IDN,1962,,1026000000.0
IDN,1963,7000000.0,206000000.0
IDN,1964,,596000000.0
IDN,1965,,317000000.0
IDN,1966,,16000000.0
IDN,1967,,1000000.0
IDN,1968,,0.0
IDN,1969,,9000000.0
IDN,1970,12000000.0,27000000.0
IDN,1971,,92000000.0
IDN,1972,,5000000.0
IDN,1973,,73000000.0
IDN,1974,,73000000.0
IDN,1975,,4000000.0
IDN,1976,,156000000.0
IDN,1977,,62000000.0
IDN,1978,9000000.0,124000000.0
IDN,1979,,370000000.0
IDN,1980,4000000.0,898000000.0
IDN,1981,,790000000.0
IDN,1982,,356000000.0
IDN,1983,,228000000.0
IDN,1984,,100000000.0
IDN,1985,8000000.0,289000000.0
IDN,1986,4000000.0,433000000.0
IDN,1987,,265000000.0
IDN,1988,,285000000.0
IDN,1989,,249000000.0
IDN,1990,,202000000.0
IDN,1991,,11000000.0
IDN,1992,,51000000.0
IDN,1993,18000000.0,210000000.0
IDN,1994,18000000.0,472000000.0
IDN,1995,27000000.0,284000000.0
IDN,1996,,378000000.0
IDN,1997,9000000.0,101000000.0
IDN,1998,,85000000.0
IDN,1999,54000000.0,161000000.0
IDN,2000,,160000000.0
IDN,2001,18000000.0,22000000.0
IDN,2002,54000000.0,75000000.0
IDN,2003,,353000000.0
IDN,2004,27000000.0,84000000.0
IDN,2005,9000000.0,33000000.0
IDN,2006,9000000.0,63000000.0
IDN,2007,,578000000.0
IDN,2008,1000000.0,240000000.0
IDN,2009,,445000000.0
IDN,2010,,224000000.0
IDN,2011,4000000.0,258000000.0
IDN,2012,,216000000.0
IDN,2013,,830000000.0
IDN,2014,,1197000000.0
IDN,2015,,438000000.0
IDN,2016,85000000.0,351000000.0
IDN,2017,94000000.0,1100000000.0
IDN,2018,15000000.0,357000000.0
IDN,2019,9000000.0,239000000.0
IDN,2020,,282000000.0
IDN,2021,17000000.0,366000000.0
IDN,2022,,86000000.0
IDN,2023,,390000000.0
IDN,2024,,186000000.0
IND,1960,,544000000.0
IND,1961,,1147000000.0
IND,1962,,396000000.0
IND,1963,,681000000.0
IND,1964,,955000000.0
IND,1965,,1086000000.0
IND,1966,,1007000000.0
IND,1967,,1277000000.0
IND,1968,1000000.0,1665000000.0
IND,1969,,1515000000.0
IND,1970,,878000000.0
IND,1971,7000000.0,1882000000.0
IND,1972,2000000.0,1831000000.0
IND,1973,21000000.0,1351000000.0
IND,1974,24000000.0,1326000000.0
IND,1975,31000000.0,1133000000.0
IND,1976,,1941000000.0
IND,1977,,2374000000.0
IND,1978,27000000.0,1194000000.0
IND,1979,22000000.0,1199000000.0
IND,1980,,1768000000.0
IND,1981,,2123000000.0
IND,1982,2000000.0,2275000000.0
IND,1983,,2637000000.0
IND,1984,,2785000000.0
IND,1985,,3003000000.0
IND,1986,,4248000000.0
IND,1987,0.0,3920000000.0
IND,1988,1000000.0,3854000000.0
IND,1989,0.0,3676000000.0
IND,1990,7000000.0,2832000000.0
IND,1991,0.0,1873000000.0
IND,1992,7000000.0,1187000000.0
IND,1993,9000000.0,735000000.0
IND,1994,2000000.0,872000000.0
IND,1995,2000000.0,1396000000.0
IND,1996,0.0,831000000.0
IND,1997,0.0,1680000000.0
IND,1998,0.0,797000000.0
IND,1999,0.0,1227000000.0
IND,2000,21000000.0,987000000.0
IND,2001,2000000.0,1184000000.0
IND,2002,0.0,2001000000.0
IND,2003,4000000.0,2798000000.0
IND,2004,31000000.0,2242000000.0
IND,2005,19000000.0,1194000000.0
IND,2006,33000000.0,1479000000.0
IND,2007,23000000.0,2276000000.0
IND,2008,15000000.0,1624000000.0
IND,2009,27000000.0,1937000000.0
IND,2010,5000000.0,2891000000.0
IND,2011,3000000.0,3618000000.0
IND,2012,,4494000000.0
IND,2013,18000000.0,5272000000.0
IND,2014,40000000.0,3201000000.0
IND,2015,42000000.0,2724000000.0
IND,2016,49000000.0,2558000000.0
IND,2017,56000000.0,2659000000.0
IND,2018,47000000.0,2011000000.0
IND,2019,20000000.0,3147000000.0
IND,2020,153000000.0,2646000000.0
IND,2021,54000000.0,3943000000.0
IND,2022,7000000.0,2629000000.0
IND,2023,41000000.0,1491000000.0
IND,2024,25000000.0,1168000000.0
IRL,1960,,1000000.0
IRL,1963,,2000000.0
IRL,1964,,12000000.0
IRL,1971,,14000000.0
IRL,1972,,27000000.0
IRL,1973,,8000000.0
IRL,1974,,6000000.0
IRL,1975,,9000000.0
IRL,1977,,5000000.0
IRL,1978,2000000.0,28000000.0
IRL,1979,9000000.0,27000000.0
IRL,1980,9000000.0,44000000.0
IRL,1981,2000000.0,12000000.0
IRL,1982,,3000000.0
IRL,1984,,11000000.0
IRL,1985,,2000000.0
IRL,1986,,38000000.0
IRL,1988,,24000000.0
IRL,1991,,11000000.0
IRL,1994,,41000000.0
IRL,1998,,3000000.0
IRL,1999,,33000000.0
IRL,2000,,0.0
IRL,2001,,42000000.0
IRL,2002,,21000000.0
IRL,2004,,27000000.0
IRL,2005,24000000.0,5000000.0
IRL,2006,48000000.0,13000000.0
IRL,2007,47000000.0,26000000.0
IRL,2008,41000000.0,32000000.0
IRL,2009,41000000.0,
IRL,2010,38000000.0,4000000.0
IRL,2011,1000000.0,
IRL,2012,40000000.0,
IRL,2013,40000000.0,
IRL,2014,21000000.0,40000000.0
IRL,2015,10000000.0,43000000.0
IRL,2016,,43000000.0
IRL,2017,,2000000.0
IRL,2018,,5000000.0
IRL,2019,,35000000.0
IRL,2020,,9000000.0
IRL,2021,13000000.0,
IRL,2022,46000000.0,1000000.0
IRL,2023,,63000000.0
IRN,1960,,84000000.0
IRN,1961,,107000000.0
IRN,1962,3000000.0,127000000.0
IRN,1963,,139000000.0
IRN,1964,,141000000.0
IRN,1965,,171000000.0
IRN,1966,,407000000.0
IRN,1967,28000000.0,249000000.0
IRN,1968,,920000000.0
IRN,1969,,1377000000.0
IRN,1970,23000000.0,1241000000.0
IRN,1971,6000000.0,1783000000.0
IRN,1972,106000000.0,1380000000.0
IRN,1973,6000000.0,2055000000.0
IRN,1974,129000000.0,2855000000.0
IRN,1975,81000000.0,5210000000.0
IRN,1976,,4634000000.0
IRN,1977,,5692000000.0
IRN,1978,,3724000000.0
IRN,1979,,526000000.0
IRN,1980,1000000.0,278000000.0
IRN,1981,1000000.0,487000000.0
IRN,1982,1000000.0,498000000.0
IRN,1983,1000000.0,467000000.0
IRN,1984,1000000.0,558000000.0
IRN,1985,1000000.0,639000000.0
IRN,1986,1000000.0,805000000.0
IRN,1987,1000000.0,807000000.0
IRN,1988,1000000.0,468000000.0
IRN,1989,1000000.0,194000000.0
IRN,1990,0.0,448000000.0
IRN,1991,1000000.0,992000000.0
IRN,1992,1000000.0,404000000.0
IRN,1993,1000000.0,957000000.0
IRN,1994,0.0,451000000.0
IRN,1995,1000000.0,289000000.0
IRN,1996,3000000.0,608000000.0
IRN,1997,0.0,172000000.0
IRN,1998,0.0,374000000.0
IRN,1999,0.0,321000000.0
IRN,2000,0.0,417000000.0
IRN,2001,0.0,528000000.0
IRN,2002,9000000.0,435000000.0
IRN,2003,12000000.0,283000000.0
IRN,2004,4000000.0,117000000.0
IRN,2005,5000000.0,53000000.0
IRN,2006,78000000.0,418000000.0
IRN,2007,,325000000.0
IRN,2008,80000000.0,57000000.0
IRN,2009,97000000.0,92000000.0
IRN,2010,52000000.0,87000000.0
IRN,2011,76000000.0,89000000.0
IRN,2012,34000000.0,39000000.0
IRN,2013,2000000.0,14000000.0
IRN,2014,33000000.0,14000000.0
IRN,2015,9000000.0,11000000.0
IRN,2016,23000000.0,413000000.0
IRN,2017,24000000.0,3000000.0
IRN,2018,9000000.0,3000000.0
IRN,2019,9000000.0,3000000.0
IRN,2020,15000000.0,2000000.0
IRN,2021,1000000.0,
IRN,2022,83000000.0,
IRN,2023,289000000.0,21000000.0
IRN,2024,226000000.0,42000000.0
IRQ,1960,3000000.0,176000000.0
IRQ,1961,,130000000.0
IRQ,1962,,278000000.0
IRQ,1963,,201000000.0
IRQ,1964,,321000000.0
IRQ,1965,,248000000.0
IRQ,1966,,341000000.0
IRQ,1967,,364000000.0
IRQ,1968,,392000000.0
IRQ,1969,,418000000.0
IRQ,1970,,185000000.0
IRQ,1971,,187000000.0
IRQ,1972,,627000000.0
IRQ,1973,,1846000000.0
IRQ,1974,,1425000000.0
IRQ,1975,,1113000000.0
IRQ,1976,,1136000000.0
IRQ,1977,,1072000000.0
IRQ,1978,,1796000000.0
IRQ,1979,,1395000000.0
IRQ,1980,28000000.0,2252000000.0
IRQ,1981,,2580000000.0
IRQ,1982,,3258000000.0
IRQ,1983,,3373000000.0
IRQ,1984,,4540000000.0
IRQ,1985,,3908000000.0
IRQ,1986,,3393000000.0
IRQ,1987,,3474000000.0
IRQ,1988,169000000.0,1917000000.0
IRQ,1989,20000000.0,1513000000.0
IRQ,1990,,818000000.0
IRQ,2004,,73000000.0
IRQ,2005,,193000000.0
IRQ,2006,,308000000.0
IRQ,2007,,299000000.0
IRQ,2008,,379000000.0
IRQ,2009,,418000000.0
IRQ,2010,,480000000.0
IRQ,2011,,622000000.0
IRQ,2012,,520000000.0
IRQ,2013,,373000000.0
IRQ,2014,,629000000.0
IRQ,2015,,1485000000.0
IRQ,2016,,1831000000.0
IRQ,2017,,945000000.0
IRQ,2018,,455000000.0
IRQ,2019,,144000000.0
IRQ,2020,,5000000.0
IRQ,2022,,55000000.0
IRQ,2023,,29000000.0
IRQ,2024,,23000000.0
ISL,1960,,20000000.0
ISL,1968,,27000000.0
ISL,1975,,27000000.0
ISL,1980,0.0,
ISL,1993,5000000.0,
ISL,2011,,50000000.0
ISR,1960,,164000000.0
ISR,1961,,88000000.0
ISR,1962,,279000000.0
ISR,1963,,368000000.0
ISR,1964,5000000.0,415000000.0
ISR,1965,34000000.0,447000000.0
ISR,1966,46000000.0,460000000.0
ISR,1967,45000000.0,229000000.0
ISR,1968,55000000.0,926000000.0
ISR,1969,48000000.0,1365000000.0
ISR,1970,21000000.0,1172000000.0
ISR,1971,27000000.0,1413000000.0
ISR,1972,35000000.0,963000000.0
ISR,1973,18000000.0,2149000000.0
ISR,1974,43000000.0,1094000000.0
ISR,1975,109000000.0,1102000000.0
ISR,1976,50000000.0,1937000000.0
ISR,1977,199000000.0,1257000000.0
ISR,1978,209000000.0,1322000000.0
ISR,1979,185000000.0,696000000.0
ISR,1980,238000000.0,1253000000.0
ISR,1981,196000000.0,1663000000.0
ISR,1982,263000000.0,866000000.0
ISR,1983,366000000.0,475000000.0
ISR,1984,245000000.0,271000000.0
ISR,1985,191000000.0,296000000.0
ISR,1986,333000000.0,1178000000.0
ISR,1987,130000000.0,1080000000.0
ISR,1988,63000000.0,582000000.0
ISR,1989,190000000.0,24000000.0
ISR,1990,74000000.0,81000000.0
ISR,1991,157000000.0,1210000000.0
ISR,1992,354000000.0,1335000000.0
ISR,1993,416000000.0,716000000.0
ISR,1994,337000000.0,761000000.0
ISR,1995,206000000.0,366000000.0
ISR,1996,335000000.0,105000000.0
ISR,1997,271000000.0,54000000.0
ISR,1998,227000000.0,1286000000.0
ISR,1999,177000000.0,1261000000.0
ISR,2000,407000000.0,389000000.0
ISR,2001,467000000.0,116000000.0
ISR,2002,532000000.0,350000000.0
ISR,2003,411000000.0,189000000.0
ISR,2004,591000000.0,846000000.0
ISR,2005,506000000.0,1107000000.0
ISR,2006,438000000.0,1125000000.0
ISR,2007,618000000.0,840000000.0
ISR,2008,379000000.0,680000000.0
ISR,2009,810000000.0,162000000.0
ISR,2010,658000000.0,76000000.0
ISR,2011,546000000.0,86000000.0
ISR,2012,460000000.0,137000000.0
ISR,2013,412000000.0,160000000.0
ISR,2014,404000000.0,549000000.0
ISR,2015,570000000.0,688000000.0
ISR,2016,1236000000.0,622000000.0
ISR,2017,1193000000.0,535000000.0
ISR,2018,1147000000.0,461000000.0
ISR,2019,392000000.0,486000000.0
ISR,2020,380000000.0,349000000.0
ISR,2021,711000000.0,458000000.0
ISR,2022,1050000000.0,849000000.0
ISR,2023,1281000000.0,863000000.0
ISR,2024,1026000000.0,211000000.0
ITA,1960,105000000.0,409000000.0
ITA,1961,246000000.0,427000000.0
ITA,1962,262000000.0,886000000.0
ITA,1963,241000000.0,1217000000.0
ITA,1964,385000000.0,1137000000.0
ITA,1965,296000000.0,732000000.0
ITA,1966,243000000.0,410000000.0
ITA,1967,144000000.0,107000000.0
ITA,1968,197000000.0,196000000.0
ITA,1969,325000000.0,611000000.0
ITA,1970,280000000.0,685000000.0
ITA,1971,383000000.0,1104000000.0
ITA,1972,284000000.0,1766000000.0
ITA,1973,328000000.0,1019000000.0
ITA,1974,409000000.0,1116000000.0
ITA,1975,520000000.0,1016000000.0
ITA,1976,523000000.0,711000000.0
ITA,1977,505000000.0,517000000.0
ITA,1978,661000000.0,682000000.0
ITA,1979,1312000000.0,591000000.0
ITA,1980,1163000000.0,468000000.0
ITA,1981,1704000000.0,129000000.0
ITA,1982,1674000000.0,241000000.0
ITA,1983,1112000000.0,303000000.0
ITA,1984,1232000000.0,273000000.0
ITA,1985,868000000.0,205000000.0
ITA,1986,223000000.0,198000000.0
ITA,1987,623000000.0,183000000.0
ITA,1988,385000000.0,179000000.0
ITA,1989,316000000.0,196000000.0
ITA,1990,200000000.0,153000000.0
ITA,1991,354000000.0,202000000.0
ITA,1992,249000000.0,184000000.0
ITA,1993,342000000.0,201000000.0
ITA,1994,208000000.0,195000000.0
ITA,1995,301000000.0,327000000.0
ITA,1996,288000000.0,280000000.0
ITA,1997,449000000.0,519000000.0
ITA,1998,426000000.0,56000000.0
ITA,1999,519000000.0,25000000.0
ITA,2000,208000000.0,278000000.0
ITA,2001,269000000.0,241000000.0
ITA,2002,477000000.0,245000000.0
ITA,2003,359000000.0,580000000.0
ITA,2004,261000000.0,452000000.0
ITA,2005,832000000.0,143000000.0
ITA,2006,538000000.0,384000000.0
ITA,2007,700000000.0,467000000.0
ITA,2008,433000000.0,159000000.0
ITA,2009,512000000.0,94000000.0
ITA,2010,584000000.0,98000000.0
ITA,2011,969000000.0,286000000.0
ITA,2012,794000000.0,189000000.0
ITA,2013,890000000.0,71000000.0
ITA,2014,688000000.0,127000000.0
ITA,2015,671000000.0,237000000.0
ITA,2016,620000000.0,734000000.0
ITA,2017,704000000.0,709000000.0
ITA,2018,534000000.0,275000000.0
ITA,2019,372000000.0,178000000.0
ITA,2020,809000000.0,201000000.0
ITA,2021,1650000000.0,211000000.0
ITA,2022,1711000000.0,237000000.0
ITA,2023,1364000000.0,485000000.0
ITA,2024,1379000000.0,432000000.0
JAM,1962,,1000000.0
JAM,1963,,1000000.0
JAM,1964,,0.0
JAM,1967,,3000000.0
JAM,1971,,1000000.0
JAM,1973,,13000000.0
JAM,1974,,7000000.0
JAM,1975,,4000000.0
JAM,1976,,1000000.0
JAM,1977,,3000000.0
JAM,1978,,4000000.0
JAM,1981,,0.0
JAM,1985,,5000000.0
JAM,1986,,3000000.0
JAM,1989,,4000000.0
JAM,1998,,10000000.0
JAM,1999,,10000000.0
JAM,2005,,10000000.0
JAM,2006,,10000000.0
JAM,2007,,13000000.0
JAM,2008,,2000000.0
JAM,2010,,1000000.0
JAM,2013,,1000000.0
JAM,2015,,2000000.0
JAM,2016,,22000000.0
JAM,2018,,19000000.0
JAM,2019,,3000000.0
JAM,2020,,10000000.0
JAM,2021,,29000000.0
JAM,2023,,10000000.0
JAM,2024,,10000000.0
JOR,1960,,53000000.0
JOR,1961,,26000000.0
JOR,1962,,66000000.0
JOR,1963,,39000000.0
JOR,1964,,33000000.0
JOR,1965,,55000000.0
JOR,1966,,92000000.0
JOR,1967,,126000000.0
JOR,1968,,48000000.0
JOR,1969,,163000000.0
JOR,1970,,161000000.0
JOR,1971,36000000.0,90000000.0
JOR,1972,,87000000.0
JOR,1973,22000000.0,56000000.0
JOR,1974,23000000.0,132000000.0
JOR,1975,50000000.0,372000000.0
JOR,1976,,362000000.0
JOR,1977,18000000.0,447000000.0
JOR,1978,,576000000.0
JOR,1979,,279000000.0
JOR,1980,,384000000.0
JOR,1981,,401000000.0
JOR,1982,,1061000000.0
JOR,1983,76000000.0,634000000.0
JOR,1984,,629000000.0
JOR,1985,2000000.0,292000000.0
JOR,1986,7000000.0,206000000.0
JOR,1987,,137000000.0
JOR,1988,7000000.0,247000000.0
JOR,1989,64000000.0,74000000.0
JOR,1990,,16000000.0
JOR,1991,,24000000.0
JOR,1993,,1000000.0
JOR,1994,65000000.0,5000000.0
JOR,1995,,19000000.0
JOR,1996,,75000000.0
JOR,1997,6000000.0,77000000.0
JOR,1998,,248000000.0
JOR,1999,,63000000.0
JOR,2000,,139000000.0
JOR,2001,,160000000.0
JOR,2002,,132000000.0
JOR,2003,,281000000.0
JOR,2004,43000000.0,169000000.0
JOR,2005,22000000.0,79000000.0
JOR,2006,,52000000.0
JOR,2007,13000000.0,183000000.0
JOR,2008,13000000.0,160000000.0
JOR,2009,28000000.0,233000000.0
JOR,2010,117000000.0,90000000.0
JOR,2011,,214000000.0
JOR,2012,21000000.0,175000000.0
JOR,2013,35000000.0,75000000.0
JOR,2014,114000000.0,197000000.0
JOR,2015,16000000.0,231000000.0
JOR,2016,18000000.0,243000000.0
JOR,2017,80000000.0,363000000.0
JOR,2018,1000000.0,170000000.0
JOR,2019,109000000.0,213000000.0
JOR,2020,66000000.0,157000000.0
JOR,2021,74000000.0,67000000.0
JOR,2022,53000000.0,41000000.0
JOR,2023,11000000.0,16000000.0
JOR,2024,226000000.0,24000000.0
JPN,1960,1000000.0,790000000.0
JPN,1961,61000000.0,335000000.0
JPN,1962,100000000.0,263000000.0
JPN,1963,8000000.0,239000000.0
JPN,1964,14000000.0,1716000000.0
JPN,1965,,1155000000.0
JPN,1966,5000000.0,324000000.0
JPN,1967,,610000000.0
JPN,1968,,557000000.0
JPN,1969,31000000.0,488000000.0
JPN,1970,,502000000.0
JPN,1971,15000000.0,605000000.0
JPN,1972,9000000.0,484000000.0
JPN,1973,36000000.0,468000000.0
JPN,1974,55000000.0,730000000.0
JPN,1975,,1600000000.0
JPN,1976,,1478000000.0
JPN,1977,,791000000.0
JPN,1978,9000000.0,903000000.0
JPN,1979,11000000.0,922000000.0
JPN,1980,167000000.0,1032000000.0
JPN,1981,,1308000000.0
JPN,1982,,1444000000.0
JPN,1983,17000000.0,1692000000.0
JPN,1984,17000000.0,2051000000.0
JPN,1985,44000000.0,1971000000.0
JPN,1986,92000000.0,1889000000.0
JPN,1987,,1942000000.0
JPN,1988,,1998000000.0
JPN,1989,15000000.0,2283000000.0
JPN,1990,30000000.0,2678000000.0
JPN,1991,54000000.0,2940000000.0
JPN,1992,101000000.0,2519000000.0
JPN,1993,122000000.0,2130000000.0
JPN,1994,130000000.0,1020000000.0
JPN,1995,126000000.0,1246000000.0
JPN,1996,165000000.0,867000000.0
JPN,1997,25000000.0,834000000.0
JPN,1998,,1480000000.0
JPN,1999,,1248000000.0
JPN,2000,,488000000.0
JPN,2001,,418000000.0
JPN,2002,,433000000.0
JPN,2003,,452000000.0
JPN,2004,,390000000.0
JPN,2005,,369000000.0
JPN,2006,,463000000.0
JPN,2007,40000000.0,553000000.0
JPN,2008,,990000000.0
JPN,2009,,990000000.0
JPN,2010,,658000000.0
JPN,2011,,300000000.0
JPN,2012,,239000000.0
JPN,2013,,342000000.0
JPN,2014,,316000000.0
JPN,2015,,343000000.0
JPN,2016,,332000000.0
JPN,2017,2000000.0,446000000.0
JPN,2018,3000000.0,764000000.0
JPN,2019,,992000000.0
JPN,2020,,929000000.0
JPN,2021,,1114000000.0
JPN,2022,,1571000000.0
JPN,2023,13000000.0,957000000.0
JPN,2024,21000000.0,977000000.0
KAZ,1995,13000000.0,99000000.0
KAZ,1996,12000000.0,2000000.0
KAZ,1997,3000000.0,64000000.0
KAZ,1998,7000000.0,
KAZ,1999,13000000.0,72000000.0
KAZ,2000,19000000.0,121000000.0
KAZ,2001,13000000.0,139000000.0
KAZ,2002,,22000000.0
KAZ,2004,6000000.0,49000000.0
KAZ,2005,,44000000.0
KAZ,2006,6000000.0,46000000.0
KAZ,2007,,83000000.0
KAZ,2008,,28000000.0
KAZ,2009,,43000000.0
KAZ,2010,,59000000.0
KAZ,2011,,63000000.0
KAZ,2012,,96000000.0
KAZ,2013,,143000000.0
KAZ,2014,,83000000.0
KAZ,2015,,446000000.0
KAZ,2016,,252000000.0
KAZ,2017,,216000000.0
KAZ,2018,,275000000.0
KAZ,2019,,228000000.0
KAZ,2020,,268000000.0
KAZ,2021,,195000000.0
KAZ,2022,,191000000.0
KAZ,2023,,125000000.0
KAZ,2024,,550000000.0
KEN,1964,,6000000.0
KEN,1965,,15000000.0
KEN,1966,,19000000.0
KEN,1967,,2000000.0
KEN,1968,,2000000.0
KEN,1969,,3000000.0
KEN,1970,,0.0
KEN,1971,,26000000.0
KEN,1972,,9000000.0
KEN,1973,,2000000.0
KEN,1974,,28000000.0
KEN,1975,,25000000.0
KEN,1976,,17000000.0
KEN,1977,,58000000.0
KEN,1978,,211000000.0
KEN,1979,,56000000.0
KEN,1980,,119000000.0
KEN,1981,8000000.0,144000000.0
KEN,1982,,85000000.0
KEN,1983,,17000000.0
KEN,1984,,12000000.0
KEN,1985,,6000000.0
KEN,1986,,26000000.0
KEN,1987,,178000000.0
KEN,1989,,47000000.0
KEN,1990,,43000000.0
KEN,1991,2000000.0,14000000.0
KEN,1993,2000000.0,
KEN,1994,,30000000.0
KEN,1997,,61000000.0
KEN,2000,,15000000.0
KEN,2007,,11000000.0
KEN,2009,,34000000.0
KEN,2010,,96000000.0
KEN,2011,,35000000.0
KEN,2012,,68000000.0
KEN,2013,,1000000.0
KEN,2014,,17000000.0
KEN,2015,,30000000.0
KEN,2016,,32000000.0
KEN,2017,,17000000.0
KEN,2018,,6000000.0
KEN,2019,,18000000.0
KEN,2020,,71000000.0
KEN,2021,,4000000.0
KEN,2022,,1000000.0
KEN,2024,,17000000.0
KGZ,1995,57000000.0,
KGZ,2003,92000000.0,10000000.0
KGZ,2004,,6000000.0
KGZ,2005,,3000000.0
KGZ,2006,18000000.0,2000000.0
KGZ,2007,18000000.0,
KGZ,2008,14000000.0,
KGZ,2015,4000000.0,4000000.0
KGZ,2016,5000000.0,8000000.0
KGZ,2017,5000000.0,12000000.0
KGZ,2018,,1000000.0
KGZ,2019,,15000000.0
KGZ,2021,,2000000.0
KGZ,2022,,14000000.0
KGZ,2023,,53000000.0
KHM,1960,,1000000.0
KHM,1961,,2000000.0
KHM,1962,,5000000.0
KHM,1963,,11000000.0
KHM,1964,,41000000.0
KHM,1965,,43000000.0
KHM,1966,,37000000.0
KHM,1967,,20000000.0
KHM,1968,,15000000.0
KHM,1969,,18000000.0
KHM,1970,,6000000.0
KHM,1971,,22000000.0
KHM,1972,,106000000.0
KHM,1973,,115000000.0
KHM,1974,,25000000.0
KHM,1978,,43000000.0
KHM,1980,,34000000.0
KHM,1983,,13000000.0
KHM,1984,,67000000.0
KHM,1985,,69000000.0
KHM,1986,,134000000.0
KHM,1987,,50000000.0
KHM,1988,,10000000.0
KHM,1989,,123000000.0
KHM,1990,,48000000.0
KHM,1993,0.0,2000000.0
KHM,1994,0.0,74000000.0
KHM,1995,0.0,1000000.0
KHM,1996,,27000000.0
KHM,1997,,22000000.0
KHM,2000,1000000.0,
KHM,2006,,14000000.0
KHM,2007,,56000000.0
KHM,2009,,4000000.0
KHM,2010,,34000000.0
KHM,2012,,78000000.0
KHM,2013,,68000000.0
KHM,2018,,5000000.0
KHM,2019,,1000000.0
KHM,2021,,35000000.0
KHM,2022,,32000000.0
KHM,2023,,54000000.0
KIR,1994,,6000000.0
KIR,2021,,7000000.0
KNA,1985,,6000000.0
KOR,1960,,200000000.0
KOR,1961,,180000000.0
KOR,1962,,132000000.0
KOR,1963,,214000000.0
KOR,1964,,282000000.0
KOR,1965,,632000000.0
KOR,1966,,571000000.0
KOR,1967,,130000000.0
KOR,1968,,352000000.0
KOR,1969,,578000000.0
KOR,1970,,93000000.0
KOR,1971,,243000000.0
KOR,1972,141000000.0,406000000.0
KOR,1973,,262000000.0
KOR,1974,,450000000.0
KOR,1975,,653000000.0
KOR,1976,,555000000.0
KOR,1977,,1198000000.0
KOR,1978,,399000000.0
KOR,1979,105000000.0,1323000000.0
KOR,1980,105000000.0,877000000.0
KOR,1981,130000000.0,872000000.0
KOR,1982,65000000.0,673000000.0
KOR,1983,,496000000.0
KOR,1984,126000000.0,524000000.0
KOR,1985,28000000.0,764000000.0
KOR,1986,73000000.0,869000000.0
KOR,1987,,785000000.0
KOR,1988,54000000.0,1249000000.0
KOR,1989,48000000.0,1849000000.0
KOR,1990,72000000.0,1214000000.0
KOR,1991,118000000.0,921000000.0
KOR,1992,,795000000.0
KOR,1993,60000000.0,1024000000.0
KOR,1994,7000000.0,1029000000.0
KOR,1995,27000000.0,1965000000.0
KOR,1996,24000000.0,1985000000.0
KOR,1997,25000000.0,1230000000.0
KOR,1998,32000000.0,1418000000.0
KOR,1999,,1636000000.0
KOR,2000,10000000.0,1399000000.0
KOR,2001,230000000.0,774000000.0
KOR,2002,,520000000.0
KOR,2003,96000000.0,754000000.0
KOR,2004,74000000.0,1055000000.0
KOR,2005,109000000.0,803000000.0
KOR,2006,158000000.0,1660000000.0
KOR,2007,278000000.0,1730000000.0
KOR,2008,110000000.0,1691000000.0
KOR,2009,224000000.0,798000000.0
KOR,2010,177000000.0,1299000000.0
KOR,2011,328000000.0,1568000000.0
KOR,2012,203000000.0,1077000000.0
KOR,2013,350000000.0,189000000.0
KOR,2014,218000000.0,742000000.0
KOR,2015,92000000.0,268000000.0
KOR,2016,435000000.0,1038000000.0
KOR,2017,700000000.0,962000000.0
KOR,2018,1047000000.0,1030000000.0
KOR,2019,680000000.0,1605000000.0
KOR,2020,772000000.0,1273000000.0
KOR,2021,510000000.0,812000000.0
KOR,2022,220000000.0,423000000.0
KOR,2023,631000000.0,218000000.0
KOR,2024,964000000.0,1009000000.0
KWT,1960,,44000000.0
KWT,1962,,10000000.0
KWT,1963,,48000000.0
KWT,1964,,65000000.0
KWT,1965,,25000000.0
KWT,1966,,8000000.0
KWT,1967,3000000.0,
KWT,1968,,106000000.0
KWT,1969,,97000000.0
KWT,1970,,54000000.0
KWT,1971,,109000000.0
KWT,1972,,30000000.0
KWT,1974,,5000000.0
KWT,1975,,77000000.0
KWT,1976,,230000000.0
KWT,1977,,485000000.0
KWT,1978,,504000000.0
KWT,1979,,223000000.0
KWT,1980,27000000.0,35000000.0
KWT,1981,,13000000.0
KWT,1982,,173000000.0
KWT,1983,,287000000.0
KWT,1984,4000000.0,490000000.0
KWT,1985,,619000000.0
KWT,1986,,167000000.0
KWT,1987,,50000000.0
KWT,1988,,7000000.0
KWT,1989,,134000000.0
KWT,1990,,326000000.0
KWT,1991,,515000000.0
KWT,1992,,896000000.0
KWT,1993,,694000000.0
KWT,1994,,36000000.0
KWT,1995,,637000000.0
KWT,1996,,1191000000.0
KWT,1997,,482000000.0
KWT,1998,95000000.0,46000000.0
KWT,1999,,198000000.0
KWT,2000,,226000000.0
KWT,2001,,67000000.0
KWT,2002,,22000000.0
KWT,2003,,42000000.0
KWT,2004,,2000000.0
KWT,2005,,12000000.0
KWT,2006,,5000000.0
KWT,2007,,288000000.0
KWT,2008,,5000000.0
KWT,2009,,8000000.0
KWT,2010,,87000000.0
KWT,2011,,116000000.0
KWT,2012,,31000000.0
KWT,2013,,73000000.0
KWT,2014,,701000000.0
KWT,2015,,317000000.0
KWT,2016,,159000000.0
KWT,2017,,114000000.0
KWT,2018,,96000000.0
KWT,2019,,55000000.0
KWT,2020,,67000000.0
KWT,2021,,889000000.0
KWT,2022,,2245000000.0
KWT,2023,,497000000.0
KWT,2024,,503000000.0
LAO,1960,,3000000.0
LAO,1961,,4000000.0
LAO,1962,,19000000.0
LAO,1963,,15000000.0
LAO,1964,,7000000.0
LAO,1965,,7000000.0
LAO,1966,,14000000.0
LAO,1967,,14000000.0
LAO,1968,,4000000.0
LAO,1969,,10000000.0
LAO,1970,,23000000.0
LAO,1971,,17000000.0
LAO,1972,,14000000.0
LAO,1973,,44000000.0
LAO,1974,,1000000.0
LAO,1975,,37000000.0
LAO,1976,,21000000.0
LAO,1977,,134000000.0
LAO,1978,,26000000.0
LAO,1980,,35000000.0
LAO,1981,,54000000.0
LAO,1982,,1000000.0
LAO,1983,,94000000.0
LAO,1984,,26000000.0
LAO,1985,,59000000.0
LAO,1987,,29000000.0
LAO,1988,,18000000.0
LAO,1990,,8000000.0
LAO,1997,,43000000.0
LAO,1998,,22000000.0
LAO,1999,,30000000.0
LAO,2000,,7000000.0
LAO,2003,,0.0
LAO,2005,,4000000.0
LAO,2008,,7000000.0
LAO,2009,,26000000.0
LAO,2011,,15000000.0
LAO,2012,,19000000.0
LAO,2013,,19000000.0
LAO,2015,,7000000.0
LAO,2017,,2000000.0
LAO,2018,,123000000.0
LAO,2019,,27000000.0
LAO,2020,,17000000.0
LAO,2021,,3000000.0
LAO,2023,,3000000.0
LAO,2024,,7000000.0
LBN,1961,,5000000.0
LBN,1962,,13000000.0
LBN,1963,,18000000.0
LBN,1965,,34000000.0
LBN,1966,,72000000.0
LBN,1967,1000000.0,80000000.0
LBN,1968,,1000000.0
LBN,1971,,10000000.0
LBN,1972,,52000000.0
LBN,1973,,54000000.0
LBN,1974,,41000000.0
LBN,1975,,11000000.0
LBN,1976,,4000000.0
LBN,1977,,8000000.0
LBN,1978,,2000000.0
LBN,1979,,19000000.0
LBN,1980,,37000000.0
LBN,1981,,9000000.0
LBN,1982,,36000000.0
LBN,1983,,93000000.0
LBN,1984,,192000000.0
LBN,1985,,71000000.0
LBN,1991,1000000.0,
LBN,1992,,40000000.0
LBN,1993,,40000000.0
LBN,1994,,18000000.0
LBN,1995,,42000000.0
LBN,1996,,27000000.0
LBN,1997,,9000000.0
LBN,1998,,8000000.0
LBN,1999,,4000000.0
LBN,2000,,4000000.0
LBN,2002,48000000.0,
LBN,2005,,1000000.0
LBN,2007,,5000000.0
LBN,2008,,1000000.0
LBN,2009,,52000000.0
LBN,2010,,64000000.0
LBN,2011,,1000000.0
LBN,2012,,31000000.0
LBN,2013,,27000000.0
LBN,2014,,6000000.0
LBN,2015,,48000000.0
LBN,2016,,28000000.0
LBN,2017,,50000000.0
LBN,2018,,53000000.0
LBN,2019,,56000000.0
LBN,2020,,45000000.0
LBN,2021,,43000000.0
LBN,2022,,30000000.0
LBN,2023,,14000000.0
LBN,2024,,9000000.0
LBR,1964,,2000000.0
LBR,1967,,18000000.0
LBR,1971,,1000000.0
LBR,1972,,1000000.0
LBR,1976,,2000000.0
LBR,1978,,1000000.0
LBR,1986,,4000000.0
LBR,1987,,7000000.0
LBR,1989,,12000000.0
LBR,1990,,3000000.0
LBR,1999,,1000000.0
LBR,2000,,9000000.0
LBR,2020,,1000000.0
LBR,2022,,0.0
LBY,1960,,14000000.0
LBY,1961,,17000000.0
LBY,1962,,2000000.0
LBY,1963,,3000000.0
LBY,1964,,15000000.0
LBY,1965,,9000000.0
LBY,1966,,26000000.0
LBY,1967,,12000000.0
LBY,1968,,57000000.0
LBY,1969,,152000000.0
LBY,1970,,371000000.0
LBY,1971,,540000000.0
LBY,1972,0.0,534000000.0
LBY,1973,0.0,733000000.0
LBY,1974,,1767000000.0
LBY,1975,26000000.0,1647000000.0
LBY,1976,4000000.0,1858000000.0
LBY,1977,,3064000000.0
LBY,1978,8000000.0,4222000000.0
LBY,1979,395000000.0,3173000000.0
LBY,1980,95000000.0,2951000000.0
LBY,1981,107000000.0,3153000000.0
LBY,1982,169000000.0,2749000000.0
LBY,1983,14000000.0,1408000000.0
LBY,1984,54000000.0,730000000.0
LBY,1985,31000000.0,746000000.0
LBY,1986,9000000.0,401000000.0
LBY,1987,13000000.0,184000000.0
LBY,1988,64000000.0,9000000.0
LBY,1989,7000000.0,218000000.0
LBY,1990,36000000.0,11000000.0
LBY,1994,3000000.0,
LBY,1997,3000000.0,
LBY,1998,10000000.0,
LBY,1999,,6000000.0
LBY,2002,21000000.0,
LBY,2003,16000000.0,
LBY,2004,113000000.0,
LBY,2005,113000000.0,1000000.0
LBY,2006,18000000.0,16000000.0
LBY,2007,9000000.0,16000000.0
LBY,2008,17000000.0,16000000.0
LBY,2009,32000000.0,22000000.0
LBY,2010,27000000.0,37000000.0
LBY,2011,0.0,8000000.0
LBY,2012,,73000000.0
LBY,2013,,118000000.0
LBY,2016,,2000000.0
LBY,2019,,33000000.0
LBY,2020,,0.0
LBY,2023,,34000000.0
LBY,2024,,5000000.0
LKA,1960,,4000000.0
LKA,1964,,0.0
LKA,1969,,2000000.0
LKA,1971,,33000000.0
LKA,1972,,47000000.0
LKA,1975,,1000000.0
LKA,1976,,0.0
LKA,1977,,17000000.0
LKA,1978,,7000000.0
LKA,1980,,18000000.0
LKA,1984,,48000000.0
LKA,1985,,42000000.0
LKA,1986,,28000000.0
LKA,1987,,111000000.0
LKA,1988,,19000000.0
LKA,1989,,6000000.0
LKA,1990,,19000000.0
LKA,1991,,168000000.0
LKA,1992,,22000000.0
LKA,1993,,37000000.0
LKA,1994,,77000000.0
LKA,1995,,64000000.0
LKA,1996,,207000000.0
LKA,1997,,48000000.0
LKA,1998,8000000.0,83000000.0
LKA,1999,,62000000.0
LKA,2000,,289000000.0
LKA,2001,,159000000.0
LKA,2002,,43000000.0
LKA,2003,,34000000.0
LKA,2004,,48000000.0
LKA,2005,,57000000.0
LKA,2006,,96000000.0
LKA,2007,,91000000.0
LKA,2008,,79000000.0
LKA,2009,,21000000.0
LKA,2010,,5000000.0
LKA,2011,,21000000.0
LKA,2013,,22000000.0
LKA,2014,,5000000.0
LKA,2017,,45000000.0
LKA,2018,,100000000.0
LKA,2019,,59000000.0
LKA,2021,,54000000.0
LKA,2022,,3000000.0
LKA,2023,,5000000.0
LKA,2024,,9000000.0
LSO,1977,,1000000.0
LSO,1979,,5000000.0
LSO,1980,,3000000.0
LSO,1983,,1000000.0
LSO,1985,,0.0
LSO,1986,,10000000.0
LSO,1989,,8000000.0
LSO,1991,,4000000.0
LSO,1998,,5000000.0
LSO,2001,,6000000.0
LSO,2004,,1000000.0
LSO,2006,,1000000.0
LSO,2017,,1000000.0
LSO,2018,,1000000.0
LSO,2019,,1000000.0
LTU,1992,,70000000.0
LTU,1993,,10000000.0
LTU,1995,,5000000.0
LTU,1996,,15000000.0
LTU,1998,,15000000.0
LTU,1999,,9000000.0
LTU,2000,,6000000.0
LTU,2001,,16000000.0
LTU,2002,3000000.0,14000000.0
LTU,2003,,1000000.0
LTU,2004,,47000000.0
LTU,2005,,11000000.0
LTU,2006,,53000000.0
LTU,2007,,4000000.0
LTU,2008,,27000000.0
LTU,2009,,27000000.0
LTU,2010,,8000000.0
LTU,2012,,0.0
LTU,2013,,73000000.0
LTU,2014,,10000000.0
LTU,2015,,14000000.0
LTU,2016,,34000000.0
LTU,2017,,7000000.0
LTU,2018,60000000.0,8000000.0
LTU,2019,,38000000.0
LTU,2020,,119000000.0
LTU,2021,,109000000.0
LTU,2022,25000000.0,75000000.0
LTU,2023,8000000.0,111000000.0
LTU,2024,3000000.0,51000000.0
LUX,1974,,1000000.0
LUX,1982,,1000000.0
LUX,1996,,3000000.0
LUX,1999,,1000000.0
LUX,2003,,1000000.0
LUX,2007,0.0,
LUX,2009,,8000000.0
LUX,2010,,8000000.0
LUX,2019,,3000000.0
LUX,2020,,88000000.0
LUX,2022,,0.0
LUX,2023,,1000000.0
LUX,2024,,3000000.0
LVA,1992,,0.0
LVA,1993,,8000000.0
LVA,1994,9000000.0,12000000.0
LVA,1995,,16000000.0
LVA,1996,,0.0
LVA,1997,,0.0
LVA,1998,,0.0
LVA,1999,,4000000.0
LVA,2000,,3000000.0
LVA,2001,,14000000.0
LVA,2002,,4000000.0
LVA,2003,,25000000.0
LVA,2004,,13000000.0
LVA,2005,,5000000.0
LVA,2006,,9000000.0
LVA,2007,,51000000.0
LVA,2008,,46000000.0
LVA,2009,,11000000.0
LVA,2010,,16000000.0
LVA,2011,,27000000.0
LVA,2012,,9000000.0
LVA,2013,,5000000.0
LVA,2014,,5000000.0
LVA,2015,,3000000.0
LVA,2016,,28000000.0
LVA,2017,,30000000.0
LVA,2018,,21000000.0
LVA,2019,,31000000.0
LVA,2020,,10000000.0
LVA,2021,,15000000.0
LVA,2022,11000000.0,34000000.0
LVA,2023,6000000.0,42000000.0
LVA,2024,1000000.0,10000000.0
MAR,1960,,22000000.0
MAR,1961,,37000000.0
MAR,1962,2000000.0,93000000.0
MAR,1963,,16000000.0
MAR,1964,,16000000.0
MAR,1965,,82000000.0
MAR,1966,,159000000.0
MAR,1967,,149000000.0
MAR,1968,,93000000.0
MAR,1969,6000000.0,41000000.0
MAR,1970,,80000000.0
MAR,1971,,1000000.0
MAR,1973,,21000000.0
MAR,1974,,198000000.0
MAR,1975,,207000000.0
MAR,1976,,216000000.0
MAR,1977,,408000000.0
MAR,1978,6000000.0,419000000.0
MAR,1979,,725000000.0
MAR,1980,,468000000.0
MAR,1981,,799000000.0
MAR,1982,,527000000.0
MAR,1983,,394000000.0
MAR,1984,,72000000.0
MAR,1985,,50000000.0
MAR,1986,,31000000.0
MAR,1987,,32000000.0
MAR,1988,,111000000.0
MAR,1989,,126000000.0
MAR,1990,,137000000.0
MAR,1991,,62000000.0
MAR,1992,,17000000.0
MAR,1993,,98000000.0
MAR,1994,,117000000.0
MAR,1995,,28000000.0
MAR,1996,,89000000.0
MAR,1997,,220000000.0
MAR,1999,,60000000.0
MAR,2000,,127000000.0
MAR,2001,,11000000.0
MAR,2002,,155000000.0
MAR,2003,,12000000.0
MAR,2004,,14000000.0
MAR,2005,,101000000.0
MAR,2006,,47000000.0
MAR,2007,,27000000.0
MAR,2008,,46000000.0
MAR,2009,,39000000.0
MAR,2010,,335000000.0
MAR,2011,,1283000000.0
MAR,2012,,1005000000.0
MAR,2013,,62000000.0
MAR,2014,,572000000.0
MAR,2015,,47000000.0
MAR,2016,,287000000.0
MAR,2017,,605000000.0
MAR,2018,,462000000.0
MAR,2019,,48000000.0
MAR,2020,,16000000.0
MAR,2021,,51000000.0
MAR,2022,21000000.0,509000000.0
MAR,2023,73000000.0,472000000.0
MAR,2024,,23000000.0
MDA,1992,11000000.0,8000000.0
MDA,1994,36000000.0,3000000.0
MDA,1995,,11000000.0
MDA,1997,217000000.0,
MDA,2000,6000000.0,
MDA,2001,42000000.0,
MDA,2002,60000000.0,
MDA,2003,13000000.0,
MDA,2005,18000000.0,
MDA,2006,3000000.0,
MDA,2007,19000000.0,
MDA,2008,29000000.0,
MDA,2009,20000000.0,
MDA,2011,12000000.0,
MDA,2023,,13000000.0
MDG,1961,,3000000.0
MDG,1963,,1000000.0
MDG,1964,,0.0
MDG,1965,,7000000.0
MDG,1967,,12000000.0
MDG,1968,,1000000.0
MDG,1969,,1000000.0
MDG,1971,,0.0
MDG,1972,,0.0
MDG,1974,,17000000.0
MDG,1975,,6000000.0
MDG,1979,,64000000.0
MDG,1980,,43000000.0
MDG,1981,,1000000.0
MDG,1983,,8000000.0
MDG,1985,,6000000.0
MDG,1996,,21000000.0
MDG,2018,,1000000.0
MDG,2019,,1000000.0
MDG,2020,,1000000.0
MDV,1992,,2000000.0
MDV,1997,,0.0
MDV,1998,,8000000.0
MDV,2006,,15000000.0
MDV,2010,,5000000.0
MDV,2013,,5000000.0
MDV,2019,,2000000.0
MDV,2020,,3000000.0
MDV,2021,,2000000.0
MDV,2024,,7000000.0
MEX,1960,,20000000.0
MEX,1961,,30000000.0
MEX,1962,,109000000.0
MEX,1963,,60000000.0
MEX,1964,,38000000.0
MEX,1965,,11000000.0
MEX,1966,,22000000.0
MEX,1967,,15000000.0
MEX,1970,,82000000.0
MEX,1971,,48000000.0
MEX,1972,,15000000.0
MEX,1973,,158000000.0
MEX,1974,,61000000.0
MEX,1975,,104000000.0
MEX,1976,,69000000.0
MEX,1977,,39000000.0
MEX,1978,,74000000.0
MEX,1979,,68000000.0
MEX,1980,,75000000.0
MEX,1981,,115000000.0
MEX,1982,,343000000.0
MEX,1983,,116000000.0
MEX,1985,,8000000.0
MEX,1986,,143000000.0
MEX,1987,,154000000.0
MEX,1988,,103000000.0
MEX,1989,,63000000.0
MEX,1990,,32000000.0
MEX,1991,8000000.0,40000000.0
MEX,1992,,19000000.0
MEX,1993,,160000000.0
MEX,1994,,136000000.0
MEX,1995,,55000000.0
MEX,1996,,92000000.0
MEX,1997,,495000000.0
MEX,1998,,19000000.0
MEX,1999,,136000000.0
MEX,2000,,215000000.0
MEX,2001,,149000000.0
MEX,2002,,97000000.0
MEX,2003,,20000000.0
MEX,2004,,321000000.0
MEX,2005,,33000000.0
MEX,2006,,78000000.0
MEX,2008,,23000000.0
MEX,2009,,59000000.0
MEX,2010,,109000000.0
MEX,2011,,225000000.0
MEX,2012,,260000000.0
MEX,2013,,52000000.0
MEX,2014,,89000000.0
MEX,2015,,322000000.0
MEX,2016,,327000000.0
MEX,2017,,215000000.0
MEX,2018,,16000000.0
MEX,2019,1000000.0,
MEX,2020,,242000000.0
MEX,2021,,3000000.0
MEX,2023,,4000000.0
MEX,2024,,46000000.0
MHL,1988,,2000000.0
MHL,1991,,6000000.0
MKD,1994,,29000000.0
MKD,1995,,0.0
MKD,1998,,11000000.0
MKD,1999,,81000000.0
MKD,2000,,17000000.0
MKD,2001,,118000000.0
MKD,2006,,0.0
MKD,2009,,6000000.0
MKD,2012,,0.0
MKD,2013,,1000000.0
MKD,2016,,0.0
MKD,2022,31000000.0,1000000.0
MKD,2023,59000000.0,5000000.0
MKD,2024,,1000000.0
MLI,1961,,3000000.0
MLI,1962,,10000000.0
MLI,1963,,4000000.0
MLI,1966,,1000000.0
MLI,1967,,12000000.0
MLI,1969,,2000000.0
MLI,1971,,15000000.0
MLI,1975,,11000000.0
MLI,1976,,89000000.0
MLI,1981,,91000000.0
MLI,1982,,4000000.0
MLI,1983,,15000000.0
MLI,1984,,13000000.0
MLI,1985,,0.0
MLI,1988,,2000000.0
MLI,1990,,1000000.0
MLI,1994,,0.0
MLI,1997,,9000000.0
MLI,1998,,4000000.0
MLI,2000,,7000000.0
MLI,2002,,1000000.0
MLI,2003,,3000000.0
MLI,2005,,13000000.0
MLI,2007,,8000000.0
MLI,2008,,3000000.0
MLI,2009,,10000000.0
MLI,2011,,0.0
MLI,2012,,9000000.0
MLI,2013,,7000000.0
MLI,2014,,1000000.0
MLI,2016,,22000000.0
MLI,2017,,32000000.0
MLI,2018,,27000000.0
MLI,2019,,18000000.0
MLI,2020,,44000000.0
MLI,2021,,38000000.0
MLI,2022,,62000000.0
MLI,2023,,82000000.0
MLI,2024,,10000000.0
MLT,1972,,0.0
MLT,1973,,0.0
MLT,1978,,8000000.0
MLT,1980,,1000000.0
MLT,1992,,13000000.0
MLT,1995,,0.0
MLT,1996,,1000000.0
MLT,1997,,6000000.0
MLT,1998,,0.0
MLT,2000,,0.0
MLT,2001,,0.0
MLT,2002,,4000000.0
MLT,2004,10000000.0,4000000.0
MLT,2005,,18000000.0
MLT,2011,,8000000.0
MLT,2012,,8000000.0
MLT,2014,,12000000.0
MLT,2015,5000000.0,10000000.0
MLT,2016,,6000000.0
MLT,2017,,8000000.0
MLT,2023,,45000000.0
MMR,1960,,6000000.0
MMR,1961,,17000000.0
MMR,1962,,14000000.0
MMR,1963,,27000000.0
MMR,1964,,18000000.0
MMR,1965,,19000000.0
MMR,1966,,3000000.0
MMR,1967,,13000000.0
MMR,1968,,6000000.0
MMR,1969,,22000000.0
MMR,1970,,4000000.0
MMR,1971,,28000000.0
MMR,1972,,4000000.0
MMR,1975,,53000000.0
MMR,1976,,10000000.0
MMR,1977,,9000000.0
MMR,1978,,25000000.0
MMR,1979,,19000000.0
MMR,1980,,40000000.0
MMR,1982,,38000000.0
MMR,1986,,9000000.0
MMR,1989,,34000000.0
MMR,1990,,278000000.0
MMR,1991,,239000000.0
MMR,1992,,31000000.0
MMR,1993,,331000000.0
MMR,1994,,97000000.0
MMR,1995,,224000000.0
MMR,1996,,115000000.0
MMR,1997,,231000000.0
MMR,1998,,156000000.0
MMR,1999,,141000000.0
MMR,2000,,16000000.0
MMR,2001,,153000000.0
MMR,2002,,156000000.0
MMR,2003,,100000000.0
MMR,2004,,192000000.0
MMR,2005,,179000000.0
MMR,2006,,206000000.0
MMR,2007,,153000000.0
MMR,2008,,80000000.0
MMR,2009,,65000000.0
MMR,2010,,62000000.0
MMR,2011,,668000000.0
MMR,2012,,398000000.0
MMR,2013,,250000000.0
MMR,2014,,110000000.0
MMR,2015,,257000000.0
MMR,2016,,281000000.0
MMR,2017,,207000000.0
MMR,2018,,200000000.0
MMR,2019,,204000000.0
MMR,2020,,217000000.0
MMR,2021,,67000000.0
MMR,2022,,229000000.0
MMR,2023,,128000000.0
MMR,2024,,222000000.0
MNE,2006,71000000.0,
MNE,2007,109000000.0,
MNE,2010,18000000.0,
MNE,2015,,1000000.0
MNE,2016,,0.0
MNE,2017,1000000.0,
MNE,2018,,15000000.0
MNE,2020,,5000000.0
MNE,2021,,1000000.0
MNE,2022,4000000.0,2000000.0
MNE,2024,,5000000.0
MNG,1960,,10000000.0
MNG,1961,,66000000.0
MNG,1962,,90000000.0
MNG,1963,,86000000.0
MNG,1964,,120000000.0
MNG,1965,,137000000.0
MNG,1966,,116000000.0
MNG,1967,,63000000.0
MNG,1968,,15000000.0
MNG,1969,,22000000.0
MNG,1970,,15000000.0
MNG,1971,,13000000.0
MNG,1972,,8000000.0
MNG,1973,,58000000.0
MNG,1974,,76000000.0
MNG,1975,,195000000.0
MNG,1976,,31000000.0
MNG,1977,,30000000.0
MNG,1978,,47000000.0
MNG,1979,,29000000.0
MNG,1980,,60000000.0
MNG,1981,,72000000.0
MNG,1982,,156000000.0
MNG,1983,,118000000.0
MNG,1984,,114000000.0
MNG,1985,,98000000.0
MNG,1986,,27000000.0
MNG,1987,,36000000.0
MNG,1988,,27000000.0
MNG,2008,,15000000.0
MNG,2010,,64000000.0
MNG,2011,,3000000.0
MNG,2012,,78000000.0
MNG,2015,,73000000.0
MNG,2019,,17000000.0
MNG,2021,,25000000.0
MNG,2022,,3000000.0
MOZ,1975,,28000000.0
MOZ,1976,,34000000.0
MOZ,1977,1000000.0,152000000.0
MOZ,1978,,494000000.0
MOZ,1979,,111000000.0
MOZ,1980,,52000000.0
MOZ,1981,,60000000.0
MOZ,1982,,64000000.0
MOZ,1983,,59000000.0
MOZ,1984,,94000000.0
MOZ,1985,,73000000.0
MOZ,1986,,6000000.0
MOZ,1999,,2000000.0
MOZ,2003,,1000000.0
MOZ,2011,,0.0
MOZ,2012,,0.0
MOZ,2013,,9000000.0
MOZ,2014,,16000000.0
MOZ,2015,,5000000.0
MOZ,2016,,46000000.0
MOZ,2018,,3000000.0
MOZ,2019,,22000000.0
MOZ,2020,,1000000.0
MOZ,2021,,18000000.0
MOZ,2022,,5000000.0
MOZ,2023,,3000000.0
MOZ,2024,,1000000.0
MRT,1960,,2000000.0
MRT,1961,,1000000.0
MRT,1962,,1000000.0
MRT,1963,,6000000.0
MRT,1964,,1000000.0
MRT,1965,,1000000.0
MRT,1970,,21000000.0
MRT,1971,,13000000.0
MRT,1973,,1000000.0
MRT,1974,,5000000.0
MRT,1975,,5000000.0
MRT,1976,,15000000.0
MRT,1977,,29000000.0
MRT,1978,,17000000.0
MRT,1979,,24000000.0
MRT,1981,,19000000.0
MRT,1982,,16000000.0
MRT,1984,,0.0
MRT,1985,,3000000.0
MRT,1989,,8000000.0
MRT,1990,,16000000.0
MRT,1991,,18000000.0
MRT,1994,,16000000.0
MRT,1995,,3000000.0
MRT,1996,,3000000.0
MRT,1997,,8000000.0
MRT,1998,,4000000.0
MRT,2000,,31000000.0
MRT,2002,,27000000.0
MRT,2003,,7000000.0
MRT,2010,,17000000.0
MRT,2011,,5000000.0
MRT,2012,,11000000.0
MRT,2014,,8000000.0
MRT,2015,,1000000.0
MRT,2016,,35000000.0
MRT,2018,,1000000.0
MRT,2019,,34000000.0
MRT,2021,,6000000.0
MRT,2023,,2000000.0
MRT,2024,,126000000.0
MUS,1968,,0.0
MUS,1971,,0.0
MUS,1974,,2000000.0
MUS,1979,,3000000.0
MUS,1985,,1000000.0
MUS,1990,,10000000.0
MUS,1993,,8000000.0
MUS,1996,,29000000.0
MUS,1997,,1000000.0
MUS,2004,,10000000.0
MUS,2014,,28000000.0
MUS,2016,,28000000.0
MUS,2017,,19000000.0
MUS,2021,,1000000.0
MUS,2022,,4000000.0
MWI,1964,,5000000.0
MWI,1972,,0.0
MWI,1976,,2000000.0
MWI,1977,,6000000.0
MWI,1978,,7000000.0
MWI,1979,,8000000.0
MWI,1980,,14000000.0
MWI,1981,,14000000.0
MWI,1984,,1000000.0
MWI,1985,,6000000.0
MWI,1986,,10000000.0
MWI,1987,,1000000.0
MWI,1988,,2000000.0
MWI,1989,,3000000.0
MWI,1990,,10000000.0
MWI,1994,,4000000.0
MWI,2000,1000000.0,
MWI,2008,,3000000.0
MWI,2012,,1000000.0
MWI,2013,,2000000.0
MWI,2014,,2000000.0
MWI,2015,,2000000.0
MWI,2016,,0.0
MWI,2022,,19000000.0
MYS,1960,,5000000.0
MYS,1961,,2000000.0
MYS,1962,,31000000.0
MYS,1963,,75000000.0
MYS,1964,,97000000.0
MYS,1965,,10000000.0
MYS,1966,,58000000.0
MYS,1967,,128000000.0
MYS,1968,,91000000.0
MYS,1969,,79000000.0
MYS,1970,,25000000.0
MYS,1971,7000000.0,195000000.0
MYS,1972,,109000000.0
MYS,1973,,229000000.0
MYS,1974,,74000000.0
MYS,1975,,85000000.0
MYS,1976,,394000000.0
MYS,1977,,146000000.0
MYS,1978,,72000000.0
MYS,1979,,310000000.0
MYS,1980,,127000000.0
MYS,1981,,56000000.0
MYS,1982,6000000.0,25000000.0
MYS,1983,,275000000.0
MYS,1984,,543000000.0
MYS,1985,,405000000.0
MYS,1986,,141000000.0
MYS,1987,3000000.0,5000000.0
MYS,1988,,14000000.0
MYS,1989,,37000000.0
MYS,1991,,33000000.0
MYS,1992,,13000000.0
MYS,1993,,13000000.0
MYS,1994,,308000000.0
MYS,1995,0.0,828000000.0
MYS,1996,,32000000.0
MYS,1997,,553000000.0
MYS,1998,,39000000.0
MYS,1999,11000000.0,721000000.0
MYS,2000,,26000000.0
MYS,2001,,26000000.0
MYS,2002,,153000000.0
MYS,2003,,190000000.0
MYS,2004,,69000000.0
MYS,2005,,58000000.0
MYS,2006,,184000000.0
MYS,2007,,498000000.0
MYS,2008,,493000000.0
MYS,2009,0.0,1284000000.0
MYS,2010,,212000000.0
MYS,2011,,4000000.0
MYS,2012,,18000000.0
MYS,2013,15000000.0,79000000.0
MYS,2014,15000000.0,75000000.0
MYS,2015,,118000000.0
MYS,2016,,271000000.0
MYS,2017,,195000000.0
MYS,2018,,93000000.0
MYS,2019,1000000.0,68000000.0
MYS,2020,,52000000.0
MYS,2021,,133000000.0
MYS,2022,,71000000.0
MYS,2023,,7000000.0
NAM,1994,,2000000.0
NAM,1995,,4000000.0
NAM,1997,,5000000.0
NAM,1998,,5000000.0
NAM,2001,,21000000.0
NAM,2002,,11000000.0
NAM,2004,,16000000.0
NAM,2006,,75000000.0
NAM,2008,,25000000.0
NAM,2009,,15000000.0
NAM,2010,,3000000.0
NAM,2011,,1000000.0
NAM,2012,,57000000.0
NAM,2013,,9000000.0
NAM,2014,,2000000.0
NAM,2016,,3000000.0
NAM,2017,,35000000.0
NAM,2024,,54000000.0
NER,1960,,1000000.0
NER,1961,,1000000.0
NER,1964,,1000000.0
NER,1965,,1000000.0
NER,1969,,2000000.0
NER,1970,,1000000.0
NER,1971,,12000000.0
NER,1973,0.0,
NER,1974,,3000000.0
NER,1978,,2000000.0
NER,1979,,57000000.0
NER,1980,,8000000.0
NER,1982,,6000000.0
NER,1983,,25000000.0
NER,1984,,3000000.0
NER,1986,,3000000.0
NER,1991,,14000000.0
NER,1997,,3000000.0
NER,2003,,6000000.0
NER,2008,,8000000.0
NER,2009,,1000000.0
NER,2013,,12000000.0
NER,2014,,3000000.0
NER,2015,,10000000.0
NER,2016,,0.0
NER,2017,,3000000.0
NER,2018,,1000000.0
NER,2019,,5000000.0
NER,2020,,19000000.0
NER,2021,,16000000.0
NER,2022,,33000000.0
NER,2023,,15000000.0
NGA,1961,,1000000.0
NGA,1962,,8000000.0
NGA,1963,,9000000.0
NGA,1964,,2000000.0
NGA,1965,,56000000.0
NGA,1966,,159000000.0
NGA,1967,,47000000.0
NGA,1968,,50000000.0
NGA,1969,,39000000.0
NGA,1970,,14000000.0
NGA,1971,,12000000.0
NGA,1972,,113000000.0
NGA,1973,,7000000.0
NGA,1974,,24000000.0
NGA,1975,,424000000.0
NGA,1976,,104000000.0
NGA,1977,,90000000.0
NGA,1978,,142000000.0
NGA,1979,,108000000.0
NGA,1980,,474000000.0
NGA,1981,,331000000.0
NGA,1982,,642000000.0
NGA,1983,,41000000.0
NGA,1984,,359000000.0
NGA,1985,,569000000.0
NGA,1986,,211000000.0
NGA,1987,,115000000.0
NGA,1988,,62000000.0
NGA,1989,2000000.0,15000000.0
NGA,1990,3000000.0,18000000.0
NGA,1991,,4000000.0
NGA,1992,,59000000.0
NGA,1993,,41000000.0
NGA,1994,,95000000.0
NGA,1995,,2000000.0
NGA,1996,,15000000.0
NGA,1997,,1000000.0
NGA,2000,0.0,36000000.0
NGA,2001,,9000000.0
NGA,2002,,6000000.0
NGA,2003,,66000000.0
NGA,2004,,11000000.0
NGA,2006,,16000000.0
NGA,2007,,62000000.0
NGA,2008,,33000000.0
NGA,2009,,65000000.0
NGA,2010,,223000000.0
NGA,2011,,63000000.0
NGA,2012,,28000000.0
NGA,2013,,30000000.0
NGA,2014,,232000000.0
NGA,2015,,188000000.0
NGA,2016,,61000000.0
NGA,2017,,41000000.0
NGA,2018,,49000000.0
NGA,2019,,18000000.0
NGA,2020,,85000000.0
NGA,2021,2000000.0,283000000.0
NGA,2022,3000000.0,54000000.0
NGA,2023,,93000000.0
NGA,2024,,67000000.0
NIC,1960,,2000000.0
NIC,1961,,8000000.0
NIC,1962,,6000000.0
NIC,1963,,6000000.0
NIC,1964,,2000000.0
NIC,1965,,0.0
NIC,1966,,2000000.0
NIC,1971,,5000000.0
NIC,1972,,5000000.0
NIC,1973,,10000000.0
NIC,1976,,8000000.0
NIC,1977,,19000000.0
NIC,1978,,13000000.0
NIC,1981,,44000000.0
NIC,1982,,69000000.0
NIC,1983,,50000000.0
NIC,1984,,167000000.0
NIC,1985,,90000000.0
NIC,1986,,91000000.0
NIC,1987,,157000000.0
NIC,1988,,63000000.0
NIC,1989,2000000.0,14000000.0
NIC,1990,2000000.0,107000000.0
NIC,1991,,1000000.0
NIC,1992,74000000.0,
NIC,1993,18000000.0,
NIC,1995,6000000.0,
NIC,2007,,14000000.0
NIC,2009,,15000000.0
NIC,2014,,13000000.0
NIC,2015,,14000000.0
NIC,2016,,86000000.0
NIC,2017,,7000000.0
NIC,2019,,13000000.0
NLD,1960,32000000.0,302000000.0
NLD,1961,105000000.0,321000000.0
NLD,1962,62000000.0,382000000.0
NLD,1963,44000000.0,719000000.0
NLD,1964,91000000.0,907000000.0
NLD,1965,38000000.0,745000000.0
NLD,1966,139000000.0,199000000.0
NLD,1967,95000000.0,758000000.0
NLD,1968,350000000.0,286000000.0
NLD,1969,113000000.0,566000000.0
NLD,1970,5000000.0,699000000.0
NLD,1971,161000000.0,698000000.0
NLD,1972,133000000.0,662000000.0
NLD,1973,206000000.0,21000000.0
NLD,1974,83000000.0,40000000.0
NLD,1975,148000000.0,96000000.0
NLD,1976,293000000.0,285000000.0
NLD,1977,448000000.0,606000000.0
NLD,1978,235000000.0,717000000.0
NLD,1979,243000000.0,792000000.0
NLD,1980,612000000.0,645000000.0
NLD,1981,801000000.0,755000000.0
NLD,1982,661000000.0,1241000000.0
NLD,1983,457000000.0,1331000000.0
NLD,1984,364000000.0,1173000000.0
NLD,1985,180000000.0,892000000.0
NLD,1986,357000000.0,791000000.0
NLD,1987,506000000.0,614000000.0
NLD,1988,776000000.0,383000000.0
NLD,1989,558000000.0,694000000.0
NLD,1990,416000000.0,273000000.0
NLD,1991,455000000.0,322000000.0
NLD,1992,383000000.0,237000000.0
NLD,1993,458000000.0,140000000.0
NLD,1994,628000000.0,205000000.0
NLD,1995,458000000.0,84000000.0
NLD,1996,484000000.0,203000000.0
NLD,1997,619000000.0,126000000.0
NLD,1998,642000000.0,269000000.0
NLD,1999,355000000.0,278000000.0
NLD,2000,281000000.0,123000000.0
NLD,2001,199000000.0,164000000.0
NLD,2002,233000000.0,247000000.0
NLD,2003,331000000.0,128000000.0
NLD,2004,202000000.0,130000000.0
NLD,2005,496000000.0,86000000.0
NLD,2006,1147000000.0,304000000.0
NLD,2007,1219000000.0,221000000.0
NLD,2008,452000000.0,146000000.0
NLD,2009,504000000.0,262000000.0
NLD,2010,366000000.0,188000000.0
NLD,2011,541000000.0,126000000.0
NLD,2012,871000000.0,205000000.0
NLD,2013,384000000.0,505000000.0
NLD,2014,643000000.0,8000000.0
NLD,2015,469000000.0,58000000.0
NLD,2016,487000000.0,73000000.0
NLD,2017,1070000000.0,33000000.0
NLD,2018,468000000.0,140000000.0
NLD,2019,304000000.0,494000000.0
NLD,2020,462000000.0,575000000.0
NLD,2021,357000000.0,512000000.0
NLD,2022,324000000.0,733000000.0
NLD,2023,250000000.0,372000000.0
NLD,2024,392000000.0,360000000.0
NOR,1960,38000000.0,153000000.0
NOR,1961,,93000000.0
NOR,1962,37000000.0,60000000.0
NOR,1963,55000000.0,227000000.0
NOR,1964,139000000.0,260000000.0
NOR,1965,65000000.0,368000000.0
NOR,1966,80000000.0,759000000.0
NOR,1967,164000000.0,685000000.0
NOR,1968,77000000.0,289000000.0
NOR,1969,53000000.0,534000000.0
NOR,1970,,154000000.0
NOR,1971,4000000.0,86000000.0
NOR,1972,29000000.0,68000000.0
NOR,1973,10000000.0,63000000.0
NOR,1974,,55000000.0
NOR,1975,6000000.0,49000000.0
NOR,1976,6000000.0,35000000.0
NOR,1977,6000000.0,27000000.0
NOR,1978,87000000.0,24000000.0
NOR,1979,135000000.0,47000000.0
NOR,1980,121000000.0,254000000.0
NOR,1981,238000000.0,435000000.0
NOR,1982,49000000.0,457000000.0
NOR,1983,35000000.0,441000000.0
NOR,1984,,337000000.0
NOR,1985,42000000.0,122000000.0
NOR,1986,29000000.0,141000000.0
NOR,1987,54000000.0,192000000.0
NOR,1988,34000000.0,308000000.0
NOR,1989,127000000.0,600000000.0
NOR,1990,85000000.0,435000000.0
NOR,1991,166000000.0,321000000.0
NOR,1992,78000000.0,253000000.0
NOR,1993,37000000.0,180000000.0
NOR,1994,39000000.0,93000000.0
NOR,1995,15000000.0,77000000.0
NOR,1996,4000000.0,151000000.0
NOR,1997,10000000.0,158000000.0
NOR,1998,3000000.0,152000000.0
NOR,1999,3000000.0,150000000.0
NOR,2000,2000000.0,229000000.0
NOR,2001,31000000.0,99000000.0
NOR,2002,78000000.0,90000000.0
NOR,2003,91000000.0,9000000.0
NOR,2004,59000000.0,6000000.0
NOR,2005,6000000.0,14000000.0
NOR,2006,14000000.0,557000000.0
NOR,2007,3000000.0,596000000.0
NOR,2008,2000000.0,603000000.0
NOR,2009,31000000.0,571000000.0
NOR,2010,,150000000.0
NOR,2011,62000000.0,607000000.0
NOR,2012,52000000.0,147000000.0
NOR,2013,97000000.0,51000000.0
NOR,2014,87000000.0,16000000.0
NOR,2015,117000000.0,143000000.0
NOR,2016,85000000.0,142000000.0
NOR,2017,98000000.0,353000000.0
NOR,2018,71000000.0,520000000.0
NOR,2019,27000000.0,394000000.0
NOR,2020,60000000.0,435000000.0
NOR,2021,102000000.0,522000000.0
NOR,2022,31000000.0,700000000.0
NOR,2023,242000000.0,200000000.0
NOR,2024,710000000.0,349000000.0
NPL,1965,,2000000.0
NPL,1966,,0.0
NPL,1970,,8000000.0
NPL,1971,,8000000.0
NPL,1972,,3000000.0
NPL,1973,,5000000.0
NPL,1974,,2000000.0
NPL,1975,,15000000.0
NPL,1976,,6000000.0
NPL,1981,,1000000.0
NPL,1984,,3000000.0
NPL,1985,,3000000.0
NPL,1989,,1000000.0
NPL,1992,,5000000.0
NPL,1995,,1000000.0
NPL,2001,,12000000.0
NPL,2002,,10000000.0
NPL,2003,,10000000.0
NPL,2004,,36000000.0
NPL,2005,,7000000.0
NPL,2008,,1000000.0
NPL,2011,,3000000.0
NPL,2014,,5000000.0
NPL,2015,,15000000.0
NPL,2016,,9000000.0
NPL,2017,,1000000.0
NPL,2018,,7000000.0
NPL,2019,,37000000.0
NPL,2021,,0.0
NZL,1960,,119000000.0
NZL,1961,,111000000.0
NZL,1962,,8000000.0
NZL,1963,,5000000.0
NZL,1965,,10000000.0
NZL,1966,,406000000.0
NZL,1967,1000000.0,4000000.0
NZL,1968,1000000.0,56000000.0
NZL,1969,0.0,
NZL,1970,,168000000.0
NZL,1971,,133000000.0
NZL,1972,0.0,23000000.0
NZL,1973,2000000.0,23000000.0
NZL,1974,5000000.0,10000000.0
NZL,1975,3000000.0,51000000.0
NZL,1976,,7000000.0
NZL,1977,,34000000.0
NZL,1981,1000000.0,31000000.0
NZL,1982,2000000.0,62000000.0
NZL,1983,,100000000.0
NZL,1984,10000000.0,41000000.0
NZL,1985,7000000.0,8000000.0
NZL,1986,0.0,29000000.0
NZL,1987,,5000000.0
NZL,1988,,61000000.0
NZL,1989,,26000000.0
NZL,1990,,23000000.0
NZL,1991,34000000.0,42000000.0
NZL,1992,4000000.0,54000000.0
NZL,1993,,36000000.0
NZL,1994,3000000.0,16000000.0
NZL,1995,,7000000.0
NZL,1996,,7000000.0
NZL,1997,,309000000.0
NZL,1998,,15000000.0
NZL,1999,1000000.0,305000000.0
NZL,2000,1000000.0,
NZL,2001,,45000000.0
NZL,2002,1000000.0,17000000.0
NZL,2003,,154000000.0
NZL,2004,1000000.0,187000000.0
NZL,2005,0.0,
NZL,2006,,6000000.0
NZL,2007,,81000000.0
NZL,2008,,3000000.0
NZL,2009,,56000000.0
NZL,2010,,78000000.0
NZL,2011,,28000000.0
NZL,2012,75000000.0,30000000.0
NZL,2013,,26000000.0
NZL,2014,,84000000.0
NZL,2015,1000000.0,89000000.0
NZL,2016,6000000.0,
NZL,2018,7000000.0,6000000.0
NZL,2019,,3000000.0
NZL,2020,,146000000.0
NZL,2021,,36000000.0
NZL,2022,29000000.0,171000000.0
NZL,2023,20000000.0,405000000.0
NZL,2024,,200000000.0
OMN,1960,,1000000.0
OMN,1963,,1000000.0
OMN,1964,,1000000.0
OMN,1965,,1000000.0
OMN,1966,,2000000.0
OMN,1967,,7000000.0
OMN,1968,,5000000.0
OMN,1969,,36000000.0
OMN,1970,,26000000.0
OMN,1971,,62000000.0
OMN,1972,,11000000.0
OMN,1973,,71000000.0
OMN,1974,,67000000.0
OMN,1975,,181000000.0
OMN,1976,,150000000.0
OMN,1977,5000000.0,250000000.0
OMN,1978,,81000000.0
OMN,1979,,43000000.0
OMN,1980,,12000000.0
OMN,1981,,72000000.0
OMN,1982,,180000000.0
OMN,1983,,358000000.0
OMN,1984,,120000000.0
OMN,1985,,88000000.0
OMN,1986,5000000.0,49000000.0
OMN,1987,,40000000.0
OMN,1988,,19000000.0
OMN,1989,,117000000.0
OMN,1990,,60000000.0
OMN,1993,,55000000.0
OMN,1994,0.0,145000000.0
OMN,1995,,278000000.0
OMN,1996,,285000000.0
OMN,1997,,157000000.0
OMN,1998,,22000000.0
OMN,2000,,121000000.0
OMN,2001,,33000000.0
OMN,2002,,40000000.0
OMN,2003,,37000000.0
OMN,2004,,49000000.0
OMN,2005,1000000.0,178000000.0
OMN,2006,,296000000.0
OMN,2007,,12000000.0
OMN,2008,,72000000.0
OMN,2009,,95000000.0
OMN,2010,,31000000.0
OMN,2011,,21000000.0
OMN,2012,,127000000.0
OMN,2013,,492000000.0
OMN,2014,,719000000.0
OMN,2015,,152000000.0
OMN,2016,,422000000.0
OMN,2017,7000000.0,757000000.0
OMN,2018,,282000000.0
OMN,2019,,88000000.0
OMN,2020,,85000000.0
OMN,2021,,4000000.0
OMN,2022,,5000000.0
OMN,2023,,4000000.0
PAK,1960,,42000000.0
PAK,1961,,69000000.0
PAK,1962,,88000000.0
PAK,1963,,181000000.0
PAK,1964,,85000000.0
PAK,1965,,214000000.0
PAK,1966,,592000000.0
PAK,1967,6000000.0,151000000.0
PAK,1968,,415000000.0
PAK,1969,,557000000.0
PAK,1970,,422000000.0
PAK,1971,3000000.0,553000000.0
PAK,1972,,664000000.0
PAK,1973,,162000000.0
PAK,1974,,225000000.0
PAK,1975,,223000000.0
PAK,1976,,276000000.0
PAK,1977,,270000000.0
PAK,1978,,655000000.0
PAK,1979,,696000000.0
PAK,1980,15000000.0,900000000.0
PAK,1981,30000000.0,491000000.0
PAK,1982,30000000.0,544000000.0
PAK,1983,,784000000.0
PAK,1984,,863000000.0
PAK,1985,,751000000.0
PAK,1986,,280000000.0
PAK,1987,,617000000.0
PAK,1988,,412000000.0
PAK,1989,1000000.0,974000000.0
PAK,1990,82000000.0,635000000.0
PAK,1991,3000000.0,511000000.0
PAK,1992,,352000000.0
PAK,1993,,992000000.0
PAK,1994,2000000.0,862000000.0
PAK,1995,,368000000.0
PAK,1996,,506000000.0
PAK,1997,,691000000.0
PAK,1998,,699000000.0
PAK,1999,,867000000.0
PAK,2000,4000000.0,175000000.0
PAK,2001,,412000000.0
PAK,2002,9000000.0,566000000.0
PAK,2003,8000000.0,645000000.0
PAK,2004,9000000.0,471000000.0
PAK,2005,25000000.0,431000000.0
PAK,2006,4000000.0,324000000.0
PAK,2007,,694000000.0
PAK,2008,1000000.0,1073000000.0
PAK,2009,,1194000000.0
PAK,2010,,2226000000.0
PAK,2011,,1141000000.0
PAK,2012,,1020000000.0
PAK,2013,,1106000000.0
PAK,2014,,856000000.0
PAK,2015,,759000000.0
PAK,2016,1000000.0,853000000.0
PAK,2017,3000000.0,872000000.0
PAK,2018,3000000.0,894000000.0
PAK,2019,1000000.0,656000000.0
PAK,2020,,620000000.0
PAK,2021,53000000.0,978000000.0
PAK,2022,1000000.0,1540000000.0
PAK,2023,5000000.0,2393000000.0
PAK,2024,6000000.0,982000000.0
PAN,1964,,0.0
PAN,1968,,0.0
PAN,1969,,3000000.0
PAN,1970,,15000000.0
PAN,1971,,18000000.0
PAN,1972,,2000000.0
PAN,1973,,16000000.0
PAN,1975,,27000000.0
PAN,1976,,6000000.0
PAN,1977,,4000000.0
PAN,1978,,5000000.0
PAN,1979,2000000.0,
PAN,1980,,3000000.0
PAN,1981,,4000000.0
PAN,1982,,13000000.0
PAN,1983,,8000000.0
PAN,1984,,0.0
PAN,1985,,7000000.0
PAN,1988,,23000000.0
PAN,1989,,2000000.0
PAN,2019,1000000.0,
PER,1960,,191000000.0
PER,1961,,96000000.0
PER,1962,,14000000.0
PER,1963,,24000000.0
PER,1964,,18000000.0
PER,1965,,52000000.0
PER,1966,,65000000.0
PER,1967,,26000000.0
PER,1968,,188000000.0
PER,1969,,96000000.0
PER,1970,,35000000.0
PER,1971,,157000000.0
PER,1972,,198000000.0
PER,1973,,476000000.0
PER,1974,,561000000.0
PER,1975,,555000000.0
PER,1976,,373000000.0
PER,1977,,933000000.0
PER,1978,,748000000.0
PER,1979,,641000000.0
PER,1980,,697000000.0
PER,1981,,858000000.0
PER,1982,50000000.0,271000000.0
PER,1983,,320000000.0
PER,1984,,361000000.0
PER,1985,,215000000.0
PER,1986,,250000000.0
PER,1987,,611000000.0
PER,1988,,241000000.0
PER,1989,,10000000.0
PER,1990,,104000000.0
PER,1991,,108000000.0
PER,1992,,130000000.0
PER,1993,,43000000.0
PER,1994,,175000000.0
PER,1995,,47000000.0
PER,1996,,121000000.0
PER,1997,,373000000.0
PER,1998,,51000000.0
PER,1999,,94000000.0
PER,2000,,18000000.0
PER,2001,14000000.0,10000000.0
PER,2002,,16000000.0
PER,2003,,22000000.0
PER,2004,5000000.0,47000000.0
PER,2005,,368000000.0
PER,2006,,193000000.0
PER,2007,,172000000.0
PER,2009,,43000000.0
PER,2010,,46000000.0
PER,2011,,71000000.0
PER,2012,,5000000.0
PER,2013,,15000000.0
PER,2014,,153000000.0
PER,2015,,211000000.0
PER,2016,,168000000.0
PER,2017,,28000000.0
PER,2018,,103000000.0
PER,2019,,0.0
PER,2020,,28000000.0
PER,2021,,62000000.0
PER,2022,,38000000.0
PER,2023,,22000000.0
PER,2024,,4000000.0
PHL,1960,,50000000.0
PHL,1961,,44000000.0
PHL,1962,,11000000.0
PHL,1963,,4000000.0
PHL,1964,,2000000.0
PHL,1965,,102000000.0
PHL,1966,,86000000.0
PHL,1967,,43000000.0
PHL,1968,,16000000.0
PHL,1969,,26000000.0
PHL,1970,,9000000.0
PHL,1971,,90000000.0
PHL,1972,,52000000.0
PHL,1973,,106000000.0
PHL,1974,,60000000.0
PHL,1975,,133000000.0
PHL,1976,,256000000.0
PHL,1977,,198000000.0
PHL,1978,,143000000.0
PHL,1979,,92000000.0
PHL,1980,,75000000.0
PHL,1981,,39000000.0
PHL,1982,,17000000.0
PHL,1983,,117000000.0
PHL,1984,,39000000.0
PHL,1985,,23000000.0
PHL,1986,1000000.0,
PHL,1987,,26000000.0
PHL,1988,,12000000.0
PHL,1989,,19000000.0
PHL,1990,,33000000.0
PHL,1991,,34000000.0
PHL,1992,,43000000.0
PHL,1993,,62000000.0
PHL,1994,,72000000.0
PHL,1995,,28000000.0
PHL,1996,,41000000.0
PHL,1997,,70000000.0
PHL,1998,,64000000.0
PHL,2001,,10000000.0
PHL,2002,,5000000.0
PHL,2003,,10000000.0
PHL,2004,,34000000.0
PHL,2005,,12000000.0
PHL,2006,,23000000.0
PHL,2007,4000000.0,16000000.0
PHL,2008,,10000000.0
PHL,2009,,1000000.0
PHL,2010,,3000000.0
PHL,2011,,63000000.0
PHL,2012,,21000000.0
PHL,2013,,83000000.0
PHL,2014,,12000000.0
PHL,2015,,153000000.0
PHL,2016,,228000000.0
PHL,2017,,278000000.0
PHL,2018,,17000000.0
PHL,2019,,191000000.0
PHL,2020,,350000000.0
PHL,2021,,331000000.0
PHL,2022,,280000000.0
PHL,2023,,125000000.0
PHL,2024,,238000000.0
PLW,1990,,2000000.0
PLW,1996,,6000000.0
PLW,2020,,7000000.0
PNG,1975,,32000000.0
PNG,1977,,3000000.0
PNG,1978,,2000000.0
PNG,1981,,2000000.0
PNG,1982,,4000000.0
PNG,1984,,2000000.0
PNG,1986,,8000000.0
PNG,1987,,12000000.0
PNG,1988,,6000000.0
PNG,1989,,6000000.0
PNG,1990,,4000000.0
PNG,1991,,10000000.0
PNG,1992,,10000000.0
PNG,1994,,1000000.0
PNG,1996,,1000000.0
PNG,1997,,7000000.0
PNG,2014,,3000000.0
PNG,2017,,0.0
PNG,2018,,8000000.0
PNG,2021,,14000000.0
PNG,2023,,9000000.0
POL,1960,5000000.0,884000000.0
POL,1961,5000000.0,855000000.0
POL,1962,12000000.0,676000000.0
POL,1963,111000000.0,995000000.0
POL,1964,237000000.0,1548000000.0
POL,1965,234000000.0,1138000000.0
POL,1966,319000000.0,980000000.0
POL,1967,309000000.0,745000000.0
POL,1968,288000000.0,866000000.0
POL,1969,323000000.0,940000000.0
POL,1970,268000000.0,804000000.0
POL,1971,278000000.0,930000000.0
POL,1972,276000000.0,855000000.0
POL,1973,158000000.0,1045000000.0
POL,1974,249000000.0,1066000000.0
POL,1975,316000000.0,965000000.0
POL,1976,425000000.0,788000000.0
POL,1977,400000000.0,928000000.0
POL,1978,336000000.0,1116000000.0
POL,1979,247000000.0,1131000000.0
POL,1980,226000000.0,1094000000.0
POL,1981,365000000.0,811000000.0
POL,1982,230000000.0,729000000.0
POL,1983,134000000.0,533000000.0
POL,1984,91000000.0,466000000.0
POL,1985,131000000.0,925000000.0
POL,1986,265000000.0,1389000000.0
POL,1987,222000000.0,1036000000.0
POL,1988,232000000.0,903000000.0
POL,1989,20000000.0,501000000.0
POL,1990,112000000.0,228000000.0
POL,1991,62000000.0,76000000.0
POL,1992,57000000.0,100000000.0
POL,1993,,4000000.0
POL,1994,133000000.0,74000000.0
POL,1995,179000000.0,250000000.0
POL,1996,57000000.0,102000000.0
POL,1997,23000000.0,1000000.0
POL,1998,1000000.0,3000000.0
POL,1999,65000000.0,25000000.0
POL,2000,47000000.0,148000000.0
POL,2001,81000000.0,33000000.0
POL,2002,56000000.0,256000000.0
POL,2003,83000000.0,347000000.0
POL,2004,47000000.0,223000000.0
POL,2005,18000000.0,105000000.0
POL,2006,282000000.0,442000000.0
POL,2007,163000000.0,969000000.0
POL,2008,73000000.0,650000000.0
POL,2009,75000000.0,199000000.0
POL,2010,28000000.0,175000000.0
POL,2011,8000000.0,142000000.0
POL,2012,31000000.0,227000000.0
POL,2013,147000000.0,146000000.0
POL,2014,33000000.0,275000000.0
POL,2015,2000000.0,127000000.0
POL,2016,5000000.0,47000000.0
POL,2017,8000000.0,128000000.0
POL,2018,11000000.0,52000000.0
POL,2019,10000000.0,208000000.0
POL,2020,0.0,153000000.0
POL,2021,3000000.0,68000000.0
POL,2022,707000000.0,409000000.0
POL,2023,606000000.0,1334000000.0
POL,2024,116000000.0,1448000000.0
PRK,1960,,405000000.0
PRK,1961,,69000000.0
PRK,1962,,181000000.0
PRK,1963,,197000000.0
PRK,1964,,168000000.0
PRK,1965,,118000000.0
PRK,1966,,862000000.0
PRK,1967,,876000000.0
PRK,1968,,1323000000.0
PRK,1969,,624000000.0
PRK,1970,,649000000.0
PRK,1971,,1502000000.0
PRK,1972,,482000000.0
PRK,1973,,550000000.0
PRK,1974,8000000.0,808000000.0
PRK,1975,12000000.0,591000000.0
PRK,1976,,487000000.0
PRK,1977,,297000000.0
PRK,1978,,354000000.0
PRK,1979,20000000.0,313000000.0
PRK,1980,31000000.0,487000000.0
PRK,1981,6000000.0,347000000.0
PRK,1982,107000000.0,527000000.0
PRK,1983,210000000.0,339000000.0
PRK,1984,194000000.0,112000000.0
PRK,1985,176000000.0,963000000.0
PRK,1986,73000000.0,1075000000.0
PRK,1987,210000000.0,813000000.0
PRK,1988,179000000.0,818000000.0
PRK,1989,65000000.0,561000000.0
PRK,1990,6000000.0,340000000.0
PRK,1991,85000000.0,251000000.0
PRK,1992,98000000.0,183000000.0
PRK,1993,104000000.0,146000000.0
PRK,1994,21000000.0,79000000.0
PRK,1995,33000000.0,184000000.0
PRK,1996,35000000.0,118000000.0
PRK,1997,35000000.0,54000000.0
PRK,1998,59000000.0,54000000.0
PRK,1999,42000000.0,54000000.0
PRK,2000,40000000.0,63000000.0
PRK,2001,53000000.0,73000000.0
PRK,2002,150000000.0,54000000.0
PRK,2003,129000000.0,35000000.0
PRK,2004,42000000.0,8000000.0
PRK,2005,15000000.0,5000000.0
PRK,2006,15000000.0,5000000.0
PRK,2007,15000000.0,5000000.0
PRK,2008,15000000.0,5000000.0
PRK,2009,23000000.0,4000000.0
PRK,2010,7000000.0,1000000.0
PRK,2014,1000000.0,
PRK,2023,13000000.0,
PRK,2024,243000000.0,
PRT,1960,,31000000.0
PRT,1961,,157000000.0
PRT,1962,,28000000.0
PRT,1963,,41000000.0
PRT,1964,,45000000.0
PRT,1965,,63000000.0
PRT,1966,,241000000.0
PRT,1967,2000000.0,283000000.0
PRT,1968,,373000000.0
PRT,1969,,338000000.0
PRT,1970,,370000000.0
PRT,1971,3000000.0,266000000.0
PRT,1972,,16000000.0
PRT,1973,5000000.0,16000000.0
PRT,1974,11000000.0,117000000.0
PRT,1975,93000000.0,326000000.0
PRT,1976,21000000.0,64000000.0
PRT,1977,,94000000.0
PRT,1978,4000000.0,130000000.0
PRT,1979,4000000.0,5000000.0
PRT,1980,2000000.0,36000000.0
PRT,1981,,57000000.0
PRT,1982,,184000000.0
PRT,1983,1000000.0,12000000.0
PRT,1984,,109000000.0
PRT,1985,,154000000.0
PRT,1986,1000000.0,5000000.0
PRT,1987,1000000.0,9000000.0
PRT,1988,,90000000.0
PRT,1989,71000000.0,149000000.0
PRT,1990,,70000000.0
PRT,1991,,1012000000.0
PRT,1992,,19000000.0
PRT,1993,1000000.0,350000000.0
PRT,1994,,453000000.0
PRT,1995,,20000000.0
PRT,1996,,9000000.0
PRT,1997,,2000000.0
PRT,1998,,16000000.0
PRT,1999,,3000000.0
PRT,2000,,3000000.0
PRT,2001,,19000000.0
PRT,2003,,29000000.0
PRT,2004,,70000000.0
PRT,2005,,158000000.0
PRT,2006,,220000000.0
PRT,2007,,60000000.0
PRT,2008,99000000.0,145000000.0
PRT,2009,46000000.0,371000000.0
PRT,2010,,891000000.0
PRT,2011,0.0,170000000.0
PRT,2012,0.0,42000000.0
PRT,2013,,11000000.0
PRT,2014,18000000.0,3000000.0
PRT,2015,7000000.0,1000000.0
PRT,2016,172000000.0,21000000.0
PRT,2017,56000000.0,8000000.0
PRT,2018,3000000.0,19000000.0
PRT,2019,3000000.0,44000000.0
PRT,2020,46000000.0,45000000.0
PRT,2021,11000000.0,6000000.0
PRT,2022,2000000.0,
PRT,2023,8000000.0,67000000.0
PRT,2024,18000000.0,61000000.0
PRY,1960,,9000000.0
PRY,1962,,11000000.0
PRY,1963,,0.0
PRY,1964,,8000000.0
PRY,1965,,1000000.0
PRY,1966,,1000000.0
PRY,1967,,5000000.0
PRY,1968,,9000000.0
PRY,1970,,0.0
PRY,1971,,1000000.0
PRY,1972,,12000000.0
PRY,1973,,0.0
PRY,1974,,1000000.0
PRY,1975,,20000000.0
PRY,1976,,3000000.0
PRY,1978,,9000000.0
PRY,1979,,1000000.0
PRY,1980,,18000000.0
PRY,1981,,5000000.0
PRY,1982,,3000000.0
PRY,1983,,0.0
PRY,1984,,3000000.0
PRY,1985,,34000000.0
PRY,1986,,4000000.0
PRY,1988,,13000000.0
PRY,1990,,6000000.0
PRY,1991,,3000000.0
PRY,1992,,1000000.0
PRY,1996,,2000000.0
PRY,2001,,6000000.0
PRY,2004,,4000000.0
PRY,2005,,1000000.0
PRY,2010,,3000000.0
PRY,2011,,8000000.0
PRY,2012,,7000000.0
PRY,2013,,0.0
PRY,2019,,2000000.0
PRY,2021,,5000000.0
PSE,1994,,5000000.0
PSE,1995,,1000000.0
PSE,1996,,9000000.0
PSE,2007,,2000000.0
PSE,2009,,15000000.0
PSE,2010,,5000000.0
PSE,2016,,1000000.0
PSE,2019,,1000000.0
PSE,2023,,2000000.0
QAT,1968,,2000000.0
QAT,1969,,3000000.0
QAT,1970,,6000000.0
QAT,1971,,16000000.0
QAT,1975,,38000000.0
QAT,1976,,26000000.0
QAT,1977,,55000000.0
QAT,1978,,16000000.0
QAT,1979,,14000000.0
QAT,1980,,57000000.0
QAT,1981,,48000000.0
QAT,1982,,127000000.0
QAT,1983,,460000000.0
QAT,1984,,320000000.0
QAT,1985,,2000000.0
QAT,1986,,2000000.0
QAT,1987,,57000000.0
QAT,1988,,91000000.0
QAT,1989,,10000000.0
QAT,1990,,5000000.0
QAT,1991,,17000000.0
QAT,1992,,63000000.0
QAT,1993,40000000.0,10000000.0
QAT,1994,,9000000.0
QAT,1995,,10000000.0
QAT,1996,,204000000.0
QAT,1997,,238000000.0
QAT,1998,,302000000.0
QAT,1999,9000000.0,61000000.0
QAT,2000,,3000000.0
QAT,2006,2000000.0,
QAT,2007,,27000000.0
QAT,2009,,286000000.0
QAT,2010,,30000000.0
QAT,2011,0.0,190000000.0
QAT,2012,,335000000.0
QAT,2013,,82000000.0
QAT,2014,,55000000.0
QAT,2015,,490000000.0
QAT,2016,,596000000.0
QAT,2017,,291000000.0
QAT,2018,3000000.0,637000000.0
QAT,2019,11000000.0,2292000000.0
QAT,2020,,1175000000.0
QAT,2021,12000000.0,2082000000.0
QAT,2022,1000000.0,3373000000.0
QAT,2023,54000000.0,2000000000.0
QAT,2024,13000000.0,1152000000.0
ROU,1960,,116000000.0
ROU,1961,,30000000.0
ROU,1962,,179000000.0
ROU,1963,,230000000.0
ROU,1964,,421000000.0
ROU,1965,,520000000.0
ROU,1966,,401000000.0
ROU,1967,,442000000.0
ROU,1968,,591000000.0
ROU,1969,,399000000.0
ROU,1970,,561000000.0
ROU,1971,6000000.0,471000000.0
ROU,1972,9000000.0,497000000.0
ROU,1973,9000000.0,538000000.0
ROU,1974,1000000.0,673000000.0
ROU,1975,,636000000.0
ROU,1976,,294000000.0
ROU,1977,,348000000.0
ROU,1978,27000000.0,296000000.0
ROU,1979,44000000.0,642000000.0
ROU,1980,48000000.0,516000000.0
ROU,1981,30000000.0,470000000.0
ROU,1982,91000000.0,445000000.0
ROU,1983,101000000.0,284000000.0
ROU,1984,173000000.0,243000000.0
ROU,1985,99000000.0,330000000.0
ROU,1986,28000000.0,455000000.0
ROU,1987,35000000.0,214000000.0
ROU,1988,52000000.0,199000000.0
ROU,1989,25000000.0,297000000.0
ROU,1990,7000000.0,599000000.0
ROU,1991,6000000.0,65000000.0
ROU,1992,15000000.0,187000000.0
ROU,1993,16000000.0,14000000.0
ROU,1994,29000000.0,29000000.0
ROU,1995,11000000.0,2000000.0
ROU,1996,5000000.0,39000000.0
ROU,1997,13000000.0,61000000.0
ROU,1998,2000000.0,170000000.0
ROU,1999,19000000.0,142000000.0
ROU,2000,3000000.0,21000000.0
ROU,2001,,24000000.0
ROU,2002,,21000000.0
ROU,2003,24000000.0,17000000.0
ROU,2004,,285000000.0
ROU,2005,3000000.0,432000000.0
ROU,2006,8000000.0,64000000.0
ROU,2007,32000000.0,101000000.0
ROU,2008,,80000000.0
ROU,2009,2000000.0,59000000.0
ROU,2010,1000000.0,107000000.0
ROU,2011,0.0,80000000.0
ROU,2012,,21000000.0
ROU,2013,216000000.0,20000000.0
ROU,2014,,0.0
ROU,2015,,22000000.0
ROU,2016,,177000000.0
ROU,2017,,88000000.0
ROU,2018,,35000000.0
ROU,2019,,13000000.0
ROU,2020,,168000000.0
ROU,2021,,143000000.0
ROU,2022,1000000.0,186000000.0
ROU,2023,1000000.0,344000000.0
ROU,2024,118000000.0,278000000.0
RUS,1992,2643000000.0,40000000.0
RUS,1993,3489000000.0,
RUS,1994,1540000000.0,
RUS,1995,3859000000.0,
RUS,1996,3624000000.0,
RUS,1997,3451000000.0,
RUS,1998,2122000000.0,
RUS,1999,4392000000.0,
RUS,2000,4494000000.0,
RUS,2001,5403000000.0,
RUS,2002,5841000000.0,
RUS,2003,5256000000.0,
RUS,2004,6330000000.0,
RUS,2005,5176000000.0,
RUS,2006,5165000000.0,
RUS,2007,5560000000.0,90000000.0
RUS,2008,5954000000.0,
RUS,2009,5087000000.0,8000000.0
RUS,2010,6218000000.0,25000000.0
RUS,2011,8786000000.0,10000000.0
RUS,2012,8304000000.0,121000000.0
RUS,2013,7782000000.0,184000000.0
RUS,2014,5341000000.0,207000000.0
RUS,2015,5751000000.0,113000000.0
RUS,2016,6676000000.0,127000000.0
RUS,2017,6356000000.0,94000000.0
RUS,2018,6871000000.0,62000000.0
RUS,2019,5100000000.0,5000000.0
RUS,2020,3523000000.0,1000000.0
RUS,2021,2402000000.0,6000000.0
RUS,2022,2510000000.0,75000000.0
RUS,2023,1329000000.0,219000000.0
RUS,2024,1339000000.0,467000000.0
RWA,1962,,11000000.0
RWA,1964,,0.0
RWA,1965,,0.0
RWA,1971,,0.0
RWA,1972,,0.0
RWA,1973,,2000000.0
RWA,1974,,1000000.0
RWA,1975,,3000000.0
RWA,1977,,1000000.0
RWA,1983,,4000000.0
RWA,1984,,6000000.0
RWA,1985,,3000000.0
RWA,1986,,2000000.0
RWA,1988,,2000000.0
RWA,1989,,2000000.0
RWA,1990,,3000000.0
RWA,1991,,5000000.0
RWA,1992,,5000000.0
RWA,1996,,1000000.0
RWA,1997,,3000000.0
RWA,1998,,9000000.0
RWA,1999,,21000000.0
RWA,2000,,15000000.0
RWA,2006,,3000000.0
RWA,2007,,20000000.0
RWA,2008,,8000000.0
RWA,2009,,11000000.0
RWA,2012,,5000000.0
RWA,2013,,15000000.0
RWA,2014,,15000000.0
RWA,2015,,29000000.0
RWA,2017,,8000000.0
RWA,2018,,3000000.0
RWA,2019,,1000000.0
RWA,2021,,58000000.0
RWA,2022,,17000000.0
RWA,2023,,37000000.0
SAU,1960,,15000000.0
SAU,1961,,12000000.0
SAU,1962,,22000000.0
SAU,1964,,5000000.0
SAU,1965,,48000000.0
SAU,1966,,227000000.0
SAU,1967,4000000.0,221000000.0
SAU,1968,3000000.0,448000000.0
SAU,1969,,416000000.0
SAU,1970,,87000000.0
SAU,1971,,10000000.0
SAU,1972,2000000.0,120000000.0
SAU,1973,,192000000.0
SAU,1974,,536000000.0
SAU,1975,,392000000.0
SAU,1976,0.0,702000000.0
SAU,1977,13000000.0,1028000000.0
SAU,1978,,1023000000.0
SAU,1979,,767000000.0
SAU,1980,,1085000000.0
SAU,1981,33000000.0,1816000000.0
SAU,1982,,2223000000.0
SAU,1983,,1819000000.0
SAU,1984,6000000.0,824000000.0
SAU,1985,4000000.0,1314000000.0
SAU,1986,,2842000000.0
SAU,1987,,2010000000.0
SAU,1988,,784000000.0
SAU,1989,,1382000000.0
SAU,1990,,2039000000.0
SAU,1991,,1038000000.0
SAU,1992,,1149000000.0
SAU,1993,12000000.0,2354000000.0
SAU,1994,,981000000.0
SAU,1995,,984000000.0
SAU,1996,1000000.0,1727000000.0
SAU,1997,,2791000000.0
SAU,1998,,2886000000.0
SAU,1999,,1580000000.0
SAU,2000,,105000000.0
SAU,2001,,60000000.0
SAU,2002,,560000000.0
SAU,2003,,160000000.0
SAU,2004,,1159000000.0
SAU,2005,,166000000.0
SAU,2006,18000000.0,206000000.0
SAU,2007,,227000000.0
SAU,2008,,387000000.0
SAU,2009,,827000000.0
SAU,2010,1000000.0,1108000000.0
SAU,2011,62000000.0,1172000000.0
SAU,2012,,810000000.0
SAU,2013,,1631000000.0
SAU,2014,,2711000000.0
SAU,2015,3000000.0,3384000000.0
SAU,2016,5000000.0,2974000000.0
SAU,2017,,3968000000.0
SAU,2018,,3004000000.0
SAU,2019,,3070000000.0
SAU,2020,,2530000000.0
SAU,2021,,1690000000.0
SAU,2022,,3058000000.0
SAU,2023,3000000.0,1296000000.0
SAU,2024,,1111000000.0
SDN,1960,,9000000.0
SDN,1961,,15000000.0
SDN,1962,,19000000.0
SDN,1963,,8000000.0
SDN,1964,,36000000.0
SDN,1965,,5000000.0
SDN,1966,,10000000.0
SDN,1967,1000000.0,7000000.0
SDN,1968,,16000000.0
SDN,1969,,177000000.0
SDN,1970,,598000000.0
SDN,1971,,87000000.0
SDN,1972,,69000000.0
SDN,1973,,23000000.0
SDN,1974,,3000000.0
SDN,1977,,26000000.0
SDN,1978,,208000000.0
SDN,1979,,4000000.0
SDN,1980,,3000000.0
SDN,1981,,209000000.0
SDN,1982,,90000000.0
SDN,1983,,25000000.0
SDN,1984,,106000000.0
SDN,1985,,66000000.0
SDN,1986,4000000.0,9000000.0
SDN,1987,,122000000.0
SDN,1988,,77000000.0
SDN,1989,,16000000.0
SDN,1990,,4000000.0
SDN,1991,,46000000.0
SDN,1992,,6000000.0
SDN,1995,,3000000.0
SDN,1996,,27000000.0
SDN,1997,,63000000.0
SDN,1999,,36000000.0
SDN,2001,,106000000.0
SDN,2002,,50000000.0
SDN,2003,,205000000.0
SDN,2004,,294000000.0
SDN,2005,,113000000.0
SDN,2006,,112000000.0
SDN,2007,,43000000.0
SDN,2008,,105000000.0
SDN,2009,,88000000.0
SDN,2010,,184000000.0
SDN,2011,,176000000.0
SDN,2012,,118000000.0
SDN,2013,11000000.0,151000000.0
SDN,2014,,66000000.0
SDN,2015,,134000000.0
SDN,2016,,109000000.0
SDN,2017,,65000000.0
SDN,2018,,33000000.0
SDN,2019,,18000000.0
SDN,2022,,3000000.0
SDN,2023,,6000000.0
SDN,2024,,2000000.0
SEN,1960,,0.0
SEN,1961,,8000000.0
SEN,1963,,0.0
SEN,1964,,4000000.0
SEN,1965,,0.0
SEN,1966,,2000000.0
SEN,1968,,1000000.0
SEN,1969,,38000000.0
SEN,1971,,12000000.0
SEN,1973,,1000000.0
SEN,1974,,17000000.0
SEN,1976,3000000.0,15000000.0
SEN,1977,,41000000.0
SEN,1978,,20000000.0
SEN,1979,,29000000.0
SEN,1982,,7000000.0
SEN,1983,,38000000.0
SEN,1984,,4000000.0
SEN,1986,,14000000.0
SEN,1987,,18000000.0
SEN,1994,,1000000.0
SEN,1995,,6000000.0
SEN,2005,,16000000.0
SEN,2006,,15000000.0
SEN,2007,,12000000.0
SEN,2008,,6000000.0
SEN,2009,,6000000.0
SEN,2010,,4000000.0
SEN,2011,,16000000.0
SEN,2014,,9000000.0
SEN,2015,,24000000.0
SEN,2016,,40000000.0
SEN,2017,,48000000.0
SEN,2018,,15000000.0
SEN,2019,,40000000.0
SEN,2020,,22000000.0
SEN,2021,,21000000.0
SEN,2022,,28000000.0
SEN,2023,,172000000.0
SEN,2024,,77000000.0
SGP,1965,,1000000.0
SGP,1966,,8000000.0
SGP,1968,,6000000.0
SGP,1969,,138000000.0
SGP,1970,,92000000.0
SGP,1971,2000000.0,171000000.0
SGP,1972,,181000000.0
SGP,1973,,99000000.0
SGP,1974,,292000000.0
SGP,1975,17000000.0,253000000.0
SGP,1976,,252000000.0
SGP,1977,,171000000.0
SGP,1978,29000000.0,50000000.0
SGP,1979,72000000.0,338000000.0
SGP,1980,,410000000.0
SGP,1981,15000000.0,167000000.0
SGP,1982,,171000000.0
SGP,1983,25000000.0,240000000.0
SGP,1984,38000000.0,83000000.0
SGP,1985,26000000.0,123000000.0
SGP,1986,,84000000.0
SGP,1987,81000000.0,277000000.0
SGP,1988,25000000.0,542000000.0
SGP,1989,87000000.0,233000000.0
SGP,1990,44000000.0,513000000.0
SGP,1991,3000000.0,370000000.0
SGP,1992,3000000.0,111000000.0
SGP,1993,11000000.0,170000000.0
SGP,1994,30000000.0,179000000.0
SGP,1995,,302000000.0
SGP,1996,1000000.0,165000000.0
SGP,1997,46000000.0,619000000.0
SGP,1998,23000000.0,804000000.0
SGP,1999,11000000.0,308000000.0
SGP,2000,12000000.0,788000000.0
SGP,2001,,248000000.0
SGP,2002,4000000.0,234000000.0
SGP,2003,,85000000.0
SGP,2004,65000000.0,380000000.0
SGP,2005,,544000000.0
SGP,2006,,81000000.0
SGP,2007,,402000000.0
SGP,2008,,1115000000.0
SGP,2009,34000000.0,1415000000.0
SGP,2010,27000000.0,936000000.0
SGP,2011,16000000.0,876000000.0
SGP,2012,79000000.0,749000000.0
SGP,2013,7000000.0,756000000.0
SGP,2014,12000000.0,68000000.0
SGP,2015,80000000.0,153000000.0
SGP,2016,77000000.0,637000000.0
SGP,2017,,404000000.0
SGP,2018,,547000000.0
SGP,2019,,472000000.0
SGP,2020,24000000.0,160000000.0
SGP,2021,72000000.0,210000000.0
SGP,2022,36000000.0,499000000.0
SGP,2023,11000000.0,483000000.0
SGP,2024,,348000000.0
SLB,1988,,6000000.0
SLB,1991,,6000000.0
SLB,2019,,7000000.0
SLB,2021,,7000000.0
SLE,1973,,28000000.0
SLE,1976,,1000000.0
SLE,1978,,2000000.0
SLE,1980,,42000000.0
SLE,1983,,1000000.0
SLE,1984,,3000000.0
SLE,1987,,18000000.0
SLE,1992,,1000000.0
SLE,1994,,7000000.0
SLE,1995,,14000000.0
SLE,1997,,16000000.0
SLE,1999,,13000000.0
SLE,2006,,9000000.0
SLE,2011,,2000000.0
SLE,2012,,0.0
SLE,2013,,1000000.0
SLE,2015,,1000000.0
SLE,2016,,2000000.0
SLV,1963,,0.0
SLV,1965,,1000000.0
SLV,1966,,1000000.0
SLV,1967,,0.0
SLV,1968,,12000000.0
SLV,1969,,7000000.0
SLV,1970,,13000000.0
SLV,1971,,1000000.0
SLV,1973,,1000000.0
SLV,1974,,29000000.0
SLV,1975,,46000000.0
SLV,1976,,19000000.0
SLV,1977,,10000000.0
SLV,1978,,3000000.0
SLV,1979,,11000000.0
SLV,1980,,12000000.0
SLV,1981,,5000000.0
SLV,1982,,32000000.0
SLV,1983,,21000000.0
SLV,1984,,65000000.0
SLV,1985,,42000000.0
SLV,1986,,5000000.0
SLV,1991,1000000.0,21000000.0
SLV,1992,,4000000.0
SLV,1993,,2000000.0
SLV,1995,,4000000.0
SLV,1996,,4000000.0
SLV,1998,,2000000.0
SLV,2002,,19000000.0
SLV,2003,,10000000.0
SLV,2008,,3000000.0
SLV,2009,,2000000.0
SLV,2010,,2000000.0
SLV,2011,,2000000.0
SLV,2012,,4000000.0
SLV,2013,,1000000.0
SLV,2014,,21000000.0
SLV,2017,,1000000.0
SLV,2018,,1000000.0
SLV,2019,,2000000.0
SLV,2020,,4000000.0
SLV,2021,,4000000.0
SLV,2022,,7000000.0
SLV,2023,,5000000.0
SLV,2024,,0.0
SOM,1960,,11000000.0
SOM,1961,,2000000.0
SOM,1962,,0.0
SOM,1963,,11000000.0
SOM,1965,,31000000.0
SOM,1966,,53000000.0
SOM,1967,,72000000.0
SOM,1968,,4000000.0
SOM,1969,,1000000.0
SOM,1972,,24000000.0
SOM,1973,,165000000.0
SOM,1974,,283000000.0
SOM,1975,,128000000.0
SOM,1976,,185000000.0
SOM,1977,,44000000.0
SOM,1978,,57000000.0
SOM,1979,,48000000.0
SOM,1980,,122000000.0
SOM,1981,,97000000.0
SOM,1982,,61000000.0
SOM,1983,,23000000.0
SOM,1984,,15000000.0
SOM,1985,,42000000.0
SOM,1986,,15000000.0
SOM,1990,,16000000.0
SOM,1999,,1000000.0
SOM,2013,,3000000.0
SOM,2015,,1000000.0
SOM,2016,,2000000.0
SOM,2017,,2000000.0
SOM,2019,,8000000.0
SOM,2020,,2000000.0
SOM,2021,,2000000.0
SOM,2023,,4000000.0
SOM,2024,,4000000.0
SRB,1992,,4000000.0
SRB,1993,,2000000.0
SRB,1994,,2000000.0
SRB,1995,,8000000.0
SRB,1996,20000000.0,1000000.0
SRB,1997,5000000.0,14000000.0
SRB,1998,,7000000.0
SRB,1999,,1000000.0
SRB,2000,,1000000.0
SRB,2001,20000000.0,27000000.0
SRB,2006,5000000.0,
SRB,2007,5000000.0,
SRB,2008,45000000.0,1000000.0
SRB,2009,0.0,
SRB,2010,31000000.0,16000000.0
SRB,2011,4000000.0,
SRB,2012,15000000.0,0.0
SRB,2013,10000000.0,
SRB,2014,10000000.0,
SRB,2015,62000000.0,
SRB,2016,86000000.0,23000000.0
SRB,2017,11000000.0,65000000.0
SRB,2018,27000000.0,4000000.0
SRB,2019,26000000.0,84000000.0
SRB,2020,49000000.0,145000000.0
SRB,2021,3000000.0,115000000.0
SRB,2022,,164000000.0
SRB,2023,,419000000.0
SRB,2024,,153000000.0
SSD,2007,,37000000.0
SSD,2008,,44000000.0
SSD,2009,,1000000.0
SSD,2010,,2000000.0
SSD,2011,,65000000.0
SSD,2012,,2000000.0
SSD,2013,,10000000.0
SSD,2014,,36000000.0
SSD,2015,,19000000.0
SSD,2016,,8000000.0
SSD,2021,,8000000.0
SSD,2022,,10000000.0
SUR,1975,,0.0
SUR,1976,,5000000.0
SUR,1977,,10000000.0
SUR,1981,,0.0
SUR,1982,,2000000.0
SUR,1984,,8000000.0
SUR,1986,,5000000.0
SUR,1987,,2000000.0
SUR,1999,,23000000.0
SUR,2000,,2000000.0
SUR,2012,,0.0
SUR,2013,,7000000.0
SUR,2015,,3000000.0
SUR,2024,,12000000.0
SVK,1993,178000000.0,146000000.0
SVK,1994,40000000.0,29000000.0
SVK,1995,100000000.0,208000000.0
SVK,1996,62000000.0,29000000.0
SVK,1997,58000000.0,
SVK,1998,10000000.0,
SVK,1999,125000000.0,
SVK,2000,37000000.0,0.0
SVK,2001,54000000.0,
SVK,2002,33000000.0,29000000.0
SVK,2004,46000000.0,1000000.0
SVK,2005,,4000000.0
SVK,2006,3000000.0,
SVK,2007,21000000.0,0.0
SVK,2008,9000000.0,0.0
SVK,2009,,10000000.0
SVK,2010,,9000000.0
SVK,2012,5000000.0,2000000.0
SVK,2013,1000000.0,5000000.0
SVK,2014,8000000.0,
SVK,2015,3000000.0,
SVK,2016,20000000.0,
SVK,2017,22000000.0,47000000.0
SVK,2018,12000000.0,34000000.0
SVK,2019,8000000.0,15000000.0
SVK,2020,11000000.0,25000000.0
SVK,2021,,1000000.0
SVK,2022,71000000.0,3000000.0
SVK,2023,154000000.0,30000000.0
SVK,2024,,298000000.0
SVN,1991,,2000000.0
SVN,1992,,10000000.0
SVN,1993,,22000000.0
SVN,1994,,11000000.0
SVN,1995,,20000000.0
SVN,1996,,31000000.0
SVN,1997,,9000000.0
SVN,1998,,5000000.0
SVN,1999,,21000000.0
SVN,2000,,2000000.0
SVN,2001,,41000000.0
SVN,2002,,2000000.0
SVN,2003,,17000000.0
SVN,2004,,17000000.0
SVN,2005,,3000000.0
SVN,2006,,3000000.0
SVN,2007,,2000000.0
SVN,2009,,10000000.0
SVN,2010,,40000000.0
SVN,2011,,27000000.0
SVN,2014,,1000000.0
SVN,2016,10000000.0,
SVN,2021,,7000000.0
SVN,2022,38000000.0,
SVN,2023,2000000.0,26000000.0
SVN,2024,3000000.0,19000000.0
SWE,1960,38000000.0,227000000.0
SWE,1961,46000000.0,165000000.0
SWE,1962,44000000.0,130000000.0
SWE,1963,13000000.0,320000000.0
SWE,1964,22000000.0,403000000.0
SWE,1965,32000000.0,323000000.0
SWE,1966,56000000.0,299000000.0
SWE,1967,55000000.0,339000000.0
SWE,1968,60000000.0,222000000.0
SWE,1969,36000000.0,157000000.0
SWE,1970,158000000.0,122000000.0
SWE,1971,547000000.0,122000000.0
SWE,1972,163000000.0,171000000.0
SWE,1973,15000000.0,231000000.0
SWE,1974,75000000.0,256000000.0
SWE,1975,69000000.0,292000000.0
SWE,1976,101000000.0,214000000.0
SWE,1977,75000000.0,114000000.0
SWE,1978,55000000.0,229000000.0
SWE,1979,261000000.0,245000000.0
SWE,1980,157000000.0,243000000.0
SWE,1981,127000000.0,435000000.0
SWE,1982,120000000.0,153000000.0
SWE,1983,118000000.0,174000000.0
SWE,1984,227000000.0,106000000.0
SWE,1985,215000000.0,84000000.0
SWE,1986,320000000.0,119000000.0
SWE,1987,230000000.0,125000000.0
SWE,1988,512000000.0,152000000.0
SWE,1989,401000000.0,127000000.0
SWE,1990,224000000.0,94000000.0
SWE,1991,155000000.0,55000000.0
SWE,1992,147000000.0,60000000.0
SWE,1993,103000000.0,46000000.0
SWE,1994,111000000.0,307000000.0
SWE,1995,226000000.0,106000000.0
SWE,1996,348000000.0,98000000.0
SWE,1997,104000000.0,196000000.0
SWE,1998,337000000.0,294000000.0
SWE,1999,387000000.0,224000000.0
SWE,2000,375000000.0,206000000.0
SWE,2001,897000000.0,165000000.0
SWE,2002,172000000.0,74000000.0
SWE,2003,516000000.0,66000000.0
SWE,2004,305000000.0,47000000.0
SWE,2005,539000000.0,78000000.0
SWE,2006,387000000.0,121000000.0
SWE,2007,334000000.0,51000000.0
SWE,2008,464000000.0,52000000.0
SWE,2009,394000000.0,15000000.0
SWE,2010,619000000.0,
SWE,2011,665000000.0,185000000.0
SWE,2012,442000000.0,202000000.0
SWE,2013,386000000.0,54000000.0
SWE,2014,343000000.0,43000000.0
SWE,2015,181000000.0,24000000.0
SWE,2016,255000000.0,70000000.0
SWE,2017,79000000.0,32000000.0
SWE,2018,139000000.0,7000000.0
SWE,2019,125000000.0,7000000.0
SWE,2020,266000000.0,3000000.0
SWE,2021,239000000.0,122000000.0
SWE,2022,83000000.0,318000000.0
SWE,2023,375000000.0,98000000.0
SWE,2024,381000000.0,66000000.0
SWZ,1979,,6000000.0
SWZ,2000,,1000000.0
SWZ,2001,,1000000.0
SWZ,2020,,2000000.0
SYC,1977,,1000000.0
SYC,1979,,19000000.0
SYC,1980,,6000000.0
SYC,1982,,3000000.0
SYC,1983,,15000000.0
SYC,1986,,10000000.0
SYC,1988,,1000000.0
SYC,1990,,0.0
SYC,1995,1000000.0,
SYC,2005,,15000000.0
SYC,2011,,8000000.0
SYC,2013,,10000000.0
SYC,2014,,16000000.0
SYC,2016,,8000000.0
SYC,2018,,10000000.0
SYC,2021,,19000000.0
SYR,1960,,38000000.0
SYR,1961,,27000000.0
SYR,1962,,35000000.0
SYR,1963,,89000000.0
SYR,1964,,65000000.0
SYR,1965,,100000000.0
SYR,1966,,525000000.0
SYR,1967,,905000000.0
SYR,1968,,829000000.0
SYR,1969,,875000000.0
SYR,1970,17000000.0,870000000.0
SYR,1971,,735000000.0
SYR,1972,,1517000000.0
SYR,1973,,3282000000.0
SYR,1974,2000000.0,3410000000.0
SYR,1975,2000000.0,1411000000.0
SYR,1976,,527000000.0
SYR,1977,0.0,931000000.0
SYR,1978,,871000000.0
SYR,1979,,2045000000.0
SYR,1980,,1867000000.0
SYR,1981,,1349000000.0
SYR,1982,178000000.0,1989000000.0
SYR,1983,46000000.0,2241000000.0
SYR,1984,1000000.0,1817000000.0
SYR,1985,32000000.0,1581000000.0
SYR,1986,31000000.0,1267000000.0
SYR,1987,,1409000000.0
SYR,1988,15000000.0,1312000000.0
SYR,1989,,663000000.0
SYR,1990,,739000000.0
SYR,1991,,315000000.0
SYR,1992,40000000.0,277000000.0
SYR,1993,40000000.0,166000000.0
SYR,1994,,14000000.0
SYR,1995,,25000000.0
SYR,1996,0.0,25000000.0
SYR,1997,0.0,25000000.0
SYR,1998,,45000000.0
SYR,1999,,48000000.0
SYR,2000,,49000000.0
SYR,2001,,23000000.0
SYR,2002,,40000000.0
SYR,2003,,64000000.0
SYR,2004,,20000000.0
SYR,2005,,30000000.0
SYR,2006,3000000.0,95000000.0
SYR,2007,,15000000.0
SYR,2008,,326000000.0
SYR,2009,33000000.0,253000000.0
SYR,2010,30000000.0,420000000.0
SYR,2011,,485000000.0
SYR,2012,,529000000.0
SYR,2013,,496000000.0
SYR,2014,,7000000.0
SYR,2015,,16000000.0
SYR,2016,,18000000.0
SYR,2017,,52000000.0
SYR,2018,,199000000.0
SYR,2019,,104000000.0
SYR,2020,,80000000.0
SYR,2021,,7000000.0
TCD,1960,,1000000.0
TCD,1961,,1000000.0
TCD,1965,,0.0
TCD,1971,,4000000.0
TCD,1973,,3000000.0
TCD,1974,,13000000.0
TCD,1975,,10000000.0
TCD,1976,,8000000.0
TCD,1977,,3000000.0
TCD,1980,,10000000.0
TCD,1983,,37000000.0
TCD,1984,,9000000.0
TCD,1985,,1000000.0
TCD,1986,,29000000.0
TCD,1987,20000000.0,28000000.0
TCD,1988,,9000000.0
TCD,1989,,56000000.0
TCD,1994,,3000000.0
TCD,1995,,1000000.0
TCD,1998,,7000000.0
TCD,1999,,7000000.0
TCD,2001,,16000000.0
TCD,2006,,18000000.0
TCD,2007,,30000000.0
TCD,2008,,83000000.0
TCD,2009,,36000000.0
TCD,2010,,42000000.0
TCD,2011,,1000000.0
TCD,2012,,4000000.0
TCD,2013,,59000000.0
TCD,2014,,58000000.0
TCD,2015,,1000000.0
TCD,2016,,2000000.0
TCD,2017,,6000000.0
TCD,2018,,7000000.0
TCD,2019,,1000000.0
TCD,2020,,4000000.0
TCD,2021,,43000000.0
TCD,2022,,5000000.0
TCD,2023,,32000000.0
TCD,2024,,4000000.0
TGO,1960,,1000000.0
TGO,1964,,0.0
TGO,1965,,0.0
TGO,1968,,1000000.0
TGO,1969,,1000000.0
TGO,1970,,2000000.0
TGO,1971,,1000000.0
TGO,1973,,4000000.0
TGO,1975,,15000000.0
TGO,1976,,47000000.0
TGO,1977,,1000000.0
TGO,1978,,9000000.0
TGO,1979,,9000000.0
TGO,1980,,28000000.0
TGO,1981,,19000000.0
TGO,1982,,4000000.0
TGO,1983,,2000000.0
TGO,1986,,16000000.0
TGO,1987,,0.0
TGO,1988,,0.0
TGO,1991,,9000000.0
TGO,1992,,8000000.0
TGO,1994,,3000000.0
TGO,1995,,3000000.0
TGO,1997,,10000000.0
TGO,2010,,1000000.0
TGO,2014,,15000000.0
TGO,2019,,6000000.0
TGO,2020,,5000000.0
TGO,2021,,10000000.0
TGO,2022,,59000000.0
TGO,2023,,2000000.0
THA,1960,,28000000.0
THA,1961,,52000000.0
THA,1962,,108000000.0
THA,1963,,106000000.0
THA,1964,,93000000.0
THA,1965,,87000000.0
THA,1966,,58000000.0
THA,1967,,140000000.0
THA,1968,,88000000.0
THA,1969,,124000000.0
THA,1970,,250000000.0
THA,1971,,243000000.0
THA,1972,,147000000.0
THA,1973,,319000000.0
THA,1974,,114000000.0
THA,1975,,90000000.0
THA,1976,,154000000.0
THA,1977,,111000000.0
THA,1978,,199000000.0
THA,1979,,314000000.0
THA,1980,,330000000.0
THA,1981,,350000000.0
THA,1982,,82000000.0
THA,1983,,254000000.0
THA,1984,,350000000.0
THA,1985,,185000000.0
THA,1986,,162000000.0
THA,1987,,539000000.0
THA,1988,,623000000.0
THA,1989,,289000000.0
THA,1990,,235000000.0
THA,1991,,575000000.0
THA,1992,,429000000.0
THA,1993,,182000000.0
THA,1994,,608000000.0
THA,1995,,530000000.0
THA,1996,,741000000.0
THA,1997,,910000000.0
THA,1998,,62000000.0
THA,1999,,160000000.0
THA,2000,,80000000.0
THA,2001,,116000000.0
THA,2002,,152000000.0
THA,2003,7000000.0,131000000.0
THA,2004,7000000.0,138000000.0
THA,2005,,115000000.0
THA,2006,79000000.0,99000000.0
THA,2007,,8000000.0
THA,2008,,16000000.0
THA,2009,,63000000.0
THA,2010,,60000000.0
THA,2011,,251000000.0
THA,2012,,276000000.0
THA,2013,,377000000.0
THA,2014,,105000000.0
THA,2015,,183000000.0
THA,2016,2000000.0,342000000.0
THA,2017,2000000.0,321000000.0
THA,2018,,636000000.0
THA,2019,1000000.0,294000000.0
THA,2020,,141000000.0
THA,2021,3000000.0,151000000.0
THA,2022,,251000000.0
THA,2023,,291000000.0
THA,2024,5000000.0,73000000.0
TJK,1994,,29000000.0
TJK,2006,,13000000.0
TJK,2007,,7000000.0
TJK,2009,,34000000.0
TJK,2013,,4000000.0
TJK,2016,,7000000.0
TJK,2017,,19000000.0
TJK,2018,,4000000.0
TJK,2019,,5000000.0
TJK,2022,,3000000.0
TKM,2003,,18000000.0
TKM,2004,,21000000.0
TKM,2008,,7000000.0
TKM,2009,,36000000.0
TKM,2010,,28000000.0
TKM,2011,,237000000.0
TKM,2012,,112000000.0
TKM,2013,,69000000.0
TKM,2014,,72000000.0
TKM,2015,,169000000.0
TKM,2016,,433000000.0
TKM,2017,,108000000.0
TKM,2021,,382000000.0
TLS,2010,,18000000.0
TLS,2011,,14000000.0
TON,1986,,0.0
TON,1989,,6000000.0
TON,1990,,6000000.0
TON,1991,,6000000.0
TON,1996,,0.0
TON,2015,,5000000.0
TON,2019,,7000000.0
TON,2020,,7000000.0
TTO,1965,,11000000.0
TTO,1966,,0.0
TTO,1972,,11000000.0
TTO,1973,,2000000.0
TTO,1980,,22000000.0
TTO,1981,,6000000.0
TTO,1987,,0.0
TTO,2000,,11000000.0
TTO,2001,,0.0
TTO,2002,,2000000.0
TTO,2007,,6000000.0
TTO,2010,,24000000.0
TTO,2011,,12000000.0
TTO,2012,,12000000.0
TTO,2015,,46000000.0
TTO,2016,,30000000.0
TTO,2021,,32000000.0
TUN,1960,,44000000.0
TUN,1961,,6000000.0
TUN,1963,,7000000.0
TUN,1964,,4000000.0
TUN,1965,,40000000.0
TUN,1967,,5000000.0
TUN,1968,,17000000.0
TUN,1969,,23000000.0
TUN,1970,,49000000.0
TUN,1971,,0.0
TUN,1972,,4000000.0
TUN,1973,,26000000.0
TUN,1974,,14000000.0
TUN,1975,,14000000.0
TUN,1976,,10000000.0
TUN,1977,,73000000.0
TUN,1978,,14000000.0
TUN,1979,,122000000.0
TUN,1980,,103000000.0
TUN,1981,,56000000.0
TUN,1982,,60000000.0
TUN,1983,,103000000.0
TUN,1984,,116000000.0
TUN,1985,,314000000.0
TUN,1987,,56000000.0
TUN,1988,,17000000.0
TUN,1989,,48000000.0
TUN,1990,,4000000.0
TUN,1991,,20000000.0
TUN,1992,,32000000.0
TUN,1994,,35000000.0
TUN,1995,,56000000.0
TUN,1996,,68000000.0
TUN,1997,,41000000.0
TUN,1998,,18000000.0
TUN,1999,,12000000.0
TUN,2002,,44000000.0
TUN,2003,,1000000.0
TUN,2005,,168000000.0
TUN,2006,,2000000.0
TUN,2008,,3000000.0
TUN,2010,,7000000.0
TUN,2011,,7000000.0
TUN,2013,,40000000.0
TUN,2014,,49000000.0
TUN,2015,,7000000.0
TUN,2016,,39000000.0
TUN,2017,,98000000.0
TUN,2018,,181000000.0
TUN,2019,,15000000.0
TUN,2020,,16000000.0
TUN,2021,,19000000.0
TUN,2022,,33000000.0
TUN,2023,,33000000.0
TUN,2024,,78000000.0
TUR,1960,,593000000.0
TUR,1961,,312000000.0
TUR,1962,,266000000.0
TUR,1963,,586000000.0
TUR,1964,,839000000.0
TUR,1965,,603000000.0
TUR,1966,,525000000.0
TUR,1967,,593000000.0
TUR,1968,,426000000.0
TUR,1969,,645000000.0
TUR,1970,,397000000.0
TUR,1971,,941000000.0
TUR,1972,,1094000000.0
TUR,1973,,790000000.0
TUR,1974,,1281000000.0
TUR,1975,,640000000.0
TUR,1976,,358000000.0
TUR,1977,,293000000.0
TUR,1978,,984000000.0
TUR,1979,,917000000.0
TUR,1980,23000000.0,487000000.0
TUR,1981,11000000.0,731000000.0
TUR,1982,,483000000.0
TUR,1983,,477000000.0
TUR,1984,,549000000.0
TUR,1985,,678000000.0
TUR,1986,,472000000.0
TUR,1987,,1429000000.0
TUR,1988,,1628000000.0
TUR,1989,,1017000000.0
TUR,1990,,1241000000.0
TUR,1991,,1270000000.0
TUR,1992,,1879000000.0
TUR,1993,,2329000000.0
TUR,1994,,1891000000.0
TUR,1995,3000000.0,1567000000.0
TUR,1996,3000000.0,1491000000.0
TUR,1997,0.0,1512000000.0
TUR,1998,3000000.0,2627000000.0
TUR,1999,44000000.0,1734000000.0
TUR,2000,20000000.0,1182000000.0
TUR,2001,5000000.0,505000000.0
TUR,2002,27000000.0,882000000.0
TUR,2003,43000000.0,331000000.0
TUR,2004,28000000.0,257000000.0
TUR,2005,25000000.0,1080000000.0
TUR,2006,67000000.0,529000000.0
TUR,2007,85000000.0,701000000.0
TUR,2008,120000000.0,649000000.0
TUR,2009,76000000.0,731000000.0
TUR,2010,70000000.0,467000000.0
TUR,2011,90000000.0,754000000.0
TUR,2012,144000000.0,1481000000.0
TUR,2013,139000000.0,769000000.0
TUR,2014,157000000.0,1525000000.0
TUR,2015,225000000.0,443000000.0
TUR,2016,243000000.0,326000000.0
TUR,2017,177000000.0,427000000.0
TUR,2018,248000000.0,486000000.0
TUR,2019,274000000.0,767000000.0
TUR,2020,265000000.0,107000000.0
TUR,2021,482000000.0,282000000.0
TUR,2022,589000000.0,186000000.0
TUR,2023,699000000.0,679000000.0
TUR,2024,332000000.0,381000000.0
TUV,1994,,6000000.0
TUV,2019,,7000000.0
TZA,1964,,4000000.0
TZA,1965,,4000000.0
TZA,1966,,22000000.0
TZA,1967,,1000000.0
TZA,1970,,11000000.0
TZA,1971,,60000000.0
TZA,1972,,51000000.0
TZA,1973,,121000000.0
TZA,1974,,185000000.0
TZA,1975,,48000000.0
TZA,1977,,47000000.0
TZA,1978,,67000000.0
TZA,1979,,260000000.0
TZA,1980,,53000000.0
TZA,1981,,121000000.0
TZA,1982,,9000000.0
TZA,1986,,1000000.0
TZA,1989,,5000000.0
TZA,1992,,18000000.0
TZA,1994,,5000000.0
TZA,1996,,4000000.0
TZA,2000,,2000000.0
TZA,2002,,1000000.0
TZA,2003,,51000000.0
TZA,2005,,10000000.0
TZA,2006,,12000000.0
TZA,2007,,1000000.0
TZA,2009,,29000000.0
TZA,2011,,78000000.0
TZA,2012,,115000000.0
TZA,2013,,118000000.0
TZA,2014,,14000000.0
TZA,2015,,20000000.0
TZA,2016,,20000000.0
TZA,2017,,2000000.0
TZA,2018,,17000000.0
TZA,2020,,8000000.0
TZA,2021,,52000000.0
UGA,1964,,3000000.0
UGA,1965,,1000000.0
UGA,1966,,16000000.0
UGA,1967,,4000000.0
UGA,1968,0.0,27000000.0
UGA,1969,,16000000.0
UGA,1970,,3000000.0
UGA,1971,,3000000.0
UGA,1972,,20000000.0
UGA,1973,,17000000.0
UGA,1974,,46000000.0
UGA,1975,,123000000.0
UGA,1976,,34000000.0
UGA,1977,,7000000.0
UGA,1982,,14000000.0
UGA,1985,,10000000.0
UGA,1987,,32000000.0
UGA,1988,,1000000.0
UGA,1989,,20000000.0
UGA,1995,,32000000.0
UGA,1998,,55000000.0
UGA,1999,,39000000.0
UGA,2000,,6000000.0
UGA,2002,,33000000.0
UGA,2004,,36000000.0
UGA,2005,,10000000.0
UGA,2006,,5000000.0
UGA,2007,,0.0
UGA,2008,,14000000.0
UGA,2009,,28000000.0
UGA,2010,,37000000.0
UGA,2011,,468000000.0
UGA,2012,,213000000.0
UGA,2013,,20000000.0
UGA,2014,,2000000.0
UGA,2015,,7000000.0
UGA,2016,4000000.0,1000000.0
UGA,2017,,22000000.0
UGA,2018,,10000000.0
UGA,2019,,23000000.0
UGA,2020,,76000000.0
UGA,2021,,8000000.0
UGA,2022,,65000000.0
UGA,2023,,16000000.0
UKR,1992,165000000.0,
UKR,1993,82000000.0,
UKR,1994,237000000.0,
UKR,1995,166000000.0,
UKR,1996,232000000.0,
UKR,1997,556000000.0,
UKR,1998,706000000.0,
UKR,1999,736000000.0,
UKR,2000,275000000.0,
UKR,2001,536000000.0,
UKR,2002,310000000.0,
UKR,2003,313000000.0,
UKR,2004,196000000.0,
UKR,2005,294000000.0,
UKR,2006,532000000.0,
UKR,2007,640000000.0,
UKR,2008,397000000.0,
UKR,2009,444000000.0,
UKR,2010,518000000.0,
UKR,2011,569000000.0,
UKR,2012,1495000000.0,
UKR,2013,687000000.0,
UKR,2014,632000000.0,1000000.0
UKR,2015,303000000.0,22000000.0
UKR,2016,461000000.0,5000000.0
UKR,2017,384000000.0,4000000.0
UKR,2018,318000000.0,67000000.0
UKR,2019,168000000.0,31000000.0
UKR,2020,122000000.0,18000000.0
UKR,2021,181000000.0,44000000.0
UKR,2022,102000000.0,2930000000.0
UKR,2023,29000000.0,4291000000.0
UKR,2024,23000000.0,5230000000.0
URY,1960,6000000.0,17000000.0
URY,1961,,0.0
URY,1962,,100000000.0
URY,1963,,0.0
URY,1964,,2000000.0
URY,1965,,8000000.0
URY,1966,,6000000.0
URY,1968,,10000000.0
URY,1969,,12000000.0
URY,1970,,10000000.0
URY,1971,,16000000.0
URY,1972,,24000000.0
URY,1973,,6000000.0
URY,1974,,5000000.0
URY,1975,,13000000.0
URY,1976,,53000000.0
URY,1977,,2000000.0
URY,1978,,8000000.0
URY,1979,,9000000.0
URY,1980,,21000000.0
URY,1981,,100000000.0
URY,1982,,15000000.0
URY,1983,,17000000.0
URY,1985,,12000000.0
URY,1988,,16000000.0
URY,1989,,41000000.0
URY,1990,,39000000.0
URY,1991,,63000000.0
URY,1992,,25000000.0
URY,1993,,18000000.0
URY,1994,,11000000.0
URY,1995,,12000000.0
URY,1996,,4000000.0
URY,1997,,19000000.0
URY,1998,,27000000.0
URY,1999,,9000000.0
URY,2000,1000000.0,4000000.0
URY,2002,,13000000.0
URY,2005,,20000000.0
URY,2006,,8000000.0
URY,2007,,3000000.0
URY,2008,,78000000.0
URY,2009,,29000000.0
URY,2010,,20000000.0
URY,2013,,3000000.0
URY,2014,,9000000.0
URY,2015,,13000000.0
URY,2018,,10000000.0
URY,2020,,25000000.0
URY,2021,,3000000.0
URY,2022,,7000000.0
URY,2024,,10000000.0
USA,1960,6120000000.0,181000000.0
USA,1961,6306000000.0,198000000.0
USA,1962,6179000000.0,236000000.0
USA,1963,9409000000.0,283000000.0
USA,1964,12314000000.0,358000000.0
USA,1965,11487000000.0,170000000.0
USA,1966,8651000000.0,89000000.0
USA,1967,7275000000.0,88000000.0
USA,1968,8570000000.0,62000000.0
USA,1969,12070000000.0,50000000.0
USA,1970,8885000000.0,38000000.0
USA,1971,11772000000.0,578000000.0
USA,1972,10664000000.0,769000000.0
USA,1973,11960000000.0,656000000.0
USA,1974,12768000000.0,586000000.0
USA,1975,15277000000.0,388000000.0
USA,1976,15648000000.0,499000000.0
USA,1977,14363000000.0,384000000.0
USA,1978,13639000000.0,369000000.0
USA,1979,9797000000.0,253000000.0
USA,1980,10684000000.0,380000000.0
USA,1981,13592000000.0,531000000.0
USA,1982,13979000000.0,248000000.0
USA,1983,13883000000.0,463000000.0
USA,1984,11875000000.0,381000000.0
USA,1985,10769000000.0,654000000.0
USA,1986,11613000000.0,420000000.0
USA,1987,12161000000.0,1993000000.0
USA,1988,11990000000.0,1788000000.0
USA,1989,11316000000.0,1783000000.0
USA,1990,10643000000.0,363000000.0
USA,1991,12483000000.0,515000000.0
USA,1992,14087000000.0,540000000.0
USA,1993,13766000000.0,968000000.0
USA,1994,11492000000.0,951000000.0
USA,1995,11219000000.0,809000000.0
USA,1996,10834000000.0,601000000.0
USA,1997,14513000000.0,610000000.0
USA,1998,15813000000.0,261000000.0
USA,1999,11529000000.0,220000000.0
USA,2000,7677000000.0,333000000.0
USA,2001,5597000000.0,508000000.0
USA,2002,4888000000.0,515000000.0
USA,2003,5647000000.0,630000000.0
USA,2004,6930000000.0,596000000.0
USA,2005,6718000000.0,582000000.0
USA,2006,7509000000.0,706000000.0
USA,2007,7910000000.0,842000000.0
USA,2008,7149000000.0,936000000.0
USA,2009,7197000000.0,939000000.0
USA,2010,8391000000.0,961000000.0
USA,2011,9022000000.0,937000000.0
USA,2012,8947000000.0,1142000000.0
USA,2013,7724000000.0,767000000.0
USA,2014,9505000000.0,560000000.0
USA,2015,9743000000.0,474000000.0
USA,2016,9426000000.0,439000000.0
USA,2017,11409000000.0,496000000.0
USA,2018,9255000000.0,363000000.0
USA,2019,10534000000.0,890000000.0
USA,2020,10024000000.0,798000000.0
USA,2021,10960000000.0,907000000.0
USA,2022,15351000000.0,733000000.0
USA,2023,11102000000.0,792000000.0
USA,2024,13512000000.0,1209000000.0
UZB,2001,,8000000.0
UZB,2002,,9000000.0
UZB,2003,252000000.0,
UZB,2004,126000000.0,
UZB,2005,4000000.0,
UZB,2009,209000000.0,
UZB,2010,209000000.0,30000000.0
UZB,2011,209000000.0,
UZB,2014,,18000000.0
UZB,2015,34000000.0,100000000.0
UZB,2016,68000000.0,55000000.0
UZB,2017,,5000000.0
UZB,2018,,114000000.0
UZB,2019,,77000000.0
UZB,2020,,46000000.0
UZB,2021,,60000000.0
UZB,2022,,22000000.0
UZB,2023,,17000000.0
VCT,1987,,4000000.0
VEN,1960,,64000000.0
VEN,1961,,32000000.0
VEN,1962,,32000000.0
VEN,1963,,34000000.0
VEN,1964,,6000000.0
VEN,1966,,69000000.0
VEN,1967,,204000000.0
VEN,1968,,20000000.0
VEN,1969,16000000.0,8000000.0
VEN,1970,,15000000.0
VEN,1971,,130000000.0
VEN,1972,,165000000.0
VEN,1973,,395000000.0
VEN,1974,,252000000.0
VEN,1975,13000000.0,230000000.0
VEN,1976,,170000000.0
VEN,1977,,216000000.0
VEN,1978,,59000000.0
VEN,1979,,14000000.0
VEN,1980,,361000000.0
VEN,1981,,908000000.0
VEN,1982,,698000000.0
VEN,1983,,242000000.0
VEN,1984,,234000000.0
VEN,1985,,517000000.0
VEN,1986,,92000000.0
VEN,1987,0.0,73000000.0
VEN,1988,,105000000.0
VEN,1989,,120000000.0
VEN,1990,,189000000.0
VEN,1991,,318000000.0
VEN,1992,,72000000.0
VEN,1993,,37000000.0
VEN,1994,,1000000.0
VEN,1995,,5000000.0
VEN,1996,,37000000.0
VEN,1997,,39000000.0
VEN,1998,,8000000.0
VEN,1999,,85000000.0
VEN,2000,,108000000.0
VEN,2001,,106000000.0
VEN,2002,,44000000.0
VEN,2003,,15000000.0
VEN,2004,1000000.0,9000000.0
VEN,2005,,21000000.0
VEN,2006,7000000.0,380000000.0
VEN,2007,,767000000.0
VEN,2008,3000000.0,738000000.0
VEN,2009,40000000.0,366000000.0
VEN,2010,,211000000.0
VEN,2011,,600000000.0
VEN,2012,,693000000.0
VEN,2013,,995000000.0
VEN,2014,,180000000.0
VEN,2015,,124000000.0
VEN,2016,,95000000.0
VEN,2018,,14000000.0
VEN,2020,,79000000.0
VEN,2023,,98000000.0
VNM,1960,,103000000.0
VNM,1961,,95000000.0
VNM,1962,,47000000.0
VNM,1963,,107000000.0
VNM,1964,,266000000.0
VNM,1965,,651000000.0
VNM,1966,,1138000000.0
VNM,1967,,1103000000.0
VNM,1968,,1179000000.0
VNM,1969,,909000000.0
VNM,1970,,1214000000.0
VNM,1971,,1197000000.0
VNM,1972,0.0,1317000000.0
VNM,1973,,1283000000.0
VNM,1974,,859000000.0
VNM,1975,,493000000.0
VNM,1976,,42000000.0
VNM,1977,,42000000.0
VNM,1978,,227000000.0
VNM,1979,,1249000000.0
VNM,1980,,1017000000.0
VNM,1981,,1073000000.0
VNM,1982,,532000000.0
VNM,1983,,916000000.0
VNM,1984,,557000000.0
VNM,1985,,28000000.0
VNM,1986,,78000000.0
VNM,1987,11000000.0,50000000.0
VNM,1988,,65000000.0
VNM,1989,,128000000.0
VNM,1990,,116000000.0
VNM,1995,,273000000.0
VNM,1996,,214000000.0
VNM,1997,,111000000.0
VNM,1998,,209000000.0
VNM,1999,,168000000.0
VNM,2000,,11000000.0
VNM,2001,,97000000.0
VNM,2002,,58000000.0
VNM,2003,,22000000.0
VNM,2004,,299000000.0
VNM,2005,,221000000.0
VNM,2006,14000000.0,42000000.0
VNM,2007,,8000000.0
VNM,2008,,186000000.0
VNM,2009,,61000000.0
VNM,2010,,161000000.0
VNM,2011,,1016000000.0
VNM,2012,,782000000.0
VNM,2013,,360000000.0
VNM,2014,,1225000000.0
VNM,2015,,869000000.0
VNM,2016,,924000000.0
VNM,2017,,783000000.0
VNM,2018,10000000.0,604000000.0
VNM,2019,,161000000.0
VNM,2020,,33000000.0
VNM,2021,,245000000.0
VNM,2022,,96000000.0
VNM,2023,,55000000.0
VNM,2024,,58000000.0
VUT,1987,,6000000.0
VUT,2021,,7000000.0
WSM,1988,,6000000.0
WSM,2019,,7000000.0
XKX,2014,,1000000.0
XKX,2018,,1000000.0
XKX,2020,,3000000.0
XKX,2021,,9000000.0
XKX,2022,,1000000.0
XKX,2023,,14000000.0
YEM,1975,6000000.0,
YEM,1985,3000000.0,
YEM,1986,51000000.0,
YEM,1990,,78000000.0
YEM,1991,,113000000.0
YEM,1994,,4000000.0
YEM,1995,,167000000.0
YEM,1998,,1000000.0
YEM,1999,,52000000.0
YEM,2000,,158000000.0
YEM,2001,,70000000.0
YEM,2002,,585000000.0
YEM,2003,,58000000.0
YEM,2004,,248000000.0
YEM,2005,,311000000.0
YEM,2006,,38000000.0
YEM,2007,,66000000.0
YEM,2008,,41000000.0
YEM,2009,,5000000.0
YEM,2010,,261000000.0
YEM,2011,,47000000.0
YEM,2012,,38000000.0
YEM,2013,,23000000.0
YEM,2014,,6000000.0
YEM,2015,,33000000.0
YEM,2016,,7000000.0
YEM,2017,,6000000.0
YEM,2018,,9000000.0
YEM,2022,,1000000.0
ZAF,1960,27000000.0,13000000.0
ZAF,1961,33000000.0,
ZAF,1962,,232000000.0
ZAF,1963,,518000000.0
ZAF,1964,,301000000.0
ZAF,1965,,386000000.0
ZAF,1966,,496000000.0
ZAF,1967,8000000.0,299000000.0
ZAF,1968,,216000000.0
ZAF,1969,13000000.0,211000000.0
ZAF,1970,2000000.0,510000000.0
ZAF,1971,7000000.0,309000000.0
ZAF,1972,22000000.0,291000000.0
ZAF,1973,1000000.0,369000000.0
ZAF,1974,2000000.0,177000000.0
ZAF,1975,28000000.0,235000000.0
ZAF,1976,19000000.0,419000000.0
ZAF,1977,0.0,500000000.0
ZAF,1978,,389000000.0
ZAF,1979,,125000000.0
ZAF,1980,49000000.0,192000000.0
ZAF,1981,49000000.0,122000000.0
ZAF,1982,1000000.0,44000000.0
ZAF,1983,,214000000.0
ZAF,1984,,122000000.0
ZAF,1985,25000000.0,25000000.0
ZAF,1986,25000000.0,191000000.0
ZAF,1987,28000000.0,20000000.0
ZAF,1988,25000000.0,17000000.0
ZAF,1989,0.0,11000000.0
ZAF,1990,,11000000.0
ZAF,1991,54000000.0,26000000.0
ZAF,1992,75000000.0,361000000.0
ZAF,1993,54000000.0,244000000.0
ZAF,1994,13000000.0,239000000.0
ZAF,1995,17000000.0,38000000.0
ZAF,1996,31000000.0,38000000.0
ZAF,1997,7000000.0,11000000.0
ZAF,1998,22000000.0,
ZAF,1999,30000000.0,21000000.0
ZAF,2000,21000000.0,6000000.0
ZAF,2001,37000000.0,18000000.0
ZAF,2002,22000000.0,
ZAF,2003,47000000.0,
ZAF,2004,74000000.0,
ZAF,2005,36000000.0,262000000.0
ZAF,2006,200000000.0,741000000.0
ZAF,2007,137000000.0,914000000.0
ZAF,2008,142000000.0,493000000.0
ZAF,2009,107000000.0,134000000.0
ZAF,2010,244000000.0,178000000.0
ZAF,2011,74000000.0,208000000.0
ZAF,2012,193000000.0,127000000.0
ZAF,2013,113000000.0,1000000.0
ZAF,2014,63000000.0,50000000.0
ZAF,2015,49000000.0,2000000.0
ZAF,2016,82000000.0,
ZAF,2017,95000000.0,
ZAF,2018,87000000.0,
ZAF,2019,106000000.0,
ZAF,2020,120000000.0,
ZAF,2021,102000000.0,
ZAF,2022,68000000.0,30000000.0
ZAF,2023,58000000.0,30000000.0
ZAF,2024,27000000.0,
ZMB,1964,,7000000.0
ZMB,1965,,16000000.0
ZMB,1966,,17000000.0
ZMB,1969,,7000000.0
ZMB,1970,,4000000.0
ZMB,1971,,165000000.0
ZMB,1972,,29000000.0
ZMB,1973,,19000000.0
ZMB,1974,,9000000.0
ZMB,1975,,48000000.0
ZMB,1976,,109000000.0
ZMB,1977,,41000000.0
ZMB,1978,,42000000.0
ZMB,1979,,4000000.0
ZMB,1980,,136000000.0
ZMB,1981,,253000000.0
ZMB,1982,,43000000.0
ZMB,1984,,18000000.0
ZMB,1990,2000000.0,
ZMB,1996,,8000000.0
ZMB,2000,,43000000.0
ZMB,2002,,2000000.0
ZMB,2005,,0.0
ZMB,2006,,30000000.0
ZMB,2007,,5000000.0
ZMB,2008,,2000000.0
ZMB,2011,,1000000.0
ZMB,2012,,61000000.0
ZMB,2015,,15000000.0
ZMB,2016,,44000000.0
ZMB,2017,,46000000.0
ZMB,2019,,43000000.0
ZMB,2020,,3000000.0
ZMB,2021,,20000000.0
ZMB,2022,,2000000.0
ZMB,2023,,5000000.0
ZMB,2024,,1000000.0
ZWE,1960,,15000000.0
ZWE,1962,,16000000.0
ZWE,1963,,20000000.0
ZWE,1964,1000000.0,
ZWE,1967,,21000000.0
ZWE,1971,,5000000.0
ZWE,1972,,21000000.0
ZWE,1973,,0.0
ZWE,1974,,2000000.0
ZWE,1975,,42000000.0
ZWE,1976,,19000000.0
ZWE,1977,,4000000.0
ZWE,1978,,13000000.0
ZWE,1981,,15000000.0
ZWE,1982,,81000000.0
ZWE,1983,,34000000.0
ZWE,1984,,33000000.0
ZWE,1985,,28000000.0
ZWE,1986,,212000000.0
ZWE,1987,,29000000.0
ZWE,1988,,2000000.0
ZWE,1990,,2000000.0
ZWE,1991,,47000000.0
ZWE,1992,,63000000.0
ZWE,1993,,0.0
ZWE,1998,,1000000.0
ZWE,1999,,25000000.0
ZWE,2000,,8000000.0
ZWE,2001,4000000.0,10000000.0
ZWE,2003,,16000000.0
ZWE,2004,,14000000.0
ZWE,2005,,25000000.0
ZWE,2006,,25000000.0
ZWE,2023,,20000000.0
