mid_id,dispnum,styear,stmon,side_a_ids,side_b_ids,originators,hostlev,hiact,fatality,outcome,settle,mindur,maxdur,recip,source_ids
MID2,2.0,1902.0,5.0,USA,GBR,GBR;USA,3.0,7.0,0.0,6.0,1.0,1.0,31.0,0.0,SRC_GML_MID
MID3,3.0,1913.0,5.0,AUT,SRB,AUT;SRB,3.0,10.0,0.0,4.0,3.0,177.0,177.0,0.0,SRC_GML_MID
MID4,4.0,1946.0,5.0,ALB,GBR,ALB;GBR,4.0,16.0,2.0,6.0,1.0,183.0,183.0,1.0,SRC_GML_MID
MID7,7.0,1951.0,10.0,GBR,EGY,EGY;GBR,4.0,17.0,2.0,1.0,3.0,105.0,105.0,1.0,SRC_GML_MID
MID8,8.0,1856.0,7.0,GBR,IRN,GBR;IRN,5.0,20.0,6.0,1.0,2.0,237.0,237.0,1.0,SRC_GML_MID
MID9,9.0,1889.0,12.0,GBR,PRT,GBR;PRT,3.0,7.0,0.0,4.0,2.0,13.0,13.0,0.0,SRC_GML_MID
MID11,11.0,1938.0,3.0,DEU,AUT,AUT;DEU,4.0,14.0,0.0,4.0,2.0,2.0,2.0,0.0,SRC_GML_MID
MID12,12.0,1938.0,3.0,DEU,BEL;CZE;FRA;GBR;RUS,CZE;DEU,3.0,11.0,0.0,4.0,1.0,204.0,204.0,1.0,SRC_GML_MID
MID13,13.0,1863.0,4.0,GBR,JPN,GBR;JPN,4.0,16.0,3.0,5.0,1.0,250.0,250.0,1.0,SRC_GML_MID
MID14,14.0,1895.0,10.0,GBR,TUR,GBR;TUR,3.0,7.0,0.0,4.0,3.0,78.0,78.0,0.0,SRC_GML_MID
MID15,15.0,1839.0,2.0,USA,GBR,GBR;USA,4.0,15.0,0.0,6.0,1.0,29.0,29.0,1.0,SRC_GML_MID
MID16,16.0,1897.0,12.0,GBR;JPN,KOR;RUS,GBR;JPN;KOR;RUS,3.0,7.0,0.0,4.0,3.0,57.0,57.0,0.0,SRC_GML_MID
MID19,19.0,1848.0,1.0,AUT,ITA;MDN;TSC,AUT;ITA,5.0,20.0,6.0,5.0,1.0,573.0,573.0,1.0,SRC_GML_MID
MID20,20.0,1945.0,11.0,RUS,IRN,IRN;RUS,4.0,14.0,0.0,3.0,1.0,127.0,156.0,0.0,SRC_GML_MID
MID21,21.0,1912.0,11.0,AUT,RUS;SRB,AUT;RUS;SRB,3.0,10.0,0.0,5.0,3.0,13.0,13.0,1.0,SRC_GML_MID
MID22,22.0,1940.0,6.0,RUS,LVA,LVA;RUS,4.0,16.0,2.0,1.0,2.0,3.0,3.0,0.0,SRC_GML_MID
MID23,23.0,1939.0,9.0,RUS,EST,EST;RUS,4.0,13.0,0.0,2.0,1.0,10.0,10.0,0.0,SRC_GML_MID
MID25,25.0,1831.0,8.0,NLD,BEL;FRA;GBR,BEL;NLD,4.0,17.0,-9.0,2.0,1.0,659.0,659.0,1.0,SRC_GML_MID
MID26,26.0,1948.0,3.0,RUS,FRA;GBR;USA,FRA;GBR;RUS;USA,4.0,16.0,0.0,5.0,3.0,492.0,492.0,1.0,SRC_GML_MID
MID27,27.0,1961.0,7.0,DEU;FRA;GBR;USA,CZE;DDR;POL;RUS,DDR;RUS;USA,4.0,17.0,0.0,5.0,3.0,106.0,106.0,1.0,SRC_GML_MID
MID28,28.0,1961.0,7.0,TUN,FRA,FRA;TUN,4.0,17.0,5.0,6.0,1.0,75.0,75.0,1.0,SRC_GML_MID
MID30,30.0,1908.0,10.0,AUT,SRB,AUT;SRB,4.0,14.0,0.0,4.0,1.0,177.0,177.0,0.0,SRC_GML_MID
MID31,31.0,1900.0,5.0,AUT;DEU;FRA;GBR;ITA;JPN;RUS;USA,CHN,AUT;CHN;DEU;FRA;GBR;ITA;JPN;RUS;USA,5.0,20.0,6.0,1.0,1.0,232.0,232.0,1.0,SRC_GML_MID
MID38,38.0,1837.0,12.0,GBR,USA,GBR;USA,4.0,16.0,0.0,5.0,3.0,1.0,1.0,1.0,SRC_GML_MID
MID40,40.0,1928.0,4.0,JPN,CHN,CHN;JPN,4.0,17.0,3.0,4.0,1.0,343.0,343.0,1.0,SRC_GML_MID
MID41,41.0,1929.0,5.0,CHN,RUS,CHN;RUS,5.0,20.0,6.0,3.0,1.0,210.0,210.0,1.0,SRC_GML_MID
MID43,43.0,1897.0,11.0,DEU,CHN,CHN;DEU,4.0,14.0,0.0,1.0,2.0,113.0,113.0,0.0,SRC_GML_MID
MID50,50.0,1953.0,2.0,TWN;USA,CHN;RUS,CHN;USA,5.0,20.0,6.0,5.0,3.0,1220.0,1220.0,1.0,SRC_GML_MID
MID51,51.0,1950.0,6.0,CHN;PRK,AUS;BEL;CAN;COL;ETH;FRA;GBR;GRC;KOR;NLD;NZL;PHL;THA;TUR;USA;ZAF,KOR;PRK;USA,5.0,20.0,6.0,5.0,1.0,1129.0,1129.0,1.0,SRC_GML_MID
MID53,53.0,1956.0,8.0,CHN,USA,CHN;USA,4.0,16.0,1.0,5.0,3.0,2.0,2.0,1.0,SRC_GML_MID
MID55,55.0,1923.0,8.0,ITA,GRC,GRC;ITA,4.0,16.0,0.0,6.0,1.0,30.0,30.0,0.0,SRC_GML_MID
MID56,56.0,1897.0,3.0,AUT;DEU;FRA;GBR;ITA;RUS,GRC;TUR,AUT;DEU;FRA;GBR;GRC;ITA;RUS;TUR,4.0,13.0,0.0,4.0,2.0,204.0,204.0,0.0,SRC_GML_MID
MID57,57.0,1853.0,5.0,RUS,AUT;FRA;GBR;ITA;TUR,RUS;TUR,5.0,20.0,6.0,2.0,1.0,1035.0,1035.0,1.0,SRC_GML_MID
MID61,61.0,1962.0,8.0,USA,CUB;RUS,CUB;USA,4.0,16.0,0.0,4.0,1.0,134.0,134.0,1.0,SRC_GML_MID
MID64,64.0,1826.0,3.0,RUS,TUR,RUS;TUR,3.0,7.0,0.0,4.0,1.0,205.0,205.0,0.0,SRC_GML_MID
MID67,67.0,1934.0,7.0,CZE;ITA;SRB,DEU,CZE;DEU;ITA;SRB,3.0,7.0,0.0,5.0,3.0,7.0,7.0,0.0,SRC_GML_MID
MID68,68.0,1900.0,1.0,FRA,DOM;USA,DOM;FRA,3.0,7.0,0.0,4.0,1.0,11.0,11.0,1.0,SRC_GML_MID
MID69,69.0,1914.0,3.0,USA,DOM,DOM;USA,4.0,16.0,0.0,4.0,2.0,981.0,981.0,0.0,SRC_GML_MID
MID71,71.0,1850.0,1.0,GBR,GRC,GBR;GRC,4.0,13.0,0.0,4.0,1.0,89.0,89.0,0.0,SRC_GML_MID
MID77,77.0,1898.0,7.0,FRA,GBR,FRA;GBR,3.0,7.0,0.0,4.0,1.0,255.0,255.0,1.0,SRC_GML_MID
MID78,78.0,1847.0,7.0,AUT,PPS,AUT;PPS,4.0,14.0,0.0,5.0,3.0,138.0,168.0,0.0,SRC_GML_MID
MID86,86.0,1907.0,3.0,ESP;FRA,MAR,FRA;MAR,4.0,16.0,-9.0,1.0,3.0,374.0,403.0,0.0,SRC_GML_MID
MID88,88.0,1870.0,7.0,FRA,BDN;BVR;DEU;WRG,DEU;FRA,5.0,20.0,6.0,2.0,2.0,236.0,236.0,1.0,SRC_GML_MID
MID89,89.0,1822.0,9.0,FRA,ESP,ESP;FRA,4.0,16.0,4.0,1.0,2.0,419.0,419.0,1.0,SRC_GML_MID
MID91,91.0,1887.0,5.0,FRA;RUS,TUR,FRA;RUS;TUR,2.0,4.0,0.0,4.0,4.0,1.0,22.0,0.0,SRC_GML_MID
MID92,92.0,1964.0,2.0,FRA,GAB,FRA;GAB,4.0,17.0,2.0,1.0,2.0,12.0,12.0,1.0,SRC_GML_MID
MID95,95.0,1909.0,10.0,DEU,HTI,DEU;HTI,3.0,7.0,0.0,4.0,1.0,153.0,212.0,0.0,SRC_GML_MID
MID96,96.0,1886.0,5.0,AUT;DEU;GBR;ITA;RUS,GRC,AUT;DEU;GBR;GRC;ITA;RUS,4.0,13.0,0.0,4.0,3.0,30.0,30.0,0.0,SRC_GML_MID
MID100,100.0,1914.0,12.0,USA,HTI,HTI;USA,4.0,16.0,0.0,4.0,1.0,278.0,278.0,0.0,SRC_GML_MID
MID104,104.0,1880.0,3.0,RUS,CHN,CHN;RUS,3.0,11.0,0.0,6.0,1.0,63.0,122.0,1.0,SRC_GML_MID
MID106,106.0,1895.0,4.0,DEU;FRA;RUS,JPN,DEU;FRA;JPN;RUS,3.0,7.0,0.0,4.0,3.0,14.0,14.0,0.0,SRC_GML_MID
MID108,108.0,1939.0,3.0,ITA,ALB,ALB;ITA,4.0,17.0,5.0,1.0,2.0,15.0,15.0,1.0,SRC_GML_MID
MID109,109.0,1904.0,9.0,AUT,ITA,AUT;ITA,3.0,10.0,0.0,5.0,3.0,1.0,30.0,0.0,SRC_GML_MID
MID111,111.0,1934.0,11.0,ETH;GBR,ITA,ETH;ITA,5.0,20.0,6.0,2.0,2.0,535.0,535.0,1.0,SRC_GML_MID
MID112,112.0,1860.0,9.0,ITA,FRA;PPS,ITA;PPS,4.0,17.0,4.0,1.0,2.0,23.0,23.0,1.0,SRC_GML_MID
MID113,113.0,1860.0,9.0,ITA,FRA;TWS,ITA;TWS,4.0,17.0,5.0,1.0,2.0,149.0,149.0,1.0,SRC_GML_MID
MID114,114.0,1911.0,9.0,ITA,TUR,ITA;TUR,5.0,20.0,6.0,1.0,1.0,385.0,414.0,1.0,SRC_GML_MID
MID115,115.0,1859.0,1.0,AUT;DEU,FRA;ITA,AUT;ITA,5.0,20.0,6.0,2.0,1.0,164.0,164.0,1.0,SRC_GML_MID
MID119,119.0,1885.0,2.0,RUS,GBR,GBR;RUS,3.0,11.0,0.0,6.0,1.0,199.0,199.0,1.0,SRC_GML_MID
MID121,121.0,1853.0,6.0,USA,AUT,AUT;USA,3.0,7.0,0.0,4.0,3.0,1.0,1.0,0.0,SRC_GML_MID
MID122,122.0,1961.0,6.0,IRQ,EGY;GBR;IRN;JOR;KWT;SAU;SDN;TUN,IRQ;KWT,4.0,16.0,0.0,5.0,3.0,249.0,249.0,1.0,SRC_GML_MID
MID123,123.0,1845.0,7.0,FRA;GBR,ARG,ARG;FRA;GBR,4.0,13.0,3.0,1.0,1.0,247.0,247.0,1.0,SRC_GML_MID
MID125,125.0,1958.0,5.0,GBR;TUR;USA,EGY;IRQ;RUS,EGY;USA,4.0,16.0,0.0,6.0,1.0,168.0,168.0,1.0,SRC_GML_MID
MID126,126.0,1853.0,1.0,AUT;RUS,TUR,AUT;TUR,2.0,1.0,0.0,4.0,3.0,13.0,43.0,0.0,SRC_GML_MID
MID127,127.0,1921.0,3.0,BEL;FRA;GBR;ITA,DEU,BEL;DEU;FRA;GBR,4.0,14.0,0.0,4.0,2.0,70.0,70.0,0.0,SRC_GML_MID
MID128,128.0,1905.0,11.0,AUT;FRA;GBR;ITA;RUS,TUR,AUT;FRA;GBR;ITA;RUS;TUR,4.0,14.0,0.0,4.0,1.0,21.0,21.0,0.0,SRC_GML_MID
MID129,129.0,1931.0,9.0,JPN,CHN,CHN;JPN,5.0,20.0,6.0,1.0,2.0,622.0,622.0,1.0,SRC_GML_MID
MID131,131.0,1899.0,9.0,RUS,JPN;KOR,KOR;RUS,3.0,10.0,0.0,4.0,1.0,200.0,200.0,1.0,SRC_GML_MID
MID133,133.0,1923.0,1.0,LTU,FRA;GBR;ITA,FRA;LTU,4.0,17.0,1.0,6.0,1.0,19.0,19.0,1.0,SRC_GML_MID
MID134,134.0,1939.0,3.0,DEU,LTU,DEU;LTU,3.0,7.0,0.0,4.0,3.0,4.0,4.0,0.0,SRC_GML_MID
MID135,135.0,1861.0,10.0,ESP;FRA;GBR,MEX,ESP;FRA;GBR;MEX,5.0,20.0,6.0,2.0,2.0,1924.0,1924.0,1.0,SRC_GML_MID
MID136,136.0,1913.0,7.0,USA,MEX,MEX;USA,4.0,17.0,4.0,3.0,1.0,497.0,497.0,1.0,SRC_GML_MID
MID137,137.0,1831.0,5.0,GBR,PRT,GBR;PRT,3.0,7.0,0.0,5.0,3.0,10.0,10.0,0.0,SRC_GML_MID
MID139,139.0,1935.0,1.0,JPN,CHN,CHN;JPN,4.0,17.0,2.0,3.0,2.0,16.0,16.0,1.0,SRC_GML_MID
MID141,141.0,1880.0,6.0,AUT;DEU;FRA;GBR;GRC;ITA;RUS,TUR,GBR;TUR,3.0,10.0,0.0,4.0,1.0,172.0,172.0,1.0,SRC_GML_MID
MID142,142.0,1821.0,7.0,RUS,TUR,RUS;TUR,3.0,7.0,0.0,5.0,3.0,11.0,41.0,0.0,SRC_GML_MID
MID144,144.0,1854.0,7.0,USA,GBR,GBR;USA,4.0,16.0,0.0,5.0,3.0,81.0,111.0,1.0,SRC_GML_MID
MID145,145.0,1927.0,1.0,ESP;FRA;GBR;ITA;JPN;PRT;USA,CHN,CHN;GBR,4.0,17.0,2.0,5.0,3.0,83.0,83.0,1.0,SRC_GML_MID
MID146,146.0,1827.0,8.0,FRA;GBR;RUS,TUR,FRA;GBR;RUS;TUR,5.0,20.0,6.0,1.0,2.0,230.0,259.0,1.0,SRC_GML_MID
MID147,147.0,1821.0,3.0,AUT,TWS,AUT;TWS,4.0,17.0,2.0,1.0,2.0,1.0,23.0,1.0,SRC_GML_MID
MID148,148.0,1959.0,4.0,CHN,NPL,CHN;NPL,4.0,16.0,1.0,5.0,1.0,469.0,469.0,1.0,SRC_GML_MID
MID149,149.0,1856.0,11.0,DEU,CHE,CHE;DEU,3.0,10.0,0.0,6.0,1.0,190.0,190.0,1.0,SRC_GML_MID
MID151,151.0,1926.0,5.0,USA,NIC,NIC;USA,4.0,14.0,0.0,4.0,2.0,145.0,145.0,0.0,SRC_GML_MID
MID152,152.0,1896.0,12.0,FRA,GBR,FRA;GBR,4.0,14.0,0.0,6.0,1.0,555.0,555.0,1.0,SRC_GML_MID
MID153,153.0,1833.0,6.0,FRA;GBR,RUS;TUR,FRA;GBR;RUS;TUR,3.0,7.0,0.0,4.0,3.0,1.0,1.0,0.0,SRC_GML_MID
MID154,154.0,1850.0,9.0,DEU,AUT;BVR;FRA;HKS;RUS;WRG,AUT;DEU;HKS,4.0,16.0,0.0,6.0,1.0,79.0,79.0,1.0,SRC_GML_MID
MID156,156.0,1906.0,2.0,TUR,GBR,GBR;TUR,4.0,14.0,0.0,3.0,3.0,76.0,103.0,1.0,SRC_GML_MID
MID157,157.0,1937.0,7.0,JPN,CHN,CHN;JPN,5.0,21.0,6.0,9.0,2.0,1615.0,1615.0,1.0,SRC_GML_MID
MID158,158.0,1921.0,2.0,CRI;USA,PAN,CRI;PAN,4.0,17.0,2.0,3.0,3.0,184.0,184.0,1.0,SRC_GML_MID
MID159,159.0,1903.0,11.0,USA,COL,COL;USA,4.0,13.0,0.0,1.0,2.0,85.0,85.0,1.0,SRC_GML_MID
MID160,160.0,1838.0,3.0,FRA,MEX,FRA;MEX,4.0,18.0,3.0,1.0,1.0,354.0,354.0,1.0,SRC_GML_MID
MID164,164.0,1904.0,5.0,GBR;USA,MAR,GBR;MAR;USA,3.0,7.0,0.0,7.0,1.0,40.0,40.0,0.0,SRC_GML_MID
MID165,165.0,1911.0,11.0,RUS,IRN,IRN;RUS,4.0,16.0,-9.0,1.0,2.0,333.0,333.0,0.0,SRC_GML_MID
MID166,166.0,1908.0,4.0,RUS,IRN,IRN;RUS,4.0,16.0,0.0,4.0,3.0,63.0,63.0,0.0,SRC_GML_MID
MID167,167.0,1821.0,3.0,AUT,ITA,AUT;ITA,4.0,17.0,-9.0,1.0,2.0,31.0,31.0,1.0,SRC_GML_MID
MID172,172.0,1962.0,1.0,CHN,TWN;USA,CHN;TWN,4.0,16.0,1.0,5.0,3.0,345.0,345.0,1.0,SRC_GML_MID
MID173,173.0,1958.0,7.0,CHN;RUS,TWN;USA,CHN;TWN,4.0,17.0,5.0,5.0,3.0,298.0,298.0,1.0,SRC_GML_MID
MID174,174.0,1936.0,3.0,DEU,BEL;FRA,BEL;DEU;FRA,3.0,7.0,0.0,4.0,3.0,1.0,1.0,0.0,SRC_GML_MID
MID175,175.0,1849.0,2.0,AUT;FRA;TWS,PPS,AUT;PPS,5.0,20.0,6.0,1.0,2.0,134.0,134.0,1.0,SRC_GML_MID
MID177,177.0,1923.0,1.0,BEL;FRA,DEU,BEL;DEU;FRA,4.0,14.0,0.0,5.0,1.0,182.0,182.0,0.0,SRC_GML_MID
MID178,178.0,1932.0,4.0,RUS,JPN,JPN;RUS,4.0,17.0,1.0,6.0,1.0,1058.0,1087.0,1.0,SRC_GML_MID
MID179,179.0,1939.0,10.0,RUS,FIN,FIN;RUS,5.0,20.0,6.0,1.0,2.0,157.0,157.0,1.0,SRC_GML_MID
MID180,180.0,1903.0,7.0,RUS,JPN;KOR,JPN;RUS,5.0,20.0,6.0,2.0,1.0,768.0,798.0,1.0,SRC_GML_MID
MID182,182.0,1935.0,1.0,MNG;RUS,JPN,JPN;MNG,4.0,17.0,-9.0,5.0,3.0,449.0,449.0,1.0,SRC_GML_MID
MID183,183.0,1939.0,5.0,MNG;RUS,JPN,JPN;MNG,5.0,20.0,6.0,1.0,1.0,109.0,139.0,1.0,SRC_GML_MID
MID184,184.0,1938.0,7.0,RUS,JPN,JPN;RUS,5.0,20.0,6.0,5.0,1.0,12.0,42.0,1.0,SRC_GML_MID
MID185,185.0,1956.0,10.0,RUS,POL,POL;RUS,3.0,7.0,0.0,2.0,1.0,5.0,5.0,0.0,SRC_GML_MID
MID187,187.0,1876.0,10.0,RUS,TUR,RUS;TUR,5.0,20.0,6.0,1.0,1.0,489.0,489.0,1.0,SRC_GML_MID
MID189,189.0,1827.0,11.0,RUS,TUR,RUS;TUR,5.0,20.0,6.0,1.0,1.0,655.0,684.0,1.0,SRC_GML_MID
MID191,191.0,1888.0,12.0,DEU,GBR;USA,DEU;GBR;USA,4.0,16.0,0.0,6.0,1.0,176.0,176.0,1.0,SRC_GML_MID
MID194,194.0,1863.0,4.0,AUT;BDN;DEU;HDM;HVR;SXN;WRG,DNK;GBR,DEU;DNK,5.0,20.0,6.0,1.0,2.0,461.0,461.0,1.0,SRC_GML_MID
MID196,196.0,1893.0,2.0,FRA,GBR;THA,FRA;THA,5.0,20.0,6.0,4.0,2.0,242.0,242.0,1.0,SRC_GML_MID
MID197,197.0,1917.0,11.0,CAN;FRA;GBR;ITA;JPN;ROU;USA,RUS,FRA;GBR;ITA;RUS,5.0,20.0,6.0,2.0,3.0,1044.0,1044.0,1.0,SRC_GML_MID
MID198,198.0,1848.0,9.0,FRA;GBR,TWS,FRA;GBR;TWS,3.0,7.0,0.0,4.0,2.0,11.0,11.0,0.0,SRC_GML_MID
MID199,199.0,1961.0,10.0,CHN,IND,CHN;IND,5.0,20.0,6.0,2.0,2.0,793.0,793.0,1.0,SRC_GML_MID
MID200,200.0,1955.0,9.0,EGY;RUS,FRA;GBR;ISR;USA,EGY;ISR,5.0,20.0,6.0,2.0,2.0,433.0,433.0,1.0,SRC_GML_MID
MID202,202.0,1883.0,4.0,CHN,FRA,CHN;FRA,5.0,20.0,6.0,2.0,1.0,788.0,788.0,1.0,SRC_GML_MID
MID203,203.0,1959.0,6.0,IND,CHN,CHN;IND,4.0,17.0,1.0,5.0,3.0,855.0,884.0,1.0,SRC_GML_MID
MID207,207.0,1858.0,2.0,GBR,USA,GBR;USA,4.0,16.0,0.0,3.0,3.0,101.0,128.0,1.0,SRC_GML_MID
MID208,208.0,1953.0,3.0,GBR;USA,CZE;RUS,CZE;USA,4.0,16.0,1.0,5.0,3.0,22.0,22.0,1.0,SRC_GML_MID
MID210,210.0,1936.0,7.0,DEU;ITA;PRT,ESP,DEU;ESP;ITA,5.0,20.0,6.0,1.0,2.0,975.0,975.0,1.0,SRC_GML_MID
MID211,211.0,1920.0,3.0,BEL;FRA,DEU,DEU;FRA,4.0,14.0,0.0,2.0,2.0,110.0,110.0,1.0,SRC_GML_MID
MID212,212.0,1888.0,2.0,FRA,GBR;ITA,FRA;GBR;ITA,3.0,7.0,0.0,5.0,3.0,1.0,29.0,1.0,SRC_GML_MID
MID220,220.0,1870.0,7.0,FRA;GBR;USA,CHN,CHN;FRA,3.0,10.0,0.0,4.0,3.0,73.0,73.0,1.0,SRC_GML_MID
MID224,224.0,1865.0,11.0,FRA;GBR;NLD,JPN,FRA;GBR;JPN;NLD,3.0,7.0,0.0,4.0,3.0,21.0,21.0,0.0,SRC_GML_MID
MID225,225.0,1861.0,11.0,USA,GBR,GBR;USA,4.0,16.0,0.0,7.0,1.0,50.0,50.0,0.0,SRC_GML_MID
MID227,227.0,1861.0,3.0,RUS,GBR;JPN,JPN;RUS,4.0,17.0,2.0,3.0,3.0,191.0,191.0,1.0,SRC_GML_MID
MID228,228.0,1881.0,3.0,FRA,TUR,FRA;TUR,4.0,16.0,0.0,3.0,2.0,43.0,73.0,0.0,SRC_GML_MID
MID230,230.0,1919.0,4.0,ITA,TUR,ITA;TUR,4.0,14.0,0.0,2.0,1.0,712.0,712.0,1.0,SRC_GML_MID
MID231,231.0,1849.0,4.0,AUT,TSC,AUT;TSC,4.0,16.0,0.0,4.0,2.0,30.0,30.0,0.0,SRC_GML_MID
MID236,236.0,1849.0,10.0,FRA;GBR;TUR,RUS,GBR;RUS,3.0,7.0,0.0,4.0,3.0,34.0,34.0,1.0,SRC_GML_MID
MID237,237.0,1899.0,12.0,GBR,DEU,DEU;GBR,4.0,15.0,0.0,7.0,1.0,18.0,18.0,0.0,SRC_GML_MID
MID238,238.0,1913.0,5.0,GBR,GTM,GBR;GTM,3.0,7.0,0.0,1.0,3.0,1.0,1.0,0.0,SRC_GML_MID
MID241,241.0,1923.0,3.0,RUS,GBR,GBR;RUS,4.0,15.0,0.0,7.0,1.0,75.0,75.0,1.0,SRC_GML_MID
MID242,242.0,1904.0,10.0,RUS,GBR,GBR;RUS,4.0,16.0,0.0,3.0,1.0,36.0,36.0,1.0,SRC_GML_MID
MID246,246.0,1960.0,5.0,USA,CUB;RUS,CUB;USA,4.0,17.0,0.0,5.0,3.0,349.0,349.0,1.0,SRC_GML_MID
MID247,247.0,1905.0,1.0,DEU;FRA;ITA;NLD,DOM,DEU;DOM;FRA;ITA;NLD,3.0,7.0,0.0,4.0,1.0,1.0,20.0,0.0,SRC_GML_MID
MID248,248.0,1932.0,1.0,GBR;USA,JPN,GBR;JPN;USA,3.0,7.0,0.0,6.0,1.0,97.0,97.0,0.0,SRC_GML_MID
MID249,249.0,1910.0,5.0,USA,NIC,NIC;USA,3.0,7.0,0.0,5.0,3.0,1.0,31.0,0.0,SRC_GML_MID
MID252,252.0,1946.0,1.0,RUS,TUR;USA,RUS;TUR,3.0,10.0,0.0,5.0,3.0,262.0,262.0,1.0,SRC_GML_MID
MID253,253.0,1960.0,4.0,JPN;NOR;PAK;TUR;USA,RUS,RUS;USA,4.0,16.0,1.0,7.0,1.0,84.0,84.0,1.0,SRC_GML_MID
MID254,254.0,1902.0,7.0,DEU;GBR;ITA,VEN,GBR;VEN,4.0,16.0,2.0,6.0,1.0,206.0,206.0,1.0,SRC_GML_MID
MID256,256.0,1873.0,10.0,ESP,GBR;USA,ESP;USA,4.0,15.0,0.0,7.0,1.0,49.0,49.0,1.0,SRC_GML_MID
MID257,257.0,1914.0,7.0,AUT;BGR;DEU;TUR,BEL;FRA;GBR;GRC;ITA;JPN;PRT;ROU;RUS;SRB;USA,AUT;SRB,5.0,20.0,6.0,2.0,2.0,1573.0,1573.0,1.0,SRC_GML_MID
MID258,258.0,1939.0,3.0,AUS;BEL;BGR;BRA;CAN;CHN;ETH;FIN;FRA;GBR;GRC;ITA;MNG;NLD;NOR;NZL;POL;ROU;RUS;SRB;USA;ZAF,BGR;DEU;ESP;FIN;FRA;HUN;ITA;JPN;ROU;RUS,DEU;POL,5.0,20.0,6.0,1.0,2.0,2335.0,2335.0,1.0,SRC_GML_MID
MID259,259.0,1956.0,6.0,GBR,YEM,GBR;YEM,4.0,17.0,1.0,1.0,3.0,826.0,826.0,1.0,SRC_GML_MID
MID260,260.0,1914.0,9.0,JPN,CHN,CHN;JPN,4.0,14.0,0.0,4.0,2.0,245.0,245.0,0.0,SRC_GML_MID
MID261,261.0,1865.0,4.0,AUT;BDN;BVR;HDM;HKS;HVR;SXN;WRG,DEU;ITA;MCL,AUT;DEU,5.0,20.0,6.0,2.0,2.0,480.0,480.0,1.0,SRC_GML_MID
MID262,262.0,1944.0,9.0,RUS,BGR,BGR;RUS,4.0,18.0,0.0,8.0,3.0,4.0,4.0,0.0,SRC_GML_MID
MID266,266.0,1958.0,2.0,FRA,TUN,FRA;TUN,4.0,16.0,1.0,6.0,1.0,130.0,130.0,1.0,SRC_GML_MID
MID301,301.0,1835.0,11.0,USA,FRA,FRA;USA,3.0,7.0,0.0,3.0,1.0,78.0,107.0,1.0,SRC_GML_MID
MID304,304.0,1854.0,4.0,AUT,RUS,AUT;RUS,3.0,10.0,0.0,4.0,3.0,227.0,227.0,0.0,SRC_GML_MID
MID306,306.0,1860.0,9.0,FRA,ITA,FRA;ITA,3.0,7.0,0.0,8.0,4.0,125.0,125.0,0.0,SRC_GML_MID
MID307,307.0,1877.0,5.0,GBR,RUS,GBR;RUS,3.0,10.0,0.0,4.0,1.0,390.0,390.0,0.0,SRC_GML_MID
MID309,309.0,1898.0,3.0,GBR,CHN,CHN;GBR,3.0,7.0,0.0,4.0,1.0,98.0,98.0,0.0,SRC_GML_MID
MID310,310.0,1905.0,10.0,FRA,VEN,FRA;VEN,3.0,7.0,0.0,4.0,3.0,61.0,61.0,0.0,SRC_GML_MID
MID311,311.0,1908.0,4.0,ITA,TUR,ITA;TUR,3.0,7.0,0.0,4.0,3.0,19.0,19.0,0.0,SRC_GML_MID
MID312,312.0,1910.0,10.0,TUR,ITA,ITA;TUR,4.0,15.0,0.0,7.0,1.0,59.0,89.0,1.0,SRC_GML_MID
MID313,313.0,1910.0,3.0,GBR,IRN,GBR;IRN,3.0,7.0,0.0,4.0,1.0,295.0,295.0,0.0,SRC_GML_MID
MID314,314.0,1911.0,10.0,AUT,ITA,AUT;ITA,3.0,7.0,0.0,6.0,1.0,14.0,14.0,0.0,SRC_GML_MID
MID315,315.0,1911.0,7.0,DEU,FRA;GBR,DEU;FRA,3.0,7.0,0.0,6.0,1.0,127.0,127.0,1.0,SRC_GML_MID
MID316,316.0,1912.0,1.0,ITA,FRA,FRA;ITA,4.0,15.0,0.0,7.0,1.0,12.0,12.0,1.0,SRC_GML_MID
MID317,317.0,1912.0,11.0,RUS,BGR;TUR,BGR;RUS;TUR,3.0,7.0,0.0,5.0,3.0,146.0,146.0,0.0,SRC_GML_MID
MID320,320.0,1914.0,8.0,AUT;DEU;TUR,ITA,AUT;ITA,4.0,18.0,0.0,9.0,3.0,272.0,272.0,1.0,SRC_GML_MID
MID321,321.0,1916.0,3.0,USA,MEX,MEX;USA,4.0,17.0,2.0,5.0,3.0,328.0,328.0,1.0,SRC_GML_MID
MID323,323.0,1916.0,6.0,FRA;GBR,GRC,FRA;GBR;GRC,4.0,17.0,2.0,9.0,3.0,387.0,387.0,1.0,SRC_GML_MID
MID324,324.0,1915.0,3.0,BGR;DEU;FRA;TUR,GRC,BGR;DEU;GRC,5.0,21.0,6.0,9.0,3.0,846.0,846.0,1.0,SRC_GML_MID
MID327,327.0,1920.0,3.0,FRA;GBR;ITA,TUR,FRA;GBR;ITA;TUR,4.0,14.0,0.0,5.0,3.0,185.0,185.0,0.0,SRC_GML_MID
MID328,328.0,1922.0,9.0,FRA;GBR;ITA,TUR,FRA;GBR;ITA;TUR,4.0,14.0,0.0,6.0,1.0,311.0,311.0,1.0,SRC_GML_MID
MID336,336.0,1937.0,8.0,ITA,RUS,ITA;RUS,4.0,16.0,0.0,5.0,3.0,1.0,1.0,0.0,SRC_GML_MID
MID337,337.0,1939.0,6.0,JPN,FRA;GBR,FRA;GBR;JPN,4.0,15.0,0.0,4.0,3.0,249.0,249.0,1.0,SRC_GML_MID
MID339,339.0,1940.0,3.0,USA,JPN,JPN;USA,5.0,20.0,6.0,9.0,3.0,621.0,621.0,1.0,SRC_GML_MID
MID343,343.0,1966.0,10.0,RUS,CHN,CHN;RUS,4.0,17.0,1.0,5.0,3.0,284.0,314.0,1.0,SRC_GML_MID
MID345,345.0,1967.0,5.0,RUS,ISR;USA,RUS;USA,3.0,8.0,0.0,5.0,3.0,25.0,55.0,1.0,SRC_GML_MID
MID346,346.0,1968.0,5.0,BGR;DDR;HUN;POL;RUS,CZE,CZE;RUS,4.0,14.0,0.0,1.0,2.0,221.0,221.0,0.0,SRC_GML_MID
MID347,347.0,1968.0,1.0,USA,PRK,PRK;USA,4.0,15.0,1.0,7.0,1.0,3.0,3.0,1.0,SRC_GML_MID
MID349,349.0,1968.0,12.0,RUS,CHN,CHN;RUS,4.0,17.0,-9.0,5.0,3.0,340.0,370.0,1.0,SRC_GML_MID
MID350,350.0,1969.0,2.0,PER,USA,PER;USA,4.0,16.0,0.0,5.0,1.0,141.0,141.0,0.0,SRC_GML_MID
MID352,352.0,1969.0,5.0,CHN,MMR,CHN;MMR,4.0,17.0,-9.0,5.0,3.0,148.0,178.0,1.0,SRC_GML_MID
MID353,353.0,1973.0,10.0,USA,RUS,RUS;USA,3.0,8.0,0.0,5.0,1.0,25.0,25.0,1.0,SRC_GML_MID
MID354,354.0,1972.0,9.0,ISL;RUS,GBR,GBR;ISL,4.0,16.0,1.0,1.0,1.0,439.0,439.0,1.0,SRC_GML_MID
MID355,355.0,1974.0,1.0,CHN,VDR,CHN;VDR,4.0,17.0,3.0,2.0,2.0,6.0,6.0,1.0,SRC_GML_MID
MID356,356.0,1975.0,5.0,KHM,USA,KHM;USA,4.0,17.0,2.0,5.0,1.0,4.0,4.0,1.0,SRC_GML_MID
MID358,358.0,1975.0,10.0,CHN,IND,CHN;IND,4.0,16.0,1.0,5.0,3.0,1.0,1.0,0.0,SRC_GML_MID
MID360,360.0,1975.0,4.0,GTM,GBR,GBR;GTM,3.0,7.0,0.0,6.0,1.0,214.0,243.0,1.0,SRC_GML_MID
MID361,361.0,1976.0,2.0,SOM,FRA,FRA;SOM,4.0,17.0,1.0,5.0,3.0,1.0,1.0,1.0,SRC_GML_MID
MID362,362.0,1976.0,6.0,PRK,KOR;USA,KOR;PRK,4.0,17.0,1.0,6.0,1.0,74.0,74.0,1.0,SRC_GML_MID
MID363,363.0,1976.0,2.0,ARG,GBR,ARG;GBR,4.0,16.0,0.0,5.0,3.0,1.0,1.0,0.0,SRC_GML_MID
MID364,364.0,1974.0,3.0,RUS,CHN,CHN;RUS,4.0,15.0,0.0,5.0,3.0,4.0,4.0,1.0,SRC_GML_MID
MID365,365.0,1976.0,9.0,RUS,JPN,JPN;RUS,4.0,15.0,0.0,7.0,1.0,68.0,68.0,1.0,SRC_GML_MID
MID366,366.0,1821.0,8.0,FRA,ESP,ESP;FRA,3.0,11.0,0.0,5.0,3.0,185.0,185.0,0.0,SRC_GML_MID
MID367,367.0,1828.0,7.0,FRA,TUR,FRA;TUR,4.0,16.0,3.0,4.0,2.0,103.0,103.0,1.0,SRC_GML_MID
MID368,368.0,1832.0,9.0,DEU;NLD,BEL;FRA;GBR,BEL;DEU,4.0,17.0,-9.0,2.0,2.0,249.0,249.0,1.0,SRC_GML_MID
MID370,370.0,1830.0,8.0,DEU,FRA,DEU;FRA,3.0,7.0,0.0,5.0,3.0,2.0,61.0,1.0,SRC_GML_MID
MID371,371.0,1842.0,3.0,FRA;GBR,ARG,ARG;FRA;GBR,2.0,1.0,0.0,5.0,3.0,1.0,1.0,0.0,SRC_GML_MID
MID373,373.0,1846.0,1.0,GBR,USA,GBR;USA,3.0,7.0,0.0,6.0,1.0,136.0,166.0,0.0,SRC_GML_MID
MID374,374.0,1848.0,3.0,FRA;PPS;TWS,AUT,AUT;PPS,4.0,17.0,-9.0,3.0,1.0,140.0,140.0,1.0,SRC_GML_MID
MID375,375.0,1848.0,4.0,BVR;DEU;HVR;SXN,DNK;GBR;RUS;SWE,DEU;DNK,5.0,20.0,6.0,6.0,1.0,466.0,466.0,1.0,SRC_GML_MID
MID377,377.0,1852.0,4.0,FRA,TUR,FRA;TUR,3.0,7.0,0.0,4.0,3.0,63.0,122.0,0.0,SRC_GML_MID
MID378,378.0,1898.0,3.0,RUS,CHN,CHN;RUS,2.0,3.0,0.0,4.0,3.0,1.0,1.0,0.0,SRC_GML_MID
MID379,379.0,1898.0,3.0,FRA,CHN,CHN;FRA,2.0,3.0,0.0,4.0,2.0,25.0,25.0,0.0,SRC_GML_MID
MID380,380.0,1856.0,5.0,USA,GBR,GBR;USA,3.0,7.0,0.0,5.0,3.0,1.0,31.0,1.0,SRC_GML_MID
MID381,381.0,1864.0,11.0,DEU,SXN,DEU;SXN,3.0,7.0,0.0,4.0,1.0,9.0,9.0,0.0,SRC_GML_MID
MID391,391.0,1898.0,9.0,FRA;GBR;ITA;RUS,TUR,GBR;TUR,4.0,16.0,0.0,4.0,3.0,30.0,30.0,0.0,SRC_GML_MID
MID394,394.0,1914.0,10.0,ITA,ALB,ALB;ITA,4.0,14.0,0.0,1.0,2.0,212.0,212.0,0.0,SRC_GML_MID
MID395,395.0,1916.0,2.0,PRT,DEU,DEU;PRT,4.0,18.0,0.0,9.0,3.0,17.0,17.0,1.0,SRC_GML_MID
MID396,396.0,1916.0,8.0,ROU,AUT;DEU,AUT;DEU;ROU,4.0,18.0,0.0,9.0,4.0,1.0,1.0,1.0,SRC_GML_MID
MID397,397.0,1914.0,10.0,BGR,FRA;GBR;RUS;SRB,BGR;SRB,4.0,18.0,0.0,9.0,3.0,374.0,374.0,1.0,SRC_GML_MID
MID398,398.0,1915.0,5.0,DEU,USA,DEU;USA,4.0,16.0,0.0,5.0,3.0,219.0,219.0,0.0,SRC_GML_MID
MID399,399.0,1916.0,10.0,DEU,USA,DEU;USA,4.0,18.0,0.0,9.0,4.0,182.0,182.0,1.0,SRC_GML_MID
MID400,400.0,1917.0,4.0,DEU,BRA,BRA;DEU,4.0,18.0,0.0,9.0,3.0,205.0,205.0,1.0,SRC_GML_MID
MID407,407.0,1931.0,9.0,ETH,ITA,ETH;ITA,4.0,16.0,0.0,2.0,2.0,1.0,30.0,0.0,SRC_GML_MID
MID409,409.0,1937.0,5.0,JPN,RUS,JPN;RUS,4.0,17.0,1.0,5.0,3.0,438.0,438.0,1.0,SRC_GML_MID
MID414,414.0,1941.0,3.0,USA,DEU,DEU;USA,4.0,18.0,3.0,9.0,3.0,258.0,258.0,1.0,SRC_GML_MID
MID418,418.0,1940.0,5.0,ITA,GRC,GRC;ITA,4.0,16.0,1.0,9.0,3.0,158.0,158.0,1.0,SRC_GML_MID
MID420,420.0,1941.0,4.0,AUS;GBR;NZL,DEU;IRQ;ITA,AUS;GBR;IRQ;NZL,4.0,17.0,-9.0,1.0,2.0,32.0,32.0,1.0,SRC_GML_MID
MID421,421.0,1941.0,10.0,DEU,PRT,DEU;PRT,4.0,16.0,0.0,5.0,3.0,65.0,65.0,0.0,SRC_GML_MID
MID501,501.0,1831.0,1.0,GBR,FRA,FRA;GBR,2.0,4.0,0.0,4.0,3.0,1.0,1.0,0.0,SRC_GML_MID
MID502,502.0,1864.0,2.0,DEU,HVR;SXN,DEU;HVR;SXN,3.0,7.0,0.0,2.0,1.0,168.0,168.0,0.0,SRC_GML_MID
MID503,503.0,1939.0,9.0,RUS,LVA,LVA;RUS,3.0,10.0,0.0,4.0,2.0,28.0,28.0,0.0,SRC_GML_MID
MID504,504.0,1940.0,6.0,RUS,LTU,LTU;RUS,4.0,14.0,0.0,1.0,2.0,2.0,2.0,0.0,SRC_GML_MID
MID505,505.0,1940.0,6.0,RUS,EST,EST;RUS,4.0,13.0,0.0,1.0,2.0,8.0,8.0,0.0,SRC_GML_MID
MID506,506.0,1881.0,7.0,CHN,FRA,CHN;FRA,3.0,7.0,0.0,5.0,3.0,21.0,51.0,0.0,SRC_GML_MID
MID507,507.0,1882.0,4.0,FRA,CHN,CHN;FRA,3.0,7.0,0.0,5.0,3.0,30.0,60.0,1.0,SRC_GML_MID
MID509,509.0,1866.0,8.0,DEU,FRA,DEU;FRA,2.0,1.0,0.0,4.0,2.0,3.0,3.0,0.0,SRC_GML_MID
MID511,511.0,1899.0,2.0,ITA,CHN,CHN;ITA,3.0,7.0,0.0,5.0,3.0,81.0,81.0,1.0,SRC_GML_MID
MID518,518.0,1941.0,3.0,BGR,GBR;RUS;USA,BGR;GBR,4.0,18.0,0.0,9.0,3.0,286.0,286.0,1.0,SRC_GML_MID
MID521,521.0,1917.0,7.0,THA,AUT;DEU,AUT;DEU;THA,4.0,18.0,0.0,9.0,4.0,1.0,1.0,0.0,SRC_GML_MID
MID522,522.0,1918.0,5.0,NIC,AUT;DEU,AUT;DEU;NIC,4.0,18.0,0.0,9.0,4.0,1.0,1.0,0.0,SRC_GML_MID
MID523,523.0,1941.0,8.0,GBR;RUS,IRN,GBR;IRN;RUS,4.0,16.0,4.0,1.0,2.0,167.0,167.0,1.0,SRC_GML_MID
MID602,602.0,1972.0,11.0,ECU,USA,ECU;USA,4.0,15.0,0.0,7.0,1.0,11.0,11.0,0.0,SRC_GML_MID
MID603,603.0,1946.0,8.0,GBR,IRN;RUS,GBR;IRN,3.0,7.0,0.0,5.0,3.0,16.0,16.0,1.0,SRC_GML_MID
MID604,604.0,1949.0,8.0,GBR,YEM,GBR;YEM,4.0,16.0,1.0,4.0,1.0,11.0,11.0,0.0,SRC_GML_MID
MID605,605.0,1956.0,7.0,CHN,MMR,CHN;MMR,4.0,17.0,1.0,6.0,1.0,136.0,136.0,1.0,SRC_GML_MID
MID606,606.0,1956.0,10.0,RUS,HUN,HUN;RUS,5.0,20.0,6.0,1.0,2.0,23.0,23.0,1.0,SRC_GML_MID
MID607,607.0,1957.0,4.0,EGY;RUS;SYR,IRQ;JOR;TUR;USA,JOR;SYR,4.0,17.0,0.0,5.0,3.0,366.0,366.0,1.0,SRC_GML_MID
MID608,608.0,1958.0,11.0,RUS,FRA;GBR;USA,GBR;RUS;USA,4.0,15.0,0.0,5.0,1.0,229.0,229.0,1.0,SRC_GML_MID
MID610,610.0,1962.0,10.0,YEM,GBR,GBR;YEM,4.0,17.0,2.0,5.0,3.0,984.0,984.0,1.0,SRC_GML_MID
MID611,611.0,1964.0,5.0,CHN;RUS;VNM,AUS;KHM;KOR;NZL;PHL;THA;USA;VDR,CHN;USA;VDR,5.0,20.0,6.0,2.0,2.0,3993.0,3993.0,1.0,SRC_GML_MID
MID612,612.0,1921.0,2.0,TUR,RUS,RUS;TUR,3.0,7.0,0.0,6.0,1.0,239.0,239.0,1.0,SRC_GML_MID
MID613,613.0,1940.0,8.0,THA,FRA,FRA;THA,4.0,17.0,4.0,1.0,2.0,166.0,166.0,1.0,SRC_GML_MID
MID614,614.0,1945.0,2.0,TUR,DEU;JPN,DEU;JPN;TUR,4.0,18.0,0.0,9.0,4.0,1.0,1.0,0.0,SRC_GML_MID
MID616,616.0,1935.0,10.0,JPN,CHN,CHN;JPN,4.0,17.0,0.0,5.0,3.0,30.0,30.0,1.0,SRC_GML_MID
MID617,617.0,1942.0,2.0,GBR,EGY,EGY;GBR,3.0,7.0,0.0,4.0,3.0,1.0,1.0,0.0,SRC_GML_MID
MID619,619.0,1975.0,11.0,GBR,ISL,GBR;ISL,4.0,16.0,0.0,1.0,1.0,196.0,196.0,1.0,SRC_GML_MID
MID620,620.0,1939.0,1.0,ITA,FRA;GBR,FRA;GBR;ITA,2.0,1.0,0.0,5.0,3.0,12.0,12.0,0.0,SRC_GML_MID
MID621,621.0,1943.0,1.0,IRQ,DEU;ITA;JPN,DEU;IRQ;ITA;JPN,4.0,18.0,0.0,8.0,3.0,1.0,1.0,0.0,SRC_GML_MID
MID622,622.0,1945.0,2.0,SAU,DEU;JPN,DEU;JPN;SAU,4.0,18.0,0.0,9.0,4.0,1.0,1.0,0.0,SRC_GML_MID
MID623,623.0,1965.0,8.0,IND,CHN,CHN;IND,4.0,17.0,3.0,5.0,3.0,469.0,499.0,1.0,SRC_GML_MID
MID624,624.0,1963.0,2.0,FRA,BRA,BRA;FRA,3.0,8.0,0.0,5.0,3.0,11.0,11.0,1.0,SRC_GML_MID
MID625,625.0,1922.0,7.0,FRA;GBR;ITA,GRC,FRA;GBR;GRC;ITA,2.0,1.0,0.0,4.0,3.0,1.0,1.0,0.0,SRC_GML_MID
MID632,632.0,1917.0,4.0,CUB,DEU,CUB;DEU,4.0,18.0,0.0,8.0,4.0,1.0,1.0,0.0,SRC_GML_MID
MID634,634.0,1949.0,9.0,CHN,USA,CHN;USA,4.0,15.0,0.0,7.0,3.0,118.0,118.0,0.0,SRC_GML_MID
MID1002,1002.0,1963.0,4.0,HTI,CAN;DOM;GBR;USA,DOM;HTI,4.0,16.0,0.0,5.0,3.0,39.0,39.0,1.0,SRC_GML_MID
MID1006,1006.0,1950.0,4.0,ISR,JOR,ISR;JOR,4.0,17.0,3.0,5.0,1.0,2377.0,2377.0,1.0,SRC_GML_MID
MID1013,1013.0,1957.0,1.0,SAU,ISR,ISR;SAU,4.0,16.0,0.0,5.0,3.0,290.0,290.0,1.0,SRC_GML_MID
MID1017,1017.0,1965.0,10.0,ISR,LBN,ISR;LBN,4.0,16.0,0.0,5.0,3.0,1.0,1.0,0.0,SRC_GML_MID
MID1018,1018.0,1962.0,6.0,JOR,ISR,ISR;JOR,4.0,17.0,1.0,5.0,3.0,21.0,21.0,1.0,SRC_GML_MID
MID1019,1019.0,1963.0,8.0,ISR,JOR,ISR;JOR,4.0,17.0,1.0,5.0,3.0,743.0,743.0,1.0,SRC_GML_MID
MID1021,1021.0,1960.0,4.0,NLD,IDN,IDN;NLD,4.0,17.0,2.0,4.0,1.0,844.0,844.0,1.0,SRC_GML_MID
MID1023,1023.0,1951.0,12.0,IDN,NLD,IDN;NLD,4.0,15.0,0.0,3.0,1.0,30.0,30.0,0.0,SRC_GML_MID
MID1024,1024.0,1957.0,11.0,IDN,NLD,IDN;NLD,4.0,15.0,0.0,6.0,1.0,478.0,478.0,1.0,SRC_GML_MID
MID1025,1025.0,1927.0,8.0,BOL,PRY,BOL;PRY,3.0,7.0,0.0,5.0,3.0,1.0,1.0,1.0,SRC_GML_MID
MID1026,1026.0,1928.0,10.0,PRY,BOL,BOL;PRY,4.0,17.0,2.0,6.0,1.0,90.0,90.0,1.0,SRC_GML_MID
MID1027,1027.0,1931.0,6.0,PRY,BOL,BOL;PRY,5.0,20.0,6.0,1.0,1.0,1576.0,1576.0,1.0,SRC_GML_MID
MID1029,1029.0,1938.0,6.0,BOL,PRY,BOL;PRY,3.0,7.0,0.0,6.0,1.0,22.0,51.0,1.0,SRC_GML_MID
MID1035,1035.0,1966.0,12.0,ISR,EGY;IRQ;JOR;KWT;SYR,EGY;IRQ;ISR;SYR,5.0,20.0,6.0,2.0,2.0,176.0,176.0,1.0,SRC_GML_MID
MID1039,1039.0,1970.0,9.0,IRQ;SYR,JOR;USA,IRQ;JOR,4.0,17.0,-9.0,6.0,1.0,25.0,25.0,1.0,SRC_GML_MID
MID1043,1043.0,1973.0,2.0,ISR,LBY,ISR;LBY,4.0,16.0,0.0,5.0,3.0,1.0,1.0,0.0,SRC_GML_MID
MID1046,1046.0,1971.0,10.0,ISR,EGY;IRQ;JOR;SAU;SYR,ISR;SYR,5.0,20.0,6.0,5.0,1.0,742.0,742.0,1.0,SRC_GML_MID
MID1051,1051.0,1968.0,5.0,LBN,ISR,ISR;LBN,4.0,17.0,1.0,5.0,3.0,41.0,41.0,1.0,SRC_GML_MID
MID1061,1061.0,1974.0,4.0,ISR,EGY;LBN,ISR;LBN,4.0,17.0,1.0,5.0,3.0,641.0,641.0,1.0,SRC_GML_MID
MID1062,1062.0,1953.0,8.0,SRB,ITA,ITA;SRB,3.0,11.0,0.0,5.0,1.0,115.0,115.0,1.0,SRC_GML_MID
MID1063,1063.0,1908.0,6.0,NLD,VEN,NLD;VEN,4.0,15.0,0.0,4.0,2.0,194.0,194.0,1.0,SRC_GML_MID
MID1066,1066.0,1941.0,12.0,AUS,PRT,AUS;PRT,4.0,14.0,0.0,7.0,3.0,1.0,1.0,0.0,SRC_GML_MID
MID1067,1067.0,1967.0,7.0,ISR,IRQ;JOR;SAU;SYR,ISR;JOR,4.0,17.0,-9.0,5.0,3.0,1127.0,1127.0,1.0,SRC_GML_MID
MID1068,1068.0,1970.0,8.0,ISR,DZA,DZA;ISR,4.0,15.0,0.0,7.0,3.0,61.0,61.0,0.0,SRC_GML_MID
MID1069,1069.0,1968.0,7.0,DZA,ISR,DZA;ISR,4.0,15.0,0.0,7.0,1.0,41.0,41.0,0.0,SRC_GML_MID
MID1070,1070.0,1963.0,2.0,IDN,AUS;GBR;MYS;NZL,IDN;MYS,4.0,17.0,5.0,5.0,1.0,1217.0,1217.0,1.0,SRC_GML_MID
MID1072,1072.0,1968.0,4.0,MYS,PHL,MYS;PHL,3.0,10.0,0.0,5.0,1.0,169.0,169.0,1.0,SRC_GML_MID
MID1073,1073.0,1954.0,8.0,PRT,IND,IND;PRT,3.0,8.0,0.0,5.0,3.0,275.0,275.0,1.0,SRC_GML_MID
MID1074,1074.0,1961.0,8.0,IND,PRT,IND;PRT,4.0,17.0,2.0,1.0,2.0,125.0,125.0,1.0,SRC_GML_MID
MID1077,1077.0,1947.0,9.0,IND,PAK,IND;PAK,4.0,14.0,0.0,1.0,2.0,156.0,156.0,0.0,SRC_GML_MID
MID1079,1079.0,1951.0,6.0,IND,PAK,IND;PAK,4.0,16.0,1.0,5.0,3.0,49.0,49.0,1.0,SRC_GML_MID
MID1081,1081.0,1971.0,7.0,JOR,SYR,JOR;SYR,4.0,17.0,1.0,5.0,3.0,29.0,29.0,1.0,SRC_GML_MID
MID1083,1083.0,1962.0,7.0,MAR,DZA,DZA;MAR,4.0,17.0,3.0,5.0,3.0,100.0,100.0,1.0,SRC_GML_MID
MID1084,1084.0,1963.0,9.0,MAR,DZA,DZA;MAR,4.0,17.0,3.0,6.0,1.0,144.0,173.0,1.0,SRC_GML_MID
MID1086,1086.0,1909.0,5.0,ESP,MAR,ESP;MAR,5.0,20.0,6.0,1.0,2.0,319.0,319.0,1.0,SRC_GML_MID
MID1087,1087.0,1911.0,5.0,ESP,MAR,ESP;MAR,4.0,16.0,0.0,1.0,2.0,222.0,222.0,0.0,SRC_GML_MID
MID1091,1091.0,1958.0,2.0,EGY,SDN,EGY;SDN,4.0,15.0,0.0,5.0,3.0,20.0,20.0,1.0,SRC_GML_MID
MID1093,1093.0,1900.0,5.0,ARG,CHL,ARG;CHL,4.0,14.0,0.0,6.0,1.0,155.0,214.0,1.0,SRC_GML_MID
MID1094,1094.0,1907.0,11.0,ARG,URY,ARG;URY,4.0,15.0,0.0,4.0,4.0,1.0,8.0,0.0,SRC_GML_MID
MID1095,1095.0,1912.0,1.0,PRY,ARG,ARG;PRY,4.0,16.0,0.0,3.0,1.0,29.0,59.0,1.0,SRC_GML_MID
MID1097,1097.0,1952.0,7.0,ARG,CHL,ARG;CHL,4.0,14.0,0.0,3.0,3.0,28.0,28.0,0.0,SRC_GML_MID
MID1098,1098.0,1955.0,8.0,ARG,CHL,ARG;CHL,4.0,14.0,0.0,3.0,3.0,29.0,58.0,0.0,SRC_GML_MID
MID1099,1099.0,1958.0,4.0,ARG,CHL,ARG;CHL,4.0,16.0,0.0,5.0,1.0,112.0,141.0,1.0,SRC_GML_MID
MID1100,1100.0,1959.0,8.0,ARG,CHL,ARG;CHL,4.0,16.0,0.0,5.0,3.0,30.0,60.0,1.0,SRC_GML_MID
MID1101,1101.0,1960.0,3.0,ARG,CHL,ARG;CHL,3.0,12.0,0.0,5.0,3.0,1.0,1.0,0.0,SRC_GML_MID
MID1102,1102.0,1963.0,9.0,ARG,CHL,ARG;CHL,3.0,7.0,0.0,5.0,1.0,1.0,1.0,0.0,SRC_GML_MID
MID1104,1104.0,1972.0,5.0,YMD,OMN,OMN;YMD,4.0,16.0,1.0,5.0,3.0,21.0,21.0,1.0,SRC_GML_MID
MID1105,1105.0,1973.0,11.0,YMD,OMN,OMN;YMD,4.0,16.0,0.0,5.0,3.0,1.0,1.0,0.0,SRC_GML_MID
MID1106,1106.0,1975.0,10.0,IRN;OMN,YMD,IRN;OMN;YMD,4.0,16.0,3.0,3.0,1.0,147.0,147.0,1.0,SRC_GML_MID
MID1107,1107.0,1971.0,10.0,YMD,YEM,YEM;YMD,4.0,16.0,0.0,6.0,1.0,378.0,378.0,1.0,SRC_GML_MID
MID1108,1108.0,1962.0,10.0,EGY;YEM,JOR;SAU;USA,EGY;SAU,4.0,17.0,-9.0,5.0,1.0,124.0,154.0,1.0,SRC_GML_MID
MID1109,1109.0,1966.0,5.0,EGY,SAU,EGY;SAU,4.0,16.0,1.0,5.0,3.0,379.0,379.0,1.0,SRC_GML_MID
MID1110,1110.0,1969.0,11.0,YMD,SAU,SAU;YMD,4.0,17.0,1.0,5.0,3.0,8.0,8.0,1.0,SRC_GML_MID
MID1112,1112.0,1949.0,12.0,DOM,HTI,DOM;HTI,3.0,12.0,0.0,5.0,1.0,111.0,111.0,0.0,SRC_GML_MID
MID1114,1114.0,1959.0,6.0,CUB;VEN,DOM,CUB;DOM,3.0,8.0,0.0,5.0,3.0,25.0,54.0,1.0,SRC_GML_MID
MID1115,1115.0,1967.0,5.0,CUB,VEN,CUB;VEN,4.0,17.0,1.0,5.0,3.0,1.0,1.0,1.0,SRC_GML_MID
MID1117,1117.0,1957.0,11.0,ESP;FRA,MAR,ESP;MAR,4.0,16.0,4.0,6.0,1.0,133.0,133.0,0.0,SRC_GML_MID
MID1118,1118.0,1972.0,1.0,MAR,ESP,ESP;MAR,4.0,15.0,0.0,7.0,1.0,153.0,182.0,1.0,SRC_GML_MID
MID1119,1119.0,1973.0,1.0,MAR,ESP,ESP;MAR,4.0,17.0,0.0,6.0,1.0,337.0,367.0,1.0,SRC_GML_MID
MID1120,1120.0,1901.0,2.0,HTI,DOM,DOM;HTI,3.0,7.0,0.0,6.0,1.0,110.0,137.0,1.0,SRC_GML_MID
MID1123,1123.0,1962.0,7.0,IRQ,TUR,IRQ;TUR,4.0,16.0,1.0,5.0,3.0,42.0,42.0,1.0,SRC_GML_MID
MID1124,1124.0,1958.0,12.0,GTM,MEX;USA,GTM;MEX;USA,4.0,16.0,0.0,5.0,3.0,32.0,32.0,1.0,SRC_GML_MID
MID1129,1129.0,1933.0,11.0,SAU,FRA;GBR;ITA;YEM,SAU;YEM,5.0,20.0,6.0,1.0,1.0,213.0,213.0,1.0,SRC_GML_MID
MID1131,1131.0,1914.0,11.0,TUR,IRN,IRN;TUR,4.0,17.0,0.0,5.0,3.0,859.0,859.0,1.0,SRC_GML_MID
MID1132,1132.0,1918.0,11.0,IRN,RUS,IRN;RUS,4.0,16.0,0.0,5.0,3.0,1.0,1.0,0.0,SRC_GML_MID
MID1133,1133.0,1920.0,5.0,RUS,GBR;IRN,GBR;IRN;RUS,4.0,14.0,0.0,1.0,1.0,295.0,295.0,1.0,SRC_GML_MID
MID1135,1135.0,1971.0,11.0,IRN,ARE;GBR,GBR;IRN,4.0,17.0,1.0,5.0,3.0,255.0,255.0,1.0,SRC_GML_MID
MID1136,1136.0,1969.0,3.0,IRQ,IRN,IRN;IRQ,4.0,16.0,0.0,5.0,1.0,101.0,101.0,1.0,SRC_GML_MID
MID1138,1138.0,1959.0,9.0,IRN,IRQ,IRN;IRQ,4.0,16.0,0.0,5.0,3.0,103.0,103.0,1.0,SRC_GML_MID
MID1139,1139.0,1932.0,9.0,PER,COL,COL;PER,4.0,17.0,3.0,6.0,1.0,249.0,249.0,1.0,SRC_GML_MID
MID1141,1141.0,1934.0,4.0,PER,COL,COL;PER,3.0,8.0,0.0,2.0,1.0,25.0,54.0,1.0,SRC_GML_MID
MID1142,1142.0,1917.0,12.0,CHN,RUS,CHN;RUS,4.0,17.0,0.0,1.0,2.0,11.0,11.0,1.0,SRC_GML_MID
MID1145,1145.0,1901.0,12.0,PER,ECU,ECU;PER,4.0,16.0,2.0,5.0,1.0,1028.0,1058.0,1.0,SRC_GML_MID
MID1147,1147.0,1910.0,4.0,PER,ECU,ECU;PER,3.0,11.0,0.0,5.0,1.0,45.0,45.0,1.0,SRC_GML_MID
MID1148,1148.0,1912.0,4.0,PER,ECU,ECU;PER,4.0,14.0,0.0,4.0,3.0,314.0,344.0,0.0,SRC_GML_MID
MID1151,1151.0,1932.0,10.0,ECU,PER,ECU;PER,4.0,17.0,1.0,5.0,1.0,35.0,35.0,1.0,SRC_GML_MID
MID1152,1152.0,1934.0,12.0,PER,ECU,ECU;PER,4.0,16.0,0.0,1.0,2.0,335.0,365.0,1.0,SRC_GML_MID
MID1153,1153.0,1938.0,6.0,PER,ECU,ECU;PER,4.0,17.0,1.0,5.0,1.0,18.0,18.0,1.0,SRC_GML_MID
MID1154,1154.0,1939.0,7.0,PER,ECU,ECU;PER,4.0,17.0,4.0,1.0,2.0,926.0,926.0,1.0,SRC_GML_MID
MID1155,1155.0,1951.0,8.0,PER,ECU,ECU;PER,4.0,17.0,1.0,5.0,3.0,6.0,6.0,1.0,SRC_GML_MID
MID1156,1156.0,1954.0,1.0,PER,ECU,ECU;PER,4.0,15.0,0.0,5.0,3.0,40.0,40.0,1.0,SRC_GML_MID
MID1157,1157.0,1955.0,8.0,ECU,PER,ECU;PER,4.0,15.0,0.0,5.0,3.0,4.0,4.0,1.0,SRC_GML_MID
MID1158,1158.0,1971.0,1.0,ECU,USA,ECU;USA,4.0,15.0,0.0,7.0,1.0,20.0,20.0,0.0,SRC_GML_MID
MID1160,1160.0,1907.0,10.0,PER,COL,COL;PER,4.0,16.0,0.0,5.0,3.0,1.0,31.0,0.0,SRC_GML_MID
MID1161,1161.0,1911.0,1.0,COL,PER,COL;PER,4.0,17.0,1.0,2.0,1.0,183.0,183.0,1.0,SRC_GML_MID
MID1163,1163.0,1902.0,10.0,PER,BRA,BRA;PER,4.0,17.0,2.0,6.0,1.0,631.0,631.0,1.0,SRC_GML_MID
MID1166,1166.0,1966.0,10.0,VEN,GUY,GUY;VEN,4.0,14.0,0.0,5.0,1.0,183.0,183.0,0.0,SRC_GML_MID
MID1168,1168.0,1922.0,4.0,HND,NIC,HND;NIC,4.0,17.0,3.0,6.0,1.0,113.0,142.0,1.0,SRC_GML_MID
MID1169,1169.0,1927.0,10.0,HND,GTM,GTM;HND,4.0,17.0,1.0,6.0,1.0,107.0,137.0,1.0,SRC_GML_MID
MID1170,1170.0,1929.0,3.0,NIC;USA,HND,HND;NIC,4.0,16.0,1.0,5.0,3.0,155.0,184.0,1.0,SRC_GML_MID
MID1171,1171.0,1935.0,8.0,GTM,SLV,GTM;SLV,4.0,17.0,1.0,5.0,3.0,2.0,61.0,1.0,SRC_GML_MID
MID1172,1172.0,1969.0,1.0,ARG,URY,ARG;URY,4.0,14.0,0.0,5.0,3.0,182.0,182.0,0.0,SRC_GML_MID
MID1173,1173.0,1957.0,2.0,NIC,HND,HND;NIC,4.0,17.0,2.0,6.0,1.0,116.0,143.0,1.0,SRC_GML_MID
MID1174,1174.0,1900.0,9.0,COL,VEN,COL;VEN,4.0,17.0,-9.0,5.0,3.0,380.0,410.0,1.0,SRC_GML_MID
MID1175,1175.0,1917.0,2.0,GTM,HND,GTM;HND,4.0,14.0,0.0,5.0,1.0,314.0,314.0,1.0,SRC_GML_MID
MID1178,1178.0,1902.0,1.0,BRA,BOL,BOL;BRA,4.0,15.0,0.0,1.0,2.0,420.0,420.0,0.0,SRC_GML_MID
MID1179,1179.0,1906.0,1.0,BOL,PRY,BOL;PRY,3.0,11.0,0.0,5.0,3.0,1.0,31.0,0.0,SRC_GML_MID
MID1180,1180.0,1910.0,12.0,BOL,PER,BOL;PER,4.0,17.0,1.0,6.0,1.0,114.0,114.0,1.0,SRC_GML_MID
MID1181,1181.0,1911.0,5.0,PER,CHL,CHL;PER,3.0,11.0,0.0,5.0,3.0,147.0,177.0,1.0,SRC_GML_MID
MID1182,1182.0,1918.0,10.0,BOL,PRY,BOL;PRY,3.0,11.0,0.0,5.0,3.0,1.0,31.0,0.0,SRC_GML_MID
MID1184,1184.0,1920.0,6.0,CHL,BOL;PER,BOL;CHL;PER,3.0,10.0,0.0,5.0,3.0,49.0,79.0,1.0,SRC_GML_MID
MID1189,1189.0,1975.0,11.0,BRA,GUY,BRA;GUY,3.0,12.0,0.0,5.0,1.0,33.0,92.0,0.0,SRC_GML_MID
MID1190,1190.0,1976.0,7.0,HND,SLV,HND;SLV,4.0,17.0,1.0,6.0,1.0,28.0,28.0,1.0,SRC_GML_MID
MID1191,1191.0,1976.0,9.0,PER,CHL,CHL;PER,4.0,16.0,0.0,5.0,3.0,1.0,1.0,1.0,SRC_GML_MID
MID1193,1193.0,1954.0,4.0,NIC,CRI;USA,CRI;NIC,4.0,16.0,0.0,6.0,1.0,325.0,325.0,1.0,SRC_GML_MID
MID1195,1195.0,1918.0,7.0,NIC,HND,HND;NIC,4.0,16.0,0.0,5.0,1.0,60.0,60.0,1.0,SRC_GML_MID
MID1196,1196.0,1913.0,12.0,NIC,COL,COL;NIC,3.0,7.0,0.0,5.0,1.0,9.0,39.0,1.0,SRC_GML_MID
MID1197,1197.0,1943.0,9.0,CHN,MNG,CHN;MNG,4.0,17.0,1.0,5.0,3.0,1.0,1.0,1.0,SRC_GML_MID
MID1200,1200.0,1973.0,2.0,PAK,IRQ,IRQ;PAK,4.0,15.0,0.0,5.0,3.0,1.0,1.0,0.0,SRC_GML_MID
MID1202,1202.0,1907.0,1.0,HND;SLV,NIC,HND;NIC,5.0,20.0,6.0,2.0,1.0,256.0,256.0,1.0,SRC_GML_MID
MID1203,1203.0,1909.0,1.0,HND;MEX;SLV;USA,NIC,NIC;USA,4.0,16.0,0.0,6.0,1.0,143.0,143.0,1.0,SRC_GML_MID
MID1205,1205.0,1906.0,3.0,GTM,HND;NIC;SLV,GTM;SLV,5.0,20.0,6.0,5.0,1.0,112.0,142.0,1.0,SRC_GML_MID
MID1206,1206.0,1969.0,6.0,SLV,HND,HND;SLV,5.0,20.0,6.0,5.0,1.0,25.0,25.0,1.0,SRC_GML_MID
MID1207,1207.0,1912.0,4.0,HTI,DOM,DOM;HTI,4.0,14.0,0.0,5.0,1.0,91.0,91.0,1.0,SRC_GML_MID
MID1208,1208.0,1959.0,12.0,PRY,ARG,ARG;PRY,4.0,17.0,1.0,5.0,3.0,1.0,28.0,1.0,SRC_GML_MID
MID1209,1209.0,1962.0,5.0,PRY,ARG,ARG;PRY,4.0,17.0,1.0,5.0,3.0,171.0,200.0,1.0,SRC_GML_MID
MID1213,1213.0,1964.0,3.0,THA;USA;VDR,CHN;KHM,KHM;VDR,5.0,20.0,6.0,5.0,1.0,1902.0,1902.0,1.0,SRC_GML_MID
MID1214,1214.0,1956.0,2.0,VDR,KHM,KHM;VDR,4.0,15.0,0.0,5.0,3.0,1.0,29.0,0.0,SRC_GML_MID
MID1215,1215.0,1958.0,5.0,VDR,KHM,KHM;VDR,4.0,16.0,0.0,5.0,3.0,30.0,60.0,1.0,SRC_GML_MID
MID1219,1219.0,1919.0,1.0,RUS,GBR;POL,POL;RUS,5.0,20.0,6.0,2.0,1.0,627.0,627.0,1.0,SRC_GML_MID
MID1225,1225.0,1953.0,11.0,THA,KHM,KHM;THA,4.0,14.0,0.0,1.0,2.0,153.0,212.0,0.0,SRC_GML_MID
MID1226,1226.0,1958.0,8.0,THA,KHM,KHM;THA,4.0,15.0,0.0,5.0,1.0,187.0,187.0,1.0,SRC_GML_MID
MID1227,1227.0,1961.0,6.0,KHM,THA,KHM;THA,3.0,11.0,0.0,5.0,3.0,147.0,147.0,1.0,SRC_GML_MID
MID1228,1228.0,1962.0,6.0,THA,KHM,KHM;THA,4.0,17.0,0.0,5.0,3.0,151.0,151.0,1.0,SRC_GML_MID
MID1229,1229.0,1964.0,4.0,KHM,THA,KHM;THA,4.0,17.0,3.0,4.0,1.0,900.0,900.0,1.0,SRC_GML_MID
MID1230,1230.0,1967.0,6.0,KHM,THA,KHM;THA,2.0,1.0,0.0,5.0,3.0,1.0,1.0,0.0,SRC_GML_MID
MID1231,1231.0,1975.0,5.0,KHM,THA,KHM;THA,4.0,17.0,2.0,5.0,3.0,268.0,268.0,1.0,SRC_GML_MID
MID1232,1232.0,1976.0,8.0,KHM;VNM,THA,KHM;THA,4.0,17.0,5.0,1.0,1.0,3980.0,3980.0,1.0,SRC_GML_MID
MID1233,1233.0,1921.0,8.0,HUN,AUT,AUT;HUN,4.0,17.0,1.0,3.0,1.0,47.0,47.0,1.0,SRC_GML_MID
MID1234,1234.0,1920.0,12.0,RUS,EST;LVA,LVA;RUS,3.0,7.0,0.0,5.0,3.0,171.0,171.0,0.0,SRC_GML_MID
MID1235,1235.0,1921.0,8.0,SRB,ALB,ALB;SRB,4.0,17.0,-9.0,6.0,1.0,104.0,104.0,1.0,SRC_GML_MID
MID1238,1238.0,1947.0,10.0,PAK,IND,IND;PAK,5.0,20.0,6.0,6.0,1.0,438.0,438.0,1.0,SRC_GML_MID
MID1240,1240.0,1923.0,9.0,SRB,BGR,BGR;SRB,3.0,7.0,0.0,5.0,3.0,1.0,15.0,0.0,SRC_GML_MID
MID1241,1241.0,1925.0,10.0,GRC,BGR,BGR;GRC,4.0,17.0,-9.0,5.0,1.0,14.0,14.0,1.0,SRC_GML_MID
MID1243,1243.0,1938.0,3.0,LTU,POL,LTU;POL,4.0,17.0,1.0,3.0,2.0,11.0,11.0,1.0,SRC_GML_MID
MID1244,1244.0,1938.0,9.0,POL,CZE,CZE;POL,3.0,7.0,0.0,2.0,1.0,12.0,12.0,0.0,SRC_GML_MID
MID1245,1245.0,1938.0,9.0,ROU;SRB,HUN,HUN;ROU;SRB,2.0,1.0,0.0,5.0,3.0,1.0,1.0,0.0,SRC_GML_MID
MID1246,1246.0,1938.0,10.0,HUN,CZE,CZE;HUN,4.0,16.0,-9.0,1.0,1.0,22.0,22.0,1.0,SRC_GML_MID
MID1247,1247.0,1939.0,3.0,ROU,HUN,HUN;ROU,4.0,13.0,0.0,3.0,1.0,16.0,16.0,1.0,SRC_GML_MID
MID1249,1249.0,1909.0,8.0,TUR,GRC,GRC;TUR,3.0,7.0,0.0,5.0,3.0,1.0,31.0,0.0,SRC_GML_MID
MID1250,1250.0,1912.0,9.0,BGR;GRC;SRB,TUR,BGR;TUR,5.0,20.0,6.0,1.0,2.0,229.0,229.0,1.0,SRC_GML_MID
MID1251,1251.0,1913.0,4.0,BGR,GRC;ROU;SRB;TUR,BGR;SRB,5.0,20.0,6.0,2.0,2.0,115.0,115.0,1.0,SRC_GML_MID
MID1262,1262.0,1918.0,9.0,FRA;ITA;SRB,ALB,ALB;FRA;ITA;SRB,4.0,14.0,0.0,4.0,2.0,182.0,182.0,0.0,SRC_GML_MID
MID1263,1263.0,1918.0,11.0,SRB,ROU,ROU;SRB,4.0,14.0,1.0,1.0,2.0,8.0,8.0,1.0,SRC_GML_MID
MID1265,1265.0,1919.0,3.0,CZE;FRA;GBR;ITA;ROU;SRB,HUN,FRA;GBR;HUN;ITA,5.0,20.0,6.0,1.0,2.0,152.0,152.0,1.0,SRC_GML_MID
MID1268,1268.0,1919.0,1.0,CZE,POL,CZE;POL,4.0,17.0,3.0,6.0,1.0,12.0,12.0,1.0,SRC_GML_MID
MID1270,1270.0,1919.0,5.0,GRC,TUR,GRC;TUR,5.0,20.0,6.0,2.0,1.0,1257.0,1257.0,1.0,SRC_GML_MID
MID1272,1272.0,1918.0,13.0,POL,LTU;LVA,LTU;POL,4.0,17.0,5.0,1.0,1.0,689.0,689.0,1.0,SRC_GML_MID
MID1273,1273.0,1921.0,3.0,DEU,POL,DEU;POL,4.0,17.0,-9.0,6.0,1.0,215.0,215.0,1.0,SRC_GML_MID
MID1274,1274.0,1908.0,10.0,TUR,BGR,BGR;TUR,4.0,16.0,0.0,3.0,1.0,185.0,185.0,1.0,SRC_GML_MID
MID1279,1279.0,1963.0,12.0,TUR,GRC,GRC;TUR,4.0,16.0,2.0,5.0,1.0,230.0,230.0,1.0,SRC_GML_MID
MID1280,1280.0,1967.0,11.0,TUR,CYP;GRC,CYP;GRC;TUR,3.0,11.0,0.0,6.0,1.0,15.0,15.0,1.0,SRC_GML_MID
MID1284,1284.0,1948.0,7.0,GRC,ALB,ALB;GRC,4.0,16.0,1.0,5.0,1.0,17.0,17.0,1.0,SRC_GML_MID
MID1285,1285.0,1949.0,8.0,GRC,ALB,ALB;GRC,4.0,17.0,3.0,5.0,3.0,5.0,5.0,1.0,SRC_GML_MID
MID1286,1286.0,1949.0,8.0,BGR;HUN;ROU;RUS,SRB;USA,RUS;SRB,4.0,17.0,2.0,5.0,1.0,858.0,858.0,1.0,SRC_GML_MID
MID1289,1289.0,1976.0,6.0,GRC,TUR,GRC;TUR,3.0,10.0,0.0,5.0,3.0,91.0,91.0,0.0,SRC_GML_MID
MID1290,1290.0,1975.0,1.0,GRC,TUR,GRC;TUR,2.0,1.0,0.0,5.0,3.0,1.0,1.0,0.0,SRC_GML_MID
MID1292,1292.0,1974.0,3.0,TUR,GRC,GRC;TUR,3.0,11.0,0.0,5.0,1.0,70.0,70.0,1.0,SRC_GML_MID
MID1293,1293.0,1974.0,7.0,TUR,CYP;GRC,GRC;TUR,5.0,20.0,6.0,1.0,2.0,33.0,33.0,1.0,SRC_GML_MID
MID1295,1295.0,1952.0,7.0,BGR,GRC,BGR;GRC,4.0,17.0,1.0,2.0,2.0,18.0,18.0,1.0,SRC_GML_MID
MID1300,1300.0,1955.0,5.0,PAK,IND,IND;PAK,4.0,17.0,1.0,5.0,3.0,1.0,1.0,1.0,SRC_GML_MID
MID1301,1301.0,1956.0,2.0,PAK,IND,IND;PAK,4.0,17.0,1.0,5.0,3.0,32.0,32.0,1.0,SRC_GML_MID
MID1302,1302.0,1958.0,3.0,PAK,IND,IND;PAK,4.0,17.0,2.0,6.0,1.0,534.0,534.0,1.0,SRC_GML_MID
MID1303,1303.0,1960.0,9.0,AFG,PAK,AFG;PAK,4.0,17.0,0.0,5.0,3.0,24.0,24.0,1.0,SRC_GML_MID
MID1304,1304.0,1961.0,5.0,AFG,PAK,AFG;PAK,4.0,17.0,1.0,5.0,1.0,24.0,24.0,1.0,SRC_GML_MID
MID1305,1305.0,1955.0,5.0,AFG,PAK,AFG;PAK,3.0,10.0,0.0,5.0,1.0,129.0,129.0,1.0,SRC_GML_MID
MID1306,1306.0,1950.0,6.0,AFG,PAK,AFG;PAK,4.0,17.0,3.0,5.0,1.0,111.0,111.0,1.0,SRC_GML_MID
MID1307,1307.0,1949.0,3.0,AFG,PAK,AFG;PAK,4.0,16.0,0.0,5.0,3.0,4.0,4.0,1.0,SRC_GML_MID
MID1308,1308.0,1950.0,2.0,IND,PAK,IND;PAK,4.0,17.0,2.0,5.0,1.0,109.0,109.0,1.0,SRC_GML_MID
MID1310,1310.0,1962.0,9.0,PAK,IND,IND;PAK,4.0,17.0,1.0,5.0,3.0,49.0,49.0,1.0,SRC_GML_MID
MID1312,1312.0,1964.0,2.0,PAK,IND,IND;PAK,5.0,20.0,6.0,5.0,1.0,690.0,690.0,1.0,SRC_GML_MID
MID1317,1317.0,1963.0,7.0,PAK,IND,IND;PAK,4.0,14.0,0.0,6.0,1.0,155.0,215.0,0.0,SRC_GML_MID
MID1319,1319.0,1965.0,2.0,UGA,COD,COD;UGA,4.0,16.0,1.0,5.0,3.0,41.0,41.0,1.0,SRC_GML_MID
MID1321,1321.0,1960.0,7.0,BEL,COD,BEL;COD,4.0,17.0,2.0,3.0,1.0,60.0,60.0,1.0,SRC_GML_MID
MID1322,1322.0,1966.0,9.0,TCD,SDN,SDN;TCD,4.0,16.0,0.0,6.0,1.0,6.0,6.0,1.0,SRC_GML_MID
MID1323,1323.0,1969.0,1.0,CAF,TCD,CAF;TCD,4.0,13.0,0.0,6.0,1.0,34.0,34.0,0.0,SRC_GML_MID
MID1324,1324.0,1966.0,10.0,COD;MDG;SOM,ZWE,COD;MDG;SOM;ZWE,2.0,1.0,0.0,5.0,3.0,1.0,1.0,0.0,SRC_GML_MID
MID1325,1325.0,1969.0,11.0,COD,COG,COD;COG,3.0,8.0,0.0,6.0,1.0,206.0,206.0,1.0,SRC_GML_MID
MID1326,1326.0,1969.0,6.0,COG,PRT,COG;PRT,4.0,15.0,0.0,7.0,4.0,27.0,57.0,0.0,SRC_GML_MID
MID1328,1328.0,1965.0,1.0,COD,COG,COD;COG,3.0,7.0,0.0,5.0,3.0,1.0,31.0,0.0,SRC_GML_MID
MID1331,1331.0,1975.0,10.0,DZA;ESP,MAR;MRT,ESP;MAR;MRT,3.0,8.0,0.0,4.0,1.0,25.0,25.0,0.0,SRC_GML_MID
MID1333,1333.0,1976.0,8.0,ZWE,BWA,BWA;ZWE,4.0,17.0,1.0,5.0,3.0,575.0,575.0,1.0,SRC_GML_MID
MID1334,1334.0,1975.0,10.0,ZWE,BWA,BWA;ZWE,4.0,16.0,0.0,5.0,3.0,9.0,9.0,0.0,SRC_GML_MID
MID1337,1337.0,1976.0,9.0,LBY,TCD,LBY;TCD,4.0,14.0,0.0,5.0,3.0,182.0,182.0,0.0,SRC_GML_MID
MID1339,1339.0,1976.0,11.0,CMR,GAB,CMR;GAB,4.0,16.0,1.0,5.0,3.0,1.0,1.0,0.0,SRC_GML_MID
MID1340,1340.0,1972.0,8.0,GNQ,GAB,GAB;GNQ,4.0,16.0,0.0,6.0,1.0,83.0,83.0,1.0,SRC_GML_MID
MID1342,1342.0,1973.0,5.0,PRT,MWI,MWI;PRT,4.0,17.0,0.0,5.0,3.0,1.0,1.0,1.0,SRC_GML_MID
MID1343,1343.0,1967.0,10.0,PAK,IND,IND;PAK,4.0,17.0,1.0,5.0,3.0,1.0,1.0,1.0,SRC_GML_MID
MID1344,1344.0,1953.0,2.0,KOR,JPN,JPN;KOR,4.0,16.0,0.0,5.0,3.0,406.0,406.0,0.0,SRC_GML_MID
MID1345,1345.0,1954.0,7.0,KOR,JPN,JPN;KOR,4.0,14.0,0.0,5.0,3.0,185.0,185.0,0.0,SRC_GML_MID
MID1346,1346.0,1955.0,8.0,KOR,JPN,JPN;KOR,4.0,16.0,0.0,5.0,3.0,1.0,29.0,0.0,SRC_GML_MID
MID1347,1347.0,1958.0,1.0,KOR,JPN,JPN;KOR,4.0,16.0,0.0,5.0,3.0,2214.0,2214.0,0.0,SRC_GML_MID
MID1350,1350.0,1958.0,12.0,LAO,VNM,LAO;VNM,4.0,16.0,0.0,5.0,3.0,377.0,377.0,1.0,SRC_GML_MID
MID1351,1351.0,1966.0,3.0,CIV,GIN,CIV;GIN,4.0,17.0,1.0,3.0,3.0,40.0,40.0,1.0,SRC_GML_MID
MID1352,1352.0,1967.0,2.0,GIN,CIV,CIV;GIN,4.0,15.0,0.0,7.0,1.0,219.0,219.0,1.0,SRC_GML_MID
MID1353,1353.0,1962.0,1.0,CHN;RUS;VNM,AUS;GBR;LAO;NZL;THA;USA,CHN;LAO,5.0,20.0,6.0,6.0,1.0,4064.0,4064.0,1.0,SRC_GML_MID
MID1360,1360.0,1969.0,3.0,VNM,KHM,KHM;VNM,4.0,17.0,4.0,9.0,3.0,372.0,372.0,1.0,SRC_GML_MID
MID1361,1361.0,1964.0,1.0,RWA,BDI,BDI;RWA,4.0,16.0,0.0,5.0,3.0,5.0,5.0,0.0,SRC_GML_MID
MID1362,1362.0,1973.0,3.0,BDI,TZA,BDI;TZA,4.0,16.0,0.0,6.0,1.0,129.0,129.0,0.0,SRC_GML_MID
MID1363,1363.0,1960.0,12.0,CHN;RUS;VNM,LAO;THA;USA,LAO;RUS,4.0,17.0,-9.0,5.0,1.0,139.0,139.0,1.0,SRC_GML_MID
MID1364,1364.0,1972.0,4.0,PRT,TZA,PRT;TZA,4.0,17.0,1.0,5.0,3.0,1.0,1.0,1.0,SRC_GML_MID
MID1366,1366.0,1965.0,5.0,KEN,UGA,KEN;UGA,4.0,15.0,0.0,7.0,1.0,11.0,11.0,0.0,SRC_GML_MID
MID1367,1367.0,1973.0,2.0,UGA,KEN,KEN;UGA,4.0,16.0,0.0,5.0,3.0,1.0,1.0,0.0,SRC_GML_MID
MID1368,1368.0,1976.0,2.0,KEN,UGA,KEN;UGA,4.0,16.0,0.0,3.0,1.0,210.0,210.0,1.0,SRC_GML_MID
MID1369,1369.0,1959.0,8.0,PAK,MMR,MMR;PAK,4.0,16.0,0.0,5.0,3.0,1.0,1.0,0.0,SRC_GML_MID
MID1374,1374.0,1950.0,1.0,TWN,MMR,MMR;TWN,5.0,20.0,6.0,5.0,1.0,1127.0,1157.0,1.0,SRC_GML_MID
MID1376,1376.0,1975.0,7.0,LAO,THA,LAO;THA,4.0,17.0,1.0,6.0,1.0,177.0,177.0,1.0,SRC_GML_MID
MID1377,1377.0,1976.0,7.0,ISR,UGA,ISR;UGA,4.0,17.0,1.0,5.0,3.0,1.0,1.0,1.0,SRC_GML_MID
MID1378,1378.0,1967.0,2.0,SOM,ETH;KEN,ETH;SOM,4.0,17.0,2.0,6.0,1.0,243.0,270.0,1.0,SRC_GML_MID
MID1379,1379.0,1962.0,6.0,PRK,KOR;USA,PRK;USA,4.0,17.0,4.0,5.0,3.0,3396.0,3396.0,1.0,SRC_GML_MID
MID1380,1380.0,1971.0,1.0,UGA,TZA,TZA;UGA,4.0,17.0,3.0,6.0,1.0,301.0,301.0,1.0,SRC_GML_MID
MID1381,1381.0,1972.0,9.0,TZA,LBY;UGA,TZA;UGA,4.0,17.0,3.0,5.0,1.0,254.0,254.0,1.0,SRC_GML_MID
MID1382,1382.0,1974.0,7.0,UGA,SDN;TZA;ZMB,TZA;UGA,4.0,15.0,0.0,5.0,3.0,422.0,422.0,1.0,SRC_GML_MID
MID1384,1384.0,1974.0,7.0,SEN,GMB,GMB;SEN,4.0,16.0,0.0,6.0,1.0,15.0,15.0,0.0,SRC_GML_MID
MID1385,1385.0,1969.0,11.0,PRT,SEN,PRT;SEN,4.0,16.0,0.0,5.0,3.0,766.0,766.0,1.0,SRC_GML_MID
MID1386,1386.0,1973.0,1.0,PRT,GIN,GIN;PRT,3.0,12.0,0.0,5.0,3.0,1.0,1.0,1.0,SRC_GML_MID
MID1387,1387.0,1961.0,12.0,PRT,SEN,PRT;SEN,3.0,12.0,0.0,5.0,3.0,6.0,6.0,0.0,SRC_GML_MID
MID1389,1389.0,1972.0,5.0,PRT,SEN,PRT;SEN,4.0,16.0,1.0,5.0,3.0,1.0,1.0,0.0,SRC_GML_MID
MID1390,1390.0,1972.0,12.0,PRT;ZAF;ZWE,ZMB,PRT;ZMB,4.0,16.0,0.0,5.0,3.0,155.0,155.0,1.0,SRC_GML_MID
MID1391,1391.0,1971.0,3.0,PRT,ZMB,PRT;ZMB,4.0,15.0,0.0,5.0,3.0,36.0,36.0,0.0,SRC_GML_MID
MID1392,1392.0,1966.0,5.0,PRT,ZMB,PRT;ZMB,4.0,17.0,1.0,5.0,1.0,1178.0,1178.0,1.0,SRC_GML_MID
MID1396,1396.0,1974.0,11.0,ZWE,ZMB,ZMB;ZWE,4.0,17.0,0.0,5.0,3.0,1.0,1.0,1.0,SRC_GML_MID
MID1399,1399.0,1969.0,3.0,ZMB,ZWE,ZMB;ZWE,3.0,11.0,0.0,5.0,3.0,1.0,1.0,0.0,SRC_GML_MID
MID1400,1400.0,1968.0,4.0,ZAF,ZMB,ZAF;ZMB,2.0,1.0,0.0,5.0,3.0,113.0,113.0,0.0,SRC_GML_MID
MID1401,1401.0,1966.0,11.0,ZWE,ZMB,ZMB;ZWE,4.0,16.0,0.0,5.0,3.0,1.0,1.0,0.0,SRC_GML_MID
MID1403,1403.0,1968.0,5.0,SDN,UGA,SDN;UGA,4.0,16.0,0.0,5.0,3.0,5.0,5.0,0.0,SRC_GML_MID
MID1404,1404.0,1971.0,12.0,UGA,SDN,SDN;UGA,4.0,14.0,0.0,5.0,3.0,3.0,3.0,1.0,SRC_GML_MID
MID1406,1406.0,1969.0,2.0,ESP,GNQ,ESP;GNQ,4.0,14.0,0.0,5.0,3.0,36.0,63.0,0.0,SRC_GML_MID
MID1407,1407.0,1963.0,12.0,BEN,NER,BEN;NER,4.0,13.0,0.0,6.0,1.0,66.0,96.0,0.0,SRC_GML_MID
MID1408,1408.0,1966.0,10.0,GIN,GHA,GHA;GIN,4.0,15.0,0.0,7.0,1.0,6.0,36.0,1.0,SRC_GML_MID
MID1410,1410.0,1962.0,7.0,MRT,MLI,MLI;MRT,4.0,17.0,0.0,5.0,3.0,1.0,1.0,1.0,SRC_GML_MID
MID1411,1411.0,1974.0,11.0,MLI,BFA,BFA;MLI,4.0,17.0,1.0,6.0,1.0,206.0,206.0,1.0,SRC_GML_MID
MID1418,1418.0,1963.0,1.0,GHA,TGO,GHA;TGO,3.0,7.0,0.0,5.0,3.0,1.0,31.0,0.0,SRC_GML_MID
MID1419,1419.0,1965.0,1.0,GHA,TGO,GHA;TGO,4.0,16.0,1.0,7.0,1.0,134.0,134.0,1.0,SRC_GML_MID
MID1422,1422.0,1967.0,6.0,ETH,SDN,ETH;SDN,4.0,17.0,0.0,5.0,3.0,31.0,31.0,1.0,SRC_GML_MID
MID1423,1423.0,1960.0,8.0,ETH,SOM,ETH;SOM,4.0,16.0,0.0,6.0,1.0,385.0,385.0,0.0,SRC_GML_MID
MID1425,1425.0,1963.0,11.0,SOM,ETH,ETH;SOM,4.0,17.0,3.0,5.0,1.0,156.0,156.0,1.0,SRC_GML_MID
MID1426,1426.0,1963.0,12.0,GBR;KEN,SOM,KEN;SOM,4.0,17.0,0.0,5.0,1.0,95.0,95.0,1.0,SRC_GML_MID
MID1427,1427.0,1974.0,5.0,SOM,ETH,ETH;SOM,4.0,15.0,0.0,7.0,1.0,3.0,3.0,1.0,SRC_GML_MID
MID1428,1428.0,1975.0,12.0,SOM,ETH,ETH;SOM,4.0,17.0,1.0,5.0,3.0,1.0,20.0,1.0,SRC_GML_MID
MID1430,1430.0,1975.0,10.0,MOZ;ZMB,ZWE,MOZ;ZWE,4.0,17.0,-9.0,5.0,3.0,781.0,781.0,1.0,SRC_GML_MID
MID1435,1435.0,1975.0,5.0,VNM,KHM,KHM;VNM,5.0,20.0,6.0,1.0,2.0,1318.0,1348.0,1.0,SRC_GML_MID
MID1441,1441.0,1975.0,8.0,COD;ZAF;ZMB,AGO;CUB;MOZ,AGO;ZAF,5.0,20.0,6.0,6.0,1.0,4758.0,4758.0,1.0,SRC_GML_MID
MID1447,1447.0,1971.0,4.0,IND,PAK,IND;PAK,5.0,20.0,6.0,2.0,1.0,454.0,454.0,1.0,SRC_GML_MID
MID1448,1448.0,1953.0,10.0,TWN,POL,POL;TWN,4.0,15.0,0.0,5.0,3.0,224.0,224.0,0.0,SRC_GML_MID
MID1450,1450.0,1975.0,9.0,IDN,PRT,IDN;PRT,4.0,16.0,0.0,7.0,3.0,325.0,325.0,0.0,SRC_GML_MID
MID1452,1452.0,1956.0,6.0,TWN,PHL;VDR,PHL;TWN;VDR,4.0,15.0,0.0,5.0,3.0,95.0,124.0,1.0,SRC_GML_MID
MID1462,1462.0,1968.0,10.0,IND,NPL,IND;NPL,4.0,15.0,0.0,7.0,1.0,54.0,54.0,0.0,SRC_GML_MID
MID1463,1463.0,1965.0,3.0,IND,NPL,IND;NPL,4.0,15.0,0.0,7.0,1.0,3.0,3.0,1.0,SRC_GML_MID
MID1466,1466.0,1962.0,3.0,CHN;NPL,IND,IND;NPL,4.0,16.0,0.0,5.0,3.0,192.0,192.0,1.0,SRC_GML_MID
MID1469,1469.0,1976.0,4.0,BGD,IND,BGD;IND,4.0,17.0,1.0,5.0,3.0,2.0,2.0,1.0,SRC_GML_MID
MID1472,1472.0,1975.0,2.0,KOR;USA,PRK,KOR;PRK,4.0,17.0,1.0,5.0,3.0,199.0,199.0,1.0,SRC_GML_MID
MID1477,1477.0,1918.0,3.0,SWE,DEU,DEU;SWE,3.0,7.0,0.0,4.0,2.0,55.0,55.0,1.0,SRC_GML_MID
MID1480,1480.0,1967.0,6.0,ISR,EGY;RUS,EGY;ISR,5.0,20.0,6.0,5.0,1.0,1136.0,1136.0,1.0,SRC_GML_MID
MID1481,1481.0,1974.0,11.0,ISL,DEU,DEU;ISL,4.0,15.0,0.0,7.0,3.0,1.0,1.0,0.0,SRC_GML_MID
MID1482,1482.0,1865.0,2.0,ESP,BOL;CHL;ECU;PER,CHL;ESP,4.0,18.0,5.0,4.0,3.0,459.0,459.0,1.0,SRC_GML_MID
MID1486,1486.0,1884.0,12.0,JPN,CHN,CHN;JPN,4.0,17.0,1.0,5.0,1.0,136.0,136.0,1.0,SRC_GML_MID
MID1488,1488.0,1885.0,10.0,CHN;GBR;USA,JPN,CHN;GBR;JPN;USA,3.0,7.0,0.0,5.0,3.0,2.0,61.0,0.0,SRC_GML_MID
MID1489,1489.0,1874.0,3.0,JPN,CHN,CHN;JPN,4.0,16.0,0.0,4.0,1.0,216.0,216.0,1.0,SRC_GML_MID
MID1490,1490.0,1894.0,6.0,JPN,CHN;KOR,CHN;JPN;KOR,5.0,20.0,6.0,1.0,2.0,317.0,317.0,1.0,SRC_GML_MID
MID1493,1493.0,1849.0,6.0,VEN,NLD,NLD;VEN,4.0,15.0,0.0,5.0,3.0,1.0,30.0,1.0,SRC_GML_MID
MID1494,1494.0,1854.0,12.0,VEN,NLD,NLD;VEN,4.0,14.0,0.0,1.0,2.0,183.0,183.0,0.0,SRC_GML_MID
MID1495,1495.0,1856.0,3.0,NLD,VEN,NLD;VEN,3.0,7.0,0.0,4.0,3.0,1.0,1.0,0.0,SRC_GML_MID
MID1497,1497.0,1870.0,6.0,VEN,NLD,NLD;VEN,4.0,15.0,0.0,5.0,3.0,40.0,69.0,1.0,SRC_GML_MID
MID1498,1498.0,1846.0,11.0,CHL;PER,ESP,ESP;PER,3.0,8.0,0.0,4.0,3.0,31.0,31.0,0.0,SRC_GML_MID
MID1500,1500.0,1857.0,8.0,CHL,BOL,BOL;CHL,4.0,14.0,0.0,1.0,2.0,185.0,185.0,0.0,SRC_GML_MID
MID1502,1502.0,1863.0,1.0,CHL,BOL,BOL;CHL,3.0,7.0,0.0,5.0,3.0,311.0,341.0,1.0,SRC_GML_MID
MID1503,1503.0,1872.0,8.0,PER,CHL,CHL;PER,3.0,7.0,0.0,5.0,3.0,1.0,31.0,0.0,SRC_GML_MID
MID1506,1506.0,1852.0,4.0,COL,CHL;PER,COL;PER,3.0,7.0,0.0,6.0,1.0,338.0,338.0,1.0,SRC_GML_MID
MID1507,1507.0,1843.0,9.0,CHL,ARG,ARG;CHL,4.0,14.0,0.0,1.0,2.0,183.0,183.0,0.0,SRC_GML_MID
MID1508,1508.0,1873.0,4.0,CHL,ARG,ARG;CHL,3.0,7.0,0.0,5.0,3.0,210.0,239.0,1.0,SRC_GML_MID
MID1510,1510.0,1878.0,10.0,CHL,ARG,ARG;CHL,4.0,15.0,0.0,6.0,1.0,53.0,53.0,1.0,SRC_GML_MID
MID1511,1511.0,1879.0,5.0,ARG,CHL,ARG;CHL,4.0,14.0,0.0,1.0,3.0,155.0,214.0,0.0,SRC_GML_MID
MID1512,1512.0,1891.0,12.0,USA,CHL,CHL;USA,2.0,1.0,0.0,4.0,1.0,1.0,31.0,0.0,SRC_GML_MID
MID1513,1513.0,1897.0,10.0,CHL,ARG,ARG;CHL,3.0,11.0,0.0,3.0,1.0,368.0,398.0,1.0,SRC_GML_MID
MID1515,1515.0,1884.0,3.0,CHL,PER,CHL;PER,2.0,3.0,0.0,4.0,2.0,1.0,31.0,0.0,SRC_GML_MID
MID1517,1517.0,1883.0,1.0,FRA;GBR;ITA,CHL,CHL;FRA;GBR;ITA,2.0,1.0,0.0,5.0,3.0,1.0,1.0,0.0,SRC_GML_MID
MID1518,1518.0,1878.0,11.0,CHL,BOL;PER,BOL;CHL,5.0,20.0,6.0,1.0,2.0,1808.0,1808.0,1.0,SRC_GML_MID
MID1519,1519.0,1863.0,8.0,COL,ECU,COL;ECU,4.0,17.0,3.0,1.0,1.0,122.0,152.0,1.0,SRC_GML_MID
MID1520,1520.0,1862.0,6.0,COL,ECU,COL;ECU,4.0,17.0,2.0,1.0,2.0,43.0,43.0,1.0,SRC_GML_MID
MID1521,1521.0,1857.0,11.0,ECU,COL,COL;ECU,4.0,16.0,0.0,6.0,1.0,1.0,30.0,0.0,SRC_GML_MID
MID1522,1522.0,1856.0,6.0,USA,COL,COL;USA,2.0,1.0,0.0,4.0,3.0,109.0,109.0,0.0,SRC_GML_MID
MID1524,1524.0,1834.0,8.0,COL,USA,COL;USA,4.0,15.0,0.0,7.0,1.0,1.0,1.0,0.0,SRC_GML_MID
MID1526,1526.0,1874.0,3.0,BRA,ARG,ARG;BRA,3.0,7.0,0.0,5.0,3.0,1.0,1.0,0.0,SRC_GML_MID
MID1527,1527.0,1872.0,3.0,BRA,ARG,ARG;BRA,3.0,10.0,0.0,6.0,1.0,243.0,243.0,1.0,SRC_GML_MID
MID1528,1528.0,1851.0,4.0,BRA,ARG,ARG;BRA,5.0,20.0,6.0,1.0,2.0,280.0,309.0,1.0,SRC_GML_MID
MID1529,1529.0,1891.0,2.0,USA,HTI,HTI;USA,3.0,7.0,0.0,3.0,1.0,61.0,61.0,0.0,SRC_GML_MID
MID1530,1530.0,1888.0,10.0,HTI,USA,HTI;USA,4.0,15.0,0.0,7.0,2.0,66.0,66.0,1.0,SRC_GML_MID
MID1531,1531.0,1882.0,2.0,USA,HTI,HTI;USA,2.0,1.0,0.0,6.0,1.0,1.0,1.0,0.0,SRC_GML_MID
MID1532,1532.0,1869.0,11.0,USA,HTI,HTI;USA,3.0,7.0,0.0,5.0,3.0,1.0,30.0,0.0,SRC_GML_MID
MID1533,1533.0,1876.0,1.0,GTM,SLV,GTM;SLV,5.0,20.0,6.0,1.0,2.0,99.0,129.0,1.0,SRC_GML_MID
MID1534,1534.0,1890.0,6.0,GTM,SLV,GTM;SLV,4.0,17.0,2.0,4.0,1.0,65.0,65.0,1.0,SRC_GML_MID
MID1535,1535.0,1885.0,2.0,GTM,MEX;SLV;USA,GTM;SLV,5.0,20.0,6.0,2.0,2.0,47.0,47.0,1.0,SRC_GML_MID
MID1540,1540.0,1840.0,12.0,ESP,PRT,ESP;PRT,3.0,7.0,0.0,4.0,1.0,165.0,165.0,1.0,SRC_GML_MID
MID1541,1541.0,1893.0,9.0,MEX,USA,MEX;USA,4.0,15.0,0.0,5.0,1.0,12.0,41.0,1.0,SRC_GML_MID
MID1542,1542.0,1886.0,6.0,MEX,USA,MEX;USA,4.0,15.0,0.0,7.0,1.0,55.0,55.0,0.0,SRC_GML_MID
MID1543,1543.0,1880.0,2.0,USA,MEX,MEX;USA,3.0,7.0,0.0,5.0,3.0,1.0,29.0,0.0,SRC_GML_MID
MID1544,1544.0,1876.0,9.0,MEX,USA,MEX;USA,4.0,16.0,0.0,5.0,3.0,424.0,424.0,1.0,SRC_GML_MID
MID1545,1545.0,1875.0,3.0,MEX,USA,MEX;USA,4.0,17.0,0.0,5.0,1.0,79.0,79.0,1.0,SRC_GML_MID
MID1547,1547.0,1873.0,5.0,USA,MEX,MEX;USA,3.0,12.0,0.0,6.0,1.0,40.0,40.0,0.0,SRC_GML_MID
MID1548,1548.0,1859.0,11.0,USA,MEX,MEX;USA,3.0,7.0,0.0,6.0,1.0,47.0,47.0,0.0,SRC_GML_MID
MID1549,1549.0,1860.0,3.0,USA,MEX,MEX;USA,4.0,17.0,1.0,1.0,3.0,15.0,15.0,1.0,SRC_GML_MID
MID1550,1550.0,1855.0,10.0,USA,MEX,MEX;USA,3.0,7.0,0.0,5.0,3.0,6.0,6.0,0.0,SRC_GML_MID
MID1551,1551.0,1850.0,11.0,USA,MEX,MEX;USA,2.0,3.0,0.0,3.0,1.0,1.0,30.0,0.0,SRC_GML_MID
MID1552,1552.0,1843.0,8.0,USA,MEX,MEX;USA,5.0,20.0,6.0,1.0,2.0,1625.0,1625.0,1.0,SRC_GML_MID
MID1553,1553.0,1838.0,2.0,MEX,USA,MEX;USA,3.0,7.0,0.0,3.0,3.0,33.0,89.0,1.0,SRC_GML_MID
MID1554,1554.0,1836.0,12.0,MEX,USA,MEX;USA,4.0,15.0,0.0,7.0,1.0,107.0,137.0,1.0,SRC_GML_MID
MID1555,1555.0,1836.0,4.0,USA,MEX,MEX;USA,4.0,14.0,0.0,5.0,3.0,89.0,119.0,0.0,SRC_GML_MID
MID1556,1556.0,1835.0,5.0,USA,MEX,MEX;USA,4.0,16.0,0.0,7.0,3.0,307.0,366.0,1.0,SRC_GML_MID
MID1557,1557.0,1898.0,1.0,USA,ESP,ESP;USA,5.0,20.0,6.0,1.0,2.0,222.0,222.0,1.0,SRC_GML_MID
MID1563,1563.0,1864.0,4.0,ESP,CHL;PER,ESP;PER,4.0,14.0,0.0,6.0,1.0,289.0,289.0,1.0,SRC_GML_MID
MID1564,1564.0,1855.0,3.0,ESP,USA,ESP;USA,4.0,15.0,0.0,5.0,3.0,14.0,14.0,1.0,SRC_GML_MID
MID1565,1565.0,1854.0,2.0,ESP,USA,ESP;USA,4.0,15.0,0.0,7.0,1.0,40.0,40.0,1.0,SRC_GML_MID
MID1566,1566.0,1850.0,5.0,ESP,USA,ESP;USA,4.0,15.0,0.0,6.0,1.0,39.0,69.0,1.0,SRC_GML_MID
MID1567,1567.0,1818.0,3.0,USA,ESP,ESP;USA,4.0,16.0,1.0,1.0,1.0,76.0,76.0,1.0,SRC_GML_MID
MID1569,1569.0,1896.0,12.0,GRC,TUR,GRC;TUR,5.0,20.0,6.0,2.0,1.0,141.0,171.0,1.0,SRC_GML_MID
MID1571,1571.0,1882.0,8.0,TUR,GRC,GRC;TUR,4.0,17.0,1.0,5.0,1.0,9.0,9.0,1.0,SRC_GML_MID
MID1573,1573.0,1878.0,1.0,GRC,TUR,GRC;TUR,4.0,18.0,0.0,3.0,3.0,31.0,31.0,1.0,SRC_GML_MID
MID1574,1574.0,1878.0,2.0,GRC,TUR,GRC;TUR,3.0,7.0,0.0,5.0,3.0,3.0,3.0,1.0,SRC_GML_MID
MID1575,1575.0,1868.0,11.0,GRC,TUR,GRC;TUR,4.0,17.0,0.0,3.0,1.0,63.0,63.0,1.0,SRC_GML_MID
MID1576,1576.0,1866.0,10.0,GRC,TUR,GRC;TUR,3.0,7.0,0.0,5.0,3.0,1.0,1.0,0.0,SRC_GML_MID
MID1579,1579.0,1829.0,9.0,TUR,GRC,GRC;TUR,4.0,17.0,4.0,4.0,1.0,1.0,25.0,1.0,SRC_GML_MID
MID1580,1580.0,1859.0,10.0,ESP,MAR,ESP;MAR,5.0,20.0,6.0,1.0,2.0,185.0,185.0,1.0,SRC_GML_MID
MID1581,1581.0,1893.0,10.0,ESP,MAR,ESP;MAR,4.0,16.0,0.0,4.0,1.0,180.0,180.0,0.0,SRC_GML_MID
MID1586,1586.0,1846.0,1.0,ARG,PRY,ARG;PRY,4.0,13.0,0.0,5.0,3.0,173.0,173.0,1.0,SRC_GML_MID
MID1587,1587.0,1850.0,9.0,BRA,PRY,BRA;PRY,4.0,17.0,0.0,2.0,3.0,15.0,44.0,1.0,SRC_GML_MID
MID1588,1588.0,1854.0,12.0,BRA,PRY,BRA;PRY,3.0,7.0,0.0,6.0,1.0,138.0,138.0,0.0,SRC_GML_MID
MID1589,1589.0,1862.0,4.0,BRA,PRY,BRA;PRY,4.0,16.0,0.0,5.0,3.0,2.0,61.0,1.0,SRC_GML_MID
MID1590,1590.0,1863.0,8.0,PRY,ARG;BRA,BRA;PRY,5.0,20.0,6.0,2.0,2.0,2376.0,2376.0,1.0,SRC_GML_MID
MID1593,1593.0,1858.0,10.0,PER,ECU,ECU;PER,4.0,14.0,0.0,1.0,2.0,452.0,482.0,0.0,SRC_GML_MID
MID1594,1594.0,1859.0,3.0,PER,ESP,ESP;PER,4.0,15.0,0.0,7.0,4.0,1.0,31.0,0.0,SRC_GML_MID
MID1595,1595.0,1862.0,8.0,ESP,CHL;PER,CHL;ESP;PER,3.0,7.0,0.0,5.0,3.0,185.0,185.0,0.0,SRC_GML_MID
MID1596,1596.0,1893.0,9.0,PER,ECU,ECU;PER,4.0,15.0,0.0,6.0,1.0,116.0,145.0,1.0,SRC_GML_MID
MID1597,1597.0,1899.0,10.0,PER,COL,COL;PER,4.0,14.0,0.0,1.0,2.0,153.0,212.0,0.0,SRC_GML_MID
MID1598,1598.0,1912.0,4.0,PER,COL,COL;PER,3.0,7.0,0.0,5.0,3.0,1.0,30.0,0.0,SRC_GML_MID
MID1599,1599.0,1889.0,10.0,USA,HTI,HTI;USA,3.0,7.0,0.0,5.0,3.0,1.0,31.0,0.0,SRC_GML_MID
MID1600,1600.0,1866.0,7.0,BOL,ARG,ARG;BOL,3.0,7.0,0.0,5.0,3.0,1.0,31.0,0.0,SRC_GML_MID
MID1601,1601.0,1887.0,12.0,PRY,BOL,BOL;PRY,4.0,14.0,0.0,4.0,3.0,184.0,184.0,0.0,SRC_GML_MID
MID1603,1603.0,1949.0,5.0,SYR,LBN,LBN;SYR,4.0,16.0,0.0,7.0,1.0,24.0,24.0,1.0,SRC_GML_MID
MID1605,1605.0,1970.0,3.0,THA,KHM,KHM;THA,4.0,14.0,0.0,3.0,1.0,40.0,70.0,0.0,SRC_GML_MID
MID1608,1608.0,1965.0,11.0,CHL,ARG,ARG;CHL,4.0,17.0,1.0,6.0,1.0,36.0,36.0,1.0,SRC_GML_MID
MID1609,1609.0,1967.0,8.0,CHL,ARG,ARG;CHL,4.0,15.0,0.0,5.0,1.0,264.0,264.0,1.0,SRC_GML_MID
MID1610,1610.0,1968.0,2.0,THA,KHM,KHM;THA,4.0,17.0,1.0,5.0,3.0,172.0,172.0,1.0,SRC_GML_MID
MID1612,1612.0,1972.0,12.0,IRQ,KWT;SAU,IRQ;KWT,4.0,17.0,1.0,3.0,1.0,107.0,107.0,1.0,SRC_GML_MID
MID1613,1613.0,1975.0,3.0,IRQ,KWT,IRQ;KWT,4.0,17.0,1.0,5.0,1.0,111.0,111.0,1.0,SRC_GML_MID
MID1614,1614.0,1941.0,12.0,NIC,BGR;HUN;ROU,BGR;HUN;NIC;ROU,4.0,18.0,0.0,9.0,4.0,1.0,1.0,0.0,SRC_GML_MID
MID1622,1622.0,1826.0,10.0,GBR,BRA,BRA;GBR,2.0,1.0,0.0,4.0,1.0,24.0,24.0,0.0,SRC_GML_MID
MID1623,1623.0,1836.0,5.0,COL,GBR,COL;GBR,4.0,15.0,0.0,7.0,1.0,257.0,257.0,0.0,SRC_GML_MID
MID1625,1625.0,1845.0,6.0,GBR,BRA,BRA;GBR,4.0,15.0,0.0,5.0,3.0,347.0,347.0,0.0,SRC_GML_MID
MID1627,1627.0,1849.0,8.0,GBR,BRA,BRA;GBR,4.0,16.0,0.0,4.0,2.0,1038.0,1038.0,1.0,SRC_GML_MID
MID1628,1628.0,1858.0,5.0,FRA;GBR,VEN,FRA;GBR;VEN,4.0,13.0,0.0,6.0,1.0,89.0,119.0,0.0,SRC_GML_MID
MID1629,1629.0,1859.0,11.0,GBR,PRY,GBR;PRY,4.0,15.0,0.0,7.0,1.0,2.0,2.0,0.0,SRC_GML_MID
MID1630,1630.0,1859.0,5.0,VEN,GBR,GBR;VEN,4.0,15.0,0.0,5.0,3.0,1.0,31.0,0.0,SRC_GML_MID
MID1631,1631.0,1860.0,12.0,USA,ESP;FRA;GBR,ESP;FRA;GBR;USA,2.0,1.0,0.0,5.0,3.0,1.0,1.0,0.0,SRC_GML_MID
MID1632,1632.0,1872.0,6.0,DEU,HTI,DEU;HTI,4.0,16.0,0.0,1.0,3.0,2.0,2.0,0.0,SRC_GML_MID
MID1633,1633.0,1876.0,1.0,CHL,FRA,CHL;FRA,4.0,15.0,0.0,5.0,3.0,88.0,118.0,1.0,SRC_GML_MID
MID1635,1635.0,1877.0,7.0,AUT,ITA,AUT;ITA,3.0,10.0,0.0,5.0,3.0,102.0,131.0,1.0,SRC_GML_MID
MID1637,1637.0,1881.0,1.0,GBR,USA;VEN,GBR;USA;VEN,3.0,7.0,0.0,3.0,3.0,152.0,212.0,1.0,SRC_GML_MID
MID1639,1639.0,1886.0,10.0,GBR,VEN,GBR;VEN,4.0,14.0,0.0,1.0,2.0,275.0,335.0,1.0,SRC_GML_MID
MID1642,1642.0,1890.0,10.0,ITA,GBR,GBR;ITA,3.0,7.0,0.0,6.0,1.0,1.0,1.0,0.0,SRC_GML_MID
MID1643,1643.0,1891.0,1.0,FRA;GBR,CHL,CHL;GBR,3.0,7.0,0.0,2.0,2.0,5.0,35.0,0.0,SRC_GML_MID
MID1644,1644.0,1895.0,1.0,FRA,DOM;USA,DOM;FRA,3.0,7.0,0.0,6.0,1.0,61.0,61.0,1.0,SRC_GML_MID
MID1645,1645.0,1895.0,1.0,GBR,BRA,BRA;GBR,4.0,14.0,0.0,5.0,3.0,182.0,182.0,0.0,SRC_GML_MID
MID1646,1646.0,1895.0,5.0,FRA,BRA,BRA;FRA,4.0,17.0,2.0,6.0,1.0,77.0,107.0,1.0,SRC_GML_MID
MID1647,1647.0,1895.0,5.0,FRA,BRA,BRA;FRA,4.0,17.0,-9.0,6.0,1.0,307.0,307.0,1.0,SRC_GML_MID
MID1648,1648.0,1897.0,9.0,HTI,DEU,DEU;HTI,4.0,15.0,0.0,7.0,2.0,77.0,77.0,1.0,SRC_GML_MID
MID1649,1649.0,1899.0,10.0,GBR,PRT,GBR;PRT,2.0,2.0,0.0,4.0,3.0,4.0,4.0,0.0,SRC_GML_MID
MID1650,1650.0,1905.0,6.0,USA,CHN,CHN;USA,3.0,7.0,0.0,5.0,3.0,1.0,30.0,0.0,SRC_GML_MID
MID1653,1653.0,1911.0,1.0,USA,MEX,MEX;USA,4.0,16.0,0.0,5.0,3.0,408.0,408.0,1.0,SRC_GML_MID
MID1654,1654.0,1914.0,8.0,GBR,NLD,GBR;NLD,4.0,15.0,0.0,5.0,3.0,42.0,42.0,0.0,SRC_GML_MID
MID1656,1656.0,1915.0,2.0,DEU,NOR,DEU;NOR,4.0,16.0,0.0,5.0,3.0,1333.0,1333.0,0.0,SRC_GML_MID
MID1660,1660.0,1917.0,2.0,FRA;GBR,SWE,FRA;GBR;SWE,4.0,15.0,0.0,7.0,1.0,97.0,97.0,0.0,SRC_GML_MID
MID1661,1661.0,1914.0,10.0,DEU,NLD,DEU;NLD,4.0,16.0,0.0,8.0,3.0,1425.0,1425.0,1.0,SRC_GML_MID
MID1665,1665.0,1921.0,1.0,USA,CUB,CUB;USA,2.0,1.0,0.0,4.0,1.0,1.0,1.0,0.0,SRC_GML_MID
MID1666,1666.0,1921.0,5.0,USA,SLV,SLV;USA,3.0,7.0,0.0,5.0,3.0,1.0,31.0,0.0,SRC_GML_MID
MID1668,1668.0,1922.0,11.0,RUS,CHN,CHN;RUS,4.0,13.0,0.0,4.0,1.0,304.0,333.0,0.0,SRC_GML_MID
MID1669,1669.0,1923.0,1.0,ITA,ETH,ETH;ITA,4.0,14.0,0.0,1.0,2.0,152.0,212.0,0.0,SRC_GML_MID
MID1670,1670.0,1926.0,4.0,FRA,ITA,FRA;ITA,3.0,7.0,0.0,5.0,3.0,63.0,122.0,0.0,SRC_GML_MID
MID1671,1671.0,1926.0,9.0,ITA,FRA,FRA;ITA,4.0,16.0,0.0,5.0,3.0,296.0,296.0,1.0,SRC_GML_MID
MID1672,1672.0,1927.0,10.0,ITA,ESP;FRA;GBR,ESP;FRA;GBR;ITA,3.0,7.0,0.0,6.0,1.0,4.0,4.0,0.0,SRC_GML_MID
MID1674,1674.0,1927.0,2.0,CHN,RUS,CHN;RUS,4.0,15.0,0.0,7.0,3.0,135.0,135.0,1.0,SRC_GML_MID
MID1677,1677.0,1933.0,8.0,USA,CUB,CUB;USA,4.0,13.0,0.0,4.0,3.0,147.0,177.0,0.0,SRC_GML_MID
MID1683,1683.0,1883.0,3.0,GBR,HTI,GBR;HTI,4.0,16.0,0.0,6.0,1.0,425.0,455.0,1.0,SRC_GML_MID
MID1685,1685.0,1939.0,9.0,EST,POL,EST;POL,4.0,17.0,0.0,5.0,3.0,8.0,8.0,1.0,SRC_GML_MID
MID1686,1686.0,1939.0,8.0,CHE,DEU,CHE;DEU,3.0,10.0,0.0,5.0,3.0,4.0,33.0,0.0,SRC_GML_MID
MID1693,1693.0,1942.0,6.0,DEU,ARG,ARG;DEU,4.0,16.0,0.0,5.0,1.0,1.0,1.0,0.0,SRC_GML_MID
MID1694,1694.0,1942.0,1.0,THA,GBR;USA,GBR;THA;USA,4.0,18.0,0.0,9.0,3.0,1.0,1.0,1.0,SRC_GML_MID
MID1695,1695.0,1944.0,2.0,DEU,HUN,DEU;HUN,4.0,17.0,0.0,1.0,3.0,205.0,233.0,1.0,SRC_GML_MID
MID1698,1698.0,1947.0,2.0,ARG;CHL,GBR,CHL;GBR,4.0,14.0,0.0,5.0,3.0,231.0,231.0,0.0,SRC_GML_MID
MID1701,1701.0,1952.0,6.0,RUS,SWE,RUS;SWE,4.0,16.0,0.0,5.0,3.0,2.0,2.0,1.0,SRC_GML_MID
MID1703,1703.0,1952.0,7.0,SRB,BGR;CZE;HUN;ROU;RUS,HUN;SRB,4.0,16.0,0.0,5.0,3.0,117.0,117.0,1.0,SRC_GML_MID
MID1707,1707.0,1958.0,7.0,CHN,IND,CHN;IND,4.0,17.0,1.0,5.0,3.0,130.0,130.0,1.0,SRC_GML_MID
MID1708,1708.0,1959.0,5.0,CHN,MMR,CHN;MMR,4.0,16.0,0.0,5.0,3.0,110.0,110.0,0.0,SRC_GML_MID
MID1709,1709.0,1959.0,12.0,RUS,KOR,KOR;RUS,2.0,1.0,0.0,5.0,3.0,1.0,1.0,0.0,SRC_GML_MID
MID1710,1710.0,1960.0,1.0,CHN,KOR,CHN;KOR,4.0,16.0,1.0,5.0,3.0,1.0,1.0,0.0,SRC_GML_MID
MID1711,1711.0,1960.0,2.0,FRA,TUN,FRA;TUN,4.0,16.0,2.0,5.0,1.0,105.0,105.0,0.0,SRC_GML_MID
MID1713,1713.0,1966.0,7.0,CHN,NLD,CHN;NLD,4.0,15.0,0.0,7.0,1.0,162.0,162.0,0.0,SRC_GML_MID
MID1714,1714.0,1866.0,3.0,GBR;USA,ESP,ESP;GBR;USA,3.0,7.0,0.0,3.0,3.0,5.0,5.0,0.0,SRC_GML_MID
MID1715,1715.0,1967.0,9.0,IND,CHN,CHN;IND,4.0,17.0,4.0,5.0,3.0,34.0,34.0,1.0,SRC_GML_MID
MID1717,1717.0,1969.0,8.0,GBR,ESP,ESP;GBR,3.0,8.0,0.0,5.0,3.0,115.0,115.0,1.0,SRC_GML_MID
MID1718,1718.0,1971.0,8.0,CZE;HUN;RUS,ROU,CZE;HUN;ROU;RUS,3.0,7.0,0.0,5.0,3.0,7.0,7.0,0.0,SRC_GML_MID
MID1720,1720.0,1975.0,12.0,SRB,ALB,ALB;SRB,4.0,16.0,0.0,5.0,3.0,1.0,1.0,0.0,SRC_GML_MID
MID1723,1723.0,1919.0,5.0,FIN,RUS,FIN;RUS,4.0,17.0,5.0,6.0,1.0,38.0,68.0,1.0,SRC_GML_MID
MID1724,1724.0,1917.0,4.0,DEU,ARG,ARG;DEU,4.0,16.0,0.0,5.0,3.0,80.0,80.0,0.0,SRC_GML_MID
MID1732,1732.0,1914.0,12.0,GBR,SWE,GBR;SWE,4.0,15.0,0.0,7.0,3.0,318.0,318.0,0.0,SRC_GML_MID
MID1733,1733.0,1932.0,1.0,CAN;GBR;USA,SLV,CAN;GBR;SLV;USA,3.0,7.0,0.0,5.0,3.0,3.0,3.0,0.0,SRC_GML_MID
MID1736,1736.0,1924.0,6.0,ITA,TUR,ITA;TUR,4.0,14.0,0.0,5.0,3.0,184.0,184.0,0.0,SRC_GML_MID
MID1739,1739.0,1888.0,9.0,TUR,GRC,GRC;TUR,4.0,15.0,0.0,5.0,3.0,1.0,20.0,1.0,SRC_GML_MID
MID1740,1740.0,1839.0,7.0,BRA,GBR,BRA;GBR,3.0,7.0,0.0,5.0,1.0,1145.0,1145.0,1.0,SRC_GML_MID
MID1743,1743.0,1857.0,11.0,PRT,FRA,FRA;PRT,4.0,15.0,0.0,7.0,2.0,331.0,331.0,1.0,SRC_GML_MID
MID1746,1746.0,1960.0,9.0,FRA,MAR,FRA;MAR,4.0,16.0,0.0,5.0,3.0,1.0,1.0,0.0,SRC_GML_MID
MID1749,1749.0,1940.0,1.0,GBR,JPN,GBR;JPN,4.0,15.0,0.0,5.0,3.0,1.0,1.0,0.0,SRC_GML_MID
MID1750,1750.0,1876.0,5.0,GBR,TUR,GBR;TUR,3.0,7.0,0.0,4.0,3.0,7.0,7.0,0.0,SRC_GML_MID
MID1752,1752.0,1826.0,7.0,FRA,BRA,BRA;FRA,3.0,7.0,0.0,4.0,2.0,1.0,1.0,0.0,SRC_GML_MID
MID1753,1753.0,1833.0,7.0,COL,FRA,COL;FRA,4.0,15.0,0.0,7.0,1.0,52.0,52.0,1.0,SRC_GML_MID
MID1755,1755.0,1852.0,6.0,USA,PER,PER;USA,3.0,7.0,0.0,3.0,3.0,71.0,71.0,0.0,SRC_GML_MID
MID1757,1757.0,1856.0,10.0,GBR,COL,COL;GBR,3.0,7.0,0.0,8.0,4.0,63.0,123.0,0.0,SRC_GML_MID
MID1762,1762.0,1862.0,6.0,BRA,GBR,BRA;GBR,4.0,15.0,0.0,7.0,2.0,203.0,203.0,1.0,SRC_GML_MID
MID1763,1763.0,1880.0,5.0,ARG,GBR,ARG;GBR,4.0,15.0,0.0,8.0,4.0,185.0,245.0,1.0,SRC_GML_MID
MID1764,1764.0,1885.0,7.0,ITA,COL,COL;ITA,3.0,7.0,0.0,5.0,1.0,180.0,210.0,0.0,SRC_GML_MID
MID1771,1771.0,1911.0,7.0,DEU,NOR,DEU;NOR,3.0,7.0,0.0,5.0,3.0,2.0,2.0,0.0,SRC_GML_MID
MID1772,1772.0,1911.0,12.0,ITA,GBR,GBR;ITA,4.0,15.0,0.0,8.0,3.0,1.0,1.0,0.0,SRC_GML_MID
MID1773,1773.0,1914.0,8.0,PRT,DEU,DEU;PRT,4.0,17.0,2.0,5.0,3.0,180.0,180.0,1.0,SRC_GML_MID
MID1774,1774.0,1914.0,11.0,DEU,SWE,DEU;SWE,2.0,1.0,0.0,8.0,3.0,1443.0,1443.0,0.0,SRC_GML_MID
MID1775,1775.0,1915.0,6.0,USA,MEX,MEX;USA,3.0,8.0,0.0,5.0,3.0,59.0,59.0,1.0,SRC_GML_MID
MID1777,1777.0,1918.0,12.0,JPN,CHN,CHN;JPN,4.0,17.0,2.0,4.0,1.0,201.0,231.0,1.0,SRC_GML_MID
MID1778,1778.0,1920.0,6.0,ITA,ALB,ALB;ITA,4.0,16.0,-9.0,3.0,1.0,60.0,60.0,0.0,SRC_GML_MID
MID1779,1779.0,1922.0,4.0,AFG,RUS,AFG;RUS,3.0,7.0,0.0,3.0,3.0,120.0,120.0,1.0,SRC_GML_MID
MID1780,1780.0,1923.0,8.0,ITA,SRB,ITA;SRB,3.0,7.0,0.0,4.0,1.0,48.0,48.0,0.0,SRC_GML_MID
MID1781,1781.0,1925.0,12.0,RUS,AFG,AFG;RUS,4.0,16.0,-9.0,3.0,1.0,73.0,73.0,1.0,SRC_GML_MID
MID1783,1783.0,1940.0,4.0,DEU,CHE,CHE;DEU,4.0,16.0,0.0,5.0,3.0,69.0,69.0,1.0,SRC_GML_MID
MID1785,1785.0,1941.0,8.0,THA,JPN,JPN;THA,4.0,17.0,5.0,1.0,2.0,127.0,127.0,1.0,SRC_GML_MID
MID1788,1788.0,1943.0,9.0,DEU,CHE,CHE;DEU,3.0,10.0,0.0,5.0,3.0,7.0,7.0,1.0,SRC_GML_MID
MID1789,1789.0,1943.0,11.0,DEU,COL,COL;DEU,4.0,18.0,0.0,5.0,3.0,62.0,62.0,1.0,SRC_GML_MID
MID1790,1790.0,1944.0,12.0,HUN,DEU,DEU;HUN,4.0,18.0,0.0,9.0,3.0,1.0,1.0,0.0,SRC_GML_MID
MID1792,1792.0,1946.0,5.0,FRA,THA,FRA;THA,4.0,17.0,3.0,5.0,1.0,195.0,195.0,1.0,SRC_GML_MID
MID1793,1793.0,1948.0,5.0,EGY;IRQ;JOR;LBN;SYR,ISR,EGY;IRQ;ISR;JOR;LBN;SYR,5.0,20.0,6.0,2.0,1.0,188.0,188.0,1.0,SRC_GML_MID
MID1796,1796.0,1959.0,2.0,FRA,TUN,FRA;TUN,4.0,16.0,0.0,5.0,3.0,188.0,188.0,1.0,SRC_GML_MID
MID1797,1797.0,1960.0,6.0,CHN,NPL,CHN;NPL,4.0,16.0,1.0,6.0,1.0,32.0,61.0,1.0,SRC_GML_MID
MID1800,1800.0,1865.0,6.0,USA,FRA,FRA;USA,3.0,7.0,0.0,4.0,3.0,64.0,122.0,0.0,SRC_GML_MID
MID1801,1801.0,1961.0,6.0,USA,DOM,DOM;USA,3.0,8.0,0.0,4.0,3.0,170.0,170.0,0.0,SRC_GML_MID
MID1803,1803.0,1963.0,5.0,ECU,USA,ECU;USA,4.0,15.0,0.0,7.0,3.0,16.0,16.0,0.0,SRC_GML_MID
MID1804,1804.0,1965.0,11.0,ZWE,GBR;ZMB,ZMB;ZWE,3.0,8.0,0.0,5.0,3.0,23.0,23.0,1.0,SRC_GML_MID
MID1805,1805.0,1967.0,1.0,ECU,USA,ECU;USA,4.0,15.0,0.0,7.0,3.0,43.0,43.0,0.0,SRC_GML_MID
MID1807,1807.0,1968.0,10.0,GHA,RUS,GHA;RUS,4.0,15.0,0.0,7.0,1.0,161.0,161.0,0.0,SRC_GML_MID
MID1808,1808.0,1973.0,1.0,URY,ARG;NOR,ARG;NOR;URY,3.0,7.0,0.0,5.0,1.0,1.0,1.0,1.0,SRC_GML_MID
MID1809,1809.0,1975.0,6.0,KEN,UGA,KEN;UGA,4.0,15.0,0.0,7.0,1.0,3.0,3.0,0.0,SRC_GML_MID
MID1810,1810.0,1919.0,11.0,JPN,CHN,CHN;JPN,3.0,7.0,0.0,5.0,3.0,36.0,36.0,0.0,SRC_GML_MID
MID1825,1825.0,1937.0,12.0,JPN,USA,JPN;USA,4.0,16.0,1.0,5.0,1.0,1.0,1.0,0.0,SRC_GML_MID
MID2000,2000.0,1953.0,5.0,IDN,NLD,IDN;NLD,4.0,17.0,2.0,5.0,3.0,136.0,136.0,1.0,SRC_GML_MID
MID2001,2001.0,1953.0,9.0,MMR,TWN,MMR;TWN,4.0,16.0,3.0,3.0,1.0,50.0,50.0,0.0,SRC_GML_MID
MID2002,2002.0,1960.0,5.0,USA,CHN,CHN;USA,3.0,7.0,0.0,5.0,3.0,10.0,10.0,0.0,SRC_GML_MID
MID2005,2005.0,1903.0,2.0,USA,BRA,BRA;USA,2.0,1.0,0.0,5.0,3.0,1.0,1.0,0.0,SRC_GML_MID
MID2006,2006.0,1949.0,9.0,TWN,USA,TWN;USA,4.0,16.0,0.0,7.0,1.0,152.0,152.0,1.0,SRC_GML_MID
MID2007,2007.0,1949.0,10.0,TWN,GBR,GBR;TWN,4.0,16.0,0.0,3.0,3.0,30.0,30.0,1.0,SRC_GML_MID
MID2008,2008.0,1950.0,6.0,TWN,GBR,GBR;TWN,4.0,16.0,0.0,5.0,3.0,41.0,41.0,0.0,SRC_GML_MID
MID2009,2009.0,1950.0,8.0,GBR,CHN,CHN;GBR,4.0,17.0,0.0,5.0,3.0,11.0,11.0,1.0,SRC_GML_MID
MID2010,2010.0,1950.0,10.0,FRA,CHN,CHN;FRA,3.0,7.0,0.0,5.0,3.0,53.0,53.0,0.0,SRC_GML_MID
MID2013,2013.0,1838.0,5.0,BRA,GBR,BRA;GBR,4.0,14.0,0.0,4.0,2.0,155.0,214.0,0.0,SRC_GML_MID
MID2014,2014.0,1864.0,5.0,USA,ESP,ESP;USA,2.0,1.0,0.0,5.0,3.0,1.0,1.0,0.0,SRC_GML_MID
MID2018,2018.0,1953.0,10.0,MMR,THA,MMR;THA,4.0,16.0,0.0,5.0,3.0,17.0,17.0,1.0,SRC_GML_MID
MID2020,2020.0,1948.0,7.0,FRA,THA,FRA;THA,4.0,17.0,1.0,5.0,3.0,90.0,90.0,1.0,SRC_GML_MID
MID2022,2022.0,1952.0,2.0,THA,FRA,FRA;THA,3.0,8.0,0.0,5.0,3.0,17.0,47.0,0.0,SRC_GML_MID
MID2023,2023.0,1953.0,10.0,MMR,THA,MMR;THA,4.0,16.0,0.0,5.0,3.0,148.0,178.0,1.0,SRC_GML_MID
MID2024,2024.0,1955.0,3.0,THA,MMR,MMR;THA,3.0,11.0,0.0,5.0,3.0,1.0,1.0,0.0,SRC_GML_MID
MID2025,2025.0,1957.0,9.0,IND,MMR,IND;MMR,4.0,14.0,0.0,5.0,3.0,1.0,1.0,0.0,SRC_GML_MID
MID2029,2029.0,1960.0,12.0,VNM,LAO,LAO;VNM,3.0,7.0,0.0,5.0,3.0,1.0,1.0,0.0,SRC_GML_MID
MID2030,2030.0,1960.0,8.0,THA,LAO,LAO;THA,4.0,16.0,0.0,5.0,3.0,60.0,90.0,1.0,SRC_GML_MID
MID2031,2031.0,1964.0,2.0,THA,LAO,LAO;THA,4.0,16.0,0.0,5.0,3.0,21.0,51.0,1.0,SRC_GML_MID
MID2032,2032.0,1955.0,5.0,USA,CHN,CHN;USA,4.0,17.0,1.0,5.0,3.0,1.0,1.0,1.0,SRC_GML_MID
MID2033,2033.0,1954.0,7.0,USA,CHN,CHN;USA,4.0,17.0,0.0,5.0,3.0,4.0,4.0,1.0,SRC_GML_MID
MID2034,2034.0,1954.0,7.0,CHN,GBR,CHN;GBR,4.0,16.0,0.0,5.0,3.0,1.0,1.0,0.0,SRC_GML_MID
MID2035,2035.0,1953.0,7.0,USA,CHN;RUS,CHN;RUS;USA,4.0,17.0,1.0,5.0,3.0,48.0,48.0,1.0,SRC_GML_MID
MID2036,2036.0,1954.0,6.0,TWN,RUS,RUS;TWN,4.0,15.0,0.0,7.0,3.0,4.0,4.0,0.0,SRC_GML_MID
MID2037,2037.0,1955.0,1.0,TWN,GBR,GBR;TWN,4.0,16.0,0.0,5.0,3.0,1.0,1.0,0.0,SRC_GML_MID
MID2038,2038.0,1958.0,8.0,GBR,CHN,CHN;GBR,3.0,7.0,0.0,5.0,3.0,3.0,3.0,0.0,SRC_GML_MID
MID2040,2040.0,1920.0,2.0,HND,NIC,HND;NIC,3.0,10.0,0.0,6.0,1.0,1.0,29.0,0.0,SRC_GML_MID
MID2042,2042.0,1957.0,5.0,NIC,CRI,CRI;NIC,3.0,11.0,0.0,5.0,3.0,1.0,1.0,1.0,SRC_GML_MID
MID2043,2043.0,1866.0,11.0,USA,BRA,BRA;USA,3.0,7.0,0.0,4.0,2.0,1.0,1.0,0.0,SRC_GML_MID
MID2044,2044.0,1875.0,6.0,ARG,BRA,ARG;BRA,3.0,8.0,0.0,6.0,1.0,230.0,230.0,0.0,SRC_GML_MID
MID2045,2045.0,1876.0,3.0,ITA,SLV,ITA;SLV,3.0,7.0,0.0,4.0,2.0,1.0,1.0,0.0,SRC_GML_MID
MID2046,2046.0,1890.0,7.0,ESP,GTM,ESP;GTM,3.0,7.0,0.0,5.0,3.0,30.0,30.0,0.0,SRC_GML_MID
MID2047,2047.0,1911.0,2.0,PRY,ARG,ARG;PRY,4.0,15.0,0.0,7.0,1.0,9.0,9.0,1.0,SRC_GML_MID
MID2050,2050.0,1932.0,9.0,BRA,COL;PER,BRA;COL;PER,4.0,17.0,0.0,5.0,3.0,259.0,259.0,1.0,SRC_GML_MID
MID2053,2053.0,1979.0,3.0,AFG;RUS,PAK,AFG;PAK,4.0,17.0,-9.0,5.0,3.0,1054.0,1054.0,1.0,SRC_GML_MID
MID2054,2054.0,1983.0,9.0,AFG;RUS,PAK,AFG;PAK,4.0,16.0,-9.0,5.0,3.0,1332.0,1332.0,1.0,SRC_GML_MID
MID2055,2055.0,1842.0,11.0,FRA;GBR,ARG,ARG;FRA;GBR,3.0,7.0,0.0,5.0,3.0,33.0,92.0,0.0,SRC_GML_MID
MID2059,2059.0,1971.0,7.0,BGR,SRB,BGR;SRB,3.0,7.0,0.0,5.0,3.0,1.0,1.0,0.0,SRC_GML_MID
MID2066,2066.0,1965.0,6.0,ETH,SOM,ETH;SOM,4.0,17.0,0.0,5.0,3.0,1.0,1.0,1.0,SRC_GML_MID
MID2067,2067.0,1966.0,3.0,SOM,ETH,ETH;SOM,4.0,17.0,1.0,5.0,3.0,1.0,1.0,1.0,SRC_GML_MID
MID2068,2068.0,1973.0,5.0,ETH,SOM,ETH;SOM,3.0,11.0,0.0,5.0,3.0,4.0,4.0,0.0,SRC_GML_MID
MID2069,2069.0,1977.0,2.0,SOM,CUB;ETH,ETH;SOM,5.0,20.0,6.0,2.0,3.0,381.0,381.0,1.0,SRC_GML_MID
MID2070,2070.0,1978.0,3.0,ETH,SOM,ETH;SOM,4.0,16.0,0.0,5.0,3.0,308.0,335.0,1.0,SRC_GML_MID
MID2071,2071.0,1980.0,2.0,ETH,SOM,ETH;SOM,5.0,20.0,6.0,5.0,3.0,476.0,476.0,1.0,SRC_GML_MID
MID2072,2072.0,1982.0,7.0,ETH,SOM,ETH;SOM,5.0,20.0,6.0,1.0,3.0,574.0,574.0,1.0,SRC_GML_MID
MID2074,2074.0,1984.0,12.0,ETH,SOM,ETH;SOM,4.0,17.0,4.0,5.0,3.0,13.0,13.0,1.0,SRC_GML_MID
MID2075,2075.0,1985.0,9.0,ETH,SOM,ETH;SOM,4.0,17.0,2.0,5.0,3.0,35.0,35.0,1.0,SRC_GML_MID
MID2079,2079.0,1958.0,11.0,ARG,CHL,ARG;CHL,4.0,14.0,0.0,6.0,1.0,92.0,92.0,0.0,SRC_GML_MID
MID2080,2080.0,1964.0,7.0,ARG,CHL,ARG;CHL,4.0,16.0,0.0,6.0,1.0,11.0,11.0,0.0,SRC_GML_MID
MID2081,2081.0,1977.0,7.0,CHL,ARG,ARG;CHL,3.0,7.0,0.0,6.0,1.0,222.0,222.0,1.0,SRC_GML_MID
MID2082,2082.0,1978.0,8.0,CHL,ARG,ARG;CHL,3.0,10.0,0.0,5.0,1.0,144.0,144.0,1.0,SRC_GML_MID
MID2083,2083.0,1980.0,9.0,CHL,ARG,ARG;CHL,4.0,15.0,0.0,6.0,1.0,531.0,531.0,1.0,SRC_GML_MID
MID2086,2086.0,1983.0,8.0,ARG,CHL,ARG;CHL,3.0,12.0,0.0,5.0,3.0,1.0,1.0,1.0,SRC_GML_MID
MID2087,2087.0,1984.0,10.0,ARG,CHL,ARG;CHL,4.0,16.0,0.0,5.0,1.0,1.0,1.0,0.0,SRC_GML_MID
MID2088,2088.0,1950.0,11.0,IND,CHN,CHN;IND,3.0,11.0,0.0,5.0,3.0,1.0,1.0,0.0,SRC_GML_MID
MID2089,2089.0,1954.0,6.0,IND,CHN,CHN;IND,4.0,14.0,0.0,5.0,3.0,83.0,83.0,0.0,SRC_GML_MID
MID2090,2090.0,1955.0,6.0,IND,CHN,CHN;IND,4.0,14.0,0.0,5.0,3.0,309.0,309.0,1.0,SRC_GML_MID
MID2092,2092.0,1956.0,6.0,IND,CHN,CHN;IND,3.0,12.0,0.0,5.0,1.0,96.0,125.0,1.0,SRC_GML_MID
MID2095,2095.0,1964.0,4.0,IND,CHN,CHN;IND,3.0,12.0,0.0,5.0,3.0,246.0,246.0,1.0,SRC_GML_MID
MID2097,2097.0,1967.0,6.0,IND,CHN,CHN;IND,4.0,15.0,0.0,7.0,3.0,3.0,3.0,0.0,SRC_GML_MID
MID2098,2098.0,1969.0,4.0,CHN,IND,CHN;IND,2.0,1.0,0.0,5.0,3.0,2.0,2.0,0.0,SRC_GML_MID
MID2099,2099.0,1971.0,12.0,IND,CHN,CHN;IND,3.0,12.0,0.0,5.0,3.0,1.0,1.0,0.0,SRC_GML_MID
MID2101,2101.0,1979.0,2.0,IND,CHN,CHN;IND,3.0,8.0,0.0,5.0,3.0,21.0,21.0,0.0,SRC_GML_MID
MID2102,2102.0,1986.0,6.0,CHN,IND,CHN;IND,4.0,14.0,0.0,5.0,1.0,312.0,341.0,1.0,SRC_GML_MID
MID2103,2103.0,1934.0,12.0,IRN,IRQ,IRN;IRQ,3.0,12.0,0.0,6.0,1.0,22.0,22.0,0.0,SRC_GML_MID
MID2106,2106.0,1965.0,12.0,IRQ,IRN,IRN;IRQ,4.0,16.0,1.0,5.0,1.0,25.0,25.0,1.0,SRC_GML_MID
MID2107,2107.0,1966.0,5.0,IRQ,IRN,IRN;IRQ,4.0,17.0,0.0,5.0,3.0,1.0,1.0,1.0,SRC_GML_MID
MID2109,2109.0,1970.0,1.0,IRQ,IRN,IRN;IRQ,4.0,15.0,0.0,5.0,1.0,17.0,17.0,1.0,SRC_GML_MID
MID2110,2110.0,1972.0,1.0,IRQ,IRN,IRN;IRQ,4.0,17.0,1.0,5.0,3.0,109.0,139.0,1.0,SRC_GML_MID
MID2111,2111.0,1973.0,1.0,IRN,IRQ,IRN;IRQ,4.0,17.0,2.0,5.0,3.0,61.0,61.0,1.0,SRC_GML_MID
MID2112,2112.0,1973.0,12.0,IRN,IRQ,IRN;IRQ,4.0,17.0,2.0,1.0,1.0,445.0,445.0,1.0,SRC_GML_MID
MID2113,2113.0,1979.0,6.0,IRQ,IRN,IRN;IRQ,4.0,16.0,0.0,5.0,3.0,11.0,11.0,1.0,SRC_GML_MID
MID2115,2115.0,1980.0,7.0,IRQ,IRN,IRN;IRQ,5.0,20.0,6.0,3.0,1.0,2943.0,2943.0,1.0,SRC_GML_MID
MID2116,2116.0,1842.0,10.0,USA,MEX,MEX;USA,4.0,14.0,0.0,5.0,3.0,8.0,8.0,1.0,SRC_GML_MID
MID2117,2117.0,1870.0,6.0,USA,MEX,MEX;USA,3.0,7.0,0.0,4.0,3.0,2.0,2.0,0.0,SRC_GML_MID
MID2118,2118.0,1984.0,1.0,PER,ECU,ECU;PER,4.0,17.0,1.0,5.0,3.0,1.0,1.0,1.0,SRC_GML_MID
MID2119,2119.0,1981.0,1.0,PER,ECU,ECU;PER,4.0,17.0,1.0,6.0,1.0,42.0,42.0,1.0,SRC_GML_MID
MID2120,2120.0,1977.0,7.0,ECU,PER,ECU;PER,4.0,17.0,0.0,6.0,1.0,197.0,197.0,1.0,SRC_GML_MID
MID2121,2121.0,1953.0,2.0,ECU,PER,ECU;PER,4.0,15.0,0.0,2.0,3.0,138.0,138.0,1.0,SRC_GML_MID
MID2122,2122.0,1950.0,10.0,PER,ECU,ECU;PER,3.0,10.0,0.0,5.0,3.0,1.0,1.0,0.0,SRC_GML_MID
MID2123,2123.0,1943.0,2.0,PER,ECU,ECU;PER,4.0,14.0,0.0,2.0,3.0,182.0,182.0,0.0,SRC_GML_MID
MID2124,2124.0,1942.0,2.0,PER,ECU,ECU;PER,4.0,14.0,0.0,4.0,2.0,182.0,182.0,0.0,SRC_GML_MID
MID2125,2125.0,1937.0,4.0,ECU,PER,ECU;PER,3.0,12.0,0.0,6.0,1.0,216.0,275.0,1.0,SRC_GML_MID
MID2126,2126.0,1911.0,1.0,PER,ECU,ECU;PER,4.0,17.0,1.0,5.0,3.0,2.0,2.0,1.0,SRC_GML_MID
MID2127,2127.0,1891.0,8.0,PER,ECU,ECU;PER,3.0,12.0,0.0,5.0,3.0,1.0,31.0,1.0,SRC_GML_MID
MID2128,2128.0,1886.0,8.0,PRY,BOL,BOL;PRY,3.0,11.0,0.0,4.0,3.0,1.0,1.0,0.0,SRC_GML_MID
MID2129,2129.0,1921.0,4.0,BOL,PRY,BOL;PRY,3.0,11.0,0.0,5.0,3.0,1.0,30.0,0.0,SRC_GML_MID
MID2130,2130.0,1923.0,10.0,PRY,BOL,BOL;PRY,3.0,11.0,0.0,5.0,3.0,55.0,85.0,1.0,SRC_GML_MID
MID2131,2131.0,1924.0,10.0,PRY,BOL,BOL;PRY,3.0,11.0,0.0,5.0,3.0,32.0,92.0,1.0,SRC_GML_MID
MID2132,2132.0,1927.0,2.0,PRY,BOL,BOL;PRY,4.0,15.0,1.0,7.0,3.0,2.0,2.0,1.0,SRC_GML_MID
MID2133,2133.0,1930.0,1.0,BOL,PRY,BOL;PRY,4.0,17.0,1.0,5.0,1.0,11.0,11.0,1.0,SRC_GML_MID
MID2136,2136.0,1974.0,11.0,UGA,GBR,GBR;UGA,3.0,8.0,0.0,8.0,3.0,102.0,102.0,0.0,SRC_GML_MID
MID2138,2138.0,1972.0,9.0,LBY,SDN,LBY;SDN,4.0,15.0,0.0,7.0,3.0,2.0,2.0,1.0,SRC_GML_MID
MID2139,2139.0,1977.0,5.0,GTM,GBR,GBR;GTM,3.0,7.0,0.0,5.0,3.0,64.0,64.0,1.0,SRC_GML_MID
MID2140,2140.0,1977.0,2.0,TZA,UGA,TZA;UGA,4.0,15.0,0.0,5.0,3.0,65.0,92.0,1.0,SRC_GML_MID
MID2141,2141.0,1978.0,10.0,TZA,LBY;UGA,TZA;UGA,5.0,20.0,6.0,2.0,2.0,236.0,236.0,1.0,SRC_GML_MID
MID2142,2142.0,1977.0,1.0,ETH,SDN,ETH;SDN,4.0,17.0,0.0,5.0,3.0,102.0,102.0,1.0,SRC_GML_MID
MID2143,2143.0,1977.0,1.0,CHL,PER,CHL;PER,3.0,11.0,0.0,5.0,3.0,1.0,31.0,1.0,SRC_GML_MID
MID2144,2144.0,1977.0,2.0,TZA,KEN,KEN;TZA,4.0,15.0,0.0,7.0,1.0,8.0,8.0,0.0,SRC_GML_MID
MID2149,2149.0,1977.0,7.0,KHM,LAO,KHM;LAO,4.0,17.0,2.0,5.0,3.0,64.0,94.0,1.0,SRC_GML_MID
MID2150,2150.0,1977.0,3.0,AGO;CUB,CAF;COD;EGY;MAR;UGA,AGO;COD;CUB,4.0,17.0,4.0,2.0,3.0,79.0,79.0,1.0,SRC_GML_MID
MID2152,2152.0,1980.0,2.0,SAU,YEM,SAU;YEM,4.0,17.0,1.0,5.0,3.0,13.0,13.0,1.0,SRC_GML_MID
MID2153,2153.0,1964.0,9.0,SAU,EGY,EGY;SAU,2.0,1.0,0.0,5.0,3.0,1.0,1.0,0.0,SRC_GML_MID
MID2155,2155.0,1966.0,12.0,YEM,GBR,GBR;YEM,4.0,17.0,1.0,5.0,3.0,116.0,116.0,1.0,SRC_GML_MID
MID2157,2157.0,1963.0,1.0,YEM,GBR,GBR;YEM,4.0,16.0,1.0,2.0,2.0,29.0,29.0,1.0,SRC_GML_MID
MID2168,2168.0,1871.0,5.0,DEU,FRA,DEU;FRA,2.0,1.0,0.0,4.0,3.0,4.0,4.0,0.0,SRC_GML_MID
MID2169,2169.0,1871.0,6.0,FRA,DEU,DEU;FRA,3.0,7.0,0.0,5.0,3.0,1.0,1.0,0.0,SRC_GML_MID
MID2170,2170.0,1885.0,11.0,DEU,FRA,DEU;FRA,2.0,1.0,0.0,5.0,1.0,25.0,54.0,0.0,SRC_GML_MID
MID2171,2171.0,1965.0,3.0,TUR,CYP,CYP;TUR,3.0,8.0,0.0,5.0,3.0,2.0,2.0,1.0,SRC_GML_MID
MID2173,2173.0,1974.0,9.0,GRC,TUR,GRC;TUR,3.0,11.0,0.0,5.0,1.0,19.0,49.0,0.0,SRC_GML_MID
MID2174,2174.0,1978.0,10.0,TUR,GRC,GRC;TUR,4.0,16.0,0.0,5.0,3.0,2.0,2.0,0.0,SRC_GML_MID
MID2175,2175.0,1981.0,3.0,TUR,GRC,GRC;TUR,3.0,7.0,0.0,5.0,3.0,366.0,366.0,1.0,SRC_GML_MID
MID2176,2176.0,1982.0,11.0,TUR;USA,GRC,GRC;TUR,4.0,16.0,0.0,5.0,3.0,473.0,473.0,1.0,SRC_GML_MID
MID2177,2177.0,1984.0,12.0,GRC,TUR,GRC;TUR,3.0,7.0,0.0,5.0,1.0,86.0,86.0,1.0,SRC_GML_MID
MID2178,2178.0,1986.0,6.0,TUR,CYP,CYP;TUR,4.0,16.0,0.0,8.0,4.0,13.0,13.0,0.0,SRC_GML_MID
MID2179,2179.0,1986.0,6.0,TUR,GRC,GRC;TUR,4.0,17.0,1.0,5.0,3.0,400.0,400.0,1.0,SRC_GML_MID
MID2180,2180.0,1951.0,5.0,AFG,PAK,AFG;PAK,4.0,16.0,0.0,5.0,3.0,1.0,1.0,0.0,SRC_GML_MID
MID2181,2181.0,1956.0,4.0,AFG,PAK,AFG;PAK,4.0,17.0,1.0,5.0,3.0,21.0,21.0,1.0,SRC_GML_MID
MID2184,2184.0,1918.0,3.0,USA,MEX,MEX;USA,4.0,17.0,1.0,5.0,3.0,14.0,14.0,1.0,SRC_GML_MID
MID2185,2185.0,1919.0,6.0,USA,MEX,MEX;USA,4.0,15.0,0.0,5.0,3.0,256.0,256.0,1.0,SRC_GML_MID
MID2186,2186.0,1949.0,5.0,PRK,KOR,KOR;PRK,4.0,17.0,5.0,5.0,3.0,108.0,108.0,1.0,SRC_GML_MID
MID2187,2187.0,1958.0,2.0,PRK,KOR;USA,KOR;PRK,4.0,17.0,2.0,5.0,3.0,1309.0,1309.0,1.0,SRC_GML_MID
MID2191,2191.0,1974.0,2.0,PRK,KOR,KOR;PRK,4.0,16.0,1.0,5.0,3.0,156.0,156.0,1.0,SRC_GML_MID
MID2192,2192.0,1977.0,4.0,KOR;USA,PRK,KOR;PRK;USA,4.0,17.0,1.0,8.0,4.0,408.0,408.0,1.0,SRC_GML_MID
MID2193,2193.0,1979.0,3.0,PRK,KOR;USA,KOR;PRK;USA,4.0,17.0,1.0,5.0,3.0,647.0,647.0,1.0,SRC_GML_MID
MID2194,2194.0,1981.0,7.0,PRK,KOR,KOR;PRK,4.0,17.0,1.0,5.0,3.0,375.0,375.0,1.0,SRC_GML_MID
MID2195,2195.0,1983.0,1.0,PRK,KOR;USA,KOR;PRK,4.0,17.0,1.0,5.0,3.0,194.0,194.0,1.0,SRC_GML_MID
MID2196,2196.0,1984.0,11.0,KOR;USA,PRK,KOR;PRK;USA,4.0,17.0,1.0,5.0,1.0,345.0,345.0,1.0,SRC_GML_MID
MID2198,2198.0,1986.0,8.0,KOR,PRK,KOR;PRK,4.0,17.0,0.0,5.0,3.0,15.0,15.0,1.0,SRC_GML_MID
MID2199,2199.0,1873.0,6.0,JPN,CHN,CHN;JPN,2.0,1.0,0.0,5.0,3.0,1.0,1.0,0.0,SRC_GML_MID
MID2200,2200.0,1875.0,6.0,JPN,CHN,CHN;JPN,4.0,14.0,0.0,4.0,3.0,188.0,188.0,0.0,SRC_GML_MID
MID2201,2201.0,1879.0,3.0,JPN,CHN,CHN;JPN,4.0,14.0,0.0,1.0,2.0,221.0,221.0,0.0,SRC_GML_MID
MID2202,2202.0,1882.0,8.0,JPN,CHN,CHN;JPN,3.0,7.0,0.0,6.0,1.0,20.0,20.0,1.0,SRC_GML_MID
MID2203,2203.0,1907.0,8.0,JPN,CHN,CHN;JPN,2.0,1.0,0.0,5.0,3.0,63.0,122.0,0.0,SRC_GML_MID
MID2204,2204.0,1909.0,4.0,JPN,CHN,CHN;JPN,3.0,7.0,0.0,4.0,1.0,147.0,147.0,0.0,SRC_GML_MID
MID2205,2205.0,1916.0,8.0,JPN,CHN,CHN;JPN,4.0,17.0,2.0,5.0,1.0,185.0,185.0,1.0,SRC_GML_MID
MID2206,2206.0,1920.0,5.0,JPN,CHN,CHN;JPN,4.0,14.0,0.0,5.0,3.0,133.0,163.0,0.0,SRC_GML_MID
MID2207,2207.0,1925.0,12.0,JPN,CHN,CHN;JPN,3.0,7.0,0.0,8.0,4.0,19.0,19.0,0.0,SRC_GML_MID
MID2208,2208.0,1926.0,3.0,DEU;FRA;GBR;ITA;JPN;RUS;USA,CHN,CHN;JPN,4.0,16.0,1.0,4.0,3.0,7.0,7.0,1.0,SRC_GML_MID
MID2209,2209.0,1927.0,4.0,JPN,CHN,CHN;JPN,4.0,16.0,0.0,5.0,3.0,151.0,151.0,0.0,SRC_GML_MID
MID2211,2211.0,1933.0,4.0,JPN,CHN,CHN;JPN,4.0,17.0,3.0,1.0,2.0,122.0,152.0,1.0,SRC_GML_MID
MID2212,2212.0,1935.0,5.0,JPN,CHN,CHN;JPN,3.0,12.0,0.0,4.0,1.0,38.0,38.0,0.0,SRC_GML_MID
MID2214,2214.0,1936.0,7.0,CHN,JPN,CHN;JPN,4.0,17.0,1.0,6.0,1.0,174.0,174.0,1.0,SRC_GML_MID
MID2215,2215.0,1958.0,6.0,USA,RUS,RUS;USA,4.0,16.0,1.0,7.0,3.0,134.0,134.0,1.0,SRC_GML_MID
MID2218,2218.0,1963.0,4.0,RUS,GBR,GBR;RUS,4.0,16.0,0.0,5.0,3.0,1.0,1.0,0.0,SRC_GML_MID
MID2219,2219.0,1961.0,11.0,DDR;RUS,DEU;USA,DDR;DEU,4.0,17.0,1.0,5.0,3.0,319.0,319.0,1.0,SRC_GML_MID
MID2220,2220.0,1964.0,1.0,USA,RUS,RUS;USA,4.0,16.0,1.0,7.0,3.0,60.0,60.0,1.0,SRC_GML_MID
MID2221,2221.0,1970.0,10.0,USA,RUS,RUS;USA,4.0,15.0,0.0,7.0,1.0,21.0,21.0,1.0,SRC_GML_MID
MID2222,2222.0,1977.0,4.0,USA,RUS,RUS;USA,4.0,15.0,0.0,7.0,3.0,27.0,27.0,0.0,SRC_GML_MID
MID2223,2223.0,1978.0,11.0,RUS,USA,RUS;USA,3.0,7.0,0.0,4.0,3.0,45.0,45.0,1.0,SRC_GML_MID
MID2224,2224.0,1979.0,8.0,RUS,USA,RUS;USA,4.0,15.0,0.0,7.0,1.0,2.0,2.0,0.0,SRC_GML_MID
MID2225,2225.0,1979.0,8.0,CUB;RUS,USA,RUS;USA,3.0,7.0,0.0,6.0,1.0,82.0,82.0,1.0,SRC_GML_MID
MID2226,2226.0,1980.0,3.0,CAN;DEU;GBR;ITA;NLD;NOR;USA,RUS,CAN;DEU;GBR;ITA;NLD;NOR;RUS;USA,3.0,7.0,0.0,5.0,3.0,7.0,7.0,0.0,SRC_GML_MID
MID2228,2228.0,1981.0,5.0,USA,RUS,RUS;USA,4.0,15.0,0.0,7.0,3.0,3.0,3.0,0.0,SRC_GML_MID
MID2229,2229.0,1982.0,6.0,RUS,JPN;USA,JPN;RUS,3.0,7.0,0.0,5.0,3.0,211.0,211.0,1.0,SRC_GML_MID
MID2230,2230.0,1984.0,9.0,RUS,USA,RUS;USA,4.0,15.0,0.0,7.0,3.0,8.0,8.0,0.0,SRC_GML_MID
MID2231,2231.0,1983.0,11.0,CZE;RUS,DEU;USA,RUS;USA,4.0,16.0,0.0,5.0,3.0,180.0,180.0,1.0,SRC_GML_MID
MID2232,2232.0,1985.0,3.0,GBR;USA,DDR;RUS,DDR;RUS;USA,4.0,16.0,1.0,5.0,3.0,168.0,168.0,1.0,SRC_GML_MID
MID2233,2233.0,1986.0,3.0,USA,RUS,RUS;USA,3.0,7.0,0.0,5.0,3.0,1.0,1.0,0.0,SRC_GML_MID
MID2234,2234.0,1911.0,7.0,DEU;USA,HTI,HTI;USA,3.0,7.0,0.0,5.0,3.0,35.0,35.0,0.0,SRC_GML_MID
MID2236,2236.0,1856.0,8.0,PRY,BRA,BRA;PRY,4.0,13.0,0.0,3.0,1.0,552.0,552.0,1.0,SRC_GML_MID
MID2237,2237.0,1981.0,7.0,VEN,GUY,GUY;VEN,3.0,12.0,0.0,5.0,3.0,409.0,409.0,1.0,SRC_GML_MID
MID2239,2239.0,1969.0,1.0,GUY,BRA;VEN,BRA;GUY;VEN,3.0,11.0,0.0,5.0,3.0,3.0,3.0,0.0,SRC_GML_MID
MID2240,2240.0,1970.0,2.0,GUY,VEN,GUY;VEN,4.0,16.0,0.0,5.0,3.0,1.0,22.0,1.0,SRC_GML_MID
MID2244,2244.0,1954.0,1.0,PRK,KOR;USA,PRK;USA,4.0,17.0,-9.0,5.0,3.0,1024.0,1024.0,1.0,SRC_GML_MID
MID2245,2245.0,1987.0,2.0,ETH,SOM,ETH;SOM,4.0,17.0,4.0,5.0,3.0,1.0,1.0,1.0,SRC_GML_MID
MID2300,2300.0,1893.0,12.0,FRA,GBR,FRA;GBR,4.0,17.0,1.0,5.0,3.0,1.0,1.0,1.0,SRC_GML_MID
MID2302,2302.0,1939.0,3.0,DEU,CZE,CZE;DEU,4.0,14.0,0.0,1.0,2.0,5.0,5.0,0.0,SRC_GML_MID
MID2303,2303.0,1937.0,8.0,ITA,FRA,FRA;ITA,4.0,16.0,0.0,5.0,3.0,1.0,1.0,0.0,SRC_GML_MID
MID2304,2304.0,1937.0,8.0,ITA,GBR,GBR;ITA,4.0,16.0,0.0,5.0,3.0,3.0,3.0,1.0,SRC_GML_MID
MID2306,2306.0,1937.0,8.0,ITA,PAN,ITA;PAN,4.0,16.0,0.0,5.0,3.0,1.0,1.0,0.0,SRC_GML_MID
MID2307,2307.0,1937.0,8.0,ITA,DNK,DNK;ITA,4.0,16.0,0.0,5.0,3.0,1.0,1.0,0.0,SRC_GML_MID
MID2310,2310.0,1916.0,5.0,GBR,MEX,GBR;MEX,4.0,15.0,0.0,7.0,4.0,4.0,4.0,0.0,SRC_GML_MID
MID2311,2311.0,1913.0,11.0,GBR,MEX,GBR;MEX,3.0,7.0,0.0,8.0,4.0,88.0,88.0,0.0,SRC_GML_MID
MID2312,2312.0,1913.0,10.0,DEU,MEX,DEU;MEX,3.0,7.0,0.0,8.0,4.0,132.0,132.0,0.0,SRC_GML_MID
MID2315,2315.0,1986.0,10.0,KOR,CHN,CHN;KOR,4.0,15.0,0.0,7.0,3.0,1.0,1.0,0.0,SRC_GML_MID
MID2316,2316.0,1929.0,1.0,BRA,PRY,BRA;PRY,4.0,16.0,1.0,6.0,1.0,470.0,470.0,1.0,SRC_GML_MID
MID2317,2317.0,1976.0,4.0,VEN,GUY,GUY;VEN,3.0,11.0,0.0,5.0,3.0,1.0,30.0,0.0,SRC_GML_MID
MID2318,2318.0,1976.0,4.0,SUR,GUY,GUY;SUR,3.0,12.0,0.0,5.0,3.0,1.0,30.0,0.0,SRC_GML_MID
MID2319,2319.0,1972.0,1.0,GTM,GBR,GBR;GTM,3.0,8.0,0.0,5.0,3.0,1.0,31.0,1.0,SRC_GML_MID
MID2320,2320.0,1875.0,4.0,BOL,PER,BOL;PER,3.0,12.0,0.0,5.0,3.0,1.0,30.0,0.0,SRC_GML_MID
MID2321,2321.0,1906.0,6.0,BOL,PER,BOL;PER,4.0,14.0,0.0,5.0,1.0,155.0,214.0,0.0,SRC_GML_MID
MID2322,2322.0,1858.0,1.0,PER,USA,PER;USA,4.0,15.0,0.0,5.0,3.0,98.0,128.0,0.0,SRC_GML_MID
MID2323,2323.0,1982.0,7.0,VEN,COL,COL;VEN,4.0,16.0,0.0,5.0,3.0,12.0,12.0,1.0,SRC_GML_MID
MID2325,2325.0,1979.0,9.0,NIC,HND,HND;NIC,4.0,16.0,1.0,5.0,1.0,83.0,113.0,1.0,SRC_GML_MID
MID2326,2326.0,1977.0,9.0,GUY,SUR,GUY;SUR,4.0,15.0,0.0,6.0,1.0,277.0,306.0,0.0,SRC_GML_MID
MID2328,2328.0,1949.0,3.0,SRB,ALB,ALB;SRB,4.0,16.0,2.0,5.0,1.0,227.0,257.0,1.0,SRC_GML_MID
MID2331,2331.0,1958.0,7.0,GBR,EGY;IRQ,EGY;GBR;IRQ,3.0,8.0,0.0,5.0,3.0,104.0,104.0,0.0,SRC_GML_MID
MID2332,2332.0,1958.0,7.0,TUR,IRQ,IRQ;TUR,3.0,8.0,0.0,5.0,3.0,12.0,12.0,0.0,SRC_GML_MID
MID2335,2335.0,1976.0,9.0,ISR,USA,ISR;USA,4.0,16.0,0.0,4.0,1.0,1.0,1.0,0.0,SRC_GML_MID
MID2338,2338.0,1901.0,1.0,VEN,USA,USA;VEN,4.0,15.0,0.0,5.0,3.0,4.0,4.0,0.0,SRC_GML_MID
MID2339,2339.0,1948.0,12.0,NIC,CRI,CRI;NIC,4.0,17.0,1.0,6.0,1.0,76.0,76.0,1.0,SRC_GML_MID
MID2340,2340.0,1948.0,4.0,NIC,CRI,CRI;NIC,4.0,14.0,0.0,5.0,3.0,43.0,43.0,1.0,SRC_GML_MID
MID2341,2341.0,1898.0,7.0,ITA,COL,COL;ITA,3.0,7.0,0.0,4.0,2.0,8.0,38.0,0.0,SRC_GML_MID
MID2342,2342.0,1902.0,6.0,COL,VEN,COL;VEN,4.0,16.0,-9.0,2.0,2.0,168.0,168.0,1.0,SRC_GML_MID
MID2343,2343.0,1896.0,4.0,COL,USA,COL;USA,4.0,15.0,0.0,7.0,3.0,20.0,20.0,0.0,SRC_GML_MID
MID2344,2344.0,1962.0,8.0,NIC,HND,HND;NIC,4.0,17.0,1.0,5.0,3.0,1.0,1.0,1.0,SRC_GML_MID
MID2346,2346.0,1978.0,9.0,NIC,CRI,CRI;NIC,4.0,17.0,1.0,5.0,3.0,106.0,106.0,1.0,SRC_GML_MID
MID2347,2347.0,1981.0,4.0,NIC,HND;USA,HND;NIC,4.0,17.0,0.0,5.0,3.0,1624.0,1624.0,1.0,SRC_GML_MID
MID2348,2348.0,1982.0,8.0,GTM,MEX,GTM;MEX,4.0,16.0,0.0,5.0,3.0,178.0,178.0,0.0,SRC_GML_MID
MID2349,2349.0,1984.0,2.0,NIC,CRI,CRI;NIC,4.0,17.0,0.0,6.0,1.0,105.0,133.0,1.0,SRC_GML_MID
MID2350,2350.0,1984.0,4.0,GTM,MEX,GTM;MEX,4.0,16.0,0.0,5.0,3.0,1.0,1.0,0.0,SRC_GML_MID
MID2352,2352.0,1985.0,7.0,HND,SLV,HND;SLV,3.0,12.0,0.0,5.0,3.0,1.0,1.0,0.0,SRC_GML_MID
MID2353,2353.0,1985.0,12.0,HND;USA,NIC,HND;NIC,4.0,16.0,0.0,5.0,3.0,878.0,878.0,0.0,SRC_GML_MID
MID2354,2354.0,1986.0,1.0,DOM,HTI,DOM;HTI,3.0,11.0,0.0,5.0,3.0,2.0,2.0,0.0,SRC_GML_MID
MID2357,2357.0,1978.0,6.0,YMD,YEM,YEM;YMD,4.0,17.0,-9.0,6.0,1.0,267.0,267.0,1.0,SRC_GML_MID
MID2360,2360.0,1965.0,4.0,EGY;YEM,SAU,EGY;SAU,4.0,16.0,0.0,6.0,1.0,117.0,146.0,1.0,SRC_GML_MID
MID2367,2367.0,1854.0,1.0,GRC,FRA;GBR;TUR,GBR;GRC;TUR,4.0,15.0,0.0,3.0,2.0,301.0,301.0,1.0,SRC_GML_MID
MID2369,2369.0,1887.0,4.0,DEU,FRA,DEU;FRA,4.0,15.0,0.0,7.0,1.0,8.0,8.0,0.0,SRC_GML_MID
MID2371,2371.0,1946.0,3.0,GRC,ALB,ALB;GRC,4.0,16.0,0.0,5.0,3.0,447.0,447.0,1.0,SRC_GML_MID
MID2372,2372.0,1952.0,7.0,SRB,ALB,ALB;SRB,4.0,16.0,1.0,5.0,3.0,1.0,23.0,0.0,SRC_GML_MID
MID2374,2374.0,1975.0,2.0,ESP,MAR,ESP;MAR,4.0,16.0,0.0,5.0,3.0,80.0,80.0,1.0,SRC_GML_MID
MID2540,2540.0,1985.0,8.0,LBY,TUN,LBY;TUN,3.0,8.0,0.0,5.0,3.0,5.0,5.0,1.0,SRC_GML_MID
MID2541,2541.0,1984.0,3.0,FRA,ESP,ESP;FRA,4.0,16.0,0.0,5.0,3.0,2.0,2.0,0.0,SRC_GML_MID
MID2543,2543.0,1985.0,7.0,IRL,ESP,ESP;IRL,4.0,16.0,0.0,5.0,3.0,129.0,129.0,0.0,SRC_GML_MID
MID2544,2544.0,1985.0,8.0,IRN,BEL,BEL;IRN,4.0,16.0,0.0,5.0,3.0,1.0,1.0,0.0,SRC_GML_MID
MID2545,2545.0,1985.0,7.0,IRQ,TUR,IRQ;TUR,4.0,16.0,0.0,5.0,3.0,4.0,4.0,0.0,SRC_GML_MID
MID2546,2546.0,1985.0,5.0,NIC,CRI,CRI;NIC,4.0,16.0,1.0,5.0,3.0,6.0,6.0,1.0,SRC_GML_MID
MID2547,2547.0,1985.0,5.0,IRN,DEU,DEU;IRN,4.0,16.0,0.0,5.0,3.0,1.0,1.0,0.0,SRC_GML_MID
MID2548,2548.0,1985.0,3.0,IRQ,MLT,IRQ;MLT,4.0,16.0,0.0,5.0,3.0,1.0,1.0,0.0,SRC_GML_MID
MID2549,2549.0,1985.0,3.0,IRQ,ITA,IRQ;ITA,4.0,16.0,0.0,5.0,3.0,1.0,1.0,0.0,SRC_GML_MID
MID2550,2550.0,1985.0,3.0,CHN,KOR,CHN;KOR,4.0,15.0,0.0,7.0,1.0,7.0,7.0,1.0,SRC_GML_MID
MID2551,2551.0,1985.0,3.0,IRN,LBR,IRN;LBR,4.0,16.0,0.0,5.0,3.0,1.0,1.0,0.0,SRC_GML_MID
MID2552,2552.0,1985.0,3.0,IRQ,PAN,IRQ;PAN,4.0,16.0,0.0,5.0,3.0,11.0,11.0,0.0,SRC_GML_MID
MID2553,2553.0,1985.0,2.0,IRN,SAU,IRN;SAU,4.0,16.0,0.0,5.0,3.0,3.0,3.0,0.0,SRC_GML_MID
MID2554,2554.0,1984.0,12.0,IRN,KWT,IRN;KWT,4.0,16.0,0.0,5.0,3.0,74.0,74.0,0.0,SRC_GML_MID
MID2555,2555.0,1985.0,2.0,IRN,KOR,IRN;KOR,4.0,16.0,0.0,5.0,3.0,1.0,1.0,0.0,SRC_GML_MID
MID2557,2557.0,1985.0,9.0,IRN,DNK,DNK;IRN,4.0,15.0,0.0,5.0,3.0,101.0,101.0,0.0,SRC_GML_MID
MID2559,2559.0,1985.0,9.0,CZE,DEU;USA,CZE;DEU;USA,4.0,16.0,0.0,5.0,3.0,1.0,1.0,0.0,SRC_GML_MID
MID2560,2560.0,1985.0,10.0,IRN,FRA,FRA;IRN,3.0,7.0,0.0,5.0,3.0,1.0,1.0,1.0,SRC_GML_MID
MID2563,2563.0,1985.0,10.0,ISR,TUN,ISR;TUN,4.0,16.0,0.0,5.0,3.0,1.0,1.0,0.0,SRC_GML_MID
MID2565,2565.0,1986.0,8.0,IRQ,BHR,BHR;IRQ,4.0,16.0,0.0,5.0,3.0,1.0,1.0,0.0,SRC_GML_MID
MID2566,2566.0,1986.0,8.0,IRN,TUR,IRN;TUR,2.0,1.0,0.0,5.0,3.0,1.0,1.0,0.0,SRC_GML_MID
MID2570,2570.0,1986.0,5.0,ZAF,ZWE,ZAF;ZWE,4.0,16.0,0.0,5.0,3.0,1.0,1.0,0.0,SRC_GML_MID
MID2571,2571.0,1986.0,5.0,ZAF,ZMB,ZAF;ZMB,4.0,16.0,0.0,5.0,3.0,1.0,1.0,0.0,SRC_GML_MID
MID2572,2572.0,1986.0,4.0,QAT,BHR,BHR;QAT,4.0,16.0,0.0,6.0,1.0,51.0,51.0,0.0,SRC_GML_MID
MID2573,2573.0,1986.0,4.0,NIC,CRI,CRI;NIC,4.0,17.0,0.0,5.0,3.0,1.0,1.0,1.0,SRC_GML_MID
MID2574,2574.0,1986.0,4.0,IRN,SAU,IRN;SAU,4.0,16.0,0.0,5.0,3.0,27.0,27.0,0.0,SRC_GML_MID
MID2575,2575.0,1986.0,3.0,IRN,TUR,IRN;TUR,4.0,16.0,0.0,5.0,3.0,1.0,1.0,0.0,SRC_GML_MID
MID2578,2578.0,1986.0,1.0,USA,IRN,IRN;USA,3.0,7.0,0.0,5.0,3.0,1.0,1.0,0.0,SRC_GML_MID
MID2579,2579.0,1986.0,5.0,ARG,TWN,ARG;TWN,4.0,16.0,0.0,5.0,3.0,1.0,1.0,0.0,SRC_GML_MID
MID2580,2580.0,1986.0,5.0,ZAF,BWA,BWA;ZAF,4.0,16.0,0.0,5.0,3.0,1.0,1.0,0.0,SRC_GML_MID
MID2583,2583.0,1985.0,12.0,MLI,BFA,BFA;MLI,4.0,17.0,2.0,6.0,1.0,24.0,24.0,1.0,SRC_GML_MID
MID2584,2584.0,1985.0,12.0,IRQ,CYP,CYP;IRQ,4.0,16.0,0.0,5.0,3.0,299.0,299.0,0.0,SRC_GML_MID
MID2585,2585.0,1985.0,11.0,IRN,NLD,IRN;NLD,4.0,16.0,0.0,5.0,3.0,76.0,76.0,0.0,SRC_GML_MID
MID2587,2587.0,1986.0,8.0,IRN,ARE;BHR;KWT;QAT;SAU,ARE;BHR;IRN;KWT;QAT;SAU,2.0,2.0,0.0,5.0,3.0,1.0,1.0,0.0,SRC_GML_MID
MID2588,2588.0,1986.0,9.0,IRN,RUS,IRN;RUS,4.0,15.0,0.0,5.0,3.0,2.0,2.0,0.0,SRC_GML_MID
MID2589,2589.0,1986.0,9.0,MOZ;ZMB;ZWE,MWI,MOZ;MWI;ZMB;ZWE,2.0,2.0,0.0,5.0,3.0,1.0,1.0,0.0,SRC_GML_MID
MID2590,2590.0,1983.0,4.0,RUS,IRN,IRN;RUS,3.0,7.0,0.0,5.0,3.0,1.0,1.0,0.0,SRC_GML_MID
MID2593,2593.0,1986.0,11.0,IRN,LBR,IRN;LBR,4.0,16.0,0.0,5.0,3.0,1.0,1.0,0.0,SRC_GML_MID
MID2594,2594.0,1986.0,10.0,IRN,KWT,IRN;KWT,4.0,16.0,0.0,5.0,3.0,1.0,1.0,0.0,SRC_GML_MID
MID2596,2596.0,1986.0,9.0,IRN,GBR,GBR;IRN,4.0,16.0,0.0,5.0,3.0,65.0,65.0,1.0,SRC_GML_MID
MID2597,2597.0,1986.0,9.0,CZE,DEU,CZE;DEU,4.0,16.0,0.0,5.0,3.0,5.0,5.0,0.0,SRC_GML_MID
MID2598,2598.0,1986.0,3.0,ESP,GBR,ESP;GBR,3.0,7.0,0.0,5.0,3.0,2.0,2.0,0.0,SRC_GML_MID
MID2599,2599.0,1986.0,8.0,ZAF,SWZ,SWZ;ZAF,4.0,16.0,0.0,5.0,1.0,119.0,119.0,0.0,SRC_GML_MID
MID2600,2600.0,1985.0,7.0,FRA,NZL,FRA;NZL,4.0,16.0,0.0,5.0,3.0,1.0,1.0,0.0,SRC_GML_MID
MID2601,2601.0,1986.0,7.0,TUR,BGR,BGR;TUR,4.0,15.0,0.0,7.0,1.0,4.0,4.0,0.0,SRC_GML_MID
MID2602,2602.0,1978.0,6.0,IRN,RUS,IRN;RUS,4.0,16.0,1.0,5.0,3.0,1.0,1.0,1.0,SRC_GML_MID
MID2603,2603.0,1918.0,11.0,RUS,LTU;POL,LTU;RUS,4.0,16.0,4.0,2.0,1.0,608.0,608.0,1.0,SRC_GML_MID
MID2604,2604.0,1919.0,1.0,DEU;RUS,DEU;EST;GBR;LVA;POL,LVA;RUS,5.0,20.0,6.0,2.0,1.0,395.0,395.0,1.0,SRC_GML_MID
MID2605,2605.0,1918.0,11.0,RUS,EST;FIN;FRA;GBR,EST;FIN;FRA;GBR;RUS,5.0,20.0,6.0,2.0,2.0,408.0,408.0,1.0,SRC_GML_MID
MID2610,2610.0,1960.0,11.0,COD,GHA,COD;GHA,4.0,16.0,1.0,1.0,3.0,2.0,2.0,0.0,SRC_GML_MID
MID2612,2612.0,1960.0,7.0,RUS,BEL,BEL;RUS,2.0,1.0,0.0,4.0,3.0,1.0,1.0,0.0,SRC_GML_MID
MID2616,2616.0,1971.0,1.0,SEN,GMB,GMB;SEN,4.0,16.0,0.0,6.0,1.0,69.0,69.0,1.0,SRC_GML_MID
MID2619,2619.0,1971.0,9.0,COD,ZMB,COD;ZMB,4.0,16.0,0.0,5.0,3.0,1.0,1.0,0.0,SRC_GML_MID
MID2622,2622.0,1971.0,1.0,SDN,UGA,SDN;UGA,4.0,16.0,0.0,5.0,3.0,80.0,110.0,1.0,SRC_GML_MID
MID2623,2623.0,1963.0,8.0,THA,KHM,KHM;THA,3.0,8.0,0.0,5.0,3.0,107.0,107.0,0.0,SRC_GML_MID
MID2625,2625.0,1949.0,4.0,PAK,IND,IND;PAK,3.0,12.0,0.0,6.0,1.0,88.0,117.0,1.0,SRC_GML_MID
MID2626,2626.0,1952.0,10.0,IND,PAK,IND;PAK,4.0,17.0,0.0,5.0,1.0,3.0,3.0,1.0,SRC_GML_MID
MID2627,2627.0,1956.0,2.0,IND,PAK,IND;PAK,4.0,17.0,2.0,5.0,1.0,39.0,39.0,1.0,SRC_GML_MID
MID2629,2629.0,1962.0,1.0,IND,PAK,IND;PAK,3.0,7.0,0.0,5.0,3.0,1.0,1.0,0.0,SRC_GML_MID
MID2630,2630.0,1963.0,9.0,PAK,IND,IND;PAK,4.0,17.0,0.0,5.0,3.0,5.0,5.0,1.0,SRC_GML_MID
MID2631,2631.0,1965.0,1.0,PAK,IND,IND;PAK,4.0,17.0,4.0,5.0,1.0,158.0,158.0,1.0,SRC_GML_MID
MID2632,2632.0,1966.0,4.0,IND,PAK,IND;PAK,4.0,16.0,0.0,6.0,1.0,139.0,139.0,1.0,SRC_GML_MID
MID2633,2633.0,1969.0,3.0,PAK,IND,IND;PAK,4.0,17.0,0.0,5.0,1.0,9.0,9.0,1.0,SRC_GML_MID
MID2634,2634.0,1969.0,10.0,PAK,IND,IND;PAK,3.0,7.0,0.0,5.0,1.0,139.0,139.0,1.0,SRC_GML_MID
MID2635,2635.0,1969.0,12.0,PAK,IND,IND;PAK,4.0,16.0,0.0,5.0,1.0,2.0,2.0,0.0,SRC_GML_MID
MID2638,2638.0,1972.0,5.0,PAK,IND,IND;PAK,4.0,16.0,3.0,6.0,1.0,1.0,1.0,0.0,SRC_GML_MID
MID2639,2639.0,1981.0,7.0,PAK,IND,IND;PAK,4.0,17.0,1.0,5.0,1.0,6.0,6.0,1.0,SRC_GML_MID
MID2640,2640.0,1982.0,9.0,IND,PAK,IND;PAK,3.0,8.0,0.0,5.0,3.0,1.0,1.0,0.0,SRC_GML_MID
MID2641,2641.0,1983.0,10.0,PAK,IND,IND;PAK,4.0,17.0,1.0,5.0,1.0,78.0,108.0,1.0,SRC_GML_MID
MID2642,2642.0,1984.0,4.0,IND,PAK,IND;PAK,4.0,17.0,2.0,5.0,3.0,538.0,538.0,1.0,SRC_GML_MID
MID2644,2644.0,1986.0,6.0,IND,PAK,IND;PAK,4.0,17.0,1.0,5.0,1.0,220.0,249.0,1.0,SRC_GML_MID
MID2645,2645.0,1915.0,4.0,DEU,DNK,DEU;DNK,4.0,16.0,0.0,8.0,3.0,1073.0,1073.0,0.0,SRC_GML_MID
MID2646,2646.0,1918.0,7.0,HND,DEU,DEU;HND,4.0,18.0,0.0,9.0,4.0,1.0,1.0,0.0,SRC_GML_MID
MID2647,2647.0,1918.0,4.0,GTM,AUT;DEU,AUT;DEU;GTM,4.0,18.0,0.0,9.0,4.0,1.0,1.0,0.0,SRC_GML_MID
MID2648,2648.0,1916.0,1.0,FRA,GRC,FRA;GRC,4.0,14.0,0.0,5.0,3.0,183.0,183.0,0.0,SRC_GML_MID
MID2649,2649.0,1917.0,2.0,CHN,AUT;DEU,CHN;DEU,4.0,18.0,0.0,9.0,3.0,187.0,187.0,0.0,SRC_GML_MID
MID2683,2683.0,1887.0,3.0,GBR,HTI,GBR;HTI,2.0,1.0,0.0,4.0,1.0,29.0,29.0,0.0,SRC_GML_MID
MID2700,2700.0,1919.0,7.0,CHN,RUS,CHN;RUS,4.0,16.0,0.0,3.0,3.0,87.0,117.0,1.0,SRC_GML_MID
MID2704,2704.0,1946.0,2.0,RUS,CHN,CHN;RUS,4.0,14.0,0.0,2.0,3.0,92.0,92.0,0.0,SRC_GML_MID
MID2707,2707.0,1964.0,7.0,RUS,CHN,CHN;RUS,3.0,7.0,0.0,5.0,3.0,366.0,366.0,0.0,SRC_GML_MID
MID2708,2708.0,1965.0,12.0,RUS,CHN,CHN;RUS,3.0,7.0,0.0,5.0,3.0,16.0,46.0,1.0,SRC_GML_MID
MID2710,2710.0,1967.0,8.0,CHN,RUS,CHN;RUS,4.0,15.0,0.0,7.0,3.0,4.0,4.0,0.0,SRC_GML_MID
MID2711,2711.0,1968.0,8.0,RUS,CHN,CHN;RUS,3.0,11.0,0.0,5.0,3.0,24.0,53.0,1.0,SRC_GML_MID
MID2713,2713.0,1974.0,11.0,RUS,CHN,CHN;RUS,4.0,17.0,1.0,5.0,3.0,1.0,30.0,1.0,SRC_GML_MID
MID2714,2714.0,1977.0,7.0,CHN,RUS,CHN;RUS,4.0,16.0,0.0,5.0,3.0,6.0,36.0,1.0,SRC_GML_MID
MID2715,2715.0,1978.0,3.0,RUS,CHN,CHN;RUS,4.0,16.0,0.0,5.0,3.0,40.0,70.0,0.0,SRC_GML_MID
MID2716,2716.0,1979.0,2.0,RUS,CHN,CHN;RUS,4.0,17.0,1.0,5.0,3.0,350.0,378.0,1.0,SRC_GML_MID
MID2717,2717.0,1980.0,10.0,RUS,CHN,CHN;RUS,4.0,17.0,1.0,5.0,3.0,1.0,1.0,1.0,SRC_GML_MID
MID2718,2718.0,1986.0,7.0,RUS,CHN,CHN;RUS,4.0,17.0,1.0,5.0,3.0,1.0,1.0,1.0,SRC_GML_MID
MID2721,2721.0,1871.0,7.0,RUS,JPN,JPN;RUS,4.0,14.0,0.0,5.0,3.0,185.0,185.0,0.0,SRC_GML_MID
MID2724,2724.0,1936.0,3.0,RUS,JPN,JPN;RUS,4.0,17.0,1.0,6.0,1.0,30.0,30.0,1.0,SRC_GML_MID
MID2725,2725.0,1945.0,8.0,MNG,JPN,JPN;MNG,4.0,18.0,0.0,9.0,4.0,1.0,1.0,0.0,SRC_GML_MID
MID2727,2727.0,1978.0,5.0,RUS,JPN,JPN;RUS,3.0,7.0,0.0,5.0,3.0,501.0,501.0,0.0,SRC_GML_MID
MID2728,2728.0,1984.0,11.0,RUS,JPN,JPN;RUS,3.0,7.0,0.0,5.0,3.0,12.0,12.0,1.0,SRC_GML_MID
MID2729,2729.0,1963.0,4.0,VDR,KHM,KHM;VDR,4.0,17.0,0.0,5.0,3.0,194.0,194.0,1.0,SRC_GML_MID
MID2730,2730.0,1962.0,10.0,VDR,KHM,KHM;VDR,4.0,16.0,1.0,5.0,3.0,32.0,32.0,1.0,SRC_GML_MID
MID2731,2731.0,1960.0,4.0,KHM,VDR,KHM;VDR,4.0,14.0,0.0,5.0,3.0,1.0,30.0,1.0,SRC_GML_MID
MID2732,2732.0,1959.0,6.0,VDR,KHM,KHM;VDR,4.0,17.0,0.0,6.0,1.0,36.0,65.0,1.0,SRC_GML_MID
MID2733,2733.0,1916.0,3.0,DEU,USA,DEU;USA,2.0,1.0,0.0,3.0,3.0,1.0,1.0,0.0,SRC_GML_MID
MID2734,2734.0,1987.0,11.0,IRN,PAN,IRN;PAN,4.0,16.0,0.0,5.0,3.0,74.0,74.0,0.0,SRC_GML_MID
MID2735,2735.0,1987.0,9.0,NIC,CRI,CRI;NIC,4.0,17.0,0.0,5.0,3.0,1.0,1.0,1.0,SRC_GML_MID
MID2736,2736.0,1987.0,11.0,DOM,HTI,DOM;HTI,3.0,8.0,0.0,5.0,3.0,1.0,1.0,0.0,SRC_GML_MID
MID2738,2738.0,1987.0,7.0,RUS,SWE,RUS;SWE,3.0,7.0,0.0,5.0,3.0,33.0,92.0,0.0,SRC_GML_MID
MID2739,2739.0,1987.0,5.0,IRQ,USA,IRQ;USA,4.0,16.0,2.0,3.0,1.0,2.0,2.0,1.0,SRC_GML_MID
MID2740,2740.0,1987.0,4.0,USA,IRN,IRN;USA,4.0,17.0,1.0,5.0,3.0,605.0,634.0,1.0,SRC_GML_MID
MID2741,2741.0,1987.0,9.0,USA,PAN,PAN;USA,4.0,15.0,0.0,5.0,3.0,199.0,199.0,1.0,SRC_GML_MID
MID2742,2742.0,1986.0,12.0,USA,CUB,CUB;USA,4.0,15.0,0.0,7.0,3.0,333.0,333.0,1.0,SRC_GML_MID
MID2743,2743.0,1978.0,8.0,EGY,LBY,EGY;LBY,3.0,8.0,0.0,5.0,3.0,3.0,3.0,0.0,SRC_GML_MID
MID2744,2744.0,1961.0,8.0,BEN,PRT,BEN;PRT,4.0,14.0,0.0,1.0,2.0,1.0,1.0,0.0,SRC_GML_MID
MID2745,2745.0,1988.0,10.0,IDN,PNG,IDN;PNG,4.0,16.0,0.0,5.0,3.0,7.0,7.0,0.0,SRC_GML_MID
MID2746,2746.0,1988.0,4.0,MYS,PHL,MYS;PHL,4.0,15.0,0.0,7.0,3.0,135.0,135.0,0.0,SRC_GML_MID
MID2747,2747.0,1988.0,8.0,MMR,THA,MMR;THA,4.0,15.0,0.0,5.0,3.0,63.0,63.0,0.0,SRC_GML_MID
MID2748,2748.0,1988.0,11.0,PNG,JPN,JPN;PNG,4.0,15.0,0.0,8.0,4.0,1.0,1.0,0.0,SRC_GML_MID
MID2749,2749.0,1988.0,1.0,CHN,VNM,CHN;VNM,4.0,17.0,2.0,1.0,2.0,44.0,44.0,1.0,SRC_GML_MID
MID2751,2751.0,1988.0,5.0,IRN,JPN,IRN;JPN,4.0,16.0,0.0,5.0,3.0,1.0,1.0,0.0,SRC_GML_MID
MID2752,2752.0,1988.0,4.0,IRN,ARE,ARE;IRN,4.0,16.0,0.0,5.0,3.0,1.0,1.0,0.0,SRC_GML_MID
MID2753,2753.0,1988.0,10.0,ZAF,SWZ,SWZ;ZAF,4.0,16.0,0.0,5.0,3.0,18.0,18.0,0.0,SRC_GML_MID
MID2754,2754.0,1988.0,3.0,ZAF,BWA,BWA;ZAF,4.0,17.0,0.0,5.0,3.0,86.0,86.0,1.0,SRC_GML_MID
MID2755,2755.0,1988.0,2.0,ZAF,ZWE,ZAF;ZWE,2.0,1.0,0.0,5.0,3.0,1.0,1.0,0.0,SRC_GML_MID
MID2757,2757.0,1988.0,10.0,ETH,SDN,ETH;SDN,4.0,16.0,0.0,5.0,3.0,1.0,7.0,0.0,SRC_GML_MID
MID2758,2758.0,1988.0,5.0,IRQ,LBR,IRQ;LBR,4.0,16.0,0.0,5.0,3.0,1.0,1.0,0.0,SRC_GML_MID
MID2759,2759.0,1988.0,7.0,IRN,ROU,IRN;ROU,4.0,16.0,0.0,5.0,3.0,1.0,1.0,0.0,SRC_GML_MID
MID2760,2760.0,1988.0,12.0,TUR,CYP,CYP;TUR,4.0,16.0,1.0,5.0,3.0,1.0,1.0,1.0,SRC_GML_MID
MID2762,2762.0,1988.0,5.0,IRN,SGP,IRN;SGP,4.0,16.0,0.0,5.0,3.0,1.0,1.0,0.0,SRC_GML_MID
MID2763,2763.0,1988.0,6.0,IRN,DEU,DEU;IRN,4.0,16.0,0.0,5.0,3.0,1.0,1.0,0.0,SRC_GML_MID
MID2764,2764.0,1988.0,5.0,IRQ,ESP,ESP;IRQ,4.0,16.0,0.0,5.0,3.0,1.0,1.0,0.0,SRC_GML_MID
MID2765,2765.0,1988.0,3.0,IRN,ESP,ESP;IRN,4.0,16.0,0.0,5.0,3.0,1.0,1.0,0.0,SRC_GML_MID
MID2767,2767.0,1988.0,5.0,IRQ,GBR,GBR;IRQ,4.0,16.0,0.0,5.0,3.0,1.0,1.0,0.0,SRC_GML_MID
MID2768,2768.0,1988.0,8.0,COL,VEN,COL;VEN,4.0,16.0,0.0,5.0,1.0,7.0,7.0,1.0,SRC_GML_MID
MID2769,2769.0,1988.0,1.0,IRQ,PAN,IRQ;PAN,4.0,16.0,0.0,5.0,3.0,1.0,1.0,0.0,SRC_GML_MID
MID2770,2770.0,1988.0,9.0,PAN,CRI,CRI;PAN,4.0,16.0,0.0,5.0,3.0,33.0,33.0,0.0,SRC_GML_MID
MID2771,2771.0,1988.0,9.0,HND,NIC,HND;NIC,4.0,16.0,0.0,5.0,3.0,1.0,1.0,1.0,SRC_GML_MID
MID2772,2772.0,1987.0,4.0,IRN,BHR,BHR;IRN,4.0,16.0,0.0,5.0,3.0,212.0,212.0,0.0,SRC_GML_MID
MID2773,2773.0,1988.0,4.0,CAN,FRA,CAN;FRA,4.0,15.0,0.0,7.0,1.0,23.0,23.0,1.0,SRC_GML_MID
MID2774,2774.0,1988.0,2.0,USA,IRQ,IRQ;USA,4.0,16.0,0.0,5.0,3.0,1.0,1.0,1.0,SRC_GML_MID
MID2775,2775.0,1989.0,1.0,LBY,USA,LBY;USA,4.0,16.0,0.0,5.0,3.0,1.0,1.0,1.0,SRC_GML_MID
MID2776,2776.0,1987.0,5.0,THA,LAO,LAO;THA,4.0,17.0,3.0,6.0,1.0,265.0,295.0,1.0,SRC_GML_MID
MID2777,2777.0,1987.0,4.0,MMR,THA,MMR;THA,4.0,15.0,0.0,7.0,1.0,23.0,23.0,0.0,SRC_GML_MID
MID2778,2778.0,1987.0,6.0,IND,LKA,IND;LKA,3.0,7.0,0.0,4.0,1.0,12.0,12.0,0.0,SRC_GML_MID
MID2779,2779.0,1987.0,6.0,IND,BGD,BGD;IND,4.0,16.0,1.0,5.0,3.0,25.0,25.0,0.0,SRC_GML_MID
MID2780,2780.0,1987.0,4.0,VNM,CHN,CHN;VNM,4.0,14.0,0.0,5.0,3.0,53.0,53.0,1.0,SRC_GML_MID
MID2782,2782.0,1987.0,3.0,TWN,CHN,CHN;TWN,4.0,16.0,0.0,5.0,3.0,206.0,206.0,0.0,SRC_GML_MID
MID2783,2783.0,1987.0,10.0,OMN,YMD,OMN;YMD,4.0,17.0,1.0,5.0,3.0,1.0,1.0,1.0,SRC_GML_MID
MID2784,2784.0,1987.0,10.0,IRQ,AUS,AUS;IRQ,4.0,16.0,0.0,5.0,3.0,1.0,1.0,0.0,SRC_GML_MID
MID2785,2785.0,1987.0,11.0,IRQ,SGP,IRQ;SGP,4.0,16.0,0.0,5.0,3.0,1.0,1.0,0.0,SRC_GML_MID
MID2786,2786.0,1987.0,7.0,SYR,IRQ,IRQ;SYR,4.0,16.0,0.0,5.0,3.0,1.0,1.0,1.0,SRC_GML_MID
MID2788,2788.0,1987.0,9.0,IRQ,TUR,IRQ;TUR,4.0,16.0,0.0,5.0,3.0,1.0,1.0,0.0,SRC_GML_MID
MID2789,2789.0,1987.0,12.0,IRN,SGP,IRN;SGP,4.0,16.0,0.0,5.0,3.0,192.0,192.0,0.0,SRC_GML_MID
MID2790,2790.0,1987.0,12.0,IRN,MDV,IRN;MDV,4.0,16.0,0.0,5.0,3.0,1.0,1.0,0.0,SRC_GML_MID
MID2791,2791.0,1987.0,10.0,IRN,PAK,IRN;PAK,4.0,16.0,0.0,5.0,3.0,1.0,1.0,0.0,SRC_GML_MID
MID2792,2792.0,1987.0,10.0,IRN,IND,IND;IRN,4.0,16.0,0.0,5.0,3.0,178.0,178.0,0.0,SRC_GML_MID
MID2793,2793.0,1987.0,9.0,IRN,JPN,IRN;JPN,4.0,16.0,0.0,5.0,3.0,29.0,29.0,0.0,SRC_GML_MID
MID2794,2794.0,1987.0,9.0,IRN,KOR,IRN;KOR,4.0,16.0,0.0,5.0,3.0,116.0,116.0,0.0,SRC_GML_MID
MID2796,2796.0,1987.0,5.0,IRN,QAT,IRN;QAT,4.0,16.0,0.0,5.0,3.0,1.0,1.0,0.0,SRC_GML_MID
MID2797,2797.0,1987.0,5.0,IRN,KWT,IRN;KWT,4.0,17.0,1.0,5.0,3.0,383.0,383.0,1.0,SRC_GML_MID
MID2798,2798.0,1987.0,8.0,IRN,SAU,IRN;SAU,3.0,7.0,0.0,5.0,3.0,63.0,63.0,1.0,SRC_GML_MID
MID2799,2799.0,1987.0,6.0,IRN,TUR,IRN;TUR,4.0,17.0,1.0,5.0,3.0,272.0,301.0,1.0,SRC_GML_MID
MID2800,2800.0,1987.0,12.0,MOZ,ZAF,MOZ;ZAF,4.0,15.0,0.0,7.0,1.0,6.0,6.0,0.0,SRC_GML_MID
MID2801,2801.0,1987.0,5.0,ZAF,MOZ,MOZ;ZAF,4.0,16.0,0.0,5.0,3.0,2.0,2.0,1.0,SRC_GML_MID
MID2802,2802.0,1987.0,7.0,ETH,SDN,ETH;SDN,4.0,17.0,0.0,5.0,3.0,24.0,24.0,1.0,SRC_GML_MID
MID2803,2803.0,1986.0,11.0,ETH,SDN,ETH;SDN,4.0,16.0,0.0,5.0,3.0,3.0,33.0,0.0,SRC_GML_MID
MID2804,2804.0,1987.0,10.0,UGA,KEN,KEN;UGA,4.0,17.0,2.0,6.0,1.0,59.0,89.0,1.0,SRC_GML_MID
MID2805,2805.0,1987.0,6.0,UGA,COD,COD;UGA,4.0,17.0,1.0,5.0,3.0,1.0,3.0,1.0,SRC_GML_MID
MID2806,2806.0,1987.0,1.0,COD,COG,COD;COG,4.0,16.0,0.0,5.0,3.0,1.0,1.0,1.0,SRC_GML_MID
MID2807,2807.0,1987.0,5.0,CMR,NGA,CMR;NGA,4.0,17.0,0.0,5.0,3.0,1.0,1.0,1.0,SRC_GML_MID
MID2808,2808.0,1987.0,1.0,IRN,LBR,IRN;LBR,4.0,16.0,0.0,5.0,3.0,227.0,227.0,0.0,SRC_GML_MID
MID2809,2809.0,1987.0,4.0,MAR,MRT,MAR;MRT,3.0,7.0,0.0,5.0,3.0,18.0,18.0,1.0,SRC_GML_MID
MID2810,2810.0,1987.0,4.0,ZAF,BWA;ZMB,BWA;ZAF;ZMB,4.0,16.0,0.0,5.0,3.0,17.0,17.0,0.0,SRC_GML_MID
MID2811,2811.0,1987.0,4.0,IRQ,PAN,IRQ;PAN,4.0,16.0,0.0,5.0,3.0,15.0,15.0,0.0,SRC_GML_MID
MID2812,2812.0,1987.0,8.0,COL,VEN,COL;VEN,3.0,10.0,0.0,5.0,3.0,29.0,29.0,1.0,SRC_GML_MID
MID2815,2815.0,1987.0,6.0,IRQ,MLT,IRQ;MLT,4.0,16.0,0.0,5.0,3.0,1.0,1.0,0.0,SRC_GML_MID
MID2816,2816.0,1987.0,6.0,POL,DEU,DEU;POL,4.0,16.0,0.0,5.0,3.0,1.0,1.0,0.0,SRC_GML_MID
MID2817,2817.0,1987.0,9.0,IRN,GRC,GRC;IRN,4.0,16.0,0.0,5.0,3.0,204.0,204.0,0.0,SRC_GML_MID
MID2818,2818.0,1987.0,9.0,IRN,CYP,CYP;IRN,4.0,16.0,0.0,5.0,3.0,94.0,94.0,0.0,SRC_GML_MID
MID2819,2819.0,1987.0,7.0,IRQ,GRC,GRC;IRQ,4.0,16.0,0.0,5.0,3.0,162.0,162.0,0.0,SRC_GML_MID
MID2820,2820.0,1987.0,8.0,IRN,SRB,IRN;SRB,4.0,16.0,0.0,5.0,3.0,1.0,1.0,0.0,SRC_GML_MID
MID2821,2821.0,1987.0,9.0,IRN,ITA,IRN;ITA,4.0,16.0,0.0,5.0,3.0,2.0,2.0,1.0,SRC_GML_MID
MID2822,2822.0,1987.0,9.0,IRN,ESP,ESP;IRN,4.0,16.0,0.0,5.0,3.0,1.0,1.0,0.0,SRC_GML_MID
MID2823,2823.0,1987.0,6.0,IRN,FRA,FRA;IRN,4.0,16.0,0.0,5.0,3.0,205.0,205.0,1.0,SRC_GML_MID
MID2824,2824.0,1987.0,12.0,IRQ,CYP,CYP;IRQ,4.0,16.0,0.0,5.0,3.0,151.0,151.0,0.0,SRC_GML_MID
MID2825,2825.0,1987.0,6.0,IRN,SWE,IRN;SWE,4.0,16.0,0.0,5.0,3.0,1.0,1.0,0.0,SRC_GML_MID
MID2826,2826.0,1987.0,5.0,IRN,RUS,IRN;RUS,4.0,16.0,0.0,5.0,3.0,1.0,1.0,0.0,SRC_GML_MID
MID2827,2827.0,1987.0,9.0,RUS,NOR,NOR;RUS,4.0,16.0,0.0,5.0,3.0,1.0,1.0,0.0,SRC_GML_MID
MID2828,2828.0,1987.0,11.0,IRN,ROU,IRN;ROU,4.0,16.0,0.0,5.0,3.0,1.0,1.0,0.0,SRC_GML_MID
MID2832,2832.0,1987.0,5.0,IRN,NOR,IRN;NOR,4.0,16.0,0.0,5.0,3.0,445.0,445.0,0.0,SRC_GML_MID
MID2833,2833.0,1987.0,12.0,IRQ,NOR,IRQ;NOR,4.0,16.0,0.0,5.0,3.0,1.0,1.0,0.0,SRC_GML_MID
MID2834,2834.0,1987.0,12.0,IRN,DNK;USA,DNK;IRN,4.0,16.0,0.0,5.0,3.0,69.0,69.0,1.0,SRC_GML_MID
MID2835,2835.0,1878.0,8.0,TUR,GRC,GRC;TUR,4.0,16.0,0.0,5.0,3.0,1.0,31.0,0.0,SRC_GML_MID
MID2838,2838.0,1959.0,2.0,KOR,JPN,JPN;KOR,3.0,8.0,0.0,5.0,3.0,2.0,2.0,0.0,SRC_GML_MID
MID2840,2840.0,1948.0,1.0,GBR,ARG;CHL,ARG;CHL;GBR,4.0,14.0,0.0,5.0,3.0,183.0,183.0,1.0,SRC_GML_MID
MID2841,2841.0,1959.0,6.0,MMR,THA,MMR;THA,4.0,16.0,0.0,5.0,3.0,1.0,1.0,0.0,SRC_GML_MID
MID2847,2847.0,1955.0,3.0,RUS,JPN,JPN;RUS,4.0,15.0,0.0,7.0,3.0,972.0,972.0,0.0,SRC_GML_MID
MID2849,2849.0,1957.0,7.0,USA,CZE,CZE;USA,3.0,7.0,0.0,5.0,3.0,1.0,1.0,0.0,SRC_GML_MID
MID2850,2850.0,1956.0,12.0,PAK,IND,IND;PAK,3.0,7.0,0.0,5.0,3.0,79.0,109.0,0.0,SRC_GML_MID
MID2852,2852.0,1958.0,6.0,RUS,JPN,JPN;RUS,4.0,15.0,0.0,7.0,3.0,4.0,4.0,0.0,SRC_GML_MID
MID2853,2853.0,1958.0,5.0,CHN,JPN,CHN;JPN,4.0,16.0,0.0,5.0,3.0,2.0,2.0,0.0,SRC_GML_MID
MID2854,2854.0,1958.0,6.0,USA,DDR,DDR;USA,4.0,15.0,0.0,7.0,1.0,43.0,43.0,1.0,SRC_GML_MID
MID2855,2855.0,1958.0,5.0,BEL,DDR,BEL;DDR,4.0,15.0,0.0,7.0,3.0,33.0,33.0,1.0,SRC_GML_MID
MID2857,2857.0,1957.0,12.0,ALB,USA,ALB;USA,4.0,16.0,0.0,7.0,3.0,18.0,18.0,0.0,SRC_GML_MID
MID2858,2858.0,1957.0,12.0,ALB,GBR,ALB;GBR,4.0,15.0,0.0,7.0,3.0,5.0,5.0,0.0,SRC_GML_MID
MID2860,2860.0,1959.0,3.0,BRA,RUS,BRA;RUS,2.0,1.0,0.0,5.0,3.0,1.0,1.0,0.0,SRC_GML_MID
MID2861,2861.0,1959.0,1.0,RUS,JPN,JPN;RUS,4.0,15.0,0.0,7.0,3.0,353.0,353.0,0.0,SRC_GML_MID
MID2862,2862.0,1959.0,2.0,VDR,CHN,CHN;VDR,4.0,15.0,0.0,5.0,3.0,1.0,1.0,0.0,SRC_GML_MID
MID2863,2863.0,1959.0,2.0,PHL,RUS,PHL;RUS,4.0,15.0,0.0,7.0,3.0,9.0,9.0,0.0,SRC_GML_MID
MID2865,2865.0,1958.0,8.0,GBR,ISL,GBR;ISL,4.0,16.0,0.0,5.0,3.0,278.0,278.0,1.0,SRC_GML_MID
MID2869,2869.0,1959.0,4.0,IND,PAK,IND;PAK,4.0,16.0,0.0,7.0,3.0,3.0,3.0,1.0,SRC_GML_MID
MID2870,2870.0,1959.0,3.0,USA,CHE,CHE;USA,4.0,15.0,0.0,7.0,3.0,2.0,2.0,1.0,SRC_GML_MID
MID2871,2871.0,1959.0,1.0,RUS,IRN,IRN;RUS,3.0,7.0,0.0,5.0,3.0,166.0,196.0,1.0,SRC_GML_MID
MID2873,2873.0,1960.0,6.0,RUS,JPN,JPN;RUS,4.0,15.0,0.0,5.0,3.0,80.0,80.0,0.0,SRC_GML_MID
MID2875,2875.0,1960.0,2.0,ISL,GBR,GBR;ISL,4.0,16.0,0.0,6.0,1.0,142.0,142.0,1.0,SRC_GML_MID
MID2876,2876.0,1960.0,10.0,USA,AUT,AUT;USA,4.0,15.0,0.0,5.0,3.0,1.0,1.0,1.0,SRC_GML_MID
MID2877,2877.0,1960.0,7.0,ITA,AUT,AUT;ITA,3.0,12.0,0.0,5.0,3.0,2.0,2.0,0.0,SRC_GML_MID
MID2878,2878.0,1960.0,7.0,HUN,AUT,AUT;HUN,3.0,12.0,0.0,5.0,3.0,2.0,2.0,0.0,SRC_GML_MID
MID2880,2880.0,1961.0,11.0,ESP,MAR,ESP;MAR,4.0,16.0,0.0,5.0,3.0,1.0,1.0,0.0,SRC_GML_MID
MID2884,2884.0,1961.0,3.0,VDR,CHN,CHN;VDR,4.0,15.0,0.0,5.0,3.0,4.0,4.0,0.0,SRC_GML_MID
MID2885,2885.0,1960.0,12.0,PAK,IND,IND;PAK,3.0,7.0,0.0,5.0,3.0,120.0,120.0,0.0,SRC_GML_MID
MID2887,2887.0,1961.0,1.0,MAR,ESP,ESP;MAR,3.0,7.0,0.0,5.0,3.0,1.0,1.0,0.0,SRC_GML_MID
MID2888,2888.0,1962.0,6.0,RUS,JPN,JPN;RUS,4.0,15.0,0.0,7.0,3.0,103.0,133.0,0.0,SRC_GML_MID
MID2890,2890.0,1962.0,3.0,PRT,GIN,GIN;PRT,3.0,7.0,0.0,5.0,3.0,1.0,1.0,0.0,SRC_GML_MID
MID2891,2891.0,1966.0,10.0,CHN,TWN,CHN;TWN,4.0,17.0,1.0,5.0,3.0,1.0,1.0,1.0,SRC_GML_MID
MID2892,2892.0,1963.0,1.0,TWN,CHN,CHN;TWN,4.0,17.0,3.0,5.0,3.0,1086.0,1086.0,1.0,SRC_GML_MID
MID2894,2894.0,1963.0,11.0,IDN,JPN,IDN;JPN,4.0,15.0,0.0,5.0,3.0,1.0,1.0,0.0,SRC_GML_MID
MID2897,2897.0,1963.0,11.0,RUS,IRN,IRN;RUS,4.0,16.0,1.0,5.0,3.0,1.0,1.0,0.0,SRC_GML_MID
MID2898,2898.0,1963.0,9.0,DEU,CZE,CZE;DEU,4.0,16.0,1.0,5.0,3.0,6.0,6.0,1.0,SRC_GML_MID
MID2899,2899.0,1963.0,3.0,RUS,USA,RUS;USA,3.0,7.0,0.0,5.0,3.0,1.0,1.0,0.0,SRC_GML_MID
MID2901,2901.0,1964.0,7.0,RUS,USA,RUS;USA,4.0,16.0,0.0,5.0,3.0,1.0,1.0,0.0,SRC_GML_MID
MID2904,2904.0,1964.0,3.0,IDN,MYS,IDN;MYS,4.0,16.0,0.0,5.0,3.0,1.0,1.0,0.0,SRC_GML_MID
MID2906,2906.0,1964.0,12.0,EGY,USA,EGY;USA,4.0,16.0,0.0,5.0,3.0,1.0,1.0,0.0,SRC_GML_MID
MID2907,2907.0,1964.0,9.0,RUS,SWE,RUS;SWE,3.0,7.0,0.0,5.0,3.0,1.0,1.0,0.0,SRC_GML_MID
MID2908,2908.0,1964.0,9.0,RUS,DEU;GBR,DEU;GBR;RUS,3.0,7.0,0.0,5.0,3.0,15.0,15.0,1.0,SRC_GML_MID
MID2913,2913.0,1965.0,2.0,IDN,MYS,IDN;MYS,4.0,16.0,1.0,5.0,3.0,10.0,10.0,1.0,SRC_GML_MID
MID2914,2914.0,1965.0,1.0,IDN,JPN,IDN;JPN,4.0,15.0,0.0,5.0,3.0,36.0,36.0,0.0,SRC_GML_MID
MID2915,2915.0,1965.0,5.0,RUS,GBR,GBR;RUS,3.0,7.0,0.0,5.0,3.0,1.0,1.0,0.0,SRC_GML_MID
MID2916,2916.0,1965.0,4.0,USA,PRK,PRK;USA,4.0,17.0,0.0,5.0,3.0,1.0,1.0,1.0,SRC_GML_MID
MID2918,2918.0,1966.0,4.0,IDN,GBR,GBR;IDN,4.0,16.0,0.0,5.0,3.0,1.0,1.0,0.0,SRC_GML_MID
MID2919,2919.0,1966.0,3.0,KOR,JPN,JPN;KOR,4.0,16.0,0.0,5.0,3.0,4.0,4.0,0.0,SRC_GML_MID
MID2920,2920.0,1966.0,1.0,CHN,KOR,CHN;KOR,4.0,15.0,0.0,5.0,3.0,4.0,4.0,0.0,SRC_GML_MID
MID2921,2921.0,1966.0,7.0,RUS,DEU;USA,DEU;RUS;USA,3.0,7.0,0.0,5.0,3.0,1.0,1.0,0.0,SRC_GML_MID
MID2922,2922.0,1968.0,6.0,VEN,RUS,RUS;VEN,4.0,15.0,0.0,5.0,3.0,5.0,5.0,0.0,SRC_GML_MID
MID2923,2923.0,1968.0,5.0,BRA,RUS,BRA;RUS,4.0,15.0,0.0,7.0,1.0,19.0,19.0,0.0,SRC_GML_MID
MID2924,2924.0,1968.0,2.0,EGY,USA,EGY;USA,3.0,7.0,0.0,5.0,3.0,1.0,1.0,0.0,SRC_GML_MID
MID2925,2925.0,1968.0,9.0,RUS,JPN,JPN;RUS,4.0,16.0,0.0,5.0,3.0,44.0,44.0,0.0,SRC_GML_MID
MID2926,2926.0,1968.0,6.0,CHN,GBR,CHN;GBR,4.0,15.0,0.0,5.0,3.0,4.0,4.0,0.0,SRC_GML_MID
MID2927,2927.0,1968.0,6.0,ARG,RUS,ARG;RUS,4.0,16.0,0.0,5.0,3.0,4.0,4.0,0.0,SRC_GML_MID
MID2928,2928.0,1968.0,6.0,RUS,USA,RUS;USA,4.0,15.0,0.0,7.0,1.0,3.0,3.0,0.0,SRC_GML_MID
MID2929,2929.0,1965.0,4.0,USA,CHN,CHN;USA,4.0,17.0,1.0,5.0,3.0,1042.0,1042.0,1.0,SRC_GML_MID
MID2930,2930.0,1967.0,5.0,RUS,JPN;KOR;USA,JPN;KOR;RUS;USA,3.0,7.0,0.0,5.0,3.0,7.0,7.0,0.0,SRC_GML_MID
MID2931,2931.0,1967.0,4.0,USA,RUS,RUS;USA,3.0,7.0,0.0,5.0,3.0,1.0,1.0,0.0,SRC_GML_MID
MID2932,2932.0,1967.0,10.0,DDR,DEU,DDR;DEU,4.0,16.0,0.0,5.0,3.0,1.0,1.0,0.0,SRC_GML_MID
MID2933,2933.0,1967.0,4.0,GBR,RUS,GBR;RUS,4.0,15.0,0.0,7.0,3.0,4.0,4.0,0.0,SRC_GML_MID
MID2934,2934.0,1967.0,3.0,USA,RUS,RUS;USA,4.0,15.0,0.0,7.0,3.0,24.0,24.0,0.0,SRC_GML_MID
MID2935,2935.0,1967.0,9.0,TWN,CHN,CHN;TWN,4.0,16.0,1.0,5.0,3.0,1.0,1.0,1.0,SRC_GML_MID
MID2936,2936.0,1969.0,9.0,USA,CHN,CHN;USA,4.0,16.0,0.0,5.0,3.0,26.0,26.0,0.0,SRC_GML_MID
MID2937,2937.0,1969.0,8.0,RUS,JPN,JPN;RUS,4.0,16.0,0.0,5.0,3.0,47.0,47.0,0.0,SRC_GML_MID
MID2938,2938.0,1969.0,2.0,KHM,THA,KHM;THA,4.0,17.0,0.0,5.0,3.0,1.0,1.0,1.0,SRC_GML_MID
MID2940,2940.0,1968.0,11.0,VEN,CUB,CUB;VEN,4.0,15.0,0.0,7.0,3.0,30.0,30.0,0.0,SRC_GML_MID
MID2942,2942.0,1970.0,11.0,GTM,SLV,GTM;SLV,4.0,16.0,0.0,5.0,3.0,4.0,4.0,0.0,SRC_GML_MID
MID2944,2944.0,1971.0,1.0,DDR,DEU,DDR;DEU,4.0,16.0,0.0,5.0,3.0,1.0,1.0,1.0,SRC_GML_MID
MID2946,2946.0,1971.0,2.0,USA,CUB,CUB;USA,4.0,15.0,0.0,7.0,3.0,307.0,307.0,1.0,SRC_GML_MID
MID2947,2947.0,1971.0,3.0,CHN,USA,CHN;USA,2.0,1.0,0.0,5.0,3.0,1.0,1.0,0.0,SRC_GML_MID
MID2948,2948.0,1972.0,8.0,USA,CHN,CHN;USA,4.0,16.0,1.0,5.0,3.0,1.0,1.0,0.0,SRC_GML_MID
MID2949,2949.0,1972.0,1.0,USA,RUS,RUS;USA,4.0,15.0,0.0,7.0,3.0,4.0,4.0,0.0,SRC_GML_MID
MID2950,2950.0,1973.0,3.0,LBY,USA,LBY;USA,4.0,16.0,0.0,5.0,3.0,1.0,1.0,0.0,SRC_GML_MID
MID2951,2951.0,1974.0,2.0,CUB,USA,CUB;USA,4.0,15.0,0.0,7.0,3.0,2.0,2.0,0.0,SRC_GML_MID
MID2955,2955.0,1975.0,4.0,MMR,THA,MMR;THA,4.0,16.0,0.0,5.0,3.0,1.0,1.0,0.0,SRC_GML_MID
MID2956,2956.0,1976.0,6.0,CHN,KOR,CHN;KOR,4.0,15.0,0.0,7.0,3.0,1.0,25.0,0.0,SRC_GML_MID
MID2958,2958.0,1976.0,1.0,USA,CUB,CUB;USA,4.0,15.0,0.0,5.0,3.0,4.0,4.0,0.0,SRC_GML_MID
MID2959,2959.0,1976.0,11.0,IRN,YMD,IRN;YMD,4.0,16.0,0.0,5.0,3.0,2.0,2.0,1.0,SRC_GML_MID
MID2960,2960.0,1976.0,10.0,USA,PRK,PRK;USA,3.0,7.0,0.0,5.0,3.0,2.0,2.0,0.0,SRC_GML_MID
MID2961,2961.0,1976.0,4.0,SAU,ISR,ISR;SAU,4.0,15.0,0.0,7.0,3.0,2.0,2.0,1.0,SRC_GML_MID
MID2962,2962.0,1977.0,4.0,CUB,USA,CUB;USA,4.0,15.0,0.0,7.0,3.0,4.0,4.0,0.0,SRC_GML_MID
MID2963,2963.0,1977.0,11.0,PRK,JPN,JPN;PRK,4.0,15.0,0.0,7.0,3.0,3.0,3.0,0.0,SRC_GML_MID
MID2964,2964.0,1977.0,9.0,RUS,JPN,JPN;RUS,3.0,7.0,0.0,5.0,3.0,1.0,1.0,1.0,SRC_GML_MID
MID2965,2965.0,1978.0,7.0,LBY,ITA,ITA;LBY,4.0,15.0,0.0,7.0,3.0,1.0,1.0,0.0,SRC_GML_MID
MID2967,2967.0,1979.0,11.0,PER,USA,PER;USA,4.0,15.0,0.0,5.0,3.0,2.0,2.0,0.0,SRC_GML_MID
MID2968,2968.0,1979.0,8.0,CAN,USA,CAN;USA,4.0,15.0,0.0,5.0,3.0,6.0,6.0,0.0,SRC_GML_MID
MID2969,2969.0,1980.0,7.0,MAR,CUB,CUB;MAR,4.0,16.0,0.0,5.0,3.0,1.0,1.0,0.0,SRC_GML_MID
MID2971,2971.0,1981.0,8.0,USA,PRK,PRK;USA,4.0,16.0,0.0,5.0,3.0,148.0,148.0,1.0,SRC_GML_MID
MID2972,2972.0,1981.0,7.0,CUB,USA,CUB;USA,3.0,7.0,0.0,5.0,3.0,14.0,14.0,1.0,SRC_GML_MID
MID2973,2973.0,1982.0,10.0,RUS,SWE,RUS;SWE,4.0,16.0,0.0,5.0,3.0,1.0,31.0,1.0,SRC_GML_MID
MID2974,2974.0,1982.0,4.0,PRK,JPN,JPN;PRK,4.0,15.0,0.0,5.0,3.0,84.0,84.0,0.0,SRC_GML_MID
MID2975,2975.0,1982.0,3.0,CHN,VNM,CHN;VNM,4.0,16.0,0.0,5.0,3.0,2.0,2.0,1.0,SRC_GML_MID
MID2976,2976.0,1982.0,4.0,RUS,JPN,JPN;RUS,3.0,7.0,0.0,5.0,3.0,1.0,1.0,1.0,SRC_GML_MID
MID2977,2977.0,1982.0,3.0,USA,NIC,NIC;USA,4.0,16.0,0.0,5.0,3.0,92.0,92.0,1.0,SRC_GML_MID
MID2981,2981.0,1983.0,4.0,USA,CUB,CUB;USA,3.0,7.0,0.0,5.0,3.0,1.0,1.0,0.0,SRC_GML_MID
MID2982,2982.0,1982.0,12.0,RUS,USA,RUS;USA,3.0,7.0,0.0,5.0,3.0,1.0,1.0,0.0,SRC_GML_MID
MID2984,2984.0,1953.0,9.0,CHN,GBR,CHN;GBR,4.0,16.0,1.0,5.0,3.0,1.0,1.0,0.0,SRC_GML_MID
MID2988,2988.0,1953.0,5.0,TWN,GBR,GBR;TWN,4.0,16.0,0.0,5.0,3.0,169.0,169.0,1.0,SRC_GML_MID
MID2989,2989.0,1952.0,9.0,CHN,GBR,CHN;GBR,4.0,17.0,0.0,5.0,3.0,1.0,1.0,1.0,SRC_GML_MID
MID2991,2991.0,1951.0,2.0,CHN,GBR,CHN;GBR,4.0,16.0,0.0,5.0,3.0,116.0,116.0,0.0,SRC_GML_MID
MID2992,2992.0,1951.0,3.0,TWN,GBR,GBR;TWN,4.0,15.0,0.0,5.0,3.0,71.0,71.0,0.0,SRC_GML_MID
MID2995,2995.0,1934.0,3.0,JPN,RUS,JPN;RUS,4.0,15.0,0.0,7.0,3.0,21.0,21.0,0.0,SRC_GML_MID
MID2996,2996.0,1959.0,6.0,TUR,EGY,EGY;TUR,3.0,12.0,0.0,5.0,3.0,58.0,58.0,0.0,SRC_GML_MID
MID2997,2997.0,1959.0,9.0,EGY,IRQ,EGY;IRQ,3.0,7.0,0.0,5.0,3.0,1.0,1.0,0.0,SRC_GML_MID
MID2998,2998.0,1959.0,3.0,IRQ,EGY,EGY;IRQ,4.0,16.0,0.0,5.0,3.0,6.0,6.0,0.0,SRC_GML_MID
MID2999,2999.0,1959.0,12.0,EGY,JOR,EGY;JOR,4.0,17.0,0.0,5.0,3.0,1.0,1.0,1.0,SRC_GML_MID
MID3000,3000.0,1979.0,2.0,ETH,SDN,ETH;SDN,4.0,14.0,0.0,5.0,3.0,182.0,182.0,0.0,SRC_GML_MID
MID3001,3001.0,1979.0,2.0,EGY,LBY,EGY;LBY,3.0,8.0,0.0,5.0,3.0,76.0,103.0,1.0,SRC_GML_MID
MID3002,3002.0,1979.0,2.0,ZWE,AGO,AGO;ZWE,4.0,16.0,0.0,5.0,3.0,1.0,1.0,0.0,SRC_GML_MID
MID3003,3003.0,1978.0,12.0,LAO,THA,LAO;THA,4.0,17.0,1.0,5.0,3.0,43.0,43.0,1.0,SRC_GML_MID
MID3004,3004.0,1978.0,10.0,ZWE,BWA,BWA;ZWE,4.0,17.0,0.0,5.0,3.0,297.0,297.0,1.0,SRC_GML_MID
MID3005,3005.0,1978.0,8.0,ZMB,ZAF,ZAF;ZMB,4.0,16.0,1.0,5.0,3.0,4.0,4.0,1.0,SRC_GML_MID
MID3007,3007.0,1978.0,2.0,CHN,RUS;VNM,CHN;VNM,5.0,20.0,6.0,5.0,1.0,381.0,408.0,1.0,SRC_GML_MID
MID3009,3009.0,1978.0,3.0,BOL,CHL,BOL;CHL,3.0,7.0,0.0,5.0,3.0,1.0,1.0,0.0,SRC_GML_MID
MID3010,3010.0,1978.0,2.0,KEN,EGY,EGY;KEN,4.0,15.0,0.0,7.0,1.0,3.0,3.0,1.0,SRC_GML_MID
MID3011,3011.0,1978.0,3.0,COD,AGO,AGO;COD,4.0,17.0,0.0,5.0,3.0,1.0,1.0,1.0,SRC_GML_MID
MID3013,3013.0,1977.0,10.0,CRI,NIC,CRI;NIC,4.0,16.0,0.0,5.0,3.0,2.0,2.0,1.0,SRC_GML_MID
MID3014,3014.0,1977.0,5.0,LBY,TUN,LBY;TUN,3.0,7.0,0.0,6.0,3.0,22.0,22.0,0.0,SRC_GML_MID
MID3015,3015.0,1978.0,2.0,ZWE,BWA,BWA;ZWE,4.0,17.0,1.0,5.0,3.0,1.0,1.0,1.0,SRC_GML_MID
MID3016,3016.0,1980.0,1.0,FRA,LBY,FRA;LBY,3.0,7.0,0.0,5.0,3.0,4.0,4.0,0.0,SRC_GML_MID
MID3017,3017.0,1980.0,1.0,RUS,IRN,IRN;RUS,3.0,11.0,0.0,5.0,1.0,59.0,59.0,1.0,SRC_GML_MID
MID3018,3018.0,1977.0,8.0,PER,CHL,CHL;PER,3.0,11.0,0.0,5.0,3.0,1.0,31.0,1.0,SRC_GML_MID
MID3020,3020.0,1979.0,11.0,IRN,USA,IRN;USA,4.0,16.0,0.0,7.0,1.0,444.0,444.0,1.0,SRC_GML_MID
MID3021,3021.0,1979.0,7.0,USA,LBY,LBY;USA,3.0,7.0,0.0,5.0,3.0,14.0,14.0,0.0,SRC_GML_MID
MID3022,3022.0,1979.0,11.0,PHL,MYS,MYS;PHL,3.0,7.0,0.0,5.0,3.0,2.0,2.0,1.0,SRC_GML_MID
MID3024,3024.0,1979.0,6.0,DZA,MAR,DZA;MAR,4.0,17.0,-9.0,5.0,3.0,120.0,120.0,1.0,SRC_GML_MID
MID3025,3025.0,1979.0,2.0,IRN,AFG,AFG;IRN,4.0,17.0,0.0,5.0,3.0,116.0,143.0,1.0,SRC_GML_MID
MID3026,3026.0,1979.0,3.0,CHN,LAO,CHN;LAO,4.0,15.0,0.0,5.0,3.0,15.0,15.0,0.0,SRC_GML_MID
MID3027,3027.0,1984.0,3.0,MMR,THA,MMR;THA,4.0,17.0,1.0,5.0,3.0,1.0,1.0,1.0,SRC_GML_MID
MID3029,3029.0,1985.0,2.0,IRQ,KWT,IRQ;KWT,4.0,16.0,0.0,5.0,3.0,1.0,1.0,0.0,SRC_GML_MID
MID3030,3030.0,1985.0,6.0,ZAF,BWA,BWA;ZAF,4.0,16.0,0.0,5.0,3.0,1.0,1.0,0.0,SRC_GML_MID
MID3031,3031.0,1984.0,8.0,ZAF,BWA,BWA;ZAF,4.0,16.0,0.0,5.0,1.0,62.0,62.0,1.0,SRC_GML_MID
MID3033,3033.0,1985.0,1.0,IRQ,KOR,IRQ;KOR,4.0,16.0,0.0,5.0,3.0,1.0,1.0,0.0,SRC_GML_MID
MID3034,3034.0,1984.0,12.0,IRN,ESP,ESP;IRN,4.0,16.0,0.0,5.0,3.0,1.0,1.0,0.0,SRC_GML_MID
MID3035,3035.0,1984.0,12.0,IRN,IND,IND;IRN,4.0,16.0,0.0,5.0,3.0,1.0,1.0,0.0,SRC_GML_MID
MID3036,3036.0,1984.0,12.0,IRQ,NOR,IRQ;NOR,4.0,16.0,0.0,5.0,3.0,1.0,1.0,0.0,SRC_GML_MID
MID3037,3037.0,1984.0,11.0,LKA,IND,IND;LKA,4.0,16.0,0.0,7.0,1.0,61.0,90.0,1.0,SRC_GML_MID
MID3038,3038.0,1984.0,12.0,IRQ,BHS,BHS;IRQ,4.0,16.0,0.0,5.0,3.0,1.0,1.0,0.0,SRC_GML_MID
MID3040,3040.0,1984.0,9.0,IRN,DEU,DEU;IRN,4.0,16.0,0.0,5.0,3.0,1.0,1.0,0.0,SRC_GML_MID
MID3041,3041.0,1984.0,8.0,FRA,LBY,FRA;LBY,4.0,15.0,0.0,5.0,3.0,1.0,1.0,0.0,SRC_GML_MID
MID3042,3042.0,1984.0,7.0,IRN,GBR,GBR;IRN,4.0,16.0,0.0,5.0,3.0,1.0,1.0,0.0,SRC_GML_MID
MID3043,3043.0,1984.0,7.0,IRQ,CYP,CYP;IRQ,4.0,16.0,0.0,5.0,3.0,291.0,291.0,0.0,SRC_GML_MID
MID3044,3044.0,1984.0,6.0,MAR,DZA,DZA;MAR,4.0,17.0,1.0,5.0,3.0,1.0,1.0,1.0,SRC_GML_MID
MID3045,3045.0,1984.0,6.0,IRQ,TUR,IRQ;TUR,4.0,16.0,0.0,5.0,3.0,1.0,1.0,0.0,SRC_GML_MID
MID3046,3046.0,1984.0,2.0,IRQ,GBR;LBR,IRQ;LBR,4.0,16.0,1.0,5.0,3.0,369.0,369.0,0.0,SRC_GML_MID
MID3048,3048.0,1984.0,5.0,IRN,SAU,IRN;SAU,4.0,17.0,0.0,5.0,3.0,21.0,21.0,1.0,SRC_GML_MID
MID3049,3049.0,1984.0,4.0,IRQ,PAN,IRQ;PAN,4.0,16.0,0.0,5.0,3.0,132.0,132.0,0.0,SRC_GML_MID
MID3050,3050.0,1984.0,3.0,IDN,PNG,IDN;PNG,4.0,16.0,0.0,6.0,1.0,217.0,217.0,1.0,SRC_GML_MID
MID3051,3051.0,1984.0,3.0,EGY;SDN;USA,ETH;LBY,ETH;LBY;SDN,4.0,16.0,0.0,3.0,3.0,38.0,38.0,1.0,SRC_GML_MID
MID3052,3052.0,1984.0,3.0,IRQ,GBR,GBR;IRQ,4.0,16.0,0.0,5.0,3.0,1.0,1.0,0.0,SRC_GML_MID
MID3053,3053.0,1984.0,3.0,IRQ,IND,IND;IRQ,4.0,16.0,0.0,5.0,3.0,2.0,2.0,0.0,SRC_GML_MID
MID3054,3054.0,1983.0,12.0,SAU,YMD,SAU;YMD,4.0,17.0,-9.0,5.0,3.0,20.0,20.0,1.0,SRC_GML_MID
MID3055,3055.0,1983.0,12.0,IND,BGD,BGD;IND,4.0,17.0,1.0,6.0,1.0,185.0,185.0,1.0,SRC_GML_MID
MID3056,3056.0,1983.0,11.0,ETH,SDN,ETH;SDN,3.0,8.0,0.0,5.0,3.0,1.0,1.0,1.0,SRC_GML_MID
MID3057,3057.0,1983.0,10.0,IRQ,GRC,GRC;IRQ,4.0,16.0,0.0,5.0,3.0,463.0,463.0,0.0,SRC_GML_MID
MID3058,3058.0,1983.0,10.0,ATG;BRB;DMA;JAM;LCA;USA;VCT,CUB;GRD,GRD;USA,4.0,17.0,2.0,1.0,2.0,56.0,56.0,1.0,SRC_GML_MID
MID3059,3059.0,1983.0,10.0,IRN,AFG,AFG;IRN,3.0,7.0,0.0,5.0,3.0,2.0,2.0,0.0,SRC_GML_MID
MID3060,3060.0,1984.0,6.0,ZMB,COD,COD;ZMB,4.0,17.0,0.0,5.0,3.0,1.0,12.0,1.0,SRC_GML_MID
MID3062,3062.0,1983.0,8.0,SYR,USA,SYR;USA,4.0,17.0,1.0,5.0,3.0,221.0,221.0,1.0,SRC_GML_MID
MID3063,3063.0,1983.0,9.0,RUS,KOR,KOR;RUS,4.0,16.0,0.0,5.0,3.0,1.0,1.0,0.0,SRC_GML_MID
MID3064,3064.0,1983.0,8.0,ARG,GBR,ARG;GBR,3.0,7.0,0.0,5.0,3.0,5.0,5.0,1.0,SRC_GML_MID
MID3065,3065.0,1983.0,8.0,SDN;USA,LBY,LBY;USA,3.0,7.0,0.0,5.0,3.0,10.0,10.0,0.0,SRC_GML_MID
MID3066,3066.0,1983.0,4.0,TCD,NGA,NGA;TCD,4.0,17.0,4.0,6.0,1.0,85.0,85.0,1.0,SRC_GML_MID
MID3067,3067.0,1983.0,4.0,RUS,NOR,NOR;RUS,4.0,16.0,0.0,5.0,3.0,7.0,7.0,1.0,SRC_GML_MID
MID3068,3068.0,1983.0,4.0,BRA,LBY,BRA;LBY,4.0,15.0,0.0,7.0,1.0,60.0,60.0,0.0,SRC_GML_MID
MID3070,3070.0,1983.0,4.0,MOZ,ZAF,MOZ;ZAF,4.0,16.0,1.0,5.0,3.0,188.0,188.0,1.0,SRC_GML_MID
MID3071,3071.0,1983.0,7.0,USA,IRN,IRN;USA,3.0,7.0,0.0,5.0,3.0,300.0,300.0,1.0,SRC_GML_MID
MID3072,3072.0,1983.0,2.0,LBY,EGY;SDN;USA,LBY;SDN,3.0,7.0,0.0,3.0,3.0,5.0,5.0,1.0,SRC_GML_MID
MID3073,3073.0,1982.0,12.0,ZAF,LSO,LSO;ZAF,4.0,17.0,1.0,5.0,3.0,108.0,108.0,1.0,SRC_GML_MID
MID3074,3074.0,1982.0,11.0,MMR,THA,MMR;THA,4.0,16.0,0.0,5.0,3.0,45.0,74.0,0.0,SRC_GML_MID
MID3075,3075.0,1983.0,1.0,MMR,THA,MMR;THA,4.0,16.0,0.0,5.0,3.0,2.0,2.0,1.0,SRC_GML_MID
MID3076,3076.0,1982.0,9.0,GHA,TGO,GHA;TGO,4.0,16.0,0.0,5.0,3.0,30.0,59.0,0.0,SRC_GML_MID
MID3078,3078.0,1982.0,8.0,IRQ,KOR,IRQ;KOR,4.0,16.0,0.0,5.0,3.0,1.0,1.0,0.0,SRC_GML_MID
MID3079,3079.0,1982.0,8.0,IRQ,GRC,GRC;IRQ,4.0,16.0,0.0,5.0,3.0,1.0,1.0,0.0,SRC_GML_MID
MID3082,3082.0,1982.0,4.0,LAO,THA,LAO;THA,4.0,16.0,1.0,5.0,3.0,53.0,53.0,0.0,SRC_GML_MID
MID3083,3083.0,1982.0,5.0,IDN,PNG,IDN;PNG,4.0,16.0,0.0,5.0,3.0,44.0,44.0,0.0,SRC_GML_MID
MID3085,3085.0,1982.0,5.0,VEN,GUY,GUY;VEN,4.0,17.0,0.0,5.0,3.0,128.0,128.0,1.0,SRC_GML_MID
MID3086,3086.0,1982.0,4.0,SYR,IRQ,IRQ;SYR,3.0,7.0,0.0,5.0,3.0,2.0,2.0,0.0,SRC_GML_MID
MID3088,3088.0,1982.0,3.0,LBY,USA,LBY;USA,2.0,4.0,0.0,5.0,3.0,1.0,1.0,0.0,SRC_GML_MID
MID3089,3089.0,1982.0,2.0,RUS,ITA,ITA;RUS,3.0,7.0,0.0,5.0,3.0,1.0,1.0,1.0,SRC_GML_MID
MID3090,3090.0,1982.0,2.0,COD,ZMB,COD;ZMB,4.0,17.0,1.0,6.0,1.0,202.0,202.0,1.0,SRC_GML_MID
MID3092,3092.0,1981.0,11.0,ISR,SAU,ISR;SAU,3.0,7.0,0.0,5.0,3.0,1.0,1.0,1.0,SRC_GML_MID
MID3093,3093.0,1981.0,10.0,RUS,SWE,RUS;SWE,4.0,15.0,0.0,7.0,3.0,11.0,11.0,1.0,SRC_GML_MID
MID3095,3095.0,1981.0,6.0,IRN,KWT,IRN;KWT,4.0,16.0,0.0,5.0,3.0,111.0,111.0,0.0,SRC_GML_MID
MID3096,3096.0,1981.0,9.0,IND,BGD,BGD;IND,4.0,16.0,1.0,5.0,3.0,1.0,1.0,0.0,SRC_GML_MID
MID3097,3097.0,1981.0,9.0,IRN,TUR,IRN;TUR,4.0,16.0,1.0,5.0,3.0,1.0,1.0,0.0,SRC_GML_MID
MID3098,3098.0,1981.0,9.0,LBY,SDN,LBY;SDN,4.0,16.0,1.0,5.0,3.0,88.0,88.0,1.0,SRC_GML_MID
MID3099,3099.0,1981.0,8.0,LBY,USA,LBY;USA,4.0,17.0,0.0,5.0,3.0,9.0,9.0,1.0,SRC_GML_MID
MID3100,3100.0,1981.0,8.0,IRN,DNK,DNK;IRN,4.0,15.0,0.0,7.0,3.0,1.0,1.0,0.0,SRC_GML_MID
MID3101,3101.0,1981.0,6.0,ISR,FRA;IRQ,FRA;IRQ;ISR,4.0,16.0,1.0,1.0,3.0,1.0,1.0,0.0,SRC_GML_MID
MID3102,3102.0,1981.0,5.0,VNM,CHN,CHN;VNM,4.0,17.0,4.0,5.0,3.0,12.0,12.0,1.0,SRC_GML_MID
MID3104,3104.0,1981.0,5.0,CMR,NGA,CMR;NGA,4.0,16.0,1.0,3.0,1.0,69.0,69.0,0.0,SRC_GML_MID
MID3105,3105.0,1980.0,10.0,ECU,USA,ECU;USA,4.0,15.0,0.0,7.0,3.0,80.0,110.0,0.0,SRC_GML_MID
MID3106,3106.0,1982.0,2.0,SYR,JOR,JOR;SYR,4.0,16.0,0.0,5.0,3.0,3.0,3.0,0.0,SRC_GML_MID
MID3107,3107.0,1980.0,11.0,SYR,JOR,JOR;SYR,3.0,8.0,0.0,5.0,3.0,46.0,46.0,1.0,SRC_GML_MID
MID3108,3108.0,1980.0,11.0,IRN,KWT,IRN;KWT,4.0,17.0,0.0,5.0,3.0,5.0,5.0,1.0,SRC_GML_MID
MID3109,3109.0,1980.0,11.0,IND,BGD,BGD;IND,4.0,17.0,0.0,5.0,3.0,2.0,2.0,1.0,SRC_GML_MID
MID3111,3111.0,1980.0,11.0,MMR,THA,MMR;THA,4.0,16.0,0.0,5.0,3.0,1.0,20.0,0.0,SRC_GML_MID
MID3112,3112.0,1980.0,8.0,COD,ZMB,COD;ZMB,4.0,16.0,1.0,5.0,3.0,295.0,295.0,1.0,SRC_GML_MID
MID3113,3113.0,1980.0,7.0,MAR,DZA,DZA;MAR,3.0,7.0,0.0,5.0,3.0,1.0,1.0,0.0,SRC_GML_MID
MID3114,3114.0,1980.0,6.0,LAO,THA,LAO;THA,4.0,16.0,1.0,5.0,3.0,1.0,1.0,1.0,SRC_GML_MID
MID3115,3115.0,1980.0,5.0,RUS;YMD,OMN,OMN;RUS;YMD,3.0,11.0,0.0,5.0,3.0,1.0,31.0,0.0,SRC_GML_MID
MID3117,3117.0,1980.0,5.0,MYS,PHL,MYS;PHL,4.0,14.0,0.0,4.0,3.0,157.0,157.0,0.0,SRC_GML_MID
MID3118,3118.0,1980.0,3.0,EGY,LBY,EGY;LBY,3.0,11.0,0.0,5.0,3.0,260.0,260.0,1.0,SRC_GML_MID
MID3119,3119.0,1980.0,2.0,MAR,MRT,MAR;MRT,4.0,16.0,0.0,5.0,4.0,155.0,155.0,0.0,SRC_GML_MID
MID3120,3120.0,1980.0,2.0,COL,NIC,COL;NIC,3.0,7.0,0.0,5.0,3.0,1.0,1.0,0.0,SRC_GML_MID
MID3122,3122.0,1977.0,9.0,ARG,BGR;RUS,ARG;RUS,4.0,15.0,0.0,7.0,3.0,13.0,13.0,0.0,SRC_GML_MID
MID3126,3126.0,1977.0,7.0,LBY,EGY,EGY;LBY,4.0,17.0,3.0,6.0,1.0,61.0,61.0,1.0,SRC_GML_MID
MID3127,3127.0,1977.0,7.0,ZAF,ZMB,ZAF;ZMB,4.0,17.0,1.0,5.0,3.0,120.0,120.0,1.0,SRC_GML_MID
MID3129,3129.0,1977.0,6.0,SOM,KEN,KEN;SOM,4.0,17.0,1.0,5.0,3.0,5.0,5.0,1.0,SRC_GML_MID
MID3130,3130.0,1977.0,6.0,THA,MMR,MMR;THA,4.0,15.0,0.0,5.0,3.0,5.0,5.0,1.0,SRC_GML_MID
MID3131,3131.0,1977.0,5.0,ZWE,TZA;ZMB,ZMB;ZWE,4.0,17.0,4.0,6.0,1.0,955.0,955.0,1.0,SRC_GML_MID
MID3132,3132.0,1907.0,8.0,TUR,IRN;RUS,IRN;TUR,4.0,16.0,-9.0,5.0,3.0,181.0,209.0,1.0,SRC_GML_MID
MID3133,3133.0,1909.0,7.0,RUS,IRN,IRN;RUS,3.0,7.0,0.0,5.0,3.0,56.0,56.0,0.0,SRC_GML_MID
MID3134,3134.0,1919.0,11.0,FRA,TUR,FRA;TUR,5.0,20.0,6.0,2.0,1.0,720.0,720.0,1.0,SRC_GML_MID
MID3135,3135.0,1966.0,3.0,GBR,PRT,GBR;PRT,3.0,7.0,0.0,4.0,1.0,37.0,37.0,0.0,SRC_GML_MID
MID3138,3138.0,1831.0,4.0,FRA,PRT,FRA;PRT,4.0,17.0,1.0,1.0,1.0,89.0,89.0,1.0,SRC_GML_MID
MID3139,3139.0,1911.0,4.0,FRA,MAR,FRA;MAR,4.0,14.0,-9.0,1.0,2.0,361.0,361.0,0.0,SRC_GML_MID
MID3150,3150.0,1959.0,4.0,JOR,EGY,EGY;JOR,4.0,17.0,1.0,5.0,3.0,1.0,1.0,1.0,SRC_GML_MID
MID3151,3151.0,1958.0,3.0,JOR,SYR,JOR;SYR,4.0,16.0,0.0,5.0,3.0,1.0,1.0,0.0,SRC_GML_MID
MID3152,3152.0,1958.0,3.0,TUR,SYR,SYR;TUR,4.0,17.0,0.0,5.0,3.0,40.0,40.0,1.0,SRC_GML_MID
MID3154,3154.0,1955.0,10.0,TUR,SYR,SYR;TUR,4.0,17.0,1.0,5.0,3.0,408.0,408.0,1.0,SRC_GML_MID
MID3155,3155.0,1955.0,3.0,SYR,TUR,SYR;TUR,3.0,7.0,0.0,5.0,3.0,6.0,6.0,1.0,SRC_GML_MID
MID3156,3156.0,1934.0,10.0,FRA,TUR,FRA;TUR,4.0,17.0,0.0,5.0,3.0,1.0,1.0,1.0,SRC_GML_MID
MID3157,3157.0,1934.0,7.0,TUR,GBR,GBR;TUR,4.0,16.0,1.0,3.0,1.0,18.0,18.0,0.0,SRC_GML_MID
MID3158,3158.0,1935.0,8.0,TUR,BGR,BGR;TUR,3.0,11.0,0.0,5.0,3.0,9.0,9.0,0.0,SRC_GML_MID
MID3159,3159.0,1934.0,12.0,AFG,IRN,AFG;IRN,4.0,16.0,0.0,5.0,3.0,1.0,1.0,0.0,SRC_GML_MID
MID3160,3160.0,1933.0,4.0,RUS,IRN,IRN;RUS,4.0,15.0,0.0,7.0,3.0,1.0,1.0,0.0,SRC_GML_MID
MID3161,3161.0,1949.0,4.0,SYR,IRQ;JOR,JOR;SYR,3.0,7.0,0.0,5.0,3.0,111.0,111.0,1.0,SRC_GML_MID
MID3162,3162.0,1960.0,8.0,EGY,JOR,EGY;JOR,4.0,15.0,0.0,5.0,3.0,28.0,28.0,1.0,SRC_GML_MID
MID3163,3163.0,1962.0,8.0,RUS,TUR,RUS;TUR,4.0,17.0,0.0,5.0,3.0,1.0,1.0,1.0,SRC_GML_MID
MID3165,3165.0,1962.0,3.0,SYR,TUR,SYR;TUR,4.0,17.0,0.0,5.0,3.0,1.0,1.0,1.0,SRC_GML_MID
MID3166,3166.0,1963.0,8.0,SYR,LBN,LBN;SYR,4.0,17.0,1.0,6.0,1.0,70.0,100.0,1.0,SRC_GML_MID
MID3167,3167.0,1963.0,2.0,SYR,LBN,LBN;SYR,3.0,12.0,0.0,5.0,3.0,4.0,4.0,0.0,SRC_GML_MID
MID3168,3168.0,1965.0,5.0,TUR,SYR,SYR;TUR,4.0,17.0,1.0,8.0,1.0,1.0,1.0,1.0,SRC_GML_MID
MID3169,3169.0,1965.0,7.0,IRQ,TUR,IRQ;TUR,4.0,16.0,0.0,5.0,1.0,1.0,1.0,0.0,SRC_GML_MID
MID3170,3170.0,1967.0,1.0,SAU,ISR,ISR;SAU,4.0,16.0,0.0,5.0,3.0,1.0,1.0,1.0,SRC_GML_MID
MID3171,3171.0,1966.0,2.0,JOR,SYR,JOR;SYR,4.0,16.0,1.0,5.0,3.0,301.0,301.0,1.0,SRC_GML_MID
MID3172,3172.0,1967.0,4.0,IRQ,KWT,IRQ;KWT,3.0,12.0,0.0,5.0,3.0,7.0,7.0,1.0,SRC_GML_MID
MID3173,3173.0,1969.0,5.0,SYR,LBN,LBN;SYR,4.0,17.0,1.0,6.0,1.0,187.0,187.0,1.0,SRC_GML_MID
MID3174,3174.0,1974.0,8.0,RUS,ISR,ISR;RUS,3.0,7.0,0.0,5.0,3.0,27.0,27.0,1.0,SRC_GML_MID
MID3175,3175.0,1975.0,8.0,LBY,EGY,EGY;LBY,4.0,16.0,0.0,5.0,3.0,23.0,23.0,1.0,SRC_GML_MID
MID3176,3176.0,1976.0,6.0,IRQ,SYR,IRQ;SYR,3.0,10.0,0.0,6.0,4.0,173.0,173.0,1.0,SRC_GML_MID
MID3179,3179.0,1976.0,4.0,SYR,GBR,GBR;SYR,4.0,16.0,0.0,5.0,3.0,1.0,1.0,0.0,SRC_GML_MID
MID3180,3180.0,1981.0,12.0,ISR,IRQ,IRQ;ISR,3.0,7.0,0.0,5.0,3.0,5.0,5.0,1.0,SRC_GML_MID
MID3181,3181.0,1922.0,8.0,ITA;SRB,AUT;ROU,AUT;ITA;SRB,3.0,7.0,0.0,6.0,1.0,23.0,23.0,1.0,SRC_GML_MID
MID3182,3182.0,1922.0,1.0,HUN,ROU;SRB,HUN;ROU;SRB,4.0,17.0,0.0,6.0,1.0,367.0,367.0,1.0,SRC_GML_MID
MID3184,3184.0,1926.0,7.0,ROU,BGR,BGR;ROU,4.0,16.0,0.0,5.0,3.0,26.0,26.0,1.0,SRC_GML_MID
MID3185,3185.0,1925.0,9.0,FRA;GBR,TUR,GBR;TUR,3.0,7.0,0.0,6.0,1.0,277.0,277.0,1.0,SRC_GML_MID
MID3186,3186.0,1931.0,2.0,BGR,GRC,BGR;GRC,4.0,17.0,1.0,5.0,3.0,1.0,1.0,1.0,SRC_GML_MID
MID3187,3187.0,1928.0,7.0,GRC,BGR,BGR;GRC,4.0,16.0,1.0,5.0,3.0,1.0,1.0,0.0,SRC_GML_MID
MID3189,3189.0,1937.0,6.0,TUR,FRA,FRA;TUR,3.0,7.0,0.0,6.0,1.0,242.0,242.0,0.0,SRC_GML_MID
MID3190,3190.0,1938.0,6.0,TUR,FRA,FRA;TUR,3.0,7.0,0.0,6.0,1.0,32.0,32.0,1.0,SRC_GML_MID
MID3191,3191.0,1939.0,10.0,RUS,AFG,AFG;RUS,3.0,10.0,0.0,5.0,3.0,1.0,9.0,1.0,SRC_GML_MID
MID3192,3192.0,1946.0,10.0,SRB,GBR,GBR;SRB,4.0,15.0,0.0,7.0,3.0,2.0,2.0,0.0,SRC_GML_MID
MID3193,3193.0,1946.0,8.0,USA,SRB,SRB;USA,4.0,16.0,1.0,5.0,3.0,11.0,11.0,1.0,SRC_GML_MID
MID3195,3195.0,1951.0,4.0,IRN;RUS,GBR,GBR;RUS,4.0,15.0,0.0,3.0,1.0,152.0,181.0,1.0,SRC_GML_MID
MID3196,3196.0,1950.0,5.0,RUS,GBR,GBR;RUS,4.0,15.0,0.0,7.0,1.0,155.0,155.0,0.0,SRC_GML_MID
MID3197,3197.0,1950.0,4.0,GRC,BGR,BGR;GRC,4.0,16.0,0.0,5.0,3.0,10.0,10.0,0.0,SRC_GML_MID
MID3199,3199.0,1951.0,7.0,RUS,IRN,IRN;RUS,4.0,16.0,0.0,5.0,3.0,1.0,1.0,1.0,SRC_GML_MID
MID3200,3200.0,1952.0,4.0,TUR,BGR,BGR;TUR,4.0,17.0,0.0,5.0,3.0,1.0,1.0,1.0,SRC_GML_MID
MID3202,3202.0,1952.0,6.0,ITA,ALB,ALB;ITA,3.0,7.0,0.0,5.0,3.0,7.0,7.0,0.0,SRC_GML_MID
MID3203,3203.0,1953.0,7.0,TWN,CZE,CZE;TWN,4.0,15.0,0.0,8.0,3.0,4.0,4.0,0.0,SRC_GML_MID
MID3205,3205.0,1954.0,5.0,ITA,SRB,ITA;SRB,4.0,15.0,0.0,7.0,3.0,3.0,3.0,0.0,SRC_GML_MID
MID3206,3206.0,1969.0,5.0,PRT,COD,COD;PRT,4.0,15.0,0.0,7.0,3.0,77.0,107.0,1.0,SRC_GML_MID
MID3207,3207.0,1953.0,10.0,RUS,JPN,JPN;RUS,4.0,15.0,0.0,5.0,3.0,182.0,182.0,0.0,SRC_GML_MID
MID3208,3208.0,1953.0,12.0,CHN,JPN,CHN;JPN,4.0,16.0,0.0,5.0,3.0,206.0,206.0,0.0,SRC_GML_MID
MID3209,3209.0,1954.0,10.0,USA,CHE,CHE;USA,3.0,7.0,0.0,5.0,3.0,1.0,1.0,1.0,SRC_GML_MID
MID3210,3210.0,1954.0,9.0,RUS,FIN,FIN;RUS,3.0,7.0,0.0,5.0,3.0,1.0,1.0,0.0,SRC_GML_MID
MID3211,3211.0,1954.0,11.0,TWN,PAK,PAK;TWN,4.0,15.0,0.0,8.0,3.0,4.0,4.0,0.0,SRC_GML_MID
MID3213,3213.0,1955.0,12.0,CHN,KOR,CHN;KOR,4.0,17.0,0.0,5.0,3.0,5.0,5.0,1.0,SRC_GML_MID
MID3214,3214.0,1955.0,4.0,RUS,SWE,RUS;SWE,4.0,15.0,0.0,5.0,3.0,1.0,1.0,0.0,SRC_GML_MID
MID3216,3216.0,1955.0,3.0,ALB,ITA,ALB;ITA,4.0,15.0,0.0,7.0,3.0,26.0,26.0,0.0,SRC_GML_MID
MID3217,3217.0,1974.0,1.0,VDR,CHN,CHN;VDR,4.0,17.0,1.0,5.0,3.0,30.0,30.0,1.0,SRC_GML_MID
MID3218,3218.0,1955.0,11.0,GBR,SAU,GBR;SAU,3.0,7.0,0.0,5.0,3.0,64.0,64.0,0.0,SRC_GML_MID
MID3219,3219.0,1955.0,7.0,BGR,ISR,BGR;ISR,4.0,16.0,0.0,5.0,3.0,1.0,1.0,0.0,SRC_GML_MID
MID3221,3221.0,1956.0,9.0,TWN,DEU,DEU;TWN,4.0,16.0,0.0,5.0,3.0,1.0,1.0,0.0,SRC_GML_MID
MID3225,3225.0,1956.0,1.0,NOR,RUS,NOR;RUS,4.0,15.0,0.0,7.0,3.0,8.0,8.0,0.0,SRC_GML_MID
MID3227,3227.0,1974.0,9.0,ZMB,ZAF,ZAF;ZMB,4.0,17.0,0.0,5.0,3.0,12.0,12.0,1.0,SRC_GML_MID
MID3229,3229.0,1948.0,11.0,ISR,GBR;JOR,ISR;JOR,4.0,17.0,1.0,5.0,1.0,128.0,128.0,1.0,SRC_GML_MID
MID3230,3230.0,1956.0,12.0,ISR,EGY;JOR,ISR;JOR,4.0,17.0,2.0,5.0,3.0,758.0,758.0,1.0,SRC_GML_MID
MID3231,3231.0,1959.0,8.0,JOR,ISR,ISR;JOR,4.0,17.0,2.0,5.0,3.0,836.0,836.0,1.0,SRC_GML_MID
MID3232,3232.0,1895.0,3.0,ESP,USA,ESP;USA,4.0,16.0,0.0,5.0,3.0,1.0,1.0,0.0,SRC_GML_MID
MID3239,3239.0,1816.0,7.0,USA,ESP,ESP;USA,4.0,16.0,0.0,1.0,3.0,18.0,18.0,0.0,SRC_GML_MID
MID3242,3242.0,1955.0,3.0,ECU,USA,ECU;USA,4.0,16.0,0.0,7.0,3.0,18.0,18.0,0.0,SRC_GML_MID
MID3243,3243.0,1955.0,1.0,PER,USA,PER;USA,4.0,15.0,0.0,7.0,3.0,24.0,24.0,0.0,SRC_GML_MID
MID3244,3244.0,1962.0,10.0,PER,USA,PER;USA,4.0,16.0,0.0,7.0,3.0,4.0,4.0,0.0,SRC_GML_MID
MID3245,3245.0,1862.0,6.0,RUS,CHN,CHN;RUS,4.0,17.0,-9.0,4.0,1.0,459.0,518.0,1.0,SRC_GML_MID
MID3247,3247.0,1871.0,7.0,RUS,CHN,CHN;RUS,4.0,14.0,0.0,1.0,2.0,185.0,185.0,0.0,SRC_GML_MID
MID3249,3249.0,1891.0,8.0,RUS,CHN,CHN;RUS,4.0,14.0,0.0,3.0,3.0,155.0,213.0,1.0,SRC_GML_MID
MID3254,3254.0,1912.0,8.0,RUS,CHN,CHN;RUS,3.0,7.0,0.0,3.0,1.0,779.0,809.0,1.0,SRC_GML_MID
MID3257,3257.0,1921.0,7.0,RUS,CHN,CHN;RUS,4.0,14.0,0.0,1.0,2.0,123.0,123.0,0.0,SRC_GML_MID
MID3259,3259.0,1921.0,3.0,RUS,CHN,CHN;RUS,4.0,14.0,0.0,1.0,2.0,155.0,214.0,0.0,SRC_GML_MID
MID3260,3260.0,1926.0,1.0,CHN;JPN,RUS,JPN;RUS,2.0,1.0,0.0,5.0,1.0,1.0,1.0,1.0,SRC_GML_MID
MID3263,3263.0,1942.0,10.0,RUS,CHN,CHN;RUS,4.0,15.0,0.0,5.0,1.0,219.0,248.0,1.0,SRC_GML_MID
MID3264,3264.0,1944.0,11.0,RUS,CHN,CHN;RUS,4.0,17.0,5.0,6.0,1.0,281.0,281.0,1.0,SRC_GML_MID
MID3265,3265.0,1947.0,6.0,MNG;RUS,CHN,CHN;MNG;RUS,4.0,17.0,0.0,5.0,3.0,22.0,22.0,1.0,SRC_GML_MID
MID3267,3267.0,1973.0,1.0,UGA,ZWE,UGA;ZWE,3.0,8.0,0.0,5.0,3.0,1.0,1.0,0.0,SRC_GML_MID
MID3300,3300.0,1968.0,5.0,KHM,PHL;USA,KHM;PHL;USA,4.0,15.0,0.0,7.0,4.0,51.0,51.0,0.0,SRC_GML_MID
MID3322,3322.0,1876.0,5.0,AUT;DEU;RUS,TUR,AUT;DEU;RUS;TUR,2.0,1.0,0.0,5.0,3.0,1.0,1.0,0.0,SRC_GML_MID
MID3323,3323.0,1876.0,5.0,GBR,RUS,GBR;RUS,3.0,7.0,0.0,5.0,3.0,1.0,31.0,0.0,SRC_GML_MID
MID3325,3325.0,1902.0,10.0,RUS,TUR,RUS;TUR,3.0,7.0,0.0,4.0,1.0,1.0,1.0,0.0,SRC_GML_MID
MID3326,3326.0,1853.0,1.0,ITA,AUT,AUT;ITA,3.0,10.0,0.0,5.0,3.0,70.0,70.0,0.0,SRC_GML_MID
MID3330,3330.0,1911.0,9.0,ITA,FRA,FRA;ITA,3.0,7.0,0.0,5.0,3.0,1.0,1.0,0.0,SRC_GML_MID
MID3340,3340.0,1919.0,3.0,ESP,DEU,DEU;ESP,4.0,16.0,0.0,5.0,3.0,1.0,1.0,0.0,SRC_GML_MID
MID3341,3341.0,1914.0,10.0,ROU,DEU,DEU;ROU,4.0,15.0,0.0,7.0,3.0,3.0,3.0,0.0,SRC_GML_MID
MID3343,3343.0,1914.0,8.0,GRC,BGR,BGR;GRC,3.0,10.0,0.0,5.0,3.0,1.0,1.0,0.0,SRC_GML_MID
MID3344,3344.0,1914.0,8.0,TUR,GRC,GRC;TUR,3.0,7.0,0.0,5.0,3.0,2.0,2.0,1.0,SRC_GML_MID
MID3348,3348.0,1915.0,10.0,ALB;SRB,AUT;BGR;DEU;TUR,ALB;AUT;BGR;SRB,4.0,18.0,0.0,9.0,3.0,134.0,134.0,1.0,SRC_GML_MID
MID3349,3349.0,1915.0,8.0,DEU,ESP,DEU;ESP,4.0,16.0,0.0,5.0,3.0,1141.0,1171.0,0.0,SRC_GML_MID
MID3351,3351.0,1914.0,7.0,RUS,NLD,NLD;RUS,4.0,16.0,0.0,5.0,3.0,1.0,1.0,0.0,SRC_GML_MID
MID3352,3352.0,1915.0,8.0,BGR,TUR,BGR;TUR,3.0,11.0,0.0,4.0,1.0,3.0,3.0,1.0,SRC_GML_MID
MID3360,3360.0,1960.0,10.0,VNM,VDR,VDR;VNM,4.0,17.0,3.0,5.0,3.0,21.0,21.0,1.0,SRC_GML_MID
MID3361,3361.0,1961.0,12.0,USA,CHN;RUS,CHN;RUS;USA,3.0,7.0,0.0,5.0,3.0,336.0,396.0,0.0,SRC_GML_MID
MID3362,3362.0,1926.0,3.0,ITA,SRB,ITA;SRB,4.0,17.0,0.0,5.0,3.0,1.0,1.0,1.0,SRC_GML_MID
MID3364,3364.0,1939.0,3.0,HUN,CZE,CZE;HUN,4.0,17.0,3.0,1.0,2.0,2.0,2.0,1.0,SRC_GML_MID
MID3370,3370.0,1950.0,11.0,ISR,EGY;JOR;SYR,ISR;JOR,4.0,17.0,1.0,3.0,1.0,154.0,154.0,1.0,SRC_GML_MID
MID3371,3371.0,1951.0,12.0,ISR,EGY,EGY;ISR,4.0,15.0,0.0,5.0,3.0,1.0,1.0,0.0,SRC_GML_MID
MID3372,3372.0,1951.0,9.0,ISR,EGY,EGY;ISR,4.0,16.0,1.0,5.0,3.0,196.0,225.0,1.0,SRC_GML_MID
MID3373,3373.0,1953.0,1.0,ISR,EGY,EGY;ISR,4.0,17.0,3.0,5.0,3.0,1329.0,1329.0,1.0,SRC_GML_MID
MID3374,3374.0,1952.0,11.0,EGY,ISR,EGY;ISR,4.0,17.0,1.0,5.0,3.0,487.0,487.0,1.0,SRC_GML_MID
MID3375,3375.0,1957.0,3.0,ISR,EGY,EGY;ISR,4.0,17.0,3.0,5.0,3.0,1502.0,1502.0,1.0,SRC_GML_MID
MID3377,3377.0,1963.0,7.0,EGY,ISR,EGY;ISR,4.0,17.0,0.0,5.0,3.0,1.0,1.0,1.0,SRC_GML_MID
MID3378,3378.0,1964.0,4.0,EGY,ISR,EGY;ISR,4.0,16.0,1.0,5.0,3.0,316.0,316.0,1.0,SRC_GML_MID
MID3379,3379.0,1966.0,2.0,EGY,ISR,EGY;ISR,2.0,4.0,0.0,5.0,3.0,1.0,1.0,0.0,SRC_GML_MID
MID3380,3380.0,1973.0,10.0,ISR,EGY;YMD,EGY;ISR,4.0,17.0,1.0,5.0,1.0,149.0,149.0,1.0,SRC_GML_MID
MID3381,3381.0,1975.0,10.0,EGY,ISR,EGY;ISR,2.0,1.0,0.0,5.0,3.0,144.0,144.0,0.0,SRC_GML_MID
MID3382,3382.0,1977.0,11.0,ISR,SYR,ISR;SYR,3.0,8.0,0.0,5.0,3.0,6.0,6.0,0.0,SRC_GML_MID
MID3383,3383.0,1979.0,7.0,ISR,EGY,EGY;ISR,3.0,7.0,0.0,5.0,3.0,1.0,1.0,0.0,SRC_GML_MID
MID3384,3384.0,1983.0,1.0,EGY,ISR,EGY;ISR,3.0,7.0,0.0,3.0,1.0,1.0,1.0,1.0,SRC_GML_MID
MID3386,3386.0,1949.0,12.0,EGY,ISR,EGY;ISR,4.0,17.0,-9.0,5.0,1.0,16.0,16.0,1.0,SRC_GML_MID
MID3387,3387.0,1970.0,8.0,EGY,ISR,EGY;ISR,4.0,17.0,1.0,5.0,3.0,409.0,409.0,1.0,SRC_GML_MID
MID3400,3400.0,1950.0,7.0,SYR,ISR,ISR;SYR,4.0,16.0,0.0,4.0,3.0,1.0,1.0,0.0,SRC_GML_MID
MID3401,3401.0,1951.0,12.0,ISR,SYR,ISR;SYR,4.0,16.0,1.0,5.0,3.0,1.0,1.0,1.0,SRC_GML_MID
MID3403,3403.0,1954.0,2.0,ISR,SYR,ISR;SYR,4.0,17.0,0.0,5.0,3.0,27.0,27.0,1.0,SRC_GML_MID
MID3404,3404.0,1954.0,4.0,SYR,ISR,ISR;SYR,4.0,16.0,0.0,5.0,3.0,357.0,357.0,1.0,SRC_GML_MID
MID3405,3405.0,1955.0,10.0,EGY;SYR,ISR,ISR;SYR,4.0,17.0,3.0,5.0,3.0,1776.0,1776.0,1.0,SRC_GML_MID
MID3406,3406.0,1961.0,2.0,EGY,ISR,EGY;ISR,4.0,17.0,1.0,5.0,3.0,229.0,229.0,1.0,SRC_GML_MID
MID3411,3411.0,1950.0,7.0,SYR,ISR,ISR;SYR,4.0,16.0,0.0,5.0,3.0,90.0,90.0,0.0,SRC_GML_MID
MID3412,3412.0,1966.0,8.0,EGY;JOR;SYR,ISR,ISR;SYR,4.0,17.0,1.0,5.0,3.0,107.0,107.0,1.0,SRC_GML_MID
MID3413,3413.0,1951.0,12.0,SYR,ISR,ISR;SYR,4.0,16.0,0.0,5.0,3.0,38.0,38.0,0.0,SRC_GML_MID
MID3414,3414.0,1952.0,2.0,SYR,ISR,ISR;SYR,4.0,16.0,0.0,7.0,3.0,2.0,2.0,0.0,SRC_GML_MID
MID3415,3415.0,1954.0,8.0,SYR,ISR,ISR;SYR,4.0,15.0,0.0,7.0,3.0,122.0,122.0,1.0,SRC_GML_MID
MID3416,3416.0,1955.0,8.0,SYR,ISR,ISR;SYR,4.0,15.0,0.0,7.0,3.0,1.0,1.0,1.0,SRC_GML_MID
MID3417,3417.0,1953.0,9.0,ISR,SYR,ISR;SYR,4.0,17.0,2.0,5.0,3.0,1577.0,1577.0,1.0,SRC_GML_MID
MID3418,3418.0,1955.0,3.0,SYR,ISR,ISR;SYR,4.0,16.0,0.0,5.0,3.0,28.0,28.0,1.0,SRC_GML_MID
MID3419,3419.0,1958.0,11.0,EGY;SYR,ISR,EGY;ISR,4.0,17.0,2.0,5.0,1.0,1737.0,1737.0,1.0,SRC_GML_MID
MID3421,3421.0,1959.0,5.0,ISR,EGY,EGY;ISR,4.0,15.0,0.0,7.0,3.0,93.0,93.0,1.0,SRC_GML_MID
MID3422,3422.0,1960.0,7.0,EGY,ISR,EGY;ISR,4.0,17.0,0.0,7.0,3.0,11.0,11.0,1.0,SRC_GML_MID
MID3427,3427.0,1951.0,3.0,SYR,ISR,ISR;SYR,4.0,17.0,2.0,5.0,1.0,70.0,70.0,1.0,SRC_GML_MID
MID3428,3428.0,1953.0,3.0,SYR,ISR,ISR;SYR,4.0,16.0,0.0,5.0,1.0,220.0,220.0,1.0,SRC_GML_MID
MID3430,3430.0,1959.0,10.0,EGY,ISR,EGY;ISR,4.0,17.0,0.0,5.0,3.0,345.0,345.0,1.0,SRC_GML_MID
MID3434,3434.0,1961.0,11.0,SYR,ISR,ISR;SYR,4.0,17.0,3.0,5.0,3.0,1815.0,1815.0,1.0,SRC_GML_MID
MID3437,3437.0,1973.0,11.0,ISR,SYR,ISR;SYR,4.0,17.0,2.0,2.0,1.0,207.0,207.0,1.0,SRC_GML_MID
MID3438,3438.0,1974.0,8.0,SYR,ISR,ISR;SYR,4.0,17.0,1.0,5.0,1.0,446.0,446.0,1.0,SRC_GML_MID
MID3439,3439.0,1975.0,11.0,ISR,SYR,ISR;SYR,4.0,17.0,-9.0,5.0,3.0,666.0,666.0,1.0,SRC_GML_MID
MID3440,3440.0,1978.0,7.0,ISR,SYR,ISR;SYR,3.0,8.0,0.0,5.0,3.0,2.0,2.0,1.0,SRC_GML_MID
MID3441,3441.0,1979.0,6.0,SYR,ISR,ISR;SYR,4.0,17.0,1.0,5.0,3.0,238.0,238.0,1.0,SRC_GML_MID
MID3443,3443.0,1985.0,6.0,SYR,ISR,ISR;SYR,4.0,16.0,1.0,5.0,3.0,446.0,475.0,1.0,SRC_GML_MID
MID3444,3444.0,1982.0,4.0,ISR,LBN;SYR,ISR;LBN,5.0,20.0,6.0,2.0,1.0,1138.0,1138.0,1.0,SRC_GML_MID
MID3445,3445.0,1949.0,4.0,ISR,SYR,ISR;SYR,3.0,12.0,0.0,5.0,1.0,9.0,9.0,1.0,SRC_GML_MID
MID3446,3446.0,1967.0,6.0,SYR,ISR,ISR;SYR,4.0,17.0,0.0,5.0,1.0,166.0,166.0,1.0,SRC_GML_MID
MID3447,3447.0,1968.0,9.0,SYR,ISR,ISR;SYR,4.0,17.0,3.0,5.0,3.0,1203.0,1203.0,1.0,SRC_GML_MID
MID3448,3448.0,1980.0,8.0,ISR,LBN;SYR,ISR;LBN,4.0,17.0,1.0,5.0,1.0,340.0,340.0,1.0,SRC_GML_MID
MID3503,3503.0,1942.0,2.0,BRA,DEU;ITA,BRA;DEU,4.0,18.0,2.0,9.0,3.0,189.0,189.0,1.0,SRC_GML_MID
MID3506,3506.0,1945.0,6.0,BRA,JPN,BRA;JPN,4.0,18.0,0.0,9.0,4.0,1.0,1.0,0.0,SRC_GML_MID
MID3507,3507.0,1945.0,2.0,PER,DEU;JPN,DEU;JPN;PER,4.0,18.0,0.0,9.0,4.0,1.0,1.0,0.0,SRC_GML_MID
MID3508,3508.0,1945.0,2.0,URY,DEU;JPN,DEU;JPN;URY,4.0,18.0,0.0,9.0,4.0,1.0,1.0,0.0,SRC_GML_MID
MID3509,3509.0,1945.0,3.0,ARG,DEU;JPN,ARG;DEU;JPN,4.0,18.0,0.0,9.0,4.0,1.0,1.0,0.0,SRC_GML_MID
MID3510,3510.0,1945.0,4.0,CHL,JPN,CHL;JPN,4.0,18.0,0.0,9.0,4.0,1.0,1.0,0.0,SRC_GML_MID
MID3511,3511.0,1945.0,2.0,EGY,DEU;JPN,DEU;EGY;JPN,4.0,18.0,0.0,9.0,4.0,1.0,1.0,0.0,SRC_GML_MID
MID3512,3512.0,1945.0,3.0,IRN,JPN,IRN;JPN,4.0,18.0,0.0,9.0,4.0,1.0,1.0,0.0,SRC_GML_MID
MID3513,3513.0,1941.0,12.0,HTI,BGR;DEU;HUN;ITA;JPN;ROU,HTI;JPN,4.0,18.0,0.0,9.0,4.0,17.0,17.0,0.0,SRC_GML_MID
MID3514,3514.0,1941.0,12.0,NIC,BGR;DEU;HUN;ITA;JPN;ROU,JPN;NIC,4.0,18.0,0.0,9.0,4.0,223.0,223.0,0.0,SRC_GML_MID
MID3515,3515.0,1943.0,9.0,IRN,DEU,DEU;IRN,4.0,18.0,0.0,9.0,4.0,1.0,1.0,0.0,SRC_GML_MID
MID3516,3516.0,1943.0,4.0,BOL,DEU;ITA;JPN,BOL;DEU;ITA;JPN,4.0,18.0,0.0,9.0,4.0,1.0,1.0,0.0,SRC_GML_MID
MID3518,3518.0,1941.0,12.0,CRI,DEU;ITA;JPN,CRI;JPN,4.0,18.0,0.0,9.0,4.0,5.0,5.0,0.0,SRC_GML_MID
MID3519,3519.0,1941.0,12.0,CUB,DEU;ITA;JPN,CUB;JPN,4.0,18.0,0.0,9.0,4.0,5.0,5.0,0.0,SRC_GML_MID
MID3520,3520.0,1941.0,12.0,DOM,DEU;ITA;JPN,DOM;JPN,4.0,18.0,0.0,9.0,4.0,4.0,4.0,0.0,SRC_GML_MID
MID3521,3521.0,1941.0,12.0,SLV,DEU;ITA;JPN,JPN;SLV,4.0,18.0,0.0,9.0,4.0,5.0,5.0,0.0,SRC_GML_MID
MID3522,3522.0,1941.0,12.0,GTM,DEU;ITA;JPN,GTM;JPN,4.0,18.0,0.0,9.0,4.0,4.0,4.0,0.0,SRC_GML_MID
MID3523,3523.0,1941.0,12.0,HND,DEU;ITA;JPN,HND;JPN,4.0,18.0,0.0,9.0,4.0,5.0,5.0,0.0,SRC_GML_MID
MID3525,3525.0,1941.0,12.0,PAN,DEU;ITA;JPN,JPN;PAN,4.0,18.0,0.0,9.0,4.0,5.0,5.0,0.0,SRC_GML_MID
MID3526,3526.0,1944.0,1.0,LBR,DEU;JPN,DEU;JPN;LBR,4.0,18.0,0.0,9.0,4.0,1.0,1.0,0.0,SRC_GML_MID
MID3527,3527.0,1942.0,12.0,ETH,DEU;ITA;JPN,DEU;ETH;ITA;JPN,4.0,18.0,0.0,9.0,4.0,1.0,1.0,0.0,SRC_GML_MID
MID3540,3540.0,1984.0,4.0,LAO;VNM,THA,LAO;THA,4.0,17.0,-9.0,5.0,3.0,791.0,791.0,1.0,SRC_GML_MID
MID3542,3542.0,1940.0,6.0,RUS,ROU,ROU;RUS,4.0,17.0,0.0,4.0,2.0,118.0,118.0,1.0,SRC_GML_MID
MID3550,3550.0,1992.0,4.0,PER,USA,PER;USA,4.0,16.0,1.0,5.0,3.0,1.0,1.0,0.0,SRC_GML_MID
MID3551,3551.0,1992.0,7.0,BEL;CAN;DEU;DNK;ESP;FRA;GBR;GRC;ITA;NLD;PRT;ROU;TUR;USA,SRB,BEL;CAN;DEU;DNK;ESP;FRA;GBR;GRC;ITA;NLD;PRT;SRB;TUR;USA,4.0,15.0,0.0,1.0,1.0,1540.0,1540.0,1.0,SRC_GML_MID
MID3552,3552.0,1992.0,7.0,FRA;GBR;KWT;RUS;SAU;USA,IRQ,IRQ;USA,4.0,17.0,-9.0,5.0,3.0,515.0,515.0,1.0,SRC_GML_MID
MID3554,3554.0,1992.0,12.0,ALB,SRB,ALB;SRB,4.0,16.0,1.0,5.0,3.0,614.0,614.0,1.0,SRC_GML_MID
MID3555,3555.0,1992.0,1.0,HRV,SRB,HRV;SRB,4.0,17.0,4.0,4.0,2.0,174.0,174.0,1.0,SRC_GML_MID
MID3556,3556.0,1992.0,10.0,HRV,BIH,BIH;HRV,4.0,17.0,4.0,6.0,1.0,8.0,8.0,1.0,SRC_GML_MID
MID3557,3557.0,1992.0,4.0,SRB,BIH;HRV,BIH;HRV;SRB,5.0,20.0,6.0,5.0,1.0,341.0,341.0,1.0,SRC_GML_MID
MID3558,3558.0,1992.0,3.0,RUS,MDA,MDA;RUS,4.0,16.0,3.0,6.0,1.0,113.0,113.0,1.0,SRC_GML_MID
MID3559,3559.0,1992.0,7.0,RUS,UKR,RUS;UKR,4.0,15.0,0.0,5.0,3.0,21.0,21.0,0.0,SRC_GML_MID
MID3560,3560.0,1992.0,7.0,RUS,EST,EST;RUS,4.0,17.0,0.0,5.0,3.0,7.0,7.0,1.0,SRC_GML_MID
MID3561,3561.0,1992.0,6.0,RUS,GEO,GEO;RUS,4.0,17.0,2.0,1.0,2.0,497.0,497.0,1.0,SRC_GML_MID
MID3563,3563.0,1992.0,9.0,RUS,SWE,RUS;SWE,4.0,16.0,0.0,5.0,3.0,5.0,5.0,1.0,SRC_GML_MID
MID3564,3564.0,1992.0,1.0,ARM;RUS,AZE;IRN;TUR,ARM;AZE,5.0,20.0,6.0,5.0,1.0,1072.0,1102.0,1.0,SRC_GML_MID
MID3565,3565.0,1992.0,12.0,SEN,GNB,GNB;SEN,4.0,16.0,0.0,5.0,3.0,1.0,1.0,0.0,SRC_GML_MID
MID3566,3566.0,1992.0,4.0,IRN,IRQ,IRN;IRQ,4.0,17.0,0.0,5.0,3.0,151.0,151.0,1.0,SRC_GML_MID
MID3567,3567.0,1992.0,4.0,IRN,ARE,ARE;IRN,4.0,14.0,0.0,4.0,3.0,255.0,255.0,0.0,SRC_GML_MID
MID3568,3568.0,1992.0,10.0,IRQ,FRA;GBR;KWT;USA,IRQ;KWT,4.0,17.0,1.0,5.0,3.0,455.0,455.0,1.0,SRC_GML_MID
MID3569,3569.0,1992.0,9.0,SAU,QAT,QAT;SAU,4.0,17.0,1.0,6.0,1.0,82.0,82.0,1.0,SRC_GML_MID
MID3570,3570.0,1992.0,5.0,PRK,KOR,KOR;PRK,4.0,17.0,1.0,5.0,3.0,1.0,1.0,1.0,SRC_GML_MID
MID3572,3572.0,1992.0,5.0,IDN,PNG,IDN;PNG,4.0,16.0,0.0,5.0,3.0,1.0,1.0,0.0,SRC_GML_MID
MID3573,3573.0,1992.0,4.0,MYS,SGP,MYS;SGP,4.0,15.0,0.0,7.0,3.0,45.0,45.0,0.0,SRC_GML_MID
MID3574,3574.0,1992.0,2.0,MMR,THA,MMR;THA,4.0,16.0,2.0,6.0,1.0,329.0,329.0,1.0,SRC_GML_MID
MID3599,3599.0,1919.0,5.0,SRB,AUT,AUT;SRB,4.0,17.0,-9.0,6.0,1.0,133.0,133.0,1.0,SRC_GML_MID
MID3602,3602.0,1977.0,4.0,COD,ZMB,COD;ZMB,4.0,16.0,0.0,5.0,3.0,3.0,3.0,0.0,SRC_GML_MID
MID3603,3603.0,1977.0,6.0,VNM,THA,THA;VNM,4.0,16.0,0.0,5.0,3.0,1.0,1.0,0.0,SRC_GML_MID
MID3604,3604.0,1978.0,2.0,EGY,CYP,CYP;EGY,4.0,17.0,1.0,5.0,3.0,1.0,1.0,1.0,SRC_GML_MID
MID3606,3606.0,1978.0,7.0,NOR,RUS,NOR;RUS,3.0,7.0,0.0,5.0,3.0,29.0,59.0,1.0,SRC_GML_MID
MID3607,3607.0,1979.0,2.0,MAR,ESP,ESP;MAR,4.0,15.0,0.0,7.0,3.0,19.0,19.0,0.0,SRC_GML_MID
MID3610,3610.0,1980.0,9.0,VNM,IDN,IDN;VNM,3.0,7.0,0.0,5.0,3.0,1.0,1.0,1.0,SRC_GML_MID
MID3612,3612.0,1982.0,1.0,PHL,JPN,JPN;PHL,4.0,16.0,0.0,5.0,3.0,1.0,1.0,0.0,SRC_GML_MID
MID3614,3614.0,1983.0,3.0,VNM,CHN,CHN;VNM,4.0,17.0,2.0,5.0,3.0,21.0,51.0,1.0,SRC_GML_MID
MID3615,3615.0,1983.0,4.0,SWE,RUS,RUS;SWE,2.0,1.0,0.0,7.0,3.0,1.0,1.0,0.0,SRC_GML_MID
MID3616,3616.0,1983.0,9.0,MYS,CHN;VNM,CHN;MYS;VNM,3.0,7.0,0.0,5.0,1.0,30.0,30.0,0.0,SRC_GML_MID
MID3617,3617.0,1984.0,4.0,IRN,ARE;BHR;KWT;OMN;QAT;SAU,IRN;SAU,4.0,16.0,0.0,5.0,3.0,42.0,42.0,1.0,SRC_GML_MID
MID3618,3618.0,1985.0,5.0,MMR,THA,MMR;THA,4.0,17.0,0.0,5.0,3.0,153.0,153.0,1.0,SRC_GML_MID
MID3620,3620.0,1985.0,11.0,LBY,EGY;USA,EGY;LBY,4.0,15.0,0.0,5.0,3.0,11.0,11.0,1.0,SRC_GML_MID
MID3621,3621.0,1985.0,9.0,MYS,PHL,MYS;PHL,4.0,16.0,0.0,5.0,3.0,1.0,1.0,0.0,SRC_GML_MID
MID3622,3622.0,1984.0,11.0,CHN,VNM,CHN;VNM,5.0,20.0,6.0,5.0,3.0,433.0,462.0,1.0,SRC_GML_MID
MID3625,3625.0,1985.0,11.0,IRN,KWT;SAU;USA,IRN;KWT,4.0,15.0,0.0,3.0,3.0,113.0,113.0,1.0,SRC_GML_MID
MID3626,3626.0,1986.0,3.0,IND,BGD,BGD;IND,4.0,17.0,0.0,5.0,1.0,39.0,39.0,1.0,SRC_GML_MID
MID3628,3628.0,1986.0,10.0,CHN,VNM,CHN;VNM,5.0,20.0,6.0,5.0,1.0,153.0,153.0,1.0,SRC_GML_MID
MID3629,3629.0,1986.0,6.0,MLI,BFA,BFA;MLI,3.0,7.0,0.0,5.0,3.0,1.0,1.0,0.0,SRC_GML_MID
MID3630,3630.0,1982.0,3.0,ARG,GBR,ARG;GBR,4.0,17.0,5.0,2.0,2.0,76.0,76.0,1.0,SRC_GML_MID
MID3631,3631.0,1977.0,6.0,LBY,FRA;TCD,LBY;TCD,4.0,17.0,-9.0,1.0,2.0,1287.0,1316.0,1.0,SRC_GML_MID
MID3632,3632.0,1980.0,12.0,TUN,LBY,LBY;TUN,3.0,8.0,0.0,5.0,3.0,1.0,1.0,0.0,SRC_GML_MID
MID3633,3633.0,1980.0,12.0,FRA;TCD,LBY,FRA;LBY,4.0,17.0,0.0,5.0,3.0,339.0,339.0,1.0,SRC_GML_MID
MID3634,3634.0,1983.0,2.0,LBY,COD;FRA;TCD;USA,LBY;TCD,5.0,20.0,6.0,5.0,1.0,674.0,674.0,1.0,SRC_GML_MID
MID3635,3635.0,1986.0,2.0,LBY,FRA;TCD,LBY;TCD,5.0,20.0,6.0,5.0,1.0,579.0,579.0,1.0,SRC_GML_MID
MID3636,3636.0,1986.0,1.0,LBY,USA,LBY;USA,4.0,16.0,1.0,3.0,3.0,93.0,93.0,1.0,SRC_GML_MID
MID3637,3637.0,1986.0,1.0,RUS,ISR;USA,ISR;RUS;USA,3.0,7.0,0.0,5.0,3.0,1.0,1.0,0.0,SRC_GML_MID
MID3638,3638.0,1987.0,10.0,VNM,CHN,CHN;VNM,4.0,16.0,1.0,5.0,3.0,1.0,1.0,1.0,SRC_GML_MID
MID3639,3639.0,1984.0,1.0,VNM,CHN,CHN;VNM,5.0,20.0,6.0,5.0,3.0,194.0,194.0,1.0,SRC_GML_MID
MID3642,3642.0,1870.0,8.0,RUS,CHN,CHN;RUS,4.0,14.0,0.0,1.0,2.0,155.0,212.0,0.0,SRC_GML_MID
MID3645,3645.0,1903.0,4.0,RUS,CHN,CHN;RUS,4.0,14.0,0.0,1.0,2.0,377.0,377.0,0.0,SRC_GML_MID
MID3647,3647.0,1911.0,2.0,RUS,CHN,CHN;RUS,3.0,11.0,0.0,4.0,1.0,35.0,35.0,1.0,SRC_GML_MID
MID3656,3656.0,1937.0,9.0,RUS,CHN,CHN;RUS,4.0,16.0,0.0,5.0,3.0,33.0,91.0,0.0,SRC_GML_MID
MID3659,3659.0,1971.0,11.0,RUS,ISR,ISR;RUS,3.0,7.0,0.0,5.0,3.0,1.0,1.0,0.0,SRC_GML_MID
MID3700,3700.0,1939.0,9.0,GBR,NLD,GBR;NLD,4.0,15.0,0.0,7.0,3.0,36.0,36.0,0.0,SRC_GML_MID
MID3701,3701.0,1939.0,11.0,DEU,NLD,DEU;NLD,4.0,16.0,1.0,9.0,3.0,185.0,185.0,1.0,SRC_GML_MID
MID3702,3702.0,1939.0,11.0,DEU,BEL,BEL;DEU,4.0,16.0,0.0,9.0,3.0,182.0,182.0,1.0,SRC_GML_MID
MID3703,3703.0,1940.0,5.0,DEU,FRA;GBR;LUX,DEU;FRA;GBR;LUX,4.0,17.0,1.0,1.0,2.0,8.0,8.0,1.0,SRC_GML_MID
MID3704,3704.0,1940.0,2.0,GBR,NOR,GBR;NOR,3.0,12.0,0.0,5.0,3.0,39.0,39.0,0.0,SRC_GML_MID
MID3705,3705.0,1939.0,11.0,DEU,NOR,DEU;NOR,4.0,16.0,0.0,9.0,3.0,158.0,158.0,1.0,SRC_GML_MID
MID3706,3706.0,1940.0,4.0,DEU,DNK,DEU;DNK,4.0,17.0,2.0,1.0,2.0,1.0,1.0,1.0,SRC_GML_MID
MID3707,3707.0,1940.0,1.0,GBR,DNK,DNK;GBR,4.0,16.0,0.0,5.0,3.0,71.0,71.0,0.0,SRC_GML_MID
MID3708,3708.0,1939.0,10.0,DEU,USA,DEU;USA,4.0,15.0,0.0,7.0,3.0,27.0,27.0,0.0,SRC_GML_MID
MID3709,3709.0,1939.0,11.0,GBR,USA,GBR;USA,4.0,15.0,0.0,6.0,1.0,508.0,508.0,0.0,SRC_GML_MID
MID3713,3713.0,1940.0,7.0,DEU,PRT,DEU;PRT,4.0,16.0,0.0,5.0,3.0,1.0,1.0,0.0,SRC_GML_MID
MID3714,3714.0,1945.0,2.0,VEN,DEU;JPN,DEU;JPN;VEN,4.0,18.0,0.0,9.0,4.0,1.0,1.0,0.0,SRC_GML_MID
MID3715,3715.0,1945.0,2.0,PRY,DEU;JPN,DEU;JPN;PRY,4.0,18.0,0.0,9.0,4.0,1.0,1.0,0.0,SRC_GML_MID
MID3718,3718.0,1940.0,6.0,ESP,FRA,ESP;FRA,4.0,14.0,0.0,5.0,3.0,7.0,7.0,0.0,SRC_GML_MID
MID3719,3719.0,1939.0,11.0,DEU,FIN,DEU;FIN,4.0,15.0,0.0,7.0,3.0,60.0,60.0,1.0,SRC_GML_MID
MID3720,3720.0,1940.0,10.0,ITA,SWE,ITA;SWE,4.0,16.0,0.0,8.0,3.0,1.0,1.0,0.0,SRC_GML_MID
MID3721,3721.0,1942.0,4.0,ITA,SWE,ITA;SWE,4.0,16.0,0.0,8.0,3.0,1.0,1.0,0.0,SRC_GML_MID
MID3722,3722.0,1943.0,4.0,RUS,SWE,RUS;SWE,4.0,16.0,0.0,5.0,3.0,1.0,1.0,0.0,SRC_GML_MID
MID3723,3723.0,1939.0,11.0,LVA,DEU,DEU;LVA,4.0,15.0,0.0,8.0,3.0,4.0,4.0,0.0,SRC_GML_MID
MID3724,3724.0,1940.0,3.0,ITA,GBR,GBR;ITA,4.0,18.0,0.0,9.0,3.0,102.0,102.0,1.0,SRC_GML_MID
MID3725,3725.0,1882.0,6.0,FRA;GBR,EGY,EGY;FRA;GBR,5.0,20.0,6.0,1.0,2.0,106.0,106.0,1.0,SRC_GML_MID
MID3800,3800.0,1940.0,6.0,GBR,CHE,CHE;GBR,4.0,16.0,0.0,8.0,1.0,19.0,19.0,0.0,SRC_GML_MID
MID3801,3801.0,1940.0,4.0,DEU,SWE,DEU;SWE,4.0,16.0,0.0,5.0,3.0,14.0,14.0,1.0,SRC_GML_MID
MID3802,3802.0,1940.0,5.0,GBR,SWE,GBR;SWE,4.0,16.0,0.0,5.0,3.0,159.0,159.0,0.0,SRC_GML_MID
MID3804,3804.0,1939.0,9.0,DEU,SWE,DEU;SWE,4.0,16.0,0.0,5.0,3.0,211.0,211.0,1.0,SRC_GML_MID
MID3805,3805.0,1941.0,4.0,DEU,SWE,DEU;SWE,4.0,16.0,0.0,5.0,3.0,1.0,1.0,0.0,SRC_GML_MID
MID3806,3806.0,1942.0,2.0,DEU,SWE,DEU;SWE,4.0,16.0,0.0,5.0,3.0,811.0,811.0,1.0,SRC_GML_MID
MID3807,3807.0,1940.0,7.0,GBR,ROU,GBR;ROU,4.0,15.0,0.0,7.0,3.0,1.0,1.0,0.0,SRC_GML_MID
MID3809,3809.0,1939.0,12.0,DEU,EST,DEU;EST,4.0,15.0,0.0,7.0,3.0,6.0,6.0,0.0,SRC_GML_MID
MID3812,3812.0,1940.0,4.0,GBR,SRB,GBR;SRB,4.0,15.0,0.0,5.0,3.0,5.0,5.0,0.0,SRC_GML_MID
MID3813,3813.0,1941.0,3.0,BGR;DEU;HUN,SRB,BGR;DEU;HUN;SRB,4.0,16.0,-9.0,9.0,3.0,10.0,10.0,1.0,SRC_GML_MID
MID3814,3814.0,1940.0,10.0,ITA,SRB,ITA;SRB,4.0,15.0,0.0,5.0,3.0,1.0,1.0,0.0,SRC_GML_MID
MID3820,3820.0,1940.0,4.0,ITA,FRA;GBR,FRA;GBR;ITA,4.0,18.0,0.0,9.0,3.0,55.0,55.0,0.0,SRC_GML_MID
MID3822,3822.0,1940.0,8.0,DEU,RUS,DEU;RUS,4.0,18.0,0.0,9.0,3.0,301.0,301.0,1.0,SRC_GML_MID
MID3823,3823.0,1940.0,8.0,ROU,HUN,HUN;ROU,4.0,17.0,0.0,4.0,1.0,8.0,8.0,1.0,SRC_GML_MID
MID3825,3825.0,1940.0,8.0,DEU,ROU,DEU;ROU,2.0,1.0,0.0,4.0,2.0,3.0,3.0,0.0,SRC_GML_MID
MID3826,3826.0,1944.0,8.0,ROU,DEU;HUN,DEU;HUN;ROU,4.0,18.0,0.0,9.0,3.0,1.0,1.0,1.0,SRC_GML_MID
MID3827,3827.0,1944.0,9.0,BGR,DEU,BGR;DEU,4.0,18.0,0.0,9.0,3.0,1.0,1.0,1.0,SRC_GML_MID
MID3834,3834.0,1939.0,12.0,ARG;URY,DEU,ARG;DEU;URY,4.0,15.0,0.0,7.0,3.0,155.0,155.0,0.0,SRC_GML_MID
MID3835,3835.0,1940.0,5.0,DEU,ARG,ARG;DEU,4.0,16.0,0.0,5.0,3.0,1.0,1.0,0.0,SRC_GML_MID
MID3836,3836.0,1940.0,7.0,ESP,GBR,ESP;GBR,3.0,7.0,0.0,5.0,3.0,3.0,3.0,1.0,SRC_GML_MID
MID3850,3850.0,1940.0,1.0,BGR;DEU,TUR,DEU;TUR,4.0,17.0,0.0,5.0,3.0,389.0,389.0,1.0,SRC_GML_MID
MID3851,3851.0,1940.0,9.0,ITA,TUR,ITA;TUR,2.0,1.0,0.0,5.0,2.0,38.0,38.0,0.0,SRC_GML_MID
MID3852,3852.0,1940.0,7.0,ITA,IRN,IRN;ITA,4.0,16.0,0.0,5.0,3.0,1.0,1.0,0.0,SRC_GML_MID
MID3853,3853.0,1940.0,6.0,ITA,EGY;FRA;GBR,EGY;ITA,4.0,17.0,-9.0,8.0,3.0,131.0,131.0,1.0,SRC_GML_MID
MID3854,3854.0,1940.0,7.0,ITA,PAN,ITA;PAN,4.0,16.0,0.0,5.0,3.0,1.0,1.0,0.0,SRC_GML_MID
MID3855,3855.0,1940.0,7.0,DEU,PAN,DEU;PAN,4.0,16.0,0.0,5.0,3.0,173.0,173.0,0.0,SRC_GML_MID
MID3856,3856.0,1940.0,10.0,BGR,GRC,BGR;GRC,3.0,7.0,0.0,5.0,3.0,1.0,1.0,0.0,SRC_GML_MID
MID3860,3860.0,1940.0,1.0,GBR,RUS,GBR;RUS,4.0,15.0,0.0,7.0,3.0,79.0,79.0,0.0,SRC_GML_MID
MID3861,3861.0,1940.0,4.0,DEU,HUN,DEU;HUN,3.0,7.0,0.0,4.0,3.0,35.0,35.0,0.0,SRC_GML_MID
MID3863,3863.0,1940.0,8.0,DEU,IRL,DEU;IRL,4.0,16.0,0.0,5.0,3.0,90.0,90.0,0.0,SRC_GML_MID
MID3864,3864.0,1940.0,11.0,GBR,BRA,BRA;GBR,4.0,15.0,0.0,7.0,3.0,35.0,35.0,0.0,SRC_GML_MID
MID3868,3868.0,1941.0,9.0,DEU,BGR,BGR;DEU,2.0,3.0,0.0,5.0,3.0,1.0,1.0,0.0,SRC_GML_MID
MID3869,3869.0,1941.0,9.0,RUS,BGR,BGR;RUS,4.0,17.0,1.0,5.0,3.0,6.0,6.0,1.0,SRC_GML_MID
MID3871,3871.0,1941.0,2.0,GBR,BGR,BGR;GBR,2.0,1.0,0.0,5.0,3.0,1.0,1.0,0.0,SRC_GML_MID
MID3872,3872.0,1941.0,1.0,RUS,ROU,ROU;RUS,4.0,17.0,2.0,5.0,3.0,1.0,31.0,1.0,SRC_GML_MID
MID3873,3873.0,1941.0,4.0,DEU,EGY,DEU;EGY,4.0,16.0,0.0,5.0,3.0,1.0,1.0,0.0,SRC_GML_MID
MID3875,3875.0,1942.0,3.0,DEU,CHL,CHL;DEU,4.0,16.0,0.0,5.0,3.0,1.0,1.0,0.0,SRC_GML_MID
MID3876,3876.0,1942.0,3.0,DEU,URY,DEU;URY,4.0,16.0,0.0,5.0,3.0,168.0,168.0,1.0,SRC_GML_MID
MID3877,3877.0,1942.0,5.0,DEU;ITA;JPN,MEX,DEU;MEX,4.0,18.0,0.0,5.0,3.0,20.0,20.0,1.0,SRC_GML_MID
MID3878,3878.0,1942.0,8.0,ROU,HTI,HTI;ROU,4.0,18.0,0.0,9.0,4.0,1.0,1.0,0.0,SRC_GML_MID
MID3881,3881.0,1941.0,9.0,DEU,PAN,DEU;PAN,4.0,16.0,0.0,5.0,3.0,398.0,456.0,0.0,SRC_GML_MID
MID3882,3882.0,1942.0,3.0,DEU,HND,DEU;HND,4.0,16.0,0.0,5.0,3.0,117.0,117.0,0.0,SRC_GML_MID
MID3883,3883.0,1942.0,2.0,DEU,VEN,DEU;VEN,4.0,16.0,0.0,5.0,3.0,1.0,1.0,0.0,SRC_GML_MID
MID3884,3884.0,1943.0,2.0,DEU,ESP,DEU;ESP,3.0,7.0,0.0,5.0,3.0,1.0,1.0,0.0,SRC_GML_MID
MID3885,3885.0,1942.0,12.0,DEU,EGY,DEU;EGY,4.0,16.0,0.0,5.0,3.0,1.0,1.0,0.0,SRC_GML_MID
MID3887,3887.0,1943.0,12.0,DEU,PAN,DEU;PAN,4.0,16.0,0.0,5.0,3.0,1.0,1.0,0.0,SRC_GML_MID
MID3900,3900.0,1989.0,12.0,CAN,USA,CAN;USA,4.0,16.0,0.0,5.0,3.0,1.0,1.0,0.0,SRC_GML_MID
MID3901,3901.0,1988.0,11.0,PAN,USA,PAN;USA,4.0,17.0,3.0,2.0,2.0,417.0,417.0,1.0,SRC_GML_MID
MID3904,3904.0,1989.0,5.0,SLV,HND,HND;SLV,4.0,17.0,1.0,5.0,3.0,5.0,5.0,1.0,SRC_GML_MID
MID3905,3905.0,1989.0,4.0,HND,NIC,HND;NIC,4.0,16.0,1.0,5.0,3.0,175.0,175.0,1.0,SRC_GML_MID
MID3906,3906.0,1989.0,12.0,FRA,COM,COM;FRA,3.0,7.0,0.0,1.0,2.0,9.0,9.0,0.0,SRC_GML_MID
MID3907,3907.0,1989.0,11.0,FRA,LBN,FRA;LBN,3.0,7.0,0.0,5.0,3.0,1.0,1.0,0.0,SRC_GML_MID
MID3908,3908.0,1989.0,8.0,SYR,MLT,MLT;SYR,4.0,16.0,0.0,5.0,3.0,1.0,1.0,0.0,SRC_GML_MID
MID3909,3909.0,1989.0,1.0,TUR,GRC,GRC;TUR,3.0,8.0,0.0,5.0,3.0,2.0,2.0,1.0,SRC_GML_MID
MID3910,3910.0,1989.0,4.0,MRT,SEN,MRT;SEN,4.0,16.0,0.0,5.0,3.0,1.0,1.0,0.0,SRC_GML_MID
MID3911,3911.0,1989.0,3.0,UGA,KEN,KEN;UGA,4.0,17.0,2.0,5.0,3.0,12.0,12.0,1.0,SRC_GML_MID
MID3912,3912.0,1989.0,11.0,SDN,UGA,SDN;UGA,4.0,16.0,1.0,6.0,1.0,139.0,139.0,0.0,SRC_GML_MID
MID3913,3913.0,1989.0,9.0,SOM,KEN,KEN;SOM,4.0,16.0,1.0,5.0,3.0,4.0,4.0,1.0,SRC_GML_MID
MID3914,3914.0,1989.0,3.0,IRQ,IRN,IRN;IRQ,4.0,17.0,1.0,5.0,3.0,2.0,2.0,1.0,SRC_GML_MID
MID3915,3915.0,1989.0,6.0,EGY,ISR,EGY;ISR,4.0,16.0,0.0,5.0,3.0,1.0,1.0,0.0,SRC_GML_MID
MID3916,3916.0,1989.0,2.0,PAK,AFG,AFG;PAK,4.0,16.0,0.0,5.0,3.0,56.0,56.0,1.0,SRC_GML_MID
MID3917,3917.0,1989.0,1.0,PRK,KOR,KOR;PRK,4.0,15.0,0.0,5.0,3.0,1.0,1.0,0.0,SRC_GML_MID
MID3919,3919.0,1989.0,5.0,MMR,THA,MMR;THA,4.0,17.0,1.0,5.0,3.0,1.0,1.0,1.0,SRC_GML_MID
MID3920,3920.0,1989.0,1.0,VNM,THA,THA;VNM,4.0,16.0,0.0,5.0,3.0,251.0,251.0,0.0,SRC_GML_MID
MID3921,3921.0,1989.0,10.0,IRN,IRQ,IRN;IRQ,4.0,16.0,1.0,5.0,3.0,1.0,1.0,0.0,SRC_GML_MID
MID3922,3922.0,1989.0,10.0,SYR,TUR,SYR;TUR,4.0,16.0,0.0,5.0,3.0,1.0,1.0,0.0,SRC_GML_MID
MID3952,3952.0,1990.0,1.0,GNB,SEN,GNB;SEN,4.0,17.0,1.0,5.0,1.0,149.0,149.0,1.0,SRC_GML_MID
MID3953,3953.0,1989.0,10.0,SEN,MRT,MRT;SEN,4.0,17.0,2.0,5.0,3.0,244.0,304.0,1.0,SRC_GML_MID
MID3954,3954.0,1990.0,1.0,LBR,CIV,CIV;LBR,2.0,1.0,0.0,5.0,3.0,1.0,1.0,0.0,SRC_GML_MID
MID3955,3955.0,1990.0,2.0,COD,ZMB,COD;ZMB,4.0,16.0,0.0,5.0,3.0,1.0,1.0,0.0,SRC_GML_MID
MID3956,3956.0,1990.0,4.0,IRQ,ISR,IRQ;ISR,4.0,16.0,0.0,5.0,3.0,333.0,333.0,1.0,SRC_GML_MID
MID3957,3957.0,1990.0,6.0,IRQ,ARE;ARG;AUS;BEL;BGD;BHR;CAN;DEU;EGY;ESP;FRA;GBR;GRC;ITA;KWT;MAR;NER;NLD;OMN;PAK;QAT;SAU;SEN;SLE;SYR;TUR;USA,ARE;IRQ;KWT,5.0,20.0,6.0,2.0,2.0,282.0,282.0,1.0,SRC_GML_MID
MID3958,3958.0,1990.0,4.0,ISR,JOR,ISR;JOR,4.0,17.0,1.0,5.0,3.0,280.0,280.0,1.0,SRC_GML_MID
MID3959,3959.0,1990.0,2.0,IND,PAK,IND;PAK,4.0,17.0,0.0,6.0,1.0,315.0,315.0,1.0,SRC_GML_MID
MID3960,3960.0,1990.0,2.0,MMR,THA,MMR;THA,4.0,17.0,2.0,5.0,3.0,3.0,3.0,1.0,SRC_GML_MID
MID3961,3961.0,1990.0,6.0,IDN,PNG,IDN;PNG,4.0,16.0,0.0,6.0,1.0,141.0,141.0,0.0,SRC_GML_MID
MID3970,3970.0,1991.0,1.0,EGY,SDN,EGY;SDN,3.0,7.0,0.0,5.0,3.0,1.0,31.0,0.0,SRC_GML_MID
MID3971,3971.0,1991.0,1.0,IRQ,JPN,IRQ;JPN,2.0,1.0,0.0,5.0,3.0,1.0,1.0,0.0,SRC_GML_MID
MID3972,3972.0,1991.0,7.0,USA,CAN,CAN;USA,4.0,15.0,0.0,7.0,3.0,1.0,1.0,0.0,SRC_GML_MID
MID3973,3973.0,1991.0,5.0,IRN,USA,IRN;USA,4.0,17.0,0.0,5.0,3.0,2.0,2.0,1.0,SRC_GML_MID
MID3974,3974.0,1991.0,3.0,FRA;GBR;USA,IRQ,IRQ;USA,4.0,16.0,2.0,1.0,2.0,294.0,294.0,1.0,SRC_GML_MID
MID3976,3976.0,1991.0,6.0,SRB,AUT,AUT;SRB,3.0,11.0,0.0,5.0,3.0,3.0,3.0,1.0,SRC_GML_MID
MID3977,3977.0,1991.0,6.0,SRB,HUN,HUN;SRB,3.0,12.0,0.0,5.0,3.0,109.0,109.0,1.0,SRC_GML_MID
MID3978,3978.0,1991.0,4.0,SLE,LBR,LBR;SLE,4.0,14.0,0.0,5.0,3.0,23.0,23.0,0.0,SRC_GML_MID
MID3979,3979.0,1991.0,1.0,RWA,UGA,RWA;UGA,4.0,17.0,1.0,5.0,3.0,339.0,339.0,1.0,SRC_GML_MID
MID3980,3980.0,1991.0,8.0,TUR,IRQ,IRQ;TUR,4.0,16.0,0.0,5.0,3.0,85.0,85.0,0.0,SRC_GML_MID
MID3981,3981.0,1991.0,10.0,ISR,IRQ,IRQ;ISR,3.0,7.0,0.0,5.0,3.0,1.0,1.0,0.0,SRC_GML_MID
MID3982,3982.0,1991.0,5.0,IRQ,KWT,IRQ;KWT,4.0,17.0,0.0,5.0,3.0,93.0,93.0,1.0,SRC_GML_MID
MID3983,3983.0,1991.0,1.0,TWN,CHN,CHN;TWN,3.0,8.0,0.0,5.0,3.0,44.0,44.0,0.0,SRC_GML_MID
MID3984,3984.0,1991.0,1.0,PRK,KOR,KOR;PRK,3.0,11.0,0.0,5.0,3.0,27.0,57.0,1.0,SRC_GML_MID
MID3985,3985.0,1991.0,4.0,IND,PAK,IND;PAK,4.0,17.0,2.0,5.0,3.0,131.0,131.0,1.0,SRC_GML_MID
MID3986,3986.0,1991.0,12.0,MMR,BGD,BGD;MMR,4.0,16.0,1.0,5.0,3.0,9.0,9.0,1.0,SRC_GML_MID
MID3987,3987.0,1991.0,10.0,PER,ECU,ECU;PER,3.0,7.0,0.0,5.0,1.0,8.0,8.0,1.0,SRC_GML_MID
MID3988,3988.0,1991.0,2.0,NIC,HND,HND;NIC,4.0,17.0,1.0,5.0,3.0,1.0,1.0,1.0,SRC_GML_MID
MID3994,3994.0,1977.0,9.0,ISR,LBN;SYR,ISR;LBN,4.0,17.0,2.0,5.0,1.0,704.0,704.0,1.0,SRC_GML_MID
MID4001,4001.0,1994.0,1.0,THA,KHM,KHM;THA,4.0,17.0,1.0,5.0,3.0,997.0,997.0,1.0,SRC_GML_MID
MID4002,4002.0,1995.0,2.0,THA,MMR,MMR;THA,4.0,16.0,0.0,5.0,3.0,22.0,22.0,1.0,SRC_GML_MID
MID4003,4003.0,1996.0,1.0,MMR,THA,MMR;THA,3.0,11.0,0.0,1.0,2.0,6.0,6.0,1.0,SRC_GML_MID
MID4004,4004.0,1996.0,1.0,VNM,KHM,KHM;VNM,4.0,14.0,0.0,1.0,2.0,183.0,183.0,1.0,SRC_GML_MID
MID4005,4005.0,1995.0,6.0,BGD,IND,BGD;IND,4.0,17.0,0.0,5.0,3.0,1.0,1.0,1.0,SRC_GML_MID
MID4006,4006.0,1996.0,5.0,IND,BGD,BGD;IND,3.0,8.0,0.0,5.0,3.0,1.0,1.0,0.0,SRC_GML_MID
MID4007,4007.0,1993.0,9.0,PAK,IND,IND;PAK,5.0,20.0,6.0,5.0,3.0,2130.0,2130.0,1.0,SRC_GML_MID
MID4008,4008.0,1995.0,5.0,VNM,THA,THA;VNM,4.0,17.0,1.0,5.0,3.0,1.0,1.0,1.0,SRC_GML_MID
MID4009,4009.0,1995.0,10.0,VEN,COL,COL;VEN,4.0,15.0,0.0,6.0,1.0,1.0,24.0,0.0,SRC_GML_MID
MID4010,4010.0,1993.0,1.0,HND,SLV,HND;SLV,3.0,11.0,0.0,5.0,2.0,26.0,26.0,0.0,SRC_GML_MID
MID4011,4011.0,1995.0,4.0,NIC,HND,HND;NIC,4.0,17.0,0.0,5.0,1.0,67.0,67.0,1.0,SRC_GML_MID
MID4012,4012.0,1995.0,12.0,NIC,HND,HND;NIC,4.0,15.0,0.0,5.0,3.0,6.0,6.0,1.0,SRC_GML_MID
MID4013,4013.0,1995.0,1.0,ECU,PER,ECU;PER,4.0,17.0,4.0,5.0,1.0,198.0,198.0,1.0,SRC_GML_MID
MID4014,4014.0,1993.0,10.0,BLZ,GTM,BLZ;GTM,3.0,12.0,0.0,5.0,3.0,2.0,2.0,1.0,SRC_GML_MID
MID4015,4015.0,1995.0,8.0,BLZ,GTM,BLZ;GTM,3.0,12.0,0.0,5.0,3.0,30.0,30.0,1.0,SRC_GML_MID
MID4016,4016.0,1993.0,10.0,ARG;CAN;DOM;FRA;GBR;NLD;USA,HTI,ARG;CAN;FRA;GBR;HTI;NLD;USA,4.0,13.0,0.0,1.0,2.0,336.0,336.0,1.0,SRC_GML_MID
MID4018,4018.0,1993.0,1.0,PRK,CHN,CHN;PRK,4.0,17.0,1.0,5.0,3.0,61.0,120.0,1.0,SRC_GML_MID
MID4019,4019.0,1995.0,4.0,PRK,CHN,CHN;PRK,4.0,16.0,0.0,5.0,3.0,1.0,30.0,0.0,SRC_GML_MID
MID4020,4020.0,1995.0,1.0,TWN,CHN,CHN;TWN,4.0,16.0,0.0,5.0,3.0,250.0,250.0,0.0,SRC_GML_MID
MID4021,4021.0,1993.0,3.0,KOR;USA,PRK,KOR;PRK;USA,3.0,8.0,0.0,5.0,3.0,22.0,22.0,1.0,SRC_GML_MID
MID4022,4022.0,1993.0,11.0,PRK,AUS;CAN;JPN;KOR;USA,KOR;PRK;USA,4.0,17.0,2.0,5.0,3.0,2129.0,2129.0,1.0,SRC_GML_MID
MID4024,4024.0,1994.0,4.0,TWN,PHL,PHL;TWN,3.0,7.0,0.0,5.0,3.0,13.0,13.0,0.0,SRC_GML_MID
MID4027,4027.0,1995.0,1.0,CHN,PHL,CHN;PHL,4.0,15.0,0.0,5.0,1.0,103.0,133.0,1.0,SRC_GML_MID
MID4028,4028.0,1996.0,12.0,PHL,CHN,CHN;PHL,4.0,15.0,0.0,5.0,3.0,267.0,297.0,1.0,SRC_GML_MID
MID4029,4029.0,1993.0,8.0,CHN,VNM,CHN;VNM,3.0,7.0,0.0,5.0,3.0,1.0,31.0,0.0,SRC_GML_MID
MID4030,4030.0,1994.0,5.0,CHN,VNM,CHN;VNM,4.0,15.0,0.0,5.0,1.0,80.0,110.0,1.0,SRC_GML_MID
MID4031,4031.0,1995.0,3.0,CAN,ESP,CAN;ESP,4.0,16.0,0.0,1.0,1.0,41.0,41.0,1.0,SRC_GML_MID
MID4035,4035.0,1994.0,6.0,CHN,TWN,CHN;TWN,3.0,12.0,0.0,5.0,2.0,138.0,167.0,0.0,SRC_GML_MID
MID4038,4038.0,1993.0,1.0,TUR,CYP,CYP;TUR,4.0,16.0,1.0,5.0,3.0,80.0,80.0,1.0,SRC_GML_MID
MID4039,4039.0,1993.0,10.0,CYP,TUR,CYP;TUR,4.0,16.0,0.0,5.0,3.0,1.0,1.0,0.0,SRC_GML_MID
MID4040,4040.0,1994.0,6.0,TUR,GRC,GRC;TUR,4.0,16.0,0.0,5.0,3.0,366.0,366.0,1.0,SRC_GML_MID
MID4041,4041.0,1994.0,4.0,GRC,ALB,ALB;GRC,4.0,17.0,1.0,5.0,3.0,152.0,152.0,1.0,SRC_GML_MID
MID4042,4042.0,1993.0,11.0,RUS,JPN,JPN;RUS,4.0,16.0,0.0,5.0,3.0,671.0,671.0,1.0,SRC_GML_MID
MID4045,4045.0,1995.0,3.0,SRB,ALB,ALB;SRB,3.0,7.0,0.0,5.0,3.0,1.0,31.0,0.0,SRC_GML_MID
MID4046,4046.0,1994.0,4.0,SRB,MKD;USA,SRB;USA,3.0,12.0,0.0,5.0,3.0,52.0,52.0,1.0,SRC_GML_MID
MID4048,4048.0,1993.0,1.0,FRA,HRV,FRA;HRV,3.0,7.0,0.0,8.0,3.0,1.0,6.0,0.0,SRC_GML_MID
MID4050,4050.0,1994.0,4.0,RUS,UKR,RUS;UKR,4.0,15.0,0.0,5.0,3.0,4.0,4.0,1.0,SRC_GML_MID
MID4051,4051.0,1993.0,2.0,RUS,MDA,MDA;RUS,3.0,7.0,0.0,5.0,3.0,1.0,1.0,0.0,SRC_GML_MID
MID4052,4052.0,1993.0,6.0,CHN,RUS,CHN;RUS,4.0,15.0,0.0,7.0,3.0,2.0,2.0,0.0,SRC_GML_MID
MID4054,4054.0,1993.0,3.0,KAZ;KGZ;RUS;TJK;TKM;UZB,AFG,AFG;KAZ;KGZ;RUS;TJK;TKM;UZB,4.0,17.0,2.0,5.0,3.0,356.0,356.0,1.0,SRC_GML_MID
MID4055,4055.0,1994.0,12.0,RUS,AFG,AFG;RUS,4.0,16.0,0.0,5.0,3.0,123.0,123.0,0.0,SRC_GML_MID
MID4058,4058.0,1993.0,6.0,ALB,MKD,ALB;MKD,4.0,17.0,1.0,5.0,3.0,1.0,1.0,1.0,SRC_GML_MID
MID4060,4060.0,1995.0,3.0,TWN,VNM,TWN;VNM,3.0,7.0,0.0,5.0,3.0,1.0,1.0,0.0,SRC_GML_MID
MID4061,4061.0,1995.0,8.0,CHN,JPN,CHN;JPN,3.0,7.0,0.0,5.0,3.0,1.0,1.0,1.0,SRC_GML_MID
MID4062,4062.0,1996.0,7.0,CHN,JPN,CHN;JPN,3.0,7.0,0.0,5.0,3.0,41.0,71.0,1.0,SRC_GML_MID
MID4063,4063.0,1996.0,9.0,IDN,CHN,CHN;IDN,3.0,7.0,0.0,5.0,3.0,18.0,18.0,1.0,SRC_GML_MID
MID4064,4064.0,1995.0,7.0,CHN,TWN;USA,CHN;TWN,3.0,11.0,0.0,5.0,3.0,242.0,272.0,1.0,SRC_GML_MID
MID4065,4065.0,1994.0,8.0,CHN,KOR;USA,CHN;KOR;USA,3.0,7.0,0.0,5.0,3.0,40.0,70.0,0.0,SRC_GML_MID
MID4066,4066.0,1993.0,2.0,GHA,TGO,GHA;TGO,3.0,8.0,0.0,5.0,3.0,4.0,4.0,0.0,SRC_GML_MID
MID4067,4067.0,1993.0,2.0,TCD,NER,NER;TCD,4.0,17.0,1.0,5.0,3.0,1.0,1.0,1.0,SRC_GML_MID
MID4068,4068.0,1995.0,7.0,NGA,TCD,NGA;TCD,4.0,14.0,0.0,5.0,3.0,1.0,6.0,0.0,SRC_GML_MID
MID4069,4069.0,1993.0,3.0,COD,COG,COD;COG,4.0,15.0,0.0,7.0,1.0,8.0,8.0,0.0,SRC_GML_MID
MID4071,4071.0,1994.0,10.0,COD,AGO,AGO;COD,3.0,11.0,0.0,8.0,3.0,1.0,1.0,0.0,SRC_GML_MID
MID4072,4072.0,1993.0,3.0,IRN,IRQ,IRN;IRQ,4.0,16.0,0.0,5.0,3.0,135.0,135.0,1.0,SRC_GML_MID
MID4073,4073.0,1993.0,3.0,EGY,IRN,EGY;IRN,2.0,1.0,0.0,5.0,3.0,1.0,1.0,0.0,SRC_GML_MID
MID4075,4075.0,1993.0,3.0,PNG,SLB,PNG;SLB,4.0,17.0,0.0,6.0,1.0,58.0,58.0,1.0,SRC_GML_MID
MID4076,4076.0,1996.0,6.0,PNG,SLB,PNG;SLB,4.0,16.0,0.0,5.0,1.0,182.0,182.0,1.0,SRC_GML_MID
MID4078,4078.0,1994.0,8.0,UGA,SDN,SDN;UGA,4.0,17.0,2.0,5.0,3.0,984.0,984.0,1.0,SRC_GML_MID
MID4079,4079.0,1994.0,3.0,ETH,SDN,ETH;SDN,4.0,17.0,2.0,5.0,3.0,749.0,749.0,1.0,SRC_GML_MID
MID4081,4081.0,1994.0,11.0,SDN,ERI,ERI;SDN,3.0,11.0,0.0,5.0,3.0,2.0,61.0,0.0,SRC_GML_MID
MID4082,4082.0,1995.0,12.0,ERI,DJI,DJI;ERI,4.0,16.0,0.0,5.0,3.0,93.0,152.0,0.0,SRC_GML_MID
MID4083,4083.0,1995.0,3.0,KEN,UGA,KEN;UGA,3.0,12.0,0.0,5.0,3.0,9.0,9.0,1.0,SRC_GML_MID
MID4084,4084.0,1995.0,11.0,KEN,UGA,KEN;UGA,3.0,11.0,0.0,8.0,3.0,1.0,30.0,0.0,SRC_GML_MID
MID4085,4085.0,1993.0,5.0,NGA,CIV,CIV;NGA,4.0,17.0,0.0,8.0,3.0,1.0,1.0,1.0,SRC_GML_MID
MID4086,4086.0,1996.0,1.0,KAZ,BGR,BGR;KAZ,4.0,15.0,0.0,7.0,2.0,1.0,1.0,0.0,SRC_GML_MID
MID4088,4088.0,1999.0,2.0,CHN,TWN;USA,CHN;TWN,3.0,12.0,0.0,5.0,3.0,399.0,455.0,1.0,SRC_GML_MID
MID4089,4089.0,1997.0,10.0,PRK,CHN,CHN;PRK,4.0,17.0,0.0,8.0,3.0,1.0,1.0,1.0,SRC_GML_MID
MID4090,4090.0,1997.0,8.0,GRC,ALB,ALB;GRC,4.0,16.0,0.0,5.0,3.0,38.0,38.0,0.0,SRC_GML_MID
MID4092,4092.0,1995.0,12.0,TUR,GRC,GRC;TUR,4.0,17.0,0.0,5.0,1.0,195.0,195.0,1.0,SRC_GML_MID
MID4094,4094.0,1994.0,10.0,TUR,CYP,CYP;TUR,3.0,12.0,0.0,7.0,3.0,405.0,405.0,0.0,SRC_GML_MID
MID4095,4095.0,1996.0,6.0,TUR,CYP;GRC,CYP;TUR,4.0,16.0,1.0,5.0,3.0,1874.0,1874.0,1.0,SRC_GML_MID
MID4096,4096.0,1997.0,8.0,RUS,GEO,GEO;RUS,4.0,14.0,0.0,6.0,1.0,121.0,121.0,0.0,SRC_GML_MID
MID4097,4097.0,1997.0,3.0,ALB,MKD,ALB;MKD,4.0,17.0,0.0,5.0,3.0,1.0,1.0,1.0,SRC_GML_MID
MID4098,4098.0,1996.0,3.0,RUS,UKR,RUS;UKR,3.0,7.0,0.0,5.0,3.0,1.0,1.0,1.0,SRC_GML_MID
MID4100,4100.0,1995.0,5.0,SRB,HRV,HRV;SRB,3.0,10.0,0.0,1.0,1.0,190.0,190.0,0.0,SRC_GML_MID
MID4101,4101.0,1995.0,8.0,HUN,HRV,HRV;HUN,3.0,11.0,0.0,5.0,3.0,13.0,13.0,0.0,SRC_GML_MID
MID4102,4102.0,1995.0,8.0,HUN,SRB,HUN;SRB,3.0,11.0,0.0,5.0,3.0,13.0,13.0,0.0,SRC_GML_MID
MID4103,4103.0,1994.0,1.0,RUS,LVA,LVA;RUS,3.0,8.0,0.0,4.0,3.0,4.0,4.0,0.0,SRC_GML_MID
MID4104,4104.0,1994.0,6.0,CHN,RUS,CHN;RUS,4.0,16.0,0.0,5.0,3.0,1.0,30.0,0.0,SRC_GML_MID
MID4105,4105.0,1995.0,3.0,RUS,LTU,LTU;RUS,3.0,7.0,0.0,5.0,3.0,1.0,1.0,0.0,SRC_GML_MID
MID4106,4106.0,1993.0,6.0,RUS,POL,POL;RUS,3.0,7.0,0.0,5.0,3.0,1.0,1.0,0.0,SRC_GML_MID
MID4107,4107.0,1997.0,2.0,RUS,POL,POL;RUS,4.0,15.0,0.0,7.0,1.0,24.0,24.0,0.0,SRC_GML_MID
MID4108,4108.0,1997.0,3.0,UKR,ROU,ROU;UKR,3.0,8.0,0.0,5.0,3.0,1.0,1.0,0.0,SRC_GML_MID
MID4109,4109.0,1996.0,10.0,AZE,GEO,AZE;GEO,3.0,12.0,0.0,3.0,1.0,9.0,9.0,0.0,SRC_GML_MID
MID4111,4111.0,1998.0,8.0,RUS,LVA,LVA;RUS,3.0,11.0,0.0,5.0,3.0,1.0,1.0,0.0,SRC_GML_MID
MID4113,4113.0,1994.0,11.0,IRN,IRQ,IRN;IRQ,4.0,16.0,0.0,5.0,3.0,1.0,1.0,0.0,SRC_GML_MID
MID4114,4114.0,1994.0,10.0,SAU,YEM,SAU;YEM,4.0,17.0,1.0,5.0,3.0,97.0,97.0,1.0,SRC_GML_MID
MID4117,4117.0,1997.0,10.0,BWA,NAM,BWA;NAM,3.0,12.0,0.0,5.0,3.0,181.0,181.0,1.0,SRC_GML_MID
MID4118,4118.0,1995.0,6.0,TZA,BDI,BDI;TZA,3.0,8.0,0.0,5.0,3.0,142.0,142.0,0.0,SRC_GML_MID
MID4119,4119.0,1994.0,1.0,CMR,NGA,CMR;NGA,4.0,17.0,1.0,5.0,3.0,329.0,329.0,1.0,SRC_GML_MID
MID4121,4121.0,1995.0,11.0,ERI,YEM,ERI;YEM,4.0,17.0,2.0,5.0,1.0,290.0,290.0,1.0,SRC_GML_MID
MID4122,4122.0,1996.0,9.0,COD,RWA,COD;RWA,4.0,17.0,4.0,5.0,3.0,238.0,238.0,1.0,SRC_GML_MID
MID4123,4123.0,1997.0,9.0,BDI,TZA,BDI;TZA,4.0,16.0,0.0,8.0,3.0,36.0,65.0,1.0,SRC_GML_MID
MID4124,4124.0,1996.0,7.0,ERI,SDN,ERI;SDN,4.0,17.0,-9.0,6.0,1.0,1016.0,1016.0,1.0,SRC_GML_MID
MID4125,4125.0,1999.0,6.0,KOR;USA,PRK,PRK;USA,3.0,7.0,0.0,5.0,3.0,33.0,33.0,0.0,SRC_GML_MID
MID4126,4126.0,1996.0,2.0,KOR,JPN,JPN;KOR,3.0,7.0,0.0,5.0,3.0,3.0,3.0,1.0,SRC_GML_MID
MID4127,4127.0,1999.0,2.0,JPN,KOR,JPN;KOR,4.0,15.0,0.0,7.0,3.0,5.0,5.0,0.0,SRC_GML_MID
MID4128,4128.0,1998.0,8.0,PHL,CHN,CHN;PHL,4.0,15.0,0.0,6.0,1.0,625.0,655.0,1.0,SRC_GML_MID
MID4130,4130.0,1997.0,1.0,ETH,SDN,ETH;SDN,4.0,17.0,0.0,5.0,3.0,1.0,31.0,1.0,SRC_GML_MID
MID4132,4132.0,1997.0,5.0,ERI,YEM,ERI;YEM,4.0,15.0,0.0,5.0,3.0,32.0,92.0,0.0,SRC_GML_MID
MID4133,4133.0,1999.0,3.0,TUR,GRC,GRC;TUR,3.0,7.0,0.0,5.0,3.0,56.0,56.0,1.0,SRC_GML_MID
MID4134,4134.0,1995.0,6.0,EGY,SDN,EGY;SDN,4.0,17.0,1.0,5.0,3.0,21.0,21.0,1.0,SRC_GML_MID
MID4135,4135.0,1997.0,8.0,THA,KHM,KHM;THA,4.0,17.0,1.0,5.0,3.0,261.0,261.0,1.0,SRC_GML_MID
MID4136,4136.0,1997.0,3.0,SRB,ALB,ALB;SRB,3.0,11.0,0.0,5.0,3.0,18.0,18.0,0.0,SRC_GML_MID
MID4137,4137.0,1998.0,2.0,ALB;BEL;CAN;CZE;DEU;DNK;ESP;FRA;GBR;GRC;HUN;ISL;ITA;LTU;LUX;MKD;NLD;NOR;POL;PRT;RUS;TUR;USA,SRB,ALB;SRB,4.0,17.0,-9.0,1.0,2.0,468.0,495.0,1.0,SRC_GML_MID
MID4138,4138.0,1999.0,1.0,MMR,THA,MMR;THA,4.0,17.0,1.0,5.0,3.0,1.0,1.0,1.0,SRC_GML_MID
MID4140,4140.0,1999.0,12.0,NIC,HND,HND;NIC,4.0,17.0,0.0,6.0,1.0,214.0,244.0,1.0,SRC_GML_MID
MID4143,4143.0,1995.0,9.0,PER,ECU,ECU;PER,4.0,17.0,0.0,5.0,1.0,286.0,316.0,1.0,SRC_GML_MID
MID4144,4144.0,1997.0,5.0,ECU,PER,ECU;PER,4.0,16.0,0.0,5.0,1.0,160.0,160.0,1.0,SRC_GML_MID
MID4145,4145.0,1994.0,4.0,NIC,COL,COL;NIC,4.0,15.0,0.0,8.0,3.0,1.0,30.0,0.0,SRC_GML_MID
MID4146,4146.0,1995.0,3.0,CRI,NIC,CRI;NIC,4.0,15.0,0.0,7.0,4.0,1.0,29.0,1.0,SRC_GML_MID
MID4147,4147.0,1998.0,7.0,NIC,CRI,CRI;NIC,4.0,15.0,0.0,5.0,3.0,16.0,46.0,1.0,SRC_GML_MID
MID4148,4148.0,1996.0,3.0,GBR,CHL,CHL;GBR,4.0,15.0,0.0,7.0,4.0,1.0,26.0,0.0,SRC_GML_MID
MID4149,4149.0,1996.0,10.0,VEN,TTO,TTO;VEN,4.0,16.0,0.0,5.0,3.0,1.0,1.0,0.0,SRC_GML_MID
MID4150,4150.0,1997.0,8.0,BLZ,GTM,BLZ;GTM,3.0,12.0,0.0,5.0,3.0,1.0,26.0,1.0,SRC_GML_MID
MID4151,4151.0,2000.0,2.0,GTM,BLZ,BLZ;GTM,4.0,15.0,0.0,5.0,3.0,38.0,67.0,1.0,SRC_GML_MID
MID4152,4152.0,2000.0,12.0,BLZ,GTM,BLZ;GTM,3.0,12.0,0.0,5.0,3.0,137.0,137.0,0.0,SRC_GML_MID
MID4154,4154.0,1997.0,4.0,VEN,TTO,TTO;VEN,4.0,16.0,0.0,6.0,1.0,29.0,58.0,0.0,SRC_GML_MID
MID4155,4155.0,1999.0,8.0,VEN,TTO,TTO;VEN,4.0,15.0,0.0,5.0,3.0,4.0,4.0,0.0,SRC_GML_MID
MID4156,4156.0,2000.0,6.0,SUR,GUY,GUY;SUR,3.0,12.0,0.0,5.0,3.0,91.0,120.0,1.0,SRC_GML_MID
MID4158,4158.0,1995.0,3.0,TUR,IRQ,IRQ;TUR,4.0,14.0,0.0,5.0,3.0,113.0,113.0,0.0,SRC_GML_MID
MID4159,4159.0,1995.0,9.0,IRN,AFG,AFG;IRN,3.0,11.0,0.0,5.0,3.0,1.0,1.0,0.0,SRC_GML_MID
MID4160,4160.0,1998.0,8.0,AFG,IRN,AFG;IRN,4.0,17.0,1.0,7.0,3.0,86.0,115.0,1.0,SRC_GML_MID
MID4161,4161.0,1999.0,5.0,IRN,AFG,AFG;IRN,4.0,16.0,0.0,5.0,3.0,1.0,1.0,0.0,SRC_GML_MID
MID4162,4162.0,1994.0,9.0,ZAF,LSO,LSO;ZAF,3.0,11.0,0.0,4.0,2.0,8.0,8.0,1.0,SRC_GML_MID
MID4164,4164.0,1994.0,2.0,LBY,TCD,LBY;TCD,3.0,7.0,0.0,5.0,3.0,107.0,107.0,0.0,SRC_GML_MID
MID4165,4165.0,1995.0,6.0,CMR,NGA,CMR;NGA,4.0,17.0,1.0,5.0,3.0,2.0,2.0,1.0,SRC_GML_MID
MID4166,4166.0,1996.0,2.0,CMR,NGA,CMR;NGA,4.0,17.0,2.0,5.0,3.0,457.0,457.0,1.0,SRC_GML_MID
MID4168,4168.0,1995.0,5.0,AGO,COG,AGO;COG,4.0,17.0,1.0,5.0,3.0,1.0,1.0,1.0,SRC_GML_MID
MID4169,4169.0,1994.0,1.0,SWZ,MOZ,MOZ;SWZ,3.0,12.0,0.0,5.0,3.0,1.0,1.0,0.0,SRC_GML_MID
MID4170,4170.0,1996.0,11.0,COD,UGA,COD;UGA,4.0,16.0,0.0,4.0,3.0,24.0,24.0,1.0,SRC_GML_MID
MID4171,4171.0,1997.0,1.0,NIC,HND,HND;NIC,4.0,16.0,0.0,5.0,3.0,205.0,235.0,1.0,SRC_GML_MID
MID4172,4172.0,1997.0,2.0,VEN,COL,COL;VEN,4.0,16.0,0.0,6.0,1.0,20.0,20.0,0.0,SRC_GML_MID
MID4173,4173.0,1996.0,7.0,TUR,RUS,RUS;TUR,4.0,16.0,0.0,5.0,3.0,1.0,1.0,0.0,SRC_GML_MID
MID4174,4174.0,1997.0,8.0,USA,RUS,RUS;USA,4.0,15.0,0.0,7.0,3.0,4.0,4.0,0.0,SRC_GML_MID
MID4175,4175.0,1998.0,2.0,ARM,AZE,ARM;AZE,4.0,17.0,2.0,5.0,3.0,596.0,596.0,1.0,SRC_GML_MID
MID4176,4176.0,1997.0,5.0,KGZ;RUS;TJK;UZB,AFG,AFG;KGZ;RUS;TJK;UZB,3.0,11.0,0.0,5.0,3.0,1.0,1.0,0.0,SRC_GML_MID
MID4177,4177.0,1999.0,10.0,UZB,KGZ,KGZ;UZB,4.0,14.0,0.0,5.0,3.0,1.0,3.0,0.0,SRC_GML_MID
MID4179,4179.0,1999.0,8.0,UZB,TJK,TJK;UZB,4.0,16.0,0.0,5.0,3.0,50.0,50.0,0.0,SRC_GML_MID
MID4180,4180.0,1999.0,5.0,CHN,JPN,CHN;JPN,3.0,7.0,0.0,5.0,3.0,63.0,63.0,0.0,SRC_GML_MID
MID4182,4182.0,1993.0,4.0,ISR,LBN;SYR,ISR;LBN,4.0,17.0,3.0,6.0,1.0,4904.0,4904.0,1.0,SRC_GML_MID
MID4183,4183.0,1997.0,5.0,CAN,USA,CAN;USA,4.0,15.0,0.0,4.0,1.0,4.0,4.0,0.0,SRC_GML_MID
MID4186,4186.0,2000.0,3.0,ARG;ITA;NLD;POL;ROU;USA,SRB,ARG;ITA;NLD;POL;ROU;SRB;USA,3.0,7.0,0.0,3.0,4.0,8.0,8.0,0.0,SRC_GML_MID
MID4187,4187.0,1998.0,6.0,DJI,ERI,DJI;ERI,3.0,11.0,0.0,5.0,3.0,155.0,214.0,1.0,SRC_GML_MID
MID4188,4188.0,1999.0,1.0,ETH,KEN,ETH;KEN,4.0,17.0,1.0,6.0,1.0,145.0,145.0,1.0,SRC_GML_MID
MID4189,4189.0,1998.0,7.0,ECU,PER,ECU;PER,4.0,14.0,0.0,6.0,1.0,88.0,118.0,1.0,SRC_GML_MID
MID4190,4190.0,1996.0,6.0,SYR,TUR;USA,SYR;TUR;USA,3.0,11.0,0.0,5.0,3.0,1.0,30.0,1.0,SRC_GML_MID
MID4191,4191.0,1996.0,6.0,TUR,IRN,IRN;TUR,4.0,16.0,0.0,5.0,3.0,1.0,1.0,0.0,SRC_GML_MID
MID4192,4192.0,1996.0,7.0,IRN,IRQ,IRN;IRQ,4.0,16.0,0.0,5.0,3.0,159.0,189.0,1.0,SRC_GML_MID
MID4193,4193.0,1997.0,10.0,GRC,TUR,GRC;TUR,4.0,17.0,0.0,5.0,3.0,293.0,293.0,1.0,SRC_GML_MID
MID4196,4196.0,1996.0,2.0,CUB,USA,CUB;USA,4.0,16.0,0.0,5.0,3.0,1.0,1.0,0.0,SRC_GML_MID
MID4197,4197.0,2000.0,11.0,RUS,CAN;USA,CAN;RUS;USA,3.0,8.0,0.0,5.0,4.0,33.0,92.0,1.0,SRC_GML_MID
MID4200,4200.0,1999.0,8.0,ERI,YEM,ERI;YEM,4.0,15.0,0.0,8.0,4.0,1.0,1.0,0.0,SRC_GML_MID
MID4201,4201.0,1999.0,9.0,RUS;UZB,AFG,AFG;RUS,4.0,17.0,1.0,5.0,3.0,553.0,553.0,1.0,SRC_GML_MID
MID4203,4203.0,1997.0,6.0,SAU,YEM,SAU;YEM,4.0,17.0,1.0,8.0,1.0,401.0,430.0,1.0,SRC_GML_MID
MID4205,4205.0,1997.0,9.0,IRN,IRQ,IRN;IRQ,4.0,16.0,0.0,5.0,3.0,41.0,41.0,1.0,SRC_GML_MID
MID4206,4206.0,1996.0,9.0,TUR,IRQ,IRQ;TUR,4.0,16.0,0.0,5.0,3.0,896.0,896.0,0.0,SRC_GML_MID
MID4208,4208.0,1999.0,9.0,TUR,IRQ,IRQ;TUR,4.0,14.0,0.0,5.0,3.0,3.0,33.0,0.0,SRC_GML_MID
MID4210,4210.0,2000.0,2.0,TUR,GRC,GRC;TUR,3.0,7.0,0.0,5.0,3.0,358.0,358.0,1.0,SRC_GML_MID
MID4212,4212.0,1999.0,11.0,RUS,GEO,GEO;RUS,3.0,12.0,0.0,5.0,3.0,484.0,484.0,1.0,SRC_GML_MID
MID4213,4213.0,2000.0,2.0,USA,RUS,RUS;USA,4.0,15.0,0.0,7.0,2.0,85.0,85.0,0.0,SRC_GML_MID
MID4214,4214.0,2000.0,11.0,GNQ,LTU,GNQ;LTU,4.0,15.0,0.0,7.0,1.0,41.0,41.0,0.0,SRC_GML_MID
MID4215,4215.0,1999.0,1.0,KWT,IRQ,IRQ;KWT,3.0,8.0,0.0,5.0,3.0,4.0,4.0,0.0,SRC_GML_MID
MID4216,4216.0,1997.0,10.0,USA,IRN,IRN;USA,3.0,7.0,0.0,4.0,3.0,1.0,1.0,0.0,SRC_GML_MID
MID4217,4217.0,1998.0,8.0,USA,SDN,SDN;USA,4.0,16.0,0.0,5.0,3.0,1.0,1.0,0.0,SRC_GML_MID
MID4218,4218.0,2000.0,3.0,PRK,KOR;USA,KOR;PRK;USA,2.0,1.0,0.0,5.0,3.0,1.0,1.0,0.0,SRC_GML_MID
MID4219,4219.0,1994.0,1.0,VEN,COL,COL;VEN,4.0,15.0,0.0,7.0,3.0,3.0,3.0,0.0,SRC_GML_MID
MID4220,4220.0,2000.0,10.0,RUS,USA,RUS;USA,3.0,7.0,0.0,5.0,3.0,24.0,24.0,1.0,SRC_GML_MID
MID4221,4221.0,2000.0,6.0,TUR,ARM;RUS,RUS;TUR,4.0,17.0,1.0,5.0,3.0,86.0,86.0,1.0,SRC_GML_MID
MID4222,4222.0,2000.0,4.0,RUS,JPN,JPN;RUS,4.0,16.0,0.0,5.0,3.0,1.0,1.0,0.0,SRC_GML_MID
MID4223,4223.0,1999.0,7.0,IND,PAK,IND;PAK,4.0,17.0,2.0,5.0,3.0,469.0,469.0,1.0,SRC_GML_MID
MID4224,4224.0,1993.0,11.0,TUR,SRB,SRB;TUR,2.0,1.0,0.0,5.0,3.0,1.0,1.0,0.0,SRC_GML_MID
MID4225,4225.0,1999.0,3.0,PRK,JPN,JPN;PRK,3.0,12.0,0.0,5.0,3.0,4.0,4.0,1.0,SRC_GML_MID
MID4226,4226.0,1997.0,9.0,PRK,JPN,JPN;PRK,3.0,7.0,0.0,5.0,3.0,1.0,30.0,0.0,SRC_GML_MID
MID4227,4227.0,1998.0,8.0,USA,AFG,AFG;USA,4.0,16.0,2.0,5.0,3.0,1.0,1.0,0.0,SRC_GML_MID
MID4228,4228.0,1998.0,8.0,RUS;TJK;UZB,AFG,AFG;RUS;TJK,3.0,11.0,0.0,5.0,3.0,1.0,21.0,0.0,SRC_GML_MID
MID4229,4229.0,2000.0,8.0,ALB,SRB,ALB;SRB,3.0,11.0,0.0,5.0,3.0,1.0,1.0,0.0,SRC_GML_MID
MID4230,4230.0,1997.0,6.0,HRV,SRB,HRV;SRB,3.0,8.0,0.0,5.0,3.0,3.0,3.0,0.0,SRC_GML_MID
MID4231,4231.0,1996.0,8.0,HRV,BIH,BIH;HRV,4.0,15.0,0.0,7.0,2.0,70.0,70.0,0.0,SRC_GML_MID
MID4232,4232.0,2000.0,4.0,ARM,AZE,ARM;AZE,4.0,16.0,0.0,5.0,3.0,25.0,25.0,0.0,SRC_GML_MID
MID4235,4235.0,2001.0,2.0,ARM,AZE,ARM;AZE,4.0,16.0,0.0,5.0,3.0,1.0,1.0,0.0,SRC_GML_MID
MID4236,4236.0,2001.0,12.0,AZE,ARM,ARM;AZE,2.0,4.0,0.0,5.0,3.0,1.0,1.0,0.0,SRC_GML_MID
MID4237,4237.0,1994.0,12.0,LSO,ZAF,LSO;ZAF,3.0,11.0,0.0,8.0,3.0,1.0,1.0,0.0,SRC_GML_MID
MID4238,4238.0,2001.0,2.0,RUS,NOR,NOR;RUS,3.0,7.0,0.0,5.0,3.0,6.0,6.0,1.0,SRC_GML_MID
MID4239,4239.0,2001.0,2.0,RUS,JPN,JPN;RUS,3.0,7.0,0.0,5.0,3.0,57.0,57.0,1.0,SRC_GML_MID
MID4240,4240.0,2001.0,8.0,BLR,LTU,BLR;LTU,3.0,7.0,0.0,5.0,3.0,3.0,32.0,0.0,SRC_GML_MID
MID4242,4242.0,2001.0,10.0,RUS,GEO,GEO;RUS,4.0,16.0,0.0,5.0,3.0,1490.0,1490.0,1.0,SRC_GML_MID
MID4243,4243.0,2000.0,7.0,PLW,PHL,PHL;PLW,4.0,16.0,0.0,5.0,3.0,1.0,1.0,0.0,SRC_GML_MID
MID4244,4244.0,1997.0,5.0,AGO,COD,AGO;COD,3.0,11.0,0.0,5.0,3.0,1.0,24.0,0.0,SRC_GML_MID
MID4245,4245.0,1997.0,10.0,COD,COG,COD;COG,4.0,16.0,0.0,5.0,3.0,1.0,1.0,0.0,SRC_GML_MID
MID4246,4246.0,1997.0,10.0,AGO,COG,AGO;COG,4.0,16.0,-9.0,1.0,2.0,5.0,5.0,1.0,SRC_GML_MID
MID4248,4248.0,1998.0,9.0,SDN,UGA,SDN;UGA,4.0,16.0,0.0,5.0,3.0,186.0,215.0,1.0,SRC_GML_MID
MID4249,4249.0,1997.0,2.0,KEN,UGA,KEN;UGA,3.0,11.0,0.0,5.0,3.0,1.0,13.0,0.0,SRC_GML_MID
MID4250,4250.0,1998.0,3.0,CMR,NGA,CMR;NGA,4.0,17.0,-9.0,5.0,3.0,195.0,195.0,1.0,SRC_GML_MID
MID4251,4251.0,1997.0,5.0,GHA;GIN;NGA,SLE,GHA;GIN;NGA;SLE,4.0,17.0,3.0,1.0,2.0,288.0,288.0,1.0,SRC_GML_MID
MID4252,4252.0,1999.0,8.0,UGA,RWA,RWA;UGA,4.0,17.0,5.0,5.0,1.0,5.0,5.0,1.0,SRC_GML_MID
MID4253,4253.0,2000.0,5.0,UGA,RWA,RWA;UGA,4.0,17.0,3.0,5.0,1.0,38.0,38.0,1.0,SRC_GML_MID
MID4254,4254.0,1998.0,9.0,USA,LBR,LBR;USA,3.0,7.0,0.0,8.0,4.0,33.0,91.0,0.0,SRC_GML_MID
MID4255,4255.0,1998.0,2.0,NGA,LBR,LBR;NGA,3.0,12.0,0.0,8.0,3.0,1.0,28.0,0.0,SRC_GML_MID
MID4256,4256.0,1999.0,4.0,NGA;SLE,LBR,LBR;NGA;SLE,3.0,11.0,0.0,8.0,3.0,1.0,22.0,1.0,SRC_GML_MID
MID4257,4257.0,2000.0,7.0,LBR,GIN,GIN;LBR,4.0,16.0,1.0,5.0,1.0,299.0,329.0,1.0,SRC_GML_MID
MID4258,4258.0,1998.0,5.0,ERI,ETH,ERI;ETH,5.0,20.0,6.0,6.0,1.0,775.0,775.0,1.0,SRC_GML_MID
MID4259,4259.0,2001.0,2.0,HND,NIC,HND;NIC,3.0,11.0,0.0,6.0,1.0,17.0,44.0,0.0,SRC_GML_MID
MID4260,4260.0,1999.0,10.0,VEN,GUY,GUY;VEN,3.0,12.0,0.0,5.0,3.0,7.0,7.0,1.0,SRC_GML_MID
MID4261,4261.0,2000.0,10.0,USA,VEN,USA;VEN,3.0,12.0,0.0,5.0,3.0,10.0,10.0,0.0,SRC_GML_MID
MID4262,4262.0,2000.0,10.0,VEN,COL,COL;VEN,4.0,16.0,0.0,5.0,3.0,42.0,42.0,0.0,SRC_GML_MID
MID4263,4263.0,2001.0,10.0,COL,NIC,COL;NIC,4.0,15.0,0.0,7.0,1.0,9.0,38.0,0.0,SRC_GML_MID
MID4266,4266.0,2001.0,12.0,JPN,PRK,JPN;PRK,4.0,17.0,1.0,5.0,3.0,1.0,1.0,1.0,SRC_GML_MID
MID4269,4269.0,1994.0,8.0,ARE;BHR;FRA;GBR;KWT;OMN;USA,IRQ,IRQ;KWT;USA,3.0,11.0,0.0,5.0,3.0,396.0,425.0,1.0,SRC_GML_MID
MID4271,4271.0,1996.0,8.0,GBR;KWT;USA,IRQ,IRQ;USA,4.0,16.0,1.0,4.0,3.0,67.0,67.0,1.0,SRC_GML_MID
MID4272,4272.0,1996.0,10.0,KWT,IRQ,IRQ;KWT,4.0,17.0,0.0,5.0,3.0,330.0,360.0,1.0,SRC_GML_MID
MID4273,4273.0,1997.0,10.0,ARE;AUS;BHR;DEU;EGY;FRA;GBR;GRC;ISR;ITA;JOR;KWT;NLD;OMN;POL;QAT;SAU;TUR;USA,IRQ,IRQ;USA,5.0,20.0,6.0,1.0,2.0,2034.0,2034.0,1.0,SRC_GML_MID
MID4275,4275.0,2000.0,8.0,KWT,IRQ,IRQ;KWT,3.0,10.0,0.0,5.0,3.0,1.0,1.0,0.0,SRC_GML_MID
MID4277,4277.0,2001.0,7.0,PAK,IND,IND;PAK,4.0,17.0,2.0,3.0,1.0,863.0,863.0,1.0,SRC_GML_MID
MID4278,4278.0,2001.0,4.0,CHN,AUS,AUS;CHN,3.0,7.0,0.0,5.0,3.0,1.0,1.0,0.0,SRC_GML_MID
MID4279,4279.0,2001.0,5.0,CHN,PHL,CHN;PHL,3.0,7.0,0.0,5.0,3.0,1.0,31.0,0.0,SRC_GML_MID
MID4280,4280.0,2001.0,3.0,CHN,USA,CHN;USA,4.0,16.0,1.0,7.0,1.0,103.0,103.0,1.0,SRC_GML_MID
MID4281,4281.0,2001.0,3.0,CHN,TWN;USA,CHN;TWN,3.0,7.0,0.0,5.0,3.0,128.0,158.0,1.0,SRC_GML_MID
MID4282,4282.0,2001.0,6.0,PRK,KOR,KOR;PRK,4.0,17.0,2.0,5.0,3.0,1258.0,1258.0,1.0,SRC_GML_MID
MID4283,4283.0,2001.0,9.0,AUS;CAN;DEU;ESP;FRA;GBR;GRC;NLD;PAK;PRT;RUS;TJK;TUR;USA;UZB,AFG,AFG;FRA;GBR;RUS;USA,5.0,20.0,6.0,1.0,3.0,62.0,62.0,1.0,SRC_GML_MID
MID4284,4284.0,2001.0,12.0,CAF,TCD,CAF;TCD,3.0,7.0,0.0,5.0,4.0,1.0,1.0,0.0,SRC_GML_MID
MID4285,4285.0,1994.0,3.0,ARM,IRN,ARM;IRN,4.0,16.0,1.0,5.0,3.0,1.0,1.0,0.0,SRC_GML_MID
MID4286,4286.0,1993.0,3.0,SDN,EGY,EGY;SDN,4.0,15.0,0.0,5.0,3.0,1.0,22.0,0.0,SRC_GML_MID
MID4287,4287.0,1994.0,5.0,SDN,EGY,EGY;SDN,4.0,15.0,0.0,5.0,3.0,1.0,13.0,0.0,SRC_GML_MID
MID4288,4288.0,1996.0,3.0,EGY,SDN,EGY;SDN,4.0,16.0,1.0,5.0,3.0,1.0,31.0,0.0,SRC_GML_MID
MID4289,4289.0,1999.0,7.0,TUR,IRN,IRN;TUR,4.0,16.0,0.0,5.0,3.0,1.0,1.0,0.0,SRC_GML_MID
MID4290,4290.0,2001.0,8.0,TUR,IRN,IRN;TUR,3.0,7.0,0.0,5.0,3.0,2.0,2.0,0.0,SRC_GML_MID
MID4291,4291.0,1998.0,10.0,TUR,SYR,SYR;TUR,3.0,7.0,0.0,1.0,1.0,20.0,20.0,0.0,SRC_GML_MID
MID4292,4292.0,1999.0,6.0,IRN,IRQ,IRN;IRQ,4.0,16.0,0.0,5.0,3.0,1.0,1.0,0.0,SRC_GML_MID
MID4293,4293.0,1995.0,6.0,QAT,SAU,QAT;SAU,3.0,8.0,0.0,5.0,3.0,2.0,2.0,0.0,SRC_GML_MID
MID4295,4295.0,2000.0,8.0,SRB,CAN;GBR,CAN;GBR;SRB,4.0,15.0,0.0,7.0,1.0,67.0,67.0,0.0,SRC_GML_MID
MID4296,4296.0,2001.0,8.0,AUS,NOR,AUS;NOR,4.0,15.0,0.0,5.0,3.0,1.0,1.0,0.0,SRC_GML_MID
MID4297,4297.0,1996.0,10.0,RUS,JPN,JPN;RUS,4.0,15.0,0.0,4.0,1.0,51.0,51.0,0.0,SRC_GML_MID
MID4298,4298.0,2000.0,8.0,SRB,HRV;USA,HRV;SRB,4.0,15.0,0.0,5.0,3.0,56.0,56.0,1.0,SRC_GML_MID
MID4299,4299.0,1993.0,6.0,USA,IRQ,IRQ;USA,4.0,16.0,1.0,5.0,3.0,3.0,3.0,0.0,SRC_GML_MID
MID4300,4300.0,2001.0,1.0,GIN,SLE,GIN;SLE,4.0,16.0,0.0,5.0,3.0,130.0,130.0,1.0,SRC_GML_MID
MID4301,4301.0,2001.0,5.0,SLE,LBR,LBR;SLE,4.0,15.0,0.0,7.0,4.0,1.0,31.0,0.0,SRC_GML_MID
MID4302,4302.0,1999.0,8.0,GIN,LBR,GIN;LBR,3.0,8.0,0.0,6.0,1.0,36.0,36.0,0.0,SRC_GML_MID
MID4303,4303.0,2001.0,1.0,AGO,ZMB,AGO;ZMB,4.0,16.0,1.0,8.0,4.0,319.0,319.0,1.0,SRC_GML_MID
MID4304,4304.0,1997.0,12.0,SDN,UGA,SDN;UGA,3.0,7.0,0.0,5.0,3.0,1.0,1.0,0.0,SRC_GML_MID
MID4305,4305.0,2001.0,10.0,UGA,SDN,SDN;UGA,3.0,8.0,0.0,5.0,3.0,1.0,1.0,0.0,SRC_GML_MID
MID4306,4306.0,2001.0,3.0,CAF,CMR,CAF;CMR,4.0,14.0,0.0,5.0,3.0,6.0,6.0,0.0,SRC_GML_MID
MID4307,4307.0,1994.0,4.0,COD,ZMB,COD;ZMB,4.0,14.0,0.0,3.0,4.0,141.0,170.0,0.0,SRC_GML_MID
MID4308,4308.0,1993.0,2.0,NER,MLI,MLI;NER,4.0,17.0,1.0,5.0,3.0,1.0,1.0,1.0,SRC_GML_MID
MID4309,4309.0,1996.0,3.0,GIN,CIV,CIV;GIN,4.0,14.0,0.0,5.0,3.0,185.0,185.0,0.0,SRC_GML_MID
MID4310,4310.0,2001.0,3.0,UGA,RWA,RWA;UGA,3.0,11.0,0.0,5.0,3.0,1.0,1.0,0.0,SRC_GML_MID
MID4312,4312.0,2000.0,4.0,NER,BEN,BEN;NER,4.0,14.0,0.0,5.0,3.0,3.0,3.0,0.0,SRC_GML_MID
MID4313,4313.0,2001.0,4.0,IND,BGD,BGD;IND,3.0,11.0,0.0,5.0,1.0,2.0,2.0,0.0,SRC_GML_MID
MID4314,4314.0,2001.0,2.0,MMR,THA,MMR;THA,4.0,17.0,2.0,5.0,1.0,79.0,79.0,1.0,SRC_GML_MID
MID4315,4315.0,1997.0,5.0,SYR,TUR,SYR;TUR,3.0,11.0,0.0,5.0,3.0,1.0,12.0,0.0,SRC_GML_MID
MID4317,4317.0,2001.0,7.0,IRN,AZE,AZE;IRN,3.0,12.0,0.0,8.0,4.0,132.0,162.0,1.0,SRC_GML_MID
MID4318,4318.0,1995.0,3.0,ARM,AZE,ARM;AZE,4.0,17.0,2.0,5.0,3.0,353.0,353.0,1.0,SRC_GML_MID
MID4319,4319.0,1996.0,12.0,ARM,AZE,ARM;AZE,4.0,17.0,2.0,5.0,3.0,151.0,151.0,1.0,SRC_GML_MID
MID4320,4320.0,2001.0,12.0,GRC,TUR,GRC;TUR,3.0,7.0,0.0,5.0,3.0,503.0,503.0,1.0,SRC_GML_MID
MID4321,4321.0,1998.0,7.0,NOR,RUS,NOR;RUS,4.0,15.0,0.0,7.0,4.0,6.0,6.0,0.0,SRC_GML_MID
MID4322,4322.0,1999.0,8.0,JPN,PRK,JPN;PRK,3.0,8.0,0.0,5.0,3.0,4.0,4.0,0.0,SRC_GML_MID
MID4323,4323.0,1997.0,3.0,TUR,GRC,GRC;TUR,3.0,7.0,0.0,5.0,3.0,18.0,18.0,0.0,SRC_GML_MID
MID4324,4324.0,2000.0,7.0,TUR,IRQ,IRQ;TUR,4.0,16.0,0.0,5.0,3.0,161.0,191.0,0.0,SRC_GML_MID
MID4325,4325.0,2001.0,8.0,TUR,IRQ,IRQ;TUR,4.0,16.0,1.0,5.0,3.0,575.0,575.0,0.0,SRC_GML_MID
MID4328,4328.0,1998.0,9.0,VNM,CHN,CHN;VNM,3.0,7.0,0.0,5.0,3.0,1.0,30.0,0.0,SRC_GML_MID
MID4329,4329.0,1998.0,8.0,PHL,VNM,PHL;VNM,3.0,7.0,0.0,5.0,3.0,1.0,31.0,0.0,SRC_GML_MID
MID4330,4330.0,1999.0,10.0,VNM,PHL,PHL;VNM,4.0,16.0,0.0,5.0,3.0,1.0,1.0,0.0,SRC_GML_MID
MID4331,4331.0,1994.0,4.0,TWN,VNM,TWN;VNM,3.0,7.0,0.0,5.0,3.0,13.0,13.0,0.0,SRC_GML_MID
MID4332,4332.0,1994.0,2.0,HUN,SRB,HUN;SRB,3.0,8.0,0.0,5.0,3.0,1.0,1.0,0.0,SRC_GML_MID
MID4333,4333.0,1994.0,1.0,HRV;SRB,BIH,BIH;HRV;SRB,3.0,7.0,0.0,5.0,3.0,1.0,31.0,0.0,SRC_GML_MID
MID4334,4334.0,1999.0,6.0,GBR,RUS,GBR;RUS,3.0,8.0,0.0,3.0,4.0,1.0,1.0,0.0,SRC_GML_MID
MID4335,4335.0,1999.0,6.0,RUS,ISL;NOR;USA,ISL;NOR;RUS;USA,3.0,7.0,0.0,5.0,3.0,1.0,1.0,1.0,SRC_GML_MID
MID4337,4337.0,1997.0,5.0,IRN,TUR,IRN;TUR,3.0,11.0,0.0,8.0,4.0,1.0,12.0,0.0,SRC_GML_MID
MID4338,4338.0,1999.0,3.0,AZE,RUS,AZE;RUS,4.0,15.0,0.0,7.0,3.0,32.0,32.0,0.0,SRC_GML_MID
MID4339,4339.0,1998.0,8.0,AGO;COD;NAM;TCD;ZWE,RWA;UGA,COD;RWA,5.0,21.0,6.0,5.0,1.0,1037.0,1037.0,1.0,SRC_GML_MID
MID4340,4340.0,1993.0,1.0,SRB,HRV,HRV;SRB,4.0,16.0,1.0,5.0,4.0,28.0,28.0,1.0,SRC_GML_MID
MID4341,4341.0,1993.0,6.0,HRV,BIH,BIH;HRV,4.0,17.0,4.0,6.0,1.0,270.0,270.0,1.0,SRC_GML_MID
MID4342,4342.0,1999.0,4.0,RUS,BEL;CAN;DEU;DNK;ESP;FRA;GBR;ITA;NLD;NOR;PRT;TUR;USA,BEL;CAN;DEU;DNK;ESP;FRA;GBR;ITA;NLD;NOR;PRT;RUS;TUR;USA,3.0,8.0,0.0,5.0,4.0,12.0,12.0,0.0,SRC_GML_MID
MID4343,4343.0,2000.0,11.0,SRB,ARE;ARG;AUT;AZE;BEL;BGR;CAN;CHE;CZE;DEU;DNK;ESP;EST;FIN;FRA;GBR;GEO;GRC;HUN;IRL;ISL;ITA;JOR;LTU;LUX;MAR;NLD;NOR;POL;PRT;RUS;SVK;SVN;SWE;TUR;UKR;USA,ARE;ARG;AUT;AZE;BEL;BGR;CAN;CHE;CZE;DEU;DNK;ESP;EST;FIN;FRA;GBR;GEO;GRC;HUN;IRL;ISL;ITA;JOR;LTU;LUX;MAR;NLD;NOR;POL;PRT;RUS;SRB;SVK;SVN;SWE;TUR;UKR;USA,3.0,7.0,0.0,4.0,4.0,5.0,5.0,0.0,SRC_GML_MID
MID4345,4345.0,2002.0,1.0,ETH,SOM,ETH;SOM,4.0,16.0,0.0,5.0,3.0,355.0,355.0,0.0,SRC_GML_MID
MID4346,4346.0,2002.0,1.0,ETH,KEN,ETH;KEN,4.0,14.0,0.0,3.0,3.0,13.0,13.0,0.0,SRC_GML_MID
MID4347,4347.0,2002.0,3.0,RWA,COD,COD;RWA,4.0,16.0,0.0,5.0,3.0,145.0,145.0,0.0,SRC_GML_MID
MID4348,4348.0,2002.0,1.0,SLE,LBR,LBR;SLE,4.0,15.0,0.0,8.0,-9.0,131.0,131.0,1.0,SRC_GML_MID
MID4349,4349.0,2002.0,3.0,SDN,ERI,ERI;SDN,4.0,17.0,4.0,5.0,3.0,214.0,214.0,1.0,SRC_GML_MID
MID4350,4350.0,2002.0,7.0,UGA,KEN,KEN;UGA,4.0,16.0,0.0,5.0,3.0,1.0,1.0,0.0,SRC_GML_MID
MID4351,4351.0,2002.0,7.0,SEN,GMB,GMB;SEN,3.0,11.0,0.0,5.0,3.0,1.0,1.0,0.0,SRC_GML_MID
MID4352,4352.0,2002.0,7.0,MAR,ESP,ESP;MAR,4.0,14.0,0.0,2.0,2.0,8.0,8.0,1.0,SRC_GML_MID
MID4355,4355.0,2002.0,9.0,ETH,ERI,ERI;ETH,4.0,15.0,0.0,5.0,3.0,4.0,4.0,0.0,SRC_GML_MID
MID4356,4356.0,2002.0,8.0,RWA,COD;UGA,COD;RWA,4.0,14.0,0.0,5.0,3.0,232.0,262.0,1.0,SRC_GML_MID
MID4357,4357.0,2002.0,10.0,AGO,COD,AGO;COD,4.0,16.0,0.0,5.0,3.0,1.0,1.0,0.0,SRC_GML_MID
MID4358,4358.0,2002.0,12.0,LBR,CIV,CIV;LBR,4.0,16.0,0.0,5.0,3.0,40.0,40.0,0.0,SRC_GML_MID
MID4359,4359.0,2002.0,12.0,LBY,COD,COD;LBY,4.0,14.0,0.0,5.0,3.0,1.0,20.0,0.0,SRC_GML_MID
MID4360,4360.0,2003.0,7.0,SDN,RUS,RUS;SDN,4.0,15.0,0.0,7.0,3.0,6.0,6.0,0.0,SRC_GML_MID
MID4361,4361.0,2003.0,10.0,DZA,MLI,DZA;MLI,3.0,7.0,0.0,5.0,3.0,1.0,1.0,0.0,SRC_GML_MID
MID4362,4362.0,2003.0,11.0,ETH,ERI,ERI;ETH,4.0,17.0,1.0,5.0,3.0,27.0,27.0,1.0,SRC_GML_MID
MID4363,4363.0,2003.0,11.0,ETH,KEN,ETH;KEN,4.0,16.0,0.0,5.0,3.0,1.0,1.0,0.0,SRC_GML_MID
MID4364,4364.0,2003.0,12.0,MLI,MRT,MLI;MRT,3.0,8.0,0.0,5.0,3.0,1.0,1.0,0.0,SRC_GML_MID
MID4365,4365.0,2004.0,4.0,RWA,BDI,BDI;RWA,3.0,11.0,0.0,5.0,3.0,1.0,1.0,0.0,SRC_GML_MID
MID4366,4366.0,2004.0,4.0,BDI;RWA,COD,COD;RWA,4.0,14.0,0.0,5.0,3.0,232.0,261.0,1.0,SRC_GML_MID
MID4367,4367.0,2004.0,4.0,SDN,FRA;TCD,SDN;TCD,4.0,17.0,1.0,5.0,3.0,93.0,93.0,1.0,SRC_GML_MID
MID4369,4369.0,2004.0,7.0,KEN,ETH,ETH;KEN,3.0,11.0,0.0,5.0,3.0,1.0,1.0,0.0,SRC_GML_MID
MID4370,4370.0,2004.0,10.0,ERI,SDN,ERI;SDN,4.0,14.0,0.0,5.0,3.0,183.0,183.0,0.0,SRC_GML_MID
MID4371,4371.0,2004.0,11.0,CIV,FRA,CIV;FRA,4.0,17.0,1.0,5.0,3.0,1.0,1.0,1.0,SRC_GML_MID
MID4372,4372.0,2004.0,12.0,UGA,RWA,RWA;UGA,4.0,17.0,1.0,5.0,3.0,3.0,3.0,1.0,SRC_GML_MID
MID4373,4373.0,2005.0,1.0,KEN,SOM,KEN;SOM,3.0,11.0,0.0,5.0,3.0,73.0,73.0,0.0,SRC_GML_MID
MID4374,4374.0,2005.0,1.0,ETH,KEN,ETH;KEN,4.0,16.0,1.0,5.0,3.0,49.0,49.0,1.0,SRC_GML_MID
MID4375,4375.0,2005.0,2.0,ETH,ERI,ERI;ETH,3.0,11.0,0.0,5.0,3.0,36.0,36.0,1.0,SRC_GML_MID
MID4376,4376.0,2005.0,3.0,ETH,SOM,ETH;SOM,3.0,11.0,0.0,5.0,3.0,1.0,1.0,0.0,SRC_GML_MID
MID4377,4377.0,2005.0,3.0,AGO,COD,AGO;COD,3.0,11.0,0.0,5.0,3.0,1.0,1.0,0.0,SRC_GML_MID
MID4378,4378.0,2005.0,4.0,TGO,GHA,GHA;TGO,4.0,16.0,0.0,5.0,3.0,1.0,1.0,0.0,SRC_GML_MID
MID4379,4379.0,2005.0,6.0,ERI,YEM,ERI;YEM,4.0,16.0,0.0,5.0,3.0,1.0,1.0,0.0,SRC_GML_MID
MID4380,4380.0,2005.0,6.0,CMR,NGA,CMR;NGA,4.0,16.0,1.0,5.0,3.0,1.0,1.0,0.0,SRC_GML_MID
MID4381,4381.0,2005.0,9.0,UGA,COD,COD;UGA,2.0,3.0,0.0,5.0,3.0,1.0,1.0,0.0,SRC_GML_MID
MID4383,4383.0,2005.0,10.0,ETH,ERI,ERI;ETH,3.0,11.0,0.0,5.0,3.0,1.0,1.0,1.0,SRC_GML_MID
MID4384,4384.0,2005.0,11.0,TCD,SDN,SDN;TCD,4.0,15.0,0.0,5.0,3.0,105.0,105.0,0.0,SRC_GML_MID
MID4385,4385.0,2006.0,4.0,ETH,KEN,ETH;KEN,4.0,17.0,1.0,5.0,3.0,4.0,4.0,1.0,SRC_GML_MID
MID4386,4386.0,2006.0,4.0,UGA,COD,COD;UGA,4.0,17.0,1.0,5.0,3.0,1.0,1.0,1.0,SRC_GML_MID
MID4387,4387.0,2006.0,6.0,ETH,SOM,ETH;SOM,4.0,14.0,0.0,5.0,3.0,219.0,219.0,0.0,SRC_GML_MID
MID4388,4388.0,2006.0,8.0,RWA,BDI,BDI;RWA,3.0,12.0,0.0,2.0,2.0,1.0,1.0,0.0,SRC_GML_MID
MID4389,4389.0,2006.0,10.0,ERI,ETH,ERI;ETH,3.0,11.0,0.0,5.0,3.0,1.0,1.0,0.0,SRC_GML_MID
MID4390,4390.0,2006.0,10.0,TCD,SDN,SDN;TCD,4.0,17.0,2.0,5.0,3.0,161.0,191.0,1.0,SRC_GML_MID
MID4391,4391.0,2006.0,11.0,KEN,SOM,KEN;SOM,3.0,8.0,0.0,5.0,3.0,1.0,1.0,0.0,SRC_GML_MID
MID4392,4392.0,2007.0,7.0,UGA,COD,COD;UGA,4.0,17.0,1.0,5.0,3.0,145.0,145.0,1.0,SRC_GML_MID
MID4393,4393.0,2007.0,9.0,COD,BDI,BDI;COD,4.0,16.0,0.0,8.0,-9.0,4.0,4.0,1.0,SRC_GML_MID
MID4394,4394.0,2007.0,12.0,ETH,ERI,ERI;ETH,4.0,17.0,0.0,5.0,3.0,1.0,1.0,1.0,SRC_GML_MID
MID4395,4395.0,2007.0,12.0,TCD,SDN,SDN;TCD,4.0,17.0,0.0,5.0,3.0,199.0,199.0,1.0,SRC_GML_MID
MID4396,4396.0,2008.0,2.0,SOM,ETH,ETH;SOM,4.0,17.0,1.0,2.0,2.0,1.0,1.0,1.0,SRC_GML_MID
MID4397,4397.0,2008.0,3.0,USA,SOM,SOM;USA,4.0,16.0,0.0,5.0,3.0,1.0,1.0,0.0,SRC_GML_MID
MID4398,4398.0,2008.0,4.0,ERI,DJI,DJI;ERI,4.0,17.0,1.0,-9.0,-9.0,184.0,184.0,1.0,SRC_GML_MID
MID4399,4399.0,2008.0,5.0,SDN,ETH,ETH;SDN,4.0,16.0,1.0,5.0,3.0,61.0,61.0,1.0,SRC_GML_MID
MID4400,4400.0,2008.0,11.0,KEN,SOM,KEN;SOM,3.0,11.0,0.0,5.0,3.0,1.0,1.0,0.0,SRC_GML_MID
MID4401,4401.0,2008.0,12.0,ETH,SOM,ETH;SOM,4.0,16.0,0.0,5.0,3.0,636.0,665.0,0.0,SRC_GML_MID
MID4402,4402.0,2009.0,2.0,AGO,COD,AGO;COD,4.0,14.0,0.0,-9.0,-9.0,3.0,33.0,0.0,SRC_GML_MID
MID4403,4403.0,2009.0,5.0,TCD,SDN,SDN;TCD,4.0,16.0,0.0,5.0,3.0,62.0,62.0,0.0,SRC_GML_MID
MID4404,4404.0,2009.0,6.0,KEN,SOM,KEN;SOM,3.0,11.0,0.0,5.0,3.0,85.0,85.0,0.0,SRC_GML_MID
MID4405,4405.0,2010.0,1.0,ETH,ERI,ERI;ETH,4.0,17.0,1.0,2.0,2.0,1.0,1.0,1.0,SRC_GML_MID
MID4406,4406.0,2010.0,6.0,RWA,UGA,RWA;UGA,3.0,11.0,0.0,5.0,3.0,1.0,1.0,0.0,SRC_GML_MID
MID4408,4408.0,2010.0,8.0,UGA,KEN,KEN;UGA,4.0,14.0,0.0,8.0,-9.0,125.0,125.0,0.0,SRC_GML_MID
MID4409,4409.0,2002.0,2.0,IRN,AZE,AZE;IRN,3.0,7.0,0.0,5.0,3.0,1.0,1.0,1.0,SRC_GML_MID
MID4412,4412.0,2002.0,7.0,MKD,ALB,ALB;MKD,4.0,16.0,0.0,6.0,1.0,1.0,1.0,0.0,SRC_GML_MID
MID4414,4414.0,2002.0,8.0,ARM,AZE,ARM;AZE,4.0,17.0,2.0,5.0,3.0,3026.0,3026.0,1.0,SRC_GML_MID
MID4416,4416.0,2003.0,2.0,RUS,GEO,GEO;RUS,3.0,7.0,0.0,5.0,3.0,1.0,1.0,0.0,SRC_GML_MID
MID4417,4417.0,2003.0,4.0,DNK,RUS,DNK;RUS,3.0,7.0,0.0,5.0,3.0,1.0,1.0,0.0,SRC_GML_MID
MID4418,4418.0,2003.0,5.0,IRN,AZE,AZE;IRN,3.0,8.0,0.0,5.0,3.0,1.0,1.0,1.0,SRC_GML_MID
MID4419,4419.0,2003.0,7.0,MDA,UKR,MDA;UKR,3.0,11.0,0.0,5.0,3.0,1.0,31.0,0.0,SRC_GML_MID
MID4420,4420.0,2003.0,9.0,RUS,GEO,GEO;RUS,3.0,7.0,0.0,5.0,3.0,1.0,1.0,0.0,SRC_GML_MID
MID4422,4422.0,2004.0,7.0,GEO,RUS,GEO;RUS,4.0,15.0,0.0,5.0,3.0,32.0,32.0,1.0,SRC_GML_MID
MID4423,4423.0,2004.0,10.0,TUR,GRC,GRC;TUR,3.0,7.0,0.0,5.0,3.0,161.0,161.0,1.0,SRC_GML_MID
MID4424,4424.0,2005.0,3.0,RUS,GEO,GEO;RUS,4.0,15.0,0.0,5.0,3.0,558.0,558.0,1.0,SRC_GML_MID
MID4425,4425.0,2005.0,3.0,RUS,UKR,RUS;UKR,3.0,12.0,0.0,5.0,3.0,1.0,1.0,1.0,SRC_GML_MID
MID4426,4426.0,2005.0,3.0,TJK,KGZ,KGZ;TJK,4.0,16.0,0.0,5.0,3.0,76.0,76.0,1.0,SRC_GML_MID
MID4427,4427.0,2005.0,5.0,TJK,UZB,TJK;UZB,3.0,11.0,0.0,5.0,3.0,174.0,174.0,0.0,SRC_GML_MID
MID4428,4428.0,2005.0,5.0,KGZ,UZB,KGZ;UZB,3.0,11.0,0.0,5.0,3.0,1.0,1.0,1.0,SRC_GML_MID
MID4429,4429.0,2005.0,10.0,NOR,RUS,NOR;RUS,4.0,15.0,0.0,8.0,4.0,4.0,4.0,0.0,SRC_GML_MID
MID4430,4430.0,2005.0,12.0,KGZ,UZB,KGZ;UZB,3.0,11.0,0.0,5.0,3.0,1.0,1.0,0.0,SRC_GML_MID
MID4431,4431.0,2006.0,5.0,GRC,TUR,GRC;TUR,3.0,7.0,0.0,5.0,3.0,122.0,122.0,1.0,SRC_GML_MID
MID4432,4432.0,2006.0,6.0,KGZ,UZB,KGZ;UZB,4.0,16.0,0.0,5.0,3.0,89.0,89.0,0.0,SRC_GML_MID
MID4433,4433.0,2006.0,9.0,TJK,UZB,TJK;UZB,4.0,16.0,1.0,5.0,3.0,73.0,73.0,1.0,SRC_GML_MID
MID4434,4434.0,2006.0,10.0,ARM,TUR,ARM;TUR,4.0,16.0,0.0,5.0,3.0,1.0,1.0,0.0,SRC_GML_MID
MID4435,4435.0,2007.0,5.0,TUR,GRC,GRC;TUR,3.0,7.0,0.0,5.0,3.0,60.0,60.0,1.0,SRC_GML_MID
MID4436,4436.0,2007.0,8.0,RUS,GEO,GEO;RUS,4.0,17.0,3.0,5.0,3.0,1146.0,1146.0,1.0,SRC_GML_MID
MID4437,4437.0,2007.0,12.0,RUS,FIN,FIN;RUS,3.0,7.0,0.0,5.0,3.0,53.0,53.0,0.0,SRC_GML_MID
MID4438,4438.0,2008.0,4.0,RUS,UKR,RUS;UKR,3.0,7.0,0.0,5.0,3.0,1.0,30.0,0.0,SRC_GML_MID
MID4439,4439.0,2008.0,4.0,BGR,TUR,BGR;TUR,4.0,16.0,0.0,5.0,3.0,1.0,1.0,0.0,SRC_GML_MID
MID4440,4440.0,2008.0,7.0,RUS,NOR,NOR;RUS,3.0,7.0,0.0,5.0,3.0,1.0,1.0,0.0,SRC_GML_MID
MID4441,4441.0,2009.0,4.0,UKR,MDA,MDA;UKR,3.0,7.0,0.0,5.0,3.0,1.0,1.0,0.0,SRC_GML_MID
MID4442,4442.0,2010.0,1.0,KGZ,UZB,KGZ;UZB,4.0,17.0,0.0,5.0,3.0,147.0,147.0,1.0,SRC_GML_MID
MID4443,4443.0,2010.0,6.0,TUR,GRC,GRC;TUR,3.0,7.0,0.0,5.0,3.0,1.0,1.0,0.0,SRC_GML_MID
MID4444,4444.0,2002.0,10.0,TWN,CHN,CHN;TWN,3.0,7.0,0.0,5.0,3.0,23.0,23.0,0.0,SRC_GML_MID
MID4445,4445.0,2002.0,5.0,CHN,JPN,CHN;JPN,3.0,12.0,0.0,5.0,3.0,1.0,1.0,0.0,SRC_GML_MID
MID4446,4446.0,2002.0,6.0,CHN,VNM,CHN;VNM,3.0,7.0,0.0,5.0,3.0,6.0,6.0,0.0,SRC_GML_MID
MID4447,4447.0,2002.0,6.0,CHN,KOR,CHN;KOR,3.0,12.0,0.0,5.0,3.0,1.0,1.0,0.0,SRC_GML_MID
MID4449,4449.0,2002.0,9.0,JPN,PRK,JPN;PRK,3.0,7.0,0.0,5.0,3.0,2.0,2.0,0.0,SRC_GML_MID
MID4450,4450.0,2002.0,9.0,CHN,USA,CHN;USA,3.0,7.0,0.0,5.0,3.0,1.0,1.0,0.0,SRC_GML_MID
MID4451,4451.0,2002.0,12.0,ESP,PRK,ESP;PRK,4.0,15.0,0.0,7.0,3.0,2.0,2.0,0.0,SRC_GML_MID
MID4452,4452.0,2003.0,1.0,IDN,PNG,IDN;PNG,4.0,16.0,0.0,5.0,3.0,1.0,1.0,0.0,SRC_GML_MID
MID4453,4453.0,2003.0,1.0,IDN,PHL,IDN;PHL,4.0,16.0,0.0,5.0,3.0,1.0,1.0,0.0,SRC_GML_MID
MID4455,4455.0,2003.0,2.0,PRK,KOR,KOR;PRK,3.0,12.0,0.0,5.0,3.0,8.0,8.0,1.0,SRC_GML_MID
MID4456,4456.0,2003.0,6.0,JPN,PRK,JPN;PRK,4.0,15.0,0.0,5.0,3.0,2.0,2.0,0.0,SRC_GML_MID
MID4457,4457.0,2003.0,6.0,JPN,CHN,CHN;JPN,4.0,16.0,0.0,5.0,3.0,279.0,279.0,0.0,SRC_GML_MID
MID4458,4458.0,2003.0,6.0,CHN,IND,CHN;IND,3.0,12.0,0.0,5.0,3.0,1.0,1.0,0.0,SRC_GML_MID
MID4459,4459.0,2003.0,7.0,ESP,KOR,ESP;KOR,4.0,15.0,0.0,-9.0,-9.0,4.0,4.0,0.0,SRC_GML_MID
MID4460,4460.0,2003.0,7.0,USA,IDN,IDN;USA,3.0,7.0,0.0,5.0,3.0,1.0,1.0,0.0,SRC_GML_MID
MID4461,4461.0,2003.0,7.0,TWN,PHL,PHL;TWN,3.0,7.0,0.0,5.0,3.0,1.0,1.0,0.0,SRC_GML_MID
MID4462,4462.0,2003.0,8.0,TWN,CHN,CHN;TWN,3.0,7.0,0.0,5.0,3.0,273.0,273.0,1.0,SRC_GML_MID
MID4463,4463.0,2003.0,9.0,CHN,PRK,CHN;PRK,3.0,11.0,0.0,5.0,3.0,1.0,1.0,0.0,SRC_GML_MID
MID4464,4464.0,2003.0,9.0,VNM,CHN,CHN;VNM,4.0,16.0,0.0,5.0,3.0,1.0,1.0,0.0,SRC_GML_MID
MID4465,4465.0,2004.0,11.0,USA,PRK,PRK;USA,3.0,7.0,0.0,5.0,3.0,1.0,30.0,0.0,SRC_GML_MID
MID4466,4466.0,2004.0,9.0,CHN,PRK,CHN;PRK,3.0,11.0,0.0,5.0,3.0,1.0,30.0,0.0,SRC_GML_MID
MID4467,4467.0,2004.0,11.0,CHN,JPN,CHN;JPN,3.0,7.0,0.0,3.0,3.0,1.0,1.0,1.0,SRC_GML_MID
MID4468,4468.0,2005.0,3.0,JPN,KOR,JPN;KOR,3.0,7.0,0.0,5.0,3.0,122.0,122.0,1.0,SRC_GML_MID
MID4469,4469.0,2005.0,5.0,TWN,CHN,CHN;TWN,2.0,1.0,0.0,-9.0,-9.0,1.0,1.0,0.0,SRC_GML_MID
MID4470,4470.0,2005.0,6.0,TWN,JPN,JPN;TWN,3.0,7.0,0.0,5.0,3.0,23.0,23.0,0.0,SRC_GML_MID
MID4471,4471.0,2005.0,8.0,IDN,HRV,HRV;IDN,4.0,15.0,0.0,-9.0,-9.0,4.0,4.0,0.0,SRC_GML_MID
MID4472,4472.0,2005.0,9.0,CHN,JPN,CHN;JPN,3.0,7.0,0.0,5.0,3.0,64.0,64.0,0.0,SRC_GML_MID
MID4473,4473.0,2005.0,10.0,PRK,KOR,KOR;PRK,4.0,17.0,0.0,5.0,3.0,17.0,17.0,1.0,SRC_GML_MID
MID4474,4474.0,2005.0,11.0,CHN,BTN,BTN;CHN,4.0,14.0,0.0,-9.0,-9.0,153.0,212.0,0.0,SRC_GML_MID
MID4475,4475.0,2006.0,1.0,RUS,JPN,JPN;RUS,3.0,7.0,0.0,5.0,3.0,1.0,1.0,1.0,SRC_GML_MID
MID4476,4476.0,2006.0,4.0,KOR,JPN,JPN;KOR,3.0,7.0,0.0,5.0,3.0,1.0,1.0,0.0,SRC_GML_MID
MID4477,4477.0,2006.0,8.0,RUS,JPN,JPN;RUS,4.0,16.0,0.0,5.0,3.0,1.0,1.0,0.0,SRC_GML_MID
MID4478,4478.0,2007.0,4.0,CHN,JPN;TWN,CHN;JPN;TWN,3.0,7.0,0.0,5.0,3.0,30.0,30.0,0.0,SRC_GML_MID
MID4479,4479.0,2007.0,6.0,PRK,KOR,KOR;PRK,2.0,1.0,0.0,5.0,3.0,1.0,1.0,0.0,SRC_GML_MID
MID4480,4480.0,2008.0,2.0,RUS,JPN,JPN;RUS,3.0,7.0,0.0,5.0,3.0,1.0,1.0,1.0,SRC_GML_MID
MID4481,4481.0,2008.0,5.0,PRK,KOR,KOR;PRK,3.0,7.0,0.0,5.0,3.0,48.0,48.0,0.0,SRC_GML_MID
MID4482,4482.0,2008.0,6.0,TWN,JPN,JPN;TWN,3.0,7.0,0.0,5.0,3.0,1.0,1.0,0.0,SRC_GML_MID
MID4483,4483.0,2009.0,1.0,KOR;USA,PRK,KOR;PRK,4.0,17.0,2.0,5.0,3.0,709.0,709.0,1.0,SRC_GML_MID
MID4484,4484.0,2009.0,1.0,RUS,JPN,JPN;RUS,4.0,16.0,0.0,5.0,3.0,2.0,2.0,0.0,SRC_GML_MID
MID4485,4485.0,2009.0,2.0,RUS,CHN,CHN;RUS,4.0,16.0,0.0,5.0,3.0,1.0,1.0,0.0,SRC_GML_MID
MID4486,4486.0,2009.0,3.0,CHN,USA,CHN;USA,3.0,7.0,0.0,5.0,3.0,12.0,12.0,1.0,SRC_GML_MID
MID4487,4487.0,2009.0,9.0,IND,CHN,CHN;IND,3.0,8.0,0.0,5.0,3.0,1.0,1.0,0.0,SRC_GML_MID
MID4488,4488.0,2010.0,3.0,CHN,VNM,CHN;VNM,4.0,15.0,0.0,5.0,3.0,198.0,198.0,0.0,SRC_GML_MID
MID4489,4489.0,2010.0,4.0,CHN,JPN,CHN;JPN,3.0,7.0,0.0,5.0,3.0,1.0,1.0,0.0,SRC_GML_MID
MID4490,4490.0,2010.0,6.0,PRK,CHN,CHN;PRK,4.0,16.0,0.0,5.0,3.0,1.0,1.0,0.0,SRC_GML_MID
MID4491,4491.0,2010.0,9.0,JPN,CHN,CHN;JPN,4.0,15.0,0.0,5.0,3.0,83.0,83.0,1.0,SRC_GML_MID
MID4492,4492.0,2010.0,9.0,JPN,TWN,JPN;TWN,3.0,7.0,0.0,5.0,3.0,1.0,1.0,0.0,SRC_GML_MID
MID4494,4494.0,2002.0,6.0,ARG,RUS,ARG;RUS,4.0,16.0,0.0,5.0,3.0,1.0,1.0,0.0,SRC_GML_MID
MID4495,4495.0,2003.0,3.0,VEN,COL,COL;VEN,4.0,16.0,0.0,5.0,3.0,1.0,30.0,0.0,SRC_GML_MID
MID4496,4496.0,2003.0,7.0,BRA,PER,BRA;PER,4.0,16.0,0.0,5.0,3.0,1.0,1.0,0.0,SRC_GML_MID
MID4497,4497.0,2004.0,2.0,DOM,HTI,DOM;HTI,3.0,11.0,0.0,5.0,3.0,5.0,5.0,0.0,SRC_GML_MID
MID4499,4499.0,2006.0,3.0,COL,ECU,COL;ECU,3.0,7.0,0.0,5.0,3.0,5.0,5.0,0.0,SRC_GML_MID
MID4500,4500.0,2006.0,8.0,VEN,COL,COL;VEN,4.0,16.0,0.0,5.0,3.0,1.0,1.0,0.0,SRC_GML_MID
MID4501,4501.0,2007.0,3.0,COL,ECU,COL;ECU,4.0,16.0,0.0,5.0,3.0,1.0,31.0,0.0,SRC_GML_MID
MID4502,4502.0,2008.0,3.0,COL,ECU,COL;ECU,4.0,16.0,0.0,5.0,3.0,2.0,2.0,1.0,SRC_GML_MID
MID4503,4503.0,2008.0,3.0,VEN,COL,COL;VEN,3.0,12.0,0.0,5.0,3.0,75.0,75.0,1.0,SRC_GML_MID
MID4504,4504.0,2009.0,3.0,ECU,COL,COL;ECU,3.0,11.0,0.0,5.0,3.0,159.0,159.0,0.0,SRC_GML_MID
MID4505,4505.0,2009.0,8.0,COL,VEN,COL;VEN,3.0,12.0,0.0,5.0,3.0,105.0,105.0,1.0,SRC_GML_MID
MID4506,4506.0,2010.0,1.0,USA,VEN,USA;VEN,3.0,7.0,0.0,5.0,3.0,1.0,1.0,1.0,SRC_GML_MID
MID4507,4507.0,2010.0,7.0,COL,VEN,COL;VEN,3.0,11.0,0.0,5.0,3.0,2.0,2.0,1.0,SRC_GML_MID
MID4508,4508.0,2010.0,10.0,CRI,NIC,CRI;NIC,3.0,12.0,0.0,5.0,3.0,1.0,31.0,1.0,SRC_GML_MID
MID4509,4509.0,2002.0,4.0,SAU,ISR,ISR;SAU,3.0,11.0,0.0,5.0,3.0,1.0,1.0,0.0,SRC_GML_MID
MID4510,4510.0,2002.0,8.0,IRN,IRQ,IRN;IRQ,3.0,11.0,0.0,5.0,3.0,26.0,26.0,0.0,SRC_GML_MID
MID4511,4511.0,2003.0,1.0,ISR,SYR,ISR;SYR,4.0,17.0,1.0,5.0,3.0,1.0,1.0,1.0,SRC_GML_MID
MID4512,4512.0,2003.0,3.0,GBR;USA,IRN,IRN;USA,4.0,16.0,0.0,-9.0,-9.0,106.0,106.0,1.0,SRC_GML_MID
MID4513,4513.0,2003.0,3.0,ISR,IRQ,IRQ;ISR,3.0,8.0,0.0,5.0,3.0,23.0,23.0,0.0,SRC_GML_MID
MID4514,4514.0,2003.0,4.0,IRN,IRQ,IRN;IRQ,4.0,16.0,0.0,5.0,3.0,3.0,3.0,0.0,SRC_GML_MID
MID4515,4515.0,2003.0,5.0,ISR,CHE,CHE;ISR,4.0,16.0,0.0,5.0,3.0,1.0,1.0,0.0,SRC_GML_MID
MID4516,4516.0,2003.0,7.0,USA,TUR,TUR;USA,4.0,15.0,0.0,7.0,1.0,2.0,2.0,0.0,SRC_GML_MID
MID4517,4517.0,2003.0,8.0,ISR,SYR,ISR;SYR,4.0,16.0,0.0,5.0,3.0,90.0,90.0,0.0,SRC_GML_MID
MID4518,4518.0,2004.0,3.0,USA,SYR,SYR;USA,4.0,17.0,0.0,5.0,3.0,17.0,47.0,1.0,SRC_GML_MID
MID4519,4519.0,2004.0,3.0,IRN,USA,IRN;USA,4.0,17.0,1.0,2.0,3.0,1.0,1.0,1.0,SRC_GML_MID
MID4520,4520.0,2004.0,3.0,TUR,SYR,SYR;TUR,3.0,11.0,0.0,5.0,3.0,1.0,1.0,0.0,SRC_GML_MID
MID4521,4521.0,2004.0,6.0,ARE,IRN,ARE;IRN,4.0,16.0,0.0,7.0,1.0,29.0,29.0,1.0,SRC_GML_MID
MID4522,4522.0,2004.0,6.0,QAT,IRN,IRN;QAT,4.0,16.0,0.0,8.0,-9.0,4.0,4.0,0.0,SRC_GML_MID
MID4523,4523.0,2004.0,6.0,IRN,IRQ,IRN;IRQ,4.0,15.0,0.0,5.0,3.0,206.0,206.0,1.0,SRC_GML_MID
MID4524,4524.0,2004.0,8.0,USA,IRN,IRN;USA,3.0,7.0,0.0,5.0,3.0,136.0,136.0,0.0,SRC_GML_MID
MID4525,4525.0,2004.0,9.0,TUR,IRN,IRN;TUR,4.0,16.0,1.0,5.0,3.0,7.0,7.0,1.0,SRC_GML_MID
MID4526,4526.0,2004.0,11.0,ISR,EGY,EGY;ISR,4.0,16.0,1.0,5.0,3.0,1.0,1.0,0.0,SRC_GML_MID
MID4527,4527.0,2005.0,4.0,SYR,IRQ;USA,IRQ;SYR,4.0,17.0,0.0,5.0,3.0,92.0,92.0,1.0,SRC_GML_MID
MID4528,4528.0,2005.0,4.0,TUR,IRQ,IRQ;TUR,3.0,11.0,0.0,5.0,3.0,1.0,30.0,0.0,SRC_GML_MID
MID4529,4529.0,2005.0,7.0,IRN,IRQ,IRN;IRQ,4.0,16.0,1.0,5.0,3.0,5.0,5.0,0.0,SRC_GML_MID
MID4530,4530.0,2005.0,9.0,YEM,SAU,SAU;YEM,4.0,17.0,0.0,-9.0,-9.0,182.0,182.0,1.0,SRC_GML_MID
MID4531,4531.0,2006.0,6.0,EGY,ISR,EGY;ISR,4.0,17.0,1.0,5.0,3.0,1.0,1.0,1.0,SRC_GML_MID
MID4532,4532.0,2006.0,6.0,ISR,SYR,ISR;SYR,4.0,16.0,0.0,5.0,3.0,34.0,34.0,1.0,SRC_GML_MID
MID4533,4533.0,2006.0,8.0,ISR,LBN,ISR;LBN,4.0,17.0,1.0,5.0,3.0,928.0,928.0,1.0,SRC_GML_MID
MID4534,4534.0,2006.0,9.0,IRQ,IRN,IRN;IRQ,4.0,15.0,0.0,-9.0,-9.0,182.0,182.0,1.0,SRC_GML_MID
MID4535,4535.0,2007.0,1.0,USA,IRN,IRN;USA,4.0,15.0,0.0,5.0,3.0,152.0,152.0,0.0,SRC_GML_MID
MID4536,4536.0,2007.0,1.0,IRN,IRQ,IRN;IRQ,4.0,16.0,1.0,5.0,3.0,986.0,986.0,0.0,SRC_GML_MID
MID4537,4537.0,2007.0,5.0,TUR,IRQ,IRQ;TUR,4.0,16.0,0.0,5.0,3.0,730.0,730.0,0.0,SRC_GML_MID
MID4538,4538.0,2007.0,8.0,USA,IRN,IRN;USA,4.0,15.0,0.0,7.0,3.0,2.0,2.0,0.0,SRC_GML_MID
MID4539,4539.0,2007.0,9.0,ISR,SYR,ISR;SYR,4.0,16.0,0.0,5.0,3.0,1.0,1.0,1.0,SRC_GML_MID
MID4540,4540.0,2008.0,10.0,USA,SYR,SYR;USA,4.0,16.0,0.0,5.0,3.0,1.0,1.0,0.0,SRC_GML_MID
MID4541,4541.0,2008.0,11.0,IRN,USA,IRN;USA,2.0,1.0,0.0,5.0,3.0,1.0,1.0,0.0,SRC_GML_MID
MID4542,4542.0,2009.0,1.0,ISR,FRA,FRA;ISR,4.0,16.0,0.0,5.0,3.0,1.0,1.0,0.0,SRC_GML_MID
MID4543,4543.0,2009.0,2.0,IRN,IRQ;USA,IRN;IRQ;USA,4.0,16.0,0.0,5.0,3.0,1.0,1.0,1.0,SRC_GML_MID
MID4544,4544.0,2009.0,8.0,ISR,EGY,EGY;ISR,4.0,16.0,0.0,5.0,3.0,1.0,1.0,0.0,SRC_GML_MID
MID4545,4545.0,2009.0,9.0,ISR,LBN,ISR;LBN,4.0,17.0,1.0,5.0,3.0,473.0,473.0,1.0,SRC_GML_MID
MID4546,4546.0,2009.0,12.0,IRN,IRQ,IRN;IRQ,4.0,14.0,0.0,3.0,3.0,43.0,43.0,0.0,SRC_GML_MID
MID4547,4547.0,2010.0,5.0,IRN,IRQ,IRN;IRQ,4.0,16.0,1.0,5.0,3.0,235.0,235.0,0.0,SRC_GML_MID
MID4548,4548.0,2010.0,5.0,ISR,IRN,IRN;ISR,3.0,7.0,0.0,5.0,3.0,185.0,185.0,0.0,SRC_GML_MID
MID4550,4550.0,2005.0,5.0,CAN,PRT,CAN;PRT,4.0,15.0,0.0,-9.0,-9.0,4.0,4.0,0.0,SRC_GML_MID
MID4551,4551.0,2005.0,7.0,CAN,DNK,CAN;DNK,3.0,7.0,0.0,5.0,3.0,225.0,225.0,0.0,SRC_GML_MID
MID4552,4552.0,2002.0,3.0,PAK,AFG,AFG;PAK,4.0,17.0,2.0,5.0,3.0,1064.0,1064.0,1.0,SRC_GML_MID
MID4553,4553.0,2002.0,2.0,MMR,THA,MMR;THA,4.0,17.0,0.0,5.0,3.0,242.0,269.0,1.0,SRC_GML_MID
MID4554,4554.0,2002.0,3.0,BGD,IND,BGD;IND,4.0,17.0,0.0,5.0,3.0,1.0,1.0,1.0,SRC_GML_MID
MID4555,4555.0,2002.0,7.0,IND,BGD,BGD;IND,4.0,17.0,1.0,5.0,3.0,1650.0,1650.0,1.0,SRC_GML_MID
MID4556,4556.0,2003.0,1.0,MYS,SGP,MYS;SGP,3.0,7.0,0.0,5.0,3.0,1.0,31.0,0.0,SRC_GML_MID
MID4557,4557.0,2003.0,10.0,MMR,THA,MMR;THA,4.0,16.0,1.0,5.0,3.0,1.0,1.0,0.0,SRC_GML_MID
MID4558,4558.0,2003.0,11.0,MMR,THA,MMR;THA,4.0,16.0,0.0,5.0,3.0,1.0,1.0,0.0,SRC_GML_MID
MID4559,4559.0,2004.0,1.0,MYS,THA,MYS;THA,3.0,11.0,0.0,5.0,3.0,301.0,301.0,0.0,SRC_GML_MID
MID4560,4560.0,2004.0,3.0,IDN,THA,IDN;THA,4.0,16.0,0.0,5.0,3.0,1.0,1.0,0.0,SRC_GML_MID
MID4561,4561.0,2004.0,5.0,IND,PAK,IND;PAK,4.0,16.0,0.0,5.0,3.0,1.0,1.0,0.0,SRC_GML_MID
MID4562,4562.0,2004.0,7.0,MMR,THA,MMR;THA,4.0,16.0,0.0,5.0,3.0,1.0,1.0,0.0,SRC_GML_MID
MID4563,4563.0,2004.0,9.0,NPL,IND,IND;NPL,4.0,15.0,0.0,-9.0,-9.0,164.0,164.0,1.0,SRC_GML_MID
MID4564,4564.0,2004.0,10.0,MMR,THA,MMR;THA,4.0,17.0,1.0,5.0,3.0,195.0,195.0,1.0,SRC_GML_MID
MID4565,4565.0,2004.0,12.0,IND,MMR,IND;MMR,3.0,8.0,0.0,5.0,3.0,1.0,1.0,0.0,SRC_GML_MID
MID4566,4566.0,2005.0,1.0,IND,PAK,IND;PAK,4.0,16.0,0.0,5.0,3.0,273.0,273.0,1.0,SRC_GML_MID
MID4567,4567.0,2005.0,3.0,MYS,IDN,IDN;MYS,3.0,8.0,0.0,5.0,3.0,148.0,148.0,1.0,SRC_GML_MID
MID4569,4569.0,2005.0,5.0,KHM,THA,KHM;THA,3.0,11.0,0.0,5.0,3.0,5.0,5.0,1.0,SRC_GML_MID
MID4570,4570.0,2005.0,9.0,MYS,THA,MYS;THA,3.0,11.0,0.0,5.0,3.0,31.0,31.0,0.0,SRC_GML_MID
MID4573,4573.0,2006.0,4.0,PAK,AFG,AFG;PAK,4.0,17.0,0.0,5.0,3.0,1.0,1.0,1.0,SRC_GML_MID
MID4574,4574.0,2006.0,7.0,THA,MMR,MMR;THA,3.0,11.0,0.0,5.0,3.0,1.0,1.0,0.0,SRC_GML_MID
MID4576,4576.0,2006.0,12.0,AFG,PAK,AFG;PAK,4.0,17.0,1.0,5.0,3.0,149.0,149.0,1.0,SRC_GML_MID
MID4577,4577.0,2007.0,1.0,USA,PAK,PAK;USA,4.0,16.0,1.0,5.0,3.0,1.0,1.0,0.0,SRC_GML_MID
MID4578,4578.0,2007.0,2.0,IRN,AFG,AFG;IRN,4.0,17.0,1.0,5.0,3.0,206.0,206.0,1.0,SRC_GML_MID
MID4579,4579.0,2007.0,3.0,MMR,THA,MMR;THA,4.0,16.0,1.0,5.0,3.0,1.0,1.0,0.0,SRC_GML_MID
MID4580,4580.0,2007.0,12.0,IND,CHN,CHN;IND,3.0,11.0,0.0,5.0,3.0,1.0,1.0,0.0,SRC_GML_MID
MID4581,4581.0,2008.0,6.0,USA,PAK,PAK;USA,4.0,17.0,0.0,5.0,3.0,130.0,130.0,1.0,SRC_GML_MID
MID4582,4582.0,2008.0,1.0,IND,BGD,BGD;IND,4.0,17.0,0.0,5.0,3.0,11.0,11.0,1.0,SRC_GML_MID
MID4583,4583.0,2008.0,4.0,IRN,AFG,AFG;IRN,4.0,17.0,0.0,5.0,3.0,12.0,12.0,1.0,SRC_GML_MID
MID4584,4584.0,2008.0,4.0,AFG,PAK,AFG;PAK,4.0,17.0,2.0,5.0,3.0,273.0,273.0,1.0,SRC_GML_MID
MID4585,4585.0,2008.0,5.0,PAK,IND,IND;PAK,4.0,17.0,2.0,-9.0,-9.0,960.0,960.0,1.0,SRC_GML_MID
MID4586,4586.0,2008.0,5.0,MYS,IDN,IDN;MYS,3.0,7.0,0.0,5.0,3.0,1.0,1.0,0.0,SRC_GML_MID
MID4588,4588.0,2008.0,7.0,THA,KHM,KHM;THA,4.0,17.0,1.0,5.0,3.0,837.0,837.0,1.0,SRC_GML_MID
MID4589,4589.0,2008.0,7.0,IDN,PNG,IDN;PNG,4.0,16.0,0.0,5.0,3.0,1.0,1.0,0.0,SRC_GML_MID
MID4590,4590.0,2008.0,7.0,BGD,IND,BGD;IND,4.0,17.0,1.0,5.0,3.0,1.0,1.0,1.0,SRC_GML_MID
MID4591,4591.0,2008.0,11.0,BGD,MMR,BGD;MMR,3.0,11.0,0.0,5.0,3.0,155.0,155.0,1.0,SRC_GML_MID
MID4592,4592.0,2008.0,12.0,IND,BGD,BGD;IND,3.0,7.0,0.0,6.0,1.0,4.0,4.0,1.0,SRC_GML_MID
MID4593,4593.0,2009.0,2.0,IND,BGD,BGD;IND,4.0,17.0,1.0,5.0,3.0,492.0,492.0,1.0,SRC_GML_MID
MID4594,4594.0,2009.0,4.0,IRN,AFG,AFG;IRN,4.0,17.0,1.0,5.0,3.0,1.0,1.0,1.0,SRC_GML_MID
MID4595,4595.0,2009.0,4.0,MMR,THA,MMR;THA,4.0,16.0,0.0,5.0,3.0,1.0,1.0,0.0,SRC_GML_MID
MID4596,4596.0,2009.0,10.0,MMR,BGD,BGD;MMR,3.0,11.0,0.0,5.0,3.0,83.0,83.0,1.0,SRC_GML_MID
MID4597,4597.0,2009.0,10.0,IRN,PAK,IRN;PAK,3.0,11.0,0.0,5.0,3.0,1.0,1.0,0.0,SRC_GML_MID
MID4598,4598.0,2010.0,9.0,USA,PAK,PAK;USA,4.0,17.0,1.0,5.0,3.0,1.0,1.0,1.0,SRC_GML_MID
MID4599,4599.0,2010.0,10.0,IRN,AFG,AFG;IRN,4.0,15.0,0.0,-9.0,-9.0,53.0,53.0,1.0,SRC_GML_MID
