electionid,country_id,nelda_country,year,types,nelda1,nelda2,nelda3,nelda4,nelda5,nelda6,nelda7,nelda8,nelda9,nelda10,nelda11,nelda12,nelda13,nelda14,nelda15,nelda16,nelda17,nelda18,nelda19,nelda20,nelda21,nelda22,nelda23,nelda24,nelda25,nelda26,nelda27,nelda28,nelda29,nelda30,nelda31,nelda32,nelda33,nelda34,nelda35,nelda36,nelda37,nelda38,nelda39,nelda40,nelda41,nelda42,nelda43,nelda44,nelda45,nelda46,nelda47,nelda48,nelda49,nelda50,nelda51,nelda52,nelda53,nelda54,nelda55,nelda56,nelda57,nelda58,date,source_ids
002-1946-1105-L1,USA,United States of America,1946,Legislative/Parliamentary,no,no,yes,yes,yes,no,,,,no,no,no,no,no,no,no,no,no,no,no,,,,yes,yes,no,yes,,no,,,no,no,no,,,,,,,,,Harry Truman,Harry Truman,no,,,no,no,,,,yes,"UK, France",no,no,no,no,1946-11-05,SRC_NELDA
002-1948-1102-L1,USA,United States of America,1948,Legislative/Parliamentary,no,no,yes,yes,yes,no,,,,no,no,no,no,no,no,no,yes,no,no,no,,,,no,yes,no,no,,no,,,no,no,no,,,,,,,,,Harry Truman,Harry Truman,no,,,no,no,,,,yes,"UK, France, NATO",no,no,no,no,1948-11-02,SRC_NELDA
002-1948-1102-P1,USA,United States of America,1948,Executive,no,no,yes,yes,yes,no,no,no,no,no,no,no,no,no,no,no,yes,no,no,yes,yes,,,no,yes,no,no,,no,,,,no,no,,,,,no,,,,Harry Truman,Harry Truman,no,,,no,no,,,,yes,"UK, France, NATO",no,no,no,no,1948-11-02,SRC_NELDA
002-1950-1107-L1,USA,United States of America,1950,Legislative/Parliamentary,no,no,yes,yes,yes,no,,,,no,no,no,no,no,no,no,yes,no,no,no,,,,no,yes,no,yes,,no,,,no,no,no,,,,,,,,,Harry Truman,Harry Truman,no,,,no,no,,,,yes,"UK, France, NATO",no,no,no,no,1950-11-07,SRC_NELDA
002-1952-1104-L1,USA,United States of America,1952,Legislative/Parliamentary,no,no,yes,yes,yes,no,,,,no,no,no,no,no,no,no,yes,no,no,no,,,,yes,yes,no,yes,,no,,,no,no,no,,,,,,,,,Harry Truman,Dwight Eisenhower,no,,,no,no,,,,yes,"UK, France, NATO",no,no,no,no,1952-11-04,SRC_NELDA
002-1952-1104-P1,USA,United States of America,1952,Executive,no,no,yes,yes,yes,no,yes,yes,no,no,no,no,no,no,no,no,yes,no,no,yes,no,no,,yes,yes,no,yes,,no,,,no,no,,,,,,yes,no,no,no,Harry Truman,Dwight Eisenhower,no,,,no,no,,,,yes,"UK, France, NATO",no,yes,no,no,1952-11-04,SRC_NELDA
002-1954-1102-L1,USA,United States of America,1954,Legislative/Parliamentary,no,no,yes,yes,yes,no,,,,no,no,no,no,no,no,no,yes,no,no,no,,,,yes,yes,yes,yes,,no,,,no,no,no,,,,,,,,,Dwight Eisenhower,Dwight Eisenhower,no,,,no,no,,,,yes,"UK, France, NATO",no,no,no,no,1954-11-02,SRC_NELDA
002-1956-1106-L1,USA,United States of America,1956,Legislative/Parliamentary,no,no,yes,yes,yes,no,,,,no,no,no,no,no,no,no,yes,no,no,no,,,,yes,yes,yes,yes,,no,,,no,no,no,,,,,,,,,Dwight Eisenhower,Dwight Eisenhower,no,,,no,no,,,,yes,"UK, France, NATO",no,no,no,no,1956-11-06,SRC_NELDA
002-1956-1106-P1,USA,United States of America,1956,Executive,no,no,yes,yes,yes,no,no,no,no,no,no,no,no,no,no,no,yes,no,no,yes,yes,,,no,yes,yes,no,,no,,,,no,no,,,,,no,,,,Dwight Eisenhower,Dwight Eisenhower,no,,,no,no,,,,yes,"UK, France, NATO",no,no,no,no,1956-11-06,SRC_NELDA
002-1958-1104-L1,USA,United States of America,1958,Legislative/Parliamentary,no,no,yes,yes,yes,no,,,,no,no,no,no,no,no,no,no,no,no,no,,,,yes,yes,no,yes,,no,,,no,no,no,,,,,,,,,Dwight Eisenhower,Dwight Eisenhower,no,,,no,no,,,,yes,"UK, France, NATO",no,no,no,no,1958-11-04,SRC_NELDA
002-1960-1108-L1,USA,United States of America,1960,Legislative/Parliamentary,no,no,yes,yes,yes,no,,,,no,no,no,no,no,no,no,yes,no,no,no,,,,no,yes,yes,yes,,no,,,no,no,no,,,,,,,,,Eisenhower,Kennedy,no,,,no,no,,,,yes,"UK, UN, NATO",no,no,no,no,1960-11-08,SRC_NELDA
002-1960-1108-P1,USA,United States of America,1960,Executive,no,no,yes,yes,yes,no,yes,yes,no,no,no,no,no,no,no,no,yes,no,no,yes,no,no,,yes,yes,no,yes,yes,no,,,no,no,,,,,,yes,yes,no,no,Eisenhower,Kennedy,no,,,no,no,,,,yes,"UK, UN, NATO",no,no,no,no,1960-11-08,SRC_NELDA
002-1962-1106-L1,USA,United States of America,1962,Legislative/Parliamentary,no,no,yes,yes,yes,no,,,,no,no,no,no,no,no,no,yes,no,no,no,,,,no,yes,yes,no,,no,,,no,no,no,,,,,,,,,Kennedy,Kennedy,no,,,no,no,,,,yes,"UK, UN, NATO",no,no,no,no,1962-11-06,SRC_NELDA
002-1964-1103-L1,USA,United States of America,1964,Legislative/Parliamentary,no,no,yes,yes,yes,no,,,,no,no,no,no,no,no,no,yes,no,no,no,,,,no,yes,yes,no,,no,,,no,no,no,,,,,,,,,Johnson,Johnson,no,,,no,no,,,,yes,"UK, UN, NATO",no,no,no,no,1964-11-03,SRC_NELDA
002-1964-1103-P1,USA,United States of America,1964,Executive,no,no,yes,yes,yes,no,no,no,no,no,no,no,no,no,no,no,yes,no,no,yes,yes,,,no,yes,yes,no,,no,,,,no,no,,,,,no,,,,Johnson,Johnson,no,,,no,no,,,,yes,"UK, UN, NATO",no,no,no,no,1964-11-03,SRC_NELDA
002-1966-1108-L1,USA,United States of America,1966,Legislative/Parliamentary,no,no,yes,yes,yes,no,,,,no,no,no,no,no,no,no,yes,no,no,no,,,,no,yes,no,yes,,no,,,no,no,no,,,,,,,,,Johnson,Johnson,no,,,no,no,,,,yes,"UK, UN, NATO",no,no,no,no,1966-11-08,SRC_NELDA
002-1968-1105-L1,USA,United States of America,1968,Legislative/Parliamentary,no,no,yes,yes,yes,no,,,,no,no,no,no,no,no,no,yes,no,no,no,,,,no,yes,no,yes,,no,,,no,no,no,,,,,,,,,Johnson,Nixon,no,,,no,no,,,,yes,"UK, UN, NATO",no,no,no,no,1968-11-05,SRC_NELDA
002-1968-1105-P1,USA,United States of America,1968,Executive,no,no,yes,yes,yes,no,yes,no,no,no,no,no,no,no,no,no,yes,no,no,yes,no,no,,yes,yes,no,yes,,no,,,no,no,,,,,,yes,yes,no,no,Johnson,Nixon,no,,,no,no,,,,yes,"UK, UN, NATO",no,no,no,no,1968-11-05,SRC_NELDA
002-1970-1103-L1,USA,United States of America,1970,Legislative/Parliamentary,no,no,yes,yes,yes,no,,,,no,no,no,no,no,no,no,yes,no,no,no,,,,yes,yes,no,yes,,no,,,no,no,no,,,,,,,,,Nixon,Nixon,no,,,no,no,,,,yes,"NATO, UN, UK",no,no,no,no,1970-11-03,SRC_NELDA
002-1972-1107-L1,USA,United States of America,1972,Legislative/Parliamentary,no,no,yes,yes,yes,no,,,,no,no,no,no,no,no,no,no,no,no,no,,,,yes,yes,no,no,,no,,,no,no,no,,,,,,,,,Nixon,Nixon,no,,,no,no,,,,yes,"NATO, UN, UK",no,no,no,no,1972-11-07,SRC_NELDA
002-1972-1107-P1,USA,United States of America,1972,Executive,no,no,yes,yes,yes,no,no,no,no,no,no,no,no,no,no,no,no,no,no,yes,yes,,,no,yes,yes,no,,no,,,,no,no,,,,,no,,,,Nixon,Nixon,no,,,no,no,,,,yes,"NATO, UN, UK",no,no,no,no,1972-11-07,SRC_NELDA
002-1974-1105-L1,USA,United States of America,1974,Legislative/Parliamentary,no,no,yes,yes,yes,no,,,,no,no,no,no,no,no,no,no,no,no,no,,,,yes,yes,yes,no,,no,,,no,no,no,,,,,,,,,Ford,Ford,no,,,no,no,,,,yes,"NATO, UN, UK",no,no,no,no,1974-11-05,SRC_NELDA
002-1976-1102-L1,USA,United States of America,1976,Legislative/Parliamentary,no,no,yes,yes,yes,no,,,,no,no,no,no,no,no,no,no,no,no,no,,,,no,yes,yes,no,,no,,,no,no,no,,,,,,,,,Ford,Carter,no,,,no,no,,,,yes,"NATO, UN, UK",no,no,no,no,1976-11-02,SRC_NELDA
002-1976-1102-P1,USA,United States of America,1976,Executive,no,no,yes,yes,yes,no,no,no,no,no,no,no,no,no,no,no,no,no,no,yes,yes,,,yes,yes,no,yes,,no,,,no,no,,,,,,yes,yes,no,no,Ford,Carter,no,,,no,no,,,,yes,"NATO, UN, UK",no,no,no,no,1976-11-02,SRC_NELDA
002-1978-1107-L1,USA,United States of America,1978,Legislative/Parliamentary,no,no,yes,yes,yes,no,,,,no,no,no,no,no,no,no,no,no,no,no,,,,no,yes,no,yes,,no,,,no,no,no,,,,,,,,,Carter,Carter,no,,,no,no,,,,yes,"NATO, UN, UK",no,no,no,no,1978-11-07,SRC_NELDA
002-1980-1104-L1,USA,United States of America,1980,Legislative/Parliamentary,no,no,yes,yes,yes,no,,,,no,no,no,no,no,no,no,no,yes,no,no,,,,yes,yes,no,yes,,no,,,no,no,no,,,,,,,,,Carter,Reagan,no,,,no,no,,,,yes,"NATO, UN, UK",no,no,no,no,1980-11-04,SRC_NELDA
002-1980-1104-P1,USA,United States of America,1980,Executive,no,no,yes,yes,yes,no,no,no,no,no,no,no,no,no,no,no,no,yes,no,yes,yes,,,yes,yes,no,yes,,no,,,no,no,,,,,,yes,yes,no,no,Carter,Reagan,no,,,no,no,,,,yes,"NATO, UN, UK",no,no,no,no,1980-11-04,SRC_NELDA
002-1982-1102-L1,USA,United States of America,1982,Legislative/Parliamentary,no,no,yes,yes,yes,no,,,,no,no,no,no,no,no,no,no,yes,no,no,,,,yes,yes,yes,yes,,no,,,no,no,no,,,,,,,,,Reagan,Reagan,no,,,no,no,,,,yes,"NATO, UN, UK",no,no,no,no,1982-11-02,SRC_NELDA
002-1984-1106-L1,USA,United States of America,1984,Legislative/Parliamentary,no,no,yes,yes,yes,no,,,,no,no,no,no,no,no,no,yes,no,no,no,,,,yes,yes,yes,yes,,no,,,no,no,no,,,,,,,,,Reagan,Reagan,no,,,no,no,,,,yes,"NATO, UN, UK",no,no,no,no,1984-11-06,SRC_NELDA
002-1984-1106-P1,USA,United States of America,1984,Executive,no,no,yes,yes,yes,no,no,no,no,no,no,no,no,no,no,no,yes,no,no,yes,yes,,,no,yes,yes,no,,no,,,,no,no,,,,,no,,,,Reagan,Reagan,no,,,no,no,,,,yes,"NATO, UN, UK",no,no,no,no,1984-11-06,SRC_NELDA
002-1986-1104-L1,USA,United States of America,1986,Legislative/Parliamentary,no,no,yes,yes,yes,no,,,,no,no,no,no,no,no,no,yes,no,no,no,,,,yes,yes,no,yes,,no,,,no,no,no,,,,,,,,,Reagan,Reagan,no,,,no,no,,,,yes,"NATO, UN, UK",no,no,no,no,1986-11-04,SRC_NELDA
002-1988-1108-L1,USA,United States of America,1988,Legislative/Parliamentary,no,no,yes,yes,yes,no,,,,no,no,no,no,no,no,no,yes,no,no,no,,,,no,yes,yes,no,,no,,,no,no,no,,,,,,,,,Reagan,Bush,no,,,no,no,,,,yes,"NATO, UN, UK",no,no,no,no,1988-11-08,SRC_NELDA
002-1988-1108-P1,USA,United States of America,1988,Executive,no,no,yes,yes,yes,no,yes,yes,no,no,no,no,no,no,no,no,yes,no,no,yes,no,no,,yes,yes,yes,no,,no,,,,no,no,,,,,yes,yes,no,no,Reagan,Bush,no,,,no,no,,,,yes,"NATO, UN, UK",no,no,no,no,1988-11-08,SRC_NELDA
002-1990-1106-L1,USA,United States of America,1990,Legislative/Parliamentary,no,no,yes,yes,yes,no,,,,no,no,no,no,no,no,no,yes,no,no,no,,,,yes,yes,yes,no,,no,,,no,no,no,,,,,,,,,Bush,Bush,no,,,no,no,,,,yes,"NATO, UN, UK",no,no,no,no,1990-11-06,SRC_NELDA
002-1992-1103-L1,USA,United States of America,1992,Legislative/Parliamentary,no,no,yes,yes,yes,no,,,,no,no,no,no,no,no,no,yes,no,no,no,,,,no,yes,yes,no,,no,,,no,no,no,,,,,,,,,Bush,Clinton,no,,,no,no,,,,yes,"NATO, UN, UK",no,no,no,no,1992-11-03,SRC_NELDA
002-1992-1103-P1,USA,United States of America,1992,Executive,no,no,yes,yes,yes,no,no,no,no,no,no,no,no,no,no,no,yes,no,no,yes,yes,,,yes,yes,no,yes,,no,,,no,no,,,,,,yes,yes,no,no,Bush,Clinton,no,,,no,no,,,,yes,"NATO, UN, UK",no,no,no,no,1992-11-03,SRC_NELDA
002-1994-1108-L1,USA,United States of America,1994,Legislative/Parliamentary,no,no,yes,yes,yes,no,,,,no,no,no,no,no,no,no,yes,no,no,no,,,,yes,yes,no,yes,,no,,,no,no,no,,,,,,,,,Clinton,Clinton,no,,,no,no,,,,yes,"NATO, UN, UK",no,no,no,no,1994-11-08,SRC_NELDA
002-1996-1105-L1,USA,United States of America,1996,Legislative/Parliamentary,no,no,yes,yes,yes,no,,,,no,no,no,no,no,no,no,yes,no,no,no,,,,no,yes,no,yes,,no,,,no,no,no,,,,,,,,,Clinton,Clinton,no,,,no,no,,,,yes,"NATO, UN, UK",no,no,no,no,1996-11-05,SRC_NELDA
002-1996-1105-P1,USA,United States of America,1996,Executive,no,no,yes,yes,yes,no,no,no,no,no,no,no,no,no,no,no,yes,no,no,yes,yes,,,no,yes,yes,no,,no,,,,no,no,,,,,no,,,,Clinton,Clinton,no,,,no,no,,,,yes,"NATO, UN, UK",no,no,no,no,1996-11-05,SRC_NELDA
002-1998-1103-L1,USA,United States of America,1998,Legislative/Parliamentary,no,no,yes,yes,yes,no,,,,no,no,no,no,no,no,no,yes,no,no,no,,,,yes,yes,no,yes,,no,,,no,no,no,,,,,,,,,Clinton,Clinton,no,,,no,no,,,,yes,"NATO, UN, UK",no,no,no,no,1998-11-03,SRC_NELDA
002-2000-1107-L1,USA,United States of America,2000,Legislative/Parliamentary,no,no,yes,yes,yes,no,,,,no,no,no,no,no,no,no,yes,no,no,no,,,,no,yes,no,yes,,no,,,no,no,no,,,,,,,,,Clinton,GW Bush,no,,,no,no,,,,yes,"NATO, UN, UK",no,no,no,no,2000-11-07,SRC_NELDA
002-2000-1107-P1,USA,United States of America,2000,Executive,no,no,yes,yes,yes,no,yes,yes,no,no,no,no,no,no,no,no,yes,no,no,yes,no,no,,yes,yes,no,yes,yes,no,,,no,no,,,,,,yes,yes,no,no,Clinton,GW Bush,no,,,no,no,,,,yes,"NATO, UN, UK",no,no,no,no,2000-11-07,SRC_NELDA
002-2002-1104-L1,USA,United States of America,2002,Legislative/Parliamentary,no,no,yes,yes,yes,no,,,,no,no,no,no,no,no,no,yes,no,no,no,,,,no,yes,yes,no,,no,,,no,no,no,,,,,,,,,GW Bush,GW Bush,no,,,no,no,,,,yes,"NATO, UN, UK",no,no,no,no,2002-11-04,SRC_NELDA
002-2004-1102-L1,USA,United States of America,2004,Legislative/Parliamentary,no,no,yes,yes,yes,no,,,,no,no,no,no,no,no,no,yes,no,no,no,,,,no,yes,yes,no,,no,,,no,no,no,,,,,,,,,GW Bush,GW Bush,no,,,no,no,,,,yes,"NATO, UN, UK",no,no,no,no,2004-11-02,SRC_NELDA
002-2004-1102-P1,USA,United States of America,2004,Executive,no,no,yes,yes,yes,no,no,no,no,no,no,no,no,no,no,no,yes,no,no,yes,yes,,,no,yes,yes,no,,no,,,,no,no,,,,,no,,,,GW Bush,GW Bush,no,,,no,no,,,,yes,"NATO, UN, UK",no,no,no,no,2004-11-02,SRC_NELDA
002-2006-1107-L1,USA,United States of America,2006,Legislative/Parliamentary,no,no,yes,yes,yes,no,,,,no,no,no,no,no,no,no,yes,no,no,no,,,,yes,yes,no,yes,,no,,,no,no,no,,,,,,,,,GW Bush,GW Bush,no,,,no,no,,,,yes,"NATO, UN, UK",no,no,no,no,2006-11-07,SRC_NELDA
002-2008-1104-P1,USA,United States of America,2008,Executive,no,no,yes,yes,yes,no,yes,yes,no,no,no,no,no,no,no,no,no,yes,no,yes,no,yes,yes,yes,yes,no,yes,,no,,,no,no,no,,,,,yes,yes,no,no,Bush,Obama,no,,,no,no,,,,yes,"EU, NATO",no,yes,no,no,2008-11-04,SRC_NELDA
002-2010-1102-L1,USA,United States of America,2010,Legislative/Parliamentary,no,no,yes,yes,yes,no,,,no,no,no,no,no,no,no,no,no,yes,no,no,,,,yes,yes,no,yes,,no,,,no,no,,,,,,,,,,Obama,Obama,no,,,no,no,,,,yes,"EU, NATO",no,no,no,no,2010-11-02,SRC_NELDA
020-1945-0611-L1,CAN,Canada,1945,Legislative/Parliamentary,no,no,yes,yes,yes,yes,no,no,no,no,no,yes,no,no,no,no,yes,no,no,yes,yes,,,no,no,,yes,,no,,,,no,no,,,,,no,,,,King,King,no,,,no,no,yes,no,no,yes,"NATO, US, UN",no,no,no,no,1945-06-11,SRC_NELDA
020-1949-0627-L1,CAN,Canada,1949,Legislative/Parliamentary,no,no,yes,yes,yes,yes,no,no,no,no,no,yes,no,no,no,no,yes,no,no,yes,yes,,,no,no,,no,,no,,,,no,no,,,,,no,,,,St. Laurent,St. Laurent,no,,,no,no,yes,no,no,yes,"NATO, US, UN",no,no,no,no,1949-06-27,SRC_NELDA
020-1953-0810-L1,CAN,Canada,1953,Legislative/Parliamentary,no,no,yes,yes,yes,yes,no,no,no,no,no,yes,no,no,no,no,yes,no,no,yes,yes,,,no,no,,yes,,no,,,,no,no,,,,,no,,,,St. Laurent,St. Laurent,no,,,no,no,yes,no,no,yes,"NATO, US, UN",no,no,no,no,1953-08-10,SRC_NELDA
020-1957-0610-L1,CAN,Canada,1957,Legislative/Parliamentary,no,no,yes,yes,yes,yes,no,no,no,no,no,no,no,no,no,no,yes,no,no,yes,yes,,,yes,no,,yes,,no,,,no,no,,,,,,yes,yes,no,no,St. Laurent,Diefenbaker,no,,,no,no,yes,no,no,yes,"NATO, US, UN",no,no,no,no,1957-06-10,SRC_NELDA
020-1958-0331-L1,CAN,Canada,1958,Legislative/Parliamentary,no,no,yes,yes,yes,yes,no,no,no,no,no,yes,no,no,no,no,yes,no,no,yes,yes,,,no,no,,no,,no,,,,no,no,,,,,no,,,,Diefenbaker,Diefenbaker,no,,,no,no,yes,no,no,yes,"NATO, US, UN",no,no,no,no,1958-03-31,SRC_NELDA
020-1962-0618-L1,CAN,Canada,1962,Legislative/Parliamentary,no,no,yes,yes,yes,no,no,no,no,no,no,no,no,no,no,no,yes,no,no,yes,yes,,,no,yes,no,yes,,no,,,no,no,no,,,,,no,,,,Diefenbaker,Diefenbaker,no,,,no,no,yes,no,no,yes,"US, UK",no,no,no,no,1962-06-18,SRC_NELDA
020-1963-0408-L1,CAN,Canada,1963,Legislative/Parliamentary,no,no,yes,yes,yes,yes,no,no,no,no,no,no,no,no,no,no,yes,no,no,yes,yes,,,yes,yes,no,yes,,no,,,no,no,no,,,,,yes,yes,no,no,Diefenbaker,Pearson,no,,,no,no,yes,no,no,yes,"US, UK",no,no,no,no,1963-04-08,SRC_NELDA
020-1965-1108-L1,CAN,Canada,1965,Legislative/Parliamentary,no,no,yes,yes,yes,yes,no,no,no,no,no,no,no,no,no,no,yes,no,no,yes,yes,,,no,yes,yes,no,,no,,,no,no,no,,,,,no,,,,Pearson,Pearson,no,,,no,no,yes,no,no,yes,"US, UK",no,no,no,no,1965-11-08,SRC_NELDA
020-1968-0625-L1,CAN,Canada,1968,Legislative/Parliamentary,no,no,yes,yes,yes,yes,yes,no,no,no,no,no,no,no,no,no,yes,no,no,yes,no,no,,no,yes,yes,no,,no,,,no,no,no,,,,,yes,yes,no,no,Pearson,Trudeau,no,,,no,no,yes,no,no,yes,"US, UK",no,no,no,no,1968-06-25,SRC_NELDA
020-1972-1030-L1,CAN,Canada,1972,Legislative/Parliamentary,no,no,yes,yes,yes,no,no,no,no,no,no,no,no,no,no,no,yes,no,no,yes,yes,,,no,yes,yes,yes,,no,,,no,no,no,,,,,no,,,,Trudeau,Trudeau,no,,,no,no,yes,no,no,yes,"US, UK",no,no,no,no,1972-10-30,SRC_NELDA
020-1974-0708-L1,CAN,Canada,1974,Legislative/Parliamentary,no,no,yes,yes,yes,yes,no,no,no,no,no,no,no,no,no,no,yes,no,no,yes,yes,,,no,yes,yes,no,,no,,,no,no,no,,,,,no,,,,Trudeau,Trudeau,no,,,no,no,yes,no,no,yes,"US, UK",no,no,no,no,1974-07-08,SRC_NELDA
020-1979-0522-L1,CAN,Canada,1979,Legislative/Parliamentary,no,no,yes,yes,yes,no,no,no,no,no,no,no,no,no,no,no,yes,no,no,yes,yes,,,yes,yes,no,yes,,no,,,no,no,no,,,,,yes,yes,no,no,Trudeau,Clark,no,,,no,no,yes,no,no,yes,"US, UK",no,no,no,no,1979-05-22,SRC_NELDA
020-1980-0218-L1,CAN,Canada,1980,Legislative/Parliamentary,no,no,yes,yes,yes,yes,no,no,no,no,no,no,no,no,no,no,no,no,no,yes,yes,,,yes,yes,no,yes,,no,,,no,no,no,,,,,yes,yes,no,no,Clark,Trudeau,no,,,no,no,yes,no,no,yes,"US, UK",no,no,no,no,1980-02-18,SRC_NELDA
020-1984-0904-L1,CAN,Canada,1984,Legislative/Parliamentary,no,no,yes,yes,yes,no,no,no,no,no,no,no,no,no,no,no,no,no,no,yes,yes,,,yes,yes,no,yes,,no,,,no,no,no,,,,,yes,yes,no,no,Turner,Mulroney,no,,,no,no,yes,no,no,yes,"US, UK",no,no,no,no,1984-09-04,SRC_NELDA
020-1988-1121-L1,CAN,Canada,1988,Legislative/Parliamentary,no,no,yes,yes,yes,no,no,no,no,no,no,no,no,no,no,no,yes,no,no,yes,yes,,,no,yes,yes,yes,,no,,,no,no,no,,,,,no,,,,Mulroney,Mulroney,no,,,no,no,yes,no,no,yes,"US, UK",no,no,no,no,1988-11-21,SRC_NELDA
020-1993-1025-L1,CAN,Canada,1993,Legislative/Parliamentary,no,no,yes,yes,yes,no,no,no,no,no,no,no,no,no,no,no,no,no,no,yes,yes,,,yes,yes,no,yes,,no,,,no,no,no,,,,,yes,yes,no,no,Kim Campbell,Chretien,no,,,no,no,yes,no,no,yes,"US, UK",no,no,no,no,1993-10-25,SRC_NELDA
020-1997-0602-L1,CAN,Canada,1997,Legislative/Parliamentary,no,no,yes,yes,yes,no,no,no,no,no,no,no,no,no,no,no,yes,no,no,yes,yes,,,no,yes,yes,yes,,no,,,no,no,no,,,,,no,,,,Chretien,Chretien,no,,,no,no,yes,no,no,yes,"US, UK",no,no,no,no,1997-06-02,SRC_NELDA
020-2000-1127-L1,CAN,Canada,2000,Legislative/Parliamentary,no,no,yes,yes,yes,no,no,no,no,no,no,no,no,no,no,no,yes,no,no,yes,yes,,,no,yes,yes,no,,no,,,no,no,no,,,,,no,,,,Chretien,Chretien,no,,,no,no,yes,no,no,yes,"US, UK",no,no,no,no,2000-11-27,SRC_NELDA
020-2004-0628-L1,CAN,Canada,2004,Legislative/Parliamentary,no,no,yes,yes,yes,no,no,no,no,no,no,no,no,no,no,no,yes,no,no,yes,yes,,,no,yes,no,yes,,no,,,no,no,no,,,,,no,,,,Martin,Martin,no,,,no,no,yes,no,no,yes,"US, UK",no,no,no,no,2004-06-28,SRC_NELDA
020-2006-0123-L1,CAN,Canada,2006,Legislative/Parliamentary,no,no,yes,yes,yes,yes,no,no,no,no,no,no,no,no,no,no,yes,no,no,yes,yes,,,yes,yes,no,yes,,no,,,no,no,no,,,,,yes,yes,no,no,Martin,Harper,no,,,no,no,yes,no,no,yes,"US, UK",no,no,no,no,2006-01-23,SRC_NELDA
020-2008-1014-L1,CAN,Canada,2008,Legislative/Parliamentary,no,no,yes,yes,yes,yes,no,no,no,no,no,no,no,no,no,no,no,no,no,yes,yes,,,no,yes,yes,no,,no,,,no,no,no,,,,,no,,,,Harper,Harper,no,,,no,no,yes,no,no,yes,"NATO, EU, US",no,no,no,no,2008-10-14,SRC_NELDA
040-1946-0601-L1,CUB,Cuba,1946,Legislative/Parliamentary,no,no,yes,yes,yes,no,,,,no,no,yes,no,no,no,no,yes,no,yes,no,,,,no,no,,no,,no,,,,no,no,,,,,,,,,Grau San Martin,Grau San Martin,no,,,no,no,yes,no,no,yes,US,no,no,no,no,1946-06-01,SRC_NELDA
040-1948-0601-L1,CUB,Cuba,1948,Legislative/Parliamentary,no,no,yes,yes,yes,no,,,,no,no,yes,no,no,no,no,yes,no,yes,no,,,,no,no,,no,,no,,,,no,no,,,,,,,,,Grau San Martin,Prio Socarres,no,,,no,no,yes,no,yes,yes,US,no,yes,no,no,1948-06-01,SRC_NELDA
040-1948-0601-P1,CUB,Cuba,1948,Executive,no,no,yes,yes,yes,no,yes,yes,no,no,no,yes,no,no,no,no,yes,no,yes,yes,no,yes,yes,no,no,,no,,no,,,,no,no,,,,,yes,yes,no,no,Grau San Martin,Prio Socarres,no,,,no,no,yes,no,yes,yes,US,no,yes,no,no,1948-06-01,SRC_NELDA
040-1950-0601-L1,CUB,Cuba,1950,Legislative/Parliamentary,no,no,yes,yes,yes,no,,,,no,no,yes,no,no,no,no,yes,no,yes,no,,,,no,no,,yes,,no,,,,no,no,,,,,,,,,Prio Socarres,Prio Socarres,no,,,no,no,yes,no,no,yes,US,no,no,no,no,1950-06-01,SRC_NELDA
040-1954-1101-L1,CUB,Cuba,1954,Legislative/Parliamentary,yes,no,yes,yes,yes,,,,,no,yes,yes,yes,yes,yes,yes,yes,no,yes,no,,,,no,no,,no,yes,no,,,,yes,no,,,,,no,,,,Batista,Batista,no,,,no,no,yes,no,no,yes,US,no,no,no,no,1954-11-01,SRC_NELDA
040-1954-1101-P1,CUB,Cuba,1954,Executive,yes,no,yes,yes,no,,no,no,yes,no,yes,yes,yes,yes,yes,yes,yes,no,yes,yes,yes,,,no,no,,no,yes,no,,,,yes,no,,,,,no,,,,Batista,Batista,no,,,no,no,yes,no,no,yes,US,no,no,no,no,1954-11-01,SRC_NELDA
040-1958-1103-L1,CUB,Cuba,1958,Legislative/Parliamentary,no,no,yes,yes,yes,no,,,,no,yes,yes,yes,yes,yes,yes,yes,no,no,no,,,,no,no,,no,yes,yes,yes,yes,,yes,no,,,,,,,,,Batista,Castro,no,,,yes,no,no,no,yes,yes,US,no,yes,no,yes,1958-11-03,SRC_NELDA
040-1993-0224-L1,CUB,Cuba,1993,Legislative/Parliamentary,yes,no,no,no,no,,no,no,no,no,yes,yes,yes,yes,yes,no,no,yes,,yes,yes,,,no,unclear,unclear,no,no,no,,,no,no,no,,,,,no,,,,Castro,Castro,no,,,,,no,,,unclear,,,,unclear,,1993-02-24,SRC_NELDA
040-1998-0111-L1,CUB,Cuba,1998,Legislative/Parliamentary,no,no,no,no,no,unclear,no,no,no,no,yes,yes,yes,unclear,yes,no,no,yes,,yes,yes,,,no,unclear,,,no,no,,,no,no,no,,,,,no,,,,Castro,Castro,no,,,,,no,,,unclear,,,,unclear,,1998-01-11,SRC_NELDA
040-2003-0119-L1,CUB,Cuba,2003,Legislative/Parliamentary,no,no,no,no,no,unclear,no,no,no,no,yes,yes,yes,unclear,yes,no,no,yes,yes,yes,yes,,,no,unclear,,no,no,no,,,no,,no,,,,,no,,,,Castro,Castro,no,,,,,no,,,unclear,,,,yes,,2003-01-19,SRC_NELDA
040-2008-0120-L1,CUB,Cuba,2008,Legislative/Parliamentary,no,no,no,no,no,no,,,,no,yes,yes,,,,no,yes,no,no,no,,,,no,no,,,no,no,,,,no,no,,,,,no,,,,Fidel Castro,Fidel Castro,no,,,no,yes,no,no,no,no,suspended member of OAS,,,no,no,2008-01-20,SRC_NELDA
041-1946-0512-A1,HTI,Haiti,1946,Constituent Assembly,yes,no,yes,yes,yes,,yes,no,no,yes,no,,no,no,no,no,yes,no,no,no,no,no,,,no,,,yes,yes,yes,yes,,yes,no,,,,,yes,yes,no,no,Lavaud,Estime,no,,,no,no,yes,no,yes,yes,US,no,yes,no,no,1946-05-12,SRC_NELDA
041-1946-0512-L1,HTI,Haiti,1946,Legislative/Parliamentary,yes,no,yes,yes,yes,,,,,yes,no,,no,no,no,no,yes,no,no,no,,,,,no,,,yes,yes,yes,yes,,yes,no,,,,,,,,,Lavaud,Estime,no,,,no,no,yes,no,yes,yes,US,no,yes,no,no,1946-05-12,SRC_NELDA
041-1950-1008-A1,HTI,Haiti,1950,Constituent Assembly,yes,no,yes,yes,yes,,,,,no,no,yes,no,no,no,no,yes,no,no,no,,,,no,no,,no,,no,,,,no,no,,,,,,,,,Magloire,Magloire,no,,,no,no,yes,no,no,yes,US,no,no,no,no,1950-10-08,SRC_NELDA
041-1950-1008-L1,HTI,Haiti,1950,Legislative/Parliamentary,yes,no,yes,yes,yes,,,,,no,no,yes,no,no,no,no,yes,no,no,no,,,,no,no,,no,,no,,,,no,no,,,,,,,,,Magloire,Magloire,no,,,no,no,yes,no,no,yes,US,no,no,no,no,1950-10-08,SRC_NELDA
041-1950-1008-P1,HTI,Haiti,1950,Executive,yes,yes,yes,yes,yes,,no,no,no,no,no,yes,no,no,no,no,yes,no,no,yes,yes,,,no,no,,no,,no,,,,no,no,,,,,no,,,,Magloire,Magloire,no,,,no,no,yes,no,no,yes,US,no,no,no,no,1950-10-08,SRC_NELDA
041-1957-0922-L1,HTI,Haiti,1957,Legislative/Parliamentary,yes,no,yes,yes,yes,,,,,yes,yes,,yes,yes,no,no,no,yes,no,no,,,,,no,,yes,yes,yes,yes,yes,,yes,no,,,,,,,,,Kebreau,"Duvalier, Francois",no,,,no,no,yes,no,no,yes,US,no,no,no,no,1957-09-22,SRC_NELDA
041-1957-0922-P1,HTI,Haiti,1957,Executive,yes,no,yes,yes,yes,,yes,no,no,yes,yes,,yes,yes,no,no,no,yes,no,yes,no,no,,,no,,no,yes,yes,yes,yes,,yes,no,,,,,yes,yes,no,no,Kebreau,"Duvalier, Francois",no,,,no,no,yes,no,no,yes,US,no,no,no,no,1957-09-22,SRC_NELDA
041-1961-0430-L1,HTI,Haiti,1961,Legislative/Parliamentary,no,no,yes,no,yes,no,,,,no,yes,yes,no,no,yes,yes,no,no,yes,no,,,,no,no,,no,yes,yes,yes,yes,,unclear,,,,,,no,,,,"Duvalier, Francois","Duvalier, Francois",unclear,,,unclear,unclear,no,,,yes,"usa, un",yes,no,yes,no,1961-04-30,SRC_NELDA
041-1964-0422-P1,HTI,Haiti,1964,Executive,no,no,yes,yes,yes,no,no,no,no,no,yes,yes,no,no,yes,yes,no,no,yes,yes,yes,,,no,no,,no,yes,yes,yes,yes,,yes,no,,,,,no,,,,"Duvalier, Francois","Duvalier, Francois",unclear,,,unclear,unclear,no,yes,no,yes,"usa, un",yes,no,no,no,1964-04-22,SRC_NELDA
041-1967-0122-L1,HTI,Haiti,1967,Legislative/Parliamentary,no,no,no,no,unclear,unclear,no,no,no,no,yes,yes,yes,,,yes,no,no,no,no,,,,,no,,,,no,,,,no,no,,,,,,,,,"Duvalier, Francois","Duvalier, Francois",no,,,no,no,no,no,no,yes,US,no,no,no,no,1967-01-22,SRC_NELDA
041-1973-0211-L1,HTI,Haiti,1973,Legislative/Parliamentary,no,no,yes,no,yes,yes,,,,no,yes,yes,no,no,yes,yes,no,no,yes,no,,,,no,no,,no,yes,yes,no,no,,no,,,,,,no,,,,"Duvalier, Jean-","Duvalier, Jean-",unclear,,,unclear,unclear,no,yes,no,yes,"usa, un",yes,no,no,no,1973-02-11,SRC_NELDA
041-1979-0211-L1,HTI,Haiti,1979,Legislative/Parliamentary,no,no,yes,no,yes,no,,,,no,yes,yes,no,no,yes,yes,no,no,yes,no,,,,no,no,,no,yes,yes,yes,yes,,yes,,,,,,no,,,,"Duvalier, Jean-","Duvalier, Jean-",yes,yes,yes,unclear,unclear,no,yes,no,yes,"usa, un",yes,no,no,no,1979-02-11,SRC_NELDA
041-1984-0212-L1,HTI,Haiti,1984,Legislative/Parliamentary,no,no,yes,no,yes,no,,,,no,yes,yes,no,no,yes,yes,no,no,yes,no,,,,no,no,,no,yes,yes,yes,yes,,yes,,,,,,no,,,,"Duvalier, Jean-","Duvalier, Jean-",yes,yes,yes,no,no,no,yes,no,yes,"usa, un",yes,no,no,no,1984-02-12,SRC_NELDA
041-1986-1019-A1,HTI,Haiti,1986,Constituent Assembly,yes,yes,yes,yes,yes,,,,,yes,yes,yes,no,yes,yes,yes,no,no,yes,no,,,,no,no,,no,yes,yes,yes,yes,,yes,,,,,,no,,,,namphy,namphy,yes,yes,yes,no,no,no,yes,no,yes,"usa, un",yes,no,no,no,1986-10-19,SRC_NELDA
041-1987-1129-L1,HTI,Haiti,1987,Legislative/Parliamentary,no,no,yes,yes,yes,yes,,,,no,yes,yes,no,yes,yes,yes,no,no,yes,no,,,,no,no,,,yes,yes,yes,yes,,yes,,,,,,no,,,,Namphy,Namphy,yes,yes,yes,no,no,no,,,yes,"usa, un",yes,no,no,no,1987-11-29,SRC_NELDA
041-1987-1129-P1,HTI,Haiti,1987,Executive,no,no,yes,yes,yes,yes,no,no,no,no,yes,yes,no,yes,yes,yes,no,no,yes,yes,yes,,,no,no,,no,yes,yes,yes,yes,,yes,,,,,,no,,,,Namphy,Namphy,yes,yes,yes,no,no,no,yes,no,yes,"usa, un",yes,no,no,no,1987-11-29,SRC_NELDA
041-1988-0117-L1,HTI,Haiti,1988,Legislative/Parliamentary,no,no,yes,yes,yes,yes,,,,no,yes,yes,yes,yes,yes,yes,no,no,yes,no,,,,no,no,,no,yes,yes,yes,yes,,yes,,,,,,no,,,,Namphy,Namphy,no,,,yes,no,no,no,yes,yes,"usa, un",no,yes,no,no,1988-01-17,SRC_NELDA
041-1988-0117-P1,HTI,Haiti,1988,Executive,no,no,yes,yes,yes,yes,no,no,yes,no,yes,yes,yes,yes,yes,yes,no,no,yes,yes,yes,,,no,no,,no,yes,yes,yes,yes,,yes,no,,,,,no,,,,Namphy,Namphy,no,,,yes,no,no,no,yes,yes,"usa, un",no,yes,no,no,1988-01-17,SRC_NELDA
041-1990-1216-L1,HTI,Haiti,1990,Legislative/Parliamentary,yes,yes,yes,yes,yes,,,,,yes,yes,no,no,no,no,no,no,yes,yes,no,,,,,no,,,no,no,,,,yes,no,,,,,,,,,Pascal-Troillet,Aristide,yes,yes,no,no,no,yes,no,no,yes,France,no,no,yes,,1990-12-16,SRC_NELDA
041-1990-1216-L2,HTI,Haiti,1991,Legislative/Parliamentary,yes,yes,yes,yes,yes,,,,,yes,yes,unclear,no,no,unclear,unclear,no,yes,yes,no,,,,,unclear,,unclear,unclear,no,,,,yes,no,,,,,,,,,Pascal-Troillet,Aristide,yes,yes,no,no,no,unclear,unclear,unclear,unclear,,,,yes,,1991-01-20,SRC_NELDA
041-1990-1216-P1,HTI,Haiti,1990,Executive,yes,yes,yes,yes,yes,,yes,yes,no,yes,yes,unclear,no,no,no,unclear,no,yes,yes,yes,no,no,,,unclear,,yes,no,,,,,yes,,,,,,yes,yes,no,no,Pascal-Troillet,Aristide,yes,yes,no,no,no,unclear,,,unclear,,,,yes,,1990-12-16,SRC_NELDA
041-1995-0625-L1,HTI,Haiti,1995,Legislative/Parliamentary,yes,no,yes,yes,yes,,,no,no,no,yes,no,no,yes,no,no,no,yes,yes,no,,,,,no,,no,no,no,,,no,no,no,,,,,,,,,Aristide,Aristide,yes,yes,no,no,no,yes,no,no,no,,,,yes,,1995-06-25,SRC_NELDA
041-1995-0625-L2,HTI,Haiti,1995,Legislative/Parliamentary,yes,no,yes,yes,yes,,,no,no,no,yes,no,no,yes,no,no,no,yes,yes,no,,,,,no,,no,no,no,,,no,no,no,,,,,,,,,Aristide,Aristide,yes,yes,no,no,no,yes,no,no,no,,,,yes,,1995-08-13,SRC_NELDA
041-1995-0625-L3,HTI,Haiti,1995,Legislative/Parliamentary,yes,no,yes,yes,yes,,,no,no,no,yes,no,no,yes,no,no,no,yes,yes,no,,,,,no,,no,no,no,,,no,no,no,,,,,,,,,Aristide,Aristide,yes,yes,no,no,no,yes,no,no,no,,,,yes,,1995-09-17,SRC_NELDA
041-1995-1217-P1,HTI,Haiti,1995,Executive,no,no,yes,yes,yes,no,yes,yes,no,no,yes,yes,no,yes,no,unclear,no,yes,yes,yes,no,yes,yes,no,unclear,unclear,no,,no,,,no,no,no,,,,,yes,yes,no,no,Aristide,Preval,yes,yes,no,no,no,yes,no,unclear,unclear,,,,,,1995-12-17,SRC_NELDA
041-1997-0406-L1,HTI,Haiti,1997,Legislative/Parliamentary,no,no,yes,yes,yes,no,,,no,no,yes,yes,no,yes,no,yes,no,yes,yes,no,,,,no,no,,no,yes,yes,yes,no,no,yes,no,,,,,,,,,Preval,Preval,yes,yes,yes,no,no,,,,,,,,yes,,1997-04-06,SRC_NELDA
041-2000-0521-L1,HTI,Haiti,2000,Legislative/Parliamentary,yes,no,yes,yes,yes,,,,no,no,yes,yes,no,yes,yes,yes,no,yes,yes,no,,,,,no,,no,yes,yes,,,no,yes,no,,,,,,,,,Preval,Preval,yes,yes,yes,no,yes,no,yes,,no,"france, un, oas, canada",yes,,yes,,2000-05-21,SRC_NELDA
041-2000-0521-L2,HTI,Haiti,2000,Legislative/Parliamentary,yes,no,yes,yes,yes,,,,no,no,yes,yes,no,yes,yes,yes,no,yes,yes,no,,,,,no,,no,yes,yes,,,no,yes,no,,,,,,,,,Preval,Preval,yes,yes,yes,no,yes,no,yes,,no,"france, un, oas, canada",yes,,yes,,2000-07-09,SRC_NELDA
041-2000-0521-L3,HTI,Haiti,2000,Legislative/Parliamentary,yes,no,yes,yes,yes,,,,no,no,yes,yes,no,yes,yes,yes,no,yes,yes,no,,,,,no,,no,yes,yes,,,no,yes,no,,,,,,,,,Preval,Preval,yes,yes,yes,no,yes,no,yes,,no,"france, un, oas, canada",yes,,yes,,2000-11-26,SRC_NELDA
041-2000-1126-P1,HTI,Haiti,2000,Executive,no,no,yes,yes,yes,no,yes,yes,no,no,unclear,unclear,no,yes,yes,unclear,no,yes,yes,yes,no,yes,yes,no,yes,yes,no,yes,no,,,no,yes,no,,,,,yes,yes,no,no,Preval,Aristide,yes,yes,no,no,yes,no,yes,no,no,"oas, un",yes,no,yes,,2000-11-26,SRC_NELDA
041-2006-0207-L1,HTI,Haiti,2006,Legislative/Parliamentary,no,no,yes,yes,yes,yes,,,,no,yes,no,no,no,no,no,no,no,yes,no,,,,no,no,,yes,yes,yes,yes,yes,no,yes,no,,,,,,,,,Alexandre,Preval,yes,yes,yes,no,no,yes,no,no,yes,"us, oas, imf",no,no,no,no,2006-02-07,SRC_NELDA
041-2006-0207-L2,HTI,Haiti,2006,Legislative/Parliamentary,no,no,yes,yes,yes,yes,,,,no,yes,unclear,no,no,no,no,no,no,yes,no,,,,,no,,yes,yes,no,,,no,no,,,,,,,,,,Alexandre,Preval,yes,yes,no,no,no,yes,no,no,yes,us,no,no,no,no,2006-04-21,SRC_NELDA
041-2006-0207-P1,HTI,Haiti,2006,Executive,no,no,yes,yes,yes,yes,yes,yes,no,no,yes,no,yes,no,no,no,no,no,yes,yes,no,no,,yes,no,,yes,yes,yes,yes,yes,no,yes,no,,,,,yes,yes,yes,no,Alexandre,Preval,yes,yes,yes,no,no,yes,no,no,yes,"us, oas, imf",no,no,no,no,2006-02-07,SRC_NELDA
041-2010-1128-L1,HTI,Haiti,2010,Legislative/Parliamentary,no,no,yes,yes,yes,yes,,,,no,yes,no,yes,no,no,no,no,yes,yes,no,,,,yes,no,,yes,yes,yes,yes,no,no,yes,,,,,,,,,,Rene Preval,Rene Preval,yes,yes,yes,no,no,yes,no,no,yes,"US, UN, Canada",no,no,no,no,2010-11-28,SRC_NELDA
041-2010-1128-P1,HTI,Haiti,2010,Executive,no,no,yes,yes,yes,yes,yes,yes,yes,no,yes,no,yes,no,no,no,no,yes,yes,yes,no,no,,no,yes,no,no,yes,yes,yes,no,no,yes,,,,,,no,,,,Rene Preval,Rene Preval,yes,yes,yes,no,no,yes,no,no,yes,"US, UN, Canada",no,no,no,no,2010-11-28,SRC_NELDA
041-2010-1128-P2,HTI,Haiti,2011,Executive,no,no,yes,yes,yes,yes,yes,yes,yes,no,yes,no,yes,no,no,no,no,yes,yes,yes,no,no,,yes,yes,no,yes,yes,yes,yes,no,no,no,,,,,,yes,yes,no,no,Rene Preval,Michel Martelly,yes,yes,yes,no,no,yes,no,no,yes,"US, UN, Canada",no,no,no,no,2011-03-20,SRC_NELDA
042-1946-1214-A1,DOM,Dominican Republic,1946,Constituent Assembly,no,yes,yes,yes,yes,no,,,,no,yes,yes,no,no,no,yes,yes,no,no,no,,,,no,no,,no,,no,,,,no,no,,,,,,,,,Rafel Trujillo,Rafel Trujillo,no,,,no,no,yes,no,no,yes,US,no,no,no,no,1946-12-14,SRC_NELDA
042-1947-0516-L1,DOM,Dominican Republic,1947,Legislative/Parliamentary,no,yes,yes,yes,yes,no,,,,no,yes,yes,no,no,no,yes,yes,no,no,no,,,,no,no,,no,no,no,,,,no,no,,,,,,,,,Rafel Trujillo,Rafel Trujillo,no,,,no,no,yes,no,no,yes,US,no,no,no,no,1947-05-16,SRC_NELDA
042-1947-0516-P1,DOM,Dominican Republic,1947,Executive,no,yes,yes,yes,yes,no,no,no,no,no,yes,yes,no,no,no,yes,yes,no,no,yes,yes,,,no,no,,no,no,no,,,,no,no,,,,,no,,,,Rafel Trujillo,Rafel Trujillo,no,,,no,no,yes,no,no,yes,US,no,no,no,no,1947-05-16,SRC_NELDA
042-1952-0516-L1,DOM,Dominican Republic,1952,Legislative/Parliamentary,no,no,no,no,no,no,,,,no,yes,yes,,,,yes,yes,no,no,no,,,,no,no,,,no,no,,,,no,no,,,,,,,,,Rafel Trujillo,Rafel Trujillo,no,,,no,no,yes,no,no,yes,US,no,no,no,no,1952-05-16,SRC_NELDA
042-1952-0516-P1,DOM,Dominican Republic,1952,Executive,no,no,no,no,no,no,,,,no,yes,yes,,,,yes,yes,no,no,no,,,,no,no,,,no,no,,,,no,no,,,,,,,,,Rafel Trujillo,Rafel Trujillo,no,,,no,no,yes,no,no,yes,US,no,no,no,no,1952-05-16,SRC_NELDA
042-1955-1113-A1,DOM,Dominican Republic,1955,Constituent Assembly,no,no,no,no,no,,,,,no,yes,yes,,,,yes,yes,no,yes,no,,,,no,no,,,no,no,,,,no,no,,,,,,,,,Rafel Trujillo,Rafel Trujillo,no,,,no,no,yes,no,no,yes,"US, UK, OAS",no,no,no,no,1955-11-13,SRC_NELDA
042-1957-0516-L1,DOM,Dominican Republic,1957,Legislative/Parliamentary,no,no,no,no,no,no,,,,no,yes,yes,,,,yes,yes,no,no,no,,,,no,no,,,no,no,,,,no,no,,,,,,,,,Rafel Trujillo,Rafel Trujillo,no,,,no,no,yes,no,no,yes,US,no,no,no,no,1957-05-16,SRC_NELDA
042-1957-0516-P1,DOM,Dominican Republic,1957,Executive,no,no,no,no,no,no,,,,no,yes,yes,,,,yes,yes,no,no,no,,,,no,no,,,no,no,,,,no,no,,,,,,,,,Rafel Trujillo,Rafel Trujillo,no,,,no,no,yes,no,no,yes,US,no,no,no,no,1957-05-16,SRC_NELDA
042-1962-1220-L1,DOM,Dominican Republic,1962,Legislative/Parliamentary,yes,yes,yes,yes,yes,,,,,yes,yes,no,no,no,no,no,yes,no,no,no,,,,,no,,yes,no,no,,,,no,,,,,,no,,,,Filiberto Bonnelly,Filiberto Bonnelly,unclear,,,unclear,unclear,no,no,yes,yes,oas,no,yes,no,no,1962-12-20,SRC_NELDA
042-1962-1220-P1,DOM,Dominican Republic,1962,Executive,yes,yes,yes,yes,yes,,yes,no,no,yes,yes,no,no,no,no,no,yes,no,no,yes,no,no,,,no,,yes,no,no,,,,no,,,,,,yes,yes,no,no,Filiberto Bonnelly,Bosch,unclear,,,unclear,unclear,no,no,yes,yes,oas,no,yes,no,no,1962-12-20,SRC_NELDA
042-1966-0601-L1,DOM,Dominican Republic,1966,Legislative/Parliamentary,no,no,yes,yes,yes,yes,,,,yes,yes,no,no,no,no,no,yes,no,no,no,,,,,no,,yes,no,no,,,,no,,,,,,no,,,,Godoy/ Berreras/ Bartolome Benoit/ Molina Urena,Balaguer,yes,yes,no,no,no,yes,no,yes,yes,"oas, usa",no,yes,no,no,1966-06-01,SRC_NELDA
042-1966-0601-P1,DOM,Dominican Republic,1966,Executive,no,no,yes,yes,yes,yes,yes,no,no,yes,yes,no,no,no,no,no,yes,no,no,yes,no,no,,,no,,yes,no,no,,,,no,,,,,,yes,yes,no,no,Godoy/ Berreras/ Bartolome Benoit/ Molina Urena,balaguer,yes,yes,no,no,no,yes,no,yes,yes,"oas, usa",no,yes,no,no,1966-06-01,SRC_NELDA
042-1970-0516-L1,DOM,Dominican Republic,1970,Legislative/Parliamentary,no,no,yes,yes,yes,no,,,,no,yes,yes,no,yes,no,no,yes,no,no,no,,,,no,no,,no,no,yes,no,no,,no,,,,,,no,,,,Balaguer,Balaguer,yes,yes,no,no,no,yes,no,no,yes,"oas, usa",no,no,no,no,1970-05-16,SRC_NELDA
042-1970-0516-P1,DOM,Dominican Republic,1970,Executive,no,no,yes,yes,yes,no,no,no,no,no,yes,yes,no,yes,no,no,yes,no,no,yes,yes,,,no,no,,no,no,yes,no,no,,no,no,,,,,no,,,,Balaguer,Balaguer,yes,yes,no,no,no,yes,no,no,yes,"oas, usa",no,yes,no,no,1970-05-16,SRC_NELDA
042-1974-0516-L1,DOM,Dominican Republic,1974,Legislative/Parliamentary,no,no,yes,yes,yes,no,,,,no,yes,yes,no,yes,no,yes,yes,no,no,no,,,,no,no,,no,yes,yes,yes,no,,no,,,,,,no,,,,Balaguer,Balaguer,yes,yes,no,no,no,yes,no,no,yes,"oas, usa",no,no,no,no,1974-05-16,SRC_NELDA
042-1974-0516-P1,DOM,Dominican Republic,1974,Executive,no,no,yes,yes,yes,no,no,no,no,no,yes,yes,no,yes,no,yes,yes,no,no,yes,yes,,,no,no,,no,yes,yes,yes,no,,no,no,,,,,no,,,,Balaguer,Balaguer,yes,yes,no,no,no,yes,no,no,yes,"oas, usa",no,no,no,no,1974-05-16,SRC_NELDA
042-1978-0516-L1,DOM,Dominican Republic,1978,Legislative/Parliamentary,no,no,yes,yes,yes,no,,,,no,yes,yes,no,no,no,no,yes,no,no,no,,,,yes,no,,yes,yes,yes,yes,yes,no,no,,,,,,no,,,,Balaguer,Balaguer,yes,yes,no,no,no,yes,no,yes,yes,"oas, usa",no,yes,no,no,1978-05-16,SRC_NELDA
042-1978-0516-P1,DOM,Dominican Republic,1978,Executive,no,no,yes,yes,yes,no,no,no,yes,no,yes,yes,no,no,no,no,yes,no,no,yes,yes,,,yes,no,,yes,yes,yes,yes,yes,no,no,,,,,,yes,yes,no,no,Balaguer,Fernandez,yes,yes,no,no,no,yes,no,yes,yes,"oas, usa",no,yes,no,no,1978-05-16,SRC_NELDA
042-1982-0516-L1,DOM,Dominican Republic,1982,Legislative/Parliamentary,no,no,yes,yes,yes,no,,,,no,no,yes,no,no,no,no,no,yes,yes,no,,,,no,no,,no,no,no,,,,no,,,,,,no,,,,Fernandez,Blanco/Azar,yes,yes,no,no,no,yes,no,no,yes,"oas, usa",no,no,no,no,1982-05-16,SRC_NELDA
042-1982-0516-P1,DOM,Dominican Republic,1982,Executive,no,no,yes,yes,yes,no,yes,yes,no,no,no,yes,no,no,no,no,no,yes,yes,yes,no,yes,yes,no,no,,no,no,no,,,,no,,,,,,yes,yes,no,no,Fernandez,Blanco/Azar,yes,yes,no,no,no,yes,no,no,yes,"oas, usa",no,no,no,no,1982-05-16,SRC_NELDA
042-1986-0516-L1,DOM,Dominican Republic,1986,Legislative/Parliamentary,no,no,yes,yes,yes,no,,,,no,no,yes,no,no,no,no,no,no,yes,no,,,,no,no,,yes,no,yes,yes,no,,no,,,,,,no,,,,Blanco,Balaguer,yes,yes,no,no,no,yes,no,no,yes,"oas, usa",no,no,no,no,1986-05-16,SRC_NELDA
042-1986-0516-P1,DOM,Dominican Republic,1986,Executive,no,no,yes,yes,yes,no,yes,yes,no,no,no,yes,no,no,no,no,no,no,yes,yes,no,yes,no,yes,no,,yes,no,yes,yes,no,,no,,,,,,yes,yes,no,no,Blanco,Balaguer,yes,yes,no,no,no,yes,no,no,yes,"oas, usa",no,no,no,no,1986-05-16,SRC_NELDA
042-1990-0516-L1,DOM,Dominican Republic,1990,Legislative/Parliamentary,no,no,yes,yes,yes,no,,,,no,no,no,no,no,no,yes,no,yes,,no,,,,no,unclear,,yes,yes,no,,,no,yes,no,,,,,,,,,Balaguer,Balaguer,yes,yes,no,no,no,yes,no,no,yes,Spain,no,no,no,,1990-05-16,SRC_NELDA
042-1990-0516-P1,DOM,Dominican Republic,1990,Executive,no,no,yes,yes,yes,no,yes,no,no,no,no,unclear,no,no,no,unclear,no,yes,,yes,yes,,,no,yes,no,no,unclear,yes,yes,no,no,yes,no,,,,,no,,,,Balaguer,Balaguer,yes,yes,no,no,no,unclear,unclear,unclear,unclear,,unclear,unclear,no,,1990-05-16,SRC_NELDA
042-1994-0516-L1,DOM,Dominican Republic,1994,Legislative/Parliamentary,no,no,yes,yes,yes,no,yes,yes,no,no,no,unclear,no,no,yes,no,no,yes,,no,,,,yes,unclear,,yes,yes,yes,yes,yes,no,yes,no,,,,,,,,,Balaguer,Balaguer,yes,yes,yes,yes,no,unclear,,,unclear,,,,no,,1994-05-16,SRC_NELDA
042-1994-0516-P1,DOM,Dominican Republic,1994,Executive,no,no,yes,yes,yes,no,yes,no,no,no,no,unclear,no,no,yes,no,no,yes,,yes,yes,,,no,unclear,,no,yes,yes,yes,yes,no,yes,no,,,,,no,,,,Balaguer,Balaguer,yes,yes,yes,yes,no,unclear,,,unclear,,,,no,,1994-05-16,SRC_NELDA
042-1996-0516-P1,DOM,Dominican Republic,1996,Executive,no,no,yes,yes,yes,yes,yes,no,no,no,unclear,unclear,no,no,yes,no,no,yes,,yes,no,yes,no,yes,unclear,,yes,no,no,,,no,yes,no,,,,no,yes,yes,no,no,Balaguer,Fernandez Reyna,yes,yes,no,no,no,unclear,,,unclear,,,,no,,1996-05-16,SRC_NELDA
042-1996-0516-P2,DOM,Dominican Republic,1996,Executive,no,no,yes,yes,yes,yes,yes,no,no,no,unclear,unclear,no,no,yes,no,no,yes,,yes,no,yes,no,yes,unclear,,yes,no,no,,,no,yes,no,,,,no,yes,yes,no,no,Balaguer,Fernandez Reyna,yes,yes,no,no,no,unclear,,,unclear,,,,no,,1996-06-30,SRC_NELDA
042-1998-0516-L1,DOM,Dominican Republic,1998,Legislative/Parliamentary,no,no,yes,yes,yes,no,,no,no,no,no,no,no,no,no,no,yes,no,yes,no,,,,yes,yes,no,yes,no,no,,,no,yes,no,,,,,,,,,Fernandez Reyna,Fernandez Reyna,no,no,,,,no,,,no,,,,no,,1998-05-16,SRC_NELDA
042-2000-0516-P1,DOM,Dominican Republic,2000,Executive,no,no,yes,yes,yes,no,yes,yes,no,no,no,unclear,no,no,unclear,unclear,yes,no,yes,yes,no,yes,no,yes,yes,no,yes,,no,,,,yes,no,,,,,yes,yes,no,no,Fernandez Reyna,Hipolito Mejia,yes,yes,no,no,no,unclear,,,unclear,,,,yes,,2000-05-16,SRC_NELDA
042-2002-0516-L1,DOM,Dominican Republic,2002,Legislative/Parliamentary,no,no,yes,yes,yes,no,,no,no,no,no,yes,no,no,no,unclear,yes,no,yes,no,,,,no,yes,yes,no,,yes,yes,no,no,yes,no,,,,,,,,,Hipolito Mejia,Hipolito Mejia,yes,yes,no,no,no,unclear,,,unclear,,,,no,,2002-05-16,SRC_NELDA
042-2004-0516-P1,DOM,Dominican Republic,2004,Executive,no,no,yes,yes,yes,no,yes,yes,no,no,no,no,no,no,no,yes,no,yes,yes,yes,yes,,,yes,yes,no,yes,no,no,,,no,yes,no,,,,,yes,yes,no,no,Hipolito Mejia,Fernandez Reyna,yes,yes,no,no,no,unclear,,,unclear,,,,no,,2004-05-16,SRC_NELDA
042-2006-0516-L1,DOM,Dominican Republic,2006,Legislative/Parliamentary,no,no,yes,yes,yes,no,,,,no,no,yes,no,no,no,yes,no,no,yes,no,,,,no,yes,yes,yes,no,no,,,no,no,,,,,,,,,,Fernandez Reyna,Fernandez Reyna,yes,yes,no,no,no,yes,no,no,yes,us,no,no,no,no,2006-05-16,SRC_NELDA
042-2008-0516-P1,DOM,Dominican Republic,2008,Executive,no,no,yes,yes,yes,no,no,no,no,no,no,yes,no,no,no,no,no,no,yes,yes,yes,,,no,yes,yes,yes,,no,,,,no,no,,,,,no,,,,Leonel Fernández,Leonel Fernández,yes,yes,no,no,no,yes,no,no,yes,US,no,no,no,no,2008-05-16,SRC_NELDA
042-2010-0516-L1,DOM,Dominican Republic,2010,Legislative/Parliamentary,no,no,yes,yes,yes,no,,,,no,yes,yes,no,no,yes,no,no,no,yes,no,,,,no,yes,yes,yes,yes,yes,yes,no,,yes,no,,,,,no,,,,Leonel Fernández,Leonel Fernández,yes,yes,no,no,no,yes,no,no,yes,US,no,no,no,no,2010-05-16,SRC_NELDA
051-1967-0221-L1,JAM,Jamaica,1967,Legislative/Parliamentary,no,no,yes,yes,yes,no,yes,no,no,no,yes,yes,no,no,no,no,no,no,yes,yes,no,yes,yes,no,no,,no,no,yes,yes,no,,yes,,,,,,yes,yes,no,no,Bustamante,Sangster,yes,yes,no,no,no,yes,no,no,yes,"un, usa, uk",no,no,no,no,1967-02-21,SRC_NELDA
051-1972-0229-L1,JAM,Jamaica,1972,Legislative/Parliamentary,no,no,yes,yes,yes,no,no,no,no,no,yes,yes,no,no,no,no,no,no,yes,yes,yes,,,yes,no,,yes,no,no,,,no,no,,,,,,yes,yes,no,no,Shearer,Manley,yes,yes,no,no,no,yes,yes,no,yes,"un, oas, usa, uk",yes,no,no,no,1972-02-29,SRC_NELDA
051-1976-1215-L1,JAM,Jamaica,1976,Legislative/Parliamentary,no,no,yes,yes,yes,no,no,no,no,no,yes,yes,no,no,yes,no,no,no,yes,yes,yes,,,no,no,,no,no,no,,,,no,no,,,,,no,,,,Manley,Manley,unclear,,,,unclear,no,,,yes,"un, oas, usa, imf",no,no,no,no,1976-12-15,SRC_NELDA
051-1980-1030-L1,JAM,Jamaica,1980,Legislative/Parliamentary,no,no,yes,yes,yes,no,no,no,no,no,yes,yes,no,no,no,no,no,no,yes,yes,yes,,,yes,no,,yes,yes,no,,,no,yes,,,,,,yes,yes,no,no,Manley,Seaga,unclear,,,,unclear,no,,,yes,"un, oas, usa, imf",no,yes,no,no,1980-10-30,SRC_NELDA
051-1983-1215-L1,JAM,Jamaica,1983,Legislative/Parliamentary,no,no,yes,yes,yes,yes,no,no,no,no,yes,yes,no,yes,no,no,no,no,yes,yes,yes,,,no,yes,yes,no,no,yes,no,no,,no,no,,,,,no,,,,Seaga,Seaga,yes,yes,no,no,no,yes,no,yes,yes,"un, oas, usa, imf",no,yes,no,no,1983-12-15,SRC_NELDA
051-1989-0209-L1,JAM,Jamaica,1989,Legislative/Parliamentary,no,no,yes,yes,yes,yes,no,no,yes,no,no,no,no,no,no,no,no,no,yes,yes,yes,,,yes,yes,no,yes,no,no,,,no,no,,,,,,yes,yes,no,no,Seaga,Manley,yes,yes,no,no,no,yes,no,no,yes,"un, oas, usa, imf",no,no,no,no,1989-02-09,SRC_NELDA
051-1993-0330-L1,JAM,Jamaica,1993,Legislative/Parliamentary,no,no,yes,yes,yes,yes,no,no,no,no,no,yes,no,no,yes,yes,yes,no,yes,yes,yes,,,no,yes,yes,no,no,no,,,no,yes,no,,,,,no,,,,Patterson,Patterson,no,,,no,no,yes,,,yes,"UK, US",no,no,no,no,1993-03-30,SRC_NELDA
051-1997-1218-L1,JAM,Jamaica,1997,Legislative/Parliamentary,no,no,yes,yes,yes,no,yes,no,no,no,no,yes,no,no,no,no,no,no,yes,yes,yes,,,no,yes,yes,yes,,no,,,no,no,no,,,,,no,,,,Patterson,Patterson,yes,yes,no,no,no,yes,no,no,yes,UK,no,no,no,no,1997-12-18,SRC_NELDA
051-2002-1016-L1,JAM,Jamaica,2002,Legislative/Parliamentary,no,no,yes,yes,yes,unclear,yes,no,no,no,no,yes,no,no,no,unclear,no,no,unclear,yes,yes,,,no,yes,yes,yes,,no,,,,no,no,,,,,no,,,,Patterson,Patterson,yes,yes,no,no,no,unclear,,,unclear,,,,no,no,2002-10-16,SRC_NELDA
051-2007-0903-L1,JAM,Jamaica,2007,Legislative/Parliamentary,no,no,yes,yes,yes,yes,no,no,no,no,no,no,no,no,no,no,no,yes,yes,yes,yes,,,yes,yes,yes,yes,yes,yes,yes,yes,no,yes,,,,,,yes,yes,no,no,Simpson-Miller,Golding,yes,yes,no,no,no,yes,no,no,yes,"US, UK, UN, OAS",no,no,no,no,2007-09-03,SRC_NELDA
052-1966-1107-L1,TTO,Trinidad and Tobago,1966,Legislative/Parliamentary,no,no,yes,yes,yes,no,no,no,no,no,no,yes,no,no,no,no,no,no,no,yes,yes,,,no,no,,no,no,no,,,,no,no,,,,,no,,,,Williams,Williams,yes,yes,no,no,no,yes,no,no,yes,"un, usa, uk",no,no,no,no,1966-11-07,SRC_NELDA
052-1971-0524-L1,TTO,Trinidad and Tobago,1971,Legislative/Parliamentary,no,no,yes,yes,yes,no,no,no,no,no,yes,yes,no,yes,no,no,no,no,no,yes,yes,,,no,no,,no,no,no,,,,no,no,,,,,no,,,,Williams,Williams,yes,yes,no,no,no,yes,no,yes,yes,"un, oas, usa, uk",no,no,no,no,1971-05-24,SRC_NELDA
052-1976-0913-L1,TTO,Trinidad and Tobago,1976,Legislative/Parliamentary,no,no,yes,yes,yes,no,no,no,no,no,no,yes,no,no,no,no,yes,no,no,yes,yes,,,no,no,,yes,no,no,,,,no,no,,,,,no,,,,Williams,Williams,yes,yes,no,no,no,yes,no,yes,yes,"un, oas, usa, uk",yes,no,no,no,1976-09-13,SRC_NELDA
052-1981-1109-L1,TTO,Trinidad and Tobago,1981,Legislative/Parliamentary,no,no,yes,yes,yes,no,no,no,no,no,no,yes,no,no,no,no,yes,no,no,yes,yes,,,no,no,,no,,no,,,,no,no,,,,,no,,,,Chambers,Chambers,yes,yes,no,no,no,yes,no,no,yes,"un, oas, usa",no,no,no,no,1981-11-09,SRC_NELDA
052-1986-1215-L1,TTO,Trinidad and Tobago,1986,Legislative/Parliamentary,no,no,yes,yes,yes,no,no,no,no,no,no,no,no,no,no,no,no,no,no,yes,yes,,,yes,no,,yes,no,no,,,,no,no,,,,,yes,yes,no,no,Chambers,Robinson,yes,yes,no,no,no,yes,no,no,yes,"un, oas, usa",no,no,no,no,1986-12-15,SRC_NELDA
052-1991-1216-L1,TTO,Trinidad and Tobago,1991,Legislative/Parliamentary,no,no,yes,yes,yes,yes,no,no,no,no,no,no,no,no,no,no,no,yes,yes,yes,yes,,,yes,yes,no,yes,,no,,,no,no,no,,,,,yes,yes,no,no,Robinson,Manning,no,,,no,no,yes,no,no,yes,"OAS, Britain",no,no,no,no,1991-12-16,SRC_NELDA
052-1995-1106-L1,TTO,Trinidad and Tobago,1995,Legislative/Parliamentary,no,no,yes,yes,yes,yes,no,no,no,no,no,yes,no,no,no,no,no,no,yes,yes,yes,,,yes,yes,yes,yes,,no,,,no,no,no,,,,,yes,yes,no,no,Manning,Panday,no,,,no,no,yes,no,no,yes,UK,no,no,no,no,1995-11-06,SRC_NELDA
052-2000-1211-L1,TTO,Trinidad and Tobago,2000,Legislative/Parliamentary,no,no,yes,yes,yes,no,no,no,no,no,no,no,no,no,no,no,yes,no,yes,yes,yes,,,no,yes,no,no,,no,,,no,no,no,,,,,no,,,,Panday,Panday,yes,yes,no,no,no,yes,no,no,yes,UK,no,no,no,no,2000-12-11,SRC_NELDA
052-2001-1210-L1,TTO,Trinidad and Tobago,2001,Legislative/Parliamentary,no,no,yes,yes,yes,yes,no,no,no,no,no,no,no,no,no,no,yes,no,yes,yes,yes,,,no,no,,yes,,no,,,no,no,no,,,,,yes,yes,no,no,Panday,Manning,yes,yes,no,no,no,yes,no,no,yes,Uk,no,no,no,no,2001-12-10,SRC_NELDA
052-2002-1007-L1,TTO,Trinidad and Tobago,2002,Legislative/Parliamentary,no,no,yes,yes,yes,yes,no,no,no,no,no,no,no,no,no,no,yes,no,yes,yes,yes,,,no,yes,no,no,,no,,,no,no,no,,,,,no,,,,Manning,Manning,no,,,no,no,yes,no,no,yes,"OAS, Britain",no,no,no,no,2002-10-07,SRC_NELDA
052-2007-1105-L1,TTO,Trinidad and Tobago,2007,Legislative/Parliamentary,no,no,yes,yes,yes,no,no,no,no,no,no,no,no,no,no,no,yes,no,no,yes,yes,,,no,yes,yes,no,,no,,,no,no,no,,,,,no,,,,Manning,Manning,yes,yes,no,no,no,yes,no,no,yes,France,no,no,no,no,2007-11-05,SRC_NELDA
052-2010-0524-L1,TTO,Trinidad and Tobago,2010,Legislative/Parliamentary,no,no,yes,yes,yes,yes,no,no,no,no,no,no,no,no,no,no,no,no,no,yes,yes,,,yes,yes,no,yes,,no,,,no,no,no,,,,,yes,yes,no,no,Manning,Kamla Persad Bissessar,yes,yes,no,no,no,yes,no,no,yes,France,no,no,no,no,2010-05-24,SRC_NELDA
070-1946-0707-L1,MEX,Mexico,1946,Legislative/Parliamentary,no,no,yes,yes,yes,no,,,,no,no,yes,no,no,no,no,yes,no,no,no,,,,no,no,,no,yes,no,,,,yes,no,,,,,,,,,Avila Camacho,Aleman Valdes,no,,,no,no,yes,no,no,yes,US,no,no,no,no,1946-07-07,SRC_NELDA
070-1946-0707-P1,MEX,Mexico,1946,Executive,no,no,yes,yes,yes,no,yes,yes,no,no,no,yes,no,no,no,no,yes,no,no,yes,no,yes,yes,no,no,,no,yes,no,,,,yes,no,,,,,yes,yes,no,no,Avila Camacho,Aleman Valdes,no,,,no,no,yes,no,no,yes,US,no,no,no,no,1946-07-07,SRC_NELDA
070-1949-0703-L1,MEX,Mexico,1949,Legislative/Parliamentary,no,no,yes,yes,yes,no,,,,no,no,yes,yes,no,no,no,yes,no,no,no,,,,no,no,,no,yes,no,,,,no,no,,,,,,,,,Aleman Valdes,Aleman Valdes,no,,,no,no,yes,no,no,yes,US,no,no,no,no,1949-07-03,SRC_NELDA
070-1952-0706-L1,MEX,Mexico,1952,Legislative/Parliamentary,no,no,yes,yes,yes,no,,,,no,no,yes,yes,no,no,no,yes,no,yes,no,,,,no,no,,no,yes,yes,yes,yes,,yes,no,,,,,,,,,Aleman Valdes,Ruiz Cortines,no,,,no,no,yes,no,no,yes,US,no,no,no,no,1952-07-06,SRC_NELDA
070-1952-0706-P1,MEX,Mexico,1952,Executive,no,no,yes,yes,yes,no,yes,yes,no,no,no,yes,yes,no,no,no,yes,no,yes,yes,no,yes,yes,no,no,,no,yes,yes,yes,yes,,yes,no,,,,,yes,yes,no,no,Aleman Valdes,Ruiz Cortines,no,,,no,no,yes,no,no,yes,US,no,no,no,no,1952-07-06,SRC_NELDA
070-1955-0704-L1,MEX,Mexico,1955,Legislative/Parliamentary,no,no,yes,yes,yes,no,,,,no,no,yes,yes,no,no,no,yes,no,yes,no,,,,no,no,,no,,no,,,,no,no,,,,,,,,,Ruiz Cortines,Ruiz Cortines,no,,,no,no,yes,no,no,yes,US,no,no,no,no,1955-07-04,SRC_NELDA
070-1958-0706-L1,MEX,Mexico,1958,Legislative/Parliamentary,no,no,yes,yes,yes,no,,,,no,no,yes,no,no,no,no,yes,no,yes,no,,,,no,no,,no,,no,,,,no,no,,,,,,,,,Ruiz Cortines,Lopez Mateos,no,,,no,no,yes,no,no,yes,US,no,no,no,no,1958-07-06,SRC_NELDA
070-1958-0706-P1,MEX,Mexico,1958,Executive,no,no,yes,yes,yes,no,yes,yes,no,no,no,yes,no,no,no,no,yes,no,yes,yes,no,yes,yes,no,no,,no,,no,,,,no,no,,,,,yes,yes,no,no,Ruiz Cortines,Lopez Mateos,no,,,no,no,yes,no,no,yes,US,no,no,no,no,1958-07-06,SRC_NELDA
070-1961-0702-L1,MEX,Mexico,1961,Legislative/Parliamentary,no,no,yes,yes,yes,no,,,,no,yes,yes,no,no,unclear,unclear,unclear,no,no,no,,,,no,yes,yes,no,no,no,,,,no,no,,,,,,,,,Lopez Mateos,Lopez Mateos,no,,,no,no,yes,no,no,yes,us,no,no,no,no,1961-07-02,SRC_NELDA
070-1964-0705-L1,MEX,Mexico,1964,Legislative/Parliamentary,no,no,yes,yes,yes,no,,,,no,yes,yes,no,no,no,no,yes,no,unclear,no,,,,no,yes,yes,yes,no,no,,,,no,no,,,,,,,,,Lopez Mateos,Diaz Ordaz,no,,,no,no,yes,no,no,yes,us,no,no,no,no,1964-07-05,SRC_NELDA
070-1964-0705-P1,MEX,Mexico,1964,Executive,no,no,yes,yes,yes,no,yes,yes,no,no,yes,yes,no,no,no,no,yes,no,unclear,yes,no,yes,yes,no,yes,yes,no,no,no,,,,no,no,,,,,yes,yes,no,no,Lopez Mateos,Diaz Ordaz,no,,,no,no,yes,no,no,yes,us,no,no,no,no,1964-07-05,SRC_NELDA
070-1967-0702-L1,MEX,Mexico,1967,Legislative/Parliamentary,no,no,yes,yes,yes,no,,,,no,yes,yes,no,no,unclear,unclear,unclear,no,no,no,,,,no,yes,yes,no,no,no,,,,no,no,,,,,,,,,Diaz Ordaz,Diaz Ordaz,no,,,no,no,yes,no,no,yes,us,no,no,no,no,1967-07-02,SRC_NELDA
070-1970-0705-L1,MEX,Mexico,1970,Legislative/Parliamentary,no,no,yes,yes,yes,no,,,,no,yes,yes,no,no,no,no,yes,no,unclear,no,,,,no,yes,yes,yes,no,no,,,,no,no,,,,,,,,,Diaz Ordaz,Echeverria Alvarez,no,,,no,no,yes,no,no,yes,us,no,no,no,no,1970-07-05,SRC_NELDA
070-1970-0705-P1,MEX,Mexico,1970,Executive,no,no,yes,yes,yes,no,yes,yes,no,no,yes,yes,no,no,no,no,yes,no,unclear,yes,no,yes,yes,no,yes,yes,no,no,no,,,,no,no,,,,,yes,yes,no,no,Diaz Ordaz,Echeverria Alvarez,no,,,no,no,yes,no,no,yes,us,no,no,no,no,1970-07-05,SRC_NELDA
070-1973-0701-L1,MEX,Mexico,1973,Legislative/Parliamentary,no,no,yes,yes,yes,no,,,,no,yes,yes,no,no,unclear,unclear,yes,no,no,no,,,,no,yes,yes,yes,no,no,,,,no,no,,,,,,,,,Echeverria Alvarez,Echeverria Alvarez,no,,,no,no,no,no,no,yes,us,no,no,no,no,1973-07-01,SRC_NELDA
070-1976-0704-L1,MEX,Mexico,1976,Legislative/Parliamentary,no,no,yes,yes,yes,no,,,,no,yes,yes,no,no,no,no,no,no,no,no,,,,no,yes,yes,no,no,no,,,,no,no,,,,,,,,,Echeverria Alvarez,Lopez Portillo,no,,,no,no,no,no,yes,yes,us,no,yes,no,no,1976-07-04,SRC_NELDA
070-1976-0704-P1,MEX,Mexico,1976,Executive,no,no,yes,yes,no,no,yes,yes,no,no,yes,yes,no,yes,no,no,no,no,no,yes,no,yes,yes,no,yes,yes,no,no,no,,,,no,no,,,,,yes,yes,no,no,Echeverria Alvarez,Lopez Portillo,no,,,no,no,no,no,no,yes,us,no,no,no,no,1976-07-04,SRC_NELDA
070-1979-0701-L1,MEX,Mexico,1979,Legislative/Parliamentary,no,no,yes,yes,yes,no,,,,no,yes,yes,no,no,no,no,yes,no,no,no,,,,no,yes,yes,yes,no,no,,,,no,no,,,,,,,,,Lopez Portillo,Lopez Portillo,no,,,no,no,no,no,no,yes,us,no,no,no,no,1979-07-01,SRC_NELDA
070-1982-0704-L1,MEX,Mexico,1982,Legislative/Parliamentary,no,no,yes,yes,yes,no,,,,no,yes,yes,no,no,no,no,no,no,no,no,,,,no,yes,yes,no,no,no,,,,no,no,,,,,,,,,Lopez Portillo,de La Madrid,no,,,no,no,yes,no,no,yes,us,no,no,no,no,1982-07-04,SRC_NELDA
070-1982-0704-P1,MEX,Mexico,1982,Executive,no,no,yes,yes,yes,no,yes,yes,no,no,yes,yes,no,no,no,no,no,no,no,yes,no,yes,yes,no,yes,yes,yes,no,no,,,,no,no,,,,,yes,yes,no,no,Lopez Portillo,de La Madrid,no,,,no,no,yes,no,no,yes,us,no,no,no,no,1982-07-04,SRC_NELDA
070-1985-0707-L1,MEX,Mexico,1985,Legislative/Parliamentary,no,no,yes,yes,yes,no,,,,no,yes,yes,no,no,no,no,no,no,yes,no,,,,no,yes,yes,yes,yes,yes,yes,yes,no,no,no,,,,,,,,,de La Madrid,de La Madrid,no,,,no,no,yes,no,no,yes,us,no,no,no,no,1985-07-07,SRC_NELDA
070-1988-0706-L1,MEX,Mexico,1988,Legislative/Parliamentary,no,no,yes,yes,yes,no,,,,no,yes,yes,no,no,no,no,no,no,no,no,,,,no,yes,unclear,yes,yes,yes,yes,no,no,yes,no,,,,,,,,,de La Madrid,de La Madrid,no,,,no,no,no,no,no,yes,us,no,no,no,no,1988-07-06,SRC_NELDA
070-1988-0706-P1,MEX,Mexico,1988,Executive,no,no,yes,yes,yes,no,yes,yes,no,no,yes,yes,no,no,no,no,no,no,no,yes,no,yes,yes,no,yes,yes,yes,yes,yes,yes,no,no,yes,no,,,,,yes,yes,no,no,de La Madrid,Salinas,no,,,no,no,no,no,no,yes,us,no,no,no,no,1988-07-06,SRC_NELDA
070-1991-0818-L1,MEX,Mexico,1991,Legislative/Parliamentary,no,no,yes,yes,yes,no,,,,no,yes,yes,no,no,no,no,yes,no,no,no,,,,no,yes,yes,no,yes,yes,yes,no,no,no,no,,,,,,,,,Salinas,Salinas,no,,,no,no,yes,no,no,yes,us,no,no,no,no,1991-08-18,SRC_NELDA
070-1994-0821-L1,MEX,Mexico,1994,Legislative/Parliamentary,no,no,yes,yes,yes,no,,,,no,yes,yes,no,no,no,no,yes,no,no,no,,,,no,yes,yes,yes,yes,yes,yes,no,no,no,no,,,,,,,,,Salinas,Zedillo,yes,yes,yes,no,no,yes,no,no,yes,us,no,no,no,no,1994-08-21,SRC_NELDA
070-1994-0821-P1,MEX,Mexico,1994,Executive,no,no,yes,yes,yes,no,yes,yes,no,no,yes,yes,no,no,no,no,yes,no,no,yes,no,yes,yes,no,yes,yes,no,yes,yes,yes,no,,no,no,,,,,yes,yes,no,no,Salinas,Zedillo,yes,yes,yes,unclear,no,yes,no,no,yes,us,no,no,no,no,1994-08-21,SRC_NELDA
070-1997-0706-L1,MEX,Mexico,1997,Legislative/Parliamentary,no,no,yes,yes,yes,unclear,,,no,no,no,,no,no,no,no,no,no,yes,no,,,,no,unclear,,yes,,no,,,no,no,no,,,,,,,,,Zedillo,Zedillo,yes,yes,no,no,no,yes,no,unclear,yes,"un, oas, nafta",no,unclear,no,no,1997-07-06,SRC_NELDA
070-2000-0702-L1,MEX,Mexico,2000,Legislative/Parliamentary,no,no,yes,yes,yes,no,,,no,no,no,no,no,no,no,no,no,no,yes,no,,,,yes,unclear,,yes,,no,,,no,no,no,,,,,,,,,Zedillo,Vicente Fox Quesada,yes,yes,no,no,no,yes,no,unclear,yes,"un, oas, nafta",no,unclear,no,no,2000-07-02,SRC_NELDA
070-2000-0702-P1,MEX,Mexico,2000,Executive,no,no,yes,yes,yes,no,yes,yes,no,no,no,no,no,no,no,no,no,no,yes,yes,no,yes,no,yes,unclear,unclear,yes,,no,,,,no,no,,,,,yes,yes,no,no,Zedillo,Vicente Fox Quesada,yes,yes,no,no,no,yes,no,unclear,yes,"un, oas, nafta",no,unclear,no,no,2000-07-02,SRC_NELDA
070-2003-0706-L1,MEX,Mexico,2003,Legislative/Parliamentary,no,no,yes,yes,yes,no,,,no,no,no,no,no,no,no,no,no,yes,yes,no,,,,yes,yes,no,yes,,no,,,no,no,no,,,,,,,,,Vicente Fox Quesada,Vicente Fox Quesada,no,,,no,no,yes,no,no,yes,"un, oas, nafta",no,no,no,no,2003-07-06,SRC_NELDA
070-2006-0702-L1,MEX,Mexico,2006,Legislative/Parliamentary,no,no,yes,yes,yes,no,,,,no,no,no,no,no,no,,no,no,no,no,,,,no,yes,no,no,no,no,,,,no,no,,,,,,,,,Vicente Fox Quesada,Felipe Calderon,no,,,no,no,yes,no,no,yes,us,no,no,no,no,2006-07-02,SRC_NELDA
070-2006-0702-P1,MEX,Mexico,2006,Executive,no,no,yes,yes,yes,no,yes,yes,no,no,no,no,no,no,no,no,yes,no,no,yes,no,yes,yes,no,yes,no,no,yes,yes,yes,no,no,no,no,,,,,yes,yes,no,no,Vicente Fox Quesada,Felipe Calderon,no,,,no,no,yes,no,no,yes,us,no,no,no,no,2006-07-02,SRC_NELDA
070-2009-0705-L1,MEX,Mexico,2009,Legislative/Parliamentary,no,no,yes,yes,yes,no,,,,no,no,no,no,no,no,no,no,yes,no,no,,,,yes,yes,no,yes,,no,,,no,yes,,,,,,,,,,Calderon,Calderon,no,,,no,no,yes,no,no,yes,"EU, UN, ILO, WTO, OECD, WHO",no,no,no,no,2009-07-05,SRC_NELDA
090-1947-0124-L1,GTM,Guatemala,1947,Legislative/Parliamentary,no,no,yes,yes,yes,no,,,,no,yes,yes,no,yes,no,yes,yes,no,no,no,,,,yes,no,,no,yes,yes,yes,no,,no,no,,,,,,,,,Arevalo,Arevalo,no,,,no,no,yes,no,no,yes,US,no,no,no,no,1947-01-24,SRC_NELDA
090-1948-1126-L1,GTM,Guatemala,1948,Legislative/Parliamentary,no,no,yes,yes,yes,no,,,,no,no,no,no,no,no,no,yes,no,no,no,,,,yes,no,,no,,no,,,,no,no,,,,,,,,,Arevalo,Arevalo,no,,,no,no,yes,no,no,yes,US,no,no,no,no,1948-11-26,SRC_NELDA
090-1950-1110-P1,GTM,Guatemala,1950,Executive,no,no,yes,yes,yes,no,yes,yes,no,no,yes,yes,no,no,yes,yes,yes,no,no,yes,no,yes,yes,no,no,,no,yes,yes,yes,no,,yes,no,,,,,yes,yes,no,no,Arevalo,Arbenz Guzman,no,,,no,no,yes,no,no,yes,US,no,no,no,no,1950-11-10,SRC_NELDA
090-1950-1216-L1,GTM,Guatemala,1950,Legislative/Parliamentary,no,no,yes,yes,yes,yes,,,,no,yes,yes,no,no,yes,yes,yes,no,no,no,,,,no,no,,no,yes,yes,yes,no,,yes,no,,,,,,,,,Arevalo,Arbenz Guzman,no,,,no,no,yes,no,no,yes,US,no,no,no,no,1950-12-16,SRC_NELDA
090-1953-0116-L1,GTM,Guatemala,1953,Legislative/Parliamentary,no,no,yes,yes,yes,no,,,,no,yes,yes,no,no,no,yes,yes,no,no,no,,,,no,no,,no,,no,,,,no,no,,,,,,,,,Arbenz Guzman,Arbenz Guzman,no,,,no,no,no,yes,no,yes,US,yes,no,no,no,1953-01-16,SRC_NELDA
090-1954-1010-A1,GTM,Guatemala,1954,Constituent Assembly,yes,no,no,no,no,,no,no,no,no,yes,yes,,,,yes,yes,no,no,yes,yes,,,no,no,,,no,no,,,,yes,no,,,,,no,,,,Castillo Armas,Castillo Armas,no,,,no,no,no,no,yes,yes,US,no,yes,no,yes,1954-10-10,SRC_NELDA
090-1955-1218-L1,GTM,Guatemala,1955,Legislative/Parliamentary,yes,yes,yes,yes,yes,,,,,no,yes,yes,yes,no,no,yes,yes,no,no,no,,,,yes,no,,,yes,no,,,,no,no,,,,,,,,,Castillo Armas,Castillo Armas,no,,,no,no,yes,no,no,yes,US,no,no,no,no,1955-12-18,SRC_NELDA
090-1957-1020-L1,GTM,Guatemala,1957,Legislative/Parliamentary,no,no,yes,yes,yes,no,,,,yes,yes,yes,yes,no,yes,yes,yes,no,no,no,,,,no,no,,no,yes,yes,yes,yes,,yes,yes,yes,no,yes,yes,,,,,Gonzalez Lopez,Mendoza Azurdia,no,,,no,no,yes,no,no,yes,US,no,no,no,yes,1957-10-20,SRC_NELDA
090-1957-1020-P1,GTM,Guatemala,1957,Executive,yes,yes,yes,yes,yes,,yes,no,no,yes,yes,yes,yes,no,yes,yes,yes,no,no,yes,no,yes,no,no,no,,no,yes,yes,yes,yes,,yes,yes,yes,no,yes,yes,yes,yes,yes,yes,Gonzalez Lopez,Mendoza Azurdia,no,,,no,no,yes,no,no,yes,US,no,no,no,yes,1957-10-20,SRC_NELDA
090-1958-0119-L1,GTM,Guatemala,1958,Legislative/Parliamentary,no,no,yes,yes,yes,yes,,,,yes,yes,no,no,no,no,no,yes,no,no,no,,,,yes,no,,yes,yes,yes,yes,no,no,no,,,,,,,,,,Flores Avendano,Ydigoras Fuente,no,,,no,no,yes,no,no,yes,US,no,no,no,yes,1958-01-19,SRC_NELDA
090-1958-0119-P1,GTM,Guatemala,1958,Executive,yes,no,yes,yes,yes,,yes,no,no,yes,yes,no,no,no,no,no,yes,no,no,yes,no,yes,no,yes,no,,yes,yes,yes,yes,no,no,no,,,,,,yes,yes,no,no,Flores Avendano,Ydigoras Fuente,no,,,no,no,yes,no,no,yes,US,no,no,no,yes,1958-01-19,SRC_NELDA
090-1959-1206-L1,GTM,Guatemala,1959,Legislative/Parliamentary,no,no,yes,yes,yes,no,,,,no,yes,no,yes,no,no,no,yes,no,no,no,,,,yes,no,,no,yes,yes,yes,yes,,no,no,,,,,,,,,Ydigoras Fuente,Ydigoras Fuente,no,,,no,no,yes,no,no,yes,US,no,no,no,no,1959-12-06,SRC_NELDA
090-1961-1203-L1,GTM,Guatemala,1961,Legislative/Parliamentary,no,no,yes,yes,yes,no,no,no,no,no,no,yes,no,no,no,no,no,no,yes,no,,,,,yes,yes,no,yes,yes,yes,yes,,yes,no,,,,,,,,,Ydigoras Fuente,Ydigoras Fuente,no,,,no,no,yes,no,no,yes,US,no,no,no,no,1961-12-03,SRC_NELDA
090-1964-0524-A1,GTM,Guatemala,1964,Constituent Assembly,yes,no,no,yes,no,,no,no,no,no,yes,yes,yes,,,yes,yes,no,no,no,,,,,no,,,yes,no,,,,no,no,,,,,,,,,Peralta Azurdia,Peralta Azurdia,no,,,no,no,yes,no,no,yes,US,no,no,no,no,1964-05-24,SRC_NELDA
090-1966-0306-L1,GTM,Guatemala,1966,Legislative/Parliamentary,yes,yes,yes,yes,yes,,yes,no,no,no,no,,no,no,no,no,unclear,no,yes,yes,no,no,,,no,,,no,no,,,,yes,,,,,,yes,yes,no,no,Peralta Azurdia,Mendez Montenegro,no,,,no,no,yes,no,no,yes,us,no,no,no,no,1966-03-06,SRC_NELDA
090-1966-0306-P1,GTM,Guatemala,1966,Executive,yes,yes,yes,yes,yes,,yes,no,no,no,no,,no,no,no,,unclear,no,yes,yes,no,no,,,no,,,no,no,,,,yes,,,,,,yes,yes,no,no,Peralta Azurdia,Mendez Montenegro,no,,,no,no,yes,no,no,yes,us,no,no,no,no,1966-03-06,SRC_NELDA
090-1970-0301-L1,GTM,Guatemala,1970,Legislative/Parliamentary,no,no,yes,yes,yes,no,,,,no,yes,no,yes,yes,no,no,unclear,no,yes,no,,,,no,no,,no,no,no,,,,yes,no,,,,,,,,,Mendez Montenegro,Arana Osorio,yes,yes,no,no,no,yes,no,no,yes,us,no,no,no,no,1970-03-01,SRC_NELDA
090-1970-0301-P1,GTM,Guatemala,1970,Executive,no,no,yes,yes,yes,no,yes,yes,no,no,yes,no,yes,yes,no,no,unclear,no,yes,yes,no,no,,yes,no,,yes,no,no,,,no,yes,,,,,,yes,yes,no,no,Mendez Montenegro,Arana Osorio,yes,yes,no,no,no,yes,no,no,yes,us,no,no,no,no,1970-03-01,SRC_NELDA
090-1974-0303-L1,GTM,Guatemala,1974,Legislative/Parliamentary,no,no,yes,yes,yes,no,,,,no,yes,yes,yes,no,no,unclear,yes,no,yes,no,,,,no,no,,yes,yes,yes,yes,yes,,yes,no,,,,,,,,,Arana Osorio,Laugerud Garcia,no,,,no,no,yes,no,no,yes,us,no,no,no,no,1974-03-03,SRC_NELDA
090-1974-0303-P1,GTM,Guatemala,1974,Executive,no,no,yes,yes,yes,no,yes,yes,no,no,yes,no,yes,no,yes,unclear,yes,no,yes,yes,no,no,,no,unclear,,no,yes,yes,yes,yes,,yes,no,,,,,yes,yes,no,no,Arana Osorio,Laugerud Garcia,no,,,no,no,yes,no,no,yes,us,no,no,no,no,1974-03-03,SRC_NELDA
090-1978-0305-L1,GTM,Guatemala,1978,Legislative/Parliamentary,no,no,yes,yes,yes,no,,,,no,yes,yes,yes,no,no,no,unclear,no,yes,no,,,,no,no,,no,yes,yes,yes,no,no,yes,no,,,,,,,,,Laugerud Garcia,Lucas Garcia,yes,yes,yes,no,no,no,no,no,yes,us,no,no,no,no,1978-03-05,SRC_NELDA
090-1978-0305-P1,GTM,Guatemala,1978,Executive,no,no,yes,yes,yes,no,yes,yes,no,no,yes,yes,yes,no,no,no,unclear,no,yes,yes,no,no,,yes,no,,yes,yes,yes,yes,no,no,yes,,,,,,yes,yes,no,no,Laugerud Garcia,Lucas Garcia,yes,yes,yes,no,no,no,no,no,yes,us,no,no,no,no,1978-03-05,SRC_NELDA
090-1982-0307-L1,GTM,Guatemala,1982,Legislative/Parliamentary,no,no,yes,yes,yes,no,,,,no,yes,yes,yes,yes,unclear,unclear,no,no,yes,no,,,,no,no,,no,yes,yes,yes,yes,,yes,yes,yes,no,no,,,,,,Lucas Garcia,Rios Montt,no,,,no,no,yes,no,no,yes,us,no,yes,no,no,1982-03-07,SRC_NELDA
090-1982-0307-P1,GTM,Guatemala,1982,Executive,no,no,yes,yes,yes,no,yes,yes,no,no,yes,yes,yes,yes,unclear,unclear,no,no,yes,yes,no,no,,no,no,,no,yes,yes,yes,yes,,yes,yes,yes,no,no,,yes,no,no,yes,Lucas Garcia,Rios Montt,no,,,no,no,no,no,no,yes,us,no,no,no,no,1982-03-07,SRC_NELDA
090-1984-0701-A1,GTM,Guatemala,1984,Constituent Assembly,yes,no,yes,yes,yes,,,,,no,yes,,no,yes,no,,no,no,yes,no,,,,,no,,,no,no,,,,yes,,,,,,,,,,Mejia Victores,Mejia Victores,yes,yes,no,no,no,no,no,yes,yes,us,no,no,no,no,1984-07-01,SRC_NELDA
090-1985-1103-L1,GTM,Guatemala,1985,Legislative/Parliamentary,no,no,yes,yes,yes,no,,,,no,yes,,yes,no,no,,no,yes,yes,no,,,,,yes,,,no,no,,,no,yes,no,,,,,,,,,Mejia Victores,Cerezo,yes,yes,no,no,no,no,no,yes,yes,us,no,yes,no,no,1985-11-03,SRC_NELDA
090-1985-1103-P1,GTM,Guatemala,1985,Executive,no,no,yes,yes,yes,no,yes,no,no,no,yes,,yes,no,no,,no,yes,yes,yes,no,no,,,yes,,,no,no,,,,yes,,,,,,yes,yes,no,no,Mejia Victores,Cerezo,yes,yes,no,no,no,no,no,yes,yes,us,no,yes,no,no,1985-11-03,SRC_NELDA
090-1985-1103-P2,GTM,Guatemala,1985,Executive,no,no,yes,yes,yes,no,yes,no,no,no,no,,no,no,no,,no,yes,yes,yes,no,no,,,yes,,,no,no,,,,yes,,,,,,yes,yes,no,no,Mejia Victores,Cerezo,yes,yes,no,no,no,no,no,yes,yes,us,no,yes,no,no,1985-12-08,SRC_NELDA
090-1990-1111-L1,GTM,Guatemala,1990,Legislative/Parliamentary,no,no,yes,yes,yes,no,,,no,no,no,no,yes,no,yes,yes,no,no,yes,no,,,,,yes,no,yes,yes,no,,,,no,no,,,,,yes,yes,no,no,Cerezo,Serrano Elias,yes,yes,no,no,no,yes,no,no,yes,spain,no,no,yes,,1990-11-11,SRC_NELDA
090-1990-1111-P1,GTM,Guatemala,1990,Executive,no,no,yes,yes,yes,unclear,yes,yes,no,no,no,no,yes,no,yes,unclear,no,no,yes,yes,no,yes,no,yes,yes,no,yes,unclear,no,,,no,yes,no,,,,,yes,yes,no,no,Cerezo,Serrano Elias,yes,yes,no,unclear,unclear,yes,unclear,unclear,yes,spain,unclear,unclear,yes,,1990-11-11,SRC_NELDA
090-1990-1111-P2,GTM,Guatemala,1991,Executive,no,no,yes,yes,yes,no,yes,yes,no,no,no,no,yes,no,yes,yes,no,no,yes,yes,no,yes,no,yes,yes,no,yes,yes,no,,,no,yes,no,,,,,yes,yes,no,no,cerezo,serrano elias,yes,yes,no,no,no,yes,no,no,yes,spain,no,no,yes,,1991-01-06,SRC_NELDA
090-1994-0814-L1,GTM,Guatemala,1994,Legislative/Parliamentary,no,no,yes,yes,yes,yes,,no,no,no,yes,no,no,no,yes,yes,no,no,yes,no,,,,,yes,no,yes,yes,no,,,no,yes,no,,,,,no,,,,Leon Carpio,Leon Carpio,no,,,no,no,yes,no,no,yes,"spain, oas",no,no,yes,,1994-08-14,SRC_NELDA
090-1995-1112-L1,GTM,Guatemala,1995,Legislative/Parliamentary,no,no,yes,yes,yes,no,,,no,no,no,no,no,no,no,no,no,no,yes,no,,,,,no,,yes,no,no,,,,yes,no,,,,,no,,,,Leon Carpio,Leon Carpio,yes,yes,no,no,no,yes,no,no,yes,oas,no,no,no,no,1995-11-12,SRC_NELDA
090-1995-1112-P1,GTM,Guatemala,1995,Executive,no,no,yes,yes,yes,no,yes,yes,no,no,no,no,no,no,no,no,no,no,yes,yes,no,no,,,unclear,,no,no,no,,,no,yes,no,,,,,yes,yes,no,no,Leon Carpio,Arzu Yrigoyen,yes,yes,no,no,no,yes,unclear,unclear,yes,oas,unclear,unclear,no,no,1995-11-12,SRC_NELDA
090-1995-1112-P2,GTM,Guatemala,1996,Executive,no,no,yes,yes,yes,no,yes,yes,no,no,no,no,no,no,no,no,no,no,yes,yes,no,no,,,unclear,,no,no,no,,,no,yes,no,,,,,yes,yes,no,no,Leon Carpio,Arzu Yrigoyen,yes,yes,no,no,no,yes,unclear,unclear,yes,oas,unclear,unclear,no,no,1996-01-07,SRC_NELDA
090-1999-1107-L1,GTM,Guatemala,1999,Legislative/Parliamentary,no,no,yes,yes,yes,no,,,no,no,no,no,no,no,no,no,no,no,yes,no,,,,,unclear,,yes,no,no,,,no,yes,no,,,,,no,,,,Arzu Yrigoyen,Arzu Yrigoyen,yes,yes,no,no,no,yes,unclear,unclear,yes,oas,unclear,unclear,no,no,1999-11-07,SRC_NELDA
090-1999-1107-P1,GTM,Guatemala,1999,Executive,no,no,yes,yes,yes,no,yes,yes,no,no,no,no,no,no,no,no,no,no,yes,yes,yes,,no,yes,yes,no,yes,no,no,,,no,yes,no,,,,,yes,yes,no,no,Arzu Yrigoyen,Alfonso Portillo Cabrera,yes,yes,no,no,no,yes,unclear,unclear,yes,oas,unclear,unclear,no,no,1999-11-07,SRC_NELDA
090-1999-1107-P2,GTM,Guatemala,1999,Executive,no,no,yes,yes,yes,no,yes,yes,no,no,no,no,no,no,no,no,no,no,yes,yes,yes,,no,yes,yes,no,yes,no,no,,,no,yes,no,,,,,yes,yes,no,no,Arzu Yrigoyen,Alfonso Portillo Cabrera,yes,yes,no,no,no,yes,unclear,unclear,yes,oas,unclear,unclear,no,no,1999-12-26,SRC_NELDA
090-2003-1109-L1,GTM,Guatemala,2003,Legislative/Parliamentary,no,no,yes,yes,yes,no,,,no,no,no,no,no,no,no,no,no,no,yes,no,,,,,unclear,,yes,no,no,,,no,yes,no,,,,,no,,,,Alfonso Portillo Cabrera,Alfonso Portillo Cabrera,yes,yes,no,no,no,yes,unclear,unclear,yes,oas,unclear,unclear,no,no,2003-11-09,SRC_NELDA
090-2003-1109-P1,GTM,Guatemala,2003,Executive,no,no,yes,yes,yes,no,yes,yes,no,no,no,no,no,no,no,no,no,no,yes,yes,no,yes,no,yes,yes,no,yes,no,no,,,no,yes,no,,,,,yes,yes,no,no,Alfonso Portillo Cabrera,Berger Perdoma,yes,yes,no,no,no,yes,unclear,unclear,yes,oas,unclear,unclear,no,yes,2003-11-09,SRC_NELDA
090-2003-1109-P2,GTM,Guatemala,2003,Executive,no,no,yes,yes,yes,no,yes,yes,no,no,no,no,no,no,no,no,no,no,yes,yes,no,yes,no,yes,yes,no,yes,no,no,,,no,yes,no,,,,,yes,yes,no,no,Alfonso Portillo Cabrera,Berger Perdoma,yes,yes,no,no,no,yes,unclear,unclear,yes,oas,unclear,unclear,no,yes,2003-12-28,SRC_NELDA
090-2007-0909-L1,GTM,Guatemala,2007,Legislative/Parliamentary,no,no,yes,yes,yes,no,,,,no,no,no,no,no,no,no,no,yes,yes,no,,,,yes,no,,yes,no,,,,no,no,,,,,,,,,,Oscar Berger,Oscar Berger,yes,yes,no,no,no,yes,no,no,yes,"US, EU, Mexico",no,no,no,no,2007-09-09,SRC_NELDA
090-2007-0909-P1,GTM,Guatemala,2007,Executive,no,no,yes,yes,yes,no,yes,yes,no,no,no,no,no,no,no,no,no,yes,yes,yes,no,no,,no,no,,yes,,no,,,no,no,,,,,,no,,,,Oscar Berger,Oscar Berger,yes,yes,no,no,no,yes,no,no,yes,"US, EU, Mexico",no,no,no,no,2007-09-09,SRC_NELDA
090-2007-0909-P2,GTM,Guatemala,2007,Executive,no,no,yes,yes,yes,no,yes,yes,no,no,no,no,no,no,no,no,no,yes,yes,yes,no,no,,yes,no,,yes,,no,,,no,no,no,,,,,yes,no,no,no,Oscar Berger,Alvaro Colom,yes,yes,no,no,no,yes,no,no,yes,"US, EU, Mexico",no,no,no,no,2007-11-04,SRC_NELDA
091-1948-1010-L1,HND,Honduras,1948,Legislative/Parliamentary,yes,no,yes,yes,no,,,,,no,yes,yes,no,yes,yes,yes,no,no,no,no,,,,no,no,,no,yes,yes,no,yes,,yes,no,,,,,,,,,Carias Andino,Galvez,no,,,no,no,yes,no,yes,yes,US,no,yes,no,yes,1948-10-10,SRC_NELDA
091-1948-1010-P1,HND,Honduras,1948,Executive,yes,no,yes,yes,no,,yes,yes,yes,no,yes,yes,no,yes,yes,yes,no,no,no,yes,no,yes,yes,no,no,,no,yes,yes,no,yes,,yes,no,,,,,yes,yes,no,no,Carias Andino,Galvez,no,,,no,no,yes,no,yes,yes,US,no,yes,no,yes,1948-10-10,SRC_NELDA
091-1954-1010-L1,HND,Honduras,1954,Legislative/Parliamentary,no,no,yes,yes,yes,no,,,,no,yes,unclear,no,no,yes,no,no,yes,yes,no,,,,no,no,,yes,no,no,,,no,yes,,,,,,,,,,Galvez,Lozano Diaz,no,,,no,no,yes,no,no,yes,US,no,no,no,no,1954-10-10,SRC_NELDA
091-1954-1010-P1,HND,Honduras,1954,Executive,no,no,yes,yes,yes,no,yes,yes,no,no,yes,yes,no,no,yes,no,no,yes,yes,yes,no,yes,no,no,no,,no,,no,,,no,yes,,,,,,yes,no,no,no,Galvez,Lozano Diaz,no,,,no,no,yes,no,no,yes,US,no,no,no,no,1954-10-10,SRC_NELDA
091-1956-1007-A1,HND,Honduras,1956,Constituent Assembly,no,no,yes,yes,yes,yes,no,no,no,no,yes,yes,yes,yes,yes,yes,no,yes,yes,yes,yes,,,no,no,,no,yes,yes,yes,yes,,yes,no,,,,,yes,no,yes,yes,Lozano Diaz,Hector Caraccioli,no,,,no,no,yes,no,no,yes,US,no,no,no,no,1956-10-07,SRC_NELDA
091-1957-0922-A1,HND,Honduras,1957,Constituent Assembly,yes,no,yes,yes,yes,,yes,no,no,yes,no,no,no,no,no,no,no,yes,yes,yes,no,no,,,no,,yes,,no,,,,yes,,,,,,yes,yes,no,no,Hector Caraccioli,Villeda Morales,no,,,no,no,yes,no,no,yes,US,no,no,no,no,1957-09-22,SRC_NELDA
091-1965-0216-A1,HND,Honduras,1965,Constituent Assembly,yes,no,yes,yes,yes,,,,,no,unclear,yes,no,no,unclear,unclear,no,no,yes,no,,,,no,no,,no,yes,no,,,,no,no,,,,,,,,,Lopez Arellano,Lopez Arellano,no,,,no,no,yes,no,no,yes,us,no,no,no,no,1965-02-16,SRC_NELDA
091-1971-0328-L1,HND,Honduras,1971,Legislative/Parliamentary,no,no,yes,yes,yes,,,,,no,no,unclear,no,no,no,no,no,no,yes,no,,,,no,unclear,unclear,yes,no,no,,,no,no,no,,,,,,,,,Lopez Arellano,Cruz,no,,,no,no,yes,no,no,yes,us,no,no,no,no,1971-03-28,SRC_NELDA
091-1971-0328-P1,HND,Honduras,1971,Executive,no,no,yes,yes,yes,,yes,yes,no,no,no,yes,no,no,no,no,no,no,yes,yes,no,no,,no,no,,no,no,no,,,,no,no,,,,,yes,yes,no,no,Lopez Arellano,Cruz,no,,,no,no,yes,no,no,yes,us,no,no,no,no,1971-03-28,SRC_NELDA
091-1980-0420-A1,HND,Honduras,1980,Constituent Assembly,no,yes,yes,yes,yes,,,,,no,no,yes,yes,no,no,no,yes,no,yes,no,,,,yes,no,,yes,no,no,,,no,no,,,,,,,,,,Paz Garcia,Paz Garcia,no,,,no,no,yes,no,no,yes,us,no,no,no,no,1980-04-20,SRC_NELDA
091-1981-1129-L1,HND,Honduras,1981,Legislative/Parliamentary,no,no,yes,yes,yes,no,,,,yes,no,unclear,no,no,no,no,no,no,yes,no,,,,,no,,unclear,yes,no,,,no,no,no,,,,,,,,,Paz Garcia,Suazo Cordova,yes,yes,no,no,no,yes,no,no,yes,us,no,no,no,no,1981-11-29,SRC_NELDA
091-1981-1129-P1,HND,Honduras,1981,Executive,no,no,yes,yes,yes,no,yes,no,no,yes,no,unclear,no,no,no,no,no,no,yes,yes,no,no,,,no,,unclear,no,no,,,no,no,no,,,,,yes,yes,no,no,Paz Garcia,Suazo Cordova,yes,yes,no,no,no,yes,no,no,yes,us,no,no,no,no,1981-11-29,SRC_NELDA
091-1985-1124-L1,HND,Honduras,1985,Legislative/Parliamentary,no,no,yes,yes,yes,no,,,,no,no,yes,no,no,no,no,no,yes,yes,no,,,,unclear,no,,unclear,no,no,,,no,no,no,,,,,,,,,Suazo Cordova,Azcona Hoya,yes,yes,no,no,no,yes,no,no,yes,us,no,no,no,no,1985-11-24,SRC_NELDA
091-1985-1124-P1,HND,Honduras,1985,Executive,no,no,yes,yes,yes,no,yes,yes,no,no,no,yes,no,no,no,no,no,yes,yes,yes,no,no,,no,no,,unclear,no,no,,,no,no,no,,,,,yes,yes,no,no,Suazo Cordova,Azcona Hoya,yes,yes,no,no,no,yes,no,no,yes,us,no,no,no,no,1985-11-24,SRC_NELDA
091-1989-1126-L1,HND,Honduras,1989,Legislative/Parliamentary,no,no,yes,yes,yes,no,,,,no,no,no,no,no,no,no,no,yes,yes,no,,,,yes,yes,no,yes,no,no,,,no,no,,,,,,,,,,Azcona Hoya,Callejas,yes,yes,no,no,no,yes,no,yes,yes,us,no,no,no,no,1989-11-26,SRC_NELDA
091-1989-1126-P1,HND,Honduras,1989,Executive,no,no,yes,yes,yes,no,yes,yes,no,no,no,no,no,no,no,no,no,yes,yes,yes,no,no,,yes,yes,no,yes,no,no,,,no,no,,,,,,yes,yes,no,no,Azcona Hoya,Callejas,yes,yes,no,no,no,yes,no,yes,yes,us,no,no,no,no,1989-11-26,SRC_NELDA
091-1993-1128-L1,HND,Honduras,1993,Legislative/Parliamentary,no,no,yes,yes,yes,no,,,,no,no,unclear,no,no,no,unclear,no,no,yes,no,,,,yes,unclear,,yes,no,no,,,no,no,,,,,,,,,,Callejas,Reina,yes,yes,no,no,no,yes,no,yes,yes,us,no,yes,no,no,1993-11-28,SRC_NELDA
091-1993-1128-P1,HND,Honduras,1993,Executive,no,no,yes,yes,yes,no,yes,yes,no,no,no,unclear,no,no,no,unclear,no,no,yes,yes,no,no,,yes,unclear,,yes,no,no,,,no,no,,,,,,yes,yes,no,no,Callejas,Reina,yes,yes,no,no,no,yes,no,yes,yes,us,no,yes,no,no,1993-11-28,SRC_NELDA
091-1997-1130-L1,HND,Honduras,1997,Legislative/Parliamentary,no,no,yes,yes,yes,no,,,,no,no,unclear,no,no,no,unclear,unclear,no,yes,no,,,,no,unclear,,yes,no,no,,,no,no,,,,,,,,,,Reina,Flores Facusse,yes,yes,no,no,no,yes,no,no,yes,us,no,no,no,no,1997-11-30,SRC_NELDA
091-1997-1130-P1,HND,Honduras,1997,Executive,no,no,yes,yes,yes,no,yes,yes,no,no,no,yes,no,no,no,unclear,unclear,no,yes,yes,no,no,,no,unclear,,no,no,no,,,,no,no,,,,,yes,yes,no,no,Reina,Flores Facusse,yes,yes,no,no,no,yes,no,no,yes,us,no,no,no,no,1997-11-30,SRC_NELDA
091-2001-1125-L1,HND,Honduras,2001,Legislative/Parliamentary,no,no,yes,yes,yes,no,,,,no,no,no,no,no,no,unclear,no,no,yes,no,,,,yes,yes,no,yes,no,no,,,no,no,,,,,,,,,,Flores Facusse,Ricardo Maduro,yes,yes,no,no,no,yes,no,no,yes,us,no,no,no,no,2001-11-25,SRC_NELDA
091-2001-1125-P1,HND,Honduras,2001,Executive,no,no,yes,yes,yes,no,yes,yes,no,no,no,no,no,no,no,unclear,no,no,yes,yes,no,no,,yes,yes,no,yes,no,no,,,no,no,,,,,,yes,yes,no,no,Flores Facusse,Ricardo Maduro,yes,yes,no,no,no,yes,no,no,yes,us,no,no,no,no,2001-11-25,SRC_NELDA
091-2005-1127-L1,HND,Honduras,2005,Legislative/Parliamentary,no,no,yes,yes,yes,no,,,,no,no,no,no,no,no,no,no,yes,yes,no,,,,yes,yes,no,yes,yes,no,,,no,yes,,,,,,no,,,,Ricardo Maduro,Jose Manuel Mel Zelaya Rosales,yes,yes,no,no,no,yes,no,no,yes,"us, un",no,no,no,no,2005-11-27,SRC_NELDA
091-2005-1127-P1,HND,Honduras,2005,Executive,no,no,yes,yes,yes,no,yes,yes,no,no,no,no,no,no,no,no,no,yes,yes,yes,no,no,,yes,yes,no,yes,yes,yes,yes,no,no,yes,,,,,,yes,yes,no,no,Ricardo Maduro,Jose Manuel Mel Zelaya Rosales,yes,yes,no,no,no,yes,no,no,yes,"us, un",no,no,no,no,2005-11-27,SRC_NELDA
091-2009-1129-L1,HND,Honduras,2009,Legislative/Parliamentary,no,no,yes,yes,yes,no,,,,yes,yes,no,no,yes,no,yes,no,yes,yes,no,,,,yes,yes,no,yes,yes,yes,no,yes,no,yes,no,,,,,,,,,Roberto Micheletti,Porfirio Lobo Sosa,yes,yes,no,no,yes,no,no,yes,yes,OAS,yes,no,no,no,2009-11-29,SRC_NELDA
091-2009-1129-P1,HND,Honduras,2009,Executive,no,no,yes,yes,yes,no,yes,no,no,yes,yes,no,no,yes,no,yes,no,yes,yes,yes,no,no,,yes,yes,no,yes,yes,yes,no,yes,no,yes,,,,,,yes,yes,no,no,Roberto Micheletti,Porfirio Lobo Sosa,yes,yes,no,no,yes,no,no,yes,yes,OAS,yes,no,no,no,2009-11-29,SRC_NELDA
092-1945-0114-P1,SLV,El Salvador,1945,Executive,yes,no,no,no,no,,yes,no,no,yes,yes,yes,yes,yes,yes,yes,yes,no,yes,yes,no,yes,yes,no,no,,no,yes,yes,yes,yes,,yes,no,,,,,yes,yes,no,no,Aguirre Salinas,Castaneda Castro,no,,,no,no,no,no,yes,yes,US,no,no,no,no,1945-01-14,SRC_NELDA
092-1950-0326-A1,SLV,El Salvador,1950,Constituent Assembly,yes,yes,yes,yes,yes,,,,,yes,yes,no,yes,yes,no,no,yes,no,no,no,,,,no,no,,yes,yes,no,,,,no,no,,,,,,,,,Oscar Bolanos,Oscar Bolanos,no,,,no,no,yes,no,no,yes,"World Bank, US",no,no,no,no,1950-03-26,SRC_NELDA
092-1950-0326-P1,SLV,El Salvador,1950,Executive,yes,yes,yes,yes,yes,,yes,no,no,yes,no,no,no,no,no,no,yes,no,yes,yes,yes,,yes,no,no,,no,,no,,,,no,no,,,,,yes,yes,no,no,Oscar Bolanos,Osorio,no,,,no,no,no,no,yes,yes,"US, World Bank",no,yes,no,no,1950-03-26,SRC_NELDA
092-1952-0511-L1,SLV,El Salvador,1952,Legislative/Parliamentary,no,no,yes,yes,no,no,,,,no,yes,yes,no,yes,,no,no,no,yes,no,,,,no,no,,no,no,no,,,,no,no,,,,,,,,,Osorio,Osorio,no,,,,,yes,no,no,no,,no,no,no,no,1952-05-11,SRC_NELDA
092-1954-0502-L1,SLV,El Salvador,1954,Legislative/Parliamentary,no,no,yes,yes,no,no,,,,no,yes,yes,yes,yes,yes,yes,yes,no,no,no,,,,no,no,,,yes,no,,,,no,no,,,,,,,,,Osorio,Osorio,no,,,no,no,yes,no,no,yes,"US, World Bank",no,no,no,no,1954-05-02,SRC_NELDA
092-1956-0304-P1,SLV,El Salvador,1956,Executive,no,no,yes,yes,yes,no,yes,yes,no,no,yes,yes,yes,yes,yes,yes,yes,no,yes,yes,no,yes,yes,no,no,,no,yes,yes,yes,yes,,unclear,no,,,,,yes,yes,no,no,Osorio,Lemus,no,,,no,no,yes,no,no,yes,"US, World Bank, UN",no,no,no,no,1956-03-04,SRC_NELDA
092-1956-0513-L1,SLV,El Salvador,1956,Legislative/Parliamentary,no,no,yes,yes,yes,no,,,,no,yes,yes,no,yes,no,no,no,no,yes,no,,,,no,no,,yes,no,no,,,,no,no,,,,,,,,,Osorio,Osorio,no,no,,,no,yes,no,no,no,,no,no,no,no,1956-05-13,SRC_NELDA
092-1958-0323-L1,SLV,El Salvador,1958,Legislative/Parliamentary,no,no,yes,yes,no,no,,,,no,yes,yes,no,yes,yes,yes,yes,no,yes,no,,,,no,no,,,yes,unclear,,,,no,no,,,,,,,,,Lemus,Lemus,no,,,no,no,yes,no,no,yes,"US, World Bank, UN",no,no,no,no,1958-03-23,SRC_NELDA
092-1960-0424-L1,SLV,El Salvador,1960,Legislative/Parliamentary,yes,yes,yes,yes,yes,,no,no,no,no,yes,yes,yes,no,no,no,no,no,no,no,,,,,no,,no,yes,no,,,,no,no,,,,,,,,,Lemus,Lemus,no,,,no,no,yes,no,no,yes,US,no,no,no,no,1960-04-24,SRC_NELDA
092-1961-1217-A1,SLV,El Salvador,1961,Constituent Assembly,no,yes,yes,yes,yes,,,,,no,yes,yes,no,no,unclear,unclear,yes,no,no,no,,,,,no,,no,yes,no,,,,no,no,,,,,,,,,Portillo,Portillo,no,,,no,no,yes,no,no,yes,us,no,no,no,no,1961-12-17,SRC_NELDA
092-1962-0429-P1,SLV,El Salvador,1962,Executive,yes,no,yes,yes,no,,yes,no,no,yes,yes,yes,no,yes,no,,yes,no,no,yes,no,yes,yes,no,no,,no,yes,no,,,,no,no,,,,,yes,yes,no,no,Rodolfo Cordon,Rivera,no,,,no,no,yes,no,no,yes,us,no,no,no,no,1962-04-29,SRC_NELDA
092-1964-0308-L1,SLV,El Salvador,1964,Legislative/Parliamentary,no,no,yes,yes,yes,no,,,,no,unclear,yes,no,unclear,unclear,unclear,yes,no,no,no,,,,no,no,,yes,unclear,unclear,,,no,unclear,no,,,,,,,,,Rivera,Rivera,no,,,no,no,yes,no,no,yes,us,no,no,no,no,1964-03-08,SRC_NELDA
092-1966-0313-L1,SLV,El Salvador,1966,Legislative/Parliamentary,no,no,yes,yes,yes,no,,,,no,yes,yes,no,yes,yes,yes,yes,no,no,no,,,,no,no,,yes,no,no,,,no,no,no,,,,,,,,,Rivera,Rivera,no,,,no,no,yes,no,no,yes,us,no,no,no,no,1966-03-13,SRC_NELDA
092-1967-0305-P1,SLV,El Salvador,1967,Executive,no,no,yes,yes,yes,no,yes,yes,no,no,no,yes,no,no,no,no,no,no,no,yes,no,yes,yes,no,no,,no,no,no,,,,no,no,,,,,yes,yes,no,no,Rivera,Sanchez Hernandez,no,,,no,no,yes,no,no,yes,us,no,no,no,no,1967-03-05,SRC_NELDA
092-1968-0312-L1,SLV,El Salvador,1968,Legislative/Parliamentary,no,no,yes,yes,yes,no,,,,no,no,yes,no,no,unclear,unclear,no,no,no,no,,,,no,no,,yes,unclear,unclear,,,no,unclear,no,,,,,,,,,Sanchez Hernandez,Sanchez Hernandez,no,,,no,no,yes,no,no,yes,us,no,no,no,no,1968-03-12,SRC_NELDA
092-1970-0308-L1,SLV,El Salvador,1970,Legislative/Parliamentary,no,no,yes,yes,yes,no,,,,no,yes,yes,no,no,unclear,unclear,yes,no,no,no,,,,no,no,,no,unclear,unclear,,,,unclear,no,,,,,,,,,Sanchez Hernandez,Sanchez Hernandez,no,,,no,no,yes,no,no,yes,us,no,no,no,no,1970-03-08,SRC_NELDA
092-1972-0220-P1,SLV,El Salvador,1972,Executive,no,no,yes,yes,yes,no,yes,yes,no,no,yes,yes,yes,no,unclear,unclear,yes,no,no,yes,no,no,,no,no,,yes,yes,no,,,,unclear,no,,,,,yes,yes,no,no,Sanchez Hernandez,Molina,no,,,no,no,yes,no,no,yes,us,no,no,no,no,1972-02-20,SRC_NELDA
092-1972-0312-L1,SLV,El Salvador,1972,Legislative/Parliamentary,no,no,yes,yes,yes,no,,,,no,yes,yes,yes,no,unclear,,yes,no,no,no,,,,no,no,,no,unclear,no,,,,unclear,no,,,,,,,,,Sanchez Hernandez,Molina,no,,,no,no,yes,no,no,yes,us,no,no,no,no,1972-03-12,SRC_NELDA
092-1974-0310-L1,SLV,El Salvador,1974,Legislative/Parliamentary,no,no,yes,yes,yes,no,,,,no,yes,yes,no,no,unclear,unclear,no,no,no,no,,,,no,no,,yes,unclear,unclear,,,,unclear,no,,,,,,,,,Molina,Molina,no,,,no,no,yes,no,no,yes,us,no,no,no,no,1974-03-10,SRC_NELDA
092-1976-0314-L1,SLV,El Salvador,1976,Legislative/Parliamentary,no,no,yes,yes,yes,no,,,,no,yes,yes,yes,yes,yes,no,yes,no,no,no,,,,no,no,,no,yes,no,,,,no,no,,,,,no,,,,Molina,Molina,no,,,no,no,yes,no,no,yes,us,no,no,no,no,1976-03-14,SRC_NELDA
092-1977-0220-P1,SLV,El Salvador,1977,Executive,no,no,yes,yes,yes,no,yes,yes,no,no,yes,yes,no,no,yes,unclear,yes,no,no,yes,no,yes,yes,no,no,,no,yes,yes,yes,yes,,yes,no,,,,,yes,yes,no,no,Molina,Romero Mena,no,,,no,no,no,no,no,yes,us,no,no,unclear,no,1977-02-20,SRC_NELDA
092-1978-0312-L1,SLV,El Salvador,1978,Legislative/Parliamentary,no,no,yes,yes,yes,no,,,,no,yes,yes,no,yes,yes,no,yes,no,no,no,,,,no,no,,no,yes,yes,no,yes,,yes,no,,,,,no,,,,Romero Mena,Romero Mena,no,,,no,no,unclear,unclear,no,yes,us,unclear,no,unclear,no,1978-03-12,SRC_NELDA
092-1982-0328-A1,SLV,El Salvador,1982,Constituent Assembly,yes,no,yes,yes,yes,,,,,no,yes,unclear,no,yes,no,no,no,no,yes,unclear,,,,yes,no,,unclear,no,no,,,no,yes,no,,,,,yes,unclear,no,no,Duarte,Magana Borjo,yes,yes,unclear,no,yes,yes,no,no,yes,us,no,no,yes,yes,1982-03-28,SRC_NELDA
092-1984-0325-P1,SLV,El Salvador,1984,Executive,yes,no,yes,yes,yes,,yes,no,no,yes,yes,unclear,no,yes,no,,no,no,yes,yes,no,no,,yes,no,,unclear,yes,no,,,no,yes,no,,,,,yes,yes,no,no,Magana Borjo,Duarte,yes,yes,no,no,no,yes,no,yes,yes,us,no,yes,yes,no,1984-03-25,SRC_NELDA
092-1984-0325-P2,SLV,El Salvador,1984,Executive,yes,no,yes,yes,yes,,yes,no,no,yes,yes,unclear,no,yes,no,,no,no,yes,yes,no,no,,yes,no,,unclear,yes,no,,,no,yes,no,,,,,yes,yes,no,no,Magana Borjo,Duarte,yes,yes,no,no,no,yes,no,yes,yes,us,no,yes,yes,no,1984-05-06,SRC_NELDA
092-1985-0331-L1,SLV,El Salvador,1985,Legislative/Parliamentary,no,no,yes,yes,yes,yes,,,,no,yes,no,no,yes,no,no,no,no,yes,no,,,,no,no,,unclear,no,no,,,,yes,no,,,,,no,,,,Duarte,Duarte,yes,yes,no,no,no,yes,no,no,yes,us,no,no,no,no,1985-03-31,SRC_NELDA
092-1988-0320-L1,SLV,El Salvador,1988,Legislative/Parliamentary,no,no,yes,yes,yes,no,,,,no,no,no,no,yes,no,no,no,yes,yes,no,,,,yes,no,,yes,yes,no,,,no,yes,no,,,,,no,,,,Duarte,Duarte,yes,yes,no,no,no,yes,no,no,yes,us,no,no,no,no,1988-03-20,SRC_NELDA
092-1989-0319-P1,SLV,El Salvador,1989,Executive,no,no,yes,yes,yes,no,yes,yes,no,no,no,no,no,yes,no,no,no,no,yes,yes,no,no,,yes,yes,no,yes,no,no,,,no,yes,,,,,,yes,yes,no,no,Duarte,Cristiani,yes,yes,no,no,no,yes,no,no,yes,us,no,no,unclear,yes,1989-03-19,SRC_NELDA
092-1991-0310-L1,SLV,El Salvador,1991,Legislative/Parliamentary,no,no,yes,yes,yes,no,,no,no,no,yes,no,no,no,unclear,yes,no,no,yes,no,,,,no,unclear,,yes,,no,,,,yes,no,,,,,,,,,Cristiani,Cristiani,yes,yes,no,no,no,yes,no,yes,yes,organization of american states & imf,no,no,yes,,1991-03-10,SRC_NELDA
092-1994-0320-L1,SLV,El Salvador,1994,Legislative/Parliamentary,no,no,yes,yes,yes,no,,,,no,no,no,no,no,no,yes,,no,yes,no,,,,no,no,,no,yes,no,,,no,no,no,,,,,,,,,Cristiani,Cristiani,yes,yes,yes,no,no,yes,no,yes,yes,organization of american states/united nations,no,yes,no,no,1994-03-20,SRC_NELDA
092-1994-0320-P1,SLV,El Salvador,1994,Executive,no,no,yes,yes,yes,no,yes,yes,no,no,yes,no,no,no,no,yes,yes,no,yes,yes,no,yes,yes,no,no,,no,unclear,no,,,no,no,no,,,,,yes,yes,no,no,Cristiani,Calderon Sol,yes,yes,yes,no,no,yes,unclear,unclear,yes,organization of american states/united nations,unclear,unclear,no,,1994-03-20,SRC_NELDA
092-1994-0320-P2,SLV,El Salvador,1994,Executive,no,no,yes,yes,yes,no,yes,yes,no,no,yes,no,no,no,no,yes,yes,no,yes,yes,no,yes,yes,no,no,,no,unclear,no,,,no,no,no,,,,,yes,yes,no,no,Cristiani,Calderon Sol,yes,yes,yes,no,no,yes,unclear,unclear,yes,organization of american states/united nations,unclear,unclear,no,,1994-04-24,SRC_NELDA
092-1997-0316-L1,SLV,El Salvador,1997,Legislative/Parliamentary,no,no,yes,yes,yes,no,,,,no,no,no,no,no,unclear,unclear,yes,no,yes,no,,,,no,yes,unclear,yes,,no,,,,unclear,no,,,,,,,,,Calderon Sol,Calderon Sol,yes,yes,no,no,no,yes,no,yes,yes,un/oas,no,unclear,no,,1997-03-16,SRC_NELDA
092-1999-0307-P1,SLV,El Salvador,1999,Executive,no,no,yes,yes,yes,no,yes,yes,no,no,no,yes,no,no,no,yes,yes,no,yes,yes,no,yes,yes,no,yes,yes,no,,no,,,,no,no,,,,,yes,yes,no,no,Calderon Sol,Flores,yes,yes,no,no,no,yes,no,no,yes,oas/un/imf,no,no,no,,1999-03-07,SRC_NELDA
092-2000-0312-L1,SLV,El Salvador,2000,Legislative/Parliamentary,no,no,yes,yes,yes,no,,,,no,no,no,no,no,no,yes,yes,no,yes,no,,,,no,yes,no,,no,no,,,no,no,no,,,,,,,,,Flores,Flores,yes,yes,no,no,no,yes,no,yes,yes,oas/un/imf,no,unclear,no,,2000-03-12,SRC_NELDA
092-2003-0316-L1,SLV,El Salvador,2003,Legislative/Parliamentary,no,no,yes,yes,yes,no,,no,no,no,no,no,no,no,no,yes,yes,no,yes,no,,,,yes,no,,yes,,no,,,no,no,no,,,,,no,,,,Flores,Flores,yes,yes,no,no,no,yes,unclear,no,yes,un/imf/oas,no,no,no,,2003-03-16,SRC_NELDA
092-2004-0321-P1,SLV,El Salvador,2004,Executive,no,no,yes,yes,yes,no,yes,yes,no,no,no,unclear,no,no,no,no,yes,no,yes,yes,no,yes,yes,no,unclear,yes,no,,no,,,,no,no,,,,,yes,yes,no,no,Flores,Saca Gonz-lez,yes,yes,no,no,no,yes,no,yes,yes,un/imf/oas,no,unclear,no,yes,2004-03-21,SRC_NELDA
092-2006-0312-L1,SLV,El Salvador,2006,Legislative/Parliamentary,no,no,yes,yes,yes,no,,,,no,no,no,no,no,no,no,yes,no,no,no,,,,yes,yes,no,yes,yes,no,,,no,no,,,,,,no,,,,saca gonz·lez,saca gonz·lez,yes,yes,no,no,no,yes,no,no,yes,us,no,no,no,no,2006-03-12,SRC_NELDA
092-2009-0118-L1,SLV,El Salvador,2009,Legislative/Parliamentary,no,no,yes,yes,yes,no,,,,no,no,no,no,no,no,no,no,no,yes,no,,,,yes,yes,no,yes,no,no,,,no,no,,,,,,,,,,Antonio Saca,Antonio Saca,yes,yes,yes,no,no,yes,no,no,yes,"US, UN, Mexico",no,no,no,no,2009-01-18,SRC_NELDA
092-2009-0315-P1,SLV,El Salvador,2009,Executive,no,no,yes,yes,yes,no,yes,yes,no,no,no,no,no,no,no,no,no,no,yes,yes,no,yes,no,yes,yes,no,yes,,no,,,no,no,,,,,,yes,yes,no,no,Antonio Saca,Mauricio Funes,yes,yes,no,no,no,yes,no,no,yes,"US, UN, Mexico",no,no,no,no,2009-03-15,SRC_NELDA
093-1947-0202-L1,NIC,Nicaragua,1947,Legislative/Parliamentary,yes,yes,yes,yes,yes,,,,,no,yes,yes,no,no,no,no,yes,no,yes,no,,,,no,no,,yes,yes,yes,yes,yes,,no,,,,,,,,,,,,no,,,no,no,no,yes,no,yes,"US, UN",no,no,no,no,1947-02-02,SRC_NELDA
093-1947-0202-P1,NIC,Nicaragua,1947,Executive,yes,yes,yes,yes,yes,,no,yes,yes,no,yes,yes,no,no,no,no,yes,no,yes,yes,no,yes,yes,no,no,,no,yes,yes,yes,yes,,no,no,,,,,yes,yes,no,no,Anastasio Somoza Garcia,Arguello,no,,,no,no,no,yes,no,yes,"US, UN",no,no,no,no,1947-02-02,SRC_NELDA
093-1947-0803-A1,NIC,Nicaragua,1947,Constituent Assembly,yes,no,no,no,yes,,no,no,yes,no,yes,yes,yes,,yes,yes,yes,no,yes,no,,,,no,no,,no,yes,no,,,,no,no,,,,,no,,,,Anastasio Somoza Garcia,Anastasio Somoza Garcia,no,,,no,no,no,no,no,yes,"US, UN, Inter-American Defense Council",no,no,no,no,1947-08-03,SRC_NELDA
093-1950-0521-A1,NIC,Nicaragua,1950,Constituent Assembly,yes,no,yes,yes,yes,,,,,no,yes,yes,yes,yes,no,no,yes,no,yes,no,,,,no,no,,yes,,no,,,,no,,,,,,,,,,Somoza,Somoza,no,,,no,no,yes,no,no,yes,"US, UN, OAS",no,no,no,no,1950-05-21,SRC_NELDA
093-1950-0521-P1,NIC,Nicaragua,1950,Executive,yes,no,yes,yes,yes,,no,no,yes,no,yes,yes,yes,yes,no,no,yes,no,yes,yes,yes,,,no,no,,no,,no,,,,no,no,,,,,no,,,,Somoza,Somoza,no,,,no,no,yes,no,no,yes,"US, UN, OAS",no,no,no,no,1950-05-21,SRC_NELDA
093-1957-0203-L1,NIC,Nicaragua,1957,Legislative/Parliamentary,no,no,yes,yes,yes,yes,,,,no,yes,yes,yes,yes,no,yes,yes,no,yes,no,,,,no,no,,no,yes,no,,,,no,no,,,,,,,,,Luis Somoza Debayle,Luis Somoza Debayle,no,,,no,no,yes,no,no,yes,"US, UN, OAS",no,no,no,no,1957-02-03,SRC_NELDA
093-1957-0203-P1,NIC,Nicaragua,1957,Executive,no,no,yes,yes,yes,yes,no,no,no,no,yes,yes,yes,yes,no,yes,yes,no,yes,yes,yes,,,no,no,,no,yes,no,,,,no,no,,,,,no,,,,Luis Somoza Debayle,Luis Somoza Debayle,no,,,no,no,yes,no,no,yes,"US, UN, OAS",no,no,no,no,1957-02-03,SRC_NELDA
093-1963-0203-L1,NIC,Nicaragua,1963,Legislative/Parliamentary,no,no,yes,yes,yes,no,,,,no,yes,yes,no,yes,yes,yes,no,no,yes,no,,,,no,yes,yes,no,yes,yes,yes,yes,no,yes,no,,,,,,,,,Luis Somoza Debayle,Luis Somoza Debayle,no,,,no,no,yes,no,no,yes,us,no,no,no,no,1963-02-03,SRC_NELDA
093-1963-0203-P1,NIC,Nicaragua,1963,Executive,no,no,yes,yes,yes,no,yes,yes,no,no,yes,yes,no,yes,yes,yes,no,no,yes,no,no,yes,yes,no,yes,yes,no,yes,yes,yes,yes,no,yes,no,,,,,,,,,Luis Somoza Debayle,Shick Gutierrez,no,,,no,no,yes,no,no,yes,us,no,no,no,no,1963-02-03,SRC_NELDA
093-1967-0205-L1,NIC,Nicaragua,1967,Legislative/Parliamentary,no,no,yes,yes,yes,no,,,,no,yes,yes,yes,yes,yes,yes,no,yes,yes,no,,,,no,yes,yes,yes,yes,yes,yes,yes,no,yes,no,,,,,,,,,Guerrero Gutierrez,Guerrero Gutierrez,no,,,no,no,yes,no,no,yes,us,no,no,unclear,unclear,1967-02-05,SRC_NELDA
093-1967-0205-P1,NIC,Nicaragua,1967,Executive,no,no,yes,yes,yes,no,yes,yes,no,no,yes,yes,yes,yes,yes,yes,no,yes,yes,no,no,yes,yes,no,yes,yes,yes,yes,yes,yes,yes,no,yes,no,,,,,yes,yes,no,no,Guerrero Gutierrez,Anastasio Somoza Debayle,no,,,no,no,yes,no,no,yes,us,no,no,unclear,unclear,1967-02-05,SRC_NELDA
093-1972-0206-A1,NIC,Nicaragua,1972,Constituent Assembly,yes,no,yes,yes,yes,,,,,no,yes,yes,yes,yes,no,yes,yes,no,no,no,,,,no,no,,no,yes,yes,yes,no,,no,no,,,,,no,,,,Anastasio Somoza Debayle,Anastasio Somoza Debayle,no,,,no,no,no,no,no,yes,"usa, un",no,no,no,no,1972-02-06,SRC_NELDA
093-1974-0901-L1,NIC,Nicaragua,1974,Legislative/Parliamentary,yes,no,yes,yes,yes,,,,,yes,yes,yes,yes,no,no,no,no,yes,no,no,,,,no,no,,no,no,no,,,,no,,,,,,,,,,Anastasio Somoza Debayle,Anastasio Somoza Debayle,no,,,no,no,no,no,no,yes,"usa, un",no,no,no,no,1974-09-01,SRC_NELDA
093-1974-0901-P1,NIC,Nicaragua,1974,Executive,yes,no,yes,yes,yes,,no,no,no,yes,yes,yes,yes,no,no,no,no,yes,no,yes,yes,,,no,no,,no,no,no,,,,no,no,,,,,no,,,,Anastasio Somoza Debayle,Anastasio Somoza Debayle,no,,,no,no,no,no,no,yes,"usa, un",no,no,no,no,1974-09-01,SRC_NELDA
093-1984-1104-L1,NIC,Nicaragua,1984,Legislative/Parliamentary,yes,yes,yes,yes,yes,,,,,no,yes,yes,no,yes,unclear,unclear,no,no,yes,no,,,,no,unclear,,no,no,no,,,,yes,no,,,,,,,,,Daniel Ortega,Daniel Ortega,yes,yes,no,no,no,no,no,no,no,,,,no,no,1984-11-04,SRC_NELDA
093-1984-1104-P1,NIC,Nicaragua,1984,Executive,yes,yes,yes,yes,yes,,yes,no,no,no,yes,yes,no,yes,unclear,unclear,no,no,yes,yes,yes,,,no,unclear,,no,no,no,,,,yes,no,,,,,no,,,,Daniel Ortega,Daniel Ortega,yes,yes,no,no,no,no,no,no,no,,,,no,no,1984-11-04,SRC_NELDA
093-1990-0225-L1,NIC,Nicaragua,1990,Legislative/Parliamentary,no,no,yes,yes,yes,no,,,,no,no,no,no,no,no,no,no,yes,,no,,,,yes,yes,yes,yes,,no,,,no,no,no,,,,,,,,,Daniel Ortega,Daniel Ortega,yes,yes,no,no,no,no,no,yes,unclear,,unclear,unclear,yes,yes,1990-02-25,SRC_NELDA
093-1990-0225-P1,NIC,Nicaragua,1990,Executive,no,no,yes,yes,yes,no,no,unclear,no,no,no,no,no,no,no,yes,no,yes,,yes,yes,,no,yes,yes,yes,yes,,no,,,no,no,no,,,,,yes,yes,no,no,Daniel Ortega,Violeta Chamorro,yes,yes,no,no,no,no,no,yes,unclear,,unclear,unclear,yes,yes,1990-02-25,SRC_NELDA
093-1996-1020-L1,NIC,Nicaragua,1996,Legislative/Parliamentary,no,no,yes,yes,yes,no,,yes,,no,no,no,no,no,no,no,no,yes,yes,no,,,,yes,yes,no,yes,no,no,,,no,no,no,,,,,,,,,Violeta Chamorro,Violeta Chamorro,yes,yes,no,no,no,yes,no,no,no,,,,no,yes,1996-10-20,SRC_NELDA
093-1996-1020-P1,NIC,Nicaragua,1996,Executive,no,no,yes,yes,yes,no,yes,yes,no,no,no,no,no,no,no,no,no,yes,yes,yes,no,no,no,yes,yes,no,yes,yes,no,,,no,no,no,,,,,yes,yes,no,no,Violeta Chamorro,Aleman,yes,yes,no,no,no,yes,no,no,no,,,,no,yes,1996-10-20,SRC_NELDA
093-2001-1104-L1,NIC,Nicaragua,2001,Legislative/Parliamentary,no,no,yes,yes,yes,unclear,,yes,no,no,no,no,no,no,no,no,no,yes,yes,no,,,,no,yes,no,no,no,no,,,no,no,no,,,,,,,,,Aleman,Aleman,yes,yes,no,no,no,yes,no,unclear,no,,,,no,yes,2001-11-04,SRC_NELDA
093-2001-1104-P1,NIC,Nicaragua,2001,Executive,no,no,yes,yes,yes,unclear,yes,yes,no,no,no,no,no,no,no,no,no,yes,yes,yes,no,yes,yes,no,yes,no,no,no,no,,,no,no,no,,,,,yes,yes,no,no,Aleman,Enrique Bolanos,yes,yes,no,no,no,yes,no,unclear,no,,,,no,yes,2001-11-04,SRC_NELDA
093-2006-1104-L1,NIC,Nicaragua,2006,Legislative/Parliamentary,no,no,yes,yes,yes,no,,,,no,no,no,no,no,no,no,no,no,yes,no,,,,yes,yes,no,yes,yes,no,,,no,no,,,,,,,,,,Enrique Bolanos,Enrique Bolanos,yes,yes,no,no,no,yes,no,no,yes,"us, oas",no,no,yes,yes,2006-11-04,SRC_NELDA
093-2006-1104-P1,NIC,Nicaragua,2006,Executive,no,no,yes,yes,yes,no,yes,yes,no,no,no,no,no,no,no,no,no,no,yes,yes,no,no,no,yes,yes,no,yes,yes,no,,,no,no,,,,,,yes,yes,no,no,Enrique Bolanos,Daniel Ortega,yes,yes,no,no,no,yes,no,no,yes,"us, oas",no,no,yes,yes,2006-11-04,SRC_NELDA
094-1946-0210-L1,CRI,Costa Rica,1946,Legislative/Parliamentary,no,no,yes,yes,yes,no,,,,no,yes,yes,no,no,no,no,yes,no,yes,no,,,,no,no,,yes,yes,no,,,,no,no,,,,,no,,,,Picado Michalski,Picado Michalski,no,,,no,no,yes,no,no,yes,"US, UN, OAS",no,no,no,no,1946-02-10,SRC_NELDA
094-1948-0208-L1,CRI,Costa Rica,1948,Legislative/Parliamentary,no,no,yes,yes,yes,no,,,,no,yes,yes,no,no,yes,no,yes,no,yes,no,,,,no,no,,no,yes,yes,yes,yes,,yes,no,,,,,,,,,Picado Michalski,Leon Herrera/ Figueres Ferrer,no,,,no,no,yes,yes,no,yes,"Us, UN, WB",yes,no,no,no,1948-02-08,SRC_NELDA
094-1948-0208-P1,CRI,Costa Rica,1948,Executive,no,no,yes,yes,yes,no,no,no,no,no,yes,yes,no,no,yes,no,yes,no,yes,yes,no,yes,no,yes,no,,yes,yes,yes,yes,yes,yes,yes,,,,,,yes,no,yes,yes,Picado Michalski,Leon Herrera/ Figueres Ferrer,no,,,no,no,yes,yes,no,yes,"Us, UN, WB",yes,no,no,no,1948-02-08,SRC_NELDA
094-1948-1208-A1,CRI,Costa Rica,1948,Constituent Assembly,yes,no,yes,yes,yes,,,,,yes,no,yes,yes,no,no,no,yes,no,yes,no,,,,no,no,,yes,no,no,,,,no,no,,,,,,,,,Figueres Ferrer,Figueres Ferrer,no,,,no,no,no,no,yes,yes,"US, UN, OAS",no,yes,no,no,1948-12-08,SRC_NELDA
094-1949-1004-L1,CRI,Costa Rica,1949,Legislative/Parliamentary,yes,no,yes,yes,yes,,,,,yes,no,,yes,no,no,no,yes,no,yes,no,,,,,no,,no,,no,,,,no,no,,,,,,,,,Figueres Ferrer,Otilio Ulate,no,,,,,yes,no,yes,yes,"US, UN, Rio Defense Pact, WB",no,yes,no,no,1949-10-04,SRC_NELDA
094-1949-1004-P1,CRI,Costa Rica,1949,Executive,yes,no,yes,yes,yes,,,,,yes,no,,yes,no,no,no,yes,no,yes,no,,,,,no,,no,,no,,,,no,no,,,,,,,,,Figueres Ferrer,Otilio Ulate,no,,,no,no,yes,no,yes,yes,"US, UN, Rio Defense Pact, WB",no,yes,no,no,1949-10-04,SRC_NELDA
094-1953-0726-L1,CRI,Costa Rica,1953,Legislative/Parliamentary,no,no,yes,yes,yes,no,yes,yes,no,no,yes,no,yes,no,no,no,yes,no,yes,no,,,,yes,no,,yes,,no,,,no,no,,,,,,,,,,Otilio Ulate,Figueres Ferrer,no,,,no,no,yes,no,yes,yes,"US, UN, OAS",no,yes,no,no,1953-07-26,SRC_NELDA
094-1953-0726-P1,CRI,Costa Rica,1953,Executive,no,no,yes,yes,yes,no,yes,yes,no,no,yes,yes,yes,no,no,no,yes,no,yes,yes,no,no,,yes,no,,yes,,no,,,no,no,,,,,,yes,yes,no,no,Otilio Ulate,Figueres Ferrer,no,,,no,no,yes,no,yes,yes,"US, UN, OAS",no,yes,no,no,1953-07-26,SRC_NELDA
094-1958-0202-L1,CRI,Costa Rica,1958,Legislative/Parliamentary,no,no,yes,yes,yes,no,,,,no,no,no,no,no,no,no,no,no,yes,no,,,,no,no,,yes,,no,,,,no,no,,,,,,,,,Figueres Ferrer,Figueres Ferrer,no,,,no,no,yes,no,no,yes,US,no,no,no,no,1958-02-02,SRC_NELDA
094-1958-0202-P1,CRI,Costa Rica,1958,Executive,no,no,yes,yes,yes,no,yes,no,no,no,no,no,no,no,no,no,no,no,yes,yes,no,yes,no,yes,no,,yes,,no,,,no,no,,,,,,yes,yes,no,no,Figueres Ferrer,Echandi Jimenez,no,,,no,no,yes,no,no,yes,USA,no,no,no,no,1958-02-02,SRC_NELDA
094-1962-0204-L1,CRI,Costa Rica,1962,Legislative/Parliamentary,no,no,yes,yes,yes,no,,,,no,no,yes,no,no,no,no,yes,no,no,no,,,,yes,no,,no,no,no,,,,no,,,,,,no,,,,Echandi Jimenez,Orlich,yes,yes,no,no,no,yes,no,no,yes,"usa, un, oas",no,no,no,no,1962-02-04,SRC_NELDA
094-1962-0204-P1,CRI,Costa Rica,1962,Executive,no,no,yes,yes,yes,no,yes,yes,no,no,no,yes,no,no,no,no,yes,no,no,yes,no,yes,yes,no,no,,no,no,no,,,,no,,,,,,yes,yes,no,no,Echandi Jimenez,Orlich,yes,yes,no,no,no,yes,no,no,yes,"usa, un, oas",no,no,no,no,1962-02-04,SRC_NELDA
094-1966-0206-L1,CRI,Costa Rica,1966,Legislative/Parliamentary,no,no,yes,yes,yes,no,,,,no,yes,yes,yes,no,no,no,yes,no,no,no,,,,no,no,,no,no,no,,,,no,,,,,,no,,,,Orlich,Trejos,yes,yes,no,no,no,yes,no,no,yes,"usa, un, oas",no,no,no,no,1966-02-06,SRC_NELDA
094-1966-0206-P1,CRI,Costa Rica,1966,Executive,no,no,yes,yes,yes,no,yes,yes,no,no,yes,yes,yes,no,no,no,yes,no,no,yes,no,yes,no,yes,no,,yes,no,no,,,,no,,,,,,yes,yes,no,no,Orlich,Trejos,yes,yes,no,no,no,yes,no,no,yes,"usa, un, oas",no,no,no,no,1966-02-06,SRC_NELDA
094-1970-0201-L1,CRI,Costa Rica,1970,Legislative/Parliamentary,no,no,yes,yes,yes,no,,,,no,no,yes,yes,no,no,no,yes,no,no,no,,,,yes,no,,no,no,no,,,,no,,,,,,no,,,,Trejos,Figueres Ferrer,yes,yes,no,no,no,yes,no,no,yes,"usa, un, oas",no,no,no,no,1970-02-01,SRC_NELDA
094-1970-0201-P1,CRI,Costa Rica,1970,Executive,no,no,yes,yes,yes,no,yes,yes,no,no,no,yes,yes,no,no,no,yes,no,no,yes,no,yes,no,yes,no,,yes,no,no,,,,no,,,,,,yes,yes,no,no,Trejos,Figueres Ferrer,yes,yes,no,no,no,yes,no,no,yes,"usa, un, oas",no,no,no,no,1970-02-01,SRC_NELDA
094-1974-0203-L1,CRI,Costa Rica,1974,Legislative/Parliamentary,no,no,yes,yes,yes,no,,,,no,no,yes,yes,no,no,no,yes,no,no,no,,,,no,no,,yes,no,no,,,,no,,,,,,no,,,,Figueres Ferrer,"Quiros, Daniel",yes,yes,no,no,no,yes,no,no,yes,"usa, un, oas",no,yes,no,no,1974-02-03,SRC_NELDA
094-1974-0203-P1,CRI,Costa Rica,1974,Executive,no,no,yes,yes,yes,no,yes,yes,no,no,no,yes,yes,no,no,no,yes,no,no,yes,no,yes,yes,no,no,,no,no,no,,,,no,,,,,,yes,yes,no,no,figueres ferrer,"quiros, daniel",yes,yes,no,no,no,yes,no,yes,yes,"usa, un, oas",no,no,no,no,1974-02-03,SRC_NELDA
094-1978-0205-L1,CRI,Costa Rica,1978,Legislative/Parliamentary,no,no,yes,yes,yes,no,,,,no,yes,yes,no,no,no,no,yes,no,no,no,,,,yes,no,,yes,no,no,,,,no,,,,,,no,,,,"Quiros, Daniel",Carazo Odio,yes,yes,no,no,no,yes,no,no,yes,"usa, un, oas",no,no,no,no,1978-02-05,SRC_NELDA
094-1978-0205-P1,CRI,Costa Rica,1978,Executive,no,no,yes,yes,yes,no,yes,yes,no,no,yes,yes,no,no,no,no,yes,no,no,yes,no,yes,no,yes,no,,yes,no,no,,,,no,,,,,,yes,yes,no,no,"Quiros, Daniel",Carazo Odio,yes,yes,no,no,no,yes,no,no,yes,"usa, un, oas",no,no,no,no,1978-02-05,SRC_NELDA
094-1982-0207-L1,CRI,Costa Rica,1982,Legislative/Parliamentary,no,no,yes,yes,yes,no,,,,no,no,yes,no,no,no,no,no,no,yes,no,,,,yes,no,,yes,no,no,,,,no,,,,,,no,,,,Carazo Odio,Monge Alverez,yes,yes,no,no,no,yes,no,no,yes,"usa, un, oas",no,no,no,no,1982-02-07,SRC_NELDA
094-1982-0207-P1,CRI,Costa Rica,1982,Executive,no,no,yes,yes,yes,no,yes,yes,no,no,no,yes,no,no,no,no,no,no,yes,yes,no,yes,no,yes,no,,yes,no,no,,,,no,,,,,,yes,yes,no,no,Carazo Odio,Monge Alverez,yes,yes,no,no,no,yes,yes,no,yes,"usa, un, oas",no,no,no,no,1982-02-07,SRC_NELDA
094-1986-0202-L1,CRI,Costa Rica,1986,Legislative/Parliamentary,no,no,yes,yes,yes,no,,,,no,no,yes,no,no,no,no,no,no,yes,no,,,,no,no,,yes,no,no,,,,no,,,,,,no,,,,Monge Alverez,Arias,yes,yes,no,no,no,yes,no,yes,yes,"usa, un, oas",no,no,no,no,1986-02-02,SRC_NELDA
094-1986-0202-P1,CRI,Costa Rica,1986,Executive,no,no,yes,yes,yes,no,yes,yes,no,no,no,yes,no,no,no,no,no,no,yes,yes,no,yes,yes,no,no,,no,no,no,,,,no,,,,,,yes,yes,no,no,Monge Alverez,Arias,yes,yes,no,no,no,yes,no,yes,yes,"usa, un, oas",no,no,no,no,1986-02-02,SRC_NELDA
094-1990-0204-L1,CRI,Costa Rica,1990,Legislative/Parliamentary,no,no,yes,yes,yes,no,yes,yes,no,no,no,no,no,no,no,no,yes,no,yes,no,,,,yes,yes,no,yes,,no,,,no,no,no,,,,,yes,yes,no,no,Arias,Calderon Fournier,yes,unclear,no,no,no,yes,no,no,unclear,,,,no,no,1990-02-04,SRC_NELDA
094-1990-0204-P1,CRI,Costa Rica,1990,Executive,no,no,yes,yes,yes,no,yes,yes,no,no,no,no,no,no,no,no,yes,no,yes,yes,no,yes,no,yes,yes,no,yes,,no,,,no,no,no,,,,,yes,yes,no,no,Arias,Calderon Fournier,yes,unclear,no,no,no,yes,no,no,unclear,,,,no,no,1990-02-04,SRC_NELDA
094-1994-0206-L1,CRI,Costa Rica,1994,Legislative/Parliamentary,no,no,yes,yes,yes,no,yes,yes,no,no,no,no,no,no,no,no,no,no,yes,no,,,,yes,yes,no,yes,,no,,,no,no,no,,,,,yes,yes,no,no,Calderon Fournier,Figueres Olsen,yes,yes,no,no,no,yes,no,no,no,,no,no,no,no,1994-02-06,SRC_NELDA
094-1994-0206-P1,CRI,Costa Rica,1994,Executive,no,no,yes,yes,yes,no,yes,yes,no,no,no,no,no,no,no,no,unclear,no,yes,yes,no,yes,no,yes,yes,unclear,yes,,no,,,no,no,no,,,,,yes,yes,no,no,Calderon Fournier,Figueres Olsen,yes,yes,no,no,no,yes,no,no,no,,no,no,no,no,1994-02-06,SRC_NELDA
094-1998-0201-L1,CRI,Costa Rica,1998,Legislative/Parliamentary,no,no,yes,yes,yes,no,yes,yes,no,no,no,no,no,no,no,no,no,yes,,no,,,,yes,yes,no,yes,,no,,,no,no,no,,,,,yes,yes,no,no,Figueres Olsen,Rodriguez Echeverria,yes,unclear,no,no,no,yes,no,yes,yes,imf,no,unclear,no,unclear,1998-02-01,SRC_NELDA
094-1998-0201-P1,CRI,Costa Rica,1998,Executive,no,no,yes,yes,yes,no,yes,yes,no,no,no,no,no,no,no,no,no,yes,,yes,no,yes,no,yes,yes,no,yes,,no,,,no,no,no,,,,,yes,yes,no,no,Figueres Olsen,Rodriguez Echeverria,yes,unclear,no,no,no,yes,no,yes,yes,imf,no,unclear,no,unclear,1998-02-01,SRC_NELDA
094-2002-0203-L1,CRI,Costa Rica,2002,Legislative/Parliamentary,no,no,yes,yes,yes,no,yes,yes,no,no,no,no,no,no,no,no,yes,no,yes,no,,,,no,yes,unclear,no,,no,,,no,no,no,,,,,yes,yes,no,no,Rodriguez Echeverria,de la Espriella,yes,unclear,no,no,no,yes,no,unclear,yes,imf,no,unclear,no,yes,2002-02-03,SRC_NELDA
094-2002-0203-P1,CRI,Costa Rica,2002,Executive,no,no,yes,yes,yes,no,yes,yes,no,no,no,no,no,no,no,no,yes,no,yes,yes,no,yes,yes,no,yes,unclear,no,,no,,,no,no,no,,,,,yes,yes,no,no,Rodriguez Echeverria,de la Espriella,yes,unclear,no,no,no,yes,,,yes,imf,no,unclear,no,unclear,2002-02-03,SRC_NELDA
094-2002-0203-P2,CRI,Costa Rica,2002,Executive,no,no,yes,yes,yes,no,yes,yes,no,no,no,no,no,no,no,no,yes,no,yes,yes,no,yes,yes,no,yes,yes,no,,no,,,no,no,no,,,,,yes,yes,no,no,Rodriguez Echeverria,de la Espriella,yes,unclear,no,no,no,yes,no,unclear,yes,imf,no,unclear,no,yes,2002-02-03,SRC_NELDA
094-2006-0205-L1,CRI,Costa Rica,2006,Legislative/Parliamentary,no,no,yes,yes,yes,no,,,,no,no,no,no,no,no,no,yes,no,no,no,,,,yes,no,,yes,yes,no,,,no,no,,,,,,no,,,,de la espriella,oscar arias sánchez ,yes,yes,no,no,no,yes,no,no,yes,us,no,no,no,no,2006-02-05,SRC_NELDA
094-2006-0205-P1,CRI,Costa Rica,2006,Executive,no,no,yes,yes,yes,no,yes,no,no,no,no,no,no,no,no,no,yes,no,no,yes,no,no,,yes,yes,no,yes,yes,no,,,no,no,,,,,,yes,yes,no,no,de la espriella,oscar arias sánchez ,yes,yes,no,no,no,yes,no,no,yes,us,no,no,no,no,2006-02-05,SRC_NELDA
094-2010-0207-L1,CRI,Costa Rica,2010,Legislative/Parliamentary,no,no,yes,yes,yes,no,,,,no,no,no,no,no,no,no,yes,no,yes,no,,,,no,yes,yes,no,,no,,,no,no,no,,,,,,,,,Oscar Arias Sánchez,Chinchilla,yes,yes,no,no,no,yes,no,no,yes,"UN, US",no,no,no,no,2010-02-07,SRC_NELDA
094-2010-0207-P1,CRI,Costa Rica,2010,Executive,no,no,yes,yes,yes,no,yes,yes,no,no,no,no,no,no,no,no,yes,no,yes,yes,no,no,,no,yes,yes,no,,no,,,,no,no,,,,,yes,yes,no,no,Oscar Arias Sánchez,Chinchilla,yes,yes,no,no,no,yes,no,no,yes,"UN, US",no,no,no,no,2010-02-07,SRC_NELDA
095-1945-0505-A1,PAN,Panama,1945,Constituent Assembly,yes,no,yes,yes,yes,,yes,no,yes,no,yes,yes,no,no,no,yes,yes,no,yes,yes,,,,no,no,,yes,,no,,,,no,no,,,,,yes,yes,no,no,"Guardia, R.",Jimenez,no,,,no,no,yes,no,yes,yes,US,no,no,no,no,1945-05-05,SRC_NELDA
095-1948-0509-L1,PAN,Panama,1948,Legislative/Parliamentary,no,no,yes,yes,yes,yes,,,,yes,no,no,no,no,no,no,no,yes,yes,no,,,,no,no,,yes,yes,yes,yes,yes,,yes,no,,,,,,,,,Jiminez,Arosomena Diaz,no,,,no,no,yes,no,no,yes,US,no,no,no,no,1948-05-09,SRC_NELDA
095-1948-0509-P1,PAN,Panama,1948,Executive,no,no,yes,yes,yes,yes,yes,no,no,yes,no,no,no,no,no,no,no,yes,yes,yes,no,yes,yes,no,no,,no,yes,yes,yes,yes,,yes,no,,,,,yes,yes,no,no,Jiminez,Arosomena Diaz,no,,,no,no,yes,no,no,yes,US,no,no,no,no,1948-05-09,SRC_NELDA
095-1952-0511-L1,PAN,Panama,1952,Legislative/Parliamentary,no,no,yes,yes,yes,no,,,,no,yes,yes,no,yes,yes,yes,no,no,yes,no,,,,yes,no,,no,yes,no,,,,no,no,,,,,,,,,"Arosomena, A.",Remon Cantero,no,,,no,no,no,no,yes,yes,"US, OAS",no,yes,no,no,1952-05-11,SRC_NELDA
095-1952-0511-P1,PAN,Panama,1952,Executive,no,no,yes,yes,yes,no,yes,yes,no,no,yes,yes,no,yes,yes,yes,no,no,yes,yes,no,yes,yes,no,no,,no,yes,no,,,,no,no,,,,,yes,yes,no,no,"Arosomena, A.",Remon Cantero,no,,,no,no,no,no,yes,yes,"US, OAS",no,yes,no,no,1952-05-11,SRC_NELDA
095-1956-0513-L1,PAN,Panama,1956,Legislative/Parliamentary,no,no,yes,yes,yes,no,,,,no,no,yes,no,no,no,no,yes,no,yes,no,,,,no,no,,no,yes,no,,,,no,no,,,,,,,,,Arias Espinoza,"Guardia Jr., E.",no,,,no,no,yes,no,no,yes,"US, OAS",no,no,no,no,1956-05-13,SRC_NELDA
095-1956-0513-P1,PAN,Panama,1956,Executive,no,no,yes,yes,yes,no,yes,yes,no,no,no,yes,no,no,no,no,yes,no,yes,yes,no,yes,yes,no,no,,no,yes,no,,,,no,no,,,,,yes,yes,no,no,Arias Espinoza,"Guardia Jr., E.",no,,,no,no,yes,no,no,yes,"US, OAS",no,no,no,no,1956-05-13,SRC_NELDA
095-1960-0508-L1,PAN,Panama,1960,Legislative/Parliamentary,no,no,yes,yes,yes,no,,,,no,no,yes,no,no,no,no,yes,no,no,no,,,,yes,no,,yes,no,no,,,,no,,,,,,no,,,,"Guardia Jr., E.","Chiari, Roberto",yes,yes,no,no,no,yes,no,yes,yes,"usa, un, oas",no,no,no,no,1960-05-08,SRC_NELDA
095-1960-0508-P1,PAN,Panama,1960,Executive,no,no,yes,yes,yes,no,yes,yes,no,no,no,yes,no,no,no,no,yes,no,no,yes,no,yes,no,yes,no,,yes,no,no,,,,no,,,,,,yes,yes,no,no,"Guardia Jr., E.","Chiari, Roberto",yes,yes,no,no,no,yes,no,yes,yes,"usa, un, oas",no,no,no,no,1960-05-08,SRC_NELDA
095-1964-0510-L1,PAN,Panama,1964,Legislative/Parliamentary,no,no,yes,yes,yes,no,,,,no,no,yes,no,no,no,no,yes,no,no,no,,,,yes,no,,no,no,yes,yes,no,,no,,,,,,no,,,,"Chiari, Roberto",Robles,yes,yes,no,no,no,no,no,no,yes,"usa, un, oas",no,no,no,no,1964-05-10,SRC_NELDA
095-1964-0510-P1,PAN,Panama,1964,Executive,no,no,yes,yes,yes,no,yes,yes,no,no,no,yes,no,no,no,no,yes,no,no,yes,no,yes,no,yes,no,,yes,no,yes,yes,no,,no,,,,,,yes,yes,no,no,"Chiari, Roberto",Robles,yes,yes,no,no,no,no,no,no,yes,"usa, un, oas",no,no,no,no,1964-05-10,SRC_NELDA
095-1968-0512-L1,PAN,Panama,1968,Legislative/Parliamentary,no,no,yes,yes,yes,no,,,,no,yes,yes,no,no,yes,yes,yes,no,no,no,,,,yes,no,,no,yes,yes,yes,yes,,yes,,,,,,no,,,,Robles,"Torrijos Herrera/ Arias, A.",unclear,,,unclear,unclear,no,yes,no,yes,"usa, un, oas",yes,no,no,no,1968-05-12,SRC_NELDA
095-1968-0512-P1,PAN,Panama,1968,Executive,no,no,yes,yes,yes,no,yes,yes,no,no,yes,yes,no,no,yes,yes,yes,no,no,yes,no,yes,no,yes,no,,yes,yes,yes,yes,yes,,yes,,,,,,yes,yes,no,no,Robles,"Torrijos Herrera/ Arias, A.",unclear,,,unclear,unclear,no,yes,no,yes,"usa, un, oas",yes,no,no,no,1968-05-12,SRC_NELDA
095-1972-0806-A1,PAN,Panama,1972,Constituent Assembly,yes,no,yes,no,yes,,,,,no,yes,yes,no,no,no,yes,yes,no,no,no,,,,no,no,,no,no,no,,,,no,,,,,,no,,,,Torrijos Herrera,Torrijos Herrera,no,,,unclear,unclear,no,no,no,yes,"usa, un, oas",no,no,no,no,1972-08-06,SRC_NELDA
095-1978-0507-A1,PAN,Panama,1978,Constituent Assembly,no,no,yes,no,yes,no,,,,no,yes,yes,no,no,no,no,no,no,no,no,,,,no,no,,no,no,no,,,,no,,,,,,no,,,,Torrijos Herrera,Torrijos Herrera,no,,,unclear,unclear,no,no,no,yes,"usa, un, oas",no,no,no,no,1978-05-07,SRC_NELDA
095-1980-0928-A1,PAN,Panama,1980,Constituent Assembly,no,no,yes,yes,yes,no,,,,no,yes,yes,yes,yes,no,yes,yes,no,yes,no,,,,no,no,,no,yes,yes,yes,no,,no,,,,,,no,,,,Torrijos Herrera,Torrijos Herrera,no,,,unclear,unclear,no,no,no,yes,"usa, un, oas",no,no,no,no,1980-09-28,SRC_NELDA
095-1984-0506-L1,PAN,Panama,1984,Legislative/Parliamentary,yes,no,yes,yes,yes,,,,,no,yes,yes,no,no,no,no,no,no,yes,no,,,,no,no,,yes,yes,yes,yes,no,,yes,,,,,,no,,,,Noriega,Noriega,yes,yes,yes,no,no,no,no,yes,yes,"usa, un, oas, imf",no,yes,no,no,1984-05-06,SRC_NELDA
095-1984-0506-P1,PAN,Panama,1984,Executive,no,no,yes,yes,yes,yes,no,no,no,no,yes,yes,no,no,no,no,no,no,yes,yes,yes,,,no,no,,no,yes,yes,yes,no,,yes,no,,,,,no,,,,Noriega,Noriega,yes,yes,yes,no,no,no,no,yes,yes,"usa, un, oas, imf",no,yes,no,no,1984-05-06,SRC_NELDA
095-1989-0507-L1,PAN,Panama,1989,Legislative/Parliamentary,no,no,yes,yes,yes,yes,,,,no,yes,yes,no,no,no,yes,no,no,yes,no,,,,yes,no,,yes,yes,yes,yes,yes,,no,,,,,,no,,,,Noriega,Endara,yes,yes,yes,no,no,no,yes,no,yes,"usa, un, oas, imf",yes,yes,no,no,1989-05-07,SRC_NELDA
095-1989-0507-P1,PAN,Panama,1989,Executive,no,no,yes,yes,yes,yes,yes,yes,no,no,yes,yes,no,no,no,yes,no,no,yes,yes,no,yes,no,yes,no,,yes,yes,yes,yes,yes,yes,no,,,,,,yes,yes,yes,no,Noriega,Endara,yes,yes,yes,no,no,no,yes,no,yes,"usa, un, oas, imf",yes,yes,no,no,1989-05-07,SRC_NELDA
095-1991-0127-L1,PAN,Panama,1991,Legislative/Parliamentary,unclear,no,yes,yes,yes,yes,,no,no,no,no,no,no,no,no,no,yes,no,yes,no,,,,yes,yes,no,no,,no,,,no,no,no,,,,,no,,,,Endara,Endara,yes,yes,no,no,no,yes,no,no,unclear,,unclear,unclear,no,no,1991-01-27,SRC_NELDA
095-1994-0508-L1,PAN,Panama,1994,Legislative/Parliamentary,no,no,yes,yes,yes,no,,yes,,no,no,no,no,no,no,no,yes,no,yes,no,,,,yes,no,,yes,,no,,,no,no,no,,,,,,,,,Endara,Balladares,yes,yes,no,no,no,yes,no,no,no,,no,no,no,no,1994-05-08,SRC_NELDA
095-1994-0508-P1,PAN,Panama,1994,Executive,no,no,yes,yes,yes,no,yes,yes,no,no,no,no,no,no,no,no,yes,no,yes,yes,no,yes,no,yes,no,,yes,,no,,,no,no,no,,,,,yes,yes,no,no,Endara,Balladares,yes,yes,no,no,no,yes,no,no,no,,no,no,no,no,1994-05-08,SRC_NELDA
095-1999-0502-L1,PAN,Panama,1999,Legislative/Parliamentary,no,no,yes,yes,yes,no,,,,no,no,no,no,no,no,no,yes,no,yes,no,,,,yes,yes,unclear,yes,,no,,,no,no,no,,,,,yes,yes,no,no,Balladares,Mireya Moscoso,yes,yes,no,no,no,yes,no,no,unclear,,unclear,unclear,no,no,1999-05-02,SRC_NELDA
095-1999-0502-P1,PAN,Panama,1999,Executive,no,no,yes,yes,yes,no,yes,yes,no,no,no,no,no,no,no,no,yes,no,yes,yes,no,yes,no,yes,yes,unclear,yes,,no,,,no,no,no,,,,,yes,yes,no,no,Balladares,Mireya Moscoso,yes,yes,no,no,no,yes,no,no,unclear,,unclear,unclear,no,no,1999-05-02,SRC_NELDA
095-2004-0502-L1,PAN,Panama,2004,Legislative/Parliamentary,unclear,no,yes,yes,yes,no,,yes,no,no,no,no,no,no,no,no,yes,no,unclear,no,,,,yes,yes,no,yes,,no,,,no,no,no,,,,,yes,yes,no,no,Mireya Moscoso,Martin Torrijos,yes,yes,no,no,no,yes,no,no,unclear,,unclear,unclear,no,no,2004-05-02,SRC_NELDA
095-2004-0502-P1,PAN,Panama,2004,Executive,unclear,no,yes,yes,yes,no,yes,yes,no,no,no,no,no,no,no,no,yes,no,unclear,yes,no,yes,no,yes,yes,no,yes,,no,,,no,no,no,,,,,yes,yes,no,no,Mireya Moscoso,Martin Torrijos,yes,yes,no,no,no,yes,no,no,unclear,,unclear,unclear,no,no,2004-05-02,SRC_NELDA
095-2009-0503-L1,PAN,Panama,2009,Legislative/Parliamentary,no,no,yes,yes,yes,no,yes,yes,no,no,no,no,no,no,no,no,no,yes,yes,no,,,,yes,yes,no,yes,,no,,,no,no,,,,,,yes,yes,no,no,Torrijos,Martinelli,yes,yes,no,no,no,yes,no,no,yes,US,no,no,no,no,2009-05-03,SRC_NELDA
095-2009-0503-P1,PAN,Panama,2009,Executive,no,no,yes,yes,yes,no,yes,yes,no,no,no,no,no,no,no,no,no,yes,yes,yes,no,yes,yes,yes,yes,no,yes,,no,,,no,no,,,,,,yes,yes,no,no,Torrijos,Martinelli,yes,yes,no,no,no,yes,no,no,yes,US,no,no,no,no,2009-05-03,SRC_NELDA
100-1945-0319-L1,COL,Colombia,1945,Legislative/Parliamentary,no,no,yes,yes,yes,no,,,,no,no,no,no,no,no,no,no,no,yes,no,,,,no,no,,yes,,no,,,no,no,no,,,,,,,,,Lopez Pumarejo,Lopez Pumarejo,no,,,no,no,yes,no,no,yes,US,no,no,no,no,1945-03-19,SRC_NELDA
100-1946-0505-P1,COL,Colombia,1946,Executive,no,no,yes,yes,yes,no,yes,no,no,no,no,no,no,no,no,no,yes,no,no,yes,no,no,,yes,no,,yes,,no,,,no,no,,,,,,yes,yes,no,no,Lleras Camargo,Ospina Perez,no,,,no,no,yes,no,no,yes,"France, Austria",no,no,no,no,1946-05-05,SRC_NELDA
100-1947-0316-L1,COL,Colombia,1947,Legislative/Parliamentary,no,no,yes,yes,yes,no,,,,no,no,no,no,no,no,no,yes,no,no,no,,,,yes,no,,yes,,yes,no,no,no,yes,no,,,,,,,,,Ospina Perez,Ospina Perez,no,,,no,no,yes,no,no,yes,"France, Austria",no,no,no,no,1947-03-16,SRC_NELDA
100-1949-0605-L1,COL,Colombia,1949,Legislative/Parliamentary,no,no,yes,yes,yes,no,,,,no,no,no,no,no,no,no,no,no,no,no,,,,yes,no,,yes,no,yes,no,yes,no,yes,no,,,,,,,,,Ospina Perez,Ospina Perez,no,,,no,no,yes,no,no,yes,"OAS, France",no,no,no,no,1949-06-05,SRC_NELDA
100-1949-1127-P1,COL,Colombia,1949,Executive,no,no,yes,yes,no,yes,yes,no,no,no,yes,yes,no,yes,yes,yes,no,no,no,yes,no,no,,no,no,,no,yes,yes,no,yes,,yes,no,,,,,yes,yes,no,no,Ospina Perez,Laureanco Gomez,no,,,no,no,yes,no,no,yes,"OAS, France",no,no,no,no,1949-11-27,SRC_NELDA
100-1951-0916-L1,COL,Colombia,1951,Legislative/Parliamentary,no,no,yes,yes,yes,yes,,,,no,yes,yes,no,yes,yes,yes,yes,no,yes,no,,,,no,no,,yes,yes,no,,,no,no,no,,,,,,,,,Laureanco Gomez,Laureanco Gomez,no,,,no,no,yes,no,no,yes,US,no,no,no,no,1951-09-16,SRC_NELDA
100-1953-0315-L1,COL,Colombia,1953,Legislative/Parliamentary,no,no,yes,yes,yes,no,,,,no,yes,yes,no,yes,yes,yes,yes,no,yes,no,,,,no,no,,no,yes,no,,,no,no,no,,,,,,,,,Roberto Urdaneta Arbelaez,Roberto Urdaneta Arbelaez,no,,,no,no,yes,no,no,yes,US,no,no,no,no,1953-03-15,SRC_NELDA
100-1958-0316-L1,COL,Colombia,1958,Legislative/Parliamentary,no,no,yes,yes,yes,no,,,,yes,no,no,no,no,no,no,yes,no,yes,no,,,,,no,,yes,,no,,,,no,,,,,,,,,,Gabriel Paris Gordillo,Gabriel Paris Gordillo,no,,,no,no,yes,no,no,yes,US,no,no,no,no,1958-03-16,SRC_NELDA
100-1958-0504-P1,COL,Colombia,1958,Executive,yes,no,yes,yes,yes,,yes,no,no,yes,no,no,no,no,no,no,yes,no,yes,yes,no,no,,,no,,yes,,no,,,,no,,,,,,,,,,Gabriel Paris Gordillo,Lleras Camargo,no,,,no,no,yes,no,no,yes,US,no,no,no,no,1958-05-04,SRC_NELDA
100-1960-0320-L1,COL,Colombia,1960,Legislative/Parliamentary,no,no,yes,yes,yes,no,,,,no,no,no,yes,,,,no,yes,yes,no,,,,,no,,,no,no,,,no,no,no,,,,,,,,,Lleras Camargo,Lleras Camargo,no,,,no,no,yes,no,no,yes,us,no,no,no,no,1960-03-20,SRC_NELDA
100-1962-0318-L1,COL,Colombia,1962,Legislative/Parliamentary,no,no,yes,yes,yes,no,,,,no,no,no,yes,,,,no,yes,yes,no,,,,,no,,,no,no,,,no,no,no,,,,,,,,,Lleras Camargo,Lopez Michelsen,no,,,no,no,yes,no,no,yes,us,no,no,no,no,1962-03-18,SRC_NELDA
100-1962-0506-P1,COL,Colombia,1962,Executive,no,no,yes,yes,yes,no,yes,yes,no,no,no,yes,yes,no,no,no,no,yes,yes,no,no,yes,yes,,yes,yes,no,no,no,,,no,no,no,,,,,yes,yes,no,no,Lleras Camargo,Guillermo-Leon,no,,,no,no,yes,no,no,yes,us,no,no,no,no,1962-05-06,SRC_NELDA
100-1964-0315-L1,COL,Colombia,1964,Legislative/Parliamentary,no,no,yes,yes,yes,no,,,,no,no,no,yes,,,,no,yes,yes,no,,,,,no,,,no,no,,,no,no,no,,,,,,,,,Guillermo-Leon,Guillermo-Leon,no,,,no,no,yes,no,no,yes,us,no,no,no,no,1964-03-15,SRC_NELDA
100-1966-0320-L1,COL,Colombia,1966,Legislative/Parliamentary,no,no,yes,yes,yes,no,,,,no,no,no,yes,,,,no,yes,yes,no,,,,,no,,,no,no,,,no,no,no,,,,,,,,,Guillermo-Leon,Lleras Restrepo,no,,,no,no,yes,no,no,yes,us,no,no,no,no,1966-03-20,SRC_NELDA
100-1966-0501-P1,COL,Colombia,1966,Executive,no,no,yes,yes,yes,no,yes,yes,no,no,no,yes,yes,no,no,no,no,yes,yes,yes,no,yes,yes,,yes,yes,no,no,no,,,no,no,no,,,,,yes,yes,no,no,Guilermo-Leon,Lleras Restrepo,no,,,no,no,yes,no,no,yes,us,no,no,no,no,1966-05-01,SRC_NELDA
100-1968-0317-L1,COL,Colombia,1968,Legislative/Parliamentary,no,no,yes,yes,yes,no,,,,no,no,no,yes,,,,no,yes,yes,no,,,,,no,,,no,no,,,no,no,no,,,,,,,,,Lleras Restrepo,Lleras Restrepo,no,,,no,no,yes,no,no,yes,us,no,no,no,no,1968-03-17,SRC_NELDA
100-1970-0419-L1,COL,Colombia,1970,Legislative/Parliamentary,no,no,yes,yes,yes,no,,,,no,no,yes,no,no,no,no,yes,no,yes,no,,,,no,yes,yes,yes,,no,,,,no,no,,,,,,,,,Lleras Restropo,Pastrana Borrero,no,,,no,no,yes,no,no,yes,world bank,no,no,no,no,1970-04-19,SRC_NELDA
100-1970-0419-P1,COL,Colombia,1970,Executive,no,no,yes,yes,yes,no,yes,yes,no,no,no,no,no,no,no,no,yes,no,yes,yes,no,no,,yes,yes,yes,yes,yes,yes,yes,no,no,no,,,,,,yes,yes,no,no,Lleras Restropo,Pastrana Borrero,no,,,no,no,yes,no,no,yes,world bank,no,no,no,no,1970-04-19,SRC_NELDA
100-1974-0421-L1,COL,Colombia,1974,Legislative/Parliamentary,no,no,yes,yes,yes,no,,,,no,no,yes,no,no,no,no,yes,no,yes,no,,,,yes,yes,no,no,,no,,,no,no,,,,,,,,,,Pastrana Borrero,Lopez Michelsen,no,,,no,no,yes,no,no,yes,world bank,no,no,no,no,1974-04-21,SRC_NELDA
100-1974-0421-P1,COL,Colombia,1974,Executive,no,no,yes,yes,yes,no,yes,yes,no,no,no,yes,no,no,no,no,yes,no,yes,yes,no,no,,yes,yes,no,yes,no,no,,,no,no,,,,,,yes,yes,no,no,Pastrana Borrero,Lopez Michelsen,no,,,no,no,yes,no,no,yes,world bank,no,no,no,no,1974-04-21,SRC_NELDA
100-1978-0226-L1,COL,Colombia,1978,Legislative/Parliamentary,no,no,yes,yes,yes,no,,,,no,no,yes,no,no,no,no,yes,no,yes,no,,,,no,yes,yes,yes,,no,,,,no,no,,,,,,,,,Lopez Michelsen,Lopez Michelsen,no,,,no,no,yes,no,no,yes,world bank,no,no,no,no,1978-02-26,SRC_NELDA
100-1978-0604-P1,COL,Colombia,1978,Executive,no,no,yes,yes,yes,no,yes,yes,no,no,no,yes,no,no,no,no,yes,no,yes,yes,no,no,,no,yes,yes,yes,yes,yes,yes,no,,yes,no,,,,,yes,yes,no,no,Lopez Michelsen,Turbay,no,,,no,no,yes,no,no,yes,world bank,no,no,no,no,1978-06-04,SRC_NELDA
100-1982-0314-L1,COL,Colombia,1982,Legislative/Parliamentary,no,no,yes,yes,yes,no,,,,no,no,yes,no,yes,no,no,unclear,no,no,no,,,,no,unclear,,no,no,no,,,,yes,no,,,,,no,,,,Turbay,Turbay,no,,,no,no,yes,no,no,yes,us,no,no,no,no,1982-03-14,SRC_NELDA
100-1982-0530-P1,COL,Colombia,1982,Executive,no,no,yes,yes,yes,no,yes,yes,no,no,no,no,no,yes,no,no,no,no,no,yes,no,no,,yes,no,,yes,no,no,,,no,no,,,,,,yes,yes,no,no,Turbay,Betancur,no,,,no,no,yes,no,no,yes,us,no,no,no,no,1982-05-30,SRC_NELDA
100-1986-0309-L1,COL,Colombia,1986,Legislative/Parliamentary,no,no,yes,yes,yes,no,,,,no,no,unclear,no,yes,no,no,no,no,no,no,,,,yes,unclear,,unclear,no,no,,,no,yes,,,,,,no,,,,Betancur,Betancur,no,,,no,no,yes,no,no,yes,us,no,no,no,no,1986-03-09,SRC_NELDA
100-1986-0525-P1,COL,Colombia,1986,Executive,no,no,yes,yes,yes,no,yes,yes,no,no,no,no,no,yes,no,no,no,no,no,yes,no,no,,yes,yes,no,yes,no,no,,,no,yes,,,,,,yes,yes,no,no,Betancur,Vargas,no,,,no,no,yes,no,no,yes,us,no,no,no,no,1986-05-25,SRC_NELDA
100-1990-0311-A1,COL,Colombia,1990,Constituent Assembly,no,no,yes,yes,yes,no,,,no,no,yes,no,no,no,no,no,yes,no,yes,no,,,,no,no,,yes,yes,no,,,no,yes,no,,,,,no,,,,Vargas,Trujillo,no,,,no,no,yes,no,no,no,,,,no,no,1990-03-11,SRC_NELDA
100-1990-0311-A2,COL,Colombia,1990,Constituent Assembly,no,no,yes,yes,yes,no,,,no,no,yes,no,no,no,no,no,yes,no,yes,no,,,,no,no,,yes,yes,no,,,no,yes,no,,,,,no,,,,Vargas,Trujillo,no,,,no,no,yes,no,no,no,,,,no,no,1990-12-09,SRC_NELDA
100-1990-0311-L1,COL,Colombia,1990,Legislative/Parliamentary,no,no,yes,yes,yes,no,,no,no,no,yes,,no,no,no,yes,yes,no,yes,no,,,,no,,,yes,no,no,,,no,yes,no,,,,,,,,,Vargas,Vargas,yes,yes,no,no,no,yes,no,no,no,,no,no,no,no,1990-03-11,SRC_NELDA
100-1990-0527-P1,COL,Colombia,1990,Executive,no,no,yes,yes,yes,no,yes,yes,no,no,yes,yes,no,no,no,yes,yes,no,yes,yes,no,yes,yes,no,yes,yes,yes,yes,no,,,no,yes,no,,,,,yes,yes,no,no,Vargas,Trujillo,unclear,unclear,unclear,no,no,yes,no,no,no,,,,unclear,no,1990-05-27,SRC_NELDA
100-1991-1027-L1,COL,Colombia,1991,Legislative/Parliamentary,no,no,yes,yes,yes,yes,,,,no,yes,yes,no,no,no,no,yes,no,yes,no,,,,no,yes,,no,,no,,,no,yes,no,,,,,,,,,Trujillo,Trujillo,no,,,no,no,yes,no,no,unclear,,unclear,unclear,no,no,1991-10-27,SRC_NELDA
100-1994-0313-L1,COL,Colombia,1994,Legislative/Parliamentary,no,no,yes,yes,yes,no,yes,yes,no,no,no,yes,no,no,no,no,yes,no,yes,no,,,,,yes,yes,no,,no,,,no,yes,no,,,,no,yes,yes,no,no,Trujillo,Pizano,no,,,no,no,yes,no,no,no,,no,no,no,no,1994-03-13,SRC_NELDA
100-1994-0529-P1,COL,Colombia,1994,Executive,no,no,yes,yes,yes,no,yes,yes,no,no,no,yes,no,no,no,no,yes,no,yes,yes,no,yes,yes,no,yes,yes,no,,no,,,no,yes,no,,,,no,yes,yes,no,no,Trujillo,Pizano,no,,,no,no,yes,no,no,no,,no,no,no,no,1994-05-29,SRC_NELDA
100-1994-0529-P2,COL,Colombia,1994,Executive,no,no,yes,yes,yes,no,yes,yes,no,no,no,yes,no,no,no,no,yes,no,yes,yes,no,yes,yes,no,yes,yes,no,,no,,,no,yes,no,,,,no,yes,yes,no,no,Trujillo,Pizano,no,,,no,no,yes,no,no,no,,no,no,no,no,1994-06-19,SRC_NELDA
100-1998-0308-L1,COL,Colombia,1998,Legislative/Parliamentary,no,no,yes,yes,yes,no,yes,yes,no,no,yes,no,no,no,no,no,no,no,yes,no,,,,no,yes,yes,no,,no,,,no,yes,no,,,,,yes,yes,no,no,Pizano,Pizano,no,,,no,no,no,no,yes,no,,no,no,no,no,1998-03-08,SRC_NELDA
100-1998-0531-P1,COL,Colombia,1998,Executive,no,no,yes,yes,yes,no,yes,yes,no,no,yes,no,no,no,no,no,no,no,yes,yes,no,yes,no,yes,yes,no,yes,,no,,,no,yes,no,,,,,yes,yes,no,no,Pizano,Pizano,no,,,no,no,no,no,yes,yes,,no,no,no,no,1998-05-31,SRC_NELDA
100-1998-0531-P2,COL,Colombia,1998,Executive,no,no,yes,yes,yes,no,yes,yes,no,no,yes,no,no,no,no,no,no,no,yes,yes,no,yes,no,yes,yes,no,yes,,no,,,no,yes,no,,,,,yes,yes,no,no,Pizano,Arango,no,,,no,no,no,no,yes,yes,,no,no,no,no,1998-06-21,SRC_NELDA
100-2002-0310-L1,COL,Colombia,2002,Legislative/Parliamentary,no,no,yes,yes,yes,no,,,,no,no,no,no,no,no,no,yes,no,yes,no,,,,yes,unclear,unclear,yes,no,no,,,,no,no,,,,,no,,,,Arango,Arango,yes,yes,no,no,no,yes,no,no,unclear,,unclear,unclear,no,no,2002-03-10,SRC_NELDA
100-2002-0526-P1,COL,Colombia,2002,Executive,no,no,yes,yes,yes,no,yes,yes,no,no,no,no,no,no,no,no,yes,no,yes,yes,no,yes,no,yes,unclear,unclear,yes,no,no,,,,no,no,,,,,yes,yes,no,no,Arango,Alvaro Uribe Velez,yes,yes,no,no,no,yes,no,no,unclear,,unclear,unclear,no,no,2002-05-26,SRC_NELDA
100-2006-0312-L1,COL,Colombia,2006,Legislative/Parliamentary,no,no,yes,yes,yes,no,,,,no,yes,no,no,no,no,no,yes,no,no,no,,,,no,yes,yes,yes,yes,no,,,,no,no,,,,,no,,,,uribe,uribe,yes,yes,no,no,no,yes,no,no,yes,"us, oas",no,no,no,no,2006-03-12,SRC_NELDA
100-2006-0528-P1,COL,Colombia,2006,Executive,no,no,yes,yes,yes,no,no,no,no,no,yes,yes,no,no,no,no,yes,no,no,yes,yes,,,no,yes,yes,yes,yes,no,,,,no,no,,,,,no,,,,uribe,uribe,yes,yes,no,no,no,yes,no,no,yes,"us, oas",no,no,no,no,2006-05-28,SRC_NELDA
100-2010-0314-L1,COL,Colombia,2010,Legislative/Parliamentary,no,no,yes,yes,yes,no,,,,no,no,no,no,no,no,no,yes,no,yes,no,,,,yes,no,,yes,no,no,,,,no,,,,,,,,,,Álvaro Uribe,Álvaro Uribe,yes,yes,no,no,no,yes,no,no,yes,"US, France, Mexico",no,no,no,no,2010-03-14,SRC_NELDA
100-2010-0530-P1,COL,Colombia,2010,Executive,no,no,yes,yes,yes,no,yes,yes,no,no,no,no,no,no,no,no,yes,no,yes,yes,no,yes,no,no,yes,yes,no,,no,,,,no,no,,,,,no,,,,Álvaro Uribe,Álvaro Uribe,yes,yes,no,no,no,yes,no,no,yes,"US, Mexico, France",no,no,no,no,2010-05-30,SRC_NELDA
100-2010-0530-P2,COL,Colombia,2010,Executive,no,no,yes,yes,yes,no,yes,yes,no,no,no,yes,no,no,no,no,yes,no,yes,yes,no,yes,yes,yes,yes,no,no,,no,,,,no,,,,,,yes,yes,no,no,Álvaro Uribe,Juan Santos,yes,yes,no,no,no,yes,no,no,yes,"US, Mexico, France, Germany",no,no,no,no,2010-06-20,SRC_NELDA
101-1946-1027-A1,VEN,Venezuela,1946,Constituent Assembly,yes,yes,yes,yes,yes,,,,,yes,no,no,no,no,no,no,yes,no,no,no,,,,no,no,,no,,no,,,,no,no,,,,,,,,,Betancourt,Betancourt,no,,,no,no,yes,no,no,yes,US,no,no,no,no,1946-10-27,SRC_NELDA
101-1947-1214-L1,VEN,Venezuela,1947,Legislative/Parliamentary,yes,yes,yes,yes,yes,,,,,yes,no,no,no,no,no,no,yes,no,no,no,,,,no,no,,no,,no,,,no,no,no,,,,,,,,,Betancourt,Gallegos,no,,,no,no,yes,no,no,yes,US,no,no,no,no,1947-12-14,SRC_NELDA
101-1947-1214-P1,VEN,Venezuela,1947,Executive,yes,yes,yes,yes,yes,,yes,no,no,yes,no,no,no,no,no,no,yes,no,no,yes,no,no,,no,no,,no,,no,,,,no,no,,,,,yes,yes,no,no,Betancourt,Gallegos,no,,,no,no,yes,no,no,yes,US,no,no,no,no,1947-12-14,SRC_NELDA
101-1952-1130-A1,VEN,Venezuela,1952,Constituent Assembly,yes,no,yes,yes,yes,,,,,yes,yes,yes,yes,no,yes,yes,yes,no,no,no,,,,yes,no,,yes,yes,yes,yes,yes,yes,no,,,,,,,,,,Perez Jimenez,Perez Jimenez,no,,,no,no,yes,no,no,yes,US,no,no,no,no,1952-11-30,SRC_NELDA
101-1957-1215-P1,VEN,Venezuela,1957,Executive,yes,no,yes,yes,yes,,no,no,yes,no,no,no,no,no,yes,no,yes,no,no,yes,yes,,,yes,no,,yes,,yes,no,yes,no,no,,,,,,yes,no,yes,no,Perez Jimenez,Larrazabal,no,,,no,no,yes,no,no,yes,US,no,no,no,no,1957-12-15,SRC_NELDA
101-1958-1207-P1,VEN,Venezuela,1958,Executive,yes,no,yes,yes,yes,,no,no,no,yes,no,no,no,no,no,no,yes,no,no,yes,yes,,,no,no,,yes,,yes,no,no,no,no,,,,,,yes,yes,no,no,Sanabria,Betancourt,no,,,no,no,yes,no,no,yes,US,no,no,no,no,1958-12-07,SRC_NELDA
101-1958-1215-L1,VEN,Venezuela,1958,Legislative/Parliamentary,yes,no,yes,yes,yes,,,,,yes,no,no,no,no,no,no,yes,no,no,no,,,,yes,no,,yes,,yes,no,no,no,no,,,,,,,,,,Sanabria,Betancourt,no,,,no,no,yes,no,no,yes,US,no,no,no,no,1958-12-15,SRC_NELDA
101-1963-1201-L1,VEN,Venezuela,1963,Legislative/Parliamentary,no,no,yes,yes,yes,no,,,,no,no,yes,yes,no,yes,no,yes,no,yes,no,,,,no,no,,yes,no,no,,,no,yes,no,,,,,,,,,Betancourt,Leoni,no,,,no,no,yes,no,no,yes,us,no,no,no,no,1963-12-01,SRC_NELDA
101-1963-1201-P1,VEN,Venezuela,1963,Executive,no,no,yes,yes,yes,no,yes,yes,no,no,no,yes,yes,no,yes,no,yes,no,yes,yes,no,no,,yes,no,,yes,no,no,,,no,yes,no,,,,,yes,yes,no,no,Betancourt,Leoni,no,,,no,no,yes,no,no,yes,us,no,no,no,no,1963-12-01,SRC_NELDA
101-1968-1201-L1,VEN,Venezuela,1968,Legislative/Parliamentary,no,no,yes,yes,yes,no,,,,no,no,no,no,no,no,no,no,no,yes,no,,,,no,no,,yes,no,no,,,no,no,no,,,,,,,,,leoni,caldera,no,,,no,no,yes,no,no,yes,us,no,no,no,no,1968-12-01,SRC_NELDA
101-1968-1201-P1,VEN,Venezuela,1968,Executive,no,no,yes,yes,yes,no,yes,yes,no,no,no,no,no,no,no,no,no,no,yes,yes,no,no,,no,no,,yes,no,no,,,no,no,no,,,,,yes,yes,no,no,leoni,caldera,no,,,no,no,yes,no,no,yes,us,no,no,no,no,1968-12-01,SRC_NELDA
101-1973-1209-L1,VEN,Venezuela,1973,Legislative/Parliamentary,no,no,yes,yes,yes,no,,,,no,yes,no,no,no,no,yes,yes,no,yes,no,,,,no,yes,yes,yes,no,no,,,,no,no,,,,,,,,,caldera rodriguez,caldera rodriguez,no,,,no,no,yes,no,no,yes,usa,no,no,no,no,1973-12-09,SRC_NELDA
101-1973-1209-P1,VEN,Venezuela,1973,Executive,no,no,yes,yes,yes,no,yes,yes,no,no,yes,no,no,no,no,no,yes,no,yes,yes,no,yes,no,yes,yes,no,yes,no,no,,,,no,,,,,,yes,yes,no,no,caldera rodriguez,andres perez,no,,,no,no,yes,no,no,yes,usa,no,no,no,no,1973-12-09,SRC_NELDA
101-1978-1203-L1,VEN,Venezuela,1978,Legislative/Parliamentary,no,no,yes,yes,yes,no,,,,no,yes,no,yes,no,no,yes,yes,no,yes,no,,,,no,yes,yes,yes,no,no,,,no,no,,,,,,,,,,perez,perez,no,,,no,no,yes,no,no,yes,usa,no,no,no,no,1978-12-03,SRC_NELDA
101-1978-1203-P1,VEN,Venezuela,1978,Executive,no,no,yes,yes,yes,no,yes,yes,no,no,yes,no,no,no,no,no,yes,no,yes,yes,no,yes,no,yes,yes,no,yes,no,no,,,,no,,,,,,yes,yes,no,no,andres perez,herrera campins,no,,,no,no,yes,no,no,yes,usa,no,no,no,no,1978-12-03,SRC_NELDA
101-1983-1204-L1,VEN,Venezuela,1983,Legislative/Parliamentary,no,no,yes,yes,yes,no,,,no,no,no,no,no,no,no,no,no,no,no,no,,,,yes,yes,no,yes,no,no,,,no,no,,,,,,no,,,,Campis,Lusinchi,no,,,no,no,yes,no,no,yes,us,no,no,no,no,1983-12-04,SRC_NELDA
101-1983-1204-P1,VEN,Venezuela,1983,Executive,no,no,yes,yes,yes,no,yes,yes,no,no,no,no,no,no,no,no,no,no,no,yes,no,no,,yes,yes,no,yes,no,no,,,no,no,,,,,,yes,yes,no,no,Campins,Lusinchi,no,,,no,no,yes,no,no,yes,us,no,no,no,no,1983-12-04,SRC_NELDA
101-1988-1204-L1,VEN,Venezuela,1988,Legislative/Parliamentary,no,no,yes,yes,yes,no,,,no,no,no,yes,no,no,no,no,no,no,no,no,,,,no,yes,yes,no,no,no,,,,no,no,,,,,no,,,,Lusinchi,Andres Perez,no,,,no,no,yes,no,no,yes,us,no,no,no,no,1988-12-04,SRC_NELDA
101-1988-1204-P1,VEN,Venezuela,1988,Executive,no,no,yes,yes,yes,no,yes,yes,no,no,no,yes,no,no,no,no,no,no,no,yes,no,no,,no,yes,yes,no,no,no,,,,no,no,,,,,yes,yes,no,no,Lusinchi,Andres Perez,no,,,no,no,yes,no,no,yes,us,no,no,no,no,1988-12-04,SRC_NELDA
101-1993-1205-L1,VEN,Venezuela,1993,Legislative/Parliamentary,no,no,yes,yes,yes,no,,no,no,yes,yes,no,no,no,no,no,no,no,yes,no,,,,yes,yes,no,yes,,no,,,no,no,no,,,,,,,,,Velasquez,Velasquez,yes,yes,no,no,no,yes,no,unclear,yes,,unclear,unclear,no,unclear,1993-12-05,SRC_NELDA
101-1993-1205-P1,VEN,Venezuela,1993,Executive,no,no,yes,yes,yes,no,no,no,no,yes,yes,no,no,no,no,no,no,no,yes,yes,no,yes,no,yes,yes,no,yes,,no,,,no,no,no,,,,,yes,yes,no,no,Velasquez,Caldera Rodriguez,yes,yes,no,no,no,yes,no,unclear,yes,,unclear,unclear,no,unclear,1993-12-05,SRC_NELDA
101-1998-1108-L1,VEN,Venezuela,1998,Legislative/Parliamentary,yes,no,yes,yes,yes,,yes,yes,no,no,yes,no,no,no,no,no,yes,no,yes,no,,,,unclear,yes,no,yes,no,no,,,no,no,no,,,,,,,,,Caldera Rodriguez,Caldera Rodriguez,yes,yes,no,no,no,yes,unclear,no,yes,"eu, ec",unclear,unclear,no,no,1998-11-08,SRC_NELDA
101-1998-1206-P1,VEN,Venezuela,1998,Executive,yes,no,yes,yes,yes,,yes,yes,no,no,yes,no,no,no,no,no,yes,no,yes,yes,no,yes,no,yes,yes,no,yes,no,no,,,no,no,no,,,,,yes,yes,no,no,Caldera Rodriguez,Hugo Chavez,yes,yes,no,no,no,yes,unclear,no,yes,"eu, ec",unclear,unclear,no,no,1998-12-06,SRC_NELDA
101-1999-0725-A1,VEN,Venezuela,1999,Constituent Assembly,no,no,yes,yes,yes,,,no,,no,no,,no,no,no,no,no,no,yes,no,,,,no,yes,yes,no,,no,,,no,no,no,,,,no,no,,,,Hugo Chavez,Hugo Chavez,,yes,no,no,no,yes,no,no,unclear,,unclear,unclear,no,no,1999-07-25,SRC_NELDA
101-2000-0730-L1,VEN,Venezuela,2000,Legislative/Parliamentary,yes,no,yes,yes,yes,,no,no,no,no,yes,no,no,no,no,no,no,no,yes,no,,,,no,yes,unclear,no,,yes,yes,yes,no,no,no,,,,no,no,,,,Hugo Chavez,Hugo Chavez,yes,yes,no,no,no,yes,no,no,unclear,,unclear,unclear,no,no,2000-07-30,SRC_NELDA
101-2000-0730-P1,VEN,Venezuela,2000,Executive,yes,no,yes,yes,yes,,no,no,no,no,no,yes,no,no,no,no,no,no,yes,yes,yes,,,no,yes,yes,no,,yes,yes,yes,no,no,no,,,,no,no,,,,Hugo Chavez,Hugo Chavez,yes,yes,no,no,no,yes,no,no,unclear,,unclear,unclear,no,no,2000-07-30,SRC_NELDA
101-2004-0815-P1,VEN,Venezuela,2004,Executive,no,no,no,yes,no,yes,no,no,no,no,yes,yes,yes,no,no,no,yes,no,yes,yes,yes,,,no,yes,no,no,no,no,,,,no,no,,,,,no,,,,hugo chavez,hugo chavez,yes,yes,no,no,no,no,no,no,yes,"un, oas",no,no,no,no,2004-08-15,SRC_NELDA
101-2005-1204-L1,VEN,Venezuela,2005,Legislative/Parliamentary,no,no,yes,yes,yes,no,no,no,no,no,yes,yes,no,yes,no,no,yes,no,no,no,,,,no,yes,yes,no,,no,,,no,yes,no,,,,,no,,,,hugo chavez,hugo chavez,yes,yes,no,no,no,no,yes,no,yes,,no,no,no,no,2005-12-04,SRC_NELDA
101-2006-1203-P1,VEN,Venezuela,2006,Executive,no,no,yes,yes,yes,no,no,no,no,no,yes,yes,no,no,no,no,yes,no,no,yes,yes,,,no,yes,yes,no,no,no,,,,no,no,,,,,no,,,,chavez,chavez,yes,yes,no,no,no,no,no,no,yes,us,no,no,no,no,2006-12-03,SRC_NELDA
101-2010-0926-L1,VEN,Venezuela,2010,Legislative/Parliamentary,no,no,yes,yes,yes,no,,,,no,yes,yes,no,no,no,yes,no,no,no,no,,,,no,yes,yes,yes,,no,,,,no,no,,,,,,,,,Hugo Chavez,Hugo Chavez,no,,,yes,no,no,no,no,no,,,,no,no,2010-09-26,SRC_NELDA
110-1968-1216-L1,GUY,Guyana,1968,Legislative/Parliamentary,no,no,yes,yes,yes,no,no,no,no,no,yes,yes,no,no,no,no,no,yes,yes,yes,yes,,,no,yes,yes,no,yes,no,,,no,no,no,,,,,no,,,,burnham,burnham,yes,yes,yes,unclear,unclear,yes,no,no,yes,"us, great britain",no,no,no,no,1968-12-16,SRC_NELDA
110-1973-0716-L1,GUY,Guyana,1973,Legislative/Parliamentary,no,no,yes,yes,yes,no,no,no,no,no,yes,yes,yes,no,yes,yes,yes,no,no,yes,yes,,,,no,,no,yes,yes,yes,yes,,no,no,,,,,no,,,,Burnham,Burnham,no,,,no,no,no,no,no,no,,,,no,no,1973-07-16,SRC_NELDA
110-1980-1215-L1,GUY,Guyana,1980,Legislative/Parliamentary,no,no,yes,yes,yes,,no,no,yes,no,yes,yes,no,yes,yes,unclear,no,no,yes,yes,yes,,,no,no,,no,yes,no,,,,no,no,,,,,no,,,,Burnham,Burnham,yes,yes,yes,no,no,no,no,no,yes,british commonwealth,yes,no,no,no,1980-12-15,SRC_NELDA
110-1985-1209-L1,GUY,Guyana,1985,Legislative/Parliamentary,no,no,yes,yes,yes,no,no,no,no,no,yes,yes,no,no,yes,unclear,no,no,no,yes,yes,,,no,no,,no,yes,no,,,,no,no,,,,,no,,,,Hoyte,Hoyte,no,,,yes,no,no,no,no,yes,british commonwealth,no,no,yes,no,1985-12-09,SRC_NELDA
110-1992-1005-L1,GUY,Guyana,1992,Legislative/Parliamentary,yes,no,yes,yes,yes,,no,no,yes,no,no,,no,no,no,,yes,no,yes,yes,yes,,,yes,no,,yes,unclear,yes,yes,no,,yes,no,,,,,yes,yes,no,no,Hoyte,Jagan Cheddi,yes,yes,no,no,no,yes,no,yes,yes,"un, eu, undp,oas",no,no,no,no,1992-10-05,SRC_NELDA
110-1997-1215-L1,GUY,Guyana,1997,Legislative/Parliamentary,no,no,yes,yes,yes,no,no,no,no,yes,no,unclear,no,no,no,no,yes,no,yes,yes,yes,,,yes,unclear,,no,yes,yes,yes,yes,,yes,no,,,,,yes,no,no,no,Samuel Hinds,Janet Jagan,yes,unclear,unclear,no,no,yes,no,yes,yes,"un, eu, oas",no,no,no,no,1997-12-15,SRC_NELDA
110-2001-0319-L1,GUY,Guyana,2001,Legislative/Parliamentary,no,no,yes,yes,yes,yes,no,no,no,no,unclear,unclear,no,no,no,no,no,no,yes,yes,yes,,,no,unclear,,,yes,yes,yes,no,,yes,no,,,,,no,,,,Bharrat Jagdeo,Bharrat Jagdeo,yes,no,no,no,no,yes,no,no,yes,"un, eu, imf, undp, oas",no,no,no,no,2001-03-19,SRC_NELDA
110-2006-0828-L1,GUY,Guyana,2006,Legislative/Parliamentary,no,no,yes,yes,yes,no,no,no,no,no,no,no,no,no,no,no,no,yes,yes,yes,yes,,,no,yes,yes,yes,no,no,,,,no,no,,,,,no,,,,jagdeo,jagdeo,yes,yes,no,no,no,yes,no,no,yes,"eu, oas, un",no,no,no,no,2006-08-28,SRC_NELDA
130-1948-0606-P1,ECU,Ecuador,1948,Executive,yes,no,yes,yes,yes,,yes,no,no,yes,no,,no,no,no,no,no,yes,yes,yes,no,no,,,no,,yes,,no,,,no,no,,,,,,yes,yes,no,no,Arosemana Tola,Plaza Lasso,no,,,no,no,yes,no,no,yes,US,no,no,no,no,1948-06-06,SRC_NELDA
130-1950-0406-L1,ECU,Ecuador,1950,Legislative/Parliamentary,no,no,yes,yes,yes,no,,,,no,no,no,no,no,no,no,no,yes,yes,no,,,,,no,,yes,,no,,,no,no,no,,,,,,,,,Plaza Lasso,Plaza Lasso,no,,,no,no,yes,no,no,yes,US,no,no,no,no,1950-04-06,SRC_NELDA
130-1952-0601-L1,ECU,Ecuador,1952,Legislative/Parliamentary,no,no,yes,yes,yes,no,,,,no,no,no,no,no,no,no,no,yes,yes,no,,,,yes,no,,yes,,no,,,no,no,no,,,,,,,,,Plaza Lasso,Velasco Ibarra,no,,,no,no,yes,no,no,yes,US,no,no,no,no,1952-06-01,SRC_NELDA
130-1952-0601-P1,ECU,Ecuador,1952,Executive,no,no,yes,yes,yes,no,yes,yes,no,no,no,no,no,no,no,no,no,yes,yes,yes,no,no,,yes,no,,yes,,no,,,no,no,,,,,,yes,yes,no,no,Plaza Lasso,Velasco Ibarra,no,,,no,no,yes,no,no,yes,US,no,no,no,no,1952-06-01,SRC_NELDA
130-1954-0606-L1,ECU,Ecuador,1954,Legislative/Parliamentary,no,no,yes,yes,yes,no,,,,no,no,no,no,no,no,no,no,yes,yes,no,,,,no,no,,no,,no,,,no,no,,,,,,,,,,Velasco Ibarra,Velasco Ibarra,no,,,no,no,yes,no,no,yes,US,no,no,no,no,1954-06-06,SRC_NELDA
130-1956-0603-L1,ECU,Ecuador,1956,Legislative/Parliamentary,no,no,yes,yes,yes,no,,,,no,no,no,no,no,no,no,no,yes,yes,no,,,,yes,no,,yes,yes,yes,yes,yes,no,no,no,,,,,yes,yes,no,no,Velasco Ibarra,Ponce Enriquez,no,,,no,no,yes,no,no,yes,"Us, IMF",no,no,no,no,1956-06-03,SRC_NELDA
130-1956-0603-P1,ECU,Ecuador,1956,Executive,no,no,yes,yes,yes,no,yes,yes,no,no,no,no,no,no,no,no,no,yes,yes,yes,no,no,,yes,no,,yes,yes,yes,yes,yes,no,no,,,,,,yes,yes,no,no,Velasco Ibarra,Ponce Enriquez,no,,,no,no,yes,no,no,yes,"US, IMF",no,no,no,no,1956-06-03,SRC_NELDA
130-1958-0601-L1,ECU,Ecuador,1958,Legislative/Parliamentary,no,no,yes,yes,yes,no,,,,no,no,no,no,no,no,no,no,yes,yes,no,,,,yes,no,,yes,yes,yes,yes,yes,no,no,no,,,,,yes,yes,no,no,Ponce Enriquez,Ponce Enriquez,no,,,no,no,yes,no,no,yes,"US, IMF",no,no,no,no,1958-06-01,SRC_NELDA
130-1960-0605-L1,ECU,Ecuador,1960,Legislative/Parliamentary,no,no,yes,yes,yes,no,no,no,no,no,no,no,no,no,no,no,no,no,yes,no,,,,,no,,yes,,no,,,no,yes,,,,,,,,,,Ponce Enriquez,Velasco Ibarra,no,,,no,no,yes,no,no,yes,US,no,no,no,no,1960-06-05,SRC_NELDA
130-1960-0605-P1,ECU,Ecuador,1960,Executive,no,no,yes,yes,yes,no,yes,yes,no,no,unclear,,no,no,no,no,no,no,yes,yes,yes,,no,yes,no,,yes,no,unclear,,,,unclear,no,,,,,yes,yes,no,no,Ponce Burbano,Velasco Ibarra,no,,,no,no,yes,no,no,yes,us,no,no,no,no,1960-06-05,SRC_NELDA
130-1962-0603-L1,ECU,Ecuador,1962,Legislative/Parliamentary,no,no,yes,yes,yes,no,no,no,,no,no,no,yes,yes,no,no,yes,no,yes,no,,,,,no,,yes,,no,,,no,no,,,,,,,,,,Arosemena Monroy,Arosemena Monroy,no,,,no,no,yes,no,no,yes,US,no,no,no,no,1962-06-03,SRC_NELDA
130-1968-0602-L1,ECU,Ecuador,1968,Legislative/Parliamentary,yes,no,yes,yes,yes,,no,no,no,yes,no,no,no,no,no,no,no,yes,yes,no,,,,,no,,yes,,no,,,no,yes,,,,,,,,,,Arosemena Gomez,Velasco Ibarra,no,,,no,no,yes,no,yes,yes,US,no,yes,no,no,1968-06-02,SRC_NELDA
130-1968-0602-P1,ECU,Ecuador,1968,Executive,yes,no,yes,yes,yes,,yes,yes,no,yes,unclear,,no,no,unclear,unclear,no,no,yes,yes,no,no,,yes,no,,yes,no,unclear,,,no,unclear,no,,,,,yes,yes,no,no,Arosemena Gomez,Velasco Ibarra,no,,,,,yes,no,no,yes,us,no,no,no,no,1968-06-02,SRC_NELDA
130-1978-0716-P1,ECU,Ecuador,1978,Executive,yes,no,yes,yes,yes,,yes,yes,no,yes,no,,no,no,unclear,no,yes,no,yes,yes,no,no,,no,no,,yes,no,no,,,no,unclear,yes,no,no,yes,yes,no,,,,Poveda Burbano,Poveda Burbano,no,,,unclear,unclear,yes,no,no,yes,"us, imf, oas, world bank",no,no,no,no,1978-07-16,SRC_NELDA
130-1978-0716-P2,ECU,Ecuador,1979,Executive,no,no,yes,yes,yes,no,yes,yes,yes,yes,unclear,no,yes,no,no,unclear,yes,no,yes,yes,no,no,,yes,no,,yes,no,no,,,,unclear,no,,,,,yes,yes,no,no,Poveda Burbano,Roldos Aquileras,no,,,no,no,yes,no,no,yes,"us, imr, world bank, oas",no,no,no,no,1979-04-29,SRC_NELDA
130-1979-0429-L1,ECU,Ecuador,1979,Legislative/Parliamentary,yes,no,yes,yes,yes,,yes,no,no,no,yes,no,no,no,yes,yes,yes,no,no,no,,,,,no,,yes,,no,,,no,no,,,,,,,,,,Poveda Burbano,Roldos Aquilers,no,,,no,no,yes,no,yes,yes,US,no,yes,yes,no,1979-04-29,SRC_NELDA
130-1984-0129-L1,ECU,Ecuador,1984,Legislative/Parliamentary,no,no,yes,yes,yes,no,no,no,no,no,no,no,no,no,no,no,no,no,yes,no,,,,,no,,yes,,no,,,no,no,,,,,,,,,,Hurtado Larrea,Febres Cordaro,no,,,no,no,yes,no,yes,yes,US,no,no,no,no,1984-01-29,SRC_NELDA
130-1984-0129-P1,ECU,Ecuador,1984,Executive,no,no,yes,yes,yes,no,yes,yes,no,no,no,yes,no,no,no,no,no,no,yes,yes,no,no,,no,no,,yes,no,no,,,,no,no,,,,,no,,,,Hurtado Larrea,Hurtado Larrea,no,,,no,no,yes,no,no,yes,"imf, us",no,no,no,no,1984-01-29,SRC_NELDA
130-1984-0129-P2,ECU,Ecuador,1984,Executive,no,no,yes,yes,yes,no,yes,yes,no,no,unclear,,yes,no,unclear,no,no,no,yes,yes,no,no,,,no,,yes,no,no,,,,unclear,no,,,,,yes,yes,no,no,Hurtado Larrea,Febres Cordaro,no,,,unclear,unclear,yes,no,no,yes,"imf, us",no,no,no,no,1984-05-09,SRC_NELDA
130-1986-0601-L1,ECU,Ecuador,1986,Legislative/Parliamentary,no,no,yes,yes,yes,no,,,,no,yes,yes,no,no,no,no,no,no,yes,no,,,,yes,no,,yes,no,no,,,no,no,,,,,,no,,,,Febres Cordaro,Febres Cordaro,yes,yes,no,no,no,yes,no,yes,yes,"usa, un, oas, peru",no,yes,no,no,1986-06-01,SRC_NELDA
130-1988-0131-L1,ECU,Ecuador,1988,Legislative/Parliamentary,no,no,yes,yes,yes,no,no,no,no,no,no,yes,no,no,no,yes,no,no,yes,no,,,,,no,,no,,no,,,,no,no,,,,,,,,,Febres Cordaro,Borja Cevallos,no,,,no,no,yes,no,no,yes,World Bank,no,no,no,no,1988-01-31,SRC_NELDA
130-1988-0131-P1,ECU,Ecuador,1988,Executive,no,no,yes,yes,yes,no,yes,yes,no,no,no,yes,no,no,no,unclear,no,no,yes,yes,no,yes,no,no,yes,yes,yes,no,no,,,,unclear,no,,,,,no,,,,Febres Cordaro,Febres Cordaro,no,,,no,no,yes,no,no,yes,"imf, us",no,no,no,no,1988-01-31,SRC_NELDA
130-1988-0131-P2,ECU,Ecuador,1988,Executive,no,no,yes,yes,yes,no,yes,yes,no,no,no,no,no,no,no,no,no,no,yes,yes,no,yes,no,yes,yes,yes,yes,no,no,,,no,no,,,,,,yes,yes,no,no,Febres Cordaro,Borja Cevallos,no,,,no,no,yes,no,no,yes,"imf, us",no,no,no,no,1988-05-08,SRC_NELDA
130-1990-0617-L1,ECU,Ecuador,1990,Legislative/Parliamentary,no,no,yes,yes,yes,no,,,,no,no,yes,no,no,no,no,no,no,yes,no,,,,yes,no,,yes,no,,no,,no,no,,,,,,no,,,,Borja Cevallos,Borja Cevallos,no,,,no,no,yes,no,no,yes,"us, un, oas",no,no,no,no,1990-06-17,SRC_NELDA
130-1992-0517-L1,ECU,Ecuador,1992,Legislative/Parliamentary,no,no,yes,yes,yes,no,,,,no,no,yes,no,no,no,no,yes,no,yes,no,,,,,no,,yes,no,no,,,no,no,,,,,,,,,,Borja Cevallos,Duran Ballen,no,,,no,no,yes,no,no,yes,,no,no,no,no,1992-05-17,SRC_NELDA
130-1992-0517-P1,ECU,Ecuador,1992,Executive,no,no,yes,yes,yes,no,no,no,no,no,no,yes,no,no,no,no,yes,no,yes,yes,no,yes,no,yes,no,,,no,no,,,no,no,no,,,,,yes,yes,no,no,Borja Cevallos,Duran Ballen,no,,,no,no,yes,no,no,yes,,no,no,no,no,1992-05-17,SRC_NELDA
130-1992-0517-P2,ECU,Ecuador,1992,Executive,no,no,yes,yes,yes,no,no,no,no,no,no,yes,no,no,no,no,yes,no,yes,yes,no,yes,no,yes,no,,,,no,,,no,no,no,,,,,yes,yes,no,no,Borja Cevallos,Duran Ballen,no,,,no,no,yes,no,no,yes,,no,no,no,no,1992-07-05,SRC_NELDA
130-1994-0501-L1,ECU,Ecuador,1994,Legislative/Parliamentary,no,no,yes,yes,yes,no,,,,no,unclear,unclear,no,no,no,no,yes,no,unclear,no,,,,,unclear,,yes,no,no,,,,no,,,,,,no,,,,Duran Ballen,Duran Ballen,unclear,,,,,yes,no,no,yes,"un, eu, oas",no,no,no,no,1994-05-01,SRC_NELDA
130-1996-0519-L1,ECU,Ecuador,1996,Legislative/Parliamentary,no,no,yes,yes,yes,no,,,,no,no,no,no,no,no,no,no,yes,unclear,no,,,,,yes,no,no,no,no,,,,no,,,,,,,,,,Duran Ballen,Bucaram Ortiz,unclear,,,,,yes,no,no,yes,"un, eu, oas",no,no,no,no,1996-05-19,SRC_NELDA
130-1996-0519-P1,ECU,Ecuador,1996,Executive,no,no,yes,yes,yes,no,unclear,no,no,no,no,no,no,no,no,no,no,yes,unclear,yes,unclear,,,yes,yes,no,unclear,no,no,,,no,no,no,,,,,yes,yes,no,no,Duran Ballen,Bucaram Ortiz,unclear,,,,,yes,no,no,yes,"un, eu, oas",no,no,no,no,1996-05-19,SRC_NELDA
130-1996-0519-P2,ECU,Ecuador,1996,Executive,no,no,yes,yes,yes,no,unclear,no,no,no,no,no,no,no,no,no,no,yes,unclear,yes,unclear,,,yes,yes,no,unclear,no,no,,,no,no,no,,,,,yes,yes,no,no,Duran Ballen,Bucaram Ortiz,unclear,,,,,yes,no,no,yes,"un, eu, oas",no,no,no,no,1996-07-07,SRC_NELDA
130-1997-1130-A1,ECU,Ecuador,1997,Constituent Assembly,no,no,yes,yes,yes,yes,,,,no,no,,no,no,no,no,no,no,yes,no,,,,,unclear,,,no,no,,,,no,,,,,,no,,,,Alarcon Fabian,Alarcon Fabian,unclear,,,,,yes,no,no,yes,"un, eu, oas",no,no,no,no,1997-11-30,SRC_NELDA
130-1998-0531-L1,ECU,Ecuador,1998,Legislative/Parliamentary,no,no,yes,yes,yes,no,,,,yes,no,unclear,no,no,no,no,no,yes,yes,no,,,,yes,unclear,,yes,no,no,,,,no,,,,,,,,,,Alarcon Fabian,Mahuad,unclear,,,,,yes,no,no,yes,"un, eu, oas",no,no,no,no,1998-05-31,SRC_NELDA
130-1998-0531-P1,ECU,Ecuador,1998,Executive,no,no,yes,yes,yes,yes,no,no,no,yes,no,unclear,no,no,no,no,no,yes,yes,yes,yes,,no,yes,unclear,,,no,no,,,no,no,no,,,,,yes,yes,no,no,Alarcon Fabian,Mahuad,unclear,,,,,yes,no,no,yes,"un, eu, oas",no,no,no,no,1998-05-31,SRC_NELDA
130-1998-0531-P2,ECU,Ecuador,1998,Executive,no,no,yes,yes,yes,yes,no,no,no,yes,no,unclear,no,no,no,no,no,yes,yes,yes,yes,,no,yes,unclear,,,no,no,,,no,no,no,,,,,yes,yes,no,no,Alarcon Fabian,Mahuad,unclear,,,,,yes,no,no,yes,"un, eu, oas",no,no,no,no,1998-07-12,SRC_NELDA
130-2002-1020-L1,ECU,Ecuador,2002,Legislative/Parliamentary,yes,no,yes,yes,yes,,,,,no,unclear,unclear,no,no,no,no,no,yes,yes,no,,,no,yes,unclear,,unclear,no,no,,,,no,,,,,,,,,,Gustavo Noboa,Lucio Gutierrez,unclear,,,,,yes,no,no,yes,"un, eu, oas",no,no,no,no,2002-10-20,SRC_NELDA
130-2002-1020-P1,ECU,Ecuador,2002,Executive,yes,no,yes,yes,yes,,no,no,no,no,unclear,unclear,no,no,no,no,no,yes,yes,yes,yes,,no,yes,unclear,,,no,no,,,no,no,no,,,,,yes,yes,no,no,Gustavo Noboa,Lucio Gutierrez,unclear,,,,,yes,no,no,yes,"un, eu, oas",no,no,no,no,2002-10-20,SRC_NELDA
130-2002-1020-P2,ECU,Ecuador,2002,Executive,yes,no,yes,yes,yes,,no,no,no,no,unclear,unclear,no,no,no,no,no,yes,yes,yes,yes,,no,yes,unclear,,,no,no,,,no,no,no,,,,,yes,yes,no,no,Gustavo Noboa,Lucio Gutierrez,unclear,,,,,yes,no,no,yes,"un, eu, oas",no,no,no,no,2002-11-24,SRC_NELDA
130-2006-1015-L1,ECU,Ecuador,2006,Legislative/Parliamentary,no,no,yes,yes,yes,no,,,,no,no,no,no,no,no,no,no,no,yes,no,,,,yes,no,,yes,no,no,,,no,no,no,,,,,,,,,palacio,rafael correa,yes,yes,no,no,no,yes,no,no,yes,"usa, oas",no,no,no,no,2006-10-15,SRC_NELDA
130-2006-1015-P1,ECU,Ecuador,2006,Executive,no,no,yes,yes,yes,no,yes,no,no,no,no,no,no,no,no,no,no,no,yes,yes,no,no,,yes,no,,yes,yes,no,,,no,no,,,,,,yes,yes,no,no,alfredo palacio,alfredo palacio,yes,yes,no,no,no,yes,no,no,yes,"usa, oas",no,no,no,no,2006-10-15,SRC_NELDA
130-2006-1015-P2,ECU,Ecuador,2006,Executive,no,no,yes,yes,yes,no,yes,no,no,no,no,no,no,no,no,no,no,no,yes,yes,no,no,,yes,yes,no,yes,no,no,,,no,no,,,,,,yes,yes,no,no,alfredo palacio,rafael correa,yes,yes,no,no,no,yes,no,no,yes,"usa, oas",no,no,no,no,2006-10-26,SRC_NELDA
130-2007-0930-A1,ECU,Ecuador,2007,Constituent Assembly,no,no,yes,yes,yes,,,,,no,no,no,no,no,no,yes,no,no,yes,no,,,,no,yes,yes,yes,no,no,,,no,no,no,,,,,,,,,Correa,Correa,yes,yes,no,no,no,yes,no,no,yes,"UN, OAS",no,no,no,no,2007-09-30,SRC_NELDA
130-2009-0426-L1,ECU,Ecuador,2009,Legislative/Parliamentary,no,no,yes,yes,yes,yes,,,,no,no,no,no,no,no,yes,no,yes,yes,no,,,,no,yes,yes,yes,no,no,,,no,no,no,,,,,,,,,Correa,Correa,yes,yes,no,no,no,yes,no,no,yes,"UN, OAS",no,no,no,no,2009-04-26,SRC_NELDA
130-2009-0426-P1,ECU,Ecuador,2009,Executive,no,no,yes,yes,yes,yes,no,no,no,no,no,no,no,no,no,yes,no,yes,yes,yes,yes,,,no,yes,yes,no,,no,,,,no,no,,,,,no,,,,Correa,Correa,yes,yes,no,no,no,yes,no,no,yes,"UN, OAS",no,no,no,no,2009-04-26,SRC_NELDA
135-1945-0610-L1,PER,Peru,1945,Legislative/Parliamentary,no,no,yes,yes,yes,no,,,,no,no,no,no,no,no,no,no,yes,yes,no,,,,yes,no,,yes,,no,,,no,no,no,,,,,,,,,Ugarteche,Bustamante,no,,,no,no,yes,no,no,yes,"US, France",no,no,no,no,1945-06-10,SRC_NELDA
135-1945-0610-P1,PER,Peru,1945,Executive,no,no,yes,yes,yes,no,yes,yes,no,no,no,no,no,no,no,no,no,yes,yes,yes,no,no,,yes,no,,yes,,no,,,no,no,,,,,,yes,yes,no,no,Ugarteche,Bustamante,no,,,no,no,yes,no,no,yes,"US, France",no,no,no,no,1945-06-10,SRC_NELDA
135-1950-0702-L1,PER,Peru,1950,Legislative/Parliamentary,no,no,no,yes,no,no,,,,yes,yes,yes,yes,no,yes,no,yes,no,yes,no,,,,no,no,,no,yes,yes,yes,yes,,yes,no,,,,,,,,,Noreiga,Odria,no,,,no,no,yes,no,no,yes,"US, France",no,no,no,no,1950-07-02,SRC_NELDA
135-1950-0702-P1,PER,Peru,1950,Executive,no,no,no,yes,no,no,yes,no,no,yes,yes,yes,yes,no,yes,no,yes,no,yes,yes,no,yes,yes,no,no,,no,yes,yes,yes,yes,,yes,no,,,,,yes,yes,no,no,Noreiga,Odria,no,,,no,no,yes,no,no,yes,"US, France",no,no,no,no,1950-07-02,SRC_NELDA
135-1956-0617-L1,PER,Peru,1956,Legislative/Parliamentary,no,yes,yes,yes,yes,no,,,,no,no,no,no,no,no,no,yes,no,yes,no,,,,yes,no,,yes,,no,,,no,no,no,,,,,,,,,Noreiga,Odria,no,,,no,no,yes,no,yes,yes,"US, France",no,yes,no,no,1956-06-17,SRC_NELDA
135-1956-0617-P1,PER,Peru,1956,Executive,no,yes,yes,yes,yes,no,yes,yes,no,no,no,no,no,no,no,no,yes,no,yes,yes,no,no,,yes,no,,yes,,no,,,no,no,,,,,,yes,yes,no,no,Odria,Ugarteche,no,,,no,no,yes,no,yes,yes,"US, France",no,yes,no,no,1956-06-17,SRC_NELDA
135-1962-0610-L1,PER,Peru,1962,Legislative/Parliamentary,no,no,yes,yes,yes,no,,,,no,no,no,no,no,no,no,yes,no,yes,no,,,,no,no,,yes,no,yes,no,no,,yes,no,,,,,,,,,prado ugarteche,perez godoy,no,,,no,no,yes,yes,no,yes,us,yes,no,yes,no,1962-06-10,SRC_NELDA
135-1962-0610-P1,PER,Peru,1962,Executive,no,no,yes,yes,yes,no,yes,yes,no,no,no,no,no,no,no,no,yes,no,yes,yes,no,no,,no,no,,yes,no,yes,no,no,no,yes,no,,,,,no,,,,prado ugarteche,perez godoy,no,,,no,no,yes,yes,no,yes,us,yes,no,yes,no,1962-06-10,SRC_NELDA
135-1963-0609-L1,PER,Peru,1963,Legislative/Parliamentary,yes,no,yes,yes,yes,,,,,no,no,no,no,no,no,no,yes,no,yes,no,,,,,no,,yes,no,no,,,,no,no,,,,,,,,,lindley,belaunde terry,no,,,no,no,no,no,yes,yes,us,no,yes,no,no,1963-06-09,SRC_NELDA
135-1963-0609-P1,PER,Peru,1963,Executive,yes,no,yes,yes,yes,,yes,no,no,yes,no,no,no,no,no,no,yes,no,yes,yes,no,no,,,no,,yes,no,no,,,,no,no,,,,,yes,yes,no,no,lindley,belaunde terry,no,,,no,no,no,no,yes,yes,us,no,yes,no,no,1963-06-09,SRC_NELDA
135-1978-0618-A1,PER,Peru,1978,Constituent Assembly,yes,yes,yes,yes,yes,,,no,,no,no,no,yes,yes,yes,yes,no,yes,yes,no,,,,no,yes,yes,yes,,no,,,,yes,no,,,,,no,,,,Morales Bermudez,Morales Bermudez,no,,,unclear,unclear,no,no,yes,yes,us,no,yes,yes,yes,1978-06-18,SRC_NELDA
135-1980-0518-L1,PER,Peru,1980,Legislative/Parliamentary,yes,yes,yes,yes,yes,,,,,no,no,,no,no,no,,no,no,no,no,,,,,,,yes,no,no,,,,no,,,,,,no,,,,Morales Bermudez,Belaunde,no,,,no,no,yes,no,yes,unclear,,,,no,no,1980-05-18,SRC_NELDA
135-1980-0518-P1,PER,Peru,1980,Executive,yes,yes,yes,yes,yes,,yes,no,no,no,no,,no,no,no,,no,no,no,yes,no,no,,,,,yes,no,no,,,,no,,,,,,yes,yes,no,no,Morales Bermudez,Belaunde,no,,,no,no,yes,no,yes,unclear,,,,no,no,1980-05-18,SRC_NELDA
135-1985-0414-L1,PER,Peru,1985,Legislative/Parliamentary,no,no,yes,yes,yes,no,,,,no,no,no,no,no,no,no,no,no,no,no,,,,yes,unclear,,yes,no,no,,,no,no,,,,,,,,,,Belaunde,Garcia Perez,no,,,no,no,yes,no,no,yes,us,no,no,no,no,1985-04-14,SRC_NELDA
135-1985-0414-P1,PER,Peru,1985,Executive,no,no,yes,yes,yes,no,yes,yes,no,no,no,no,no,no,no,no,no,no,no,yes,no,no,,yes,unclear,,yes,no,no,,,no,no,,,,,,yes,yes,no,no,Belaunde,Garcia Perez,no,,,no,no,yes,no,no,yes,us,no,no,no,no,1985-04-14,SRC_NELDA
135-1990-0408-L1,PER,Peru,1990,Legislative/Parliamentary,no,no,yes,yes,yes,no,,,,no,no,no,no,no,no,unclear,no,yes,yes,no,,,,yes,yes,no,yes,no,no,,,,yes,,,,,,yes,yes,no,no,Garcia Perez,Fujimori,unclear,,,,,yes,yes,no,yes,un,no,no,no,no,1990-04-08,SRC_NELDA
135-1990-0408-P1,PER,Peru,1990,Executive,no,no,yes,yes,yes,no,no,yes,no,no,no,no,no,no,no,unclear,no,yes,yes,yes,no,no,,yes,yes,no,no,no,no,,,no,yes,no,,,,,yes,yes,no,no,Garcia Perez,Fujimori,unclear,,,,,yes,yes,no,yes,un,no,no,no,no,1990-04-08,SRC_NELDA
135-1990-0408-P2,PER,Peru,1990,Executive,no,no,yes,yes,yes,no,no,yes,no,no,no,no,no,no,no,unclear,no,yes,yes,yes,no,no,,yes,yes,no,no,no,no,,,no,yes,no,,,,,yes,yes,no,no,Garcia Perez,Fujimori,unclear,,,,,yes,yes,no,yes,un,no,no,no,no,1990-06-10,SRC_NELDA
135-1992-1122-L1,PER,Peru,1992,Legislative/Parliamentary,no,no,yes,yes,yes,no,,,,no,no,unclear,no,no,no,unclear,no,yes,yes,no,,,,no,unclear,,no,no,no,,,,no,,,,,,,,,,Fujimori,Fujimori,yes,no,no,no,no,yes,no,no,yes,"un, oas",no,no,no,no,1992-11-22,SRC_NELDA
135-1995-0409-L1,PER,Peru,1995,Legislative/Parliamentary,no,no,yes,yes,yes,no,,,,no,no,yes,no,no,no,unclear,no,no,yes,no,,,,no,yes,yes,no,no,no,,,,no,,,,,,,,,,Fujimori,Fujimori,yes,yes,no,no,no,yes,no,no,yes,"un, oas",no,no,no,no,1995-04-09,SRC_NELDA
135-1995-0409-P1,PER,Peru,1995,Executive,no,no,yes,yes,yes,no,no,no,no,no,no,yes,no,no,no,unclear,no,no,yes,yes,yes,,,no,yes,yes,no,no,no,,,no,no,no,,,,,no,,,,Fujimori,Fujimori,yes,yes,no,no,no,yes,no,no,yes,"un, oas",no,no,no,no,1995-04-09,SRC_NELDA
135-2000-0409-L1,PER,Peru,2000,Legislative/Parliamentary,no,no,yes,yes,yes,no,,,,no,no,unclear,no,no,no,yes,no,no,yes,no,,,,no,unclear,,no,yes,yes,yes,no,,yes,,,,,,no,,,,Fujimori,Fujimori,yes,yes,yes,no,no,yes,no,no,yes,"un, oas",no,no,yes,no,2000-04-09,SRC_NELDA
135-2000-0409-P1,PER,Peru,2000,Executive,no,no,yes,yes,yes,no,no,no,yes,no,yes,unclear,no,yes,no,yes,no,no,yes,yes,yes,,,no,unclear,,no,yes,yes,yes,no,no,yes,yes,yes,no,yes,yes,no,,,,Fujimori,Fujimori,yes,yes,yes,no,no,yes,no,no,yes,"un, oas",no,no,yes,no,2000-04-09,SRC_NELDA
135-2000-0409-P2,PER,Peru,2000,Executive,no,no,yes,yes,yes,no,no,no,yes,no,yes,unclear,no,yes,no,yes,no,no,yes,yes,yes,,,no,unclear,,no,yes,yes,yes,no,no,yes,yes,yes,no,yes,yes,no,,,,Fujimori,Fujimori,yes,yes,yes,no,no,yes,no,no,yes,"un, oas",no,no,yes,no,2000-05-28,SRC_NELDA
135-2001-0408-L1,PER,Peru,2001,Legislative/Parliamentary,no,no,yes,yes,yes,yes,,,,yes,no,,no,no,no,,no,no,yes,no,,,,yes,unclear,,yes,no,no,,,,no,,,,,,,,,,Valentin Paniagua,Alejandro Toledo,yes,yes,no,no,no,yes,no,no,yes,"un, oas",unclear,unclear,no,no,2001-04-08,SRC_NELDA
135-2001-0408-P1,PER,Peru,2001,Executive,no,no,yes,yes,yes,yes,yes,no,no,yes,no,unclear,no,no,no,unclear,no,no,yes,yes,,,,,yes,,yes,no,no,,,,no,,,,,,yes,yes,no,no,Alejandro Toledo,Alejandro Toledo,yes,yes,no,no,no,yes,no,no,yes,"un, oas",unclear,unclear,no,no,2001-04-08,SRC_NELDA
135-2001-0408-P2,PER,Peru,2001,Executive,no,no,yes,yes,yes,yes,yes,no,no,yes,no,unclear,no,no,no,unclear,no,no,yes,yes,,,,,yes,,yes,no,no,,,,no,,,,,,yes,yes,no,no,Alejandro Toledo,Alejandro Toledo,yes,yes,no,no,no,yes,no,no,yes,"un, oas",unclear,unclear,no,no,2001-06-03,SRC_NELDA
135-2006-0409-L1,PER,Peru,2006,Legislative/Parliamentary,no,no,yes,yes,yes,no,,,,no,no,no,no,no,no,no,yes,no,no,no,,,,yes,no,,yes,no,no,,,no,no,no,,,,,,,,,alejandro toledo,alan garcía pérez,yes,yes,no,no,no,yes,no,no,yes,"usa, oas",no,no,no,yes,2006-04-09,SRC_NELDA
135-2006-0409-P1,PER,Peru,2006,Executive,no,no,yes,yes,yes,no,yes,yes,no,no,no,no,no,no,no,no,yes,no,no,yes,no,yes,no,yes,no,,yes,no,no,,,no,no,no,,,,,yes,yes,no,no,alejandro toledo,alan garcía pérez,yes,yes,no,no,no,yes,no,no,yes,"usa, oas",no,no,no,yes,2006-04-09,SRC_NELDA
135-2006-0409-P2,PER,Peru,2006,Executive,no,no,yes,yes,yes,no,yes,yes,no,no,no,no,no,no,no,no,yes,no,no,yes,no,yes,no,yes,yes,no,yes,no,no,,,no,no,no,,,,,yes,yes,no,no,alejandro toledo,alan garcía pérez,yes,yes,no,no,no,yes,no,no,yes,"usa, oas",no,no,no,yes,2006-06-04,SRC_NELDA
140-1945-1202-A1,BRA,Brazil,1945,Constituent Assembly,yes,no,yes,yes,yes,,,,,yes,no,no,no,no,no,no,yes,no,no,no,,,,no,no,,yes,,no,,,no,no,no,,,,,,,,,Linhares,Dutra,no,,,no,no,yes,no,yes,yes,US,no,no,no,no,1945-12-02,SRC_NELDA
140-1945-1202-P1,BRA,Brazil,1945,Executive,yes,no,yes,yes,yes,,yes,no,yes,yes,no,no,no,no,no,no,yes,no,no,yes,no,yes,yes,no,no,,no,,no,,,,no,no,,,,,yes,no,no,no,Linhares,Dutra,no,,,no,no,yes,no,yes,yes,US,no,no,no,no,1945-12-02,SRC_NELDA
140-1947-0119-L1,BRA,Brazil,1947,Legislative/Parliamentary,no,no,yes,yes,yes,yes,,,,no,no,no,no,no,no,yes,yes,no,yes,no,,,,no,no,,yes,,no,,,no,no,no,,,,,,,,,Dutra,Dutra,no,,,no,no,yes,no,no,yes,US,no,no,no,no,1947-01-19,SRC_NELDA
140-1950-1003-L1,BRA,Brazil,1950,Legislative/Parliamentary,no,no,yes,yes,yes,no,,,,no,no,no,no,no,yes,no,yes,no,no,no,,,,no,no,,yes,yes,no,,,no,yes,no,,,,,,,,,Dutra,Vargas,no,,,no,no,yes,yes,no,yes,US,yes,no,no,no,1950-10-03,SRC_NELDA
140-1950-1003-P1,BRA,Brazil,1950,Executive,no,no,yes,yes,yes,no,yes,yes,no,no,no,no,no,no,yes,no,yes,no,no,yes,no,no,no,yes,no,,yes,yes,no,,,no,yes,,,,,,yes,no,no,no,Dutra,Vargas,no,,,no,no,yes,yes,no,yes,US,yes,no,no,no,1950-10-03,SRC_NELDA
140-1954-1003-L1,BRA,Brazil,1954,Legislative/Parliamentary,no,no,yes,yes,yes,no,,,,no,no,no,yes,no,no,no,yes,no,yes,no,,,,yes,no,,yes,,no,,,no,no,no,,,,,,,,,Cafe Filho,Cafe Filho,no,,,no,no,yes,no,no,yes,US,no,no,no,no,1954-10-03,SRC_NELDA
140-1955-1003-L1,BRA,Brazil,1955,Legislative/Parliamentary,no,no,yes,yes,yes,no,,,,no,no,no,yes,no,no,no,yes,no,no,no,,,,yes,no,,yes,,no,,,no,no,no,,,,,,,,,Oliveria Ramos,Kubitschek,no,,,no,no,no,no,yes,yes,"US, OAS",no,yes,no,no,1955-10-03,SRC_NELDA
140-1955-1003-P1,BRA,Brazil,1955,Executive,no,no,yes,yes,yes,no,yes,no,no,no,no,no,yes,no,no,no,yes,no,no,yes,no,no,,yes,no,,no,,no,,,,no,no,,,,,yes,no,no,no,Oliveria Ramos,Kubitschek,no,,,no,no,no,no,yes,yes,"US, OAS",no,yes,no,no,1955-10-03,SRC_NELDA
140-1958-1008-L1,BRA,Brazil,1958,Legislative/Parliamentary,no,no,yes,yes,yes,no,,,,no,no,no,yes,no,no,no,yes,no,yes,no,,,,no,no,,no,,no,,,no,no,no,,,,,,,,,Kubitschek,Kubitschek,no,,,no,no,yes,no,no,yes,US,no,no,no,no,1958-10-08,SRC_NELDA
140-1960-1003-P1,BRA,Brazil,1960,Executive,no,no,yes,yes,yes,no,yes,yes,no,no,no,no,no,no,no,no,no,yes,yes,yes,no,no,,yes,yes,,yes,no,no,,,,no,no,,,,,yes,yes,no,no,kubitschek de oliveira,da silva quadros,no,,,no,no,yes,no,no,yes,us,no,no,no,no,1960-10-03,SRC_NELDA
140-1962-1007-L1,BRA,Brazil,1962,Legislative/Parliamentary,no,no,yes,yes,yes,no,,,,no,no,no,no,no,no,no,no,no,yes,no,,,,yes,no,,yes,no,no,,,,no,no,,,,,,,,,goulart,goulart,no,,,no,no,yes,no,no,yes,us,no,no,no,no,1962-10-07,SRC_NELDA
140-1966-1115-L1,BRA,Brazil,1966,Legislative/Parliamentary,yes,no,yes,yes,yes,,,,,no,yes,yes,yes,no,yes,yes,yes,no,yes,no,,,,yes,yes,yes,,no,no,,,,yes,no,,,,,,,,,castelo branco,costa e silva,no,,,no,no,yes,no,no,yes,us,no,no,no,no,1966-11-15,SRC_NELDA
140-1970-1115-L1,BRA,Brazil,1970,Legislative/Parliamentary,yes,no,yes,yes,yes,,,,,no,yes,yes,yes,yes,yes,yes,yes,no,yes,no,,,,,no,,yes,yes,no,,,,yes,,,,,,,,,,medici,medici,no,,,no,no,yes,no,no,yes,u.s.,no,no,no,no,1970-11-15,SRC_NELDA
140-1974-1115-L1,BRA,Brazil,1974,Legislative/Parliamentary,no,no,yes,yes,yes,no,,,,no,no,unclear,yes,no,no,no,yes,no,no,no,,,,,no,,yes,no,no,,,no,no,no,,,,,,,,,Geisel,Geisel,no,,,no,no,yes,no,no,yes,u.s.,no,no,no,no,1974-11-15,SRC_NELDA
140-1978-1115-L1,BRA,Brazil,1978,Legislative/Parliamentary,no,no,yes,yes,yes,no,,,,no,no,,yes,no,no,no,yes,no,no,no,,,,,no,,yes,no,no,,,no,no,no,,,,,,,,,geisel,figueiredo,no,,,no,no,yes,no,no,yes,u.s.,no,no,no,no,1978-11-15,SRC_NELDA
140-1982-1115-L1,BRA,Brazil,1982,Legislative/Parliamentary,no,yes,yes,yes,yes,no,,,,no,unclear,unclear,no,no,no,no,no,yes,yes,no,,,,no,yes,unclear,yes,no,no,,,no,no,no,,,,,no,,,,Figueiredo,Figueiredo,no,,,no,no,yes,no,yes,yes,"us, imf",no,unclear,no,no,1982-11-15,SRC_NELDA
140-1986-1115-L1,BRA,Brazil,1986,Legislative/Parliamentary,no,no,yes,yes,yes,no,,,,no,no,yes,no,no,no,no,yes,no,yes,no,,,,no,yes,yes,no,no,no,,,,no,no,,,,,no,,,,Sarnay,Sarnay,no,,,no,no,yes,no,no,yes,"us, imf",no,no,no,no,1986-11-15,SRC_NELDA
140-1989-1115-P1,BRA,Brazil,1989,Executive,no,yes,yes,yes,yes,no,yes,yes,no,no,no,no,no,no,no,no,no,yes,yes,yes,no,no,,yes,yes,no,yes,no,no,,,no,no,,,,,,yes,yes,no,no,Sarnay,Sarnay,no,,,no,no,yes,no,no,yes,"us, imf",no,no,no,no,1989-11-15,SRC_NELDA
140-1989-1115-P2,BRA,Brazil,1989,Executive,no,yes,yes,yes,yes,no,yes,yes,no,no,no,no,no,no,no,no,no,yes,yes,yes,no,no,,yes,yes,no,yes,no,no,,,no,no,,,,,,yes,yes,no,no,Sarnay,Sarnay,no,,,no,no,yes,no,no,yes,"us, imf",no,no,no,no,1989-12-17,SRC_NELDA
140-1990-1003-L1,BRA,Brazil,1990,Legislative/Parliamentary,no,no,yes,yes,yes,no,,,,no,no,yes,no,no,no,no,no,no,yes,no,,,,no,yes,yes,no,,no,,,,no,,,,,,,,,,Mello,Mello,no,,,no,no,yes,no,no,yes,"un, oas",no,no,no,no,1990-10-03,SRC_NELDA
140-1994-1003-L1,BRA,Brazil,1994,Legislative/Parliamentary,no,no,yes,yes,yes,no,,,,yes,no,,no,no,no,unclear,no,no,yes,no,,,,yes,yes,no,yes,yes,no,,,,no,,,,,,,,,,Itamar Franco,Cardoso,yes,no,no,no,no,yes,no,yes,yes,"un, oas",unclear,unclear,no,no,1994-10-03,SRC_NELDA
140-1994-1003-P1,BRA,Brazil,1994,Executive,no,no,yes,yes,yes,no,yes,no,no,yes,no,,no,no,no,unclear,no,no,yes,yes,no,unclear,,yes,yes,no,yes,yes,no,,,no,no,no,,,,,yes,yes,no,no,Itamar Franco,Cardoso,yes,no,no,no,no,yes,no,yes,yes,"un, oas",unclear,unclear,no,no,1994-10-03,SRC_NELDA
140-1998-1004-L1,BRA,Brazil,1998,Legislative/Parliamentary,no,no,yes,yes,yes,no,,,,no,no,,no,no,no,no,no,no,yes,no,,,,no,yes,yes,yes,no,no,,,,no,,,,,,no,,,,Cardoso,Cardoso,no,,,no,no,yes,no,no,yes,"un, oas, imf",no,no,no,no,1998-10-04,SRC_NELDA
140-1998-1004-P1,BRA,Brazil,1998,Executive,no,no,yes,yes,yes,no,no,no,yes,no,no,yes,no,no,no,no,no,no,yes,yes,yes,,,no,yes,yes,no,no,no,,,no,no,no,,,,,no,,,,Cardoso,Cardoso,no,,,no,no,yes,no,no,yes,"un, oas, imf",no,no,no,no,1998-10-04,SRC_NELDA
140-2002-1006-L1,BRA,Brazil,2002,Legislative/Parliamentary,no,no,yes,yes,yes,no,,,,no,no,no,no,no,no,unclear,no,no,yes,no,,,,yes,yes,no,yes,,no,,,,no,,,,,,,,,,Cardoso,Lula da Siilva,unclear,,,unclear,unclear,yes,no,no,yes,"oas, un, imf, world bank",no,no,no,no,2002-10-06,SRC_NELDA
140-2002-1006-P1,BRA,Brazil,2002,Executive,no,no,yes,yes,yes,no,yes,yes,yes,no,no,no,no,no,no,no,no,no,yes,yes,no,yes,,yes,yes,no,yes,,no,,,no,no,no,,,,,yes,yes,no,no,Cardoso,Lula da Silva,no,,,no,no,yes,no,no,yes,"oas, un, imf, world bank",no,no,no,no,2002-10-06,SRC_NELDA
140-2002-1006-P2,BRA,Brazil,2002,Executive,no,no,yes,yes,yes,no,yes,yes,yes,no,no,no,no,no,no,no,no,no,yes,yes,no,yes,,yes,yes,no,yes,,no,,,no,no,no,,,,,yes,yes,no,no,Cardoso,Lula da Silva,no,,,no,no,yes,no,no,yes,"oas, un, imf, world bank",no,no,no,no,2002-10-27,SRC_NELDA
140-2006-1001-L1,BRA,Brazil,2006,Legislative/Parliamentary,no,no,yes,yes,yes,no,,,,no,no,no,no,no,no,no,yes,no,no,no,,,,no,no,,yes,no,no,,,no,no,no,,,,,,,,,lula da silva,lula da silva,no,,,no,no,yes,no,no,yes,mercosul,no,no,no,no,2006-10-01,SRC_NELDA
140-2006-1001-P1,BRA,Brazil,2006,Executive,no,no,yes,yes,yes,no,no,no,no,no,no,no,no,no,no,no,yes,no,no,yes,yes,,,no,no,,no,no,no,,,no,no,no,,,,,no,,,,lula da silva,lula da silva,no,,,no,no,yes,no,no,yes,mercosul,no,no,no,no,2006-10-01,SRC_NELDA
140-2006-1001-P2,BRA,Brazil,2006,Executive,no,no,yes,yes,yes,no,no,no,no,no,no,no,no,no,no,no,yes,no,no,yes,yes,,,no,no,,no,no,no,,,no,no,no,,,,,no,,,,lula da silva,lula da silva,no,,,no,no,yes,no,no,yes,mercosul,no,no,no,no,2006-10-29,SRC_NELDA
140-2010-1003-L1,BRA,Brazil,2010,Legislative/Parliamentary,no,no,yes,yes,yes,no,,,,no,no,no,yes,no,no,no,yes,no,no,no,,,,no,yes,yes,no,,no,,,,no,no,,,,,,,,,Lula da Silva,Lula da Silva,yes,yes,no,no,no,yes,no,no,yes,"US, OAS, UN, WTO, G20, EU",no,no,no,no,2010-10-03,SRC_NELDA
140-2010-1003-P1,BRA,Brazil,2010,Executive,no,no,yes,yes,yes,no,yes,yes,no,no,no,no,no,no,no,no,yes,no,no,yes,no,yes,no,no,yes,yes,yes,,no,,,,no,no,,,,,no,,,,Lula da Silva,Lula da Silva,yes,yes,no,no,no,yes,no,no,yes,"UN, US, OAS, WTO, G20, EU",no,no,no,no,2010-10-03,SRC_NELDA
140-2010-1003-P2,BRA,Brazil,2010,Executive,no,no,yes,yes,yes,no,yes,yes,no,no,no,no,no,no,no,no,yes,no,no,yes,no,yes,yes,no,yes,yes,no,,no,,,,no,no,,,,,yes,yes,no,no,Lula da Silva,Rousseff,yes,yes,no,no,no,yes,no,no,yes,"US, UN, G20, OAS, WTO, EU",no,no,no,no,2010-10-31,SRC_NELDA
145-1947-0105-P1,BOL,Bolivia,1947,Executive,yes,yes,yes,yes,yes,,yes,no,no,yes,no,,no,no,no,no,no,yes,yes,yes,no,no,,,no,,yes,,no,,,no,no,,,,,,yes,yes,no,no,Gutierrez,Herzog,no,,,no,no,yes,no,no,yes,US,no,no,no,no,1947-01-05,SRC_NELDA
145-1951-0506-L1,BOL,Bolivia,1951,Legislative/Parliamentary,no,no,yes,yes,yes,no,,,,no,yes,no,no,no,yes,yes,no,yes,yes,no,,,,yes,no,,yes,yes,no,,,yes,yes,,,,,,,,,,Urriolagoitia,Ballivian Rojas,no,,,no,no,yes,no,no,yes,US,no,no,no,no,1951-05-06,SRC_NELDA
145-1951-0506-P1,BOL,Bolivia,1951,Executive,no,no,yes,yes,yes,no,yes,yes,no,no,yes,no,no,no,yes,yes,no,yes,yes,yes,no,no,,yes,no,,yes,yes,no,,,yes,yes,,,,,,yes,no,no,yes,Urriolagoitia,Ballivian Rojas,no,,,no,no,yes,no,no,yes,US,no,no,no,no,1951-05-06,SRC_NELDA
145-1956-0617-L1,BOL,Bolivia,1956,Legislative/Parliamentary,yes,no,yes,yes,yes,,,,,no,no,no,no,yes,no,no,no,yes,yes,no,,,,no,no,,no,,no,,,,no,no,,,,,,,,,Paz Estenssoro,Siles Zuazo,no,,,no,no,yes,no,no,yes,"US, IMF",no,no,no,no,1956-06-17,SRC_NELDA
145-1956-0617-P1,BOL,Bolivia,1956,Executive,yes,no,yes,yes,yes,,yes,no,no,no,no,no,no,yes,no,no,no,yes,yes,yes,no,no,,no,no,,no,,no,,,,no,no,,,,,yes,yes,no,no,Paz Estenssoro,Siles Zuazo,no,,,no,no,yes,no,no,yes,"US, IMF",no,no,no,no,1956-06-17,SRC_NELDA
145-1958-0720-L1,BOL,Bolivia,1958,Legislative/Parliamentary,no,no,yes,yes,yes,no,,,,no,no,no,no,no,no,no,no,yes,yes,no,,,,no,no,,no,,no,,,,no,no,,,,,,,,,Siles Zuazo,Siles Zuazo,no,,,no,no,yes,no,no,yes,"US, IMF",no,no,no,no,1958-07-20,SRC_NELDA
145-1960-0605-L1,BOL,Bolivia,1960,Legislative/Parliamentary,no,no,yes,yes,yes,no,,,,no,yes,yes,no,no,yes,no,yes,no,yes,no,,,,no,yes,,yes,yes,yes,yes,yes,no,yes,no,,,,,,,,,siles zuazo,paz estenssoro,no,,,no,no,yes,no,no,yes,us,no,no,no,no,1960-06-05,SRC_NELDA
145-1960-0605-P1,BOL,Bolivia,1960,Executive,no,no,yes,yes,yes,no,yes,yes,no,no,yes,yes,no,no,yes,no,yes,no,yes,yes,no,no,,no,yes,,no,yes,yes,yes,yes,no,yes,no,,,,,yes,yes,no,no,siles zuazo,paz estenssoro,no,,,no,no,yes,no,no,yes,us,no,no,no,no,1960-06-05,SRC_NELDA
145-1962-0603-L1,BOL,Bolivia,1962,Legislative/Parliamentary,no,no,yes,yes,yes,no,,,,no,no,yes,no,no,no,no,yes,no,yes,no,,,,no,yes,,no,no,no,,,no,no,no,,,,,,,,,paz estenssoro,paz estenssoro,no,,,no,no,yes,no,no,yes,us,no,no,no,no,1962-06-03,SRC_NELDA
145-1964-0531-L1,BOL,Bolivia,1964,Legislative/Parliamentary,no,no,yes,yes,no,no,,,,no,yes,yes,no,yes,no,no,yes,no,yes,no,,,,no,yes,yes,no,no,no,,,no,yes,no,,,,,,,,,paz estenssoro,paz estenssoro,no,,,no,no,yes,no,no,yes,us,no,no,no,no,1964-05-31,SRC_NELDA
145-1964-0531-P1,BOL,Bolivia,1964,Executive,no,no,yes,yes,no,no,no,no,no,no,yes,yes,no,yes,no,no,yes,no,yes,yes,yes,,,no,yes,yes,no,no,no,,,no,yes,no,,,,,no,,,,paz estenssoro,paz estenssoro,no,,,no,no,yes,no,no,yes,us,no,no,no,no,1964-05-31,SRC_NELDA
145-1966-0703-L1,BOL,Bolivia,1966,Legislative/Parliamentary,no,no,yes,yes,yes,yes,,,,yes,yes,yes,no,no,no,no,yes,no,yes,no,,,,no,yes,yes,no,no,yes,yes,no,no,no,no,,,,,,,,,ovando candia,barrientos ortuno,yes,yes,no,no,no,yes,no,no,yes,us,no,no,no,no,1966-07-03,SRC_NELDA
145-1966-0703-P1,BOL,Bolivia,1966,Executive,no,no,yes,yes,yes,yes,yes,no,no,yes,yes,yes,no,no,no,no,yes,no,yes,yes,yes,,,no,yes,yes,,no,yes,yes,no,no,no,no,,,,,no,,,,ovando candia,barrientos ortuno,yes,yes,no,no,no,yes,no,no,yes,us,no,no,no,no,1966-07-03,SRC_NELDA
145-1978-0709-L1,BOL,Bolivia,1978,Legislative/Parliamentary,yes,no,yes,yes,yes,,,,,no,yes,yes,no,no,no,no,yes,no,yes,no,,,,no,no,,no,yes,yes,yes,no,,no,yes,yes,no,yes,yes,no,,,,Banzer Suarez,Banzer Suarez,no,,,no,no,yes,no,no,yes,"usa, usaid",no,no,no,no,1978-07-09,SRC_NELDA
145-1978-0709-P1,BOL,Bolivia,1978,Executive,yes,no,yes,yes,yes,,yes,no,no,no,yes,yes,no,no,no,no,yes,no,yes,yes,no,yes,no,no,no,,no,yes,yes,yes,no,,no,yes,yes,no,yes,no,yes,no,no,no,Banzer Suarez,Pereda Asbun,no,,,no,no,yes,no,no,yes,"usa, usaid",no,no,no,no,1978-07-09,SRC_NELDA
145-1979-0701-L1,BOL,Bolivia,1979,Legislative/Parliamentary,no,no,yes,yes,yes,yes,,,,yes,yes,,no,no,no,no,yes,no,yes,no,,,,,no,,yes,no,no,,,,no,,,,,,no,,,,Padilla Aranciba,Padilla Aranciba,no,,,no,no,yes,no,no,yes,"usa, usaid",no,no,no,no,1979-07-01,SRC_NELDA
145-1979-0701-P1,BOL,Bolivia,1979,Executive,no,no,yes,yes,yes,yes,yes,no,no,yes,yes,,no,no,no,no,yes,no,yes,yes,no,no,,,no,,no,no,no,,,,no,,,,,,no,,,,Padilla Aranciba,Padilla Aranciba,no,,,no,no,yes,no,no,yes,"usa, usaid",no,no,no,no,1979-07-01,SRC_NELDA
145-1980-0629-L1,BOL,Bolivia,1980,Legislative/Parliamentary,yes,no,yes,yes,yes,,,,,no,yes,unclear,no,no,no,no,no,yes,yes,no,,,,no,no,,yes,no,no,,,no,yes,no,,,,,no,,,,Gueiler Tejada,Garcia Meza Tejada,no,,,no,no,yes,yes,no,yes,us,yes,no,yes,no,1980-06-29,SRC_NELDA
145-1980-0629-P1,BOL,Bolivia,1980,Executive,yes,no,yes,yes,yes,,yes,no,no,yes,yes,unclear,no,no,no,no,no,yes,yes,yes,no,no,,no,no,,yes,no,no,,,yes,yes,,,,,,yes,no,no,yes,Gueiler Tejada,Garcia Meza Tejada,no,,,no,no,yes,yes,no,yes,us,yes,no,yes,no,1980-06-29,SRC_NELDA
145-1985-0714-L1,BOL,Bolivia,1985,Legislative/Parliamentary,yes,no,yes,yes,yes,,,,,no,yes,no,no,no,no,no,no,yes,yes,no,,,,yes,yes,no,yes,no,no,,,no,no,,,,,,no,,,,Siles Zuazo,Paz Estenssoro,no,,,no,no,yes,no,no,yes,us,no,no,no,no,1985-07-14,SRC_NELDA
145-1985-0714-P1,BOL,Bolivia,1985,Executive,yes,no,yes,yes,yes,,yes,no,no,no,yes,no,no,no,no,no,no,yes,yes,yes,no,no,,yes,yes,no,yes,no,no,,,no,no,,,,,,yes,yes,no,no,Siles Zuazo,Paz Estenssoro,no,,,no,no,yes,no,no,yes,us,no,no,no,no,1985-07-14,SRC_NELDA
145-1989-0507-L1,BOL,Bolivia,1989,Legislative/Parliamentary,no,no,yes,yes,yes,no,,,,no,no,unclear,no,no,no,no,no,no,yes,no,,,,unclear,unclear,,yes,no,no,,,no,no,no,,,,,no,,,,Paz Estenssoro,Paz Zamora,yes,yes,no,no,no,yes,no,no,yes,us,no,no,no,no,1989-05-07,SRC_NELDA
145-1989-0507-P1,BOL,Bolivia,1989,Executive,no,no,yes,yes,yes,no,yes,yes,no,no,no,unclear,no,no,no,no,no,no,yes,yes,no,no,,yes,yes,unclear,yes,no,no,,,no,no,no,,,,,yes,yes,no,no,Paz Estenssoro,Paz Zamora,yes,yes,no,no,no,yes,no,no,yes,us,no,no,no,no,1989-05-07,SRC_NELDA
145-1993-0606-L1,BOL,Bolivia,1993,Legislative/Parliamentary,no,no,yes,yes,yes,no,,,,no,no,no,no,no,no,no,yes,no,yes,no,,,,,yes,,yes,,no,,,,no,,,,,,,,,,Paz Zamora,Gonzalo Sanchez de Lozada,yes,yes,no,no,no,yes,no,no,yes,"un, oas",no,no,no,no,1993-06-06,SRC_NELDA
145-1993-0606-P1,BOL,Bolivia,1993,Executive,no,no,yes,yes,yes,no,yes,yes,no,no,no,no,no,no,no,no,yes,no,yes,yes,no,no,,yes,yes,no,yes,,no,,,no,no,no,,,,,yes,yes,no,no,Paz Zamora,Gonzalo Sanchez de Lozada,no,,,no,no,yes,no,no,yes,"un, oas",no,no,no,no,1993-06-06,SRC_NELDA
145-1997-0601-L1,BOL,Bolivia,1997,Legislative/Parliamentary,no,no,yes,yes,yes,no,,,,no,no,no,no,no,no,no,yes,no,yes,no,,,,yes,yes,,yes,,no,,,no,no,no,,,,,,,,,Gonzalo Sanchez de Lozada,Banzer Suarez,yes,yes,no,no,no,yes,no,no,yes,"un, oas",no,no,no,no,1997-06-01,SRC_NELDA
145-1997-0601-P1,BOL,Bolivia,1997,Executive,no,no,yes,yes,yes,no,yes,yes,no,no,no,no,no,no,no,no,yes,no,yes,yes,no,yes,,yes,yes,no,yes,,no,,,no,no,no,,,,,yes,yes,no,no,Gonzalo Sanchez de Lozada,Banzer Suarez,yes,yes,no,no,no,yes,no,no,yes,"un, oas",no,no,no,no,1997-06-01,SRC_NELDA
145-2002-0630-L1,BOL,Bolivia,2002,Legislative/Parliamentary,no,no,yes,yes,yes,no,,,,yes,no,no,no,no,no,no,yes,no,yes,no,,,,yes,yes,no,yes,,no,,,,no,,,,,,,,,,Jorge Quiroga Ramirez,Gonzalo Sanchez de Lozada,yes,yes,no,no,no,yes,no,no,yes,"un, oas",no,no,no,no,2002-06-30,SRC_NELDA
145-2002-0630-P1,BOL,Bolivia,2002,Executive,no,no,yes,yes,yes,no,yes,yes,no,yes,no,no,no,no,no,no,yes,no,yes,yes,no,yes,no,yes,yes,no,yes,,no,,,no,no,no,,,,,yes,yes,no,no,Jorge Quiroga Ramirez,Gonzalo Sanchez de Lozada,yes,yes,no,no,no,yes,no,no,yes,"un, oas",no,no,no,no,2002-06-30,SRC_NELDA
145-2005-1218-L1,BOL,Bolivia,2005,Legislative/Parliamentary,no,no,yes,yes,yes,yes,,,,yes,no,no,no,no,no,no,no,no,yes,no,,,,no,yes,no,yes,,no,,,,yes,,,,,,,,,,carlos mesa,evo morales,yes,yes,no,no,no,yes,yes,no,yes,"un, oas",no,no,no,no,2005-12-18,SRC_NELDA
145-2005-1218-P1,BOL,Bolivia,2005,Executive,no,no,yes,yes,yes,yes,yes,yes,no,yes,no,no,no,no,no,no,no,no,yes,yes,no,no,,yes,yes,no,yes,,no,,,,yes,no,,,,,yes,yes,no,no,carlos mesa,evo morales,yes,yes,no,no,no,yes,yes,no,yes,"un, oas",yes,no,no,no,2005-12-18,SRC_NELDA
145-2006-0706-A1,BOL,Bolivia,2006,Constituent Assembly,no,no,yes,yes,yes,no,,,,no,no,no,no,no,no,no,yes,no,no,no,,,,no,no,,no,no,no,,,no,no,no,,,,,,,,,evo morales,evo morales,no,,,no,no,yes,no,no,yes,"mercosul, oas",no,no,no,no,2006-07-06,SRC_NELDA
145-2008-0810-P1,BOL,Bolivia,2008,Executive,no,no,yes,yes,no,yes,no,no,no,no,no,no,no,no,no,no,yes,no,yes,yes,yes,,,no,no,,no,,no,,,,no,no,,,,,no,,,,Morales,Morales,yes,yes,no,no,no,yes,no,no,yes,"OAS, Mercosur",no,no,no,no,2008-08-10,SRC_NELDA
145-2009-1206-L1,BOL,Bolivia,2009,Legislative/Parliamentary,no,no,yes,yes,yes,yes,,,,no,no,no,no,no,no,no,yes,no,yes,no,,,,no,no,,no,,no,,,,no,no,,,,,,,,,Morales,Morales,yes,yes,no,no,no,yes,yes,no,yes,"OAS, Mercosur",no,no,no,no,2009-12-06,SRC_NELDA
145-2009-1206-P1,BOL,Bolivia,2009,Executive,no,no,yes,yes,yes,yes,no,yes,yes,no,no,no,no,no,no,no,yes,no,yes,yes,yes,,,no,no,,no,,no,,,,no,no,,,,,no,,,,Morales,Morales,no,,,no,no,yes,yes,no,yes,"OAS, Mercosur",no,no,no,no,2009-12-06,SRC_NELDA
150-1948-0215-L1,PRY,Paraguay,1948,Legislative/Parliamentary,yes,no,no,no,no,,,,,no,yes,yes,,,,yes,no,yes,yes,no,,,,no,no,,,yes,no,,,,no,no,,,,,,,,,Morinigo,Frutos,no,,,no,no,yes,no,no,yes,"US, OAS",no,no,no,no,1948-02-15,SRC_NELDA
150-1948-0215-P1,PRY,Paraguay,1948,Executive,no,no,no,no,no,no,yes,no,yes,no,yes,yes,,,,yes,no,yes,yes,yes,no,yes,yes,no,no,,,yes,no,,,,no,no,,,,,yes,no,yes,no,Morinigo,Frutos,no,,,no,no,yes,no,no,yes,"US, OAS",no,no,no,no,1948-02-15,SRC_NELDA
150-1949-0417-L1,PRY,Paraguay,1949,Legislative/Parliamentary,no,no,no,no,no,yes,,,,yes,yes,yes,,,,yes,no,yes,yes,no,,,,no,no,,,yes,no,,,,no,no,,,,,,,,,Lopez,Lopez,no,,,no,no,yes,no,no,yes,"US, OAS",no,no,no,no,1949-04-17,SRC_NELDA
150-1949-0417-P1,PRY,Paraguay,1949,Executive,no,no,no,no,no,yes,no,no,no,yes,yes,yes,,,,yes,no,yes,yes,yes,yes,,,no,no,,,yes,no,,,,no,no,,,,,no,,,,Lopez,Lopez,no,,,no,no,yes,no,no,yes,"US, OAS",no,no,no,no,1949-04-17,SRC_NELDA
150-1950-0715-L1,PRY,Paraguay,1950,Legislative/Parliamentary,no,no,no,no,no,yes,,,,yes,yes,yes,,,,yes,no,yes,yes,no,,,,no,no,,,yes,no,,,,no,no,,,,,,,,,Chavez,Chavez,no,,,no,no,yes,no,no,yes,"US, OAS",no,no,no,no,1950-07-15,SRC_NELDA
150-1950-0715-P1,PRY,Paraguay,1950,Executive,no,no,no,no,no,yes,no,no,no,yes,yes,yes,,,,yes,no,yes,yes,yes,yes,,,no,no,,,yes,no,,,,no,no,,,,,no,,,,Chavez,Chavez,no,,,no,no,yes,no,no,yes,"US, OAS",no,no,no,no,1950-07-15,SRC_NELDA
150-1953-0215-L1,PRY,Paraguay,1953,Legislative/Parliamentary,no,no,no,no,no,no,,,,no,yes,yes,,,,yes,no,yes,yes,no,,,,no,no,,,yes,no,,,,no,no,,,,,,,,,Chavez,Chavez,no,,,no,no,yes,no,no,yes,"US, OAS",no,no,no,no,1953-02-15,SRC_NELDA
150-1953-0215-P1,PRY,Paraguay,1953,Executive,no,no,no,no,no,no,no,no,no,no,yes,yes,,,,yes,no,yes,yes,yes,yes,,,no,no,,,yes,no,,,,no,no,,,,,no,,,,Chavez,Chavez,no,,,no,no,yes,no,no,yes,"US, OAS",no,no,no,no,1953-02-15,SRC_NELDA
150-1954-0711-P1,PRY,Paraguay,1954,Executive,no,no,no,no,no,yes,yes,no,no,no,yes,yes,,,,yes,no,yes,yes,yes,no,yes,yes,no,no,,,yes,no,,,,no,no,,,,,yes,yes,no,no,Pareira,Stroessner,no,,,no,no,yes,no,no,yes,"US, OAS",no,no,no,no,1954-07-11,SRC_NELDA
150-1958-0209-L1,PRY,Paraguay,1958,Legislative/Parliamentary,no,no,no,no,no,no,,,,no,yes,yes,,,,yes,no,yes,yes,no,,,,no,no,,,yes,no,,,,no,no,,,,,,,,,Stroessner,Stroessner,no,,,no,no,yes,no,no,yes,"US, OAS",no,no,no,no,1958-02-09,SRC_NELDA
150-1958-0209-P1,PRY,Paraguay,1958,Executive,no,no,no,no,no,no,no,no,no,no,yes,yes,,,,yes,no,yes,yes,yes,yes,,,no,no,,,yes,no,,,,no,no,,,,,no,,,,Stroessner,Stroessner,no,,,no,no,yes,no,no,yes,"US, OAS",no,no,no,no,1958-02-09,SRC_NELDA
150-1960-0313-L1,PRY,Paraguay,1960,Legislative/Parliamentary,no,no,yes,yes,no,yes,,,,no,yes,yes,no,yes,no,no,no,yes,yes,no,,,,no,yes,yes,no,no,unclear,,,no,unclear,no,,,,,,,,,stroessner,stroessner,no,,,no,no,yes,no,no,yes,us,no,no,no,no,1960-03-13,SRC_NELDA
150-1963-0210-L1,PRY,Paraguay,1963,Legislative/Parliamentary,no,yes,yes,yes,yes,no,,,,no,yes,yes,yes,no,no,yes,yes,no,yes,no,,,,no,yes,yes,yes,no,no,,,no,no,no,,,,,,,,,stroessner,stroessner,no,,,no,no,yes,no,yes,yes,us,no,yes,no,yes,1963-02-10,SRC_NELDA
150-1963-0210-P1,PRY,Paraguay,1963,Executive,no,no,no,no,yes,no,no,no,no,no,yes,yes,yes,,,yes,yes,no,yes,yes,yes,,,no,yes,yes,no,no,no,,,no,no,no,,,,,no,,,,stroessner,stroessner,no,,,no,no,yes,no,yes,yes,us,no,yes,no,yes,1963-02-10,SRC_NELDA
150-1968-0211-L1,PRY,Paraguay,1968,Legislative/Parliamentary,no,yes,yes,yes,yes,no,,,,no,yes,yes,no,no,no,yes,yes,no,yes,no,,,,no,yes,yes,yes,yes,no,,,no,no,no,,,,,,,,,stroessner,stroessner,no,,,no,no,yes,no,no,yes,us,no,no,no,yes,1968-02-11,SRC_NELDA
150-1968-0211-P1,PRY,Paraguay,1968,Executive,no,yes,yes,yes,yes,no,no,no,no,no,yes,yes,no,no,no,yes,yes,no,yes,yes,yes,,,no,yes,yes,no,yes,no,,,no,no,no,,,,,no,,,,stroessner,stroessner,no,,,no,no,yes,no,no,yes,us,no,no,no,yes,1968-02-11,SRC_NELDA
150-1973-0211-L1,PRY,Paraguay,1973,Legislative/Parliamentary,no,no,yes,yes,yes,no,no,no,no,no,yes,yes,yes,yes,yes,yes,yes,no,yes,no,,,,,no,,no,,no,,,,no,no,,,,,,,,,Stroessner,Stroessner,no,,,no,no,yes,no,no,yes,World Bank,no,no,no,no,1973-02-11,SRC_NELDA
150-1973-0211-P1,PRY,Paraguay,1973,Executive,no,no,yes,yes,yes,no,no,no,yes,no,yes,yes,no,yes,yes,yes,yes,no,yes,yes,yes,,,no,no,,no,no,no,,,,no,no,,,,,no,,,,stroessner,stroessner,no,,,no,no,yes,no,no,yes,"us, world bank",no,no,no,no,1973-02-11,SRC_NELDA
150-1978-0212-L1,PRY,Paraguay,1978,Legislative/Parliamentary,no,no,yes,yes,yes,no,no,no,no,no,yes,yes,yes,no,yes,yes,yes,no,yes,no,,,,,no,,no,,no,,,,no,no,,,,,,,,,Stroessner,Stroessner,no,,,no,no,yes,no,no,yes,World Bank,no,no,no,no,1978-02-12,SRC_NELDA
150-1978-0212-P1,PRY,Paraguay,1978,Executive,no,no,yes,yes,yes,no,no,no,yes,no,yes,yes,no,yes,yes,yes,yes,no,yes,yes,yes,,,no,no,,no,no,no,,,,no,no,,,,,no,,,,Stroessner,Stroessner,no,,,no,no,no,no,no,yes,world bank,no,no,no,no,1978-02-12,SRC_NELDA
150-1983-0206-L1,PRY,Paraguay,1983,Legislative/Parliamentary,no,no,yes,yes,yes,no,,,,no,yes,yes,no,yes,yes,yes,yes,no,no,no,yes,,,no,no,,no,no,no,,,,no,no,,,,,no,,,,Stroessner,Stroessner,no,,,no,no,yes,no,no,yes,us,no,no,no,no,1983-02-06,SRC_NELDA
150-1983-0206-P1,PRY,Paraguay,1983,Executive,no,no,yes,yes,yes,no,no,no,no,no,yes,yes,no,yes,yes,yes,yes,no,no,yes,yes,,,no,no,,no,no,no,,,,no,no,,,,,no,,,,Stroessner,Stroessner,no,,,no,no,yes,no,no,yes,us,no,no,no,no,1983-02-06,SRC_NELDA
150-1988-0214-L1,PRY,Paraguay,1988,Legislative/Parliamentary,no,no,yes,yes,yes,no,,,,no,yes,yes,no,yes,yes,yes,yes,no,no,no,yes,,,no,no,,no,yes,no,,,,no,no,,,,,no,,,,Stroessner,Stroessner,yes,yes,yes,no,no,unclear,no,no,yes,us,no,no,no,no,1988-02-14,SRC_NELDA
150-1988-0214-P1,PRY,Paraguay,1988,Executive,no,no,yes,yes,yes,no,no,no,no,no,yes,yes,no,yes,yes,yes,yes,no,no,yes,yes,,,no,no,,no,yes,no,,,,no,no,,,,,no,,,,Stroessner,Stroessner,yes,yes,yes,no,no,unclear,no,no,yes,us,no,no,no,no,1988-02-14,SRC_NELDA
150-1989-0501-L1,PRY,Paraguay,1989,Legislative/Parliamentary,no,no,yes,yes,yes,yes,,,,yes,yes,yes,no,no,no,no,no,no,no,no,,,,no,yes,yes,no,yes,no,,,,no,no,,,,,no,,,,Rodriguez Pedotti,Rodriguez Pedotti,yes,yes,no,no,no,yes,no,no,yes,us,no,no,no,no,1989-05-01,SRC_NELDA
150-1989-0501-P1,PRY,Paraguay,1989,Executive,no,no,yes,yes,yes,yes,no,no,no,yes,yes,yes,no,no,no,no,no,no,no,yes,yes,,,no,yes,yes,no,yes,no,,,,no,no,,,,,no,,,,Rodriguez Pedotti,Rodriguez Pedotti,yes,yes,no,no,no,yes,no,no,yes,us,no,no,no,no,1989-05-01,SRC_NELDA
150-1991-1201-A1,PRY,Paraguay,1991,Constituent Assembly,no,no,yes,yes,yes,no,,,,no,no,no,no,no,no,no,no,no,yes,no,,,,,yes,,no,,no,,,,,,,,,,,,,,Rodriguez Pedotti,Rodriguez Pedotti,no,,,no,no,yes,no,no,yes,"un, oas",no,no,no,no,1991-12-01,SRC_NELDA
150-1993-0509-L1,PRY,Paraguay,1993,Legislative/Parliamentary,no,no,yes,yes,yes,no,,,,no,no,no,no,no,no,unclear,no,no,unclear,no,,,,no,yes,no,no,,no,,,,yes,,,,,,,,,,Rodriguez Pedotti,Wasmosy Monti,yes,yes,no,no,no,yes,no,no,yes,"un, oas",unclear,unclear,no,no,1993-05-09,SRC_NELDA
150-1993-0509-P1,PRY,Paraguay,1993,Executive,no,no,yes,yes,yes,no,yes,unclear,no,no,no,no,no,no,no,unclear,no,no,unclear,yes,no,yes,yes,no,yes,no,no,,no,,,no,yes,no,,,,,yes,yes,no,no,Rodriguez Pedotti,Wasmosy Monti,yes,yes,no,no,no,yes,no,no,yes,"un, oas, imf",unclear,unclear,no,no,1993-05-09,SRC_NELDA
150-1998-0510-L1,PRY,Paraguay,1998,Legislative/Parliamentary,no,no,yes,yes,yes,no,,,,no,no,no,no,no,no,unclear,no,no,unclear,no,,,,no,yes,no,no,no,no,,,,no,,,,,,yes,yes,no,no,Wasmosy Monti,Cubas Grau,yes,yes,no,no,no,yes,no,no,yes,"un, oas, imf",unclear,unclear,no,no,1998-05-10,SRC_NELDA
150-1998-0510-P1,PRY,Paraguay,1998,Executive,no,no,yes,yes,yes,no,yes,unclear,no,no,no,no,no,no,no,unclear,no,no,unclear,yes,no,no,,no,yes,no,no,no,no,,,no,no,no,,,,,yes,yes,no,no,Wasmosy Monti,Cubas Grau,yes,yes,no,no,no,yes,no,no,yes,"un, oas, imf",unclear,unclear,no,no,1998-05-10,SRC_NELDA
150-2000-0813-P1,PRY,Paraguay,2000,Executive,no,no,yes,yes,yes,yes,yes,no,no,no,yes,yes,no,no,no,no,no,no,yes,yes,no,yes,no,yes,no,,yes,no,no,,,no,no,,,,,,yes,yes,no,no,Gonzales Macchi,Gonzales Macchi,yes,yes,no,no,no,yes,no,no,yes,"un, oas",no,no,no,no,2000-08-13,SRC_NELDA
150-2003-0427-L1,PRY,Paraguay,2003,Legislative/Parliamentary,no,no,yes,yes,yes,no,,,no,no,no,no,no,no,no,no,no,yes,yes,no,,,,no,no,,yes,,no,,,,no,,,,,,,,,,Gonzalez Macchi,Nicanor Duarte Frutos,yes,yes,no,no,no,yes,no,no,yes,"un, oas, imf",no,no,no,no,2003-04-27,SRC_NELDA
150-2003-0427-P1,PRY,Paraguay,2003,Executive,no,no,yes,yes,yes,no,yes,no,no,no,no,no,no,no,no,no,no,yes,yes,yes,no,yes,yes,no,yes,no,no,,no,,,no,no,no,,,,,yes,yes,no,no,Gonzalez Macchi,Nicanor Duarte Frutos,yes,yes,no,no,no,yes,no,no,yes,"un, oas, imf",no,no,no,no,2003-04-27,SRC_NELDA
150-2008-0420-L1,PRY,Paraguay,2008,Legislative/Parliamentary,no,no,yes,yes,yes,no,,,,no,no,no,no,no,no,no,yes,no,no,no,,,,yes,yes,no,yes,,no,,,no,no,,,,,,,,,,Nicanor Duarte Frutos,Nicanor Duarte Frutos,yes,yes,no,no,no,yes,no,no,yes,"World Bank, Inter-American Development Bank, IMF, UN",no,no,no,no,2008-04-20,SRC_NELDA
150-2008-0420-P1,PRY,Paraguay,2008,Executive,no,no,yes,yes,yes,no,yes,yes,no,no,no,no,no,no,no,no,yes,no,no,yes,no,yes,no,yes,yes,no,yes,,no,,,no,no,,,,,,yes,yes,no,no,Nicanor Duarte Frutos,Fernando Lugo,yes,yes,no,no,no,yes,no,no,yes,"World Bank, Inter-American Development Bank, IMF, UN",no,no,no,no,2008-04-20,SRC_NELDA
155-1945-0304-L1,CHL,Chile,1945,Legislative/Parliamentary,no,no,yes,yes,yes,no,,,,no,no,no,no,no,no,no,no,no,no,no,,,,no,no,,no,,no,,,no,no,no,,,,,,,,,Rios Morales,Rios Morales,no,,,no,no,yes,no,no,yes,"UK, UN, Mexico",no,no,no,no,1945-03-04,SRC_NELDA
155-1946-0904-P1,CHL,Chile,1946,Executive,no,no,yes,yes,yes,yes,yes,no,no,yes,no,no,no,no,no,no,no,no,no,yes,no,no,,no,no,,no,,no,,,,no,no,,,,,yes,yes,no,no,Duhalde,Gonzalez Videla,no,,,no,no,yes,no,no,yes,"UK, UN, Mexico",no,no,no,no,1946-09-04,SRC_NELDA
155-1949-0306-L1,CHL,Chile,1949,Legislative/Parliamentary,no,no,yes,yes,yes,no,,,,no,no,no,no,no,no,no,no,no,no,no,,,,no,no,,no,,no,,,no,no,no,,,,,,,,,Gonzalez Videla,Gonzalez Videla,no,,,no,no,yes,no,no,yes,"UK, UN, Mexico",no,no,no,no,1949-03-06,SRC_NELDA
155-1952-0904-P1,CHL,Chile,1952,Executive,no,no,yes,yes,yes,no,yes,yes,no,no,no,no,no,no,no,no,no,no,no,yes,no,no,,yes,no,,yes,,no,,,no,no,,,,,,yes,yes,no,no,Gonzalez Videla,Ibanez Campo,no,,,no,no,yes,no,no,yes,"UK, UN, Mexico",no,no,no,no,1952-09-04,SRC_NELDA
155-1953-0301-L1,CHL,Chile,1953,Legislative/Parliamentary,no,no,yes,yes,yes,no,,,,no,no,no,no,no,no,no,no,no,no,no,,,,no,no,,yes,,no,,,no,no,no,,,,,,,,,Ibanez Campo,Ibanez Campo,no,,,no,no,yes,no,no,yes,"UK, UN, Mexico",no,no,no,no,1953-03-01,SRC_NELDA
155-1957-0303-L1,CHL,Chile,1957,Legislative/Parliamentary,no,no,yes,yes,yes,no,,,,no,no,no,no,no,no,no,no,no,no,no,,,,yes,no,,yes,,no,,,no,no,no,,,,,,,,,Ibanez Campo,Ibanez Campo,no,,,no,no,yes,no,no,yes,"UK, UN, Mexico",no,no,no,no,1957-03-03,SRC_NELDA
155-1958-0904-P1,CHL,Chile,1958,Executive,no,no,yes,yes,yes,no,yes,yes,no,no,no,no,no,no,no,no,no,no,no,yes,no,no,,yes,no,,yes,,no,,,no,no,,,,,,yes,yes,no,no,Ibanez Campo,Alessandri Rodriguez,no,,,no,no,yes,no,no,yes,"UK, UN, Mexico",no,no,no,no,1958-09-04,SRC_NELDA
155-1961-0305-L1,CHL,Chile,1961,Legislative/Parliamentary,no,no,yes,yes,yes,no,,,,no,no,no,no,no,no,no,no,no,yes,no,,,,yes,no,,yes,no,no,,,,no,no,,,,,,,,,rodriguez,rodriguez,no,,,no,no,yes,no,no,yes,us,no,no,no,no,1961-03-05,SRC_NELDA
155-1964-0904-P1,CHL,Chile,1964,Executive,no,no,yes,yes,yes,no,yes,yes,no,no,yes,no,no,no,no,no,no,no,yes,yes,no,no,,,yes,,yes,no,no,,,,no,no,,,,,yes,yes,no,no,rodriguez,frei montalva,no,,,no,no,yes,no,no,yes,us,no,no,no,yes,1964-09-04,SRC_NELDA
155-1965-0307-L1,CHL,Chile,1965,Legislative/Parliamentary,no,no,yes,yes,yes,no,,,,no,no,no,no,no,no,no,no,yes,yes,no,,,,no,yes,no,yes,no,no,,,,no,no,,,,,,,,,frei montalva,frei montalva,no,,,no,no,yes,no,no,yes,us,no,no,no,yes,1965-03-07,SRC_NELDA
155-1969-0302-L1,CHL,Chile,1969,Legislative/Parliamentary,no,no,yes,yes,yes,no,,,,no,no,no,no,no,no,no,no,no,yes,no,,,,no,yes,yes,no,no,no,,,,no,no,,,,,,,,,frei montalva,frei montalva,no,,,no,no,yes,no,yes,yes,us,no,yes,no,no,1969-03-02,SRC_NELDA
155-1970-0904-P1,CHL,Chile,1970,Executive,no,no,yes,yes,yes,no,yes,yes,no,no,no,no,no,no,no,yes,no,no,yes,yes,no,yes,no,yes,yes,unclear,yes,no,no,,,no,no,,,,,,yes,yes,no,no,eduardo montalva,salvador allende,no,,,no,no,yes,yes,no,yes,usa,yes,no,yes,yes,1970-09-04,SRC_NELDA
155-1973-0304-L1,CHL,Chile,1973,Legislative/Parliamentary,no,no,yes,yes,yes,no,,,,no,yes,no,no,no,no,yes,no,no,yes,no,,,,yes,yes,unclear,no,no,no,,,,no,no,,,,,,,,,salvador allende,salvador allende,no,,,no,no,no,no,no,yes,usa,no,no,no,no,1973-03-04,SRC_NELDA
155-1988-1005-P1,CHL,Chile,1988,Executive,yes,no,yes,yes,no,,no,no,no,no,yes,yes,yes,no,yes,yes,no,no,no,yes,yes,,,yes,yes,no,yes,,no,,,no,no,,,,,,no,,,,Pinochet,Pinochet,yes,yes,no,no,no,no,no,yes,yes,US,no,yes,no,no,1988-10-05,SRC_NELDA
155-1989-1214-L1,CHL,Chile,1989,Legislative/Parliamentary,yes,yes,yes,yes,yes,,,,,no,no,unclear,no,no,no,no,yes,no,no,no,,,,unclear,unclear,,unclear,no,no,,,no,no,no,,,,,,,,,Pinochet,Aylwin,yes,yes,no,no,no,yes,no,no,yes,us,no,no,no,no,1989-12-14,SRC_NELDA
155-1989-1214-P1,CHL,Chile,1989,Executive,yes,yes,yes,yes,yes,,yes,no,yes,no,no,no,no,no,no,no,yes,no,no,yes,no,yes,no,yes,yes,no,yes,no,no,,,no,no,,,,,,yes,yes,no,no,Pinochet,Aylwin,yes,yes,no,no,no,yes,no,no,yes,us,no,no,no,no,1989-12-14,SRC_NELDA
155-1993-1211-L1,CHL,Chile,1993,Legislative/Parliamentary,no,no,yes,yes,yes,no,,,no,no,no,yes,no,no,no,no,yes,no,unclear,no,,,,no,yes,yes,no,,no,,,no,no,no,,,,,,,,,Aylwin,Frei Ruiz-Tagle,no,no,,,,yes,unclear,unclear,unclear,,,,no,no,1993-12-11,SRC_NELDA
155-1993-1211-P1,CHL,Chile,1993,Executive,no,no,yes,yes,yes,no,yes,yes,no,no,no,yes,no,no,no,no,yes,no,unclear,yes,no,yes,yes,no,yes,yes,no,,no,,,no,no,no,,,,,yes,yes,no,no,Aylwin,Frei Ruiz-Tagle,no,no,,,,yes,unclear,unclear,unclear,,,,no,no,1993-12-11,SRC_NELDA
155-1997-1211-L1,CHL,Chile,1997,Legislative/Parliamentary,no,no,yes,yes,yes,no,,,no,no,no,yes,no,no,no,no,yes,no,no,no,,,,no,yes,yes,no,,no,,,no,no,no,,,,,,,,,Frei Ruiz-Tagle,Frei Ruiz-Tagle,no,,,no,no,yes,no,no,no,,,,no,no,1997-12-11,SRC_NELDA
155-1999-1212-P1,CHL,Chile,1999,Executive,no,no,yes,yes,yes,no,yes,yes,no,no,no,yes,no,no,no,no,yes,no,no,yes,no,yes,yes,no,yes,yes,no,,no,,,no,no,no,,,,,yes,yes,no,no,Frei Ruiz-Tagle,Ricardo Lagos Escobar,no,,,no,no,yes,no,no,yes,mercosur,no,no,no,no,1999-12-12,SRC_NELDA
155-1999-1212-P2,CHL,Chile,2000,Executive,no,no,yes,yes,yes,no,yes,yes,no,no,no,yes,no,no,no,no,yes,no,no,yes,no,yes,yes,no,yes,yes,no,,no,,,no,no,no,,,,,yes,yes,no,no,Frei Ruiz-Tagle,Ricardo Lagos Escobar,no,,,no,no,yes,no,no,yes,mercosur,no,no,no,no,2000-01-16,SRC_NELDA
155-2001-1216-L1,CHL,Chile,2001,Legislative/Parliamentary,no,no,yes,yes,yes,no,,,no,no,no,no,no,no,no,no,yes,no,no,no,,,,no,yes,no,yes,,no,,,no,no,no,,,,,,,,,Ricardo Lagos Escobar,Ricardo Lagos Escobar,no,,,no,no,yes,no,no,yes,mercosur,no,no,no,no,2001-12-16,SRC_NELDA
155-2005-1211-L1,CHL,Chile,2005,Legislative/Parliamentary,no,no,yes,yes,yes,no,,,,no,no,no,no,no,no,no,yes,no,no,no,,,,no,no,,no,no,no,,,no,no,no,,,,,,,,,ricardo lagos,michelle bachelet,no,,,no,no,yes,no,no,yes,"mercosul, oas",no,no,no,no,2005-12-11,SRC_NELDA
155-2005-1211-P1,CHL,Chile,2005,Executive,no,no,yes,yes,yes,no,yes,yes,no,no,no,no,no,no,no,no,yes,no,no,yes,no,no,,no,no,,no,no,no,,,no,no,no,,,,,no,,,,ricardo lagos,ricardo lagos,no,,,no,no,yes,no,no,yes,"mercosul, oas",no,no,no,no,2005-12-11,SRC_NELDA
155-2005-1211-P2,CHL,Chile,2006,Executive,no,no,yes,yes,yes,no,yes,yes,no,no,no,no,no,no,no,no,yes,no,no,yes,no,no,,no,yes,yes,no,no,no,,,no,no,no,,,,,yes,yes,no,no,ricardo lagos,michelle bachelet,no,,,no,no,yes,no,no,yes,"mercosul, oas",no,no,no,no,2006-01-15,SRC_NELDA
155-2009-1213-L1,CHL,Chile,2009,Legislative/Parliamentary,no,no,yes,yes,yes,no,,,,no,no,no,no,no,no,no,yes,no,no,no,,,,yes,yes,no,yes,,no,,,no,no,,,,,,,,,,Michelle Bachelet,Michelle Bachelet,yes,yes,no,no,no,yes,no,no,yes,"US, Mexico",no,no,no,no,2009-12-13,SRC_NELDA
155-2009-1213-P1,CHL,Chile,2009,Executive,no,no,yes,yes,yes,no,yes,yes,no,no,no,no,no,no,no,no,yes,no,no,yes,no,yes,no,no,yes,no,no,,no,,,no,no,,,,,,no,,,,Michelle Bachelet,Michelle Bachelet,yes,yes,no,no,no,yes,no,no,yes,"US, Mexico",no,no,no,no,2009-12-13,SRC_NELDA
155-2009-1213-P2,CHL,Chile,2010,Executive,no,no,yes,yes,yes,no,yes,yes,no,no,no,no,no,no,no,no,yes,no,no,yes,no,yes,no,yes,yes,no,yes,,no,,,no,no,,,,,,yes,yes,no,no,Michelle Bachelet,Sebastian Pinera,yes,yes,no,no,no,yes,no,no,yes,"US, Mexico",no,no,no,no,2010-01-17,SRC_NELDA
160-1946-0224-L1,ARG,Argentina,1946,Legislative/Parliamentary,yes,yes,yes,yes,yes,,,,,no,no,yes,no,no,no,no,yes,no,no,no,,,,yes,no,,no,,no,,,,yes,no,,,,,no,,,,Farrell,Peron,no,,,no,no,yes,no,no,no,,,,no,no,1946-02-24,SRC_NELDA
160-1946-0224-P1,ARG,Argentina,1946,Executive,yes,yes,yes,yes,yes,,yes,no,no,no,no,yes,no,no,no,no,yes,no,no,yes,no,yes,yes,no,no,,no,,no,,,,yes,no,,,,,yes,yes,no,no,Farrell,Peron,no,,,no,no,yes,no,no,no,,,,no,no,1946-02-24,SRC_NELDA
160-1948-0307-L1,ARG,Argentina,1948,Legislative/Parliamentary,no,no,yes,yes,yes,no,,,,no,no,yes,no,no,no,no,yes,no,no,no,,,,no,no,,no,,no,,,,no,no,,,,,no,,,,Peron,Peron,no,,,no,no,yes,no,no,no,,,,no,no,1948-03-07,SRC_NELDA
160-1948-1205-A1,ARG,Argentina,1948,Constituent Assembly,no,no,yes,yes,yes,no,,,,no,no,yes,no,yes,no,no,yes,no,no,no,,,,no,no,,no,,no,,,,no,no,,,,,no,,,,Peron,Peron,no,,,no,no,yes,no,no,no,,,,no,no,1948-12-05,SRC_NELDA
160-1951-1111-L1,ARG,Argentina,1951,Legislative/Parliamentary,no,no,yes,yes,yes,yes,,,,no,yes,yes,yes,yes,yes,yes,no,no,no,no,,,,no,no,,no,no,no,,,,yes,no,,,,,no,,,,Peron,Peron,yes,yes,no,no,no,yes,no,no,no,,,,no,no,1951-11-11,SRC_NELDA
160-1951-1111-P1,ARG,Argentina,1951,Executive,no,no,yes,yes,yes,yes,no,yes,yes,no,yes,yes,no,no,yes,yes,no,no,no,yes,yes,,,no,no,,no,no,no,,,,yes,no,,,,,no,,,,Peron,Peron,yes,yes,no,no,no,yes,no,no,no,,,,no,no,1951-11-11,SRC_NELDA
160-1954-0425-L1,ARG,Argentina,1954,Legislative/Parliamentary,no,no,yes,yes,yes,no,,,,no,yes,yes,no,no,yes,yes,no,no,no,no,,,,no,no,,no,no,no,,,,yes,no,,,,,no,,,,Peron,Peron,no,,,no,no,yes,no,no,yes,US,no,no,no,no,1954-04-25,SRC_NELDA
160-1954-0425-P1,ARG,Argentina,1954,Executive,no,no,yes,yes,yes,yes,,,,no,yes,yes,no,no,yes,yes,no,no,no,no,,,,no,no,,no,no,no,,,,yes,no,,,,,no,,,,Peron,Peron,no,,,no,no,yes,no,no,yes,US,no,no,no,no,1954-04-25,SRC_NELDA
160-1957-0728-A1,ARG,Argentina,1957,Constituent Assembly,yes,no,yes,yes,yes,,,,,yes,no,,yes,no,no,no,no,no,no,no,,,,,no,,no,,no,,,,yes,no,,,,,no,,,,Aramburu,Aramburu,no,,,no,no,yes,no,no,yes,US,no,no,no,no,1957-07-28,SRC_NELDA
160-1958-0223-L1,ARG,Argentina,1958,Legislative/Parliamentary,yes,no,yes,yes,yes,,,,,yes,no,,yes,no,no,no,no,no,no,no,,,,,no,,no,,no,,,,no,no,,,,,yes,yes,no,no,Aramburu,Frondizi,yes,yes,no,no,no,yes,no,no,yes,US,no,no,no,no,1958-02-23,SRC_NELDA
160-1958-0223-P1,ARG,Argentina,1958,Executive,yes,no,yes,yes,yes,,yes,no,no,yes,no,,yes,no,no,no,no,no,no,no,no,no,,,no,,no,,no,,,,no,no,,,,,yes,yes,no,no,Aramburu,Frondizi,yes,yes,no,no,no,yes,no,no,yes,US,no,no,no,no,1958-02-23,SRC_NELDA
160-1960-0327-L1,ARG,Argentina,1960,Legislative/Parliamentary,no,no,yes,yes,yes,no,,,,no,no,no,yes,no,yes,no,no,yes,yes,no,,,,no,yes,no,yes,no,no,,,,no,no,,,,,,,,,frondizi,frondizi,no,,,no,no,yes,no,no,yes,us,no,no,no,no,1960-03-27,SRC_NELDA
160-1962-0318-L1,ARG,Argentina,1962,Legislative/Parliamentary,no,no,yes,yes,yes,no,,,,no,no,no,yes,no,no,no,no,yes,yes,no,,,,no,unclear,,yes,no,no,,,yes,no,no,,,,,yes,no,no,yes,frondizi,maria guido,no,,,no,no,yes,no,no,yes,us,no,no,no,no,1962-03-18,SRC_NELDA
160-1963-0707-L1,ARG,Argentina,1963,Legislative/Parliamentary,yes,no,yes,yes,yes,,,,,yes,yes,no,yes,no,no,no,no,yes,yes,no,,,,yes,yes,unclear,yes,no,no,,,no,no,no,,,,,,,,,maria guido,illia,no,,,no,no,yes,no,no,yes,us,no,no,no,no,1963-07-07,SRC_NELDA
160-1963-0707-P1,ARG,Argentina,1963,Executive,yes,no,yes,yes,yes,,yes,no,no,no,yes,no,yes,yes,no,yes,no,no,no,yes,no,no,,,no,,no,,no,,,,no,no,,,,,yes,yes,no,no,Guido,Arturo Illia,no,,,no,no,yes,yes,no,yes,US,yes,no,no,no,1963-07-07,SRC_NELDA
160-1965-0314-L1,ARG,Argentina,1965,Legislative/Parliamentary,no,no,yes,yes,yes,no,,,,no,no,no,yes,no,no,no,no,yes,yes,no,,,,no,yes,unclear,yes,no,no,,,no,no,no,,,,,,,,,illia,illia,no,,,no,no,yes,no,no,yes,us,no,no,no,no,1965-03-14,SRC_NELDA
160-1973-0311-L1,ARG,Argentina,1973,Legislative/Parliamentary,yes,no,yes,yes,yes,,,no,no,no,no,no,yes,no,yes,yes,no,no,no,no,,,,,no,,yes,,yes,no,yes,no,yes,,,,,,yes,yes,no,no,Lanusse,Campora,no,,,no,no,no,no,no,no,,,,no,no,1973-03-11,SRC_NELDA
160-1973-0311-L2,ARG,Argentina,1973,Legislative/Parliamentary,yes,no,yes,yes,yes,,,no,no,no,no,no,yes,no,yes,yes,no,no,no,no,,,,,no,,yes,,yes,no,yes,no,yes,,,,,,yes,yes,no,no,Lanusse,Campora,no,,,no,no,no,no,no,no,,,,no,no,1973-04-15,SRC_NELDA
160-1973-0311-P1,ARG,Argentina,1973,Executive,yes,no,yes,yes,yes,,yes,no,no,no,no,no,yes,no,yes,yes,no,no,no,yes,no,yes,no,yes,no,,yes,,yes,no,yes,no,yes,,,,,,yes,yes,no,no,Lanusse,Campora,no,,,no,no,no,no,no,no,,,,no,no,1973-03-11,SRC_NELDA
160-1973-0923-P1,ARG,Argentina,1973,Executive,no,no,yes,yes,yes,yes,yes,no,no,no,no,yes,no,no,no,yes,no,no,no,yes,no,yes,yes,no,no,,no,no,yes,no,yes,,yes,no,,,,,yes,yes,no,no,Lastiri,Peron,no,,,no,no,no,no,no,no,,,,no,no,1973-09-23,SRC_NELDA
160-1983-1030-L1,ARG,Argentina,1983,Legislative/Parliamentary,yes,yes,yes,yes,yes,,,,,no,no,,no,no,no,no,no,yes,yes,no,,,,,,,,no,no,,,,no,,,,,,,,,,Bignone/Saint-Jean,Alfonsin,no,no,no,no,no,no,,,yes,"britain, world bank",no,yes,no,no,1983-10-30,SRC_NELDA
160-1983-1030-P1,ARG,Argentina,1983,Executive,yes,yes,yes,yes,yes,,yes,no,no,no,no,,no,no,no,no,no,yes,yes,yes,no,no,,,,,yes,no,no,,,no,no,no,,,,,yes,yes,no,no,Bignone/Saint-Jean,Alfonsin,no,no,no,no,no,no,,,yes,"britain, world bank",no,yes,no,no,1983-10-30,SRC_NELDA
160-1985-1103-L1,ARG,Argentina,1985,Legislative/Parliamentary,no,no,yes,yes,yes,no,,,,no,no,yes,no,no,no,no,yes,yes,yes,no,,,,,yes,,no,no,no,,,no,yes,no,,,,,,,,,Alfonsin,Alfonsin,no,,,no,no,yes,no,no,yes,"uk, imf",no,no,no,no,1985-11-03,SRC_NELDA
160-1987-0906-L1,ARG,Argentina,1987,Legislative/Parliamentary,no,no,yes,yes,yes,no,,,,no,no,no,no,no,no,no,no,yes,yes,no,,,,,no,,yes,no,no,,,no,no,no,,,,,,,,,Alfonsin,Alfonsin,no,,,no,no,yes,no,no,yes,"imf, uk, us",yes,no,no,no,1987-09-06,SRC_NELDA
160-1989-0514-L1,ARG,Argentina,1989,Legislative/Parliamentary,no,no,yes,yes,yes,no,,,,no,no,no,no,no,no,no,no,yes,yes,no,,,,,no,,yes,no,yes,no,yes,no,yes,no,,,,,,,,,Alfonsin,Menem,no,,,no,no,yes,unclear,unclear,yes,"uk, imf",unclear,unclear,no,no,1989-05-14,SRC_NELDA
160-1989-0514-P1,ARG,Argentina,1989,Executive,no,no,yes,yes,yes,no,yes,no,no,no,no,no,no,no,no,no,no,yes,yes,yes,no,no,,yes,no,,yes,no,yes,no,yes,no,yes,no,,,,,yes,yes,no,no,Alfonsin,Menem,no,,,no,no,yes,unclear,unclear,yes,"uk, imf",unclear,unclear,no,no,1989-05-14,SRC_NELDA
160-1991-0811-L1,ARG,Argentina,1991,Legislative/Parliamentary,no,no,yes,yes,yes,yes,,,no,no,no,no,no,no,no,no,yes,no,,no,,,,no,yes,no,no,,no,,,no,no,no,,,,,,,,,Menem,Menem,no,,,no,no,yes,no,no,no,,no,no,no,no,1991-08-11,SRC_NELDA
160-1991-0811-L2,ARG,Argentina,1991,Legislative/Parliamentary,no,no,yes,yes,yes,yes,,,no,no,no,no,no,no,no,no,yes,no,,no,,,,no,yes,no,no,,no,,,no,no,no,,,,,,,,,Menem,Menem,no,,,no,no,yes,no,no,no,,no,no,no,no,1991-09-08,SRC_NELDA
160-1991-0811-L3,ARG,Argentina,1991,Legislative/Parliamentary,no,no,yes,yes,yes,yes,,,no,no,no,no,no,no,no,no,yes,no,,no,,,,no,yes,no,no,,no,,,no,no,no,,,,,,,,,Menem,Menem,no,,,no,no,yes,no,no,no,,no,no,no,no,1991-10-27,SRC_NELDA
160-1993-1003-L1,ARG,Argentina,1993,Legislative/Parliamentary,no,no,yes,yes,yes,no,,,no,no,no,yes,no,no,no,no,yes,no,yes,no,,,,no,yes,yes,no,,no,,,no,no,no,,,,,,,,,Menem,Menem,no,,,no,no,yes,no,no,no,,,,no,no,1993-10-03,SRC_NELDA
160-1994-0410-A1,ARG,Argentina,1994,Constituent Assembly,yes,no,yes,yes,yes,,,,no,no,no,yes,no,no,no,no,yes,no,yes,no,,,,no,yes,yes,no,,no,,,no,no,no,,,,,,,,,Menem,Menem,no,no,,no,no,yes,no,no,yes,Spain,no,no,no,no,1994-04-10,SRC_NELDA
160-1995-0514-L1,ARG,Argentina,1995,Legislative/Parliamentary,no,no,yes,yes,yes,no,,,yes,no,no,yes,no,no,no,no,yes,no,yes,no,,,,no,yes,yes,no,,no,,,no,no,no,,,,,,,,,Menem,Menem,no,,,no,no,yes,no,no,yes,united kingdom,no,no,no,no,1995-05-14,SRC_NELDA
160-1995-0514-P1,ARG,Argentina,1995,Executive,no,no,yes,yes,yes,no,yes,no,yes,no,no,yes,no,no,no,no,yes,no,yes,yes,yes,,,no,yes,yes,no,,no,,,no,no,no,,,,,no,,,,Menem,Menem,no,,,no,no,yes,no,no,yes,united kingdom,no,no,no,no,1995-05-14,SRC_NELDA
160-1997-1026-L1,ARG,Argentina,1997,Legislative/Parliamentary,no,no,yes,yes,yes,no,,,yes,no,no,no,no,no,no,no,yes,no,yes,no,,,,no,yes,no,yes,,no,,,,no,no,,,,,,,,,Menem,Menem,no,,,no,no,yes,no,no,yes,united kingdom,no,no,no,no,1997-10-26,SRC_NELDA
160-1999-1024-L1,ARG,Argentina,1999,Legislative/Parliamentary,no,no,yes,yes,yes,no,,,yes,no,no,no,no,no,no,no,no,yes,yes,no,,,,yes,yes,no,yes,,no,,,no,no,no,,,,,,,,,Menem,de la Rua,no,,,no,no,yes,no,no,yes,united kingdom,no,no,no,no,1999-10-24,SRC_NELDA
160-1999-1024-P1,ARG,Argentina,1999,Executive,no,no,yes,yes,yes,no,yes,yes,yes,no,no,no,no,no,no,no,no,yes,unclear,yes,no,yes,no,yes,yes,no,yes,,no,,,no,no,no,,,,,yes,yes,no,no,Menem,de la Rua,unclear,unclear,unclear,unclear,unclear,yes,no,unclear,yes,united kingdom,no,unclear,no,no,1999-10-24,SRC_NELDA
160-2001-1014-L1,ARG,Argentina,2001,Legislative/Parliamentary,no,no,yes,yes,yes,no,,,no,no,no,no,no,no,no,no,no,yes,yes,no,,,,no,yes,no,yes,,no,,,no,no,no,,,,,,,,,de la Rua,de la Rua,no,,,no,no,yes,no,no,yes,united kingdom,no,no,no,no,2001-10-14,SRC_NELDA
160-2003-0427-L1,ARG,Argentina,2003,Legislative/Parliamentary,no,no,yes,yes,yes,no,,,no,no,no,no,no,no,no,no,yes,no,yes,no,,,,no,yes,no,no,no,no,,,no,no,no,,,,,,,,,Eduardo Duhalde,Nestor Kirchner,no,,,no,no,yes,no,no,yes,"united kingdom, mercosur",no,no,no,no,2003-04-27,SRC_NELDA
160-2003-0427-P1,ARG,Argentina,2003,Executive,no,no,yes,yes,yes,no,yes,yes,no,no,no,no,no,no,no,no,yes,no,yes,yes,no,yes,no,no,yes,no,no,,no,,,no,no,no,,,,,yes,yes,no,no,Eduardo Duhalde,Nestor Kirchner,no,,,no,no,yes,no,no,yes,"united kingdom, mercosur",no,no,no,no,2003-04-27,SRC_NELDA
160-2005-1023-L1,ARG,Argentina,2005,Legislative/Parliamentary,no,no,yes,yes,yes,no,,,,no,no,no,no,no,no,no,yes,no,no,no,,,,no,no,,no,no,no,,,no,no,no,,,,,no,,,,nestor kirchner,nestor kirchner,no,,,no,no,yes,no,no,yes,"europe, usa, japan",no,no,no,no,2005-10-23,SRC_NELDA
160-2007-1028-L1,ARG,Argentina,2007,Legislative/Parliamentary,no,no,yes,yes,yes,no,,,,no,no,no,no,no,no,no,yes,no,yes,no,,,,no,yes,yes,no,yes,no,,,no,no,no,,,,,,,,,Nestor Kirchner,Cristina Fernandez de Kirchner,no,,,no,no,yes,no,no,yes,USA,no,no,no,no,2007-10-28,SRC_NELDA
160-2007-1028-P1,ARG,Argentina,2007,Executive,no,no,yes,yes,yes,no,yes,no,no,no,no,no,no,no,no,no,yes,no,yes,yes,no,yes,yes,no,yes,yes,no,yes,no,,,,no,no,,,,,yes,yes,no,no,Nestor Kirchner,Cristina Fernandez de Kirchner,no,,,no,no,yes,no,no,yes,USA,no,no,no,no,2007-10-28,SRC_NELDA
160-2009-0628-L1,ARG,Argentina,2009,Legislative/Parliamentary,no,no,yes,yes,yes,yes,,,,no,no,no,no,no,no,no,no,yes,yes,no,,,,yes,yes,no,yes,,no,,,no,no,no,,,,,,,,,Cristina Fernandez de Kirchner,Cristina Fernandez de Kirchner,no,,,no,no,yes,no,no,yes,USA,no,no,no,no,2009-06-28,SRC_NELDA
165-1946-1124-L1,URY,Uruguay,1946,Legislative/Parliamentary,no,no,yes,yes,yes,no,,,,no,no,no,no,no,no,no,yes,no,yes,no,,,,no,no,,yes,,no,,,,no,no,,,,,,,,,Amezaga,Berreta,no,,,no,no,yes,no,no,yes,US,no,no,no,no,1946-11-24,SRC_NELDA
165-1946-1124-P1,URY,Uruguay,1946,Executive,no,no,yes,yes,yes,no,yes,yes,no,no,no,no,no,no,no,no,yes,no,yes,yes,no,yes,yes,no,no,,no,,no,,,,no,no,,,,,yes,yes,no,no,Amezaga,Berreta,no,,,no,no,yes,no,no,yes,US,no,no,no,no,1946-11-24,SRC_NELDA
165-1950-1126-L1,URY,Uruguay,1950,Legislative/Parliamentary,no,no,yes,yes,yes,no,,,,no,no,no,no,no,no,no,yes,no,yes,no,,,,no,no,,no,,no,,,,no,no,,,,,,,,,Berres,Trueba,no,,,no,no,yes,no,no,yes,US,no,no,no,no,1950-11-26,SRC_NELDA
165-1950-1126-P1,URY,Uruguay,1950,Executive,no,no,yes,yes,yes,no,yes,yes,no,no,no,no,no,no,no,no,yes,no,yes,yes,no,yes,yes,no,no,,no,,no,,,,no,no,,,,,yes,yes,no,no,Berres,Trueba,no,,,no,no,yes,no,no,yes,US,no,no,no,no,1950-11-26,SRC_NELDA
165-1954-1126-L1,URY,Uruguay,1954,Legislative/Parliamentary,no,no,yes,yes,yes,no,,,,no,no,no,no,no,no,no,no,no,yes,no,,,,no,no,,no,,no,,,,no,no,,,,,,,,,Trueba,Berres,no,,,no,no,yes,no,no,yes,US,no,no,no,no,1954-11-26,SRC_NELDA
165-1954-1126-P1,URY,Uruguay,1954,Executive,no,no,yes,yes,yes,no,no,no,no,no,no,no,no,no,no,no,no,no,yes,yes,yes,,,no,no,,no,,no,,,,no,no,,,,,no,,,,Trueba,Berres,no,,,no,no,yes,no,no,yes,US,no,no,no,no,1954-11-26,SRC_NELDA
165-1958-1130-L1,URY,Uruguay,1958,Legislative/Parliamentary,no,no,yes,yes,yes,no,,,,no,no,no,no,no,no,no,no,yes,yes,no,,,,yes,no,,yes,,no,,,no,no,,,,,,,,,,Fischer,Echegoyen,no,,,no,no,yes,no,no,yes,US,no,no,no,no,1958-11-30,SRC_NELDA
165-1958-1130-P1,URY,Uruguay,1958,Executive,no,no,yes,yes,yes,no,no,no,no,no,no,no,no,no,no,no,no,yes,yes,yes,yes,,,no,no,,no,,no,,,,no,no,,,,,no,,,,Fischer,Echegoyen,no,,,no,no,yes,no,no,yes,US,no,no,no,no,1958-11-30,SRC_NELDA
165-1962-1125-L1,URY,Uruguay,1962,Legislative/Parliamentary,no,no,yes,yes,yes,no,,,,no,no,yes,no,no,no,no,no,no,no,no,,,,no,no,,yes,,no,,,,no,no,,,,,,,,,Harrison,Crespo,no,,,no,no,yes,no,no,yes,IMF,no,no,no,no,1962-11-25,SRC_NELDA
165-1962-1125-P1,URY,Uruguay,1962,Executive,no,no,yes,yes,yes,no,no,yes,no,no,no,no,no,no,no,no,no,no,no,yes,no,yes,yes,no,no,,yes,,no,,,,no,no,,,,,yes,yes,no,no,Harrison,Crespo,no,,,no,no,yes,no,no,yes,IMF,no,no,no,no,1962-11-25,SRC_NELDA
165-1966-1127-L1,URY,Uruguay,1966,Legislative/Parliamentary,no,no,yes,yes,yes,no,,,,no,no,no,no,no,no,no,no,yes,no,no,,,,yes,no,,yes,,no,,,no,no,,,,,,,,,,Heber Usher,Gestido,no,,,no,no,yes,no,no,yes,IMF,no,no,no,no,1966-11-27,SRC_NELDA
165-1966-1127-P1,URY,Uruguay,1966,Executive,no,no,yes,yes,yes,no,no,yes,no,no,no,no,no,no,no,no,no,no,yes,yes,no,yes,no,yes,no,,yes,,no,,,no,no,,,,,,yes,yes,no,no,Heber Usher,Gestido,no,,,no,no,yes,no,no,yes,IMF,no,no,no,no,1966-11-27,SRC_NELDA
165-1971-1128-L1,URY,Uruguay,1971,Legislative/Parliamentary,no,no,yes,yes,yes,no,,no,,no,yes,no,no,no,yes,yes,no,no,yes,no,,,,no,yes,no,yes,yes,yes,yes,yes,,yes,no,,,,,no,,,,Pacheco Areco,Bordaberry,no,,,no,no,yes,no,yes,yes,us,no,yes,unclear,yes,1971-11-28,SRC_NELDA
165-1971-1128-P1,URY,Uruguay,1971,Executive,no,no,yes,yes,yes,no,no,yes,no,no,yes,no,no,no,yes,yes,no,no,yes,yes,yes,,yes,no,yes,no,no,yes,yes,yes,yes,no,yes,no,,,,,yes,yes,no,no,Pacheco Areco,Bordaberry,no,,,no,no,yes,no,yes,yes,us,no,yes,unclear,yes,1971-11-28,SRC_NELDA
165-1984-1125-L1,URY,Uruguay,1984,Legislative/Parliamentary,yes,yes,yes,yes,yes,,,,,no,no,,yes,no,no,,no,no,no,no,,,,,yes,,yes,no,no,,,no,no,no,,,,,,,,,Alvarez Armalino,Sanguinetti,no,,,no,no,yes,no,yes,yes,us,no,yes,no,no,1984-11-25,SRC_NELDA
165-1984-1125-P1,URY,Uruguay,1984,Executive,yes,yes,yes,yes,yes,,yes,no,no,no,no,,yes,no,no,,no,no,no,yes,no,no,,,yes,,yes,no,no,,,no,no,no,,,,,yes,yes,no,no,Alvarez Armalino,Sanguinetti,no,,,no,no,yes,no,yes,yes,us,no,yes,no,no,1984-11-25,SRC_NELDA
165-1989-1126-L1,URY,Uruguay,1989,Legislative/Parliamentary,no,no,yes,yes,yes,no,,,,no,no,no,no,no,no,no,no,no,no,no,,,,yes,yes,no,yes,no,no,,,no,no,,,,,,,,,,Sanguinetti,Lacalle de Herrera,no,,,no,no,yes,no,no,yes,us,no,no,no,no,1989-11-26,SRC_NELDA
165-1989-1126-P1,URY,Uruguay,1989,Executive,no,no,yes,yes,yes,no,yes,yes,no,no,no,no,no,no,no,no,no,no,no,yes,no,no,,yes,yes,no,yes,no,no,,,no,no,,,,,,yes,yes,no,no,Sanguinetti,Lacalle de Herrera,no,,,no,no,yes,no,no,yes,us,no,no,no,no,1989-11-26,SRC_NELDA
165-1994-1127-L1,URY,Uruguay,1994,Legislative/Parliamentary,no,no,yes,yes,yes,no,,,no,no,no,no,no,no,no,no,yes,no,yes,no,,,,yes,yes,no,yes,,no,,,no,no,no,,,,,,,,,Lacalle de Herrera,Sanguinetti,no,,,no,no,yes,no,no,no,,,,no,no,1994-11-27,SRC_NELDA
165-1994-1127-P1,URY,Uruguay,1994,Executive,no,no,yes,yes,yes,no,yes,yes,no,no,no,no,no,no,no,no,yes,no,no,yes,no,yes,no,yes,yes,no,yes,,no,,,no,no,no,,,,,yes,yes,no,no,Lacalle de Herrera,Sanguinetti,no,,,no,no,yes,no,no,no,,,,no,no,1994-11-27,SRC_NELDA
165-1999-1031-L1,URY,Uruguay,1999,Legislative/Parliamentary,no,no,yes,yes,yes,no,,,no,no,no,no,no,no,no,no,yes,no,yes,no,,,,yes,yes,no,yes,,no,,,no,no,no,,,,,,,,,Sanguinetti,Jorge Batlle,yes,yes,no,no,no,yes,no,no,no,,no,no,no,no,1999-10-31,SRC_NELDA
165-1999-1031-P1,URY,Uruguay,1999,Executive,no,no,yes,yes,yes,no,yes,yes,no,no,no,no,no,no,no,no,yes,no,no,yes,no,yes,yes,no,yes,no,no,,no,,,no,no,no,,,,,yes,yes,no,no,Sanguinetti,Jorge Batlle,yes,yes,no,no,no,yes,no,no,no,,no,no,no,no,1999-10-31,SRC_NELDA
165-1999-1031-P2,URY,Uruguay,1999,Executive,no,no,yes,yes,yes,no,yes,yes,no,no,no,no,no,no,no,no,yes,no,yes,yes,no,yes,yes,no,yes,no,no,,no,,,no,no,no,,,,,yes,yes,no,no,Sanguinetti,Jorge Batlle,yes,yes,no,no,no,yes,no,no,no,,no,no,no,no,1999-11-28,SRC_NELDA
165-2004-1031-L1,URY,Uruguay,2004,Legislative/Parliamentary,no,no,yes,yes,yes,no,,,no,no,no,yes,no,no,no,no,no,no,no,no,,,,yes,yes,yes,no,,no,,,no,no,no,,,,,,,,,jorge batlle,tabare vazquez ,yes,yes,no,no,no,yes,no,no,no,,no,no,no,no,2004-10-31,SRC_NELDA
165-2004-1031-P1,URY,Uruguay,2004,Executive,no,no,yes,yes,yes,no,yes,yes,no,no,no,no,no,no,no,no,no,no,no,yes,no,yes,no,yes,yes,no,yes,,no,,,no,no,no,,,,,yes,yes,no,no,jorge batlle,tabare vazquez ,no,,,no,no,yes,no,no,no,,no,no,no,no,2004-10-31,SRC_NELDA
165-2009-1025-L1,URY,Uruguay,2009,Legislative/Parliamentary,no,no,yes,yes,yes,no,,,,no,no,yes,no,no,no,no,no,no,no,no,,,,no,yes,yes,yes,,no,,,,no,no,,,,,,,,,Vazquez,Vazquez,yes,no,,no,no,yes,no,no,yes,"EU, WTO, US, OAS",no,no,no,no,2009-10-25,SRC_NELDA
165-2009-1025-P1,URY,Uruguay,2009,Executive,no,no,yes,yes,yes,no,yes,yes,no,no,no,no,no,no,no,no,no,no,no,yes,no,yes,no,no,yes,yes,yes,,no,,,,no,no,,,,,no,,,,Vazquez,Vazquez,yes,no,,no,no,yes,no,no,yes,"EU, WTO, US, OAS",no,no,no,no,2009-10-25,SRC_NELDA
165-2009-1025-P2,URY,Uruguay,2009,Executive,no,no,yes,yes,yes,no,yes,yes,no,no,no,no,no,no,no,no,no,no,no,yes,no,yes,yes,no,yes,yes,yes,,no,,,,no,no,,,,,yes,yes,no,no,Vazquez,Mujica,yes,no,,no,no,yes,no,no,yes,"EU, WTO, US, OAS",no,no,no,no,2009-11-29,SRC_NELDA
200-1945-0705-L1,GBR,United Kingdom,1945,Legislative/Parliamentary,yes,no,yes,yes,yes,,no,no,no,no,no,yes,no,no,no,no,no,no,yes,yes,yes,,,yes,yes,no,yes,,no,,,no,no,,,,,,yes,yes,no,no,Churchill,Attlee,no,,,no,no,yes,no,no,yes,"IMF, UN, US",no,no,no,no,1945-07-05,SRC_NELDA
200-1950-0223-L1,GBR,United Kingdom,1950,Legislative/Parliamentary,no,no,yes,yes,yes,no,no,no,no,no,no,yes,no,no,no,no,no,no,yes,yes,yes,,,no,yes,yes,yes,,no,,,,no,no,,,,,no,,,,Attlee,Attlee,no,,,no,no,yes,no,no,yes,"US, NATO, UN",no,no,no,no,1950-02-23,SRC_NELDA
200-1951-1025-L1,GBR,United Kingdom,1951,Legislative/Parliamentary,no,no,yes,yes,yes,yes,no,no,no,no,no,yes,no,no,no,no,yes,no,yes,yes,yes,,,yes,yes,yes,yes,,no,,,no,no,,,,,,yes,yes,no,no,Attlee,Churchill,no,,,no,no,yes,no,no,yes,"US, NATO, UN",no,no,no,no,1951-10-25,SRC_NELDA
200-1955-0526-L1,GBR,United Kingdom,1955,Legislative/Parliamentary,no,no,yes,yes,yes,yes,no,no,no,no,no,yes,no,no,no,no,yes,no,no,yes,yes,,,no,yes,yes,no,,no,,,,no,no,,,,,no,,,,Eden,Eden,no,,,no,no,yes,no,no,yes,"US, NATO, UN",no,no,no,no,1955-05-26,SRC_NELDA
200-1959-1008-L1,GBR,United Kingdom,1959,Legislative/Parliamentary,no,no,yes,yes,yes,yes,no,no,no,no,no,yes,no,no,no,no,yes,no,no,yes,yes,,,no,yes,yes,no,,no,,,,no,no,,,,,no,,,,Macmillan,Macmillan,no,,,no,no,yes,no,no,yes,"US, NATO, UN",no,no,no,no,1959-10-08,SRC_NELDA
200-1964-1015-L1,GBR,United Kingdom,1964,Legislative/Parliamentary,no,no,yes,yes,yes,no,no,no,no,no,no,no,no,no,no,no,no,no,no,yes,yes,,,yes,yes,no,yes,,no,,,no,no,no,,,,,yes,yes,no,no,Douglas-Home,Wilson,no,,,no,no,yes,no,no,yes,"France, NATO",no,no,no,no,1964-10-15,SRC_NELDA
200-1966-0331-L1,GBR,United Kingdom,1966,Legislative/Parliamentary,no,no,yes,yes,yes,yes,no,no,no,no,no,no,no,no,no,no,no,no,no,yes,yes,,,no,yes,yes,no,,no,,,no,no,no,,,,,no,,,,Wilson,Wilson,no,,,no,no,yes,no,no,yes,"France, NATO",no,no,no,no,1966-03-31,SRC_NELDA
200-1970-0618-L1,GBR,United Kingdom,1970,Legislative/Parliamentary,no,no,yes,yes,yes,no,no,no,no,no,no,no,no,no,no,no,no,no,no,yes,yes,,,yes,yes,yes,yes,,no,,,no,no,no,,,,,yes,yes,no,no,Wilson,Heath,no,,,no,no,yes,no,no,yes,"France, NATO",no,no,no,no,1970-06-18,SRC_NELDA
200-1974-0228-L1,GBR,United Kingdom,1974,Legislative/Parliamentary,no,no,yes,yes,yes,no,no,no,no,no,no,no,no,no,no,no,no,yes,no,yes,yes,,,yes,yes,yes,yes,,no,,,no,no,no,,,,,yes,yes,no,no,Heath,Wilson,no,,,no,no,yes,no,no,yes,"France, NATO",no,no,no,no,1974-02-28,SRC_NELDA
200-1974-1010-L1,GBR,United Kingdom,1974,Legislative/Parliamentary,no,no,yes,yes,yes,yes,no,no,no,no,no,no,no,no,no,no,no,yes,no,yes,yes,,,no,yes,yes,no,,no,,,no,no,no,,,,,no,,,,Wilson,Wilson,no,,,no,no,yes,no,no,yes,"France, NATO",no,no,no,no,1974-10-10,SRC_NELDA
200-1979-0503-L1,GBR,United Kingdom,1979,Legislative/Parliamentary,no,no,yes,yes,yes,yes,no,no,no,no,no,no,no,no,no,no,no,no,no,yes,yes,,,yes,yes,no,yes,,no,,,no,no,no,,,,,yes,yes,no,no,Callaghan,Thatcher,no,,,no,no,yes,no,no,yes,"France, NATO",no,no,no,no,1979-05-03,SRC_NELDA
200-1983-0609-L1,GBR,United Kingdom,1983,Legislative/Parliamentary,no,no,yes,yes,yes,yes,no,no,no,no,no,no,no,no,no,no,no,no,no,yes,yes,,,no,yes,yes,no,,no,,,no,no,no,,,,,no,,,,Thatcher,Thatcher,no,,,no,no,yes,no,no,yes,"France, NATO",no,no,no,no,1983-06-09,SRC_NELDA
200-1987-0611-L1,GBR,United Kingdom,1987,Legislative/Parliamentary,no,no,yes,yes,yes,yes,no,no,no,no,no,no,no,no,no,no,yes,no,no,yes,yes,,,no,yes,yes,yes,,no,,,no,no,no,,,,,no,,,,Thatcher,Thatcher,no,,,no,no,yes,no,no,yes,"France, NATO",no,no,no,no,1987-06-11,SRC_NELDA
200-1992-0409-L1,GBR,United Kingdom,1992,Legislative/Parliamentary,no,no,yes,yes,yes,yes,no,no,no,no,no,no,no,no,no,no,no,yes,no,yes,yes,,,no,yes,no,yes,,no,,,no,no,no,,,,,no,,,,Major,Major,no,,,no,no,yes,no,no,yes,"France, NATO",no,no,no,no,1992-04-09,SRC_NELDA
200-1997-0501-L1,GBR,United Kingdom,1997,Legislative/Parliamentary,no,no,yes,yes,yes,yes,no,no,no,no,no,no,no,no,no,no,yes,no,no,yes,yes,,,yes,yes,no,yes,,no,,,no,no,no,,,,,yes,yes,no,no,Major,Blair,no,,,no,no,yes,no,no,yes,"France, NATO",no,no,no,no,1997-05-01,SRC_NELDA
200-2001-0607-L1,GBR,United Kingdom,2001,Legislative/Parliamentary,no,no,yes,yes,yes,yes,no,no,no,no,no,no,no,no,no,no,yes,no,no,yes,yes,,,no,yes,yes,no,,no,,,no,no,no,,,,,no,,,,Blair,Blair,no,,,no,no,yes,no,no,yes,"France, NATO",no,no,no,no,2001-06-07,SRC_NELDA
200-2005-0505-L1,GBR,United Kingdom,2005,Legislative/Parliamentary,no,no,yes,yes,yes,yes,no,no,no,no,no,no,no,no,no,no,yes,no,no,yes,yes,,,no,yes,no,yes,,no,,,no,no,no,,,,,no,,,,Blair,Blair,no,,,no,no,yes,no,no,yes,"France, NATO",no,no,no,no,2005-05-05,SRC_NELDA
200-2010-0506-L1,GBR,United Kingdom,2010,Legislative/Parliamentary,no,no,yes,yes,yes,no,no,no,no,no,no,no,no,no,no,no,no,no,no,yes,yes,,,yes,yes,no,yes,,no,,,no,no,no,,,,,yes,yes,no,no,Brown,Cameron,no,,,no,no,yes,no,no,yes,"EU, NATO",no,no,no,no,2010-05-06,SRC_NELDA
205-1945-0614-P1,IRL,Ireland,1945,Executive,no,yes,yes,yes,yes,no,,,,no,no,no,no,no,no,no,no,no,no,no,,,,no,no,,no,,no,,,,no,no,,,,,,,,,de Valera,de Valera,no,,,no,no,yes,no,no,yes,"UK, West Europe",no,no,no,no,1945-06-14,SRC_NELDA
205-1948-0204-L1,IRL,Ireland,1948,Legislative/Parliamentary,no,no,yes,yes,yes,no,no,no,no,no,no,yes,no,no,no,no,no,no,no,yes,yes,,,yes,no,,yes,,no,,,no,no,no,,,,,yes,yes,no,no,de Valera,Costello,no,,,no,no,yes,no,no,yes,"UK, West Europe",yes,no,no,no,1948-02-04,SRC_NELDA
205-1951-0530-L1,IRL,Ireland,1951,Legislative/Parliamentary,no,no,yes,yes,yes,no,no,no,no,no,no,no,no,no,no,no,no,no,no,yes,yes,,,yes,no,,yes,,no,,,no,no,no,,,,,yes,yes,no,no,Costello,de Valera,no,,,no,no,yes,no,no,yes,"UK, West Europe",no,no,no,no,1951-05-30,SRC_NELDA
205-1954-0518-L1,IRL,Ireland,1954,Legislative/Parliamentary,no,no,yes,yes,yes,no,no,no,no,no,no,no,no,no,no,no,no,no,no,yes,yes,,,yes,no,,yes,,no,,,no,no,no,,,,,yes,yes,no,no,de Valera,Costello,no,,,no,no,yes,no,no,yes,"UK, West Europe",no,no,no,no,1954-05-18,SRC_NELDA
205-1957-0305-L1,IRL,Ireland,1957,Legislative/Parliamentary,no,no,yes,yes,yes,no,no,no,no,no,no,no,no,no,no,no,no,no,no,yes,yes,,,yes,no,,yes,,no,,,no,no,no,,,,,yes,yes,no,no,Costello,de Valera,no,,,no,no,yes,no,no,yes,"UK, West Europe",no,no,no,no,1957-03-05,SRC_NELDA
205-1959-0617-P1,IRL,Ireland,1959,Executive,no,no,yes,yes,yes,no,,,,no,no,no,no,no,no,no,no,no,no,no,,,,no,no,,no,,no,,,,no,no,,,,,,,,,de Valera,LeMass,no,,,no,no,yes,no,no,yes,"UK, West Europe",no,no,no,no,1959-06-17,SRC_NELDA
205-1961-1004-L1,IRL,Ireland,1961,Legislative/Parliamentary,no,no,yes,yes,yes,no,no,no,no,no,no,yes,no,no,no,no,yes,no,no,yes,yes,,,no,no,,yes,,no,,,,no,no,,,,,no,,,,LeMass,LeMass,no,,,no,no,yes,no,no,yes,"UK, UN, EEC, US",no,no,no,no,1961-10-04,SRC_NELDA
205-1965-0407-L1,IRL,Ireland,1965,Legislative/Parliamentary,no,no,yes,yes,yes,no,no,no,no,no,no,no,no,no,no,no,yes,no,no,yes,yes,,,no,no,,no,,no,,,,no,no,,,,,no,,,,LeMass,LeMass,no,,,no,no,yes,no,no,yes,"UK, UN, EEC, US",no,no,no,no,1965-04-07,SRC_NELDA
205-1966-0601-P1,IRL,Ireland,1966,Executive,no,no,yes,yes,yes,no,,,,no,no,yes,no,no,no,no,yes,no,no,no,,,,no,no,,yes,,no,,,,no,no,,,,,,,,,LeMass,LeMass,no,,,no,no,yes,no,no,yes,"UK, UN, EEC, US",no,no,no,no,1966-06-01,SRC_NELDA
205-1969-0616-L1,IRL,Ireland,1969,Legislative/Parliamentary,no,no,yes,yes,yes,no,no,no,no,no,no,yes,no,no,no,no,yes,no,no,yes,yes,,,no,no,,no,,no,,,,no,no,,,,,no,,,,Lynch,Lynch,no,,,no,no,yes,no,no,yes,"UK, UN, EEC, US",no,no,no,no,1969-06-16,SRC_NELDA
205-1973-0228-L1,IRL,Ireland,1973,Legislative/Parliamentary,no,no,yes,yes,yes,no,no,no,no,no,no,no,no,no,no,no,no,no,no,yes,yes,,,yes,no,,yes,,no,,,no,no,,,,,,yes,yes,no,no,Lynch,"Cosgrave, L.",no,,,no,no,yes,no,no,yes,"UK, UN, EEC, US",no,no,no,no,1973-02-28,SRC_NELDA
205-1973-0530-P1,IRL,Ireland,1973,Executive,no,no,yes,yes,yes,no,,,,no,no,no,no,no,no,no,no,no,no,no,,,,yes,no,,no,,no,,,no,no,,,,,,,,,,"Cosgrave, L.","Cosgrave, L.",no,,,no,no,yes,no,no,yes,"UK, UN, EEC, US",no,no,no,no,1973-05-30,SRC_NELDA
205-1977-0616-L1,IRL,Ireland,1977,Legislative/Parliamentary,no,no,yes,yes,yes,no,no,no,no,no,no,no,no,no,no,no,yes,no,no,yes,yes,,,yes,yes,no,yes,,no,,,no,no,,,,,,yes,yes,no,no,"Cosgrave, L.",Lynch,no,,,no,no,yes,no,no,yes,"UK, UN, EEC, US",no,no,no,no,1977-06-16,SRC_NELDA
205-1981-0611-L1,IRL,Ireland,1981,Legislative/Parliamentary,no,no,yes,yes,yes,no,no,no,no,no,no,no,no,no,no,no,no,no,no,yes,yes,,,yes,yes,no,yes,,no,,,no,yes,,,,,,yes,yes,no,no,Haughey,Fitzgerald,no,,,no,no,yes,no,no,yes,"UK, UN, EEC, US",yes,no,no,no,1981-06-11,SRC_NELDA
205-1982-0218-L1,IRL,Ireland,1982,Legislative/Parliamentary,no,no,yes,yes,yes,yes,no,no,no,no,no,no,no,no,no,yes,no,yes,no,yes,yes,,,yes,yes,no,yes,,no,,,no,no,,,,,,yes,yes,no,no,Fitzgerald,Haughey,no,,,no,no,yes,no,no,yes,"UK, UN, EEC, US",yes,no,no,no,1982-02-18,SRC_NELDA
205-1982-1124-L1,IRL,Ireland,1982,Legislative/Parliamentary,no,no,yes,yes,yes,yes,no,no,no,no,no,no,no,no,no,no,no,yes,no,yes,yes,,,yes,yes,no,yes,,no,,,no,no,,,,,,yes,yes,no,no,Haughey,Fitzgerald,no,,,no,no,yes,no,no,yes,"UK, UN, EEC, US",no,no,no,no,1982-11-24,SRC_NELDA
205-1987-0217-L1,IRL,Ireland,1987,Legislative/Parliamentary,no,no,yes,yes,yes,yes,no,no,no,no,no,no,no,no,no,yes,no,yes,no,yes,yes,,,yes,yes,no,yes,,no,,,no,no,,,,,,yes,yes,no,no,Fitzgerald,Haughey,no,,,no,no,yes,no,no,yes,"UK, UN, EEC, US",yes,no,no,no,1987-02-17,SRC_NELDA
205-1989-0615-L1,IRL,Ireland,1989,Legislative/Parliamentary,no,no,yes,yes,yes,yes,no,no,no,no,no,yes,no,no,no,no,yes,no,no,yes,yes,,,no,yes,yes,yes,,no,,,,no,no,,,,,no,,,,Haughey,Haughey,no,,,no,no,yes,no,no,yes,"UK, UN, EEC, US",no,no,no,no,1989-06-15,SRC_NELDA
205-1990-1109-P1,IRL,Ireland,1990,Executive,no,no,yes,yes,yes,no,,,,no,no,no,no,no,no,no,yes,no,no,no,,,,yes,yes,yes,yes,,no,,,no,no,,,,,,,,,,Haughey,Haughey,no,,,no,no,yes,no,no,yes,"UK, UN, EEC, US",no,no,no,no,1990-11-09,SRC_NELDA
205-1992-1125-L1,IRL,Ireland,1992,Legislative/Parliamentary,no,no,yes,yes,yes,yes,no,no,no,no,no,no,no,no,no,no,no,no,no,yes,yes,,,no,yes,no,yes,,no,,,no,no,no,,,,,no,,,,Reynolds,Reynolds,no,,,no,no,yes,no,no,yes,"UK, UN, EEC, US",no,no,no,no,1992-11-25,SRC_NELDA
205-1997-0606-L1,IRL,Ireland,1997,Legislative/Parliamentary,no,no,yes,yes,yes,yes,no,no,no,no,no,no,no,no,no,no,yes,no,no,yes,yes,,,yes,yes,no,yes,,no,,,no,no,,,,,,yes,yes,no,no,Bruton,Ahern,no,,,no,no,yes,no,no,yes,"UK, UN, EEC, US",no,yes,no,no,1997-06-06,SRC_NELDA
205-1997-1030-P1,IRL,Ireland,1997,Executive,no,no,yes,yes,yes,yes,,,,no,no,yes,no,no,no,no,yes,no,no,no,,,,no,yes,yes,no,,no,,,,no,no,,,,,,,,,Ahern,Ahern,no,,,no,no,yes,no,no,yes,"UK, UN, EEC, US",no,no,no,no,1997-10-30,SRC_NELDA
205-2002-0517-L1,IRL,Ireland,2002,Legislative/Parliamentary,no,no,yes,yes,yes,no,no,no,no,no,no,yes,no,no,no,no,yes,no,no,yes,yes,,,no,yes,yes,no,,no,,,,no,no,,,,,no,,,,Ahern,Ahern,no,,,no,no,yes,no,no,yes,"UK, UN, EEC, US",no,no,no,no,2002-05-17,SRC_NELDA
205-2007-0524-L1,IRL,Ireland,2007,Legislative/Parliamentary,no,no,yes,yes,yes,no,no,no,no,no,no,yes,no,no,no,no,no,no,no,yes,yes,,,no,yes,yes,yes,,no,,,,no,no,,,,,no,,,,Bertie Ahern,Bertie Ahern,yes,yes,no,no,no,yes,no,no,yes,"EU, UK, US, germany",no,no,no,no,2007-05-24,SRC_NELDA
210-1946-0516-L1,NLD,Netherlands,1946,Legislative/Parliamentary,yes,no,yes,yes,yes,,no,no,no,no,no,no,no,no,no,no,no,yes,no,yes,yes,,,no,no,,yes,,no,,,no,no,no,,,,,yes,yes,no,no,Schermerhorn,Beel,no,,,no,no,yes,no,no,yes,"France, Belgium, NATO",no,no,no,no,1946-05-16,SRC_NELDA
210-1948-0707-L1,NLD,Netherlands,1948,Legislative/Parliamentary,no,no,yes,yes,yes,yes,no,no,no,no,no,no,no,no,no,no,no,yes,yes,yes,yes,,,no,no,,no,,no,,,no,no,no,,,,,yes,yes,no,no,Beel,Drees,no,,,no,no,yes,no,no,yes,"France, Belgium, NATO",no,no,no,no,1948-07-07,SRC_NELDA
210-1952-0625-L1,NLD,Netherlands,1952,Legislative/Parliamentary,no,no,yes,yes,yes,no,no,no,no,no,no,no,no,no,no,no,no,no,yes,yes,yes,,,no,no,,no,,no,,,no,no,no,,,,,no,,,,Drees,Drees,no,,,no,no,yes,no,no,yes,"France, Belgium, NATO",no,no,no,no,1952-06-25,SRC_NELDA
210-1956-0613-L1,NLD,Netherlands,1956,Legislative/Parliamentary,no,no,yes,yes,yes,no,no,no,no,no,no,no,no,no,no,no,yes,no,no,yes,yes,,,no,no,,no,,no,,,no,no,no,,,,,no,,,,Drees,Drees,no,,,no,no,yes,no,no,yes,"France, Belgium, NATO",no,no,no,no,1956-06-13,SRC_NELDA
210-1959-0312-L1,NLD,Netherlands,1959,Legislative/Parliamentary,no,no,yes,yes,yes,yes,yes,no,no,yes,no,no,no,no,no,no,yes,no,no,yes,no,no,,no,no,,yes,,no,,,no,no,no,,,,,yes,no,no,no,Beel,de Quay,no,,,no,no,yes,no,no,yes,"France, Belgium, NATO",no,no,no,no,1959-03-12,SRC_NELDA
210-1963-0515-L1,NLD,Netherlands,1963,Legislative/Parliamentary,no,no,yes,yes,yes,no,no,no,no,no,no,no,no,no,no,no,yes,no,no,yes,yes,,,no,yes,yes,yes,,no,,,no,no,no,,,,,yes,no,no,no,de Quay,Marijnen,no,,,no,no,yes,no,no,yes,"France, Belgium, NATO",no,no,no,no,1963-05-15,SRC_NELDA
210-1967-0215-L1,NLD,Netherlands,1967,Legislative/Parliamentary,no,no,yes,yes,yes,no,no,no,no,no,no,no,no,no,no,no,yes,no,no,yes,yes,,,no,yes,yes,yes,,no,,,no,no,no,,,,,yes,yes,no,no,Zijlstra,De Jong,no,,,no,no,yes,no,no,yes,"France, Belgium, NATO",no,no,no,no,1967-02-15,SRC_NELDA
210-1971-0428-L1,NLD,Netherlands,1971,Legislative/Parliamentary,no,no,yes,yes,yes,no,no,no,no,no,no,no,no,no,no,no,yes,no,no,yes,yes,,,no,yes,yes,no,,no,,,no,no,no,,,,,yes,no,no,no,De Jong,Biesheuvel,no,,,no,no,yes,no,no,yes,"France, Belgium, NATO",no,no,no,no,1971-04-28,SRC_NELDA
210-1972-1129-L1,NLD,Netherlands,1972,Legislative/Parliamentary,no,no,yes,yes,yes,yes,no,no,no,no,no,no,no,no,no,no,yes,no,no,yes,yes,,,no,yes,yes,no,,no,,,no,no,no,,,,,no,,,,Biesheuvel,Biesheuvel,no,,,no,no,yes,no,no,yes,"France, Belgium, NATO",no,no,no,no,1972-11-29,SRC_NELDA
210-1977-0525-L1,NLD,Netherlands,1977,Legislative/Parliamentary,no,no,yes,yes,yes,no,no,no,no,no,no,no,no,no,no,no,yes,no,no,yes,yes,,,no,yes,yes,no,,no,,,no,no,no,,,,,yes,no,no,no,den Uyl,van Agt,no,,,no,no,yes,no,no,yes,"France, Belgium, NATO",no,no,no,no,1977-05-25,SRC_NELDA
210-1981-0526-L1,NLD,Netherlands,1981,Legislative/Parliamentary,no,no,yes,yes,yes,no,no,no,no,no,no,no,no,no,no,no,no,no,no,yes,yes,,,no,yes,no,yes,,no,,,no,no,no,,,,,no,,,,van Agt,van Agt,no,,,no,no,yes,no,no,yes,"France, Belgium, NATO",no,no,no,no,1981-05-26,SRC_NELDA
210-1982-0908-L1,NLD,Netherlands,1982,Legislative/Parliamentary,no,no,yes,yes,yes,yes,no,no,no,no,no,no,no,no,no,no,no,yes,no,yes,yes,,,no,yes,no,no,,no,,,no,no,no,,,,,yes,yes,no,no,van Agt,Lubbers,no,,,no,no,yes,no,no,yes,"France, Belgium, NATO",no,no,no,no,1982-09-08,SRC_NELDA
210-1986-0521-L1,NLD,Netherlands,1986,Legislative/Parliamentary,no,no,yes,yes,yes,no,no,no,no,no,no,no,no,no,no,no,yes,no,no,yes,yes,,,no,yes,yes,no,,no,,,no,no,no,,,,,no,,,,Lubbers,Lubbers,no,,,no,no,yes,no,no,yes,"France, Belgium, NATO",no,no,no,no,1986-05-21,SRC_NELDA
210-1989-0906-L1,NLD,Netherlands,1989,Legislative/Parliamentary,no,no,yes,yes,yes,yes,no,no,no,no,no,no,no,no,no,no,yes,no,no,yes,yes,,,no,yes,yes,yes,,no,,,no,no,no,,,,,no,,,,Lubbers,Lubbers,no,,,no,no,yes,no,no,yes,"France, Belgium, NATO",no,no,no,no,1989-09-06,SRC_NELDA
210-1994-0503-L1,NLD,Netherlands,1994,Legislative/Parliamentary,no,no,yes,yes,yes,no,no,no,no,no,no,no,no,no,no,no,yes,no,no,yes,yes,,,yes,yes,no,yes,,no,,,no,no,no,,,,,yes,yes,no,no,Lubbers,Kok,no,,,no,no,yes,no,no,yes,"France, Belgium, NATO",no,no,no,no,1994-05-03,SRC_NELDA
210-1998-0506-L1,NLD,Netherlands,1998,Legislative/Parliamentary,no,no,yes,yes,yes,no,no,no,no,no,no,no,no,no,no,no,yes,no,no,yes,yes,,,no,yes,yes,no,,no,,,no,no,no,,,,,no,,,,Kok,Kok,no,,,no,no,yes,no,no,yes,"France, Belgium, NATO",no,no,no,no,1998-05-06,SRC_NELDA
210-2002-0515-L1,NLD,Netherlands,2002,Legislative/Parliamentary,no,no,yes,yes,yes,no,no,no,no,no,no,no,no,no,no,no,yes,no,no,yes,yes,,,yes,yes,no,yes,,no,,,no,no,no,,,,,yes,yes,no,no,Kok,Jan Peter Balkenende,no,,,no,no,yes,no,no,yes,"France, Belgium, NATO",no,no,no,no,2002-05-15,SRC_NELDA
210-2003-0122-L1,NLD,Netherlands,2003,Legislative/Parliamentary,no,no,yes,yes,yes,yes,no,no,no,no,no,no,no,no,no,no,yes,no,no,yes,yes,,,no,yes,no,yes,,no,,,no,no,no,,,,,no,,,,Jan Peter Balkenende,Jan Peter Balkenende,no,,,no,no,yes,no,no,yes,"France, Belgium, NATO",no,no,no,no,2003-01-22,SRC_NELDA
210-2006-1122-L1,NLD,Netherlands,2006,Legislative/Parliamentary,no,no,yes,yes,yes,yes,no,no,no,no,no,no,no,no,no,no,yes,no,no,yes,yes,,,no,yes,no,yes,,no,,,no,no,no,,,,,no,,,,Jan Peter Balkenende,Jan Peter Balkenende,no,,,no,no,yes,no,no,yes,"France, Belgium, NATO",no,no,no,no,2006-11-22,SRC_NELDA
210-2010-0609-L1,NLD,Netherlands,2010,Legislative/Parliamentary,no,no,yes,yes,yes,yes,no,no,no,no,no,no,no,no,no,no,no,no,no,yes,yes,,,yes,yes,no,yes,,no,,,no,no,no,,,,,yes,yes,no,no,Balkenende,Rutte,no,,,no,no,yes,no,no,yes,EU,no,no,no,no,2010-06-09,SRC_NELDA
211-1946-0217-L1,BEL,Belgium,1946,Legislative/Parliamentary,yes,no,yes,yes,yes,,no,no,no,no,no,no,no,no,no,no,yes,no,no,yes,yes,,,yes,no,,yes,,no,,,no,no,,,,,,yes,no,no,no,van Acker,Spaak,no,,,no,no,yes,no,no,yes,"US, UK, France, Germany, the Netherlands, Western Europe in General",no,no,no,no,1946-02-17,SRC_NELDA
211-1949-0626-L1,BEL,Belgium,1949,Legislative/Parliamentary,no,no,yes,yes,yes,yes,no,no,no,no,no,no,no,no,no,no,yes,no,yes,yes,yes,,,yes,no,,no,,no,,,,no,no,,,,,yes,yes,no,no,Spaak,"Eyskens, G",no,,,no,no,yes,no,no,yes,"US, UK, France, the Netherlands, West Germany, Western Europe as a whole.",no,no,no,no,1949-06-26,SRC_NELDA
211-1950-0604-L1,BEL,Belgium,1950,Legislative/Parliamentary,no,yes,yes,yes,yes,yes,no,no,no,no,no,no,no,no,no,no,yes,no,yes,yes,yes,,,no,no,,no,,no,,,,no,no,,,,,yes,no,no,no,Eskykens,Duvieusart,no,,,no,no,yes,no,no,yes,"US, UK, France, Italy, the Netherlands, Luxembourg, Western Germany, and Western Europe in general.",no,no,no,no,1950-06-04,SRC_NELDA
211-1954-0411-L1,BEL,Belgium,1954,Legislative/Parliamentary,no,no,yes,yes,yes,yes,no,no,no,no,no,no,no,no,no,no,yes,no,no,yes,yes,,,yes,no,,yes,,no,,,no,no,,,,,,yes,yes,no,no,van Houtte,van Acker,no,,,no,no,yes,no,no,yes,"US, UN, NATO, Britain, France, West Germany, Italy, Luxembourg, the Netherlands, Spain",no,no,no,no,1954-04-11,SRC_NELDA
211-1958-0601-L1,BEL,Belgium,1958,Legislative/Parliamentary,no,no,yes,yes,yes,no,no,no,no,no,no,no,no,no,no,no,yes,no,no,yes,yes,,,yes,no,,yes,,no,,,no,no,,,,,,yes,yes,no,no,van Acker,"Eyskens, G",no,,,no,no,yes,no,no,yes,or EEC.,no,no,no,no,1958-06-01,SRC_NELDA
211-1961-0326-L1,BEL,Belgium,1961,Legislative/Parliamentary,no,no,yes,yes,yes,no,no,no,no,no,no,no,no,no,no,no,yes,no,no,yes,yes,,,no,yes,yes,yes,,no,,,no,no,no,,,,,yes,no,no,no,"Eyskens, G.",Lefevre,no,,,no,no,yes,no,no,yes,"France, Netherlands, NATO",no,no,no,no,1961-03-26,SRC_NELDA
211-1965-0523-L1,BEL,Belgium,1965,Legislative/Parliamentary,no,no,yes,yes,yes,no,no,no,no,no,no,no,no,no,no,no,yes,no,no,yes,yes,,,no,yes,no,yes,,no,,,no,no,no,,,,,yes,no,no,no,Lefevre,Harmel,no,,,no,no,yes,no,no,yes,"France, Netherlands, NATO",no,no,no,no,1965-05-23,SRC_NELDA
211-1968-0331-L1,BEL,Belgium,1968,Legislative/Parliamentary,no,no,yes,yes,yes,yes,no,no,no,no,no,no,no,no,no,no,yes,no,no,yes,yes,,,no,yes,no,yes,,no,,,no,no,no,,,,,yes,no,no,no,Vanden Boeynants,"Eyskens, G.",no,,,no,no,yes,no,no,yes,"France, Netherlands, NATO",no,no,no,no,1968-03-31,SRC_NELDA
211-1971-1107-L1,BEL,Belgium,1971,Legislative/Parliamentary,no,no,yes,yes,yes,yes,no,no,no,no,no,no,no,no,no,no,yes,no,no,yes,yes,,,no,yes,no,yes,,no,,,no,no,no,,,,,no,,,,"Eyskens, G.","Eyskens, G.",no,,,no,no,yes,no,no,yes,"France, Netherlands, NATO",no,no,no,no,1971-11-07,SRC_NELDA
211-1974-0310-L1,BEL,Belgium,1974,Legislative/Parliamentary,no,no,yes,yes,yes,yes,yes,no,no,no,no,no,no,no,no,no,yes,no,no,yes,no,no,,no,yes,yes,no,,no,,,no,no,no,,,,,yes,no,no,no,Leburton,Tindemans,no,,,no,no,yes,no,no,yes,"France, Netherlands, NATO",no,no,no,no,1974-03-10,SRC_NELDA
211-1977-0417-L1,BEL,Belgium,1977,Legislative/Parliamentary,no,no,yes,yes,yes,yes,no,no,no,no,no,no,no,no,no,no,no,no,no,yes,yes,,,no,yes,yes,no,,no,,,no,no,no,,,,,no,,,,Tindemans,Tindemans,no,,,no,no,yes,no,no,yes,"France, Netherlands, NATO",no,no,no,no,1977-04-17,SRC_NELDA
211-1978-1217-L1,BEL,Belgium,1978,Legislative/Parliamentary,no,no,yes,yes,yes,yes,no,no,no,no,no,no,no,no,no,no,no,no,no,yes,yes,,,no,yes,no,yes,,no,,,no,no,no,,,,,yes,no,no,no,Vanden Boeynants,Martens,no,,,no,no,yes,no,no,yes,"France, Netherlands, NATO",no,no,no,no,1978-12-17,SRC_NELDA
211-1981-1108-L1,BEL,Belgium,1981,Legislative/Parliamentary,no,no,yes,yes,yes,yes,no,no,no,no,no,no,no,no,no,no,no,yes,no,yes,yes,,,no,yes,no,yes,,no,,,no,no,no,,,,,yes,no,no,no,"Eyskens, M.",Martens,no,,,no,no,yes,no,no,yes,"France, Netherlands, NATO",no,no,no,no,1981-11-08,SRC_NELDA
211-1985-1013-L1,BEL,Belgium,1985,Legislative/Parliamentary,no,no,yes,yes,yes,no,no,no,no,no,no,no,no,no,no,no,no,no,no,yes,yes,,,no,yes,yes,no,,no,,,no,no,no,,,,,no,,,,Martens,Martens,no,,,no,no,yes,no,no,yes,"France, Netherlands, NATO",no,no,no,no,1985-10-13,SRC_NELDA
211-1987-1213-L1,BEL,Belgium,1987,Legislative/Parliamentary,no,no,yes,yes,yes,yes,no,no,no,no,no,no,no,no,no,no,yes,no,no,yes,yes,,,no,yes,yes,yes,,no,,,no,no,no,,,,,no,,,,Martens,Martens,no,,,no,no,yes,no,no,yes,"France, Netherlands, NATO",no,no,no,no,1987-12-13,SRC_NELDA
211-1991-1124-L1,BEL,Belgium,1991,Legislative/Parliamentary,no,no,yes,yes,yes,no,no,no,no,no,no,no,no,no,no,no,yes,no,no,yes,yes,,,no,yes,no,yes,,no,,,no,no,no,,,,,yes,no,no,no,Martens,Dehaene,no,,,no,no,yes,no,no,yes,"France, Netherlands, NATO",no,no,no,no,1991-11-24,SRC_NELDA
211-1995-0521-L1,BEL,Belgium,1995,Legislative/Parliamentary,no,no,yes,yes,yes,no,no,no,no,no,no,no,no,no,no,no,no,no,no,yes,yes,,,no,yes,no,no,,no,,,no,no,no,,,,,no,,,,Dehaene,Dehaene,no,,,no,no,yes,no,no,yes,"France, Netherlands, NATO",no,no,no,no,1995-05-21,SRC_NELDA
211-1999-0613-L1,BEL,Belgium,1999,Legislative/Parliamentary,no,no,yes,yes,yes,no,no,no,no,no,no,no,no,no,no,no,yes,no,no,yes,yes,,,yes,yes,no,yes,,no,,,no,no,no,,,,,yes,yes,no,no,Dehaene,Verhofstadt,no,,,no,no,yes,no,no,yes,"France, Netherlands, NATO",no,no,no,no,1999-06-13,SRC_NELDA
211-2003-0518-L1,BEL,Belgium,2003,Legislative/Parliamentary,no,no,yes,yes,yes,no,no,no,no,no,no,no,no,no,no,no,yes,no,no,yes,yes,,,no,yes,yes,no,,no,,,no,no,no,,,,,no,,,,Verhofstadt,Verhofstadt,no,,,no,no,yes,no,no,yes,"France, Netherlands, NATO",no,no,no,no,2003-05-18,SRC_NELDA
211-2007-0610-L1,BEL,Belgium,2007,Legislative/Parliamentary,no,no,yes,yes,yes,no,no,no,no,no,no,no,no,no,no,no,no,no,no,yes,yes,,,yes,yes,no,yes,,no,,,no,no,no,,,,,yes,yes,no,no,Verhofstadt,Yves Leterme,no,,,no,no,yes,no,no,yes,"EU, NATO",no,no,no,no,2007-06-10,SRC_NELDA
211-2010-0613-L1,BEL,Belgium,2010,Legislative/Parliamentary,no,no,yes,yes,yes,yes,no,no,no,no,no,no,no,no,no,no,no,yes,no,yes,yes,,,yes,yes,no,yes,,no,,,no,no,no,,,,,yes,yes,no,no,Yves Leterme,Di Rupo,no,,,no,no,yes,no,no,yes,"EU, NATO",no,no,no,no,2010-06-13,SRC_NELDA
220-1945-1021-A1,FRA,France,1945,Constituent Assembly,yes,no,yes,yes,yes,,no,no,no,yes,no,no,no,no,no,no,no,yes,yes,yes,,,,no,no,,no,,no,,,,no,no,,,,,no,,,,De Gaulle,De Gaulle,no,,,no,no,yes,no,no,yes,"US, UK",no,no,no,no,1945-10-21,SRC_NELDA
220-1946-0602-A1,FRA,France,1946,Constituent Assembly,no,no,yes,yes,yes,,no,no,no,yes,no,no,no,no,no,no,no,yes,yes,yes,,,,yes,no,,yes,,no,,,no,no,no,,,,,yes,yes,no,no,Gouin,Bidault,no,,,no,no,yes,no,no,yes,"UK, USA",no,no,no,no,1946-06-02,SRC_NELDA
220-1946-1110-L1,FRA,France,1946,Legislative/Parliamentary,yes,no,yes,yes,yes,,no,no,no,yes,no,no,no,no,no,no,no,yes,yes,yes,,,,yes,no,,yes,,no,,,no,no,no,,,,,yes,yes,no,no,Bidault,Blum,no,,,no,no,yes,no,no,yes,"UK, US",no,no,no,no,1946-11-10,SRC_NELDA
220-1951-0617-L1,FRA,France,1951,Legislative/Parliamentary,no,no,yes,yes,yes,no,no,no,no,no,no,no,no,no,no,no,yes,no,yes,yes,,,,no,no,,yes,,no,,,no,no,no,,,,,yes,yes,no,no,Queuille,Pleven,no,,,no,no,yes,no,no,yes,"UK, US, NATO",no,no,no,no,1951-06-17,SRC_NELDA
220-1956-0102-L1,FRA,France,1956,Legislative/Parliamentary,no,no,yes,yes,yes,yes,no,no,no,no,no,no,no,no,no,no,yes,no,no,yes,,,,yes,no,,yes,,no,,,no,no,,,,,,yes,yes,no,no,Faure,Mollet,no,,,no,no,yes,no,no,yes,"US, UK, NATO",no,no,no,no,1956-01-02,SRC_NELDA
220-1958-1123-L1,FRA,France,1958,Legislative/Parliamentary,no,no,yes,yes,yes,,no,no,no,no,no,no,no,no,no,no,yes,no,no,yes,,,,yes,no,,no,,no,,,,no,no,,,,,no,,,,De Gaulle,De Gaulle,no,,,no,no,yes,no,no,yes,"UK, US, NATO",no,no,no,no,1958-11-23,SRC_NELDA
220-1958-1123-L2,FRA,France,1958,Legislative/Parliamentary,no,no,yes,yes,yes,,no,no,no,no,no,no,no,no,no,no,yes,no,no,yes,,,,yes,no,,no,,no,,,,no,no,,,,,no,,,,De Gaulle,De Gaulle,no,,,no,no,yes,no,no,yes,"UK, US, NATO",no,no,no,no,1958-11-30,SRC_NELDA
220-1962-1118-L1,FRA,France,1962,Legislative/Parliamentary,no,no,yes,yes,yes,yes,,,,no,no,yes,no,no,no,no,yes,no,no,no,,,,no,yes,yes,yes,,no,,,,no,no,,,,,,,,,de Gaulle,de Gaulle,no,,,no,no,yes,no,no,yes,European Communities,no,no,no,no,1962-11-18,SRC_NELDA
220-1962-1118-L2,FRA,France,1962,Legislative/Parliamentary,no,no,yes,yes,yes,yes,,,,no,no,yes,no,no,no,no,yes,no,no,no,,,,no,yes,yes,yes,,no,,,,no,no,,,,,,,,,de Gaulle,de Gaulle,no,,,no,no,yes,no,no,yes,European Communities,no,no,no,no,1962-11-25,SRC_NELDA
220-1965-1205-P1,FRA,France,1965,Executive,no,no,yes,yes,yes,yes,no,no,no,no,no,yes,no,no,no,no,yes,no,no,yes,yes,,,,yes,yes,,,no,,,no,no,,,,,,no,,,,de Gaulle,de Gaulle,no,,,no,no,no,no,no,yes,European Communities,no,no,no,no,1965-12-05,SRC_NELDA
220-1965-1205-P2,FRA,France,1965,Executive,no,no,yes,yes,yes,yes,no,no,no,no,no,yes,no,no,no,no,yes,no,no,yes,yes,,,no,yes,yes,no,,no,,,,no,no,,,,,no,,,,de Gaulle,de Gaulle,no,,,no,no,no,no,no,yes,European Communities,no,no,no,no,1965-12-19,SRC_NELDA
220-1967-0305-L1,FRA,France,1967,Legislative/Parliamentary,no,no,yes,yes,yes,no,,,,no,no,no,no,no,no,no,yes,no,no,no,,,,,yes,no,,,no,,,no,no,,,,,,,,,,de Gaulle,de Gaulle,no,,,no,no,no,no,no,yes,European Communities,no,no,no,no,1967-03-05,SRC_NELDA
220-1967-0305-L2,FRA,France,1967,Legislative/Parliamentary,no,no,yes,yes,yes,no,,,,no,no,no,no,no,no,no,yes,no,no,no,,,,no,yes,no,yes,,no,,,no,no,,,,,,,,,,de Gaulle,de Gaulle,no,,,no,no,no,no,no,yes,European Communities,no,no,no,no,1967-03-12,SRC_NELDA
220-1968-0623-L1,FRA,France,1968,Legislative/Parliamentary,no,no,yes,yes,yes,yes,,,,no,no,no,no,no,no,no,yes,no,no,no,,,,no,yes,yes,no,,no,,,,no,no,,,,,,,,,de Gaulle,de Gaulle,no,,,no,no,no,no,no,yes,European Communities,no,no,no,no,1968-06-23,SRC_NELDA
220-1968-0623-L2,FRA,France,1968,Legislative/Parliamentary,no,no,yes,yes,yes,yes,,,,no,no,no,no,no,no,no,yes,no,no,no,,,,no,yes,yes,no,,no,,,,no,no,,,,,,,,,de Gaulle,de Gaulle,no,,,no,no,no,no,no,yes,European Communities,no,no,no,no,1968-06-30,SRC_NELDA
220-1969-0601-P1,FRA,France,1969,Executive,no,no,yes,yes,yes,yes,no,no,no,no,no,no,no,no,no,no,yes,no,no,yes,yes,,,,yes,no,,,no,,,no,no,,,,,,no,,,,Poher,Poher,no,,,no,no,no,no,no,yes,European Communities,no,no,no,no,1969-06-01,SRC_NELDA
220-1969-0601-P2,FRA,France,1969,Executive,no,no,yes,yes,yes,yes,no,no,no,no,no,no,no,no,no,no,yes,no,no,yes,yes,,,yes,yes,no,yes,,no,,,no,no,,,,,,yes,yes,no,no,Poher,Pompidou,no,,,no,no,no,no,no,yes,European Communities,no,no,no,no,1969-06-15,SRC_NELDA
220-1973-0304-L1,FRA,France,1973,Legislative/Parliamentary,no,no,yes,yes,yes,no,,,,no,no,yes,no,no,no,no,yes,no,no,no,,,,,yes,yes,,,no,,,,no,no,,,,,,,,,Pompidou,Pompidou,no,,,no,no,yes,no,no,yes,European Communities,no,no,no,no,1973-03-04,SRC_NELDA
220-1973-0304-L2,FRA,France,1973,Legislative/Parliamentary,no,no,yes,yes,yes,no,,,,no,no,yes,no,no,no,no,yes,no,no,no,,,,no,yes,yes,yes,,no,,,,no,no,,,,,,,,,Pompidou,Pompidou,no,,,no,no,yes,no,no,yes,European Communities,no,no,no,no,1973-03-11,SRC_NELDA
220-1974-0505-P1,FRA,France,1974,Executive,no,no,yes,yes,yes,yes,yes,no,no,no,no,no,no,no,no,no,no,yes,no,yes,no,no,,,yes,no,,,no,,,no,no,,,,,,no,,,,Poher,Poher,no,,,no,no,yes,no,no,yes,European Communities,no,no,no,no,1974-05-05,SRC_NELDA
220-1974-0505-P2,FRA,France,1974,Executive,no,no,yes,yes,yes,yes,yes,no,no,no,no,no,no,no,no,no,no,yes,no,yes,no,no,,yes,yes,no,yes,,no,,,no,no,,,,,,yes,yes,no,no,Poher,Giscard D'Estaing,no,,,no,no,yes,no,no,yes,European Communities,no,no,no,no,1974-05-19,SRC_NELDA
220-1978-0312-L1,FRA,France,1978,Legislative/Parliamentary,no,no,yes,yes,yes,no,,,,no,no,no,no,no,no,no,no,yes,no,no,,,,,yes,no,,,no,,,,no,no,,,,,,,,,Giscard d'Estaing,Giscard d'Estaing,no,,,no,no,yes,no,no,yes,European Communities,no,no,no,no,1978-03-12,SRC_NELDA
220-1978-0312-L2,FRA,France,1978,Legislative/Parliamentary,no,no,yes,yes,yes,no,,,,no,no,no,no,no,no,no,no,yes,no,no,,,,no,yes,no,yes,,no,,,,no,no,,,,,,,,,Giscard d'Estaing,Giscard d'Estaing,no,,,no,no,yes,no,no,yes,European Communities,no,no,no,no,1978-03-19,SRC_NELDA
220-1981-0426-P1,FRA,France,1981,Executive,no,no,yes,yes,yes,no,no,no,no,no,no,no,no,no,no,no,no,yes,no,yes,yes,,,,yes,yes,,,no,,,,no,no,,,,,no,,,,Giscard d'Estaing,Giscard d'Estaing,no,,,no,no,yes,no,no,yes,European Communities,no,no,no,no,1981-04-26,SRC_NELDA
220-1981-0426-P2,FRA,France,1981,Executive,no,no,yes,yes,yes,no,no,no,no,no,no,no,no,no,no,no,no,yes,no,yes,yes,,,yes,yes,no,yes,,no,,,no,no,,,,,,yes,yes,no,no,Giscard d'Estaing,Mitterand,no,,,no,no,yes,no,no,yes,European Communities,no,no,no,no,1981-05-10,SRC_NELDA
220-1981-0614-L1,FRA,France,1981,Legislative/Parliamentary,no,no,yes,yes,yes,yes,,,,no,no,yes,no,no,no,no,no,yes,no,no,,,,no,yes,yes,yes,,no,,,,no,no,,,,,,,,,Mitterand,Mitterand,no,,,no,no,yes,no,no,yes,European Communities,no,no,no,no,1981-06-14,SRC_NELDA
220-1981-0614-L2,FRA,France,1981,Legislative/Parliamentary,no,no,yes,yes,yes,yes,,,,no,no,yes,no,no,no,no,no,yes,no,no,,,,no,yes,yes,yes,,no,,,,no,no,,,,,,,,,Mitterand,Mitterand,no,,,no,no,yes,no,no,yes,European Communities,no,no,no,no,1981-06-21,SRC_NELDA
220-1986-0316-L1,FRA,France,1986,Legislative/Parliamentary,no,no,yes,yes,yes,no,,,,no,no,no,no,no,no,no,no,no,no,no,,,,no,yes,no,yes,,no,,,no,no,,,,,,,,,,Mitterand,Mitterand,no,,,no,no,yes,no,no,yes,European Communities,no,no,no,no,1986-03-16,SRC_NELDA
220-1988-0424-P1,FRA,France,1988,Executive,no,no,yes,yes,yes,no,no,no,no,no,no,yes,no,no,no,no,yes,no,no,yes,yes,,,no,yes,yes,no,,no,,,,no,no,,,,,no,,,,Mitterand,Mitterand,no,,,no,no,yes,no,no,yes,European Communities,no,no,no,no,1988-04-24,SRC_NELDA
220-1988-0424-P2,FRA,France,1988,Executive,no,no,yes,yes,yes,no,no,no,no,no,no,yes,no,no,no,no,yes,no,no,yes,yes,,,no,yes,yes,no,,no,,,,no,no,,,,,no,,,,Mitterand,Mitterand,no,,,no,no,yes,no,no,yes,European Communities,no,no,no,no,1988-05-08,SRC_NELDA
220-1988-0605-L1,FRA,France,1988,Legislative/Parliamentary,no,no,yes,yes,yes,yes,,,,no,no,yes,no,no,no,no,yes,no,no,no,,,,,yes,yes,,,no,,,,no,no,,,,,,,,,Mitterand,Mitterand,no,,,no,no,yes,no,no,yes,European Communities,no,no,no,no,1988-06-05,SRC_NELDA
220-1988-0605-L2,FRA,France,1988,Legislative/Parliamentary,no,no,yes,yes,yes,yes,,,,no,no,yes,no,no,no,no,yes,no,no,no,,,,no,yes,yes,yes,,no,,,,no,no,,,,,,,,,Mitterand,Mitterand,no,,,no,no,yes,no,no,yes,European Communities,no,no,no,no,1988-06-12,SRC_NELDA
220-1993-0321-L1,FRA,France,1993,Legislative/Parliamentary,no,no,yes,yes,yes,no,,,,no,no,no,no,no,no,no,yes,no,no,no,,,,yes,yes,no,yes,,no,,,no,no,,,,,,,,,,Mitterand,Mitterand,no,,,no,no,yes,no,no,yes,European Union,no,no,no,no,1993-03-21,SRC_NELDA
220-1993-0321-L2,FRA,France,1993,Legislative/Parliamentary,no,no,yes,yes,yes,no,,,,no,no,no,no,no,no,no,yes,no,no,no,,,,yes,yes,no,yes,,no,,,no,no,,,,,,,,,,Mitterand,Mitterand,no,,,no,no,yes,no,no,yes,European Union,no,no,no,no,1993-03-28,SRC_NELDA
220-1995-0423-P1,FRA,France,1995,Executive,no,no,yes,yes,yes,no,yes,no,no,no,no,no,no,no,no,no,no,no,no,yes,no,yes,no,,yes,no,,,no,,,,no,no,,,,,no,,,,Mitterand,Mitterand,no,,,no,no,yes,no,no,yes,European Union,no,no,no,no,1995-04-23,SRC_NELDA
220-1995-0423-P2,FRA,France,1995,Executive,no,no,yes,yes,yes,no,yes,no,no,no,no,no,no,no,no,no,no,no,no,yes,no,yes,no,yes,yes,no,yes,,no,,,,no,no,,,,,yes,yes,no,no,Mitterand,Chirac,no,,,no,no,yes,no,no,yes,European Union,no,no,no,no,1995-05-07,SRC_NELDA
220-1997-0525-L1,FRA,France,1997,Legislative/Parliamentary,no,no,yes,yes,yes,yes,,,,no,no,yes,no,no,no,no,yes,no,no,no,,,,yes,yes,yes,yes,,no,,,no,no,,,,,,,,,,Chirac,Chirac,no,,,no,no,yes,no,no,yes,European Union,no,no,no,no,1997-05-25,SRC_NELDA
220-1997-0525-L2,FRA,France,1997,Legislative/Parliamentary,no,no,yes,yes,yes,yes,,,,no,no,no,no,no,no,no,yes,no,no,no,,,,yes,yes,yes,yes,,no,,,no,no,,,,,,,,,,Chirac,Chirac,no,,,no,,yes,no,no,yes,European Union,no,no,no,no,1997-06-01,SRC_NELDA
220-2002-0421-P1,FRA,France,2002,Executive,no,no,yes,yes,yes,no,no,no,no,no,no,no,no,no,no,no,no,no,no,yes,yes,,,,yes,yes,,,no,,,no,no,,,,,,no,,,,Chirac,Chirac,no,,,no,no,yes,no,no,yes,European Union,no,no,no,no,2002-04-21,SRC_NELDA
220-2002-0421-P2,FRA,France,2002,Executive,no,no,yes,yes,yes,no,no,no,no,no,no,yes,no,no,no,no,no,no,no,yes,yes,,,no,yes,yes,no,,no,,,,no,no,,,,,no,,,,Chirac,Chirac,no,,,no,no,yes,no,no,yes,European Union,no,no,no,no,2002-05-05,SRC_NELDA
220-2002-0609-L1,FRA,France,2002,Legislative/Parliamentary,no,no,yes,yes,yes,no,,,,no,no,no,no,no,no,no,no,no,no,no,,,,no,yes,yes,yes,,no,,,,no,no,,,,,,,,,Chirac,Chirac,no,,,no,no,yes,no,no,yes,European Union,no,no,no,no,2002-06-09,SRC_NELDA
220-2002-0609-L2,FRA,France,2002,Legislative/Parliamentary,no,no,yes,yes,yes,no,,,,no,no,no,no,no,no,no,no,no,no,no,,,,no,yes,yes,yes,,no,,,,no,no,,,,,,,,,Chirac,Chirac,no,,,no,no,yes,no,no,yes,European Union,no,no,no,no,2002-06-16,SRC_NELDA
220-2007-0422-P1,FRA,France,2007,Executive,no,no,yes,yes,yes,no,yes,no,no,no,no,no,no,no,no,no,yes,no,no,yes,no,yes,yes,no,yes,yes,yes,,no,,,,no,no,,,,,no,,,,Chirac,Chirac,yes,yes,no,no,no,yes,no,no,yes,"EU, US",no,no,no,no,2007-04-22,SRC_NELDA
220-2007-0422-P2,FRA,France,2007,Executive,no,no,yes,yes,yes,no,yes,no,no,no,no,no,no,no,no,no,yes,no,no,yes,no,yes,yes,no,yes,yes,no,,yes,no,yes,,no,no,,,,,yes,yes,no,no,Chirac,Sarkozy,yes,yes,no,no,no,yes,no,no,yes,"EU, US",no,no,no,no,2007-05-06,SRC_NELDA
220-2007-0610-L1,FRA,France,2007,Legislative/Parliamentary,no,no,yes,yes,yes,no,,,,no,no,no,no,no,no,no,yes,no,no,no,,,,no,yes,yes,no,,no,,,,no,no,,,,,,,,,Sarkozy,Sarkozy,no,,,no,no,yes,no,no,yes,"EU, US",no,no,no,no,2007-06-10,SRC_NELDA
220-2007-0610-L2,FRA,France,2007,Legislative/Parliamentary,no,no,yes,yes,yes,no,,,,no,no,yes,no,no,no,no,yes,no,no,no,,,,no,yes,yes,yes,,no,,,,no,no,,,,,,,,,Sarkozy,Sarkozy,no,,,no,no,yes,no,no,yes,"EU, US",no,no,no,no,2007-06-17,SRC_NELDA
225-1947-1027-L1,CHE,Switzerland,1947,Legislative/Parliamentary,no,no,yes,yes,yes,no,no,no,no,no,no,yes,no,no,no,no,yes,no,no,yes,yes,,,no,no,,yes,,no,,,,no,no,,,,,no,,,,Etter,Celio,no,,,no,no,yes,no,no,no,,,,no,no,1947-10-27,SRC_NELDA
225-1951-1028-L1,CHE,Switzerland,1951,Legislative/Parliamentary,no,no,yes,yes,yes,no,no,no,no,no,no,yes,no,no,no,no,yes,no,no,yes,yes,,,no,no,,no,,no,,,,no,no,,,,,no,,,,von Steiger,Kobelt,no,,,no,no,yes,no,no,no,,,,no,no,1951-10-28,SRC_NELDA
225-1955-1030-L1,CHE,Switzerland,1955,Legislative/Parliamentary,no,no,yes,yes,yes,no,no,no,no,no,no,yes,no,no,no,no,yes,no,no,yes,yes,,,no,no,,no,,no,,,,no,no,,,,,no,,,,Petipierre,Feldmann,no,,,no,no,yes,no,no,no,,,,no,no,1955-10-30,SRC_NELDA
225-1959-1024-L1,CHE,Switzerland,1959,Legislative/Parliamentary,no,no,yes,yes,yes,no,no,no,no,no,no,yes,no,no,no,no,yes,no,no,yes,yes,,,no,no,,yes,,no,,,,no,no,,,,,no,,,,Chaudet,Petipierre,no,,,no,no,yes,no,no,no,,,,no,no,1959-10-24,SRC_NELDA
225-1963-1027-L1,CHE,Switzerland,1963,Legislative/Parliamentary,no,no,yes,yes,yes,no,,,,no,no,no,no,no,no,no,yes,no,no,no,,,,no,no,,no,,no,,,no,no,no,,,,,,,,,Spuhler,Spuhler,no,,,no,no,yes,no,no,yes,"France, UK, UN",no,no,no,no,1963-10-27,SRC_NELDA
225-1967-1029-L1,CHE,Switzerland,1967,Legislative/Parliamentary,no,no,yes,yes,yes,no,,,,no,no,no,no,no,no,no,yes,no,no,no,,,,no,no,,yes,,no,,,no,no,no,,,,,,,,,Bonvin,Bonvin,no,,,no,no,yes,no,no,yes,"France, UK, UN",no,no,no,no,1967-10-29,SRC_NELDA
225-1971-1031-L1,CHE,Switzerland,1971,Legislative/Parliamentary,no,no,yes,yes,yes,no,,,,no,no,no,no,no,no,no,yes,no,no,no,,,,no,no,,yes,,no,,,no,no,no,,,,,,,,,Gnagi,Gnagi,no,,,no,no,yes,no,no,yes,"France, UK, UN",no,no,no,no,1971-10-31,SRC_NELDA
225-1975-1026-L1,CHE,Switzerland,1975,Legislative/Parliamentary,no,no,yes,yes,yes,no,,,,no,no,no,no,no,no,no,no,no,no,no,,,,no,no,,no,,no,,,no,no,no,,,,,,,,,Graber,Graber,no,,,no,no,yes,no,no,yes,"France, UK, UN",no,no,no,no,1975-10-26,SRC_NELDA
225-1979-1021-L1,CHE,Switzerland,1979,Legislative/Parliamentary,no,no,yes,yes,yes,no,,,,no,no,no,no,no,no,no,no,no,no,no,,,,no,no,,no,,no,,,no,no,no,,,,,,,,,Hurlimann,Hurlimann,no,,,no,no,yes,no,no,yes,"France, UK, UN",no,no,no,no,1979-10-21,SRC_NELDA
225-1983-1023-L1,CHE,Switzerland,1983,Legislative/Parliamentary,no,no,yes,yes,yes,no,,,,no,no,no,no,no,no,no,no,yes,no,no,,,,no,no,,yes,,no,,,no,no,no,,,,,,,,,Aubert,Aubert,no,,,no,no,yes,no,no,yes,"France, UK, UN",no,no,no,no,1983-10-23,SRC_NELDA
225-1987-1018-L1,CHE,Switzerland,1987,Legislative/Parliamentary,no,no,yes,yes,yes,no,,,,no,no,no,no,no,no,no,yes,no,no,no,,,,no,no,,yes,,no,,,no,no,no,,,,,,,,,Aubert,Aubert,no,,,no,no,yes,no,no,yes,"France, UK, UN",no,no,no,no,1987-10-18,SRC_NELDA
225-1991-1020-L1,CHE,Switzerland,1991,Legislative/Parliamentary,no,no,yes,yes,yes,no,,,,no,no,no,no,no,no,no,no,no,no,no,,,,no,no,,yes,,no,,,no,no,no,,,,,,,,,Cotti,Cotti,no,,,no,no,yes,no,no,yes,"France, UK, UN",no,no,no,no,1991-10-20,SRC_NELDA
225-1995-1022-L1,CHE,Switzerland,1995,Legislative/Parliamentary,no,no,yes,yes,yes,no,,,,no,no,no,no,no,no,no,no,no,no,no,,,,no,no,,no,,no,,,no,no,no,,,,,,,,,Villiger,Villiger,no,,,no,no,yes,no,no,yes,"France, UK, UN",no,no,no,no,1995-10-22,SRC_NELDA
225-1999-1024-L1,CHE,Switzerland,1999,Legislative/Parliamentary,no,no,yes,yes,yes,no,,,,no,no,no,no,no,no,no,no,no,no,no,,,,no,no,,no,,no,,,no,no,no,,,,,,,,,Dreifuss,Dreifuss,no,,,no,no,yes,no,no,yes,"France, UK, UN",no,no,no,no,1999-10-24,SRC_NELDA
225-2003-1019-L1,CHE,Switzerland,2003,Legislative/Parliamentary,no,no,yes,yes,yes,no,,,,no,no,no,no,no,no,no,no,no,no,no,,,,no,no,,no,,no,,,no,no,no,,,,,,,,,Pascal Couchepin,Pascal Couchepin,no,,,no,no,yes,no,no,yes,"France, UK, UN",no,no,no,no,2003-10-19,SRC_NELDA
225-2007-1021-L1,CHE,Switzerland,2007,Legislative/Parliamentary,no,no,yes,yes,yes,no,,,,no,no,no,no,no,no,no,yes,no,no,no,,,,no,yes,yes,yes,,no,,,,no,no,,,,,,,,,Calmy-Rey,Calmy-Rey,yes,yes,no,no,no,yes,no,no,yes,"US, EU and EEA, NATO, OSCE, UN bodies",no,no,no,no,2007-10-21,SRC_NELDA
230-1977-0615-L1,ESP,Spain,1977,Legislative/Parliamentary,yes,yes,yes,yes,yes,,no,no,no,no,no,yes,no,no,no,no,no,yes,no,yes,yes,,,no,no,,yes,no,no,,,no,no,no,,,,,no,,,,Suarez Gonzalez,Suarez Gonzalez,no,,,no,no,yes,no,yes,yes,"European Community, NATO",no,yes,no,yes,1977-06-15,SRC_NELDA
230-1979-0301-L1,ESP,Spain,1979,Legislative/Parliamentary,no,no,yes,yes,yes,no,no,no,no,no,no,no,no,no,no,no,no,yes,no,yes,yes,,,no,no,,no,no,no,,,no,no,no,,,,,no,,,,Suarez Gonzalez,Suarez Gonzalez,no,,,no,no,yes,no,no,yes,"European Community, NATO",no,no,no,no,1979-03-01,SRC_NELDA
230-1982-1028-L1,ESP,Spain,1982,Legislative/Parliamentary,no,no,yes,yes,yes,yes,no,no,no,no,no,no,no,no,no,no,no,yes,no,yes,yes,,,yes,yes,no,yes,no,no,,,no,no,no,,,,,yes,yes,no,no,Calvo-Sotelo,Gonzalez Marquez,no,,,no,no,yes,no,no,yes,"European Community, NATO",no,no,no,no,1982-10-28,SRC_NELDA
230-1986-0622-L1,ESP,Spain,1986,Legislative/Parliamentary,no,no,yes,yes,yes,yes,no,no,no,no,no,yes,no,no,no,no,yes,no,yes,yes,yes,,,no,yes,yes,yes,no,no,,,no,no,no,,,,,no,,,,Gonzalez Marquez,Gonzalez Marquez,no,,,no,no,yes,no,no,yes,"European Community, NATO",no,no,no,no,1986-06-22,SRC_NELDA
230-1989-1029-L1,ESP,Spain,1989,Legislative/Parliamentary,no,no,yes,yes,yes,yes,no,no,no,no,no,no,no,no,no,no,yes,no,yes,yes,yes,,,no,no,,yes,no,no,,,no,no,no,,,,,no,,,,Gonzalez Marquez,Gonzalez Marquez,no,,,no,no,yes,no,no,yes,"European Community, NATO",no,no,no,no,1989-10-29,SRC_NELDA
230-1993-0606-L1,ESP,Spain,1993,Legislative/Parliamentary,no,no,yes,yes,yes,yes,no,no,no,no,no,no,no,no,no,no,no,no,yes,yes,yes,,,no,yes,no,yes,no,no,,,no,no,no,,,,,no,,,,Gonzalez Marquez,Gonzalez Marquez,no,,,no,no,yes,no,no,yes,"European Community, NATO",no,no,no,no,1993-06-06,SRC_NELDA
230-1996-0303-L1,ESP,Spain,1996,Legislative/Parliamentary,no,no,yes,yes,yes,yes,no,no,no,no,no,no,no,no,no,no,no,no,yes,yes,yes,,,yes,yes,no,yes,no,no,,,no,no,no,,,,,yes,yes,no,no,Gonzalez Marquez,Aznar,no,,,no,no,yes,no,no,yes,"European Union, NATO",no,no,no,no,1996-03-03,SRC_NELDA
230-2000-0312-L1,ESP,Spain,2000,Legislative/Parliamentary,no,no,yes,yes,yes,no,no,no,no,no,no,yes,no,no,no,no,yes,no,yes,yes,yes,,,no,yes,yes,no,no,no,,,no,yes,no,,,,,no,,,,Aznar,Aznar,no,,,no,no,yes,no,no,yes,"EU, NATO",no,no,no,no,2000-03-12,SRC_NELDA
230-2004-0314-L1,ESP,Spain,2004,Legislative/Parliamentary,no,no,yes,yes,yes,no,yes,no,no,no,no,no,no,no,no,no,yes,no,no,yes,no,yes,no,yes,yes,yes,yes,no,no,,,no,yes,no,,,,,yes,yes,no,no,Aznar,Rodriguez Zapatero,no,,,no,no,yes,no,no,yes,"EU, NATO",no,no,no,no,2004-03-14,SRC_NELDA
230-2008-0309-L1,ESP,Spain,2008,Legislative/Parliamentary,no,no,yes,yes,yes,yes,no,no,no,no,no,no,yes,no,no,no,no,no,no,yes,yes,,,no,yes,yes,no,,no,,,,yes,no,,,,,no,,,,Rodriguez Zapatero,Rodriguez Zapatero,yes,yes,no,no,no,no,no,no,yes,"EU, NATO, OECD",no,no,no,no,2008-03-09,SRC_NELDA
235-1945-1118-L1,PRT,Portugal,1945,Legislative/Parliamentary,yes,no,yes,yes,no,,,,,no,yes,yes,yes,yes,yes,yes,no,no,no,no,,,,no,no,,no,yes,no,,,,no,no,,,,,no,,,,Salazar,Salazar,no,,,no,no,yes,no,no,yes,UK,no,no,no,no,1945-11-18,SRC_NELDA
235-1949-0213-P1,PRT,Portugal,1949,Executive,yes,no,no,no,yes,,no,no,no,no,yes,yes,,,,yes,no,no,yes,yes,,,,no,no,,no,yes,no,,,,no,no,,,,,no,,,,Salazar,Salazar,no,,,no,no,yes,no,no,yes,UK,no,no,no,no,1949-02-13,SRC_NELDA
235-1949-1113-L1,PRT,Portugal,1949,Legislative/Parliamentary,no,no,no,no,yes,no,,,,no,yes,yes,,,,yes,no,no,yes,no,,,,no,no,,no,yes,no,,,,no,no,,,,,no,,,,Salazar,Salazar,no,,,no,no,yes,no,no,yes,"NATO, UK",no,no,no,no,1949-11-13,SRC_NELDA
235-1951-0722-P1,PRT,Portugal,1951,Executive,no,no,no,no,no,yes,no,no,no,no,yes,yes,,,,yes,no,no,yes,yes,,,,no,no,,no,yes,no,,,,no,no,,,,,no,,,,Salazar,Salazar,no,,,no,no,yes,no,no,yes,"NATO, UK",no,no,no,no,1951-07-22,SRC_NELDA
235-1953-1108-L1,PRT,Portugal,1953,Legislative/Parliamentary,no,no,no,no,yes,no,no,,,no,yes,yes,,,,yes,no,no,no,no,,,,no,no,,no,yes,no,,,,no,no,,,,,no,,,,Salazar,Salazar,no,,,no,no,yes,no,no,yes,"NATO, UK",no,no,no,no,1953-11-08,SRC_NELDA
235-1957-1108-L1,PRT,Portugal,1957,Legislative/Parliamentary,no,no,no,no,no,no,,,,no,yes,yes,,,,yes,no,no,no,no,,,,no,no,,no,yes,no,,,,no,no,,,,,no,,,,Salazar,Salazar,no,,,no,no,yes,no,no,yes,"NATO, UK",no,no,no,no,1957-11-08,SRC_NELDA
235-1958-0608-P1,PRT,Portugal,1958,Executive,no,no,no,no,yes,no,no,no,no,no,yes,yes,,,,yes,no,no,no,yes,,,,no,no,,no,yes,yes,yes,yes,,yes,no,,,,,no,,,,Salazar,Salazar,no,,,no,no,yes,yes,no,yes,"NATO, OECD",no,no,no,no,1958-06-08,SRC_NELDA
235-1961-1112-L1,PRT,Portugal,1961,Legislative/Parliamentary,no,no,no,no,no,no,no,no,no,no,yes,yes,,,,yes,yes,no,no,no,,,,,no,,no,yes,yes,yes,no,,no,no,,,,,,,,,Salazar,Salazar,no,,,no,no,yes,no,no,yes,US,no,no,no,no,1961-11-12,SRC_NELDA
235-1965-1107-L1,PRT,Portugal,1965,Legislative/Parliamentary,no,no,yes,no,no,no,no,no,no,no,yes,yes,yes,yes,yes,yes,yes,no,no,no,,,,,no,,no,yes,no,,,,no,no,,,,,,,,,Salazar,Salazar,no,,,no,no,yes,no,no,yes,US,no,no,no,no,1965-11-07,SRC_NELDA
235-1969-1026-L1,PRT,Portugal,1969,Legislative/Parliamentary,no,no,yes,no,yes,no,no,no,no,no,yes,yes,yes,yes,yes,yes,yes,no,no,no,,,,,no,,no,yes,no,,,,no,no,,,,,,,,,Caetano,Caetano,no,,,yes,no,yes,no,no,no,,,,no,no,1969-10-26,SRC_NELDA
235-1973-1028-L1,PRT,Portugal,1973,Legislative/Parliamentary,no,no,yes,no,no,no,no,no,no,no,yes,yes,yes,yes,yes,yes,yes,no,no,no,,,,,no,,no,yes,no,,,,no,no,,,,,,,,,Caetano,Caetano,no,,,no,no,yes,no,no,yes,US,no,no,no,no,1973-10-28,SRC_NELDA
235-1975-0425-A1,PRT,Portugal,1975,Constituent Assembly,yes,no,yes,yes,yes,,no,no,no,no,yes,yes,yes,no,yes,yes,no,no,no,no,,,,,no,,yes,yes,yes,no,no,,no,no,,,,,,,,,Costa Gomes,Costa Gomes,no,,,no,no,no,no,yes,yes,NATO,no,yes,no,no,1975-04-25,SRC_NELDA
235-1976-0425-L1,PRT,Portugal,1976,Legislative/Parliamentary,yes,no,yes,yes,yes,,no,no,no,no,yes,yes,no,no,no,no,no,no,no,no,,,,,no,,yes,,no,,,no,yes,,,,,,,,,,Costa Gomes,Costa Gomes,no,,,no,no,yes,no,yes,yes,NATO,no,yes,no,no,1976-04-25,SRC_NELDA
235-1976-0627-P1,PRT,Portugal,1976,Executive,yes,no,yes,yes,yes,,yes,no,no,no,no,no,no,no,no,no,no,no,no,yes,no,no,,,yes,no,yes,,no,,,no,no,,,,,,yes,yes,no,no,Costa Gomes,Costa Gomes,no,,,no,no,yes,no,yes,yes,World Bank,no,yes,no,no,1976-06-27,SRC_NELDA
235-1979-1202-L1,PRT,Portugal,1979,Legislative/Parliamentary,no,no,yes,yes,yes,yes,no,no,no,no,no,no,no,no,no,no,no,no,no,no,,,,,yes,no,yes,,no,,,no,no,,,,,,,,,,Eanes,Eanes,no,,,no,no,yes,no,no,yes,NATO,no,no,no,no,1979-12-02,SRC_NELDA
235-1980-1005-L1,PRT,Portugal,1980,Legislative/Parliamentary,no,no,yes,yes,yes,no,,no,no,no,no,no,no,no,no,no,no,no,no,no,,,,,yes,no,yes,,no,,,no,,,,,,,,,,,Eanes,Eanes,no,,,no,no,yes,no,no,yes,NATO,no,no,no,no,1980-10-05,SRC_NELDA
235-1980-1207-P1,PRT,Portugal,1980,Executive,no,no,yes,yes,yes,no,no,no,no,no,no,yes,no,no,no,no,no,no,no,yes,yes,,,,yes,yes,no,,no,,,,no,no,,,,,no,,,,Eanes,Eanes,no,,,no,no,yes,no,no,yes,NATO,no,no,no,no,1980-12-07,SRC_NELDA
235-1983-0425-L1,PRT,Portugal,1983,Legislative/Parliamentary,no,no,yes,yes,yes,yes,,no,no,no,no,yes,no,no,no,no,no,no,no,no,,,,,yes,yes,no,,no,,,,no,no,,,,,,,,,Eanes,Eanes,no,,,no,no,yes,no,no,yes,IMF,no,no,no,no,1983-04-25,SRC_NELDA
235-1985-1006-L1,PRT,Portugal,1985,Legislative/Parliamentary,no,no,yes,yes,yes,yes,,no,no,no,no,no,no,no,no,no,no,no,no,no,,,,,yes,no,yes,,no,,,,no,no,,,,,,,,,Eanes,Eanes,no,,,no,no,yes,no,no,yes,EC,no,no,no,no,1985-10-06,SRC_NELDA
235-1986-0126-P1,PRT,Portugal,1986,Executive,no,no,yes,yes,yes,no,yes,yes,no,no,no,no,no,no,no,no,no,no,no,yes,no,yes,no,yes,yes,no,yes,,no,,,no,no,,,,,,no,,,,Eanes,Eanes,no,,,no,no,yes,no,no,yes,EC,no,no,no,no,1986-01-26,SRC_NELDA
235-1986-0126-P2,PRT,Portugal,1986,Executive,no,no,yes,yes,yes,no,yes,yes,no,no,no,no,no,no,no,no,no,no,no,yes,no,yes,no,yes,unclear,no,yes,,no,,,no,no,,,,,,yes,yes,no,no,Eanes,Soares,no,,,no,no,yes,no,no,yes,EC,no,no,no,no,1986-02-16,SRC_NELDA
235-1987-0719-L1,PRT,Portugal,1987,Legislative/Parliamentary,no,no,yes,yes,yes,yes,,no,no,no,no,yes,no,no,no,no,yes,no,no,no,,,,,yes,yes,no,,no,,,,no,no,,,,,,,,,Soares,Soares,no,,,no,no,yes,no,no,yes,EC,no,no,no,no,1987-07-19,SRC_NELDA
235-1991-0113-P1,PRT,Portugal,1991,Executive,no,no,yes,yes,yes,no,no,no,no,no,no,yes,no,no,no,no,yes,no,no,yes,yes,,,,yes,yes,no,,no,,,,no,no,,,,,no,,,,Soares,Soares,no,,,no,no,yes,no,no,yes,EC,no,no,no,no,1991-01-13,SRC_NELDA
235-1991-1006-L1,PRT,Portugal,1991,Legislative/Parliamentary,no,no,yes,yes,yes,no,,no,no,no,no,yes,no,no,no,no,yes,no,no,no,,,,,yes,yes,yes,,no,,,,no,no,,,,,no,,,,Soares,Soares,no,,,no,no,yes,no,no,yes,EC,no,no,no,no,1991-10-06,SRC_NELDA
235-1995-1001-L1,PRT,Portugal,1995,Legislative/Parliamentary,no,no,yes,yes,yes,no,,no,no,no,no,no,no,no,no,no,yes,no,yes,no,,,,,yes,no,yes,,no,,,no,no,,,,,,,,,,Soares,Soares,no,,,no,no,yes,no,no,yes,EU,no,no,no,no,1995-10-01,SRC_NELDA
235-1996-0114-P1,PRT,Portugal,1996,Executive,no,no,yes,yes,yes,no,yes,yes,no,no,no,yes,no,no,no,no,yes,no,yes,yes,no,yes,yes,no,yes,yes,no,,no,,,,no,no,,,,,yes,yes,no,no,Soares,Sampaio,no,,,no,no,yes,no,no,yes,EU,no,no,no,no,1996-01-14,SRC_NELDA
235-2001-0114-P1,PRT,Portugal,2001,Executive,no,no,yes,yes,yes,no,no,no,no,no,no,yes,no,no,no,no,yes,no,no,yes,yes,,,,yes,yes,no,,no,,,,no,no,,,,,no,,,,Sampaio,Sampaio,no,,,no,no,yes,no,no,yes,EU,no,no,no,no,2001-01-14,SRC_NELDA
235-2002-0317-L1,PRT,Portugal,2002,Legislative/Parliamentary,no,no,yes,yes,yes,yes,,no,no,no,no,no,no,no,no,no,no,no,no,no,,,,,yes,no,yes,,,,,no,no,,,,,,,,,,Sampaio,Sampaio,no,,,no,no,yes,no,no,yes,EU,no,no,no,no,2002-03-17,SRC_NELDA
235-2005-0220-L1,PRT,Portugal,2005,Legislative/Parliamentary,no,no,yes,yes,yes,yes,,no,no,no,no,no,no,no,no,no,no,no,no,no,,,,,yes,no,yes,,no,,,no,no,,,,,,,,,,Sampaio,Sampaio,no,,,no,no,yes,yes,no,yes,EU,no,no,no,no,2005-02-20,SRC_NELDA
235-2006-0122-P1,PRT,Portugal,2006,Executive,no,no,yes,yes,yes,no,yes,yes,no,no,no,no,no,no,no,no,no,no,no,yes,no,yes,no,yes,yes,no,yes,,no,,,no,no,,,,,,yes,yes,no,no,Sampaio,Silva,no,,,no,no,yes,no,no,yes,EU,no,no,no,no,2006-01-22,SRC_NELDA
235-2009-0927-L1,PRT,Portugal,2009,Legislative/Parliamentary,no,no,yes,yes,yes,no,no,no,no,no,no,no,no,no,no,no,no,yes,no,no,,,,yes,yes,yes,yes,,no,,,no,no,,no,no,,,,,,,Silva,Silva,yes,yes,no,no,no,yes,no,no,yes,"EU, US",no,no,no,no,2009-09-27,SRC_NELDA
260-1953-0906-L1,DEU,German Federal Republic,1953,Legislative/Parliamentary,no,no,yes,yes,yes,no,no,no,no,no,no,no,no,no,no,no,yes,no,no,yes,,,,no,no,,no,,no,,,no,no,no,,,,,no,,,,Adenauer,Adenauer,no,,,no,no,yes,no,no,yes,"France, UK",no,no,no,no,1953-09-06,SRC_NELDA
260-1957-0915-L1,DEU,German Federal Republic,1957,Legislative/Parliamentary,no,no,yes,yes,yes,no,no,no,no,no,no,no,no,no,no,no,yes,no,no,yes,,,,no,no,,no,,no,,,no,no,no,,,,,no,,,,Adenauer,Adenauer,no,,,no,no,yes,no,no,yes,"NATO, France, UK",no,no,no,no,1957-09-15,SRC_NELDA
260-1961-0917-L1,DEU,German Federal Republic,1961,Legislative/Parliamentary,no,no,yes,yes,yes,no,no,no,no,no,no,no,no,no,no,no,no,no,no,yes,yes,,,no,no,,yes,,no,,,no,no,no,,,,,no,,,,Adenauer,Adenauer,no,,,no,no,yes,no,no,yes,"Britain, Austria",no,no,no,no,1961-09-17,SRC_NELDA
260-1965-0919-L1,DEU,German Federal Republic,1965,Legislative/Parliamentary,no,no,yes,yes,yes,no,no,no,no,no,no,no,no,no,no,no,no,no,no,yes,yes,,,no,no,,yes,,no,,,no,no,no,,,,,no,,,,Erhard,Erhard,no,,,no,no,yes,no,no,yes,"Britain, Austria",no,no,no,no,1965-09-19,SRC_NELDA
260-1969-0928-L1,DEU,German Federal Republic,1969,Legislative/Parliamentary,no,no,yes,yes,yes,no,no,no,no,no,no,no,no,no,no,no,no,no,no,yes,yes,,,yes,no,,yes,,no,,,no,no,no,,,,,yes,yes,no,no,Kiesinger,Brandt,no,,,no,no,yes,no,no,yes,"Britain, Austria",no,no,no,no,1969-09-28,SRC_NELDA
260-1972-1119-L1,DEU,German Federal Republic,1972,Legislative/Parliamentary,no,no,yes,yes,yes,yes,no,no,no,no,no,no,no,no,no,no,no,no,no,yes,yes,,,no,no,,no,,no,,,no,no,no,,,,,no,,,,Brandt,Brandt,no,,,no,no,yes,no,no,yes,"Britain, Austria",no,no,no,no,1972-11-19,SRC_NELDA
260-1976-1003-L1,DEU,German Federal Republic,1976,Legislative/Parliamentary,no,no,yes,yes,yes,no,no,no,no,no,no,no,no,no,no,no,yes,no,no,yes,yes,,,no,no,,yes,,no,,,no,no,no,,,,,no,,,,Schmidt,Schmidt,no,,,no,no,yes,no,no,yes,"Britain, Austria",no,no,no,no,1976-10-03,SRC_NELDA
260-1980-1005-L1,DEU,German Federal Republic,1980,Legislative/Parliamentary,no,no,yes,yes,yes,no,no,no,no,no,no,no,no,no,no,no,yes,no,no,yes,yes,,,no,no,,no,,no,,,no,no,no,,,,,no,,,,Schmidt,Schmidt,no,,,no,no,yes,no,no,yes,"Britain, Austria",no,no,no,no,1980-10-05,SRC_NELDA
260-1983-0306-L1,DEU,German Federal Republic,1983,Legislative/Parliamentary,no,no,yes,yes,yes,yes,no,no,no,no,no,no,no,no,no,no,yes,no,no,yes,yes,,,no,no,,no,,no,,,no,no,no,,,,,no,,,,Kohl,Kohl,no,,,no,no,yes,no,no,yes,"Britain, Austria",no,no,no,no,1983-03-06,SRC_NELDA
260-1987-0125-L1,DEU,German Federal Republic,1987,Legislative/Parliamentary,no,no,yes,yes,yes,no,no,no,no,no,no,no,no,no,no,no,yes,no,no,yes,yes,,,no,no,,yes,,no,,,no,no,no,,,,,no,,,,Kohl,Kohl,no,,,no,no,yes,no,no,yes,"Britain, Austria",no,no,no,no,1987-01-25,SRC_NELDA
260-1990-1202-L1,DEU,German Federal Republic,1990,Legislative/Parliamentary,no,no,yes,yes,yes,yes,no,no,no,no,no,no,no,no,no,no,yes,no,no,yes,yes,,,no,no,,no,,no,,,no,no,no,,,,,no,,,,Kohl,Kohl,no,,,no,no,yes,no,no,yes,"Britain, Austria",no,no,no,no,1990-12-02,SRC_NELDA
260-1994-1016-L1,DEU,German Federal Republic,1994,Legislative/Parliamentary,no,no,yes,yes,yes,no,no,no,no,no,no,no,no,no,no,no,yes,no,no,yes,yes,,,no,no,,yes,,no,,,no,no,no,,,,,no,,,,Kohl,Kohl,no,,,no,no,yes,no,no,yes,"Britain, Austria",no,no,no,no,1994-10-16,SRC_NELDA
260-1998-0927-L1,DEU,German Federal Republic,1998,Legislative/Parliamentary,no,no,yes,yes,yes,no,no,no,no,no,no,no,no,no,no,no,no,no,no,yes,yes,,,yes,yes,no,yes,,no,,,no,no,no,,,,,yes,yes,no,no,Kohl,Schroder,no,,,no,no,yes,no,no,yes,"Britain, Austria",no,no,no,no,1998-09-27,SRC_NELDA
260-2002-0922-L1,DEU,German Federal Republic,2002,Legislative/Parliamentary,no,no,yes,yes,yes,no,no,no,no,no,no,no,no,no,no,no,no,no,no,yes,yes,,,no,yes,yes,yes,,no,,,no,no,no,,,,,no,,,,Schroder,Schroder,no,,,no,no,yes,no,no,yes,"Britain, Austria",no,no,no,no,2002-09-22,SRC_NELDA
260-2005-0918-L1,DEU,German Federal Republic,2005,Legislative/Parliamentary,no,no,yes,yes,yes,yes,no,no,no,no,no,no,no,no,no,no,yes,no,no,yes,yes,,,yes,yes,no,yes,,no,,,no,no,no,,,,,yes,yes,no,no,Schroder,Merkel,no,,,no,no,yes,no,no,yes,"Britain, Austria",no,no,no,no,2005-09-18,SRC_NELDA
260-2009-0927-L1,DEU,German Federal Republic,2009,Legislative/Parliamentary,no,no,yes,yes,yes,no,no,no,no,no,no,yes,no,no,no,no,no,yes,no,yes,yes,,,no,yes,yes,no,,no,,,,no,no,,,,,no,,,,Merkel,Merkel,no,,,no,no,yes,no,no,yes,"EU, NATO",no,no,no,no,2009-09-27,SRC_NELDA
265-1950-1015-L1,DDR,East Germany,1950,Legislative/Parliamentary,yes,no,no,yes,no,,,,,yes,yes,yes,,,,yes,no,yes,no,no,,,,no,no,,no,yes,no,,,,no,no,,,,,no,,,,Ulbricht,Ulbricht,no,,,yes,no,no,yes,no,no,,,,no,no,1950-10-15,SRC_NELDA
265-1954-1017-L1,DDR,East Germany,1954,Legislative/Parliamentary,no,no,no,yes,no,no,,,,no,yes,yes,,,,yes,no,yes,no,no,,,,no,no,,no,yes,no,,,,no,no,,,,,no,,,,Ulbricht,Ulbricht,no,,,yes,no,no,no,no,no,,,,no,no,1954-10-17,SRC_NELDA
265-1958-1116-L1,DDR,East Germany,1958,Legislative/Parliamentary,no,no,no,yes,no,no,,,,no,yes,yes,,,,yes,no,yes,no,no,,,,no,no,,no,yes,no,,,,no,no,,,,,no,,,,Ulbricht,Ulbricht,no,,,no,no,no,no,no,no,,,,no,no,1958-11-16,SRC_NELDA
265-1967-0702-L1,DDR,East Germany,1967,Legislative/Parliamentary,no,no,no,yes,yes,no,,,,no,no,yes,,,,no,no,no,no,no,,,,no,no,,no,no,no,,,,no,no,,,,,no,,,,Ulbricht,Ulbricht,no,,,no,no,no,no,no,no,,no,no,no,no,1967-07-02,SRC_NELDA
265-1971-1114-L1,DDR,East Germany,1971,Legislative/Parliamentary,no,no,no,yes,yes,no,,,,no,yes,yes,yes,no,no,yes,yes,no,no,no,,,,,no,,,no,no,,,no,no,no,,,,,no,,,,Honecker,Honecker,no,,,no,no,no,,,no,,,,no,no,1971-11-14,SRC_NELDA
265-1976-1017-L1,DDR,East Germany,1976,Legislative/Parliamentary,no,no,no,yes,yes,no,,,,no,yes,yes,yes,no,no,yes,yes,no,no,no,,,,,no,,,no,no,,,no,no,no,,,,,no,,,,Honecker,Honecker,no,,,no,no,no,,,no,,,,no,no,1976-10-17,SRC_NELDA
265-1981-0614-L1,DDR,East Germany,1981,Legislative/Parliamentary,no,no,no,no,no,no,,,,no,yes,yes,no,no,no,yes,yes,no,no,no,,,,,no,,no,no,no,,,,no,,,,,,,,,,Honecker,Honecker,no,,,no,no,no,,,yes,west germany,no,no,no,no,1981-06-14,SRC_NELDA
265-1986-0609-L1,DDR,East Germany,1986,Legislative/Parliamentary,no,no,no,no,no,no,,,,no,yes,yes,no,no,no,no,no,no,no,no,,,,,no,,no,no,no,,,,no,no,,,,,,,,,Honecker,Honecker,no,,,no,no,no,,,yes,west germany,no,no,no,no,1986-06-09,SRC_NELDA
265-1990-0318-L1,DDR,East Germany,1990,Legislative/Parliamentary,no,yes,yes,yes,yes,,,,,yes,no,,no,no,no,no,no,no,no,,,,,,yes,,,no,no,,,,no,,,,,,,,,,unclear,lothar de maiziere,unclear,unclear,no,no,no,unclear,no,yes,yes,west germany,no,yes,no,yes,1990-03-18,SRC_NELDA
290-1947-0119-L1,POL,Poland,1947,Legislative/Parliamentary,yes,yes,yes,yes,yes,,,,,no,yes,yes,no,no,yes,yes,no,no,no,no,,,,no,no,,yes,no,no,,,,yes,no,,,,,,,,,Bierut,Bierut,no,,,no,no,no,yes,no,no,,,,no,yes,1947-01-19,SRC_NELDA
290-1952-1026-L1,POL,Poland,1952,Legislative/Parliamentary,yes,no,no,yes,no,,,,,no,yes,yes,,,,yes,no,no,no,no,,,,no,no,,no,no,no,,,,no,no,,,,,,,,,Bierut,Bierut,no,,,no,no,no,no,no,no,,,,no,yes,1952-10-26,SRC_NELDA
290-1957-0120-L1,POL,Poland,1957,Legislative/Parliamentary,no,no,no,yes,no,yes,,,,no,yes,yes,,,,yes,no,no,no,no,,,,no,no,,,no,no,,,,no,no,,,,,,,,,Gomulka,Gomulka,no,,,no,no,no,no,no,no,nn,,,no,yes,1957-01-20,SRC_NELDA
290-1961-0415-L1,POL,Poland,1961,Legislative/Parliamentary,no,no,no,yes,yes,no,,,,no,yes,yes,,,,no,no,no,yes,no,,,,no,no,,no,yes,no,,,,no,no,,,,,no,,,,Gomulka,Gomulka,no,,,no,no,yes,no,no,yes,us,no,no,no,no,1961-04-15,SRC_NELDA
290-1965-0530-L1,POL,Poland,1965,Legislative/Parliamentary,no,no,no,yes,yes,no,,,,no,yes,yes,,,,no,no,no,yes,no,,,,no,yes,no,no,yes,no,,,,no,no,,,,,no,,,,Gomulka,Gomulka,no,,,no,no,yes,no,no,yes,italy,no,no,no,no,1965-05-30,SRC_NELDA
290-1969-0601-L1,POL,Poland,1969,Legislative/Parliamentary,no,no,no,yes,yes,no,,,,no,yes,yes,,,,no,no,no,yes,no,,,,no,yes,no,no,yes,no,,,,no,no,,,,,,,,,Gomulka,Gomulka,no,,,no,no,yes,no,no,yes,italy,no,no,no,no,1969-06-01,SRC_NELDA
290-1972-0319-L1,POL,Poland,1972,Legislative/Parliamentary,no,no,no,yes,yes,yes,,,,no,no,yes,,,,no,yes,no,no,no,,,,no,no,,no,no,no,,,,no,no,,,,,,,,,Gierek,Gierek,no,,,no,no,no,no,no,yes,"soviet union, efta",no,no,no,no,1972-03-19,SRC_NELDA
290-1976-0321-L1,POL,Poland,1976,Legislative/Parliamentary,no,no,yes,no,yes,no,,,,no,no,yes,yes,no,no,no,no,no,no,no,,,,no,no,,no,no,no,,,,no,no,,,,,no,,,,Gierek,Gierek,no,,,no,no,no,no,no,yes,"soviet union, efta",no,no,no,no,1976-03-21,SRC_NELDA
290-1980-0323-L1,POL,Poland,1980,Legislative/Parliamentary,no,no,no,yes,yes,no,,,,no,no,yes,yes,no,no,no,no,yes,yes,no,,,,,no,,no,no,no,,,no,no,no,,,,,,,,,Gierek,Gierek,no,,,no,no,no,,,no,,,,no,no,1980-03-23,SRC_NELDA
290-1985-1013-L1,POL,Poland,1985,Legislative/Parliamentary,no,no,no,yes,yes,yes,no,no,no,no,yes,yes,,,,yes,no,no,yes,yes,yes,,,no,no,,no,yes,no,,,,,no,,,,,no,,,,Jaruzelski,Jaruzelski,no,,,no,no,no,no,no,no,,,,no,no,1985-10-13,SRC_NELDA
290-1989-0604-L1,POL,Poland,1989,Legislative/Parliamentary,no,yes,yes,yes,yes,no,,,,no,no,yes,yes,no,yes,yes,no,no,yes,no,,,,,yes,no,yes,yes,no,,,no,no,,,,,,yes,no,no,no,Jaruzelski,Jaruzelski,no,,,no,no,no,,,no,,,,no,no,1989-06-04,SRC_NELDA
290-1989-0604-L2,POL,Poland,1989,Legislative/Parliamentary,no,yes,yes,yes,yes,no,,,,no,no,no,yes,no,yes,yes,no,no,yes,no,,,,yes,yes,no,yes,yes,no,,,no,no,,,,,,yes,no,no,no,Jaruzelski,Jaruzelski,no,,,no,no,no,,,no,,,,no,no,1989-06-19,SRC_NELDA
290-1990-1125-P1,POL,Poland,1990,Executive,no,yes,yes,yes,yes,,yes,no,no,yes,no,no,no,no,no,no,no,yes,yes,yes,no,yes,no,yes,yes,no,yes,,no,,,no,no,no,,,,,yes,yes,no,no,Jaruzelski,Walesa,no,,,no,no,yes,no,yes,no,,,,no,no,1990-11-25,SRC_NELDA
290-1990-1125-P2,POL,Poland,1990,Executive,no,yes,yes,yes,yes,,yes,no,no,yes,no,no,no,no,no,no,no,yes,yes,yes,no,yes,no,yes,yes,no,yes,,no,,,no,no,no,,,,,yes,yes,no,no,Jaruzelski,Walesa,no,,,no,no,yes,no,yes,no,,no,no,no,no,1990-12-09,SRC_NELDA
290-1991-1027-L1,POL,Poland,1991,Legislative/Parliamentary,no,yes,yes,yes,yes,yes,,,,no,no,no,no,no,no,no,no,yes,yes,no,,,,yes,yes,no,yes,,no,,,no,no,no,,,,,,,,,Walesa,Walesa,yes,yes,no,no,no,yes,no,unclear,yes,,no,yes,no,no,1991-10-27,SRC_NELDA
290-1993-0919-L1,POL,Poland,1993,Legislative/Parliamentary,no,no,yes,yes,yes,no,,,no,no,no,no,no,no,no,no,no,no,yes,no,,,,yes,yes,no,yes,,no,,,no,no,no,,,,,,,,,walesa,walesa,no,no,,no,no,yes,no,unclear,unclear,,,,no,no,1993-09-19,SRC_NELDA
290-1995-1105-P1,POL,Poland,1995,Executive,no,no,yes,yes,yes,no,yes,no,no,no,no,no,no,no,no,no,no,no,yes,yes,yes,,,yes,yes,no,yes,,no,,,no,no,no,,,,,yes,yes,no,no,Walesa,Kwasniewski,no,no,,no,no,yes,no,unclear,unclear,,unclear,unclear,no,no,1995-11-05,SRC_NELDA
290-1995-1105-P2,POL,Poland,1995,Executive,no,no,yes,yes,yes,no,yes,no,no,no,no,no,no,no,no,no,no,no,yes,yes,yes,,,yes,yes,no,yes,,no,,,no,no,no,,,,,yes,yes,no,no,Walesa,Kwasniewski,no,no,,no,no,yes,no,unclear,unclear,,unclear,unclear,no,no,1995-11-19,SRC_NELDA
290-1997-0921-L1,POL,Poland,1997,Legislative/Parliamentary,no,no,yes,yes,yes,no,,,no,no,no,no,no,no,no,no,yes,no,,no,,,,yes,yes,no,yes,,no,,,no,no,no,,,,,,,,,Kwasniewski,Kwasniewski,no,no,,,,yes,no,unclear,unclear,,unclear,unclear,no,no,1997-09-21,SRC_NELDA
290-2000-1008-P1,POL,Poland,2000,Executive,no,no,yes,yes,yes,no,yes,no,no,no,no,yes,no,no,no,no,yes,no,unclear,yes,yes,,,no,yes,yes,no,,no,,,no,no,no,,,,,no,,,,Kwasniewski,Kwasniewski,no,no,,,,yes,no,unclear,unclear,,unclear,unclear,no,no,2000-10-08,SRC_NELDA
290-2001-0923-L1,POL,Poland,2001,Legislative/Parliamentary,no,no,yes,yes,yes,no,,,no,no,no,no,no,no,no,no,yes,no,unclear,no,,,,no,yes,no,yes,,no,,,no,no,no,,,,,,,,,Kwasniewski,Kwasniewski,no,no,,,,yes,no,unclear,unclear,,unclear,unclear,no,no,2001-09-23,SRC_NELDA
290-2005-0925-L1,POL,Poland,2005,Legislative/Parliamentary,no,no,yes,yes,yes,no,,,,no,no,yes,no,no,no,no,yes,no,yes,no,,,,no,yes,yes,yes,no,no,,,,no,,,,,,no,,,,kwasniewski,kwasniewski,yes,yes,no,no,no,yes,no,no,yes,"eu, un",no,no,no,no,2005-09-25,SRC_NELDA
290-2005-1009-P1,POL,Poland,2005,Executive,no,no,yes,yes,yes,no,yes,yes,no,no,no,no,no,no,no,no,yes,no,yes,yes,no,yes,no,yes,yes,no,yes,no,no,,,,no,,,,,,yes,yes,no,no,kwasniewski,kaczynski,yes,yes,no,no,no,yes,no,no,yes,"eu, un",no,no,no,no,2005-10-09,SRC_NELDA
290-2005-1009-P2,POL,Poland,2005,Executive,no,no,yes,yes,yes,no,yes,yes,no,no,no,no,no,no,no,no,yes,no,yes,yes,no,yes,no,yes,yes,no,yes,no,no,,,,no,,,,,,yes,yes,no,no,kwasniewski,kaczynski,yes,yes,no,no,no,yes,no,no,yes,"eu, un",no,no,no,no,2005-10-23,SRC_NELDA
290-2007-1021-L1,POL,Poland,2007,Legislative/Parliamentary,no,no,yes,yes,yes,yes,,,,no,no,no,no,no,no,no,no,no,yes,no,,,,yes,yes,no,yes,,no,,,no,no,,,,,,,,,,Lech Kaczynski,Lech Kaczynski,yes,yes,no,no,no,yes,no,no,yes,"US, EU, UK, Germany, France",no,no,no,no,2007-10-21,SRC_NELDA
290-2010-0620-P1,POL,Poland,2010,Executive,no,no,yes,yes,yes,no,no,no,no,yes,no,no,no,no,no,no,no,yes,yes,yes,yes,,,no,yes,yes,no,,no,,,,no,no,,,,,no,,,,Bronislaw Komorowski,Bronislaw Komorowski,yes,yes,no,no,no,yes,no,no,yes,"US, EU, UK, Germany, France",no,no,no,no,2010-06-20,SRC_NELDA
290-2010-0620-P2,POL,Poland,2010,Executive,no,no,yes,yes,yes,no,no,no,no,yes,no,yes,no,no,no,no,no,yes,yes,yes,yes,,,no,yes,yes,no,,no,,,,no,no,,,,,no,,,,Bronislaw Komorowski,Bronislaw Komorowski,yes,yes,no,no,no,yes,no,no,yes,"US, EU, UK, Germany, France",no,no,no,no,2010-07-04,SRC_NELDA
305-1945-1125-L1,AUT,Austria,1945,Legislative/Parliamentary,yes,yes,yes,yes,yes,,no,no,no,yes,no,no,yes,no,no,no,no,yes,yes,yes,yes,,,yes,no,,yes,,no,,,,no,no,,,,,yes,yes,no,no,Renner,Figl,no,,,no,no,no,no,no,yes,"US, UK",no,no,no,no,1945-11-25,SRC_NELDA
305-1949-1009-L1,AUT,Austria,1949,Legislative/Parliamentary,no,no,yes,yes,yes,no,no,no,no,no,no,no,no,no,no,no,no,yes,yes,yes,yes,,,no,no,,yes,,no,,,,no,no,,,,,no,,,,Figl,Figl,no,,,no,no,no,no,no,yes,"US, UK",no,no,no,yes,1949-10-09,SRC_NELDA
305-1951-0507-P1,AUT,Austria,1951,Executive,no,yes,yes,yes,yes,,,,,no,no,no,no,no,no,no,yes,no,yes,no,,,,no,no,,,,no,,,,no,no,,,,,,,,,Figl,Figl,no,,,no,no,no,no,no,yes,"US, UK",no,no,no,yes,1951-05-07,SRC_NELDA
305-1951-0507-P2,AUT,Austria,1951,Executive,no,yes,yes,yes,yes,,,,,no,no,no,no,no,no,no,yes,no,yes,no,,,,no,no,,no,,no,,,,no,no,,,,,,,,,Figl,Figl,no,,,no,no,no,no,no,yes,"US, UK",no,no,no,yes,1951-05-27,SRC_NELDA
305-1953-0222-L1,AUT,Austria,1953,Legislative/Parliamentary,no,no,yes,yes,yes,no,no,no,no,no,no,no,no,no,no,no,yes,no,yes,yes,yes,,,no,no,,no,,no,,,,no,no,,,,,yes,no,no,no,Figl,Raab,no,,,no,no,no,no,no,yes,"US, UK",no,no,no,yes,1953-02-22,SRC_NELDA
305-1956-0513-L1,AUT,Austria,1956,Legislative/Parliamentary,no,no,yes,yes,yes,yes,no,no,no,no,no,no,no,no,no,no,yes,no,yes,yes,yes,,,no,no,,no,,no,,,,no,no,,,,,no,,,,Raab,Raab,no,,,no,no,no,no,no,no,,,,no,no,1956-05-13,SRC_NELDA
305-1957-0505-P1,AUT,Austria,1957,Executive,no,no,yes,yes,yes,no,,,,no,no,no,no,no,no,no,yes,no,yes,no,,,,yes,no,,no,,no,,,no,no,,,,,,,,,,Raab,Raab,no,,,no,no,no,no,no,no,,,,no,no,1957-05-05,SRC_NELDA
305-1959-0510-L1,AUT,Austria,1959,Legislative/Parliamentary,no,no,yes,yes,yes,yes,no,no,no,no,no,no,no,no,no,no,yes,no,yes,yes,yes,,,no,no,,no,,no,,,no,no,,,,,,no,,,,Raab,Raab,no,,,no,no,no,no,no,no,,,,no,no,1959-05-10,SRC_NELDA
305-1962-1118-L1,AUT,Austria,1962,Legislative/Parliamentary,no,no,yes,yes,yes,yes,no,no,no,no,no,no,no,no,no,no,yes,no,no,yes,yes,,,no,no,,no,,no,,,no,no,no,,,,,no,,,,Gorbach,Gorbach,no,,,no,no,yes,no,no,yes,"Germany, Switzerland",no,no,no,no,1962-11-18,SRC_NELDA
305-1963-0428-P1,AUT,Austria,1963,Executive,no,no,yes,yes,yes,no,,,,no,no,no,no,no,no,no,yes,no,no,no,,,,no,no,,no,,no,,,,no,no,,,,,,,,,Gorbach,Gorbach,no,,,no,no,yes,no,no,yes,"Germany, Switzerland",no,no,no,no,1963-04-28,SRC_NELDA
305-1965-0523-P1,AUT,Austria,1965,Executive,no,no,yes,yes,yes,yes,,,,no,no,no,no,no,no,no,yes,no,no,no,,,,no,no,,no,,no,,,,no,no,,,,,,,,,Klaus,Klaus,no,,,no,no,yes,no,no,yes,"Germany, Switzerland",no,no,no,no,1965-05-23,SRC_NELDA
305-1966-0306-L1,AUT,Austria,1966,Legislative/Parliamentary,no,no,yes,yes,yes,yes,no,no,no,no,no,no,no,no,no,no,yes,no,no,yes,yes,,,no,no,,no,,no,,,no,no,no,,,,,no,,,,Klaus,Klaus,no,,,no,no,yes,no,no,yes,"Germany, Switzerland",no,no,no,no,1966-03-06,SRC_NELDA
305-1970-0301-L1,AUT,Austria,1970,Legislative/Parliamentary,no,no,yes,yes,yes,yes,no,no,no,no,no,no,no,no,no,no,yes,no,no,yes,yes,,,yes,no,,yes,yes,no,,,no,no,no,,,,,yes,yes,no,no,Klaus,Kreisky,no,,,no,no,yes,no,no,yes,"Germany, Switzerland",no,no,no,no,1970-03-01,SRC_NELDA
305-1971-0425-P1,AUT,Austria,1971,Executive,no,no,yes,yes,yes,no,,,,no,no,no,no,no,no,no,yes,no,no,no,,,,no,no,,no,,no,,,,no,no,,,,,,,,,Kreisky,Kreisky,no,,,no,no,yes,no,no,yes,"Germany, Switzerland",no,no,no,no,1971-04-25,SRC_NELDA
305-1971-1010-L1,AUT,Austria,1971,Legislative/Parliamentary,no,no,yes,yes,yes,yes,no,no,no,no,no,no,no,no,no,no,yes,no,no,yes,yes,,,no,no,,no,,no,,,no,no,no,,,,,no,,,,Kreisky,Kreisky,no,,,no,no,yes,no,no,yes,"Germany, Switzerland",no,no,no,no,1971-10-10,SRC_NELDA
305-1974-0623-P1,AUT,Austria,1974,Executive,no,no,yes,yes,yes,yes,,,,no,no,no,no,no,no,no,yes,no,no,no,,,,no,no,,no,,no,,,,no,no,,,,,,,,,Kreisky,Kreisky,no,,,no,no,yes,no,no,yes,"Germany, Switzerland",no,no,no,no,1974-06-23,SRC_NELDA
305-1975-1005-L1,AUT,Austria,1975,Legislative/Parliamentary,no,no,yes,yes,yes,no,no,no,no,no,no,no,no,no,no,no,yes,no,no,yes,yes,,,no,no,,no,,no,,,no,no,no,,,,,no,,,,Kreisky,Kreisky,no,,,no,no,yes,no,no,yes,"Germany, Switzerland",no,no,no,no,1975-10-05,SRC_NELDA
305-1979-0506-L1,AUT,Austria,1979,Legislative/Parliamentary,no,no,yes,yes,yes,no,no,no,no,no,no,no,no,no,no,no,yes,no,no,yes,yes,,,no,no,,no,,no,,,no,no,no,,,,,no,,,,Kreisky,Kreisky,no,,,no,no,yes,no,no,yes,"Germany, Switzerland",no,no,no,no,1979-05-06,SRC_NELDA
305-1980-0518-P1,AUT,Austria,1980,Executive,no,no,yes,yes,yes,no,,,,no,no,no,no,no,no,no,yes,no,no,no,,,,no,no,,no,,no,,,,no,no,,,,,,,,,Kreisky,Kreisky,no,,,no,no,yes,no,no,yes,"Germany, Switzerland",no,no,no,no,1980-05-18,SRC_NELDA
305-1983-0424-L1,AUT,Austria,1983,Legislative/Parliamentary,no,no,yes,yes,yes,no,no,no,no,no,no,no,no,no,no,no,yes,no,no,yes,yes,,,no,no,,yes,,no,,,no,no,no,,,,,yes,yes,no,no,Kreisky,Sinowatz,no,,,no,no,yes,no,no,yes,"Germany, Switzerland",no,no,no,no,1983-04-24,SRC_NELDA
305-1986-0504-P1,AUT,Austria,1986,Executive,no,no,yes,yes,yes,no,,,,no,no,no,no,no,no,no,yes,no,no,no,,,,yes,no,,yes,,no,,,no,no,no,,,,,,,,,Sinowatz,Sinowatz,no,,,no,no,yes,no,no,yes,"Germany, Switzerland",no,no,no,no,1986-05-04,SRC_NELDA
305-1986-0504-P2,AUT,Austria,1986,Executive,no,no,yes,yes,yes,no,,,,no,no,no,no,no,no,no,yes,no,no,no,,,,yes,no,,yes,,no,,,no,no,,,,,,,,,,Sinowatz,Sinowatz,no,,,no,no,yes,no,no,yes,"Germany, Switzerland",no,no,no,no,1986-06-08,SRC_NELDA
305-1986-1123-L1,AUT,Austria,1986,Legislative/Parliamentary,no,no,yes,yes,yes,yes,no,no,no,no,no,no,no,no,no,no,yes,no,no,yes,yes,,,no,no,,yes,,no,,,no,no,no,,,,,no,,,,Vranitzky,Vranitzky,no,,,no,no,yes,no,no,yes,"Germany, Switzerland",no,no,no,no,1986-11-23,SRC_NELDA
305-1990-1007-L1,AUT,Austria,1990,Legislative/Parliamentary,no,no,yes,yes,yes,yes,no,no,no,no,no,no,no,no,no,no,yes,no,no,yes,yes,,,no,no,,yes,,no,,,no,no,no,,,,,no,,,,Vranitzky,Vranitzky,no,,,no,no,yes,no,no,yes,"Germany, Switzerland",no,no,no,no,1990-10-07,SRC_NELDA
305-1992-0426-P1,AUT,Austria,1992,Executive,no,no,yes,yes,yes,no,,,,no,no,no,no,no,no,no,yes,no,no,no,,,,no,no,,yes,,no,,,no,no,,,,,,,,,,Vranitzky,Vranitzky,no,,,no,no,yes,no,no,yes,"Germany, Switzerland",no,no,no,no,1992-04-26,SRC_NELDA
305-1992-0426-P2,AUT,Austria,1992,Executive,no,no,yes,yes,yes,no,,,,no,no,no,no,no,no,no,yes,no,no,no,,,,no,no,,no,,no,,,,no,no,,,,,,,,,Vranitzky,Vranitzky,no,,,no,no,yes,no,no,yes,"Germany, Switzerland",no,no,no,no,1992-05-24,SRC_NELDA
305-1994-1009-L1,AUT,Austria,1994,Legislative/Parliamentary,no,no,yes,yes,yes,no,no,no,no,no,no,no,no,no,no,no,yes,no,no,yes,yes,,,no,no,,yes,,no,,,no,no,no,,,,,no,,,,Vranitzky,Vranitzky,no,,,no,no,yes,no,no,yes,"Germany, Switzerland",no,no,no,no,1994-10-09,SRC_NELDA
305-1995-1217-L1,AUT,Austria,1995,Legislative/Parliamentary,no,no,yes,yes,yes,yes,no,no,no,no,no,no,no,no,no,no,yes,no,no,yes,yes,,,no,yes,no,no,,no,,,no,no,no,,,,,no,,,,Vranitzky,Vranitzky,no,,,no,no,yes,no,no,yes,"Germany, Switzerland",no,no,no,no,1995-12-17,SRC_NELDA
305-1998-0419-P1,AUT,Austria,1998,Executive,no,no,yes,yes,yes,no,,,,no,no,no,no,no,no,no,yes,no,no,no,,,,no,no,,no,,no,,,,no,no,,,,,,,,,Klima,Klima,no,,,no,no,yes,no,no,yes,"Germany, Switzerland",no,no,no,no,1998-04-19,SRC_NELDA
305-1999-1003-L1,AUT,Austria,1999,Legislative/Parliamentary,no,no,yes,yes,yes,yes,no,no,no,no,no,no,no,no,no,no,yes,no,no,yes,yes,,,yes,yes,no,yes,,yes,no,no,no,no,no,,,,,yes,no,no,no,Klima,Schussel,no,,,no,no,yes,no,no,yes,"Germany, Switzerland",no,no,no,no,1999-10-03,SRC_NELDA
305-2002-1124-L1,AUT,Austria,2002,Legislative/Parliamentary,no,no,yes,yes,yes,yes,no,no,no,no,no,no,no,no,no,no,yes,no,no,yes,yes,,,no,yes,yes,no,,no,,,no,no,no,,,,,no,,,,Schussel,Schussel,no,,,no,no,yes,no,no,yes,"Germany, Switzerland",no,no,no,no,2002-11-24,SRC_NELDA
305-2004-0425-P1,AUT,Austria,2004,Executive,no,no,yes,yes,yes,no,,,,no,no,no,no,no,no,no,yes,no,no,no,,,,yes,yes,no,yes,,no,,,,no,no,,,,,,,,,Schussel,Schussel,no,,,no,no,yes,no,no,yes,"Germany, Switzerland",no,no,no,no,2004-04-25,SRC_NELDA
305-2006-1001-L1,AUT,Austria,2006,Legislative/Parliamentary,no,no,yes,yes,yes,no,no,no,no,no,no,no,no,no,no,no,yes,no,no,yes,yes,,,yes,yes,no,yes,,no,,,no,no,no,,,,,yes,yes,no,no,Schussel,Gusenbauer,no,,,no,no,yes,no,no,yes,"Germany, Switzerland",no,no,no,no,2006-10-01,SRC_NELDA
305-2008-0928-L1,AUT,Austria,2008,Legislative/Parliamentary,no,no,yes,yes,yes,yes,yes,no,no,no,no,no,no,no,no,no,no,yes,no,yes,no,yes,yes,no,yes,yes,yes,,no,,,no,no,no,,,,,yes,no,no,no,Gusenbauer,Faymann,no,,,no,no,yes,no,no,yes,"EU, NATO",no,no,no,no,2008-09-28,SRC_NELDA
305-2010-0425-P1,AUT,Austria,2010,Executive,no,no,yes,yes,yes,no,no,no,no,no,no,yes,no,no,no,no,no,yes,no,no,,,,no,yes,yes,no,,no,,,,no,no,,,,,,,,,Faymann,Faymann,no,,,no,no,yes,no,no,yes,"EU, NATO",no,no,no,no,2010-04-25,SRC_NELDA
310-1945-1104-L1,HUN,Hungary,1945,Legislative/Parliamentary,yes,no,yes,yes,yes,,,,,yes,yes,no,no,no,no,no,no,no,no,no,,,,,no,,yes,,no,,,no,no,,,,,,no,,,,Rakoski,Rakoski,no,,,no,no,yes,no,yes,yes,Britain,no,yes,no,yes,1945-11-04,SRC_NELDA
310-1947-0831-L1,HUN,Hungary,1947,Legislative/Parliamentary,no,no,yes,yes,yes,yes,,,,no,yes,yes,yes,no,yes,yes,no,no,no,no,,,,,no,,no,yes,no,,,,no,no,,,,,no,,,,Rakoski,Rakoski,no,,,no,no,no,yes,no,no,,,,yes,yes,1947-08-31,SRC_NELDA
310-1949-0515-L1,HUN,Hungary,1949,Legislative/Parliamentary,no,no,no,yes,no,yes,,,,no,yes,yes,,,,yes,no,yes,no,no,,,,,no,,no,yes,no,,,,no,no,,,,,,,,,Rakoski,Rakoski,no,,,yes,no,no,yes,no,no,,,,no,yes,1949-05-15,SRC_NELDA
310-1953-0517-L1,HUN,Hungary,1953,Legislative/Parliamentary,no,no,no,yes,no,no,,,,no,yes,yes,,,,yes,no,yes,no,no,,,,,no,,no,yes,no,,,,no,no,,,,,,,,,Rakoski,Rakoski,no,,,no,no,no,no,no,no,,,,no,yes,1953-05-17,SRC_NELDA
310-1958-1116-L1,HUN,Hungary,1958,Legislative/Parliamentary,no,no,no,no,no,yes,,,,no,yes,yes,,,,yes,no,yes,yes,no,,,,,no,,no,yes,no,,,,no,no,,,,,,,,,Kadar,Kadar,no,,,no,no,no,no,no,no,,,,no,yes,1958-11-16,SRC_NELDA
310-1963-0224-L1,HUN,Hungary,1963,Legislative/Parliamentary,no,no,no,no,yes,no,,,,no,yes,yes,yes,no,no,no,no,no,no,no,,,,no,no,,no,no,no,,,,no,no,,,,,no,,,,Kadar,Kadar,no,,,no,no,no,no,no,no,,no,no,no,no,1963-02-24,SRC_NELDA
310-1967-0319-L1,HUN,Hungary,1967,Legislative/Parliamentary,no,no,no,no,yes,no,,,,no,yes,yes,yes,no,no,no,no,no,no,no,,,,no,no,,no,no,no,,,,no,no,,,,,no,,,,Kadar,Kadar,no,,,no,no,no,no,no,no,,no,no,no,no,1967-03-19,SRC_NELDA
310-1971-0425-L1,HUN,Hungary,1971,Legislative/Parliamentary,no,no,no,no,yes,no,,no,,no,yes,yes,yes,no,,yes,yes,no,unclear,no,,,,no,no,,no,no,no,,,,no,no,,,,,no,,,,Kadar,Kadar,no,,,no,no,no,no,no,no,,no,no,no,no,1971-04-25,SRC_NELDA
310-1975-0615-L1,HUN,Hungary,1975,Legislative/Parliamentary,no,no,no,no,yes,no,,no,,no,yes,yes,yes,no,,yes,yes,no,unclear,no,,,,no,no,,no,no,no,,,,no,no,,,,,no,,,,Kadar,Kadar,no,,,no,no,no,no,no,no,,no,no,no,no,1975-06-15,SRC_NELDA
310-1980-0608-L1,HUN,Hungary,1980,Legislative/Parliamentary,no,no,no,no,no,no,,,,no,yes,yes,yes,no,no,,no,yes,yes,no,,,,,yes,yes,no,no,no,,,,no,,,,,,,,,,Kadar,Kadar,no,,,no,no,no,,,yes,england,no,no,no,no,1980-06-08,SRC_NELDA
310-1985-0608-L1,HUN,Hungary,1985,Legislative/Parliamentary,no,no,yes,no,yes,no,,,,no,yes,yes,yes,no,yes,no,no,yes,yes,no,,,,,yes,yes,no,no,no,,,no,no,no,,,,,,,,,Kadar,Kadar,no,,,no,no,no,,,yes,world bank,no,no,no,no,1985-06-08,SRC_NELDA
310-1990-0325-L1,HUN,Hungary,1990,Legislative/Parliamentary,no,yes,yes,yes,yes,yes,yes,,no,yes,no,no,no,no,no,no,no,yes,yes,yes,yes,no,,yes,yes,no,yes,,no,,,no,no,no,,,,,no,,,,Szuros,Antall,yes,yes,no,no,no,yes,no,yes,no,,no,no,no,no,1990-03-25,SRC_NELDA
310-1990-0325-L2,HUN,Hungary,1990,Legislative/Parliamentary,no,yes,yes,yes,yes,yes,,,,yes,no,no,no,no,no,no,no,yes,yes,yes,no,no,,yes,yes,no,yes,,no,,,no,no,no,,,,,yes,yes,no,no,Szuros,Antall,yes,yes,no,no,no,yes,no,yes,no,,no,no,no,no,1990-04-08,SRC_NELDA
310-1994-0508-L1,HUN,Hungary,1994,Legislative/Parliamentary,no,no,yes,yes,yes,no,no,no,no,no,no,no,no,no,yes,yes,no,no,yes,yes,yes,,,yes,yes,no,yes,,no,,,no,no,no,,,,,no,,,,Horn,Horn,yes,yes,no,no,no,yes,no,no,yes,UK,no,no,no,no,1994-05-08,SRC_NELDA
310-1994-0508-L2,HUN,Hungary,1994,Legislative/Parliamentary,no,no,yes,yes,yes,no,no,no,no,no,no,no,no,no,yes,yes,no,no,yes,yes,yes,,,yes,yes,no,yes,,no,,,no,no,no,,,,,yes,yes,no,no,Boross,Horn,yes,yes,no,no,no,yes,no,no,yes,"UK, France",no,no,no,no,1994-05-29,SRC_NELDA
310-1998-0510-L1,HUN,Hungary,1998,Legislative/Parliamentary,no,no,yes,yes,yes,no,no,no,no,no,no,no,no,no,no,,yes,no,unclear,yes,yes,,,yes,yes,no,yes,,no,,,no,no,no,,,,,yes,yes,no,no,Horn,Orban,yes,yes,no,no,no,yes,no,unclear,unclear,,unclear,unclear,no,no,1998-05-10,SRC_NELDA
310-1998-0510-L2,HUN,Hungary,1998,Legislative/Parliamentary,no,no,yes,yes,yes,no,no,no,no,no,no,no,no,no,no,,yes,no,unclear,yes,yes,,,yes,yes,no,yes,,no,,,no,no,no,,,,,yes,yes,no,no,Horn,Orban,yes,yes,no,no,no,yes,no,unclear,unclear,,unclear,unclear,no,no,1998-05-24,SRC_NELDA
310-2002-0407-L1,HUN,Hungary,2002,Legislative/Parliamentary,no,no,yes,yes,yes,no,no,no,no,no,no,yes,no,no,no,no,yes,no,unclear,yes,yes,,,yes,yes,yes,yes,,no,,,no,no,no,,,,,yes,yes,no,no,Orban,Peter Medgyessy,yes,yes,no,no,no,yes,no,unclear,unclear,,unclear,unclear,no,no,2002-04-07,SRC_NELDA
310-2002-0407-L2,HUN,Hungary,2002,Legislative/Parliamentary,no,no,yes,yes,yes,no,no,no,no,no,no,yes,no,no,no,no,yes,no,unclear,yes,yes,,,yes,yes,yes,yes,,no,,,no,no,no,,,,,yes,yes,no,no,Orban,Peter Medgyessy,yes,yes,no,no,no,yes,no,unclear,unclear,,unclear,unclear,no,no,2002-04-21,SRC_NELDA
310-2006-0409-L1,HUN,Hungary,2006,Legislative/Parliamentary,no,no,yes,yes,yes,no,no,no,no,no,no,yes,no,no,no,no,yes,no,yes,yes,yes,,,no,no,,yes,no,no,,,,no,no,,,,,no,,,,ferenc gyurcsany,ferenc gyurcsany,yes,yes,no,no,no,yes,no,no,yes,"eu, un",no,no,no,no,2006-04-09,SRC_NELDA
310-2006-0409-L2,HUN,Hungary,2006,Legislative/Parliamentary,no,no,yes,yes,yes,no,no,no,no,no,no,yes,no,no,no,no,yes,no,yes,yes,yes,,,no,no,,no,no,no,,,,no,no,,,,,no,,,,ferenc gyurcsany,ferenc gyurcsany,yes,yes,no,no,no,yes,no,no,yes,"eu, un",no,no,no,no,2006-04-23,SRC_NELDA
310-2010-0411-L1,HUN,Hungary,2010,Legislative/Parliamentary,no,no,yes,yes,yes,no,no,no,no,no,no,no,no,no,no,no,no,no,yes,yes,yes,,,yes,yes,no,yes,,no,,,no,no,,,,,,yes,yes,no,no,Ferenc Gyurcsány,Viktor Orban,yes,yes,no,no,no,yes,no,no,yes,"US, EU, Germany, Italy",no,no,no,no,2010-04-11,SRC_NELDA
310-2010-0411-L2,HUN,Hungary,2010,Legislative/Parliamentary,no,no,yes,yes,yes,no,,,,no,no,yes,no,no,no,no,no,no,yes,no,,,,no,yes,yes,no,,no,,,no,no,no,,,,,,,,,Viktor Orban,Viktor Orban,yes,yes,no,no,no,yes,no,no,yes,"US, EU, Germany, Italy",no,no,no,no,2010-04-25,SRC_NELDA
315-1946-0526-L1,CZE,Czechoslovakia,1946,Legislative/Parliamentary,yes,yes,yes,yes,yes,,,,,no,no,no,yes,no,no,no,no,yes,yes,no,,,,yes,no,,yes,,no,,,no,no,,,,,,,,,,Benes,Benes,no,,,no,no,no,yes,no,no,nn,,,yes,yes,1946-05-26,SRC_NELDA
315-1948-0530-L1,CZE,Czechoslovakia,1948,Legislative/Parliamentary,no,no,no,yes,no,yes,,,,no,yes,yes,,,,yes,no,no,yes,no,,,,yes,no,,,,no,,,no,no,,,,,,,,,,Benes,Benes,no,,,no,no,no,no,no,no,,,,yes,yes,1948-05-30,SRC_NELDA
315-1954-1128-L1,CZE,Czechoslovakia,1954,Legislative/Parliamentary,no,no,no,yes,no,no,,,,no,yes,yes,,,,yes,no,yes,yes,no,,,,no,no,,,,no,,,,no,no,,,,,,,,,Zapotocky,Zapotocky,no,,,no,no,no,no,no,no,,,,yes,yes,1954-11-28,SRC_NELDA
315-1960-0612-L1,CZE,Czechoslovakia,1960,Legislative/Parliamentary,yes,no,no,yes,no,,,,,no,no,yes,,,,no,no,no,no,no,,,,no,no,,no,no,no,,,,no,no,,,,,no,,,,Novotny,Novotny,no,,,no,no,no,no,no,no,,no,no,no,no,1960-06-12,SRC_NELDA
315-1971-1126-L1,CZE,Czechoslovakia,1971,Legislative/Parliamentary,yes,no,no,yes,yes,,,,,no,yes,yes,yes,no,no,yes,no,no,no,no,,,,no,yes,yes,no,no,no,,,,no,no,,,,,,,,,husak,husak,no,,,yes,no,no,no,no,no,,no,no,no,no,1971-11-26,SRC_NELDA
315-1976-1022-L1,CZE,Czechoslovakia,1976,Legislative/Parliamentary,yes,no,no,yes,yes,,,,,no,yes,yes,yes,no,no,yes,no,no,no,no,,,,no,yes,yes,no,no,no,,,,no,no,,,,,,,,,husak,husak,no,,,yes,no,no,no,no,no,,no,no,no,no,1976-10-22,SRC_NELDA
315-1981-0605-L1,CZE,Czechoslovakia,1981,Legislative/Parliamentary,no,no,yes,no,yes,no,,,,no,yes,yes,no,no,no,no,no,yes,yes,no,,,,,no,,no,no,no,,,,no,,,,,,,,,,Husak,Husak,no,,,no,no,no,,,unclear,unclear,unclear,unclear,no,no,1981-06-05,SRC_NELDA
315-1986-0523-L1,CZE,Czechoslovakia,1986,Legislative/Parliamentary,no,no,yes,no,yes,no,,,,no,yes,yes,no,no,no,no,no,yes,yes,no,,,,,no,,no,no,no,,,,no,,,,,,,,,,Husak,Husak,no,,,no,no,no,,,unclear,unclear,unclear,unclear,no,no,1986-05-23,SRC_NELDA
315-1990-0608-L1,CZE,Czechoslovakia,1990,Legislative/Parliamentary,yes,yes,yes,yes,yes,,no,no,unclear,yes,no,no,no,no,no,no,no,no,,yes,yes,,,yes,yes,no,yes,,no,,,no,no,no,,,,,no,,,,Calfa,Calfa,yes,yes,no,no,no,yes,no,yes,unclear,,unclear,unclear,no,no,1990-06-08,SRC_NELDA
315-1992-0605-L1,CZE,Czechoslovakia,1992,Legislative/Parliamentary,no,no,yes,yes,yes,no,no,no,no,no,no,no,no,no,no,no,no,no,yes,yes,yes,,,yes,yes,no,yes,,no,,,no,no,no,,,,,yes,yes,no,no,Calfa,Strasky,no,,,no,no,yes,no,no,yes,"Germany, France, UK",no,no,no,no,1992-06-05,SRC_NELDA
316-1996-0531-L1,CZE,Czech Republic,1996,Legislative/Parliamentary,no,no,yes,yes,yes,no,no,no,no,no,no,yes,no,no,no,no,yes,no,unclear,yes,yes,,,yes,yes,yes,yes,,no,,,no,no,no,,,,,no,,,,Klaus,Klaus,no,,,,,yes,no,no,yes,eu,no,unclear,no,no,1996-05-31,SRC_NELDA
316-1996-1115-L1,CZE,Czech Republic,1996,Legislative/Parliamentary,no,no,yes,yes,yes,no,,,no,no,no,yes,no,no,no,no,yes,no,unclear,no,,,,no,yes,yes,no,,no,,,no,no,no,,,,,,,,,Klaus,Klaus,no,,,,,yes,no,no,yes,eu,no,unclear,no,no,1996-11-15,SRC_NELDA
316-1996-1115-L2,CZE,Czech Republic,1996,Legislative/Parliamentary,no,no,yes,yes,yes,no,,,no,no,no,yes,no,no,no,no,yes,no,unclear,no,,,,no,yes,yes,no,,no,,,no,no,no,,,,,,,,,Klaus,Klaus,no,,,,,yes,no,no,yes,eu,no,unclear,no,no,1996-11-22,SRC_NELDA
316-1998-0619-L1,CZE,Czech Republic,1998,Legislative/Parliamentary,no,no,yes,yes,yes,yes,yes,no,no,no,no,no,no,no,no,no,no,no,unclear,yes,no,no,,yes,yes,no,yes,,no,,,no,no,no,,,,,yes,yes,no,no,Tosovsky,Zeman,yes,yes,no,no,no,yes,no,no,yes,eu,no,no,no,no,1998-06-19,SRC_NELDA
316-1998-1113-L1,CZE,Czech Republic,1998,Legislative/Parliamentary,no,no,yes,yes,yes,no,,,,no,no,yes,no,no,no,no,no,no,unclear,no,,,,yes,yes,yes,yes,,no,,,no,no,no,,,,,,,,,Zeman,Zeman,no,no,,no,no,yes,no,no,yes,eu,no,no,no,no,1998-11-13,SRC_NELDA
316-1998-1113-L2,CZE,Czech Republic,1998,Legislative/Parliamentary,no,no,yes,yes,yes,no,,,,no,no,yes,no,no,no,no,no,no,unclear,no,,,,yes,yes,yes,yes,,no,,,no,no,no,,,,,,,,,Zeman,Zeman,no,no,,no,no,yes,no,no,yes,eu,no,no,no,no,1998-11-20,SRC_NELDA
316-2000-1112-L1,CZE,Czech Republic,2000,Legislative/Parliamentary,no,no,yes,yes,yes,no,,,,no,no,no,no,no,no,no,no,no,unclear,no,,,,yes,yes,no,yes,,no,,,no,no,no,,,,,,,,,Zeman,Zeman,no,no,no,no,no,yes,no,no,yes,"eu, nato",no,no,no,no,2000-11-12,SRC_NELDA
316-2000-1112-L2,CZE,Czech Republic,2000,Legislative/Parliamentary,no,no,yes,yes,yes,no,,,,no,no,no,no,no,no,no,no,no,unclear,no,,,,yes,yes,no,yes,,no,,,no,no,no,,,,,,,,,Zeman,Zeman,no,no,no,no,no,yes,no,no,yes,"eu, nato",no,no,no,no,2000-11-19,SRC_NELDA
316-2002-0614-L1,CZE,Czech Republic,2002,Legislative/Parliamentary,no,no,yes,yes,yes,no,yes,no,no,no,no,yes,no,no,no,no,yes,no,unclear,yes,no,yes,yes,no,yes,yes,no,,no,,,no,no,no,,,,,yes,yes,no,no,Zeman,Spidla,yes,yes,no,no,no,yes,no,no,yes,"eu, nato",no,no,no,no,2002-06-14,SRC_NELDA
316-2002-1025-L1,CZE,Czech Republic,2002,Legislative/Parliamentary,no,no,yes,yes,yes,no,,,,no,no,yes,no,no,no,no,yes,no,unclear,no,,,,yes,yes,yes,yes,,no,,,no,no,no,,,,,,,,,Spidla,Spidla,no,no,,,,yes,no,no,yes,"eu, nato",no,no,no,no,2002-10-25,SRC_NELDA
316-2002-1025-L2,CZE,Czech Republic,2002,Legislative/Parliamentary,no,no,yes,yes,yes,no,,,,no,no,yes,no,no,no,no,yes,no,unclear,no,,,,yes,yes,yes,yes,,no,,,no,no,no,,,,,,,,,Spidla,Spidla,no,no,,,,yes,no,no,yes,"eu, nato",no,no,no,no,2002-11-01,SRC_NELDA
316-2004-1105-L1,CZE,Czech Republic,2004,Legislative/Parliamentary,no,no,yes,yes,yes,no,,,,no,no,unclear,no,no,no,no,yes,no,unclear,no,,,,yes,unclear,,yes,,no,,,no,no,no,,,,,,,,,stanislav gross,stanislav gross,no,no,,no,no,yes,no,no,yes,"eu, nato",no,no,no,no,2004-11-05,SRC_NELDA
316-2004-1105-L2,CZE,Czech Republic,2004,Legislative/Parliamentary,no,no,yes,yes,yes,no,,,,no,no,unclear,no,no,no,no,yes,no,unclear,no,,,,yes,unclear,,yes,,no,,,no,no,no,,,,,,,,,stanislav gross,stanislav gross,no,no,,no,no,yes,no,no,yes,"eu, nato",no,no,no,no,2004-11-12,SRC_NELDA
316-2006-0602-L1,CZE,Czech Republic,2006,Legislative/Parliamentary,no,no,yes,yes,yes,no,no,no,no,no,no,yes,no,no,no,no,yes,no,no,yes,yes,,,yes,no,,yes,no,no,,,no,no,,,,,,yes,yes,no,no,paroubek,topolanek,yes,yes,no,no,no,yes,no,no,yes,"eu, un",no,no,no,no,2006-06-02,SRC_NELDA
316-2008-1017-L1,CZE,Czech Republic,2008,Legislative/Parliamentary,no,no,yes,yes,yes,no,,,,no,no,no,no,no,no,no,yes,no,no,no,,,,yes,yes,no,yes,,yes,no,yes,no,no,no,,,,,,,,,Topolánek,Topolánek,no,,,no,no,yes,no,no,yes,EU,no,no,no,no,2008-10-17,SRC_NELDA
316-2008-1017-L2,CZE,Czech Republic,2008,Legislative/Parliamentary,no,no,yes,yes,yes,no,,,,no,no,no,no,no,no,no,yes,no,no,no,,,,yes,yes,no,yes,,no,,,no,no,no,,,,,,,,,Topolánek,Topolánek,no,,,no,no,yes,no,no,yes,EU,no,no,no,no,2008-10-24,SRC_NELDA
316-2010-0528-L1,CZE,Czech Republic,2010,Legislative/Parliamentary,no,no,yes,yes,yes,yes,yes,no,no,yes,no,no,no,no,no,no,yes,no,no,yes,no,no,,no,yes,no,yes,,no,,,no,no,no,,,,,yes,yes,no,no,Jan Fischer,Petr Necas,no,,,no,no,yes,no,no,yes,EU,no,no,no,no,2010-05-28,SRC_NELDA
316-2010-1015-L1,CZE,Czech Republic,2010,Legislative/Parliamentary,no,no,yes,yes,yes,no,,,,no,no,no,no,no,no,no,yes,no,no,no,,,,yes,yes,no,yes,,no,,,no,no,no,,,,,,,,,Petr Necas,Petr Necas,no,,,no,no,yes,no,no,yes,EU,no,no,no,no,2010-10-15,SRC_NELDA
316-2010-1015-L2,CZE,Czech Republic,2010,Legislative/Parliamentary,no,no,yes,yes,yes,no,,,,no,no,no,no,no,no,no,yes,no,no,no,,,,yes,yes,no,yes,,no,,,no,no,no,,,,,,,,,Petr Necas,Petr Necas,no,,,no,no,yes,no,no,yes,EU,no,no,no,no,2010-10-22,SRC_NELDA
317-1994-0930-L1,SVK,Slovakia,1994,Legislative/Parliamentary,no,no,yes,yes,yes,yes,no,no,no,no,no,no,no,no,no,no,yes,no,unclear,yes,yes,,,yes,yes,no,yes,,no,,,no,no,no,,,,,yes,yes,no,no,Moravcik,Meciar,yes,yes,no,no,no,yes,no,no,unclear,,,,no,no,1994-09-30,SRC_NELDA
317-1999-0515-P1,SVK,Slovakia,1999,Executive,no,no,yes,yes,yes,no,,,,no,no,yes,no,no,no,no,no,no,unclear,no,,,,no,yes,yes,no,,no,,,no,no,no,,,,,,,,,Dzurinda,Dzurinda,yes,yes,no,no,no,yes,no,no,yes,"nato, eu",no,no,no,no,1999-05-15,SRC_NELDA
317-1999-0515-P2,SVK,Slovakia,1999,Executive,no,no,yes,yes,yes,no,,,,no,no,yes,no,no,no,no,no,no,unclear,no,,,,no,yes,yes,no,,no,,,no,no,no,,,,,,,,,Dzurinda,Dzurinda,yes,yes,no,no,no,yes,no,no,yes,"nato, eu",no,no,no,no,1999-05-29,SRC_NELDA
317-2002-0920-L1,SVK,Slovakia,2002,Legislative/Parliamentary,no,no,yes,yes,yes,no,no,no,no,no,no,no,no,no,no,no,yes,no,unclear,yes,yes,,,no,yes,no,no,,no,,,no,no,no,,,,,no,,,,Dzurinda,Dzurinda,yes,yes,no,no,no,yes,no,no,yes,"eu, nato",no,no,no,yes,2002-09-20,SRC_NELDA
317-2004-0403-P1,SVK,Slovakia,2004,Executive,no,no,yes,yes,yes,no,,,,no,no,yes,no,no,no,no,yes,no,yes,no,,,,yes,yes,yes,yes,,no,,,no,no,no,,,,,,,,,Dzurinda,Dzurinda,yes,yes,no,no,no,yes,no,no,yes,"eu, nato",no,no,no,no,2004-04-03,SRC_NELDA
317-2004-0403-P2,SVK,Slovakia,2004,Executive,no,no,yes,yes,yes,no,,,,no,no,yes,no,no,no,no,yes,no,yes,no,,,,yes,yes,yes,yes,,no,,,no,no,no,,,,,,,,,Dzurinda,Dzurinda,yes,yes,no,no,no,yes,no,no,yes,"eu, nato",no,no,no,no,2004-04-17,SRC_NELDA
317-2006-0617-L1,SVK,Slovakia,2006,Legislative/Parliamentary,no,no,yes,yes,yes,no,no,no,no,no,no,yes,no,no,no,no,yes,no,no,yes,yes,,,yes,no,,yes,no,no,,,no,no,,,,,,yes,yes,no,no,dzurinda,fico,yes,yes,no,no,no,yes,no,no,yes,"eu, un",no,no,no,no,2006-06-17,SRC_NELDA
317-2009-0321-P1,SVK,Slovakia,2009,Executive,no,no,yes,yes,yes,no,no,no,no,no,no,no,no,no,no,no,no,no,no,yes,yes,,,no,yes,yes,no,,no,,,no,no,no,,,,,no,,,,Gasparovic,Gasparovic,no,,,no,no,yes,no,no,yes,EU,no,no,no,no,2009-03-21,SRC_NELDA
317-2009-0321-P2,SVK,Slovakia,2009,Executive,no,no,yes,yes,yes,no,no,no,no,no,no,no,no,no,no,no,no,no,no,yes,yes,,,no,yes,yes,no,,no,,,,no,no,,,,,no,,,,Gasparovic,Gasparovic,no,,,no,no,yes,no,no,yes,EU,no,no,no,no,2009-04-04,SRC_NELDA
317-2010-0612-L1,SVK,Slovakia,2010,Legislative/Parliamentary,no,no,no,yes,yes,no,no,no,no,no,no,yes,no,no,no,no,yes,no,yes,yes,yes,,yes,yes,yes,yes,yes,,no,,,no,no,,,,,,yes,yes,no,no,Fico,Radicova,yes,yes,no,no,no,yes,no,no,yes,EU,no,no,no,no,2010-06-12,SRC_NELDA
325-1946-0602-A1,ITA,Italy,1946,Constituent Assembly,yes,yes,yes,yes,yes,,,,,yes,no,no,no,no,no,no,no,no,yes,no,,,,no,no,,yes,no,no,,,,no,no,,,,,no,,,,de Gasperi,de Gasperi,no,,,no,no,yes,no,yes,yes,UK,no,yes,no,yes,1946-06-02,SRC_NELDA
325-1948-0418-L1,ITA,Italy,1948,Legislative/Parliamentary,no,no,yes,yes,yes,no,no,no,no,no,no,no,no,no,no,no,no,no,yes,yes,yes,,,no,no,,no,yes,no,,,,no,no,,,,,no,,,,de Gasperi,de Gasperi,no,,,no,no,yes,no,yes,yes,"UK, France",no,no,yes,yes,1948-04-18,SRC_NELDA
325-1953-0607-L1,ITA,Italy,1953,Legislative/Parliamentary,no,no,yes,yes,yes,yes,no,no,no,no,no,no,no,no,no,no,yes,no,yes,yes,yes,,,no,no,,yes,no,no,,,,no,no,,,,,no,,,,de Gasperi,de Gasperi,no,,,no,no,yes,no,no,yes,"UK, France, US",no,no,no,no,1953-06-07,SRC_NELDA
325-1958-0525-L1,ITA,Italy,1958,Legislative/Parliamentary,no,no,yes,yes,yes,no,no,no,no,no,no,no,no,no,no,no,yes,no,yes,yes,yes,,,no,no,,yes,no,no,,,,no,no,,,,,yes,no,no,no,Zoli,Fanfani,no,,,no,no,yes,no,no,yes,"UK, France, US, EEC",no,no,no,yes,1958-05-25,SRC_NELDA
325-1963-0428-L1,ITA,Italy,1963,Legislative/Parliamentary,no,no,yes,yes,yes,no,no,no,no,no,no,no,no,no,no,no,yes,no,no,yes,yes,,,no,no,,yes,,no,,,no,no,,,,,,yes,yes,no,no,Fanfani,Leone,no,,,no,no,yes,no,no,yes,"EEC, US, UN, NATO",no,no,no,no,1963-04-28,SRC_NELDA
325-1968-0519-L1,ITA,Italy,1968,Legislative/Parliamentary,no,no,yes,yes,yes,no,no,no,no,no,no,no,no,no,no,no,yes,no,no,yes,yes,,,no,no,,yes,,no,,,no,no,,,,,,yes,yes,no,no,Moro,Leone,no,,,no,no,yes,no,no,yes,"EEC, US, UN, NATO",no,no,no,no,1968-05-19,SRC_NELDA
325-1972-0507-L1,ITA,Italy,1972,Legislative/Parliamentary,no,no,yes,yes,yes,yes,no,no,no,no,no,yes,no,no,no,no,no,no,no,yes,yes,,,no,no,,no,,no,,,,no,no,,,,,no,,,,Andreotti,Andreotti,no,,,no,no,yes,no,no,yes,"EEC, US, UN, NATO",no,no,no,no,1972-05-07,SRC_NELDA
325-1976-0620-L1,ITA,Italy,1976,Legislative/Parliamentary,no,no,yes,yes,yes,yes,no,no,no,no,no,no,no,no,no,no,no,yes,no,yes,yes,,,no,yes,no,yes,,no,,,,no,no,,,,,yes,yes,no,no,Moro,Andreotti,no,,,no,no,yes,no,no,yes,"EEC, US, UN, NATO",no,no,no,no,1976-06-20,SRC_NELDA
325-1979-0603-L1,ITA,Italy,1979,Legislative/Parliamentary,no,no,yes,yes,yes,yes,yes,no,no,no,no,yes,no,no,no,no,no,yes,no,yes,no,yes,yes,no,yes,yes,no,,no,,,,yes,no,,,,,yes,no,no,no,Andreotti,Cossiga,no,,,no,no,yes,no,no,yes,"EEC, US, UN, NATO",no,no,no,no,1979-06-03,SRC_NELDA
325-1983-0626-L1,ITA,Italy,1983,Legislative/Parliamentary,no,no,yes,yes,yes,yes,no,no,no,no,yes,no,no,yes,no,no,no,no,no,yes,yes,,,yes,yes,yes,yes,,no,,,no,no,,,,,,yes,yes,no,no,Fanfani,Craxi,no,,,no,no,yes,no,no,yes,"EEC, US, UN, NATO",no,no,no,no,1983-06-26,SRC_NELDA
325-1987-0614-L1,ITA,Italy,1987,Legislative/Parliamentary,no,no,yes,yes,yes,yes,yes,no,no,no,no,no,no,no,no,no,yes,no,no,yes,no,yes,yes,no,yes,yes,no,,no,,,,no,no,,,,,yes,no,no,no,Fanfani,Goria,no,,,no,no,yes,no,no,yes,"EEC, US, UN, NATO",no,no,no,no,1987-06-14,SRC_NELDA
325-1992-0405-L1,ITA,Italy,1992,Legislative/Parliamentary,no,no,yes,yes,yes,yes,no,no,no,no,no,no,no,no,no,no,no,no,no,yes,yes,,,no,yes,no,yes,,no,,,,no,no,,,,,yes,yes,no,no,Andreotti,Amato,no,,,no,no,yes,no,no,yes,"EU, US, UN, NATO",no,no,no,no,1992-04-05,SRC_NELDA
325-1994-0327-L1,ITA,Italy,1994,Legislative/Parliamentary,no,no,yes,yes,yes,yes,yes,no,no,no,no,,no,no,no,no,no,no,no,yes,no,no,,,yes,no,yes,,no,,,,no,,,,,,yes,yes,no,no,Ciampi,Berlusconi,no,,,no,no,yes,no,no,yes,"EU, US, UN, NATO",no,no,no,no,1994-03-27,SRC_NELDA
325-1996-0421-L1,ITA,Italy,1996,Legislative/Parliamentary,no,no,yes,yes,yes,yes,yes,no,no,no,no,,no,no,no,no,no,no,no,yes,no,yes,yes,no,yes,yes,yes,,no,,,,no,no,,,,,yes,yes,no,no,Dini,Prodi,no,,,no,no,yes,no,no,yes,"EU, US, UN, NATO",no,no,no,no,1996-04-21,SRC_NELDA
325-2001-0513-L1,ITA,Italy,2001,Legislative/Parliamentary,no,no,yes,yes,yes,no,yes,no,no,no,yes,no,no,no,no,no,no,no,no,yes,no,yes,no,yes,yes,no,yes,yes,no,,,no,no,,,,,,yes,yes,no,no,Amato,Berlusconi,no,,,no,no,yes,no,no,yes,"EU, US, UN, NATO",yes,no,no,no,2001-05-13,SRC_NELDA
325-2006-0409-L1,ITA,Italy,2006,Legislative/Parliamentary,no,no,yes,yes,yes,yes,no,no,no,no,yes,no,no,no,no,yes,no,no,no,yes,yes,,,yes,yes,no,yes,yes,no,,,no,no,,,,,,yes,yes,no,no,Berlusconi,Prodi,yes,yes,no,no,no,yes,yes,no,yes,"EU, US, UN, NATO",no,yes,no,no,2006-04-09,SRC_NELDA
325-2008-0413-L1,ITA,Italy,2008,Legislative/Parliamentary,no,no,yes,yes,yes,yes,no,no,no,no,no,no,no,no,no,no,no,no,no,yes,yes,,,yes,yes,no,yes,,no,,,no,no,,,,,,yes,yes,no,no,Romano Prodi,Silvio Berlusconi,yes,yes,no,no,no,yes,no,no,yes,"US, EU, Germany, France",no,no,no,no,2008-04-13,SRC_NELDA
339-1945-1202-L1,ALB,Albania,1945,Legislative/Parliamentary,yes,no,no,no,no,,no,no,no,yes,yes,yes,,,,yes,no,yes,yes,yes,yes,,,no,no,,,,no,,,,no,no,,,,,no,,,,Hoxha,Hoxha,yes,yes,no,no,no,yes,no,no,yes,"UK, UN, Yugoslavia",no,no,no,no,1945-12-02,SRC_NELDA
339-1949-0612-L1,ALB,Albania,1949,Legislative/Parliamentary,yes,no,no,no,no,,no,no,no,yes,yes,yes,,,,yes,no,yes,yes,yes,yes,,,no,no,,,,no,,,,no,no,,,,,no,,,,Hoxha,Hoxha,no,,,no,no,no,no,no,no,,,,no,no,1949-06-12,SRC_NELDA
339-1958-0601-L1,ALB,Albania,1958,Legislative/Parliamentary,no,no,no,no,no,yes,no,no,no,no,yes,yes,,,,yes,no,yes,yes,no,,,,no,no,,,,no,,,,no,no,,,,,no,,,,Hoxha,Hoxha,no,,,no,no,no,no,no,no,,,,no,no,1958-06-01,SRC_NELDA
339-1970-0920-L1,ALB,Albania,1970,Legislative/Parliamentary,no,no,no,no,no,no,no,no,no,no,yes,yes,yes,no,,yes,no,no,yes,no,,,,,no,,no,yes,no,,,,no,no,,,,,,,,,Hoxha,Hoxha,no,,,no,no,no,no,no,no,,,,no,no,1970-09-20,SRC_NELDA
339-1974-1006-L1,ALB,Albania,1974,Legislative/Parliamentary,no,no,no,no,no,no,no,no,no,no,yes,yes,yes,no,,yes,no,no,yes,no,,,,,no,,,yes,no,,,,no,no,,,,,,,,,Hoxha,Hoxha,no,,,no,no,no,no,no,no,,,,no,no,1974-10-06,SRC_NELDA
339-1978-1112-L1,ALB,Albania,1978,Legislative/Parliamentary,no,no,no,no,no,no,no,no,no,no,yes,yes,yes,no,,yes,no,no,no,no,,,,,no,,,yes,no,,,,no,no,,,,,,,,,Hoxha,Hoxha,no,,,no,no,no,no,no,no,,,,no,no,1978-11-12,SRC_NELDA
339-1982-1114-L1,ALB,Albania,1982,Legislative/Parliamentary,no,no,no,no,no,no,,,,no,yes,yes,yes,no,yes,no,no,no,no,no,,,,,no,,no,no,no,,,no,no,no,,,,,,,,,Hoxha,Hoxha,no,,,no,no,no,,,no,,,,no,no,1982-11-14,SRC_NELDA
339-1987-0201-L1,ALB,Albania,1987,Legislative/Parliamentary,no,no,no,no,no,no,,,,no,yes,yes,yes,no,no,no,no,no,no,no,,,,,no,,no,no,no,,,,no,no,,,,,,,,,Alia,Alia,no,,,no,no,no,,,yes,greece,no,no,no,no,1987-02-01,SRC_NELDA
339-1991-0331-L1,ALB,Albania,1991,Legislative/Parliamentary,no,yes,yes,yes,yes,yes,no,,no,no,yes,unclear,no,no,yes,yes,no,yes,no,yes,yes,,,no,no,,no,yes,yes,yes,yes,no,yes,no,,,,,no,,,,Alia,Alia,yes,yes,no,unclear,no,no,,,yes,csce,no,yes,no,no,1991-03-31,SRC_NELDA
339-1991-0331-L2,ALB,Albania,1991,Legislative/Parliamentary,no,yes,yes,yes,yes,yes,no,,no,no,yes,unclear,no,no,yes,yes,no,yes,no,yes,yes,,,no,no,,no,yes,yes,yes,yes,no,yes,no,,,,,no,,,,Alia,Alia,yes,yes,no,unclear,no,no,,,yes,csce,no,yes,no,no,1991-04-07,SRC_NELDA
339-1991-0331-L3,ALB,Albania,1991,Legislative/Parliamentary,no,yes,yes,yes,yes,yes,no,,no,no,yes,unclear,no,no,yes,yes,no,yes,no,yes,yes,,,no,no,,no,yes,yes,yes,yes,no,yes,no,,,,,no,,,,Alia,Alia,yes,yes,no,unclear,no,no,,,yes,csce,no,yes,no,no,1991-04-17,SRC_NELDA
339-1992-0322-L1,ALB,Albania,1992,Legislative/Parliamentary,no,no,yes,yes,yes,yes,no,no,no,no,unclear,no,yes,no,unclear,no,no,yes,no,yes,yes,,,yes,no,,yes,unclear,no,,,no,yes,no,,,,,no,,,,Alia,Berisha,yes,yes,no,no,no,yes,no,yes,yes,"eu, csce",no,yes,no,yes,1992-03-22,SRC_NELDA
339-1992-0322-L2,ALB,Albania,1992,Legislative/Parliamentary,no,no,yes,yes,yes,yes,no,no,no,no,unclear,no,yes,no,unclear,no,no,yes,no,yes,yes,,,yes,no,,yes,unclear,no,,,no,yes,no,,,,,yes,yes,no,no,Alia,Berisha,yes,yes,no,no,no,yes,no,yes,yes,"eu, csce",no,yes,no,yes,1992-03-29,SRC_NELDA
339-1996-0526-L1,ALB,Albania,1996,Legislative/Parliamentary,no,no,yes,yes,yes,no,no,,no,no,yes,yes,yes,no,yes,unclear,no,yes,yes,yes,yes,,,no,unclear,unclear,no,yes,yes,yes,yes,no,yes,no,,,,,no,,,,Berisha,Berisha,yes,yes,yes,no,no,yes,yes,no,yes,"osce, eu, council of europe",yes,no,yes,yes,1996-05-26,SRC_NELDA
339-1996-0526-L2,ALB,Albania,1996,Legislative/Parliamentary,no,no,yes,yes,yes,no,no,no,no,no,yes,yes,yes,yes,yes,yes,no,yes,yes,yes,yes,,,no,no,,no,yes,yes,yes,no,no,yes,no,,,,,no,,,,berisha,berisha,no,,,no,no,yes,yes,no,yes,"osce, eu, council of europe",yes,no,yes,yes,1996-06-02,SRC_NELDA
339-1996-0526-L3,ALB,Albania,1996,Legislative/Parliamentary,no,no,yes,yes,yes,no,no,no,no,no,yes,yes,yes,yes,yes,yes,no,yes,yes,yes,yes,,,no,no,,no,yes,yes,yes,no,no,yes,no,,,,,no,,,,Berisha,Berisha,no,,,no,no,yes,yes,no,yes,"osce, eu, council of europe",yes,no,yes,yes,1996-06-16,SRC_NELDA
339-1997-0629-L1,ALB,Albania,1997,Legislative/Parliamentary,no,no,yes,yes,yes,yes,yes,no,no,no,yes,yes,no,no,no,no,no,yes,yes,yes,yes,,,yes,no,,yes,no,no,,,no,yes,no,,,,,no,,,,Berisha,Fatos Nano,yes,yes,no,no,no,yes,no,yes,yes,"eu, osce",no,no,yes,no,1997-06-29,SRC_NELDA
339-1997-0629-L2,ALB,Albania,1997,Legislative/Parliamentary,no,no,yes,yes,yes,yes,yes,no,no,no,yes,yes,no,no,no,no,no,yes,yes,yes,yes,,,yes,yes,yes,yes,no,no,,,no,yes,no,,,,,yes,yes,no,no,Berisha,Fatos Nano,yes,yes,no,no,no,yes,no,yes,yes,"eu, osce",no,no,yes,no,1997-07-06,SRC_NELDA
339-1997-0629-L3,ALB,Albania,1997,Legislative/Parliamentary,no,no,yes,yes,yes,yes,yes,,no,no,yes,yes,no,no,no,yes,no,yes,yes,yes,yes,,,yes,no,,yes,yes,no,,,no,yes,no,,,,,yes,yes,no,no,Berisha,Fatos Nano,yes,yes,no,no,no,yes,no,yes,yes,"eu, osce",no,no,no,no,1997-08-01,SRC_NELDA
339-2001-0624-L1,ALB,Albania,2001,Legislative/Parliamentary,no,no,yes,yes,yes,no,no,,no,no,yes,yes,no,no,no,no,no,no,yes,yes,yes,,,no,no,,yes,yes,no,,,no,no,no,,,,,no,,,,Meta,Meta,yes,yes,no,no,no,yes,no,no,yes,"eu, osce, nato",no,no,no,no,2001-06-24,SRC_NELDA
339-2001-0624-L2,ALB,Albania,2001,Legislative/Parliamentary,no,no,yes,yes,yes,no,no,,no,no,yes,yes,no,no,no,no,no,no,yes,yes,yes,,,no,no,,yes,yes,no,,,no,no,no,,,,,no,,,,Meta,Meta,yes,yes,no,no,no,yes,no,no,yes,"eu, osce, nato",no,no,no,no,2001-07-08,SRC_NELDA
339-2001-0624-L3,ALB,Albania,2001,Legislative/Parliamentary,no,no,yes,yes,yes,no,no,,no,no,yes,yes,no,no,no,no,no,no,yes,yes,yes,,,no,no,,yes,yes,no,,,no,no,no,,,,,no,,,,Meta,Meta,yes,yes,no,no,no,yes,no,no,yes,"eu, osce, nato",no,no,no,no,2001-07-22,SRC_NELDA
339-2001-0624-L4,ALB,Albania,2001,Legislative/Parliamentary,no,no,yes,yes,yes,no,no,,no,no,yes,no,no,no,no,no,no,no,yes,yes,yes,,,no,no,,yes,yes,no,,,no,no,no,,,,,no,,,,Meta,Meta,yes,yes,no,no,no,yes,no,no,yes,"eu, osce, nato",no,no,no,no,2001-07-29,SRC_NELDA
339-2001-0624-L5,ALB,Albania,2001,Legislative/Parliamentary,no,no,yes,yes,yes,no,,,,no,yes,no,yes,no,yes,no,no,no,yes,yes,yes,,,no,no,,yes,yes,no,,,no,no,no,,,,,no,,,,Meta,Meta,yes,yes,no,no,no,yes,no,no,yes,"EU, OSCE. NATO",yes,no,no,yes,2001-08-19,SRC_NELDA
339-2005-0703-L1,ALB,Albania,2005,Legislative/Parliamentary,no,no,yes,yes,yes,no,no,no,no,no,yes,yes,no,no,no,no,no,no,yes,yes,yes,,,yes,no,,yes,yes,no,,,no,no,,,,,,yes,yes,no,no,fatos nano,sali berisha,yes,yes,yes,no,no,yes,no,no,yes,"eu, un, italy, germany",no,no,no,no,2005-07-03,SRC_NELDA
339-2009-0628-L1,ALB,Albania,2009,Legislative/Parliamentary,no,no,yes,yes,yes,no,yes,no,no,no,yes,no,no,no,no,no,yes,no,yes,yes,yes,,,no,yes,yes,yes,,no,,,,yes,no,,,,,no,,,,Berisha,Berisha,yes,yes,no,no,no,yes,no,no,yes,EU,no,no,no,no,2009-06-28,SRC_NELDA
341-2008-0406-P1,MNE,Montenegro,2008,Executive,no,yes,yes,yes,yes,no,,,,no,no,yes,no,no,no,no,yes,no,yes,no,,,,no,yes,yes,yes,yes,yes,yes,no,,no,no,,,,,,,,,Djukanovic,Djukanovic,yes,yes,no,no,no,yes,no,no,yes,"EU, NATO, US",no,no,no,no,2008-04-06,SRC_NELDA
341-2009-0329-L1,MNE,Montenegro,2009,Legislative/Parliamentary,no,no,yes,yes,yes,yes,no,no,no,no,no,no,no,no,no,no,yes,no,yes,yes,yes,,,no,yes,yes,no,,no,,,,no,no,,,,,no,,,,Djukanovic,Djukanovic,yes,yes,no,no,no,yes,no,no,yes,"EU, NATO, IMF",no,yes,no,no,2009-03-29,SRC_NELDA
343-1994-1016-L1,MKD,Macedonia (FYROM),1994,Legislative/Parliamentary,yes,yes,yes,yes,yes,,no,no,no,no,unclear,unclear,no,no,no,no,no,yes,yes,yes,yes,,,no,yes,yes,no,yes,yes,yes,no,no,no,no,,,,,no,,,,Crvenkovski,Crvenkovski,yes,yes,yes,no,no,yes,no,no,yes,eu,no,no,no,no,1994-10-16,SRC_NELDA
343-1994-1016-L2,MKD,Macedonia (FYROM),1994,Legislative/Parliamentary,yes,yes,yes,yes,yes,,no,no,no,no,yes,yes,no,yes,no,no,no,yes,yes,yes,yes,,,no,yes,yes,no,yes,no,,,no,no,no,,,,,no,,,,Crvenkovski,Crvenkovski,yes,yes,unclear,no,no,yes,no,no,yes,eu,no,no,no,no,1994-10-30,SRC_NELDA
343-1994-1016-L3,MKD,Macedonia (FYROM),1994,Legislative/Parliamentary,yes,yes,yes,yes,yes,,no,no,no,no,yes,yes,no,yes,no,no,no,yes,yes,yes,yes,,,no,yes,yes,no,yes,no,,,no,no,no,,,,,no,,,,Crvenkovski,Crvenkovski,yes,yes,unclear,no,no,yes,no,no,yes,eu,no,no,no,no,1994-11-13,SRC_NELDA
343-1994-1016-P1,MKD,Macedonia (FYROM),1994,Executive,yes,yes,yes,yes,yes,,,,,no,unclear,yes,no,no,no,no,no,yes,yes,no,,,,no,yes,yes,no,yes,yes,yes,no,no,no,no,,,,,no,,,,Crvenkovski,Crvenkovski,yes,yes,unclear,no,no,yes,no,no,yes,eu,no,no,no,no,1994-10-16,SRC_NELDA
343-1994-1016-P2,MKD,Macedonia (FYROM),1994,Executive,yes,yes,yes,yes,yes,,,,,no,unclear,yes,no,no,no,no,no,yes,yes,no,,,,no,yes,yes,no,yes,yes,yes,no,no,no,no,,,,,no,,,,crvenkovski,crvenkovski,yes,yes,unclear,no,no,yes,no,no,yes,eu,no,no,no,no,1994-10-30,SRC_NELDA
343-1998-1018-L1,MKD,Macedonia (FYROM),1998,Legislative/Parliamentary,no,no,yes,yes,yes,no,no,no,no,no,unclear,unclear,no,no,no,no,no,no,yes,yes,yes,,,yes,unclear,unclear,yes,unclear,no,,,no,no,no,,,,,yes,yes,no,no,Crvenkovski,Georgievski,yes,yes,no,no,no,yes,no,no,yes,"eu, nato, un protection force",no,no,no,no,1998-10-18,SRC_NELDA
343-1998-1018-L2,MKD,Macedonia (FYROM),1998,Legislative/Parliamentary,no,no,yes,yes,yes,no,no,no,no,no,unclear,unclear,no,no,no,no,no,no,yes,yes,yes,,,yes,unclear,unclear,yes,unclear,no,,,no,no,no,,,,,yes,yes,no,no,Crvenkovski,Georgievski,yes,yes,no,no,no,yes,no,no,yes,"eu, nato, un protection force",no,no,no,no,1998-11-01,SRC_NELDA
343-1998-1018-L3,MKD,Macedonia (FYROM),1998,Legislative/Parliamentary,no,no,yes,yes,yes,no,no,no,no,no,unclear,unclear,no,no,no,no,no,no,yes,yes,yes,,,yes,unclear,unclear,yes,unclear,no,,,no,no,no,,,,,yes,yes,no,no,Crvenkovski,Georgievski,yes,yes,no,no,no,yes,no,no,yes,"eu, nato, un protection force",no,no,no,no,1998-11-15,SRC_NELDA
343-1999-1031-P1,MKD,Macedonia (FYROM),1999,Executive,no,no,yes,yes,yes,no,,,,no,unclear,unclear,no,no,no,no,no,no,yes,no,,,,yes,yes,no,yes,yes,yes,yes,no,no,no,no,,,,,no,,,,Georgievski,Georgievski,yes,yes,yes,no,no,yes,no,no,yes,"eu, nato, un security forces",no,no,no,no,1999-10-31,SRC_NELDA
343-1999-1031-P2,MKD,Macedonia (FYROM),1999,Executive,no,no,yes,yes,yes,no,,,,no,unclear,unclear,no,no,no,no,no,no,yes,no,,,,yes,yes,no,yes,yes,yes,yes,no,no,no,no,,,,,no,,,,Georgievski,Georgievski,yes,yes,yes,no,no,yes,no,no,yes,"eu, nato, un security forces",no,no,no,no,1999-11-14,SRC_NELDA
343-1999-1031-P3,MKD,Macedonia (FYROM),1999,Executive,no,no,yes,yes,yes,no,,,,no,unclear,unclear,no,no,no,no,no,no,yes,no,,,,yes,yes,no,yes,yes,yes,yes,no,no,no,no,,,,,no,,,,Georgievski,Georgievski,yes,yes,yes,no,no,yes,no,no,yes,"eu, nato, un security forces",no,no,no,no,1999-12-05,SRC_NELDA
343-2002-0915-L1,MKD,Macedonia (FYROM),2002,Legislative/Parliamentary,no,no,yes,yes,yes,no,no,no,no,no,no,yes,no,no,no,no,no,no,yes,yes,yes,,,yes,no,,yes,no,no,,,no,no,,,,,,yes,yes,no,no,Georgievski,Crvenkovski,yes,yes,no,no,no,yes,no,no,yes,"un, european comission, wb, usa",no,no,no,no,2002-09-15,SRC_NELDA
343-2004-0414-P1,MKD,Macedonia (FYROM),2004,Executive,no,no,yes,yes,yes,yes,,,no,no,unclear,unclear,no,no,no,no,no,no,yes,no,,,,yes,yes,yes,yes,yes,yes,yes,no,no,no,no,,,,,yes,no,no,no,Crvenkovski,Radmila Sekerinska,yes,yes,yes,no,no,yes,no,no,yes,"eu, nato, un",no,no,no,no,2004-04-14,SRC_NELDA
343-2004-0414-P2,MKD,Macedonia (FYROM),2004,Executive,no,no,yes,yes,yes,yes,,,no,no,unclear,unclear,no,no,no,no,no,no,yes,no,,,,yes,yes,yes,yes,yes,yes,yes,no,no,no,no,,,,,yes,no,no,no,Crvenkovski,Radmila Sekerinska,yes,yes,yes,no,no,yes,no,no,yes,"eu, nato, un",no,no,no,no,2004-04-28,SRC_NELDA
343-2006-0705-L1,MKD,Macedonia (FYROM),2006,Legislative/Parliamentary,no,no,yes,yes,yes,no,no,no,no,no,yes,yes,no,no,no,no,no,no,yes,yes,yes,,,yes,no,,yes,no,no,,,no,no,,,,,,yes,yes,no,no,vlado buckovski,nikola gruevski,yes,yes,no,no,no,yes,no,yes,yes,"eu, un, nato, usa",no,yes,no,no,2006-07-05,SRC_NELDA
343-2008-0601-L1,MKD,Macedonia (FYROM),2008,Legislative/Parliamentary,no,no,yes,yes,yes,yes,no,no,no,no,no,no,no,no,no,no,yes,no,yes,yes,yes,,,no,yes,yes,no,,no,,,,yes,no,,,,,no,,,,Gruevski,Gruevski,yes,yes,no,no,no,yes,no,no,yes,"EU, NATO",yes,no,no,no,2008-06-01,SRC_NELDA
343-2009-0322-P1,MKD,Macedonia (FYROM),2009,Executive,no,no,yes,yes,yes,no,,,,no,no,no,no,no,no,no,no,no,yes,no,,,,no,yes,yes,no,,no,,,,no,no,,,,,,,,,Gruevski,Gruevski,yes,yes,no,no,no,yes,no,no,yes,"EU, NATO",no,yes,no,no,2009-03-22,SRC_NELDA
343-2009-0322-P2,MKD,Macedonia (FYROM),2009,Executive,no,no,yes,yes,yes,no,,,,no,no,no,no,no,no,no,no,no,yes,no,,,,no,yes,yes,no,,no,,,,no,no,,,,,,,,,Gruevski,Gruevksi,yes,yes,no,no,no,yes,no,no,yes,"EU, NATO",no,yes,no,no,2009-04-05,SRC_NELDA
344-1992-0802-L1,HRV,Croatia,1992,Legislative/Parliamentary,yes,yes,yes,yes,yes,,,,no,no,yes,yes,no,no,no,yes,no,yes,yes,no,,,,no,yes,yes,no,yes,no,,,no,yes,no,,,,,no,,,,Tudjman,Tudjman,yes,yes,no,no,no,yes,no,no,yes,un,no,no,no,no,1992-08-02,SRC_NELDA
344-1992-0802-P1,HRV,Croatia,1992,Executive,yes,yes,yes,yes,yes,,no,no,no,no,yes,yes,no,yes,no,yes,no,yes,yes,yes,yes,,,no,yes,yes,no,yes,no,,,no,yes,no,,,,,no,,,,Tudjman,Tudjman,yes,yes,no,no,no,yes,no,no,yes,UN,no,no,no,no,1992-08-02,SRC_NELDA
344-1993-0207-L1,HRV,Croatia,1993,Legislative/Parliamentary,yes,yes,yes,yes,yes,,,,no,no,yes,unclear,no,yes,unclear,yes,no,yes,yes,no,,,,no,yes,yes,no,yes,no,,,no,yes,no,,,,,no,,,,Tudjman,Tudjman,yes,yes,unclear,no,no,yes,unclear,unclear,yes,un,no,no,no,no,1993-02-07,SRC_NELDA
344-1993-0207-L2,HRV,Croatia,1993,Legislative/Parliamentary,yes,yes,yes,yes,yes,,,,no,no,yes,unclear,no,yes,unclear,yes,no,yes,yes,no,,,,no,yes,yes,no,yes,no,,,no,yes,no,,,,,no,,,,Tudjman,Tudjman,yes,yes,unclear,no,no,yes,unclear,unclear,yes,un,no,no,no,no,1993-02-21,SRC_NELDA
344-1995-1029-L1,HRV,Croatia,1995,Legislative/Parliamentary,no,no,yes,yes,yes,yes,,,no,no,yes,yes,no,no,no,yes,no,no,yes,no,,,,no,yes,yes,no,yes,no,,,no,yes,no,,,,,no,,,,Tudjman,Tudjman,yes,yes,yes,no,no,yes,no,no,yes,"un, germany",no,no,no,no,1995-10-29,SRC_NELDA
344-1995-1029-L2,HRV,Croatia,1995,Legislative/Parliamentary,no,no,yes,yes,yes,yes,,,no,no,yes,yes,no,no,no,yes,no,no,yes,no,,,,no,yes,yes,no,yes,no,,,no,yes,no,,,,,no,,,,Tudjman,Tudjman,yes,yes,yes,no,no,yes,no,no,yes,"un, germany",no,no,no,no,1995-11-05,SRC_NELDA
344-1997-0413-L1,HRV,Croatia,1997,Legislative/Parliamentary,no,no,yes,yes,yes,yes,,,no,no,yes,yes,no,no,no,yes,no,no,yes,no,,,,no,yes,no,no,,no,,,no,no,no,,,,,no,,,,Tudjman,Tudjman,yes,yes,no,no,no,yes,no,no,yes,un,no,no,no,no,1997-04-13,SRC_NELDA
344-1997-0615-P1,HRV,Croatia,1997,Executive,no,no,yes,yes,yes,no,no,no,no,no,yes,unclear,no,no,no,yes,no,no,yes,yes,yes,,,no,yes,yes,no,yes,no,,,no,no,no,,,,,no,,,,Tudjman,Tudjman,yes,yes,yes,no,no,yes,no,no,yes,un,no,no,no,no,1997-06-15,SRC_NELDA
344-2000-0103-L1,HRV,Croatia,2000,Legislative/Parliamentary,no,no,yes,yes,yes,yes,,,no,no,yes,unclear,no,no,yes,yes,no,no,yes,no,,,,no,yes,no,yes,yes,no,,,no,no,no,,,,,no,,,,Pavletic,Pavletic,yes,yes,no,no,no,yes,no,yes,yes,"nato, osce, eu",no,yes,no,yes,2000-01-03,SRC_NELDA
344-2000-0124-P1,HRV,Croatia,2000,Executive,no,no,yes,yes,yes,yes,yes,no,no,no,yes,unclear,no,no,unclear,yes,no,no,yes,yes,no,yes,no,yes,yes,no,yes,yes,no,,,no,no,no,,,,,yes,yes,no,no,Pavletic,Tomcic,yes,yes,no,no,no,yes,no,yes,yes,"nato, osce, eu",no,yes,no,unclear,2000-01-24,SRC_NELDA
344-2000-0124-P2,HRV,Croatia,2000,Executive,no,no,yes,yes,yes,yes,yes,no,no,no,yes,unclear,no,no,unclear,yes,no,no,yes,yes,no,yes,no,yes,yes,no,yes,yes,no,,,no,no,no,,,,,yes,yes,no,no,Tomcic,Mesic,yes,yes,no,no,no,yes,no,yes,yes,"nato, osce, eu",no,yes,no,unclear,2000-02-07,SRC_NELDA
344-2003-1123-L1,HRV,Croatia,2003,Legislative/Parliamentary,no,no,yes,yes,yes,no,,,no,no,no,yes,no,no,no,no,no,no,yes,no,,,,yes,yes,no,yes,no,no,,,no,no,no,,,,,no,,,,Mesic,Mesic,yes,yes,no,no,no,yes,no,no,yes,"eu, nato, osce",unclear,no,no,no,2003-11-23,SRC_NELDA
344-2005-0102-P1,HRV,Croatia,2005,Executive,no,no,yes,yes,yes,no,no,no,no,no,no,yes,no,no,no,no,yes,no,no,yes,yes,,,no,no,,no,no,no,,,,no,no,,,,,no,,,,mesic,mesic,yes,yes,no,no,no,yes,no,no,yes,"eu, un",no,no,no,no,2005-01-02,SRC_NELDA
344-2005-0102-P2,HRV,Croatia,2005,Executive,no,no,yes,yes,yes,no,no,no,no,no,no,yes,no,no,no,no,yes,no,no,yes,yes,,,no,no,,no,no,no,,,,no,no,,,,,no,,,,mesic,mesic,yes,yes,no,no,no,yes,no,no,yes,"eu, un",no,no,no,no,2005-01-16,SRC_NELDA
344-2007-1125-L1,HRV,Croatia,2007,Legislative/Parliamentary,no,no,yes,yes,yes,no,,,,no,no,no,no,yes,no,no,no,yes,no,no,,,,yes,yes,no,yes,,no,,,no,no,,,,,,,,,,Stjepan Mesic,Stjepan Mesic,yes,yes,no,no,no,yes,no,no,yes,"US, EU, Italy, Germany",no,no,no,no,2007-11-25,SRC_NELDA
344-2009-1227-P1,HRV,Croatia,2009,Executive,no,no,yes,yes,yes,no,yes,yes,no,no,no,no,no,no,no,no,no,no,no,yes,no,no,,no,yes,no,no,,no,,,no,no,,,,,,no,,,,Stjepan Mesic,Stjepan Mesic,yes,yes,no,no,no,yes,no,no,yes,"US, EU, Italy, Germany",no,no,no,no,2009-12-27,SRC_NELDA
344-2009-1227-P2,HRV,Croatia,2010,Executive,no,no,yes,yes,yes,no,yes,yes,no,no,no,no,no,no,no,no,no,no,no,yes,no,no,,yes,yes,no,yes,,no,,,no,no,,,,,,yes,yes,no,no,Stjepan Mesic,Ivo Josipovic,yes,yes,no,no,no,yes,no,no,yes,"US, EU, Italy, Germany",no,no,no,no,2010-01-10,SRC_NELDA
345-1945-1111-A1,SRB,Serbia (Yugoslavia),1945,Constituent Assembly,yes,no,yes,yes,no,,no,no,no,no,yes,yes,no,yes,yes,yes,no,yes,no,yes,yes,,,no,no,,no,yes,yes,yes,yes,,no,no,,,,,no,,,,Tito,Tito,no,,,no,no,yes,no,no,yes,"Britain, USA",no,no,no,no,1945-11-11,SRC_NELDA
345-1950-0326-L1,SRB,Serbia (Yugoslavia),1950,Legislative/Parliamentary,no,no,yes,yes,no,no,no,no,no,no,yes,yes,no,no,no,yes,no,yes,yes,yes,yes,,,no,no,,,no,no,,,,no,no,,,,,no,,,,Tito,Tito,no,,,no,no,yes,no,no,yes,"US, World Bank",no,no,no,no,1950-03-26,SRC_NELDA
345-1953-1122-L1,SRB,Serbia (Yugoslavia),1953,Legislative/Parliamentary,no,no,no,no,yes,yes,no,no,no,no,yes,yes,,,,yes,no,yes,yes,yes,yes,,,no,no,,,no,no,,,,no,no,,,,,no,,,,Tito,Tito,no,,,no,no,yes,no,no,yes,"US, World Bank",no,no,no,no,1953-11-22,SRC_NELDA
345-1958-0323-L1,SRB,Serbia (Yugoslavia),1958,Legislative/Parliamentary,no,no,no,no,yes,no,no,no,no,no,yes,yes,,,,yes,yes,no,yes,yes,yes,,,no,no,,no,no,no,,,,no,no,,,,,no,,,,Tito,Tito,no,,,no,no,yes,no,no,yes,US,no,no,no,no,1958-03-23,SRC_NELDA
345-1992-0531-L1,SRB,Serbia (Yugoslavia),1992,Legislative/Parliamentary,yes,yes,yes,yes,yes,,,,no,no,yes,yes,no,yes,unclear,yes,no,yes,no,no,,,,no,unclear,unclear,no,yes,yes,yes,no,no,no,no,,,,,no,,,,Milosevic,Milosevic,yes,yes,yes,unclear,yes,no,,,no,,,,no,no,1992-05-31,SRC_NELDA
345-1992-0531-L2,SRB,Serbia (Yugoslavia),1992,Legislative/Parliamentary,yes,yes,yes,yes,yes,,,,no,no,yes,yes,no,yes,unclear,yes,no,yes,no,no,,,,no,unclear,unclear,no,yes,yes,yes,no,no,no,no,,,,,no,,,,Milosevic,Milosevic,yes,yes,yes,unclear,yes,no,,,no,,,,no,no,1992-06-14,SRC_NELDA
345-1992-1220-L1,SRB,Serbia (Yugoslavia),1992,Legislative/Parliamentary,no,no,yes,yes,yes,yes,,,no,no,yes,unclear,no,yes,yes,yes,no,yes,no,no,,,,no,unclear,unclear,yes,yes,no,,,no,no,no,,,,,no,,,,milosevic,milosevic,yes,yes,yes,no,no,no,,,no,,,,no,yes,1992-12-20,SRC_NELDA
345-1996-1103-L1,SRB,Serbia (Yugoslavia),1996,Legislative/Parliamentary,no,no,yes,yes,yes,no,,,no,no,yes,unclear,no,yes,no,yes,no,yes,no,no,,,,no,yes,yes,no,yes,yes,yes,yes,no,no,no,,,,,no,,,,Milosevic,Milosevic,yes,yes,no,no,no,no,,,no,,,,no,yes,1996-11-03,SRC_NELDA
345-2000-0924-L1,SRB,Serbia (Yugoslavia),2000,Legislative/Parliamentary,no,no,yes,yes,yes,no,,,yes,no,yes,yes,no,yes,yes,yes,no,yes,no,no,,,,yes,unclear,unclear,yes,no,no,,,no,no,no,,,,,no,,,,Milosevic,Milosevic,yes,no,,yes,no,no,,,no,,,,no,yes,2000-09-24,SRC_NELDA
345-2000-0924-P1,SRB,Serbia (Yugoslavia),2000,Executive,no,no,yes,yes,yes,yes,no,no,yes,no,yes,yes,no,yes,yes,yes,no,yes,no,yes,yes,,,yes,yes,no,yes,yes,yes,yes,no,no,no,yes,yes,yes,no,,yes,no,yes,no,Milosevic,Kostunica,yes,no,,yes,no,no,,,no,,,,no,yes,2000-09-24,SRC_NELDA
345-2002-0929-P1,SRB,Serbia (Yugoslavia),2002,Executive,no,no,yes,yes,yes,yes,no,no,no,no,yes,yes,no,yes,no,no,no,no,yes,yes,yes,,,no,no,,yes,no,no,,,,no,no,,,,,no,,,,kostunica,kostunica,yes,yes,no,no,no,yes,no,no,yes,"un, nato, wb, ebrd",no,no,no,no,2002-09-29,SRC_NELDA
345-2002-0929-P2,SRB,Serbia (Yugoslavia),2002,Executive,no,no,yes,yes,yes,yes,no,no,no,no,yes,yes,no,yes,no,no,no,no,yes,yes,yes,,,no,no,,no,no,no,,,,no,yes,no,no,yes,no,no,,,,kostunica,kostunica,yes,yes,no,no,no,yes,no,no,yes,"un, nato, wb, ebrd",no,no,no,no,2002-10-13,SRC_NELDA
345-2002-0929-P3,SRB,Serbia (Yugoslavia),2002,Executive,no,no,yes,yes,yes,yes,no,no,no,no,yes,yes,no,yes,no,no,no,no,yes,yes,yes,,,no,no,,no,no,no,,,,no,yes,no,no,no,,no,,,,Kostunica,Kostunica,yes,yes,no,no,no,yes,no,no,yes,"un, nato, wb, ebrd",no,no,no,no,2002-12-08,SRC_NELDA
345-2003-1116-P1,SRB,Serbia (Yugoslavia),2003,Executive,no,no,yes,yes,yes,yes,yes,no,no,no,yes,yes,no,yes,no,no,no,no,yes,yes,no,no,,,no,,no,no,no,,,,no,,,,,,no,,,,Kostunica,Kostunica,yes,yes,no,no,no,yes,no,no,yes,"un, nato, wb, ebrd",no,no,no,no,2003-11-16,SRC_NELDA
345-2003-1228-L1,SRB,Serbia (Yugoslavia),2003,Legislative/Parliamentary,no,no,yes,yes,yes,yes,,,,no,yes,no,no,yes,no,no,no,no,yes,no,no,no,,yes,no,,yes,no,no,,,,no,,,,,,no,,,,Kostunica,Kostunica,yes,yes,no,no,no,yes,no,no,yes,"un, nato, wb, ebrd",no,no,no,no,2003-12-28,SRC_NELDA
345-2004-0613-P1,SRB,Serbia (Yugoslavia),2004,Executive,no,no,yes,yes,yes,yes,yes,no,no,no,yes,yes,no,yes,no,no,no,no,yes,yes,no,no,,no,no,,no,no,no,,,,no,,,,,,no,,,,,,yes,yes,no,no,no,yes,no,no,yes,"un, nato, wb, ebrd",no,no,no,no,2004-06-13,SRC_NELDA
345-2004-0613-P2,SRB,Serbia (Yugoslavia),2004,Executive,no,no,yes,yes,yes,yes,yes,no,no,no,yes,yes,no,yes,no,no,no,no,yes,yes,no,no,,yes,no,,yes,no,no,,,,no,,,,,,yes,no,no,no,,boris tadic,yes,yes,no,no,no,yes,no,no,yes,"un, nato, wb, ebrd",no,no,no,no,2004-06-27,SRC_NELDA
345-2007-0121-L1,SRB,Serbia (Yugoslavia),2007,Legislative/Parliamentary,no,no,yes,yes,yes,yes,,,,no,no,no,no,yes,no,no,yes,no,no,no,,,,no,no,,no,,no,,,no,no,no,,,,,,,,,Tadic,Tadic,yes,yes,no,no,no,no,no,yes,yes,"NATO, OSCE, UN, ICTFY, EU",no,yes,no,yes,2007-01-21,SRC_NELDA
345-2008-0120-P1,SRB,Serbia (Yugoslavia),2008,Executive,no,no,yes,yes,yes,no,no,no,no,no,no,no,no,yes,no,no,no,no,no,yes,yes,,,yes,yes,no,yes,,no,,,no,no,,,,,,no,,,,Tadic,Tadic,yes,yes,no,yes,no,no,no,no,yes,"NATO, OSCE, UN, ICTFY, EU",no,no,no,yes,2008-01-20,SRC_NELDA
345-2008-0120-P2,SRB,Serbia (Yugoslavia),2008,Executive,no,no,yes,yes,yes,no,no,no,no,no,no,no,no,yes,no,no,no,no,no,yes,yes,,,no,yes,yes,no,,no,,,,no,no,,,,,no,,,,Tadic,Tadic,yes,yes,no,yes,no,no,no,no,yes,"NATO, OSCE, UN, ICTFY, EU",no,yes,no,yes,2008-02-03,SRC_NELDA
345-2008-0511-L1,SRB,Serbia (Yugoslavia),2008,Legislative/Parliamentary,no,no,yes,yes,yes,yes,,,,no,no,no,no,no,no,no,no,no,no,no,,,,no,yes,no,no,,no,,,,no,no,,,,,,,,,Tadic,Tadic,yes,yes,no,yes,no,no,no,yes,yes,"NATO, OSCE, UN, ICTFY, EU",no,yes,no,yes,2008-05-11,SRC_NELDA
346-1996-0914-L1,BIH,Bosnia-Herzegovina,1996,Legislative/Parliamentary,no,yes,yes,yes,yes,no,,,,yes,yes,unclear,no,no,no,,no,yes,yes,no,,,,unclear,unclear,,no,yes,no,,,,yes,,,,,,,,,,Izetbegovic,Izetbegovic,yes,yes,yes,no,no,unclear,no,yes,yes,"osce, us, ec",no,no,no,yes,1996-09-14,SRC_NELDA
346-1996-0914-P1,BIH,Bosnia-Herzegovina,1996,Executive,no,yes,yes,yes,yes,no,no,no,no,yes,yes,,no,no,no,unclear,no,yes,yes,yes,yes,,,no,unclear,,,yes,no,,,,yes,no,,,,,no,,,,Izetbegovic,Izetbegovic,yes,yes,yes,no,no,unclear,no,yes,yes,"osce, us, ec",no,no,no,yes,1996-09-14,SRC_NELDA
346-1998-0912-L1,BIH,Bosnia-Herzegovina,1998,Legislative/Parliamentary,no,no,yes,yes,yes,no,,,,no,no,unclear,no,no,no,unclear,no,no,yes,no,,,,unclear,no,,yes,no,no,,,no,no,no,,,,,,,,,Izetbegovic,Radisic,yes,yes,no,no,no,unclear,no,no,yes,"osce, us",no,no,no,no,1998-09-12,SRC_NELDA
346-1998-0912-P1,BIH,Bosnia-Herzegovina,1998,Executive,no,no,yes,yes,yes,no,no,no,no,no,no,yes,no,no,no,no,no,no,yes,yes,yes,,,yes,no,,yes,no,no,,,no,no,no,,,,,yes,yes,no,no,izetbegovic,Radisic,yes,yes,no,no,no,no,no,no,yes,"OSCE, US",no,no,no,no,1998-09-12,SRC_NELDA
346-2000-1111-L1,BIH,Bosnia-Herzegovina,2000,Legislative/Parliamentary,no,no,yes,yes,yes,no,,,,no,no,unclear,no,no,no,unclear,no,no,yes,no,,,,,unclear,,yes,no,no,,,,no,,,,,,,,,,Radisic,Radisic,yes,yes,no,no,no,unclear,no,no,yes,"OSCE, US",no,no,yes,yes,2000-11-11,SRC_NELDA
346-2002-1005-L1,BIH,Bosnia-Herzegovina,2002,Legislative/Parliamentary,no,no,yes,yes,yes,no,,,,no,no,unclear,no,no,no,no,unclear,no,yes,no,,,,unclear,unclear,,yes,no,no,,,no,no,no,,,,,,,,,Belkic,Sarovic,yes,yes,no,no,no,yes,yes,no,yes,"OSCE, US",yes,no,no,yes,2002-10-05,SRC_NELDA
346-2002-1005-P1,BIH,Bosnia-Herzegovina,2002,Executive,no,no,yes,yes,yes,no,yes,yes,no,no,no,unclear,no,no,no,no,no,no,yes,yes,no,no,,unclear,unclear,,unclear,no,no,,,,no,,,,,,yes,yes,no,no,Belkic,Sarovic,yes,yes,no,no,no,yes,yes,no,yes,"OSCE, US",yes,no,no,no,2002-10-05,SRC_NELDA
346-2006-1001-L1,BIH,Bosnia-Herzegovina,2006,Legislative/Parliamentary,no,no,yes,yes,yes,no,,,,no,no,unclear,no,no,no,no,no,no,yes,no,,,,unclear,unclear,,unclear,no,no,,,no,no,no,,,,,,,,,jovic/tihic/paravac,silajdzic/radmanovic/komsic,yes,yes,no,no,no,yes,unclear,no,yes,"NATO, EU, US, UN, OSCE",no,no,no,yes,2006-10-01,SRC_NELDA
346-2006-1001-P1,BIH,Bosnia-Herzegovina,2006,Executive,no,no,yes,yes,yes,no,unclear,no,no,no,no,no,no,no,no,no,no,no,yes,yes,unclear,,,yes,unclear,,yes,no,no,,,no,no,no,,,,,yes,yes,no,no,jovic/tihic/paravac,silajdzic/radmanovic/komsic,yes,yes,no,no,no,yes,unclear,no,yes,"NATO, EU, US, UN, OSCE",no,no,no,yes,2006-10-01,SRC_NELDA
346-2010-1003-L1,BIH,Bosnia-Herzegovina,2010,Legislative/Parliamentary,no,no,yes,yes,yes,no,,,,no,no,no,no,no,no,no,no,no,yes,no,,,,unclear,yes,unclear,unclear,,no,,,no,yes,no,,,,,,,,,Silajdzic/Radmanovic/Komsic,Silajdzic/Radmanovic/Komsic,yes,yes,no,no,no,yes,no,no,yes,"NATO, US, UN, EU, OSCE",yes,no,no,yes,2010-10-03,SRC_NELDA
346-2010-1003-P1,BIH,Bosnia-Herzegovina,2010,Executive,no,no,yes,yes,yes,no,no,no,no,no,no,no,no,no,no,no,no,no,yes,yes,yes,,,unclear,yes,unclear,unclear,,no,,,no,yes,no,,,,,unclear,yes,no,no,Silajdzic/Radmanovic/Komsic,Izetbegovic/Radmanovic/Komsic,yes,yes,no,no,no,yes,no,no,yes,"NATO, US, UN, EU, OSCE",yes,no,no,yes,2010-10-03,SRC_NELDA
349-1992-1206-L1,SVN,Slovenia,1992,Legislative/Parliamentary,yes,no,yes,yes,yes,,no,no,no,no,unclear,unclear,unclear,unclear,unclear,unclear,no,yes,no,yes,yes,,,no,yes,yes,unclear,unclear,no,,,no,no,no,,,,,no,,,,Drnovsek,Drnovsek,unclear,unclear,unclear,unclear,unclear,yes,no,no,yes,"germany, ec, un",no,no,no,unclear,1992-12-06,SRC_NELDA
349-1992-1206-P1,SVN,Slovenia,1992,Executive,yes,yes,yes,yes,yes,,,,no,no,no,no,no,no,no,no,no,yes,no,no,,,,no,yes,yes,no,no,no,,,,no,,,,,,no,,,,Drnovsek,Drnovsek,yes,yes,no,no,no,yes,no,no,yes,"germany, ec, un",no,no,no,no,1992-12-06,SRC_NELDA
349-1996-1110-L1,SVN,Slovenia,1996,Legislative/Parliamentary,no,no,yes,yes,yes,no,no,no,no,no,no,unclear,no,no,no,no,yes,no,unclear,yes,yes,,,no,yes,yes,yes,no,no,,,no,no,no,,,,,no,,,,Drnovsek,Drnovsek,no,,,no,no,yes,no,no,yes,eu,no,no,no,no,1996-11-10,SRC_NELDA
349-1997-1123-P1,SVN,Slovenia,1997,Executive,no,no,yes,yes,yes,no,,,no,no,no,unclear,no,no,no,no,yes,no,unclear,no,,,,no,yes,yes,no,no,no,,,,no,,,,,,no,,,,Drnovsek,Drnovsek,no,,,no,no,yes,no,no,yes,eu,no,no,no,no,1997-11-23,SRC_NELDA
349-2000-1015-L1,SVN,Slovenia,2000,Legislative/Parliamentary,no,no,yes,yes,yes,unclear,no,no,no,no,no,unclear,no,no,no,no,yes,no,unclear,yes,yes,,,no,yes,no,no,no,no,,,no,no,no,,,,,yes,yes,no,no,Bajuk,Drnovsek,no,,,no,no,yes,no,no,yes,eu,no,no,no,no,2000-10-15,SRC_NELDA
349-2002-1110-P1,SVN,Slovenia,2002,Executive,no,no,yes,yes,yes,no,yes,no,no,no,no,unclear,no,no,no,no,yes,no,no,no,,,,,yes,,,no,no,,,,no,,,,,,yes,no,no,no,Drnovsek,Anton Rop,no,,,no,no,yes,no,no,yes,eu,no,no,no,no,2002-11-10,SRC_NELDA
349-2002-1110-P2,SVN,Slovenia,2002,Executive,no,no,yes,yes,yes,no,yes,no,no,no,no,unclear,no,no,no,no,yes,no,no,no,,,,,yes,,,no,no,,,,no,,,,,,yes,no,no,no,Drnovsek,Anton Rop,no,,,no,no,yes,no,no,yes,eu,no,no,no,no,2002-12-01,SRC_NELDA
349-2004-1003-L1,SVN,Slovenia,2004,Legislative/Parliamentary,no,no,yes,yes,yes,no,no,no,no,no,no,yes,no,no,no,no,yes,no,no,yes,yes,,,yes,yes,no,yes,no,no,,,no,no,no,,,,,yes,yes,no,no,Anton Rop,Janez Jansa,no,,,no,no,yes,no,no,yes,"eu, nato",no,no,no,no,2004-10-03,SRC_NELDA
349-2007-1021-P1,SVN,Slovenia,2007,Executive,no,no,yes,yes,yes,no,,,,no,no,no,no,no,no,no,yes,no,no,no,,,,no,yes,yes,yes,,no,,,no,no,no,,,,,,,,,Janez Jansa,Janez Jansa,no,,,no,no,yes,no,no,yes,EU,no,no,no,no,2007-10-21,SRC_NELDA
349-2007-1021-P2,SVN,Slovenia,2007,Executive,no,no,yes,yes,yes,no,,,,no,no,no,no,no,no,no,yes,no,no,no,,,,yes,yes,no,yes,,no,,,no,no,,,,,,,,,,Janez Jansa,Janez Jansa,no,,,no,no,yes,no,no,yes,EU,no,no,no,no,2007-11-11,SRC_NELDA
349-2008-0921-L1,SVN,Slovenia,2008,Legislative/Parliamentary,no,no,yes,yes,yes,no,no,no,no,no,no,no,no,no,no,no,yes,no,no,yes,yes,,,yes,yes,no,yes,,no,,,no,no,no,,,,,yes,yes,no,no,Janez Jansa,Borut Pahor,no,,,no,no,yes,no,no,yes,EU,no,no,no,no,2008-09-21,SRC_NELDA
350-1946-0331-L1,GRC,Greece,1946,Legislative/Parliamentary,yes,yes,yes,yes,yes,,no,no,no,no,yes,no,no,yes,no,no,no,yes,yes,yes,yes,,,yes,no,,yes,no,no,,,no,yes,,,,,,yes,yes,no,no,Sophoulis,Poulitsas,yes,yes,no,no,yes,yes,no,no,yes,"Britain, United States",no,no,no,no,1946-03-31,SRC_NELDA
350-1950-0305-L1,GRC,Greece,1950,Legislative/Parliamentary,no,no,yes,yes,yes,yes,yes,no,no,yes,no,no,yes,no,no,no,no,no,yes,yes,no,no,,,no,,yes,no,no,,,,no,,,,,,yes,no,no,no,Theotokis,Venizelos,no,,,no,no,yes,no,no,yes,"United States, Britain",no,no,no,no,1950-03-05,SRC_NELDA
350-1951-0909-L1,GRC,Greece,1951,Legislative/Parliamentary,no,no,yes,yes,yes,yes,no,no,no,yes,no,no,no,no,no,no,yes,yes,yes,yes,yes,,,no,no,,yes,no,no,,,,no,no,,,,,yes,yes,no,no,Venizelos,Plastiras,no,,,no,no,yes,no,no,yes,"United States, Britain",no,no,no,no,1951-09-09,SRC_NELDA
350-1952-1116-L1,GRC,Greece,1952,Legislative/Parliamentary,no,no,yes,yes,yes,yes,yes,no,no,yes,no,no,no,no,no,no,yes,yes,yes,yes,no,no,,,no,,yes,no,no,,,no,no,,,,,,yes,yes,no,no,Kiousopoulos,Papagos,no,,,no,no,yes,no,no,yes,"United States, NATO",no,no,no,no,1952-11-16,SRC_NELDA
350-1956-0219-L1,GRC,Greece,1956,Legislative/Parliamentary,no,no,yes,yes,yes,yes,no,no,no,yes,no,no,no,no,no,no,yes,no,yes,yes,yes,,,no,no,,yes,no,no,,,,no,no,,,,,no,,,,Karamanlis,Karamanlis,no,,,no,no,yes,no,no,yes,"United States, NATO",no,no,no,no,1956-02-19,SRC_NELDA
350-1958-0511-L1,GRC,Greece,1958,Legislative/Parliamentary,no,no,yes,yes,yes,yes,no,no,no,yes,no,no,no,no,no,no,yes,no,no,yes,no,no,,,no,,yes,no,no,,,no,no,,,,,,yes,yes,no,no,Georgakopoulos,Karamanlis,no,,,no,no,yes,no,no,yes,"United States, NATO",no,no,no,no,1958-05-11,SRC_NELDA
350-1961-1029-L1,GRC,Greece,1961,Legislative/Parliamentary,no,no,yes,yes,yes,yes,no,no,no,yes,no,no,no,no,no,no,yes,no,yes,yes,yes,,no,no,no,,no,yes,no,,,no,no,no,,,,,no,,,,Dovas,Karamanlis,no,,,no,no,yes,no,no,yes,"EC, NATO",no,no,no,no,1961-10-29,SRC_NELDA
350-1963-1103-L1,GRC,Greece,1963,Legislative/Parliamentary,no,no,yes,yes,yes,yes,no,no,no,yes,no,no,no,no,no,no,no,no,no,yes,yes,,yes,yes,yes,yes,yes,no,no,,,no,no,no,,,,,yes,yes,no,no,Mavromichalis,G. Papandreou,no,,,no,no,yes,no,no,yes,"EC, NATO",no,no,no,no,1963-11-03,SRC_NELDA
350-1964-0216-L1,GRC,Greece,1964,Legislative/Parliamentary,no,no,yes,yes,yes,yes,no,no,no,yes,no,no,no,no,no,no,no,no,yes,yes,yes,,no,no,no,,no,no,no,,,no,no,no,,,,,no,,,,Paraskevopoulos,G. Papandreou,no,,,no,no,yes,no,no,yes,"NATO, EC",no,no,no,no,1964-02-16,SRC_NELDA
350-1974-1117-L1,GRC,Greece,1974,Legislative/Parliamentary,yes,yes,yes,yes,yes,,no,no,no,yes,no,no,no,no,no,no,no,no,yes,yes,yes,,no,no,no,,no,no,no,,,no,no,no,,,,,no,,,,Karamanlis,Karamanlis,no,,,no,no,yes,no,yes,yes,"European Council, NATO",no,yes,no,no,1974-11-17,SRC_NELDA
350-1977-1120-L1,GRC,Greece,1977,Legislative/Parliamentary,no,no,yes,yes,yes,yes,no,no,no,no,no,yes,no,no,no,no,yes,no,yes,yes,yes,,,no,yes,yes,yes,no,no,,,no,no,no,,,,,no,,,,Karamanlis,Karamanlis,no,,,no,no,yes,no,no,yes,"EC, NATO",no,no,no,no,1977-11-20,SRC_NELDA
350-1981-1018-L1,GRC,Greece,1981,Legislative/Parliamentary,no,no,yes,yes,yes,no,no,no,no,no,no,no,no,no,no,no,no,no,yes,yes,yes,,,yes,no,,yes,no,no,,,no,no,no,,,,,yes,yes,no,no,Rallis,A. Papandreou,no,,,no,no,yes,no,no,yes,"EC, NATO",no,no,no,no,1981-10-18,SRC_NELDA
350-1985-0602-L1,GRC,Greece,1985,Legislative/Parliamentary,no,no,yes,yes,yes,yes,no,no,no,no,no,no,no,no,no,no,no,no,yes,yes,yes,,,no,yes,no,yes,no,no,,,no,no,no,,,,,no,,,,A. Papandreou,A. Papandreou,no,,,no,no,yes,no,no,yes,"EC, NATO",no,no,no,no,1985-06-02,SRC_NELDA
350-1989-0618-L1,GRC,Greece,1989,Legislative/Parliamentary,no,no,yes,yes,yes,no,no,no,no,no,no,no,no,no,no,no,no,no,yes,yes,yes,,,yes,yes,no,yes,no,no,,,no,no,no,,,,,yes,yes,no,no,A. Papandreou,Tzannetakis,no,,,no,no,yes,no,no,yes,"EC, NATO",no,no,no,no,1989-06-18,SRC_NELDA
350-1989-1105-L1,GRC,Greece,1989,Legislative/Parliamentary,no,no,yes,yes,yes,yes,yes,no,no,yes,no,no,no,no,no,no,no,no,yes,yes,no,yes,no,no,no,,yes,no,no,,,no,no,no,,,,,yes,yes,no,no,Grivas,Zolotas,no,,,no,no,yes,no,no,yes,"EC, NATO",no,no,no,no,1989-11-05,SRC_NELDA
350-1990-0408-L1,GRC,Greece,1990,Legislative/Parliamentary,no,no,yes,yes,yes,yes,yes,no,no,yes,no,no,no,no,no,no,no,no,yes,yes,no,no,,no,no,,no,no,no,,,no,no,no,,,,,yes,yes,no,no,Zolotas,Mitsotakis,no,,,no,no,yes,no,no,yes,"EC, NATO",no,no,no,no,1990-04-08,SRC_NELDA
350-1993-1010-L1,GRC,Greece,1993,Legislative/Parliamentary,no,no,yes,yes,yes,yes,no,no,no,no,no,no,no,no,no,no,no,no,yes,yes,yes,,,yes,yes,no,yes,no,no,,,no,no,no,,,,,yes,yes,no,no,Mitsotakis,A. Papandreou,no,,,no,no,yes,no,no,yes,"EC, NATO",no,no,no,no,1993-10-10,SRC_NELDA
350-1996-0922-L1,GRC,Greece,1996,Legislative/Parliamentary,no,no,yes,yes,yes,yes,no,no,no,no,no,no,no,no,no,no,no,no,yes,yes,yes,,,no,yes,no,yes,no,no,,,no,no,no,,,,,no,,,,Simitis,Simitis,no,,,no,no,yes,no,no,yes,EU. NATO,no,no,no,no,1996-09-22,SRC_NELDA
350-2000-0409-L1,GRC,Greece,2000,Legislative/Parliamentary,no,no,yes,yes,yes,yes,no,no,no,no,no,no,no,no,no,no,yes,no,yes,yes,yes,,,no,yes,yes,yes,no,no,,,no,no,no,,,,,no,,,,Simitis,Simitis,no,,,no,no,yes,no,no,yes,EU. NATO,no,no,no,no,2000-04-09,SRC_NELDA
350-2004-0307-L1,GRC,Greece,2004,Legislative/Parliamentary,no,no,yes,yes,yes,yes,yes,no,no,no,no,no,no,no,no,no,yes,no,no,yes,no,yes,no,yes,yes,no,yes,no,no,,,no,no,no,,,,,yes,yes,no,no,Simitis,Konstantinos Karamanlis,no,,,no,no,yes,no,no,yes,EU. NATO,no,no,no,no,2004-03-07,SRC_NELDA
350-2007-0916-L1,GRC,Greece,2007,Legislative/Parliamentary,no,no,yes,yes,yes,yes,no,no,no,no,no,no,no,no,no,no,yes,no,no,yes,yes,,,no,yes,yes,yes,,no,,,no,no,no,,,,,no,,,,Karamanlis,Karamanlis,no,,,no,no,yes,no,no,yes,EU,no,no,no,no,2007-09-16,SRC_NELDA
350-2009-1004-L1,GRC,Greece,2009,Legislative/Parliamentary,no,no,yes,yes,yes,yes,no,no,no,no,no,no,no,no,no,no,no,yes,no,yes,yes,,,yes,yes,no,yes,,no,,,no,no,no,,,,,yes,yes,no,no,Karamanlis,Papandreou,no,,,no,no,yes,no,no,yes,EU,no,no,no,no,2009-10-04,SRC_NELDA
352-1968-0225-P1,CYP,Cyprus,1968,Executive,yes,no,yes,yes,yes,,no,no,no,no,no,no,no,no,no,no,no,no,no,yes,yes,,,no,no,,no,no,no,,,,no,no,,,,,no,,,,Makarios,Makarios,no,,,no,no,no,no,no,no,,no,no,no,no,1968-02-25,SRC_NELDA
352-1970-0705-L1,CYP,Cyprus,1970,Legislative/Parliamentary,yes,no,yes,yes,yes,,,,,no,yes,unclear,no,yes,no,no,yes,no,yes,no,,,,,no,,yes,no,no,,,no,no,no,,,,,,,,,Makarios,Makarios,no,,,no,no,no,,,no,,,,no,no,1970-07-05,SRC_NELDA
352-1976-0905-L1,CYP,Cyprus,1976,Legislative/Parliamentary,no,no,yes,yes,yes,no,,,,no,no,unclear,no,no,no,no,yes,yes,no,no,,,,,no,,yes,no,no,,,no,no,no,,,,,,,,,Makarios,Makarios,no,,,no,no,no,,,no,,,,no,no,1976-09-05,SRC_NELDA
352-1981-0524-L1,CYP,Cyprus,1981,Legislative/Parliamentary,yes,yes,yes,yes,yes,,,,,no,yes,yes,no,yes,yes,yes,no,no,yes,no,,,,unclear,no,,yes,yes,yes,yes,no,yes,no,,,,,,no,,,,Kolingba,Kyprianou,yes,yes,yes,no,no,no,yes,no,yes,"un, eu, japan, usa,",yes,no,yes,no,1981-05-24,SRC_NELDA
352-1983-0213-P1,CYP,Cyprus,1983,Executive,no,no,yes,yes,yes,no,no,no,no,no,no,yes,no,no,no,no,yes,no,no,yes,yes,,,,yes,yes,no,,no,,,,no,no,,,,,no,,,,Kyprianou,Kyprianou,no,,,no,no,yes,no,no,yes,UN,no,no,no,no,1983-02-13,SRC_NELDA
352-1985-1208-L1,CYP,Cyprus,1985,Legislative/Parliamentary,no,no,yes,yes,yes,no,,,,no,no,yes,no,no,no,no,yes,no,yes,no,,,,yes,yes,no,no,no,no,,,,no,no,,,,,,,,,Kyprianou,Kyprianou,no,,,no,no,no,no,no,yes,un,no,no,no,no,1985-12-08,SRC_NELDA
352-1988-0214-P1,CYP,Cyprus,1988,Executive,no,no,yes,yes,yes,no,no,no,no,no,no,no,no,no,no,no,yes,no,yes,yes,yes,,,yes,yes,no,yes,no,no,,,no,no,no,,,,,no,,,,Kyprianou,Kyprianou,no,,,no,no,no,no,no,yes,"u.s., un, britain",yes,no,no,no,1988-02-14,SRC_NELDA
352-1988-0214-P2,CYP,Cyprus,1988,Executive,no,no,yes,yes,yes,no,no,no,no,no,no,no,no,no,no,no,yes,no,yes,yes,no,no,,yes,no,,yes,no,no,,,no,no,no,,,,,yes,yes,no,no,Kyprianou,Vassiliou,no,,,no,no,no,no,no,yes,"u.s., un, britain",yes,no,no,no,1988-02-21,SRC_NELDA
352-1991-0519-L1,CYP,Cyprus,1991,Legislative/Parliamentary,no,no,yes,yes,yes,yes,,,,no,no,yes,no,no,no,no,yes,no,yes,no,,,,yes,no,,no,no,no,,,no,no,no,,,,,no,,,,Vassiliou,Vassiliou,no,,,no,no,yes,no,no,yes,"un, greece, usa",no,no,no,no,1991-05-19,SRC_NELDA
352-1993-0207-P1,CYP,Cyprus,1993,Executive,no,no,yes,yes,yes,no,yes,yes,no,no,no,no,no,no,no,no,yes,no,no,yes,yes,,no,no,yes,no,no,no,no,,,no,no,no,,,,,no,,,,Vassiliou,Vassiliou,yes,yes,no,no,no,no,,,yes,un,no,no,no,no,1993-02-07,SRC_NELDA
352-1993-0207-P2,CYP,Cyprus,1993,Executive,no,no,yes,yes,yes,no,yes,yes,no,no,no,no,no,no,no,no,yes,no,no,yes,yes,,no,yes,yes,no,yes,no,no,,,no,no,no,,,,,yes,yes,no,no,Vassiliou,Clerides,yes,yes,no,no,no,no,no,no,yes,un,yes,no,no,no,1993-02-13,SRC_NELDA
352-1996-0526-L1,CYP,Cyprus,1996,Legislative/Parliamentary,no,no,yes,yes,yes,no,,,,no,no,unclear,no,no,no,no,yes,no,yes,no,,,,no,unclear,unclear,yes,no,no,,,no,no,no,,,,,no,,,,clerides,clerides,no,,,no,no,no,no,no,yes,u.s.,no,no,no,no,1996-05-26,SRC_NELDA
352-1998-0208-P1,CYP,Cyprus,1998,Executive,no,no,yes,yes,yes,no,no,no,no,no,no,no,no,no,no,no,no,no,yes,yes,yes,,,yes,yes,yes,,no,no,,,no,no,no,,,,,no,,,,Clerides,Clerides,no,,,no,no,no,no,no,yes,"u.s., un",yes,no,no,no,1998-02-08,SRC_NELDA
352-1998-0208-P2,CYP,Cyprus,1998,Executive,no,no,yes,yes,yes,no,no,no,no,no,no,no,no,no,no,no,no,no,yes,yes,yes,,,yes,yes,yes,no,no,no,,,no,no,no,,,,,no,,,,Clerides,Clerides,no,,,no,no,no,no,yes,yes,"u.s., un",yes,no,no,no,1998-02-15,SRC_NELDA
352-2001-0527-L1,CYP,Cyprus,2001,Legislative/Parliamentary,no,no,yes,yes,yes,no,,,,no,no,no,no,no,no,no,no,no,yes,no,,,,yes,yes,yes,no,no,no,,,no,no,no,,,,,no,,,,Clerides,Clerides,no,,,no,no,no,no,no,yes,"u.s., eu",no,yes,no,no,2001-05-27,SRC_NELDA
352-2003-0216-P1,CYP,Cyprus,2003,Executive,no,no,yes,yes,yes,no,no,no,no,no,no,no,no,no,no,no,no,no,yes,yes,yes,,,yes,yes,yes,yes,no,no,,,no,no,no,,,,,yes,yes,no,no,Clerides,Tassos Nikolaou Papadopoulos,no,,,no,no,no,no,no,yes,"u.s., un",yes,no,no,no,2003-02-16,SRC_NELDA
352-2006-0521-L1,CYP,Cyprus,2006,Legislative/Parliamentary,no,no,yes,yes,yes,no,no,no,no,no,no,no,no,yes,no,no,yes,no,no,yes,yes,,,no,yes,yes,no,,no,,,,no,no,,,,,no,,,,"Papadopoulos, Tassos","Papadopoulos, Tassos",no,,,,,yes,no,no,yes,"Greece, EU, USA",no,no,no,no,2006-05-21,SRC_NELDA
352-2008-0217-P1,CYP,Cyprus,2008,Executive,no,no,yes,yes,yes,no,no,no,no,no,no,no,no,yes,no,no,yes,yes,no,yes,yes,,,yes,yes,yes,yes,,no,,,no,no,,,,,,no,,,,Papadopoulos,Papadopoulos,no,,,no,no,yes,no,no,yes,EU,no,no,no,no,2008-02-17,SRC_NELDA
352-2008-0217-P2,CYP,Cyprus,2008,Executive,no,no,yes,yes,yes,no,no,no,no,no,no,,no,yes,no,no,yes,yes,no,yes,no,yes,yes,yes,no,,yes,,no,,,no,no,,,,,,yes,yes,no,no,Papadopoulos,Christofias,no,,,no,no,yes,no,no,yes,EU,no,no,no,no,2008-02-24,SRC_NELDA
355-1945-1118-L1,BGR,Bulgaria,1945,Legislative/Parliamentary,yes,no,yes,yes,yes,,no,no,no,yes,yes,yes,no,yes,yes,yes,no,no,yes,yes,yes,,,no,no,,no,yes,no,,,,no,no,,,,,no,,,,Georgiev,Georgiev,no,,,no,no,no,yes,no,yes,"US, UK",yes,no,no,yes,1945-11-18,SRC_NELDA
355-1946-1027-A1,BGR,Bulgaria,1946,Constituent Assembly,no,no,yes,yes,yes,no,no,no,no,no,yes,yes,no,no,yes,yes,no,no,yes,yes,yes,,,no,no,,yes,yes,no,,,,yes,no,,,,,yes,yes,no,no,Georgiev,Dimitrov,no,,,no,no,no,yes,no,no,,,,no,yes,1946-10-27,SRC_NELDA
355-1949-1218-L1,BGR,Bulgaria,1949,Legislative/Parliamentary,no,no,no,yes,no,yes,no,no,no,no,yes,yes,yes,no,yes,yes,yes,no,yes,yes,yes,,,no,no,,no,no,no,,,,no,no,,,,,no,,,,Kolarov,Kolarov,no,,,no,no,no,yes,no,no,,,,no,no,1949-12-18,SRC_NELDA
355-1953-1220-L1,BGR,Bulgaria,1953,Legislative/Parliamentary,no,no,no,no,no,no,yes,no,no,no,yes,yes,yes,no,,yes,no,no,no,yes,yes,,,no,no,,no,no,no,,,,no,no,,,,,no,,,,Chervenkov,Chervenkov,no,,,no,no,no,no,no,no,,,,no,no,1953-12-20,SRC_NELDA
355-1957-1222-L1,BGR,Bulgaria,1957,Legislative/Parliamentary,no,no,no,no,no,no,no,no,no,no,yes,yes,,,,yes,yes,no,no,no,,,,no,no,,no,no,no,,,,no,no,,,,,no,,,,Zhivkov,Zhivkov,no,,,no,no,no,no,no,no,,,,no,no,1957-12-22,SRC_NELDA
355-1962-0225-L1,BGR,Bulgaria,1962,Legislative/Parliamentary,no,no,no,no,yes,no,,,,no,yes,yes,yes,no,no,no,no,no,no,no,,,,no,no,,no,no,no,,,,no,no,,,,,no,,,,Zhikov,Zhikov,no,,,no,no,no,no,no,no,,no,no,no,no,1962-02-25,SRC_NELDA
355-1966-0227-L1,BGR,Bulgaria,1966,Legislative/Parliamentary,no,no,no,no,yes,no,,,,no,yes,yes,yes,no,no,no,no,no,no,no,,,,no,no,,no,no,no,,,,no,no,,,,,no,,,,Zhivkov,Zhivkov,no,,,no,no,no,no,no,yes,france,no,no,no,no,1966-02-27,SRC_NELDA
355-1971-0627-L1,BGR,Bulgaria,1971,Legislative/Parliamentary,yes,no,no,no,no,,no,no,no,no,yes,yes,,,,yes,no,no,yes,yes,yes,,,no,no,,no,no,no,,,,no,no,,,,,no,,,,todor zhivkov,todor zhivkov,no,,,no,no,no,no,no,no,,no,no,no,yes,1971-06-27,SRC_NELDA
355-1976-0530-L1,BGR,Bulgaria,1976,Legislative/Parliamentary,no,no,no,no,no,no,no,yes,no,no,yes,yes,,,,yes,no,no,yes,yes,yes,,,no,no,,,no,no,,,,no,no,,,,,no,,,,todor zhivkov,todor zhivkov,no,,,no,no,no,no,no,no,,no,no,no,yes,1976-05-30,SRC_NELDA
355-1981-0607-L1,BGR,Bulgaria,1981,Legislative/Parliamentary,no,no,no,no,no,no,,,,no,yes,yes,,,,no,yes,no,no,no,,,,no,no,,no,no,no,,,,no,,,,,,,,,,Zhikov,Zhikov,no,,,no,no,no,,,no,,,,no,no,1981-06-07,SRC_NELDA
355-1986-0608-L1,BGR,Bulgaria,1986,Legislative/Parliamentary,no,no,no,no,no,no,,,,no,yes,yes,no,no,no,no,yes,no,no,no,,,,,no,,no,no,no,,,,no,,,,,,,,,,Zhikov,Zhikov,no,,,no,no,unclear,,,no,,,,no,no,1986-06-08,SRC_NELDA
355-1990-0610-L1,BGR,Bulgaria,1990,Legislative/Parliamentary,yes,yes,yes,yes,yes,,no,no,no,yes,no,yes,no,no,no,no,no,yes,unclear,no,,,,no,yes,yes,no,,yes,yes,no,no,no,no,,,,no,no,,,,lukanov,lukanov,yes,yes,no,no,no,yes,no,unclear,yes,u.s.s.r.,unclear,unclear,no,yes,1990-06-10,SRC_NELDA
355-1990-0610-L2,BGR,Bulgaria,1990,Legislative/Parliamentary,yes,yes,yes,yes,yes,,no,no,no,yes,no,yes,no,no,no,no,no,yes,yes,no,,,,no,yes,yes,no,,yes,no,no,no,no,no,,,,,yes,no,yes,no,Mladenov,Lukanov,yes,yes,no,no,no,no,,,no,,,,no,yes,1990-06-17,SRC_NELDA
355-1991-1013-L1,BGR,Bulgaria,1991,Legislative/Parliamentary,no,no,yes,yes,yes,yes,no,no,no,yes,no,no,no,no,no,no,no,yes,yes,unclear,yes,no,no,yes,yes,yes,yes,yes,no,,,,no,no,,,,,yes,yes,no,no,Popov,Dimitrov,yes,yes,no,no,no,unclear,no,yes,yes,u.s.s.r./western europe,no,yes,no,yes,1991-10-13,SRC_NELDA
355-1992-0112-P1,BGR,Bulgaria,1992,Executive,no,no,yes,yes,yes,no,,,,no,no,yes,no,no,no,no,no,yes,yes,no,,,,no,yes,yes,no,,no,,,no,no,no,,,,no,,,,,Dimitrov,Dimitrov,yes,yes,no,no,no,yes,no,no,yes,western european countries,no,no,no,no,1992-01-12,SRC_NELDA
355-1992-0112-P2,BGR,Bulgaria,1992,Executive,no,no,yes,yes,yes,no,,,,no,no,yes,no,no,no,no,no,yes,yes,no,,,,no,yes,yes,no,,no,,,no,no,no,,,,no,,,,,Dimitrov,Berov,yes,yes,no,no,no,yes,no,no,yes,western european countries,no,no,no,no,1992-01-19,SRC_NELDA
355-1994-1218-L1,BGR,Bulgaria,1994,Legislative/Parliamentary,no,no,yes,yes,yes,yes,no,no,no,no,no,no,no,no,no,no,no,yes,yes,yes,yes,,,yes,yes,no,yes,,no,,,no,no,no,,,,,yes,yes,no,no,Berov,Indzhova,yes,yes,no,no,no,yes,no,no,yes,russia/western european nations,no,no,no,no,1994-12-18,SRC_NELDA
355-1996-1027-P1,BGR,Bulgaria,1996,Executive,no,no,yes,yes,yes,no,,,,no,no,no,no,no,no,no,,,yes,no,,,,no,yes,yes,no,,no,,,no,no,no,,,,,,,,,Videnov,Videnov,yes,yes,no,no,no,yes,no,yes,yes,russia/eu,no,no,no,no,1996-10-27,SRC_NELDA
355-1996-1027-P2,BGR,Bulgaria,1996,Executive,no,no,yes,yes,yes,no,,,,no,no,no,no,no,no,no,,,yes,no,,,,no,yes,yes,no,,no,,,no,no,no,,,,,,,,,Videnov,Videnov,yes,yes,no,no,no,yes,no,yes,yes,russia/eu,no,no,no,no,1996-11-03,SRC_NELDA
355-1997-0419-L1,BGR,Bulgaria,1997,Legislative/Parliamentary,no,no,yes,yes,yes,yes,no,no,no,no,no,no,no,no,no,no,no,yes,yes,yes,yes,,,,yes,no,yes,,no,,,no,no,no,,,,,yes,yes,no,no,sofiyanski,kostov,yes,yes,no,no,no,yes,no,yes,yes,russia/western europe,no,unclear,no,no,1997-04-19,SRC_NELDA
355-2001-0617-L1,BGR,Bulgaria,2001,Legislative/Parliamentary,no,no,yes,yes,yes,no,no,no,no,no,no,no,no,no,no,unclear,no,no,yes,yes,yes,,,yes,yes,no,yes,,no,,,no,no,no,,,,no,yes,yes,no,no,Kostov,Saksgoburggotski,yes,yes,no,no,no,yes,no,no,yes,russia/european union,no,no,no,no,2001-06-17,SRC_NELDA
355-2001-1111-P1,BGR,Bulgaria,2001,Executive,no,no,yes,yes,yes,no,,,,no,no,yes,no,no,no,no,no,no,yes,no,,,,yes,yes,yes,yes,unclear,no,,,,no,no,,,,,,,,,Saksgoburggotski,Saksgoburggotski,yes,yes,no,no,no,yes,no,no,yes,european union,no,no,no,no,2001-11-11,SRC_NELDA
355-2001-1111-P2,BGR,Bulgaria,2001,Executive,no,no,yes,yes,yes,no,,,,no,no,yes,no,no,no,no,no,no,yes,no,,,,yes,yes,yes,yes,unclear,no,,,,no,no,,,,,,,,,Saksgoburggotski,Saksgoburggotski,yes,yes,no,no,no,yes,no,no,yes,european union,no,no,no,no,2001-11-18,SRC_NELDA
355-2005-0625-L1,BGR,Bulgaria,2005,Legislative/Parliamentary,no,no,yes,yes,yes,no,no,no,no,no,no,no,no,no,no,no,yes,no,no,yes,yes,,,yes,yes,no,yes,no,no,,,no,no,no,,,,,yes,yes,no,no,Saksgoburggotski,Stanishev,yes,yes,no,no,no,yes,no,no,yes,"eu, osce",no,no,no,no,2005-06-25,SRC_NELDA
355-2006-1022-P1,BGR,Bulgaria,2006,Executive,no,no,yes,yes,yes,no,,,,no,no,yes,no,no,no,no,yes,no,no,no,,,,no,yes,yes,no,no,no,,,,no,no,,,,,,,,,Stanishev,Stanishev,yes,yes,no,no,no,yes,no,no,yes,"eu, osce",no,no,no,no,2006-10-22,SRC_NELDA
355-2006-1022-P2,BGR,Bulgaria,2006,Executive,no,no,yes,yes,yes,no,,,,no,no,yes,no,no,no,no,yes,no,no,no,,,,no,yes,yes,no,no,no,,,,no,no,,,,,,,,,Stanishev,Stanishev,yes,yes,no,no,no,yes,no,no,yes,"eu, osce",no,no,no,no,2006-10-29,SRC_NELDA
355-2009-0705-L1,BGR,Bulgaria,2009,Legislative/Parliamentary,no,no,yes,yes,yes,no,no,no,no,no,no,no,no,no,no,no,no,yes,yes,yes,yes,,,yes,yes,no,yes,,no,,,no,no,,,,,,yes,yes,no,no,Stanishev,Borisov,yes,yes,no,no,no,yes,no,no,yes,EU,no,no,no,no,2009-07-05,SRC_NELDA
359-1991-1208-P1,MDA,Moldova,1991,Executive,yes,no,yes,yes,no,,no,no,no,yes,no,yes,no,yes,no,no,no,no,yes,yes,yes,,yes,no,yes,yes,no,,yes,yes,no,no,yes,no,,,,,no,,,,Snegur,Snegur,no,no,,no,no,yes,no,yes,no,,,,no,no,1991-12-08,SRC_NELDA
359-1994-0227-L1,MDA,Moldova,1994,Legislative/Parliamentary,no,no,yes,yes,yes,no,no,no,no,no,no,unclear,no,yes,no,no,unclear,no,yes,no,,,,,no,,yes,,no,,,no,no,no,,,,,no,,,,Snegur,Snegur,yes,yes,no,no,no,yes,no,no,yes,csce,no,no,no,yes,1994-02-27,SRC_NELDA
359-1996-1117-P1,MDA,Moldova,1996,Executive,no,unclear,yes,yes,yes,no,no,no,no,no,no,yes,no,no,no,no,yes,no,yes,yes,yes,,,yes,yes,yes,no,,no,,,no,no,no,,,,,yes,yes,no,no,Snegur,Lucinschi,yes,yes,no,no,no,yes,no,no,yes,osce,no,no,no,no,1996-11-17,SRC_NELDA
359-1996-1117-P2,MDA,Moldova,1996,Executive,no,unclear,yes,yes,yes,no,no,no,no,no,no,yes,no,no,no,no,yes,no,yes,yes,yes,,,yes,yes,yes,no,,no,,,no,no,no,,,,,yes,yes,no,no,Snegur,Lucinschi,yes,yes,no,no,no,yes,no,no,yes,osce,no,no,no,no,1996-12-01,SRC_NELDA
359-1998-0322-L1,MDA,Moldova,1998,Legislative/Parliamentary,no,no,yes,yes,yes,no,no,no,no,no,no,no,no,unclear,no,no,no,no,yes,no,,,,yes,yes,no,yes,no,no,,,no,no,no,,,,,,,,,Lucinschi,Lucinschi,yes,yes,no,no,no,yes,no,no,yes,imf,no,unclear,unclear,unclear,1998-03-22,SRC_NELDA
359-2001-0225-L1,MDA,Moldova,2001,Legislative/Parliamentary,no,no,yes,yes,yes,yes,no,yes,no,no,no,no,no,no,no,no,no,yes,yes,no,,,,yes,no,,yes,,no,,,,no,no,,,,,no,,,,Lucinschi,Lucinschi,yes,yes,no,no,no,yes,no,no,yes,russia,no,yes,no,no,2001-02-25,SRC_NELDA
359-2005-0306-L1,MDA,Moldova,2005,Legislative/Parliamentary,no,no,yes,yes,yes,no,,,,no,yes,yes,no,no,yes,yes,yes,no,no,no,,,,no,yes,yes,yes,no,no,,,no,no,no,,,,,,,,,voronin,voronin,yes,yes,no,yes,no,yes,no,no,yes,osce,no,no,yes,no,2005-03-06,SRC_NELDA
359-2009-0405-L1,MDA,Moldova,2009,Legislative/Parliamentary,no,no,yes,yes,yes,no,no,no,no,no,yes,yes,no,no,no,yes,no,yes,yes,yes,yes,,,no,yes,yes,no,yes,yes,yes,yes,no,yes,no,,,,,no,,,,Zinaida Greceanii,Zinaida Greceanii,yes,yes,no,no,no,yes,no,no,yes,EU,no,no,no,no,2009-04-05,SRC_NELDA
359-2009-0729-L1,MDA,Moldova,2009,Legislative/Parliamentary,no,no,yes,yes,yes,yes,no,no,no,no,yes,no,no,no,no,yes,no,yes,yes,yes,yes,,,yes,yes,no,yes,,no,,,no,no,no,,,,,yes,yes,no,no,Zinaida Greceanii,Vitalie Pîrlog,yes,yes,no,no,no,yes,no,no,yes,EU,no,no,no,no,2009-07-29,SRC_NELDA
359-2010-1128-L1,MDA,Moldova,2010,Legislative/Parliamentary,no,no,yes,yes,yes,yes,no,no,no,no,no,no,no,no,no,no,no,yes,yes,yes,yes,,,no,yes,yes,no,,no,,,no,no,no,,,,,no,,,,Vlad Filat,Vlad Filat,yes,yes,no,no,no,yes,no,no,yes,EU,no,no,no,no,2010-11-28,SRC_NELDA
360-1946-1119-A1,ROU,Romania,1946,Constituent Assembly,yes,no,yes,yes,yes,,,,,yes,yes,yes,yes,no,yes,yes,no,yes,yes,no,,,,,no,,,yes,no,,,,yes,,,,,,no,,,,Michael,Michael,no,,,no,no,no,yes,no,no,,,,no,yes,1946-11-19,SRC_NELDA
360-1948-0328-A1,ROU,Romania,1948,Constituent Assembly,no,no,yes,yes,yes,no,,,,yes,yes,yes,yes,yes,yes,yes,no,no,no,no,,,,no,no,,no,no,no,,,,no,no,,,,,,,,,Gheorghiu-Dej,Gheorghiu-Dej,no,,,no,no,no,yes,no,no,,,,no,no,1948-03-28,SRC_NELDA
360-1952-1130-L1,ROU,Romania,1952,Legislative/Parliamentary,no,no,no,yes,yes,yes,no,no,no,no,yes,yes,yes,no,,yes,no,no,no,no,yes,,,no,no,,no,no,no,,,,no,no,,,,,no,,,,Gheorghiu-Dej,Gheorghiu-Dej,no,,,no,,no,no,no,no,,,,no,no,1952-11-30,SRC_NELDA
360-1957-0203-L1,ROU,Romania,1957,Legislative/Parliamentary,no,no,no,yes,yes,no,no,no,no,no,yes,yes,yes,no,,yes,no,no,no,no,yes,,,no,no,,no,no,no,,,,no,no,,,,,no,,,,Gheorghiu-Dej,Gheorghiu-Dej,no,,,yes,,no,no,no,no,,,,no,no,1957-02-03,SRC_NELDA
360-1961-0305-L1,ROU,Romania,1961,Legislative/Parliamentary,no,no,no,no,no,no,no,no,no,no,yes,yes,yes,no,no,no,no,no,no,yes,no,yes,yes,no,no,,no,no,no,,,,no,no,,,,,yes,yes,no,no,Georghiu-Dej,Georghiu-Dej,no,,,no,no,yes,no,no,yes,"usa, uk",no,no,no,no,1961-03-05,SRC_NELDA
360-1965-0308-L1,ROU,Romania,1965,Legislative/Parliamentary,no,no,no,no,no,no,no,no,no,no,yes,yes,yes,no,no,no,no,no,no,yes,no,yes,yes,no,no,,no,no,no,,,,no,no,,,,,no,,,,Georghiu-Dej,Ceausescu,no,,,no,no,yes,no,no,yes,"usa, uk, france",no,no,no,no,1965-03-08,SRC_NELDA
360-1969-0302-L1,ROU,Romania,1969,Legislative/Parliamentary,no,no,no,no,no,no,no,no,no,no,yes,yes,yes,no,no,no,no,no,no,yes,no,yes,yes,no,no,,no,no,no,,,,no,no,,,,,no,,,,Ceausescu,Ceausescu,no,,,no,no,yes,no,no,yes,"usa, uk, france, canada",no,no,no,no,1969-03-02,SRC_NELDA
360-1975-0309-L1,ROU,Romania,1975,Legislative/Parliamentary,no,no,no,no,yes,no,,no,,no,yes,yes,yes,,,yes,yes,no,yes,no,,,,no,yes,yes,,no,no,,,,no,no,,,,,no,,,,Ceausescu,Ceausescu,no,,,no,no,yes,no,no,yes,"imf, world bank",no,no,no,no,1975-03-09,SRC_NELDA
360-1980-0309-L1,ROU,Romania,1980,Legislative/Parliamentary,no,no,no,no,yes,no,,,,no,yes,yes,yes,no,no,no,no,no,yes,no,,,,no,no,,no,no,no,,,,no,,,,,,no,,,,Ceausescu,Ceausescu,no,,,no,no,yes,no,no,yes,"un, usa",no,no,no,no,1980-03-09,SRC_NELDA
360-1985-0317-L1,ROU,Romania,1985,Legislative/Parliamentary,no,no,no,no,yes,no,,,,no,yes,yes,yes,no,no,no,no,no,yes,no,,,,no,no,,no,no,no,,,,no,,,,,,no,,,,Ceausescu,Ceausescu,no,,,no,no,yes,no,no,yes,"un, usa",no,no,no,no,1985-03-17,SRC_NELDA
360-1990-0520-L1,ROU,Romania,1990,Legislative/Parliamentary,yes,yes,yes,yes,yes,,no,no,no,yes,no,yes,no,no,no,yes,no,yes,yes,yes,yes,,yes,no,yes,yes,no,unclear,no,,,no,unclear,no,,,,,no,,,,Roman,Roman,yes,yes,unclear,no,no,yes,no,unclear,unclear,,,,no,yes,1990-05-20,SRC_NELDA
360-1990-0520-P1,ROU,Romania,1990,Executive,yes,yes,yes,yes,yes,,,,,yes,no,yes,no,no,no,yes,no,yes,yes,no,,,yes,no,yes,yes,no,unclear,no,,,no,unclear,no,,,,,,,,,Roman,Roman,yes,yes,unclear,no,no,yes,no,unclear,unclear,,,,no,yes,1990-05-20,SRC_NELDA
360-1992-0927-L1,ROU,Romania,1992,Legislative/Parliamentary,no,no,yes,yes,yes,no,no,no,no,no,no,unclear,no,no,no,no,no,no,yes,no,,,,no,unclear,unclear,yes,unclear,no,,,no,no,no,,,,,,,,,Stolojan,Vacariou,yes,yes,no,no,no,yes,no,yes,unclear,,,,no,yes,1992-09-27,SRC_NELDA
360-1992-0927-P1,ROU,Romania,1992,Executive,no,no,yes,yes,yes,no,no,no,no,no,no,yes,no,no,no,no,no,no,yes,yes,yes,,,no,no,,no,yes,no,,,no,no,no,,,,,no,,,,Roman,Roman,yes,yes,no,no,no,yes,no,no,no,,,,no,yes,1992-09-27,SRC_NELDA
360-1992-0927-P2,ROU,Romania,1992,Executive,no,no,yes,yes,yes,no,no,no,no,no,no,yes,no,no,no,no,no,no,yes,yes,yes,,,no,no,,no,yes,no,,,no,no,no,,,,,no,,,,Roman,Stolojan,yes,yes,no,no,no,yes,no,no,no,,,,no,yes,1992-10-11,SRC_NELDA
360-1996-1103-L1,ROU,Romania,1996,Legislative/Parliamentary,no,no,yes,yes,yes,no,no,no,no,no,no,no,no,no,no,no,yes,no,yes,yes,yes,,,yes,yes,no,yes,no,no,,,no,no,no,,,,,yes,yes,no,no,Vacariou,Ciorbea,yes,yes,no,no,no,yes,no,unclear,unclear,,unclear,unclear,no,no,1996-11-03,SRC_NELDA
360-1996-1103-P1,ROU,Romania,1996,Executive,no,no,yes,yes,yes,no,no,no,no,no,no,no,no,no,no,no,yes,no,yes,no,,,,no,yes,no,no,no,no,,,no,no,no,,,,,no,,,,Vacariou,Ciorbea,yes,yes,no,no,no,yes,no,unclear,unclear,,unclear,unclear,no,no,1996-11-03,SRC_NELDA
360-1996-1103-P2,ROU,Romania,1996,Executive,no,no,yes,yes,yes,no,no,no,no,no,no,no,no,no,no,no,yes,no,yes,no,,,,yes,yes,no,no,no,no,,,no,no,no,,,,,no,,,,Vacariou,Ciorbea,yes,yes,no,no,no,yes,no,unclear,unclear,,unclear,unclear,no,no,1996-11-17,SRC_NELDA
360-2000-1126-L1,ROU,Romania,2000,Legislative/Parliamentary,no,no,yes,yes,yes,no,no,no,no,no,no,no,no,no,no,no,no,no,yes,yes,yes,,,yes,yes,no,yes,no,no,,,no,no,no,,,,,yes,yes,no,no,Isarescu,A. Nastase,yes,yes,no,no,no,yes,no,no,no,,no,no,no,no,2000-11-26,SRC_NELDA
360-2000-1126-P1,ROU,Romania,2000,Executive,no,no,yes,yes,yes,no,,,,no,no,no,no,no,no,no,no,no,yes,yes,no,yes,no,yes,yes,no,yes,,no,,,no,no,no,,,,,,,,,Isarescu,A. Natase,yes,yes,no,no,no,yes,no,no,no,,no,no,no,no,2000-11-26,SRC_NELDA
360-2000-1126-P2,ROU,Romania,2000,Executive,no,no,yes,yes,yes,no,,,,no,no,no,no,no,no,no,no,no,yes,yes,no,yes,no,yes,yes,no,yes,,no,,,no,no,no,,,,,,,,,Isarescu,A. Natase,yes,yes,no,no,no,yes,no,no,no,,no,no,no,no,2000-12-10,SRC_NELDA
360-2004-1128-L1,ROU,Romania,2004,Legislative/Parliamentary,no,no,yes,yes,yes,no,yes,no,no,no,no,unclear,no,no,yes,yes,yes,no,yes,yes,no,unclear,yes,no,yes,yes,yes,yes,no,,,no,no,no,,,,,yes,yes,no,no,a. nastase,traian basescu,yes,yes,yes,no,no,yes,no,no,yes,european union,no,no,no,no,2004-11-28,SRC_NELDA
360-2004-1128-P1,ROU,Romania,2004,Executive,no,no,yes,yes,yes,no,yes,no,no,no,no,unclear,no,no,yes,yes,yes,no,yes,no,,,,yes,yes,yes,yes,yes,no,,,,no,no,,,,,yes,yes,no,no,a. nastase,traian basescu,yes,yes,yes,no,no,yes,no,no,yes,european union,no,no,no,no,2004-11-28,SRC_NELDA
360-2004-1128-P2,ROU,Romania,2004,Executive,no,no,yes,yes,yes,no,yes,no,no,no,no,unclear,no,no,yes,yes,yes,no,yes,no,,,,yes,yes,yes,yes,yes,no,,,,no,no,,,,,yes,yes,no,no,a. nastase,traian basescu,yes,yes,yes,no,no,yes,no,no,yes,european union,no,no,no,no,2004-12-12,SRC_NELDA
360-2007-0519-P1,ROU,Romania,2007,Executive,no,no,yes,yes,no,,no,no,no,no,no,no,,,no,no,yes,no,no,yes,yes,,,no,no,,no,,no,,,,no,no,,,,,no,,,,Basescu,Basescu,no,,,no,no,yes,no,no,yes,"US, EU, Germany, Italy",no,no,no,no,2007-05-19,SRC_NELDA
360-2008-1130-L1,ROU,Romania,2008,Legislative/Parliamentary,no,no,yes,yes,yes,no,no,no,no,no,no,no,no,no,no,no,no,yes,no,yes,yes,,,yes,yes,no,yes,no,no,,,no,,,,,,,yes,yes,no,no,Calin Popescu-Tariceanu,Emil Boc,no,,,no,no,yes,no,no,yes,"US, EU, Germany, Italy",no,no,no,no,2008-11-30,SRC_NELDA
360-2009-1122-P1,ROU,Romania,2009,Executive,no,no,yes,yes,yes,no,,,,no,no,no,no,no,no,no,no,yes,no,no,,,,no,yes,yes,no,,no,,,,no,no,,,,,,,,,Emil Boc,Emil Boc,yes,yes,no,no,no,yes,no,no,yes,"US, EU, Germany, Italy",no,no,no,no,2009-11-22,SRC_NELDA
360-2009-1122-P2,ROU,Romania,2009,Executive,no,no,yes,yes,yes,no,,,,no,no,no,no,no,no,no,no,yes,no,no,,,,no,yes,no,yes,no,no,,,,no,no,,,,,,,,,Emil Boc,Emil Boc,yes,yes,no,no,no,yes,no,no,yes,"US, EU, Germany, Italy",no,no,no,no,2009-12-06,SRC_NELDA
365-1946-0210-L1,RUS,Russia,1946,Legislative/Parliamentary,yes,no,no,no,no,,no,,,no,yes,yes,yes,,,yes,yes,no,no,no,,,,no,no,,,no,no,,,,no,no,,,,,no,,,,Stalin,Stalin,no,,,no,no,no,no,no,no,,,,no,no,1946-02-10,SRC_NELDA
365-1950-0312-L1,RUS,Russia,1950,Legislative/Parliamentary,no,no,no,no,no,no,,,,no,yes,yes,,,,yes,yes,no,no,no,,,,no,no,,,no,no,,,,no,no,,,,,no,,,,Stalin,Stalin,no,,,no,no,no,no,no,no,,,,no,no,1950-03-12,SRC_NELDA
365-1954-0314-L1,RUS,Russia,1954,Legislative/Parliamentary,no,no,no,no,no,no,,,,no,yes,yes,,,,yes,yes,no,no,no,,,,no,no,,,no,no,,,,no,no,,,,,no,,,,Khrushchev,Krushchev,no,,,no,no,no,no,no,no,,,,no,no,1954-03-14,SRC_NELDA
365-1958-0316-L1,RUS,Russia,1958,Legislative/Parliamentary,no,no,no,no,no,no,,,,no,yes,yes,,,,yes,yes,no,no,no,,,,no,no,,,no,no,,,,no,no,,,,,no,,,,Kruschchev,Krushchev,no,,,no,no,no,no,no,no,,,,no,no,1958-03-16,SRC_NELDA
365-1970-0614-L1,RUS,Russia,1970,Legislative/Parliamentary,no,no,no,no,no,no,no,no,no,no,yes,yes,,,,yes,yes,no,no,no,,,,,no,,,no,no,,,,no,no,,,,,,,,,Brezhnev,Brezhnev,no,,,no,no,no,,,yes,UN,no,no,no,no,1970-06-14,SRC_NELDA
365-1974-0616-L1,RUS,Russia,1974,Legislative/Parliamentary,no,no,no,no,no,no,no,no,no,no,yes,yes,yes,,,yes,yes,no,no,no,,,,,no,,,,no,,,,no,no,,,,,,,,,Brezhnev,Brezhnev,no,,,no,no,no,no,no,yes,UN,no,no,no,no,1974-06-16,SRC_NELDA
365-1979-0304-L1,RUS,Russia,1979,Legislative/Parliamentary,no,no,no,no,no,no,no,no,yes,no,yes,yes,,,,yes,yes,no,no,no,,,,,no,,,no,no,,,,no,no,,,,,,,,,Brezhnev,Brezhnev,no,,,no,no,no,no,no,yes,UN,no,no,no,no,1979-03-04,SRC_NELDA
365-1984-0304-L1,RUS,Russia,1984,Legislative/Parliamentary,no,no,no,no,yes,no,,,,no,yes,yes,yes,no,no,no,no,no,no,no,,,,no,no,,no,no,no,,,,no,,,,,,no,,,,Chernenko,Chernenko,no,,,no,no,no,no,no,yes,un,no,no,no,no,1984-03-04,SRC_NELDA
365-1989-0326-L1,RUS,Russia,1989,Legislative/Parliamentary,no,no,no,no,yes,no,,,,no,yes,yes,yes,no,no,no,no,no,no,no,,,,no,no,,no,no,no,,,,no,,,,,,no,,,,Gorbachev,Gorbachev,no,,,no,no,no,no,no,yes,un,no,no,no,no,1989-03-26,SRC_NELDA
365-1990-0304-L1,RUS,Russia,1990,Legislative/Parliamentary,yes,no,no,no,yes,,no,no,no,no,no,yes,,,,no,no,yes,yes,no,,,,no,yes,yes,yes,,no,,,no,no,no,,,,no,,,,,Gorbachev,Gorbachev,yes,yes,no,no,unclear,unclear,no,unclear,no,,,,no,no,1990-03-04,SRC_NELDA
365-1991-0612-P1,RUS,Russia,1991,Executive,yes,yes,yes,yes,yes,,no,no,no,no,no,no,yes,no,no,no,no,yes,,yes,yes,,,yes,yes,no,yes,,no,,,no,no,no,,,,,yes,yes,no,no,Gorbachev,Yeltsin,yes,yes,no,no,no,yes,no,unclear,no,,,,no,unclear,1991-06-12,SRC_NELDA
365-1993-1212-L1,RUS,Russia,1993,Legislative/Parliamentary,no,no,yes,yes,yes,no,no,no,no,no,no,unclear,no,no,no,yes,no,yes,yes,no,,,,no,yes,unclear,yes,,no,,,no,yes,no,,,,,,,,,Yeltsin,Yeltsin,yes,yes,no,no,no,yes,yes,no,yes,imf,unclear,unclear,no,no,1993-12-12,SRC_NELDA
365-1995-1217-L1,RUS,Russia,1995,Legislative/Parliamentary,no,no,yes,yes,yes,no,no,no,no,no,no,unclear,no,no,no,no,no,no,yes,no,,,,yes,yes,no,yes,,no,,,no,no,no,,,,,no,,,,Yeltsin,Yeltsin,,,,,,yes,unclear,no,yes,imf,unclear,no,no,no,1995-12-17,SRC_NELDA
365-1996-0616-P1,RUS,Russia,1996,Executive,no,unclear,yes,yes,yes,no,no,no,no,no,no,yes,no,no,no,yes,no,no,yes,yes,yes,,,no,yes,unclear,no,,no,,,no,no,no,,,,,no,,,,Yeltsin,Yeltsin,yes,yes,no,no,no,yes,no,no,yes,imf,no,no,no,no,1996-06-16,SRC_NELDA
365-1996-0616-P2,RUS,Russia,1996,Executive,no,unclear,yes,yes,yes,no,no,no,no,no,no,yes,no,no,no,yes,no,no,yes,yes,yes,,,no,yes,unclear,no,,no,,,no,no,no,,,,,no,,,,Yeltsin,Yeltsin,yes,yes,no,no,no,yes,no,no,yes,imf,no,no,no,no,1996-07-03,SRC_NELDA
365-1999-1219-L1,RUS,Russia,1999,Legislative/Parliamentary,no,no,yes,yes,yes,no,no,no,no,no,no,no,no,no,no,yes,no,no,yes,no,,,,no,,,yes,,no,,,no,no,no,,,,,no,,,,Yeltsin,Putin,yes,yes,no,no,no,yes,no,no,yes,imf,no,no,no,no,1999-12-19,SRC_NELDA
365-2000-0326-P1,RUS,Russia,2000,Executive,no,no,yes,yes,yes,yes,yes,yes,no,no,no,yes,no,no,no,unclear,unclear,no,,yes,no,yes,yes,no,yes,yes,no,,no,,,,no,no,,,,,no,,,,Putin,Putin,yes,yes,no,no,no,yes,no,no,yes,imf,no,no,no,no,2000-03-26,SRC_NELDA
365-2003-1207-L1,RUS,Russia,2003,Legislative/Parliamentary,no,no,yes,yes,yes,no,no,no,no,no,no,yes,unclear,no,yes,yes,yes,no,yes,no,,,,no,yes,yes,no,yes,no,,,no,yes,no,,,,,no,,,,Putin,Putin,yes,yes,yes,no,no,yes,no,no,yes,imf,no,no,no,no,2003-12-07,SRC_NELDA
365-2004-0314-P1,RUS,Russia,2004,Executive,no,no,yes,yes,yes,no,no,no,no,no,yes,yes,no,no,yes,yes,,,yes,yes,yes,,yes,no,unclear,yes,no,yes,no,,,no,yes,no,,,,,no,,,,Putin,Putin,yes,yes,yes,no,no,yes,no,no,yes,imf,no,no,no,no,2004-03-14,SRC_NELDA
365-2007-1202-L1,RUS,Russia,2007,Legislative/Parliamentary,no,no,yes,yes,yes,no,,,,no,no,no,no,no,yes,yes,yes,no,no,no,,,,no,yes,yes,no,yes,no,,,,no,no,,,,,,,,,Putin,Putin,yes,yes,yes,yes,yes,no,no,no,yes,"EU, US",no,no,no,no,2007-12-02,SRC_NELDA
365-2008-0302-P1,RUS,Russia,2008,Executive,no,no,yes,yes,yes,no,yes,yes,no,no,yes,yes,no,no,yes,yes,yes,no,no,yes,no,yes,yes,no,yes,yes,no,yes,no,,,,no,no,,,,,yes,yes,no,no,Putin,Medvedev,yes,yes,no,no,yes,no,no,no,yes,"EU, US",no,no,no,no,2008-03-02,SRC_NELDA
366-1990-0318-L1,EST,Estonia,1990,Legislative/Parliamentary,yes,yes,yes,yes,yes,,no,no,no,no,no,no,no,no,no,no,no,no,yes,yes,yes,,,yes,yes,no,yes,,no,,,,no,no,,,,no,unclear,unclear,no,no,gorbachev,gorbachev,yes,yes,no,no,no,yes,no,no,yes,eu,no,no,no,no,1990-03-18,SRC_NELDA
366-1992-0920-L1,EST,Estonia,1992,Legislative/Parliamentary,yes,yes,yes,yes,yes,,no,no,no,no,no,,no,no,no,no,no,no,yes,yes,yes,,no,yes,yes,no,yes,,no,,,no,no,no,,,,,yes,yes,no,no,Vahi,Laar,yes,yes,no,no,no,yes,no,no,yes,eu,no,no,no,no,1992-09-20,SRC_NELDA
366-1995-0305-L1,EST,Estonia,1995,Legislative/Parliamentary,no,no,yes,yes,yes,no,no,no,no,no,no,no,no,no,no,no,unclear,no,yes,yes,yes,,,yes,yes,no,yes,,no,,,no,no,no,,,,,yes,yes,no,no,Tarand,Vahi,yes,yes,no,no,no,yes,no,no,yes,eu & european member states,no,no,no,no,1995-03-05,SRC_NELDA
366-1999-0307-L1,EST,Estonia,1999,Legislative/Parliamentary,no,no,yes,yes,yes,no,no,no,no,no,no,no,no,no,no,no,yes,no,unclear,yes,yes,,,yes,yes,no,yes,,no,,,no,no,no,,,,,yes,yes,no,no,Silimann,Laar,yes,yes,no,no,no,yes,no,no,yes,eu,no,no,no,no,1999-03-07,SRC_NELDA
366-2003-0302-L1,EST,Estonia,2003,Legislative/Parliamentary,no,no,yes,yes,yes,no,no,no,no,no,no,unclear,no,no,no,no,yes,no,yes,yes,yes,,,unclear,yes,unclear,yes,,no,,,no,no,no,,,,no,yes,yes,no,no,Kallas,Parts,unclear,unclear,,no,no,yes,no,no,yes,eu,no,no,no,no,2003-03-02,SRC_NELDA
366-2007-0304-L1,EST,Estonia,2007,Legislative/Parliamentary,no,no,yes,yes,yes,no,no,no,no,no,no,no,no,no,no,no,yes,no,no,yes,yes,,,no,no,,no,,no,,,,no,no,,,,,no,,,,Ansip,Ansip,yes,yes,no,no,no,yes,no,no,yes,"EU, OSCE, NATO",no,no,no,no,2007-03-04,SRC_NELDA
367-1993-0605-L1,LVA,Latvia,1993,Legislative/Parliamentary,yes,yes,yes,yes,yes,,no,no,no,no,no,no,no,no,no,no,yes,no,yes,yes,,,,yes,,,,,no,,,no,no,no,,,,,yes,yes,no,no,Godmanis,Birkavs,yes,yes,no,no,no,yes,no,yes,unclear,,unclear,unclear,no,no,1993-06-05,SRC_NELDA
367-1995-0930-L1,LVA,Latvia,1995,Legislative/Parliamentary,no,no,yes,yes,yes,no,no,no,no,no,no,unclear,no,no,no,no,unclear,no,no,yes,yes,,,no,yes,yes,yes,,no,,,,no,no,,,,,yes,yes,no,no,Gailis,Skele,yes,yes,no,no,no,yes,no,unclear,yes,european union,no,unclear,no,no,1995-09-30,SRC_NELDA
367-1998-1003-L1,LVA,Latvia,1998,Legislative/Parliamentary,no,no,yes,yes,yes,no,no,no,no,no,no,no,no,no,no,no,yes,no,unclear,yes,yes,,no,unclear,yes,no,yes,,no,,,no,no,,,,,,yes,yes,no,no,Krasts,Kristopans,yes,yes,no,no,no,yes,no,no,yes,eu,no,no,no,no,1998-10-03,SRC_NELDA
367-2002-1005-L1,LVA,Latvia,2002,Legislative/Parliamentary,no,no,yes,yes,yes,no,no,no,no,no,no,no,no,no,no,unclear,yes,no,yes,yes,yes,,no,yes,yes,no,yes,,no,,,,no,,,,,,yes,yes,no,no,Berzins,Repse,yes,yes,no,no,no,yes,no,no,yes,eu,no,no,no,no,2002-10-05,SRC_NELDA
367-2006-1007-L1,LVA,Latvia,2006,Legislative/Parliamentary,no,no,yes,yes,yes,no,,,,no,yes,no,no,no,yes,no,yes,no,yes,no,,,,no,yes,yes,no,no,no,,,no,no,no,,,,,no,,,,aigars kalvitis,aigars kalvitis,yes,yes,no,no,no,yes,no,no,yes,"u.s., eu",no,no,no,no,2006-10-07,SRC_NELDA
367-2010-1002-L1,LVA,Latvia,2010,Legislative/Parliamentary,no,no,yes,yes,yes,no,no,no,no,no,no,no,no,no,no,no,no,yes,yes,yes,yes,,,no,yes,no,no,no,no,,,,no,no,,,,,no,,,,Valdis Dombrovskis,Valdis Dombrovskis,yes,yes,no,no,no,yes,yes,no,yes,"EU, OSCE, IMF, World Bank, NATO, UN",no,yes,no,yes,2010-10-02,SRC_NELDA
368-1992-1025-L1,LTU,Lithuania,1992,Legislative/Parliamentary,no,no,yes,yes,yes,no,no,no,no,no,no,no,no,no,no,no,no,yes,yes,yes,yes,,,yes,yes,no,yes,,no,,,no,no,no,,,,,yes,yes,no,no,Landsbergis,Brazauskas,yes,yes,no,no,no,yes,no,no,yes,"un, world bank, imf, who",no,no,no,no,1992-10-25,SRC_NELDA
368-1992-1025-L2,LTU,Lithuania,1992,Legislative/Parliamentary,no,no,yes,yes,yes,no,no,no,no,no,no,no,no,no,no,no,no,yes,yes,yes,yes,,,yes,yes,no,yes,,no,,,no,no,no,,,,,yes,yes,no,no,Landsbergis,Brazauskas,yes,yes,no,no,no,yes,no,no,yes,"un, world bank, imf, who",no,no,no,no,1992-11-15,SRC_NELDA
368-1993-0214-P1,LTU,Lithuania,1993,Executive,no,no,yes,yes,yes,no,no,no,no,no,no,yes,no,no,no,no,no,yes,yes,yes,yes,,,no,yes,yes,no,,no,,,no,no,no,,,,,no,,,,Brazauskas,Brazauskas,yes,yes,no,no,no,yes,no,no,yes,"un, world bank, imf, who, unicef, osce",no,no,no,no,1993-02-14,SRC_NELDA
368-1996-1020-L1,LTU,Lithuania,1996,Legislative/Parliamentary,no,no,yes,yes,yes,no,,,,no,no,no,no,no,no,no,no,yes,yes,no,,,,yes,yes,no,yes,,no,,,no,no,no,,,,,,,,,Brazauskas,Brazauskas,yes,yes,no,no,no,yes,no,no,yes,"un, world bank, imf, who, unicef, osce",no,no,no,no,1996-10-20,SRC_NELDA
368-1996-1020-L2,LTU,Lithuania,1996,Legislative/Parliamentary,no,no,yes,yes,yes,no,,,,no,no,no,no,no,no,no,no,yes,yes,no,,,,yes,yes,no,yes,,no,,,no,no,no,,,,,,,,,Brazauskas,Brazauskas,yes,yes,no,no,no,yes,no,no,yes,"un, world bank, imf, who, unicef, osce",no,no,no,no,1996-11-10,SRC_NELDA
368-1997-1221-P1,LTU,Lithuania,1997,Executive,no,no,yes,yes,yes,no,yes,no,no,no,no,yes,no,no,no,no,no,yes,yes,yes,no,yes,no,yes,yes,yes,yes,,no,,,no,no,no,,,,,yes,yes,no,no,Brazauskas,Brazauskas,no,,,no,no,yes,no,no,yes,"un, world bank, imf, who, unicef, osce",no,no,no,no,1997-12-21,SRC_NELDA
368-1997-1221-P2,LTU,Lithuania,1998,Executive,no,no,yes,yes,yes,no,yes,no,no,no,no,yes,no,no,no,no,no,yes,yes,yes,no,yes,no,yes,yes,yes,yes,,no,,,no,no,no,,,,,yes,yes,no,no,Brazauskas,Adamkus,no,,,no,no,yes,no,no,yes,"un, world bank, imf, who, unicef, osce",no,no,no,no,1998-01-04,SRC_NELDA
368-2000-1008-L1,LTU,Lithuania,2000,Legislative/Parliamentary,no,no,yes,yes,yes,no,,,,no,no,no,no,no,no,no,no,yes,yes,no,,,,yes,yes,no,yes,,no,,,no,no,no,,,,,,,,,Adamkus,Adamkus,no,,,no,no,yes,no,no,yes,"un, world bank, imf, who, unicef, osce",no,no,no,yes,2000-10-08,SRC_NELDA
368-2002-1222-P1,LTU,Lithuania,2002,Executive,no,no,yes,yes,yes,no,no,no,no,no,no,yes,no,no,no,no,no,yes,yes,yes,yes,,,yes,yes,yes,yes,,no,,,no,no,no,,,,,yes,yes,no,no,Adamkus,Adamkus,no,,,no,no,yes,no,no,yes,"un, world bank, imf, who, unicef, osce",no,no,no,no,2002-12-22,SRC_NELDA
368-2002-1222-P2,LTU,Lithuania,2003,Executive,no,no,yes,yes,yes,no,no,no,no,no,no,yes,no,no,no,no,no,yes,yes,yes,yes,,,yes,yes,yes,yes,,no,,,no,no,no,,,,,yes,yes,no,no,Adamkus,Paksas,no,,,no,no,yes,no,no,yes,"un, world bank, imf, who, unicef, osce",no,no,no,no,2003-01-05,SRC_NELDA
368-2004-0613-P1,LTU,Lithuania,2004,Executive,no,no,yes,yes,yes,yes,yes,no,no,yes,no,no,no,no,no,no,no,yes,yes,yes,no,no,,yes,unclear,,yes,,no,,,no,no,no,,,,,yes,yes,no,no,Paulauskas,Paulauskas,no,,,no,no,yes,no,no,yes,"un, eu, world bank, imf, who, unicef, osce",no,no,no,no,2004-06-13,SRC_NELDA
368-2004-0613-P2,LTU,Lithuania,2004,Executive,no,no,yes,yes,yes,yes,yes,no,no,yes,no,no,no,no,no,no,no,yes,yes,yes,no,no,,yes,unclear,,yes,,no,,,no,no,no,,,,,yes,yes,no,no,paulaskas,adamkus,no,,,no,no,yes,no,no,yes,"un, eu, world bank, imf, who, unicef, osce",no,no,no,no,2004-06-27,SRC_NELDA
368-2004-1010-L1,LTU,Lithuania,2004,Legislative/Parliamentary,no,no,yes,yes,yes,no,,,,yes,no,no,no,no,no,no,no,yes,yes,no,,,,yes,yes,no,yes,,no,,,no,no,no,,,,,,,,,Adamkus,Adamkus,no,,,no,no,yes,no,no,yes,"un, eu, world bank, imf, who, unicef, osce",no,no,no,no,2004-10-10,SRC_NELDA
368-2004-1010-L2,LTU,Lithuania,2004,Legislative/Parliamentary,no,no,yes,yes,yes,no,,,,yes,no,no,no,no,no,no,no,yes,yes,no,,,,yes,yes,no,yes,,no,,,no,no,no,,,,,,,,,Adamkus,Adamkus,no,,,no,no,yes,no,no,yes,"un, eu, world bank, imf, who, unicef, osce",no,no,no,no,2004-10-24,SRC_NELDA
368-2008-1012-L1,LTU,Lithuania,2008,Legislative/Parliamentary,no,no,yes,yes,yes,no,,,,no,no,no,no,no,no,yes,yes,no,no,no,,,,,yes,no,yes,,no,,,no,no,no,,,,,,,,,Valdas Adamkus,Valdas Adamkus,yes,yes,no,no,no,yes,no,no,yes,EU,no,no,no,no,2008-10-12,SRC_NELDA
368-2008-1012-L2,LTU,Lithuania,2008,Legislative/Parliamentary,no,no,yes,yes,yes,no,,,,no,no,no,no,no,no,yes,yes,no,no,no,,,,,yes,no,yes,,no,,,no,no,no,,,,,,,,,Valdas Adamkus,Valdas Adamkus,yes,yes,no,no,no,yes,no,no,yes,EU,no,no,no,no,2008-10-26,SRC_NELDA
368-2009-0517-P1,LTU,Lithuania,2009,Executive,no,no,yes,yes,yes,no,yes,no,no,no,no,no,no,no,no,no,no,yes,no,yes,no,no,,,yes,,,,no,,,no,no,,,,,,yes,yes,no,no,Valdas Adamkus,Dalia Grybauskaite,yes,yes,no,no,no,yes,no,no,yes,EU,no,no,no,no,2009-05-17,SRC_NELDA
369-1991-1201-P1,UKR,Ukraine,1991,Executive,yes,yes,yes,yes,yes,,no,no,no,no,yes,unclear,no,no,no,yes,no,unclear,no,yes,yes,,,no,yes,yes,no,unclear,no,,,no,no,no,,,,,no,,,,Kravchuk,Kravchuk,yes,yes,unclear,no,no,unclear,unclear,unclear,no,,,,no,no,1991-12-01,SRC_NELDA
369-1994-0327-L1,UKR,Ukraine,1994,Legislative/Parliamentary,yes,no,yes,yes,yes,,,,no,no,yes,no,no,no,no,yes,no,yes,yes,no,,,,yes,yes,,no,yes,no,,,no,no,no,,,,,no,,,,Kravchuk,Kravchuk,yes,yes,yes,no,no,yes,no,no,yes,w. europe,no,no,no,no,1994-03-27,SRC_NELDA
369-1994-0327-L2,UKR,Ukraine,1994,Legislative/Parliamentary,yes,no,yes,yes,yes,,,,no,no,yes,no,no,no,no,yes,no,yes,yes,no,,,,yes,yes,,no,yes,no,,,no,no,no,,,,,no,,,,Kravchuk,Kravchuk,yes,yes,yes,no,no,yes,no,no,yes,w. europe,no,no,no,no,1994-04-10,SRC_NELDA
369-1994-0327-L3,UKR,Ukraine,1994,Legislative/Parliamentary,yes,no,yes,yes,yes,,,,no,no,yes,no,no,no,no,yes,no,yes,yes,no,,,,yes,yes,,no,yes,no,,,no,no,no,,,,,no,,,,Kravchuk,Kuchma,yes,yes,yes,no,no,yes,no,no,yes,w. europe,no,no,no,no,1994-07-24,SRC_NELDA
369-1994-0327-L4,UKR,Ukraine,1994,Legislative/Parliamentary,yes,no,yes,yes,yes,,,,no,no,yes,no,no,no,no,yes,no,yes,yes,no,,,,yes,yes,,no,yes,no,,,no,no,no,,,,,no,,,,Kuchma,Kuchma,yes,yes,yes,no,no,yes,no,no,yes,w. europe,no,no,no,no,1994-07-31,SRC_NELDA
369-1994-0327-L5,UKR,Ukraine,1994,Legislative/Parliamentary,yes,no,yes,yes,yes,,,,no,no,yes,no,no,no,no,yes,no,yes,yes,no,,,,yes,yes,,no,yes,no,,,no,no,no,,,,,no,,,,Kuchma,Kuchma,yes,yes,yes,no,no,yes,no,no,yes,w. europe,no,no,no,no,1994-11-20,SRC_NELDA
369-1994-0327-L6,UKR,Ukraine,1994,Legislative/Parliamentary,yes,no,yes,yes,yes,,,,no,no,yes,no,no,no,no,yes,no,yes,yes,no,,,,yes,yes,,no,yes,no,,,no,no,no,,,,,no,,,,Kuchma,Kuchma,yes,yes,yes,no,no,yes,no,no,yes,w. europe,no,no,no,no,1994-12-10,SRC_NELDA
369-1994-0626-P1,UKR,Ukraine,1994,Executive,no,no,yes,yes,yes,yes,no,no,no,no,yes,yes,no,no,no,yes,no,yes,yes,yes,yes,,,no,yes,no,no,yes,no,,,no,no,no,,,,,no,,,,kravchuk,kravchuk,yes,yes,no,no,no,yes,no,no,yes,w. europe,no,no,no,no,1994-06-26,SRC_NELDA
369-1994-0626-P2,UKR,Ukraine,1994,Executive,no,no,yes,yes,yes,yes,no,no,no,no,yes,no,no,no,no,yes,no,yes,yes,yes,yes,,,yes,no,,yes,yes,no,,,no,no,no,,,,,yes,yes,no,no,Kravchuk,Kuchma,yes,yes,no,no,no,yes,no,no,yes,w. europe,no,no,no,no,1994-07-10,SRC_NELDA
369-1998-0329-L1,UKR,Ukraine,1998,Legislative/Parliamentary,no,no,yes,yes,yes,no,,,no,no,yes,yes,no,no,unclear,yes,no,yes,yes,no,,,,yes,yes,yes,no,yes,no,,,no,yes,no,,,,,no,,,,Kuchma,Kuchma,yes,yes,yes,no,no,yes,no,unclear,yes,"nato, w. europe, cis",unclear,unclear,yes,unclear,1998-03-29,SRC_NELDA
369-1999-1031-P1,UKR,Ukraine,1999,Executive,no,no,yes,yes,yes,no,no,no,no,no,yes,yes,no,no,yes,yes,no,yes,yes,yes,yes,,,no,yes,yes,no,yes,no,,,no,yes,no,,,,,no,,,,Kuchma,Kuchma,yes,yes,yes,no,no,yes,no,no,yes,"nato, w. europe",no,no,no,no,1999-10-31,SRC_NELDA
369-1999-1031-P2,UKR,Ukraine,1999,Executive,no,no,yes,yes,yes,no,no,no,no,no,yes,yes,no,no,yes,yes,no,yes,yes,yes,yes,,,no,yes,yes,no,yes,no,,,no,yes,no,,,,,no,,,,Kuchma,Kuchma,yes,yes,yes,no,no,yes,no,no,yes,"nato, w. europe",no,no,no,no,1999-11-14,SRC_NELDA
369-2002-0331-L1,UKR,Ukraine,2002,Legislative/Parliamentary,no,no,yes,yes,yes,no,,,no,no,yes,yes,no,no,yes,yes,yes,no,yes,no,,,,yes,yes,no,yes,yes,no,,,no,no,no,,,,,no,,,,Kuchma,Kuchma,yes,yes,yes,no,no,yes,yes,no,yes,"nato, w. europe",yes,no,yes,yes,2002-03-31,SRC_NELDA
369-2004-1031-P1,UKR,Ukraine,2004,Executive,no,no,yes,yes,yes,no,yes,yes,no,no,yes,unclear,no,no,yes,yes,yes,no,yes,yes,no,yes,no,no,yes,no,no,yes,yes,yes,no,yes,no,yes,yes,yes,yes,yes,no,,,,Kuchma,Kuchma,yes,yes,yes,no,no,yes,yes,no,yes,"nato, w. europe",yes,no,yes,yes,2004-10-31,SRC_NELDA
369-2004-1031-P2,UKR,Ukraine,2004,Executive,no,no,yes,yes,yes,no,yes,yes,no,no,yes,unclear,no,no,yes,yes,yes,no,yes,yes,no,yes,no,no,yes,no,no,yes,yes,yes,no,yes,no,yes,yes,yes,yes,yes,no,,,,Kuchma,Kuchma,yes,yes,yes,no,no,yes,yes,no,yes,"nato, w. europe",yes,no,yes,yes,2004-11-21,SRC_NELDA
369-2004-1031-P3,UKR,Ukraine,2004,Executive,no,no,yes,yes,yes,no,yes,yes,no,no,yes,no,no,no,unclear,yes,yes,no,yes,yes,no,yes,no,yes,yes,no,yes,yes,yes,yes,no,no,no,no,,,,,yes,yes,yes,no,kuchma,yushchenko,yes,yes,no,no,no,yes,no,yes,yes,"nato, eu",no,yes,yes,yes,2004-12-26,SRC_NELDA
369-2006-0326-L1,UKR,Ukraine,2006,Legislative/Parliamentary,no,no,yes,yes,yes,no,,,,no,no,no,no,no,no,no,yes,no,yes,no,,,,no,yes,no,yes,no,no,,,no,no,no,,,,,no,,,,yushchenko,yushchenko,yes,yes,no,no,no,yes,no,no,yes,"osce, nato",no,no,no,no,2006-03-26,SRC_NELDA
369-2007-0930-L1,UKR,Ukraine,2007,Legislative/Parliamentary,no,no,yes,yes,yes,yes,,,,no,no,no,no,no,no,no,yes,no,yes,no,,,,no,yes,no,yes,,no,,,,no,no,,,,,,,,,Viktor Yushchenko,Viktor Yushchenko,yes,yes,no,no,no,yes,no,no,yes,"OSCE, NATO",no,no,no,no,2007-09-30,SRC_NELDA
369-2010-0117-P1,UKR,Ukraine,2010,Executive,no,no,yes,yes,yes,yes,no,no,no,no,no,no,no,no,no,no,no,yes,yes,yes,yes,,,yes,yes,no,yes,,no,,,no,no,,,,,,no,,,,Viktor Yushchenko,Viktor Yushchenko,yes,yes,no,no,no,yes,no,no,yes,"OSCE, NATO",no,no,no,no,2010-01-17,SRC_NELDA
369-2010-0117-P2,UKR,Ukraine,2010,Executive,no,no,yes,yes,yes,yes,no,no,no,no,no,no,no,no,no,no,no,yes,yes,yes,yes,,,yes,yes,no,yes,,no,,,no,no,,,,,,yes,yes,no,no,Viktor Yushchenko,Viktor Yanukovych,yes,yes,no,no,no,yes,no,no,yes,"OSCE, NATO",no,no,no,no,2010-02-07,SRC_NELDA
370-1994-0623-P1,BLR,Belarus,1994,Executive,yes,yes,yes,yes,yes,,yes,no,no,no,no,no,no,no,no,yes,no,no,yes,yes,,,,yes,yes,no,yes,,no,,,no,no,no,,,,,no,,,,Hyrb,Hyrb,yes,yes,no,no,no,yes,no,no,yes,"un, us",no,no,no,yes,1994-06-23,SRC_NELDA
370-1994-0623-P2,BLR,Belarus,1994,Executive,yes,yes,yes,yes,yes,,yes,no,no,no,no,no,no,no,no,yes,no,no,yes,yes,,,,yes,yes,no,yes,,no,,,no,no,no,,,,,yes,yes,no,no,Hyrb,Lukashenko,yes,yes,no,no,no,yes,no,no,yes,"un, us",no,no,no,yes,1994-07-10,SRC_NELDA
370-1995-0514-L1,BLR,Belarus,1995,Legislative/Parliamentary,yes,yes,yes,yes,yes,,,,,no,no,no,no,no,no,yes,no,no,yes,no,,,,no,no,,no,,no,,,,no,,,,,,,,,,Lukashenko,Lukashenko,yes,yes,no,no,no,yes,yes,no,yes,"us, russia, un, and negotiations with the imf",no,no,no,no,1995-05-14,SRC_NELDA
370-1995-0514-L2,BLR,Belarus,1995,Legislative/Parliamentary,yes,yes,yes,yes,yes,,,,,no,no,no,no,no,no,yes,no,no,yes,no,,,,no,no,,no,,no,,,,no,,,,,,,,,,lukashenko,lukashenko,yes,yes,no,no,no,yes,yes,no,yes,"us, russia, un, and negotiations with the imf",no,no,no,no,1995-05-28,SRC_NELDA
370-1995-1129-L1,BLR,Belarus,1995,Legislative/Parliamentary,no,no,yes,yes,yes,no,,,,no,no,no,no,no,no,no,no,no,yes,no,,,,no,no,,no,no,no,,,,no,,,,,,,,,,Lukashenko,Lukashenko,yes,yes,no,no,no,yes,yes,no,yes,"us, un",yes,no,no,no,1995-11-29,SRC_NELDA
370-1995-1129-L2,BLR,Belarus,1995,Legislative/Parliamentary,no,no,yes,yes,yes,no,,,,no,no,no,no,no,no,no,no,no,yes,no,,,,no,no,,no,no,no,,,,no,,,,,,,,,,Lukashenko,Lukashenko,yes,yes,no,no,no,yes,yes,no,yes,"us, un",yes,no,no,no,1995-12-10,SRC_NELDA
370-2000-1015-L1,BLR,Belarus,2000,Legislative/Parliamentary,no,no,yes,yes,yes,no,,,,no,yes,yes,no,yes,yes,yes,no,yes,yes,no,,,,no,unclear,,no,yes,no,,,,no,,,,,,,,,,Lukashenko,Lukashenko,yes,yes,yes,yes,no,no,,,yes,"un, world bank, wto, iaea",unclear,unclear,no,no,2000-10-15,SRC_NELDA
370-2000-1015-L2,BLR,Belarus,2000,Legislative/Parliamentary,no,no,yes,yes,yes,no,,,,no,yes,yes,no,yes,yes,yes,no,yes,yes,no,,,,no,unclear,,no,yes,no,,,,no,,,,,,,,,,Lukashenko,Lukashenko,yes,yes,yes,yes,no,no,,,yes,"un, world bank, wto, iaea",unclear,unclear,no,no,2000-10-29,SRC_NELDA
370-2001-0909-P1,BLR,Belarus,2001,Executive,no,no,yes,yes,yes,no,no,no,yes,no,yes,yes,no,no,yes,yes,no,no,yes,yes,yes,,,no,yes,no,no,yes,no,,,yes,no,no,,,,,no,,,,Lukashenko,Lukashenko,yes,yes,yes,no,no,no,,,yes,"un, world bank, wto, iaea",unclear,unclear,no,no,2001-09-09,SRC_NELDA
370-2004-1017-L1,BLR,Belarus,2004,Legislative/Parliamentary,no,no,yes,yes,yes,no,,,,no,yes,yes,yes,no,yes,yes,no,no,yes,no,,,,no,unclear,,no,yes,yes,yes,yes,,no,,,,,,,,,,lukashenko,lukashenko,yes,yes,yes,no,no,no,,,yes,"un, world bank, wto, iaea",unclear,unclear,no,no,2004-10-17,SRC_NELDA
370-2006-0319-P1,BLR,Belarus,2006,Executive,no,no,yes,yes,yes,no,no,no,no,no,yes,yes,yes,no,yes,yes,yes,no,yes,yes,yes,,,no,yes,yes,no,yes,yes,yes,yes,no,yes,no,,,,,no,,,,lukashenka,lukashenka,yes,yes,yes,yes,no,no,,,yes,e.u.,yes,no,yes,no,2006-03-19,SRC_NELDA
370-2008-0928-L1,BLR,Belarus,2008,Legislative/Parliamentary,no,no,yes,yes,yes,no,,,,no,yes,yes,yes,yes,yes,yes,yes,no,yes,no,,,,no,no,,no,yes,no,,,,no,no,,,,,,,,,Lukashenko,Lukashenko,yes,yes,yes,no,no,no,no,no,yes,"NATO, OSCE",no,no,no,no,2008-09-28,SRC_NELDA
370-2010-1219-P1,BLR,Belarus,2010,Executive,no,no,yes,yes,yes,yes,no,no,yes,no,yes,yes,no,no,yes,yes,no,no,yes,yes,yes,,,no,no,,no,yes,yes,yes,yes,,yes,no,,,,,no,,,,Lukashenko,Lukashenko,yes,yes,yes,no,no,no,yes,no,yes,"NATO, OSCE",yes,no,no,yes,2010-12-19,SRC_NELDA
371-1991-1016-P1,ARM,Armenia,1991,Executive,yes,yes,yes,yes,yes,,no,no,no,no,no,,no,no,no,no,no,no,yes,yes,,,,,yes,,no,no,no,,,,no,,,,,,no,,,,Ter-Petrosyan,Ter-Petrosyan,unclear,unclear,unclear,unclear,unclear,yes,no,no,yes,un,no,no,no,no,1991-10-16,SRC_NELDA
371-1995-0705-L1,ARM,Armenia,1995,Legislative/Parliamentary,yes,no,yes,yes,yes,no,,,,no,yes,,yes,no,no,no,no,yes,yes,no,,,,,unclear,,unclear,yes,no,,,,no,,,,,,,,,,Ter-Petrosyan,Ter-Petrosyan,yes,yes,yes,no,no,yes,unclear,no,yes,"un, imf, osce",no,no,no,no,1995-07-05,SRC_NELDA
371-1995-0705-L2,ARM,Armenia,1995,Legislative/Parliamentary,yes,no,yes,yes,yes,,,,,no,yes,,yes,no,no,no,no,yes,yes,no,,,,,unclear,,unclear,yes,no,,,,no,,,,,,,,,,Ter-Petrosyan,Ter-Petrosyan,yes,yes,yes,no,no,yes,unclear,no,yes,"un, imf, osce",no,no,no,no,1995-07-29,SRC_NELDA
371-1996-0922-P1,ARM,Armenia,1996,Executive,no,no,yes,yes,yes,no,no,no,no,no,yes,no,no,no,no,no,no,yes,yes,yes,yes,,,no,yes,no,no,yes,yes,yes,yes,no,no,no,,,,,no,,,,Ter-Petrosyan,Ter-Petrosyan,yes,yes,yes,no,no,yes,unclear,no,yes,"un, osce",no,no,no,no,1996-09-22,SRC_NELDA
371-1998-0316-P1,ARM,Armenia,1998,Executive,no,no,yes,yes,yes,yes,no,no,no,yes,no,no,no,no,no,no,no,no,yes,yes,yes,,,no,yes,no,no,yes,no,,,no,no,no,,,,,no,,,,Kocharian,Kocharian,yes,yes,yes,no,no,yes,unclear,no,yes,"un, world bank, osce, imf",no,no,yes,no,1998-03-16,SRC_NELDA
371-1998-0316-P2,ARM,Armenia,1998,Executive,no,no,yes,yes,yes,yes,no,no,no,yes,no,no,no,no,no,no,no,no,yes,yes,yes,,,no,yes,no,no,yes,no,,,no,no,no,,,,,no,,,,Ter-Petrosyan,Kocharian,yes,yes,yes,no,no,yes,unclear,no,yes,"un, world bank, osce, imf",no,no,yes,no,1998-03-30,SRC_NELDA
371-1999-0530-L1,ARM,Armenia,1999,Legislative/Parliamentary,no,no,yes,yes,yes,no,,,,no,yes,no,no,no,no,no,no,no,yes,no,,,,,yes,,yes,,no,,,,no,,,,,,,,,,Kocharian,Kocharian,yes,yes,no,no,no,yes,no,no,yes,"un, osce, world bank, imf",no,no,no,no,1999-05-30,SRC_NELDA
371-2003-0219-P1,ARM,Armenia,2003,Executive,no,no,yes,yes,yes,no,no,no,no,no,yes,yes,no,no,no,no,no,no,yes,yes,yes,,,no,yes,yes,no,yes,yes,yes,no,no,no,no,,,,,no,,,,Kocharian,Kocharian,yes,yes,yes,no,no,yes,no,no,yes,"un, wto, world bank, imf, osce",no,no,no,no,2003-02-19,SRC_NELDA
371-2003-0219-P2,ARM,Armenia,2003,Executive,no,no,yes,yes,yes,no,no,no,no,no,yes,yes,no,no,no,no,no,no,yes,yes,yes,,,no,yes,yes,no,yes,yes,yes,no,no,no,no,,,,,no,,,,Kocharian,Kocharian,yes,yes,yes,no,no,yes,no,no,yes,"un, wto, world bank, imf, osce",no,no,no,no,2003-03-05,SRC_NELDA
371-2003-0525-L1,ARM,Armenia,2003,Legislative/Parliamentary,no,no,yes,yes,yes,no,,,,no,yes,no,no,no,no,no,no,no,yes,no,,,,,yes,no,no,yes,no,,,,no,,,,,,,,,,Kocharian,Kocharian,yes,yes,no,no,no,yes,no,no,yes,"un, wto, world bank, imf, osce",no,no,no,no,2003-05-25,SRC_NELDA
371-2007-0512-L1,ARM,Armenia,2007,Legislative/Parliamentary,no,no,yes,yes,yes,no,,,,no,yes,yes,no,no,no,yes,no,no,yes,no,,,,no,no,,no,yes,yes,yes,no,,yes,no,,,,,,,,,Kocharian,Kocharian,yes,yes,no,yes,no,yes,no,yes,yes,"US, EU, OSCE, WTO, Council of Europe",no,yes,yes,yes,2007-05-12,SRC_NELDA
371-2008-0219-P1,ARM,Armenia,2008,Executive,no,no,yes,yes,yes,no,yes,yes,no,no,yes,no,yes,no,no,yes,no,no,yes,yes,no,yes,yes,no,no,,no,yes,yes,yes,yes,,yes,no,,,,,yes,yes,no,no,Kocharian,Sargsyan,yes,yes,no,no,no,yes,no,no,yes,"US, EU, OSCE, WTO, Council of Europe",yes,no,no,yes,2008-02-19,SRC_NELDA
372-1992-1011-L1,GEO,Georgia,1992,Legislative/Parliamentary,yes,no,yes,yes,yes,,,,,yes,no,,no,no,no,no,no,yes,no,no,,,,,unclear,unclear,no,,no,,,,yes,,,,,,,,,,Shevardnadze,Shevardnadze,yes,yes,no,no,no,yes,no,unclear,no,,no,unclear,no,no,1992-10-11,SRC_NELDA
372-1992-1011-P1,GEO,Georgia,1992,Executive,yes,no,no,no,no,,no,no,no,yes,yes,yes,yes,no,no,no,no,yes,no,yes,yes,,,no,yes,yes,no,,no,,,no,yes,no,,,,,no,,,,Shevardnadze,Shevardnadze,yes,yes,no,no,no,yes,no,no,no,,no,unclear,no,no,1992-10-11,SRC_NELDA
372-1995-1105-L1,GEO,Georgia,1995,Legislative/Parliamentary,no,no,yes,yes,yes,yes,,,,no,no,yes,no,no,no,no,no,no,yes,no,,,,no,yes,yes,no,,no,,,no,no,no,,,,,,,,,Shevardnadze,Shevardnadze,yes,yes,no,no,no,yes,no,no,yes,"world bank, ida, imf, ebrd",no,no,no,no,1995-11-05,SRC_NELDA
372-1995-1105-L2,GEO,Georgia,1995,Legislative/Parliamentary,no,no,yes,yes,yes,yes,,,,no,no,yes,no,no,no,no,no,no,yes,no,,,,no,yes,yes,no,,no,,,no,no,no,,,,,,,,,Shevardnadze,Shevardnadze,yes,yes,no,no,no,yes,no,no,yes,"world bank, ida, imf, ebrd",no,no,no,no,1995-11-19,SRC_NELDA
372-1995-1105-P1,GEO,Georgia,1995,Executive,no,no,yes,yes,yes,yes,no,no,no,no,no,yes,no,no,no,no,no,no,yes,yes,yes,,,no,yes,yes,no,,no,,,no,no,no,,,,,no,,,,Shevardnadze,Shevardnadze,yes,yes,no,no,no,yes,no,no,yes,"world bank, ida, imf, ebrd",no,no,no,no,1995-11-05,SRC_NELDA
372-1999-1031-L1,GEO,Georgia,1999,Legislative/Parliamentary,no,no,yes,yes,yes,no,,,,no,no,yes,no,no,no,no,no,no,yes,no,,,,no,yes,yes,no,,no,,,no,no,no,,,,,,,,,Shevardnadze,Shevardnadze,yes,yes,no,no,no,yes,no,yes,yes,"council of europe, world bank, ida, imf, ebrd",no,yes,no,no,1999-10-31,SRC_NELDA
372-2000-0409-P1,GEO,Georgia,2000,Executive,no,no,yes,yes,yes,no,no,no,no,no,yes,yes,no,no,no,no,no,no,yes,yes,yes,,,no,yes,yes,no,no,no,,,no,no,no,,,,,no,,,,Shevardnadze,Shevardnadze,yes,yes,yes,no,no,yes,no,unclear,yes,"wto, council of europe, world bank, ida, imf, ebrd",no,unclear,no,no,2000-04-09,SRC_NELDA
372-2003-1102-L1,GEO,Georgia,2003,Legislative/Parliamentary,no,no,yes,yes,yes,no,,,,no,yes,yes,no,no,no,no,no,no,yes,no,,,,no,yes,no,no,yes,yes,yes,no,,yes,,,,,,yes,no,yes,no,Shevardnadze,Burdjanadze,yes,yes,yes,no,no,yes,no,no,yes,"wto, council of europe, world bank, ida, imf, ebrd",no,no,no,no,2003-11-02,SRC_NELDA
372-2004-0104-P1,GEO,Georgia,2004,Executive,no,no,yes,yes,yes,yes,yes,no,no,yes,no,,no,no,no,no,no,no,yes,yes,no,no,,no,yes,,no,,no,,,no,no,no,,,,,yes,no,no,no,Burdjanadze,Saakashvili,yes,yes,no,no,no,yes,no,yes,yes,"wto, council of europe, world bank, ida, imf, ebrd",no,yes,no,no,2004-01-04,SRC_NELDA
372-2004-0328-L1,GEO,Georgia,2004,Legislative/Parliamentary,no,no,yes,yes,yes,yes,,,,yes,no,yes,no,no,no,no,no,no,yes,no,,,,no,yes,yes,no,,no,,,no,no,no,,,,,,,,,Saakashvili,Saakashvili,yes,yes,no,no,no,yes,no,yes,yes,"wto, council of europe, world bank, ida, imf, ebrd",no,yes,no,no,2004-03-28,SRC_NELDA
372-2008-0105-P1,GEO,Georgia,2008,Executive,no,no,yes,yes,yes,no,no,no,no,no,yes,yes,no,no,no,no,no,yes,yes,yes,yes,,,no,yes,yes,yes,yes,no,,,,no,no,,,,,no,,,,Mikheil Saakashvili,Mikheil Saakashvili,yes,yes,yes,no,no,yes,no,no,yes,"US, Germany",no,no,no,no,2008-01-05,SRC_NELDA
372-2008-0521-L1,GEO,Georgia,2008,Legislative/Parliamentary,no,no,yes,yes,yes,yes,,,,no,yes,yes,no,no,no,no,no,yes,yes,no,,,,no,yes,yes,yes,yes,no,,,,yes,no,,,,,,,,,Mikheil Saakashvili,Mikheil Saakashvili,yes,yes,yes,no,no,yes,no,no,yes,"US, Germany",no,no,no,no,2008-05-21,SRC_NELDA
373-1991-0908-P1,AZE,Azerbaijan,1991,Executive,yes,no,yes,yes,no,,no,no,no,no,no,yes,no,yes,no,no,no,no,no,yes,yes,,,no,yes,yes,no,,no,,,no,no,no,,,,,no,,,,mutalibov,mutalibov,no,no,,no,no,unclear,no,yes,yes,un,no,yes,no,unclear,1991-09-08,SRC_NELDA
373-1992-0607-P1,AZE,Azerbaijan,1992,Executive,no,yes,yes,yes,yes,yes,yes,no,no,yes,no,yes,no,no,no,no,no,no,no,yes,no,no,,yes,yes,no,yes,,no,,,no,no,no,,,,,yes,no,no,no,Gambarov,Abulfaz Elchibey,no,,,no,no,yes,no,yes,yes,"nacc, osce, un",no,no,no,no,1992-06-07,SRC_NELDA
373-1993-1003-P1,AZE,Azerbaijan,1993,Executive,no,no,yes,yes,yes,yes,no,no,no,yes,yes,yes,no,yes,no,yes,no,no,yes,yes,yes,,,no,yes,yes,no,yes,no,,,no,no,no,,,,,no,,,,H. Aliyev,H. Aliyev,yes,yes,yes,no,no,yes,unclear,no,yes,"un, osce, us, unesco",unclear,unclear,no,no,1993-10-03,SRC_NELDA
373-1995-1112-L1,AZE,Azerbaijan,1995,Legislative/Parliamentary,yes,no,yes,yes,yes,,,,,no,yes,unclear,yes,yes,yes,yes,no,no,yes,no,,,,no,yes,no,no,no,no,,,no,no,no,,,,,,,,,H. Aliyev,H. Aliyev,yes,yes,yes,no,no,yes,no,no,yes,"un, osce, us, unesco",no,no,no,no,1995-11-12,SRC_NELDA
373-1995-1112-L2,AZE,Azerbaijan,1995,Legislative/Parliamentary,yes,no,yes,yes,yes,,,,,no,yes,unclear,yes,yes,yes,yes,no,no,yes,no,,,,no,yes,no,no,no,no,,,no,no,no,,,,,,,,,H. Aliyev,H. Aliyev,yes,yes,yes,no,no,yes,no,no,yes,"un, osce, us, unesco",no,no,no,no,1995-11-26,SRC_NELDA
373-1995-1112-L3,AZE,Azerbaijan,1996,Legislative/Parliamentary,yes,no,yes,yes,yes,,,,,no,yes,unclear,yes,yes,yes,yes,no,no,yes,no,,,,no,yes,no,no,no,no,,,no,no,no,,,,,,,,,H. Aliyev,H. Aliyev,yes,yes,yes,no,no,yes,no,no,yes,"un, osce, us, unesco",no,no,no,no,1996-02-04,SRC_NELDA
373-1998-1011-P1,AZE,Azerbaijan,1998,Executive,no,no,yes,yes,yes,no,no,no,no,no,yes,yes,no,yes,no,yes,no,no,yes,yes,yes,,,no,yes,yes,no,yes,yes,yes,no,no,no,no,,,,,no,,,,H. Aliyev,H. Aliyev,yes,yes,yes,no,no,yes,no,no,yes,"un, osce, us, unesco",no,no,no,no,1998-10-11,SRC_NELDA
373-2000-1105-L1,AZE,Azerbaijan,2000,Legislative/Parliamentary,no,no,yes,yes,yes,no,,,,no,yes,yes,no,yes,no,yes,no,no,yes,no,,,,no,yes,yes,no,yes,yes,yes,no,no,no,no,,,,,,,,,H. Aliyev,H. Aliyev,yes,yes,yes,no,no,yes,unclear,no,yes,"un, osce, us, unesco",no,no,yes,no,2000-11-05,SRC_NELDA
373-2000-1105-L2,AZE,Azerbaijan,2001,Legislative/Parliamentary,no,no,yes,yes,yes,,,,,no,yes,yes,no,yes,no,no,no,no,yes,no,,,,no,no,,no,yes,yes,yes,no,no,no,no,,,,,no,,,,H. Aliyev,H. Aliyev,yes,yes,yes,no,no,yes,unclear,no,yes,"UN, OSCE, US",no,no,yes,no,2001-01-07,SRC_NELDA
373-2003-1015-P1,AZE,Azerbaijan,2003,Executive,no,no,yes,yes,yes,no,yes,no,no,no,yes,unclear,no,no,no,yes,no,no,yes,yes,no,yes,yes,no,yes,no,no,yes,yes,yes,yes,no,yes,no,,,,,yes,yes,no,no,H. Aliyev,Ihma Aliyev,yes,yes,yes,no,no,yes,no,no,yes,"un, osce, us, unesco",no,no,no,no,2003-10-15,SRC_NELDA
373-2005-1106-L1,AZE,Azerbaijan,2005,Legislative/Parliamentary,no,no,yes,yes,yes,no,,,,no,yes,no,yes,no,yes,no,yes,no,yes,no,,,,no,yes,yes,no,yes,yes,yes,yes,no,no,yes,yes,yes,yes,no,no,,,,h. aliyev,h. aliyev,yes,yes,yes,no,no,yes,no,no,yes,"us, osce, nato, imf, world bank",no,no,no,no,2005-11-06,SRC_NELDA
373-2005-1106-L2,AZE,Azerbaijan,2006,Legislative/Parliamentary,no,no,yes,yes,yes,,,,,no,yes,no,no,no,no,no,yes,no,yes,no,,,,no,no,,no,no,no,,,no,no,no,,,,,no,,,,H. Aliyev,H. Aliyev,yes,yes,yes,no,no,yes,no,no,yes,"OSCE, NATO, IMF, World Bank",no,no,no,no,2006-05-13,SRC_NELDA
373-2008-1015-P1,AZE,Azerbaijan,2008,Executive,no,no,yes,yes,yes,no,no,no,no,no,yes,yes,no,yes,yes,yes,yes,no,no,yes,yes,,,no,no,,no,yes,no,,,,no,no,,,,,no,,,,Ilhma Aliyev,Ilhma Aliyev,yes,yes,yes,no,no,yes,no,no,yes,"US, UN, EU, NATO",no,no,no,no,2008-10-15,SRC_NELDA
373-2010-1107-L1,AZE,Azerbaijan,2010,Legislative/Parliamentary,no,no,yes,yes,yes,no,,,,no,yes,yes,yes,no,yes,yes,yes,no,yes,no,,,,no,no,,no,yes,no,,,,no,no,,,,,,,,,Ilhma Aliyev,Ilhma Aliyev,yes,yes,yes,no,no,yes,no,no,yes,"US, UN, EU, NATO",no,no,no,no,2010-11-07,SRC_NELDA
375-1945-0317-L1,FIN,Finland,1945,Legislative/Parliamentary,yes,no,yes,yes,yes,,,,,yes,no,no,no,no,no,no,no,no,no,no,,,,,no,,yes,,no,,,,no,,,,,,,,,,Mannerheim,Mannerheim,no,,,no,no,no,no,no,no,,,,no,yes,1945-03-17,SRC_NELDA
375-1948-0701-L1,FIN,Finland,1948,Legislative/Parliamentary,no,no,yes,yes,yes,no,,,,no,no,no,no,no,no,no,no,no,no,no,,,,yes,no,,no,,no,,,no,no,,,,,,,,,,Paasikivi,Paasikivi,no,,,no,no,no,no,no,no,,,,no,yes,1948-07-01,SRC_NELDA
375-1950-0116-P1,FIN,Finland,1950,Executive,yes,no,yes,yes,yes,,no,no,no,no,no,no,no,no,no,no,no,no,no,yes,yes,,,no,no,,yes,,no,,,,no,no,,,,,no,,,,Paasikivi,Paasikivi,no,,,no,no,no,no,no,no,,no,no,no,yes,1950-01-16,SRC_NELDA
375-1951-0702-L1,FIN,Finland,1951,Legislative/Parliamentary,no,no,yes,yes,yes,no,,,,no,no,no,no,no,no,no,no,yes,no,no,,,,yes,no,,yes,,no,,,,no,no,,,,,,,,,Paasikivi,Paasikivi,no,,,no,no,no,no,no,no,,,,no,no,1951-07-02,SRC_NELDA
375-1954-0307-L1,FIN,Finland,1954,Legislative/Parliamentary,no,no,yes,yes,yes,yes,,,,no,no,no,no,no,no,no,no,yes,no,no,,,,yes,no,,no,,no,,,,no,no,,,,,,,,,Paasikivi,Paasikivi,no,,,no,no,no,no,no,no,,,,no,no,1954-03-07,SRC_NELDA
375-1956-0116-P1,FIN,Finland,1956,Executive,no,no,yes,yes,yes,no,no,no,no,no,no,no,no,no,no,no,no,yes,no,yes,yes,,,yes,no,,yes,,no,,,no,no,,,,,,yes,yes,no,no,Paasikivi,Kekkonen,no,,,no,no,no,no,no,no,,no,no,no,yes,1956-01-16,SRC_NELDA
375-1958-0706-L1,FIN,Finland,1958,Legislative/Parliamentary,no,no,yes,yes,yes,no,,,,no,no,no,no,no,no,no,no,yes,no,no,,,,yes,no,,yes,,no,,,no,no,,,,,,,,,no,Kekkonen,Kekkonen,no,,,no,no,no,no,no,no,,,,yes,no,1958-07-06,SRC_NELDA
375-1962-0115-P1,FIN,Finland,1962,Executive,no,no,yes,yes,yes,no,no,no,no,no,no,yes,no,no,no,no,yes,no,no,yes,yes,,,no,no,,no,,no,,,,no,no,,,,,no,,,,Kekkonen,Kekkonen,no,,,no,no,yes,no,no,no,,,,no,no,1962-01-15,SRC_NELDA
375-1962-0204-L1,FIN,Finland,1962,Legislative/Parliamentary,no,no,yes,yes,yes,yes,,,,no,no,no,no,no,no,no,yes,no,no,no,,,,no,no,,yes,,no,,,,no,no,,,,,,,,,Kekkonen,Kekkonen,no,,,no,no,yes,no,no,no,,,,no,no,1962-02-04,SRC_NELDA
375-1966-0320-L1,FIN,Finland,1966,Legislative/Parliamentary,no,no,yes,yes,yes,no,,,,no,no,no,no,no,no,no,yes,no,no,no,,,,yes,no,,yes,,no,,,no,no,,,,,,,,,,Kekkonen,Kekkonen,no,,,no,no,yes,no,no,no,,,,no,no,1966-03-20,SRC_NELDA
375-1968-0115-P1,FIN,Finland,1968,Executive,no,no,yes,yes,yes,no,no,no,no,no,no,yes,no,no,no,no,yes,no,no,yes,yes,,,no,no,,no,,no,,,,no,no,,,,,no,,,,Kekkonen,Kekkonen,no,,,no,no,yes,no,no,no,,,,no,no,1968-01-15,SRC_NELDA
375-1970-0315-L1,FIN,Finland,1970,Legislative/Parliamentary,no,no,yes,yes,yes,no,,,,no,no,no,no,no,no,no,yes,no,no,no,,,,yes,no,,yes,,no,,,no,no,,,,,,,,,,Kekkonen,Kekkonen,no,,,no,no,yes,no,no,no,,no,no,no,no,1970-03-15,SRC_NELDA
375-1972-0102-L1,FIN,Finland,1972,Legislative/Parliamentary,no,no,yes,yes,yes,yes,,,,no,no,no,no,no,no,no,yes,no,no,no,,,,yes,no,,no,,no,,,no,no,,,,,,,,,,Kekkonen,Kekkonen,no,,,no,no,yes,no,no,no,,,,no,no,1972-01-02,SRC_NELDA
375-1975-0921-L1,FIN,Finland,1975,Legislative/Parliamentary,no,no,yes,yes,yes,yes,,,,no,no,no,no,no,no,no,yes,no,no,no,,,,yes,no,,yes,,no,,,,no,no,,,,,,,,,Kekkonen,Kekkonen,no,,,no,no,yes,no,no,no,,,,no,no,1975-09-21,SRC_NELDA
375-1978-0115-P1,FIN,Finland,1978,Executive,no,no,yes,yes,yes,yes,no,no,no,no,no,yes,no,no,no,no,yes,no,no,yes,yes,,,no,yes,yes,no,,no,,,,no,no,,,,,no,,,,Kekkonen,Kekkonen,no,,,no,no,yes,no,no,no,,,,no,no,1978-01-15,SRC_NELDA
375-1979-0318-L1,FIN,Finland,1979,Legislative/Parliamentary,no,no,yes,yes,yes,no,,,,no,no,no,no,no,no,no,yes,no,no,no,,,,yes,no,,yes,,no,,,no,no,,,,,,,,,,Kekkonen,Kekkonen,no,,,no,no,yes,no,no,no,,,,no,no,1979-03-18,SRC_NELDA
375-1982-0117-P1,FIN,Finland,1982,Executive,no,no,yes,yes,yes,yes,no,no,no,no,no,no,no,no,no,no,yes,no,no,yes,yes,,,no,yes,yes,no,,no,,,,no,no,,,,,no,,,,Koivisto,Koivisto,no,,,no,no,yes,no,no,no,,,,no,no,1982-01-17,SRC_NELDA
375-1983-0320-L1,FIN,Finland,1983,Legislative/Parliamentary,no,no,yes,yes,yes,no,,,,no,no,no,no,no,no,no,yes,no,no,no,,,,no,yes,no,yes,,no,,,,no,no,,,,,,,,,Koivisto,Koivisto,no,,,no,no,yes,no,no,no,,,,no,no,1983-03-20,SRC_NELDA
375-1987-0315-L1,FIN,Finland,1987,Legislative/Parliamentary,no,no,yes,yes,yes,no,,,,no,no,no,no,no,no,no,yes,no,no,no,,,,no,yes,yes,yes,,no,,,,no,no,,,,,,,,,Koivisto,Koivisto,no,,,no,no,yes,no,no,no,,,,no,no,1987-03-15,SRC_NELDA
375-1988-0131-P1,FIN,Finland,1988,Executive,no,no,yes,yes,yes,no,no,no,no,no,no,no,no,no,no,no,yes,no,no,yes,yes,,,no,yes,no,no,,no,,,,no,no,,,,,no,,,,Koivisto,Koivisto,no,,,no,no,yes,no,no,no,,,,no,no,1988-01-31,SRC_NELDA
375-1991-0317-L1,FIN,Finland,1991,Legislative/Parliamentary,no,no,yes,yes,yes,no,,,,no,no,no,no,no,no,no,no,no,no,no,,,,yes,yes,no,yes,,no,,,no,no,,,,,,,,,,Koivisto,Koivisto,no,,,no,no,yes,no,no,no,,,,no,no,1991-03-17,SRC_NELDA
375-1994-0116-P1,FIN,Finland,1994,Executive,no,no,yes,yes,yes,no,yes,yes,no,no,no,no,no,no,no,no,no,yes,no,yes,no,yes,no,no,yes,yes,no,,no,,,,no,no,,,,,no,,,,Koivisto,Koivisto,no,,,no,no,yes,no,no,yes,EU,no,no,no,no,1994-01-16,SRC_NELDA
375-1994-0116-P2,FIN,Finland,1994,Executive,no,no,yes,yes,yes,no,yes,yes,no,no,no,no,no,no,no,no,no,yes,no,yes,no,yes,yes,no,yes,yes,no,,no,,,,no,no,,,,,yes,yes,no,no,Koivisto,Ahtisaari,no,,,no,no,yes,no,no,yes,EU,no,no,no,no,1994-02-06,SRC_NELDA
375-1995-0319-L1,FIN,Finland,1995,Legislative/Parliamentary,no,no,yes,yes,yes,no,,,,no,no,no,no,no,no,no,no,yes,no,no,,,,no,yes,yes,yes,,no,,,,no,no,,,,,,,,,Ahtisaari,Ahtisaari,no,,,no,no,yes,no,no,yes,EU,no,no,no,no,1995-03-19,SRC_NELDA
375-1999-0321-L1,FIN,Finland,1999,Legislative/Parliamentary,no,no,yes,yes,yes,no,,,,no,no,no,no,no,no,no,yes,no,no,no,,,,no,yes,yes,yes,,no,,,no,no,,,,,,,,,,Ahtisaari,Ahtisaari,no,,,no,no,yes,no,no,yes,EU,no,no,no,no,1999-03-21,SRC_NELDA
375-2000-0116-P1,FIN,Finland,2000,Executive,no,no,yes,yes,yes,no,yes,no,no,no,no,no,no,no,no,no,yes,no,no,yes,no,yes,no,no,yes,yes,no,,no,,,,no,no,,,,,no,,,,Ahtisaari,Ahtisaari,no,,,no,no,yes,no,no,yes,EU,no,no,no,no,2000-01-16,SRC_NELDA
375-2000-0116-P2,FIN,Finland,2000,Executive,no,no,yes,yes,yes,no,yes,no,no,no,no,no,no,no,no,no,yes,no,no,yes,no,yes,yes,no,yes,yes,no,,no,,,,no,no,,,,,yes,yes,no,no,Ahtisaari,Halonen,no,,,no,no,yes,no,no,yes,EU,no,no,no,no,2000-02-06,SRC_NELDA
375-2003-0316-L1,FIN,Finland,2003,Legislative/Parliamentary,no,no,yes,yes,yes,no,,,,no,no,no,no,no,no,no,yes,no,no,no,,,,yes,yes,no,yes,,no,,,no,no,,,,,,,,,,Halonen,Halonen,no,,,no,no,yes,no,no,yes,EU,no,no,no,no,2003-03-16,SRC_NELDA
375-2006-0115-P1,FIN,Finland,2006,Executive,no,no,yes,yes,yes,no,no,no,no,no,no,no,no,no,no,no,yes,no,no,yes,yes,,,no,yes,yes,no,,no,,,,no,no,,,,,no,,,,Halonen,Halonen,no,,,no,no,yes,no,no,yes,EU,no,no,no,no,2006-01-15,SRC_NELDA
375-2006-0115-P2,FIN,Finland,2006,Executive,no,no,yes,yes,yes,no,no,no,no,no,no,no,no,no,no,no,yes,no,no,yes,yes,,,no,yes,yes,no,,no,,,,no,no,,,,,no,,,,Halonen,Halonen,no,,,no,no,yes,no,no,yes,EU,no,no,no,no,2006-01-29,SRC_NELDA
375-2007-0318-L1,FIN,Finland,2007,Legislative/Parliamentary,no,no,yes,yes,yes,no,,,,no,no,no,no,no,no,no,yes,no,no,no,,,,yes,yes,yes,yes,,no,,,no,no,,,,,,,,,,Halonen,Halonen,no,,,no,no,yes,no,no,yes,EU,no,no,no,no,2007-03-18,SRC_NELDA
380-1948-0919-L1,SWE,Sweden,1948,Legislative/Parliamentary,no,no,yes,yes,yes,no,no,no,no,no,no,no,no,no,no,no,no,no,yes,yes,yes,,,no,yes,yes,yes,,no,,,no,no,,,,,,no,,,,Tage Eriander,Tage Eriander,no,,,no,no,yes,no,no,yes,"US, UN",no,no,no,no,1948-09-19,SRC_NELDA
380-1952-0921-L1,SWE,Sweden,1952,Legislative/Parliamentary,no,no,yes,yes,yes,no,yes,no,no,no,no,no,no,no,no,no,no,no,yes,yes,yes,,,no,no,,yes,,no,,,no,no,,,,,,no,,,,Tage Eriander,Tage Eriander,no,,,no,no,yes,no,no,yes,"US, UN",no,no,no,no,1952-09-21,SRC_NELDA
380-1956-0916-L1,SWE,Sweden,1956,Legislative/Parliamentary,no,no,yes,yes,yes,no,no,no,no,no,no,no,no,no,no,no,yes,no,no,yes,yes,,,no,no,,yes,,no,,,no,no,,,,,,no,,,,Tage Eriander,Tage Eriander,no,,,no,no,yes,no,no,yes,"US, UN",no,no,no,no,1956-09-16,SRC_NELDA
380-1958-0601-L1,SWE,Sweden,1958,Legislative/Parliamentary,no,no,yes,yes,yes,yes,no,no,no,yes,no,no,no,no,no,no,yes,no,no,yes,yes,,,no,no,,no,,no,,,,no,no,,,,,no,,,,Tage Eriander,Tage Eriander,no,,,no,no,yes,no,no,yes,"US, UN",no,no,no,no,1958-06-01,SRC_NELDA
380-1960-0918-L1,SWE,Sweden,1960,Legislative/Parliamentary,no,no,yes,yes,yes,no,no,no,no,no,no,yes,no,no,no,no,yes,no,no,yes,yes,,,no,no,,no,,no,,,,no,no,,,,,no,,,,Erlander,Erlander,no,,,no,no,yes,no,no,yes,UN,no,no,no,no,1960-09-18,SRC_NELDA
380-1964-0920-L1,SWE,Sweden,1964,Legislative/Parliamentary,no,no,yes,yes,yes,no,no,no,no,no,no,yes,no,no,no,no,yes,no,no,yes,yes,,,no,no,,yes,,no,,,no,no,,,,,,no,,,,Erlander,Erlander,no,,,no,no,yes,no,no,yes,UN,no,no,no,no,1964-09-20,SRC_NELDA
380-1968-0915-L1,SWE,Sweden,1968,Legislative/Parliamentary,no,no,yes,yes,yes,no,no,no,no,no,no,yes,no,no,no,no,yes,no,no,yes,yes,,,no,no,,no,,no,,,,no,no,,,,,no,,,,Erlander,Erlander,no,,,no,no,yes,no,no,yes,UN,no,no,no,no,1968-09-15,SRC_NELDA
380-1970-0920-L1,SWE,Sweden,1970,Legislative/Parliamentary,no,no,yes,yes,yes,yes,no,no,no,no,no,yes,no,no,no,no,yes,no,no,yes,yes,,,no,no,,yes,,no,,,no,no,,,,,,no,,,,Palme,Palme,no,,,no,no,yes,no,no,yes,UN,no,no,no,no,1970-09-20,SRC_NELDA
380-1973-0916-L1,SWE,Sweden,1973,Legislative/Parliamentary,no,no,yes,yes,yes,no,no,no,no,no,no,yes,no,no,no,no,yes,no,no,yes,yes,,,no,no,,yes,,no,,,no,no,,,,,,no,,,,Palme,Palme,no,,,no,no,yes,no,no,yes,UN,no,no,no,no,1973-09-16,SRC_NELDA
380-1976-0919-L1,SWE,Sweden,1976,Legislative/Parliamentary,no,no,yes,yes,yes,no,no,no,no,no,no,no,no,no,no,no,yes,no,no,yes,yes,,,yes,no,,yes,,no,,,no,no,,,,,,yes,yes,no,no,Palme,Falldin,no,,,no,no,yes,no,no,yes,UN,no,no,no,no,1976-09-19,SRC_NELDA
380-1979-0916-L1,SWE,Sweden,1979,Legislative/Parliamentary,no,no,yes,yes,yes,no,no,no,no,no,no,no,no,no,no,no,yes,no,no,yes,yes,,,yes,yes,no,yes,,no,,,no,no,,,,,,yes,yes,no,no,Ullsten,Falldin,no,,,no,no,yes,no,no,yes,UN,no,no,no,no,1979-09-16,SRC_NELDA
380-1982-0919-L1,SWE,Sweden,1982,Legislative/Parliamentary,no,no,yes,yes,yes,no,no,no,no,no,no,no,no,no,no,no,yes,no,no,yes,yes,,,yes,yes,no,yes,,no,,,no,no,,,,,,yes,yes,no,no,Falldin,Palme,no,,,no,no,yes,no,no,yes,UN,no,no,no,no,1982-09-19,SRC_NELDA
380-1985-0915-L1,SWE,Sweden,1985,Legislative/Parliamentary,no,no,yes,yes,yes,no,no,no,no,no,no,no,no,no,no,no,yes,no,no,yes,yes,,,no,yes,yes,yes,,no,,,no,no,,,,,,no,,,,Palme,Palme,no,,,no,no,yes,no,no,yes,UN,no,no,no,no,1985-09-15,SRC_NELDA
380-1988-0918-L1,SWE,Sweden,1988,Legislative/Parliamentary,no,no,yes,yes,yes,no,no,no,no,no,no,no,no,no,no,no,yes,no,no,yes,yes,,,no,yes,yes,yes,,no,,,,no,no,,,,,no,,,,Carlsson,Carlsson,no,,,no,no,yes,no,no,yes,UN,no,no,no,no,1988-09-18,SRC_NELDA
380-1991-0915-L1,SWE,Sweden,1991,Legislative/Parliamentary,no,no,yes,yes,yes,no,no,no,no,no,no,no,no,no,no,no,no,yes,no,yes,yes,,,yes,yes,no,yes,,no,,,no,no,,,,,,yes,yes,no,no,Carlsson,Bildt,no,,,no,no,yes,no,no,yes,UN,no,no,no,no,1991-09-15,SRC_NELDA
380-1994-0918-L1,SWE,Sweden,1994,Legislative/Parliamentary,no,no,yes,yes,yes,no,no,no,no,no,no,no,no,no,no,no,no,yes,no,yes,yes,,,yes,yes,no,yes,,no,,,no,no,,,,,,yes,yes,no,no,Bildt,Carlsson,no,,,no,no,yes,no,no,yes,UN,no,no,no,no,1994-09-18,SRC_NELDA
380-1998-0920-L1,SWE,Sweden,1998,Legislative/Parliamentary,no,no,yes,yes,yes,no,no,no,no,no,no,no,no,no,no,no,yes,no,no,yes,yes,,,no,yes,no,yes,,no,,,no,no,,,,,,no,,,,Persson,Persson,no,,,no,no,yes,no,no,yes,UN,no,no,no,no,1998-09-20,SRC_NELDA
380-2002-0915-L1,SWE,Sweden,2002,Legislative/Parliamentary,no,no,yes,yes,yes,no,no,no,no,no,no,no,no,no,no,no,yes,no,no,yes,yes,,,no,yes,yes,no,,no,,,,no,no,,,,,no,,,,Persson,Persson,no,,,no,no,yes,no,no,yes,UN,no,no,no,no,2002-09-15,SRC_NELDA
380-2006-0917-L1,SWE,Sweden,2006,Legislative/Parliamentary,no,no,yes,yes,yes,no,no,no,no,no,no,no,no,no,no,no,yes,no,no,yes,yes,,,yes,yes,no,yes,,no,,,no,no,,,,,,yes,yes,no,no,Persson,Reinfeldt,no,,,no,no,yes,no,no,yes,UN,no,no,no,no,2006-09-17,SRC_NELDA
380-2010-0919-L1,SWE,Sweden,2010,Legislative/Parliamentary,no,no,yes,yes,yes,no,no,no,no,no,no,no,no,no,no,yes,no,no,no,yes,yes,,,no,yes,yes,yes,,yes,no,no,,no,no,,,,no,no,,,,Reinfeldt,Reinfeldt,no,,,no,no,yes,no,no,yes,"EU, NATO Partnership for Peace, US",no,no,no,no,2010-09-19,SRC_NELDA
385-1945-1008-L1,NOR,Norway,1945,Legislative/Parliamentary,yes,no,yes,yes,yes,,no,no,no,yes,no,no,no,no,no,no,no,yes,yes,yes,yes,,,no,no,,no,no,no,,,,no,no,,,,,no,,,,Gerhardsen,Gerhardsen,no,,,no,no,yes,no,no,yes,"US, UK",no,no,no,no,1945-10-08,SRC_NELDA
385-1949-1010-L1,NOR,Norway,1949,Legislative/Parliamentary,no,no,yes,yes,yes,no,no,no,no,no,no,no,no,no,no,no,no,no,yes,yes,yes,,,no,no,,no,no,no,,,,no,no,,,,,no,,,,Gerhardsen,Gerhardsen,no,,,no,no,yes,no,no,yes,"US, UK",no,no,no,no,1949-10-10,SRC_NELDA
385-1953-1012-L1,NOR,Norway,1953,Legislative/Parliamentary,no,no,yes,yes,yes,no,no,no,no,no,no,no,no,no,no,no,yes,no,no,yes,yes,,,no,no,,yes,no,no,,,,no,no,,,,,no,,,,Torp,Torp,no,,,no,no,yes,no,no,yes,"US, UK, GATT",no,no,no,no,1953-10-12,SRC_NELDA
385-1957-1007-L1,NOR,Norway,1957,Legislative/Parliamentary,no,no,yes,yes,yes,no,no,no,no,no,no,no,no,no,no,no,yes,no,no,yes,yes,,,no,no,,no,no,no,,,,no,no,,,,,no,,,,Gerhardsen,Gerhardsen,no,,,no,no,yes,no,no,yes,"US, UK, GATT",no,no,no,no,1957-10-07,SRC_NELDA
385-1961-0911-L1,NOR,Norway,1961,Legislative/Parliamentary,no,no,yes,yes,yes,no,no,no,no,no,no,yes,no,no,no,no,yes,no,no,yes,yes,,,no,no,,no,,no,,,,no,no,,,,,no,,,,Gerhardsen,Gerhardsen,no,,,no,no,yes,no,no,yes,"NATO, UN",no,no,no,no,1961-09-11,SRC_NELDA
385-1965-0912-L1,NOR,Norway,1965,Legislative/Parliamentary,no,no,yes,yes,yes,no,no,no,no,no,no,no,no,no,no,no,yes,no,no,yes,yes,,,yes,no,,yes,,no,,,no,no,,,,,,yes,yes,no,no,Gerhardsen,Borten,no,,,no,no,yes,no,no,yes,"NATO, UN",no,no,no,no,1965-09-12,SRC_NELDA
385-1969-0907-L1,NOR,Norway,1969,Legislative/Parliamentary,no,no,yes,yes,yes,no,no,no,no,no,no,no,no,no,no,no,yes,no,no,yes,yes,,,no,no,,yes,,no,,,,no,no,,,,,no,,,,Borten,Borten,no,,,no,no,yes,no,no,yes,"NATO, UN",no,no,no,no,1969-09-07,SRC_NELDA
385-1973-0909-L1,NOR,Norway,1973,Legislative/Parliamentary,no,no,yes,yes,yes,no,no,no,no,no,no,no,no,no,no,no,yes,no,no,yes,yes,,,yes,no,,yes,,no,,,no,no,,,,,,yes,yes,no,no,Korvald,Bratteli,no,,,no,no,yes,no,no,yes,"NATO, UN",no,no,no,no,1973-09-09,SRC_NELDA
385-1977-0911-L1,NOR,Norway,1977,Legislative/Parliamentary,no,no,yes,yes,yes,no,no,no,no,no,no,no,no,no,no,no,yes,no,no,yes,yes,,,no,yes,yes,yes,,no,,,,no,no,,,,,no,,,,Nordli,Nordli,no,,,no,no,yes,no,no,yes,"NATO, UN",no,no,no,no,1977-09-11,SRC_NELDA
385-1981-0913-L1,NOR,Norway,1981,Legislative/Parliamentary,no,no,yes,yes,yes,no,no,no,no,no,no,no,no,no,no,no,yes,no,no,yes,yes,,,yes,yes,no,yes,,no,,,no,no,,,,,,yes,yes,no,no,Brundtland,Willoch,no,,,no,no,yes,no,no,yes,"NATO, UN",no,no,no,no,1981-09-13,SRC_NELDA
385-1985-0908-L1,NOR,Norway,1985,Legislative/Parliamentary,no,no,yes,yes,yes,no,no,no,no,no,no,no,no,no,no,no,yes,no,no,yes,yes,,,no,yes,no,yes,,no,,,no,no,,,,,,no,,,,Willoch,Willoch,no,,,no,no,yes,no,no,yes,"NATO, UN",no,no,no,no,1985-09-08,SRC_NELDA
385-1989-0911-L1,NOR,Norway,1989,Legislative/Parliamentary,no,no,yes,yes,yes,no,no,no,no,no,no,no,no,no,no,no,yes,no,no,yes,yes,,,no,yes,no,yes,,no,,,no,no,,,,,,yes,no,no,no,Brundtland,Syse,no,,,no,no,yes,no,no,yes,"NATO, UN",no,no,no,no,1989-09-11,SRC_NELDA
385-1993-0912-L1,NOR,Norway,1993,Legislative/Parliamentary,no,no,yes,yes,yes,no,no,no,no,no,no,no,no,no,no,no,yes,no,no,yes,yes,,,no,yes,yes,yes,,no,,,,no,no,,,,,no,,,,Brundtland,Brundtland,no,,,no,no,yes,no,no,yes,"NATO, UN",no,no,no,no,1993-09-12,SRC_NELDA
385-1997-0916-L1,NOR,Norway,1997,Legislative/Parliamentary,no,no,yes,yes,yes,no,no,no,no,no,no,no,no,no,no,no,yes,no,no,yes,yes,,,no,yes,yes,yes,,no,,,no,no,,,,,,yes,no,no,no,Jagland,Bondevik,no,,,no,no,yes,no,no,yes,"NATO, UN",no,no,no,no,1997-09-16,SRC_NELDA
385-2001-0910-L1,NOR,Norway,2001,Legislative/Parliamentary,no,no,yes,yes,yes,no,no,no,no,no,no,no,no,no,no,no,yes,no,no,yes,yes,,,no,yes,yes,yes,,no,,,no,no,,,,,,yes,yes,no,no,Stoltenberg,Bondevik,no,,,no,no,yes,no,no,yes,"NATO, UN",no,no,no,no,2001-09-10,SRC_NELDA
385-2005-0912-L1,NOR,Norway,2005,Legislative/Parliamentary,no,no,yes,yes,yes,no,no,no,no,no,no,no,no,no,no,no,yes,no,no,yes,yes,,,yes,yes,yes,yes,,no,,,no,no,,,,,,yes,yes,no,no,Bondevik,Stoltenberg,no,,,no,no,yes,no,no,yes,"NATO, UN",no,no,no,no,2005-09-12,SRC_NELDA
385-2009-0914-L1,NOR,Norway,2009,Legislative/Parliamentary,no,no,yes,yes,yes,no,no,no,no,no,no,no,no,no,no,no,yes,no,no,yes,yes,,,no,yes,no,no,yes,no,,,,no,no,,,,,no,,,,Stoltenberg,Stoltenberg,no,,,no,no,yes,no,no,yes,EU,no,no,no,no,2009-09-14,SRC_NELDA
390-1945-1030-L1,DNK,Denmark,1945,Legislative/Parliamentary,no,no,yes,yes,yes,no,no,no,no,no,no,no,no,no,no,no,no,yes,no,yes,yes,,,no,no,,yes,,no,,,no,no,no,,,,,yes,no,no,no,Buhl,Kristensen,no,,,no,no,yes,no,no,yes,"US, Western Europe",no,no,no,no,1945-10-30,SRC_NELDA
390-1947-1028-L1,DNK,Denmark,1947,Legislative/Parliamentary,no,no,yes,yes,yes,no,no,no,no,no,no,no,no,no,no,no,no,no,no,yes,yes,,,yes,no,,yes,,no,,,no,no,no,,,,,yes,yes,no,no,Kristensen,Hedtoft,no,,,no,no,yes,no,no,yes,"US, Western Europe",no,no,no,no,1947-10-28,SRC_NELDA
390-1950-0905-L1,DNK,Denmark,1950,Legislative/Parliamentary,no,no,yes,yes,yes,no,no,no,no,no,no,no,no,no,no,no,no,no,yes,yes,yes,,,no,no,,yes,,no,,,no,no,no,,,,,yes,no,no,no,Hedtoft,Eriksen,no,,,no,no,yes,no,no,yes,"US, Western Europe",no,no,no,no,1950-09-05,SRC_NELDA
390-1953-0421-L1,DNK,Denmark,1953,Legislative/Parliamentary,no,no,yes,yes,yes,no,no,no,no,no,no,no,no,no,no,no,no,no,no,yes,yes,,,yes,no,,yes,,no,,,no,no,no,,,,,yes,yes,no,no,Eriksen,Hedtoft,no,,,no,no,yes,no,no,yes,"US, Western Europe",no,no,no,no,1953-04-21,SRC_NELDA
390-1953-0922-L1,DNK,Denmark,1953,Legislative/Parliamentary,no,no,yes,yes,yes,no,no,no,no,no,no,no,no,no,no,no,no,no,no,yes,yes,,,no,no,,no,,no,,,no,no,no,,,,,no,,,,Hedtoft,Hedtoft,no,,,no,no,yes,no,no,yes,"US, Western Europe",no,no,no,no,1953-09-22,SRC_NELDA
390-1957-0514-L1,DNK,Denmark,1957,Legislative/Parliamentary,no,no,yes,yes,yes,no,no,no,no,no,no,no,no,no,no,no,no,yes,no,yes,yes,,,no,no,,yes,,no,,,no,no,no,,,,,no,,,,Hansen,Hansen,no,,,no,no,yes,no,no,yes,"US, Western Europe",no,no,no,no,1957-05-14,SRC_NELDA
390-1960-1115-L1,DNK,Denmark,1960,Legislative/Parliamentary,no,no,yes,yes,yes,yes,no,no,no,no,no,no,no,no,no,no,yes,no,no,yes,yes,,,no,no,,yes,,no,,,no,no,,,,,,no,,,,Kampmann,Kampmann,no,,,no,no,yes,no,no,yes,"NATO, UN",no,no,no,no,1960-11-15,SRC_NELDA
390-1964-0922-L1,DNK,Denmark,1964,Legislative/Parliamentary,no,no,yes,yes,yes,no,no,no,no,no,no,no,no,no,no,no,yes,no,no,yes,yes,,,no,no,,yes,,no,,,no,no,,,,,,no,,,,Krag,Krag,no,,,no,no,yes,no,no,yes,"NATO, UN",no,no,no,no,1964-09-22,SRC_NELDA
390-1966-1122-L1,DNK,Denmark,1966,Legislative/Parliamentary,no,no,yes,yes,yes,yes,no,no,no,no,no,no,no,no,no,no,yes,no,no,yes,yes,,,no,no,,no,no,,,,no,no,,,,,,no,,,,Krag,Krag,no,,,no,no,yes,no,no,yes,"NATO, UN",no,no,no,no,1966-11-22,SRC_NELDA
390-1968-0123-L1,DNK,Denmark,1968,Legislative/Parliamentary,no,no,yes,yes,yes,yes,no,no,no,no,no,no,no,no,no,no,no,no,no,yes,yes,,,yes,yes,no,yes,,no,,,no,no,,,,,,yes,yes,no,no,Krag,Baunsgaard,no,,,no,no,yes,no,no,yes,"NATO, UN",no,no,no,no,1968-01-23,SRC_NELDA
390-1971-0921-L1,DNK,Denmark,1971,Legislative/Parliamentary,no,no,yes,yes,yes,yes,no,no,no,no,no,no,no,no,no,no,yes,no,no,yes,yes,,,yes,no,,yes,,no,,,no,no,,,,,,yes,yes,no,no,Baunsgaard,Krag,no,,,no,no,yes,no,no,yes,"NATO, UN",no,no,no,no,1971-09-21,SRC_NELDA
390-1973-1204-L1,DNK,Denmark,1973,Legislative/Parliamentary,no,no,yes,yes,yes,yes,no,no,no,no,no,no,no,no,no,no,yes,no,no,yes,yes,,,yes,yes,no,yes,,no,,,no,no,,,,,,yes,yes,no,no,Jorgensen,Hartling,no,,,no,no,yes,no,no,yes,"NATO, UN",no,no,no,no,1973-12-04,SRC_NELDA
390-1975-0109-L1,DNK,Denmark,1975,Legislative/Parliamentary,no,no,yes,yes,yes,yes,no,no,no,no,no,no,no,no,no,no,no,no,no,yes,yes,,,yes,yes,yes,no,,no,,,,no,no,,,,,no,,,,Hartling,Hartling,no,,,no,no,yes,no,no,yes,"NATO, UN",no,no,no,no,1975-01-09,SRC_NELDA
390-1977-0215-L1,DNK,Denmark,1977,Legislative/Parliamentary,no,no,yes,yes,yes,yes,no,no,no,no,no,yes,no,no,no,no,no,no,no,yes,yes,,,no,yes,unclear,no,,no,,,,no,no,,,,,no,,,,Jorgensen,Jorgensen,no,,,no,no,yes,no,no,yes,"NATO, UN",no,no,no,no,1977-02-15,SRC_NELDA
390-1979-1023-L1,DNK,Denmark,1979,Legislative/Parliamentary,no,no,yes,yes,yes,yes,no,no,no,no,no,yes,no,no,no,no,no,no,no,yes,yes,,,no,yes,yes,no,,no,,,,no,no,,,,,no,,,,Jorgensen,Jorgensen,no,,,no,no,yes,no,no,yes,"NATO, UN",no,no,no,no,1979-10-23,SRC_NELDA
390-1981-1208-L1,DNK,Denmark,1981,Legislative/Parliamentary,no,no,yes,yes,yes,yes,no,no,no,no,no,no,no,no,no,no,no,no,no,yes,yes,,,no,yes,yes,yes,,no,,,no,no,,,,,,no,,,,Jorgensen,Jorgensen,no,,,no,no,yes,no,no,yes,"NATO, UN",no,no,no,no,1981-12-08,SRC_NELDA
390-1984-0110-L1,DNK,Denmark,1984,Legislative/Parliamentary,no,no,yes,yes,yes,yes,no,no,no,no,no,yes,no,no,no,no,yes,no,no,yes,yes,,,no,yes,yes,no,,no,,,,no,no,,,,,no,,,,Schlueter,Schlueter,no,,,no,no,yes,no,no,yes,"NATO, UN",no,no,no,no,1984-01-10,SRC_NELDA
390-1987-0908-L1,DNK,Denmark,1987,Legislative/Parliamentary,no,no,yes,yes,yes,yes,no,no,no,no,no,yes,no,no,no,no,yes,no,no,yes,yes,,,no,yes,yes,yes,,no,,,no,no,,,,,,no,,,,Schlueter,Schlueter,no,,,no,no,yes,no,no,yes,"NATO, UN",no,no,no,no,1987-09-08,SRC_NELDA
390-1988-0510-L1,DNK,Denmark,1988,Legislative/Parliamentary,no,no,yes,yes,yes,yes,no,no,no,no,no,no,no,no,no,no,yes,no,no,yes,yes,,,no,yes,,no,,no,,,,no,no,,,,,no,,,,Schlueter,Schlueter,no,,,no,no,yes,no,yes,yes,"NATO, UN",no,yes,no,no,1988-05-10,SRC_NELDA
390-1990-1212-L1,DNK,Denmark,1990,Legislative/Parliamentary,no,no,yes,yes,yes,yes,no,no,no,no,no,no,no,no,no,no,yes,no,no,yes,yes,,,no,yes,no,yes,,no,,,no,no,,,,,,no,,,,Schlueter,Schlueter,no,,,no,no,yes,no,no,yes,NATO and UN,no,no,no,no,1990-12-12,SRC_NELDA
390-1994-0921-L1,DNK,Denmark,1994,Legislative/Parliamentary,no,no,yes,yes,yes,yes,no,no,no,no,no,no,no,no,no,no,yes,no,no,yes,yes,,,no,yes,no,yes,,no,,,no,no,,,,,,no,,,,Nyrup Rasmussen,Nyrup Rasmussen,no,,,no,no,yes,no,no,yes,"NATO, UN",no,no,no,no,1994-09-21,SRC_NELDA
390-1998-0311-L1,DNK,Denmark,1998,Legislative/Parliamentary,no,no,yes,yes,yes,yes,no,no,no,no,no,no,no,no,no,no,yes,no,no,yes,yes,,,no,yes,no,no,,no,,,,no,no,,,,,no,,,,Nyrup Rasmussen,Nyrup Rasmussen,no,,,no,no,yes,no,no,yes,"NATO, UN",no,no,no,no,1998-03-11,SRC_NELDA
390-2001-1120-L1,DNK,Denmark,2001,Legislative/Parliamentary,no,no,yes,yes,yes,yes,no,no,no,no,no,no,no,no,no,no,yes,no,no,yes,yes,,,yes,yes,no,yes,,no,,,no,no,,,,,,yes,yes,no,no,Nyrup Rasmussen,Fogh Rasmussen,no,,,no,no,yes,no,no,yes,"NATO, UN",no,no,no,no,2001-11-20,SRC_NELDA
390-2005-0208-L1,DNK,Denmark,2005,Legislative/Parliamentary,no,no,yes,yes,yes,yes,no,no,no,no,no,yes,no,no,no,no,yes,no,no,yes,yes,,,no,yes,yes,yes,,no,,,,no,no,,,,,no,,,,Fogh Rasmussen,Fogh Rasmussen,no,,,no,no,yes,no,no,yes,"NATO, UN",no,no,no,no,2005-02-08,SRC_NELDA
390-2007-1113-L1,DNK,Denmark,2007,Legislative/Parliamentary,no,no,yes,yes,yes,yes,no,no,no,no,no,no,no,no,no,no,yes,no,no,yes,yes,,,no,yes,no,yes,,no,,,,no,no,,,,,no,,,,Fogh Rasmussen,Fogh Rasmussen,no,,,no,no,yes,no,no,yes,EU,no,no,no,no,2007-11-13,SRC_NELDA
404-1994-0703-L1,GNB,Guinea-Bissau,1994,Legislative/Parliamentary,yes,yes,yes,yes,yes,,,,,no,no,no,no,no,no,no,no,yes,yes,no,,,,no,no,,no,,no,,,no,no,no,,,,,,,,,Vieira,Vieira,yes,yes,no,no,no,yes,no,no,unclear,,no,no,no,no,1994-07-03,SRC_NELDA
404-1994-0703-P1,GNB,Guinea-Bissau,1994,Executive,yes,yes,yes,yes,yes,,no,no,no,no,no,no,no,no,no,no,no,yes,yes,yes,yes,,,no,no,,no,,no,,,no,no,no,,,,,no,,,,Vieira,Vieira,yes,yes,no,no,no,yes,no,no,unclear,,no,no,no,no,1994-07-03,SRC_NELDA
404-1994-0703-P2,GNB,Guinea-Bissau,1994,Executive,yes,yes,yes,yes,yes,,no,no,no,no,no,no,no,no,no,no,no,yes,yes,yes,yes,,,no,no,,no,,no,,,no,no,no,,,,,no,,,,vieira,vieira,yes,yes,no,no,no,yes,no,no,unclear,,no,no,no,no,1994-08-07,SRC_NELDA
404-1999-1128-L1,GNB,Guinea-Bissau,1999,Legislative/Parliamentary,no,no,yes,yes,yes,yes,no,no,no,yes,no,no,no,no,no,unclear,no,yes,yes,no,,,,,unclear,,yes,,no,,,no,yes,no,,,,,,,,,Sanha,Sanha,yes,yes,no,no,no,yes,no,no,yes,"us, imf, france, germany",no,no,no,no,1999-11-28,SRC_NELDA
404-1999-1128-P1,GNB,Guinea-Bissau,1999,Executive,no,no,yes,yes,yes,no,no,no,no,yes,no,no,no,no,no,unclear,no,yes,yes,yes,yes,,,yes,unclear,,yes,,no,,,no,yes,no,,,,,yes,yes,no,no,Sanha,Kumba Iala,yes,yes,no,no,no,yes,no,no,yes,"imf, us, france, germany",no,no,no,no,1999-11-28,SRC_NELDA
404-1999-1128-P2,GNB,Guinea-Bissau,2000,Executive,no,no,yes,yes,yes,no,no,no,no,yes,no,no,no,no,no,unclear,no,yes,yes,yes,yes,,,yes,unclear,,yes,,no,,,no,yes,no,,,,,yes,yes,no,no,Sanha,Kumba Iala,yes,yes,no,no,no,yes,no,no,yes,"imf, us, france, germany",no,no,no,no,2000-01-16,SRC_NELDA
404-2004-0328-L1,GNB,Guinea-Bissau,2004,Legislative/Parliamentary,no,no,yes,yes,yes,yes,,,,yes,no,no,no,no,no,unclear,no,yes,yes,no,,,,,unclear,,yes,,no,,,no,no,no,,,,,,,,,henrique pereira rosa,henrique pereira rosa,yes,yes,no,no,no,yes,no,no,yes,"imf, us, france, germany",no,no,no,no,2004-03-28,SRC_NELDA
404-2005-0619-P1,GNB,Guinea-Bissau,2005,Executive,yes,no,yes,yes,yes,,yes,no,no,yes,no,no,no,no,no,no,no,no,yes,yes,no,no,,,no,,yes,yes,no,,,no,no,no,,,,,no,,,,rosa,rosa,yes,yes,no,no,no,yes,no,no,yes,"united states, e.u.",no,no,yes,no,2005-06-19,SRC_NELDA
404-2005-0619-P2,GNB,Guinea-Bissau,2005,Executive,yes,no,yes,yes,yes,,yes,no,no,yes,no,no,no,no,no,no,no,no,yes,yes,no,no,,,no,,yes,yes,no,,,no,no,no,,,,,yes,yes,no,no,rosa,vieira,yes,yes,no,no,no,yes,no,no,yes,"united states, e.u.",no,no,yes,no,2005-07-24,SRC_NELDA
404-2008-1116-L1,GNB,Guinea-Bissau,2008,Legislative/Parliamentary,no,no,yes,yes,yes,no,,,,no,yes,no,no,no,no,no,no,yes,yes,no,,,,no,no,,no,yes,yes,yes,yes,no,no,no,,,,,,,,,Vieira,Vieira,yes,yes,no,no,no,yes,no,no,yes,"UN, France, Portugal",no,no,no,no,2008-11-16,SRC_NELDA
404-2009-0628-P1,GNB,Guinea-Bissau,2009,Executive,no,no,yes,yes,yes,yes,yes,no,no,yes,yes,no,no,no,no,no,no,yes,yes,yes,no,no,,no,no,,no,no,no,,,no,no,no,,,,,no,,,,Pereira,Pereira,yes,yes,no,no,no,yes,no,no,yes,"UN, France, Portugal",no,no,no,no,2009-06-28,SRC_NELDA
404-2009-0628-P2,GNB,Guinea-Bissau,2009,Executive,no,no,yes,yes,yes,yes,yes,no,no,yes,yes,no,no,no,no,no,no,yes,yes,yes,no,no,,no,no,,no,no,no,,,,no,no,,,,,yes,yes,no,no,Pereira,Sanha,yes,yes,no,no,no,yes,no,no,yes,"UN, France, Portugal",no,no,no,no,2009-07-26,SRC_NELDA
411-1983-0828-L1,GNQ,Equatorial Guinea,1983,Legislative/Parliamentary,yes,no,no,no,no,,,,,no,yes,yes,yes,yes,yes,yes,no,no,yes,no,,,,no,no,,no,yes,yes,yes,no,,no,,,,,,no,,,,Nguerna Mbasogo,Nguerna Mbasogo,no,,,no,no,no,yes,no,yes,"usa, un, world bank",yes,no,no,no,1983-08-28,SRC_NELDA
411-1988-0710-L1,GNQ,Equatorial Guinea,1988,Legislative/Parliamentary,no,no,no,no,no,no,,,,no,yes,yes,yes,yes,yes,yes,no,no,yes,no,,,,no,no,,no,yes,yes,yes,no,,no,,,,,,no,,,,Nguerna Mbasogo,Nguerna Mbasogo,no,,,no,no,no,no,no,yes,"usa, un, world bank",no,no,no,no,1988-07-10,SRC_NELDA
411-1989-0625-P1,GNQ,Equatorial Guinea,1989,Executive,no,no,no,no,no,no,no,no,no,no,yes,yes,yes,yes,yes,yes,no,no,yes,yes,yes,,,no,no,,no,yes,yes,yes,no,,no,no,,,,,no,,,,Nguerna Mbasogo,Nguerna Mbasogo,no,,,no,no,no,yes,no,yes,"usa, un, world bank",yes,no,no,no,1989-06-25,SRC_NELDA
411-1993-1121-L1,GNQ,Equatorial Guinea,1993,Legislative/Parliamentary,no,yes,yes,yes,yes,yes,,,,no,yes,yes,no,yes,yes,yes,yes,no,yes,no,,,,no,no,,no,yes,no,,,no,yes,no,,,,,,,,,Nguerna Mbasogo,Nguerna Mbasogo,yes,no,yes,no,yes,yes,no,no,yes,"un, us",no,no,no,no,1993-11-21,SRC_NELDA
411-1996-0225-P1,GNQ,Equatorial Guinea,1996,Executive,yes,no,yes,yes,yes,,no,no,no,no,yes,yes,no,yes,yes,yes,yes,no,yes,yes,yes,,,no,no,,no,yes,no,,,no,yes,no,,,,,no,,,,Nguerna Mbasogo,Nguerna Mbasogo,yes,no,yes,no,yes,yes,no,no,yes,"un, us",no,no,no,no,1996-02-25,SRC_NELDA
411-1999-0307-L1,GNQ,Equatorial Guinea,1999,Legislative/Parliamentary,no,no,yes,yes,yes,no,,,,no,yes,yes,no,no,yes,yes,yes,no,yes,no,,,,no,no,,no,yes,no,,,no,no,no,,,,,,,,,Nguerna Mbasogo,Nguerna Mbasogo,yes,yes,yes,no,yes,yes,no,no,yes,"us, un",no,no,no,no,1999-03-07,SRC_NELDA
411-2002-1215-P1,GNQ,Equatorial Guinea,2002,Executive,no,no,yes,yes,yes,no,no,no,no,no,yes,yes,no,no,yes,yes,yes,no,yes,yes,yes,,,no,no,,no,yes,no,,,no,no,no,,,,,no,,,,Nguerna Mbasogo,Nguerna Mbasogo,yes,unclear,unclear,no,yes,yes,no,no,yes,"un, us",no,no,no,no,2002-12-15,SRC_NELDA
411-2004-0425-L1,GNQ,Equatorial Guinea,2004,Legislative/Parliamentary,no,no,yes,yes,yes,no,,,,no,yes,yes,no,yes,yes,yes,yes,no,yes,no,,,,no,no,,yes,yes,no,,,no,no,no,,,,,,,,,Nguerna Mbasogo,Nguerna Mbasogo,yes,yes,yes,no,yes,yes,no,no,yes,"us, un, imf",no,no,no,no,2004-04-25,SRC_NELDA
411-2008-0504-L1,GNQ,Equatorial Guinea,2008,Legislative/Parliamentary,no,no,yes,yes,yes,yes,,,,no,yes,yes,yes,yes,yes,yes,yes,no,no,no,,,,no,no,,yes,no,no,,,,no,no,,,,,,,,,Mbasogo,Mbasogo,yes,yes,yes,no,yes,yes,no,no,yes,"US, Spain, France, UK",no,no,no,no,2008-05-04,SRC_NELDA
411-2009-1129-P1,GNQ,Equatorial Guinea,2009,Executive,no,no,yes,yes,yes,no,no,no,yes,no,yes,yes,no,no,yes,yes,yes,no,no,yes,yes,,yes,no,no,,no,no,no,,,,no,no,,,,,no,,,,Mbasogo,Mbasogo,yes,yes,yes,yes,no,yes,no,no,yes,"US, Spain, France",no,no,no,no,2009-11-29,SRC_NELDA
420-1966-0517-L1,GMB,Gambia,1966,Legislative/Parliamentary,no,yes,yes,yes,yes,no,,,,no,no,unclear,no,no,no,no,no,no,yes,no,,,,,no,,,no,no,,,no,no,no,,,,,,,,,Jawara,Jawara,no,,,,,no,,,yes,great britain,no,no,no,no,1966-05-17,SRC_NELDA
420-1972-0329-L1,GMB,Gambia,1972,Legislative/Parliamentary,no,no,yes,yes,yes,no,,,,no,no,unclear,no,no,no,no,no,unclear,yes,no,,,,,no,,no,no,no,,,no,no,no,,,,,,,,,Jawara,Jawara,no,,,,,unclear,,,yes,great britain,no,no,no,no,1972-03-29,SRC_NELDA
420-1977-0404-L1,GMB,Gambia,1977,Legislative/Parliamentary,no,no,yes,yes,yes,no,,,,no,no,unclear,no,no,no,no,no,unclear,yes,no,,,,,no,,unclear,no,no,,,no,no,no,,,,,,,,,Jawara,Jawara,no,,,,,unclear,,,yes,great britain,no,no,no,no,1977-04-04,SRC_NELDA
420-1982-0504-L1,GMB,Gambia,1982,Legislative/Parliamentary,no,no,yes,yes,yes,no,,,,no,no,unclear,yes,no,yes,no,no,yes,yes,no,,,,no,no,,unclear,no,no,,,no,yes,no,,,,,,,,,Jawara,Jawara,no,,,,,unclear,,,yes,great britain,no,no,no,no,1982-05-04,SRC_NELDA
420-1982-0504-P1,GMB,Gambia,1982,Executive,no,no,yes,yes,yes,no,no,no,no,no,no,unclear,yes,no,yes,no,no,yes,yes,yes,yes,,,no,no,,no,no,no,,,no,yes,no,,,,,no,,,,Jawara,Jawara,no,,,,,unclear,,,yes,great britain,no,no,no,no,1982-05-04,SRC_NELDA
420-1987-0311-L1,GMB,Gambia,1987,Legislative/Parliamentary,no,no,yes,yes,yes,no,,,,no,yes,yes,no,no,no,yes,no,no,yes,no,,,,no,no,,no,yes,no,,,no,no,no,,,,,,,,,Jawara,Jawara,no,,,,,no,,,yes,great britain and imf,no,no,no,no,1987-03-11,SRC_NELDA
420-1987-0311-P1,GMB,Gambia,1987,Executive,no,no,yes,yes,yes,no,no,no,no,no,yes,yes,no,no,no,yes,no,yes,yes,yes,yes,,,no,no,,no,yes,no,,,no,no,no,,,,,no,,,,Jawara,Jawara,no,,,,,no,,,yes,great britain and imf,no,no,no,no,1987-03-11,SRC_NELDA
420-1992-0429-L1,GMB,Gambia,1992,Legislative/Parliamentary,no,no,yes,yes,yes,no,,,,no,no,yes,no,no,no,no,yes,no,yes,no,,,,no,yes,yes,yes,,no,,,no,no,no,,,,,,,,,Jawara,Jawara,no,,,no,no,yes,no,no,yes,"us, europe, un",no,no,no,no,1992-04-29,SRC_NELDA
420-1992-0429-P1,GMB,Gambia,1992,Executive,no,no,yes,yes,yes,no,no,no,no,no,no,yes,no,no,no,no,yes,no,yes,yes,yes,,,no,yes,yes,no,,no,,,no,no,no,,,,,no,,,,Jawara,Jawara,no,,,no,no,yes,no,no,yes,"us, europe, un",no,no,no,no,1992-04-29,SRC_NELDA
420-1996-0926-P1,GMB,Gambia,1996,Executive,yes,no,yes,yes,yes,,no,no,no,no,yes,yes,yes,no,yes,unclear,no,no,no,yes,yes,,,no,yes,yes,no,,no,,,no,yes,no,,,,,no,,,,Jammeh,Jammeh,no,,,no,no,no,no,no,no,,no,no,no,yes,1996-09-26,SRC_NELDA
420-1997-0102-L1,GMB,Gambia,1997,Legislative/Parliamentary,no,no,yes,yes,yes,yes,,,,no,no,yes,no,no,no,no,yes,no,no,no,,,,no,yes,yes,no,,no,,,no,no,no,,,,,,,,,Jammeh,Jammeh,no,,,no,no,no,no,no,no,,no,no,no,yes,1997-01-02,SRC_NELDA
420-2001-1018-P1,GMB,Gambia,2001,Executive,no,no,yes,yes,yes,no,no,no,no,no,no,no,no,no,yes,no,yes,no,yes,yes,yes,,,no,unclear,,no,,no,,,no,yes,no,,,,,no,,,,Jammeh,Jammeh,yes,yes,no,no,no,yes,no,yes,yes,"us, eu",no,yes,no,no,2001-10-18,SRC_NELDA
420-2002-0117-L1,GMB,Gambia,2002,Legislative/Parliamentary,no,no,yes,yes,yes,no,,,,no,no,yes,no,yes,no,no,yes,no,yes,no,,,,no,yes,yes,no,,no,,,no,no,no,,,,,,,,,Jammeh,Jammeh,yes,yes,no,no,no,yes,no,no,yes,"us, eu, un",no,no,no,no,2002-01-17,SRC_NELDA
420-2006-0922-P1,GMB,Gambia,2006,Executive,no,no,yes,yes,yes,no,no,no,no,no,no,no,no,no,no,yes,yes,no,yes,yes,yes,,,no,no,,no,yes,no,,,no,no,no,,,,,no,,,,jammeh,jammeh,yes,yes,no,no,no,yes,no,no,yes,"britain, commonwealth",no,no,yes,no,2006-09-22,SRC_NELDA
420-2007-0125-L1,GMB,Gambia,2007,Legislative/Parliamentary,no,no,yes,yes,yes,no,,,,no,no,yes,no,no,no,no,no,no,yes,no,,,,no,no,,yes,,no,,,,no,no,,,,,,,,,Jammeh,Jammeh,no,,,no,no,no,no,no,yes,UK,no,no,no,no,2007-01-25,SRC_NELDA
432-1964-0412-L1,MLI,Mali,1964,Legislative/Parliamentary,no,no,no,no,no,no,no,no,no,no,yes,yes,yes,no,yes,yes,no,no,yes,yes,yes,,no,no,no,,,yes,no,,,no,no,no,,,,,no,,,,modibo keita,modibo keita,no,,,no,no,no,no,no,yes,france,no,no,no,no,1964-04-12,SRC_NELDA
432-1979-0619-L1,MLI,Mali,1979,Legislative/Parliamentary,yes,no,no,no,no,,,,,yes,no,no,yes,,,no,no,unclear,yes,no,,,,,no,,,no,no,,,no,no,no,,,,,,,,,Traore,Traore,no,,,no,no,unclear,unclear,unclear,yes,france,no,no,no,no,1979-06-19,SRC_NELDA
432-1979-0619-P1,MLI,Mali,1979,Executive,yes,no,no,no,no,,no,no,no,yes,no,yes,yes,,,no,no,unclear,yes,yes,yes,,,no,no,,,no,no,,,no,no,no,,,,,no,,,,Traore,Traore,no,,,no,no,unclear,unclear,unclear,yes,france,no,no,no,no,1979-06-19,SRC_NELDA
432-1982-0613-L1,MLI,Mali,1982,Legislative/Parliamentary,no,no,no,no,no,yes,,,,no,yes,yes,yes,yes,no,no,no,no,yes,no,,,,no,no,,no,no,no,,,,yes,,,,,,no,,,,Traore,Traore,no,,,no,no,yes,no,no,yes,"un, world bank, imf",no,no,no,no,1982-06-13,SRC_NELDA
432-1985-0609-L1,MLI,Mali,1985,Legislative/Parliamentary,no,no,no,no,no,no,no,no,no,no,yes,yes,yes,yes,no,no,no,no,yes,yes,yes,,,no,no,,no,no,no,,,,no,,,,,,no,,,,Traore,Traore,no,,,no,no,yes,no,yes,yes,"un, world bank, imf",no,no,no,no,1985-06-09,SRC_NELDA
432-1985-0609-P1,MLI,Mali,1985,Executive,no,no,no,no,no,yes,no,no,no,no,yes,yes,yes,yes,no,no,no,no,yes,no,yes,,,no,no,,no,no,no,,,,no,no,,,,,no,,,,Traore,Traore,no,,,no,no,yes,no,yes,yes,"un, world bank, imf",no,no,no,no,1985-06-09,SRC_NELDA
432-1988-0626-L1,MLI,Mali,1988,Legislative/Parliamentary,no,no,no,no,yes,no,,,,no,yes,yes,yes,yes,no,no,no,no,yes,no,,,,no,no,,no,no,no,,,,no,,,,,,no,,,,Traore,Traore,no,,,no,no,yes,no,no,no,"un, world bank, imf",no,no,no,no,1988-06-26,SRC_NELDA
432-1992-0223-L1,MLI,Mali,1992,Legislative/Parliamentary,yes,yes,yes,yes,yes,,,,,yes,yes,,no,yes,no,no,no,yes,yes,no,,,,yes,no,,yes,yes,no,,,no,no,no,,,,,,,,,Amoude Toure,Amoude Toure,no,no,,unclear,unclear,yes,no,no,yes,"un, imf, world bank, oau, ecowas",no,no,no,no,1992-02-23,SRC_NELDA
432-1992-0223-L2,MLI,Mali,1992,Legislative/Parliamentary,yes,yes,yes,yes,yes,,,,,yes,yes,,no,yes,no,no,no,yes,yes,no,,,,yes,no,,yes,yes,no,,,no,no,no,,,,,,,,,Amoude Toure,Amoude Toure,no,no,,unclear,unclear,yes,no,no,yes,"un, imf, world bank, oau, ecowas",no,no,no,no,1992-03-08,SRC_NELDA
432-1992-0412-P1,MLI,Mali,1992,Executive,yes,yes,yes,yes,yes,,yes,no,no,yes,unclear,yes,no,no,no,no,no,yes,yes,yes,no,no,,no,yes,yes,no,no,no,,,no,no,no,,,,,yes,yes,no,no,Amoude Toure,Amoude Toure,yes,unclear,no,no,no,yes,no,no,yes,"un, imf, world bank, oau, ecowas",no,no,no,no,1992-04-12,SRC_NELDA
432-1992-0412-P2,MLI,Mali,1992,Executive,yes,yes,yes,yes,yes,,yes,no,no,yes,unclear,yes,no,no,no,no,no,yes,yes,yes,no,no,,no,yes,yes,no,no,no,,,no,no,no,,,,,yes,yes,no,no,Amoude Toure,Konare,yes,unclear,no,no,no,yes,no,no,yes,"un, imf, world bank, oau, ecowas",no,no,no,no,1992-04-26,SRC_NELDA
432-1997-0413-L1,MLI,Mali,1997,Legislative/Parliamentary,no,no,yes,yes,yes,yes,,,,no,yes,yes,yes,no,no,no,no,yes,yes,no,,,,no,,,no,yes,yes,yes,yes,yes,no,yes,yes,no,yes,no,,,,,Konare,Konare,yes,unclear,unclear,unclear,unclear,yes,no,no,yes,"un, imf, world bank, oau, ecowas",no,no,no,no,1997-04-13,SRC_NELDA
432-1997-0511-P1,MLI,Mali,1997,Executive,no,no,yes,yes,yes,yes,no,no,no,no,yes,yes,no,yes,no,no,no,yes,yes,yes,yes,,,no,,,no,yes,yes,yes,yes,no,no,no,,,,,no,,,,Konare,Konare,no,,,unclear,unclear,yes,no,no,yes,"un, imf, world bank, oau, ecowas",no,no,no,no,1997-05-11,SRC_NELDA
432-1997-0720-L1,MLI,Mali,1997,Legislative/Parliamentary,no,no,yes,yes,yes,yes,,,,no,yes,yes,no,yes,yes,no,no,yes,yes,no,,,,no,no,,no,yes,yes,yes,yes,no,yes,no,,,,,,,,,Konare,Konare,no,,,unclear,unclear,yes,no,yes,yes,"un, imf, world bank, oau, ecowas",no,no,no,no,1997-07-20,SRC_NELDA
432-1997-0720-L2,MLI,Mali,1997,Legislative/Parliamentary,no,no,yes,yes,yes,yes,,,,no,yes,yes,no,yes,yes,no,no,yes,yes,no,,,,no,no,,no,yes,yes,yes,yes,no,yes,no,,,,,,,,,Konare,Konare,no,,,unclear,unclear,yes,no,yes,yes,"un, imf, world bank, oau, ecowas",no,no,no,no,1997-08-03,SRC_NELDA
432-2002-0428-P1,MLI,Mali,2002,Executive,no,no,yes,yes,yes,no,yes,yes,no,no,no,no,no,no,no,no,no,yes,yes,yes,no,yes,no,yes,yes,no,yes,yes,no,,,no,no,no,,,,,yes,yes,no,no,Konare,Konare,yes,yes,no,no,no,yes,no,no,yes,"un, imf, world bank, oau, ecowas",no,no,no,no,2002-04-28,SRC_NELDA
432-2002-0428-P2,MLI,Mali,2002,Executive,no,no,yes,yes,yes,no,yes,yes,no,no,no,no,no,no,no,no,no,yes,yes,yes,no,yes,no,yes,yes,no,yes,yes,no,,,no,no,no,,,,,yes,yes,no,no,Konare,Amadou Toure,yes,yes,no,no,no,yes,no,no,yes,"un, imf, world bank, oau, ecowas",no,no,no,no,2002-05-12,SRC_NELDA
432-2002-0714-L1,MLI,Mali,2002,Legislative/Parliamentary,no,no,yes,yes,yes,no,,,no,no,no,unclear,no,no,no,no,no,yes,yes,no,,,,yes,no,,yes,,no,,,,no,yes,no,no,yes,yes,,,,,Amadou Toure,Amadou Toure,no,no,,no,no,yes,no,no,yes,"un, imf, world bank, oau, ecowas",no,no,no,no,2002-07-14,SRC_NELDA
432-2002-0714-L2,MLI,Mali,2002,Legislative/Parliamentary,no,no,yes,yes,yes,no,,,no,no,no,unclear,no,no,no,no,no,yes,yes,no,,,,yes,no,,yes,,no,,,,no,yes,no,no,yes,yes,,,,,Amadou Toure,Amadou Toure,no,no,,no,no,yes,no,no,yes,"un, imf, world bank, oau, ecowas",no,no,no,no,2002-07-28,SRC_NELDA
432-2007-0429-P1,MLI,Mali,2007,Executive,no,no,yes,yes,yes,no,no,no,no,no,no,no,no,no,no,no,no,yes,yes,yes,yes,,,no,no,,no,yes,yes,yes,no,,no,no,,,,,no,,,,Amadou Toumani Toure,Amadou Toumani Toure,yes,yes,no,no,no,yes,no,no,yes,US,no,no,no,no,2007-04-29,SRC_NELDA
432-2007-0701-L1,MLI,Mali,2007,Legislative/Parliamentary,no,no,yes,yes,yes,no,,,,no,yes,no,no,no,no,no,no,no,yes,no,,,,no,no,,no,no,no,,,no,no,no,,,,,,,,,Amadou Toumani Toure,Amadou Toumani Toure,yes,no,,no,no,yes,no,no,yes,US,no,no,no,no,2007-07-01,SRC_NELDA
432-2007-0701-L2,MLI,Mali,2007,Legislative/Parliamentary,no,no,yes,yes,yes,no,,,,no,yes,no,no,no,no,no,no,no,yes,no,,,,no,no,,no,no,no,,,no,no,no,,,,,,,,,Amadou Toumani Toure,Amadou Toumani Toure,yes,no,,no,no,yes,no,no,yes,US,no,no,no,no,2007-07-22,SRC_NELDA
433-1963-1201-L1,SEN,Senegal,1963,Legislative/Parliamentary,no,no,yes,yes,yes,unclear,,,,no,yes,yes,yes,no,yes,no,unclear,no,yes,no,,,,no,no,,no,yes,no,,,no,yes,no,,,,,,,,,senghor,senghor,no,,,no,no,yes,no,no,yes,france,no,no,no,no,1963-12-01,SRC_NELDA
433-1963-1201-P1,SEN,Senegal,1963,Executive,no,no,yes,yes,no,unclear,no,no,no,no,yes,yes,yes,no,yes,no,unclear,no,yes,yes,yes,,no,no,no,,no,yes,no,,,no,yes,no,,,,,no,,,,senghor,senghor,no,,,no,no,yes,no,no,yes,france,no,no,no,no,1963-12-01,SRC_NELDA
433-1968-0225-L1,SEN,Senegal,1968,Legislative/Parliamentary,no,no,no,no,no,no,,,,no,yes,yes,,,,no,no,no,yes,no,,,,no,no,,no,,no,,,no,no,no,,,,,,,,,senghor,senghor,no,,,no,no,yes,no,no,yes,france,no,no,no,unclear,1968-02-25,SRC_NELDA
433-1968-0225-P1,SEN,Senegal,1968,Executive,no,no,no,no,no,no,no,no,no,no,yes,yes,,,,no,no,no,yes,yes,yes,,no,no,no,,no,,no,,,no,no,no,,,,,no,,,,senghor,senghor,no,,,no,no,yes,no,no,yes,france,no,no,no,unclear,1968-02-25,SRC_NELDA
433-1973-0128-L1,SEN,Senegal,1973,Legislative/Parliamentary,no,no,no,no,no,no,,,,no,yes,yes,,,no,yes,no,no,no,no,,,,no,no,,,no,no,,,,no,no,,,,,,,,,leopold sedar senghor,leopold sedar senghor,no,,,no,no,no,no,no,no,,no,no,no,no,1973-01-28,SRC_NELDA
433-1973-0128-P1,SEN,Senegal,1973,Executive,no,no,no,no,no,no,no,no,no,no,yes,yes,,,no,yes,no,no,no,yes,yes,,,no,no,,,no,no,,,,no,no,,,,,no,,,,leopold sedar senghor,leopold sedar senghor,no,,,no,no,no,no,no,no,,no,no,no,no,1973-01-28,SRC_NELDA
433-1978-0226-L1,SEN,Senegal,1978,Legislative/Parliamentary,no,yes,yes,yes,yes,no,,,,no,yes,yes,yes,yes,no,yes,no,no,no,no,,,,no,no,,yes,no,no,,,,yes,no,,,,,no,,,,Senghor,Senghor,no,,,no,no,no,no,no,no,,no,no,no,no,1978-02-26,SRC_NELDA
433-1978-0226-P1,SEN,Senegal,1978,Executive,no,yes,yes,yes,yes,no,no,no,no,no,yes,yes,yes,yes,no,yes,no,no,no,yes,yes,,,no,no,,no,no,no,,,,yes,no,,,,,no,,,,Senghor,Senghor,no,,,no,no,no,no,no,no,,no,no,no,no,1978-02-26,SRC_NELDA
433-1983-0227-L1,SEN,Senegal,1983,Legislative/Parliamentary,no,no,yes,yes,yes,no,,,,no,no,yes,no,yes,no,no,no,no,yes,no,,,,no,no,,no,no,no,,,,no,,,,,,no,,,,Diouf,Diouf,no,,,yes,no,yes,no,no,yes,"un, imf, france",no,no,no,no,1983-02-27,SRC_NELDA
433-1983-0227-P1,SEN,Senegal,1983,Executive,no,no,yes,yes,yes,no,no,no,no,no,no,yes,no,yes,no,no,no,no,yes,yes,yes,,,no,no,,no,no,no,,,,no,no,,,,,no,,,,Diouf,Diouf,no,,,yes,no,yes,no,no,yes,"un, imf, france",no,no,no,no,1983-02-27,SRC_NELDA
433-1988-0228-L1,SEN,Senegal,1988,Legislative/Parliamentary,no,no,yes,yes,yes,no,,,,no,yes,yes,no,yes,no,no,no,no,yes,no,,,,no,no,,yes,yes,yes,yes,yes,,yes,,,,,,no,,,,diouf,diouf,no,,,yes,no,yes,yes,no,yes,"un, imf, france",yes,no,no,no,1988-02-28,SRC_NELDA
433-1988-0228-P1,SEN,Senegal,1988,Executive,no,no,yes,yes,yes,no,no,no,no,no,yes,yes,no,yes,no,no,no,no,yes,yes,yes,,,no,no,,yes,yes,yes,yes,yes,,yes,no,,,,,no,,,,Diouf,Diouf,no,,,yes,no,yes,yes,no,yes,"un, imf, france",yes,no,no,no,1988-02-28,SRC_NELDA
433-1993-0221-P1,SEN,Senegal,1993,Executive,no,no,yes,yes,yes,no,no,no,no,no,no,yes,no,no,no,no,no,yes,yes,yes,yes,,,no,no,,no,yes,no,,,no,yes,no,,,,,no,,,,Diouf,Diouf,yes,yes,no,no,no,yes,no,no,yes,un,no,no,no,no,1993-02-21,SRC_NELDA
433-1993-0509-L1,SEN,Senegal,1993,Legislative/Parliamentary,no,no,yes,yes,yes,no,,,no,no,no,yes,no,no,no,no,no,yes,yes,no,,,,no,no,,yes,yes,no,,,no,no,no,,,,,,,,,Diouf,Diouf,no,no,,no,no,yes,no,no,yes,un,no,no,no,no,1993-05-09,SRC_NELDA
433-1998-0525-L1,SEN,Senegal,1998,Legislative/Parliamentary,no,no,yes,yes,yes,no,,,no,no,no,yes,no,no,no,no,yes,no,yes,no,,,,no,no,,no,yes,no,,,no,yes,no,,,,,,,,,Diouf,Diouf,no,no,,no,no,yes,no,no,yes,un,no,no,no,no,1998-05-25,SRC_NELDA
433-2000-0227-P1,SEN,Senegal,2000,Executive,no,no,yes,yes,yes,no,no,no,no,no,no,no,no,no,no,no,yes,no,yes,yes,yes,,,yes,no,,yes,yes,no,,,no,no,no,,,,,yes,yes,no,no,Diouf,Diouf,yes,unclear,,no,no,yes,no,no,yes,un,no,no,no,no,2000-02-27,SRC_NELDA
433-2000-0227-P2,SEN,Senegal,2000,Executive,no,no,yes,yes,yes,no,no,no,no,no,no,no,no,no,no,no,yes,no,yes,yes,yes,,,yes,no,,yes,yes,no,,,no,no,no,,,,,yes,yes,no,no,Diouf,Abdoulaye Wade,yes,unclear,,no,no,yes,no,no,yes,un,no,no,no,no,2000-03-19,SRC_NELDA
433-2001-0429-L1,SEN,Senegal,2001,Legislative/Parliamentary,no,no,yes,yes,yes,no,,,,no,no,no,no,no,no,no,yes,no,yes,no,,,,no,no,,yes,,no,,,no,no,no,,,,,,,,,Abdoulaye Wade,Abdoulaye Wade,yes,yes,no,no,no,yes,no,no,yes,un,no,no,no,no,2001-04-29,SRC_NELDA
433-2007-0225-P1,SEN,Senegal,2007,Executive,no,no,yes,yes,yes,no,no,no,no,no,yes,no,no,no,no,no,no,no,yes,yes,yes,,,no,no,,no,yes,no,,,,no,no,,,,,no,,,,Wade,Wade,yes,no,,no,no,yes,no,no,yes,France,no,no,no,no,2007-02-25,SRC_NELDA
433-2007-0603-L1,SEN,Senegal,2007,Legislative/Parliamentary,no,no,yes,yes,yes,yes,,,,no,yes,yes,no,yes,no,no,no,no,yes,no,,,,no,no,,no,yes,no,,,no,no,no,,,,,,,,,Wade,Wade,no,no,,no,no,yes,no,no,yes,France,no,no,no,no,2007-06-03,SRC_NELDA
434-1960-1211-L1,BEN,Benin,1960,Legislative/Parliamentary,no,no,yes,yes,yes,no,no,no,no,no,yes,yes,no,no,yes,no,no,no,yes,yes,yes,,no,no,no,,no,no,no,,,no,yes,no,,,,,no,,,,maga,maga,no,,,no,no,yes,no,no,yes,france,no,no,no,no,1960-12-11,SRC_NELDA
434-1960-1211-P1,BEN,Benin,1960,Executive,yes,yes,yes,yes,yes,,no,no,no,no,no,yes,no,no,no,no,no,no,yes,yes,yes,,,,no,,no,,no,,,,yes,no,,,,,no,,,,Maga,Maga,no,,,no,no,yes,no,no,yes,France,no,no,no,no,1960-12-11,SRC_NELDA
434-1964-0119-L1,BEN,Benin,1964,Legislative/Parliamentary,no,no,yes,yes,no,yes,yes,no,no,yes,yes,no,yes,no,yes,no,no,no,yes,yes,no,no,no,no,no,,no,no,no,,,no,no,no,,,,,yes,yes,no,no,soglo,apithy,no,,,no,no,yes,no,no,yes,france,no,no,no,no,1964-01-19,SRC_NELDA
434-1964-0119-P1,BEN,Benin,1964,Executive,yes,no,no,no,no,,no,no,no,no,yes,yes,yes,,,no,no,no,yes,yes,yes,,,,no,,,,no,,,,no,no,,,,,no,,,,Sogio,Apithy,no,,,no,no,yes,no,no,yes,France,no,no,no,no,1964-01-19,SRC_NELDA
434-1968-0505-L1,BEN,Benin,1968,Legislative/Parliamentary,yes,no,no,no,yes,,yes,no,no,no,yes,no,yes,yes,no,no,no,no,unclear,yes,no,no,,,no,,yes,no,no,,,no,no,yes,no,no,yes,yes,no,,,,alley,alley,no,,,no,no,yes,no,no,yes,france,no,no,no,no,1968-05-05,SRC_NELDA
434-1968-0728-P1,BEN,Benin,1968,Executive,yes,no,no,no,no,,no,no,no,no,yes,unclear,,yes,,no,no,no,no,yes,yes,,no,no,no,,,no,no,,,no,no,no,,,,,no,,,,zinsou,zinsou,no,,,no,no,yes,no,no,yes,france,no,no,no,no,1968-07-28,SRC_NELDA
434-1970-0309-P1,BEN,Benin,1970,Executive,yes,no,yes,unclear,yes,,no,no,no,no,yes,,no,no,no,no,no,no,yes,yes,no,no,,,no,,,yes,yes,no,yes,yes,yes,,,,,,yes,no,no,no,Paul-Emile de Souza,Maga,no,,,no,no,yes,no,no,yes,France,no,no,no,no,1970-03-09,SRC_NELDA
434-1979-1120-L1,BEN,Benin,1979,Legislative/Parliamentary,no,no,no,no,yes,no,,,,no,no,yes,yes,no,no,,no,no,yes,no,,,,no,no,,,no,no,,,,no,no,,,,,no,,,,Kerekou,Kerekou,no,,,no,no,no,no,no,yes,"imf, world bank",no,no,no,no,1979-11-20,SRC_NELDA
434-1984-0610-L1,BEN,Benin,1984,Legislative/Parliamentary,no,no,no,no,no,no,,,,no,yes,yes,yes,yes,no,no,no,yes,yes,no,,,,no,no,,no,no,no,,,,no,,,,,,no,,,,Kerekou,Kerekou,no,,,no,no,yes,no,no,yes,"imf, wb",no,no,no,no,1984-06-10,SRC_NELDA
434-1989-0618-L1,BEN,Benin,1989,Legislative/Parliamentary,no,no,no,no,no,no,,,,no,yes,yes,yes,yes,no,no,no,no,yes,no,,,,no,no,,no,no,no,,,,no,,,,,,no,,,,Kerekou,Kerekou,no,,,no,no,yes,no,no,yes,"imf, wb",no,yes,no,no,1989-06-18,SRC_NELDA
434-1991-0217-L1,BEN,Benin,1991,Legislative/Parliamentary,yes,yes,yes,yes,yes,,,,yes,yes,yes,no,no,no,yes,yes,no,yes,yes,no,,,,,no,,yes,no,no,,,no,no,no,,,,,no,,,,Kerekou,Kerekou,yes,yes,no,no,no,yes,no,no,yes,france,no,yes,yes,,1991-02-17,SRC_NELDA
434-1991-0310-P1,BEN,Benin,1991,Executive,no,yes,yes,yes,yes,,no,no,yes,yes,no,no,no,no,no,yes,no,yes,yes,yes,yes,,,,no,,yes,no,no,,,no,no,no,,,,,yes,yes,no,no,Kerekou,"Sogio, C",yes,no,no,no,no,no,,yes,yes,"france, canada",no,yes,yes,,1991-03-10,SRC_NELDA
434-1991-0310-P2,BEN,Benin,1991,Executive,no,yes,yes,yes,yes,,no,no,yes,yes,no,no,no,no,no,yes,no,yes,yes,yes,yes,,,,no,,yes,no,no,,,no,no,no,,,,,yes,yes,no,no,Kerekou,"Sogio, C",yes,yes,no,no,no,no,,yes,yes,"france, canada",no,yes,yes,,1991-03-24,SRC_NELDA
434-1995-0328-L1,BEN,Benin,1995,Legislative/Parliamentary,no,no,yes,yes,yes,yes,,,no,no,no,no,no,no,no,yes,no,no,yes,no,,,,,no,,yes,yes,yes,yes,no,no,no,yes,no,no,yes,no,no,,,,"Sogio, C","Sogio, C",yes,yes,no,no,no,yes,no,no,yes,"france, europe in general",no,no,no,,1995-03-28,SRC_NELDA
434-1995-0328-L2,BEN,Benin,1995,Legislative/Parliamentary,no,no,yes,yes,yes,yes,,,no,no,no,no,no,no,no,yes,no,no,yes,no,,,,,yes,no,no,yes,no,,,no,no,no,,,,,no,,,,"Sogio, C","Sogio, C",yes,yes,no,no,no,yes,no,no,yes,"france, europe in general",no,no,no,,1995-05-28,SRC_NELDA
434-1996-0303-P1,BEN,Benin,1996,Executive,no,no,yes,yes,yes,unclear,no,no,no,no,no,unclear,no,no,no,yes,yes,no,yes,yes,yes,,,,no,,yes,yes,yes,yes,no,no,no,no,,,,,yes,yes,no,no,"Sogio, C",Kerekou,yes,yes,unclear,no,no,yes,no,no,yes,europe (esp. france),no,yes,no,,1996-03-03,SRC_NELDA
434-1996-0303-P2,BEN,Benin,1996,Executive,no,no,yes,yes,yes,unclear,no,no,no,no,no,unclear,no,no,no,yes,yes,no,yes,yes,yes,,,,no,,yes,yes,yes,yes,no,no,no,no,,,,,yes,yes,no,no,"Sogio, C",Kerekou,yes,yes,unclear,no,no,yes,no,no,yes,europe (esp. france),no,yes,no,,1996-03-18,SRC_NELDA
434-1999-0330-L1,BEN,Benin,1999,Legislative/Parliamentary,no,no,yes,yes,yes,no,no,,,no,no,no,no,no,no,yes,yes,no,yes,no,,,,,yes,unclear,no,no,no,,,no,no,no,,,,,,,,,Kerekou,Kerekou,yes,yes,no,no,no,yes,no,unclear,yes,france,no,unclear,no,,1999-03-30,SRC_NELDA
434-2001-0304-P1,BEN,Benin,2001,Executive,no,no,yes,yes,yes,no,no,no,no,no,yes,no,no,no,no,yes,no,no,yes,yes,yes,,,,yes,no,no,no,no,,,no,no,no,,,,,no,,,,Kerekou,Kerekou,yes,yes,no,no,no,yes,no,no,yes,"europe, esp. france",no,no,no,,2001-03-04,SRC_NELDA
434-2001-0304-P2,BEN,Benin,2001,Executive,no,no,yes,yes,yes,yes,no,no,no,no,yes,yes,no,yes,no,yes,no,no,yes,yes,yes,,,no,yes,yes,no,no,no,,,no,no,no,,,,,no,,,,Kerekou,Kerekou,yes,yes,no,no,no,yes,no,no,yes,"europe, esp. france",no,no,no,,2001-03-22,SRC_NELDA
434-2003-0330-L1,BEN,Benin,2003,Legislative/Parliamentary,no,no,yes,yes,yes,no,,no,no,no,yes,no,no,no,yes,yes,no,no,yes,no,,,,,no,,no,no,no,,,no,no,no,,,,,no,,,,Kerekou,Kerekou,no,,,no,no,yes,no,no,yes,"europe, esp. france",no,no,no,,2003-03-30,SRC_NELDA
434-2006-0305-P1,BEN,Benin,2006,Executive,no,no,yes,yes,yes,no,yes,yes,no,no,no,no,no,no,no,no,no,no,yes,yes,no,no,,yes,no,,yes,no,no,,,no,no,no,,,,,no,,,,mathieu kérékou,yayi boni,yes,yes,no,no,no,yes,no,no,yes,"au, imf, france",no,no,no,no,2006-03-05,SRC_NELDA
434-2006-0305-P2,BEN,Benin,2006,Executive,no,no,yes,yes,yes,no,yes,yes,no,no,no,no,no,no,no,no,no,no,yes,yes,no,no,,yes,no,,yes,no,no,,,no,no,no,,,,,yes,yes,no,no,mathieu kérékou,yayi boni,yes,yes,no,no,no,yes,no,no,yes,"au, imf, france",no,no,no,no,2006-03-19,SRC_NELDA
434-2007-0331-L1,BEN,Benin,2007,Legislative/Parliamentary,no,no,yes,yes,yes,yes,,,,no,yes,no,no,no,no,no,yes,no,yes,no,,,,no,no,,yes,no,no,,,no,no,no,,,,,,,,,Thomas Yayi Boni,Thomas Yayi Boni,yes,yes,no,no,no,yes,no,no,yes,France,no,no,no,no,2007-03-31,SRC_NELDA
435-1961-0820-P1,MRT,Mauritania,1961,Executive,yes,no,yes,yes,no,,no,no,no,no,yes,yes,no,yes,no,no,no,no,yes,yes,yes,,no,no,no,,no,no,no,,,no,no,no,,,,,no,,,,ould daddah,ould daddah,no,,,no,no,yes,no,no,yes,france,no,no,no,no,1961-08-20,SRC_NELDA
435-1965-0509-L1,MRT,Mauritania,1965,Legislative/Parliamentary,no,no,no,no,no,no,,,,no,yes,yes,yes,no,no,no,yes,no,unclear,no,,,,no,no,,no,no,no,,,no,no,no,,,,,,,,,ould daddah,ould daddah,no,,,no,no,yes,no,no,no,,,,no,no,1965-05-09,SRC_NELDA
435-1966-0807-P1,MRT,Mauritania,1966,Executive,no,no,no,no,no,no,no,no,unclear,no,yes,yes,yes,no,no,no,yes,no,unclear,yes,yes,,no,no,no,,no,no,no,,,no,no,no,,,,,no,,,,ould daddah,ould daddah,no,,,no,no,yes,no,no,yes,france,no,no,no,no,1966-08-07,SRC_NELDA
435-1971-0808-L1,MRT,Mauritania,1971,Legislative/Parliamentary,no,no,no,no,no,no,,,,no,yes,yes,yes,no,no,yes,no,no,yes,no,,,,no,no,,no,no,no,,,,no,no,,,,,,,,,ahmadou ahidjo,ahmadou ahidjo,no,,,no,no,no,no,no,no,,no,no,no,no,1971-08-08,SRC_NELDA
435-1971-0808-P1,MRT,Mauritania,1971,Executive,no,no,no,no,no,no,no,no,no,no,yes,yes,yes,,no,yes,no,no,yes,yes,yes,,,no,no,,no,no,no,,,,no,no,,,,,no,,,,moktar daddah,moktar daddah,no,,,no,no,no,no,no,no,,no,no,no,no,1971-08-08,SRC_NELDA
435-1976-0808-L1,MRT,Mauritania,1976,Legislative/Parliamentary,no,no,no,no,no,no,,,,no,yes,yes,yes,no,no,yes,no,no,yes,no,,,,no,no,,no,no,no,,,,no,no,,,,,,,,,ahmadou ahidjo,ahmadou ahidjo,no,,,no,no,no,no,no,no,,no,no,no,no,1976-08-08,SRC_NELDA
435-1976-0808-P1,MRT,Mauritania,1976,Executive,no,no,no,no,no,no,no,no,no,no,yes,yes,yes,,no,yes,no,no,yes,yes,yes,,,no,no,,no,no,no,,,,no,no,,,,,no,,,,moktar daddah,moktar daddah,no,,,no,no,no,no,no,no,,no,no,no,no,1976-08-08,SRC_NELDA
435-1992-0124-P1,MRT,Mauritania,1992,Executive,yes,yes,yes,yes,yes,,no,no,no,no,yes,yes,no,no,no,no,no,no,yes,yes,yes,,,no,no,,no,yes,yes,yes,yes,no,yes,no,,,,,no,,,,Sidi Ahmed Taya,Sidi Ahmed Taya,yes,yes,yes,no,no,no,no,no,yes,france,no,no,no,no,1992-01-24,SRC_NELDA
435-1992-0306-L1,MRT,Mauritania,1992,Legislative/Parliamentary,yes,yes,yes,yes,yes,,,,,no,yes,yes,no,yes,yes,no,no,no,yes,no,,,,no,no,,no,yes,no,,,no,no,no,,,,,,,,,Sidi Ahmed Taya,Sidi Ahmed Taya,unclear,unclear,,unclear,unclear,no,no,no,yes,france,no,no,no,no,1992-03-06,SRC_NELDA
435-1992-0306-L2,MRT,Mauritania,1992,Legislative/Parliamentary,yes,yes,yes,yes,yes,,,,,no,yes,yes,no,yes,yes,no,no,no,yes,no,,,,no,no,,no,yes,no,,,no,no,no,,,,,,,,,Sidi Ahmed Taya,Sidi Ahmed Taya,unclear,unclear,,unclear,unclear,no,no,no,yes,france,no,no,no,no,1992-03-13,SRC_NELDA
435-1996-1011-L1,MRT,Mauritania,1996,Legislative/Parliamentary,no,no,yes,yes,yes,yes,,,,no,yes,yes,no,yes,yes,yes,no,no,yes,no,,,,yes,no,,no,yes,no,,,no,no,no,,,,,,,,,Sidi Ahmed Taya,Sidi Ahmed Taya,yes,yes,no,no,no,no,no,no,yes,"france, world bank, imf",no,no,no,no,1996-10-11,SRC_NELDA
435-1996-1011-L2,MRT,Mauritania,1996,Legislative/Parliamentary,no,no,yes,yes,yes,yes,,,,no,yes,yes,no,yes,yes,yes,no,no,yes,no,,,,yes,no,,no,yes,no,,,no,no,no,,,,,,,,,Sidi Ahmed Taya,Sidi Ahmed Taya,yes,yes,no,no,no,no,no,no,yes,"france, world bank, imf",no,no,no,no,1996-10-18,SRC_NELDA
435-1997-1212-P1,MRT,Mauritania,1997,Executive,no,no,yes,yes,yes,yes,no,no,no,no,yes,yes,no,yes,no,no,yes,no,yes,yes,yes,,,no,no,,no,yes,no,,,no,no,no,,,,,no,,,,sidi ahmed taya,sidi ahmed taya,no,no,,no,no,yes,no,no,yes,"france, imf",no,no,no,no,1997-12-12,SRC_NELDA
435-2001-1019-L1,MRT,Mauritania,2001,Legislative/Parliamentary,no,no,yes,yes,yes,no,,,,no,yes,yes,yes,no,yes,no,yes,no,yes,no,,,,no,no,,yes,,no,,,no,no,no,,,,,,,,,sidi ahmed taya,sidi ahmed taya,yes,yes,no,no,no,yes,no,no,yes,"imf, france, world bank",no,yes,no,no,2001-10-19,SRC_NELDA
435-2001-1019-L2,MRT,Mauritania,2001,Legislative/Parliamentary,no,no,yes,yes,yes,no,,,,no,yes,yes,yes,no,yes,no,yes,no,yes,no,,,,no,no,,yes,,no,,,no,no,no,,,,,,,,,sidi ahmed taya,sidi ahmed taya,yes,yes,no,no,no,yes,no,no,yes,"imf, france, world bank",no,yes,no,no,2001-10-26,SRC_NELDA
435-2003-1107-P1,MRT,Mauritania,2003,Executive,no,no,yes,yes,yes,no,no,no,no,no,yes,yes,no,no,yes,no,yes,no,yes,yes,yes,,,no,no,,no,yes,no,,,no,no,no,,,,,no,,,,Sidi Ahmed Taya,Sidi Ahmed Taya,no,no,,no,no,yes,no,no,yes,"imf, world bank, france",no,no,no,no,2003-11-07,SRC_NELDA
435-2006-1119-L1,MRT,Mauritania,2006,Legislative/Parliamentary,yes,yes,yes,yes,yes,,yes,no,no,yes,no,no,no,no,no,no,yes,no,yes,no,,,,,no,,yes,no,no,,,no,no,no,,,,,no,,,,sidi mohamed ould boubacar,sidi mohamed ould boubacar,yes,yes,no,no,no,yes,no,yes,yes,"france, israel",no,no,no,no,2006-11-19,SRC_NELDA
435-2006-1119-L2,MRT,Mauritania,2006,Legislative/Parliamentary,yes,yes,yes,yes,yes,,yes,no,no,yes,no,no,no,no,no,no,yes,no,yes,no,,,,,no,,yes,no,no,,,no,no,no,,,,,no,,,,sidi mohamed ould boubacar,sidi mohamed ould boubacar,yes,yes,no,no,no,yes,no,yes,yes,"france, israel",no,no,no,no,2006-12-03,SRC_NELDA
435-2007-0311-P1,MRT,Mauritania,2007,Executive,yes,no,yes,yes,yes,,yes,no,no,yes,no,no,yes,no,no,yes,no,yes,yes,yes,no,no,,,yes,,yes,,no,,,no,no,,,,,,no,,,,Ely Ould Mohamed Vall,Ely Ould Mohamed Vall,yes,yes,no,no,no,yes,no,yes,yes,France,no,yes,no,no,2007-03-11,SRC_NELDA
435-2007-0311-P2,MRT,Mauritania,2007,Executive,yes,no,yes,yes,yes,,yes,no,no,yes,no,no,no,no,no,yes,no,yes,yes,yes,no,no,,,yes,,yes,,no,,,no,no,,,,,,yes,yes,no,no,Ely Ould Mohamed Vall,Abdallahi,yes,yes,no,no,no,yes,no,yes,yes,France,no,yes,no,no,2007-03-25,SRC_NELDA
435-2009-0718-P1,MRT,Mauritania,2009,Executive,no,no,yes,yes,yes,yes,yes,no,no,yes,yes,no,no,no,no,yes,no,yes,yes,yes,no,no,,no,no,,no,yes,no,,,,no,no,,,,,yes,yes,no,no,Mbare,Abdelaziz,yes,no,,no,no,yes,no,no,yes,France,no,no,no,no,2009-07-18,SRC_NELDA
436-1965-0930-P1,NER,Niger,1965,Executive,no,no,no,no,no,no,no,no,no,no,yes,yes,yes,,no,no,no,yes,yes,yes,yes,,,no,no,,no,no,no,,,,no,no,,,,,no,,,,Diori,Diori,no,,,no,no,yes,no,no,yes,"france, us",no,no,no,no,1965-09-30,SRC_NELDA
436-1965-1021-L1,NER,Niger,1965,Legislative/Parliamentary,no,no,no,no,yes,yes,,,,no,yes,yes,yes,,no,no,no,yes,yes,no,,,,no,no,,no,no,no,,,,no,no,,,,,no,,,,Diori,Diori,no,,,no,no,yes,no,no,yes,"france, us",no,no,no,no,1965-10-21,SRC_NELDA
436-1970-1001-P1,NER,Niger,1970,Executive,no,no,no,no,no,no,no,no,no,no,yes,yes,yes,,no,no,no,yes,yes,yes,yes,,,no,no,,no,no,no,,,,no,no,,,,,no,,,,Diori,Diori,no,,,no,no,yes,no,no,yes,"france, us",no,no,no,no,1970-10-01,SRC_NELDA
436-1970-1022-L1,NER,Niger,1970,Legislative/Parliamentary,no,no,no,no,yes,no,,,,no,yes,yes,yes,,no,no,no,yes,yes,no,,,,no,no,,no,no,no,,,,no,no,,,,,no,,,,Diori,Diori,no,,,no,no,yes,no,no,yes,"france, us",no,no,no,no,1970-10-22,SRC_NELDA
436-1989-1210-P1,NER,Niger,1989,Executive,yes,no,no,no,no,,no,no,yes,no,yes,yes,yes,,no,yes,no,yes,yes,yes,yes,,,no,no,,no,no,no,,,,no,no,,,,,no,,,,Seibou,Seibou,no,,,no,no,yes,no,no,yes,"france, us",no,no,no,no,1989-12-10,SRC_NELDA
436-1989-1212-L1,NER,Niger,1989,Legislative/Parliamentary,yes,no,no,no,yes,,,,,no,yes,yes,yes,,no,yes,no,yes,yes,no,,,,no,no,,no,no,no,,,,no,no,,,,,no,,,,Seibou,Seibou,no,,,no,no,yes,no,no,yes,"france, us",no,no,no,no,1989-12-12,SRC_NELDA
436-1993-0214-L1,NER,Niger,1993,Legislative/Parliamentary,yes,yes,yes,yes,yes,,,,,yes,unclear,unclear,no,no,no,no,no,yes,yes,no,,,,yes,unclear,,yes,yes,no,,,no,yes,no,,,,,,,,,Seibou,Seibou,yes,yes,no,no,no,yes,no,no,yes,france,no,no,no,no,1993-02-14,SRC_NELDA
436-1993-0227-P1,NER,Niger,1993,Executive,no,no,yes,yes,yes,yes,yes,no,no,yes,unclear,unclear,no,no,no,no,no,yes,yes,yes,no,yes,no,yes,unclear,,yes,no,no,,,no,no,no,,,,,yes,yes,no,no,seibou,ousmane,unclear,unclear,unclear,unclear,unclear,yes,no,no,yes,france,no,no,no,no,1993-02-27,SRC_NELDA
436-1993-0227-P2,NER,Niger,1993,Executive,no,no,yes,yes,yes,yes,yes,no,no,yes,yes,no,no,no,no,no,no,yes,yes,yes,no,yes,no,yes,no,,yes,no,no,,,no,no,no,,,,,yes,yes,no,no,seibou,ousmane,yes,yes,no,no,no,yes,no,no,yes,france,no,no,no,no,1993-03-27,SRC_NELDA
436-1995-0112-L1,NER,Niger,1995,Legislative/Parliamentary,no,no,yes,yes,yes,yes,,,,no,yes,unclear,no,no,no,no,no,yes,yes,no,,,,yes,unclear,,yes,yes,no,,,no,no,no,,,,,,,,,Ousmane,Ousmane,yes,unclear,unclear,no,no,yes,no,no,yes,france,no,no,no,no,1995-01-12,SRC_NELDA
436-1996-0707-P1,NER,Niger,1996,Executive,no,no,yes,yes,yes,no,no,no,no,yes,yes,yes,yes,no,yes,yes,no,yes,yes,yes,yes,,,no,unclear,,no,yes,yes,yes,yes,no,no,no,,,,,no,,,,mainassara,mainassara,yes,yes,yes,no,no,no,yes,no,yes,france,no,no,yes,yes,1996-07-07,SRC_NELDA
436-1996-1123-L1,NER,Niger,1996,Legislative/Parliamentary,no,no,yes,yes,yes,yes,,,,yes,yes,yes,yes,yes,yes,yes,no,yes,yes,no,,,,no,unclear,,no,yes,no,,,no,no,no,,,,,,,,,mainassara,mainassara,yes,yes,no,no,no,no,no,no,yes,france,no,no,no,no,1996-11-23,SRC_NELDA
436-1999-1017-P1,NER,Niger,1999,Executive,yes,no,yes,yes,yes,,yes,no,no,yes,unclear,,no,no,no,no,no,yes,yes,yes,no,no,,,unclear,,yes,,no,,,no,no,no,,,,,yes,yes,no,no,wanke,mamadou,yes,yes,no,no,no,no,no,yes,yes,"france, eu",no,yes,yes,yes,1999-10-17,SRC_NELDA
436-1999-1017-P2,NER,Niger,1999,Executive,yes,no,yes,yes,yes,,yes,no,no,yes,unclear,,no,no,no,no,no,yes,yes,yes,no,no,,,unclear,,yes,,no,,,no,no,no,,,,,yes,yes,no,no,wanke,mamadou,yes,yes,no,no,no,no,no,yes,yes,"france, eu",no,yes,yes,yes,1999-11-24,SRC_NELDA
436-1999-1124-L1,NER,Niger,1999,Legislative/Parliamentary,no,no,yes,yes,yes,yes,,,,yes,unclear,,no,no,no,no,no,yes,yes,no,,,,,unclear,,yes,no,no,,,no,no,no,,,,,,,,,wanke,mamadou,yes,yes,no,no,no,no,no,yes,yes,"france, eu",no,yes,yes,yes,1999-11-24,SRC_NELDA
436-2004-1116-P1,NER,Niger,2004,Executive,no,no,yes,yes,yes,no,no,no,no,no,yes,yes,no,no,no,yes,no,yes,yes,yes,yes,,,no,unclear,,no,,no,,,no,no,no,,,,,no,,,,mamadou,mamadou,yes,yes,no,no,no,yes,no,no,yes,"france, eu",no,no,no,no,2004-11-16,SRC_NELDA
436-2004-1116-P2,NER,Niger,2004,Executive,no,no,yes,yes,yes,no,no,no,no,no,no,yes,no,no,no,yes,no,yes,yes,yes,yes,,,no,unclear,,no,,no,,,no,no,no,,,,,no,,,,mamadou,mamadou,yes,yes,no,no,no,yes,no,no,yes,"france, eu",no,no,no,no,2004-12-04,SRC_NELDA
436-2004-1204-L1,NER,Niger,2004,Legislative/Parliamentary,no,no,yes,yes,yes,unclear,,,,no,yes,unclear,no,no,no,yes,no,yes,yes,no,,,,no,unclear,,yes,yes,no,,,no,no,no,,,,,,,,,mamadou,mamadou,yes,yes,no,no,no,yes,no,no,yes,"france, eu",no,no,no,no,2004-12-04,SRC_NELDA
436-2009-1020-L1,NER,Niger,2009,Legislative/Parliamentary,no,no,yes,yes,yes,yes,,,,no,yes,yes,no,yes,yes,yes,no,no,yes,no,,,,no,no,,no,yes,no,,,no,no,no,,,,,,,,,Tandja,Tandja,no,,,no,no,no,yes,no,yes,"IMF, EU",yes,no,yes,yes,2009-10-20,SRC_NELDA
437-1960-1127-L1,CIV,Cote dIvoire,1960,Legislative/Parliamentary,no,no,yes,yes,no,no,,,,no,yes,yes,yes,no,yes,no,no,no,yes,no,,,,no,no,,no,no,no,,,no,no,no,,,,,,,,,houphouet-boigny,houphouet-boigny,no,,,no,no,yes,no,no,yes,france,no,no,no,no,1960-11-27,SRC_NELDA
437-1960-1127-P1,CIV,Cote dIvoire,1960,Executive,no,no,yes,yes,no,no,no,no,no,no,yes,yes,yes,no,yes,no,no,no,yes,yes,yes,,no,no,no,,no,no,no,,,no,no,no,,,,,no,,,,houphouet-boigny,houphouet-boigny,no,,,no,no,yes,no,no,yes,france,no,no,no,no,1960-11-27,SRC_NELDA
437-1965-1105-L1,CIV,Cote dIvoire,1965,Legislative/Parliamentary,no,no,yes,yes,no,no,,,,no,yes,yes,yes,no,yes,no,yes,no,yes,no,,,,no,no,,no,no,no,,,no,no,no,,,,,,,,,houphouet-boigny,houphouet-boigny,no,,,no,no,yes,no,no,yes,france,no,no,no,no,1965-11-05,SRC_NELDA
437-1965-1105-P1,CIV,Cote dIvoire,1965,Executive,no,no,yes,yes,no,no,no,no,no,no,yes,yes,yes,no,yes,no,yes,no,yes,yes,yes,,no,no,no,,no,no,no,,,no,no,no,,,,,no,,,,houphouet-boigny,houphouet-boigny,no,,,no,no,yes,no,no,yes,france,no,no,no,no,1965-11-05,SRC_NELDA
437-1970-1129-L1,CIV,Cote dIvoire,1970,Legislative/Parliamentary,no,no,no,no,no,no,,no,no,no,yes,yes,yes,no,no,yes,yes,no,yes,no,,,,,no,,,,no,,,,no,no,,,,,,,,,félix houphouët-boigny,félix houphouët-boigny,no,,,no,no,yes,no,no,yes,france,no,no,no,no,1970-11-29,SRC_NELDA
437-1970-1129-P1,CIV,Cote dIvoire,1970,Executive,no,no,no,no,no,no,no,no,no,no,yes,yes,yes,no,no,yes,yes,no,yes,yes,yes,,,,no,,,,no,,,,no,no,,,,,no,,,,félix houphouët-boigny,félix houphouët-boigny,no,,,no,no,yes,no,no,yes,france,no,no,no,no,1970-11-29,SRC_NELDA
437-1975-1116-L1,CIV,Cote dIvoire,1975,Legislative/Parliamentary,no,no,no,no,no,no,,no,no,no,yes,yes,yes,no,no,yes,yes,no,yes,no,,,,,no,,,no,no,,,,no,no,,,,,,,,,félix houphouët-boigny,félix houphouët-boigny,no,,,no,no,yes,no,no,yes,france,no,no,no,no,1975-11-16,SRC_NELDA
437-1975-1116-P1,CIV,Cote dIvoire,1975,Executive,no,no,no,no,no,no,no,no,no,no,yes,yes,yes,no,no,yes,yes,no,yes,yes,yes,,,,no,,,no,no,,,,no,no,,,,,no,,,,félix houphouët-boigny,félix houphouët-boigny,no,,,no,no,yes,no,no,yes,france,no,no,no,no,1975-11-16,SRC_NELDA
437-1980-1012-P1,CIV,Cote dIvoire,1980,Executive,no,no,no,no,no,no,no,no,no,no,no,yes,yes,no,no,no,no,no,yes,yes,yes,,,no,no,,no,no,no,,,,no,no,,,,,no,,,,houphouet-boigny,houphouet-boigny,unclear,,,unclear,unclear,yes,no,no,yes,"france, usa, imf",no,no,no,no,1980-10-12,SRC_NELDA
437-1980-1109-L1,CIV,Cote dIvoire,1980,Legislative/Parliamentary,no,no,no,no,yes,no,,,,no,no,yes,yes,no,no,no,no,no,yes,no,,,,no,no,,no,no,no,,,,no,,,,,,no,,,,houphouet-boigny,houphouet-boigny,unclear,,,unclear,unclear,yes,no,no,yes,"france, usa, imf",no,no,no,no,1980-11-09,SRC_NELDA
437-1980-1109-L2,CIV,Cote dIvoire,1980,Legislative/Parliamentary,no,no,no,no,yes,no,,,,no,no,yes,yes,no,no,no,no,no,yes,no,,,,no,no,,no,no,no,,,,no,,,,,,no,,,,houphouet-boigny,houphouet-boigny,unclear,,,unclear,unclear,yes,no,no,yes,"france, usa, imf",no,no,no,no,1980-11-23,SRC_NELDA
437-1985-1027-P1,CIV,Cote dIvoire,1985,Executive,no,no,no,no,no,no,no,no,no,no,no,yes,yes,no,no,no,no,no,yes,yes,yes,,,no,no,,no,no,no,,,,no,no,,,,,no,,,,houphouet-boigny,houphouet-boigny,unclear,,,unclear,unclear,yes,no,no,yes,"france, usa, imf",no,no,no,no,1985-10-27,SRC_NELDA
437-1985-1110-L1,CIV,Cote dIvoire,1985,Legislative/Parliamentary,no,no,no,no,yes,no,,,,no,no,yes,yes,no,no,no,no,no,yes,no,,,,no,no,,no,no,no,,,,no,,,,,,no,,,,houphouet-boigny,houphouet-boigny,unclear,,,unclear,unclear,yes,no,no,yes,"france, usa, imf",no,no,no,no,1985-11-10,SRC_NELDA
437-1990-1028-P1,CIV,Cote dIvoire,1990,Executive,no,yes,yes,yes,yes,no,no,no,no,no,yes,yes,no,no,yes,yes,no,yes,yes,yes,yes,,,no,unclear,,no,yes,no,,,no,no,no,,,,,no,,,,houphouet-boigny,houphouet-boigny,no,no,,unclear,unclear,yes,no,no,yes,france,no,no,no,no,1990-10-28,SRC_NELDA
437-1990-1125-L1,CIV,Cote dIvoire,1990,Legislative/Parliamentary,no,yes,yes,yes,yes,no,,,,no,yes,yes,no,no,yes,yes,no,yes,yes,no,,,,no,unclear,,no,yes,no,,,no,no,no,,,,,,,,,houphouet-boigny,houphouet-boigny,no,no,,unclear,unclear,yes,no,no,yes,france,no,no,no,no,1990-11-25,SRC_NELDA
437-1995-1022-P1,CIV,Cote dIvoire,1995,Executive,no,no,yes,yes,yes,no,no,no,no,no,yes,yes,yes,yes,yes,yes,yes,no,yes,yes,yes,,,no,unclear,,no,yes,no,,,no,yes,no,,,,,no,,,,konan bedie,konan bedie,yes,unclear,,unclear,unclear,yes,no,no,yes,"france, world bank",no,no,no,no,1995-10-22,SRC_NELDA
437-1995-1126-L1,CIV,Cote dIvoire,1995,Legislative/Parliamentary,no,no,yes,yes,yes,no,,,,no,yes,yes,yes,no,yes,yes,yes,no,yes,no,,,,no,unclear,,no,yes,no,,,,yes,no,,,,,,,,,konan bedie,konan bedie,yes,yes,no,no,no,yes,no,no,yes,"france, world bank",no,no,no,no,1995-11-26,SRC_NELDA
437-2000-1022-P1,CIV,Cote dIvoire,2000,Executive,no,no,yes,yes,yes,yes,no,no,no,no,yes,unclear,yes,yes,no,no,yes,no,yes,yes,yes,,,no,unclear,,no,yes,yes,yes,yes,yes,yes,yes,yes,yes,no,,yes,no,yes,no,guei,laurent gbagbo,no,no,,no,yes,no,no,no,yes,"france, world bank",no,yes,yes,yes,2000-10-22,SRC_NELDA
437-2000-1210-L1,CIV,Cote dIvoire,2000,Legislative/Parliamentary,no,no,yes,yes,yes,no,,,,no,yes,yes,yes,yes,no,no,yes,no,yes,no,,,,yes,unclear,,yes,yes,no,,,no,yes,no,,,,,,,,,laurent gbagbo,laurent gbagbo,no,no,,no,yes,no,no,no,yes,"france, eu, world bank, un",no,yes,yes,yes,2000-12-10,SRC_NELDA
437-2000-1210-L2,CIV,Cote dIvoire,2001,Legislative/Parliamentary,no,no,yes,yes,yes,no,,,,no,yes,yes,yes,yes,no,no,yes,no,yes,no,,,,no,unclear,,yes,yes,no,,,no,yes,no,,,,,,,,,laurent gbagbo,laurent gbagbo,no,no,,no,yes,no,no,no,yes,"france, eu, world bank, un",no,yes,yes,yes,2001-01-14,SRC_NELDA
437-2010-1031-P1,CIV,Cote dIvoire,2010,Executive,yes,no,yes,yes,yes,,no,no,no,no,no,no,no,no,no,yes,no,no,yes,yes,yes,,,,no,,no,no,no,,,,no,no,,,,,no,,,,Gbagbo,Gbagbo,yes,yes,no,no,no,yes,no,no,yes,"France, EU",no,no,no,no,2010-10-31,SRC_NELDA
437-2010-1031-P2,CIV,Cote dIvoire,2010,Executive,yes,no,yes,yes,yes,,no,no,no,no,no,no,no,no,no,yes,no,no,yes,yes,yes,,,yes,no,,yes,yes,yes,no,yes,no,yes,,,,,,yes,no,yes,no,Gbagbo,Ouattara,yes,yes,no,no,no,yes,yes,no,yes,"France, EU",yes,no,no,no,2010-11-28,SRC_NELDA
438-1961-0127-P1,GIN,Guinea,1961,Executive,no,no,no,no,no,no,no,no,no,no,yes,yes,yes,,,no,yes,no,yes,yes,yes,,no,no,no,,no,no,no,,,no,no,no,,,,,no,,,,toure,toure,no,,,no,no,no,no,no,no,,,,no,no,1961-01-27,SRC_NELDA
438-1963-0101-L1,GIN,Guinea,1963,Legislative/Parliamentary,no,no,no,no,no,no,,,,no,yes,yes,yes,,,no,yes,no,yes,no,,,,no,no,,no,no,no,,,no,no,no,,,,,no,,,,toure,toure,no,,,no,no,no,no,no,no,,,,no,no,1963-01-01,SRC_NELDA
438-1968-0101-L1,GIN,Guinea,1968,Legislative/Parliamentary,no,no,no,no,no,no,,,,no,yes,yes,yes,,,no,yes,no,yes,no,,,,no,no,,no,no,no,,,no,no,no,,,,,no,,,,toure,toure,no,,,no,no,no,no,no,no,,,,no,no,1968-01-01,SRC_NELDA
438-1968-0101-P1,GIN,Guinea,1968,Executive,no,no,no,no,no,no,no,no,no,no,yes,yes,yes,,,no,yes,no,yes,yes,yes,,no,no,no,,no,no,no,,,no,no,no,,,,,no,,,,toure,toure,no,,,no,no,no,no,no,no,,,,no,no,1968-01-01,SRC_NELDA
438-1974-1227-L1,GIN,Guinea,1974,Legislative/Parliamentary,no,no,no,no,unclear,no,,no,,no,yes,yes,,,,yes,no,no,no,no,,,,no,no,,,no,no,,,,yes,no,,,,,no,,,,Toure,Toure,no,,,no,no,no,,,no,,,,no,no,1974-12-27,SRC_NELDA
438-1974-1227-P1,GIN,Guinea,1974,Executive,no,no,no,no,no,no,no,no,no,no,yes,yes,,,,yes,no,no,no,yes,yes,,,no,no,,,no,no,,,,yes,no,,,,,no,,,,Toure,Toure,no,,,no,no,no,,,no,,,,no,no,1974-12-27,SRC_NELDA
438-1980-0127-L1,GIN,Guinea,1980,Legislative/Parliamentary,yes,no,no,no,no,,,,,no,yes,yes,yes,yes,yes,no,no,no,yes,no,,,,no,no,,no,no,no,,,,no,,,,,,no,,,,Toure,Toure,unclear,,,unclear,unclear,yes,no,no,yes,"imf, wb, south korea, france",no,no,no,no,1980-01-27,SRC_NELDA
438-1982-0509-P1,GIN,Guinea,1982,Executive,no,no,no,no,no,no,no,no,no,no,yes,yes,yes,yes,yes,no,no,no,yes,yes,yes,,,no,no,,no,no,no,,,,no,no,,,,,no,,,,Toure,Toure,unclear,,,unclear,unclear,yes,no,yes,yes,"imf, wb, south korea, france",no,no,no,no,1982-05-09,SRC_NELDA
438-1993-1219-P1,GIN,Guinea,1993,Executive,yes,yes,yes,yes,yes,,no,no,no,no,yes,yes,no,yes,yes,yes,no,no,yes,yes,yes,,,no,no,,no,yes,no,,,no,yes,no,,,,,no,,,,Conte,Conte,no,no,,no,yes,yes,no,no,yes,france,no,no,no,no,1993-12-19,SRC_NELDA
438-1995-0611-L1,GIN,Guinea,1995,Legislative/Parliamentary,yes,no,yes,yes,yes,,,,,no,yes,yes,no,no,yes,unclear,no,yes,unclear,no,,,,no,unclear,,no,yes,no,,,no,no,no,,,,,,,,,Conte,Conte,yes,yes,no,no,no,yes,no,no,yes,france,no,no,no,no,1995-06-11,SRC_NELDA
438-1998-1214-P1,GIN,Guinea,1998,Executive,no,no,yes,yes,yes,no,no,no,no,no,yes,yes,no,no,yes,yes,no,yes,yes,yes,yes,,,no,no,,no,yes,yes,no,yes,no,yes,no,,,,,no,,,,Conte,Conte,no,,,no,no,yes,no,no,yes,france,no,no,no,no,1998-12-14,SRC_NELDA
438-2002-0630-L1,GIN,Guinea,2002,Legislative/Parliamentary,no,no,yes,yes,yes,yes,,,,no,yes,yes,no,yes,no,yes,no,yes,yes,no,,,,no,no,,no,yes,no,,,no,no,no,,,,,,,,,conte,conte,no,no,,no,yes,yes,no,no,yes,france,no,no,no,yes,2002-06-30,SRC_NELDA
438-2003-1221-P1,GIN,Guinea,2003,Executive,no,no,yes,yes,yes,unclear,no,no,yes,no,yes,yes,no,yes,yes,yes,no,yes,yes,yes,yes,,,no,no,,no,yes,no,,,no,no,no,,,,,no,,,,conte,conte,no,no,,no,yes,yes,no,no,yes,france,no,no,no,yes,2003-12-21,SRC_NELDA
438-2010-0627-P1,GIN,Guinea,2010,Executive,yes,yes,yes,yes,yes,,yes,no,no,yes,yes,no,no,no,no,no,no,yes,yes,yes,no,no,,,no,,yes,yes,yes,yes,yes,no,yes,,,,,,no,,,,Konaté,Konaté,yes,yes,no,no,no,no,no,yes,yes,France,no,yes,yes,no,2010-06-27,SRC_NELDA
438-2010-0627-P2,GIN,Guinea,2010,Executive,yes,yes,yes,yes,yes,yes,yes,no,no,yes,yes,no,no,no,no,no,no,yes,yes,yes,no,no,,,no,,yes,yes,yes,yes,yes,no,yes,,,,,,yes,yes,no,no,Konaté,Conde,yes,yes,no,no,no,no,no,yes,yes,France,no,yes,yes,no,2010-11-07,SRC_NELDA
439-1965-1003-P1,BFA,Burkina Faso,1965,Executive,no,no,no,no,no,no,no,no,no,no,no,yes,yes,,unclear,no,no,yes,yes,yes,yes,,,no,no,,no,no,no,,,,no,no,,,,,no,,,,Yameogo,Yameogo,no,,,no,no,yes,no,no,yes,france,no,no,no,no,1965-10-03,SRC_NELDA
439-1965-1107-L1,BFA,Burkina Faso,1965,Legislative/Parliamentary,no,no,no,no,no,no,,,,no,no,yes,yes,,unclear,no,no,yes,yes,no,,,,no,no,,no,no,no,,,,no,no,,,,,no,,,,Yameogo,Yameogo,no,,,no,no,yes,no,no,yes,france,no,no,no,no,1965-11-07,SRC_NELDA
439-1970-1220-L1,BFA,Burkina Faso,1970,Legislative/Parliamentary,no,yes,yes,yes,yes,no,,,,no,no,no,no,no,no,no,no,yes,yes,no,,,,yes,no,,yes,no,no,,,,no,no,,,,,no,,,,Lamizana,Lamizana,no,,,no,no,yes,no,no,yes,france,no,no,no,no,1970-12-20,SRC_NELDA
439-1978-0430-L1,BFA,Burkina Faso,1978,Legislative/Parliamentary,yes,no,yes,yes,yes,,,,,no,no,unclear,no,no,no,unclear,no,yes,yes,no,,,,unclear,no,,yes,no,yes,no,unclear,no,yes,,,,,,,,,,Lamizana,Lamizana,no,,,no,no,yes,no,no,yes,france,no,no,no,no,1978-04-30,SRC_NELDA
439-1978-0514-P1,BFA,Burkina Faso,1978,Executive,yes,no,yes,yes,yes,,no,no,yes,no,no,unclear,no,no,no,unclear,no,yes,yes,yes,yes,,,unclear,no,,yes,no,yes,no,unclear,no,yes,,,,,,no,,,,Lamizana,Lamizana,no,,,no,no,yes,no,no,yes,france,no,no,no,no,1978-05-14,SRC_NELDA
439-1978-0514-P2,BFA,Burkina Faso,1978,Executive,yes,no,yes,yes,yes,,no,no,yes,no,no,yes,no,no,no,unclear,no,yes,yes,yes,yes,,,unclear,no,,yes,no,yes,no,unclear,no,yes,,,,,,no,,,,Lamizana,Lamizana,no,,,no,no,yes,no,no,yes,france,no,no,no,no,1978-05-28,SRC_NELDA
439-1991-1201-P1,BFA,Burkina Faso,1991,Executive,yes,no,yes,yes,no,,no,no,no,no,yes,yes,no,yes,yes,no,no,yes,yes,yes,yes,,,no,no,,no,yes,no,,,no,no,no,,,,,no,,,,Campaore,Campaore,yes,yes,no,no,no,yes,no,no,yes,germany,no,no,no,yes,1991-12-01,SRC_NELDA
439-1992-0524-L1,BFA,Burkina Faso,1992,Legislative/Parliamentary,no,no,yes,yes,yes,yes,,,,no,unclear,no,no,no,unclear,unclear,no,yes,yes,no,,,,no,no,,no,yes,no,,,no,no,no,,,,,,,,,Campaore,Campaore,yes,yes,no,no,no,yes,no,no,yes,"world bank, imf",no,no,no,no,1992-05-24,SRC_NELDA
439-1997-0511-L1,BFA,Burkina Faso,1997,Legislative/Parliamentary,no,no,yes,yes,yes,no,,,,no,unclear,yes,no,no,no,no,no,yes,yes,no,,,,no,no,,no,yes,no,,,no,no,yes,no,no,yes,no,,,,,Campaore,Campaore,yes,unclear,,no,no,yes,no,no,yes,"world bank, imf",no,no,no,no,1997-05-11,SRC_NELDA
439-1997-0511-L2,BFA,Burkina Faso,1997,Legislative/Parliamentary,no,no,yes,yes,yes,no,,,,no,unclear,yes,no,no,no,no,no,yes,yes,no,,,,no,no,,no,yes,no,,,no,no,yes,no,no,yes,no,,,,,Campaore,Campaore,yes,unclear,,no,no,yes,no,no,yes,"world bank, imf",no,no,no,no,1997-06-19,SRC_NELDA
439-1998-1115-P1,BFA,Burkina Faso,1998,Executive,no,no,yes,yes,yes,no,no,no,yes,no,yes,yes,no,yes,no,no,no,yes,yes,yes,yes,,,no,no,,no,yes,no,,,no,no,no,,,,,no,,,,Campaore,Campaore,yes,yes,no,no,no,yes,no,no,yes,"imf, world bank",no,no,no,no,1998-11-15,SRC_NELDA
439-2002-0505-L1,BFA,Burkina Faso,2002,Legislative/Parliamentary,no,no,yes,yes,yes,yes,,,,no,no,unclear,no,no,no,no,no,yes,yes,no,,,,no,no,,yes,,no,,,no,no,no,,,,,,,,,Campaore,Campaore,yes,yes,no,no,no,yes,no,no,yes,"france, imf, world bank",no,no,no,no,2002-05-05,SRC_NELDA
439-2005-1113-P1,BFA,Burkina Faso,2005,Executive,no,no,yes,yes,yes,no,no,no,no,no,no,yes,no,no,no,no,no,no,yes,yes,yes,,,no,no,,no,no,no,,,no,no,no,,,,,no,,,,compaoré,compaoré,yes,yes,no,no,no,yes,no,no,yes,"france, eu",no,no,no,no,2005-11-13,SRC_NELDA
439-2007-0506-L1,BFA,Burkina Faso,2007,Legislative/Parliamentary,no,no,yes,yes,yes,no,,,,no,no,yes,no,no,no,yes,yes,no,yes,no,,,,no,no,,no,,no,,,,no,no,,,,,,,,,Compaore,Compaore,no,,,no,no,yes,no,no,yes,"Denmark, France",no,no,no,no,2007-05-06,SRC_NELDA
439-2010-1121-P1,BFA,Burkina Faso,2010,Executive,no,no,yes,yes,yes,no,no,no,no,no,no,yes,no,no,no,yes,yes,no,yes,yes,yes,,,no,no,,no,yes,no,,,,no,no,,,,,no,,,,Compaore,Compaore,yes,no,,no,no,yes,no,no,yes,"Denmark, France",no,no,no,no,2010-11-21,SRC_NELDA
450-1951-0501-L1,LBR,Liberia,1951,Legislative/Parliamentary,yes,no,yes,yes,no,,,,,no,yes,yes,yes,no,yes,yes,yes,no,yes,no,,,,no,no,,,yes,no,,,,no,no,,,,,,,,,Tubman,Tubman,no,,,no,no,yes,no,no,yes,"US, UN",no,no,no,no,1951-05-01,SRC_NELDA
450-1951-0501-P1,LBR,Liberia,1951,Executive,no,no,yes,yes,no,no,no,no,yes,no,yes,yes,yes,no,yes,yes,yes,no,yes,yes,yes,,,no,no,,,yes,no,,,,no,no,,,,,no,,,,Tubman,Tubman,no,,,no,no,yes,no,no,yes,"US, UN",no,no,no,no,1951-05-01,SRC_NELDA
450-1955-0503-L1,LBR,Liberia,1955,Legislative/Parliamentary,no,no,yes,yes,yes,no,,,,no,yes,yes,no,no,yes,yes,no,no,yes,no,,,,no,no,,no,yes,no,,,,yes,no,,,,,,,,,Tubman,Tubman,no,,,no,no,yes,no,no,yes,"US, UN, WHO",no,no,no,no,1955-05-03,SRC_NELDA
450-1955-0503-P1,LBR,Liberia,1955,Executive,no,no,yes,yes,yes,no,no,no,yes,no,yes,yes,no,no,yes,yes,no,no,yes,yes,yes,,,no,no,,no,yes,no,,,,yes,no,,,,,no,,,,Tubman,Tubman,no,,,no,no,yes,no,no,yes,"US, UN, WHO",no,no,no,no,1955-05-03,SRC_NELDA
450-1959-0505-L1,LBR,Liberia,1959,Legislative/Parliamentary,no,no,yes,yes,no,yes,,,,no,yes,yes,no,no,no,no,yes,no,yes,no,,,,no,no,,,no,no,,,,no,no,,,,,,,,,Tubman,Tubman,no,,,no,no,yes,no,no,yes,"US, UN, West Germany, UK",no,no,no,no,1959-05-05,SRC_NELDA
450-1959-0505-P1,LBR,Liberia,1959,Executive,no,no,yes,yes,yes,no,no,no,yes,no,yes,yes,no,no,no,no,yes,no,yes,yes,yes,,,no,no,,,no,no,,,,no,no,,,,,no,,,,Tubman,Tubman,no,,,no,no,yes,no,no,yes,"US, UN, West Germany, UK",no,no,no,no,1959-05-05,SRC_NELDA
450-1963-0507-P1,LBR,Liberia,1963,Executive,no,no,no,yes,no,no,no,no,unclear,no,no,yes,,,,no,yes,no,no,yes,yes,,,no,no,,no,no,no,,,,no,no,,,,,no,,,,Tubman,Tubman,no,,,no,no,yes,no,no,yes,"us, britain, france, un",no,no,no,no,1963-05-07,SRC_NELDA
450-1967-0502-P1,LBR,Liberia,1967,Executive,no,no,no,yes,no,no,no,no,unclear,no,no,yes,,,,no,yes,no,no,yes,yes,,,no,no,,no,no,no,,,,no,no,,,,,no,,,,Tubman,Tubman,no,,,no,no,yes,no,no,yes,"us, britain, france, un",no,no,no,no,1967-05-02,SRC_NELDA
450-1971-0504-P1,LBR,Liberia,1971,Executive,no,no,no,yes,no,no,no,no,unclear,no,no,yes,,,,no,yes,no,no,yes,yes,,,no,no,,no,no,no,,,,no,no,,,,,no,,,,Tubman,Tolbert,no,,,no,no,yes,no,no,yes,"us, britain, france, un",no,no,no,no,1971-05-04,SRC_NELDA
450-1975-1007-L1,LBR,Liberia,1975,Legislative/Parliamentary,no,no,no,yes,yes,no,no,no,no,no,no,yes,,,,no,yes,no,no,yes,,,,no,no,,no,no,no,,,,no,no,,,,,no,,,,Tolbert,Tolbert,no,,,no,no,yes,no,no,yes,"us, britain, france, un",no,no,no,no,1975-10-07,SRC_NELDA
450-1975-1007-P1,LBR,Liberia,1975,Executive,no,no,no,yes,no,no,no,no,no,no,no,yes,,,,no,yes,no,no,yes,yes,,,no,no,,no,no,no,,,,no,no,,,,,no,,,,Tolbert,Tolbert,no,,,no,no,yes,no,no,yes,"us, britain, france, un",no,no,no,no,1975-10-07,SRC_NELDA
450-1985-1015-L1,LBR,Liberia,1985,Legislative/Parliamentary,yes,yes,yes,yes,yes,,no,no,no,no,yes,yes,yes,no,yes,yes,no,no,yes,yes,,,,no,no,,no,yes,yes,yes,unclear,,yes,no,,,,,no,,,,Doe,Doe,yes,yes,yes,no,no,no,yes,no,yes,"us, britain, france, un",yes,no,yes,yes,1985-10-15,SRC_NELDA
450-1985-1015-P1,LBR,Liberia,1985,Executive,yes,yes,yes,yes,yes,,no,no,no,no,yes,yes,yes,no,yes,yes,no,no,yes,yes,yes,,,no,no,,no,yes,yes,yes,unclear,,yes,no,,,,,no,,,,Doe,Doe,yes,yes,yes,no,no,no,yes,no,yes,"us, britain, france, un",yes,no,yes,yes,1985-10-15,SRC_NELDA
450-1997-0719-L1,LBR,Liberia,1997,Legislative/Parliamentary,yes,no,yes,yes,yes,,,,,yes,yes,,no,no,no,no,no,yes,yes,no,,,,,no,,yes,,no,,,no,no,no,,,,,,,,,Perry,Perry,yes,yes,no,no,no,yes,no,no,yes,"un, eu",no,no,no,no,1997-07-19,SRC_NELDA
450-1997-0719-P1,LBR,Liberia,1997,Executive,yes,no,yes,yes,yes,,yes,no,no,yes,yes,,no,no,no,no,no,yes,yes,yes,no,no,,,no,,yes,yes,no,,,no,no,no,,,,,yes,yes,no,no,Perry,Taylor,yes,yes,no,no,no,yes,no,no,yes,"un, eu",no,no,no,no,1997-07-19,SRC_NELDA
450-2005-1011-L1,LBR,Liberia,2005,Legislative/Parliamentary,yes,no,yes,yes,yes,,,,,yes,no,no,no,no,no,no,no,no,yes,no,,,,,no,,yes,no,no,,,no,no,no,,,,,no,,,,gyude bryant,johnson-sirleaf,yes,yes,no,no,no,yes,no,no,yes,"un, eu, usa",no,no,no,no,2005-10-11,SRC_NELDA
450-2005-1011-P1,LBR,Liberia,2005,Executive,yes,no,yes,yes,yes,,yes,no,no,yes,no,no,no,no,no,no,no,no,yes,yes,no,no,,,no,,yes,no,no,,,no,no,no,,,,,no,,,,gyude bryant,johnson-sirleaf,yes,yes,no,no,no,yes,no,no,yes,"un, eu, usa",no,no,no,no,2005-10-11,SRC_NELDA
450-2005-1011-P2,LBR,Liberia,2005,Executive,yes,no,yes,yes,yes,,yes,no,no,yes,no,no,no,no,no,no,no,no,yes,yes,no,no,,,no,,yes,no,no,,,no,no,no,,,,,no,,,,gyude bryant,johnson-sirleaf,yes,yes,no,no,no,yes,no,no,yes,"un, eu, usa",no,no,no,no,2005-11-08,SRC_NELDA
451-1962-0525-L1,SLE,Sierra Leone,1962,Legislative/Parliamentary,no,no,yes,yes,yes,no,no,no,no,no,no,no,no,no,no,no,no,no,yes,yes,yes,,no,no,no,,no,,no,,,,no,no,,,,,no,,,,milton margai,milton margai,no,,,no,no,yes,no,no,yes,uk,no,no,no,no,1962-05-25,SRC_NELDA
451-1967-0317-L1,SLE,Sierra Leone,1967,Legislative/Parliamentary,no,no,yes,yes,yes,no,no,no,no,no,no,no,no,no,no,no,no,no,yes,yes,yes,,yes,yes,no,,yes,,no,,,yes,no,no,,,,,yes,no,no,yes,albert m. margai,david lansana,no,,,no,no,yes,yes,no,yes,uk,yes,no,unclear,no,1967-03-17,SRC_NELDA
451-1973-0515-L1,SLE,Sierra Leone,1973,Legislative/Parliamentary,no,no,yes,yes,yes,no,,,,no,yes,yes,yes,yes,yes,yes,no,no,yes,no,,,,,no,,no,yes,yes,no,yes,,yes,,,,,,,,,,Stevens,Stevens,no,,,no,no,yes,no,no,yes,great britain,no,no,no,no,1973-05-15,SRC_NELDA
451-1977-0506-L1,SLE,Sierra Leone,1977,Legislative/Parliamentary,no,no,yes,yes,yes,no,,,,no,yes,yes,yes,no,yes,yes,no,no,yes,no,,,,,no,,yes,yes,yes,no,yes,no,yes,no,,,,,,,,,Stevens,Stevens,no,,,no,no,yes,no,no,yes,great britain,no,no,no,no,1977-05-06,SRC_NELDA
451-1982-0501-L1,SLE,Sierra Leone,1982,Legislative/Parliamentary,no,no,no,no,yes,unclear,no,,no,no,unclear,yes,yes,no,unclear,unclear,no,yes,yes,no,,,,no,no,,no,unclear,no,,,,yes,yes,no,no,no,,no,,,,Stevens,Stevens,no,,,no,no,yes,no,no,yes,"imf, britain",yes,no,yes,no,1982-05-01,SRC_NELDA
451-1985-1001-P1,SLE,Sierra Leone,1985,Executive,yes,no,no,no,no,,yes,no,yes,no,yes,yes,yes,no,unclear,unclear,no,yes,yes,no,no,yes,yes,no,no,,no,no,no,,,,no,no,,,,,yes,yes,no,no,Stevens,Momoh,no,,,no,no,yes,no,no,yes,"imf, britain",no,no,no,no,1985-10-01,SRC_NELDA
451-1986-0530-L1,SLE,Sierra Leone,1986,Legislative/Parliamentary,no,no,no,no,yes,no,,,,no,no,yes,yes,no,unclear,unclear,no,yes,yes,no,,,,no,no,,no,no,no,,,,no,no,,,,,no,,,,Momoh,Momoh,no,,,no,no,yes,no,no,yes,"imf, britain",no,no,no,no,1986-05-30,SRC_NELDA
451-1996-0226-L1,SLE,Sierra Leone,1996,Legislative/Parliamentary,yes,yes,yes,yes,yes,,,,,yes,yes,no,no,no,no,no,no,yes,yes,no,,,,,,,,,no,,,,yes,no,,,,,yes,yes,no,no,Bio,Kabbah,yes,yes,no,no,no,yes,no,yes,yes,"us, commonwealth, eu",no,yes,no,no,1996-02-26,SRC_NELDA
451-1996-0226-P1,SLE,Sierra Leone,1996,Executive,yes,yes,yes,yes,yes,,yes,no,no,yes,yes,no,no,no,no,no,no,yes,yes,yes,no,no,,,no,,,,no,,,,yes,no,,,,,yes,yes,no,no,Bio,Kabbah,yes,yes,no,no,no,yes,no,yes,yes,"us, commonwealth, eu",no,yes,no,no,1996-02-26,SRC_NELDA
451-1996-0226-P2,SLE,Sierra Leone,1996,Executive,yes,yes,yes,yes,yes,,yes,no,no,yes,yes,no,no,no,no,no,no,yes,yes,yes,no,no,,,no,,,,no,,,,yes,no,,,,,yes,yes,no,no,Bio,Kabbah,yes,yes,no,no,no,yes,no,yes,yes,"us, commonwealth, eu",no,yes,no,no,1996-03-15,SRC_NELDA
451-2002-0514-L1,SLE,Sierra Leone,2002,Legislative/Parliamentary,yes,no,yes,yes,yes,,,,,yes,no,yes,no,no,no,no,no,yes,yes,no,,,,no,yes,yes,no,,no,,,no,no,no,,,,,,,,,Kabbah,Kabbah,yes,yes,no,no,no,no,no,yes,yes,"us, eu, un",no,yes,no,no,2002-05-14,SRC_NELDA
451-2002-0514-P1,SLE,Sierra Leone,2002,Executive,yes,no,yes,yes,yes,,no,no,no,yes,no,yes,no,no,no,no,no,yes,yes,yes,yes,,,no,yes,yes,no,,no,,,no,no,no,,,,,no,,,,Kabbah,Kabbah,yes,yes,no,no,no,no,no,yes,yes,"us, eu, un",no,yes,no,no,2002-05-14,SRC_NELDA
451-2007-0811-L1,SLE,Sierra Leone,2007,Legislative/Parliamentary,no,no,yes,yes,yes,no,,,,no,yes,no,no,no,no,yes,no,yes,yes,no,,,,yes,no,,yes,,no,,,no,no,no,,,,,,,,,Kabbah,Kabbah,yes,yes,no,no,no,yes,no,no,yes,UK,no,no,no,no,2007-08-11,SRC_NELDA
451-2007-0811-P1,SLE,Sierra Leone,2007,Executive,no,no,yes,yes,yes,no,yes,yes,no,no,yes,no,no,no,no,yes,no,yes,yes,yes,no,no,,no,no,,yes,,no,,,no,no,no,,,,,no,,,,Kabbah,Kabbah,yes,yes,no,no,no,yes,no,no,yes,UK,no,no,no,no,2007-08-11,SRC_NELDA
451-2007-0811-P2,SLE,Sierra Leone,2007,Executive,no,no,yes,yes,yes,no,yes,yes,no,no,yes,no,no,no,yes,yes,no,yes,yes,yes,no,no,,yes,no,,yes,yes,no,,,no,no,,,,,,yes,yes,no,no,Kabbah,Koroma,yes,yes,yes,no,no,yes,no,no,yes,UK,no,no,no,no,2007-09-08,SRC_NELDA
452-1960-0419-P1,GHA,Ghana,1960,Executive,no,no,yes,yes,yes,no,no,no,no,no,yes,unclear,yes,no,yes,unclear,yes,no,yes,yes,yes,,no,no,no,,no,,no,,,no,no,no,,,,,no,,,,nkurmah,nkurmah,no,,,no,no,yes,no,no,yes,uk,no,no,no,no,1960-04-19,SRC_NELDA
452-1969-0829-L1,GHA,Ghana,1969,Legislative/Parliamentary,yes,yes,yes,yes,yes,,yes,no,no,no,no,no,no,no,no,no,yes,no,yes,no,no,no,,,no,,yes,,no,,,no,no,no,,,,,yes,yes,no,no,afrifa,busia,no,,,no,no,yes,no,yes,yes,"uk, oau",no,unclear,no,no,1969-08-29,SRC_NELDA
452-1979-0618-L1,GHA,Ghana,1979,Legislative/Parliamentary,yes,no,yes,yes,yes,,,,,yes,no,,no,no,no,no,no,yes,yes,no,,,,,no,,,no,no,,,,no,,,,,,no,,,,Rawlings,Rawlings,no,,,no,no,yes,no,no,yes,united kingdom,no,no,no,no,1979-06-18,SRC_NELDA
452-1979-0618-P1,GHA,Ghana,1979,Executive,yes,no,yes,yes,yes,,yes,no,no,yes,no,,no,no,no,no,no,yes,yes,yes,no,no,,,no,,,no,no,,,,no,,,,,,no,,,,Rawlings,Rawlings,no,,,no,no,yes,no,no,yes,united kingdom,no,no,no,no,1979-06-18,SRC_NELDA
452-1979-0618-P2,GHA,Ghana,1979,Executive,yes,no,yes,yes,yes,,yes,no,no,yes,no,,no,no,no,no,no,yes,yes,yes,no,no,,,no,,,no,no,,,,no,,,,,,yes,yes,no,no,Rawlings,Limman,no,,,no,no,yes,no,no,yes,united kingdom,no,no,no,no,1979-07-09,SRC_NELDA
452-1992-1103-P1,GHA,Ghana,1992,Executive,yes,no,yes,yes,yes,,no,no,no,no,no,no,no,no,no,no,no,no,yes,yes,yes,,,no,yes,no,no,,yes,yes,no,no,no,no,,,,,no,,,,Rawlings,Rawlings,yes,yes,no,no,no,yes,no,yes,yes,"us, un, imf",no,no,no,no,1992-11-03,SRC_NELDA
452-1992-1229-L1,GHA,Ghana,1992,Legislative/Parliamentary,yes,no,yes,yes,yes,,,,,no,yes,yes,no,yes,no,no,no,no,yes,no,,,,no,yes,yes,no,,no,,,no,no,no,,,,,,,,,Rawlings,Rawlings,yes,no,,no,no,yes,no,yes,yes,"us, un, imf",no,no,no,no,1992-12-29,SRC_NELDA
452-1996-1207-L1,GHA,Ghana,1996,Legislative/Parliamentary,no,no,yes,yes,yes,no,,,,no,yes,yes,no,no,no,no,no,no,yes,no,,,,no,unclear,,yes,,no,,,no,yes,no,,,,,,,,,Rawlings,Rawlings,yes,yes,no,no,no,yes,no,no,yes,"us, uk, imf, un",no,no,no,no,1996-12-07,SRC_NELDA
452-1996-1207-P1,GHA,Ghana,1996,Executive,no,no,yes,yes,yes,no,no,no,no,no,yes,yes,no,no,no,no,no,no,yes,yes,yes,,,no,unclear,,no,,no,,,no,yes,no,,,,,no,,,,Rawlings,Rawlings,yes,yes,no,no,no,yes,no,no,yes,"us, uk, imf, un",no,no,no,no,1996-12-07,SRC_NELDA
452-2000-1207-L1,GHA,Ghana,2000,Legislative/Parliamentary,no,no,yes,yes,yes,no,,,,no,no,no,no,no,no,no,no,no,yes,no,,,,yes,unclear,,yes,,yes,yes,no,no,yes,no,,,,,,,,,Rawlings,Rawlings,yes,unclear,no,no,no,yes,no,yes,yes,"un, us, uk, imf",no,no,no,no,2000-12-07,SRC_NELDA
452-2000-1207-P1,GHA,Ghana,2000,Executive,no,no,yes,yes,yes,no,yes,yes,no,no,no,no,no,no,no,no,no,no,yes,yes,no,yes,no,yes,unclear,,yes,,yes,yes,no,no,yes,no,,,,,no,,,,Rawlings,John Agyekum Kufuor,yes,unclear,no,no,no,yes,no,yes,yes,"un, us, uk, imf",no,no,no,no,2000-12-07,SRC_NELDA
452-2000-1207-P2,GHA,Ghana,2000,Executive,no,no,yes,yes,yes,no,yes,yes,no,no,no,no,no,no,no,no,no,no,yes,yes,no,yes,no,yes,unclear,,yes,,no,,,no,yes,no,,,,,yes,yes,no,no,Rawlings,John Agyekum Kufuor,yes,unclear,no,no,no,yes,no,yes,yes,"uk, us, imf, un",no,no,no,no,2000-12-28,SRC_NELDA
452-2004-1207-L1,GHA,Ghana,2004,Legislative/Parliamentary,no,no,yes,yes,yes,no,,,,no,no,yes,no,no,no,no,no,no,yes,no,,,,no,yes,yes,no,,no,,,no,yes,no,,,,,,,,,John Agyekum Kufuor,John Agyekum Kufuor,yes,yes,no,no,no,yes,no,no,yes,"un, uk, us, imf",no,no,no,no,2004-12-07,SRC_NELDA
452-2004-1207-P1,GHA,Ghana,2004,Executive,no,no,yes,yes,yes,no,no,no,no,no,no,yes,no,no,no,no,no,no,yes,yes,yes,,,no,yes,yes,no,,no,,,no,yes,no,,,,,no,,,,John Agyekum Kufuor,Olympio,yes,yes,no,no,no,yes,no,no,yes,"un, uk, us, imf",no,no,no,no,2004-12-07,SRC_NELDA
452-2008-1207-L1,GHA,Ghana,2008,Legislative/Parliamentary,no,no,yes,yes,yes,no,,,,no,yes,no,no,yes,no,no,no,yes,yes,no,,,,yes,yes,no,yes,yes,no,,,no,no,no,,,,,,,,,Kufuor,Mills,yes,yes,no,no,no,yes,no,no,yes,"UN, Denmark, US",no,no,no,no,2008-12-07,SRC_NELDA
452-2008-1207-P1,GHA,Ghana,2008,Executive,no,no,yes,yes,yes,no,yes,yes,no,no,yes,no,no,yes,no,no,no,yes,yes,yes,no,no,,no,yes,no,yes,yes,no,,,no,no,no,,,,,no,,,,Kufuor,Kufuor,yes,yes,no,no,no,yes,no,no,yes,"UN, Denmark, US",no,no,no,no,2008-12-07,SRC_NELDA
452-2008-1207-P2,GHA,Ghana,2008,Executive,no,no,yes,yes,yes,no,yes,yes,no,no,yes,no,no,yes,no,no,no,yes,yes,yes,no,no,,yes,yes,no,yes,yes,no,,,no,no,,,,,,yes,yes,no,no,Kufuor,Mills,yes,yes,no,no,no,yes,no,no,yes,"UN, Denmark, US",no,no,no,no,2008-12-28,SRC_NELDA
461-1961-0409-L1,TGO,Togo,1961,Legislative/Parliamentary,no,no,no,yes,no,no,,,,no,yes,yes,yes,no,yes,unclear,yes,no,yes,no,,,,no,no,,no,,no,,,no,no,no,,,,,,,,,olympio,olympio,no,,,no,no,yes,no,no,yes,,no,no,no,no,1961-04-09,SRC_NELDA
461-1961-0409-P1,TGO,Togo,1961,Executive,no,no,no,yes,no,no,no,no,no,no,yes,yes,yes,no,yes,unclear,yes,no,yes,yes,yes,,no,no,no,,no,,no,,,no,no,no,,,,,no,,,,olympio,olympio,no,,,no,no,yes,no,no,yes,,no,no,no,no,1961-04-09,SRC_NELDA
461-1963-0505-L1,TGO,Togo,1963,Legislative/Parliamentary,no,no,no,yes,no,yes,,,,yes,no,yes,,,,no,no,no,yes,no,,,,no,no,,yes,no,no,,,no,no,no,,,,,,,,,grunitzky,grunitzky,no,,,no,no,yes,no,yes,yes,"france, germany",no,yes,no,no,1963-05-05,SRC_NELDA
461-1963-0505-P1,TGO,Togo,1963,Executive,no,no,no,yes,no,yes,no,no,no,yes,no,yes,,,,no,no,no,yes,yes,yes,,no,no,no,,yes,no,no,,,no,no,no,,,,,no,,,,grunitzky,grunitzky,no,,,no,no,yes,no,yes,yes,"france, germany",no,yes,no,no,1963-05-05,SRC_NELDA
461-1979-1230-P1,TGO,Togo,1979,Executive,yes,no,no,no,no,,no,no,no,no,yes,yes,yes,no,yes,yes,no,no,yes,yes,yes,,,no,yes,yes,no,no,no,,,,no,no,,,,,no,,,,Eyadema,Eyadema,no,,,no,no,yes,no,no,yes,"imf, world bank",no,no,no,no,1979-12-30,SRC_NELDA
461-1985-0324-L1,TGO,Togo,1985,Legislative/Parliamentary,no,no,no,no,yes,no,,,,no,yes,yes,yes,no,no,no,no,no,yes,no,,,,,no,,no,no,unclear,,,,no,no,,,,,no,,,,Eyadema,Eyadema,no,,,no,no,yes,no,no,yes,"france, germany",no,no,no,no,1985-03-24,SRC_NELDA
461-1986-1221-P1,TGO,Togo,1986,Executive,no,no,no,no,no,no,no,no,no,no,yes,yes,yes,no,no,no,no,no,yes,yes,yes,,,no,no,,no,no,yes,no,yes,,yes,no,,,,,no,,,,Eyadema,Eyadema,no,,,no,no,yes,no,no,yes,"france, germany",no,no,no,no,1986-12-21,SRC_NELDA
461-1990-0304-L1,TGO,Togo,1990,Legislative/Parliamentary,no,no,yes,no,yes,no,,,,no,yes,yes,unclear,no,no,unclear,yes,no,yes,no,,,,no,yes,yes,,,no,,,no,no,no,,,,,,,,,Eyadema,Eyadema,no,,,no,no,yes,no,no,yes,"un, us, eu",no,no,no,no,1990-03-04,SRC_NELDA
461-1990-0304-L2,TGO,Togo,1990,Legislative/Parliamentary,no,no,no,no,yes,no,,,,no,yes,yes,yes,yes,no,no,no,no,yes,no,,,,no,no,,no,no,no,,,,no,,,,,,no,,,,Eyadema,Eyadema,no,,,no,no,yes,no,no,yes,"usa, oda, opec",no,no,no,no,1990-03-18,SRC_NELDA
461-1993-0825-P1,TGO,Togo,1993,Executive,yes,yes,yes,yes,yes,,no,no,no,no,yes,yes,yes,yes,yes,unclear,no,yes,yes,yes,yes,,,no,unclear,,no,yes,no,,,no,no,no,,,,,no,,,,Eyadema,Eyadema,yes,yes,no,no,yes,yes,no,no,yes,"un, us, eu, imf",no,no,yes,no,1993-08-25,SRC_NELDA
461-1994-0206-L1,TGO,Togo,1994,Legislative/Parliamentary,no,no,yes,yes,yes,yes,,,,no,no,no,no,yes,no,no,no,yes,yes,no,,,,yes,yes,no,yes,,yes,no,no,no,yes,no,,,,,,,,,Eyadema,Eyadema,yes,yes,no,no,no,yes,no,no,yes,"us, france, un, imf",no,no,no,no,1994-02-06,SRC_NELDA
461-1994-0206-L2,TGO,Togo,1994,Legislative/Parliamentary,no,no,yes,yes,yes,yes,,,,no,no,no,no,yes,no,no,no,yes,yes,no,,,,yes,yes,no,yes,,yes,no,no,no,yes,no,,,,,,,,,Eyadema,Eyadema,yes,yes,no,no,no,yes,no,no,yes,"us, france, un, imf",no,no,no,no,1994-02-20,SRC_NELDA
461-1998-0621-P1,TGO,Togo,1998,Executive,no,no,yes,yes,yes,no,no,no,no,no,yes,no,no,no,yes,yes,no,yes,yes,yes,yes,,,no,yes,yes,no,yes,yes,yes,no,no,no,no,,,,,no,,,,Eyadema,Eyadema,yes,yes,yes,no,no,yes,no,no,yes,"eu, us, imf",no,no,no,no,1998-06-21,SRC_NELDA
461-1999-0321-L1,TGO,Togo,1999,Legislative/Parliamentary,no,no,yes,yes,yes,no,,,,no,yes,yes,no,yes,no,no,no,yes,yes,no,,,,no,unclear,,no,,no,,,no,no,no,,,,,,,,,Eyadema,Eyadema,yes,yes,no,no,yes,yes,no,no,yes,"us, eu, imf",no,no,no,no,1999-03-21,SRC_NELDA
461-2002-1027-L1,TGO,Togo,2002,Legislative/Parliamentary,no,no,yes,yes,yes,no,,,,no,no,unclear,no,yes,no,no,no,yes,yes,no,,,,no,unclear,,no,,no,,,no,no,no,,,,,,,,,Eyadema,Eyadema,yes,yes,no,no,no,yes,no,no,yes,"us, eu, imf",no,no,no,no,2002-10-27,SRC_NELDA
461-2003-0601-P1,TGO,Togo,2003,Executive,no,no,yes,yes,yes,no,no,no,yes,no,yes,yes,yes,no,no,unclear,no,yes,yes,yes,yes,,,no,unclear,,no,,no,,,no,no,no,,,,,no,,,,Eyadema,Eyadema,yes,yes,no,no,yes,yes,no,no,yes,"us, france, eu, imf",no,no,yes,no,2003-06-01,SRC_NELDA
461-2005-0424-P1,TGO,Togo,2005,Executive,yes,no,yes,yes,yes,,yes,yes,yes,yes,yes,no,yes,no,no,no,yes,no,yes,yes,no,yes,yes,no,yes,,no,no,no,,,no,no,no,,,,,yes,yes,no,no,abbas bonfoh,gnassingbé,yes,yes,no,no,no,yes,no,no,yes,"us, eu",no,no,no,no,2005-04-24,SRC_NELDA
461-2007-1014-L1,TGO,Togo,2007,Legislative/Parliamentary,no,no,yes,yes,yes,yes,,,,no,no,yes,no,no,no,no,no,no,yes,no,,,,no,no,,yes,no,no,,,,no,no,,,,,,,,,Faure Gnassingbe,Faure Gnassingbe,yes,yes,no,no,no,yes,no,no,yes,"EU, France",no,yes,no,no,2007-10-14,SRC_NELDA
461-2010-0304-P1,TGO,Togo,2010,Executive,no,no,no,no,no,no,no,no,no,no,no,no,no,no,no,no,no,no,yes,yes,yes,,,no,no,,no,yes,yes,yes,yes,,no,no,,,,,no,,,,Faure gnassingbe,Faure Gnassingbe,yes,yes,no,no,no,yes,no,no,yes,"EU, France",no,yes,no,no,2010-03-04,SRC_NELDA
471-1960-0410-L1,CMR,Cameroon,1960,Legislative/Parliamentary,no,yes,yes,yes,yes,no,,,,no,yes,yes,no,no,no,yes,no,no,yes,no,,,,no,no,,,no,no,,,,no,,,,,,,,,,ahmadou ahidjo,ahmadou ahidjo,no,,,no,no,yes,no,no,yes,france,no,yes,no,yes,1960-04-10,SRC_NELDA
471-1964-0426-L1,CMR,Cameroon,1964,Legislative/Parliamentary,no,no,yes,yes,yes,no,,,,no,yes,yes,no,no,no,yes,no,no,yes,no,,,,,no,,no,no,no,,,,no,no,,,,,,,,,ahmadou ahidjo,ahmadou ahidjo,no,,,no,no,yes,no,no,yes,france,no,yes,no,no,1964-04-26,SRC_NELDA
471-1965-0320-P1,CMR,Cameroon,1965,Executive,yes,no,no,no,no,,no,no,no,no,yes,yes,yes,,,yes,yes,no,no,yes,yes,,,,no,,,,no,,,,no,no,,,,,no,,,,Ahidjo,Ahidjo,no,,,no,no,yes,no,no,yes,France,no,no,no,no,1965-03-20,SRC_NELDA
471-1970-0328-P1,CMR,Cameroon,1970,Executive,no,no,no,no,no,no,no,no,no,no,yes,yes,yes,,no,yes,no,no,yes,yes,yes,,,no,no,,no,no,no,,,,no,no,,,,,no,,,,ahmadou ahidjo,ahmadou ahidjo,no,,,no,no,no,no,no,no,,no,no,no,no,1970-03-28,SRC_NELDA
471-1970-0607-L1,CMR,Cameroon,1970,Legislative/Parliamentary,no,no,no,no,no,no,,,,no,yes,yes,yes,no,no,yes,no,no,yes,no,,,,no,no,,no,no,no,,,,no,no,,,,,,,,,ahmadou ahidjo,ahmadou ahidjo,no,,,no,no,no,no,no,no,,no,no,no,no,1970-06-07,SRC_NELDA
471-1973-0518-L1,CMR,Cameroon,1973,Legislative/Parliamentary,no,no,no,no,no,no,,,,no,yes,yes,yes,no,no,yes,no,no,yes,no,,,,no,no,,no,no,no,,,,no,no,,,,,,,,,ahmadou ahidjo,ahmadou ahidjo,no,,,no,no,no,no,no,no,,no,no,no,no,1973-05-18,SRC_NELDA
471-1975-0405-P1,CMR,Cameroon,1975,Executive,no,no,no,no,no,no,no,no,no,no,yes,yes,yes,,no,yes,no,no,yes,yes,yes,,,no,no,,no,no,no,,,,no,no,,,,,no,,,,ahmadou ahidjo,ahmadou ahidjo,no,,,no,no,no,no,no,no,,no,no,no,no,1975-04-05,SRC_NELDA
471-1978-0528-L1,CMR,Cameroon,1978,Legislative/Parliamentary,no,no,no,no,no,no,,,,no,yes,yes,yes,no,no,yes,no,no,yes,no,,,,no,no,,no,no,no,,,,no,no,,,,,,,,,ahmadou ahidjo,ahmadou ahidjo,no,,,no,no,no,no,no,no,,no,no,no,no,1978-05-28,SRC_NELDA
471-1980-0405-P1,CMR,Cameroon,1980,Executive,no,no,no,no,no,no,no,no,no,no,no,yes,yes,no,no,no,no,no,no,yes,yes,,,no,no,,no,no,no,,,,no,no,,,,,no,,,,Ahidjo,Ahidjo,no,,,no,no,yes,no,no,yes,france,no,no,no,no,1980-04-05,SRC_NELDA
471-1983-0529-L1,CMR,Cameroon,1983,Legislative/Parliamentary,no,no,no,no,yes,no,,,,no,no,yes,yes,no,no,no,no,no,no,no,,,,no,no,,no,no,no,,,,no,no,,,,,no,,,,Biya,Biya,no,,,no,no,yes,no,no,yes,france,no,no,no,no,1983-05-29,SRC_NELDA
471-1984-0114-P1,CMR,Cameroon,1984,Executive,no,no,no,no,no,yes,no,no,no,no,no,yes,yes,no,yes,no,no,no,no,yes,yes,,yes,no,no,,no,no,yes,no,yes,,yes,no,,,,,no,,,,Biya,Biya,no,,,no,no,yes,no,no,yes,france,no,no,no,no,1984-01-14,SRC_NELDA
471-1988-0424-L1,CMR,Cameroon,1988,Legislative/Parliamentary,no,no,no,no,yes,no,,,,no,no,yes,yes,no,no,no,no,yes,yes,no,,,,no,no,,no,no,no,,,,no,no,,,,,no,,,,Biya,Biya,no,,,no,no,yes,no,no,yes,"france, imf, world bank",no,no,no,no,1988-04-24,SRC_NELDA
471-1988-0424-P1,CMR,Cameroon,1988,Executive,no,no,no,no,no,yes,no,no,no,no,no,yes,yes,no,no,no,no,yes,yes,yes,yes,,yes,no,no,,no,no,no,,,,no,no,,,,,no,,,,Biya,Biya,no,,,no,no,yes,no,no,yes,"france, imf, world bank",no,no,no,no,1988-04-24,SRC_NELDA
471-1992-0301-L1,CMR,Cameroon,1992,Legislative/Parliamentary,yes,no,yes,yes,yes,,,,,no,yes,yes,no,yes,yes,unclear,no,yes,yes,no,,,,no,unclear,,no,,no,,,no,no,no,,,,,,,,,Biya,Biya,unclear,,,,,yes,no,no,yes,"us, eu",no,no,no,no,1992-03-01,SRC_NELDA
471-1992-1011-P1,CMR,Cameroon,1992,Executive,no,no,yes,yes,yes,yes,no,no,no,no,yes,no,yes,no,yes,yes,no,yes,yes,yes,yes,,,no,yes,no,no,yes,yes,yes,yes,no,no,no,,,,,no,,,,biya,biya,yes,yes,yes,yes,no,yes,no,no,yes,"un, us, eu",no,no,no,no,1992-10-11,SRC_NELDA
471-1997-0517-L1,CMR,Cameroon,1997,Legislative/Parliamentary,no,no,yes,yes,yes,yes,,,,no,yes,yes,no,no,yes,yes,no,yes,yes,no,,,,no,unclear,,no,yes,yes,yes,no,no,yes,no,,,,,,,,,Biya,Biya,yes,yes,yes,no,unclear,yes,no,no,yes,"us, eu, commonwealth, imf",no,no,no,no,1997-05-17,SRC_NELDA
471-1997-1012-P1,CMR,Cameroon,1997,Executive,no,no,yes,yes,yes,no,no,no,no,no,yes,yes,no,yes,no,yes,yes,no,yes,yes,yes,,,no,unclear,,no,,no,,,no,no,no,,,,,no,,,,Biya,Biya,yes,unclear,no,yes,yes,yes,no,no,yes,"us, eu, commonwealth, imf",no,no,no,no,1997-10-12,SRC_NELDA
471-2002-0630-L1,CMR,Cameroon,2002,Legislative/Parliamentary,no,no,yes,yes,yes,yes,,,,no,yes,unclear,no,no,no,no,yes,no,yes,no,,,,no,unclear,,no,yes,no,,,no,no,no,,,,,,,,,Biya,Biya,yes,yes,no,unclear,unclear,yes,no,no,yes,"us, eu, commonwealth, imf",no,no,no,no,2002-06-30,SRC_NELDA
471-2004-1011-P1,CMR,Cameroon,2004,Executive,no,no,yes,yes,yes,no,no,no,no,no,yes,yes,no,no,no,no,yes,no,yes,yes,yes,,,no,unclear,,no,,no,,,no,no,no,,,,,no,,,,biya,biya,yes,yes,no,no,no,yes,no,no,yes,"us, eu, commonwealth, imf",no,no,no,no,2004-10-11,SRC_NELDA
471-2007-0722-L1,CMR,Cameroon,2007,Legislative/Parliamentary,no,no,yes,yes,yes,no,,,,no,yes,yes,no,no,no,yes,yes,no,yes,no,,,,no,yes,yes,no,yes,no,,,,no,yes,yes,no,no,,,,,,Paul Biya,Paul Biya,yes,yes,yes,no,no,yes,no,no,yes,"France, US, EU, Belgium, Germany",no,no,no,no,2007-07-22,SRC_NELDA
475-1964-1230-L1,NGA,Nigeria,1964,Legislative/Parliamentary,no,no,yes,yes,yes,no,,,,no,yes,yes,no,yes,no,no,no,no,yes,no,,,,,no,,no,yes,no,,,,no,no,,,,,,,,,nnamdi azikiwe,nnamdi azikiwe,no,,,no,no,yes,no,no,yes,britain,no,no,no,no,1964-12-30,SRC_NELDA
475-1979-0707-L1,NGA,Nigeria,1979,Legislative/Parliamentary,yes,no,yes,yes,yes,,,no,,no,no,,no,no,no,no,no,no,no,no,,,,,no,,yes,,no,,,,no,,,,,,,,,,Obasanjo,Obasanjo,no,,,no,no,yes,no,yes,yes,"US, UK",no,yes,no,no,1979-07-07,SRC_NELDA
475-1979-0714-L1,NGA,Nigeria,1979,Legislative/Parliamentary,yes,no,yes,yes,yes,,,no,,no,no,,no,no,no,no,no,no,no,no,,,,,no,,yes,,no,,,,no,,,,,,,,,,Obasanjo,Obasanjo,no,,,no,no,yes,no,yes,yes,"US, UK",no,yes,no,no,1979-07-14,SRC_NELDA
475-1979-0811-P1,NGA,Nigeria,1979,Executive,yes,no,yes,yes,yes,,yes,no,no,no,no,,no,no,no,no,no,no,no,yes,no,no,,,no,,yes,,no,,,,no,,,,,,yes,yes,no,no,Obasanjo,Shagari,no,,,no,no,yes,no,yes,yes,"US, UK",no,yes,no,no,1979-08-11,SRC_NELDA
475-1983-0806-P1,NGA,Nigeria,1983,Executive,no,no,yes,yes,yes,no,no,no,no,no,no,no,no,no,no,no,no,no,yes,yes,yes,,,no,yes,no,yes,yes,no,,,,no,no,,,,,no,,,,shagari,shagari,no,,,no,no,yes,no,no,yes,"us, imf",no,no,no,no,1983-08-06,SRC_NELDA
475-1983-0820-L1,NGA,Nigeria,1983,Legislative/Parliamentary,no,no,yes,yes,yes,no,,,,no,no,yes,no,no,no,no,no,no,yes,no,,,,no,yes,yes,no,yes,yes,yes,no,,yes,no,,,,,no,,,,Shagari,Shagari,no,,,no,no,yes,no,no,yes,"us, imf",no,no,no,no,1983-08-20,SRC_NELDA
475-1983-0827-L1,NGA,Nigeria,1983,Legislative/Parliamentary,no,no,yes,yes,yes,no,,,,no,no,yes,no,no,no,no,no,no,yes,no,,,,no,yes,yes,no,yes,yes,yes,no,,yes,no,,,,,no,,,,Shagari,Shagari,no,,,no,no,yes,no,no,yes,"us, imf",no,no,no,no,1983-08-27,SRC_NELDA
475-1992-0704-L1,NGA,Nigeria,1992,Legislative/Parliamentary,yes,no,no,yes,yes,,,,,yes,yes,yes,yes,no,yes,,no,no,yes,no,,,,no,no,,no,yes,no,,,no,yes,no,,,,,,,,,Babangida,Babangida,no,no,,no,no,unclear,,,yes,imf,no,no,no,no,1992-07-04,SRC_NELDA
475-1993-0612-P1,NGA,Nigeria,1993,Executive,no,no,no,yes,yes,yes,yes,no,no,yes,yes,yes,yes,no,yes,,no,no,yes,yes,no,no,,,no,,,yes,yes,no,yes,yes,yes,yes,no,no,no,,no,,,,babangida,babangida,yes,yes,no,yes,no,unclear,yes,no,yes,"imf, uk",yes,no,yes,yes,1993-06-12,SRC_NELDA
475-1998-0425-L1,NGA,Nigeria,1998,Legislative/Parliamentary,yes,no,no,yes,yes,,,,,yes,yes,yes,yes,yes,yes,,no,no,yes,no,,,,no,no,,no,yes,yes,no,yes,no,yes,no,,,,,,,,,Abacha,Abacha,no,no,,unclear,unclear,no,no,no,yes,"imf, uk, commonwealth, un",no,no,yes,yes,1998-04-25,SRC_NELDA
475-1999-0220-L1,NGA,Nigeria,1999,Legislative/Parliamentary,yes,no,yes,yes,yes,,,,,yes,yes,,no,no,no,no,no,no,yes,no,,,,,no,,yes,no,no,,,no,no,no,,,,,,,,,Abubakar,Abubakar,yes,yes,no,no,no,yes,no,no,yes,"imf, uk, commonwealth",no,yes,no,no,1999-02-20,SRC_NELDA
475-1999-0227-P1,NGA,Nigeria,1999,Executive,yes,no,yes,yes,yes,,yes,no,no,yes,yes,,no,no,no,no,no,no,yes,yes,no,no,,,no,,yes,yes,yes,yes,yes,no,no,no,,,,,yes,yes,no,no,abubakar,obasanjo,yes,yes,yes,no,no,yes,no,yes,yes,"imf, uk, commonwealth",no,yes,no,no,1999-02-27,SRC_NELDA
475-2003-0412-L1,NGA,Nigeria,2003,Legislative/Parliamentary,no,no,yes,yes,yes,no,,,,no,yes,yes,no,no,no,no,no,no,yes,no,,,,no,no,,yes,yes,no,,,no,yes,no,,,,,,,,,obasanjo,obasanjo,yes,yes,no,no,no,yes,no,no,yes,"imf, uk, commonwealth",no,no,no,no,2003-04-12,SRC_NELDA
475-2003-0419-P1,NGA,Nigeria,2003,Executive,no,no,yes,yes,yes,no,no,no,no,no,yes,yes,no,no,no,no,no,no,yes,yes,yes,,,no,no,,no,yes,no,,,no,yes,no,,,,,no,,,,obasanjo,obasanjo,yes,yes,yes,no,no,yes,no,no,yes,"imf, uk, commonwealth",no,no,no,no,2003-04-19,SRC_NELDA
475-2007-0421-L1,NGA,Nigeria,2007,Legislative/Parliamentary,no,no,yes,yes,yes,no,,,,no,yes,no,no,no,yes,yes,no,no,yes,no,,,,no,no,,no,yes,yes,yes,yes,,yes,no,,,,,,,,,Obasanjo,Obasanjo,yes,yes,yes,no,no,yes,no,no,yes,"Commonwealth, UK, US, UN",no,no,no,no,2007-04-21,SRC_NELDA
475-2007-0421-P1,NGA,Nigeria,2007,Executive,no,no,yes,yes,yes,no,yes,yes,no,no,yes,no,no,no,yes,yes,no,no,yes,yes,no,yes,yes,no,no,,no,yes,yes,yes,yes,,yes,no,,,,,yes,yes,no,no,Obasanjo,Yar'Adua,yes,yes,yes,no,no,yes,no,no,yes,"Commonwealth, UK, US, UN",no,no,no,no,2007-04-21,SRC_NELDA
481-1961-0212-L1,GAB,Gabon,1961,Legislative/Parliamentary,no,yes,yes,yes,no,no,,,,no,yes,yes,yes,no,no,yes,yes,no,yes,no,,,,no,no,,no,yes,no,,,,no,,,,,,,,,,leon m'ba,leon m'ba,no,,,no,no,yes,no,no,yes,france,no,yes,no,no,1961-02-12,SRC_NELDA
481-1961-0212-P1,GAB,Gabon,1961,Executive,no,no,no,no,no,no,yes,yes,no,no,yes,yes,yes,no,no,no,yes,no,yes,yes,yes,,,no,yes,yes,no,no,no,,,,no,no,,,,,no,,,,leon m'ba,leon m'ba,no,,,no,no,yes,no,no,yes,france,no,no,no,no,1961-02-12,SRC_NELDA
481-1964-0412-L1,GAB,Gabon,1964,Legislative/Parliamentary,no,no,yes,yes,no,yes,,,,yes,yes,no,yes,no,no,no,yes,no,yes,no,,,,yes,no,,no,yes,no,,,,no,,,,,,,,,,leon m'ba,leon m'ba,no,,,no,no,yes,no,no,yes,france,no,yes,yes,yes,1964-04-12,SRC_NELDA
481-1967-0319-L1,GAB,Gabon,1967,Legislative/Parliamentary,no,no,no,no,no,no,,,,no,yes,yes,yes,no,no,yes,yes,no,yes,no,,,,no,no,,no,yes,no,,,,no,,,,,,,,,,leon m'ba,leon m'ba,no,,,no,no,yes,no,no,yes,france,no,yes,no,no,1967-03-19,SRC_NELDA
481-1967-0319-P1,GAB,Gabon,1967,Executive,no,no,no,no,no,no,yes,yes,no,no,yes,yes,yes,no,yes,yes,yes,no,yes,yes,yes,,,no,yes,yes,no,yes,no,,,,no,no,,,,,no,,,,leon m'ba,leon m'ba,no,,,no,no,yes,no,no,yes,france,no,no,no,no,1967-03-19,SRC_NELDA
481-1969-0216-L1,GAB,Gabon,1969,Legislative/Parliamentary,no,no,no,no,no,no,,,,no,yes,yes,yes,no,no,yes,yes,no,yes,no,,,,no,no,,no,yes,no,,,,no,,,,,,,,,,leon m'ba,albert-bernard (later el hadji omar) bongo,no,,,no,no,yes,no,no,yes,france,no,yes,no,no,1969-02-16,SRC_NELDA
481-1973-0225-L1,GAB,Gabon,1973,Legislative/Parliamentary,no,no,no,no,yes,yes,,no,,no,unclear,yes,,,,yes,yes,no,yes,no,,,,no,no,,,no,no,,,,no,no,,,,,,,,,Bongo,Bongo,no,,,no,no,no,,,yes,france,no,no,no,yes,1973-02-25,SRC_NELDA
481-1973-0225-P1,GAB,Gabon,1973,Executive,no,no,no,no,no,yes,no,no,no,no,unclear,yes,,,,yes,yes,no,yes,yes,yes,,,no,no,,,no,no,,,,no,no,,,,,no,,,,Bongo,Bongo,no,,,no,no,no,,,yes,france,no,no,no,yes,1973-02-25,SRC_NELDA
481-1979-1230-P1,GAB,Gabon,1979,Executive,no,no,no,no,no,yes,no,no,no,no,unclear,yes,,,,yes,yes,no,yes,yes,yes,,,no,no,,,no,no,,,,no,no,,,,,no,,,,Bongo,Bongo,no,,,no,no,no,,,yes,france,no,no,no,yes,1979-12-30,SRC_NELDA
481-1980-0225-L1,GAB,Gabon,1980,Legislative/Parliamentary,no,no,no,no,yes,no,,,,no,no,yes,,,,no,yes,no,no,no,,,,no,no,,no,no,no,,,,no,no,,,,,no,,,,Bongo,Bongo,no,,,no,no,yes,no,no,yes,"us, world bank, un",no,no,no,no,1980-02-25,SRC_NELDA
481-1985-0331-L1,GAB,Gabon,1985,Legislative/Parliamentary,no,no,no,no,yes,no,,,,no,no,yes,,,,no,yes,no,no,no,,,,no,no,,no,no,no,,,,no,no,,,,,no,,,,Bongo,Bongo,no,,,no,no,yes,no,no,yes,"us, world bank, un",no,no,no,no,1985-03-31,SRC_NELDA
481-1986-1109-P1,GAB,Gabon,1986,Executive,no,no,no,no,no,no,no,no,no,no,no,yes,,,,no,yes,no,no,yes,yes,,,no,no,,no,no,no,,,,no,no,,,,,no,,,,Bongo,Bongo,no,,,no,no,yes,no,no,yes,"us, world bank, un",no,no,no,no,1986-11-09,SRC_NELDA
481-1990-0916-L1,GAB,Gabon,1990,Legislative/Parliamentary,no,yes,yes,yes,yes,yes,,,,yes,yes,unclear,no,no,no,no,yes,no,yes,no,,,,no,no,,yes,yes,yes,yes,no,yes,no,yes,yes,no,yes,no,,,,,Bongo,Bongo,no,no,,unclear,unclear,yes,no,no,yes,"un, opec, communaute financiere africaine (cfa), f",no,no,no,no,1990-09-16,SRC_NELDA
481-1990-0916-L2,GAB,Gabon,1990,Legislative/Parliamentary,no,yes,yes,yes,yes,yes,,,,yes,yes,unclear,no,no,no,no,yes,no,yes,no,,,,no,no,,yes,yes,no,,,no,yes,no,,,,,,,,,Bongo,Bongo,no,no,,no,no,yes,no,no,yes,"un, opec, communaute financiere africaine (cfa), f",no,no,no,no,1990-10-21,SRC_NELDA
481-1990-0916-L3,GAB,Gabon,1990,Legislative/Parliamentary,no,yes,yes,yes,yes,yes,,,,yes,yes,unclear,no,yes,no,no,yes,no,yes,no,,,,no,no,,yes,yes,no,,,no,yes,no,,,,,,,,,Bongo,Bongo,no,no,,no,no,yes,no,no,yes,"un, opec, communaute financiere africaine (cfa), f",no,no,no,no,1990-10-28,SRC_NELDA
481-1990-0916-L4,GAB,Gabon,1990,Legislative/Parliamentary,no,yes,yes,yes,yes,yes,,,,yes,yes,unclear,no,yes,no,no,yes,no,yes,no,,,,no,no,,yes,yes,no,,,no,yes,no,,,,,,,,,Bongo,Bongo,no,no,,no,no,yes,no,no,yes,"un, opec, communaute financiere africaine (cfa), f",no,no,no,no,1990-11-04,SRC_NELDA
481-1993-1205-P1,GAB,Gabon,1993,Executive,no,no,yes,yes,yes,no,no,no,no,no,yes,yes,no,no,no,no,yes,no,yes,yes,yes,,,no,no,,no,yes,yes,yes,yes,no,yes,no,,,,,no,,,,bongo,bongo,yes,yes,no,no,no,yes,no,no,yes,"un, opec, communaute financiere africaine (cfa), f",yes,no,no,yes,1993-12-05,SRC_NELDA
481-1996-1205-L2,GAB,Gabon,1996,Legislative/Parliamentary,no,no,yes,yes,yes,yes,,,,no,yes,unclear,no,no,no,no,no,no,yes,no,,,,no,no,,no,yes,no,,,no,no,no,,,,,,,,,bongo,bongo,yes,no,,no,no,yes,no,no,yes,"un, communaute financiere africaine (cfa), france,",no,no,no,no,1996-12-29,SRC_NELDA
481-1996-1205-L3,GAB,Gabon,1997,Legislative/Parliamentary,no,no,yes,yes,yes,yes,,,,no,yes,unclear,no,no,no,no,no,no,yes,no,,,,no,no,,no,yes,no,,,no,no,no,,,,,,,,,bongo,bongo,yes,no,,no,no,yes,no,no,yes,"un, communaute financiere africaine (cfa), france,",no,no,no,no,1997-01-12,SRC_NELDA
481-1996-1215-L1,GAB,Gabon,1996,Legislative/Parliamentary,no,no,yes,yes,yes,yes,,,,no,yes,unclear,no,no,no,no,no,no,yes,no,,,,no,no,,no,yes,no,,,no,no,no,,,,,,,,,bongo,bongo,yes,no,,no,no,yes,no,no,yes,"un, opec, communaute financiere africaine (cfa), f",no,no,no,no,1996-12-15,SRC_NELDA
481-1998-1206-P1,GAB,Gabon,1998,Executive,no,no,yes,yes,yes,no,no,no,no,no,yes,yes,no,no,no,no,no,no,yes,yes,yes,,,no,no,,no,yes,no,,,no,no,no,,,,,no,,,,bongo,bongo,yes,no,,no,yes,yes,no,no,yes,"un, communaute financiere africaine (cfa), france,",no,no,no,no,1998-12-06,SRC_NELDA
481-2001-1209-L1,GAB,Gabon,2001,Legislative/Parliamentary,no,no,yes,yes,yes,yes,,,,no,yes,yes,no,yes,no,no,no,no,yes,no,,,,no,no,,no,yes,no,,,no,no,no,,,,,,,,,Bongo,Bongo,yes,yes,no,no,no,no,,,,,,,,,2001-12-09,SRC_NELDA
481-2001-1209-L2,GAB,Gabon,2001,Legislative/Parliamentary,no,no,yes,yes,yes,yes,,,,no,yes,yes,no,yes,no,no,no,no,yes,no,,,,no,no,,no,yes,no,,,no,no,no,,,,,,,,,Bongo,Bongo,yes,yes,no,no,no,yes,no,no,yes,"un, communaute financiere africaine (cfa), france,",no,no,no,no,2001-12-23,SRC_NELDA
481-2005-1127-P1,GAB,Gabon,2005,Executive,no,no,yes,yes,yes,no,no,no,yes,no,no,yes,no,no,no,yes,yes,no,yes,yes,yes,,,no,yes,yes,no,no,yes,yes,unclear,no,no,no,,,,,no,,,,bongo,bongo,yes,yes,no,no,no,yes,no,no,yes,france,no,no,no,no,2005-11-27,SRC_NELDA
481-2006-1217-L1,GAB,Gabon,2006,Legislative/Parliamentary,no,no,yes,yes,yes,no,,,,no,no,yes,no,no,no,yes,yes,no,yes,no,,,,no,yes,yes,yes,no,yes,yes,no,no,no,no,,,,,no,,,,bongo,bongo,yes,yes,no,no,no,yes,no,no,yes,france,no,no,no,no,2006-12-17,SRC_NELDA
481-2009-0830-P1,GAB,Gabon,2009,Executive,yes,no,yes,yes,yes,,yes,yes,no,yes,yes,yes,no,no,no,,no,yes,,yes,no,yes,yes,no,no,,yes,yes,yes,yes,yes,,yes,no,,,,,yes,yes,no,no,Rogombe,Bongo,yes,no,,no,no,yes,no,no,yes,France,no,no,no,no,2009-08-30,SRC_NELDA
482-1964-0105-P1,CAF,Central African Republic,1964,Executive,no,no,no,no,no,no,no,no,yes,no,yes,yes,yes,,,no,unclear,no,yes,yes,yes,,no,no,no,,no,no,no,,,no,no,no,,,,,no,,,,dacko,dacko,no,,,no,no,yes,no,no,yes,"france, ec",no,no,no,no,1964-01-05,SRC_NELDA
482-1964-0315-L1,CAF,Central African Republic,1964,Legislative/Parliamentary,no,no,no,no,no,no,,,,no,yes,yes,yes,,,no,unclear,no,yes,no,,,,no,no,,no,no,no,,,no,no,no,,,,,,,,,dacko,dacko,no,,,no,no,yes,no,no,yes,"france, ec",no,no,no,no,1964-03-15,SRC_NELDA
482-1981-0315-P1,CAF,Central African Republic,1981,Executive,yes,yes,yes,yes,yes,,no,no,yes,no,yes,no,no,yes,yes,no,no,yes,yes,yes,yes,,yes,no,no,,yes,yes,yes,yes,yes,,yes,no,,,,,yes,no,no,yes,Dacko,Kolingba,no,,,no,no,yes,no,no,yes,"france, world bank, imf",no,no,no,no,1981-03-15,SRC_NELDA
482-1986-1121-P1,CAF,Central African Republic,1986,Executive,yes,no,no,no,no,,no,no,no,no,yes,yes,yes,,,no,no,no,yes,yes,yes,,,,no,,,,no,,,,no,no,,,,,no,,,,Kolingba,Kolingba,no,,,no,no,yes,no,no,yes,France,no,no,no,no,1986-11-21,SRC_NELDA
482-1987-0731-L1,CAF,Central African Republic,1987,Legislative/Parliamentary,yes,no,no,no,yes,,,,,no,yes,yes,yes,yes,no,no,no,yes,yes,no,,,,no,no,,no,no,no,,,,no,no,,,,,no,,,,Kolingba,Kolingba,no,,,no,no,yes,no,no,yes,"france, world bank, imf",no,no,no,no,1987-07-31,SRC_NELDA
482-1992-1025-L1,CAF,Central African Republic,1992,Legislative/Parliamentary,yes,yes,yes,yes,yes,,,,,no,yes,yes,no,yes,yes,yes,no,no,yes,no,,,,unclear,no,,yes,yes,yes,yes,no,yes,no,,,,,,no,,,,Kolingba,Kolingba,yes,yes,yes,no,no,no,yes,no,yes,"un, eu, japan, usa,",yes,no,yes,no,1992-10-25,SRC_NELDA
482-1992-1025-P1,CAF,Central African Republic,1992,Executive,no,no,yes,yes,yes,yes,yes,no,no,no,yes,yes,no,yes,no,no,no,no,yes,yes,no,no,,no,no,,no,no,no,,,,no,,,,,,no,,,,Kolingba,Kolingba,yes,yes,no,no,no,yes,no,no,yes,"un, nato, wb, ebrd",no,no,no,no,1992-10-25,SRC_NELDA
482-1993-0822-L1,CAF,Central African Republic,1993,Legislative/Parliamentary,yes,yes,yes,yes,yes,,,,,yes,yes,unclear,no,no,no,no,no,yes,yes,no,,,,yes,unclear,,yes,no,no,,,no,no,no,,,,,,,,,Kolingba,Kolingba,yes,yes,no,no,no,unclear,,,yes,"france, germany",no,yes,yes,yes,1993-08-22,SRC_NELDA
482-1993-0822-L2,CAF,Central African Republic,1993,Legislative/Parliamentary,yes,yes,yes,yes,yes,,,,,yes,yes,unclear,no,no,no,no,no,yes,yes,no,,,,yes,unclear,,yes,no,no,,,no,no,no,,,,,,,,,Kolingba,Kolingba,yes,yes,no,no,no,unclear,,,yes,"france, germany",no,yes,yes,yes,1993-09-19,SRC_NELDA
482-1993-0822-P1,CAF,Central African Republic,1993,Executive,yes,yes,yes,yes,yes,,yes,no,no,yes,yes,unclear,no,no,no,no,no,yes,yes,yes,yes,,,yes,no,,yes,yes,no,,,no,no,no,,,,,yes,yes,no,no,kolingba,patasse,yes,yes,no,no,no,unclear,,,yes,"france, germany",no,yes,yes,yes,1993-08-22,SRC_NELDA
482-1993-0822-P2,CAF,Central African Republic,1993,Executive,yes,yes,yes,yes,yes,,yes,no,no,yes,yes,unclear,no,no,no,no,no,yes,yes,yes,yes,,,yes,no,,yes,yes,no,,,no,no,no,,,,,yes,yes,no,no,Kolingba,Patasse,yes,yes,no,no,no,unclear,,,yes,"france, germany",no,yes,yes,yes,1993-09-19,SRC_NELDA
482-1998-1122-L1,CAF,Central African Republic,1998,Legislative/Parliamentary,no,no,yes,yes,yes,yes,,,,no,no,unclear,no,no,no,no,no,yes,yes,no,,,,no,unclear,,yes,no,no,,,no,no,no,,,,,,,,,Patasse,Patasse,yes,yes,no,no,no,unclear,,,yes,"france, germany",no,no,no,no,1998-11-22,SRC_NELDA
482-1998-1122-L2,CAF,Central African Republic,1998,Legislative/Parliamentary,no,no,yes,yes,yes,yes,,,,no,no,unclear,no,no,no,no,no,yes,yes,no,,,,no,unclear,,yes,no,no,,,no,no,no,,,,,,,,,Patasse,Patasse,yes,yes,no,no,no,unclear,,,yes,"france, germany",no,no,no,no,1998-12-13,SRC_NELDA
482-1999-0919-P1,CAF,Central African Republic,1999,Executive,no,no,yes,yes,yes,yes,no,no,no,no,yes,yes,no,no,no,no,no,yes,yes,yes,yes,,,no,unclear,,no,yes,no,,,no,yes,no,,,,,no,,,,Patasse,Patasse,yes,yes,no,no,no,yes,no,no,yes,france,no,no,no,no,1999-09-19,SRC_NELDA
482-2005-0313-L1,CAF,Central African Republic,2005,Legislative/Parliamentary,no,no,yes,yes,yes,no,,,,no,no,yes,no,no,no,no,no,yes,yes,no,,,,no,yes,yes,yes,no,no,,,,no,,,,,,no,,,,francois bozize,francois bozize,yes,yes,no,no,no,yes,no,no,yes,"us, un",no,no,no,no,2005-03-13,SRC_NELDA
482-2005-0313-L2,CAF,Central African Republic,2005,Legislative/Parliamentary,no,no,yes,yes,yes,no,,,,no,no,yes,no,no,no,no,no,yes,yes,no,,,,no,yes,yes,yes,no,no,,,,no,,,,,,no,,,,francois bozize,francois bozize,yes,yes,no,no,no,yes,no,no,yes,"us, un",no,no,no,no,2005-05-08,SRC_NELDA
482-2005-0313-P1,CAF,Central African Republic,2005,Executive,no,no,yes,yes,yes,yes,no,no,no,no,no,yes,no,no,yes,no,no,yes,yes,yes,yes,,,,yes,yes,no,no,no,,,no,no,no,,,,,no,,,,francois bozize,francois bozize,yes,yes,no,no,no,yes,no,no,yes,"us, un",no,no,no,no,2005-03-13,SRC_NELDA
482-2005-0313-P2,CAF,Central African Republic,2005,Executive,no,no,yes,yes,yes,no,no,no,no,no,no,yes,no,no,yes,no,no,yes,yes,yes,yes,,,no,yes,yes,no,no,no,,,no,no,no,,,,,no,,,,francois bozize,francois bozize,yes,yes,no,no,no,yes,no,no,yes,"us, un",no,no,no,no,2005-05-08,SRC_NELDA
483-1962-0304-L1,TCD,Chad,1962,Legislative/Parliamentary,no,no,no,no,no,no,,,,no,yes,yes,yes,,,yes,no,no,yes,no,,,,no,no,,,no,no,,,no,no,no,,,,,,,,,tombalbaye,tombalbaye,no,,,no,no,yes,no,no,yes,france,no,no,no,no,1962-03-04,SRC_NELDA
483-1963-1222-L1,TCD,Chad,1963,Legislative/Parliamentary,no,no,no,no,no,yes,,,,no,yes,yes,yes,,,yes,no,no,yes,no,,,,no,no,,,no,no,,,no,no,no,,,,,,,,,tombalbaye,tombalbaye,no,,,no,no,yes,no,no,yes,france,no,no,no,no,1963-12-22,SRC_NELDA
483-1969-0615-P1,TCD,Chad,1969,Executive,no,no,no,no,no,no,no,no,yes,no,yes,yes,yes,,,yes,no,no,yes,yes,yes,,no,no,no,,,no,no,,,no,no,no,,,,,no,,,,tombalbaye,tombalbaye,no,,,no,no,yes,no,no,yes,france,no,no,no,no,1969-06-15,SRC_NELDA
483-1969-1214-L1,TCD,Chad,1969,Legislative/Parliamentary,no,no,no,no,no,no,,,,no,yes,yes,yes,,,yes,no,no,yes,no,,,,no,no,,,no,no,,,no,no,no,,,,,,,,,tombalbaye,tombalbaye,no,,,no,no,yes,no,no,yes,france,no,no,no,no,1969-12-14,SRC_NELDA
483-1990-0708-L1,TCD,Chad,1990,Legislative/Parliamentary,yes,no,yes,no,yes,,,,,no,yes,yes,yes,no,no,no,no,yes,yes,no,,,,no,yes,yes,,,no,,,,no,,,,,,,,,,Habre,Habre,no,no,,no,no,yes,no,no,yes,"us, eu",no,no,no,no,1990-07-08,SRC_NELDA
483-1996-0602-P1,TCD,Chad,1996,Executive,yes,yes,yes,yes,yes,,no,no,no,yes,no,yes,no,no,no,no,no,no,yes,yes,yes,,,no,yes,yes,no,,no,,,no,no,no,,,,,no,,,,Deby,Deby,yes,yes,no,no,no,yes,no,yes,yes,"us, eu, imf",no,yes,no,no,1996-06-02,SRC_NELDA
483-1996-0602-P2,TCD,Chad,1996,Executive,yes,yes,yes,yes,yes,,no,no,no,yes,yes,yes,no,yes,no,no,no,no,yes,yes,yes,,,no,yes,yes,no,,no,,,no,no,no,,,,,no,,,,Deby,Deby,yes,yes,no,no,no,yes,no,yes,yes,"us, eu, imf",no,yes,no,no,1996-07-03,SRC_NELDA
483-1997-0105-L1,TCD,Chad,1997,Legislative/Parliamentary,no,no,yes,yes,yes,no,,,,no,no,,no,no,no,no,no,no,yes,no,,,,,,,,,no,,,no,no,no,,,,,,,,,Deby,Deby,yes,yes,no,no,no,yes,no,no,yes,"us, eu, imf",no,no,no,no,1997-01-05,SRC_NELDA
483-1997-0105-L2,TCD,Chad,1997,Legislative/Parliamentary,no,no,yes,yes,yes,no,,,,no,no,,no,no,no,no,no,no,yes,no,,,,,,,,,no,,,no,no,no,,,,,,,,,Deby,Deby,yes,yes,no,no,no,yes,no,no,yes,"us, eu, imf",no,no,no,no,1997-02-23,SRC_NELDA
483-2001-0520-P1,TCD,Chad,2001,Executive,no,no,yes,yes,yes,no,no,no,no,no,no,yes,no,no,no,no,yes,no,yes,yes,yes,,,no,yes,yes,no,,no,,,no,no,no,,,,,no,,,,Deby,Deby,yes,yes,no,no,no,yes,no,no,yes,"us, eu, imf, world bank",no,no,no,no,2001-05-20,SRC_NELDA
483-2002-0421-L1,TCD,Chad,2002,Legislative/Parliamentary,no,no,yes,yes,yes,no,,,,no,no,yes,no,no,no,no,yes,no,yes,no,,,,no,yes,yes,no,,no,,,no,no,no,,,,,,,,,Deby,Deby,yes,no,,no,no,yes,no,no,yes,"us, eu, imf, world bank",no,no,no,no,2002-04-21,SRC_NELDA
483-2006-0503-P1,TCD,Chad,2006,Executive,no,no,yes,yes,yes,yes,no,no,yes,no,yes,yes,no,yes,no,no,yes,no,yes,yes,yes,,,no,yes,yes,no,no,no,,,no,no,no,,,,,no,,,,deby,deby,yes,no,no,no,no,yes,no,no,yes,"us, france, taiwan",no,no,no,no,2006-05-03,SRC_NELDA
484-1961-0326-P1,COG,Congo,1961,Executive,yes,no,no,yes,no,,no,no,no,no,no,yes,,,,no,no,no,yes,yes,yes,,,no,no,,,,yes,no,yes,,no,no,,,,,no,,,,youlou,youlou,no,,,no,no,no,,,yes,france,no,yes,no,yes,1961-03-26,SRC_NELDA
484-1963-1208-L1,COG,Congo,1963,Legislative/Parliamentary,yes,no,no,no,no,,no,no,no,no,yes,yes,yes,,,yes,no,no,yes,yes,yes,,,no,no,,,no,yes,no,yes,,yes,no,,,,,no,,,,massemba-debat,massemba-debat,no,,,no,no,no,yes,no,yes,france,yes,no,no,no,1963-12-08,SRC_NELDA
484-1973-0624-L1,COG,Congo,1973,Legislative/Parliamentary,no,no,no,no,yes,no,,no,,no,yes,yes,yes,,,yes,yes,no,yes,no,,,,no,yes,yes,,no,no,,,,no,no,,,,,no,,,,Ngouabi,Ngouabi,no,,,no,no,no,no,no,unclear,,no,no,no,no,1973-06-24,SRC_NELDA
484-1979-0708-L1,COG,Congo,1979,Legislative/Parliamentary,yes,no,no,no,yes,,,no,,no,yes,yes,yes,,,yes,yes,no,yes,no,,,,no,no,,,no,no,,,,no,no,,,,,no,,,,Nguesso,Nguesso,no,,,no,no,no,no,no,unclear,,no,no,no,no,1979-07-08,SRC_NELDA
484-1984-0923-L1,COG,Congo,1984,Legislative/Parliamentary,no,no,no,no,yes,no,,,,no,no,yes,yes,no,no,no,yes,no,yes,no,,,,no,no,,no,no,no,,,,no,no,,,,,no,,,,Nguesso,Nguesso,no,,,no,no,no,no,no,yes,france,no,no,no,no,1984-09-23,SRC_NELDA
484-1989-0924-L1,COG,Congo,1989,Legislative/Parliamentary,no,yes,yes,yes,yes,no,,,,no,no,yes,yes,no,yes,no,yes,no,yes,no,,,,no,no,,no,no,no,,,,no,no,,,,,no,,,,Nguesso,Nguesso,no,,,no,no,yes,no,yes,yes,france,no,no,no,no,1989-09-24,SRC_NELDA
484-1992-0624-L1,COG,Congo,1992,Legislative/Parliamentary,yes,yes,yes,yes,yes,,,,,no,no,unclear,no,no,no,yes,no,yes,yes,no,,,,yes,unclear,,yes,,no,,,no,no,no,,,,,,,,,Nguesso,Nguesso,unclear,,,,,yes,no,yes,yes,"us, europe, imf, world bank",no,yes,no,no,1992-06-24,SRC_NELDA
484-1992-0624-L2,COG,Congo,1992,Legislative/Parliamentary,yes,yes,yes,yes,yes,,,,,no,no,unclear,no,no,no,yes,no,yes,yes,no,,,,yes,unclear,,yes,,no,,,no,no,no,,,,,,,,,Nguesso,Nguesso,unclear,,,,,yes,no,yes,yes,"us, europe, imf, world bank",no,yes,no,no,1992-07-19,SRC_NELDA
484-1992-0802-P1,COG,Congo,1992,Executive,no,no,yes,yes,yes,,no,no,no,no,no,unclear,no,no,no,yes,no,yes,yes,yes,yes,,,yes,unclear,,yes,,no,,,no,no,no,,,,,yes,yes,no,no,nguesso,nguesso,yes,yes,no,no,no,yes,no,yes,yes,"un, us, europe, imf, world bank",no,yes,no,no,1992-08-02,SRC_NELDA
484-1992-0802-P2,COG,Congo,1992,Executive,no,no,yes,yes,yes,,no,no,no,no,no,unclear,no,no,no,yes,no,yes,yes,yes,yes,,,yes,unclear,,yes,,no,,,no,no,no,,,,,yes,yes,no,no,Nguesso,Lissouba,yes,yes,no,no,no,yes,no,yes,yes,"un, us, europe, imf, world bank",no,yes,no,no,1992-08-16,SRC_NELDA
484-1993-0502-L1,COG,Congo,1993,Legislative/Parliamentary,no,no,yes,yes,yes,yes,,,,no,no,unclear,no,no,no,no,no,yes,yes,no,,,,no,unclear,,no,,yes,yes,yes,no,yes,no,,,,,,,,,Lissouba,Lissouba,yes,yes,no,no,no,yes,no,no,yes,"un, us, europe, imf, world bank",no,no,no,no,1993-05-02,SRC_NELDA
484-1993-0502-L2,COG,Congo,1993,Legislative/Parliamentary,no,no,yes,yes,yes,yes,,,,no,yes,yes,no,yes,no,no,no,yes,yes,no,,,,no,unclear,,no,,yes,yes,yes,no,yes,no,,,,,,,,,Lissouba,Lissouba,yes,yes,no,no,no,yes,no,no,yes,"un, us, europe, imf, world bank",no,no,no,no,1993-06-06,SRC_NELDA
484-1993-0502-L3,COG,Congo,1993,Legislative/Parliamentary,no,no,yes,yes,yes,yes,,,,no,no,unclear,no,no,no,no,no,yes,yes,no,,,,no,unclear,,yes,,yes,yes,yes,no,no,no,,,,,,,,,Lissouba,Lissouba,yes,unclear,,no,no,yes,no,no,yes,"un, us, europe, imf, world bank",no,no,no,no,1993-10-03,SRC_NELDA
484-2002-0310-P1,COG,Congo,2002,Executive,no,no,yes,yes,yes,yes,no,no,no,no,yes,yes,no,yes,no,no,no,yes,yes,yes,yes,,,no,no,,no,no,yes,yes,yes,,yes,no,,,,,no,,,,Nguesso,Nguesso,yes,yes,no,no,no,no,no,no,yes,un,no,no,no,no,2002-03-10,SRC_NELDA
484-2002-0526-L1,COG,Congo,2002,Legislative/Parliamentary,yes,no,yes,yes,yes,,,,,no,yes,yes,no,yes,no,no,no,yes,yes,no,,,,no,no,,yes,no,yes,yes,yes,,yes,no,,,,,no,,,,Nguesso,Nguesso,yes,yes,no,no,no,no,no,no,yes,un,no,no,no,no,2002-05-26,SRC_NELDA
484-2002-0526-L2,COG,Congo,2002,Legislative/Parliamentary,yes,no,yes,yes,yes,,,,,no,yes,yes,no,yes,no,no,no,yes,yes,no,,,,no,no,,yes,no,yes,yes,yes,,yes,no,,,,,no,,,,Nguesso,Nguesso,yes,yes,no,no,no,no,no,no,yes,un,no,no,no,no,2002-06-23,SRC_NELDA
484-2007-0624-L1,COG,Congo,2007,Legislative/Parliamentary,no,no,yes,yes,yes,no,,,,no,yes,yes,no,yes,no,yes,no,yes,yes,no,,,,no,no,,no,yes,no,,,no,no,no,,,,,,,,,Sassou-Nguesso,Sassou-Nguesso,yes,no,,no,no,yes,no,no,yes,France,no,no,no,no,2007-06-24,SRC_NELDA
484-2007-0624-L2,COG,Congo,2007,Legislative/Parliamentary,no,no,yes,yes,yes,yes,,,,no,yes,yes,no,yes,no,yes,no,yes,yes,no,,,,no,no,,no,yes,no,,,no,no,no,,,,,,,,,Sassou-Nguesso,Sassou-Nguesso,yes,no,,no,no,yes,no,no,yes,France,no,no,no,no,2007-08-05,SRC_NELDA
484-2009-0712-P1,COG,Congo,2009,Executive,no,no,yes,yes,yes,no,no,no,yes,no,yes,yes,no,yes,no,yes,no,yes,yes,yes,yes,,,no,no,,no,yes,no,,,,no,no,,,,,no,,,,Sassou-Nguesso,Sassou-Nguesso,yes,no,,no,no,yes,no,no,yes,France,no,no,no,no,2009-07-12,SRC_NELDA
490-1965-0318-L1,COD,Democratic Republic of Congo,1965,Legislative/Parliamentary,no,no,yes,yes,yes,no,,no,,no,yes,no,yes,no,yes,yes,no,yes,yes,no,,,,yes,no,,yes,no,yes,no,yes,yes,yes,,,,,,,,,,kasavubu,kasavubu,no,,,no,no,yes,no,yes,yes,belgium,no,yes,no,yes,1965-03-18,SRC_NELDA
490-1965-0318-L2,COD,Democratic Republic of Congo,1965,Legislative/Parliamentary,no,no,yes,yes,yes,no,,no,,no,yes,no,yes,no,yes,yes,no,yes,yes,no,,,,yes,no,,yes,no,yes,no,yes,yes,yes,,,,,,,,,,kasavubu,kasavubu,no,,,no,no,yes,no,yes,yes,belgium,no,yes,no,yes,1965-08-08,SRC_NELDA
490-1970-1105-P1,COD,Democratic Republic of Congo,1970,Executive,no,no,no,no,no,no,no,no,no,no,yes,yes,yes,,no,yes,no,no,yes,yes,yes,,,no,no,,no,no,no,,,,no,no,,,,,no,,,,joseph-désiré mobutu,joseph-désiré mobutu,no,,,no,no,yes,no,no,yes,usa,no,no,no,no,1970-11-05,SRC_NELDA
490-1970-1115-L1,COD,Democratic Republic of Congo,1970,Legislative/Parliamentary,yes,no,no,no,no,,no,no,no,no,yes,yes,yes,,,yes,yes,no,no,no,,,,,no,,,no,no,,,,no,no,,,,,,,,,Mobutu,Mobutu,no,,,no,no,yes,no,no,yes,US,no,no,no,no,1970-11-15,SRC_NELDA
490-1975-0402-L1,COD,Democratic Republic of Congo,1975,Legislative/Parliamentary,no,no,no,no,no,no,,,,no,yes,yes,yes,no,no,yes,no,no,yes,no,,,,no,no,,no,no,no,,,,no,no,,,,,,,,,joseph-désiré mobutu,joseph-désiré mobutu,no,,,no,no,yes,no,no,yes,usa,no,no,no,no,1975-04-02,SRC_NELDA
490-1977-1002-L1,COD,Democratic Republic of Congo,1977,Legislative/Parliamentary,no,no,no,no,no,no,,,,no,yes,yes,yes,no,no,yes,no,no,yes,no,,,,no,no,,no,no,no,,,,no,no,,,,,,,,,joseph-désiré mobutu,joseph-désiré mobutu,no,,,no,no,yes,no,no,yes,usa,no,no,no,no,1977-10-02,SRC_NELDA
490-1977-1203-P1,COD,Democratic Republic of Congo,1977,Executive,no,no,no,no,no,no,no,no,no,no,yes,yes,yes,,no,yes,no,no,yes,yes,yes,,,no,no,,no,no,no,,,,no,no,,,,,no,,,,joseph-désiré mobutu,joseph-désiré mobutu,no,,,no,no,yes,no,no,yes,usa,no,no,no,no,1977-12-03,SRC_NELDA
490-1982-0918-L1,COD,Democratic Republic of Congo,1982,Legislative/Parliamentary,no,no,no,no,yes,no,,,,no,no,yes,yes,no,yes,no,no,yes,yes,no,,,,no,no,,no,no,no,,,,no,no,,,,,no,,,,Mobutu,Mobutu,no,,,no,no,unclear,no,yes,yes,belgium,no,no,no,no,1982-09-18,SRC_NELDA
490-1984-0727-P1,COD,Democratic Republic of Congo,1984,Executive,no,no,no,no,no,no,no,no,yes,no,yes,yes,yes,no,no,no,no,yes,yes,yes,yes,,,no,no,,no,no,no,,,,no,no,,,,,no,,,,Mobutu,Mobutu,no,,,no,no,unclear,no,yes,yes,belgium,no,no,no,no,1984-07-27,SRC_NELDA
490-1987-0906-L1,COD,Democratic Republic of Congo,1987,Legislative/Parliamentary,no,no,no,no,yes,no,,,,no,yes,yes,yes,no,yes,no,no,yes,yes,no,,,,no,no,,no,no,no,,,,no,no,,,,,no,,,,Mobutu,Mobutu,no,,,no,no,no,yes,no,yes,belgium,yes,no,yes,no,1987-09-06,SRC_NELDA
490-2006-0730-L1,COD,Democratic Republic of Congo,2006,Legislative/Parliamentary,yes,yes,yes,yes,yes,,,,,no,no,yes,no,no,no,no,yes,no,yes,no,,,,,yes,yes,yes,no,yes,yes,yes,no,yes,no,,,,,no,,,,joseph kabila,joseph kabila,yes,yes,no,no,no,yes,no,no,yes,"us, un",no,no,no,no,2006-07-30,SRC_NELDA
490-2006-0730-P1,COD,Democratic Republic of Congo,2006,Executive,yes,yes,yes,yes,yes,,no,no,no,no,no,yes,no,no,no,no,yes,no,yes,yes,yes,,,,yes,yes,no,no,no,,,no,yes,no,,,,,no,,,,joseph kabila,joseph kabila,yes,yes,no,no,no,yes,no,no,yes,"us, un",no,no,no,no,2006-07-30,SRC_NELDA
490-2006-0730-P2,COD,Democratic Republic of Congo,2006,Executive,yes,yes,yes,yes,yes,,no,no,no,no,no,yes,no,no,no,no,yes,no,yes,yes,yes,,,,yes,yes,no,no,yes,yes,yes,no,yes,no,,,,,no,,,,joseph kabila,joseph kabila,yes,yes,no,no,no,yes,no,no,yes,"us, un",no,no,no,no,2006-10-29,SRC_NELDA
500-1980-1210-L1,UGA,Uganda,1980,Legislative/Parliamentary,yes,no,yes,yes,yes,,,,,yes,yes,no,yes,no,no,no,no,no,yes,no,no,no,,,no,,,yes,no,,,,no,no,,,,,yes,yes,no,no,Paulo Muwanga,Obote,no,,,no,no,yes,no,no,yes,"imf, world bank",no,no,no,no,1980-12-10,SRC_NELDA
500-1994-0328-A1,UGA,Uganda,1994,Constituent Assembly,yes,unclear,yes,no,yes,,,,,unclear,unclear,yes,no,no,no,unclear,yes,no,yes,no,,,,unclear,no,,no,no,no,,,,no,no,,,,,,,,,Museveni,Museveni,no,,,no,no,yes,no,no,no,,,,no,no,1994-03-28,SRC_NELDA
500-1996-0509-P1,UGA,Uganda,1996,Executive,no,no,yes,unclear,yes,no,no,no,no,no,yes,yes,no,no,yes,unclear,yes,no,yes,yes,yes,,,,unclear,,no,yes,no,,,,yes,no,,,,,no,,,,Museveni,Museveni,yes,yes,no,no,no,yes,no,no,no,,,,no,no,1996-05-09,SRC_NELDA
500-1996-0627-L1,UGA,Uganda,1996,Legislative/Parliamentary,no,no,yes,unclear,yes,no,,,,no,yes,yes,no,no,unclear,unclear,yes,no,yes,no,,,,,no,,no,no,no,,,,yes,no,,,,,,,,,Museveni,Museveni,yes,yes,no,no,no,yes,no,no,no,,,,no,no,1996-06-27,SRC_NELDA
500-2001-0312-P1,UGA,Uganda,2001,Executive,no,no,yes,unclear,yes,no,no,no,no,no,yes,yes,no,no,yes,unclear,yes,no,yes,yes,yes,,,,yes,yes,no,yes,no,,,,yes,no,,,,,no,,,,Museveni,Museveni,yes,yes,yes,no,no,yes,no,no,no,,,,no,no,2001-03-12,SRC_NELDA
500-2001-0626-L1,UGA,Uganda,2001,Legislative/Parliamentary,no,no,yes,unclear,yes,no,,,,no,yes,yes,no,no,yes,unclear,yes,no,yes,no,,,,,no,,yes,unclear,no,,,,yes,no,,,,,,,,,Museveni,Museveni,yes,yes,yes,no,no,yes,no,no,no,,,,no,no,2001-06-26,SRC_NELDA
500-2006-0223-L1,UGA,Uganda,2006,Legislative/Parliamentary,no,yes,yes,yes,yes,no,,,,no,yes,yes,yes,no,yes,yes,yes,no,yes,no,,,,no,no,,yes,yes,no,,,no,yes,no,,,,,no,,,,museveni,museveni,yes,yes,yes,no,no,yes,no,no,yes,"world bank, eu",no,no,yes,yes,2006-02-23,SRC_NELDA
500-2006-0223-P1,UGA,Uganda,2006,Executive,no,yes,yes,yes,yes,no,no,yes,yes,no,yes,yes,yes,no,yes,yes,yes,no,yes,yes,yes,,,no,no,,no,yes,no,,,no,yes,no,,,,,no,,,,museveni,museveni,yes,yes,yes,no,no,yes,no,no,yes,"world bank, eu",no,no,yes,yes,2006-02-23,SRC_NELDA
501-1966-0611-L1,KEN,Kenya,1966,Legislative/Parliamentary,no,no,yes,yes,yes,yes,no,no,no,no,no,yes,no,no,no,no,no,no,yes,no,,,,,no,,no,yes,no,,,,no,no,,,,,,,,,Kenyatta,Kenyatta,no,,,no,no,yes,no,no,yes,UK,no,no,no,no,1966-06-11,SRC_NELDA
501-1969-1206-L1,KEN,Kenya,1969,Legislative/Parliamentary,no,no,yes,no,yes,yes,no,no,no,no,yes,yes,yes,yes,no,no,no,no,unclear,yes,yes,,,no,no,,no,no,no,,,,no,no,,,,,no,,,,Kenyatta,Kenyatta,no,,,no,no,yes,no,no,yes,uk,no,no,no,no,1969-12-06,SRC_NELDA
501-1969-1206-P1,KEN,Kenya,1969,Executive,no,no,yes,no,no,yes,no,no,no,no,yes,yes,yes,yes,no,no,no,no,unclear,yes,yes,,,no,no,,no,no,no,,,,no,no,,,,,no,,,,Kenyatta,Kenyatta,no,,,no,no,yes,no,no,yes,uk,no,no,no,no,1969-12-06,SRC_NELDA
501-1974-1014-L1,KEN,Kenya,1974,Legislative/Parliamentary,no,no,no,no,yes,no,no,no,no,no,yes,yes,yes,,,no,yes,no,yes,yes,yes,,,no,no,,,,no,,,,no,no,,,,,no,,,,Kenyatta,Kenyatta,no,,,no,no,no,,,yes,great britain,no,no,no,no,1974-10-14,SRC_NELDA
501-1974-1014-P1,KEN,Kenya,1974,Executive,no,no,no,no,no,no,no,no,no,no,yes,yes,yes,,,no,yes,no,yes,yes,yes,,,no,no,,,,no,,,,no,no,,,,,no,,,,Kenyatta,Kenyatta,no,,,no,no,no,,,yes,great britain,no,no,no,no,1974-10-14,SRC_NELDA
501-1979-1108-L1,KEN,Kenya,1979,Legislative/Parliamentary,no,no,no,no,yes,no,no,no,no,no,yes,yes,yes,,,no,yes,no,yes,yes,yes,,,no,no,,,no,no,,,,no,no,,,,,no,,,,Moi,Moi,no,,,no,no,yes,no,yes,yes,great britain,no,no,no,no,1979-11-08,SRC_NELDA
501-1979-1108-P1,KEN,Kenya,1979,Executive,no,no,no,no,yes,no,no,no,no,no,yes,yes,yes,,,no,yes,no,yes,yes,yes,,,no,no,,,no,no,,,,no,no,,,,,no,,,,Moi,Moi,no,,,no,no,yes,no,yes,yes,great britain,no,no,no,no,1979-11-08,SRC_NELDA
501-1983-0926-L1,KEN,Kenya,1983,Legislative/Parliamentary,no,no,no,no,yes,yes,,,,no,yes,yes,yes,no,no,no,no,yes,yes,no,,,,no,no,,no,yes,no,,,,no,no,,,,,,,,,Moi,Moi,no,,,no,no,yes,no,no,yes,"us, world bank",no,no,no,no,1983-09-26,SRC_NELDA
501-1983-0926-P1,KEN,Kenya,1983,Executive,no,no,no,no,no,yes,no,yes,no,no,yes,yes,yes,yes,no,no,no,yes,yes,yes,yes,,yes,no,no,,no,yes,no,,,no,no,no,,,,,no,,,,Moi,Moi,no,,,no,no,yes,no,no,yes,"us, world bank",no,no,no,no,1983-09-26,SRC_NELDA
501-1988-0229-P1,KEN,Kenya,1988,Executive,no,no,no,no,no,no,no,yes,no,no,yes,yes,yes,no,no,yes,yes,no,yes,yes,yes,,yes,no,no,,no,no,no,,,no,no,no,,,,,no,,,,Moi,Moi,no,,,no,no,no,,,yes,us,no,no,no,no,1988-02-29,SRC_NELDA
501-1988-0321-L1,KEN,Kenya,1988,Legislative/Parliamentary,yes,no,no,no,yes,,,,,no,yes,yes,yes,yes,yes,no,no,no,yes,no,,,,,no,,no,yes,no,,,,no,no,,,,,,,,,Moi,Moi,no,,,no,no,yes,no,no,yes,"us, world bank",no,no,no,no,1988-03-21,SRC_NELDA
501-1992-1229-L1,KEN,Kenya,1992,Legislative/Parliamentary,yes,yes,yes,yes,yes,,,,,no,yes,unclear,no,no,yes,yes,no,yes,yes,no,,,,no,no,,yes,yes,yes,yes,yes,yes,yes,no,,,,,no,,,,Moi,Moi,yes,yes,yes,no,no,no,,,yes,"us, great britain, germany, world bank",no,yes,yes,no,1992-12-29,SRC_NELDA
501-1992-1229-P1,KEN,Kenya,1992,Executive,yes,yes,yes,yes,yes,,no,no,no,no,yes,no,no,no,yes,yes,no,yes,yes,yes,yes,,,no,no,,no,yes,yes,yes,yes,yes,yes,no,,,,,no,,,,Moi,Moi,yes,yes,yes,no,no,no,,,unclear,"us, great britain, germany, world bank",no,yes,yes,no,1992-12-29,SRC_NELDA
501-1994-0627-L1,KEN,Kenya,1994,Legislative/Parliamentary,yes,no,yes,yes,yes,,,,,no,yes,yes,no,no,yes,yes,no,yes,yes,no,no,no,,no,no,,yes,yes,no,,,no,yes,,,,yes,yes,no,,,,Moi,Moi,yes,yes,yes,no,no,no,,,unclear,"us, great britain, germany, world bank",no,no,no,no,1994-06-27,SRC_NELDA
501-1997-1229-L1,KEN,Kenya,1997,Legislative/Parliamentary,no,no,yes,yes,yes,no,,,,no,yes,yes,no,no,yes,yes,no,yes,yes,no,,,,no,no,,yes,yes,yes,no,yes,no,yes,no,,,,,no,,,,Moi,Moi,yes,yes,yes,no,no,no,,,yes,"us, great britain, germany, world bank",no,yes,yes,no,1997-12-29,SRC_NELDA
501-1997-1229-P1,KEN,Kenya,1997,Executive,no,no,yes,yes,yes,no,no,no,no,no,yes,no,no,no,yes,yes,no,yes,yes,yes,yes,,,no,no,,yes,yes,yes,no,yes,no,yes,no,,,,,no,,,,Moi,Moi,yes,yes,yes,no,no,no,,,yes,"us, great britain, germany, world bank",no,no,no,no,1997-12-29,SRC_NELDA
501-2002-1227-L1,KEN,Kenya,2002,Legislative/Parliamentary,no,no,yes,yes,yes,no,,,,no,yes,no,no,no,yes,no,no,yes,yes,no,no,yes,no,yes,yes,no,yes,yes,no,,,no,yes,no,,,,,,,,,moi,mwai kibaki,yes,yes,no,no,no,no,no,yes,yes,"us, great britain, germany, world bank",no,no,no,no,2002-12-27,SRC_NELDA
501-2002-1227-P1,KEN,Kenya,2002,Executive,no,no,yes,yes,yes,no,yes,yes,no,no,yes,no,no,no,yes,no,no,yes,yes,yes,no,yes,no,yes,yes,no,yes,yes,no,,,no,yes,no,,,,,yes,yes,no,no,Moi,Mwai Kibaki,yes,yes,no,no,no,no,no,yes,yes,"us, great britain, germany, world bank",no,no,no,no,2002-12-27,SRC_NELDA
501-2007-1227-L1,KEN,Kenya,2007,Legislative/Parliamentary,no,no,yes,yes,yes,no,,,,no,no,no,no,no,no,no,no,no,no,no,,,,yes,yes,no,yes,no,yes,yes,no,no,yes,,,,,,no,,,,Mwai Kibaki,Mwai Kibaki,yes,yes,no,no,no,yes,no,no,yes,"UK, EU, US",no,no,no,no,2007-12-27,SRC_NELDA
501-2007-1227-P1,KEN,Kenya,2007,Executive,no,no,yes,yes,yes,no,no,no,no,no,no,no,yes,no,no,no,no,no,no,yes,yes,,yes,no,yes,no,yes,yes,yes,yes,no,no,yes,no,,,,,no,,,,Mwai Kibaki,Mwai Kibaki,yes,yes,yes,no,no,yes,no,no,yes,"UK, EU, US",no,no,no,no,2007-12-27,SRC_NELDA
510-1962-1101-P1,TZA,Tanzania,1962,Executive,yes,yes,yes,yes,yes,,yes,no,no,no,yes,yes,no,no,no,no,no,no,unclear,yes,,,,,no,,yes,no,no,,,,no,,,,,,yes,yes,no,no,Nyerere,Nyerere,no,,,no,no,yes,no,no,yes,uk,no,no,no,no,1962-11-01,SRC_NELDA
510-1965-0930-L1,TZA,Tanzania,1965,Legislative/Parliamentary,no,no,yes,no,yes,yes,,,,no,no,yes,yes,no,no,no,no,no,unclear,no,,,,no,no,,no,no,no,,,,no,no,,,,,no,,,,Nyerere,Nyerere,no,,,no,no,yes,no,no,yes,uk,no,no,no,no,1965-09-30,SRC_NELDA
510-1965-0930-P1,TZA,Tanzania,1965,Executive,no,no,yes,no,no,yes,no,no,no,no,no,yes,yes,no,no,no,no,no,unclear,yes,yes,,,no,no,,no,no,no,,,,no,no,,,,,no,,,,Nyerere,Nyerere,no,,,no,no,yes,no,no,yes,uk,no,no,no,no,1965-09-30,SRC_NELDA
510-1970-1030-L1,TZA,Tanzania,1970,Legislative/Parliamentary,no,no,no,no,yes,no,,,,no,yes,yes,yes,no,no,,no,no,yes,no,,,,,no,,,no,no,,,no,no,no,,,,,no,,,,Nyerere,Nyerere,no,,,no,no,yes,no,no,yes,united states,no,no,no,no,1970-10-30,SRC_NELDA
510-1970-1030-P1,TZA,Tanzania,1970,Executive,no,no,no,no,no,no,no,no,no,no,yes,yes,yes,no,no,no,no,no,yes,yes,yes,,,,no,,,no,no,,,no,no,no,,,,,no,,,,Nyerere,Nyerere,no,,,no,no,yes,no,no,yes,united states,no,no,no,no,1970-10-30,SRC_NELDA
510-1975-1026-L1,TZA,Tanzania,1975,Legislative/Parliamentary,no,no,no,no,yes,no,,,,no,yes,yes,yes,no,no,yes,no,no,yes,no,,,,,no,,,no,no,,,no,no,no,,,,,no,,,,Nyerere,Nyerere,no,,,no,no,yes,no,no,yes,united states,no,no,no,no,1975-10-26,SRC_NELDA
510-1975-1026-P1,TZA,Tanzania,1975,Executive,no,no,no,no,no,no,no,no,no,no,yes,yes,yes,no,no,no,no,no,yes,yes,yes,,,,no,,,no,no,,,no,no,no,,,,,no,,,,Nyerere,Nyerere,no,,,no,no,yes,no,no,yes,united states,no,no,no,no,1975-10-26,SRC_NELDA
510-1980-1026-L1,TZA,Tanzania,1980,Legislative/Parliamentary,no,no,no,no,yes,no,,,,no,no,yes,yes,yes,no,no,no,no,yes,no,,,,no,no,,no,no,no,,,,no,no,,,,,,,,,Nyerere,Nyerere,no,,,no,no,yes,no,no,yes,"britain, sweden",no,no,no,no,1980-10-26,SRC_NELDA
510-1980-1026-P1,TZA,Tanzania,1980,Executive,no,no,no,no,no,no,no,no,no,no,yes,yes,,,,yes,no,yes,yes,yes,yes,,,no,no,,,yes,no,,,,no,no,,,,,no,,,,Nyerere,Nyerere,no,,,no,no,no,no,no,yes,UK,no,no,no,no,1980-10-26,SRC_NELDA
510-1985-1027-L1,TZA,Tanzania,1985,Legislative/Parliamentary,no,no,no,no,yes,no,,,,no,no,yes,yes,yes,no,no,no,no,yes,no,,,,no,no,,no,no,no,,,,no,no,,,,,,,,,Nyerere,Mwinyi,no,,,no,no,yes,no,no,yes,"britain, sweden, us, imf",no,no,no,no,1985-10-27,SRC_NELDA
510-1985-1027-P1,TZA,Tanzania,1985,Executive,no,no,no,no,no,no,yes,no,no,no,yes,yes,,,,yes,no,yes,yes,yes,no,yes,yes,no,no,,,yes,no,,,,no,no,,,,,yes,yes,no,no,Nyerere,Mwinyi,no,,,no,no,no,no,no,yes,UK,no,no,no,no,1985-10-27,SRC_NELDA
510-1990-1028-L1,TZA,Tanzania,1990,Legislative/Parliamentary,no,no,yes,no,yes,no,,,,no,yes,yes,yes,no,no,no,no,yes,yes,no,,,,no,no,,no,yes,no,,,no,no,no,,,,,no,,,,Mwinyi,Mwinyi,no,,,no,yes,yes,no,no,yes,egypt,no,no,no,no,1990-10-28,SRC_NELDA
510-1990-1028-P1,TZA,Tanzania,1990,Executive,yes,no,no,no,no,,no,no,no,no,yes,yes,yes,,no,no,no,yes,yes,yes,yes,,,no,yes,yes,no,no,no,,,no,no,no,,,,,no,,,,Mwinyi,Mwinyi,no,,,no,no,yes,no,no,yes,egypt,no,no,no,no,1990-10-28,SRC_NELDA
510-1995-1029-L1,TZA,Tanzania,1995,Legislative/Parliamentary,no,yes,yes,yes,yes,no,,,,no,no,no,no,no,no,no,no,yes,yes,no,no,no,,yes,no,,yes,no,no,,,,no,,,,no,,,,,,Mwinyi,Mwinyi,yes,yes,no,no,no,yes,no,no,yes,"us, uk, imf, world bank",no,no,yes,no,1995-10-29,SRC_NELDA
510-1995-1029-P1,TZA,Tanzania,1995,Executive,no,yes,yes,yes,yes,no,yes,yes,no,no,no,no,no,no,no,yes,no,yes,yes,yes,no,no,,no,no,,yes,yes,no,,,no,no,no,,,,,yes,no,no,no,Mwinyi,Mkapa,yes,yes,no,no,no,yes,no,no,yes,"us, uk, imf, world bank",no,no,yes,no,1995-10-29,SRC_NELDA
510-2000-1029-L1,TZA,Tanzania,2000,Legislative/Parliamentary,no,no,yes,yes,yes,no,,,,no,yes,yes,no,no,no,no,no,no,yes,no,,,,no,no,,no,yes,yes,yes,no,,no,no,,,,,no,,,,Mkapa,Mkapa,yes,yes,yes,no,no,yes,no,no,yes,"oau, un",no,no,no,no,2000-10-29,SRC_NELDA
510-2000-1029-L2,TZA,Tanzania,2000,Legislative/Parliamentary,no,no,yes,yes,yes,no,,,,no,yes,yes,no,yes,no,no,no,no,yes,no,,,,no,no,,no,yes,yes,yes,no,,no,no,,,,,no,,,,Mkapa,Mkapa,yes,yes,yes,no,no,yes,no,no,yes,"oau, un",no,no,no,no,2000-11-05,SRC_NELDA
510-2000-1029-P1,TZA,Tanzania,2000,Executive,no,no,yes,yes,yes,no,no,no,no,no,yes,yes,no,no,no,no,no,no,yes,yes,yes,,,no,no,,no,yes,yes,yes,no,,no,no,,,,,no,,,,Mkapa,Mkapa,yes,yes,no,no,no,yes,no,no,yes,"oau, un",no,no,no,no,2000-10-29,SRC_NELDA
510-2005-1214-L1,TZA,Tanzania,2005,Legislative/Parliamentary,no,no,yes,yes,yes,yes,,,,no,no,no,no,no,no,no,yes,no,yes,no,,,,no,yes,,yes,no,no,,,no,no,no,,,,,yes,yes,no,no,mkapa,kikwete,yes,no,no,no,no,yes,no,no,yes,u.s.,no,no,no,no,2005-12-14,SRC_NELDA
510-2005-1214-P1,TZA,Tanzania,2005,Executive,no,no,yes,yes,yes,yes,yes,yes,no,no,no,no,no,no,no,no,yes,no,yes,yes,no,no,,no,yes,,no,no,no,,,no,no,no,,,,,yes,yes,no,no,mkapa,kikwete,yes,no,no,no,no,yes,no,no,yes,u.s.,no,no,no,no,2005-12-14,SRC_NELDA
510-2010-1031-L1,TZA,Tanzania,2010,Legislative/Parliamentary,no,no,yes,yes,yes,no,no,no,no,no,no,no,no,no,no,no,yes,no,yes,no,,,,no,yes,yes,yes,,no,,,,no,no,,,,,no,,,,Kilwete,Kilwete,yes,yes,no,no,no,yes,no,no,yes,US,no,no,no,no,2010-10-31,SRC_NELDA
510-2010-1031-P1,TZA,Tanzania,2010,Executive,no,no,yes,yes,yes,no,no,no,no,no,no,no,no,no,no,no,yes,no,yes,yes,yes,,,no,yes,yes,yes,,no,,,,no,no,,,,,no,,,,Kilwete,Kilwete,yes,yes,no,no,no,yes,no,no,yes,US,no,no,no,no,2010-10-31,SRC_NELDA
516-1965-0510-L1,BDI,Burundi,1965,Legislative/Parliamentary,no,no,yes,yes,yes,no,,no,,no,no,yes,no,no,no,no,no,no,yes,no,,,,no,no,,yes,,yes,no,yes,,yes,yes,yes,no,no,,no,,,,mwambutsa,mwambutsa,no,,,no,no,yes,no,yes,yes,belgium,no,yes,no,no,1965-05-10,SRC_NELDA
516-1981-1118-A1,BDI,Burundi,1981,Constituent Assembly,yes,no,no,no,yes,,,,,no,no,,,,,no,no,no,yes,no,no,no,,,no,,no,no,no,,,,no,,,,,,no,,,,Bagaza,Bagaza,no,,,no,no,no,,,yes,"wto, un, au",no,no,no,no,1981-11-18,SRC_NELDA
516-1982-1022-L1,BDI,Burundi,1982,Legislative/Parliamentary,yes,no,no,no,yes,,,,,no,no,yes,yes,no,no,no,no,no,yes,no,no,no,,no,no,,no,no,no,,,,no,no,,,,,,,,,Bagaza,Bagaza,no,,,no,no,no,,,yes,"imf, un, au",no,no,no,no,1982-10-22,SRC_NELDA
516-1984-0831-P1,BDI,Burundi,1984,Executive,yes,no,no,no,no,,no,no,yes,no,yes,yes,yes,yes,no,yes,no,no,yes,yes,yes,,,no,no,,no,no,no,,,,no,no,,,,,no,,,,Bagaza,Bagaza,yes,no,no,no,no,yes,no,no,yes,"usa, un",no,no,no,no,1984-08-31,SRC_NELDA
516-1993-0601-P1,BDI,Burundi,1993,Executive,yes,yes,yes,yes,yes,,no,no,no,no,no,yes,no,no,no,no,no,yes,yes,yes,yes,,,yes,yes,yes,yes,,yes,no,no,no,no,no,,,,,yes,yes,no,no,Buyoya,Ndadaye,yes,yes,no,no,no,yes,no,no,yes,"imf, us, europe",no,no,no,no,1993-06-01,SRC_NELDA
516-1993-0629-L1,BDI,Burundi,1993,Legislative/Parliamentary,yes,no,yes,yes,yes,,,,,no,no,no,no,no,no,no,no,yes,yes,no,,,,yes,unclear,,yes,,no,,,no,no,no,,,,,,,,,Buyoya,Ndadaye,yes,yes,no,no,no,yes,no,no,yes,"imf, us, europe",no,no,no,no,1993-06-29,SRC_NELDA
516-2005-0704-L1,BDI,Burundi,2005,Legislative/Parliamentary,yes,no,yes,yes,yes,,,,,no,no,no,no,no,no,no,yes,no,yes,no,,,,,yes,no,yes,no,no,,,no,no,no,,,,,yes,no,no,no,ndayizeye,nkurunziza,yes,no,no,no,no,yes,no,no,yes,"un, wto",no,no,no,no,2005-07-04,SRC_NELDA
516-2010-0628-P1,BDI,Burundi,2010,Executive,yes,no,yes,yes,no,,no,no,no,no,yes,yes,no,yes,yes,yes,no,no,yes,yes,yes,,,no,no,,no,yes,yes,yes,yes,,yes,no,,,,,no,,,,Nkurunziza,Nkurunziza,yes,yes,no,no,no,yes,no,no,yes,EU,no,no,no,no,2010-06-28,SRC_NELDA
516-2010-0723-L1,BDI,Burundi,2010,Legislative/Parliamentary,no,no,yes,yes,yes,no,,,,no,yes,yes,no,yes,yes,yes,no,no,yes,no,,,,no,no,,no,yes,no,,,no,no,no,,,,,,,,,Nkurunziza,Nkurunziza,yes,yes,no,no,no,yes,no,no,yes,EU,no,no,no,no,2010-07-23,SRC_NELDA
517-1965-1003-L1,RWA,Rwanda,1965,Legislative/Parliamentary,no,no,no,no,yes,no,,no,,no,yes,yes,,,yes,yes,yes,no,yes,no,,,,no,no,,,no,yes,no,yes,,yes,no,,,,,,,,,kayibanda,kayibanda,no,,,no,no,no,,,yes,belgium,no,yes,no,no,1965-10-03,SRC_NELDA
517-1965-1003-P1,RWA,Rwanda,1965,Executive,no,no,no,no,no,no,no,no,no,no,yes,yes,,,yes,yes,yes,no,yes,yes,yes,,,no,no,,,no,yes,no,yes,,yes,no,,,,,no,,,,kayibanda,kayibanda,no,,,no,no,no,,,yes,belgium,no,yes,no,no,1965-10-03,SRC_NELDA
517-1969-0928-L1,RWA,Rwanda,1969,Legislative/Parliamentary,no,no,no,no,yes,no,,no,,no,yes,yes,,,yes,yes,yes,no,yes,no,,,,no,no,,,no,no,,,,no,no,,,,,,,,,kayibanda,kayibanda,no,,,no,no,no,,,yes,belgium,no,yes,no,no,1969-09-28,SRC_NELDA
517-1969-0928-P1,RWA,Rwanda,1969,Executive,no,no,no,no,no,no,no,no,no,no,yes,yes,,,yes,yes,yes,no,yes,yes,yes,,,no,no,,,no,no,,,,no,no,,,,,no,,,,kayibanda,kayibanda,no,,,no,no,no,,,yes,belgium,no,yes,no,no,1969-09-28,SRC_NELDA
517-1978-1224-P1,RWA,Rwanda,1978,Executive,yes,no,no,no,no,,no,no,no,no,yes,yes,yes,,,yes,no,no,yes,yes,yes,,,,no,,,yes,no,,,,no,no,,,,,no,,,,Habyarimana,Habyarimana,no,,,no,no,yes,no,no,yes,Belgium,no,no,no,no,1978-12-24,SRC_NELDA
517-1981-1228-L1,RWA,Rwanda,1981,Legislative/Parliamentary,no,no,no,no,yes,no,,,,no,no,yes,yes,no,no,no,no,no,yes,no,,,,no,no,,no,no,no,,,,no,no,,,,,,,,,Habyarimana,Habyarimana,no,,,no,no,yes,no,no,yes,us,no,no,no,no,1981-12-28,SRC_NELDA
517-1983-1219-P1,RWA,Rwanda,1983,Executive,no,no,no,no,no,no,no,yes,yes,no,no,yes,yes,no,no,no,no,no,yes,yes,yes,,no,no,no,,no,no,no,,,no,no,no,,,,,no,,,,Habyarimana,Habyarimana,no,,,no,no,yes,no,no,yes,us,no,no,no,no,1983-12-19,SRC_NELDA
517-1983-1226-L1,RWA,Rwanda,1983,Legislative/Parliamentary,no,no,no,no,yes,no,,,,no,no,yes,yes,no,no,no,no,no,yes,no,,,,no,no,,no,no,no,,,,no,no,,,,,,,,,Habyarimana,Habyarimana,no,,,no,no,yes,no,no,yes,us,no,no,no,no,1983-12-26,SRC_NELDA
517-1988-1219-P1,RWA,Rwanda,1988,Executive,no,no,no,no,no,no,no,yes,yes,no,no,yes,yes,no,no,no,no,no,yes,yes,yes,,no,no,no,,no,no,no,,,no,no,no,,,,,no,,,,Habyarimana,Habyarimana,no,,,no,no,yes,no,no,yes,us,no,no,no,no,1988-12-19,SRC_NELDA
517-1988-1226-L1,RWA,Rwanda,1988,Legislative/Parliamentary,no,no,no,no,yes,no,,,,no,no,yes,yes,no,no,no,no,no,yes,no,,,,no,no,,no,no,no,,,,no,no,,,,,,,,,Habyarimana,Habyarimana,no,,,no,no,yes,no,no,yes,us,no,no,no,no,1988-12-26,SRC_NELDA
517-2003-0825-P1,RWA,Rwanda,2003,Executive,yes,no,yes,yes,yes,,no,no,no,yes,yes,yes,yes,no,yes,yes,no,yes,yes,yes,yes,,,no,yes,yes,no,yes,no,,,no,no,no,,,,,no,,,,Paul Kagame,Paul Kagame,yes,yes,yes,no,no,yes,no,no,yes,"un, us, eu",no,no,no,no,2003-08-25,SRC_NELDA
517-2003-0929-L1,RWA,Rwanda,2003,Legislative/Parliamentary,yes,no,yes,yes,yes,,,,,yes,yes,yes,yes,no,yes,yes,no,yes,yes,no,,,,no,yes,yes,no,yes,no,,,no,no,no,,,,,,,,,Paul Kagame,Paul Kagame,yes,yes,yes,no,no,yes,no,no,yes,"un, us, eu",no,no,no,no,2003-09-29,SRC_NELDA
517-2008-0915-L1,RWA,Rwanda,2008,Legislative/Parliamentary,no,no,no,yes,yes,no,,,,no,no,yes,no,yes,,no,yes,no,yes,no,,,,no,no,,no,,no,,,,no,no,,,,,,,,,Paul Kagame,Paul Kagame,yes,yes,no,no,no,yes,no,no,yes,"Germany, belgium",no,no,no,no,2008-09-15,SRC_NELDA
517-2010-0809-P1,RWA,Rwanda,2010,Executive,no,no,no,yes,yes,no,no,no,no,no,yes,yes,,,yes,no,yes,no,yes,yes,yes,,,no,no,,,yes,yes,no,yes,,no,no,,,,,no,,,,Paul Kagame,Paul Kagame,yes,yes,yes,no,no,yes,no,no,yes,"Germany, belgium, US",no,no,no,no,2010-08-09,SRC_NELDA
520-1964-0330-L1,SOM,Somalia,1964,Legislative/Parliamentary,no,no,yes,yes,yes,no,,no,,no,no,yes,no,no,no,no,yes,no,yes,no,,,,no,no,,,no,no,,,,no,no,,,,,no,,,,osman,osman,no,,,no,no,no,no,no,yes,italy,no,no,no,no,1964-03-30,SRC_NELDA
520-1969-0326-L1,SOM,Somalia,1969,Legislative/Parliamentary,no,no,yes,yes,yes,no,,no,,no,no,yes,yes,no,yes,no,yes,no,yes,no,,,,no,no,,no,yes,yes,yes,no,,yes,no,,,,,no,,,,shermarke,shermarke,no,,,no,no,no,no,no,yes,italy,no,no,no,no,1969-03-26,SRC_NELDA
520-1979-1230-L1,SOM,Somalia,1979,Legislative/Parliamentary,yes,no,no,no,no,,,,,no,yes,yes,yes,no,no,yes,no,no,yes,no,,,,no,no,,no,no,no,,,,no,no,,,,,,,,,siad barre,siad barre,no,,,no,no,yes,no,no,yes,"west germany, usa",no,no,no,no,1979-12-30,SRC_NELDA
520-1985-0101-L1,SOM,Somalia,1985,Legislative/Parliamentary,no,no,no,no,yes,no,,,,no,no,yes,,,,,no,no,yes,no,,,,,no,,no,no,no,,,,no,no,,,,,,,,,Siad Barre,Siad Barre,no,,,no,no,yes,no,no,yes,us,no,no,no,no,1985-01-01,SRC_NELDA
520-1986-1223-P1,SOM,Somalia,1986,Executive,yes,no,no,no,no,,no,yes,no,no,no,yes,yes,no,no,yes,no,no,yes,yes,yes,,no,no,no,,no,no,no,,,no,no,no,,,,,no,,,,Siad Barre,Siad Barre,no,,,no,no,yes,no,no,yes,us,no,no,no,no,1986-12-23,SRC_NELDA
522-1981-0612-P1,DJI,Djibouti,1981,Executive,yes,no,no,no,no,,no,yes,no,no,no,yes,yes,no,no,no,no,no,yes,yes,yes,,no,no,no,,no,no,no,,,no,no,no,,,,,no,,,,Gouled Aptidon,Gouled Aptidon,no,,,no,no,yes,no,no,yes,us,no,no,no,no,1981-06-12,SRC_NELDA
522-1982-0521-L1,DJI,Djibouti,1982,Legislative/Parliamentary,yes,no,no,no,yes,,,,,no,yes,yes,yes,yes,yes,yes,no,no,yes,no,,,,,no,,no,yes,no,,,,no,no,,,,,,,,,Gouled Aptidon,Gouled Aptidon,no,,,no,no,yes,no,no,yes,us,no,no,no,no,1982-05-21,SRC_NELDA
522-1987-0424-L1,DJI,Djibouti,1987,Legislative/Parliamentary,no,no,no,no,yes,no,,,,no,yes,yes,yes,yes,no,yes,no,no,yes,no,,,,no,yes,yes,no,no,no,,,,no,no,,,,,,,,,Gouled Aptidon,Gouled Aptidon,no,,,no,no,yes,no,no,yes,us,no,no,no,no,1987-04-24,SRC_NELDA
522-1987-0424-P1,DJI,Djibouti,1987,Executive,no,no,no,no,no,no,no,yes,no,no,yes,yes,yes,no,no,yes,no,no,yes,yes,yes,,no,no,yes,yes,no,no,no,,,no,no,no,,,,,no,,,,Gouled Aptidon,Gouled Aptidon,no,,,no,no,yes,no,no,yes,us,no,no,no,no,1987-04-24,SRC_NELDA
522-1992-1218-L1,DJI,Djibouti,1992,Legislative/Parliamentary,yes,yes,yes,yes,yes,,,,,no,yes,yes,yes,yes,no,no,unclear,unclear,yes,no,,,,no,unclear,,no,yes,no,,,no,no,no,,,,,,,,,Gouled Aptidon,Gouled Aptidon,yes,yes,no,no,no,yes,no,no,yes,france,no,no,no,no,1992-12-18,SRC_NELDA
522-1993-0507-P1,DJI,Djibouti,1993,Executive,no,no,yes,yes,yes,no,no,no,no,no,yes,unclear,no,yes,no,no,unclear,unclear,yes,yes,yes,,,no,unclear,,no,yes,no,,,no,no,no,,,,,no,,,,Gouled Aptidon,Gouled Aptidon,yes,unclear,,no,no,yes,no,no,yes,france,no,no,no,no,1993-05-07,SRC_NELDA
522-1997-1219-L1,DJI,Djibouti,1997,Legislative/Parliamentary,no,no,yes,yes,yes,no,,,,no,yes,yes,yes,yes,no,no,no,yes,yes,no,,,,no,unclear,,no,yes,no,,,no,no,no,,,,,,,,,Gouled Aptidon,Gouled Aptidon,no,no,,no,no,yes,no,no,yes,france,no,no,no,no,1997-12-19,SRC_NELDA
522-1999-0409-P1,DJI,Djibouti,1999,Executive,no,no,yes,yes,yes,no,yes,no,no,no,yes,yes,no,no,yes,yes,no,yes,yes,yes,no,yes,yes,no,unclear,,no,yes,no,,,no,no,no,,,,,yes,yes,no,no,Gouled Aptidon,Guelleh,yes,yes,no,no,no,yes,no,no,yes,france,no,no,no,no,1999-04-09,SRC_NELDA
522-2003-0110-L1,DJI,Djibouti,2003,Legislative/Parliamentary,no,no,yes,yes,yes,yes,,,,no,yes,unclear,no,no,no,no,no,yes,no,no,,,,no,unclear,,no,yes,no,,,no,no,no,,,,,,,,,Guelleh,Guelleh,yes,yes,no,no,no,yes,no,no,yes,france,no,no,no,no,2003-01-10,SRC_NELDA
522-2005-0408-P1,DJI,Djibouti,2005,Executive,no,no,yes,yes,no,no,no,no,no,no,yes,yes,no,yes,no,no,yes,yes,yes,yes,yes,,,no,yes,yes,no,no,yes,no,yes,no,no,no,,,,,no,,,,guelleh,guelleh,yes,yes,no,no,no,yes,no,no,yes,"u.s., france",no,no,no,no,2005-04-08,SRC_NELDA
522-2008-0208-L1,DJI,Djibouti,2008,Legislative/Parliamentary,no,no,yes,yes,yes,no,,,,no,yes,yes,no,yes,yes,yes,no,no,yes,no,,,,no,no,,no,,no,,,,no,no,,,,,,,,,Guelleh,Guelleh,yes,no,,no,no,yes,no,no,yes,"France, US",no,no,no,no,2008-02-08,SRC_NELDA
530-1957-0911-L1,ETH,Ethiopia,1957,Legislative/Parliamentary,yes,no,yes,no,yes,,,,,no,no,no,no,no,no,no,no,yes,yes,no,,,,,no,,yes,,no,,,no,no,no,,,,,,,,,Selassie,Selassie,no,,,no,no,yes,no,no,yes,UK,no,no,no,no,1957-09-11,SRC_NELDA
530-1961-0616-L1,ETH,Ethiopia,1961,Legislative/Parliamentary,no,no,no,no,yes,no,,no,,no,no,,,,,,yes,no,yes,no,,,,,no,,,,no,,,,no,,,,,,,,,,selassie,selassie,no,,,no,no,no,no,no,yes,us,no,no,yes,no,1961-06-16,SRC_NELDA
530-1965-0623-L1,ETH,Ethiopia,1965,Legislative/Parliamentary,no,no,no,no,yes,no,,no,,no,no,,,,,,yes,no,yes,no,,,,,no,,,,no,,,,no,,,,,,,,,,selassie,selassie,no,,,no,no,no,no,no,yes,us,no,no,yes,no,1965-06-23,SRC_NELDA
530-1969-0623-L1,ETH,Ethiopia,1969,Legislative/Parliamentary,no,no,no,no,yes,no,,no,,no,no,,,,,,no,yes,yes,no,,,,,no,,,,no,,,,no,,,,,,,,,,selassie,selassie,no,,,no,no,no,no,no,yes,us,no,no,yes,no,1969-06-23,SRC_NELDA
530-1973-0623-L1,ETH,Ethiopia,1973,Legislative/Parliamentary,no,no,no,no,yes,no,,no,,no,no,,,,,,no,yes,no,no,,,,,,,,,no,,,,no,,,,,,,,,,Selassie,Selassie,no,,,no,no,no,no,no,yes,us,no,no,no,no,1973-06-23,SRC_NELDA
530-1987-0201-A1,ETH,Ethiopia,1987,Constituent Assembly,yes,no,no,no,yes,,,,,no,no,,,,,no,no,no,yes,no,,,,,no,,no,no,no,,,,no,,,,,,,,,,Mengistu Marriam,Mengistu Marriam,no,,,no,no,no,,,no,,,,no,no,1987-02-01,SRC_NELDA
530-1987-0614-L1,ETH,Ethiopia,1987,Legislative/Parliamentary,yes,no,no,no,yes,,,,,no,no,no,yes,yes,no,yes,no,no,yes,no,,,,,no,,no,yes,unclear,,,,no,no,,,,,,,,,Mengistu Marriam,Mengistu Marriam,no,,,no,no,no,,,no,,,,no,no,1987-06-14,SRC_NELDA
530-1994-0605-A1,ETH,Ethiopia,1994,Constituent Assembly,yes,no,yes,yes,yes,,,,,yes,yes,yes,no,yes,yes,no,no,yes,yes,no,,,,no,unclear,,no,yes,no,,,no,no,no,,,,,,,,,Meles Zenawi,Meles Zenawi,yes,yes,no,no,no,yes,no,no,unclear,,,,no,yes,1994-06-05,SRC_NELDA
530-1994-0605-A2,ETH,Ethiopia,1994,Constituent Assembly,yes,no,yes,yes,yes,,,,,yes,yes,yes,no,yes,yes,yes,no,yes,yes,no,,,,no,unclear,,no,yes,no,,,no,no,no,,,,,,,,,Meles Zenawi,Meles Zenawi,yes,yes,no,no,no,yes,no,no,unclear,,,,no,yes,1994-08-28,SRC_NELDA
530-1995-0507-L1,ETH,Ethiopia,1995,Legislative/Parliamentary,yes,no,yes,yes,yes,,no,no,no,yes,yes,yes,no,yes,yes,yes,no,yes,yes,yes,yes,,,no,unclear,,no,yes,no,,,no,yes,no,,,,,no,,,,Meles Zenawi,Meles Zenawi,yes,yes,no,no,no,yes,no,no,unclear,,,,no,no,1995-05-07,SRC_NELDA
530-2000-0514-L1,ETH,Ethiopia,2000,Legislative/Parliamentary,no,no,yes,yes,yes,no,no,no,no,no,yes,yes,no,no,yes,no,no,yes,yes,yes,yes,,,no,unclear,,yes,yes,no,,,no,no,no,,,,,no,,,,Meles Zenawi,Meles Zenawi,yes,yes,no,no,no,yes,no,no,unclear,,,,no,no,2000-05-14,SRC_NELDA
530-2005-0515-L1,ETH,Ethiopia,2005,Legislative/Parliamentary,no,no,yes,yes,yes,no,no,no,no,no,no,yes,yes,no,yes,yes,yes,yes,yes,yes,yes,,,no,yes,no,yes,yes,yes,yes,yes,no,yes,no,,,,,no,,,,meles zenawi,meles zenawi,yes,yes,yes,no,no,yes,no,no,yes,u.s.,no,no,yes,yes,2005-05-15,SRC_NELDA
530-2010-0523-L1,ETH,Ethiopia,2010,Legislative/Parliamentary,no,no,yes,yes,yes,no,,,,no,yes,yes,yes,no,yes,yes,yes,no,yes,no,,,,no,no,,no,yes,no,,,,no,no,,,,,no,,,,Girma Wolde-Giorgis,Girma Wolde-Giorgis,yes,yes,yes,no,no,yes,no,no,yes,"US, World Bank, EU",no,no,no,no,2010-05-23,SRC_NELDA
540-1992-0929-L1,AGO,Angola,1992,Legislative/Parliamentary,yes,yes,yes,yes,yes,,,,,no,yes,no,no,no,yes,unclear,no,yes,yes,no,,,,no,yes,no,no,,yes,yes,yes,no,yes,no,,,,,,,,,Dos Santos,Dos Santos,yes,yes,no,no,no,no,no,yes,yes,"un, ec, us",no,yes,no,no,1992-09-29,SRC_NELDA
540-1992-0929-P1,AGO,Angola,1992,Executive,yes,yes,yes,yes,yes,,no,no,no,no,yes,no,no,no,yes,unclear,no,yes,yes,yes,yes,,,no,yes,no,no,,yes,yes,yes,no,yes,no,,,,,no,,,,Dos Santos,Dos Santos,yes,yes,no,no,no,no,no,yes,yes,"un, ec, us",no,yes,no,no,1992-09-29,SRC_NELDA
540-2008-0905-L1,AGO,Angola,2008,Legislative/Parliamentary,yes,no,yes,yes,yes,,,,,no,yes,yes,no,no,yes,yes,yes,no,yes,no,,,,no,no,,no,yes,no,,,,yes,no,,,,,,,,,Dos Santos,Dos Santos,yes,yes,no,no,no,yes,no,no,yes,"US, EU, Portugal, UN, Community of Portugese Speaking Countries.",no,no,no,no,2008-09-05,SRC_NELDA
541-1977-1201-L1,MOZ,Mozambique,1977,Legislative/Parliamentary,yes,no,no,no,no,,yes,,,yes,yes,yes,yes,no,yes,yes,no,no,no,no,,,,,no,,no,no,no,,,no,no,no,,,,,no,,,,Machel,Machel,no,,,no,no,no,,,no,,,,no,no,1977-12-01,SRC_NELDA
541-1986-0815-L1,MOZ,Mozambique,1986,Legislative/Parliamentary,no,no,no,no,yes,no,,,,no,yes,yes,yes,no,yes,no,no,yes,yes,no,,,,no,no,,no,no,no,,,no,yes,no,,,,,no,,,,Machel,Machel,no,,,no,no,no,no,no,yes,"portugal, south africa, imf, world bank, eec, swed",no,no,no,no,1986-08-15,SRC_NELDA
541-1994-1027-L1,MOZ,Mozambique,1994,Legislative/Parliamentary,yes,yes,yes,yes,yes,,,,,no,no,yes,no,no,no,unclear,no,yes,yes,no,,,,no,yes,yes,no,,no,,,no,no,no,,,,,,,,,Chissano,Chissano,yes,yes,no,no,no,yes,no,yes,yes,"un, us, eu",no,yes,no,no,1994-10-27,SRC_NELDA
541-1994-1027-P1,MOZ,Mozambique,1994,Executive,yes,yes,yes,yes,yes,,no,no,no,no,no,yes,no,no,no,unclear,no,yes,yes,yes,yes,,,no,yes,yes,no,,no,,,no,no,no,,,,,no,,,,Chissano,Chissano,yes,yes,no,no,no,yes,no,yes,yes,"un, us, eu",no,yes,no,no,1994-10-27,SRC_NELDA
541-1999-1203-L1,MOZ,Mozambique,1999,Legislative/Parliamentary,no,no,yes,yes,yes,no,,,,no,no,no,no,no,no,no,yes,no,yes,no,,,,no,yes,no,no,,no,,,no,no,no,,,,,,,,,Chissano,Chissano,yes,yes,no,no,no,yes,no,no,yes,"us, un, eu, imf, paris club, commonwealth",no,no,no,no,1999-12-03,SRC_NELDA
541-1999-1203-P1,MOZ,Mozambique,1999,Executive,no,no,yes,yes,yes,no,no,no,no,no,no,yes,no,no,no,no,yes,no,no,yes,yes,,,no,yes,yes,no,,no,,,no,no,no,,,,,no,,,,Chissano,Chissano,yes,yes,no,no,no,yes,no,no,yes,"us, un, eu, imf, paris club, commonwealth",no,no,no,no,1999-12-03,SRC_NELDA
541-2004-1201-L1,MOZ,Mozambique,2004,Legislative/Parliamentary,no,no,yes,yes,yes,no,,,,no,no,no,no,no,no,no,yes,no,yes,no,,,,no,yes,no,no,,no,,,no,no,no,,,,,,,,,Chissano,Chissano,yes,yes,no,no,no,yes,no,no,yes,"us, un, eu, imf, paris club, commonwealth",no,no,no,no,2004-12-01,SRC_NELDA
541-2004-1201-P1,MOZ,Mozambique,2004,Executive,no,no,yes,yes,yes,no,yes,no,no,no,no,no,no,no,no,no,yes,no,yes,yes,no,yes,yes,no,yes,no,no,,no,,,no,no,no,,,,,yes,yes,no,no,chissano,guebuza,yes,yes,no,no,no,yes,no,no,yes,"us, un, eu, imf, paris club, commonwealth",no,no,no,no,2004-12-01,SRC_NELDA
541-2009-1028-L1,MOZ,Mozambique,2009,Legislative/Parliamentary,no,yes,yes,yes,yes,no,no,no,no,no,no,no,yes,no,yes,no,yes,no,yes,no,,,,no,yes,yes,no,yes,no,,,,,no,,,,,no,,,,Guebuza,Guebuza,yes,yes,yes,no,no,yes,no,no,yes,"US, Portugal",no,no,no,no,2009-10-28,SRC_NELDA
541-2009-1028-P1,MOZ,Mozambique,2009,Executive,no,no,yes,yes,yes,no,no,no,no,no,no,no,no,no,no,no,yes,no,yes,yes,yes,,yes,no,yes,yes,no,yes,no,,,,no,no,,,,,no,,,,Guebuza,Guebuza,yes,yes,yes,no,no,yes,no,no,yes,"US, Portugal",no,no,no,no,2009-10-28,SRC_NELDA
551-1968-1219-L1,ZMB,Zambia,1968,Legislative/Parliamentary,no,no,yes,yes,yes,yes,,no,,no,yes,yes,yes,no,yes,yes,yes,no,yes,no,,,,no,no,,yes,no,no,,,,yes,no,,,,,,,,,Kaunda,Kaunda,no,,,no,no,,,,yes,great britain,yes,no,no,yes,1968-12-19,SRC_NELDA
551-1968-1219-P1,ZMB,Zambia,1968,Executive,yes,yes,yes,yes,yes,,no,no,no,no,yes,yes,yes,no,yes,yes,yes,no,yes,yes,yes,,,no,no,,no,no,no,,,,yes,no,,,,,no,,,,kaunda,kaunda,no,,,no,no,,,,yes,great britain,yes,no,no,yes,1968-12-19,SRC_NELDA
551-1973-1205-L1,ZMB,Zambia,1973,Legislative/Parliamentary,no,no,no,no,yes,no,,no,,no,yes,yes,yes,yes,yes,yes,no,no,yes,no,,,,no,yes,yes,no,yes,no,,,,no,no,,,,,,,,,Kaunda,Kaunda,no,,,no,no,yes,no,no,yes,"imf, world bank",no,no,no,no,1973-12-05,SRC_NELDA
551-1973-1205-P1,ZMB,Zambia,1973,Executive,no,no,no,no,no,no,no,no,no,no,yes,yes,yes,no,yes,yes,no,no,yes,yes,yes,,,no,yes,yes,,yes,no,,,,no,no,,,,,no,,,,Kaunda,Kaunda,no,,,no,no,yes,no,no,yes,"imf, world bank",no,no,no,no,1973-12-05,SRC_NELDA
551-1978-1212-L1,ZMB,Zambia,1978,Legislative/Parliamentary,no,no,no,no,yes,no,,no,,no,yes,yes,yes,yes,yes,yes,no,no,yes,no,,,,no,yes,yes,no,yes,no,,,,no,no,,,,,,,,,Kaunda,Kaunda,no,,,no,no,yes,no,no,yes,"imf, world bank",no,no,no,no,1978-12-12,SRC_NELDA
551-1978-1212-P1,ZMB,Zambia,1978,Executive,no,no,no,no,no,no,no,no,no,no,yes,yes,yes,no,yes,yes,no,no,yes,yes,yes,,,no,yes,yes,no,yes,no,,,,no,no,,,,,no,,,,Kaunda,Kaunda,no,,,,,yes,no,no,yes,"imf, world bank",no,no,no,no,1978-12-12,SRC_NELDA
551-1983-1027-L1,ZMB,Zambia,1983,Legislative/Parliamentary,no,no,no,no,yes,no,,,,no,yes,yes,yes,no,no,yes,no,yes,yes,no,,,,no,no,,no,no,no,,,no,no,no,,,,,no,,,,Kaunda,Kaunda,no,,,no,no,no,no,no,yes,the imf and world bank,no,no,no,no,1983-10-27,SRC_NELDA
551-1983-1027-P1,ZMB,Zambia,1983,Executive,no,no,no,no,no,no,no,no,yes,no,yes,yes,yes,no,no,yes,no,yes,yes,yes,yes,,no,no,no,,no,no,no,,,no,no,no,,,,,no,,,,Kaunda,Kaunda,no,,,no,no,no,no,no,yes,the imf and world bank,no,no,no,no,1983-10-27,SRC_NELDA
551-1988-1026-L1,ZMB,Zambia,1988,Legislative/Parliamentary,no,no,no,no,yes,no,,,,no,yes,yes,yes,no,no,yes,no,yes,yes,no,,,,no,no,,no,no,no,,,no,no,no,,,,,no,,,,Kaunda,Kaunda,no,,,no,no,no,no,no,yes,the imf and world bank,no,no,no,no,1988-10-26,SRC_NELDA
551-1988-1026-P1,ZMB,Zambia,1988,Executive,no,no,no,no,no,no,no,no,yes,no,yes,yes,yes,no,no,yes,no,yes,yes,yes,yes,,no,no,no,,no,no,no,,,no,no,no,,,,,no,,,,Kaunda,Kaunda,no,,,no,no,no,no,no,yes,the world bank and the imf,no,no,no,no,1988-10-26,SRC_NELDA
551-1991-1031-L1,ZMB,Zambia,1991,Legislative/Parliamentary,yes,yes,yes,yes,yes,,,,,no,yes,no,no,no,no,no,unclear,unclear,yes,no,no,no,,yes,yes,no,yes,no,no,,,no,no,,,,,,,,,,Kaunda,Chiluba,yes,yes,no,no,no,unclear,,,yes,us/eu,no,yes,no,no,1991-10-31,SRC_NELDA
551-1991-1031-P1,ZMB,Zambia,1991,Executive,yes,yes,yes,yes,yes,,no,no,yes,no,yes,no,no,no,no,yes,unclear,unclear,yes,yes,yes,,,yes,yes,no,yes,no,no,,,no,no,no,,,,,yes,yes,no,no,Kaunda,Chiluba,yes,yes,no,no,no,unclear,,,yes,us/eu,no,yes,no,no,1991-10-31,SRC_NELDA
551-1995-1118-L1,ZMB,Zambia,1995,Legislative/Parliamentary,no,no,yes,yes,yes,no,,,,no,no,no,no,no,no,yes,unclear,unclear,yes,no,no,no,,yes,no,,yes,yes,no,,,,no,,,,,,,,,,Chiluba,Chiluba,no,,,no,no,unclear,,,yes,"eu, us",unclear,unclear,no,no,1995-11-18,SRC_NELDA
551-1996-1118-L1,ZMB,Zambia,1996,Legislative/Parliamentary,no,no,yes,yes,yes,no,,,,no,no,no,yes,no,yes,yes,unclear,unclear,yes,no,no,no,,,no,,yes,yes,no,,,,no,,,,,,,,,,Chiluba,Chiluba,yes,no,no,no,no,unclear,,,yes,"eu, us",unclear,unclear,no,no,1996-11-18,SRC_NELDA
551-1996-1118-P1,ZMB,Zambia,1996,Executive,no,no,yes,yes,yes,no,no,no,no,no,no,no,yes,no,no,yes,unclear,unclear,yes,yes,yes,,,no,no,,yes,yes,no,,,no,no,no,,,,,no,,,,Chiluba,Chiluba,yes,no,no,no,no,unclear,,,yes,"eu, us",unclear,unclear,no,no,1996-11-18,SRC_NELDA
551-2001-1227-L1,ZMB,Zambia,2001,Legislative/Parliamentary,no,no,yes,yes,yes,no,,,,no,no,no,yes,no,yes,yes,no,unclear,yes,no,no,no,,,no,,yes,yes,no,,,,no,,,,,,,,,,Chiluba,Levy Mwanawasa,yes,yes,no,no,no,unclear,,,yes,"eu, us",unclear,unclear,no,no,2001-12-27,SRC_NELDA
551-2001-1227-P1,ZMB,Zambia,2001,Executive,no,no,yes,yes,yes,no,yes,no,no,no,yes,no,no,no,no,yes,no,unclear,yes,yes,no,yes,yes,no,no,,no,yes,no,,,no,no,no,,,,,yes,yes,no,no,Chiluba,Levy Mwanawasa,yes,yes,no,no,no,unclear,,,yes,"us, eu",yes,no,no,no,2001-12-27,SRC_NELDA
551-2006-0928-L1,ZMB,Zambia,2006,Legislative/Parliamentary,no,no,yes,yes,yes,no,,,,no,no,no,no,no,no,no,yes,no,yes,no,,,,no,yes,yes,no,no,yes,yes,no,no,no,no,,,,,no,,,,mwanawasa,mwanawasa,yes,yes,no,no,no,yes,no,no,yes,u.s.,no,no,no,no,2006-09-28,SRC_NELDA
551-2006-0928-P1,ZMB,Zambia,2006,Executive,no,no,yes,yes,yes,no,no,no,no,no,no,no,no,no,no,no,yes,no,yes,yes,yes,,,no,yes,yes,no,no,yes,yes,no,no,no,no,,,,,no,,,,mwanawasa,mwanawasa,yes,yes,no,no,no,yes,no,no,yes,u.s.,no,no,yes,yes,2006-09-28,SRC_NELDA
551-2008-1030-P1,ZMB,Zambia,2008,Executive,no,no,yes,yes,yes,yes,no,no,no,no,no,no,no,no,no,yes,yes,no,yes,yes,yes,,,no,no,,no,yes,yes,yes,no,,no,no,,,,,no,,,,Rupiah Banda,Rupiah Banda,yes,yes,no,no,no,yes,no,yes,yes,UK,no,yes,no,no,2008-10-30,SRC_NELDA
552-1970-0410-L1,ZWE,Zimbabwe,1970,Legislative/Parliamentary,yes,no,yes,yes,yes,,,,,no,yes,yes,unclear,no,no,yes,yes,no,yes,no,,,,no,no,,no,no,no,,,,no,no,,,,,,,,,ian smith,ian smith,no,,,no,no,no,no,no,no,,no,no,no,no,1970-04-10,SRC_NELDA
552-1974-0731-L1,ZWE,Zimbabwe,1974,Legislative/Parliamentary,no,no,yes,yes,yes,no,,,,no,yes,yes,yes,yes,no,unclear,no,no,yes,no,,,,no,no,,no,no,no,,,,no,no,,,,,,,,,ian smith,ian smith,no,,,no,no,no,no,no,no,,no,no,no,no,1974-07-31,SRC_NELDA
552-1977-0831-L1,ZWE,Zimbabwe,1977,Legislative/Parliamentary,no,no,yes,yes,yes,no,,,,no,yes,yes,yes,no,no,unclear,no,no,yes,no,,,,no,no,,no,no,no,,,,no,no,,,,,,,,,ian smith,ian smith,no,,,no,no,no,no,no,no,,no,no,no,no,1977-08-31,SRC_NELDA
552-1979-0410-L1,ZWE,Zimbabwe,1979,Legislative/Parliamentary,no,no,yes,yes,yes,no,,,,no,yes,yes,yes,no,yes,yes,no,no,yes,no,,,,,no,,,no,no,,,,no,,,,,,,,,,ian smith,ian smith,no,,,no,no,no,no,no,no,,no,no,no,no,1979-04-10,SRC_NELDA
552-1979-0410-L2,ZWE,Zimbabwe,1979,Legislative/Parliamentary,no,no,yes,yes,yes,no,,,,no,yes,yes,yes,no,yes,yes,no,no,yes,no,,,,no,no,,no,no,no,,,,no,no,,,,,,,,,ian smith,ian smith,no,,,no,no,no,no,no,no,,no,no,no,no,1979-04-17,SRC_NELDA
552-1980-0214-L1,ZWE,Zimbabwe,1980,Legislative/Parliamentary,no,no,yes,yes,yes,no,no,no,no,yes,no,no,no,no,no,no,no,no,no,yes,yes,,yes,yes,no,,yes,yes,yes,no,no,no,yes,no,,,,,yes,yes,no,no,muzorewa,mugabe,yes,yes,no,no,no,no,no,yes,yes,the british commonwealth,no,no,yes,no,1980-02-14,SRC_NELDA
552-1980-0214-L2,ZWE,Zimbabwe,1980,Legislative/Parliamentary,no,no,yes,yes,yes,no,no,no,no,yes,no,no,no,yes,no,no,no,no,no,yes,yes,,yes,yes,no,,yes,yes,yes,no,no,no,yes,no,,,,,yes,yes,no,no,muzorewa,mugabe,yes,yes,no,no,no,no,no,yes,yes,the british commonwealth,no,no,yes,no,1980-02-26,SRC_NELDA
552-1985-0627-L1,ZWE,Zimbabwe,1985,Legislative/Parliamentary,no,no,yes,yes,yes,yes,no,no,no,no,yes,no,no,no,no,no,no,no,yes,yes,yes,,no,no,no,,no,yes,yes,yes,yes,no,yes,no,,,,,no,,,,Mugabe,Mugabe,no,,,no,no,yes,no,no,yes,"commonwealth, imf",no,no,no,no,1985-06-27,SRC_NELDA
552-1985-0627-L2,ZWE,Zimbabwe,1985,Legislative/Parliamentary,no,no,yes,yes,yes,yes,no,no,no,no,yes,no,yes,no,yes,no,no,no,yes,yes,yes,,no,no,no,,no,yes,yes,yes,yes,no,yes,no,,,,,no,,,,Mugabe,Mugabe,no,,,no,no,yes,no,no,yes,"commonwealth, imf",no,no,no,no,1985-07-01,SRC_NELDA
552-1990-0328-L1,ZWE,Zimbabwe,1990,Legislative/Parliamentary,no,no,yes,yes,yes,no,,,,no,yes,yes,yes,no,yes,no,unclear,unclear,yes,no,no,no,,,no,,yes,no,no,,,,yes,,,,,,,,,,Mugabe,Mugabe,yes,yes,no,no,no,yes,no,no,yes,"eu, us",no,no,no,no,1990-03-28,SRC_NELDA
552-1990-0328-P1,ZWE,Zimbabwe,1990,Executive,no,no,yes,yes,yes,no,no,no,no,no,yes,yes,no,no,yes,no,unclear,unclear,yes,yes,yes,,,,no,,yes,no,no,,,no,yes,no,,,,,no,,,,Mugabe,Mugabe,yes,yes,no,no,no,yes,no,no,yes,"eu, us",no,no,no,no,1990-03-28,SRC_NELDA
552-1995-0408-L1,ZWE,Zimbabwe,1995,Legislative/Parliamentary,no,no,yes,yes,yes,no,,,,no,yes,yes,yes,yes,yes,yes,unclear,unclear,yes,no,no,no,,no,no,,no,yes,no,,,,yes,,,,,,,,,,Mugabe,Mugabe,yes,yes,no,no,no,yes,no,no,yes,"eu, us",no,no,no,no,1995-04-08,SRC_NELDA
552-1996-0316-P1,ZWE,Zimbabwe,1996,Executive,no,no,yes,yes,yes,no,no,no,no,no,yes,yes,no,yes,no,yes,unclear,unclear,yes,yes,yes,,,no,no,,no,yes,no,,,no,no,no,,,,,no,,,,Mugabe,Mugabe,no,,,no,no,yes,no,no,yes,"eu, us",no,no,no,no,1996-03-16,SRC_NELDA
552-2000-0624-L1,ZWE,Zimbabwe,2000,Legislative/Parliamentary,no,no,yes,yes,yes,no,,,,no,yes,yes,yes,no,yes,yes,unclear,unclear,yes,no,no,no,,,no,,no,yes,no,,,,yes,,,,,,,,,,Mugabe,Mugabe,yes,yes,no,no,no,yes,yes,no,yes,"eu, us",no,no,no,no,2000-06-24,SRC_NELDA
552-2002-0309-P1,ZWE,Zimbabwe,2002,Executive,no,no,yes,yes,yes,no,no,no,no,no,yes,no,no,no,yes,yes,no,unclear,yes,yes,yes,,,no,no,,yes,yes,no,,,no,no,no,,,,,no,,,,Mugabe,Mugabe,yes,yes,yes,no,no,yes,yes,no,yes,"us, eu",yes,no,yes,no,2002-03-09,SRC_NELDA
552-2005-0331-L1,ZWE,Zimbabwe,2005,Legislative/Parliamentary,no,no,yes,yes,yes,no,,,,no,no,yes,yes,no,yes,yes,no,no,yes,no,,,,no,no,,yes,yes,no,,,no,no,no,,,,,no,,,,mugabe,mugabe,yes,no,yes,no,no,yes,yes,no,yes,u.s.,yes,no,yes,no,2005-03-31,SRC_NELDA
552-2008-0329-L1,ZWE,Zimbabwe,2008,Legislative/Parliamentary,no,no,yes,yes,yes,yes,,,,no,yes,yes,yes,no,yes,yes,no,yes,no,no,,,,yes,no,,yes,yes,no,,,yes,yes,,,,,,,,,,Mugabe,Mugabe,yes,no,,no,no,no,yes,no,no,,yes,no,no,yes,2008-03-29,SRC_NELDA
552-2008-0329-P1,ZWE,Zimbabwe,2008,Executive,no,no,yes,yes,yes,no,no,no,yes,no,yes,no,no,no,yes,yes,no,yes,no,yes,yes,,,yes,no,,yes,yes,no,,,no,yes,,,,,,no,,,,Mugabe,Mugabe,yes,no,,yes,no,no,yes,no,no,,yes,no,no,yes,2008-03-29,SRC_NELDA
552-2008-0329-P2,ZWE,Zimbabwe,2008,Executive,no,no,yes,yes,no,yes,no,no,yes,no,yes,yes,no,yes,yes,yes,no,yes,no,yes,yes,,,no,no,,no,yes,no,,,,yes,no,,,,,no,,,,Mugabe,Mugabe,yes,no,,yes,no,no,no,no,no,,yes,no,yes,yes,2008-06-27,SRC_NELDA
553-1978-0629-L1,MWI,Malawi,1978,Legislative/Parliamentary,no,no,no,no,yes,yes,,no,no,no,yes,yes,yes,no,no,yes,yes,no,yes,no,,,,,no,,no,yes,no,,,,no,no,,,,,,,,,Banda,Banda,no,,,no,no,yes,no,no,yes,england,no,yes,yes,no,1978-06-29,SRC_NELDA
553-1983-0629-L1,MWI,Malawi,1983,Legislative/Parliamentary,no,no,no,no,no,no,,,,no,yes,yes,yes,yes,yes,no,no,no,yes,no,,,,no,no,,no,yes,yes,yes,yes,,yes,no,,,,,no,,,,Banda,Banda,yes,yes,yes,no,no,yes,no,no,yes,"imf, un, usa",no,no,no,no,1983-06-29,SRC_NELDA
553-1987-0527-L1,MWI,Malawi,1987,Legislative/Parliamentary,no,no,no,no,yes,no,,,,no,yes,yes,,,,no,no,no,yes,no,,,,no,no,,no,no,no,,,no,no,no,,,,,no,,,,Banda,Banda,no,,,no,no,yes,no,no,yes,"imf, world bank,",no,no,no,no,1987-05-27,SRC_NELDA
553-1992-0626-L1,MWI,Malawi,1992,Legislative/Parliamentary,no,no,yes,no,yes,no,,,,no,yes,yes,yes,no,yes,yes,no,no,yes,no,,,,no,yes,yes,no,yes,no,,,no,no,no,,,,,,,,,Banda,Banda,no,,,yes,no,yes,yes,no,yes,"us, europe, un",yes,no,yes,no,1992-06-26,SRC_NELDA
553-1994-0517-L1,MWI,Malawi,1994,Legislative/Parliamentary,no,yes,yes,yes,yes,yes,,,,no,no,no,no,no,yes,unclear,no,no,yes,no,,,,yes,yes,no,yes,,no,,,no,no,no,,,,,,,,,Banda,Muluzi,yes,yes,no,no,no,yes,no,yes,yes,"un, eu, imf, commonwealth",no,yes,no,no,1994-05-17,SRC_NELDA
553-1994-0517-P1,MWI,Malawi,1994,Executive,no,yes,yes,yes,yes,yes,no,no,no,no,no,no,no,no,yes,unclear,no,no,yes,yes,yes,,,yes,yes,no,yes,,no,,,no,no,no,,,,,yes,yes,no,no,Banda,Muluzi,yes,yes,no,no,no,yes,no,yes,yes,"un, eu, imf, commonwealth",no,yes,no,no,1994-05-17,SRC_NELDA
553-1999-0615-L1,MWI,Malawi,1999,Legislative/Parliamentary,no,no,yes,yes,yes,yes,,,,no,yes,yes,no,no,yes,no,no,no,yes,no,,,,no,yes,yes,no,,yes,yes,no,no,no,no,,,,,,,,,Muluzi,Muluzi,yes,unclear,no,no,no,yes,no,no,yes,"un, us, eu, commonwealth, imf, world bank",no,no,no,no,1999-06-15,SRC_NELDA
553-1999-0615-P1,MWI,Malawi,1999,Executive,no,no,yes,yes,yes,yes,no,no,no,no,yes,yes,no,no,yes,no,no,no,yes,yes,yes,,,no,yes,yes,no,,yes,yes,no,no,no,no,,,,,no,,,,Muluzi,Muluzi,yes,unclear,no,no,no,yes,no,no,yes,"un, us, eu, commonwealth, imf, world bank",no,no,no,no,1999-06-15,SRC_NELDA
553-2004-0520-L1,MWI,Malawi,2004,Legislative/Parliamentary,no,no,yes,yes,yes,no,,,,no,yes,no,no,no,no,no,no,no,yes,no,,,,yes,yes,yes,yes,,yes,yes,no,no,no,no,,,,,,,,,muluzi,bingu wa mutharika,yes,yes,no,no,no,yes,no,no,yes,"un, us, eu, commonwealth, imf, world bank",no,no,no,no,2004-05-20,SRC_NELDA
553-2004-0520-P1,MWI,Malawi,2004,Executive,no,no,yes,yes,yes,no,yes,yes,no,no,yes,no,no,no,no,no,no,no,yes,yes,no,yes,yes,no,yes,yes,no,,yes,yes,no,no,no,no,,,,,yes,yes,no,no,muluzi,bingu wa mutharika,yes,yes,no,no,no,yes,no,no,yes,"un, us, eu, commonwealth, imf, world bank",no,no,no,no,2004-05-20,SRC_NELDA
553-2009-0519-L1,MWI,Malawi,2009,Legislative/Parliamentary,no,no,yes,yes,yes,no,,,,no,yes,no,no,no,no,yes,no,no,yes,no,,,,no,yes,yes,no,yes,no,,,no,no,no,,,,,,,,,Bingu wa Mutharika,Bingu wa Mutharika,yes,yes,no,no,no,yes,no,no,yes,"EU, Canada, IMF",no,no,no,no,2009-05-19,SRC_NELDA
553-2009-0519-P1,MWI,Malawi,2009,Executive,no,no,yes,yes,yes,no,no,no,no,no,yes,no,no,no,no,yes,no,no,yes,yes,yes,,,no,yes,yes,no,yes,no,,,,no,no,,,,,no,,,,Bingu wa Mutharika,Bingu wa Mutharika,yes,yes,no,no,no,yes,no,no,yes,"EU, Canada, IMF",no,no,no,no,2009-05-19,SRC_NELDA
560-1948-0526-L1,ZAF,South Africa,1948,Legislative/Parliamentary,no,no,yes,yes,yes,yes,no,no,no,no,no,no,yes,no,no,no,no,no,no,yes,yes,,,yes,no,,yes,,no,,,no,no,,,,,,yes,yes,no,no,Smuts,Malan,no,,,no,no,yes,no,yes,yes,"Britain, US, UN",yes,no,no,no,1948-05-26,SRC_NELDA
560-1953-0415-L1,ZAF,South Africa,1953,Legislative/Parliamentary,no,no,yes,yes,yes,no,no,no,no,no,no,no,yes,no,yes,no,no,no,no,yes,yes,,,no,no,,no,yes,yes,no,yes,,yes,no,,,,,no,,,,Malan,Malan,no,,,no,no,yes,no,no,yes,"Britain, US, UN",no,no,no,no,1953-04-15,SRC_NELDA
560-1958-0416-L1,ZAF,South Africa,1958,Legislative/Parliamentary,no,no,yes,yes,yes,no,no,no,no,no,no,no,yes,no,no,no,yes,no,no,yes,yes,,,no,no,,no,yes,no,,,,yes,no,,,,,no,,,,Strijdom,Strijdom,no,,,no,no,yes,no,no,yes,"Britain, US, UN",no,no,no,no,1958-04-16,SRC_NELDA
560-1961-1008-L1,ZAF,South Africa,1961,Legislative/Parliamentary,no,no,yes,yes,yes,yes,no,no,no,no,yes,yes,yes,yes,yes,no,no,no,yes,yes,yes,,,no,no,,no,no,yes,no,yes,,yes,no,,,,,no,,,,Verwoerd,Verwoerd,no,,,no,no,yes,no,yes,yes,britain,no,yes,no,yes,1961-10-08,SRC_NELDA
560-1966-0330-L1,ZAF,South Africa,1966,Legislative/Parliamentary,no,no,yes,yes,yes,no,no,no,no,no,yes,yes,yes,no,yes,yes,no,yes,yes,yes,yes,,,no,no,,no,no,no,,,,yes,no,,,,,no,,,,Verwoerd,Verwoerd,no,,,no,no,yes,no,yes,yes,britain,no,yes,no,yes,1966-03-30,SRC_NELDA
560-1969-0924-L1,ZAF,South Africa,1969,Legislative/Parliamentary,yes,yes,yes,yes,yes,,,no,,no,yes,,no,no,yes,,yes,no,no,no,,,,,no,,,no,no,,,,no,,,,,,,,,,Vorster,Vorster,no,,,no,no,yes,no,no,yes,britain,no,no,no,no,1969-09-24,SRC_NELDA
560-1970-0422-L1,ZAF,South Africa,1970,Legislative/Parliamentary,no,no,yes,yes,yes,yes,no,no,no,no,yes,yes,yes,no,yes,no,yes,no,no,yes,yes,,,no,no,,yes,no,yes,no,yes,,no,no,,,,,no,,,,Vorster,Vorster,no,,,no,no,yes,no,yes,yes,britain,no,yes,no,yes,1970-04-22,SRC_NELDA
560-1974-0424-L1,ZAF,South Africa,1974,Legislative/Parliamentary,no,no,yes,yes,yes,yes,no,no,no,no,yes,yes,yes,no,no,no,yes,no,no,yes,yes,,,no,no,,no,no,no,,,,no,no,,,,,no,,,,Vorster,Vorster,no,,,no,no,yes,no,yes,yes,britain,no,yes,no,yes,1974-04-24,SRC_NELDA
560-1975-0319-L1,ZAF,South Africa,1975,Legislative/Parliamentary,no,no,yes,yes,yes,yes,,no,,no,yes,,no,no,no,,yes,no,no,no,,,,,no,,no,no,no,,,,no,,,,,,,,,,Vorster,Vorster,no,,,no,no,yes,no,no,yes,britain,no,no,no,no,1975-03-19,SRC_NELDA
560-1977-1130-L1,ZAF,South Africa,1977,Legislative/Parliamentary,no,no,yes,yes,yes,yes,no,no,no,no,yes,yes,yes,no,yes,yes,no,no,no,yes,yes,,,no,no,,no,no,no,,,,yes,no,,,,,no,,,,Vorster,Vorster,no,,,no,no,no,yes,no,yes,britain,yes,no,no,yes,1977-11-30,SRC_NELDA
560-1981-0429-L1,ZAF,South Africa,1981,Legislative/Parliamentary,no,no,yes,yes,yes,yes,no,no,no,no,yes,yes,yes,yes,no,no,yes,no,no,yes,yes,,,no,yes,yes,yes,no,no,,,no,no,no,,,,,no,,,,Botha,Botha,no,,,no,no,yes,no,no,yes,"un, european countries, israel",no,no,no,yes,1981-04-29,SRC_NELDA
560-1984-0510-L1,ZAF,South Africa,1984,Legislative/Parliamentary,no,no,yes,yes,yes,,,,,no,yes,no,yes,yes,yes,no,no,yes,no,no,,,,no,no,,yes,yes,yes,no,yes,no,yes,no,,,,,no,,,,Botha,Botha,no,,,no,no,no,no,no,no,,no,no,no,yes,1984-05-10,SRC_NELDA
560-1987-0506-L1,ZAF,South Africa,1987,Legislative/Parliamentary,no,no,yes,yes,yes,no,,,,no,yes,yes,yes,yes,no,no,no,no,no,no,,,,no,no,,no,yes,yes,no,yes,no,yes,no,,,,,,,,,Botha,Botha,no,,,no,no,no,yes,no,yes,"un, ec, usa",yes,no,no,yes,1987-05-06,SRC_NELDA
560-1989-0906-L1,ZAF,South Africa,1989,Legislative/Parliamentary,no,no,yes,yes,yes,no,yes,no,no,no,yes,no,yes,yes,no,no,no,yes,no,yes,no,yes,yes,no,no,,yes,yes,yes,no,yes,no,yes,no,,,,,yes,yes,no,no,Botha,Botha,no,,,no,no,no,no,no,no,,no,no,no,yes,1989-09-06,SRC_NELDA
560-1994-0426-L1,ZAF,South Africa,1994,Legislative/Parliamentary,no,no,yes,yes,yes,yes,,,,no,yes,no,no,no,no,no,no,no,no,no,,,,yes,yes,no,yes,,no,,,no,yes,no,,,,,,,,,DeKlerk,DeKlerk,yes,yes,no,no,no,yes,no,yes,no,,no,yes,yes,no,1994-04-26,SRC_NELDA
560-1999-0602-L1,ZAF,South Africa,1999,Legislative/Parliamentary,no,no,yes,yes,yes,no,,,,no,yes,yes,no,no,no,no,yes,no,yes,no,,,,no,yes,yes,no,,no,,,no,no,no,,,,,,,,,Mandela,Mandela,yes,yes,no,no,no,yes,no,no,yes,"un, eu, us",no,no,no,no,1999-06-02,SRC_NELDA
560-2004-0414-L1,ZAF,South Africa,2004,Legislative/Parliamentary,no,no,yes,yes,yes,no,,,,no,no,yes,no,no,no,no,yes,no,yes,no,,,,no,yes,yes,no,,no,,,no,no,no,,,,,,,,,mbeki,mbeki,yes,no,,no,no,yes,no,no,yes,"un, us, eu",no,no,no,no,2004-04-14,SRC_NELDA
560-2009-0422-L1,ZAF,South Africa,2009,Legislative/Parliamentary,no,no,yes,yes,yes,no,yes,no,no,no,no,yes,no,no,no,no,yes,no,yes,yes,no,yes,yes,no,yes,yes,yes,,no,,,,no,no,,,,,yes,no,no,no,Motlanthe,Jacob Zuma,yes,no,,yes,no,yes,no,no,yes,"UK (Commonwealth of States), UN Security Council",no,no,no,no,2009-04-22,SRC_NELDA
565-1994-1207-L1,NAM,Namibia,1994,Legislative/Parliamentary,yes,yes,yes,yes,yes,,,,,no,no,yes,no,no,no,no,no,no,yes,no,,,,no,yes,yes,no,,no,,,no,no,no,,,,,,,,,Nujoma,Nujoma,yes,yes,no,no,no,yes,no,no,yes,"us, eu",no,no,no,no,1994-12-07,SRC_NELDA
565-1994-1207-P1,NAM,Namibia,1994,Executive,yes,yes,yes,yes,yes,,no,no,no,no,no,yes,no,no,no,no,no,no,no,yes,yes,,,no,yes,yes,no,,no,,,no,no,no,,,,,no,,,,Nujoma,Nujoma,yes,yes,no,no,no,yes,no,no,yes,"us, eu",no,no,no,no,1994-12-07,SRC_NELDA
565-1999-1130-L1,NAM,Namibia,1999,Legislative/Parliamentary,no,no,yes,yes,yes,no,,,,no,no,yes,no,no,no,no,no,no,yes,no,,,,no,yes,yes,no,,no,,,no,no,no,,,,,,,,,Nujoma,Nujoma,yes,yes,no,no,no,yes,no,no,yes,"eu, us, commonwealth",no,no,no,no,1999-11-30,SRC_NELDA
565-1999-1130-P1,NAM,Namibia,1999,Executive,no,no,yes,yes,yes,no,no,no,no,no,no,yes,no,no,no,no,no,no,yes,yes,yes,,,no,yes,yes,no,,no,,,no,no,no,,,,,no,,,,Nujoma,Nujoma,yes,yes,no,no,no,yes,no,no,yes,"eu, us, commonwealth",no,no,no,no,1999-11-30,SRC_NELDA
565-2004-1115-L1,NAM,Namibia,2004,Legislative/Parliamentary,no,no,yes,yes,yes,no,,,,no,no,yes,no,no,no,no,no,no,yes,no,,,,no,yes,yes,no,,no,,,no,no,no,,,,,,,,,nujoma,pohamba,yes,no,,no,no,yes,no,no,yes,"us, eu, commonwealth",no,no,no,no,2004-11-15,SRC_NELDA
565-2004-1115-P1,NAM,Namibia,2004,Executive,no,no,yes,yes,yes,no,yes,yes,yes,no,no,yes,no,no,no,no,no,no,yes,yes,no,yes,yes,no,yes,yes,no,,no,,,no,no,no,,,,,yes,yes,no,no,nujoma,pohamba,yes,no,,no,no,yes,no,no,yes,"us, eu, commonwealth",no,no,no,no,2004-11-15,SRC_NELDA
565-2009-1127-L1,NAM,Namibia,2009,Legislative/Parliamentary,no,no,yes,yes,yes,no,,,,no,no,yes,no,no,no,no,no,no,yes,no,,,,no,no,,yes,yes,no,,,no,no,no,,,,,,,,,Pohamba,Pohamba,no,yes,no,no,no,yes,no,no,yes,"US, UN",no,no,no,no,2009-11-27,SRC_NELDA
565-2009-1127-P1,NAM,Namibia,2009,Executive,no,no,yes,yes,yes,no,no,no,no,no,no,yes,no,no,no,yes,no,no,yes,yes,yes,,,no,no,,no,yes,no,,,,no,no,,,,,no,,,,Pohamba,Pohamba,yes,yes,no,no,no,yes,no,no,yes,"US, UN",no,no,no,no,2009-11-27,SRC_NELDA
570-1970-0127-L1,LSO,Lesotho,1970,Legislative/Parliamentary,no,no,yes,yes,yes,no,no,no,no,no,yes,yes,no,no,yes,no,no,no,yes,yes,yes,,,yes,no,,yes,yes,yes,no,yes,yes,yes,no,,,,,no,,,,Jonathan,Jonathan,no,no,no,no,no,no,,,yes,great britain,yes,no,yes,no,1970-01-27,SRC_NELDA
570-1993-0327-L1,LSO,Lesotho,1993,Legislative/Parliamentary,yes,no,yes,yes,yes,,yes,no,no,yes,no,no,no,no,no,no,no,no,yes,yes,no,no,,yes,yes,no,yes,,no,,,no,no,no,,,,,yes,yes,no,no,Ramaema,Mokhehle,yes,yes,no,no,no,yes,no,yes,yes,"us, eu, un",no,no,no,no,1993-03-27,SRC_NELDA
570-1998-0523-L1,LSO,Lesotho,1998,Legislative/Parliamentary,no,no,yes,yes,yes,yes,yes,no,no,no,no,no,no,no,no,no,no,no,yes,yes,no,yes,yes,no,unclear,,no,,yes,yes,yes,no,yes,yes,yes,no,no,,yes,yes,no,no,Mokhehle,Mosisili,yes,no,,no,no,yes,no,no,yes,"us, eu",no,no,no,no,1998-05-23,SRC_NELDA
570-2002-0525-L1,LSO,Lesotho,2002,Legislative/Parliamentary,yes,no,yes,yes,yes,,no,no,no,yes,no,yes,no,no,no,no,no,no,yes,yes,yes,,,no,yes,yes,no,,no,,,no,no,no,,,,,no,,,,Mosisili,Mosisili,yes,yes,no,no,no,yes,no,no,yes,"eu, us",no,no,no,no,2002-05-25,SRC_NELDA
570-2007-0217-L1,LSO,Lesotho,2007,Legislative/Parliamentary,no,no,yes,yes,yes,yes,no,no,no,no,no,yes,no,no,no,no,no,no,yes,yes,yes,,,no,no,,yes,yes,yes,yes,yes,,no,no,,,,,no,,,,Mosisili,Mosisili,yes,yes,no,no,no,yes,no,no,yes,"US, UK, EU, Germany",no,no,no,no,2007-02-17,SRC_NELDA
571-1969-1018-L1,BWA,Botswana,1969,Legislative/Parliamentary,no,no,yes,yes,yes,yes,no,no,no,no,no,yes,no,no,no,yes,yes,no,no,yes,yes,,,,no,,yes,,no,,,,no,no,,,,,no,,,,khama,khama,no,,,no,no,yes,no,no,yes,Great Britain,no,no,no,no,1969-10-18,SRC_NELDA
571-1974-1026-L1,BWA,Botswana,1974,Legislative/Parliamentary,no,no,yes,yes,yes,no,,,,no,no,yes,no,no,no,no,yes,no,yes,no,,,,,no,,no,no,no,,,no,no,no,,,,,no,,,,Khama,Khama,no,,,no,no,yes,no,no,yes,Unites States,no,no,no,no,1974-10-26,SRC_NELDA
571-1979-1020-L1,BWA,Botswana,1979,Legislative/Parliamentary,no,no,yes,yes,yes,no,,,,no,no,yes,no,no,no,no,yes,no,yes,no,,,,,no,,no,no,no,,,no,no,no,,,,,no,,,,Khama,Khama,no,,,no,no,yes,no,no,yes,United States,no,no,no,no,1979-10-20,SRC_NELDA
571-1984-0908-L1,BWA,Botswana,1984,Legislative/Parliamentary,no,no,yes,yes,yes,no,,,,no,no,yes,no,no,no,no,yes,no,no,no,,,,no,no,,yes,no,no,,,no,no,no,,,,,no,,,,Masire,Masire,no,,,no,no,yes,no,no,yes,"United States, South Africa, UN",no,no,no,no,1984-09-08,SRC_NELDA
571-1989-1007-L1,BWA,Botswana,1989,Legislative/Parliamentary,no,no,yes,yes,yes,no,,,,no,no,yes,no,no,no,no,yes,no,no,no,,,,no,no,,no,no,no,,,no,no,no,,,,,no,,,,Masire,Masire,no,,,no,no,yes,no,no,yes,"United States, South Africa",no,no,no,no,1989-10-07,SRC_NELDA
571-1994-1015-L1,BWA,Botswana,1994,Legislative/Parliamentary,no,no,yes,yes,yes,yes,,,,no,no,yes,no,no,no,no,yes,no,no,no,,,,no,yes,yes,yes,,no,,,no,no,no,,,,,,,,,Masire,Masire,yes,no,,no,no,yes,no,no,yes,"United States, EU, UN",no,no,no,no,1994-10-15,SRC_NELDA
571-1999-1016-L1,BWA,Botswana,1999,Legislative/Parliamentary,no,no,yes,yes,yes,no,no,no,no,no,no,yes,no,no,no,no,yes,no,no,no,,,,no,yes,yes,no,,no,,,no,no,no,,,,,,,,,Mogae,Mogae,yes,no,,no,no,yes,no,no,yes,"United States, EU",no,no,no,no,1999-10-16,SRC_NELDA
571-2004-1030-L1,BWA,Botswana,2004,Legislative/Parliamentary,no,no,yes,yes,yes,no,,,,no,no,yes,no,no,no,no,yes,no,no,no,,,,no,yes,yes,no,,no,,,no,no,no,,,,,,,,,mogae,mogae,yes,no,,no,no,yes,no,no,yes,"United States, EU",no,no,no,no,2004-10-30,SRC_NELDA
571-2009-1016-L1,BWA,Botswana,2009,Legislative/Parliamentary,no,no,yes,yes,yes,no,no,no,no,no,no,yes,no,no,no,no,no,yes,yes,yes,yes,,,no,yes,yes,no,,no,,,,no,no,,,,,no,,,,Ian Khama,Ian Khama,yes,yes,no,no,no,yes,no,no,yes,"UK, UN, US, WHO, World Bank",no,no,no,no,2009-10-16,SRC_NELDA
572-1972-0516-L1,SWZ,Swaziland,1972,Legislative/Parliamentary,no,no,yes,yes,yes,no,,no,,no,no,yes,yes,no,yes,yes,yes,no,no,no,,,,no,yes,yes,yes,no,no,,,,no,no,,,,,,,,,Subhuza II,Subhuza II,no,,,no,no,yes,no,no,no,,no,no,no,no,1972-05-16,SRC_NELDA
572-1993-0918-L1,SWZ,Swaziland,1993,Legislative/Parliamentary,no,no,yes,no,yes,no,,,,no,no,,no,no,no,,unclear,no,yes,no,,,,,no,,,no,no,,,,no,,,,,,,,,,Mswati,Mswati,no,,,no,no,yes,no,no,no,,,,no,no,1993-09-18,SRC_NELDA
572-1993-0918-L2,SWZ,Swaziland,1993,Legislative/Parliamentary,no,no,yes,no,yes,no,,,,no,no,,no,no,no,,unclear,no,yes,no,,,,,no,,,no,no,,,,no,,,,,,,,,,Mswati,Mswati,no,,,no,no,yes,no,no,no,,,,no,no,1993-10-11,SRC_NELDA
572-1998-1016-L1,SWZ,Swaziland,1998,Legislative/Parliamentary,no,no,yes,no,yes,no,,,,no,no,,no,yes,no,,no,no,yes,no,,,,,no,,,no,no,,,,no,,,,,,,,,,Mswati,Mswati,no,no,,no,no,yes,no,no,no,,,,no,no,1998-10-16,SRC_NELDA
572-2003-1018-L1,SWZ,Swaziland,2003,Legislative/Parliamentary,no,no,yes,no,yes,no,,,,no,no,,no,yes,no,,no,no,yes,no,,,,,no,,,no,no,,,,no,,,,,,,,,,Mswati,Mswati,yes,no,,no,no,yes,no,no,no,,,,no,no,2003-10-18,SRC_NELDA
572-2008-0919-L1,SWZ,Swaziland,2008,Legislative/Parliamentary,yes,no,yes,no,yes,,,,,no,no,,yes,no,no,no,no,yes,yes,no,,,,,no,,yes,yes,yes,yes,no,,no,no,,,,,no,,,,Mswati III,Mswati III,yes,yes,no,no,no,yes,no,no,no,,,,no,no,2008-09-19,SRC_NELDA
580-1960-0904-L1,MDG,Madagascar,1960,Legislative/Parliamentary,yes,yes,yes,yes,yes,,,no,no,no,no,yes,no,no,no,no,no,no,no,no,,,,,no,,no,,no,,,,no,no,,,,,,,,,tsiranana,tsiranana,no,,,no,no,yes,no,no,yes,france,no,no,no,no,1960-09-04,SRC_NELDA
580-1965-0330-P1,MDG,Madagascar,1965,Executive,no,no,yes,yes,unclear,no,no,no,no,no,no,yes,unclear,unclear,no,yes,no,no,no,yes,yes,,,,no,,no,,no,,,,no,no,,,,,no,,,,tsiranana,tsiranana,no,,,no,no,yes,no,no,yes,france,no,no,no,no,1965-03-30,SRC_NELDA
580-1965-0808-L1,MDG,Madagascar,1965,Legislative/Parliamentary,no,no,yes,yes,yes,no,,no,no,no,no,yes,no,no,no,no,no,no,no,no,,,,,no,,no,,no,,,,no,no,,,,,,,,,tsiranana,tsiranana,no,,,no,no,yes,no,no,yes,france,no,no,no,no,1965-08-08,SRC_NELDA
580-1970-0904-L1,MDG,Madagascar,1970,Legislative/Parliamentary,no,no,yes,yes,yes,no,no,no,no,no,no,yes,no,no,no,no,no,no,yes,no,,,,,no,,no,,no,,,,no,no,,,,,,,,,Tsiranana,Tsiranana,no,,,no,no,yes,no,no,yes,France,no,no,no,no,1970-09-04,SRC_NELDA
580-1972-0130-P1,MDG,Madagascar,1972,Executive,no,no,no,no,no,no,no,no,no,no,yes,yes,yes,,no,yes,no,no,yes,yes,yes,,,no,no,,no,no,no,,,,no,no,,,,,no,,,,philibert tsiranana,philibert tsiranana,no,,,no,no,no,no,no,no,,no,no,no,no,1972-01-30,SRC_NELDA
580-1977-0630-L1,MDG,Madagascar,1977,Legislative/Parliamentary,no,no,no,no,no,no,,,,no,yes,yes,yes,no,no,yes,no,no,yes,no,,,,no,no,,no,no,no,,,,no,no,,,,,,,,,ramanantsoa,ramanantsoa,no,,,no,no,no,no,no,no,,no,no,no,no,1977-06-30,SRC_NELDA
580-1982-1107-P1,MDG,Madagascar,1982,Executive,no,no,no,yes,yes,no,no,no,no,no,yes,no,,,,yes,no,yes,yes,yes,yes,,,no,no,,no,no,yes,yes,no,,no,no,,,,,no,,,,Ratsiraka,Ratsiraka,no,,,no,no,yes,no,no,yes,"france, germany, the imf and world bank, switzerla",no,no,no,no,1982-11-07,SRC_NELDA
580-1983-0828-L1,MDG,Madagascar,1983,Legislative/Parliamentary,no,no,no,yes,yes,yes,,,,no,yes,yes,,,,yes,no,yes,yes,no,,,,no,no,,no,no,no,,,no,no,no,,,,,no,,,,Ratsiraka,Ratsiraka,no,,,no,no,yes,no,no,yes,"france, germany, the imf and world bank, switzerla",no,no,no,no,1983-08-28,SRC_NELDA
580-1989-0312-P1,MDG,Madagascar,1989,Executive,no,no,no,yes,yes,yes,no,no,no,no,yes,yes,yes,no,yes,yes,no,no,yes,yes,yes,,,no,no,,no,yes,yes,yes,yes,no,yes,no,,,,,no,,,,Ratsiraka,Ratsiraka,no,,,no,no,yes,no,no,yes,"france, the imf and world bank, switzerland",no,no,no,no,1989-03-12,SRC_NELDA
580-1989-0528-L1,MDG,Madagascar,1989,Legislative/Parliamentary,no,no,no,yes,yes,yes,,,,no,yes,yes,yes,no,no,no,no,no,yes,no,,,,no,no,,no,yes,yes,yes,yes,no,yes,no,,,,,,,,,Ratsiraka,Ratsiraka,no,,,no,no,yes,no,no,yes,"france, the imf and world bank, eec",no,no,no,no,1989-05-28,SRC_NELDA
580-1992-1125-P1,MDG,Madagascar,1992,Executive,yes,yes,yes,yes,yes,,no,no,no,no,yes,no,no,no,no,yes,unclear,unclear,yes,yes,yes,,no,yes,no,,yes,no,no,,,no,no,no,,,,,yes,yes,no,no,Ratsiraka,Ratsiraka,yes,yes,no,no,no,yes,unclear,unclear,yes,"eu, us",no,yes,no,no,1992-11-25,SRC_NELDA
580-1992-1125-P2,MDG,Madagascar,1993,Executive,yes,yes,yes,yes,yes,,no,no,no,no,yes,no,no,no,no,yes,unclear,unclear,yes,yes,yes,,no,yes,no,,yes,no,no,,,no,no,no,,,,,yes,yes,no,no,Ratsiraka,Zafy,yes,yes,no,no,no,yes,unclear,unclear,yes,"eu, us",no,yes,no,no,1993-02-10,SRC_NELDA
580-1993-0616-L1,MDG,Madagascar,1993,Legislative/Parliamentary,yes,no,yes,yes,yes,,,,,no,yes,no,no,no,no,yes,unclear,no,yes,no,no,no,,yes,no,,yes,no,no,,,,no,,,,,,,,,,Zafy,Zafy,yes,yes,no,no,no,yes,unclear,unclear,yes,"eu, us",no,yes,no,no,1993-06-16,SRC_NELDA
580-1996-1103-P1,MDG,Madagascar,1996,Executive,no,no,yes,yes,yes,no,yes,no,no,no,yes,no,no,no,no,no,no,no,yes,yes,no,no,no,yes,no,,yes,no,no,,,no,no,no,,,,,yes,yes,no,no,Ratsirahonana,Ratsirahonana,yes,yes,no,no,no,no,no,no,yes,"eu, us",no,no,no,no,1996-11-03,SRC_NELDA
580-1996-1103-P2,MDG,Madagascar,1996,Executive,no,no,yes,yes,yes,no,yes,no,no,no,yes,no,no,no,no,no,no,no,yes,yes,no,no,no,yes,no,,yes,no,no,,,no,no,no,,,,,yes,yes,no,no,Ratsirahonana,Ratsiraka,yes,yes,no,no,no,no,no,no,yes,"eu, us",no,no,no,no,1996-12-29,SRC_NELDA
580-1998-0517-L1,MDG,Madagascar,1998,Legislative/Parliamentary,no,no,yes,yes,yes,no,,,,no,no,yes,no,no,no,no,unclear,unclear,yes,no,no,no,,no,no,,no,no,no,,,,no,,,,,,,,,,Ratsiraka,Ratsiraka,yes,yes,no,no,no,unclear,,,yes,"eu, us",unclear,unclear,no,no,1998-05-17,SRC_NELDA
580-2001-1216-P1,MDG,Madagascar,2001,Executive,no,no,yes,yes,yes,no,no,no,yes,no,yes,no,no,no,no,yes,unclear,unclear,yes,yes,yes,,no,yes,no,,yes,yes,yes,yes,yes,no,yes,yes,yes,yes,no,,yes,yes,yes,no,Ratsiraka,Ratsiraka,yes,yes,yes,no,no,unclear,,,yes,"eu, us",no,yes,yes,yes,2001-12-16,SRC_NELDA
580-2002-1215-L1,MDG,Madagascar,2002,Legislative/Parliamentary,no,no,yes,yes,yes,no,,,,no,no,no,no,no,no,no,unclear,unclear,yes,no,no,no,,yes,no,,no,no,no,,,,no,,,,,,,,,,Marc Ravalomanana,Marc Ravalomanana,no,,,no,no,yes,no,yes,yes,"eu, us",no,yes,yes,yes,2002-12-15,SRC_NELDA
580-2006-1203-P1,MDG,Madagascar,2006,Executive,no,no,yes,yes,yes,no,no,no,no,no,no,no,yes,no,yes,no,yes,no,yes,yes,yes,,,no,yes,yes,no,no,no,,,no,no,no,,,,,no,,,,marc ravalomanana,marc ravalomanana,yes,yes,no,no,no,yes,no,no,yes,us,no,no,no,no,2006-12-03,SRC_NELDA
580-2007-0923-L1,MDG,Madagascar,2007,Legislative/Parliamentary,no,no,yes,yes,yes,yes,,,,no,yes,yes,no,no,yes,yes,no,yes,yes,no,,,,no,no,,no,yes,no,,,,no,no,,,,,,,,,Ravalomanana,Ravalomanana,yes,yes,no,no,no,yes,no,no,yes,"France, UK, UN",no,no,no,no,2007-09-23,SRC_NELDA
581-1978-1022-P1,COM,Comoros,1978,Executive,yes,no,no,no,no,,no,no,no,no,yes,yes,,,,yes,no,no,no,yes,yes,,,,no,,no,yes,no,,,,no,no,,,,,no,,,,Bob Denard,Bob Denard,no,,,no,no,no,no,no,yes,france,no,no,no,yes,1978-10-22,SRC_NELDA
581-1978-1208-L1,COM,Comoros,1978,Legislative/Parliamentary,yes,no,no,no,yes,,,,,no,yes,yes,no,no,no,yes,no,no,no,no,,,,,no,,no,yes,no,,,,no,no,,,,,,,,,Bob Denard,Bob Denard,no,,,no,no,no,no,no,yes,france,no,no,no,yes,1978-12-08,SRC_NELDA
581-1978-1208-L2,COM,Comoros,1978,Legislative/Parliamentary,yes,no,no,no,yes,,,,,no,yes,,,,,no,no,no,yes,no,,,,,no,,,no,no,,,,no,,,,,,,,,,Bob Denard,Bob Denard,no,,,no,no,yes,no,no,yes,France,no,no,no,no,1978-12-15,SRC_NELDA
581-1982-0307-L1,COM,Comoros,1982,Legislative/Parliamentary,no,no,no,no,yes,no,,,,no,yes,yes,yes,no,no,no,no,no,yes,no,,,,no,no,,no,no,no,,,,,no,,,,,no,,,,Bob Denard,Bob Denard,no,,,no,no,yes,no,no,yes,france,no,no,no,no,1982-03-07,SRC_NELDA
581-1982-0307-L2,COM,Comoros,1982,Legislative/Parliamentary,no,no,no,no,yes,no,,,,no,yes,yes,yes,no,no,no,no,no,yes,no,,,,no,no,,no,no,no,,,,,no,,,,,no,,,,Bob Denard,Bob Denard,no,,,no,no,yes,no,no,yes,france,no,no,no,no,1982-03-14,SRC_NELDA
581-1984-0930-P1,COM,Comoros,1984,Executive,no,no,no,no,no,no,no,no,no,no,yes,yes,yes,no,no,no,no,no,yes,yes,yes,,no,no,no,,no,no,no,,,no,no,no,,,,,no,,,,Bob Denard,Bob Denard,no,,,no,no,yes,no,no,yes,france,no,no,no,no,1984-09-30,SRC_NELDA
581-1987-0322-L1,COM,Comoros,1987,Legislative/Parliamentary,no,no,no,no,no,no,,,,no,yes,yes,yes,no,yes,yes,yes,no,yes,no,,,,no,no,,no,yes,no,,,yes,no,no,,,,,no,,,,Bob Denard,Bob Denard,no,,,no,no,yes,no,no,yes,"france, imf",no,no,no,no,1987-03-22,SRC_NELDA
581-1990-0304-P1,COM,Comoros,1990,Executive,yes,yes,yes,yes,yes,,yes,no,no,no,yes,no,no,unclear,yes,yes,no,yes,yes,yes,yes,,no,no,no,,yes,yes,no,,,yes,no,no,,,,,no,,,,Djohar,Djohar,no,,,no,no,yes,no,no,yes,"france, the arab states",no,no,no,no,1990-03-04,SRC_NELDA
581-1990-0304-P2,COM,Comoros,1990,Executive,yes,yes,yes,yes,yes,,yes,no,no,no,yes,no,no,unclear,yes,yes,no,yes,yes,yes,yes,,no,no,no,,yes,yes,no,,,yes,no,no,,,,,no,,,,Djohar,Djohar,no,,,no,no,yes,no,no,yes,"france, the arab states",no,no,no,no,1990-03-11,SRC_NELDA
581-1992-1122-L1,COM,Comoros,1992,Legislative/Parliamentary,no,yes,yes,yes,yes,no,,,,no,no,no,yes,yes,yes,no,no,no,yes,no,,,,yes,no,,no,no,no,,,no,yes,no,,,,,no,,,,Djohar,Djohar,yes,yes,no,no,no,yes,no,no,yes,"france, the arab states, world bank, un",no,no,no,no,1992-11-22,SRC_NELDA
581-1992-1122-L2,COM,Comoros,1992,Legislative/Parliamentary,no,yes,yes,yes,yes,no,,,,no,no,no,yes,yes,yes,no,no,no,yes,no,,,,yes,no,,yes,no,no,,,no,yes,no,,,,,no,,,,Djohar,Djohar,yes,yes,no,no,no,yes,no,no,yes,"france, the arab states, world bank, un",no,no,no,no,1992-11-29,SRC_NELDA
581-1993-1212-L1,COM,Comoros,1993,Legislative/Parliamentary,no,no,yes,yes,yes,yes,,,,no,yes,no,no,no,yes,no,no,no,yes,no,no,no,,yes,no,,no,yes,yes,yes,no,no,yes,no,,,,,no,,,,Djohar,Djohar,no,,,no,no,yes,no,no,yes,"france, the arab states, world bank",no,no,no,no,1993-12-12,SRC_NELDA
581-1993-1212-L2,COM,Comoros,1993,Legislative/Parliamentary,no,no,yes,yes,yes,yes,,,,no,yes,no,no,yes,yes,no,no,no,yes,no,no,no,,yes,no,,no,yes,yes,yes,no,no,yes,no,,,,,no,,,,Djohar,Djohar,no,,,no,no,yes,no,no,yes,"france, the arab states, world bank",no,no,no,no,1993-12-20,SRC_NELDA
581-1996-0306-P1,COM,Comoros,1996,Executive,no,no,yes,yes,yes,no,yes,no,no,no,no,no,no,no,no,no,no,no,yes,yes,yes,,yes,no,no,,yes,no,no,,,no,no,no,,,,,yes,yes,no,no,Djohar,Abdoulkarim,yes,yes,no,no,no,yes,no,no,yes,"france, world bank",no,no,no,no,1996-03-06,SRC_NELDA
581-1996-0306-P2,COM,Comoros,1996,Executive,no,no,yes,yes,yes,no,yes,no,no,no,no,no,no,no,no,no,no,no,yes,yes,yes,,yes,no,no,,yes,no,no,,,no,no,no,,,,,yes,yes,no,no,djohar,abdoulkarim,yes,yes,no,no,no,yes,no,no,yes,"france, world bank",no,no,no,no,1996-03-16,SRC_NELDA
581-1996-1201-L1,COM,Comoros,1996,Legislative/Parliamentary,no,no,yes,yes,yes,yes,,,,yes,yes,yes,yes,yes,yes,yes,no,no,yes,no,,,,yes,no,,no,yes,yes,yes,no,,no,no,,,,,no,,,,Abdoulkarim,Abdoulkarim,yes,yes,yes,no,no,yes,yes,no,yes,"usa, oau, un, france",yes,no,no,no,1996-12-01,SRC_NELDA
581-1996-1201-L2,COM,Comoros,1996,Legislative/Parliamentary,no,no,yes,yes,yes,yes,,,,yes,yes,yes,yes,yes,yes,yes,no,no,yes,no,,,,yes,no,,no,yes,yes,yes,no,,no,no,,,,,no,,,,Abdoulkarim,Abdoulkarim,yes,yes,yes,no,no,yes,yes,no,yes,"usa, oau, un, france",yes,no,no,no,1996-12-08,SRC_NELDA
581-2002-0414-P1,COM,Comoros,2002,Executive,no,no,yes,yes,no,yes,no,no,yes,no,yes,yes,no,yes,no,yes,no,no,yes,yes,yes,,,no,no,,no,yes,yes,yes,no,,no,no,,,,,no,,,,Hamada Madi,Azali Assoumani,yes,yes,no,no,no,yes,no,no,yes,"usa, oau, un, france",no,no,no,no,2002-04-14,SRC_NELDA
581-2004-0418-L1,COM,Comoros,2004,Legislative/Parliamentary,no,no,yes,yes,yes,no,,,,no,no,no,no,no,no,no,no,no,yes,no,,,,yes,no,,yes,no,no,,,,no,no,,,,,no,,,,Azali Assoumani,Azali Assoumani,yes,yes,no,no,no,yes,no,no,yes,"france, world bank, au",no,no,no,no,2004-04-18,SRC_NELDA
581-2004-0418-L2,COM,Comoros,2004,Legislative/Parliamentary,no,no,yes,yes,yes,no,,,,no,no,no,no,no,no,no,no,no,yes,no,,,,yes,no,,yes,no,no,,,,no,no,,,,,no,,,,Azali Assoumani,Azali Assoumani,yes,yes,no,no,no,yes,no,no,yes,"france, world bank, au",no,no,no,no,2004-04-25,SRC_NELDA
581-2006-0514-P1,COM,Comoros,2006,Executive,no,no,yes,yes,yes,no,yes,yes,no,no,no,no,no,no,no,no,no,no,yes,yes,no,no,,,no,,yes,no,no,,,no,no,no,,,,,yes,yes,no,no,azali assoumani,ahmed abdallah mohamed sambi,yes,yes,no,no,no,yes,no,no,yes,"world bank, france, au",no,no,no,no,2006-05-14,SRC_NELDA
581-2009-1206-L1,COM,Comoros,2009,Legislative/Parliamentary,no,no,yes,no,yes,yes,,,,no,yes,no,no,no,no,yes,no,no,yes,no,,,,no,no,,no,yes,no,,,no,no,no,,,,,,,,,Ahmed Abdallah Sambi,Ahmed Abdallah Sambi,no,,,no,no,yes,no,no,yes,France,no,no,no,no,2009-12-06,SRC_NELDA
581-2009-1206-L2,COM,Comoros,2009,Legislative/Parliamentary,no,no,yes,no,yes,yes,,,,no,yes,no,no,no,no,yes,no,no,yes,no,,,,no,no,,no,yes,no,,,no,no,no,,,,,,,,,Ahmed Abdallah Sambi,Ahmed Abdallah Sambi,no,,,no,no,yes,no,no,yes,France,no,no,no,no,2009-12-20,SRC_NELDA
581-2010-1226-P1,COM,Comoros,2010,Executive,no,no,yes,no,yes,yes,yes,yes,yes,no,yes,no,no,no,yes,yes,no,no,yes,yes,no,yes,yes,no,no,,no,yes,no,,,,no,no,,,,,yes,yes,no,no,Ahmed Abdallah Sambi,Dhoinine,yes,no,,no,no,yes,no,no,yes,France,no,no,no,no,2010-12-26,SRC_NELDA
590-1976-1220-L1,MUS,Mauritius,1976,Legislative/Parliamentary,yes,no,yes,yes,yes,,no,no,no,no,no,yes,yes,no,yes,yes,yes,no,yes,yes,yes,,,yes,no,,yes,,no,,,,yes,no,,,,,no,,,,Ramgoolam,Ramgoolam,no,,,no,no,yes,no,yes,yes,united kingdom,no,yes,no,no,1976-12-20,SRC_NELDA
590-1982-0611-L1,MUS,Mauritius,1982,Legislative/Parliamentary,no,no,yes,yes,yes,no,no,no,no,no,no,no,no,no,no,no,no,yes,yes,yes,yes,,,no,yes,no,yes,no,no,,,no,no,no,,,,,yes,yes,no,no,Ramgoolam,Anerood Jugnauth,no,,,no,no,yes,yes,no,yes,"imf, great britain",no,no,no,no,1982-06-11,SRC_NELDA
590-1983-0821-L1,MUS,Mauritius,1983,Legislative/Parliamentary,no,no,yes,yes,yes,yes,no,no,no,no,no,no,no,no,no,no,no,yes,yes,yes,yes,,,no,no,,yes,no,no,,,no,no,no,,,,,no,,,,anerood jugnauth,anerood jugnauth,no,,,no,no,no,no,no,yes,"imf, great britain",no,no,no,no,1983-08-21,SRC_NELDA
590-1987-0830-L1,MUS,Mauritius,1987,Legislative/Parliamentary,no,no,yes,yes,yes,no,no,no,no,no,no,no,no,no,no,no,no,no,yes,yes,yes,,,no,no,,no,no,no,,,no,no,no,,,,,no,,,,Anerood Jugnauth,Anerood Jugnauth,no,,,no,no,no,no,no,yes,"imf, great britain",no,no,no,no,1987-08-30,SRC_NELDA
590-1991-0915-L1,MUS,Mauritius,1991,Legislative/Parliamentary,no,no,yes,yes,yes,yes,no,no,no,no,no,no,no,no,no,yes,yes,no,no,yes,yes,,,no,no,,no,no,no,,,no,no,no,,,,,no,,,,Anerood Jugnauth,Anerood Jugnauth,no,,,no,no,yes,no,no,yes,"france, uk, wto, un",no,no,no,no,1991-09-15,SRC_NELDA
590-1995-1220-L1,MUS,Mauritius,1995,Legislative/Parliamentary,no,no,yes,yes,yes,no,no,no,no,no,no,no,no,no,no,yes,yes,no,no,yes,yes,,,yes,no,,yes,no,no,,,no,no,no,,,,,yes,yes,no,no,Anerood Jugnauth,Ramgoolam N.,no,,,no,no,yes,no,no,yes,"france, uk, un wto",no,no,no,no,1995-12-20,SRC_NELDA
590-2000-0911-L1,MUS,Mauritius,2000,Legislative/Parliamentary,no,no,yes,yes,yes,yes,no,no,no,no,no,no,no,no,no,yes,yes,no,no,yes,yes,,,yes,no,,yes,no,no,,,no,no,no,,,,,yes,yes,no,no,Ramgoolam N.,Anerood Jugnauth,yes,no,no,no,no,yes,no,no,yes,"france, uk, wto, un",no,no,no,no,2000-09-11,SRC_NELDA
590-2005-0703-L1,MUS,Mauritius,2005,Legislative/Parliamentary,no,no,yes,yes,yes,no,no,no,no,no,no,no,no,no,no,no,yes,no,no,yes,yes,,,yes,no,,yes,no,no,,,,no,no,,,,,yes,yes,no,no,anerood jugnauth,ramgoolam n.,yes,no,,no,no,yes,no,no,yes,"france, uk, wto, un",no,no,no,no,2005-07-03,SRC_NELDA
590-2010-0505-L1,MUS,Mauritius,2010,Legislative/Parliamentary,no,no,yes,yes,yes,no,no,no,no,no,no,no,no,no,no,yes,no,no,yes,yes,yes,,,no,yes,yes,no,,no,,,no,no,no,,,,,no,,,,Navin Ramgoolam,Navin Ramgoolam,yes,no,,no,no,yes,no,no,yes,France,no,no,no,no,2010-05-05,SRC_NELDA
600-1963-0517-L1,MAR,Morocco,1963,Legislative/Parliamentary,yes,yes,yes,yes,yes,,,,no,no,no,yes,yes,no,no,no,no,no,yes,no,,,,,no,,yes,,no,,,no,no,,,,,,,,,,hassan ii,hassan ii,no,,,no,no,yes,no,no,yes,us,no,no,no,no,1963-05-17,SRC_NELDA
600-1970-0821-L1,MAR,Morocco,1970,Legislative/Parliamentary,yes,yes,yes,yes,yes,,,,,no,yes,yes,no,yes,no,yes,yes,no,yes,no,,,,,no,,yes,yes,no,,,no,no,no,,,,,,,,,Hassan II,Hassan II,no,,,no,no,yes,no,no,yes,united states,no,no,no,no,1970-08-21,SRC_NELDA
600-1970-0821-L2,MAR,Morocco,1970,Legislative/Parliamentary,yes,yes,yes,yes,yes,,,,,no,yes,yes,no,yes,no,yes,yes,no,yes,no,,,,,no,,yes,yes,no,,,no,no,no,,,,,,,,,Hassan II,Hassan II,no,,,no,no,yes,no,no,yes,united states,no,no,no,no,1970-08-28,SRC_NELDA
600-1977-0603-L1,MAR,Morocco,1977,Legislative/Parliamentary,yes,no,yes,yes,yes,,,,,no,yes,yes,no,yes,no,yes,yes,no,yes,no,,,,,no,,no,yes,no,,,no,no,no,,,,,no,,,,hassan ii,hassan ii,no,,,no,no,yes,no,no,yes,united states,no,no,no,no,1977-06-03,SRC_NELDA
600-1977-0603-L2,MAR,Morocco,1977,Legislative/Parliamentary,yes,no,yes,yes,yes,,,,,no,yes,yes,no,yes,no,yes,yes,no,yes,no,,,,,no,,no,yes,no,,,no,no,no,,,,,no,,,,Hassan II,Hassan II,no,,,no,no,yes,no,no,yes,united states,no,no,no,no,1977-06-21,SRC_NELDA
600-1984-0914-L1,MAR,Morocco,1984,Legislative/Parliamentary,no,no,yes,yes,yes,yes,,,,no,yes,no,no,no,no,no,yes,no,yes,no,,,,no,no,,yes,no,no,,,no,no,no,,,,,no,,,,Hassan II,Hassan II,no,,,no,no,yes,no,no,yes,imf,no,no,no,no,1984-09-14,SRC_NELDA
600-1993-0625-L1,MAR,Morocco,1993,Legislative/Parliamentary,yes,no,yes,yes,yes,,,,,no,yes,no,no,yes,no,no,no,no,yes,no,,,,yes,no,,yes,no,no,,,no,no,no,,,,,no,,,,Hassan II,Hassan II,no,,,no,no,yes,no,no,yes,"usa, arab league, eu, un",no,no,no,no,1993-06-25,SRC_NELDA
600-1997-1114-L1,MAR,Morocco,1997,Legislative/Parliamentary,no,no,yes,yes,yes,no,,,,no,no,no,yes,no,yes,no,yes,no,yes,no,,,,yes,no,,yes,yes,no,,,,no,no,,,,,no,,,,Hassan II,Hassan II,no,,,no,no,yes,no,no,yes,"usa, arab league, eu, un",no,no,no,no,1997-11-14,SRC_NELDA
600-2002-0927-L1,MAR,Morocco,2002,Legislative/Parliamentary,no,no,yes,yes,yes,no,,,,no,no,no,no,no,no,no,yes,no,yes,no,,,,yes,no,,yes,no,no,,,no,no,no,,,,,no,,,,Muhammad VI,Muhammad VI,no,,,no,no,yes,no,no,yes,"usa, arab league, eu, un",no,no,no,no,2002-09-27,SRC_NELDA
600-2007-0907-L1,MAR,Morocco,2007,Legislative/Parliamentary,no,no,yes,yes,yes,no,,,,no,no,no,no,no,no,yes,no,no,yes,no,,,,no,no,,yes,yes,no,,,no,no,no,,,,,,,,,Mohammed VI,Mohammed VI,yes,yes,no,yes,no,yes,no,no,yes,"EU, UN",no,no,no,no,2007-09-07,SRC_NELDA
615-1962-0920-L1,DZA,Algeria,1962,Legislative/Parliamentary,no,no,no,no,no,yes,,no,no,yes,yes,yes,yes,yes,,yes,no,no,yes,no,,,,,no,,,,no,,,,yes,no,,,,,,,,,ben bella,ben bella,no,,,no,no,yes,no,no,yes,france,no,no,no,no,1962-09-20,SRC_NELDA
615-1963-0915-P1,DZA,Algeria,1963,Executive,no,no,no,no,no,no,no,no,no,no,yes,yes,yes,,,yes,no,no,yes,yes,yes,,,,no,,,yes,no,,,,no,no,,,,,no,,,,ben bella,ben bella,no,,,no,no,yes,no,no,yes,france,no,no,no,no,1963-09-15,SRC_NELDA
615-1964-0920-L1,DZA,Algeria,1964,Legislative/Parliamentary,no,no,no,no,no,yes,no,no,no,no,yes,yes,yes,no,,yes,no,no,yes,no,,,,,no,,,,no,,,,no,no,,,,,,,,,ben bella,ben bella,no,,,no,no,yes,no,no,yes,france,no,no,no,no,1964-09-20,SRC_NELDA
615-1976-1210-P1,DZA,Algeria,1976,Executive,yes,no,no,no,no,,no,yes,no,no,yes,yes,yes,no,,no,yes,no,yes,yes,yes,,,,no,,,,no,,,,no,no,,,,,no,,,,Boumedienne,Boumedienne,no,,,no,no,yes,no,no,yes,france,no,no,no,no,1976-12-10,SRC_NELDA
615-1977-0225-L1,DZA,Algeria,1977,Legislative/Parliamentary,yes,no,no,no,yes,,,no,,no,yes,yes,yes,no,,no,yes,no,yes,no,,,,,no,,no,no,no,,,,no,no,,,,,,,,,Boumedienne,Boumedienne,no,,,no,no,yes,no,no,yes,france,no,no,no,no,1977-02-25,SRC_NELDA
615-1979-0207-P1,DZA,Algeria,1979,Executive,no,no,no,no,no,yes,yes,no,no,no,yes,yes,yes,no,,no,yes,no,yes,yes,no,yes,yes,no,no,,no,no,no,,,,no,no,,,,,yes,yes,no,no,Bitat,Benjedid,no,,,no,no,yes,no,no,yes,france,no,no,no,no,1979-02-07,SRC_NELDA
615-1982-0305-L1,DZA,Algeria,1982,Legislative/Parliamentary,no,no,no,no,yes,no,no,no,no,no,yes,yes,yes,,,yes,no,no,no,no,,,,,no,,,,no,,,,no,no,,,,,,,,,Benjedid,Benjedid,no,,,no,no,yes,no,no,yes,France,no,no,no,no,1982-03-05,SRC_NELDA
615-1984-0112-P1,DZA,Algeria,1984,Executive,no,no,no,no,no,no,no,no,no,no,no,yes,yes,,,no,yes,no,no,yes,yes,,yes,no,no,,no,no,no,,,no,no,no,,,,,no,,,,Benjedid,Benjedid,no,,,no,no,yes,no,no,yes,un,no,no,no,no,1984-01-12,SRC_NELDA
615-1987-0226-L1,DZA,Algeria,1987,Legislative/Parliamentary,no,no,no,no,yes,no,,,,no,yes,yes,yes,yes,yes,yes,no,yes,yes,no,,,,no,no,,no,yes,yes,yes,yes,,no,no,,,,,no,,,,Benjedid,Benjedid,no,,,unclear,unclear,yes,no,no,yes,"opec, france, un",no,no,no,no,1987-02-26,SRC_NELDA
615-1988-1222-P1,DZA,Algeria,1988,Executive,no,no,no,no,no,no,no,no,no,no,no,yes,yes,,,no,no,yes,no,yes,yes,,yes,no,no,,no,no,no,,,no,yes,no,,,,,no,,,,Benjedid,Benjedid,no,,,no,no,yes,no,no,yes,un,no,no,no,no,1988-12-22,SRC_NELDA
615-1991-1226-L1,DZA,Algeria,1991,Legislative/Parliamentary,no,yes,yes,yes,yes,no,,,,no,no,no,no,unclear,yes,unclear,no,yes,yes,no,,,,yes,no,,yes,no,yes,no,no,yes,yes,no,,,,,no,,,,Benjedid,Benjedid,no,,,no,no,yes,yes,no,yes,"un, world bank, us, japan",yes,no,no,no,1991-12-26,SRC_NELDA
615-1995-1116-P1,DZA,Algeria,1995,Executive,no,no,yes,yes,yes,no,yes,no,no,yes,no,no,no,yes,no,no,no,yes,yes,yes,yes,,no,no,yes,no,no,no,no,,,no,yes,no,,,,,no,,,,Zeroual,Zeroual,yes,yes,no,no,no,yes,no,yes,yes,"world bank, un, arab league, usa",no,unclear,no,no,1995-11-16,SRC_NELDA
615-1997-0605-L1,DZA,Algeria,1997,Legislative/Parliamentary,no,no,yes,yes,yes,no,,,,no,yes,yes,yes,yes,yes,yes,yes,no,yes,no,,,,no,no,,no,yes,yes,yes,yes,no,yes,no,,,,,no,,,,Zeroual,Zeroual,yes,yes,yes,no,no,yes,no,no,yes,"un, world bank,eu, arab league, usa",unclear,no,no,no,1997-06-05,SRC_NELDA
615-1999-0415-P1,DZA,Algeria,1999,Executive,no,no,yes,yes,yes,yes,yes,no,no,no,yes,no,no,yes,yes,no,no,no,yes,yes,no,no,,no,no,,no,yes,yes,yes,yes,no,yes,no,,,,,yes,yes,no,no,Zeroual,Bouteflika,no,,,no,no,yes,unclear,no,yes,"eu, un, world bank, usa",unclear,no,no,no,1999-04-15,SRC_NELDA
615-2002-0530-L1,DZA,Algeria,2002,Legislative/Parliamentary,no,no,yes,yes,yes,no,,,,no,yes,yes,no,yes,yes,yes,yes,no,yes,no,,,,no,no,,no,yes,yes,yes,yes,no,yes,no,,,,,no,,,,Bouteflika,Bouteflika,no,,,no,no,yes,no,no,yes,"world bank, arab league, un, usa",no,no,no,no,2002-05-30,SRC_NELDA
615-2004-0408-P1,DZA,Algeria,2004,Executive,no,no,yes,yes,yes,no,yes,yes,no,no,no,no,no,yes,unclear,yes,yes,no,yes,yes,yes,,yes,no,no,,no,no,yes,unclear,yes,no,yes,no,,,,,no,,,,bouteflika,bouteflika,yes,yes,no,no,no,yes,no,yes,yes,"world bank, un usa, arab league",no,unclear,no,no,2004-04-08,SRC_NELDA
615-2007-0517-L1,DZA,Algeria,2007,Legislative/Parliamentary,no,no,yes,yes,yes,no,,,,no,yes,yes,yes,yes,no,no,no,no,yes,no,,,,no,no,,yes,yes,no,,,,yes,no,,,,,,,,,Bouteflika,Bouteflika,no,,,no,no,yes,no,no,yes,"US, EU, OPEC",no,no,no,no,2007-05-17,SRC_NELDA
615-2009-0409-P1,DZA,Algeria,2009,Executive,no,no,yes,yes,yes,no,no,no,yes,no,yes,yes,yes,yes,no,no,no,no,yes,yes,yes,,,no,no,,no,yes,yes,yes,yes,,yes,no,,,,,no,,,,Bouteflika,Bouteflika,yes,no,,no,no,yes,no,no,yes,"US, EU, OPEC",no,no,no,no,2009-04-09,SRC_NELDA
616-1956-0324-A1,TUN,Tunisia,1956,Constituent Assembly,yes,yes,yes,yes,yes,,,,,yes,no,yes,no,no,no,no,no,no,yes,no,,,,,no,,no,no,no,,,no,no,,,,,,,,,,Muhammad al-Amin,Muhammad al-Amin,no,,,no,no,yes,no,no,yes,France,yes,no,yes,no,1956-03-24,SRC_NELDA
616-1959-1108-L1,TUN,Tunisia,1959,Legislative/Parliamentary,no,no,yes,yes,yes,no,,,,no,yes,yes,no,no,yes,no,no,no,no,no,,,,no,no,,no,no,no,,,,no,no,,,,,no,,,,Ben Ali Bourguiba,Ben Ali Bourguiba,no,,,no,no,yes,no,no,yes,"France, Arab League",yes,no,yes,no,1959-11-08,SRC_NELDA
616-1959-1108-P1,TUN,Tunisia,1959,Executive,no,no,yes,yes,no,no,no,no,no,no,yes,yes,no,no,no,no,no,no,no,yes,yes,,,no,no,,no,no,no,,,,no,no,,,,,no,,,,Ben Ali Bourguiba,Ben Ali Bourguiba,no,,,no,no,yes,no,no,yes,"France, World Bank, IMF, Arab League",yes,no,yes,no,1959-11-08,SRC_NELDA
616-1964-1108-L1,TUN,Tunisia,1964,Legislative/Parliamentary,no,no,no,no,no,no,,no,no,no,yes,yes,yes,,,yes,yes,no,yes,no,,,,,no,,,,no,,,,no,no,,,,,,,,,bourguiba,bourguiba,no,,,no,no,yes,no,no,yes,france,no,no,no,no,1964-11-08,SRC_NELDA
616-1964-1108-P1,TUN,Tunisia,1964,Executive,no,no,no,no,no,no,no,no,no,no,yes,yes,yes,,,yes,yes,no,yes,yes,yes,,,,no,,,,no,,,,no,no,,,,,no,,,,bourguiba,bourguiba,no,,,no,no,yes,no,no,yes,france,no,no,no,no,1964-11-08,SRC_NELDA
616-1969-1102-L1,TUN,Tunisia,1969,Legislative/Parliamentary,no,no,no,no,no,no,,no,no,no,yes,yes,yes,,,yes,yes,no,yes,no,,,,,no,,,,no,,,,no,no,,,,,,,,,bourguiba,bourguiba,no,,,no,no,yes,no,no,yes,france,no,no,no,no,1969-11-02,SRC_NELDA
616-1969-1102-P1,TUN,Tunisia,1969,Executive,no,no,no,no,no,no,no,no,no,no,yes,yes,yes,,,yes,yes,no,yes,yes,yes,,,,no,,,,no,,,,no,no,,,,,no,,,,bourguiba,bourguiba,no,,,no,no,yes,no,no,yes,france,no,no,no,no,1969-11-02,SRC_NELDA
616-1974-1103-L1,TUN,Tunisia,1974,Legislative/Parliamentary,no,no,no,no,no,no,no,no,,no,yes,yes,yes,no,,yes,yes,no,yes,no,,,,,no,,no,yes,no,,,,no,no,,,,,,,,,Ben Ali Bourguiba,Ben Ali Bourguiba,no,,,no,no,yes,no,no,yes,usa,no,no,no,no,1974-11-03,SRC_NELDA
616-1974-1103-P1,TUN,Tunisia,1974,Executive,no,no,no,no,no,no,no,no,no,no,yes,yes,yes,no,,yes,yes,no,yes,yes,yes,,,,no,,no,yes,no,,,,no,no,,,,,no,,,,Ben Ali Bourguiba,Ben Ali Bourguiba,no,,,no,no,yes,no,no,yes,usa,no,no,no,no,1974-11-03,SRC_NELDA
616-1979-1104-L1,TUN,Tunisia,1979,Legislative/Parliamentary,no,no,yes,yes,yes,no,,no,no,no,yes,yes,no,no,no,yes,yes,no,yes,no,,,,,no,,no,no,no,,,,no,no,,,,,,,,,Ben Ali Bourguiba,Ben Ali Bourguiba,no,,,no,no,yes,no,no,yes,usa,no,no,no,no,1979-11-04,SRC_NELDA
616-1981-1101-L1,TUN,Tunisia,1981,Legislative/Parliamentary,no,yes,yes,yes,yes,yes,,,,no,yes,yes,yes,no,yes,no,yes,no,yes,no,,,,no,no,,no,yes,no,,,no,no,no,,,,,no,,,,Ben Ali Bourguiba,Ben Ali Bourguiba,no,,,no,no,yes,no,no,yes,"united states, eu",no,no,no,no,1981-11-01,SRC_NELDA
616-1986-0512-L1,TUN,Tunisia,1986,Legislative/Parliamentary,no,no,yes,yes,yes,no,,,,no,yes,yes,yes,yes,yes,yes,no,yes,yes,no,,,,no,yes,yes,no,no,no,,,no,yes,no,,,,,no,,,,Ben Ali Bourguiba,Ben Ali Bourguiba,no,,,no,no,yes,no,no,yes,"united states, france",no,no,no,no,1986-05-12,SRC_NELDA
616-1989-0402-L1,TUN,Tunisia,1989,Legislative/Parliamentary,no,no,yes,yes,yes,yes,,,,no,yes,yes,yes,no,yes,no,yes,no,yes,no,,,,no,yes,yes,no,yes,no,,,no,no,no,,,,,no,,,,Zine Al-Abidine Ben Ali,Zine Al-Abidine Ben Ali,no,,,no,no,yes,no,no,yes,"united states, france",no,no,no,no,1989-04-02,SRC_NELDA
616-1989-0402-P1,TUN,Tunisia,1989,Executive,no,no,yes,yes,no,yes,no,no,no,no,no,yes,no,no,no,no,yes,no,yes,yes,yes,,,no,yes,yes,no,no,no,,,no,no,no,,,,,no,,,,Zine Al-Abidine Ben Ali,Zine Al-Abidine Ben Ali,no,,,no,no,yes,no,no,yes,"united states, france",no,no,no,no,1989-04-02,SRC_NELDA
616-1994-0320-L1,TUN,Tunisia,1994,Legislative/Parliamentary,no,no,yes,yes,yes,no,,,,no,yes,yes,yes,yes,yes,unclear,yes,no,yes,no,,,,no,no,,yes,unclear,no,,,no,no,no,,,,,no,,,,Zine Al-Abidine Ben Ali,Zine Al-Abidine Ben Ali,no,,,no,no,yes,no,no,yes,"arab league, eu, usa",no,no,no,no,1994-03-20,SRC_NELDA
616-1994-0320-P1,TUN,Tunisia,1994,Executive,no,no,yes,yes,no,no,no,no,no,no,unclear,yes,yes,yes,yes,yes,yes,no,yes,yes,yes,,no,no,no,,no,no,no,,,no,no,no,,,,,no,,,,Zine Al-Abidine Ben Ali,Zine Al-Abidine Ben Ali,no,,,no,no,yes,no,no,yes,"arab league, eu, usa",no,no,no,no,1994-03-20,SRC_NELDA
616-1999-1024-L1,TUN,Tunisia,1999,Legislative/Parliamentary,no,no,yes,yes,yes,no,,,,no,no,yes,unclear,yes,unclear,yes,yes,no,yes,no,,,,no,no,,yes,no,no,,,no,no,no,,,,,no,,,,Zine Al-Abidine Ben Ali,Zine Al-Abidine Ben Ali,no,,,no,no,yes,no,no,yes,"arab league, eu, usa",no,no,no,no,1999-10-24,SRC_NELDA
616-1999-1024-P1,TUN,Tunisia,1999,Executive,no,no,yes,yes,yes,no,unclear,no,no,no,no,no,no,yes,yes,yes,yes,no,yes,yes,yes,,no,no,no,,no,unclear,no,,,no,no,no,,,,,no,,,,Zine Al-Abidine Ben Ali,Zine Al-Abidine Ben Ali,no,,,no,no,yes,no,no,yes,"arab league, eu, usa",no,no,no,no,1999-10-24,SRC_NELDA
616-2004-1024-L1,TUN,Tunisia,2004,Legislative/Parliamentary,no,no,yes,yes,yes,no,,,,no,yes,yes,yes,yes,yes,yes,yes,no,yes,no,,,,,no,,no,yes,no,,,no,no,no,,,,,no,,,,zine al-abidine ben ali,zine al-abidine ben ali,no,,,,,yes,no,no,yes,"world bank, arab league, usa, eu",no,no,no,no,2004-10-24,SRC_NELDA
616-2004-1024-P1,TUN,Tunisia,2004,Executive,no,no,yes,yes,yes,no,no,no,yes,no,yes,yes,yes,yes,yes,yes,yes,no,yes,yes,yes,,no,no,no,,no,yes,no,,,no,no,no,,,,,no,,,,zine al-abidine ben ali,zine al-abidine ben ali,no,,,no,no,yes,no,no,yes,"world bank, arab league, usa, eu",no,no,no,no,2004-10-24,SRC_NELDA
616-2009-1025-L1,TUN,Tunisia,2009,Legislative/Parliamentary,no,no,yes,yes,yes,no,,,,no,yes,yes,no,no,yes,yes,yes,no,no,no,,,,no,no,,yes,,no,,,,no,no,,,,,,,,,Zine Al-Abidine Ben Ali,Zine Al-Abidine Ben Ali,yes,no,,yes,no,yes,no,no,yes,EU,no,no,no,no,2009-10-25,SRC_NELDA
616-2009-1025-P1,TUN,Tunisia,2009,Executive,no,no,yes,yes,yes,no,no,no,yes,no,yes,yes,no,no,yes,yes,yes,no,no,yes,yes,,,no,no,,no,,no,,,,no,no,,,,,no,,,,Zine Al-Abidine Ben Ali,Zine Al-Abidine Ben Ali,yes,no,,yes,no,yes,no,no,yes,EU,no,no,no,no,2009-10-25,SRC_NELDA
620-1952-0219-L1,LBY,Libya,1952,Legislative/Parliamentary,yes,yes,yes,yes,yes,,,,,no,yes,yes,no,no,no,no,no,yes,yes,no,,,,no,no,,yes,no,yes,yes,yes,,yes,no,,,,,,,,,Idris,Idris,no,,,no,no,yes,no,no,yes,"Britain, France, USA",no,no,no,no,1952-02-19,SRC_NELDA
620-1956-0107-L1,LBY,Libya,1956,Legislative/Parliamentary,no,no,no,no,yes,no,,,,no,yes,yes,yes,no,no,no,yes,no,yes,no,,,,no,no,,,no,no,,,,no,no,,,,,,,,,Idris,Idris,no,,,no,no,yes,no,no,yes,"USA, France, Italy, Greece, Britain, Arab League, UN",no,no,no,no,1956-01-07,SRC_NELDA
620-1960-0127-L1,LBY,Libya,1960,Legislative/Parliamentary,no,no,no,no,yes,no,no,no,no,no,yes,yes,yes,,,yes,no,no,yes,no,,,,,no,,,,no,,,,no,no,,,,,,,,,Idris,Idris,no,,,no,no,yes,no,no,yes,US,no,no,no,no,1960-01-27,SRC_NELDA
620-1964-1010-L1,LBY,Libya,1964,Legislative/Parliamentary,no,no,yes,no,yes,no,no,no,no,no,yes,yes,yes,no,yes,yes,yes,no,no,no,,,,,no,,no,,no,,,,no,no,,,,,,,,,king idris i,king idris i,no,,,no,no,yes,no,no,yes,britain,no,no,no,no,1964-10-10,SRC_NELDA
620-1965-0508-L1,LBY,Libya,1965,Legislative/Parliamentary,no,no,yes,no,yes,yes,no,no,no,no,no,yes,no,no,no,yes,yes,no,no,no,,,,,no,,no,yes,yes,yes,no,,no,no,,,,,,,,,king idris i,king idris i,no,,,no,no,yes,no,no,yes,britain,no,no,no,no,1965-05-08,SRC_NELDA
625-1958-0227-L1,SDN,Sudan,1958,Legislative/Parliamentary,yes,yes,yes,yes,yes,yes,no,no,no,no,no,no,no,no,no,no,no,yes,yes,yes,yes,,,no,no,,no,,no,,,no,no,no,,,,,no,,,,Khalil,Khalil,no,,,no,no,yes,no,no,yes,UK,no,no,no,no,1958-02-27,SRC_NELDA
625-1958-0308-L1,SDN,Sudan,1958,Legislative/Parliamentary,yes,yes,yes,yes,yes,yes,no,no,no,no,no,no,no,no,no,no,no,yes,yes,yes,yes,,,no,no,,no,,no,,,no,no,no,,,,,no,,,,Khalil,Khalil,no,,,no,no,yes,no,no,yes,UK,no,no,no,no,1958-03-08,SRC_NELDA
625-1965-0421-A1,SDN,Sudan,1965,Constituent Assembly,yes,yes,yes,yes,yes,,yes,no,no,yes,no,no,no,yes,no,no,no,no,yes,yes,no,no,,,no,,,,no,,,,yes,,,,,,yes,yes,no,no,al-khalifa,mahgoub,no,,,no,no,yes,no,no,yes,world bank,no,no,no,no,1965-04-21,SRC_NELDA
625-1965-0421-A2,SDN,Sudan,1967,Constituent Assembly,no,no,yes,yes,yes,yes,,,,no,yes,yes,yes,yes,no,no,no,no,yes,no,,,,,no,,no,,no,,,,no,no,,,,,,,,,mahgoub,mahgoub,no,,,no,no,yes,no,no,yes,world bank,no,no,no,no,1967-03-08,SRC_NELDA
625-1968-0418-A1,SDN,Sudan,1968,Constituent Assembly,no,no,yes,yes,yes,yes,no,no,no,yes,yes,yes,no,yes,no,no,no,no,yes,yes,yes,,,,no,,no,,no,,,,no,no,,,,,no,,,,mahgoub,mahgoub,no,,,no,no,yes,no,no,yes,world bank,no,no,no,no,1968-04-18,SRC_NELDA
625-1971-0915-P1,SDN,Sudan,1971,Executive,yes,no,no,no,no,,no,no,no,no,yes,yes,yes,no,,yes,no,no,yes,yes,yes,,,,no,,,yes,unclear,,,,yes,no,,,,,no,,,,Osman,Nimeiri,no,,,no,no,no,no,no,yes,world bank,no,yes,no,no,1971-09-15,SRC_NELDA
625-1972-0922-A1,SDN,Sudan,1972,Constituent Assembly,yes,no,unclear,unclear,unclear,,no,no,no,no,unclear,yes,yes,no,,,no,no,yes,no,,,,,no,,,,no,,,,no,no,,,,,,,,,Nimeiri,Nimeiri,no,,,no,no,yes,no,no,yes,UN,no,no,no,no,1972-09-22,SRC_NELDA
625-1974-0400-L1,SDN,Sudan,1974,Legislative/Parliamentary,yes,no,no,no,unclear,,no,no,no,no,yes,yes,yes,,,yes,no,no,yes,no,,,,,no,,,,no,,,,no,no,,,,,,,,,Nimeiri,Nimeiri,no,,,no,no,no,no,no,yes,World Bank,no,no,no,no,1974-04-00,SRC_NELDA
625-1977-0403-P1,SDN,Sudan,1977,Executive,no,no,no,no,no,no,no,no,no,no,yes,yes,yes,,,yes,no,no,yes,yes,yes,,,,no,,,yes,unclear,,,,yes,no,,,,,no,,,,Nimeiri,Nimeiri,no,,,no,no,yes,no,no,yes,"us, world bank",no,no,no,no,1977-04-03,SRC_NELDA
625-1978-0202-L1,SDN,Sudan,1978,Legislative/Parliamentary,no,no,no,no,yes,no,no,no,no,no,yes,yes,,,,yes,no,no,yes,no,,,,,no,,yes,,unclear,,,,no,no,,,,,,,,,Nimeiri,Nimeiri,no,,,no,no,yes,no,no,yes,"us, world bank",no,no,no,no,1978-02-02,SRC_NELDA
625-1981-1215-L1,SDN,Sudan,1981,Legislative/Parliamentary,unclear,unclear,unclear,unclear,unclear,unclear,,,,unclear,unclear,unclear,unclear,unclear,unclear,unclear,unclear,unclear,unclear,unclear,,,,unclear,unclear,unclear,unclear,unclear,unclear,unclear,unclear,unclear,unclear,unclear,unclear,unclear,unclear,unclear,unclear,unclear,unclear,unclear,Nimeiri,Nimeiri,unclear,unclear,unclear,unclear,unclear,unclear,unclear,unclear,unclear,unclear,unclear,unclear,unclear,unclear,1981-12-15,SRC_NELDA
625-1983-0414-P1,SDN,Sudan,1983,Executive,no,no,no,no,no,no,no,no,no,no,yes,yes,yes,no,no,no,no,yes,yes,yes,yes,,,no,yes,yes,no,no,no,,,no,no,no,,,,,no,,,,nimeiri,nimeiri,no,,,no,no,yes,no,no,yes,united states,no,no,no,no,1983-04-14,SRC_NELDA
625-1986-0401-L1,SDN,Sudan,1986,Legislative/Parliamentary,yes,yes,yes,yes,yes,,,,,no,no,no,no,no,no,no,no,yes,yes,no,,,,yes,no,,yes,no,no,,,no,yes,no,,,,,yes,no,no,no,Abdul Rahman Swaredahab,Abdul Rahman Swaredahab,no,,,no,no,yes,yes,no,yes,"united states, eu",no,no,no,no,1986-04-01,SRC_NELDA
625-1996-0306-L1,SDN,Sudan,1996,Legislative/Parliamentary,yes,no,yes,no,yes,,,,,no,yes,yes,yes,yes,unclear,unclear,yes,yes,yes,no,,,,no,unclear,,no,no,no,,,,no,,,,,,,,,,Al-Bashir,Al-Bashir,yes,yes,no,no,yes,no,no,no,no,no,no,no,no,no,1996-03-06,SRC_NELDA
625-1996-0306-P1,SDN,Sudan,1996,Executive,yes,no,yes,no,yes,,no,no,no,no,yes,yes,no,yes,unclear,unclear,yes,yes,yes,yes,yes,,,no,unclear,,,no,no,,,unclear,no,no,,,,,no,,,,Al-Bashir,Al-Bashir,yes,yes,no,no,yes,no,no,no,no,no,no,no,no,no,1996-03-06,SRC_NELDA
625-2000-1213-L1,SDN,Sudan,2000,Legislative/Parliamentary,no,no,yes,yes,yes,no,,,,no,yes,yes,no,yes,yes,unclear,yes,yes,yes,no,,,,no,no,,no,no,no,,,,no,,,,no,,,,,no,Al-Bashir,Al-Bashir,yes,no,,unclear,yes,no,,,no,,,,no,no,2000-12-13,SRC_NELDA
625-2000-1213-P1,SDN,Sudan,2000,Executive,no,no,yes,yes,yes,no,no,no,no,no,yes,yes,no,yes,yes,unclear,yes,yes,yes,yes,yes,,,no,no,,no,no,no,,,unclear,no,no,,,,,no,,,,Al-Bashir,Al-Bashir,yes,no,,unclear,yes,no,no,no,no,no,no,no,no,no,2000-12-13,SRC_NELDA
625-2010-0411-L1,SDN,Sudan,2010,Legislative/Parliamentary,yes,no,yes,yes,yes,,,,,no,yes,no,yes,no,yes,yes,yes,yes,yes,no,,,,no,no,,yes,yes,yes,yes,yes,,yes,no,,,,,,,,,Al-Bashir,Al-Bashir,yes,yes,yes,no,unclear,no,no,no,yes,US,no,no,unclear,no,2010-04-11,SRC_NELDA
625-2010-0411-P1,SDN,Sudan,2010,Executive,yes,no,yes,yes,yes,,no,no,no,no,yes,yes,yes,yes,yes,yes,yes,yes,yes,yes,yes,,,no,no,,no,yes,yes,yes,yes,,yes,no,,,,,no,,,,Al-Bashir,Al-Bashir,yes,yes,yes,no,unclear,no,no,no,yes,US,no,no,unclear,no,2010-04-11,SRC_NELDA
630-1960-0803-L1,IRN,Iran,1960,Legislative/Parliamentary,no,yes,yes,yes,yes,no,no,no,no,no,yes,yes,yes,no,yes,no,no,no,yes,no,,,,,no,,no,yes,yes,yes,no,,no,yes,yes,no,yes,no,,,,,shah mohammed riza pahlevi,shah mohammed riza pahlevi,no,,,no,no,yes,no,no,yes,us,no,no,no,no,1960-08-03,SRC_NELDA
630-1961-0110-L1,IRN,Iran,1961,Legislative/Parliamentary,no,no,yes,yes,yes,yes,no,no,no,no,yes,yes,yes,yes,yes,no,no,no,yes,no,,,,,no,,no,yes,yes,yes,yes,,no,no,,,,,,,,,shah mohammed riza pahlevi,shah mohammed riza pahlevi,no,,,no,no,yes,no,no,yes,us,no,no,no,no,1961-01-10,SRC_NELDA
630-1963-0917-L1,IRN,Iran,1963,Legislative/Parliamentary,yes,no,no,no,yes,,no,no,no,yes,yes,yes,yes,,,yes,no,no,yes,no,,,,,no,,,no,no,,,,yes,no,,,,,,,,,shah mohammed riza pahlevi,shah mohammed riza pahlevi,no,,,no,no,yes,no,no,yes,us,no,no,no,no,1963-09-17,SRC_NELDA
630-1967-0804-A1,IRN,Iran,1967,Constituent Assembly,no,no,no,yes,yes,,,,,no,yes,yes,yes,,,yes,yes,no,no,no,,,,,no,,,no,no,,,,no,,,,,,,,,,shah mohammed riza pahlevi,shah mohammed riza pahlevi,no,,,no,no,yes,no,no,yes,us,no,no,no,no,1967-08-04,SRC_NELDA
630-1967-0804-L1,IRN,Iran,1967,Legislative/Parliamentary,no,no,no,yes,yes,no,no,no,no,no,yes,yes,yes,,,yes,yes,no,no,no,,,,,no,,,no,no,,,,no,no,,,,,,,,,shah mohammed riza pahlevi,shah mohammed riza pahlevi,no,,,no,no,yes,no,no,yes,us,no,no,no,no,1967-08-04,SRC_NELDA
630-1971-0709-L1,IRN,Iran,1971,Legislative/Parliamentary,no,no,yes,yes,yes,no,no,no,no,no,yes,yes,no,yes,yes,yes,yes,no,no,no,,,,,no,,no,no,no,,,,no,no,,,,,,,,,Mohammad Reza,Mohammad Reza,no,,,no,no,yes,no,no,yes,us,no,no,no,no,1971-07-09,SRC_NELDA
630-1975-0720-L1,IRN,Iran,1975,Legislative/Parliamentary,no,no,no,no,yes,no,no,no,no,no,yes,yes,yes,,,yes,no,no,no,no,,,,,no,,,yes,no,,,,no,no,,,,,,,,,Mohammad Reza,Mohammad Reza,no,,,no,no,yes,no,no,yes,us,no,no,no,no,1975-07-20,SRC_NELDA
630-1979-0803-A1,IRN,Iran,1979,Constituent Assembly,no,no,yes,yes,yes,yes,no,no,no,no,no,no,no,no,no,no,no,no,no,yes,yes,,,,no,,yes,,no,,,no,yes,,,,,,yes,yes,no,no,Ayatollah Khomeini,Ayatollah Khomeini,no,,,no,no,no,yes,no,yes,us,yes,no,yes,no,1979-08-03,SRC_NELDA
630-1980-0125-P1,IRN,Iran,1980,Executive,yes,no,no,no,yes,,,,,no,yes,no,,,,no,no,yes,no,no,,,,no,yes,,,no,no,,,no,yes,no,,,,,,,,,Ayatollah Khomeini,Ayatollah Khomeini,no,,,no,no,no,,,no,,,,no,no,1980-01-25,SRC_NELDA
630-1980-0314-L1,IRN,Iran,1980,Legislative/Parliamentary,yes,no,yes,yes,yes,,,,,no,yes,no,yes,yes,no,no,no,yes,no,no,,,,,no,,,yes,no,,,no,no,no,,,,,no,,,,Ayatollah Khomeini,Ayatollah Khomeini,no,,,,,no,,,no,,,,no,no,1980-03-14,SRC_NELDA
630-1980-0314-L2,IRN,Iran,1980,Legislative/Parliamentary,yes,no,yes,yes,yes,,,,,no,yes,no,yes,yes,no,no,no,yes,no,no,,,,,no,,,yes,no,,,no,no,no,,,,,no,,,,Ayatollah Khomeini,Ayatollah Khomeini,no,,,,,no,,,no,,,,no,no,1980-05-09,SRC_NELDA
630-1981-0724-P1,IRN,Iran,1981,Executive,no,no,no,no,yes,yes,,,,no,yes,no,,,,no,no,yes,no,no,,,,,yes,,,no,no,,,no,yes,no,,,,,,,,,Ayatollah Khomeini,Ayatollah Khomeini,no,,,no,no,no,,,no,,,,no,no,1981-07-24,SRC_NELDA
630-1981-1002-P1,IRN,Iran,1981,Executive,no,no,no,no,yes,yes,,,,no,yes,no,,,,no,no,yes,no,no,,,,,yes,,,no,no,,,,yes,no,,,,,,,,,ayatollah khomeini,ayatollah khomeini,no,,,no,no,no,,,no,,,,no,no,1981-10-02,SRC_NELDA
630-1984-0415-L1,IRN,Iran,1984,Legislative/Parliamentary,no,no,yes,yes,yes,no,,,,no,yes,no,yes,yes,no,no,no,yes,no,no,,,,yes,yes,yes,no,yes,no,,,yes,no,no,,,,,no,,,,Ayatollah Khomeini,Ayatollah Khomeini,no,,,,,no,,,no,,,,no,no,1984-04-15,SRC_NELDA
630-1984-0415-L2,IRN,Iran,1984,Legislative/Parliamentary,no,no,yes,yes,yes,no,,,,no,yes,no,yes,yes,no,no,no,yes,no,no,,,,yes,yes,yes,no,yes,no,,,yes,no,no,,,,,no,,,,Ayatollah Khomeini,Ayatollah Khomeini,no,,,,,no,,,no,,,,no,no,1984-05-17,SRC_NELDA
630-1985-0816-P1,IRN,Iran,1985,Executive,no,no,no,no,yes,no,,,,no,yes,no,,,,no,no,yes,no,no,,,,no,yes,yes,no,no,no,,,,yes,no,,,,,,,,,Ayatollah Khomeini,Ayatollah Khomeini,no,,,no,no,no,,,no,,,,no,no,1985-08-16,SRC_NELDA
630-1988-0408-L1,IRN,Iran,1988,Legislative/Parliamentary,no,no,yes,yes,yes,no,,,,no,yes,no,yes,yes,no,no,no,yes,no,no,,,,yes,yes,yes,no,yes,no,,,no,no,no,,,,,no,,,,ayatollah khomeini,ayatollah khomeini,no,,,,,no,,,no,,,,no,no,1988-04-08,SRC_NELDA
630-1988-0408-L2,IRN,Iran,1988,Legislative/Parliamentary,no,no,yes,yes,yes,no,,,,no,yes,no,yes,yes,no,no,no,yes,no,no,,,,yes,yes,yes,no,yes,no,,,no,no,no,,,,,no,,,,Ayatollah Khomeini,Ayatollah Khomeini,no,,,,,no,,,no,,,,no,no,1988-05-13,SRC_NELDA
630-1989-0728-P1,IRN,Iran,1989,Executive,no,no,yes,no,yes,yes,yes,no,no,no,yes,yes,yes,no,no,no,no,yes,no,no,no,no,,no,yes,,yes,no,no,,,no,no,no,,,,,yes,no,no,no,Ayatollah Khomeini,Khamenei,no,,,no,no,no,,,no,,,,no,no,1989-07-28,SRC_NELDA
630-1992-0410-L1,IRN,Iran,1992,Legislative/Parliamentary,no,no,yes,no,yes,no,,,,no,yes,yes,yes,no,yes,yes,no,no,no,no,,,,no,no,,no,yes,yes,no,yes,,no,no,,,,,no,,,,rafsanjani,rafsanjani,no,,,no,no,no,no,no,no,,,,no,no,1992-04-10,SRC_NELDA
630-1992-0410-L2,IRN,Iran,1992,Legislative/Parliamentary,no,no,yes,no,yes,no,,,,no,no,yes,yes,no,unclear,no,no,no,no,no,,,,no,no,,no,unclear,no,,,,no,no,,,,,no,,,,Rafsanjani,Rafsanjani,no,,,unclear,unclear,no,no,no,no,,,,no,no,1992-05-08,SRC_NELDA
630-1993-0611-P1,IRN,Iran,1993,Executive,no,no,yes,no,yes,no,no,no,no,no,yes,yes,yes,no,no,no,no,no,yes,yes,yes,,,no,no,,no,no,no,,,no,no,no,,,,,no,,,,Rafsanjani,Rafsanjani,no,,,unclear,no,no,no,no,yes,the imf and ibrd.,no,no,no,no,1993-06-11,SRC_NELDA
630-1996-0308-L1,IRN,Iran,1996,Legislative/Parliamentary,no,no,yes,no,yes,no,,,,no,yes,unclear,yes,yes,no,no,no,no,no,no,,,,no,no,,yes,no,no,,,yes,no,,,,,,no,,,,Rafsanjani,Rafsanjani,no,,,unclear,unclear,no,no,no,no,,,,no,no,1996-03-08,SRC_NELDA
630-1996-0308-L2,IRN,Iran,1996,Legislative/Parliamentary,no,no,yes,no,yes,no,,,,no,yes,no,yes,yes,no,no,no,no,no,no,,,,no,no,,yes,no,no,,,unclear,no,,,,,,no,,,,Rafsanjani,Rafsanjani,no,,,unclear,unclear,no,no,no,no,,,,no,no,1996-04-19,SRC_NELDA
630-1997-0523-P1,IRN,Iran,1997,Executive,no,no,yes,no,yes,no,yes,yes,no,no,yes,yes,yes,no,no,no,no,no,yes,yes,no,yes,no,,no,,yes,no,no,,,no,no,,,,,,yes,no,no,no,Rafsanjani,Khatami,no,,,unclear,no,no,no,no,yes,trade relations with europe and japan.,no,no,no,no,1997-05-23,SRC_NELDA
630-1998-1023-L1,IRN,Iran,1998,Legislative/Parliamentary,no,no,yes,yes,yes,no,,,,no,yes,yes,yes,yes,no,no,no,no,yes,no,,,,yes,no,,yes,yes,yes,yes,no,no,no,,,,,,no,,,,Khatami,Khatami,yes,yes,yes,no,no,no,no,no,yes,"un, opec",no,no,no,no,1998-10-23,SRC_NELDA
630-2000-0218-L1,IRN,Iran,2000,Legislative/Parliamentary,no,no,yes,yes,yes,no,,,,no,unclear,yes,yes,unclear,unclear,no,no,no,no,no,,,,no,no,,no,yes,yes,yes,no,,no,no,,,,,no,,,,Khatami,Khatami,no,,,unclear,unclear,no,no,no,yes,"Europe, Japan",no,no,no,no,2000-02-18,SRC_NELDA
630-2000-0218-L2,IRN,Iran,2000,Legislative/Parliamentary,no,no,yes,yes,yes,yes,,,,no,yes,yes,yes,unclear,unclear,no,no,no,no,no,,,,no,no,,no,no,no,,,,no,no,,,,,no,,,,Khatami,Khatami,no,,,unclear,unclear,no,no,no,yes,"Europe, Japan",no,no,no,no,2000-05-05,SRC_NELDA
630-2001-0608-P1,IRN,Iran,2001,Executive,no,no,yes,yes,yes,no,no,no,no,no,yes,yes,yes,no,no,no,no,no,no,yes,yes,,,no,no,,no,no,no,,,,no,no,,,,,no,,,,Khatami,Khatami,no,,,unclear,no,no,no,no,yes,"Europe, Japan",no,no,no,no,2001-06-08,SRC_NELDA
630-2004-0220-L1,IRN,Iran,2004,Legislative/Parliamentary,no,no,yes,yes,yes,no,,,,no,yes,unclear,yes,yes,yes,no,no,no,no,no,,,,yes,no,,yes,yes,no,,,no,no,,,,,,no,,,,khatami,khatami,no,,,unclear,unclear,no,no,no,yes,"Europe, Japan",no,no,no,no,2004-02-20,SRC_NELDA
630-2004-0220-L2,IRN,Iran,2004,Legislative/Parliamentary,no,no,yes,yes,yes,no,,,,no,yes,no,yes,no,yes,no,no,no,no,no,,,,yes,no,,no,yes,no,,,no,no,,,,,,no,,,,khatami,khatami,no,,,no,no,no,no,no,yes,"Europe, Japan",no,no,no,no,2004-05-07,SRC_NELDA
630-2005-0617-P1,IRN,Iran,2005,Executive,no,no,yes,yes,yes,no,yes,yes,no,no,no,no,no,no,no,no,no,no,yes,yes,no,no,,yes,no,,yes,no,no,,,,no,,,,,,no,,,,khatami,khatami,no,,,no,no,no,yes,no,yes,"eu, iaea",yes,no,no,no,2005-06-17,SRC_NELDA
630-2005-0617-P2,IRN,Iran,2005,Executive,no,no,yes,yes,yes,no,yes,yes,no,no,no,no,no,no,no,no,no,no,yes,yes,no,no,,yes,no,,yes,no,no,,,,no,,,,,,yes,yes,no,no,khatami,ahmadi-nejad,no,,,no,no,no,yes,no,yes,"eu, iaea",yes,no,no,no,2005-06-24,SRC_NELDA
630-2008-0314-L1,IRN,Iran,2008,Legislative/Parliamentary,no,no,yes,yes,yes,no,,,,no,yes,yes,yes,no,yes,no,no,no,no,no,,,,no,no,,no,yes,no,,,,yes,no,,,,,,,,,Mahmoud Ahmadinejad,Ahmadinejad,no,,,no,no,no,yes,no,no,,yes,no,no,no,2008-03-14,SRC_NELDA
630-2008-0314-L2,IRN,Iran,2008,Legislative/Parliamentary,no,no,yes,yes,yes,no,,,,no,yes,yes,yes,no,yes,no,no,no,no,no,,,,no,no,,yes,yes,no,,,,yes,no,,,,,,,,,Mahmoud Ahmadinejad,Mahmoud Ahmadinejad,no,,,no,no,no,yes,no,no,,yes,no,no,no,2008-04-25,SRC_NELDA
630-2009-0612-P1,IRN,Iran,2009,Executive,no,no,yes,yes,yes,no,no,no,no,no,yes,yes,yes,no,yes,no,no,yes,no,yes,yes,,,no,yes,unclear,no,yes,yes,yes,yes,,yes,no,,,,,no,,,,Mahmoud Ahmadinejad,Mahmoud Ahmadinejad,no,,,yes,,no,yes,no,no,,yes,no,no,no,2009-06-12,SRC_NELDA
640-1946-0721-L1,TUR,Turkey,1946,Legislative/Parliamentary,no,yes,yes,yes,yes,yes,no,no,no,no,yes,yes,no,yes,yes,yes,no,no,no,yes,,,,no,yes,,yes,yes,yes,yes,no,,no,no,,,,,no,,,,Inonu,Inonu,no,,,no,no,yes,no,yes,yes,Russia,yes,no,no,yes,1946-07-21,SRC_NELDA
640-1950-0514-L1,TUR,Turkey,1950,Legislative/Parliamentary,no,no,yes,yes,yes,no,no,no,no,no,no,no,no,no,no,no,no,no,yes,yes,yes,,,yes,yes,no,yes,,no,,,no,no,,,,,,yes,yes,no,no,Inonu,Menderes,no,,,no,no,yes,no,yes,yes,Russia,yes,no,no,yes,1950-05-14,SRC_NELDA
640-1954-0502-L1,TUR,Turkey,1954,Legislative/Parliamentary,no,no,yes,yes,yes,no,no,no,no,no,no,no,yes,no,yes,yes,yes,no,yes,yes,yes,,,no,yes,yes,no,,no,,,,no,no,,,,,no,,,,Menderes,Menderes,no,,,no,no,yes,no,yes,yes,NATO,no,yes,no,no,1954-05-02,SRC_NELDA
640-1957-1027-L1,TUR,Turkey,1957,Legislative/Parliamentary,no,no,yes,yes,yes,yes,no,no,no,no,yes,no,yes,no,yes,yes,no,yes,yes,yes,yes,,,no,no,,yes,yes,yes,yes,yes,,yes,no,,,,,no,,,,Menderes,Menderes,no,,,yes,no,yes,no,no,yes,NATO,no,no,no,yes,1957-10-27,SRC_NELDA
640-1961-1015-L1,TUR,Turkey,1961,Legislative/Parliamentary,yes,no,yes,yes,yes,,yes,no,no,no,yes,yes,yes,no,yes,no,yes,no,no,yes,no,yes,yes,yes,no,,no,no,no,,,,no,no,,,,,yes,no,no,no,Gursel,Inonu,no,,,no,no,yes,no,no,yes,oecd,no,no,no,no,1961-10-15,SRC_NELDA
640-1964-0607-L1,TUR,Turkey,1964,Legislative/Parliamentary,no,no,yes,yes,yes,no,no,no,no,no,no,no,no,no,no,no,yes,no,yes,yes,yes,,,yes,no,,yes,,no,,,no,no,,,,,,no,,,,Inonu,Inonu,no,,,no,no,yes,no,no,yes,NATO,no,no,no,no,1964-06-07,SRC_NELDA
640-1965-1010-L1,TUR,Turkey,1965,Legislative/Parliamentary,no,no,yes,yes,yes,no,yes,no,no,no,no,,no,no,no,no,yes,no,no,yes,no,yes,yes,yes,no,,no,no,no,,,,no,no,,,,,yes,yes,no,no,Urguplu,Demirel,no,,,no,no,yes,no,no,yes,oecd,no,no,no,no,1965-10-10,SRC_NELDA
640-1966-0605-L1,TUR,Turkey,1966,Legislative/Parliamentary,no,no,yes,yes,yes,no,no,no,no,no,no,no,no,no,no,no,yes,no,no,yes,yes,,,,no,,no,no,no,,,,no,no,,,,,no,,,,Demirel,Demirel,no,,,no,no,yes,no,no,yes,NATO,no,no,no,no,1966-06-05,SRC_NELDA
640-1968-0602-L1,TUR,Turkey,1968,Legislative/Parliamentary,no,no,yes,yes,yes,no,no,no,no,no,no,no,no,no,no,no,yes,no,no,yes,,,,,no,,no,,no,,,,yes,no,,,,,no,,,,Demirel,Demirel,no,,,no,no,yes,no,no,yes,NATO,no,no,no,no,1968-06-02,SRC_NELDA
640-1969-1012-L1,TUR,Turkey,1969,Legislative/Parliamentary,no,no,yes,yes,yes,no,no,no,no,no,no,yes,no,no,no,no,yes,no,no,yes,yes,,,no,no,,no,no,no,,,,no,no,,,,,no,,,,Demirel,Demirel,no,,,no,no,yes,no,no,yes,oecd,no,no,no,no,1969-10-12,SRC_NELDA
640-1973-1014-L1,TUR,Turkey,1973,Legislative/Parliamentary,no,no,yes,yes,yes,yes,no,no,no,no,no,no,no,no,no,no,no,no,no,yes,yes,,,,no,,yes,,no,,,no,yes,,,,,,yes,yes,no,no,Talu,Talu,no,,,no,no,yes,yes,no,yes,us,yes,no,yes,no,1973-10-14,SRC_NELDA
640-1975-1012-L1,TUR,Turkey,1975,Legislative/Parliamentary,no,no,yes,yes,yes,no,no,no,no,no,no,no,no,no,yes,no,no,no,no,yes,yes,,,,yes,no,yes,,no,,,no,yes,,,,,,no,,,,Demirel,Demirel,no,,,no,no,no,no,yes,yes,NATO,no,no,yes,yes,1975-10-12,SRC_NELDA
640-1977-0605-L1,TUR,Turkey,1977,Legislative/Parliamentary,no,no,yes,yes,yes,yes,no,no,no,no,no,no,no,no,no,no,no,yes,yes,yes,yes,,,,no,,yes,no,no,,,,yes,no,,,,,yes,yes,no,no,Demirel,Ecevit,no,,,no,no,no,no,yes,yes,imf,yes,no,no,yes,1977-06-05,SRC_NELDA
640-1979-1014-L1,TUR,Turkey,1979,Legislative/Parliamentary,no,no,yes,yes,yes,no,no,no,no,no,no,no,no,no,no,no,no,no,yes,yes,yes,,,,no,,yes,,no,,,no,yes,,,,,,yes,yes,no,no,Ecevit,Demirel,no,,,no,no,yes,no,no,yes,NATO,no,no,no,no,1979-10-14,SRC_NELDA
640-1982-1107-P1,TUR,Turkey,1982,Executive,yes,no,no,no,no,,no,no,no,yes,yes,yes,yes,no,no,no,yes,yes,yes,yes,yes,,no,no,yes,yes,no,no,no,,,no,no,no,,,,,no,,,,Evren,Evren,no,,,no,no,yes,no,no,yes,"united states, e.u.",no,no,yes,yes,1982-11-07,SRC_NELDA
640-1983-1106-L1,TUR,Turkey,1983,Legislative/Parliamentary,yes,no,yes,yes,yes,,yes,no,no,yes,yes,,yes,no,yes,no,yes,no,yes,yes,no,yes,yes,yes,no,,yes,no,no,,,,no,no,,,,,yes,yes,no,no,Evren,Ozal,no,,,no,no,yes,yes,no,yes,"united states, eu",no,no,no,no,1983-11-06,SRC_NELDA
640-1987-1129-L1,TUR,Turkey,1987,Legislative/Parliamentary,no,no,yes,yes,yes,no,no,no,no,no,yes,,yes,no,yes,no,yes,no,yes,yes,yes,,,no,no,,no,no,no,,,no,no,no,,,,,no,,,,Ozal,Ozal,no,,,no,no,yes,no,no,yes,"united states, eu",no,no,no,no,1987-11-29,SRC_NELDA
640-1991-1020-L1,TUR,Turkey,1991,Legislative/Parliamentary,no,no,yes,yes,yes,yes,no,no,no,no,no,no,yes,no,no,no,no,no,yes,yes,yes,,,yes,yes,no,yes,no,no,,,no,no,no,,,,,yes,yes,no,no,Yilmaz,Demirel,no,,,yes,,yes,no,no,yes,u.s. and european union,no,no,no,no,1991-10-20,SRC_NELDA
640-1995-1224-L1,TUR,Turkey,1995,Legislative/Parliamentary,no,no,yes,yes,yes,yes,no,no,no,no,no,no,no,no,no,no,no,no,yes,yes,yes,,,yes,no,,yes,no,no,,,no,no,no,,,,,no,,,,Ciller,Ciller,no,,,yes,no,yes,no,no,yes,the united states and european union.,no,no,no,no,1995-12-24,SRC_NELDA
640-1999-0418-L1,TUR,Turkey,1999,Legislative/Parliamentary,no,no,yes,yes,yes,no,no,no,no,no,yes,no,yes,no,yes,no,no,no,no,yes,yes,,,no,unclear,,yes,no,no,,,unclear,no,no,,,,,no,,,,Ecevit,Ecevit,no,,,yes,,yes,no,no,yes,european union and united states,no,no,no,no,1999-04-18,SRC_NELDA
640-2002-1103-L1,TUR,Turkey,2002,Legislative/Parliamentary,no,no,yes,yes,yes,no,no,no,no,no,yes,no,yes,no,yes,no,no,yes,yes,yes,yes,,,yes,yes,no,yes,no,no,,,no,no,no,,,,,yes,yes,no,no,Ecevit,Abdullah Gul,yes,yes,no,no,no,yes,no,no,yes,"imf, eu, u.s.",no,no,no,no,2002-11-03,SRC_NELDA
640-2007-0722-L1,TUR,Turkey,2007,Legislative/Parliamentary,no,no,yes,yes,yes,yes,no,no,no,no,no,yes,no,no,no,no,yes,no,yes,yes,yes,,,no,yes,yes,yes,,no,,,,no,no,,,,,no,,,,Recep Erdogan,Recep Erdogan,yes,yes,no,no,no,no,no,no,yes,"US, EU, UK, Germany, France",no,no,no,no,2007-07-22,SRC_NELDA
645-1947-0310-L1,IRQ,Iraq,1947,Legislative/Parliamentary,no,yes,yes,yes,yes,no,,,,no,yes,yes,yes,yes,yes,yes,no,no,yes,no,,,,no,no,,no,yes,no,,,,no,no,,,,,no,,,,Abdul-Ilah,Abdul-Ilah,no,,,no,no,yes,no,no,yes,United Kingdom,yes,no,no,no,1947-03-10,SRC_NELDA
645-1948-0615-L1,IRQ,Iraq,1948,Legislative/Parliamentary,no,no,yes,yes,yes,yes,,,,yes,yes,yes,yes,no,no,yes,no,yes,yes,no,,,,no,no,,no,yes,no,,,,yes,no,,,,,no,,,,Abdul-Ilah,Abdul-Ilah,no,,,no,no,no,no,no,yes,United Kingdom,no,yes,no,no,1948-06-15,SRC_NELDA
645-1953-0117-L1,IRQ,Iraq,1953,Legislative/Parliamentary,no,no,yes,yes,yes,yes,,,,yes,yes,yes,no,no,no,yes,no,no,yes,no,,,,no,no,,yes,yes,no,,,,no,no,,,,,no,,,,Abdul-Ilah,Abdul-Ilah,no,,,no,no,no,no,no,yes,United Kingdom,no,no,no,no,1953-01-17,SRC_NELDA
645-1954-0912-L1,IRQ,Iraq,1954,Legislative/Parliamentary,no,no,yes,yes,yes,yes,,,,no,yes,yes,yes,yes,no,yes,no,no,yes,no,,,,no,yes,yes,no,yes,no,,,,no,no,,,,,no,,,,Faisal II,Faisal II,no,,,no,no,no,no,yes,yes,"United Kingdom, United States",no,yes,no,no,1954-09-12,SRC_NELDA
645-1958-0505-L1,IRQ,Iraq,1958,Legislative/Parliamentary,no,no,no,no,yes,yes,,,,no,yes,yes,yes,yes,no,yes,no,no,yes,no,,,,no,yes,yes,no,yes,no,,,,no,no,,,,,no,,,,Faisal II,Faisal II,no,,,no,no,yes,no,no,yes,United Kingdom,no,no,no,no,1958-05-05,SRC_NELDA
645-1980-0620-L1,IRQ,Iraq,1980,Legislative/Parliamentary,yes,no,no,no,yes,,,,,no,no,yes,yes,no,no,no,yes,no,yes,no,,,,no,no,,no,no,no,,,no,no,no,,,,,no,,,,Saddam Hussein,Saddam Hussein,no,no,no,no,no,yes,no,no,yes,united states,no,no,yes,no,1980-06-20,SRC_NELDA
645-1984-1020-L1,IRQ,Iraq,1984,Legislative/Parliamentary,no,no,no,no,yes,no,,,,no,no,yes,yes,no,yes,yes,no,no,yes,no,,,,no,no,,no,no,no,,,no,no,no,,,,,no,,,,Saddam Hussein,Saddam Hussein,no,,no,no,no,yes,no,yes,yes,united states,no,yes,no,no,1984-10-20,SRC_NELDA
645-1989-0401-L1,IRQ,Iraq,1989,Legislative/Parliamentary,no,no,no,no,yes,no,,,,no,no,yes,yes,no,yes,yes,no,no,yes,no,,,,no,no,,no,no,no,,,no,no,no,,,,,no,,,,Saddam Hussein,Saddam Hussein,yes,yes,no,no,no,yes,no,no,yes,united states,no,no,no,no,1989-04-01,SRC_NELDA
645-1995-1015-P1,IRQ,Iraq,1995,Executive,no,no,no,yes,no,no,no,no,no,no,yes,yes,no,yes,no,yes,no,no,no,yes,yes,,no,no,no,,no,no,no,,,,no,no,,,,,no,,,,Saddam Hussein,Saddam Hussein,no,,,no,no,no,no,no,no,,,,yes,no,1995-10-15,SRC_NELDA
645-1996-0324-L1,IRQ,Iraq,1996,Legislative/Parliamentary,no,yes,yes,yes,yes,yes,,,,no,yes,yes,yes,no,yes,yes,no,yes,no,no,,,,no,no,,yes,no,no,,,no,no,no,,,,,no,,,,Saddam Hussein,Saddam Hussein,no,,,no,no,no,no,no,yes,"france, UN",no,no,yes,no,1996-03-24,SRC_NELDA
645-2000-0327-L1,IRQ,Iraq,2000,Legislative/Parliamentary,no,no,yes,no,yes,no,,,,no,yes,yes,yes,no,no,yes,no,yes,no,no,,,,no,no,,no,no,no,,,no,no,no,,,,,no,,,,Saddam Hussein,Saddam Hussein,no,,,no,no,no,no,no,no,,,,yes,no,2000-03-27,SRC_NELDA
645-2005-0130-A1,IRQ,Iraq,2005,Constituent Assembly,no,yes,yes,yes,yes,no,,,,yes,no,no,no,yes,no,no,no,no,yes,no,,,,no,no,,yes,yes,yes,yes,yes,no,yes,no,,,,,no,,,,iyad allawi,iyad allawi,yes,yes,no,no,no,yes,no,no,yes,"imf, usa, eu",no,no,no,no,2005-01-30,SRC_NELDA
645-2005-1215-L1,IRQ,Iraq,2005,Legislative/Parliamentary,no,no,yes,yes,yes,no,yes,no,no,yes,no,no,no,yes,no,no,no,no,yes,yes,yes,,yes,no,unclear,,yes,yes,yes,yes,yes,no,yes,no,,,,,yes,yes,no,no,iyad allawi,nuri al-maliki,yes,yes,no,no,no,yes,no,no,yes,"usa, uk, imf, un",no,no,no,no,2005-12-15,SRC_NELDA
645-2010-0307-L1,IRQ,Iraq,2010,Legislative/Parliamentary,no,no,yes,yes,yes,yes,,,,no,yes,no,yes,no,no,no,yes,no,yes,no,,,,yes,yes,yes,yes,yes,yes,yes,no,no,yes,no,,,,,,,,,al-Maliki,al-Maliki,yes,yes,yes,no,no,yes,no,no,yes,"US, italy, Netherlands, UN,",no,no,no,no,2010-03-07,SRC_NELDA
651-1945-0108-L1,EGY,Egypt,1945,Legislative/Parliamentary,no,no,yes,yes,yes,yes,,,,no,yes,no,no,yes,no,no,no,no,no,no,,,,no,no,,yes,yes,no,,,no,no,no,,,,,,,,,Farouk,Farouk,no,,,no,no,yes,no,no,yes,UK,no,no,no,no,1945-01-08,SRC_NELDA
651-1950-0103-L1,EGY,Egypt,1950,Legislative/Parliamentary,no,no,yes,yes,yes,no,,,,no,yes,no,no,no,no,no,no,no,no,no,,,,no,no,,yes,yes,no,,,no,no,no,,,,,,,,,Farouk,Farouk,no,,,no,no,yes,no,no,yes,UK,no,no,no,no,1950-01-03,SRC_NELDA
651-1950-0103-L2,EGY,Egypt,1950,Legislative/Parliamentary,no,no,yes,yes,yes,no,,,,no,yes,no,no,no,no,no,no,no,no,no,,,,no,no,,yes,yes,no,,,no,no,no,,,,,,,,,Farouk,Farouk,no,,,no,no,yes,no,no,yes,UK,no,no,no,no,1950-01-10,SRC_NELDA
651-1956-0623-P1,EGY,Egypt,1956,Executive,yes,no,no,yes,no,,no,no,no,yes,yes,yes,no,no,no,yes,no,no,no,yes,yes,,,no,no,,no,yes,no,,,,no,no,,,,,no,,,,Nasser,Nasser,no,,,no,no,no,no,no,yes,UK,no,no,no,no,1956-06-23,SRC_NELDA
651-1957-0703-L1,EGY,Egypt,1957,Legislative/Parliamentary,yes,no,no,no,yes,yes,,,,no,yes,yes,,,,yes,no,no,no,no,,,,no,no,,,yes,no,,,,no,no,,,,,,,,,Nasser,Nasser,no,,,no,no,no,no,no,yes,UK,no,no,no,no,1957-07-03,SRC_NELDA
651-1957-0703-L2,EGY,Egypt,1957,Legislative/Parliamentary,yes,no,no,no,yes,yes,,,,no,yes,yes,,,,yes,no,no,no,no,,,,no,no,,,yes,no,,,,no,no,,,,,,,,,Nasser,Nasser,no,,,no,no,no,no,no,yes,UK,no,no,no,no,1957-07-14,SRC_NELDA
651-1958-0221-P1,EGY,Egypt,1958,Executive,no,no,no,no,no,yes,no,no,no,no,yes,yes,,,,yes,no,no,no,yes,yes,,,no,no,,,yes,no,,,,no,no,,,,,no,,,,Nasser,Nasser,no,,,no,no,no,no,no,yes,UK,no,no,no,no,1958-02-21,SRC_NELDA
651-1964-0310-L1,EGY,Egypt,1964,Legislative/Parliamentary,no,no,no,no,yes,yes,,,,no,no,yes,yes,no,no,no,yes,no,no,no,,,,no,no,,no,no,no,,,,no,no,,,,,no,,,,Nasser,Nasser,no,,,no,no,yes,no,no,yes,united nations,no,no,no,no,1964-03-10,SRC_NELDA
651-1964-0310-L2,EGY,Egypt,1964,Legislative/Parliamentary,no,no,no,no,yes,yes,,,,no,no,yes,yes,no,no,no,yes,no,no,no,,,,no,no,,no,no,no,,,,no,no,,,,,no,,,,Nasser,Nasser,no,,,no,no,yes,no,no,yes,united nations,no,no,no,no,1964-03-19,SRC_NELDA
651-1965-0315-P1,EGY,Egypt,1965,Executive,no,no,no,no,yes,yes,no,no,no,no,no,yes,yes,no,no,no,no,no,no,yes,yes,,,no,no,,no,no,no,,,,no,no,,,,,no,,,,Nasser,Nasser,no,,,no,no,yes,no,no,yes,united nations,no,no,no,no,1965-03-15,SRC_NELDA
651-1969-0108-L1,EGY,Egypt,1969,Legislative/Parliamentary,no,no,no,no,yes,no,,,,no,no,yes,yes,no,no,no,no,no,no,no,,,,no,no,,no,no,no,,,,no,no,,,,,no,,,,Nasser,Nasser,no,,,no,no,yes,no,no,yes,united nations,no,no,no,no,1969-01-08,SRC_NELDA
651-1969-0108-L2,EGY,Egypt,1969,Legislative/Parliamentary,no,no,no,no,yes,no,,,,no,no,yes,yes,no,no,no,no,no,no,no,,,,no,no,,no,no,no,,,,no,no,,,,,no,,,,Nasser,Nasser,no,,,no,no,yes,no,no,yes,united nations,no,no,no,no,1969-01-13,SRC_NELDA
651-1970-1015-P1,EGY,Egypt,1970,Executive,no,no,no,no,no,yes,no,no,no,no,yes,yes,yes,,,yes,no,no,yes,yes,yes,,,,no,,,,no,,,,no,no,,,,,no,,,,Sadat,Sadat,no,,,no,no,no,no,yes,no,,,,no,no,1970-10-15,SRC_NELDA
651-1971-1027-L1,EGY,Egypt,1971,Legislative/Parliamentary,no,no,no,no,yes,yes,no,no,no,no,yes,yes,yes,,,yes,no,no,yes,no,,,,,no,,,yes,no,,,,no,no,,,,,,,,,Sadat,Sadat,no,,,no,no,no,no,yes,no,,,,yes,no,1971-10-27,SRC_NELDA
651-1971-1027-L2,EGY,Egypt,1971,Legislative/Parliamentary,no,no,no,no,yes,yes,no,no,no,no,yes,yes,yes,,,yes,no,no,yes,no,,,,,no,,,yes,no,,,,no,no,,,,,,,,,Sadat,Sadat,no,,,no,no,no,no,yes,no,,,,yes,no,1971-11-03,SRC_NELDA
651-1976-1015-P1,EGY,Egypt,1976,Executive,no,no,no,no,no,no,no,no,no,no,yes,yes,yes,,,yes,yes,no,no,yes,yes,,,,no,,,,no,,,,no,no,,,,,no,,,,Sadat,Sadat,no,,,no,no,yes,no,yes,yes,us,no,yes,no,no,1976-10-15,SRC_NELDA
651-1976-1028-L1,EGY,Egypt,1976,Legislative/Parliamentary,no,no,yes,no,yes,no,no,no,no,no,yes,yes,no,no,no,yes,yes,no,no,no,,,,,no,,yes,,no,,,,no,no,,,,,,,,,Sadat,Sadat,no,,,no,no,yes,no,yes,yes,us,no,yes,no,no,1976-10-28,SRC_NELDA
651-1976-1028-L2,EGY,Egypt,1976,Legislative/Parliamentary,no,no,yes,no,yes,no,no,no,no,no,yes,yes,no,no,no,yes,yes,no,no,no,,,,,no,,yes,,no,,,,no,no,,,,,,,,,Sadat,Sadat,no,,,no,no,yes,no,yes,yes,us,no,yes,no,no,1976-11-04,SRC_NELDA
651-1979-0607-L1,EGY,Egypt,1979,Legislative/Parliamentary,no,no,yes,yes,yes,yes,no,no,no,no,no,yes,yes,no,no,yes,yes,no,yes,no,,,,,no,,yes,,no,,,,no,no,,,,,,,,,Sadat,Sadat,no,,,no,no,yes,no,yes,yes,us,no,yes,no,no,1979-06-07,SRC_NELDA
651-1979-0607-L2,EGY,Egypt,1979,Legislative/Parliamentary,no,no,yes,yes,yes,yes,no,no,no,no,no,yes,yes,no,no,yes,yes,no,yes,no,,,,,no,,yes,,no,,,,no,no,,,,,,,,,Sadat,Sadat,no,,,no,no,yes,no,yes,yes,us,no,yes,no,no,1979-06-14,SRC_NELDA
651-1981-1013-P1,EGY,Egypt,1981,Executive,no,no,no,yes,no,no,yes,no,no,no,no,yes,,,,no,no,no,yes,yes,no,yes,yes,no,no,,no,no,no,,,,no,no,,,,,yes,yes,no,no,Sadat,Mubarak,yes,yes,no,no,no,yes,no,no,yes,"japan, usa, germany",no,no,no,no,1981-10-13,SRC_NELDA
651-1984-0527-L1,EGY,Egypt,1984,Legislative/Parliamentary,no,no,yes,yes,yes,no,,,,no,yes,yes,yes,no,yes,yes,no,no,yes,no,,,,no,yes,yes,yes,yes,no,,,no,yes,no,,,,,no,,,,Mubarak,Mubarak,no,,,no,no,yes,no,no,yes,united states,no,no,no,no,1984-05-27,SRC_NELDA
651-1987-0406-L1,EGY,Egypt,1987,Legislative/Parliamentary,no,no,yes,yes,yes,no,,,,no,yes,yes,yes,no,yes,yes,no,no,yes,no,,,,no,yes,yes,yes,yes,yes,yes,yes,no,yes,no,,,,,no,,,,Mubarak,Mubarak,no,,,no,no,yes,no,no,yes,united states,no,no,no,no,1987-04-06,SRC_NELDA
651-1987-0406-L2,EGY,Egypt,1987,Legislative/Parliamentary,no,no,yes,yes,yes,no,,,,no,yes,yes,yes,no,yes,yes,no,no,yes,no,,,,no,yes,yes,yes,yes,yes,yes,yes,no,yes,no,,,,,no,,,,Mubarak,Mubarak,no,,,no,no,yes,no,no,yes,united states,no,no,no,no,1987-04-13,SRC_NELDA
651-1987-1005-P1,EGY,Egypt,1987,Executive,no,no,no,yes,no,no,no,no,no,no,no,yes,,,,no,no,no,yes,yes,yes,,,no,no,,no,no,no,,,,no,no,,,,,no,,,,Mubarak,Mubarak,yes,yes,no,no,no,yes,no,no,yes,"usa, un",no,no,no,no,1987-10-05,SRC_NELDA
651-1990-1129-L1,EGY,Egypt,1990,Legislative/Parliamentary,no,no,yes,yes,yes,yes,,,,no,yes,yes,no,yes,no,no,no,no,yes,no,,,,no,no,,no,no,yes,no,no,,yes,,,,,,no,,,,Mubarak,Mubarak,yes,yes,no,no,no,yes,no,yes,yes,"japan, usa, germany",no,yes,no,no,1990-11-29,SRC_NELDA
651-1990-1129-L2,EGY,Egypt,1990,Legislative/Parliamentary,no,no,yes,yes,yes,yes,,,,no,yes,yes,no,yes,no,no,no,no,yes,no,,,,no,no,,no,no,yes,no,no,,yes,,,,,,no,,,,Mubarak,Mubarak,yes,yes,no,no,no,yes,no,yes,yes,"japan, usa, germany",no,yes,no,no,1990-12-06,SRC_NELDA
651-1993-1004-P1,EGY,Egypt,1993,Executive,no,no,no,yes,no,no,no,no,no,no,no,yes,,,,no,no,no,yes,yes,yes,,,no,no,,no,no,no,,,,no,no,,,,,no,,,,Mubarak,Mubarak,yes,yes,no,no,no,yes,no,no,yes,"japan, usa, germany",no,no,no,no,1993-10-04,SRC_NELDA
651-1995-1129-L1,EGY,Egypt,1995,Legislative/Parliamentary,no,no,yes,yes,yes,no,,,,no,yes,yes,no,no,yes,no,no,no,yes,no,,,,no,no,,no,yes,yes,yes,yes,,yes,,,,,,,,,,mubarak,mubarak,no,,,no,no,yes,yes,no,yes,"japan, usa, germany",yes,no,no,no,1995-11-29,SRC_NELDA
651-1995-1129-L2,EGY,Egypt,1995,Legislative/Parliamentary,no,no,yes,yes,yes,no,,,,no,yes,yes,no,no,yes,no,no,no,yes,no,,,,no,no,,no,yes,yes,yes,yes,,yes,no,,,,,no,,,,Mubarak,Mubarak,no,,,no,no,yes,yes,no,yes,"japan, usa, germany",yes,no,no,no,1995-12-06,SRC_NELDA
651-1999-0926-P1,EGY,Egypt,1999,Executive,no,no,no,yes,no,no,no,no,no,no,no,yes,,,,no,no,no,yes,yes,yes,,,no,no,,no,no,no,,,,no,no,,,,,no,,,,Mubarak,Mubarak,unclear,,,,,yes,no,no,yes,"japan, usa, germany",no,no,no,no,1999-09-26,SRC_NELDA
651-2000-1018-L1,EGY,Egypt,2000,Legislative/Parliamentary,no,no,yes,yes,yes,yes,,,,no,yes,yes,no,no,yes,yes,no,no,yes,no,,,,no,no,,no,no,no,,,,no,,,,,,no,,,,Mubarak,Mubarak,unclear,,,no,no,yes,no,no,yes,"japan, usa, germany",no,no,no,no,2000-10-18,SRC_NELDA
651-2000-1018-L2,EGY,Egypt,2000,Legislative/Parliamentary,no,no,yes,yes,yes,yes,,,,no,yes,yes,no,no,yes,yes,no,no,yes,no,,,,no,no,,no,no,no,,,,no,no,,,,,no,,,,Mubarak,Mubarak,unclear,,,no,no,yes,no,no,yes,"japan, usa, germany",no,no,no,no,2000-10-29,SRC_NELDA
651-2000-1018-L3,EGY,Egypt,2000,Legislative/Parliamentary,no,no,yes,yes,yes,yes,,,,no,yes,yes,no,no,yes,yes,no,no,yes,no,,,,no,no,,no,no,yes,no,yes,,yes,no,,,,,no,,,,mubarak,mubarak,unclear,,,no,no,yes,no,no,yes,"japan, usa, germany",no,no,no,no,2000-11-08,SRC_NELDA
651-2005-0907-P1,EGY,Egypt,2005,Executive,no,yes,yes,yes,yes,no,no,no,no,no,yes,yes,no,no,yes,no,no,no,yes,yes,yes,,,no,no,,yes,yes,no,,,,yes,no,,,,,no,,,,mubarak,mubarak,yes,yes,yes,no,no,yes,no,yes,yes,"japan, usa, germany",no,yes,no,no,2005-09-07,SRC_NELDA
651-2005-1109-L1,EGY,Egypt,2005,Legislative/Parliamentary,no,no,yes,yes,yes,no,,,,no,yes,yes,no,no,no,unclear,no,no,yes,no,,,,no,no,,yes,no,no,,,,no,,,,,,no,,,,mubarak,mubarak,unclear,,,no,no,yes,no,no,yes,"japan, usa, germany",no,no,no,no,2005-11-09,SRC_NELDA
651-2005-1109-L2,EGY,Egypt,2005,Legislative/Parliamentary,no,no,yes,yes,yes,no,,,,no,yes,yes,no,no,no,unclear,no,no,yes,no,,,,no,no,,yes,no,yes,no,no,,yes,,,,,,no,,,,mubarak,mubarak,unclear,,,no,no,yes,no,no,yes,"japan, usa, germany",no,no,no,no,2005-11-20,SRC_NELDA
651-2005-1109-L3,EGY,Egypt,2005,Legislative/Parliamentary,no,no,yes,yes,yes,no,,,,no,yes,yes,no,no,no,unclear,no,no,yes,no,,,,no,no,,yes,no,yes,no,no,,yes,,,,,,no,,,,mubarak,mubarak,unclear,,,no,no,yes,no,no,yes,"japan, usa, germany",no,no,no,no,2005-12-01,SRC_NELDA
651-2007-0611-L1,EGY,Egypt,2007,Legislative/Parliamentary,no,no,yes,yes,yes,no,,,,no,yes,yes,yes,yes,yes,yes,yes,no,yes,no,,,,no,no,,no,yes,no,,,,yes,no,,,,,,,,,Mubarak,Mubarak,no,,,no,no,yes,no,no,yes,"EU, UK, UN, OSCE (partner)",no,no,no,no,2007-06-11,SRC_NELDA
651-2010-0601-L1,EGY,Egypt,2010,Legislative/Parliamentary,no,no,yes,yes,yes,no,,,,no,yes,yes,yes,yes,yes,yes,no,no,yes,no,,,,no,no,,yes,yes,no,,,,yes,no,,,,,,,,,Mubarak,Mubarak,no,,,yes,no,yes,no,no,yes,"EU, UK, UN, OSCE (partner)",no,no,no,no,2010-06-01,SRC_NELDA
651-2010-1128-L1,EGY,Egypt,2010,Legislative/Parliamentary,no,no,yes,yes,yes,no,,,,no,yes,yes,yes,yes,yes,yes,no,no,yes,no,,,,no,no,,no,yes,yes,yes,yes,,yes,no,,,,,,,,,Mubarak,Mubarak,no,,,yes,no,yes,no,no,yes,"EU, UK, UN, OSCE (partner)",no,no,no,no,2010-11-28,SRC_NELDA
652-1947-0707-L1,SYR,Syria,1947,Legislative/Parliamentary,no,no,yes,yes,yes,no,,,,no,unclear,no,no,no,no,no,yes,no,no,no,,,,no,no,,yes,no,yes,no,no,no,yes,,,,,,,,,,Kuwatli,Kuwatli,no,,,no,no,no,no,no,yes,"France, UN, GATT",no,no,no,no,1947-07-07,SRC_NELDA
652-1947-0707-L2,SYR,Syria,1947,Legislative/Parliamentary,no,no,yes,yes,yes,no,,,,no,unclear,no,no,no,no,no,yes,no,no,no,,,,no,no,,yes,no,no,,,yes,,,,,,,,,,,Kuwatli,Kuwatli,no,,,no,no,no,no,no,yes,"UN, France, GATT",no,no,no,no,1947-07-18,SRC_NELDA
652-1949-0625-P1,SYR,Syria,1949,Executive,yes,no,yes,no,no,,no,no,no,no,yes,yes,yes,unclear,yes,yes,yes,no,no,yes,yes,,,no,no,,no,no,no,,,,no,no,,,,,no,,,,al-Zaim,al-Zaim,no,,,no,no,no,no,yes,yes,"GATT, UN, France",no,no,no,no,1949-06-25,SRC_NELDA
652-1949-1116-A1,SYR,Syria,1949,Constituent Assembly,yes,yes,yes,yes,yes,yes,,,,yes,yes,,yes,yes,no,no,yes,no,no,no,,,,,no,,,no,no,,,,no,,,,,,no,,,,Hinnawi,Hinnawi,no,,,no,no,no,yes,no,yes,"GATT, UN, France",no,no,no,no,1949-11-16,SRC_NELDA
652-1949-1116-A2,SYR,Syria,1949,Constituent Assembly,yes,yes,yes,yes,yes,,yes,yes,yes,yes,yes,,yes,yes,no,no,yes,no,no,no,,,,,no,,,no,no,,,,no,,,,,,no,,,,Hinnawi,Hinnawi,no,,,no,no,no,yes,no,yes,"GATT, UN, France",no,no,no,no,1949-11-25,SRC_NELDA
652-1953-0710-P1,SYR,Syria,1953,Executive,yes,no,yes,no,no,,no,,,no,yes,yes,no,yes,no,yes,yes,no,no,no,yes,,,,no,,no,no,no,,,,no,no,,,,,no,,,,Shishakli,Shishakli,no,,,no,no,no,no,yes,yes,"UN, France",no,no,no,no,1953-07-10,SRC_NELDA
652-1953-1009-L1,SYR,Syria,1953,Legislative/Parliamentary,yes,yes,yes,yes,yes,,,,,no,yes,yes,no,yes,no,yes,yes,no,no,no,,,,yes,no,,no,no,no,,,,no,no,,,,,,no,,,Shishakli,Shishakli,no,,,no,no,no,no,yes,yes,"UN, France",no,no,no,no,1953-10-09,SRC_NELDA
652-1954-0924-L1,SYR,Syria,1954,Legislative/Parliamentary,yes,no,yes,yes,yes,,,,,yes,no,no,no,no,no,no,yes,no,no,no,,,,yes,no,,no,no,no,,,,yes,,,,,,no,,,,"Atassi, H.","Atassi, H.",no,,,no,no,no,yes,no,yes,"UN, France",no,no,no,no,1954-09-24,SRC_NELDA
652-1954-0924-L2,SYR,Syria,1954,Legislative/Parliamentary,yes,no,yes,yes,yes,,,,,yes,no,no,no,no,no,no,yes,no,no,no,,,,yes,no,,no,no,no,,,,yes,,,,,,no,,,,"Atassi, H.","Atassi, H.",no,,,no,no,no,yes,no,yes,"UN, France",no,no,no,no,1954-10-04,SRC_NELDA
652-1971-0312-P1,SYR,Syria,1971,Executive,yes,no,no,no,no,,no,no,no,no,yes,yes,yes,,,yes,yes,yes,yes,yes,yes,,,,no,,,yes,no,,,,no,no,,,,,no,,,,Al-Assad H.,Al-Assad H.,no,,,no,no,no,no,no,no,,,,no,no,1971-03-12,SRC_NELDA
652-1973-0525-L1,SYR,Syria,1973,Legislative/Parliamentary,yes,no,no,no,yes,,,,,no,yes,yes,no,yes,yes,yes,yes,no,yes,no,,,,,no,,yes,yes,no,,,,yes,no,,,,,,,,,Al-Assad H.,Al-Assad H.,no,,,no,no,no,no,yes,no,,no,no,no,no,1973-05-25,SRC_NELDA
652-1977-0801-L1,SYR,Syria,1977,Legislative/Parliamentary,no,no,no,no,yes,no,,,,no,yes,yes,no,no,no,yes,no,no,yes,no,,,,,no,,no,yes,no,,,,no,no,,,,,,,,,Al-Assad H.,Al-Assad H.,no,,,no,no,no,no,no,no,,,,no,no,1977-08-01,SRC_NELDA
652-1978-0208-P1,SYR,Syria,1978,Executive,no,no,no,no,no,no,no,no,no,no,yes,yes,yes,,,yes,yes,no,yes,yes,yes,,,,no,,,yes,no,,,,yes,no,,,,,no,,,,Al-Assad H.,Al-Assad H.,no,,,no,no,no,no,no,no,,,,no,no,1978-02-08,SRC_NELDA
652-1981-1109-L1,SYR,Syria,1981,Legislative/Parliamentary,no,no,no,no,yes,no,,,,no,yes,yes,yes,yes,yes,,no,no,no,no,,,,no,yes,yes,no,no,no,,,,no,no,,,,,,,,,Al-Assad H.,Al-Assad H.,no,,,no,no,no,,,no,,,,no,no,1981-11-09,SRC_NELDA
652-1985-0211-P1,SYR,Syria,1985,Executive,no,no,no,no,no,no,no,yes,no,no,yes,yes,yes,no,no,yes,no,no,no,yes,yes,,no,no,yes,yes,no,no,no,,,no,no,no,,,,,no,,,,Al-Assad H.,Al-Assad H.,no,,,no,no,no,,,no,,,,no,no,1985-02-11,SRC_NELDA
652-1986-0210-L1,SYR,Syria,1986,Legislative/Parliamentary,no,no,no,no,yes,no,,,,no,yes,yes,no,no,no,yes,no,no,no,no,,,,no,no,,yes,no,no,,,,no,no,,,,,,,,,Al-Assad H.,Al-Assad H.,no,,,no,no,no,,,no,,,,no,no,1986-02-10,SRC_NELDA
652-1990-0522-L1,SYR,Syria,1990,Legislative/Parliamentary,no,no,no,no,yes,no,,,,no,yes,yes,no,no,no,no,yes,no,no,no,,,,no,no,,yes,no,no,,,,no,no,,,,,no,,,,Al-Assad H.,Al-Assad H.,no,,,no,no,no,no,no,yes,"un, imf",no,no,no,no,1990-05-22,SRC_NELDA
652-1991-1202-P1,SYR,Syria,1991,Executive,no,no,no,no,no,no,no,no,no,no,no,yes,yes,no,no,no,yes,no,no,yes,yes,,,no,no,,no,no,no,,,,no,no,,,,,no,,,,Al-Assad H.,Al-Assad H.,no,,,no,no,no,no,no,yes,"un, imf",no,no,no,no,1991-12-02,SRC_NELDA
652-1994-0824-L1,SYR,Syria,1994,Legislative/Parliamentary,no,no,no,no,yes,no,,,,no,yes,yes,no,no,no,no,yes,no,no,no,,,,no,no,,no,no,no,,,,no,no,,,,,no,,,,Al-Assad H.,Al-Assad H.,no,,,no,no,no,no,no,yes,"un, imf",no,no,no,no,1994-08-24,SRC_NELDA
652-1998-1130-L1,SYR,Syria,1998,Legislative/Parliamentary,no,no,no,no,yes,no,,,,no,yes,yes,no,no,no,no,yes,no,no,no,,,,no,no,,no,no,no,,,,no,no,,,,,no,,,,Al-Assad H.,Al-Assad H.,no,,,no,no,no,no,no,yes,"un, imf",no,no,no,no,1998-11-30,SRC_NELDA
652-1999-0210-P1,SYR,Syria,1999,Executive,no,no,no,no,no,no,no,no,no,no,no,yes,yes,no,no,no,yes,no,no,yes,yes,,,no,no,,no,no,no,,,,no,no,,,,,no,,,,Al-Assad H.,Al-Assad H.,no,,,no,no,no,no,no,yes,"un, imf",no,no,no,no,1999-02-10,SRC_NELDA
652-2000-0710-P1,SYR,Syria,2000,Executive,no,no,no,no,no,yes,yes,no,no,no,no,yes,yes,no,no,no,yes,no,no,yes,no,yes,yes,no,no,,no,no,no,,,,no,,,,,,yes,no,no,no,Al-Assad H.,Bashar al-Assad,no,,,no,no,no,no,no,yes,"un, imf",no,no,no,no,2000-07-10,SRC_NELDA
652-2003-0302-L1,SYR,Syria,2003,Legislative/Parliamentary,no,no,no,no,yes,no,,,,no,yes,yes,no,no,no,no,yes,no,no,no,,,,no,no,,no,no,no,,,,no,no,,,,,no,,,,Bashar al-Assad,Bashar al-Assad,no,,,no,no,no,no,no,yes,"un, imf",no,no,no,no,2003-03-02,SRC_NELDA
652-2007-0422-L1,SYR,Syria,2007,Legislative/Parliamentary,no,no,yes,yes,yes,no,,,,no,yes,yes,yes,yes,no,yes,no,no,yes,no,,,,no,no,,no,no,yes,no,yes,,no,no,,,,,,,,,Bashar al-Assad,Bashar al-Assad,no,,,yes,no,no,no,no,no,,,,no,no,2007-04-22,SRC_NELDA
652-2007-0527-P1,SYR,Syria,2007,Executive,no,no,yes,yes,no,no,no,no,no,no,yes,yes,no,yes,no,yes,no,no,yes,yes,yes,,,no,no,,no,no,no,,,,no,no,,,,,no,,,,Bashar al-Assad,Bashar al-Assad,no,,,yes,no,no,yes,no,no,,,,no,no,2007-05-27,SRC_NELDA
660-1947-0525-L1,LBN,Lebanon,1947,Legislative/Parliamentary,no,no,yes,yes,yes,no,no,no,no,no,no,yes,no,yes,no,no,yes,no,yes,yes,no,no,,no,no,,no,yes,no,,,,no,no,,,,,no,,,,El Khoury,El Khoury,no,,,no,no,yes,no,no,yes,"France, US",no,no,no,no,1947-05-25,SRC_NELDA
660-1947-0525-L2,LBN,Lebanon,1947,Legislative/Parliamentary,no,no,yes,yes,yes,no,no,no,no,no,no,yes,no,yes,no,no,yes,no,yes,yes,no,no,,no,no,,no,yes,no,,,,no,no,,,,,no,,,,El Khoury,El Khoury,no,,,no,no,yes,no,no,yes,"France, US",no,no,no,no,1947-06-01,SRC_NELDA
660-1951-0415-L1,LBN,Lebanon,1951,Legislative/Parliamentary,no,no,yes,yes,yes,no,no,no,yes,no,no,yes,no,no,no,no,no,no,yes,yes,no,no,,no,no,,yes,,no,,,,no,no,,,,,no,,,,El Khoury,El Khoury,no,,,no,no,yes,no,no,yes,"France, US",no,no,no,no,1951-04-15,SRC_NELDA
660-1951-0415-L2,LBN,Lebanon,1951,Legislative/Parliamentary,no,no,yes,yes,yes,no,no,no,yes,no,no,yes,no,no,no,no,no,no,yes,yes,no,no,,no,no,,yes,,no,,,,no,no,,,,,no,,,,El Khoury,El Khoury,no,,,no,no,yes,no,no,yes,"France, US",no,no,no,no,1951-04-22,SRC_NELDA
660-1953-0712-L1,LBN,Lebanon,1953,Legislative/Parliamentary,no,no,yes,yes,yes,yes,no,no,no,no,no,yes,no,no,no,no,yes,no,yes,yes,no,no,,no,no,,no,,no,,,,yes,no,,,,,no,,,,Chamoun,Chamoun,no,,,no,no,yes,no,no,yes,"France, US",no,no,no,no,1953-07-12,SRC_NELDA
660-1957-0609-L1,LBN,Lebanon,1957,Legislative/Parliamentary,no,no,yes,yes,yes,no,no,no,no,no,no,yes,no,no,yes,no,yes,no,yes,yes,no,no,,no,no,,no,,no,,,,yes,no,,,,,no,,,,Chamoun,Chamoun,no,,,no,no,yes,no,no,yes,"France, US",no,no,no,no,1957-06-09,SRC_NELDA
660-1960-0612-L1,LBN,Lebanon,1960,Legislative/Parliamentary,no,no,yes,yes,yes,yes,no,no,no,no,no,yes,no,no,no,no,yes,no,yes,yes,yes,,,no,no,,yes,no,no,,,,no,no,,,,,no,,,,Chehab,Chehab,unclear,,,no,no,yes,no,no,yes,"usa, united nations",no,no,no,no,1960-06-12,SRC_NELDA
660-1964-0405-L1,LBN,Lebanon,1964,Legislative/Parliamentary,no,no,yes,yes,yes,no,yes,yes,no,no,no,yes,no,no,no,no,yes,no,yes,yes,no,yes,yes,no,no,,no,no,no,,,,no,no,,,,,yes,yes,no,no,Chehab,Helou,no,,,no,no,yes,no,no,yes,"usa, united nations",no,no,no,no,1964-04-05,SRC_NELDA
660-1968-0324-L1,LBN,Lebanon,1968,Legislative/Parliamentary,no,no,yes,yes,yes,no,no,no,no,no,no,yes,no,no,no,no,yes,no,yes,yes,yes,,,no,no,,yes,no,no,,,,no,no,,,,,no,,,,Helou,Helou,no,,,no,no,yes,no,no,yes,"usa, united nations",no,no,no,no,1968-03-24,SRC_NELDA
660-1972-0416-L1,LBN,Lebanon,1972,Legislative/Parliamentary,no,no,yes,yes,yes,no,no,no,no,no,no,no,no,no,no,no,yes,no,unclear,yes,yes,,,no,no,,yes,no,no,,,no,yes,no,,,,,no,,,,Franjieh,Franjieh,no,,,no,no,yes,no,no,yes,u.s.,no,no,no,no,1972-04-16,SRC_NELDA
660-1992-0823-L1,LBN,Lebanon,1992,Legislative/Parliamentary,yes,no,yes,yes,yes,,no,no,no,no,yes,yes,no,yes,no,no,no,yes,no,yes,yes,,,no,no,,yes,yes,unclear,,,no,no,,,,,,no,,,,Elias Hrawi,Elias Hrawi,unclear,,,unclear,unclear,no,no,yes,yes,un,no,yes,no,no,1992-08-23,SRC_NELDA
660-1996-0818-L1,LBN,Lebanon,1996,Legislative/Parliamentary,no,no,yes,yes,yes,no,no,no,no,no,yes,yes,no,yes,no,no,no,yes,no,yes,yes,,,no,no,,no,yes,no,,,,no,no,,,,,no,,,,Elias Hrawi,Elias Hrawi,yes,yes,yes,unclear,unclear,no,yes,no,yes,un,yes,no,no,no,1996-08-18,SRC_NELDA
660-2000-0827-L1,LBN,Lebanon,2000,Legislative/Parliamentary,no,no,yes,yes,yes,no,no,no,no,no,yes,yes,no,yes,no,no,no,yes,no,yes,yes,,,no,no,,yes,no,no,,,,yes,no,,,,,no,,,,Emile Lahoud,Emile Lahoud,yes,yes,unclear,unclear,unclear,no,no,no,yes,un,no,no,no,no,2000-08-27,SRC_NELDA
660-2005-0528-L1,LBN,Lebanon,2005,Legislative/Parliamentary,no,no,yes,yes,yes,no,no,no,no,no,yes,yes,no,no,no,no,no,no,yes,yes,no,yes,yes,no,no,,no,no,no,,,,yes,no,,,,,no,,,,Emile Lahoud,Emile Lahoud,yes,yes,no,no,no,no,no,no,yes,un,no,no,no,no,2005-05-28,SRC_NELDA
660-2009-0607-L1,LBN,Lebanon,2009,Legislative/Parliamentary,no,no,yes,yes,yes,no,,,,no,no,no,no,no,no,no,no,no,yes,no,,,,,no,,yes,,no,,,,yes,no,,,,,,,,,Suleiman,Suleiman,yes,yes,no,no,no,yes,no,no,yes,"US, EU, UN (Peace-keeping forces)",no,no,yes,yes,2009-06-07,SRC_NELDA
663-1947-1020-L1,JOR,Jordan,1947,Legislative/Parliamentary,yes,yes,yes,yes,yes,,,,,no,no,no,no,no,no,no,yes,no,yes,no,,,,,no,,yes,,no,,,,no,,,,,,,,,,Abdullah Al-Hussein,Abdullah Al-Hussein,no,,,no,no,yes,no,no,yes,US,no,no,no,no,1947-10-20,SRC_NELDA
663-1950-0402-L1,JOR,Jordan,1950,Legislative/Parliamentary,no,no,yes,yes,yes,yes,,,,no,no,no,no,no,no,no,yes,no,yes,no,,,,,no,,yes,,no,,,,no,,,,,,,,,,Abdullah Al-Hussein,Abdullah Al-Hussein,no,,,no,no,yes,no,no,yes,US,no,no,no,no,1950-04-02,SRC_NELDA
663-1951-0829-L1,JOR,Jordan,1951,Legislative/Parliamentary,no,no,yes,yes,yes,yes,,,,no,no,no,no,no,no,no,yes,no,yes,no,,,,,no,,yes,,no,,,,no,,,,,,,,,,Abdullah El-Hashim,Abdullah El-Hashim,no,,,no,no,yes,no,no,yes,US,no,no,no,no,1951-08-29,SRC_NELDA
663-1954-1016-L1,JOR,Jordan,1954,Legislative/Parliamentary,no,no,yes,yes,yes,yes,,,,no,no,no,no,no,no,no,yes,no,yes,no,,,,,no,,yes,,yes,no,yes,,yes,,,,,,,,,,Hussein ibn Talal el-Hashim,Hussein ibn Talal el-Hashim,no,,,no,no,yes,no,no,yes,US,no,no,no,no,1954-10-16,SRC_NELDA
663-1956-1021-L1,JOR,Jordan,1956,Legislative/Parliamentary,no,no,yes,yes,yes,yes,,,,no,no,no,no,no,no,no,yes,no,yes,no,,,,,no,,yes,,no,,,,no,,,,,,,,,,Hussein ibn Talal el-Hashim,Hussein ibn Talal el-Hashim,no,,,no,no,yes,no,no,yes,US,no,no,no,no,1956-10-21,SRC_NELDA
663-1961-1019-L1,JOR,Jordan,1961,Legislative/Parliamentary,no,no,yes,no,yes,no,,,,no,no,yes,no,no,no,no,no,no,yes,no,,,,no,no,,no,no,no,,,,no,no,,,,,no,,,,Hussein ibn Talal El-Hashim,Hussein ibn Talal El-Hashim,no,,,no,no,yes,no,no,yes,"usa, united nations",no,no,no,no,1961-10-19,SRC_NELDA
663-1962-1124-L1,JOR,Jordan,1962,Legislative/Parliamentary,no,no,yes,no,yes,no,,,,no,no,yes,no,no,no,no,no,no,yes,no,,,,no,no,,yes,no,no,,,,no,no,,,,,no,,,,Hussein ibn Talal El-Hashim,Hussein ibn Talal El-Hashim,no,,,no,no,yes,no,no,yes,"usa, united nations",no,no,no,no,1962-11-24,SRC_NELDA
663-1963-0706-L1,JOR,Jordan,1963,Legislative/Parliamentary,no,no,yes,no,yes,yes,no,no,no,no,no,no,yes,no,no,no,no,no,yes,no,,,,,no,,no,,no,,,,no,no,,,,,,,,,Hussein ibn Talal El-Hashim,Hussein ibn Talal El-Hashim,no,,,no,no,yes,no,no,yes,US,no,no,no,no,1963-07-06,SRC_NELDA
663-1967-0415-L1,JOR,Jordan,1967,Legislative/Parliamentary,no,no,yes,no,yes,no,,,,no,no,yes,no,no,no,no,no,no,yes,no,,,,no,no,,no,no,no,,,,no,no,,,,,no,,,,Hussein ibn Talal El-Hashim,Hussein ibn Talal El-Hashim,no,,,no,no,yes,no,no,yes,"usa, united nations",no,no,no,no,1967-04-15,SRC_NELDA
663-1989-1108-L1,JOR,Jordan,1989,Legislative/Parliamentary,yes,no,no,no,yes,,,,,no,no,,yes,no,no,,no,no,yes,no,,,,,no,,yes,yes,no,,,,no,no,,,,,,,,,Hussein ibn Talal El-Hashim,Hussein ibn Talal El-Hashim,no,,,no,no,yes,no,no,yes,imf,no,no,no,no,1989-11-08,SRC_NELDA
663-1993-1108-L1,JOR,Jordan,1993,Legislative/Parliamentary,no,yes,yes,yes,yes,no,,,,no,no,yes,no,no,no,no,no,no,yes,no,,,,no,no,,yes,no,no,,,,no,,,,,,no,,,,Hussein ibn Talal El-Hashim,Hussein ibn Talal El-Hashim,yes,yes,no,no,no,yes,no,yes,yes,"usa, imf, un",no,yes,no,no,1993-11-08,SRC_NELDA
663-1997-1104-L1,JOR,Jordan,1997,Legislative/Parliamentary,no,no,yes,yes,yes,no,,,,no,no,no,no,yes,no,no,no,no,yes,no,,,,yes,no,,yes,no,no,,,,no,,,,,,no,,,,Hussein ibn Talal El-Hashim,Hussein ibn Talal El-Hashim,yes,yes,no,no,no,yes,no,yes,yes,"usa, imf, un",no,yes,no,no,1997-11-04,SRC_NELDA
663-2003-0617-L1,JOR,Jordan,2003,Legislative/Parliamentary,no,no,yes,yes,yes,yes,,,,no,no,,no,no,no,no,no,no,yes,no,,,,no,no,,yes,no,no,,,,no,,,,,,no,,,,Abdullah ibn Hussein El-Hashimi,Abdullah ibn Hussein El-Hashimi,yes,yes,no,no,no,yes,no,yes,yes,"usa, imf, un",no,yes,no,no,2003-06-17,SRC_NELDA
663-2007-1120-L1,JOR,Jordan,2007,Legislative/Parliamentary,no,no,yes,yes,yes,no,,,,no,yes,yes,yes,no,yes,yes,no,no,yes,no,,,,no,no,,no,yes,no,,,no,no,no,,,,,,,,,Abdullah Ibn Hussein El-Hashimi,Abdullah Ibn Hussein El-Hashimi,no,,,no,no,yes,no,no,yes,"EU, UK",no,no,no,no,2007-11-20,SRC_NELDA
663-2010-1109-L1,JOR,Jordan,2010,Legislative/Parliamentary,no,no,yes,yes,yes,yes,,,,no,yes,yes,yes,yes,yes,yes,no,yes,yes,no,,,,no,no,,no,yes,yes,yes,yes,no,yes,no,,,,,,,,,Abdullah Ibn Hussein El-Hashimi,Abdullah Ibn Hussein El-Hashimi,yes,yes,yes,no,no,yes,no,no,yes,"EU, UK",no,no,no,no,2010-11-09,SRC_NELDA
666-1949-0125-L1,ISR,Israel,1949,Legislative/Parliamentary,yes,yes,yes,yes,yes,,no,no,no,no,no,no,no,no,no,no,no,yes,yes,yes,yes,,,no,no,,no,,no,,,no,no,no,,,,,no,,,,Ben Gurion,Ben Gurion,no,,,no,no,yes,no,no,yes,"US, France",no,no,no,no,1949-01-25,SRC_NELDA
666-1951-0730-L1,ISR,Israel,1951,Legislative/Parliamentary,no,no,yes,yes,yes,yes,no,no,no,no,no,no,no,no,no,no,no,yes,yes,yes,yes,,,no,no,,no,,no,,,no,no,no,,,,,no,,,,Ben Gurion,Ben Gurion,no,,,no,no,yes,no,no,yes,"US, France",no,no,no,no,1951-07-30,SRC_NELDA
666-1955-0726-L1,ISR,Israel,1955,Legislative/Parliamentary,no,no,yes,yes,yes,no,yes,no,no,no,no,no,no,no,no,no,no,yes,yes,yes,yes,,,no,no,,yes,,no,,,no,no,no,,,,,yes,yes,no,no,Sharett,Ben Gurion,no,,,no,no,yes,no,no,yes,"US, France",no,no,no,no,1955-07-26,SRC_NELDA
666-1959-0703-L1,ISR,Israel,1959,Legislative/Parliamentary,no,no,yes,yes,yes,no,no,no,no,no,no,no,no,no,no,no,no,yes,yes,yes,yes,,,no,no,,no,,no,,,no,no,no,,,,,no,,,,Ben Gurion,Ben Gurion,no,,,no,no,yes,no,no,yes,"US, France",no,no,no,no,1959-07-03,SRC_NELDA
666-1961-0815-L1,ISR,Israel,1961,Legislative/Parliamentary,no,no,yes,yes,yes,yes,no,no,no,no,no,yes,no,no,no,no,yes,no,yes,yes,yes,,,,no,,no,,no,,,,no,no,,,,,no,,,,Ben Gurion,Ben Gurion,no,,,no,no,yes,no,no,yes,US,no,no,no,no,1961-08-15,SRC_NELDA
666-1965-1101-L1,ISR,Israel,1965,Legislative/Parliamentary,no,no,yes,yes,yes,no,no,no,no,no,no,yes,no,no,no,no,yes,no,yes,yes,yes,,,,yes,no,no,,no,,,,no,no,,,,,no,,,,Eshkol,Eshkol,no,,,no,no,yes,no,no,yes,US,no,no,no,no,1965-11-01,SRC_NELDA
666-1969-1028-L1,ISR,Israel,1969,Legislative/Parliamentary,no,no,yes,yes,yes,no,no,no,no,no,no,yes,no,no,no,no,yes,no,yes,yes,yes,,,,no,,yes,,no,,,,no,no,,,,,no,,,,Meir,Meir,no,,,no,no,yes,no,no,yes,US,no,no,no,no,1969-10-28,SRC_NELDA
666-1973-1231-L1,ISR,Israel,1973,Legislative/Parliamentary,no,no,yes,yes,yes,yes,no,no,no,no,no,no,no,no,no,no,no,no,yes,yes,yes,,,,no,,yes,,no,,,,no,no,,,,,no,,,,Meir,Meir,no,,,no,no,yes,no,no,yes,US,no,no,no,no,1973-12-31,SRC_NELDA
666-1977-0517-L1,ISR,Israel,1977,Legislative/Parliamentary,no,no,yes,yes,yes,no,no,no,no,no,no,no,no,no,no,no,no,no,yes,yes,yes,,,,no,,yes,,no,,,no,no,,,,,,yes,yes,no,no,Peres,Begin,no,,,no,no,yes,no,no,yes,US,no,no,no,no,1977-05-17,SRC_NELDA
666-1981-0630-L1,ISR,Israel,1981,Legislative/Parliamentary,no,no,yes,yes,yes,yes,no,no,no,no,no,yes,no,no,no,no,no,no,yes,yes,yes,,,,yes,no,no,,no,,,,no,no,,,,,no,,,,Begin,Begin,no,,,no,no,yes,no,no,yes,US,no,no,no,no,1981-06-30,SRC_NELDA
666-1984-0723-L1,ISR,Israel,1984,Legislative/Parliamentary,no,no,yes,yes,yes,yes,no,no,no,no,no,no,no,no,no,no,no,no,yes,yes,yes,,,,yes,no,yes,,no,,,no,no,,,,,,yes,yes,no,no,Shamir,Peres,no,,,no,no,yes,no,no,yes,US,no,no,no,no,1984-07-23,SRC_NELDA
666-1988-1101-L1,ISR,Israel,1988,Legislative/Parliamentary,no,no,yes,yes,yes,no,no,no,no,no,no,no,yes,no,no,no,yes,no,yes,yes,yes,,,,yes,no,no,,no,,,,no,no,,,,,no,,,,Shamir,Shamir,no,,,no,no,yes,no,no,yes,US,no,no,no,no,1988-11-01,SRC_NELDA
666-1992-0623-L1,ISR,Israel,1992,Legislative/Parliamentary,no,no,yes,yes,yes,yes,no,no,no,no,no,no,no,no,no,no,yes,no,yes,yes,yes,,,,yes,no,yes,,no,,,no,no,,,,,,yes,yes,no,no,Shamir,Rabin,no,,,no,no,yes,no,no,yes,US,no,no,no,no,1992-06-23,SRC_NELDA
666-1996-0529-L1,ISR,Israel,1996,Legislative/Parliamentary,no,no,yes,yes,yes,yes,no,no,no,no,no,no,no,no,no,no,yes,no,yes,no,,,,,yes,no,yes,,no,,,no,no,,,,,,,,,,Peres,Netanyahu,no,,,no,no,yes,no,no,yes,US,no,no,no,no,1996-05-29,SRC_NELDA
666-1999-0517-L1,ISR,Israel,1999,Legislative/Parliamentary,no,no,yes,yes,yes,yes,no,no,no,no,no,no,no,no,no,no,yes,no,yes,no,,,,,yes,no,yes,,no,,,no,no,,,,,,,,,,Netanyahu,Barak,no,,,no,no,yes,no,no,yes,US,no,no,no,no,1999-05-17,SRC_NELDA
666-1999-0517-P1,ISR,Israel,1999,Executive,no,no,yes,yes,yes,yes,no,no,no,no,no,no,no,no,no,no,yes,no,yes,yes,yes,,,,yes,no,yes,,no,,,no,no,,,,,,yes,yes,no,no,Netanyahu,Barak,no,,,no,no,yes,no,no,yes,US,no,no,no,no,1999-05-17,SRC_NELDA
666-2001-0206-P1,ISR,Israel,2001,Executive,no,no,yes,yes,yes,yes,no,no,no,no,yes,no,no,no,no,no,yes,no,yes,yes,yes,,,yes,yes,no,yes,no,no,,,no,yes,,,,,,yes,yes,no,no,Barak,Ariel Sharon,no,,,no,no,yes,no,no,yes,USA,no,no,no,no,2001-02-06,SRC_NELDA
666-2003-0206-L1,ISR,Israel,2003,Legislative/Parliamentary,no,no,yes,yes,yes,yes,no,no,no,no,no,no,no,no,no,no,yes,no,yes,no,,,,,yes,yes,no,,no,,,,no,no,,,,,,,,,Ariel Sharon,Ariel Sharon,no,,,no,no,yes,no,no,yes,US,no,no,no,no,2003-02-06,SRC_NELDA
666-2006-0328-L1,ISR,Israel,2006,Legislative/Parliamentary,no,no,yes,yes,yes,yes,no,no,no,no,no,no,no,no,no,no,yes,no,no,yes,yes,,,no,yes,yes,yes,,no,,,no,no,no,,,,,no,,,,Olmert,Olmert,no,,,no,no,yes,no,no,yes,USA,no,no,no,no,2006-03-28,SRC_NELDA
666-2009-0210-L1,ISR,Israel,2009,Legislative/Parliamentary,no,no,yes,yes,yes,yes,yes,no,no,no,no,no,no,no,no,no,no,no,yes,yes,no,yes,no,no,yes,yes,yes,,no,,,no,no,no,,,,,yes,no,no,no,Olmert,Netanyahu,no,,,no,no,yes,no,no,yes,US,no,no,no,no,2009-02-10,SRC_NELDA
678-1971-0227-L1,YEM,Yemen,1971,Legislative/Parliamentary,yes,no,no,no,yes,,,,,no,yes,yes,,,,no,no,no,yes,no,,,,,no,,no,no,no,,,no,no,no,,,,,no,,,,Al-Iryani,Al-Iryani,no,,,no,no,no,no,no,no,,,,no,no,1971-02-27,SRC_NELDA
678-1988-0705-L1,YEM,Yemen,1988,Legislative/Parliamentary,yes,no,yes,no,yes,,,,,no,yes,no,no,no,no,no,no,no,yes,no,,,,,no,,yes,no,no,,,,no,no,,,,,,,,,Saleh al-Hashidi,Saleh al-Hashidi,no,,,no,no,yes,no,no,yes,us,no,no,no,no,1988-07-05,SRC_NELDA
678-1993-0427-L1,YEM,Yemen,1993,Legislative/Parliamentary,yes,yes,yes,yes,yes,,,,,yes,no,yes,no,no,no,yes,no,yes,yes,no,no,no,,,no,,no,no,no,,,no,no,no,,,,,no,,,,Saleh al-Hashidi,Saleh al-Hashidi,yes,yes,no,no,no,no,,,no,,,,yes,no,1993-04-27,SRC_NELDA
678-1997-0427-L1,YEM,Yemen,1997,Legislative/Parliamentary,no,no,yes,yes,yes,no,,,,no,no,yes,no,yes,no,yes,no,yes,yes,no,no,no,,no,yes,yes,no,no,no,,,no,yes,no,,,,,no,,,,Saleh al-Hashidi,Saleh al-Hashidi,yes,yes,no,no,no,yes,no,no,yes,the us; the eu and the imf,no,no,no,no,1997-04-27,SRC_NELDA
678-1999-0923-P1,YEM,Yemen,1999,Executive,no,no,yes,yes,yes,yes,no,yes,no,no,no,yes,no,yes,no,yes,yes,no,yes,yes,yes,,,no,yes,yes,no,no,no,,,no,no,no,,,,,no,,,,Saleh al-Hashidi,Saleh al-Hashidi,yes,yes,no,no,no,yes,no,no,yes,"the eu & the us (also, japan)",no,no,no,no,1999-09-23,SRC_NELDA
678-2003-0427-L1,YEM,Yemen,2003,Legislative/Parliamentary,no,no,yes,yes,yes,yes,,,,no,yes,yes,no,no,yes,yes,yes,no,yes,no,no,no,,no,yes,yes,no,no,no,,,no,yes,no,,,,,no,,,,Saleh al-Hashidi,Saleh al-Hashidi,yes,yes,no,no,no,yes,no,no,yes,"the us, the eu",no,no,no,no,2003-04-27,SRC_NELDA
678-2006-0920-P1,YEM,Yemen,2006,Executive,no,no,yes,yes,yes,no,no,no,no,no,yes,yes,no,no,no,no,no,no,yes,yes,yes,,,no,no,,no,no,no,,,,no,no,,,,,no,,,,saleh al-hashidi,saleh al-hashidi,yes,yes,no,no,no,yes,no,no,yes,"usa, imf",no,no,no,no,2006-09-20,SRC_NELDA
680-1978-1216-L1,YMD,South Yemen,1978,Legislative/Parliamentary,yes,no,no,no,yes,,no,no,no,no,yes,yes,yes,no,yes,yes,no,no,yes,yes,yes,,,,no,,,yes,yes,no,yes,no,yes,no,,,,,yes,no,no,no,Ali Nassir Hassani,Ismail,no,,,no,no,no,,,no,,,,no,no,1978-12-16,SRC_NELDA
680-1986-1028-L1,YMD,South Yemen,1986,Legislative/Parliamentary,yes,no,yes,no,yes,,,,,no,yes,yes,yes,no,no,no,no,yes,yes,no,,,,,no,,no,no,no,,,,no,no,,,,,,,,,Attas,Attas,no,,,no,no,no,,,no,,,,no,no,1986-10-28,SRC_NELDA
690-1961-1230-A1,KWT,Kuwait,1961,Constituent Assembly,yes,no,no,no,yes,,no,no,no,no,no,,,,,no,yes,no,no,no,,,,,no,,,,no,,,,no,no,,,,,,,,,Abdullah As-Sabah,Abdullah As-Sabah,no,,,no,no,yes,no,no,yes,UK,no,no,no,no,1961-12-30,SRC_NELDA
690-1963-0123-L1,KWT,Kuwait,1963,Legislative/Parliamentary,yes,no,yes,no,yes,,no,no,no,no,no,no,no,no,no,no,yes,no,no,no,,,,,no,,yes,,no,,,,no,no,,,,,,,,,Abdullah As-Sabah,Abdullah As-Sabah,no,,,no,no,yes,no,no,yes,UK,no,no,no,no,1963-01-23,SRC_NELDA
690-1967-0125-L1,KWT,Kuwait,1967,Legislative/Parliamentary,no,no,yes,no,yes,no,no,no,no,no,no,no,no,no,no,no,yes,no,no,no,,,,,no,,no,yes,yes,yes,no,,no,no,,,,,,,,,Sabah As-Sabah,Sabah As-Sabah,no,,,no,no,yes,no,no,yes,UK,no,no,no,no,1967-01-25,SRC_NELDA
690-1971-0123-L1,KWT,Kuwait,1971,Legislative/Parliamentary,no,no,yes,no,yes,no,,,,no,no,,no,no,no,no,yes,no,no,no,,,,,no,,yes,no,no,,,no,no,no,,,,,no,,,,Sabah As-Sabah,Sabah As-Sabah,no,,,no,no,yes,no,no,yes,"great britain, united states",no,no,no,no,1971-01-23,SRC_NELDA
690-1975-0127-L1,KWT,Kuwait,1975,Legislative/Parliamentary,no,no,yes,no,yes,no,,,,no,no,,no,no,no,no,yes,no,no,no,,,,,no,,no,no,no,,,no,no,no,,,,,no,,,,Sabah As-Sabah,Sabah As-Sabah,no,,,no,no,yes,no,no,yes,"great britain, united states",no,no,no,no,1975-01-27,SRC_NELDA
690-1981-0223-L1,KWT,Kuwait,1981,Legislative/Parliamentary,yes,no,yes,no,yes,,,,,no,no,no,no,no,no,no,yes,no,no,no,,,,yes,no,,yes,no,no,,,no,no,,,,,,no,,,,Jabir As-Sabah,Jabir As-Sabah,no,,,no,no,yes,no,no,yes,"uk, un, us",no,no,no,no,1981-02-23,SRC_NELDA
690-1985-0220-L1,KWT,Kuwait,1985,Legislative/Parliamentary,no,no,yes,no,yes,no,,,,no,yes,no,no,no,no,no,yes,no,no,no,,,,no,no,,yes,no,no,,,,no,no,,,,,no,,,,Jabir As-Sabah,Jabir As-Sabah,no,,,no,no,yes,no,no,yes,"uk, un, us",no,no,no,no,1985-02-20,SRC_NELDA
690-1990-0610-L1,KWT,Kuwait,1990,Legislative/Parliamentary,yes,no,yes,no,yes,,,,,no,yes,,yes,yes,yes,yes,no,yes,no,no,no,no,,no,no,,no,no,no,,,no,no,no,,,,,no,,,,Jabir As-Sabah,Jabir As-Sabah,no,,,unclear,unclear,yes,no,yes,yes,us and germany,no,yes,no,no,1990-06-10,SRC_NELDA
690-1992-1005-L1,KWT,Kuwait,1992,Legislative/Parliamentary,no,no,yes,no,yes,yes,,,,no,yes,yes,no,no,no,no,yes,no,no,no,no,no,,no,no,,yes,no,yes,no,no,no,no,no,,,,,no,,,,Jabir As-Sabah,Jabir As-Sabah,no,,,no,no,yes,no,yes,yes,the us,no,yes,no,no,1992-10-05,SRC_NELDA
690-1996-1023-L1,KWT,Kuwait,1996,Legislative/Parliamentary,no,no,yes,no,yes,no,,,,no,yes,no,no,no,no,no,yes,no,no,no,no,no,,no,no,,no,no,no,,,no,no,,,,,,no,,,,Jabir As-Sabah,Jabir As-Sabah,no,,,no,no,yes,no,no,yes,usa,no,no,no,no,1996-10-23,SRC_NELDA
690-1999-0703-L1,KWT,Kuwait,1999,Legislative/Parliamentary,no,no,yes,no,yes,yes,,,,no,no,no,no,no,no,no,no,no,no,no,no,no,,yes,no,,yes,no,no,,,no,no,no,,,,,no,,,,Jabir As-Sabah,Jabir As-Sabah,no,,,no,no,yes,no,no,yes,the us,no,no,no,no,1999-07-03,SRC_NELDA
690-2003-0705-L1,KWT,Kuwait,2003,Legislative/Parliamentary,no,no,yes,no,yes,no,,,,no,yes,,no,no,no,no,yes,no,no,no,no,no,,no,no,,no,no,no,,,no,no,no,,,,,no,,,,Jabir As-Sabah,Jabir As-Sabah,no,,,no,no,yes,no,no,yes,the us,no,no,no,no,2003-07-05,SRC_NELDA
690-2006-0629-L1,KWT,Kuwait,2006,Legislative/Parliamentary,no,no,yes,yes,yes,yes,,,,no,no,yes,no,no,no,no,yes,no,no,no,,,,no,no,,no,no,no,,,,no,no,,,,,no,,,,jabir as-sabah,jabir as-sabah,unclear,,,unclear,unclear,yes,no,no,yes,usa,no,no,no,no,2006-06-29,SRC_NELDA
690-2008-0517-L1,KWT,Kuwait,2008,Legislative/Parliamentary,no,no,yes,no,yes,yes,,,,no,yes,yes,no,no,no,yes,no,yes,no,no,,,,,no,,no,yes,no,,,no,no,no,,,,,,,,,Sabah Al-Ahmad Al-Jaber Al-Sabah,Sabah Al-Ahmad Al-Jaber Al-Sabah,yes,no,,no,no,yes,no,no,no,,,,no,no,2008-05-17,SRC_NELDA
690-2009-0516-L1,KWT,Kuwait,2009,Legislative/Parliamentary,no,no,yes,no,yes,yes,,,,no,yes,no,no,no,no,yes,no,yes,no,no,,,,,no,,yes,yes,no,,,no,no,no,,,,,,,,,Sabah Al-Ahmad Al-Jaber Al-Sabah,Sabah Al-Ahmad Al-Jaber Al-Sabah,yes,no,,no,no,yes,no,no,no,,,,no,no,2009-05-16,SRC_NELDA
692-1972-1201-A1,BHR,Bahrain,1972,Constituent Assembly,yes,no,yes,no,yes,,no,,no,no,no,yes,no,no,yes,no,yes,no,no,no,,,,,no,,yes,,no,,,,no,no,,,,,,,,,Isa Ibn Al-Khalifah,Isa Ibn Al-Khalifah,no,,,no,no,yes,no,no,yes,UK,no,no,no,no,1972-12-01,SRC_NELDA
692-1973-1207-L1,BHR,Bahrain,1973,Legislative/Parliamentary,yes,no,yes,no,yes,,no,no,no,no,no,no,no,no,no,no,yes,no,no,no,,,,,no,,yes,,no,,,no,no,,,,,,,,,,Isa Ibn Al-Khalifah,Isa Ibn Al-Khalifah,no,,,no,no,yes,no,no,yes,UK,no,no,no,no,1973-12-07,SRC_NELDA
692-2002-1024-L1,BHR,Bahrain,2002,Legislative/Parliamentary,yes,yes,yes,yes,yes,,,,,no,yes,yes,no,yes,no,,yes,no,no,no,,,,no,no,,no,no,no,,,,no,no,,,,,,,,,Hamad Isa Ibn Al-Khalifah,Hamad Isa Ibn Al-Khalifah,yes,yes,no,no,no,yes,no,yes,yes,"us, uk",no,yes,no,no,2002-10-24,SRC_NELDA
692-2006-1125-L1,BHR,Bahrain,2006,Legislative/Parliamentary,no,no,yes,yes,yes,no,,,,no,no,yes,no,no,no,no,yes,no,yes,no,,,,no,yes,yes,yes,no,no,,,no,no,no,,,,,no,,,,hamad isa ibn al-khalifah,hamad isa ibn al-khalifah,no,,,no,no,yes,no,no,yes,u.s.,no,no,no,no,2006-11-25,SRC_NELDA
692-2006-1125-L2,BHR,Bahrain,2006,Legislative/Parliamentary,no,no,yes,yes,yes,no,,,,no,no,yes,no,no,no,no,yes,no,yes,no,,,,no,yes,yes,yes,no,no,,,no,no,no,,,,,no,,,,hamad isa ibn al-khalifah,hamad isa ibn al-khalifah,no,,,no,no,yes,no,no,yes,u.s.,no,no,no,no,2006-12-02,SRC_NELDA
692-2010-1023-L1,BHR,Bahrain,2010,Legislative/Parliamentary,no,no,yes,no,yes,no,,,,no,yes,yes,yes,yes,yes,yes,yes,no,yes,no,,,,no,no,,no,yes,yes,yes,yes,no,yes,no,,,,,,,,,Hamad Isa Ibn Al-Khalifah,Hamad Isa Ibn Al-Khalifah,no,,,yes,,yes,no,no,yes,USA,no,no,no,no,2010-10-23,SRC_NELDA
692-2010-1023-L2,BHR,Bahrain,2010,Legislative/Parliamentary,no,no,yes,no,yes,no,,,,no,yes,yes,yes,yes,yes,yes,yes,no,yes,no,,,,yes,no,,yes,yes,yes,yes,yes,no,yes,no,,,,,,,,,Hamad Isa Ibn Al-Khalifah,Hamad Isa Ibn Al-Khalifah,no,,,yes,,yes,no,no,yes,US,no,no,no,no,2010-10-30,SRC_NELDA
698-2003-1004-L1,OMN,Oman,2003,Legislative/Parliamentary,no,no,yes,no,yes,no,,,,no,no,yes,no,no,no,no,yes,no,no,no,,,,no,no,,no,no,no,,,,no,no,,,,,no,,,,Qabus Bin Said,Qabus Bin Said,yes,yes,no,no,no,yes,no,no,yes,"un, usa, wb",no,no,no,no,2003-10-04,SRC_NELDA
698-2007-1027-L1,OMN,Oman,2007,Legislative/Parliamentary,no,no,no,no,yes,no,,,,no,yes,yes,,,,yes,yes,no,yes,no,,,,,no,,,yes,no,,,,no,no,,,,,,,,,Qabus Bin Said,Qabus Bin Said,no,,,no,no,yes,no,no,yes,UK,no,no,no,no,2007-10-27,SRC_NELDA
700-1949-0401-L1,AFG,Afghanistan,1949,Legislative/Parliamentary,no,no,no,no,yes,no,,,,no,yes,unclear,,,,yes,no,no,yes,no,,,,yes,no,,,yes,no,,,no,no,no,,,,,,,,,Mahmud Khan Ghazi,Mahmud Khan Ghazi,no,,,no,no,yes,no,no,yes,"UK, US",no,no,no,no,1949-04-01,SRC_NELDA
700-1952-0201-L1,AFG,Afghanistan,1952,Legislative/Parliamentary,no,no,no,no,no,no,,,,no,yes,yes,,,,yes,no,no,yes,no,,,,yes,no,,,yes,unclear,,,,no,no,,,,,,,,,Mahmud Khan Ghazi,Mahmud Khan Ghazi,no,,,no,no,yes,no,no,yes,"UK, US",no,no,no,no,1952-02-01,SRC_NELDA
700-1955-0401-L1,AFG,Afghanistan,1955,Legislative/Parliamentary,no,no,no,no,no,no,,,,no,yes,yes,,,,yes,no,no,yes,no,,,,no,no,,,yes,unclear,,,,no,no,,,,,,,,,Sardar Mohammad Daud Khan,Sardar Mohammad Daud Khan,no,,,no,no,yes,no,no,yes,"UK, US",no,no,no,no,1955-04-01,SRC_NELDA
700-1961-0401-L1,AFG,Afghanistan,1961,Legislative/Parliamentary,no,no,no,no,no,no,,,,no,yes,yes,,,,yes,no,no,yes,no,,,,no,no,,,yes,unclear,,,,no,no,,,,,,,,,Sardar Mohammad Daud Khan,Sardar Mohammad Daud Khan,no,,,no,no,yes,no,no,yes,"UK, US",no,no,no,no,1961-04-01,SRC_NELDA
700-1965-0826-L1,AFG,Afghanistan,1965,Legislative/Parliamentary,yes,no,yes,no,yes,,,,,no,no,,no,no,no,no,no,no,yes,no,,,,,no,,,no,no,,,no,no,,,,,,no,,,,Mohammad Yusuf,Mohammad Yusuf,no,,,no,no,yes,no,no,no,,,,no,no,1965-08-26,SRC_NELDA
700-1969-0829-L1,AFG,Afghanistan,1969,Legislative/Parliamentary,no,no,yes,no,yes,no,,,,no,yes,yes,no,no,no,yes,no,no,yes,no,,,,no,unclear,,no,yes,no,,,,no,no,,,,,no,,,,Nur Ahmad Etemadi,Nur Ahmad Etemadi,no,,,no,no,yes,no,no,yes,USA,no,no,no,no,1969-08-29,SRC_NELDA
700-1988-0405-L1,AFG,Afghanistan,1988,Legislative/Parliamentary,no,no,yes,yes,yes,no,,,,no,no,no,yes,yes,yes,yes,no,no,no,no,,,,no,no,,yes,no,no,,,no,yes,no,,,,,no,,,,Najibullah,Najibullah,no,,,no,no,no,no,no,yes,un,no,no,no,no,1988-04-05,SRC_NELDA
700-2004-1009-P1,AFG,Afghanistan,2004,Executive,yes,yes,yes,yes,yes,,no,no,no,yes,yes,yes,no,no,no,unclear,no,yes,yes,yes,yes,,,,unclear,,no,unclear,no,,,no,no,no,,,,,no,,,,hamid karzai,hamid karzai,yes,yes,no,unclear,no,yes,,yes,yes,much of the west,no,yes,no,,2004-10-09,SRC_NELDA
700-2005-0918-L1,AFG,Afghanistan,2005,Legislative/Parliamentary,yes,no,yes,no,yes,,,,,no,yes,,no,no,no,no,yes,no,yes,no,,,,,no,,yes,no,no,,,no,yes,no,,,,,no,,,,hamid karzai,hamid karzai,yes,yes,yes,no,no,yes,no,yes,yes,u.s.,no,no,no,no,2005-09-18,SRC_NELDA
700-2009-0820-P1,AFG,Afghanistan,2009,Executive,no,yes,yes,yes,yes,yes,no,no,no,no,yes,no,no,yes,no,yes,no,yes,yes,yes,yes,,,no,yes,yes,yes,yes,yes,no,yes,,yes,no,,,,,no,,,,Hamid Karzai,Hamid Karzai,yes,yes,yes,no,no,yes,no,no,yes,"EU, NATO, UN",no,no,no,yes,2009-08-20,SRC_NELDA
700-2010-0918-L1,AFG,Afghanistan,2010,Legislative/Parliamentary,no,no,yes,yes,yes,yes,,,,no,yes,,yes,yes,no,no,no,yes,yes,no,,,,,no,,yes,yes,no,,,yes,yes,,,,,,,,,,Hamid Karzai,Hamid Karzai,yes,yes,yes,no,no,yes,no,no,yes,"EU, NATO, US, UN",no,no,no,yes,2010-09-18,SRC_NELDA
701-1992-0621-P1,TKM,Turkmenistan,1992,Executive,no,no,no,no,no,no,no,no,no,no,yes,yes,yes,no,no,yes,unclear,no,no,yes,yes,,,no,yes,yes,no,,no,,,no,no,no,,,,,no,,,,Niyazov,Niyazov,no,,,yes,unclear,yes,no,no,yes,"eco, un",no,no,no,no,1992-06-21,SRC_NELDA
701-1994-1211-L1,TKM,Turkmenistan,1994,Legislative/Parliamentary,no,no,no,no,no,no,,,,no,yes,yes,yes,no,yes,yes,yes,no,no,no,,,,no,yes,yes,no,,no,,,no,no,no,,,,,,,,,Niyazov,Niyazov,no,,,yes,unclear,yes,no,no,yes,"un, eco, osce",no,no,no,no,1994-12-11,SRC_NELDA
701-1998-0405-L1,TKM,Turkmenistan,1998,Legislative/Parliamentary,no,no,yes,yes,yes,no,,,,no,no,yes,yes,no,no,yes,yes,no,no,no,,,,no,no,,no,,no,,,no,no,no,,,,,,,,,Niyazov,Niyazov,no,,,yes,no,yes,no,no,yes,"un, eco, osce",no,no,no,no,1998-04-05,SRC_NELDA
701-1999-1212-L1,TKM,Turkmenistan,1999,Legislative/Parliamentary,no,no,yes,no,yes,no,,,,no,yes,yes,yes,no,no,yes,yes,no,no,no,,,,,yes,yes,no,,no,,,no,no,no,,,,,,,,,Niyazov,Niyazov,no,,,no,yes,yes,no,no,yes,"un, eco, osce",no,no,no,no,1999-12-12,SRC_NELDA
701-2003-0406-L1,TKM,Turkmenistan,2003,Legislative/Parliamentary,no,no,yes,no,yes,no,,,,no,yes,yes,yes,no,no,yes,yes,no,no,no,,,,no,yes,yes,no,,no,,,no,no,no,,,,,,,,,Niyazov,Niyazov,no,,,yes,yes,yes,unclear,no,yes,"un, eco, osce",no,no,no,no,2003-04-06,SRC_NELDA
701-2004-1219-L1,TKM,Turkmenistan,2004,Legislative/Parliamentary,no,no,yes,no,yes,no,,,,no,yes,yes,yes,no,no,yes,yes,no,no,no,,,,,yes,,no,,no,,,no,no,no,,,,,,,,,niyazov,niyazov,no,,,yes,yes,yes,unclear,no,yes,"un, eco, osce",no,no,no,no,2004-12-19,SRC_NELDA
701-2007-0211-P1,TKM,Turkmenistan,2007,Executive,yes,no,no,no,yes,,no,no,yes,yes,yes,yes,yes,no,yes,yes,yes,no,yes,yes,yes,,yes,no,no,,no,no,no,,,,no,no,,,,,no,,,,Berdymukhammedov,Berymukhammedov,yes,yes,yes,no,no,yes,no,no,yes,US,no,no,no,no,2007-02-11,SRC_NELDA
701-2010-1214-L1,TKM,Turkmenistan,2010,Legislative/Parliamentary,no,no,no,no,yes,yes,,,,no,yes,yes,yes,no,no,yes,yes,no,no,no,,,,no,no,,,no,no,,,,no,no,,,,,no,,,,Berdymukhammedov,Berdymukhammedov,yes,yes,yes,no,yes,no,no,no,no,,no,no,no,no,2010-12-14,SRC_NELDA
702-1991-1124-P1,TJK,Tajikistan,1991,Executive,no,yes,yes,yes,yes,yes,no,no,no,unclear,yes,yes,no,no,no,no,no,no,yes,yes,unclear,unclear,unclear,unclear,unclear,unclear,no,yes,no,,,,no,no,,,,,no,,,,Nabiyev,Kadreddin Aslonov,no,,,no,no,unclear,no,no,no,,,,no,no,1991-11-24,SRC_NELDA
702-1994-1106-P1,TJK,Tajikistan,1994,Executive,no,no,yes,yes,yes,yes,no,no,no,no,yes,yes,no,yes,no,no,no,no,yes,yes,yes,,,no,no,,no,yes,no,,,,no,no,,,,,no,,,,Rakhmanov,Rakhmanov,yes,no,,no,yes,unclear,unclear,unclear,no,,,,no,no,1994-11-06,SRC_NELDA
702-1995-0226-L1,TJK,Tajikistan,1995,Legislative/Parliamentary,no,no,yes,yes,yes,no,,,yes,no,yes,yes,yes,yes,yes,unclear,no,no,yes,no,,,,no,no,,no,yes,no,,,,no,no,,,,,no,,,,rakhmanov,rakhmanov,yes,no,,no,yes,unclear,unclear,no,no,,,,no,no,1995-02-26,SRC_NELDA
702-1995-0226-L2,TJK,Tajikistan,1995,Legislative/Parliamentary,no,no,yes,yes,yes,no,,,yes,no,yes,yes,yes,yes,yes,unclear,no,no,yes,no,,,,no,no,,no,yes,no,,,,no,no,,,,,no,,,,Rakhmanov,Rakhmanov,yes,no,,no,yes,unclear,unclear,no,no,,,,no,no,1995-03-12,SRC_NELDA
702-1999-1106-P1,TJK,Tajikistan,1999,Executive,no,no,yes,yes,yes,no,no,no,yes,no,yes,yes,no,no,unclear,unclear,no,no,yes,yes,yes,,,no,no,,no,yes,no,,,,no,no,,,,,no,,,,Rakhmanov,Rakhmanov,yes,yes,yes,no,yes,unclear,unclear,no,no,,,,no,no,1999-11-06,SRC_NELDA
702-2000-0227-L1,TJK,Tajikistan,2000,Legislative/Parliamentary,no,no,yes,yes,yes,yes,,,yes,no,yes,yes,no,no,yes,yes,no,no,yes,no,,,,no,no,,no,yes,no,,,,unclear,no,,,,,no,,,,Rakhmanov,Rakhmanov,yes,yes,yes,no,no,yes,no,no,no,,,,no,no,2000-02-27,SRC_NELDA
702-2000-0227-L2,TJK,Tajikistan,2000,Legislative/Parliamentary,no,no,yes,yes,yes,yes,,,yes,no,yes,yes,no,no,yes,yes,no,no,yes,no,,,,no,no,,no,yes,no,,,,no,no,,,,,no,,,,Rakhmanov,Rakhmanov,yes,yes,yes,no,no,yes,no,no,no,,,,no,no,2000-03-12,SRC_NELDA
702-2005-0227-L1,TJK,Tajikistan,2005,Legislative/Parliamentary,no,no,yes,yes,yes,no,,,yes,no,yes,yes,yes,no,yes,yes,no,no,yes,no,,,,no,no,,no,yes,no,,,,no,no,,,,,no,,,,rakhmanov,rakhmanov,yes,yes,yes,no,no,yes,unclear,no,unclear,us,unclear,no,no,no,2005-02-27,SRC_NELDA
702-2005-0227-L2,TJK,Tajikistan,2005,Legislative/Parliamentary,no,no,yes,yes,yes,no,,,yes,no,yes,yes,no,no,yes,yes,no,no,yes,no,,,,no,no,,no,yes,no,,,,no,no,,,,,no,,,,rakhmanov,rakhmanov,yes,yes,yes,no,no,yes,unclear,no,unclear,us,unclear,no,no,no,2005-03-12,SRC_NELDA
702-2006-1106-P1,TJK,Tajikistan,2006,Executive,no,no,yes,yes,yes,no,no,no,yes,no,yes,yes,yes,yes,yes,yes,no,no,no,yes,yes,,no,no,no,,no,yes,no,,,no,no,no,,,,,no,,,,rakhmonov,rakhmonov,yes,yes,yes,no,no,yes,no,no,yes,usa,no,no,no,no,2006-11-06,SRC_NELDA
702-2010-0228-L1,TJK,Tajikistan,2010,Legislative/Parliamentary,no,no,yes,yes,yes,no,no,,,no,yes,yes,no,no,no,yes,no,no,yes,no,,,,no,no,,no,yes,no,,,,no,no,,,,,,,,,Rahmon,Rahmon,yes,yes,yes,no,no,yes,no,no,yes,"US, EU",no,no,no,no,2010-02-28,SRC_NELDA
703-1991-1012-P1,KGZ,Kyrgyz Republic,1991,Executive,no,no,yes,yes,no,,no,no,no,no,yes,yes,no,no,no,no,no,no,yes,yes,yes,,,no,no,,no,no,no,,,,no,no,,,,,no,,,,Akayev,Akayev,no,,,no,no,yes,no,no,no,,,,no,no,1991-10-12,SRC_NELDA
703-1995-0205-L1,KGZ,Kyrgyz Republic,1995,Legislative/Parliamentary,no,yes,yes,yes,yes,,,,,no,yes,unclear,no,no,yes,unclear,no,no,yes,no,,,,unclear,no,,unclear,yes,yes,yes,no,no,no,no,,,,,no,,,,Akayev,Akayev,yes,yes,yes,no,no,yes,no,no,yes,"world bank, imf",no,no,no,no,1995-02-05,SRC_NELDA
703-1995-0205-L2,KGZ,Kyrgyz Republic,1995,Legislative/Parliamentary,no,yes,yes,yes,yes,no,,,,no,yes,unclear,no,no,yes,unclear,no,no,yes,no,,,,unclear,no,,unclear,yes,no,,,no,no,no,,,,,no,,,,Akayev,Akayev,yes,yes,yes,no,no,yes,no,no,yes,"world bank, imf",no,no,no,no,1995-02-19,SRC_NELDA
703-1995-1224-P1,KGZ,Kyrgyz Republic,1995,Executive,no,yes,yes,yes,yes,no,no,no,no,no,yes,yes,unclear,no,no,yes,no,no,yes,yes,yes,,,no,no,,no,no,no,,,,no,no,,,,,no,,,,Akayev,Akayev,unclear,unclear,unclear,no,no,yes,no,no,yes,"world bank, imf",no,no,no,no,1995-12-24,SRC_NELDA
703-2000-0220-L1,KGZ,Kyrgyz Republic,2000,Legislative/Parliamentary,no,no,yes,yes,yes,no,,,,no,yes,unclear,yes,no,yes,yes,yes,no,yes,no,,,,unclear,no,,unclear,yes,no,,,no,no,no,,,,,no,,,,Akayev,Akayev,yes,yes,yes,no,no,yes,unclear,no,yes,"world bank, imf",no,no,no,no,2000-02-20,SRC_NELDA
703-2000-0220-L2,KGZ,Kyrgyz Republic,2000,Legislative/Parliamentary,no,no,yes,yes,yes,no,,,,no,yes,unclear,yes,no,yes,yes,yes,no,yes,no,,,,unclear,no,,unclear,yes,yes,yes,no,no,no,no,,,,,no,,,,Akayev,Akayev,yes,yes,yes,no,no,yes,unclear,no,yes,"world bank, imf",no,no,no,no,2000-03-12,SRC_NELDA
703-2000-1029-P1,KGZ,Kyrgyz Republic,2000,Executive,no,no,yes,yes,yes,no,no,no,no,no,yes,yes,yes,no,yes,yes,yes,no,yes,yes,yes,,,no,no,,no,yes,no,,,,no,no,,,,,no,,,,Akayev,Akayev,yes,yes,yes,no,no,yes,yes,no,yes,"world bank, imf",unclear,no,no,no,2000-10-29,SRC_NELDA
703-2005-0227-L1,KGZ,Kyrgyz Republic,2005,Legislative/Parliamentary,no,no,yes,yes,yes,no,,,,no,yes,yes,yes,no,yes,yes,yes,no,yes,no,,,,unclear,no,,no,yes,yes,yes,no,no,no,no,,,,,no,,,,akayev,akayev,yes,yes,yes,no,no,yes,yes,no,yes,"world bank, imf",no,no,no,no,2005-02-27,SRC_NELDA
703-2005-0227-L2,KGZ,Kyrgyz Republic,2005,Legislative/Parliamentary,no,no,yes,yes,yes,no,,,,no,yes,yes,no,no,yes,yes,yes,no,yes,no,,,,no,no,,no,yes,yes,yes,yes,no,no,no,,,,,yes,no,yes,,akayev,bakiyev,yes,yes,yes,no,no,yes,no,yes,yes,"world bank, imf",no,no,no,no,2005-03-13,SRC_NELDA
703-2005-0710-P1,KGZ,Kyrgyz Republic,2005,Executive,no,no,yes,yes,yes,yes,no,no,no,unclear,yes,yes,no,no,no,unclear,yes,no,yes,yes,yes,,,no,no,,no,no,no,,,,no,no,,,,,no,,,,bakiev,bakiev,yes,yes,unclear,no,no,yes,no,yes,yes,"world bank, imf",no,no,no,no,2005-07-10,SRC_NELDA
703-2007-1216-L1,KGZ,Kyrgyz Republic,2007,Legislative/Parliamentary,no,no,yes,yes,yes,yes,no,no,no,no,no,no,no,no,yes,yes,no,no,yes,no,,,,no,no,,no,yes,yes,yes,yes,,no,no,,,,,no,,,,Bakiyev,Bakiyev,yes,yes,yes,no,no,yes,no,no,no,,,,no,no,2007-12-16,SRC_NELDA
703-2009-0723-P1,KGZ,Kyrgyz Republic,2009,Executive,no,no,yes,yes,yes,no,no,no,no,no,no,no,no,no,yes,yes,no,no,yes,yes,yes,,,no,no,,yes,yes,yes,yes,yes,,no,no,,,,,no,,,,Bakiyev,Bakiyev,yes,yes,yes,no,no,yes,no,no,no,,,,no,no,2009-07-23,SRC_NELDA
703-2010-1010-L1,KGZ,Kyrgyz Republic,2010,Legislative/Parliamentary,no,no,yes,yes,yes,yes,no,no,no,yes,no,no,no,no,yes,no,no,no,yes,no,,,,no,no,,no,,yes,no,no,,no,no,,,,,no,,,,Otunbayeva,Otunbayeva,yes,yes,no,no,no,yes,no,no,no,,,,no,no,2010-10-10,SRC_NELDA
704-1991-1229-P1,UZB,Uzbekistan,1991,Executive,no,yes,yes,yes,yes,,no,no,no,no,unclear,yes,yes,no,unclear,yes,no,no,yes,yes,yes,,,no,yes,yes,no,no,yes,no,yes,,yes,no,,,,,no,,,,Karimov,Karimov,no,,,no,no,unclear,no,no,no,,,,no,no,1991-12-29,SRC_NELDA
704-1994-1225-L1,UZB,Uzbekistan,1994,Legislative/Parliamentary,no,no,no,yes,yes,no,,,,no,yes,yes,yes,no,yes,unclear,no,no,yes,no,,,,no,no,,no,no,no,,,,no,no,,,,,no,,,,Karimov,Karimov,no,,,no,no,no,no,no,no,,,,no,no,1994-12-25,SRC_NELDA
704-1994-1225-L2,UZB,Uzbekistan,1995,Legislative/Parliamentary,no,no,no,yes,yes,no,,,,no,yes,yes,yes,no,yes,unclear,no,no,yes,no,,,,no,no,,no,no,no,,,,no,no,,,,,no,,,,Karimov,Karimov,no,,,no,no,no,no,no,no,,,,no,no,1995-01-08,SRC_NELDA
704-1994-1225-L3,UZB,Uzbekistan,1995,Legislative/Parliamentary,no,no,no,yes,yes,no,,,,no,yes,yes,yes,no,yes,unclear,no,no,yes,no,,,,no,no,,no,no,no,,,,no,no,,,,,no,,,,Karimov,Karimov,no,,,no,no,no,no,no,no,,,,no,no,1995-01-22,SRC_NELDA
704-1999-1205-L1,UZB,Uzbekistan,1999,Legislative/Parliamentary,no,no,unclear,yes,yes,no,,,,no,yes,yes,yes,no,yes,no,no,no,yes,no,,,,no,no,,no,no,no,,,,no,no,,,,,no,,,,Karimov,Karimov,yes,yes,no,no,yes,no,no,no,no,,,,no,no,1999-12-05,SRC_NELDA
704-1999-1205-L2,UZB,Uzbekistan,1999,Legislative/Parliamentary,no,no,unclear,yes,yes,no,,,,no,yes,yes,yes,no,yes,no,no,no,yes,no,,,,no,no,,no,no,no,,,,no,no,,,,,no,,,,Karimov,Karimov,yes,yes,no,no,yes,no,no,no,no,,,,no,no,1999-12-19,SRC_NELDA
704-2000-0109-P1,UZB,Uzbekistan,2000,Executive,no,no,no,yes,yes,no,no,no,yes,no,yes,yes,yes,no,,yes,no,no,yes,yes,yes,,,no,yes,yes,no,no,no,,,,no,no,,,,,no,,,,Karimov,Karimov,yes,no,,no,yes,no,yes,no,no,,,,no,no,2000-01-09,SRC_NELDA
704-2004-1226-L1,UZB,Uzbekistan,2004,Legislative/Parliamentary,no,no,no,yes,yes,no,,,yes,no,yes,yes,yes,no,,no,no,no,yes,no,,,,no,no,,no,no,no,,,,no,no,,,,,no,,,,Karimov,Karimov,yes,yes,no,no,yes,yes,no,no,no,,,,no,no,2004-12-26,SRC_NELDA
704-2004-1226-L2,UZB,Uzbekistan,2005,Legislative/Parliamentary,no,no,no,yes,yes,no,,,yes,no,yes,yes,yes,no,,no,no,no,yes,no,,,,no,no,,no,no,no,,,,no,no,,,,,no,,,,karimov,karimov,yes,yes,no,no,yes,yes,no,no,no,,,,no,no,2005-01-09,SRC_NELDA
704-2007-1223-P1,UZB,Uzbekistan,2007,Executive,no,no,no,no,yes,yes,no,yes,yes,no,yes,yes,,,,yes,no,no,no,yes,yes,,,no,no,,,yes,no,,,,no,no,,,,,no,,,,Karimov,Karimov,yes,yes,yes,yes,no,no,no,no,no,,no,no,no,no,2007-12-23,SRC_NELDA
704-2009-1227-L1,UZB,Uzbekistan,2009,Legislative/Parliamentary,no,no,no,no,yes,no,,,,no,yes,yes,,,,yes,no,no,no,no,,,,no,no,,,yes,no,,,,no,no,,,,,,,,,Karimov,Karimov,yes,yes,yes,yes,yes,no,no,no,no,,no,no,no,no,2009-12-27,SRC_NELDA
705-1994-0307-L1,KAZ,Kazakhstan,1994,Legislative/Parliamentary,no,yes,yes,yes,yes,,,,,no,yes,yes,yes,no,no,yes,no,yes,yes,no,,,,no,no,,no,unclear,no,,,,no,yes,no,no,yes,no,no,,,,Nazarbaev,Nazarbaev,yes,yes,yes,no,no,yes,no,no,no,,,,no,no,1994-03-07,SRC_NELDA
705-1995-0429-P1,KAZ,Kazakhstan,1995,Executive,no,no,,yes,no,,no,yes,no,no,no,yes,,,,no,no,no,yes,yes,yes,,,no,no,,,no,no,,,,no,no,,,,,no,,,,Nazarbaev,Nazarbaev,no,,,no,no,yes,no,no,yes,"US, OSCE",no,no,no,no,1995-04-29,SRC_NELDA
705-1995-1209-L1,KAZ,Kazakhstan,1995,Legislative/Parliamentary,no,no,yes,yes,yes,,,,yes,no,yes,yes,unclear,yes,no,unclear,no,unclear,yes,no,,,,unclear,no,,no,no,no,,,no,no,no,,,,,no,,,,Nazarbaev,Nazarbaev,yes,yes,no,no,no,yes,no,no,no,,,,no,no,1995-12-09,SRC_NELDA
705-1995-1209-L2,KAZ,Kazakhstan,1995,Legislative/Parliamentary,no,no,yes,yes,yes,,,,yes,no,yes,yes,no,yes,no,unclear,no,no,yes,no,,,,unclear,no,,no,no,no,,,no,no,no,,,,,no,,,,Nazarbaev,Nazarbaev,yes,yes,no,no,no,yes,no,no,no,,,,no,no,1995-12-23,SRC_NELDA
705-1999-0110-P1,KAZ,Kazakhstan,1999,Executive,no,no,yes,yes,yes,yes,no,no,yes,no,yes,yes,yes,yes,yes,yes,no,no,yes,yes,yes,,,no,no,,no,yes,no,,,,no,no,,,,,no,,,,Nazarbaev,Nazarbaev,yes,yes,yes,no,yes,yes,no,no,no,,,,no,no,1999-01-10,SRC_NELDA
705-1999-1010-L1,KAZ,Kazakhstan,1999,Legislative/Parliamentary,no,no,yes,yes,yes,no,,,,no,yes,yes,yes,no,yes,yes,no,no,yes,no,,,,no,no,,no,yes,no,,,,no,no,,,,,no,,,,Nazarbaev,Nazarbaev,yes,yes,yes,no,no,yes,no,no,no,,,,no,no,1999-10-10,SRC_NELDA
705-1999-1010-L2,KAZ,Kazakhstan,1999,Legislative/Parliamentary,no,no,yes,yes,yes,no,,,,no,yes,yes,yes,no,yes,yes,no,no,yes,no,,,,no,no,,no,yes,no,,,,no,no,,,,,no,,,,Nazarbaev,Nazarbaev,yes,yes,yes,no,no,yes,no,no,no,,,,no,no,1999-10-24,SRC_NELDA
705-2004-0919-L1,KAZ,Kazakhstan,2004,Legislative/Parliamentary,no,no,yes,yes,yes,no,,,,no,yes,yes,yes,no,yes,yes,yes,no,yes,no,,,,no,no,,no,yes,no,,,,no,no,,,,,no,,,,Nazarbaev,Nazarbaev,yes,yes,yes,no,no,yes,no,no,no,,,,no,no,2004-09-19,SRC_NELDA
705-2004-0919-L2,KAZ,Kazakhstan,2004,Legislative/Parliamentary,no,no,yes,yes,yes,no,,,,no,yes,yes,yes,no,yes,yes,yes,no,yes,no,,,,no,no,,no,yes,no,,,,no,no,,,,,no,,,,Nazarbaev,Nazarbaev,yes,yes,yes,no,no,yes,no,no,no,,,,no,no,2004-10-03,SRC_NELDA
705-2005-1204-P1,KAZ,Kazakhstan,2005,Executive,no,no,yes,yes,yes,no,no,no,yes,no,yes,yes,no,no,yes,yes,yes,no,yes,yes,yes,,,no,unclear,,no,unclear,no,,,,no,no,,,,,no,,,,nazarbayev,nazarbayev,yes,yes,yes,no,no,yes,no,no,no,,,,no,no,2005-12-04,SRC_NELDA
705-2007-0818-L1,KAZ,Kazakhstan,2007,Legislative/Parliamentary,no,no,yes,yes,yes,yes,,,,no,yes,yes,no,no,yes,yes,yes,no,no,no,,,,no,no,,no,yes,no,,,,no,no,,,,,,,,,Nazarbaev,Nazarbaev,yes,yes,yes,no,no,yes,no,no,yes,"EU, US, UN, IMF",no,no,no,no,2007-08-18,SRC_NELDA
712-1951-0610-L1,MNG,Mongolia,1951,Legislative/Parliamentary,yes,no,no,no,no,,,,,no,yes,yes,,,,yes,no,no,yes,no,,,,no,no,,,no,no,,,,no,no,,,,,no,,,,Choibalsan,Choibalsan,no,,,no,no,no,no,no,no,,,,no,no,1951-06-10,SRC_NELDA
712-1954-0613-L1,MNG,Mongolia,1954,Legislative/Parliamentary,no,no,no,no,no,no,,,,no,yes,yes,,,,yes,no,no,yes,no,,,,no,no,,,no,no,,,,no,no,,,,,no,,,,Tsedenbal,Tsedenbal,no,,,no,no,no,no,no,no,,,,no,no,1954-06-13,SRC_NELDA
712-1957-0616-L1,MNG,Mongolia,1957,Legislative/Parliamentary,no,no,no,no,no,no,,,,no,yes,yes,,,,yes,no,no,yes,no,,,,no,no,,,no,no,,,,no,no,,,,,no,,,,Tsedenbal,Tsedenbal,no,,,no,no,no,no,no,no,,,,no,no,1957-06-16,SRC_NELDA
712-1960-0610-L1,MNG,Mongolia,1960,Legislative/Parliamentary,no,no,no,no,no,no,,,,no,yes,yes,yes,no,no,yes,yes,no,yes,no,,,,,no,,,no,no,,,no,no,no,,,,,no,,,,tsedenbal,tsedenbal,no,,,no,no,no,,,no,,,,no,yes,1960-06-10,SRC_NELDA
712-1963-0609-L1,MNG,Mongolia,1963,Legislative/Parliamentary,no,no,no,no,no,no,,,,no,yes,yes,yes,no,no,yes,yes,no,yes,no,,,,,no,,,no,no,,,no,no,no,,,,,no,,,,tsedenbal,tsedenbal,no,,,no,no,no,,,no,,,,no,yes,1963-06-09,SRC_NELDA
712-1966-0626-L1,MNG,Mongolia,1966,Legislative/Parliamentary,no,no,no,no,no,no,,,,no,yes,yes,yes,no,no,yes,yes,no,yes,no,,,,,no,,,no,no,,,no,no,no,,,,,no,,,,tsedenbal,tsedenbal,no,,,no,no,no,,,no,,,,no,yes,1966-06-26,SRC_NELDA
712-1969-0622-L1,MNG,Mongolia,1969,Legislative/Parliamentary,no,no,no,no,no,no,,,,no,yes,yes,yes,no,no,yes,yes,no,yes,no,,,,,no,,,no,no,,,no,no,no,,,,,no,,,,tsedenbal,tsedenbal,no,,,no,no,no,,,no,,,,no,yes,1969-06-22,SRC_NELDA
712-1973-0624-L1,MNG,Mongolia,1973,Legislative/Parliamentary,no,no,yes,no,yes,no,,,,no,no,yes,no,no,no,no,no,no,yes,no,,,,,no,,no,no,no,,,no,no,no,,,,,no,,,,Tsedenbal,Tsedenbal,no,,,no,no,no,,,no,,,,no,no,1973-06-24,SRC_NELDA
712-1977-0619-L1,MNG,Mongolia,1977,Legislative/Parliamentary,no,no,yes,no,yes,no,,,,no,no,yes,no,no,no,no,no,no,yes,no,,,,,no,,no,no,no,,,no,no,no,,,,,no,,,,Tsedenbal,Tsedenbal,no,,,no,no,no,,,no,,,,no,no,1977-06-19,SRC_NELDA
712-1981-0621-L1,MNG,Mongolia,1981,Legislative/Parliamentary,no,no,no,no,no,no,,,,no,no,yes,,,,yes,yes,no,yes,no,,,,no,no,,no,no,no,,,no,no,no,,,,,no,,,,Tsedenbal,Tsedenbal,no,,,no,no,no,no,no,no,,,,no,no,1981-06-21,SRC_NELDA
712-1986-0622-L1,MNG,Mongolia,1986,Legislative/Parliamentary,no,no,no,no,no,no,,,,no,no,yes,,,,yes,yes,no,yes,no,,,,no,no,,no,no,no,,,no,no,no,,,,,no,,,,Batmonh,Batmonh,no,,,no,no,no,no,no,no,,,,no,no,1986-06-22,SRC_NELDA
712-1990-0729-L1,MNG,Mongolia,1990,Legislative/Parliamentary,no,yes,yes,yes,yes,no,,,,no,yes,yes,no,no,no,no,no,no,yes,no,,,,no,no,,yes,no,no,,,,no,,,,,,no,,,,Ochirbat,Ochirbat,yes,yes,no,no,no,no,no,yes,yes,"un, cmea",no,yes,no,no,1990-07-29,SRC_NELDA
712-1992-0628-L1,MNG,Mongolia,1992,Legislative/Parliamentary,no,no,yes,yes,yes,yes,,,,no,no,yes,no,no,no,no,no,no,yes,no,,,,no,no,,no,no,no,,,,no,,,,,,no,,,,ochirbat,ochirbat,yes,yes,no,no,no,yes,no,yes,yes,"un, cmea, usa",no,yes,no,no,1992-06-28,SRC_NELDA
712-1993-0606-P1,MNG,Mongolia,1993,Executive,no,no,yes,yes,yes,no,no,no,no,no,no,yes,no,no,no,no,no,no,yes,yes,yes,,,no,no,,no,no,no,,,,no,no,,,,,no,,,,Ochirbat,Ochirbat,yes,yes,no,no,no,yes,no,no,yes,"un, cmea, usa",no,no,no,no,1993-06-06,SRC_NELDA
712-1996-0630-L1,MNG,Mongolia,1996,Legislative/Parliamentary,no,no,yes,yes,yes,no,,,,no,no,yes,no,no,no,no,no,yes,yes,no,,,,yes,no,,yes,no,no,,,,no,,,,,,no,,,,Ochirbat,Ochirbat,yes,yes,no,no,no,yes,no,no,yes,"un, cmea, usa",no,no,no,no,1996-06-30,SRC_NELDA
712-1997-0518-P1,MNG,Mongolia,1997,Executive,no,no,yes,yes,yes,no,no,no,no,no,no,no,no,no,no,no,no,yes,yes,yes,yes,,,yes,no,,yes,no,no,,,no,no,,,,,,yes,yes,no,no,Ochirbat,Bagabandi,yes,yes,no,no,no,yes,no,no,yes,"un, cmea, usa",no,no,no,no,1997-05-18,SRC_NELDA
712-2000-0702-L1,MNG,Mongolia,2000,Legislative/Parliamentary,no,no,yes,yes,yes,no,,,,no,no,no,no,no,no,no,no,yes,yes,no,,,,no,no,,yes,no,no,,,,no,,,,,,no,,,,Bagabandi,Bagabandi,yes,yes,no,no,no,yes,no,no,yes,"un, cmea, wb, usa",no,no,no,no,2000-07-02,SRC_NELDA
712-2001-0520-P1,MNG,Mongolia,2001,Executive,no,no,yes,yes,yes,no,no,no,no,no,no,yes,no,no,no,no,no,yes,yes,yes,yes,,,no,no,,no,no,no,,,,no,no,,,,,no,,,,Bagabandi,Bagabandi,yes,yes,no,no,no,yes,no,no,yes,"un, cmea, usa, wb",no,no,no,no,2001-05-20,SRC_NELDA
712-2004-0626-L1,MNG,Mongolia,2004,Legislative/Parliamentary,no,no,yes,yes,yes,no,,,,no,no,yes,no,no,no,no,no,no,yes,no,,,,no,no,,yes,no,no,,,,no,,,,,,no,,,,Bagabandi,Bagabandi,yes,yes,no,no,no,yes,no,no,yes,"un, cmea, wb, usa",no,no,no,no,2004-06-26,SRC_NELDA
712-2005-0522-P1,MNG,Mongolia,2005,Executive,no,no,yes,yes,yes,no,yes,no,no,no,no,yes,no,no,no,no,no,no,yes,yes,no,yes,yes,no,no,,no,no,yes,yes,no,,no,,,,,,yes,yes,no,no,bagabandi,enkhbayar,yes,yes,no,no,no,yes,no,no,yes,"un, cmea, usa, wb",no,no,no,no,2005-05-22,SRC_NELDA
712-2008-0629-L1,MNG,Mongolia,2008,Legislative/Parliamentary,no,no,yes,yes,yes,no,no,no,no,no,no,no,no,no,no,no,no,yes,yes,no,,,,no,no,,no,yes,yes,yes,yes,,yes,no,,,,,no,,,,Enkhbayar,Enkhbayar,yes,yes,no,no,no,yes,no,no,yes,US,no,no,no,no,2008-06-29,SRC_NELDA
712-2009-0524-P1,MNG,Mongolia,2009,Executive,no,no,yes,yes,yes,no,no,no,no,no,no,no,no,no,no,no,no,yes,yes,yes,yes,,,yes,yes,no,yes,,no,,,no,no,,,,,,yes,yes,no,no,Enkhbayar,Elbegdorj,yes,yes,no,no,no,yes,no,yes,yes,US,no,yes,no,no,2009-05-24,SRC_NELDA
713-1983-1203-L1,TWN,Taiwan,1983,Legislative/Parliamentary,no,no,no,no,yes,no,,,,no,yes,yes,,,,no,yes,no,no,no,,,,no,yes,yes,no,no,no,,,,no,no,,,,,no,,,,Chiang Ching-Kuo,Chiang Ching-Kuo,no,,,no,no,unclear,no,no,yes,us,no,no,no,no,1983-12-03,SRC_NELDA
713-1986-1206-L1,TWN,Taiwan,1986,Legislative/Parliamentary,no,no,yes,yes,yes,no,,,,no,yes,yes,no,no,yes,yes,yes,no,no,no,,,,no,no,,yes,yes,no,,,no,no,no,,,,,no,,,,Chiang Ching-Kuo,Chiang Ching-Kuo,no,,,no,no,yes,no,no,yes,us,no,no,no,no,1986-12-06,SRC_NELDA
713-1989-1202-L1,TWN,Taiwan,1989,Legislative/Parliamentary,no,no,yes,yes,yes,no,,,,no,yes,yes,no,no,unclear,yes,yes,no,no,no,,,,no,no,,yes,yes,yes,yes,no,no,no,unclear,yes,no,no,,no,,,,Lee Teng-Hui,Lee Teng-Hui,yes,yes,no,no,no,yes,no,no,yes,us,no,no,no,no,1989-12-02,SRC_NELDA
713-1991-1221-A1,TWN,Taiwan,1991,Constituent Assembly,yes,yes,yes,yes,yes,,no,no,no,no,no,yes,no,no,no,no,yes,no,no,yes,yes,,,no,no,,yes,no,no,,,,no,,,,,,no,,,,Lee Teng-Hui,Lee Teng-Hui,no,,,unclear,no,no,no,yes,no,,no,yes,no,no,1991-12-21,SRC_NELDA
713-1992-1219-L1,TWN,Taiwan,1992,Legislative/Parliamentary,no,no,yes,yes,yes,no,,,,no,no,yes,no,no,no,no,yes,no,no,no,,,,no,no,,yes,no,no,,,,no,,,,,,,,,,Lee Teng-Hui,Lee Teng-Hui,no,,,unclear,no,no,no,yes,no,,no,yes,no,no,1992-12-19,SRC_NELDA
713-1995-1202-L1,TWN,Taiwan,1995,Legislative/Parliamentary,no,no,yes,yes,yes,no,,,,no,no,yes,no,no,no,no,yes,no,no,no,,,,no,no,,yes,no,no,,,,no,,,,,,no,,,,Lee Teng-Hui,Lee Teng-Hui,no,,,unclear,no,no,no,no,no,,no,no,no,yes,1995-12-02,SRC_NELDA
713-1996-0323-A1,TWN,Taiwan,1996,Constituent Assembly,no,no,yes,yes,yes,no,,,,no,no,yes,no,no,no,no,yes,no,no,no,,,,no,no,,yes,no,no,,,,no,,,,,,no,,,,Lee Teng-Hui,Lee Teng-Hui,no,,,unclear,no,no,no,no,no,,no,no,no,yes,1996-03-23,SRC_NELDA
713-1996-0323-P1,TWN,Taiwan,1996,Executive,no,yes,yes,yes,yes,no,no,no,no,no,no,yes,no,no,no,no,yes,no,no,yes,yes,,,no,no,,no,no,no,,,,no,no,,,,,no,,,,Lee Teng-Hui,Lee Teng-Hui,no,,,unclear,no,no,no,no,no,,no,no,no,yes,1996-03-23,SRC_NELDA
713-1998-1205-L1,TWN,Taiwan,1998,Legislative/Parliamentary,no,no,yes,yes,yes,no,,,,no,no,yes,no,no,no,no,yes,no,no,no,,,,no,no,,no,no,no,,,,no,,,,,,no,,,,Lee Teng-Hui,Lee Teng-Hui,no,,,unclear,no,no,no,no,no,,no,no,no,no,1998-12-05,SRC_NELDA
713-2000-0318-P1,TWN,Taiwan,2000,Executive,no,no,yes,yes,yes,no,yes,no,no,no,no,yes,no,no,no,no,yes,no,no,yes,no,yes,no,yes,no,,yes,no,no,,,,no,,,,,,yes,yes,no,no,Lee Teng-Hui,Chen Shui-bian,no,,,unclear,no,no,no,yes,yes,sica,no,no,no,yes,2000-03-18,SRC_NELDA
713-2001-1201-L1,TWN,Taiwan,2001,Legislative/Parliamentary,no,no,yes,yes,yes,no,,,,no,no,yes,no,no,no,no,yes,no,no,no,,,,no,no,,yes,no,no,,,,no,,,,,,no,,,,Chen Shui-bian,Chen Shui-bian,no,,,unclear,no,no,no,no,yes,sica,no,no,no,yes,2001-12-01,SRC_NELDA
713-2004-0320-P1,TWN,Taiwan,2004,Executive,no,no,yes,yes,yes,no,no,no,no,no,no,yes,no,no,no,no,yes,no,no,yes,yes,,,no,no,,no,no,no,,,,no,no,,,,,no,,,,Chen Shui-bian,Chen Shui-bian,no,,,unclear,no,no,no,no,yes,sica,no,no,no,yes,2004-03-20,SRC_NELDA
713-2004-1211-L1,TWN,Taiwan,2004,Legislative/Parliamentary,no,no,yes,yes,yes,no,,,,no,no,yes,no,no,no,no,yes,no,no,no,,,,yes,no,,yes,no,no,,,,no,,,,,,no,,,,Chen Shui-bian,Chen Shui-bian,no,,,unclear,no,no,no,no,yes,sica,no,no,no,yes,2004-12-11,SRC_NELDA
713-2005-0514-A1,TWN,Taiwan,2005,Constituent Assembly,no,no,yes,yes,yes,no,,,,no,no,no,no,no,no,no,yes,no,no,no,,,,no,no,,no,no,no,,,,no,no,,,,,no,,,,chen shui-bian,chen shui-bian,no,,,no,no,yes,no,no,yes,usa,no,no,no,yes,2005-05-14,SRC_NELDA
713-2008-0112-L1,TWN,Taiwan,2008,Legislative/Parliamentary,no,no,yes,yes,yes,no,,,,no,no,no,no,no,no,no,yes,no,no,no,,,,yes,yes,no,yes,,no,,,no,no,,,,,,,,,,Chen Shui-bian,Chen Shui-bian,yes,yes,no,no,no,yes,no,yes,no,,no,no,no,no,2008-01-12,SRC_NELDA
713-2008-0322-P1,TWN,Taiwan,2008,Executive,no,no,yes,yes,yes,no,yes,yes,no,no,no,no,no,no,no,no,yes,no,no,yes,no,yes,no,yes,yes,no,yes,,no,,,no,no,,,,,,yes,yes,no,no,Chen Shui-bian,Ma Ying-jeou,yes,yes,no,no,no,yes,no,yes,no,,no,no,no,no,2008-03-22,SRC_NELDA
731-1950-0530-L1,PRK,North Korea,1950,Legislative/Parliamentary,no,no,yes,yes,yes,no,,,,no,no,no,no,no,no,no,no,no,yes,no,,,,no,no,,yes,,no,,,no,yes,,,,,,,,,,Rhee,Rhee,yes,yes,no,no,no,yes,no,no,yes,"US, UN",no,no,yes,no,1950-05-30,SRC_NELDA
731-1952-0805-P1,PRK,North Korea,1952,Executive,no,no,yes,yes,yes,no,no,no,no,no,yes,yes,no,no,yes,no,no,no,yes,yes,yes,,,no,no,,no,yes,no,,,,yes,no,,,,,no,,,,Rhee,Rhee,yes,yes,no,no,no,yes,no,no,yes,"US, UN",no,no,no,no,1952-08-05,SRC_NELDA
731-1954-0520-L1,PRK,North Korea,1954,Legislative/Parliamentary,no,no,yes,yes,yes,no,,,,no,yes,no,no,no,yes,no,no,no,yes,no,,,,no,no,,no,yes,no,,,,no,no,,,,,,,,,Rhee,Rhee,yes,yes,no,no,no,yes,no,no,yes,"US, UN",no,no,no,no,1954-05-20,SRC_NELDA
731-1956-0515-P1,PRK,North Korea,1956,Executive,no,no,yes,yes,yes,yes,no,no,yes,no,yes,no,no,no,yes,no,no,no,yes,yes,yes,,,no,no,,yes,yes,no,,,,no,no,,,,,no,,,,Rhee,Rhee,no,,,no,no,yes,no,no,yes,"US, UN",no,no,no,no,1956-05-15,SRC_NELDA
731-1958-0502-L1,PRK,North Korea,1958,Legislative/Parliamentary,no,no,yes,yes,yes,no,,,,no,yes,no,no,no,yes,no,no,no,yes,no,,,,no,no,,yes,no,no,,,,no,no,,,,,,,,,Rhee,Rhee,no,,,no,no,yes,no,no,yes,"US, UN",no,no,no,no,1958-05-02,SRC_NELDA
731-1962-1008-L1,PRK,North Korea,1962,Legislative/Parliamentary,no,no,no,no,no,no,no,,,no,yes,yes,yes,no,no,yes,yes,no,yes,no,,,,,no,,,no,no,,,no,no,no,,,,,no,,,,kim il-sung,kim il-sung,no,,,no,no,no,no,no,no,,,,no,no,1962-10-08,SRC_NELDA
731-1967-1125-L1,PRK,North Korea,1967,Legislative/Parliamentary,no,no,no,no,no,no,no,,,no,yes,yes,yes,no,no,yes,yes,no,yes,no,,,,,no,,,no,no,,,no,no,no,,,,,no,,,,kim il-sung,kim il-sung,no,,,no,no,no,no,no,no,,,,no,no,1967-11-25,SRC_NELDA
731-1972-1212-L1,PRK,North Korea,1972,Legislative/Parliamentary,no,no,no,no,no,yes,no,no,no,no,yes,yes,yes,,,yes,no,no,yes,no,,,,,no,,,no,no,,,,no,no,,,,,,,,,Kim Il-Sung,Kim Il-Sung,no,,,no,no,no,no,no,no,,,,no,no,1972-12-12,SRC_NELDA
731-1977-1111-L1,PRK,North Korea,1977,Legislative/Parliamentary,no,no,no,no,no,yes,no,no,no,no,yes,yes,yes,,,yes,no,no,yes,no,,,,,no,,,no,no,,,,no,no,,,,,,,,,Kim Il-Sung,Kim Il-Sung,no,,,no,no,no,no,no,no,,,,no,no,1977-11-11,SRC_NELDA
731-1982-0228-L1,PRK,North Korea,1982,Legislative/Parliamentary,no,no,no,no,no,no,,,,no,yes,yes,yes,no,no,no,no,no,no,no,,,,no,no,,no,no,no,,,,no,,,,,,no,,,,Kim Il-Sung,Kim II-Sung,no,,,no,no,no,no,no,yes,"who, un",no,no,no,no,1982-02-28,SRC_NELDA
731-1986-1102-L1,PRK,North Korea,1986,Legislative/Parliamentary,no,no,no,no,no,yes,,,,no,yes,yes,yes,no,no,no,no,no,no,no,,,,no,no,,no,no,no,,,,no,,,,,,no,,,,Kim Il-Sung,Kim Il-Sung,no,,,no,no,no,no,no,yes,"who, un",no,no,no,no,1986-11-02,SRC_NELDA
731-1990-0524-L1,PRK,North Korea,1990,Legislative/Parliamentary,no,no,no,no,yes,yes,,,,no,yes,yes,yes,no,no,no,no,no,no,no,,,,no,no,,no,no,no,,,,no,,,,,,no,,,,Kim Il-Sung,Kim Il-Sung,no,,,unclear,unclear,no,no,no,yes,"who, un",no,no,no,no,1990-05-24,SRC_NELDA
731-1998-0627-L1,PRK,North Korea,1998,Legislative/Parliamentary,no,no,no,no,yes,no,,,,no,yes,yes,yes,no,no,no,no,no,no,no,,,,no,no,,no,no,no,,,,no,,,,,,no,,,,Kim Jong-Il,Kim Jong-Il,no,,,unclear,unclear,no,no,no,yes,"who, un",no,no,no,no,1998-06-27,SRC_NELDA
731-2003-0803-L1,PRK,North Korea,2003,Legislative/Parliamentary,no,no,no,no,yes,no,,,,no,yes,yes,yes,no,no,no,no,no,no,no,,,,no,no,,no,no,no,,,,no,,,,,,no,,,,Kim Jong-Il,Kim Jong-Il,no,,,unclear,unclear,no,no,no,yes,"un, iaea",no,no,no,no,2003-08-03,SRC_NELDA
731-2009-0308-L1,PRK,North Korea,2009,Legislative/Parliamentary,no,no,no,no,no,yes,no,no,yes,no,yes,yes,,,,yes,no,no,yes,yes,yes,,,no,no,,,yes,no,,,,no,no,,,,,no,,,,Kim Jong Il,Kim Jong Il,no,,,no,no,no,no,no,no,,no,no,no,no,2009-03-08,SRC_NELDA
732-1950-0530-L1,KOR,South Korea,1950,Legislative/Parliamentary,no,no,yes,yes,yes,no,,,,no,no,no,no,no,no,no,no,no,yes,no,,,,yes,no,,yes,,no,,,no,no,,,,,,,,,,Rhee,Rhee,no,,,no,no,yes,no,no,yes,"UN, USA",no,no,no,no,1950-05-30,SRC_NELDA
732-1952-0805-P1,KOR,South Korea,1952,Executive,no,no,yes,yes,yes,yes,no,no,no,no,no,no,no,no,no,no,no,no,yes,yes,yes,,,no,no,,no,,no,,,,no,no,,,,,no,,,,Rhee,Rhee,no,,,no,no,yes,no,no,yes,"UN, USA",no,no,no,no,1952-08-05,SRC_NELDA
732-1954-0520-L1,KOR,South Korea,1954,Legislative/Parliamentary,no,no,yes,yes,yes,no,,,,no,no,no,no,no,no,no,yes,no,yes,no,,,,no,no,,no,no,no,,,,no,no,,,,,,,,,Rhee,Rhee,yes,yes,no,no,no,yes,no,no,yes,"UN, USA",no,no,no,no,1954-05-20,SRC_NELDA
732-1956-0515-P1,KOR,South Korea,1956,Executive,no,no,yes,yes,yes,no,no,no,yes,no,no,no,no,no,no,no,yes,no,yes,yes,yes,,,no,no,,no,no,no,,,,no,no,,,,,no,,,,Rhee,Rhee,yes,yes,no,no,no,yes,no,no,yes,"UN, USA",no,no,no,no,1956-05-15,SRC_NELDA
732-1958-0502-L1,KOR,South Korea,1958,Legislative/Parliamentary,no,no,yes,yes,yes,no,,,,no,no,no,no,no,no,no,yes,no,yes,no,,,,no,no,,no,,no,,,,no,no,,,,,,,,,Rhee,Rhee,yes,yes,no,no,no,yes,no,no,yes,"UN, USA",no,no,no,no,1958-05-02,SRC_NELDA
732-1960-0315-P1,KOR,South Korea,1960,Executive,no,no,yes,yes,yes,yes,no,no,yes,no,yes,no,no,yes,yes,yes,no,no,yes,yes,yes,,,,no,,no,yes,yes,yes,yes,no,yes,yes,yes,yes,no,,yes,no,yes,no,rhee,huh chung,yes,yes,yes,no,no,yes,yes,no,yes,u.s.,yes,no,yes,no,1960-03-15,SRC_NELDA
732-1960-0729-L1,KOR,South Korea,1960,Legislative/Parliamentary,yes,no,yes,yes,yes,,,,,yes,no,yes,no,no,no,no,no,no,yes,no,,,,,no,,no,no,yes,no,no,no,no,no,,,,,,,,,huh chung,huh chung,yes,yes,no,no,no,yes,no,yes,yes,u.s.,no,yes,no,no,1960-07-29,SRC_NELDA
732-1963-1015-P1,KOR,South Korea,1963,Executive,yes,no,yes,yes,yes,,no,no,no,no,yes,no,no,no,no,no,yes,no,yes,yes,yes,,,,no,,,no,no,,,no,no,no,,,,,no,,,,park,park,yes,yes,no,no,no,yes,no,no,yes,u.s.,no,no,no,no,1963-10-15,SRC_NELDA
732-1963-1126-L1,KOR,South Korea,1963,Legislative/Parliamentary,yes,no,yes,yes,yes,,,,,no,no,yes,no,no,no,no,yes,no,yes,no,,,,,no,,,no,no,,,no,no,no,,,,,no,,,,park,park,no,,,no,no,yes,no,no,yes,u.s.,no,no,no,no,1963-11-26,SRC_NELDA
732-1967-0503-P1,KOR,South Korea,1967,Executive,no,no,yes,yes,yes,no,no,no,no,no,no,yes,no,no,no,no,yes,no,yes,yes,yes,,,,no,,,no,no,,,no,no,no,,,,,no,,,,park,park,yes,yes,no,no,no,yes,no,no,yes,u.s.,no,no,no,no,1967-05-03,SRC_NELDA
732-1967-0608-L1,KOR,South Korea,1967,Legislative/Parliamentary,no,no,yes,yes,yes,no,,,,no,yes,yes,no,no,yes,no,yes,no,yes,no,,,,,no,,,yes,yes,yes,no,no,yes,yes,yes,no,no,,no,,,,park,park,no,,,no,no,yes,no,no,yes,u.s.,no,no,no,no,1967-06-08,SRC_NELDA
732-1971-0525-L1,KOR,South Korea,1971,Legislative/Parliamentary,no,no,yes,yes,yes,no,,no,,no,no,no,yes,no,no,no,yes,no,yes,no,,,,no,no,,yes,no,no,,,,no,no,,,,,,,,,Hee Park,Hee Park,no,,,no,no,yes,no,no,yes,"us, world bank",no,no,no,no,1971-05-25,SRC_NELDA
732-1973-0227-L1,KOR,South Korea,1973,Legislative/Parliamentary,yes,no,yes,yes,yes,,,no,,no,no,no,no,no,no,no,yes,no,yes,no,,,,no,no,,no,no,,,,,no,no,,,,,,,,,Hee Park,Hee Park,no,,,no,no,yes,no,no,yes,"us, world bank",no,no,no,no,1973-02-27,SRC_NELDA
732-1978-1212-L1,KOR,South Korea,1978,Legislative/Parliamentary,no,no,yes,yes,yes,no,,no,,no,no,no,no,no,no,no,yes,no,yes,no,,,,no,no,,yes,no,no,,,,no,no,,,,,,,,,Hee Park,Hee Park,no,,,no,no,yes,no,no,yes,"us, world bank",no,no,no,no,1978-12-12,SRC_NELDA
732-1981-0211-P1,KOR,South Korea,1981,Executive,no,no,yes,yes,yes,,no,no,no,no,unclear,yes,no,no,no,yes,no,no,no,yes,yes,,,no,no,,no,no,no,,,,no,no,,,,,no,,,,Chun Doo Hwan,Chun Doo Hwan,no,,,no,no,yes,no,no,yes,us,no,no,no,no,1981-02-11,SRC_NELDA
732-1981-0325-L1,KOR,South Korea,1981,Legislative/Parliamentary,no,no,yes,yes,yes,yes,,,,no,yes,yes,yes,yes,no,no,yes,no,yes,no,,,,no,no,,no,no,no,,,,no,,,,,,no,,,,Chun Doo Hwan,Chun Doo Hwan,no,,,no,no,yes,no,no,yes,"usa, japan, wto, asean (although not a member)",no,no,no,no,1981-03-25,SRC_NELDA
732-1985-0212-L1,KOR,South Korea,1985,Legislative/Parliamentary,no,no,yes,yes,yes,no,,,,no,no,yes,no,no,no,no,yes,no,no,no,,,,no,no,,yes,no,no,,,,no,,,,,,no,,,,Chun Doo Hwan,Chun Doo Hwan,no,,,no,no,yes,no,no,yes,"usa, japan, wto, asean (although not a member)",no,no,no,no,1985-02-12,SRC_NELDA
732-1987-1216-P1,KOR,South Korea,1987,Executive,no,no,yes,yes,yes,no,yes,yes,no,no,yes,unclear,no,no,unclear,yes,yes,no,no,yes,no,yes,yes,no,no,,no,yes,yes,yes,yes,,no,no,,,,,yes,yes,no,no,Chun Doo Hwan,Roh Tae Woo,yes,yes,unclear,no,no,yes,no,no,yes,us,no,no,no,no,1987-12-16,SRC_NELDA
732-1988-0426-L1,KOR,South Korea,1988,Legislative/Parliamentary,no,no,yes,yes,yes,no,,,,no,no,yes,no,no,no,no,yes,no,no,no,,,,no,no,,yes,no,no,,,,no,,,,,,no,,,,Chun Doo Hwan,Roh Tae Woo,no,,,no,no,yes,no,no,yes,"usa, japan, wto, asean (although not a member)",no,no,no,no,1988-04-26,SRC_NELDA
732-1992-0324-L1,KOR,South Korea,1992,Legislative/Parliamentary,no,no,yes,yes,yes,no,,,,no,no,no,no,no,no,no,no,no,no,no,no,no,,yes,yes,yes,yes,no,no,,,,no,,,,,,,,,,Roh Tae Woo,Roh Tae Woo,no,,no,unclear,no,yes,,,yes,united states,no,no,no,no,1992-03-24,SRC_NELDA
732-1992-1218-P1,KOR,South Korea,1992,Executive,no,no,yes,yes,yes,no,yes,yes,no,no,no,no,no,no,yes,no,no,no,no,yes,no,yes,yes,no,no,,no,no,no,,,,no,no,,,,,yes,yes,no,no,Roh Tae Woo,Kim Young Sam,no,no,no,unclear,no,yes,no,no,yes,us,no,no,no,no,1992-12-18,SRC_NELDA
732-1996-0411-L1,KOR,South Korea,1996,Legislative/Parliamentary,yes,no,yes,yes,yes,,,,,no,no,no,no,no,no,no,yes,no,no,no,no,no,,yes,no,,no,no,yes,no,yes,no,yes,no,,,,,no,,,,Kim Young Sam,Kim Young Sam,no,,,,,yes,,,yes,usa,no,no,no,yes,1996-04-11,SRC_NELDA
732-1997-1218-P1,KOR,South Korea,1997,Executive,no,no,yes,yes,yes,no,yes,yes,no,no,no,no,no,no,no,no,no,yes,yes,yes,no,yes,no,yes,no,,yes,no,no,,,,no,no,,,,,yes,yes,no,no,Kim Young Sam,Kim Dae Jung,no,no,no,no,no,yes,no,no,yes,"imf, australia and usa",no,no,yes,yes,1997-12-18,SRC_NELDA
732-2000-0413-L1,KOR,South Korea,2000,Legislative/Parliamentary,no,no,yes,yes,yes,no,,,,no,no,no,no,no,no,no,yes,no,no,no,,,,no,no,,yes,no,no,,,,no,,,,,,no,,,,Kim Dae Jung,Kim Dae Jung,yes,yes,no,no,no,yes,no,no,yes,"asean, un, wto, who",no,no,no,no,2000-04-13,SRC_NELDA
732-2002-1219-P1,KOR,South Korea,2002,Executive,no,no,yes,yes,yes,no,yes,no,no,no,no,no,no,no,no,no,yes,no,no,yes,no,yes,yes,no,yes,no,yes,no,no,,,,no,,,,,,yes,yes,no,no,Kim Dae Jung,Roh Moo Hyun,yes,yes,no,no,no,yes,no,no,yes,"asean, un, wto, who",no,no,no,no,2002-12-19,SRC_NELDA
732-2004-0415-L1,KOR,South Korea,2004,Legislative/Parliamentary,no,no,yes,yes,yes,no,,,,no,no,no,no,no,no,no,yes,no,no,no,,,,yes,yes,no,yes,no,no,,,,no,,,,,,no,,,,Roh Moo Hyun,Roh Moo Hyun,yes,yes,no,no,no,yes,no,no,yes,"asean, un, wto, who",no,no,no,no,2004-04-15,SRC_NELDA
732-2007-1219-P1,KOR,South Korea,2007,Executive,no,no,yes,yes,yes,no,yes,yes,no,no,no,no,no,no,no,no,no,yes,no,yes,no,yes,no,yes,yes,no,yes,,no,,,no,no,,,,,,yes,yes,no,no,Roh Moo Hyun,Lee Myung Bak,no,,,no,no,yes,no,no,yes,"USA, OECD, EU",no,no,no,no,2007-12-19,SRC_NELDA
732-2008-0409-L1,KOR,South Korea,2008,Legislative/Parliamentary,no,no,yes,yes,yes,no,,,,no,no,yes,no,no,no,no,no,yes,no,no,,,,no,yes,yes,no,,no,,,,no,no,,,,,,,,,Lee Myung Bak,Lee Myung Bak,no,,,no,no,yes,no,no,yes,"USA, OECD, EU",no,no,no,no,2008-04-09,SRC_NELDA
740-1946-0410-L1,JPN,Japan,1946,Legislative/Parliamentary,yes,yes,yes,yes,yes,,,,,no,no,no,no,no,no,no,yes,no,yes,no,,,,,no,,yes,,no,,,,no,,,,,,,,,,Douglas MacArthur,Douglas MacArthur,no,,,no,no,yes,no,no,yes,US,no,no,no,no,1946-04-10,SRC_NELDA
740-1947-0420-L1,JPN,Japan,1947,Legislative/Parliamentary,no,no,yes,yes,yes,yes,,,,no,no,no,no,no,no,no,yes,no,yes,no,,,,,no,,yes,,no,,,,no,,,,,,,,,,Douglas MacArthur,Douglas MacArthur,no,,,no,no,yes,no,no,yes,US,no,no,no,no,1947-04-20,SRC_NELDA
740-1949-0123-L1,JPN,Japan,1949,Legislative/Parliamentary,no,no,yes,yes,yes,yes,,,,no,no,no,no,no,no,no,yes,no,yes,no,,,,,no,,no,,no,,,,no,,,,,,,,,,Douglas MacArthur,Douglas MacArthur,no,,,no,no,yes,no,no,yes,US,no,no,no,no,1949-01-23,SRC_NELDA
740-1950-0604-L1,JPN,Japan,1950,Legislative/Parliamentary,no,no,yes,yes,yes,no,,,,no,no,no,no,no,no,no,yes,no,yes,no,,,,,no,,no,,no,,,,no,,,,,,,,,,Douglas MacArthur,Douglas MacArthur,no,,,no,no,yes,no,no,yes,US,no,no,no,no,1950-06-04,SRC_NELDA
740-1952-1001-L1,JPN,Japan,1952,Legislative/Parliamentary,no,no,yes,yes,yes,yes,no,no,no,no,no,no,no,no,no,no,yes,no,no,yes,yes,,,no,no,,yes,,no,,,,no,no,,,,,no,,,,"Yoshida, Shigeru","Yoshida, Shigeru",no,,,no,no,yes,no,no,yes,US,no,no,no,no,1952-10-01,SRC_NELDA
740-1953-0419-L1,JPN,Japan,1953,Legislative/Parliamentary,no,no,yes,yes,yes,yes,no,no,no,no,no,no,no,no,no,no,yes,no,no,yes,yes,,,no,no,,yes,,no,,,,no,no,,,,,no,,,,"Yoshida, Shigeru","Yoshida, Shigeru",no,,,no,no,yes,no,no,yes,US,no,no,no,no,1953-04-19,SRC_NELDA
740-1955-0227-L1,JPN,Japan,1955,Legislative/Parliamentary,no,no,yes,yes,yes,no,no,no,no,no,no,no,no,no,no,no,yes,no,no,yes,yes,,,yes,no,,yes,no,no,,,no,no,,,,,,no,,,,Hatoyama,Hatoyama,no,,,no,no,yes,no,no,yes,US,no,no,no,no,1955-02-27,SRC_NELDA
740-1956-0708-L1,JPN,Japan,1956,Legislative/Parliamentary,no,no,yes,yes,yes,no,,,,no,no,no,no,no,no,no,yes,no,no,no,,,,no,no,,yes,,no,,,,no,no,,,,,,,,,Hatoyama,Hatoyama,no,,,no,no,yes,no,no,yes,US,no,no,no,no,1956-07-08,SRC_NELDA
740-1958-0522-L1,JPN,Japan,1958,Legislative/Parliamentary,no,no,yes,yes,yes,yes,no,no,no,no,no,no,no,no,no,no,yes,no,no,yes,yes,,,no,no,,yes,,no,,,,no,no,,,,,no,,,,Kishi,Kishi,no,,,no,no,yes,no,no,yes,US,no,no,no,no,1958-05-22,SRC_NELDA
740-1959-0602-L1,JPN,Japan,1959,Legislative/Parliamentary,no,no,yes,yes,yes,no,,,,no,no,no,no,no,no,no,yes,no,no,no,,,,no,no,,yes,,no,,,,no,no,,,,,,,,,Kishi,Kishi,no,,,no,no,yes,no,no,yes,US,no,no,no,no,1959-06-02,SRC_NELDA
740-1960-1120-L1,JPN,Japan,1960,Legislative/Parliamentary,no,no,yes,yes,yes,yes,no,no,no,no,no,yes,no,no,no,no,yes,no,no,yes,yes,,,no,no,,yes,,no,,,,no,no,,,,,no,,,,Ikeda,Ikeda,no,,,no,no,yes,no,no,yes,US,no,no,no,no,1960-11-20,SRC_NELDA
740-1962-0701-L1,JPN,Japan,1962,Legislative/Parliamentary,no,no,yes,yes,yes,no,no,no,no,no,no,yes,no,no,no,no,yes,no,no,yes,no,no,,no,no,,yes,,no,,,,no,no,,,,,no,,,,Ikeda,Ikeda,no,,,no,no,yes,no,no,yes,US,no,no,no,no,1962-07-01,SRC_NELDA
740-1963-1121-L1,JPN,Japan,1963,Legislative/Parliamentary,no,no,yes,yes,yes,yes,no,no,no,no,no,no,no,no,no,no,yes,no,no,yes,yes,,,no,no,,yes,,no,,,no,no,,,,,,no,,,,Ikeda,Ikeda,no,,,no,no,yes,no,no,yes,US,no,no,no,no,1963-11-21,SRC_NELDA
740-1965-0704-L1,JPN,Japan,1965,Legislative/Parliamentary,no,no,yes,yes,yes,no,no,no,no,no,no,no,no,no,no,no,yes,no,no,yes,no,no,,no,no,,yes,,no,,,no,no,,,,,,no,,,,Sato,Sato,no,,,no,no,yes,no,no,yes,US,no,no,no,no,1965-07-04,SRC_NELDA
740-1967-0129-L1,JPN,Japan,1967,Legislative/Parliamentary,no,no,yes,yes,yes,no,no,no,no,no,no,no,no,no,no,no,yes,no,no,yes,yes,,,no,no,,yes,,no,,,no,no,,,,,,no,,,,Sato,Sato,no,,,no,no,yes,no,no,yes,US,no,no,no,no,1967-01-29,SRC_NELDA
740-1968-0707-L1,JPN,Japan,1968,Legislative/Parliamentary,no,no,yes,yes,yes,no,no,no,no,no,no,yes,no,no,no,no,yes,no,no,yes,no,no,,no,no,,yes,,no,,,no,no,,,,,,no,,,,Sato,Sato,no,,,no,no,yes,no,yes,yes,US,no,no,no,no,1968-07-07,SRC_NELDA
740-1969-1227-L1,JPN,Japan,1969,Legislative/Parliamentary,no,no,yes,yes,yes,yes,no,no,no,no,no,yes,no,no,no,no,yes,no,no,yes,yes,,,no,yes,yes,no,,no,,,,no,no,,,,,no,,,,Sato,Sato,no,,,no,no,yes,no,yes,yes,US,no,no,no,no,1969-12-27,SRC_NELDA
740-1971-0627-L1,JPN,Japan,1971,Legislative/Parliamentary,no,no,yes,yes,yes,no,no,no,no,no,no,yes,no,no,no,no,yes,no,no,yes,no,no,,no,yes,yes,yes,,no,,,no,no,,,,,,no,,,,Sato,Sato,no,,,no,no,yes,no,no,yes,US,no,no,no,no,1971-06-27,SRC_NELDA
740-1972-1210-L1,JPN,Japan,1972,Legislative/Parliamentary,no,no,yes,yes,yes,yes,no,no,no,no,no,yes,no,no,no,no,yes,no,no,yes,yes,,,no,yes,yes,yes,,no,,,no,no,,,,,,no,,,,Tanaka,Tanaka,no,,,no,no,yes,no,yes,yes,US,no,no,no,no,1972-12-10,SRC_NELDA
740-1974-0707-L1,JPN,Japan,1974,Legislative/Parliamentary,no,no,yes,yes,yes,no,no,no,no,no,no,yes,no,no,no,no,no,yes,no,yes,no,no,,no,yes,yes,yes,,no,,,no,no,,,,,,no,,,,Tanaka,Tanaka,no,,,no,no,yes,no,no,yes,US,no,no,no,no,1974-07-07,SRC_NELDA
740-1976-1205-L1,JPN,Japan,1976,Legislative/Parliamentary,no,no,yes,yes,yes,no,no,no,no,no,no,no,no,no,no,no,no,yes,no,yes,yes,,,no,yes,yes,yes,,no,,,no,no,,,,,,yes,no,no,no,Miki,Fukuda,no,,,no,no,yes,no,no,yes,US,no,no,no,no,1976-12-05,SRC_NELDA
740-1977-0710-L1,JPN,Japan,1977,Legislative/Parliamentary,no,no,yes,yes,yes,no,no,no,no,no,no,yes,no,no,no,no,no,no,no,yes,no,no,,no,yes,yes,yes,,no,,,no,no,,,,,,no,,,,Fukuda,Fukuda,no,,,no,no,yes,no,no,yes,US,no,no,no,no,1977-07-10,SRC_NELDA
740-1979-1007-L1,JPN,Japan,1979,Legislative/Parliamentary,no,no,yes,yes,yes,yes,no,no,no,no,no,no,no,no,no,no,no,no,no,yes,yes,,,no,yes,yes,no,,no,,,,no,no,,,,,no,,,,Ohira,Ohira,no,,,no,no,yes,no,no,yes,US,no,no,no,no,1979-10-07,SRC_NELDA
740-1980-0622-L1,JPN,Japan,1980,Legislative/Parliamentary,no,no,yes,yes,yes,yes,no,no,no,no,no,no,no,no,no,no,yes,no,no,yes,yes,,,no,yes,no,no,,no,,,,no,no,,,,,yes,no,no,no,Ito,Suzuki,no,,,no,no,yes,no,no,yes,US,no,no,no,no,1980-06-22,SRC_NELDA
740-1983-0626-L1,JPN,Japan,1983,Legislative/Parliamentary,no,no,yes,yes,yes,no,no,no,no,no,no,yes,no,no,no,no,yes,no,no,yes,no,no,,no,yes,yes,yes,,no,,,,no,no,,,,,no,,,,Takasone,Takasone,no,,,no,no,yes,no,no,yes,US,no,no,no,no,1983-06-26,SRC_NELDA
740-1983-1218-L1,JPN,Japan,1983,Legislative/Parliamentary,no,no,yes,yes,yes,yes,no,no,no,no,no,no,no,no,no,no,yes,no,no,yes,yes,,,no,yes,yes,yes,,no,,,no,no,,,,,,no,,,,Nakasone,Nakasone,no,,,no,no,yes,no,no,yes,US,no,no,no,no,1983-12-18,SRC_NELDA
740-1986-0706-L1,JPN,Japan,1986,Legislative/Parliamentary,no,no,yes,yes,yes,yes,no,no,no,no,no,yes,no,no,no,no,yes,no,no,yes,yes,,,no,yes,yes,no,,no,,,,no,no,,,,,no,,,,Nakasone,Nakasone,no,,,no,no,yes,no,no,yes,US,no,no,no,no,1986-07-06,SRC_NELDA
740-1989-0723-L1,JPN,Japan,1989,Legislative/Parliamentary,no,no,yes,yes,yes,no,no,no,no,no,no,no,no,no,no,no,yes,no,no,yes,no,no,,no,yes,no,yes,,no,,,no,no,,,,,,no,,,,Uno,Uno,no,,,no,no,yes,no,no,yes,US,no,no,no,no,1989-07-23,SRC_NELDA
740-1990-0218-L1,JPN,Japan,1990,Legislative/Parliamentary,no,no,yes,yes,yes,no,no,no,no,no,no,no,no,no,no,no,yes,no,no,yes,yes,,no,no,yes,yes,yes,,no,,,no,no,,,,,,no,,,,Kaifu,Kaifu,no,,,no,no,yes,no,no,yes,US,no,no,no,no,1990-02-18,SRC_NELDA
740-1992-0726-L1,JPN,Japan,1992,Legislative/Parliamentary,no,no,yes,yes,yes,no,no,no,no,no,no,yes,no,no,no,no,no,no,no,yes,no,no,,no,yes,yes,no,,no,,,,no,no,,,,,no,,,,Miyazawa,Miyazawa,no,,,no,no,yes,no,no,yes,US,no,no,no,no,1992-07-26,SRC_NELDA
740-1993-0718-L1,JPN,Japan,1993,Legislative/Parliamentary,no,no,yes,yes,yes,yes,no,no,no,no,no,no,no,no,no,no,no,no,no,yes,yes,,,yes,yes,no,yes,,no,,,no,no,,,,,,yes,yes,no,no,Miyazawa,Hosokawa,no,,,no,no,yes,no,no,yes,US,no,no,no,no,1993-07-18,SRC_NELDA
740-1995-0723-L1,JPN,Japan,1995,Legislative/Parliamentary,no,no,yes,yes,yes,no,no,no,no,no,no,yes,no,no,no,no,no,no,no,yes,no,no,,no,yes,no,yes,,no,,,no,no,,,,,,no,,,,Murayama,Murayama,no,,,no,no,yes,no,no,yes,US,no,no,no,no,1995-07-23,SRC_NELDA
740-1996-1020-L1,JPN,Japan,1996,Legislative/Parliamentary,no,no,yes,yes,yes,yes,no,no,no,no,no,yes,no,no,no,no,no,no,no,yes,yes,,,no,yes,yes,no,,no,,,,no,no,,,,,no,,,,Hashimoto,Hashimoto,no,,,no,no,yes,no,no,yes,US,no,no,no,no,1996-10-20,SRC_NELDA
740-1998-0712-L1,JPN,Japan,1998,Legislative/Parliamentary,no,no,yes,yes,yes,no,no,no,no,no,no,no,no,no,no,no,no,yes,no,yes,no,no,,no,yes,yes,yes,,no,,,,no,no,,,,,yes,no,no,no,Hashimoto,Obuchi,no,,,no,no,yes,no,no,yes,US,no,no,no,no,1998-07-12,SRC_NELDA
740-2001-0729-L1,JPN,Japan,2001,Legislative/Parliamentary,no,no,yes,yes,yes,no,no,no,no,no,no,yes,no,no,no,no,no,no,no,yes,no,no,,no,yes,yes,no,,no,,,,no,no,,,,,no,,,,Koizumi,Koizumi,no,,,no,no,yes,no,no,yes,US,no,no,no,no,2001-07-29,SRC_NELDA
740-2003-1109-L1,JPN,Japan,2003,Legislative/Parliamentary,no,no,yes,yes,yes,yes,no,no,no,no,no,no,no,no,no,no,yes,no,no,yes,yes,,,no,yes,yes,yes,,no,,,no,no,,,,,,no,,,,Koizumi,Koizumi,no,,,no,no,yes,no,no,yes,US,no,no,no,no,2003-11-09,SRC_NELDA
740-2004-0711-L1,JPN,Japan,2004,Legislative/Parliamentary,no,no,yes,yes,yes,no,no,no,no,no,no,no,no,no,no,no,yes,no,no,yes,no,no,,no,yes,no,no,,no,,,no,no,,,,,,no,,,,Koizumi,Koizumi,no,,,no,no,yes,no,no,yes,US,no,no,no,no,2004-07-11,SRC_NELDA
740-2005-0911-L1,JPN,Japan,2005,Legislative/Parliamentary,no,no,yes,yes,yes,yes,no,no,no,no,no,yes,no,no,no,no,yes,no,no,yes,yes,,,no,yes,yes,no,,no,,,,no,no,,,,,no,,,,Koizumi,Koizumi,no,,,no,no,yes,no,no,yes,US,no,no,no,no,2005-09-11,SRC_NELDA
740-2007-0729-L1,JPN,Japan,2007,Legislative/Parliamentary,no,no,yes,yes,yes,no,no,no,no,no,no,no,no,no,no,no,no,no,no,yes,no,no,,yes,yes,no,yes,,no,,,no,no,,,,,,no,,,,Shinzo Abe,Shinzo Abe,no,,,no,no,yes,no,no,yes,"US, OECD, IMF, World Bank",no,no,no,no,2007-07-29,SRC_NELDA
740-2009-0830-L1,JPN,Japan,2009,Legislative/Parliamentary,no,no,yes,yes,yes,no,no,no,no,no,no,no,no,no,no,no,no,yes,no,yes,yes,,,yes,yes,no,yes,,no,,,no,no,,,,,,yes,yes,no,no,Taro Aso,Yukio Hatoyama,no,,,no,no,yes,no,no,yes,"US, OECD, IMF, World Bank",no,no,no,no,2009-08-30,SRC_NELDA
740-2010-0711-L1,JPN,Japan,2010,Legislative/Parliamentary,no,no,yes,yes,yes,no,no,no,no,no,no,no,no,no,no,no,no,no,no,yes,no,,,no,yes,no,yes,,no,,,no,no,,,,,,no,,,,Naoto Kan,Naoto Kan,no,,,no,no,yes,no,no,yes,"US, OECD, IMF, World Bank",no,no,no,no,2010-07-11,SRC_NELDA
750-1951-1025-L1,IND,India,1951,Legislative/Parliamentary,yes,yes,yes,yes,yes,,no,no,no,yes,no,no,no,no,yes,no,no,yes,yes,yes,yes,,,no,no,,yes,,no,,,,no,no,,,,,no,,,,Nehru,Nehru,no,,,no,no,no,no,no,yes,"US, UK, British Commonwealth, UN",no,no,no,no,1951-10-25,SRC_NELDA
750-1957-0224-L1,IND,India,1957,Legislative/Parliamentary,no,no,yes,yes,yes,no,no,no,no,no,no,no,no,no,no,no,yes,no,yes,yes,yes,,,no,no,,no,,yes,no,no,,yes,no,,,,,no,,,,Nehru,Nehru,no,,,no,no,yes,no,no,yes,"US, UK, British Commonwealth, UN, Scandinavian countries, Germany",no,no,no,no,1957-02-24,SRC_NELDA
750-1962-0216-L1,IND,India,1962,Legislative/Parliamentary,no,no,yes,yes,yes,no,no,no,no,no,no,yes,no,no,no,no,yes,no,yes,yes,yes,,,,no,,yes,no,no,,,no,no,no,,,,,no,,,,j. nehru,j. nehru,no,,,no,no,yes,no,no,yes,great britain,no,no,no,no,1962-02-16,SRC_NELDA
750-1967-0215-L1,IND,India,1967,Legislative/Parliamentary,no,no,yes,yes,yes,no,no,no,no,no,no,yes,no,no,no,no,no,no,yes,yes,yes,,,,no,,yes,no,no,,,no,no,no,,,,,no,,,,i. gandhi,i. gandhi,no,,,no,no,yes,no,no,yes,great britain,no,no,no,no,1967-02-15,SRC_NELDA
750-1971-0301-L1,IND,India,1971,Legislative/Parliamentary,yes,no,yes,yes,yes,,no,no,no,no,no,yes,no,no,no,no,no,no,yes,yes,yes,,,no,yes,yes,no,no,no,,,,no,no,,,,,no,,,,"Gandhi, I.","Gandhi, I.",no,no,no,no,no,no,no,no,yes,world bank,no,no,no,no,1971-03-01,SRC_NELDA
750-1977-0316-L1,IND,India,1977,Legislative/Parliamentary,yes,no,yes,yes,yes,,no,no,no,no,no,no,no,no,no,no,no,no,yes,yes,yes,,,,no,,yes,no,no,,,no,no,,,,,,yes,yes,no,no,"Gandhi, I.",Desai,no,,,no,no,no,no,no,yes,world bank,no,no,no,no,1977-03-16,SRC_NELDA
750-1980-0103-L1,IND,India,1980,Legislative/Parliamentary,no,no,yes,yes,yes,yes,no,no,no,no,no,no,no,no,no,no,no,no,yes,yes,yes,,,yes,yes,no,yes,no,no,,,no,unclear,,,,,,yes,yes,no,no,Charan Singh,"Gandhi, I.",no,,,no,no,unclear,no,no,no,,,,no,no,1980-01-03,SRC_NELDA
750-1984-1224-L1,IND,India,1984,Legislative/Parliamentary,no,no,yes,yes,yes,no,no,no,no,no,no,yes,no,no,no,no,yes,no,yes,yes,yes,,,no,yes,yes,no,no,no,,,,yes,no,,,,,no,,,,"Gandhi, R.","Gandhi, R.",no,,,no,no,yes,no,no,no,,,,no,no,1984-12-24,SRC_NELDA
750-1989-1122-L1,IND,India,1989,Legislative/Parliamentary,no,no,yes,yes,yes,no,no,no,no,no,no,no,no,no,yes,no,yes,no,yes,yes,yes,,,yes,yes,no,yes,no,no,,,no,yes,yes,yes,no,yes,no,yes,yes,no,no,"Gandhi, R.",Pratap Singh,no,,,no,no,yes,no,no,no,,,,no,no,1989-11-22,SRC_NELDA
750-1991-0520-L1,IND,India,1991,Legislative/Parliamentary,no,no,yes,yes,yes,no,yes,no,no,no,no,yes,no,no,no,no,yes,yes,yes,yes,no,no,,no,yes,yes,no,no,yes,yes,yes,no,yes,no,,,,,yes,yes,no,no,Shekhar,Shekhar,no,,,no,no,no,no,no,yes,japan,no,no,no,no,1991-05-20,SRC_NELDA
750-1996-0427-L1,IND,India,1996,Legislative/Parliamentary,no,no,yes,yes,yes,no,yes,no,no,no,yes,no,no,no,no,no,yes,no,yes,yes,no,no,,yes,yes,no,yes,yes,no,,,no,yes,no,,,,,yes,yes,no,no,Rao,Rao,yes,yes,yes,no,no,no,no,no,yes,japan,no,no,no,no,1996-04-27,SRC_NELDA
750-1998-0216-L1,IND,India,1998,Legislative/Parliamentary,no,no,yes,yes,yes,yes,no,no,no,no,no,no,no,no,no,no,yes,no,yes,yes,yes,,,yes,yes,no,yes,no,yes,no,no,no,yes,,,,,,yes,yes,no,no,Gujral,Gujral,yes,yes,yes,no,no,no,no,no,yes,japan,no,no,no,no,1998-02-16,SRC_NELDA
750-1999-0905-L1,IND,India,1999,Legislative/Parliamentary,no,no,yes,yes,yes,yes,no,no,no,no,no,yes,no,no,no,no,yes,no,yes,yes,yes,,,no,yes,yes,no,yes,yes,no,yes,no,yes,no,,,,,no,,,,Vajpayee,Vajpayee,yes,yes,no,no,no,no,no,no,yes,japan,no,no,no,no,1999-09-05,SRC_NELDA
750-2004-0420-L1,IND,India,2004,Legislative/Parliamentary,no,no,yes,yes,yes,no,no,no,no,no,no,yes,no,no,no,no,yes,no,yes,yes,yes,,,yes,yes,yes,yes,,yes,no,no,no,yes,,,,,,yes,yes,no,no,Vajpayee,Vajpayee,no,,,no,no,yes,no,no,yes,japan,no,no,no,no,2004-04-20,SRC_NELDA
750-2009-0416-L1,IND,India,2009,Legislative/Parliamentary,no,no,yes,yes,yes,no,no,no,no,no,no,no,no,yes,no,no,no,no,no,yes,yes,,,no,yes,yes,no,,yes,no,yes,,yes,no,,,,,no,,,,Manmohan Singh,Manmohan Singh,no,,,no,no,yes,no,no,yes,"UK, US, UN Bodies, Commonwealth, G15, WTO",no,no,no,no,2009-04-16,SRC_NELDA
760-2007-1231-L1,BTN,Bhutan,2007,Legislative/Parliamentary,yes,no,no,no,yes,yes,,,,yes,no,no,,,,no,no,no,yes,no,,,,,no,,,,no,,,,no,,,,,,,,,,Kinzang Dorji,Kinzang Dorji,no,,,no,no,no,no,no,yes,EU,no,no,no,no,2007-12-31,SRC_NELDA
760-2008-0324-L1,BTN,Bhutan,2008,Legislative/Parliamentary,yes,yes,yes,yes,yes,,yes,no,no,yes,no,no,yes,no,no,no,no,no,yes,yes,no,no,,,no,,yes,,no,,,no,no,no,,,,,yes,yes,no,no,Kinzang Dorji,Jigme Thinley,yes,yes,no,no,no,no,no,no,yes,EU,no,no,no,no,2008-03-24,SRC_NELDA
770-1970-1207-L1,PAK,Pakistan,1970,Legislative/Parliamentary,yes,yes,yes,yes,yes,,,no,,no,no,no,no,no,no,no,yes,no,yes,no,,,,,no,,yes,no,no,,,,no,,,,,,,,,,Yahya Khan,Yahya Khan,no,,,no,no,yes,no,no,yes,"us, un, world bank",no,no,no,no,1970-12-07,SRC_NELDA
770-1977-0307-L1,PAK,Pakistan,1977,Legislative/Parliamentary,yes,no,yes,yes,yes,,no,no,no,no,yes,no,no,yes,yes,no,yes,no,yes,yes,yes,,,no,no,,yes,yes,yes,yes,yes,,yes,yes,yes,no,no,,yes,no,no,yes,Bhutto,Zia,no,,,no,no,no,yes,no,yes,"un, world bank",yes,no,no,no,1977-03-07,SRC_NELDA
770-1985-0225-L1,PAK,Pakistan,1985,Legislative/Parliamentary,yes,no,yes,yes,yes,,,,,no,yes,yes,no,yes,no,yes,yes,no,yes,no,,,,no,no,,no,yes,yes,yes,yes,no,yes,no,,,,,no,,,,Zia,Zia,no,,,no,no,yes,no,no,yes,us,no,no,no,no,1985-02-25,SRC_NELDA
770-1988-1116-L1,PAK,Pakistan,1988,Legislative/Parliamentary,no,yes,yes,yes,yes,yes,yes,no,no,no,yes,no,no,no,no,no,yes,no,yes,yes,no,no,,unclear,no,,yes,no,no,,,no,no,no,,,,,yes,yes,no,no,Ishaq Khan,Bhutto Benazir,no,,,no,no,yes,no,no,yes,us,no,no,yes,no,1988-11-16,SRC_NELDA
770-1990-1024-L1,PAK,Pakistan,1990,Legislative/Parliamentary,no,no,yes,yes,yes,yes,no,no,no,yes,yes,no,no,no,yes,no,no,yes,yes,yes,yes,,,yes,yes,no,yes,yes,no,,,no,yes,no,,,,,yes,yes,no,no,Jatoi,Sharif,yes,yes,yes,no,no,no,no,no,yes,"us, imf",yes,no,yes,yes,1990-10-24,SRC_NELDA
770-1993-1006-L1,PAK,Pakistan,1993,Legislative/Parliamentary,no,no,yes,yes,yes,yes,yes,no,no,yes,no,yes,yes,no,no,no,no,no,no,yes,no,no,,,yes,no,yes,no,no,,,no,yes,no,,,,,yes,yes,no,no,Qureshi,Bhutto Benazir,yes,yes,no,no,no,no,no,yes,yes,"us, imf",no,yes,no,no,1993-10-06,SRC_NELDA
770-1997-0203-L1,PAK,Pakistan,1997,Legislative/Parliamentary,no,no,yes,yes,yes,yes,yes,no,no,yes,yes,no,no,no,no,no,no,yes,no,yes,no,no,,,yes,no,yes,yes,no,,,no,no,no,,,,,yes,yes,no,no,Khalid,Sharif,yes,yes,unclear,no,no,no,no,no,yes,"us, imf",no,no,no,no,1997-02-03,SRC_NELDA
770-2002-1010-L1,PAK,Pakistan,2002,Legislative/Parliamentary,yes,no,yes,yes,yes,,,,,no,yes,yes,yes,no,yes,yes,no,no,yes,no,,,,,no,,no,yes,no,,,no,yes,no,,,,,no,,,,Musharraf,Musharraf,yes,yes,yes,no,no,yes,no,no,yes,"us, imf",no,no,no,no,2002-10-10,SRC_NELDA
770-2008-0218-L1,PAK,Pakistan,2008,Legislative/Parliamentary,no,no,yes,yes,yes,yes,,,,no,yes,no,yes,yes,yes,yes,no,no,yes,no,,,,yes,no,,yes,yes,yes,yes,yes,no,yes,,,,,,,,,,Musharraf,Musharraf,yes,yes,yes,no,no,yes,no,no,yes,US,no,no,yes,no,2008-02-18,SRC_NELDA
771-1973-0307-L1,BGD,Bangladesh,1973,Legislative/Parliamentary,yes,yes,yes,yes,yes,,no,no,no,no,yes,yes,no,no,yes,yes,no,no,yes,yes,yes,,,no,no,,yes,no,no,,,,no,no,,,,,no,,,,Sheikh Mujib Rahman,Sheikh Mujib Rahman,no,,,no,no,yes,no,no,yes,"us, world bank",no,no,no,no,1973-03-07,SRC_NELDA
771-1978-0603-P1,BGD,Bangladesh,1978,Executive,yes,no,yes,yes,yes,,no,no,no,no,yes,yes,no,no,no,no,yes,no,yes,yes,yes,,,no,no,,yes,unclear,no,,,,no,no,,,,,no,,,,Ziaur Rahman,Ziaur Rahman,no,,,no,no,yes,no,no,yes,"us, world bank",no,no,no,no,1978-06-03,SRC_NELDA
771-1979-0218-L1,BGD,Bangladesh,1979,Legislative/Parliamentary,yes,no,yes,yes,yes,,,no,,no,no,no,no,no,no,no,yes,no,yes,no,,,,no,no,,yes,no,no,,,,no,no,,,,,no,,,,Ziaur Rahman,Ziaur Rahman,no,,,no,no,yes,no,no,yes,"us, world bank",no,no,no,no,1979-02-18,SRC_NELDA
771-1981-1115-P1,BGD,Bangladesh,1981,Executive,no,no,yes,yes,yes,yes,yes,no,no,no,yes,yes,no,no,no,no,yes,no,yes,yes,no,yes,yes,no,no,,no,no,no,,,,no,,,,,,yes,no,no,no,Sattar,Sattar,yes,no,no,no,no,yes,no,yes,yes,"imf, wb un",no,yes,no,no,1981-11-15,SRC_NELDA
771-1986-0507-L1,BGD,Bangladesh,1986,Legislative/Parliamentary,yes,no,yes,yes,yes,,,,,no,yes,no,no,yes,yes,no,no,no,yes,no,,,,no,yes,no,yes,yes,yes,yes,no,no,yes,,,,,,no,,,,Ershad,Ershad,yes,yes,yes,no,no,yes,no,no,yes,"world bank, us, britain",no,no,no,no,1986-05-07,SRC_NELDA
771-1986-1015-P1,BGD,Bangladesh,1986,Executive,no,no,yes,yes,yes,no,no,no,no,no,yes,yes,no,yes,yes,no,no,no,yes,yes,yes,,,no,no,,no,yes,yes,yes,no,no,yes,,,,,,no,,,,Ershad,Ershad,no,,,no,no,yes,no,no,yes,"world bank, us, britain",no,no,no,no,1986-10-15,SRC_NELDA
771-1988-0302-L1,BGD,Bangladesh,1988,Legislative/Parliamentary,no,no,yes,yes,yes,no,,,,no,yes,yes,no,yes,yes,no,no,no,yes,no,,,,no,no,,no,yes,no,,,no,yes,,,,,,no,,,,Ershad,Ershad,no,,,no,no,yes,no,no,yes,"world bank, us, britain",no,no,no,no,1988-03-02,SRC_NELDA
771-1991-0227-L1,BGD,Bangladesh,1991,Legislative/Parliamentary,yes,yes,yes,yes,yes,,yes,no,no,yes,yes,no,no,no,no,no,no,no,no,yes,no,no,,,yes,no,yes,no,yes,no,no,no,yes,,,,,,yes,yes,no,no,Ahmed,Khaleda Zia,yes,yes,no,no,no,yes,no,no,no,,,,no,no,1991-02-27,SRC_NELDA
771-1996-0215-L1,BGD,Bangladesh,1996,Legislative/Parliamentary,no,no,yes,yes,yes,yes,no,no,no,no,yes,yes,no,yes,no,no,no,yes,yes,yes,yes,,,no,no,,no,yes,yes,yes,yes,,yes,yes,yes,no,yes,yes,no,,,,Khaleda Zia,Khaleda Zia,yes,yes,yes,no,yes,no,no,no,yes,"world bank, imf, un",no,no,no,no,1996-02-15,SRC_NELDA
771-1996-0215-L2,BGD,Bangladesh,1996,Legislative/Parliamentary,no,no,yes,yes,yes,no,yes,no,no,yes,no,no,no,no,no,no,no,yes,yes,yes,no,no,,,yes,no,yes,no,yes,yes,no,no,yes,,,,,,yes,yes,no,no,Mohammad Habibur Rahman,Hasina Wazed,yes,yes,no,no,no,no,no,no,yes,"world bank, imf, un",no,yes,no,no,1996-06-12,SRC_NELDA
771-1996-0612-L1,BGD,Bangladesh,1996,Legislative/Parliamentary,no,no,yes,yes,yes,yes,yes,no,no,yes,no,no,no,no,no,yes,no,no,yes,yes,yes,,,yes,no,,yes,no,no,,,no,yes,,,,,,yes,yes,no,no,Rohammad H. Rahman,Hasina Wazed,yes,yes,no,no,no,yes,no,no,yes,"UK, Commonwealth",no,no,no,no,1996-06-12,SRC_NELDA
771-2001-1001-L1,BGD,Bangladesh,2001,Legislative/Parliamentary,no,no,yes,yes,yes,no,yes,no,no,yes,no,no,no,no,no,no,no,no,yes,yes,no,no,,,yes,no,yes,no,yes,yes,no,no,yes,,,,,,yes,yes,no,no,Latifur Rahman,Khaleda Zia,yes,yes,no,no,no,no,no,no,yes,"world bank, imf, un",no,no,no,no,2001-10-01,SRC_NELDA
771-2008-1229-L1,BGD,Bangladesh,2008,Legislative/Parliamentary,yes,no,yes,yes,yes,,yes,no,no,yes,yes,no,no,no,no,no,yes,no,yes,yes,no,no,,yes,no,,yes,yes,no,,,no,yes,,,,,,yes,yes,no,no,Fakhruddin Ahmed,Sheikh Hasina,yes,yes,no,no,no,yes,no,yes,yes,UK,no,yes,no,no,2008-12-29,SRC_NELDA
775-1951-0612-L1,MMR,Myanmar (Burma),1951,Legislative/Parliamentary,yes,yes,yes,yes,yes,,no,no,no,yes,no,no,no,no,no,no,no,yes,yes,yes,yes,,,no,no,,yes,,no,,,,yes,no,,,,,no,,,,U Nu,U Nu,no,,,no,no,yes,no,no,yes,"US, UN, UK",no,no,no,no,1951-06-12,SRC_NELDA
775-1956-0427-L1,MMR,Myanmar (Burma),1956,Legislative/Parliamentary,no,no,yes,yes,yes,no,no,no,no,no,no,no,yes,no,yes,no,no,yes,no,yes,yes,,,no,no,,yes,,no,,,,no,no,,,,,yes,no,no,no,U Nu,U Ba Swe,no,,,no,no,yes,no,no,yes,"UN, UK",no,no,no,no,1956-04-27,SRC_NELDA
775-1960-0206-L1,MMR,Myanmar (Burma),1960,Legislative/Parliamentary,yes,yes,yes,yes,yes,,yes,no,no,no,no,yes,no,no,no,yes,no,no,yes,yes,no,no,,,no,,,no,no,,,no,yes,no,,,,,yes,yes,no,no,ne win,u nu,no,,,no,no,yes,no,no,no,,no,no,no,no,1960-02-06,SRC_NELDA
775-1974-0127-L1,MMR,Myanmar (Burma),1974,Legislative/Parliamentary,yes,no,no,no,yes,,,no,,no,yes,yes,yes,,,yes,no,no,no,no,,,,no,no,,,yes,yes,no,yes,,yes,no,,,,,no,,,,Ne Win,Ne Win,no,,,no,no,no,no,no,no,,no,no,no,no,1974-01-27,SRC_NELDA
775-1978-0101-L1,MMR,Myanmar (Burma),1978,Legislative/Parliamentary,no,no,no,no,unclear,no,no,no,no,no,yes,yes,yes,,,yes,no,no,no,yes,yes,,,,no,,,no,no,,,,no,no,,,,,no,,,,Ne Win,Ne Win,no,,,no,no,no,no,no,no,,,,no,no,1978-01-01,SRC_NELDA
775-1981-1004-L1,MMR,Myanmar (Burma),1981,Legislative/Parliamentary,no,no,no,no,yes,yes,,,,no,yes,yes,yes,no,no,no,yes,no,yes,no,,,,no,no,,no,no,no,,,,no,no,,,,,no,,,,Ne Win,Ne Win,yes,no,no,no,no,yes,no,yes,yes,"japan, un, adb, usa",no,yes,no,no,1981-10-04,SRC_NELDA
775-1985-1006-L1,MMR,Myanmar (Burma),1985,Legislative/Parliamentary,no,no,no,no,yes,no,,,,no,yes,yes,yes,no,no,no,yes,no,yes,no,,,,no,no,,no,no,no,,,,no,no,,,,,no,,,,Ne Win,Ne Win,yes,no,no,no,no,yes,no,no,yes,"japan, un, adb, usa",no,no,no,no,1985-10-06,SRC_NELDA
775-1990-0527-L1,MMR,Myanmar (Burma),1990,Legislative/Parliamentary,yes,yes,yes,yes,yes,,no,no,no,no,yes,yes,yes,no,yes,yes,no,yes,no,yes,no,yes,no,yes,yes,no,yes,yes,yes,no,yes,no,yes,,,,,,no,,,,Saw Maung,Saw Maung,no,,,yes,no,no,yes,no,yes,"japan, australia",yes,no,yes,no,1990-05-27,SRC_NELDA
775-2010-1107-L1,MMR,Myanmar (Burma),2010,Legislative/Parliamentary,yes,yes,yes,yes,yes,,,,,no,yes,yes,no,yes,yes,yes,no,no,no,no,,,,no,no,,yes,no,no,,,,no,no,,,,,,,,,Than Shwe,Than Shwe,no,,,yes,no,no,yes,no,no,,,,no,no,2010-11-07,SRC_NELDA
780-1952-0524-L1,LKA,Sri Lanka,1952,Legislative/Parliamentary,no,no,yes,yes,yes,yes,no,no,no,no,no,no,no,no,no,no,no,yes,yes,yes,yes,,,no,no,,no,,no,,,no,no,no,,,,,no,,,,"Senanayake, Dudley","Senanayake, Dudley",no,,,no,no,yes,no,no,yes,UK,no,no,no,no,1952-05-24,SRC_NELDA
780-1956-0405-L1,LKA,Sri Lanka,1956,Legislative/Parliamentary,no,no,yes,yes,yes,no,no,no,no,no,no,no,no,no,no,no,no,yes,yes,yes,yes,,,yes,no,,yes,,no,,,no,no,no,,,,,yes,yes,no,no,Kotelawala,"Bandaranaike, S.W.R.D.",no,,,no,no,yes,no,no,yes,UK,no,no,no,no,1956-04-05,SRC_NELDA
780-1960-0319-L1,LKA,Sri Lanka,1960,Legislative/Parliamentary,no,no,yes,yes,yes,no,no,no,no,no,no,no,no,no,no,no,no,no,yes,yes,yes,,,yes,no,,yes,no,no,,,no,no,,,,,,yes,yes,no,no,Dahanayake,"Senanayake, Dudley",no,,,no,no,yes,no,no,yes,world bank,no,no,no,no,1960-03-19,SRC_NELDA
780-1960-0720-L1,LKA,Sri Lanka,1960,Legislative/Parliamentary,no,no,yes,yes,yes,no,no,no,no,no,no,no,no,no,no,no,no,no,yes,yes,yes,,,yes,no,,yes,no,no,,,no,no,,,,,,yes,yes,no,no,"Senanayake, Dudley","Bandaranaike, S",no,,,no,no,yes,no,no,yes,world bank,no,no,no,no,1960-07-20,SRC_NELDA
780-1965-0322-L1,LKA,Sri Lanka,1965,Legislative/Parliamentary,no,no,yes,yes,yes,yes,no,no,no,no,no,no,no,no,no,no,no,yes,yes,yes,yes,,,yes,no,,yes,no,no,,,no,no,,,,,,yes,yes,no,no,"Bandaranaike, S","Senanayake, Dudley",no,,,no,no,no,no,no,yes,world bank,no,no,no,no,1965-03-22,SRC_NELDA
780-1970-0527-L1,LKA,Sri Lanka,1970,Legislative/Parliamentary,no,no,yes,yes,yes,no,no,no,no,no,no,no,no,no,no,yes,yes,no,yes,yes,yes,,,yes,no,,yes,,yes,no,yes,no,yes,,,,,,yes,yes,no,no,"Senanayake, Dudley","Bandaranaike, S",no,,,no,no,yes,yes,no,yes,world bank,yes,no,no,no,1970-05-27,SRC_NELDA
780-1977-0721-L1,LKA,Sri Lanka,1977,Legislative/Parliamentary,no,no,yes,yes,yes,no,no,no,no,no,no,no,no,no,yes,yes,no,no,yes,yes,yes,,,yes,no,,yes,,yes,no,yes,no,yes,,,,,,yes,yes,no,no,Jayewardene,Jayewardene,no,,,no,no,no,no,yes,yes,great britain,no,yes,no,no,1977-07-21,SRC_NELDA
780-1982-1020-P1,LKA,Sri Lanka,1982,Executive,no,no,yes,yes,yes,no,no,no,no,no,no,no,no,unclear,no,no,yes,no,yes,yes,yes,,,no,yes,no,no,no,no,,,,yes,no,,,,,no,,,,Jayewardene,Jayewardene,no,,,no,no,yes,no,no,yes,world bank,no,no,no,no,1982-10-20,SRC_NELDA
780-1988-1219-P1,LKA,Sri Lanka,1988,Executive,no,no,yes,yes,yes,no,yes,no,no,no,no,no,no,no,no,no,yes,no,yes,yes,no,no,,no,yes,no,no,yes,no,,,,yes,no,,,,,yes,yes,no,no,Jayewardene,Premadasa,no,,,no,no,yes,no,no,yes,world bank,no,no,no,no,1988-12-19,SRC_NELDA
780-1989-0215-L1,LKA,Sri Lanka,1989,Legislative/Parliamentary,yes,no,yes,yes,yes,,,,,no,no,no,no,yes,no,no,yes,yes,yes,no,,,,no,yes,yes,yes,yes,no,,,,yes,no,,,,,no,,,,Premadasa,Premadasa,no,,,no,no,yes,no,no,yes,world bank,no,no,no,no,1989-02-15,SRC_NELDA
780-1994-0816-L1,LKA,Sri Lanka,1994,Legislative/Parliamentary,no,no,yes,yes,yes,no,,,,no,no,no,no,yes,no,unclear,yes,no,yes,no,,,,unclear,no,,yes,no,no,,,no,yes,no,,,,,,no,no,no,Wijetunge,Wijetunge,yes,yes,no,no,no,yes,no,no,yes,"non-aligned movement, un, south asian association",no,no,no,no,1994-08-16,SRC_NELDA
780-1994-1109-P1,LKA,Sri Lanka,1994,Executive,no,no,yes,yes,yes,no,yes,yes,no,no,no,no,no,yes,no,unclear,yes,no,yes,yes,no,no,,yes,unclear,,yes,no,no,,,no,yes,no,,,,,yes,yes,no,no,Wijetunge,Kumaratunga,yes,yes,no,no,no,yes,no,no,yes,"non-aligned movement, un, south asian association",no,no,no,no,1994-11-09,SRC_NELDA
780-1999-1221-P1,LKA,Sri Lanka,1999,Executive,no,no,yes,yes,yes,yes,yes,no,no,no,no,yes,no,no,no,no,yes,no,yes,yes,yes,,no,no,yes,yes,no,no,yes,no,no,no,yes,no,,,,,no,,,,Kumaratunga,Kumaratunga,yes,yes,yes,no,no,yes,no,no,yes,"non-aligned movement, un, south asian association",no,no,no,no,1999-12-21,SRC_NELDA
780-2000-1010-L1,LKA,Sri Lanka,2000,Legislative/Parliamentary,no,no,yes,yes,yes,no,,,,no,no,no,no,no,no,no,yes,no,yes,no,,,,no,yes,yes,yes,no,no,,,,no,no,,,,,,no,no,no,Kumaratunga,Kumaratunga,yes,yes,no,no,no,yes,no,no,yes,"non-aligned movement, un, south asian association",no,no,no,no,2000-10-10,SRC_NELDA
780-2001-1205-L1,LKA,Sri Lanka,2001,Legislative/Parliamentary,no,no,yes,yes,yes,no,,,,no,no,yes,no,no,no,no,yes,no,yes,no,,,,yes,yes,yes,yes,no,no,,,no,yes,no,,,,,,no,no,no,Kumaratunga,Kumaratunga,yes,yes,yes,no,no,yes,no,no,yes,"non-aligned movement, un, south asian association",no,no,no,no,2001-12-05,SRC_NELDA
780-2004-0402-L1,LKA,Sri Lanka,2004,Legislative/Parliamentary,no,no,yes,yes,yes,yes,,,,no,no,yes,no,no,no,no,yes,no,yes,no,,,,no,yes,no,yes,no,no,,,no,no,no,,,,,,no,no,no,kumaratunga,kumaratunga,yes,yes,no,no,no,yes,no,no,yes,"non-aligned movement, un, south asian association",no,no,no,no,2004-04-02,SRC_NELDA
780-2005-1117-P1,LKA,Sri Lanka,2005,Executive,no,no,yes,yes,yes,yes,no,yes,yes,no,yes,no,no,no,no,no,yes,no,yes,yes,no,no,,no,yes,,no,no,no,,,no,yes,no,,,,,yes,yes,no,no,kumaratunga,rajapakse,yes,yes,no,no,no,yes,no,no,yes,"us, eu",no,no,no,no,2005-11-17,SRC_NELDA
780-2010-0126-P1,LKA,Sri Lanka,2010,Executive,no,no,yes,yes,yes,yes,no,no,no,no,yes,no,no,no,yes,yes,no,yes,yes,yes,yes,,,no,no,,no,yes,no,,,,yes,no,,,,,no,,,,Mahinda Rajapaksa,Mahinda Rajapaksa,yes,yes,yes,no,no,yes,no,no,yes,"Switzerland, World Bank",no,no,no,no,2010-01-26,SRC_NELDA
780-2010-0408-L1,LKA,Sri Lanka,2010,Legislative/Parliamentary,no,no,yes,yes,yes,no,,,,no,yes,yes,no,no,yes,yes,no,yes,yes,no,,,,no,no,,no,yes,no,,,no,no,no,,,,,,,,,Mahinda Rajapaksa,Mahinda Rajapaksa,yes,yes,yes,no,no,yes,no,no,yes,"Switzerland, World Bank",no,no,no,no,2010-04-08,SRC_NELDA
780-2010-0408-L2,LKA,Sri Lanka,2010,Legislative/Parliamentary,no,no,yes,yes,yes,no,,,,no,yes,yes,no,no,yes,yes,no,yes,yes,no,,,,no,no,,no,yes,no,,,no,no,no,,,,,,,,,Mahinda Rajapaksa,Mahinda Rajapaksa,yes,yes,yes,no,no,yes,no,no,yes,"Switzerland, World Bank",no,no,no,no,2010-04-20,SRC_NELDA
790-1959-0218-L1,NPL,Nepal,1959,Legislative/Parliamentary,yes,yes,yes,yes,yes,,,,,no,no,no,no,no,no,no,no,no,yes,no,,,,,no,,yes,,no,,,,no,,,,,,no,,,,Mahendra,Mahendra,no,,,no,no,yes,no,no,yes,US,no,no,no,no,1959-02-18,SRC_NELDA
790-1981-0509-L1,NPL,Nepal,1981,Legislative/Parliamentary,yes,no,yes,no,yes,,,,,no,yes,yes,no,yes,no,no,no,yes,yes,no,,,,no,no,,no,no,no,,,,yes,no,,,,,no,,,,Birendra,Birendra,no,,,no,no,yes,no,no,no,no substantial relationships with western countrie,no,no,no,no,1981-05-09,SRC_NELDA
790-1986-0512-L1,NPL,Nepal,1986,Legislative/Parliamentary,no,no,yes,no,yes,no,,,,no,no,yes,no,yes,no,no,no,yes,yes,no,,,,no,no,,yes,yes,no,,,,yes,no,,,,,no,,,,Birendra,Birendra,no,,,no,no,yes,no,no,no,no substantial relationships with western countrie,no,no,no,no,1986-05-12,SRC_NELDA
790-1991-0512-L1,NPL,Nepal,1991,Legislative/Parliamentary,yes,yes,yes,yes,yes,,no,no,no,yes,no,no,no,no,no,no,no,no,yes,yes,yes,,,no,no,,yes,,no,,,,no,no,,,,,yes,yes,no,no,Krishna Prasad Bhatterai,Girija Prasad Koirala,yes,yes,no,no,no,yes,no,no,yes,us,no,no,no,no,1991-05-12,SRC_NELDA
790-1994-1115-L1,NPL,Nepal,1994,Legislative/Parliamentary,no,no,yes,yes,yes,yes,no,no,no,no,no,no,no,no,no,no,no,yes,yes,yes,yes,,,yes,no,,yes,,no,,,no,no,,,,,,yes,yes,no,no,Girija Prasad Koirala,Man Mohan Adhilari,yes,yes,no,no,no,yes,no,no,yes,"south asian association for regional cooperation,",no,no,no,no,1994-11-15,SRC_NELDA
790-1999-0503-L1,NPL,Nepal,1999,Legislative/Parliamentary,no,no,yes,yes,yes,no,yes,no,no,no,no,no,no,no,no,no,no,no,yes,yes,no,yes,yes,no,unclear,,no,,no,,,,yes,no,,,,,yes,yes,no,no,Girija Prasad Koirala,Krishna Prasad Bhatterai,yes,yes,no,no,no,yes,no,no,yes,"saarc, us, non-aligned movement",no,no,no,no,1999-05-03,SRC_NELDA
790-2008-0410-A1,NPL,Nepal,2008,Constituent Assembly,yes,yes,yes,yes,yes,,no,no,no,yes,yes,no,no,no,yes,yes,no,yes,yes,yes,yes,,,yes,no,,yes,yes,no,,,no,yes,no,,,,,yes,yes,no,no,Koirala,Puspa Kamal Dahal,yes,yes,yes,no,no,yes,no,no,yes,UN,no,no,no,no,2008-04-10,SRC_NELDA
800-1946-0106-L1,THA,Thailand,1946,Legislative/Parliamentary,yes,no,yes,no,yes,,no,no,no,no,no,no,no,no,no,no,no,no,no,yes,yes,,,no,no,,no,,no,,,no,no,no,,,,,no,,,,Pridi Banomyong,Pridi Banomyong,no,,,no,no,yes,no,no,yes,US,no,no,no,no,1946-01-06,SRC_NELDA
800-1946-0805-L1,THA,Thailand,1946,Legislative/Parliamentary,no,no,yes,no,yes,yes,,,,no,no,no,no,no,no,no,no,no,no,no,,,,no,no,,no,,no,,,no,no,no,,,,,,,,,Pridi Banomyong,Pridi Banomyong,no,,,no,no,yes,no,no,yes,US,no,no,no,no,1946-08-05,SRC_NELDA
800-1948-0129-L1,THA,Thailand,1948,Legislative/Parliamentary,no,no,yes,no,yes,yes,,,,yes,no,no,yes,no,yes,no,no,no,no,no,,,,no,no,,no,,no,,,no,no,no,,,,,,,,,Plaek Pibulsongkram,Plaek Pibulsongkram,no,,,no,no,yes,no,no,yes,US,no,no,no,no,1948-01-29,SRC_NELDA
800-1949-0605-L1,THA,Thailand,1949,Legislative/Parliamentary,no,no,yes,no,yes,yes,,,,no,no,yes,yes,no,yes,no,no,no,yes,no,,,,no,no,,no,no,no,,,no,no,no,,,,,,,,,Plaek Pibulsongkram,Plaek Pibulsongkram,no,,,no,no,yes,no,no,yes,"US, France",no,no,no,no,1949-06-05,SRC_NELDA
800-1952-0226-L1,THA,Thailand,1952,Legislative/Parliamentary,no,no,yes,no,yes,yes,,,,no,yes,yes,yes,no,yes,no,no,no,yes,no,,,,no,no,,no,no,no,,,no,no,no,,,,,,,,,Plaek Pibulsongkram,Plaek Pibulsongkram,no,,,no,no,yes,no,no,yes,"US, France",no,no,no,no,1952-02-26,SRC_NELDA
800-1957-0226-L1,THA,Thailand,1957,Legislative/Parliamentary,yes,no,yes,yes,yes,,,,,no,yes,yes,yes,no,yes,no,no,no,yes,no,,,,no,no,,no,yes,yes,yes,no,no,no,no,,,,,,,,,Plaek Pibulsongkram,Plaek Pibulsongkram,no,,,no,no,yes,no,no,yes,"US, France",no,no,no,no,1957-02-26,SRC_NELDA
800-1957-1212-L1,THA,Thailand,1957,Legislative/Parliamentary,no,no,yes,yes,yes,yes,yes,no,no,yes,no,no,no,no,no,no,no,no,yes,yes,no,no,,no,no,,no,,no,,,no,no,no,,,,,yes,yes,no,no,Pote Sarasin,Thanon Kittakachorn,no,,,no,no,yes,no,no,yes,"US, France",no,no,no,no,1957-12-12,SRC_NELDA
800-1969-0210-L1,THA,Thailand,1969,Legislative/Parliamentary,yes,no,yes,yes,yes,,no,no,no,no,no,unclear,no,no,no,no,yes,no,yes,yes,yes,,,no,no,,yes,no,no,,,,no,no,,,,,no,,,,Thanom Kittikachorn,Thanom Kittikachorn,no,,,no,no,yes,no,no,yes,us,no,no,no,no,1969-02-10,SRC_NELDA
800-1975-0126-L1,THA,Thailand,1975,Legislative/Parliamentary,yes,yes,yes,yes,yes,,yes,no,no,yes,no,,no,no,no,,yes,no,yes,yes,no,no,,,no,,yes,,no,,,,yes,,,,,,yes,no,no,no,Sanya,Seni Pramoj,no,,,no,no,yes,yes,no,yes,us,yes,no,no,no,1975-01-26,SRC_NELDA
800-1976-0404-L1,THA,Thailand,1976,Legislative/Parliamentary,no,no,yes,yes,yes,yes,no,no,no,no,no,no,no,no,no,no,yes,no,yes,yes,yes,,,yes,no,,yes,,no,,,no,yes,,,,,,yes,yes,no,no,Kukrot Pramoj,Seni Pramoj,no,,,no,no,no,no,yes,yes,us,no,yes,no,no,1976-04-04,SRC_NELDA
800-1979-0422-L1,THA,Thailand,1979,Legislative/Parliamentary,yes,yes,yes,yes,yes,,no,no,no,no,no,no,no,no,no,no,yes,no,yes,yes,yes,,,yes,no,,yes,,yes,no,no,no,yes,,,,,,no,,,,Kriangsak,Kriangsak,no,,,no,no,yes,no,no,yes,us,no,no,no,no,1979-04-22,SRC_NELDA
800-1983-0418-L1,THA,Thailand,1983,Legislative/Parliamentary,no,no,yes,yes,yes,no,no,no,no,no,no,yes,no,no,no,no,yes,no,no,yes,yes,,,no,no,,no,no,no,,,,no,no,,,,,no,,,,Prem,Prem,yes,yes,no,no,no,yes,no,no,yes,"un, asean",no,no,no,no,1983-04-18,SRC_NELDA
800-1986-0727-L1,THA,Thailand,1986,Legislative/Parliamentary,no,no,yes,yes,yes,yes,yes,no,no,no,no,yes,no,no,no,no,yes,no,no,yes,no,no,,yes,no,,yes,no,no,,,no,no,,,,,,no,,,,prem,prem,yes,yes,no,no,no,yes,no,no,yes,"un, asean",no,no,no,no,1986-07-27,SRC_NELDA
800-1988-0724-L1,THA,Thailand,1988,Legislative/Parliamentary,no,no,yes,yes,yes,yes,yes,no,yes,no,yes,yes,no,no,no,no,yes,no,no,yes,no,no,,yes,no,,yes,no,no,,,no,no,,,,,,yes,yes,yes,no,Prem,Choonhavan,yes,yes,no,no,no,yes,no,no,yes,"un, asean",no,no,no,no,1988-07-24,SRC_NELDA
800-1992-0322-L1,THA,Thailand,1992,Legislative/Parliamentary,no,no,yes,yes,yes,no,yes,yes,no,no,yes,yes,no,no,no,,yes,no,no,yes,yes,,,yes,,,no,no,yes,no,yes,unclear,no,,,,,,yes,no,no,no,Panyarachun,Kraprayoon,yes,no,no,no,no,yes,no,no,yes,us,no,no,no,no,1992-03-22,SRC_NELDA
800-1992-0913-L1,THA,Thailand,1992,Legislative/Parliamentary,no,no,yes,yes,yes,no,yes,yes,no,no,yes,no,no,no,yes,,yes,no,no,yes,no,yes,no,yes,,,yes,no,no,,,no,yes,no,,,,,yes,yes,no,no,Panyarachun,Leekpai,yes,no,no,no,no,yes,no,no,yes,us,no,no,no,no,1992-09-13,SRC_NELDA
800-1995-0702-L1,THA,Thailand,1995,Legislative/Parliamentary,no,no,yes,yes,yes,yes,yes,no,no,no,no,no,no,no,no,no,yes,no,no,yes,yes,,no,yes,yes,no,yes,no,no,,,no,no,no,,,,,yes,yes,no,no,Leekpai,Silpa-Archa,yes,yes,yes,no,no,yes,no,no,yes,us,no,no,no,no,1995-07-02,SRC_NELDA
800-1996-1117-L1,THA,Thailand,1996,Legislative/Parliamentary,no,no,yes,yes,yes,yes,yes,no,no,no,yes,yes,no,no,no,yes,yes,no,no,yes,no,no,,yes,yes,no,yes,no,no,,,no,yes,no,,,,,yes,yes,no,no,Silpa-Archa,Chavalit Yongchaiyudh,yes,no,no,no,no,yes,no,no,yes,us,no,no,no,no,1996-11-17,SRC_NELDA
800-2000-0304-L1,THA,Thailand,2000,Legislative/Parliamentary,no,no,yes,yes,yes,no,,,,no,yes,,no,no,no,no,no,no,no,no,,,,,unclear,,no,yes,no,,,,no,,,,,,,,,,Leekpai,Leekpai,no,no,no,no,no,yes,no,no,yes,us,no,no,no,no,2000-03-04,SRC_NELDA
800-2000-0304-L2,THA,Thailand,2000,Legislative/Parliamentary,no,no,yes,yes,yes,no,,,,no,yes,,no,no,no,no,no,no,no,no,,,,no,unclear,,no,no,no,,,,no,,,,,,,,,,Leekpai,Leekpai,no,no,no,no,no,yes,no,no,yes,"us, asean",no,no,no,no,2000-04-29,SRC_NELDA
800-2001-0106-L1,THA,Thailand,2001,Legislative/Parliamentary,no,no,yes,yes,yes,no,yes,yes,no,no,yes,no,no,no,no,,yes,no,no,yes,yes,,no,yes,yes,no,yes,no,yes,yes,no,no,yes,no,,,,,yes,yes,no,no,Leekpai,Thaksin Shinawatra,no,,,no,no,yes,no,no,yes,"us, asean",no,no,no,no,2001-01-06,SRC_NELDA
800-2005-0206-L1,THA,Thailand,2005,Legislative/Parliamentary,no,no,yes,yes,yes,no,yes,yes,no,no,yes,yes,no,no,no,,yes,no,no,yes,yes,,yes,no,yes,yes,no,no,no,,,no,no,no,,,,,no,,,,thaksin shinawatra,thaksin shinawatra,no,no,no,no,no,yes,no,no,yes,us,no,no,no,no,2005-02-06,SRC_NELDA
800-2006-0402-L1,THA,Thailand,2006,Legislative/Parliamentary,no,no,yes,yes,yes,yes,no,no,no,no,no,yes,no,yes,no,no,yes,no,no,yes,yes,,,,yes,no,yes,yes,yes,no,no,,no,yes,yes,no,no,,yes,no,yes,no,Thaksin Shinawatra,Chidchai Wannasathit,no,,,no,no,yes,yes,no,yes,US,yes,no,yes,no,2006-04-02,SRC_NELDA
800-2006-0419-L1,THA,Thailand,2006,Legislative/Parliamentary,no,no,yes,no,yes,no,no,no,no,no,no,yes,no,no,no,no,yes,no,no,no,,,,,no,,no,,no,,,,no,no,,,,,,,,,Thaksin Shinawatra,Chidchai Wannasathit,no,,,no,no,yes,no,no,yes,US,no,no,no,no,2006-04-19,SRC_NELDA
800-2007-1223-L1,THA,Thailand,2007,Legislative/Parliamentary,yes,no,yes,yes,yes,,yes,no,no,yes,yes,no,yes,no,no,no,yes,no,no,yes,no,no,,,yes,,yes,yes,no,,,no,yes,,,,,,yes,yes,no,no,Surayud Chulanont,Samak Sundaravej,yes,no,,yes,no,yes,no,no,yes,"UK, UN",no,no,no,no,2007-12-23,SRC_NELDA
800-2008-0302-L1,THA,Thailand,2008,Legislative/Parliamentary,no,no,yes,yes,yes,yes,,,,no,yes,,yes,no,no,no,yes,no,no,no,,,,,no,,,yes,no,,,no,yes,no,,,,,,,,,Samak Sundaravej,Samak Sundaravej,no,,,no,no,yes,no,no,yes,"UK, UN",no,no,no,no,2008-03-02,SRC_NELDA
811-1955-0911-L1,KHM,Cambodia,1955,Legislative/Parliamentary,no,no,yes,yes,yes,yes,no,no,no,no,yes,no,no,no,yes,yes,no,no,yes,yes,yes,,,no,no,,no,yes,no,,,,no,no,,,,,no,,,,Sihanouk,Sihanouk,yes,yes,no,no,no,yes,no,no,yes,"US, France",no,no,no,no,1955-09-11,SRC_NELDA
811-1958-0323-L1,KHM,Cambodia,1958,Legislative/Parliamentary,no,no,yes,yes,no,yes,no,no,no,yes,yes,yes,yes,yes,yes,yes,no,no,yes,yes,yes,,,no,no,,no,yes,no,,,,no,no,,,,,no,,,,Sihanouk,Sihanouk,no,,,no,no,yes,no,no,yes,"US, France",no,no,no,no,1958-03-23,SRC_NELDA
811-1962-0610-L1,KHM,Cambodia,1962,Legislative/Parliamentary,no,no,yes,yes,yes,no,,no,,no,yes,yes,yes,no,yes,yes,no,no,yes,no,,,,no,no,,no,no,no,,,,yes,no,,,,,,,,,Sihanouk,Sihanouk,no,,,no,no,no,no,no,yes,"china, soviet union",no,no,no,no,1962-06-10,SRC_NELDA
811-1966-0911-L1,KHM,Cambodia,1966,Legislative/Parliamentary,no,no,yes,yes,yes,no,,no,,no,yes,yes,no,no,no,yes,no,no,yes,no,,,,no,no,,yes,no,no,,,,no,no,,,,,no,,,,Sihanouk,Sihanouk,no,,,no,no,no,no,no,yes,"china, soviet union",no,no,no,no,1966-09-11,SRC_NELDA
811-1972-0604-P1,KHM,Cambodia,1972,Executive,yes,yes,yes,yes,yes,,no,no,no,no,yes,yes,no,no,no,yes,no,yes,yes,yes,yes,,,no,no,,no,no,yes,no,yes,,yes,no,,,,,no,,,,Lon Nol,Lon Nol,no,,,no,no,yes,no,yes,yes,us,no,yes,no,yes,1972-06-04,SRC_NELDA
811-1972-0903-L1,KHM,Cambodia,1972,Legislative/Parliamentary,yes,no,yes,yes,yes,,,no,,no,yes,yes,no,yes,no,yes,no,yes,yes,no,,,,,no,,,no,yes,no,yes,,yes,,,,,,,,,,Lon Nol,Lon Nol,no,,,no,no,yes,no,yes,yes,us,no,yes,no,yes,1972-09-03,SRC_NELDA
811-1972-0903-L2,KHM,Cambodia,1972,Legislative/Parliamentary,yes,no,yes,yes,yes,,,no,,no,yes,yes,no,yes,no,yes,no,yes,yes,no,,,,no,no,,no,no,yes,no,yes,,yes,no,,,,,,,,,Lon Nol,Lon Nol,no,,,no,no,yes,no,yes,yes,us,no,yes,no,yes,1972-09-17,SRC_NELDA
811-1976-0320-L1,KHM,Cambodia,1976,Legislative/Parliamentary,yes,no,no,no,yes,,no,no,no,no,yes,yes,yes,,,yes,no,no,no,yes,yes,,,no,no,,,no,no,,,,yes,no,,,,,no,,,,Pol Pot,Pol Pot,no,,,no,no,no,yes,no,no,,,,no,no,1976-03-20,SRC_NELDA
811-1981-0105-L1,KHM,Cambodia,1981,Legislative/Parliamentary,no,no,no,no,yes,no,,,,no,yes,yes,yes,yes,yes,yes,no,no,no,no,,,,no,no,,no,yes,no,,,,no,no,,,,,,,,,Heng Samrin,Heng Samrin,no,,,unclear,unclear,no,yes,no,yes,"china, thailand",yes,no,no,no,1981-01-05,SRC_NELDA
811-1993-0523-A1,KHM,Cambodia,1993,Constituent Assembly,yes,yes,yes,yes,yes,,no,no,no,no,yes,yes,no,yes,no,unclear,no,yes,yes,yes,yes,,,yes,no,,yes,no,no,,,no,yes,,,,,,yes,yes,no,no,Hun Sen,Hun Sen,yes,yes,no,no,no,no,no,yes,yes,"us, un, asean, world bank",no,yes,no,no,1993-05-23,SRC_NELDA
811-1998-0726-L1,KHM,Cambodia,1998,Legislative/Parliamentary,no,no,yes,yes,yes,no,no,no,no,no,no,yes,no,no,no,yes,no,yes,yes,yes,yes,,,no,no,,no,yes,no,,,,no,no,,,,,no,,,,Hun Sen,Hun Sen,yes,yes,no,no,no,yes,no,no,yes,"us, un, asean, world bank",no,no,no,no,1998-07-26,SRC_NELDA
811-2003-0727-L1,KHM,Cambodia,2003,Legislative/Parliamentary,no,no,yes,yes,yes,no,no,no,no,no,no,yes,no,no,no,yes,no,yes,yes,yes,yes,,,no,unclear,,no,no,no,,,no,no,no,,,,,no,,,,Hun Sen,Hun Sen,yes,yes,no,no,no,yes,no,no,yes,"us, world bank, asean, un",no,no,no,no,2003-07-27,SRC_NELDA
811-2008-0727-L1,KHM,Cambodia,2008,Legislative/Parliamentary,no,no,yes,yes,yes,no,no,no,no,no,no,yes,no,no,yes,yes,yes,no,yes,yes,yes,,,no,yes,yes,no,yes,yes,yes,no,no,no,no,,,,,no,,,,Hun Sen,Hun Sen,yes,yes,no,no,no,yes,no,yes,yes,UN,no,no,no,no,2008-07-27,SRC_NELDA
812-1955-1225-L1,LAO,Laos,1955,Legislative/Parliamentary,no,no,yes,yes,yes,no,no,no,no,no,no,no,no,no,no,no,no,yes,yes,yes,yes,,,no,no,,no,,no,,,no,no,no,,,,,no,,,,Katay Don Sasorith,Katay Don Sasorith,no,,,no,no,yes,no,no,yes,France,no,no,no,no,1955-12-25,SRC_NELDA
812-1958-0804-L1,LAO,Laos,1958,Legislative/Parliamentary,no,no,yes,yes,yes,no,no,no,no,no,no,no,no,no,no,no,no,yes,yes,yes,yes,,,no,no,,yes,,no,,,no,no,no,,,,,yes,yes,no,no,Souvanna Phouma,Sananikone,no,,,no,no,yes,no,no,yes,France,no,no,no,no,1958-08-04,SRC_NELDA
812-1960-0424-L1,LAO,Laos,1960,Legislative/Parliamentary,yes,no,yes,yes,yes,,yes,no,no,yes,no,no,no,no,yes,no,no,no,yes,yes,no,no,,no,no,,no,yes,yes,no,no,,no,no,,,,,yes,yes,no,no,Kou Abhay Og Long,Somsanith,no,,,no,no,yes,no,yes,yes,us,no,yes,no,no,1960-04-24,SRC_NELDA
812-1965-0718-L1,LAO,Laos,1965,Legislative/Parliamentary,yes,no,yes,yes,yes,,no,no,no,no,yes,yes,no,yes,no,no,no,no,yes,yes,yes,,,no,no,,yes,yes,yes,no,no,,no,no,,,,,no,,,,Souvanna Phouma,Souvanna Phouma,no,,,no,no,yes,no,no,yes,us,no,no,no,no,1965-07-18,SRC_NELDA
812-1967-0101-L1,LAO,Laos,1967,Legislative/Parliamentary,no,no,yes,yes,yes,no,no,no,no,no,no,no,no,yes,no,no,no,no,yes,yes,yes,,,no,no,,no,no,no,,,,no,no,,,,,no,,,,Souvanna Phouma,Souvanna Phouma,no,,,no,no,yes,no,no,yes,"us, france",no,no,no,no,1967-01-01,SRC_NELDA
812-1972-0102-L1,LAO,Laos,1972,Legislative/Parliamentary,no,no,yes,yes,yes,no,no,no,no,no,no,yes,no,yes,yes,no,no,yes,yes,yes,yes,,,yes,no,,yes,,no,,,no,yes,,,,,,no,,,,souvanna phouma,souvanna phouma,no,,,no,no,yes,no,no,yes,great britain,no,no,no,no,1972-01-02,SRC_NELDA
812-1989-0326-L1,LAO,Laos,1989,Legislative/Parliamentary,yes,no,no,no,yes,,no,no,yes,no,yes,yes,yes,yes,no,no,no,yes,yes,no,,,,no,no,,no,no,no,,,,no,,,,,,no,,,,Phomivan,Phomivan,yes,yes,no,no,no,yes,no,no,yes,"imf, wb",no,no,no,no,1989-03-26,SRC_NELDA
812-1992-1220-L1,LAO,Laos,1992,Legislative/Parliamentary,no,no,no,no,yes,no,,,,no,no,yes,,,no,unclear,no,no,yes,no,,,,no,no,,no,no,no,,,no,no,,,,,,,,,,Phounsavanh,Phounsavanh,no,,,no,no,no,,,yes,"asean, japan, thailand, imf, us",no,unclear,no,no,1992-12-20,SRC_NELDA
812-1997-1221-L1,LAO,Laos,1997,Legislative/Parliamentary,no,no,no,no,yes,no,,,,no,no,yes,,,unclear,unclear,no,yes,yes,no,,,,no,no,,no,no,no,,,no,no,,,,,,,,,,Phounsavanh,Phounsavanh,no,,,,unclear,yes,no,no,yes,"asean, japan, thailand, us, imf",no,no,no,no,1997-12-21,SRC_NELDA
812-2002-0224-L1,LAO,Laos,2002,Legislative/Parliamentary,no,no,no,no,yes,no,,,,no,no,yes,,,unclear,unclear,no,no,yes,no,,,,no,unclear,,no,no,no,,,,no,,,,,,,,,,Siphandon,Siphandon,no,,,no,unclear,yes,no,no,yes,"asean, japan, thailand, us, imf",no,no,no,no,2002-02-24,SRC_NELDA
812-2006-0430-L1,LAO,Laos,2006,Legislative/Parliamentary,no,no,yes,no,yes,yes,,,,no,no,yes,no,no,no,no,yes,no,yes,no,,,,no,no,,no,no,no,,,,no,no,,,,,no,,,,siphandon,siphandon,no,,,unclear,unclear,yes,no,no,yes,"imf, wto, asean",no,no,no,no,2006-04-30,SRC_NELDA
816-1960-0508-L1,VNM,Democratic Republic of Vietnam,1960,Legislative/Parliamentary,yes,no,no,yes,no,,no,no,no,no,yes,yes,yes,,,yes,no,no,yes,yes,yes,,,no,no,,,no,no,,,,no,no,,,,,no,,,,Ho Chi Minh,Ho Chi Minh,no,,,no,no,no,no,no,no,,,,no,no,1960-05-08,SRC_NELDA
816-1964-0426-L1,VNM,Democratic Republic of Vietnam,1964,Legislative/Parliamentary,no,no,no,yes,no,no,no,no,no,no,yes,yes,yes,,,yes,no,no,yes,yes,yes,,,no,no,,,no,no,,,,no,no,,,,,no,,,,Ho Chi Minh,Ho Chi Minh,no,,,no,no,no,no,no,no,,,,no,no,1964-04-26,SRC_NELDA
816-1971-0411-L1,VNM,Democratic Republic of Vietnam,1971,Legislative/Parliamentary,no,no,no,no,yes,yes,,no,,no,yes,yes,yes,,,yes,no,yes,yes,no,,,,no,no,,,no,no,,,,no,no,,,,,,,,,Le Duan,Le Duan,no,,,no,no,no,no,no,yes,france,no,no,no,no,1971-04-11,SRC_NELDA
816-1975-0406-L1,VNM,Democratic Republic of Vietnam,1975,Legislative/Parliamentary,no,no,no,no,yes,no,,no,,no,yes,yes,yes,,,yes,no,yes,yes,no,,,,no,no,,,no,no,,,,no,no,,,,,,,,,le duan,le duan,no,,,no,no,no,no,no,no,,,,no,no,1975-04-06,SRC_NELDA
816-1976-0425-L1,VNM,Democratic Republic of Vietnam,1976,Legislative/Parliamentary,yes,no,no,no,yes,,,no,,no,yes,yes,yes,,,yes,no,yes,yes,no,,,,no,no,,,no,no,,,,no,no,,,,,,,,,le duan,le duan,no,,,no,no,no,no,no,no,,,,no,no,1976-04-25,SRC_NELDA
816-1981-0426-L1,VNM,Democratic Republic of Vietnam,1981,Legislative/Parliamentary,yes,no,no,no,yes,,no,no,yes,no,no,yes,yes,no,no,no,no,no,yes,yes,yes,,,no,no,,no,no,no,,,,no,no,,,,,no,,,,Le Duan,Le Duan,yes,yes,no,no,no,no,yes,no,yes,"imf, european economic community",no,no,no,no,1981-04-26,SRC_NELDA
816-1987-0419-L1,VNM,Democratic Republic of Vietnam,1987,Legislative/Parliamentary,no,no,no,no,yes,no,no,no,no,no,no,yes,yes,no,no,no,no,no,yes,yes,no,yes,yes,no,no,,no,no,no,,,,no,,,,,,yes,yes,no,no,Nguyen Van Linh,Nguyen Van Linh,yes,yes,no,no,no,no,no,no,yes,"imf, european economic community",no,no,no,no,1987-04-19,SRC_NELDA
816-1987-0419-L2,VNM,Democratic Republic of Vietnam,1987,Legislative/Parliamentary,no,no,no,no,yes,yes,,,,no,yes,yes,yes,yes,no,no,no,no,yes,no,,,,no,no,,no,no,no,,,,no,,,,,,no,,,,Nguyen Van Linh,Nguyen Van Linh,no,,,no,no,no,no,no,yes,"un, asean (though not a member until 1995)",no,no,no,no,1987-05-03,SRC_NELDA
816-1992-0719-L1,VNM,Democratic Republic of Vietnam,1992,Legislative/Parliamentary,no,no,yes,no,yes,no,,,,no,no,yes,yes,no,no,yes,no,yes,no,no,,,,no,no,,no,no,no,,,no,no,no,,,,,no,,,,Do Muoi,Do Muoi,no,,,no,no,no,no,no,no,,,,no,no,1992-07-19,SRC_NELDA
816-1997-0720-L1,VNM,Democratic Republic of Vietnam,1997,Legislative/Parliamentary,no,no,yes,no,yes,no,,,,no,no,yes,yes,no,no,yes,no,no,yes,no,,,,no,yes,yes,no,no,no,,,no,no,no,,,,,no,,,,Do Muoi,Do Muoi,no,,,no,no,yes,no,no,no,,,,no,no,1997-07-20,SRC_NELDA
816-2002-0519-L1,VNM,Democratic Republic of Vietnam,2002,Legislative/Parliamentary,no,no,yes,no,yes,no,,,,no,no,yes,yes,no,no,yes,yes,no,yes,no,,,,no,no,,no,no,no,,,no,no,no,,,,,no,,,,Nong Duc Manh,Nong Duc Manh,no,,,no,no,yes,no,no,yes,"acct, apec, arf, asdb, asean, ccc, escap, fao, g-7",no,yes,no,no,2002-05-19,SRC_NELDA
816-2007-0520-L1,VNM,Democratic Republic of Vietnam,2007,Legislative/Parliamentary,no,no,no,no,yes,no,,,,no,yes,yes,,,,yes,yes,no,yes,no,,,,no,no,,,,no,,,,no,no,,,,,,,,,Nong Duc Manh,Nong Duc Manh,no,,,yes,no,no,no,no,no,,,,no,no,2007-05-20,SRC_NELDA
817-1955-1023-P1,VDR,Republic of Vietnam,1955,Executive,yes,yes,yes,yes,yes,,no,no,no,no,yes,yes,no,no,yes,yes,yes,no,yes,yes,yes,,,no,no,,no,yes,no,,,,no,no,,,,,no,,,,Ngo Dinh Diem,Ngo Dinh Diem,no,,,no,no,yes,no,no,yes,"US, France, UK",no,no,no,no,1955-10-23,SRC_NELDA
817-1956-0304-A1,VDR,Republic of Vietnam,1956,Constituent Assembly,yes,no,yes,yes,no,,,,,no,yes,yes,yes,yes,yes,yes,yes,no,yes,no,,,,no,no,,no,yes,no,,,,no,no,,,,,,,,,Ngo Dinh Diem,Ngo Dinh Diem,no,,,no,no,yes,no,no,yes,"US, France, UK",no,no,no,no,1956-03-04,SRC_NELDA
817-1959-0830-L1,VDR,Republic of Vietnam,1959,Legislative/Parliamentary,no,no,no,no,yes,no,,,,no,yes,yes,yes,yes,yes,yes,yes,no,yes,no,,,,no,no,,,yes,no,,,,no,no,,,,,,,,,Ngo Dinh Diem,Ngo Dinh Diem,no,,,no,no,yes,no,no,yes,"US, France, UK",no,no,no,no,1959-08-30,SRC_NELDA
817-1961-0409-P1,VDR,Republic of Vietnam,1961,Executive,yes,yes,yes,yes,yes,,no,no,no,no,yes,yes,no,no,no,no,no,no,yes,yes,yes,,,,no,,no,,no,,,,yes,no,,,,,no,,,,Ngo Dinh Diem,Ngo Dinh Diem,no,,,no,no,yes,no,no,yes,US,no,no,no,no,1961-04-09,SRC_NELDA
817-1963-0927-L1,VDR,Republic of Vietnam,1963,Legislative/Parliamentary,yes,no,no,yes,yes,,no,no,no,no,yes,yes,yes,,,yes,no,no,yes,no,,,,,no,,no,yes,no,,,,no,no,,,,,,,,,Ngo Dinh Diem,Ngo Dinh Diem,no,,,no,no,yes,yes,no,yes,US,yes,no,yes,yes,1963-09-27,SRC_NELDA
817-1966-0911-A1,VDR,Republic of Vietnam,1966,Constituent Assembly,yes,no,yes,yes,yes,,no,no,no,no,no,no,yes,yes,no,no,no,no,yes,no,,,,,no,,no,,no,,,,yes,no,,,,,,,,,Van Thieu,Van Thieu,no,,,no,no,yes,no,no,yes,US,no,no,no,no,1966-09-11,SRC_NELDA
817-1967-0903-L1,VDR,Republic of Vietnam,1967,Legislative/Parliamentary,yes,no,yes,no,yes,,no,no,no,no,yes,yes,yes,no,no,no,no,no,yes,no,,,,,no,,no,,no,,,,yes,no,,,,,,,,,Van Thieu,Van Thieu,yes,yes,no,no,no,yes,no,yes,yes,US,no,yes,yes,yes,1967-09-03,SRC_NELDA
817-1967-0903-P1,VDR,Republic of Vietnam,1967,Executive,yes,no,yes,no,yes,,no,no,no,no,yes,yes,yes,no,no,yes,no,no,yes,yes,yes,,,,no,,no,yes,yes,yes,no,,yes,no,,,,,no,,,,Van Thieu,Van Thieu,yes,yes,no,no,no,yes,no,yes,yes,US,no,yes,yes,yes,1967-09-03,SRC_NELDA
817-1967-1022-L1,VDR,Republic of Vietnam,1967,Legislative/Parliamentary,yes,no,yes,no,yes,,no,no,no,no,no,no,yes,no,no,no,no,no,yes,no,,,,,no,,yes,,no,,,,no,no,,,,,,,,,Van Thieu,Van Thieu,no,,,no,no,yes,no,no,yes,US,no,no,no,no,1967-10-22,SRC_NELDA
817-1970-0830-L1,VDR,Republic of Vietnam,1970,Legislative/Parliamentary,no,no,yes,yes,yes,no,,no,,no,yes,no,yes,no,yes,no,no,yes,yes,no,,,,yes,no,,yes,,yes,no,yes,no,yes,,,,,,,,,,Van Thieu,Van Thieu,no,,,no,no,yes,yes,no,yes,france,no,no,no,yes,1970-08-30,SRC_NELDA
817-1971-0829-L1,VDR,Republic of Vietnam,1971,Legislative/Parliamentary,no,no,yes,yes,yes,no,,no,,no,yes,yes,yes,yes,yes,no,no,yes,yes,no,,,,no,no,,no,yes,yes,yes,yes,,yes,no,,,,,,,,,Van Thieu,Van Thieu,no,,,no,no,yes,no,no,yes,france,no,no,no,yes,1971-08-29,SRC_NELDA
817-1971-1003-P1,VDR,Republic of Vietnam,1971,Executive,no,no,yes,yes,no,no,no,no,no,no,yes,yes,no,yes,yes,no,no,yes,yes,yes,yes,,,no,no,,,yes,yes,no,yes,,yes,no,,,,,no,,,,Van Thieu,Van Thieu,no,,,no,no,yes,no,no,yes,france,no,no,no,yes,1971-10-03,SRC_NELDA
817-1973-0826-L1,VDR,Republic of Vietnam,1973,Legislative/Parliamentary,no,no,yes,yes,yes,no,,no,,no,yes,yes,yes,unclear,yes,no,no,yes,yes,no,,,,no,no,,no,,yes,no,yes,,unclear,no,,,,,,,,,Van Thieu,Van Thieu,no,,,no,no,yes,no,no,yes,france,no,no,no,no,1973-08-26,SRC_NELDA
820-1959-0819-L1,MYS,Malaysia,1959,Legislative/Parliamentary,no,no,yes,yes,yes,no,yes,no,no,no,no,yes,no,no,no,no,yes,no,yes,yes,no,yes,yes,no,no,,yes,,no,,,unclear,yes,no,,,,,yes,no,no,no,Razak,Rahman,no,,,no,no,yes,no,no,yes,"Britain, UN, US, Australia, New Zealand",no,no,no,no,1959-08-19,SRC_NELDA
820-1964-0425-L1,MYS,Malaysia,1964,Legislative/Parliamentary,no,no,yes,yes,yes,no,no,no,no,no,no,yes,no,no,no,no,yes,no,yes,yes,yes,,,no,no,,no,no,no,,,,no,no,,,,,no,,,,Rahman,Rahman,no,,,no,no,yes,no,no,yes,"uk, us",no,no,no,no,1964-04-25,SRC_NELDA
820-1969-0510-L1,MYS,Malaysia,1969,Legislative/Parliamentary,no,no,yes,yes,yes,no,no,no,no,no,no,yes,no,no,no,yes,yes,no,yes,yes,yes,,,no,no,,yes,yes,yes,no,yes,,yes,no,,,,,yes,no,yes,no,Rahman,Rahman,no,,,no,no,yes,no,no,yes,"us, japan",no,no,no,no,1969-05-10,SRC_NELDA
820-1974-0824-L1,MYS,Malaysia,1974,Legislative/Parliamentary,no,no,yes,yes,yes,yes,no,no,no,no,yes,no,no,no,no,no,yes,no,no,yes,yes,,,yes,no,,yes,no,no,,,,no,,,,,,no,,,,razak,razak,no,,,no,no,yes,no,no,yes,usa,no,no,no,no,1974-08-24,SRC_NELDA
820-1978-0708-L1,MYS,Malaysia,1978,Legislative/Parliamentary,no,no,yes,yes,yes,yes,no,no,no,no,yes,yes,no,no,no,yes,yes,no,no,yes,yes,,,yes,no,,no,no,no,,,,no,no,,,,,no,,,,datuk hussein,datuk hussein,no,,,no,no,yes,no,no,yes,usa,no,no,no,no,1978-07-08,SRC_NELDA
820-1982-0422-L1,MYS,Malaysia,1982,Legislative/Parliamentary,no,no,yes,yes,yes,yes,no,no,no,no,no,yes,no,no,no,no,yes,no,no,yes,yes,,,no,no,,no,no,no,,,,no,no,,,,,no,,,,Mahatir Bin Mohammad,Mahatir Bin Mohammad,yes,yes,no,no,no,yes,no,no,yes,"asean, usa, japan",no,no,no,no,1982-04-22,SRC_NELDA
820-1986-0803-L1,MYS,Malaysia,1986,Legislative/Parliamentary,no,no,yes,yes,yes,yes,no,no,no,no,no,yes,no,no,no,no,yes,no,no,yes,yes,,,no,no,,yes,no,no,,,,no,no,,,,,no,,,,Mahatir Bin Mohammad,Mahatir Bin Mohammad,yes,yes,no,no,no,yes,no,no,yes,"asean, usa, japan",no,no,no,no,1986-08-03,SRC_NELDA
820-1990-1020-L1,MYS,Malaysia,1990,Legislative/Parliamentary,no,no,yes,yes,yes,yes,no,no,no,no,no,yes,no,no,yes,yes,yes,no,yes,yes,yes,,,no,yes,yes,yes,no,no,,,no,yes,no,,,,,no,,,,Mahatir Bin Mohammad,Mahatir Bin Mohammad,yes,yes,no,no,no,no,no,no,yes,u.s.,no,no,yes,no,1990-10-20,SRC_NELDA
820-1995-0424-L1,MYS,Malaysia,1995,Legislative/Parliamentary,no,no,yes,yes,yes,yes,no,no,no,no,no,yes,no,no,no,yes,yes,yes,yes,yes,yes,,,no,yes,yes,no,no,no,,,no,no,no,,,,,no,,,,Mahatir Bin Mohammad,Mahatir Bin Mohammad,no,,,no,no,yes,no,no,yes,u.s.,no,no,no,no,1995-04-24,SRC_NELDA
820-1999-1129-L1,MYS,Malaysia,1999,Legislative/Parliamentary,no,no,yes,yes,yes,yes,no,no,no,no,no,yes,no,no,yes,yes,no,no,yes,yes,yes,,,no,yes,yes,yes,no,no,,,no,yes,no,,,,,no,,,,Mahatir Bin Mohammad,Mahatir Bin Mohammad,no,,,no,no,yes,no,no,yes,u.s.,no,no,no,no,1999-11-29,SRC_NELDA
820-2004-0321-L1,MYS,Malaysia,2004,Legislative/Parliamentary,no,no,yes,yes,yes,no,no,no,no,no,no,yes,no,no,no,yes,yes,no,no,yes,yes,,,no,yes,yes,no,yes,no,,,no,no,yes,no,no,yes,unclear,no,,,,Ahmad Badawi,Ahmad Badawi,no,no,no,no,no,yes,no,no,yes,u.s.,no,no,no,no,2004-03-21,SRC_NELDA
820-2008-0308-L1,MYS,Malaysia,2008,Legislative/Parliamentary,no,no,yes,yes,yes,yes,no,no,no,no,yes,no,yes,no,no,yes,no,no,no,yes,yes,,,no,no,,yes,yes,yes,yes,yes,,no,no,,,,,no,,,,Ahmad Badawi,Ahmad Badawi,no,,,no,no,yes,no,no,yes,"UK, UNESCO, IMF, World Bank, APEC",no,no,no,no,2008-03-08,SRC_NELDA
830-1968-0413-L1,SGP,Singapore,1968,Legislative/Parliamentary,yes,no,yes,yes,yes,,no,no,no,no,no,yes,no,yes,no,no,yes,no,no,yes,yes,,,no,no,,no,no,no,,,,no,no,,,,,no,,,,Lee Kuan Yew,Lee Kuan Yew,no,,,no,no,yes,no,no,yes,"us, japan, association of southeast asian nations",no,no,no,no,1968-04-13,SRC_NELDA
830-1972-0902-L1,SGP,Singapore,1972,Legislative/Parliamentary,no,no,yes,yes,yes,no,no,no,no,no,yes,yes,no,no,no,yes,yes,no,no,yes,yes,,,yes,no,,yes,no,no,,,,no,no,,,,,no,,,,lee kuan yew,lee kuan yew,no,,,no,no,yes,no,no,yes,usa,no,no,no,no,1972-09-02,SRC_NELDA
830-1976-1223-L1,SGP,Singapore,1976,Legislative/Parliamentary,no,no,yes,yes,yes,no,no,no,no,no,yes,yes,no,no,no,no,yes,no,no,yes,yes,,,no,no,,no,no,no,,,,no,no,,,,,no,,,,lee kuan yew,lee kuan yew,no,,,no,no,yes,no,no,yes,usa,no,no,no,no,1976-12-23,SRC_NELDA
830-1980-1223-L1,SGP,Singapore,1980,Legislative/Parliamentary,no,no,yes,yes,yes,no,no,no,no,no,no,yes,no,yes,no,yes,yes,no,no,yes,yes,,,no,no,,no,no,no,,,,no,no,,,,,no,,,,Lee Kuan Yew,Lee Kuan Yew,yes,yes,no,no,no,yes,no,no,yes,"asean, usa, un",no,no,no,no,1980-12-23,SRC_NELDA
830-1984-1222-L1,SGP,Singapore,1984,Legislative/Parliamentary,no,no,yes,yes,yes,no,no,no,no,no,no,yes,no,no,no,yes,yes,no,no,yes,yes,,,no,no,,yes,no,no,,,,no,no,,,,,no,,,,Lee Kuan Yew,Lee Kuan Yew,yes,yes,no,no,no,yes,no,no,yes,"asean, usa, un",no,no,no,no,1984-12-22,SRC_NELDA
830-1988-0903-L1,SGP,Singapore,1988,Legislative/Parliamentary,no,no,yes,yes,yes,yes,no,no,no,no,no,yes,no,no,no,no,yes,no,no,yes,yes,,,no,no,,no,no,no,,,,no,no,,,,,no,,,,Lee Kuan Yew,Lee Kuan Yew,yes,yes,no,no,no,yes,no,no,yes,"asean, usa, un",no,no,no,no,1988-09-03,SRC_NELDA
830-1991-0831-L1,SGP,Singapore,1991,Legislative/Parliamentary,no,no,yes,yes,yes,yes,no,no,no,no,no,yes,yes,no,no,no,yes,no,yes,yes,yes,,,no,yes,yes,yes,no,no,,,no,no,no,,,,,no,,,,Goh Chok Tong,Goh Chok Tong,no,,,no,no,yes,no,no,yes,u.s.,no,no,no,no,1991-08-31,SRC_NELDA
830-1993-0828-P1,SGP,Singapore,1993,Executive,yes,no,yes,no,yes,,,,,no,no,yes,yes,no,no,no,yes,no,yes,no,,,,no,no,,yes,no,no,,,,no,no,,,,,,,,,Goh Chok Tong,Goh Chok Tong,yes,yes,no,no,no,yes,no,no,yes,"un, usa, asean",no,no,no,no,1993-08-28,SRC_NELDA
830-1997-0102-L1,SGP,Singapore,1997,Legislative/Parliamentary,no,no,yes,yes,yes,no,no,no,no,no,no,yes,no,no,yes,yes,no,yes,yes,yes,yes,,,no,yes,yes,no,no,no,,,no,no,no,,,,,no,,,,Goh Chok Tong,Goh Chok Tong,no,,,no,no,yes,no,no,yes,u.s.,no,no,no,no,1997-01-02,SRC_NELDA
830-2001-1103-L1,SGP,Singapore,2001,Legislative/Parliamentary,no,no,yes,yes,yes,no,no,no,no,no,no,yes,no,no,yes,yes,no,yes,yes,yes,yes,,,no,yes,yes,no,no,no,,,no,no,no,,,,,no,,,,Goh Chok Tong,Goh Chok Tong,no,,,no,no,yes,no,no,yes,u.s.,no,no,no,no,2001-11-03,SRC_NELDA
830-2006-0506-L1,SGP,Singapore,2006,Legislative/Parliamentary,no,no,yes,yes,yes,no,no,no,no,no,no,yes,no,no,no,no,yes,no,no,yes,yes,,,no,no,,no,no,no,,,,no,no,,,,,no,,,,lee hsien loong,lee hsien loong,no,,,unclear,unclear,yes,no,no,yes,"asean, icj",no,no,no,no,2006-05-06,SRC_NELDA
840-1947-1111-L1,PHL,Philippines,1947,Legislative/Parliamentary,no,no,yes,yes,yes,yes,,,,no,no,no,no,no,no,no,no,no,yes,no,,,,no,no,,yes,,no,,,,no,no,,,,,,,,,Roxas,Roxas,no,,,no,no,yes,no,no,yes,US,no,no,no,no,1947-11-11,SRC_NELDA
840-1949-1109-L1,PHL,Philippines,1949,Legislative/Parliamentary,no,no,yes,yes,yes,no,,,,no,no,no,no,no,no,no,no,no,yes,no,,,,no,no,,no,yes,yes,yes,yes,,yes,no,,,,,,,,,Quirino,Quirino,no,,,no,no,yes,no,no,yes,US,no,no,no,no,1949-11-09,SRC_NELDA
840-1949-1109-P1,PHL,Philippines,1949,Executive,no,no,yes,yes,yes,no,no,no,no,no,no,no,no,no,no,no,no,no,yes,yes,yes,,,no,no,,no,yes,yes,yes,yes,,yes,no,,,,,no,,,,Quirino,Quirino,no,,,no,no,yes,no,no,yes,US,no,no,no,no,1949-11-09,SRC_NELDA
840-1951-1113-L1,PHL,Philippines,1951,Legislative/Parliamentary,no,no,yes,yes,yes,no,,,,no,no,no,no,no,no,no,no,no,yes,no,,,,yes,no,,yes,,no,,,no,no,,,,,,,,,,Quirino,Quirino,no,,,no,no,yes,no,no,yes,US,no,no,no,no,1951-11-13,SRC_NELDA
840-1953-1110-L1,PHL,Philippines,1953,Legislative/Parliamentary,no,no,yes,yes,yes,no,,,,no,no,no,no,no,no,no,no,no,yes,no,,,,yes,no,,yes,,no,,,no,no,,,,,,,,,,Quirino,Magsaysay,no,,,no,no,yes,no,no,yes,US,no,no,no,no,1953-11-10,SRC_NELDA
840-1953-1110-P1,PHL,Philippines,1953,Executive,no,no,yes,yes,yes,no,no,no,no,no,no,no,no,no,no,no,no,no,yes,yes,yes,,,yes,no,,yes,,no,,,no,no,,,,,,yes,yes,no,no,Quirino,Magsaysay,no,,,no,no,yes,no,no,yes,US,no,no,no,no,1953-11-10,SRC_NELDA
840-1955-1108-L1,PHL,Philippines,1955,Legislative/Parliamentary,no,no,yes,yes,yes,no,,,,no,no,no,no,no,no,no,no,no,yes,no,,,,no,no,,no,,no,,,,no,no,,,,,,,,,Magsaysay,Magsaysay,no,,,no,no,yes,no,no,yes,US,no,no,no,no,1955-11-08,SRC_NELDA
840-1957-1112-L1,PHL,Philippines,1957,Legislative/Parliamentary,no,no,yes,yes,yes,no,,,,no,no,no,no,no,no,no,no,no,yes,no,,,,no,no,,yes,,no,,,,yes,no,,,,,,,,,Garcia,Garcia,no,,,no,no,yes,no,no,yes,US,no,no,no,no,1957-11-12,SRC_NELDA
840-1957-1112-P1,PHL,Philippines,1957,Executive,no,no,yes,yes,yes,no,no,no,no,no,no,no,no,no,no,no,no,no,yes,yes,yes,,,no,no,,no,,no,,,,yes,no,,,,,no,,,,Garcia,Garcia,no,,,no,no,yes,no,no,yes,US,no,no,no,no,1957-11-12,SRC_NELDA
840-1959-1110-L1,PHL,Philippines,1959,Legislative/Parliamentary,no,no,yes,yes,yes,no,,,,no,no,no,no,no,no,no,no,no,yes,no,,,,no,no,,yes,,no,,,,no,no,,,,,,,,,Garcia,Garcia,no,,,no,no,yes,no,no,yes,US,no,no,no,no,1959-11-10,SRC_NELDA
840-1961-1114-L1,PHL,Philippines,1961,Legislative/Parliamentary,no,no,yes,yes,yes,no,,,,no,no,no,no,no,no,no,yes,no,yes,no,,,,no,yes,no,yes,no,no,,,no,yes,,,,,,,,,,Garcia,Macagapal,no,,,no,no,yes,no,no,yes,us,no,no,no,no,1961-11-14,SRC_NELDA
840-1961-1114-P1,PHL,Philippines,1961,Executive,no,no,yes,yes,yes,no,no,no,no,no,no,no,no,no,no,no,yes,no,yes,yes,yes,,,yes,yes,no,yes,no,no,,,no,yes,,,,,,yes,yes,no,no,Garcia,Macapagal,no,,,no,no,yes,no,no,yes,us,no,no,no,no,1961-11-14,SRC_NELDA
840-1963-1112-L1,PHL,Philippines,1963,Legislative/Parliamentary,no,no,yes,yes,yes,no,,,,no,no,no,no,no,no,no,yes,no,yes,no,,,,yes,yes,no,yes,no,no,,,no,no,,,,,,,,,,Macagapal,Macagapal,no,,,no,no,yes,no,no,yes,us,no,no,no,no,1963-11-12,SRC_NELDA
840-1965-1109-L1,PHL,Philippines,1965,Legislative/Parliamentary,no,no,yes,yes,yes,no,,,,no,no,no,no,no,no,no,yes,no,yes,no,,,,yes,yes,yes,yes,no,no,,,,yes,no,,,,,,,,,Macapagal,Marcos,no,,,no,no,yes,no,no,yes,us,no,no,no,no,1965-11-09,SRC_NELDA
840-1965-1109-P1,PHL,Philippines,1965,Executive,no,no,yes,yes,yes,no,no,no,no,no,no,no,no,no,no,no,yes,no,yes,yes,yes,,,yes,yes,no,yes,no,no,,,no,yes,,,,,,yes,yes,no,no,Macapagal,Marcos,no,,,no,no,yes,no,no,yes,us,no,no,no,no,1965-11-09,SRC_NELDA
840-1967-1114-L1,PHL,Philippines,1967,Legislative/Parliamentary,no,no,yes,yes,yes,no,,,,no,no,yes,no,no,no,no,yes,no,yes,no,,,,no,yes,yes,yes,no,no,,,,no,no,,,,,,,,,Marcos,Marcos,no,,,no,no,yes,no,no,yes,us,no,no,no,no,1967-11-14,SRC_NELDA
840-1969-1111-L1,PHL,Philippines,1969,Legislative/Parliamentary,no,no,yes,yes,yes,no,,,,no,yes,yes,no,no,no,no,yes,no,yes,no,,,,no,yes,yes,no,yes,yes,yes,yes,,yes,no,,,,,,,,,Marcos,Marcos,no,,,no,no,yes,no,no,yes,us,no,no,no,no,1969-11-11,SRC_NELDA
840-1969-1111-P1,PHL,Philippines,1969,Executive,no,no,yes,yes,yes,no,no,no,no,no,yes,no,no,no,no,no,yes,no,yes,yes,yes,,,no,yes,yes,no,yes,yes,yes,yes,,yes,no,,,,,no,,,,Marcos,Marcos,no,,,no,no,yes,no,no,yes,us,no,no,no,no,1969-11-11,SRC_NELDA
840-1971-1108-L1,PHL,Philippines,1971,Legislative/Parliamentary,no,no,yes,yes,yes,no,no,no,no,no,yes,no,yes,no,yes,no,no,no,yes,no,,,,,no,,yes,,no,,,no,yes,,,,,,,,,,Marcos,Marcos,no,,,no,no,yes,no,no,yes,US,no,no,no,no,1971-11-08,SRC_NELDA
840-1973-0727-P1,PHL,Philippines,1973,Executive,no,no,yes,yes,yes,no,no,no,no,no,yes,no,yes,no,yes,no,no,no,yes,no,,,,,no,,yes,,no,,,no,yes,,,,,,,,,,Marcos,Marcos,no,,,no,no,yes,no,no,yes,US,no,no,no,no,1973-07-27,SRC_NELDA
840-1977-1217-P1,PHL,Philippines,1977,Executive,yes,no,no,no,no,,no,no,yes,no,yes,yes,yes,,,yes,no,no,yes,yes,yes,,,,no,,,no,no,,,,no,no,,,,,no,,,,Marcos,Marcos,no,,,no,no,yes,no,no,yes,US,no,no,no,no,1977-12-17,SRC_NELDA
840-1978-0407-L1,PHL,Philippines,1978,Legislative/Parliamentary,yes,no,yes,yes,yes,,,,,no,yes,no,no,no,no,no,no,no,no,no,,,,no,no,,no,no,no,,,,no,no,,,,,,,,,marcos,marcos,no,,,no,no,yes,no,no,yes,usa,no,no,no,no,1978-04-07,SRC_NELDA
840-1981-0616-P1,PHL,Philippines,1981,Executive,no,no,yes,yes,yes,no,no,no,yes,no,yes,yes,no,yes,yes,yes,no,no,yes,yes,yes,,,no,no,,no,yes,yes,yes,no,,no,no,,,,,no,,,,Marcos,Marcos,yes,yes,yes,no,no,no,yes,no,yes,"imf, usa",yes,no,no,no,1981-06-16,SRC_NELDA
840-1984-0514-L1,PHL,Philippines,1984,Legislative/Parliamentary,no,no,yes,yes,yes,no,,,,no,yes,yes,no,yes,yes,yes,no,yes,yes,no,,,,no,no,,yes,yes,yes,yes,no,,no,,,,,,no,,,,Marcos,Marcos,yes,yes,yes,no,no,no,yes,no,yes,"imf, usa",yes,no,no,no,1984-05-14,SRC_NELDA
840-1986-0207-P1,PHL,Philippines,1986,Executive,no,no,yes,yes,yes,yes,no,no,yes,no,yes,yes,no,yes,yes,yes,no,no,yes,yes,yes,,,no,no,,yes,yes,yes,yes,yes,,yes,yes,yes,yes,no,,yes,no,yes,no,Marcos,Aquino,yes,yes,yes,no,no,no,yes,no,yes,"imf, usa",yes,no,no,no,1986-02-07,SRC_NELDA
840-1987-0511-L1,PHL,Philippines,1987,Legislative/Parliamentary,no,no,yes,yes,yes,yes,,,,no,yes,yes,no,no,no,no,no,no,yes,no,,,,no,no,,no,no,yes,yes,no,,yes,,,,,,no,,,,Aquino,Aquino,yes,yes,no,no,no,no,no,no,yes,"imf, usa",no,no,no,no,1987-05-11,SRC_NELDA
840-1992-0511-L1,PHL,Philippines,1992,Legislative/Parliamentary,no,no,yes,yes,yes,no,,,,no,no,,no,no,no,,no,no,yes,no,,,,,no,,,yes,yes,yes,no,no,yes,no,,,,,no,,,,Aquino,Ramos,no,,,,,yes,no,no,yes,u.s.,no,no,no,no,1992-05-11,SRC_NELDA
840-1992-0511-P1,PHL,Philippines,1992,Executive,no,no,yes,yes,yes,no,yes,no,no,no,no,,no,no,no,,no,no,yes,yes,no,yes,yes,no,yes,,,yes,yes,yes,no,no,yes,no,,,,,yes,yes,no,no,Aquino,Ramos,no,,,,,yes,no,no,yes,u.s.,no,no,no,no,1992-05-11,SRC_NELDA
840-1995-0508-L1,PHL,Philippines,1995,Legislative/Parliamentary,no,no,yes,yes,yes,no,,,,no,no,,no,no,no,,yes,no,yes,no,,,,,yes,yes,,no,yes,yes,yes,no,yes,no,,,,,no,,,,Ramos,Ramos,no,,,,,yes,no,no,yes,u.s.,no,no,no,no,1995-05-08,SRC_NELDA
840-1998-0511-L1,PHL,Philippines,1998,Legislative/Parliamentary,no,no,yes,yes,yes,no,,,,no,yes,,no,no,no,,no,no,yes,no,,,,no,yes,no,no,no,no,,,no,yes,,,,,,,,,,Ramos,Estrada,no,,,no,no,yes,no,no,yes,u.s.,no,no,no,no,1998-05-11,SRC_NELDA
840-1998-0511-P1,PHL,Philippines,1998,Executive,no,no,yes,yes,yes,no,yes,yes,no,no,yes,,no,no,no,,no,no,yes,yes,no,yes,yes,no,yes,,,no,no,,,no,yes,no,,,,,yes,yes,no,no,Ramos,Estrada,no,,,,,yes,no,no,yes,u.s.,no,no,no,no,1998-05-11,SRC_NELDA
840-2001-0514-L1,PHL,Philippines,2001,Legislative/Parliamentary,no,no,yes,yes,yes,no,,,,no,no,,yes,no,yes,,no,no,yes,no,,,,,yes,yes,no,yes,yes,no,yes,no,yes,,,,,,,,,,Gloria Macapagal-Arroyo,Gloria Macapagal-Arroyo,no,,,,,yes,no,no,yes,u.s.,no,no,no,no,2001-05-14,SRC_NELDA
840-2004-0510-L1,PHL,Philippines,2004,Legislative/Parliamentary,no,no,yes,yes,yes,no,,,,no,no,,no,no,yes,no,yes,no,yes,no,,,,no,yes,yes,yes,yes,yes,yes,unclear,no,yes,no,,,,,no,,,,Gloria Macapagal-Arroyo,Gloria Macapagal-Arroyo,no,,,,,yes,no,no,yes,u.s.,no,no,no,no,2004-05-10,SRC_NELDA
840-2004-0510-P1,PHL,Philippines,2004,Executive,no,no,yes,yes,yes,no,no,no,no,no,no,no,no,no,yes,no,yes,no,yes,yes,yes,,,no,yes,yes,no,yes,yes,yes,unclear,no,yes,no,,,,,no,,,,gloria macapagal-arroyo,gloria macapagal-arroyo,no,,,,,yes,no,no,yes,u.s.,no,no,no,no,2004-05-10,SRC_NELDA
840-2007-0514-L1,PHL,Philippines,2007,Legislative/Parliamentary,no,no,yes,yes,yes,no,,,,no,yes,yes,no,no,yes,yes,no,yes,yes,no,,,,no,no,,no,yes,yes,yes,yes,no,yes,no,,,,,,,,,Gloria Macapagal-Arroyo,Gloria Macapagal-Arroyo,yes,yes,yes,no,no,yes,no,no,yes,Spain,no,no,no,no,2007-05-14,SRC_NELDA
840-2010-0510-L1,PHL,Philippines,2010,Legislative/Parliamentary,no,no,yes,yes,yes,no,,,,no,yes,no,no,no,yes,yes,no,yes,yes,no,,,,no,no,,yes,yes,yes,yes,yes,no,yes,no,,,,,,,,,Gloria Macapagal-Arroyo,Benigno Aquino III,yes,yes,yes,no,no,yes,no,no,yes,Spain,no,no,no,no,2010-05-10,SRC_NELDA
840-2010-0510-P1,PHL,Philippines,2010,Executive,no,no,yes,yes,yes,no,yes,yes,no,no,yes,no,no,no,yes,yes,no,yes,yes,yes,no,no,,yes,no,,yes,yes,yes,yes,yes,no,yes,,,,,,yes,yes,no,no,Gloria Macapagal-Arroyo,Benigno Aquino III,yes,yes,yes,no,no,yes,no,no,yes,Spain,no,no,no,no,2010-05-10,SRC_NELDA
850-1955-0929-L1,IDN,Indonesia,1955,Legislative/Parliamentary,yes,yes,yes,yes,yes,,,,,yes,no,no,no,no,no,no,no,no,yes,no,,,,no,no,,yes,,no,,,,no,no,,,,,,,,,Sukarno,Sukarno,no,,,no,no,yes,yes,no,yes,"IMF, US, UN, Australia, European countries including Britain, Italy and Switzerland",no,no,no,no,1955-09-29,SRC_NELDA
850-1955-1215-A1,IDN,Indonesia,1955,Constituent Assembly,yes,yes,yes,yes,yes,,,,,yes,no,no,no,no,no,no,no,no,yes,no,,,,no,no,,yes,,no,,,,no,no,,,,,,,,,Sukarno,Sukarno,no,,,no,no,yes,yes,no,yes,"IMF, US, UN, Australia, European countries including Britain, Italy and Switzerland",yes,no,no,no,1955-12-15,SRC_NELDA
850-1971-0703-L1,IDN,Indonesia,1971,Legislative/Parliamentary,yes,no,yes,yes,yes,,,,,no,yes,no,no,no,no,no,yes,no,no,no,,,,no,no,,yes,no,no,,,no,no,,,,,,,,,,suharto,suharto,no,,,no,no,yes,no,no,yes,"usa, western europe",no,no,no,no,1971-07-03,SRC_NELDA
850-1977-0502-L1,IDN,Indonesia,1977,Legislative/Parliamentary,no,no,yes,yes,yes,no,,,,no,yes,yes,no,no,no,yes,yes,no,no,no,,,,no,no,,no,no,no,,,,no,no,,,,,,,,,suharto,suharto,no,,,no,no,yes,no,no,yes,"usa, western europe",no,no,no,no,1977-05-02,SRC_NELDA
850-1982-0504-L1,IDN,Indonesia,1982,Legislative/Parliamentary,no,no,yes,yes,yes,no,,,,no,no,yes,no,no,no,unclear,yes,no,no,no,,,,no,yes,yes,no,yes,no,,,,yes,no,,,,,no,,,,Suharto,Suharto,no,,,no,no,yes,no,no,yes,"united states, western europe, australia, and japa",no,no,no,no,1982-05-04,SRC_NELDA
850-1987-0423-L1,IDN,Indonesia,1987,Legislative/Parliamentary,no,no,yes,yes,yes,no,,,,no,no,yes,no,no,no,no,yes,no,no,no,,,,no,yes,yes,no,yes,no,,,,no,no,,,,,no,,,,Suharto,Suharto,no,,,no,no,yes,no,no,yes,"united states, western europe, australia, and japa",no,no,no,no,1987-04-23,SRC_NELDA
850-1992-0609-L1,IDN,Indonesia,1992,Legislative/Parliamentary,no,no,yes,yes,yes,no,,,,no,no,yes,no,no,yes,no,no,yes,yes,no,,,,no,yes,yes,no,no,no,,,no,no,no,,,,,no,,,,Suharto,Suharto,no,,,no,no,no,no,no,yes,"u.s., netherlands, canada, denmark, etc",no,no,yes,no,1992-06-09,SRC_NELDA
850-1997-0529-L1,IDN,Indonesia,1997,Legislative/Parliamentary,no,no,yes,yes,yes,no,,,,no,yes,yes,no,no,no,no,no,no,yes,no,,,,no,no,,no,yes,yes,yes,yes,,yes,no,,,,,no,,,,Suharto,Suharto,yes,yes,yes,no,no,no,yes,no,yes,un,yes,no,no,no,1997-05-29,SRC_NELDA
850-1999-0607-L1,IDN,Indonesia,1999,Legislative/Parliamentary,no,no,yes,yes,yes,yes,,,,no,no,no,no,no,no,no,no,yes,yes,no,,,,yes,yes,no,yes,no,no,,,no,no,no,,,,,no,,,,Habibie,Habibie,yes,yes,no,no,no,yes,no,no,yes,yes,no,no,no,no,1999-06-07,SRC_NELDA
850-2004-0405-L1,IDN,Indonesia,2004,Legislative/Parliamentary,no,no,yes,yes,yes,no,,,,no,no,no,no,no,no,no,no,no,yes,no,,,,yes,yes,no,yes,yes,no,,,no,no,no,,,,,no,,,,Megawati Sukarnoputri,Megawati Sukamoputri,yes,yes,no,no,no,no,no,no,yes,united states,no,no,no,no,2004-04-05,SRC_NELDA
850-2004-0705-P1,IDN,Indonesia,2004,Executive,no,no,yes,yes,yes,no,yes,no,no,no,no,no,no,no,no,no,no,no,yes,yes,yes,,,yes,yes,no,,no,no,,,no,no,no,,,,,yes,yes,no,no,Megawati Sukarnoputri,Megawati Sukamoputri,yes,yes,no,no,no,no,no,no,yes,united states,no,yes,no,no,2004-07-05,SRC_NELDA
850-2004-0705-P2,IDN,Indonesia,2004,Executive,no,no,yes,yes,yes,no,yes,no,no,no,no,no,no,no,no,no,no,no,yes,yes,yes,,,yes,yes,no,,no,no,,,no,no,no,,,,,yes,yes,no,no,Megawati Sukarnoputri,Bambang Yudhoyono,yes,yes,no,no,no,no,no,no,yes,united states,no,yes,no,no,2004-09-20,SRC_NELDA
850-2009-0409-L1,IDN,Indonesia,2009,Legislative/Parliamentary,no,no,yes,yes,yes,no,,,,no,no,no,no,no,no,no,yes,no,no,no,,,,no,no,,yes,yes,no,,,,no,no,,,,,,,,,Susilo Bambang Yudhoyono,Susilo Bambang Yudhoyono,yes,yes,yes,no,no,yes,no,no,yes,"US, EU",no,no,no,no,2009-04-09,SRC_NELDA
850-2009-0708-P1,IDN,Indonesia,2009,Executive,no,no,yes,yes,yes,no,no,no,no,no,no,no,no,no,no,no,yes,no,no,yes,yes,,,no,yes,yes,no,,no,,,,no,no,,,,,no,,,,Susilo Bambang Yudhoyono,Susilo Bambang Yudhoyono,yes,yes,no,no,no,yes,no,no,yes,"US, EU",no,no,no,no,2009-07-08,SRC_NELDA
860-2007-0409-P1,TLS,East Timor,2007,Executive,no,yes,yes,yes,yes,yes,no,yes,no,no,no,no,no,no,no,no,no,no,yes,yes,no,no,,,no,,no,,no,,,,no,no,,,,,no,,,,Gusmao,Gusmao,yes,yes,no,no,no,yes,no,no,yes,UN,no,no,no,no,2007-04-09,SRC_NELDA
860-2007-0409-P2,TLS,East Timor,2007,Executive,no,no,yes,yes,yes,no,yes,no,no,no,no,no,no,no,no,no,no,no,yes,yes,no,yes,yes,,no,,yes,,yes,no,no,,no,no,,,,,yes,yes,no,no,Gusmao,Ramos-Horta,yes,yes,no,no,no,yes,no,no,yes,UN,no,no,no,no,2007-05-09,SRC_NELDA
860-2007-0630-L1,TLS,East Timor,2007,Legislative/Parliamentary,no,no,yes,yes,yes,no,,,,no,no,no,no,no,no,no,no,no,yes,no,,,,,no,,yes,,yes,no,no,,no,no,,,,,,,,,Ramos-Horta,Ramos-Horta,yes,yes,no,no,no,yes,no,no,yes,UN,no,no,no,no,2007-06-30,SRC_NELDA
900-1946-0928-L1,AUS,Australia,1946,Legislative/Parliamentary,no,no,yes,yes,yes,no,no,no,no,no,no,no,no,no,no,no,no,no,yes,yes,yes,,,no,no,,yes,,no,,,,no,no,,,,,no,,,,Chifley,Chifley,no,,,no,no,yes,no,no,yes,"US, UN, UK, IMF, World Bank",no,yes,no,no,1946-09-28,SRC_NELDA
900-1949-1210-L1,AUS,Australia,1949,Legislative/Parliamentary,no,no,yes,yes,yes,no,no,no,no,no,no,no,no,no,no,no,yes,no,no,yes,yes,,,yes,no,,yes,,no,,,no,no,,,,,,yes,yes,no,no,Chifley,Menzies,no,,,no,no,yes,no,yes,yes,"US, UN, Britain and the other Commonwealth countries, the Bretton Woods Institutes",no,yes,no,no,1949-12-10,SRC_NELDA
900-1951-0428-L1,AUS,Australia,1951,Legislative/Parliamentary,no,no,yes,yes,yes,yes,no,no,no,no,no,no,no,no,no,no,yes,no,yes,yes,yes,,,no,no,,yes,,no,,,,no,no,,,,,no,,,,Menzies,Menzies,no,,,no,no,yes,no,no,yes,"US, Britain and other Commonwealth countries, UN, Bretton Woods Institutes",no,no,no,no,1951-04-28,SRC_NELDA
900-1954-0529-L1,AUS,Australia,1954,Legislative/Parliamentary,no,no,yes,yes,yes,no,no,no,no,no,no,no,no,no,no,no,yes,no,yes,yes,yes,,,no,no,,yes,,no,,,,no,no,,,,,no,,,,Menzies,Menzies,no,,,no,no,yes,no,no,yes,"US, UN, UK, Other Commonwealth countries, Bretton Woods Institutes, France, Holland.",no,no,no,no,1954-05-29,SRC_NELDA
900-1955-1210-L1,AUS,Australia,1955,Legislative/Parliamentary,no,no,yes,yes,yes,yes,no,no,no,no,no,no,no,no,no,no,yes,no,yes,yes,yes,,,no,no,,no,,no,,,,no,no,,,,,no,,,,Menzies,Menzies,no,,,no,,yes,no,no,yes,"US, UN, UK, Other Commonwealth Countries, Bretton Woods Institutes, France, Holland",no,no,no,no,1955-12-10,SRC_NELDA
900-1958-1122-L1,AUS,Australia,1958,Legislative/Parliamentary,no,no,yes,yes,yes,no,no,no,no,no,no,yes,no,no,no,no,yes,no,yes,yes,yes,,,no,no,,no,,no,,,,no,no,,,,,no,,,,Menzies,Menzies,no,,,no,no,yes,no,no,yes,"US, UN, UK, Other Commonwealth Countries, Bretton Woods Institutes, France, Holland",no,no,no,no,1958-11-22,SRC_NELDA
900-1961-1209-L1,AUS,Australia,1961,Legislative/Parliamentary,no,no,yes,yes,yes,no,no,no,no,no,no,no,no,no,no,no,no,no,no,yes,yes,,,no,yes,yes,yes,,no,,,no,no,,,,,,no,,,,Menzies,Menzies,no,,,no,no,yes,no,no,yes,"UN, US, UK",no,no,no,no,1961-12-09,SRC_NELDA
900-1963-1130-L1,AUS,Australia,1963,Legislative/Parliamentary,no,no,yes,yes,yes,yes,no,no,no,no,no,no,no,no,no,no,yes,no,no,yes,yes,,,no,yes,unclear,no,,no,,,,no,no,,,,,no,,,,Menzies,Menzies,no,,,no,no,yes,no,no,yes,All,no,no,no,no,1963-11-30,SRC_NELDA
900-1964-1205-L1,AUS,Australia,1964,Legislative/Parliamentary,no,no,yes,yes,yes,no,,,,no,no,no,no,no,no,no,yes,no,,no,,,,no,unclear,unclear,no,,no,,,,no,no,,,,,,,,,Menzies,Menzies,no,,,no,no,yes,no,no,yes,All,no,no,no,no,1964-12-05,SRC_NELDA
900-1966-1126-L1,AUS,Australia,1966,Legislative/Parliamentary,no,no,yes,yes,yes,no,no,no,no,no,no,yes,no,no,no,no,yes,no,no,yes,yes,,,no,yes,yes,no,,no,,,,no,no,,,,,no,,,,Holt,Holt,no,,,no,no,yes,no,yes,yes,All,no,no,no,no,1966-11-26,SRC_NELDA
900-1967-1125-L1,AUS,Australia,1967,Legislative/Parliamentary,no,no,yes,yes,yes,no,,,,no,no,no,no,no,no,no,yes,no,no,no,,,,no,yes,yes,yes,,no,,,no,no,,,,,,no,,,,Holt,Holt,no,,,no,no,yes,no,no,yes,All,no,no,no,no,1967-11-25,SRC_NELDA
900-1969-1025-L1,AUS,Australia,1969,Legislative/Parliamentary,no,no,yes,yes,yes,no,no,no,no,no,no,no,no,no,no,no,yes,no,no,yes,yes,,,no,yes,no,yes,,no,,,no,no,,,,,,no,,,,Gorton,Gorton,no,,,no,no,yes,no,no,yes,All,no,no,no,no,1969-10-25,SRC_NELDA
900-1970-1121-L1,AUS,Australia,1970,Legislative/Parliamentary,no,no,yes,yes,yes,no,,,,no,no,no,no,no,no,no,yes,no,no,no,,,,no,yes,no,yes,,no,,,no,no,,,,,,no,,,,Gorton,Gorton,no,,,no,no,yes,no,no,yes,All,no,no,no,no,1970-11-21,SRC_NELDA
900-1972-1202-L1,AUS,Australia,1972,Legislative/Parliamentary,no,no,yes,yes,yes,no,no,no,no,no,no,no,no,no,no,no,no,no,no,yes,yes,,,yes,yes,no,yes,,no,,,no,no,,,,,,yes,yes,no,no,McMahon,Whitlam,no,,,no,no,yes,no,no,yes,All,no,no,no,no,1972-12-02,SRC_NELDA
900-1974-0518-L1,AUS,Australia,1974,Legislative/Parliamentary,no,no,yes,yes,yes,yes,no,no,no,no,no,yes,no,no,no,no,yes,no,no,yes,yes,,,no,yes,yes,yes,,no,,,no,no,,,,,,no,,,,Whitlam,Whitlam,no,,,no,no,yes,no,no,yes,All,no,no,no,no,1974-05-18,SRC_NELDA
900-1975-1213-L1,AUS,Australia,1975,Legislative/Parliamentary,no,no,yes,yes,yes,yes,no,no,no,yes,no,yes,no,no,no,no,no,no,no,yes,yes,,,no,yes,yes,no,,no,,,,no,no,,,,,no,,,,Fraser,Fraser,no,,,no,no,yes,no,no,yes,All,no,no,no,no,1975-12-13,SRC_NELDA
900-1977-1210-L1,AUS,Australia,1977,Legislative/Parliamentary,no,no,yes,yes,yes,yes,no,no,no,no,no,no,no,no,no,no,no,no,no,yes,yes,,,no,yes,yes,yes,,no,,,,no,no,,,,,no,,,,Fraser,Fraser,no,,,,no,yes,no,no,yes,All,no,no,no,no,1977-12-10,SRC_NELDA
900-1980-1018-L1,AUS,Australia,1980,Legislative/Parliamentary,no,no,yes,yes,yes,no,no,no,no,no,no,no,no,no,no,no,no,no,no,yes,yes,,,no,yes,yes,yes,,no,,,no,no,,,,,,no,,,,Fraser,Fraser,no,,,no,no,yes,no,no,yes,All,no,no,no,no,1980-10-18,SRC_NELDA
900-1983-0305-L1,AUS,Australia,1983,Legislative/Parliamentary,no,no,yes,yes,yes,yes,no,no,no,no,no,no,no,no,no,no,no,no,no,yes,yes,,,yes,yes,no,yes,,no,,,no,no,,,,,,yes,yes,no,no,Fraser,Hawke,no,,,no,no,yes,no,no,yes,All,no,no,no,no,1983-03-05,SRC_NELDA
900-1984-1201-L1,AUS,Australia,1984,Legislative/Parliamentary,no,no,yes,yes,yes,yes,no,no,no,no,no,yes,no,no,no,no,yes,no,no,yes,yes,,,no,yes,yes,yes,,no,,,no,no,,,,,,no,,,,Hawke,Hawke,no,,,no,no,yes,no,no,yes,All,no,no,no,no,1984-12-01,SRC_NELDA
900-1987-0711-L1,AUS,Australia,1987,Legislative/Parliamentary,no,no,yes,yes,yes,yes,no,no,no,no,no,no,no,no,no,no,no,no,no,yes,yes,,,no,yes,yes,no,,no,,,,no,no,,,,,no,,,,Hawke,Hawke,no,,,no,no,yes,no,no,yes,All,no,no,no,no,1987-07-11,SRC_NELDA
900-1990-0324-L1,AUS,Australia,1990,Legislative/Parliamentary,no,no,yes,yes,yes,yes,no,no,no,no,no,no,no,no,no,no,no,no,no,yes,yes,,,no,yes,yes,yes,,no,,,no,no,,,,,,no,,,,Hawke,Hawke,no,,,no,no,yes,no,no,yes,All,no,no,no,no,1990-03-24,SRC_NELDA
900-1993-0313-L1,AUS,Australia,1993,Legislative/Parliamentary,no,no,yes,yes,yes,yes,no,no,no,no,no,no,no,no,no,no,no,no,no,yes,yes,,,no,yes,no,no,,no,,,,no,no,,,,,no,,,,Keating,Keating,no,,,no,no,yes,no,no,yes,All,no,no,no,no,1993-03-13,SRC_NELDA
900-1996-0302-L1,AUS,Australia,1996,Legislative/Parliamentary,no,no,yes,yes,yes,no,no,no,no,no,no,no,no,no,no,no,no,no,no,yes,yes,,,yes,yes,no,yes,,no,,,no,no,,,,,,yes,yes,no,no,Keating,Howard,no,,,no,no,yes,no,no,yes,All,no,no,no,no,1996-03-02,SRC_NELDA
900-1998-1003-L1,AUS,Australia,1998,Legislative/Parliamentary,no,no,yes,yes,yes,yes,no,no,no,no,no,no,no,no,no,no,no,no,no,yes,yes,,,no,yes,no,yes,,no,,,no,no,,,,,,no,,,,Howard,Howard,no,,,no,no,yes,no,no,yes,All,no,no,no,no,1998-10-03,SRC_NELDA
900-2001-1110-L1,AUS,Australia,2001,Legislative/Parliamentary,no,no,yes,yes,yes,no,no,no,no,no,no,no,no,no,no,no,yes,no,no,yes,yes,,,no,yes,yes,no,,no,,,,no,no,,,,,no,,,,Howard,Howard,no,,,no,no,yes,no,no,yes,All,no,no,no,no,2001-11-10,SRC_NELDA
900-2004-1009-L1,AUS,Australia,2004,Legislative/Parliamentary,no,no,yes,yes,yes,no,no,no,no,no,no,no,no,no,no,no,yes,no,no,yes,yes,,,no,yes,no,no,,no,,,,no,no,,,,,no,,,,Howard,Howard,no,,,no,no,yes,no,no,yes,All,no,no,no,no,2004-10-09,SRC_NELDA
900-2007-1124-L1,AUS,Australia,2007,Legislative/Parliamentary,no,no,yes,yes,yes,no,no,no,no,no,no,no,no,no,no,no,yes,no,no,yes,yes,,,yes,yes,no,yes,,no,,,no,no,,,,,,yes,yes,no,no,Howard,Rudd,no,,,no,no,yes,yes,no,yes,"UK, Commonwealth, EU, US, UN, G20, WTO",no,no,no,no,2007-11-24,SRC_NELDA
900-2010-0821-L1,AUS,Australia,2010,Legislative/Parliamentary,no,no,yes,yes,yes,yes,no,no,no,no,no,no,no,no,no,no,yes,no,no,yes,yes,,,no,yes,no,yes,,no,,,,no,no,,,,,no,,,,Gillard,Gillard,no,,,no,no,yes,no,no,yes,"UK, Commonwealth, EU, US, UN, G20, WTO",no,no,no,no,2010-08-21,SRC_NELDA
910-1977-0618-L1,PNG,Papua New Guinea,1977,Legislative/Parliamentary,no,yes,yes,yes,yes,no,,,,no,no,no,no,no,no,no,no,no,yes,no,,,,no,no,,no,no,no,,,,no,no,,,,,,,,,somare,somare,no,,,no,no,yes,no,no,no,,no,no,no,no,1977-06-18,SRC_NELDA
910-1982-0605-L1,PNG,Papua New Guinea,1982,Legislative/Parliamentary,no,no,yes,yes,yes,no,,,,no,no,no,no,no,no,no,no,yes,yes,no,,,,no,no,,no,no,no,,,no,no,no,,,,,no,,,,Chan,Chan,no,,,no,no,yes,no,no,yes,"u.s., imf, world bank",no,no,no,no,1982-06-05,SRC_NELDA
910-1987-0613-L1,PNG,Papua New Guinea,1987,Legislative/Parliamentary,no,no,yes,yes,yes,no,,,,no,no,no,no,no,no,no,no,unclear,yes,no,,,,no,no,,no,yes,yes,yes,no,no,yes,no,,,,,no,,,,Wingti,Wingti,no,,,no,no,yes,no,no,yes,"u.s., imf, world bank",no,no,no,no,1987-06-13,SRC_NELDA
910-1992-0613-L1,PNG,Papua New Guinea,1992,Legislative/Parliamentary,no,no,yes,yes,yes,no,no,no,no,no,yes,yes,no,no,no,no,no,no,yes,yes,yes,,,yes,no,,yes,yes,no,,,no,no,,,,,,yes,yes,no,no,Namaliu,Wingti,yes,yes,no,no,no,yes,no,no,yes,"un, asean, wto, who, japan, australia",no,no,no,no,1992-06-13,SRC_NELDA
910-1997-0614-L1,PNG,Papua New Guinea,1997,Legislative/Parliamentary,no,no,yes,yes,yes,no,no,no,no,no,yes,yes,no,no,no,no,no,no,yes,yes,yes,,,yes,no,,yes,no,no,,,no,yes,,,,,,yes,yes,no,no,Chan,Skate,yes,yes,no,no,no,yes,no,no,yes,"un, asean, wto, who, japan, australia",no,no,no,no,1997-06-14,SRC_NELDA
910-2002-0615-L1,PNG,Papua New Guinea,2002,Legislative/Parliamentary,no,no,yes,yes,yes,no,yes,no,no,no,yes,no,no,no,no,no,no,no,yes,yes,no,yes,no,yes,yes,no,yes,no,no,,,no,yes,,,,,,yes,yes,no,no,Morauta,Somare,yes,yes,no,no,no,yes,no,no,yes,"un, asean, wto, who, japan, australia",no,no,no,no,2002-06-15,SRC_NELDA
910-2007-0630-L1,PNG,Papua New Guinea,2007,Legislative/Parliamentary,no,no,yes,yes,yes,no,no,no,no,no,no,no,no,no,no,no,yes,no,yes,yes,yes,,,no,yes,yes,no,,no,,,no,yes,no,,,,,no,,,,Somare,Somare,yes,yes,no,no,no,yes,no,no,yes,Australia,no,no,no,no,2007-06-30,SRC_NELDA
920-1946-1127-L1,NZL,New Zealand,1946,Legislative/Parliamentary,no,no,yes,yes,yes,no,no,no,no,no,no,no,no,no,no,no,no,no,no,yes,yes,,,no,no,,yes,,no,,,,no,no,,,,,no,,,,Fraser,Fraser,no,,,no,no,yes,no,no,yes,"Britain, Australia, Commonwealth, US, UN",no,no,no,no,1946-11-27,SRC_NELDA
920-1949-1130-L1,NZL,New Zealand,1949,Legislative/Parliamentary,no,no,yes,yes,yes,no,no,no,no,no,no,no,no,no,no,no,yes,no,no,yes,yes,,,yes,no,,yes,,no,,,no,no,,,,,,yes,yes,no,no,Fraser,Holland,no,,,no,no,yes,no,no,yes,"Britain, Australia, Commonwealth, UN, US",no,no,no,no,1949-11-30,SRC_NELDA
920-1951-0901-L1,NZL,New Zealand,1951,Legislative/Parliamentary,no,no,yes,yes,yes,yes,no,no,no,no,no,no,no,no,no,no,yes,no,no,yes,yes,,,no,no,,no,,no,,,,no,no,,,,,no,,,,Holland,Holland,no,,,no,no,yes,no,no,yes,"UK, Australia, Commonwealth, UN",no,no,no,no,1951-09-01,SRC_NELDA
920-1954-1113-L1,NZL,New Zealand,1954,Legislative/Parliamentary,no,no,yes,yes,yes,no,no,no,no,no,no,yes,no,no,no,no,yes,no,no,yes,yes,,,no,no,,yes,,no,,,,no,no,,,,,no,,,,Holland,Holland,no,,,no,no,yes,no,no,yes,"UK, Australia, Commonwealth, US, UN",no,no,no,no,1954-11-13,SRC_NELDA
920-1957-1130-L1,NZL,New Zealand,1957,Legislative/Parliamentary,no,no,yes,yes,yes,no,no,no,no,no,no,no,no,no,no,no,no,yes,no,yes,yes,,,yes,no,,yes,,no,,,no,no,,,,,,yes,yes,no,no,Holyoake,Nash,no,,,no,no,yes,no,no,yes,"UK, Australia, Commonwealth, US, UN",no,no,no,no,1957-11-30,SRC_NELDA
920-1960-1126-L1,NZL,New Zealand,1960,Legislative/Parliamentary,no,no,yes,yes,yes,no,no,no,no,no,no,no,no,no,no,no,yes,no,no,yes,yes,,,yes,yes,no,yes,,no,,,no,no,,,,,,yes,yes,no,no,Nash,Holyoake,no,,,no,no,yes,no,no,yes,"UN, US, UK",no,no,no,no,1960-11-26,SRC_NELDA
920-1963-1130-L1,NZL,New Zealand,1963,Legislative/Parliamentary,no,no,yes,yes,yes,no,no,no,no,no,no,yes,no,no,no,no,yes,no,no,yes,yes,,,no,yes,yes,yes,,no,,,,no,no,,,,,no,,,,Holyoake,Holyoake,no,,,no,no,yes,no,no,yes,"US, UN, UK",no,no,no,no,1963-11-30,SRC_NELDA
920-1966-1126-L1,NZL,New Zealand,1966,Legislative/Parliamentary,no,no,yes,yes,yes,no,no,no,no,no,no,yes,no,no,no,no,yes,no,no,yes,yes,,,no,unclear,unclear,unclear,,no,,,,no,no,,,,,no,,,,Holyoake,Holyoake,no,,,no,no,yes,no,yes,yes,"UN, UK",no,no,no,no,1966-11-26,SRC_NELDA
920-1969-1129-L1,NZL,New Zealand,1969,Legislative/Parliamentary,no,no,yes,yes,yes,no,no,no,no,no,no,no,no,no,no,no,yes,no,no,yes,yes,,,no,yes,no,yes,,no,,,,no,no,,,,,no,,,,Holyoake,Holyoake,no,,,no,no,yes,no,yes,yes,"UN, UK, etc.",no,no,no,no,1969-11-29,SRC_NELDA
920-1972-1125-L1,NZL,New Zealand,1972,Legislative/Parliamentary,no,no,yes,yes,yes,no,no,no,no,no,no,no,no,no,no,no,yes,no,no,yes,yes,,,yes,yes,no,yes,,no,,,no,no,,,,,,yes,yes,no,no,Marshall,Kirk,no,,,no,no,yes,no,no,yes,"UN, US, UK",no,no,no,no,1972-11-25,SRC_NELDA
920-1975-1129-L1,NZL,New Zealand,1975,Legislative/Parliamentary,no,no,yes,yes,yes,no,no,no,no,no,no,no,no,no,no,no,yes,no,no,yes,yes,,,yes,yes,no,yes,,no,,,no,no,,,,,,yes,yes,no,no,Rowling,Muldoon,no,,,no,no,yes,no,no,yes,"UN, UK",no,no,no,no,1975-11-29,SRC_NELDA
920-1978-1125-L1,NZL,New Zealand,1978,Legislative/Parliamentary,no,no,yes,yes,yes,no,no,no,no,no,no,yes,no,no,no,no,yes,no,no,yes,yes,,,no,yes,yes,yes,,no,,,no,no,,,,,,no,,,,Muldoon,Muldoon,no,,,no,no,yes,no,no,yes,"UN, UK",no,no,no,no,1978-11-25,SRC_NELDA
920-1981-1128-L1,NZL,New Zealand,1981,Legislative/Parliamentary,no,no,yes,yes,yes,no,no,no,no,no,no,no,no,no,no,no,no,no,no,yes,yes,,,no,yes,no,yes,,no,,,no,no,,,,,,no,,,,Muldoon,Muldoon,no,,,no,no,yes,no,no,yes,"UN, UK",no,no,no,no,1981-11-28,SRC_NELDA
920-1984-0714-L1,NZL,New Zealand,1984,Legislative/Parliamentary,no,no,yes,yes,yes,yes,no,no,no,no,no,no,no,no,no,no,no,no,no,yes,yes,,,yes,yes,no,yes,,no,,,no,no,,,,,,yes,yes,no,no,Muldoon,Lange,no,,,no,no,yes,yes,no,yes,"UN, UK",no,no,no,no,1984-07-14,SRC_NELDA
920-1987-0815-L1,NZL,New Zealand,1987,Legislative/Parliamentary,no,no,yes,yes,yes,no,no,no,no,no,no,yes,no,no,no,no,no,no,no,yes,yes,,,no,yes,yes,no,,no,,,,no,no,,,,,no,,,,Lange,Lange,no,,,no,no,yes,no,no,yes,"UN, UK",no,no,no,no,1987-08-15,SRC_NELDA
920-1990-1027-L1,NZL,New Zealand,1990,Legislative/Parliamentary,no,no,yes,yes,yes,no,no,no,no,no,no,no,no,no,no,no,no,no,no,yes,yes,,,yes,yes,no,yes,,no,,,no,no,,,,,,yes,yes,no,no,Moore,Bolger,no,,,no,no,no,no,yes,yes,"UN, UK",no,no,no,no,1990-10-27,SRC_NELDA
920-1993-1106-L1,NZL,New Zealand,1993,Legislative/Parliamentary,no,no,yes,yes,yes,no,no,no,no,no,no,no,no,no,no,no,yes,no,no,yes,yes,,,no,yes,yes,yes,,no,,,no,no,,,,,,no,,,,Bolger,Bolger,no,,,no,no,yes,no,no,yes,"UN, UK",no,no,no,no,1993-11-06,SRC_NELDA
920-1996-1012-L1,NZL,New Zealand,1996,Legislative/Parliamentary,no,no,yes,yes,yes,no,no,no,no,no,no,no,no,no,no,no,no,no,no,yes,yes,,,no,yes,yes,yes,,no,,,no,no,,,,,,no,,,,Bolger,Bolger,no,,,no,no,yes,no,no,yes,"UN, US",no,no,no,no,1996-10-12,SRC_NELDA
920-1999-1127-L1,NZL,New Zealand,1999,Legislative/Parliamentary,no,no,yes,yes,yes,no,no,no,no,no,no,no,no,no,no,no,no,no,no,yes,yes,,,yes,yes,no,yes,,no,,,no,no,,,,,,no,,,,Shipley,Clark,no,,,no,no,yes,no,no,yes,"UN, UK",no,no,no,no,1999-11-27,SRC_NELDA
920-2002-0727-L1,NZL,New Zealand,2002,Legislative/Parliamentary,no,no,yes,yes,yes,yes,no,no,no,no,no,no,no,no,no,no,yes,no,no,yes,yes,,,no,yes,no,yes,,no,,,no,no,,,,,,no,,,,Clark,Clark,no,,,no,no,yes,no,no,yes,"UN, UK",no,no,no,no,2002-07-27,SRC_NELDA
920-2005-0917-L1,NZL,New Zealand,2005,Legislative/Parliamentary,no,no,yes,yes,yes,no,no,no,no,no,no,no,no,no,no,no,yes,no,no,yes,yes,,,no,yes,no,yes,,no,,,no,no,,,,,,no,,,,Clark,Clark,no,,,no,no,yes,no,no,yes,"UN, UK",no,no,no,no,2005-09-17,SRC_NELDA
920-2008-1108-L1,NZL,New Zealand,2008,Legislative/Parliamentary,no,no,yes,yes,yes,no,no,no,no,no,no,no,no,no,no,no,no,yes,no,yes,yes,,yes,yes,yes,no,yes,,no,,,no,no,,,,,,yes,yes,no,no,Clark,Key,no,,,no,no,yes,no,no,yes,"UK, US",no,no,no,no,2008-11-08,SRC_NELDA
940-2010-0804-L1,SLB,Solomon Islands,2010,Legislative/Parliamentary,no,no,yes,yes,yes,no,no,no,no,no,no,no,no,no,no,no,no,no,yes,yes,no,yes,yes,yes,no,,no,,yes,no,yes,no,yes,,,,,,yes,yes,no,no,Sikua,Philip,yes,yes,no,no,no,yes,no,no,yes,"Australia, UK",no,no,no,no,2010-08-04,SRC_NELDA
950-1972-0415-L1,FJI,Fiji,1972,Legislative/Parliamentary,no,yes,yes,yes,yes,no,no,no,no,no,yes,no,no,no,no,no,yes,no,yes,yes,yes,,,no,no,,no,no,no,,,,no,no,,,,,no,,,,mara,mara,no,,,no,no,yes,no,no,yes,usa and britian,no,no,no,no,1972-04-15,SRC_NELDA
950-1977-0319-L1,FJI,Fiji,1977,Legislative/Parliamentary,no,no,yes,yes,yes,no,no,no,no,no,yes,no,no,no,no,yes,yes,no,yes,yes,yes,,,yes,no,,yes,yes,yes,no,no,yes,no,,,,,,no,,,,mara,mara,no,,,no,no,yes,no,no,yes,usa and britian,no,no,no,no,1977-03-19,SRC_NELDA
950-1977-0917-L1,FJI,Fiji,1977,Legislative/Parliamentary,no,no,yes,yes,yes,no,no,no,no,no,yes,no,no,no,no,yes,yes,no,yes,yes,yes,,,no,no,,no,yes,no,,,,no,no,,,,,no,,,,mara,mara,yes,yes,no,no,no,yes,no,no,yes,usa and britian,no,no,no,no,1977-09-17,SRC_NELDA
950-1982-0710-L1,FJI,Fiji,1982,Legislative/Parliamentary,no,no,yes,yes,yes,no,no,no,no,no,no,no,no,no,no,no,no,no,yes,yes,yes,,,no,yes,no,yes,no,no,,,no,no,no,,,,,no,,,,Mara,Mara,no,,,no,no,yes,no,no,yes,"united states, eu, austraila",no,no,no,no,1982-07-10,SRC_NELDA
950-1987-0405-L1,FJI,Fiji,1987,Legislative/Parliamentary,no,no,yes,yes,yes,no,no,no,no,no,no,yes,no,no,no,no,no,no,yes,yes,yes,,,yes,yes,no,yes,no,no,,,no,no,no,,,,,yes,yes,no,yes,Mara,Bavadra,no,,,no,no,yes,yes,no,yes,"united states, eu, austraila",yes,no,no,no,1987-04-05,SRC_NELDA
950-1992-0523-L1,FJI,Fiji,1992,Legislative/Parliamentary,yes,yes,yes,yes,yes,,no,no,no,no,yes,no,no,no,no,no,yes,no,no,yes,yes,,,yes,yes,yes,yes,no,no,,,no,no,no,,,,,yes,yes,no,no,Mara,Rabuka,no,,,no,no,yes,no,no,yes,"new zealand, australia, us",no,yes,yes,yes,1992-05-23,SRC_NELDA
950-1994-0218-L1,FJI,Fiji,1994,Legislative/Parliamentary,no,no,yes,yes,yes,yes,,,,no,no,no,no,no,no,no,no,yes,yes,no,no,no,,no,no,,no,no,no,,,,no,no,,,,,no,,,,Rabuka,Rabuka,no,,,no,no,yes,no,no,yes,australia and new zealand,no,no,no,no,1994-02-18,SRC_NELDA
950-1999-0508-L1,FJI,Fiji,1999,Legislative/Parliamentary,no,no,yes,yes,yes,yes,no,no,no,no,no,yes,no,no,no,no,no,yes,yes,yes,yes,,,yes,yes,yes,yes,no,no,,,no,no,no,,,,,yes,yes,no,no,Rabuka,Chaudhry,no,,,yes,no,yes,no,no,yes,australia and new zealand,no,no,no,no,1999-05-08,SRC_NELDA
950-2001-0825-L1,FJI,Fiji,2001,Legislative/Parliamentary,no,no,yes,yes,yes,yes,no,no,no,no,no,yes,no,no,yes,no,no,yes,yes,yes,yes,,,no,yes,yes,no,no,no,,,,no,no,,,,,no,,,,Laisenia Qarase,Laisenia Qarase,yes,yes,no,no,no,no,,,yes,australia,no,yes,no,yes,2001-08-25,SRC_NELDA
950-2006-0506-L1,FJI,Fiji,2006,Legislative/Parliamentary,no,no,yes,yes,yes,no,no,no,no,no,no,yes,no,no,no,no,yes,no,no,yes,yes,,,no,yes,no,yes,yes,no,,,,no,no,,,,,no,,,,Laisenia Qarase,Laisenia Qarase,yes,yes,no,no,no,yes,no,no,yes,australia,no,no,no,no,2006-05-06,SRC_NELDA
