country_id,year,v2eltype_0,v2eltype_1,v2eltype_6,v2eltype_7,v2eltrnout,v2elturnhog,v2elturnhos,v2elmulpar,v2elfrfair,v2elintim,v2x_elecreg
MEX,1917,0.0,0.0,1.0,0.0,,,,-0.961,-0.661,-0.613,1.0
MEX,1920,0.0,0.0,1.0,0.0,,2.0,2.0,-1.144,-2.446,-0.954,1.0
MEX,1924,0.0,0.0,1.0,0.0,,1.0,1.0,-1.573,-2.537,-1.356,1.0
MEX,1928,1.0,0.0,1.0,0.0,,1.0,1.0,-1.874,-2.532,-1.347,1.0
MEX,1929,0.0,0.0,1.0,0.0,,1.0,1.0,-1.779,-2.562,-1.345,1.0
MEX,1934,0.0,0.0,1.0,0.0,,1.0,1.0,-2.156,-2.864,-1.703,1.0
MEX,1940,1.0,0.0,1.0,0.0,,1.0,1.0,-1.866,-2.859,-1.699,1.0
MEX,1943,1.0,0.0,0.0,0.0,,0.0,0.0,-1.501,-2.842,-1.705,1.0
MEX,1946,1.0,0.0,1.0,0.0,89.75,2.0,2.0,-1.494,-2.866,-1.703,1.0
MEX,1949,1.0,0.0,0.0,0.0,72.31,0.0,0.0,-1.501,-2.846,-1.705,1.0
MEX,1952,1.0,0.0,1.0,0.0,74.15,1.0,1.0,-1.173,-2.869,-1.695,1.0
MEX,1955,1.0,0.0,0.0,0.0,69.24,0.0,0.0,-1.165,-2.838,-1.409,1.0
MEX,1958,1.0,0.0,1.0,0.0,70.21,1.0,1.0,-1.173,-2.846,-1.428,1.0
MEX,1961,1.0,0.0,0.0,0.0,68.43,0.0,0.0,-1.173,-2.85,-1.419,1.0
MEX,1964,1.0,0.0,1.0,0.0,69.33,1.0,1.0,-1.184,-2.851,-1.437,1.0
MEX,1967,1.0,0.0,0.0,0.0,62.82,0.0,0.0,-1.178,-1.961,-1.427,1.0
MEX,1970,1.0,0.0,1.0,0.0,64.26,1.0,1.0,-1.174,-2.859,-1.413,1.0
MEX,1973,1.0,0.0,0.0,0.0,60.3,0.0,0.0,-1.166,-2.85,-1.402,1.0
MEX,1976,1.0,0.0,1.0,0.0,64.55,1.0,1.0,-1.158,-1.954,-1.429,1.0
MEX,1979,1.0,0.0,0.0,0.0,49.43,0.0,0.0,-0.618,-2.4,-1.087,1.0
MEX,1982,1.0,0.0,1.0,0.0,74.84,1.0,1.0,-0.609,-1.44,-1.093,1.0
MEX,1985,1.0,0.0,0.0,0.0,51.82,0.0,0.0,-0.626,-1.44,-0.716,1.0
MEX,1988,1.0,0.0,1.0,0.0,50.14,1.0,1.0,0.27,-0.457,-0.719,1.0
MEX,1991,1.0,0.0,0.0,0.0,61.11,0.0,0.0,-0.338,-0.193,-0.165,1.0
MEX,1994,1.0,0.0,1.0,0.0,78.5,1.0,1.0,0.39,0.088,-0.155,1.0
MEX,1997,1.0,0.0,0.0,0.0,57.69,0.0,0.0,1.591,0.876,0.696,1.0
MEX,2000,1.0,0.0,1.0,0.0,63.96,2.0,2.0,1.636,1.265,0.875,1.0
MEX,2003,1.0,0.0,0.0,0.0,61.68,0.0,0.0,1.601,1.269,1.885,1.0
MEX,2006,1.0,0.0,1.0,0.0,58.55,1.0,1.0,1.588,0.796,0.515,1.0
MEX,2009,1.0,0.0,0.0,0.0,44.61,0.0,0.0,1.797,1.086,0.526,1.0
MEX,2012,1.0,0.0,1.0,0.0,63.14,2.0,2.0,1.608,0.857,0.425,1.0
MEX,2015,1.0,0.0,0.0,0.0,47.72,0.0,0.0,1.835,1.066,-0.012,1.0
MEX,2018,1.0,0.0,1.0,0.0,63.21,2.0,2.0,1.796,1.528,0.215,1.0
MEX,2021,1.0,0.0,0.0,0.0,52.66,0.0,0.0,1.467,1.166,0.132,1.0
MEX,2024,1.0,0.0,1.0,0.0,60.54,1.0,1.0,1.122,0.418,-0.387,1.0
SUR,1949,1.0,0.0,0.0,0.0,,2.0,0.0,1.362,1.698,1.652,1.0
SUR,1951,1.0,0.0,0.0,0.0,,2.0,0.0,1.337,1.683,1.685,1.0
SUR,1955,1.0,0.0,0.0,0.0,,2.0,0.0,1.336,1.735,1.652,1.0
SUR,1958,1.0,0.0,0.0,0.0,,2.0,0.0,1.346,1.713,1.641,1.0
SUR,1963,1.0,0.0,0.0,0.0,,1.0,0.0,1.342,1.719,1.674,1.0
SUR,1967,1.0,0.0,0.0,0.0,,0.0,0.0,1.36,1.729,1.663,1.0
SUR,1969,1.0,0.0,0.0,0.0,,2.0,0.0,1.352,1.642,1.685,1.0
SUR,1973,1.0,0.0,0.0,0.0,76.03,2.0,0.0,1.346,1.32,1.643,1.0
SUR,1977,1.0,0.0,0.0,0.0,77.77,0.0,0.0,1.345,1.336,1.674,1.0
SUR,1987,1.0,0.0,0.0,0.0,84.96,0.0,0.0,1.351,1.365,0.918,1.0
SUR,1991,1.0,0.0,0.0,0.0,64.31,0.0,0.0,1.341,1.071,0.91,1.0
SUR,1996,1.0,0.0,0.0,0.0,66.66,0.0,0.0,1.355,1.362,1.666,1.0
SUR,2000,1.0,0.0,0.0,0.0,69.85,0.0,0.0,1.356,1.393,1.669,1.0
SUR,2005,1.0,0.0,0.0,0.0,46.68,0.0,0.0,1.405,1.121,1.298,1.0
SUR,2010,1.0,0.0,0.0,0.0,73.21,0.0,0.0,1.388,1.015,0.845,1.0
SUR,2015,1.0,0.0,0.0,0.0,72.72,0.0,0.0,0.56,1.327,1.284,1.0
SUR,2020,1.0,0.0,0.0,0.0,71.57,2.0,2.0,1.197,1.773,0.985,1.0
SUR,2025,1.0,0.0,0.0,0.0,69.36,2.0,2.0,1.238,1.841,1.643,1.0
SWE,1902,1.0,0.0,0.0,0.0,47.2,0.0,0.0,-0.285,0.425,0.768,1.0
SWE,1905,1.0,0.0,0.0,0.0,50.4,2.0,0.0,-0.288,0.436,0.783,1.0
SWE,1908,1.0,0.0,0.0,0.0,61.3,0.0,0.0,-0.266,0.435,0.781,1.0
SWE,1911,1.0,0.0,0.0,0.0,57.0,2.0,0.0,0.139,0.848,1.604,1.0
SWE,1914,1.0,0.0,0.0,0.0,69.9,2.0,0.0,0.134,0.567,0.771,1.0
SWE,1917,1.0,0.0,0.0,0.0,65.8,2.0,0.0,0.569,1.297,1.519,1.0
SWE,1920,1.0,0.0,0.0,0.0,55.3,2.0,0.0,0.591,1.52,1.585,1.0
SWE,1921,1.0,0.0,0.0,0.0,54.2,1.0,0.0,1.433,1.551,1.571,1.0
SWE,1924,1.0,0.0,0.0,0.0,53.0,2.0,0.0,1.446,1.6,1.588,1.0
SWE,1928,1.0,0.0,0.0,0.0,67.4,2.0,0.0,1.42,1.592,1.595,1.0
SWE,1932,1.0,0.0,0.0,0.0,67.6,2.0,0.0,1.399,1.978,1.871,1.0
SWE,1936,1.0,0.0,0.0,0.0,74.5,2.0,0.0,1.428,1.982,1.888,1.0
SWE,1940,1.0,0.0,0.0,0.0,70.3,0.0,0.0,1.4,1.98,1.9,1.0
SWE,1944,1.0,0.0,0.0,0.0,71.9,0.0,0.0,1.432,1.957,1.891,1.0
SWE,1948,1.0,0.0,0.0,0.0,82.74,0.0,0.0,1.42,1.97,1.892,1.0
SWE,1952,1.0,0.0,0.0,0.0,79.11,0.0,0.0,1.422,1.957,1.878,1.0
SWE,1956,1.0,0.0,0.0,0.0,79.84,0.0,0.0,1.414,1.99,1.868,1.0
SWE,1958,1.0,0.0,0.0,0.0,77.42,0.0,0.0,1.435,1.949,1.879,1.0
SWE,1960,1.0,0.0,0.0,0.0,85.91,0.0,0.0,1.403,1.95,1.887,1.0
SWE,1964,1.0,0.0,0.0,0.0,83.86,0.0,0.0,1.416,1.974,1.88,1.0
SWE,1968,1.0,0.0,0.0,0.0,89.29,1.0,0.0,1.429,1.954,1.883,1.0
SWE,1970,1.0,0.0,0.0,0.0,88.28,0.0,0.0,1.426,1.964,1.784,1.0
SWE,1973,1.0,0.0,0.0,0.0,90.84,0.0,0.0,1.429,1.969,1.792,1.0
SWE,1976,1.0,0.0,0.0,0.0,91.76,2.0,0.0,1.392,1.96,1.795,1.0
SWE,1979,1.0,0.0,0.0,0.0,90.72,2.0,0.0,1.406,1.975,1.875,1.0
SWE,1982,1.0,0.0,0.0,0.0,91.45,2.0,0.0,1.447,1.983,1.797,1.0
SWE,1985,1.0,0.0,0.0,0.0,89.85,0.0,0.0,1.421,1.992,1.802,1.0
SWE,1988,1.0,0.0,0.0,0.0,85.96,0.0,0.0,1.44,1.976,1.759,1.0
SWE,1991,1.0,0.0,0.0,0.0,86.74,2.0,0.0,1.418,1.971,1.774,1.0
SWE,1994,1.0,0.0,0.0,0.0,86.82,2.0,0.0,1.415,1.959,1.782,1.0
SWE,1998,1.0,0.0,0.0,0.0,81.39,0.0,0.0,1.412,1.939,1.861,1.0
SWE,2002,1.0,0.0,0.0,0.0,80.11,0.0,0.0,1.418,1.947,1.883,1.0
SWE,2006,1.0,0.0,0.0,0.0,81.99,2.0,0.0,1.57,2.147,2.085,1.0
SWE,2010,1.0,0.0,0.0,0.0,84.63,0.0,0.0,1.618,2.254,2.202,1.0
SWE,2014,1.0,0.0,0.0,0.0,85.81,2.0,0.0,1.631,2.218,1.436,1.0
SWE,2018,1.0,0.0,0.0,0.0,87.18,0.0,0.0,1.495,2.094,2.032,1.0
SWE,2022,1.0,0.0,0.0,0.0,84.21,2.0,0.0,1.38,2.033,1.882,1.0
CHE,1902,1.0,0.0,0.0,0.0,56.8,0.0,0.0,1.261,1.703,1.519,1.0
CHE,1905,1.0,0.0,0.0,0.0,56.5,0.0,0.0,1.265,1.706,1.516,1.0
CHE,1908,1.0,0.0,0.0,0.0,52.7,0.0,0.0,1.268,1.68,1.537,1.0
CHE,1911,1.0,0.0,0.0,0.0,52.7,0.0,0.0,1.269,1.689,1.545,1.0
CHE,1914,1.0,0.0,0.0,0.0,46.4,0.0,0.0,1.261,1.693,1.558,1.0
CHE,1917,1.0,0.0,0.0,0.0,59.8,0.0,0.0,1.3,1.696,1.563,1.0
CHE,1919,1.0,0.0,0.0,0.0,80.4,0.0,0.0,1.274,1.719,1.566,1.0
CHE,1922,1.0,0.0,0.0,0.0,76.4,0.0,0.0,1.245,1.604,1.464,1.0
CHE,1925,1.0,0.0,0.0,0.0,76.8,0.0,0.0,1.209,1.615,1.494,1.0
CHE,1928,1.0,0.0,0.0,0.0,78.8,0.0,0.0,1.235,1.638,1.485,1.0
CHE,1931,1.0,0.0,0.0,0.0,78.8,0.0,0.0,1.241,1.636,1.496,1.0
CHE,1935,1.0,0.0,0.0,0.0,78.3,0.0,0.0,1.272,1.614,1.503,1.0
CHE,1939,1.0,0.0,0.0,0.0,74.3,0.0,0.0,1.233,1.576,1.506,1.0
CHE,1943,1.0,0.0,0.0,0.0,70.0,0.0,0.0,1.258,1.6,1.486,1.0
CHE,1947,1.0,0.0,0.0,0.0,71.69,0.0,0.0,1.231,1.602,1.527,1.0
CHE,1951,1.0,0.0,0.0,0.0,69.78,0.0,0.0,1.235,1.607,1.494,1.0
CHE,1955,1.0,0.0,0.0,0.0,69.71,0.0,0.0,1.238,1.62,1.495,1.0
CHE,1959,1.0,0.0,0.0,0.0,68.46,0.0,0.0,1.211,1.573,1.488,1.0
CHE,1963,1.0,0.0,0.0,0.0,64.46,0.0,0.0,1.244,1.611,1.512,1.0
CHE,1967,1.0,0.0,0.0,0.0,63.76,0.0,0.0,1.223,1.615,1.523,1.0
CHE,1971,1.0,0.0,0.0,0.0,56.36,0.0,0.0,1.209,1.63,1.482,1.0
CHE,1975,1.0,0.0,0.0,0.0,52.39,0.0,0.0,1.27,1.606,1.477,1.0
CHE,1979,1.0,0.0,0.0,0.0,48.06,0.0,0.0,1.211,1.591,1.478,1.0
CHE,1983,1.0,0.0,0.0,0.0,48.91,0.0,0.0,1.216,1.621,1.487,1.0
CHE,1987,1.0,0.0,0.0,0.0,47.48,0.0,0.0,1.253,1.638,1.502,1.0
CHE,1991,1.0,0.0,0.0,0.0,46.04,0.0,0.0,1.214,1.606,1.471,1.0
CHE,1995,1.0,0.0,0.0,0.0,42.25,0.0,0.0,1.234,1.592,1.542,1.0
CHE,1999,1.0,0.0,0.0,0.0,43.22,0.0,0.0,1.231,1.582,1.527,1.0
CHE,2003,1.0,0.0,0.0,0.0,45.22,0.0,0.0,1.254,1.608,1.533,1.0
CHE,2007,1.0,0.0,0.0,0.0,48.28,0.0,0.0,1.448,1.971,1.854,1.0
CHE,2011,1.0,0.0,0.0,0.0,49.1,0.0,0.0,1.458,1.938,1.855,1.0
CHE,2015,1.0,0.0,0.0,0.0,48.48,0.0,0.0,1.398,1.856,1.758,1.0
CHE,2019,1.0,0.0,0.0,0.0,45.12,0.0,0.0,1.379,1.863,1.755,1.0
CHE,2023,1.0,0.0,0.0,0.0,46.64,0.0,0.0,1.332,1.812,1.7,1.0
GHA,1951,1.0,0.0,0.0,0.0,,0.0,0.0,0.396,0.597,1.419,1.0
GHA,1954,1.0,0.0,0.0,0.0,,0.0,0.0,0.397,0.683,1.289,1.0
GHA,1956,1.0,0.0,0.0,0.0,50.06,0.0,0.0,0.614,0.238,0.988,1.0
GHA,1960,0.0,0.0,1.0,0.0,,2.0,2.0,0.066,0.108,-0.006,1.0
GHA,1969,1.0,0.0,0.0,0.0,63.2,0.0,0.0,0.269,0.517,0.098,1.0
GHA,1979,1.0,0.0,1.0,1.0,35.25,2.0,2.0,0.359,1.172,1.545,1.0
GHA,1992,1.0,0.0,1.0,0.0,50.16,2.0,2.0,1.205,-0.694,-0.282,1.0
GHA,1996,1.0,0.0,1.0,0.0,78.21,0.0,0.0,1.555,0.186,0.258,1.0
GHA,2000,1.0,0.0,1.0,1.0,61.74,2.0,2.0,1.528,1.306,0.705,1.0
GHA,2004,1.0,0.0,1.0,0.0,85.12,0.0,0.0,1.537,1.14,0.858,1.0
GHA,2008,1.0,0.0,1.0,1.0,72.91,2.0,2.0,0.992,2.005,0.387,1.0
GHA,2012,1.0,0.0,1.0,0.0,80.15,0.0,1.0,1.858,1.21,0.372,1.0
GHA,2016,1.0,0.0,1.0,0.0,67.55,2.0,2.0,1.773,1.568,0.382,1.0
GHA,2020,1.0,0.0,1.0,0.0,78.89,0.0,0.0,1.714,0.395,0.056,1.0
GHA,2024,1.0,0.0,1.0,0.0,60.88,2.0,2.0,1.413,0.635,0.611,1.0
ZAF,1910,1.0,0.0,0.0,0.0,,0.0,0.0,-0.749,-0.855,-0.241,1.0
ZAF,1915,1.0,0.0,0.0,0.0,,0.0,0.0,-0.742,-0.838,-0.26,1.0
ZAF,1920,1.0,0.0,0.0,0.0,,1.0,0.0,-0.745,-0.846,-0.254,1.0
ZAF,1921,1.0,0.0,0.0,0.0,,0.0,0.0,-0.745,-0.846,-0.254,1.0
ZAF,1924,1.0,0.0,0.0,0.0,,2.0,0.0,-0.738,-0.841,-0.251,1.0
ZAF,1929,1.0,0.0,0.0,0.0,,0.0,0.0,-0.735,-0.847,-0.244,1.0
ZAF,1933,1.0,0.0,0.0,0.0,,0.0,0.0,-0.745,-0.852,-0.264,1.0
ZAF,1938,1.0,0.0,0.0,0.0,,1.0,0.0,-0.742,-0.856,-0.258,1.0
ZAF,1943,1.0,0.0,0.0,0.0,,0.0,0.0,-0.741,-0.858,-0.264,1.0
ZAF,1948,1.0,0.0,0.0,0.0,,2.0,0.0,-0.884,-1.208,-0.872,1.0
ZAF,1953,1.0,0.0,0.0,0.0,,0.0,0.0,-0.966,-1.222,-1.526,1.0
ZAF,1958,1.0,0.0,0.0,0.0,,1.0,0.0,-0.961,-1.212,-1.513,1.0
ZAF,1961,1.0,0.0,0.0,0.0,,0.0,0.0,-0.968,-1.221,-1.502,1.0
ZAF,1966,1.0,0.0,0.0,0.0,,1.0,2.0,-0.968,-1.227,-1.537,1.0
ZAF,1970,1.0,0.0,0.0,0.0,,0.0,0.0,-0.97,-1.221,-1.514,1.0
ZAF,1974,1.0,0.0,0.0,0.0,,0.0,1.0,-0.974,-1.208,-1.533,1.0
ZAF,1977,1.0,0.0,0.0,0.0,,1.0,1.0,-0.961,-1.222,-1.526,1.0
ZAF,1981,1.0,0.0,0.0,0.0,,0.0,0.0,-0.958,-1.226,-1.532,1.0
ZAF,1987,1.0,0.0,0.0,0.0,,0.0,0.0,-0.97,-1.211,-1.513,1.0
ZAF,1989,1.0,0.0,0.0,0.0,69.5,0.0,0.0,-0.721,-1.203,-1.534,1.0
ZAF,1994,1.0,0.0,0.0,0.0,86.87,2.0,2.0,1.393,0.417,0.396,1.0
ZAF,1999,1.0,0.0,0.0,0.0,89.28,1.0,1.0,1.387,1.746,0.483,1.0
ZAF,2004,1.0,0.0,0.0,0.0,76.73,0.0,0.0,1.372,1.782,0.473,1.0
ZAF,2009,1.0,0.0,0.0,0.0,77.3,1.0,1.0,1.435,1.564,0.56,1.0
ZAF,2014,1.0,0.0,0.0,0.0,73.48,0.0,0.0,1.541,1.46,0.616,1.0
ZAF,2019,1.0,0.0,0.0,0.0,66.05,0.0,0.0,1.486,0.926,0.652,1.0
ZAF,2024,1.0,0.0,0.0,0.0,58.64,0.0,0.0,1.373,1.517,1.34,1.0
JPN,1902,1.0,0.0,0.0,0.0,88.4,0.0,0.0,-0.003,0.059,-0.417,1.0
JPN,1903,1.0,0.0,0.0,0.0,86.2,0.0,0.0,-0.003,0.059,-0.417,1.0
JPN,1904,1.0,0.0,0.0,0.0,86.1,0.0,0.0,-0.003,0.059,-0.417,1.0
JPN,1908,1.0,0.0,0.0,0.0,85.3,2.0,0.0,-0.008,0.051,-0.431,1.0
JPN,1912,1.0,0.0,0.0,0.0,89.6,0.0,0.0,0.003,-0.15,-0.426,1.0
JPN,1915,1.0,0.0,0.0,0.0,,0.0,0.0,-0.009,0.059,-0.679,1.0
JPN,1917,1.0,0.0,0.0,0.0,,2.0,0.0,-0.008,0.059,-0.173,1.0
JPN,1920,1.0,0.0,0.0,0.0,86.7,0.0,0.0,0.087,0.044,-0.153,1.0
JPN,1924,1.0,0.0,0.0,0.0,91.2,2.0,0.0,-0.137,0.216,0.031,1.0
JPN,1928,1.0,0.0,0.0,0.0,80.3,0.0,0.0,-0.145,0.226,0.022,1.0
JPN,1930,1.0,0.0,0.0,0.0,83.34,0.0,0.0,-0.129,0.244,0.012,1.0
JPN,1932,1.0,0.0,0.0,0.0,81.67,0.0,0.0,-0.123,0.229,0.022,1.0
JPN,1936,1.0,0.0,0.0,0.0,78.6,0.0,0.0,-0.126,0.243,-0.004,1.0
JPN,1937,1.0,0.0,0.0,0.0,73.3,2.0,0.0,-0.148,0.229,-0.002,1.0
JPN,1942,1.0,0.0,0.0,0.0,,0.0,0.0,-1.753,-0.521,0.026,1.0
JPN,1946,1.0,0.0,0.0,0.0,72.08,2.0,0.0,1.378,1.812,1.63,1.0
JPN,1947,1.0,0.0,0.0,0.0,67.95,2.0,0.0,1.385,1.826,1.62,1.0
JPN,1949,1.0,0.0,0.0,0.0,74.04,0.0,0.0,1.388,1.826,1.616,1.0
JPN,1952,1.0,0.0,0.0,0.0,76.43,0.0,0.0,1.374,1.808,1.618,1.0
JPN,1953,1.0,0.0,0.0,0.0,74.21,0.0,0.0,1.374,1.808,1.618,1.0
JPN,1955,1.0,0.0,0.0,0.0,75.83,0.0,0.0,1.376,1.809,1.618,1.0
JPN,1958,1.0,0.0,0.0,0.0,76.98,0.0,0.0,1.365,1.806,1.613,1.0
JPN,1960,1.0,0.0,0.0,0.0,73.5,0.0,0.0,1.372,1.808,1.619,1.0
JPN,1963,1.0,0.0,0.0,0.0,71.14,0.0,0.0,1.392,1.821,1.611,1.0
JPN,1967,1.0,0.0,0.0,0.0,73.98,0.0,0.0,1.376,1.815,1.638,1.0
JPN,1969,1.0,0.0,0.0,0.0,68.5,0.0,0.0,1.366,1.818,1.646,1.0
JPN,1972,1.0,0.0,0.0,0.0,71.75,0.0,0.0,1.346,1.817,1.628,1.0
JPN,1976,1.0,0.0,0.0,0.0,73.44,1.0,0.0,1.392,1.837,1.607,1.0
JPN,1979,1.0,0.0,0.0,0.0,68.0,0.0,0.0,1.371,1.831,1.637,1.0
JPN,1980,1.0,0.0,0.0,0.0,74.56,1.0,0.0,1.371,1.831,1.637,1.0
JPN,1983,1.0,0.0,0.0,0.0,67.98,0.0,0.0,1.362,1.807,1.613,1.0
JPN,1986,1.0,0.0,0.0,0.0,63.99,0.0,0.0,1.391,1.84,1.621,1.0
JPN,1990,1.0,0.0,0.0,0.0,73.31,0.0,0.0,1.374,1.827,1.634,1.0
JPN,1993,1.0,0.0,0.0,0.0,67.02,2.0,0.0,1.386,1.794,1.61,1.0
JPN,1996,1.0,0.0,0.0,0.0,59.65,0.0,0.0,1.374,1.818,1.596,1.0
JPN,2000,1.0,0.0,0.0,0.0,60.62,0.0,0.0,1.386,1.797,1.624,1.0
JPN,2003,1.0,0.0,0.0,0.0,59.8,0.0,0.0,1.375,1.843,1.63,1.0
JPN,2005,1.0,0.0,0.0,0.0,67.46,0.0,0.0,1.682,2.166,2.011,1.0
JPN,2009,1.0,0.0,0.0,0.0,69.27,2.0,0.0,1.691,2.159,2.049,1.0
JPN,2012,1.0,0.0,0.0,0.0,59.32,2.0,0.0,1.7,2.169,2.007,1.0
JPN,2014,1.0,0.0,0.0,0.0,52.66,0.0,0.0,1.639,2.135,2.048,1.0
JPN,2017,1.0,0.0,0.0,0.0,53.68,0.0,0.0,1.627,2.057,1.962,1.0
JPN,2021,1.0,0.0,0.0,0.0,55.97,0.0,0.0,1.451,2.002,1.887,1.0
JPN,2024,1.0,0.0,0.0,0.0,53.8,1.0,0.0,1.393,1.92,1.867,1.0
MMR,1922,1.0,0.0,0.0,0.0,,0.0,0.0,-0.386,-0.385,0.974,1.0
MMR,1925,1.0,0.0,0.0,0.0,,0.0,0.0,-0.279,-0.378,0.948,1.0
MMR,1928,1.0,0.0,0.0,0.0,,0.0,0.0,-0.471,-0.371,0.941,1.0
MMR,1932,1.0,0.0,0.0,0.0,,0.0,0.0,-0.478,-0.142,0.963,1.0
MMR,1936,1.0,0.0,0.0,0.0,,0.0,0.0,-0.383,-0.154,0.949,1.0
MMR,1951,1.0,0.0,0.0,0.0,18.75,0.0,0.0,0.244,-0.231,0.19,1.0
MMR,1956,1.0,0.0,0.0,0.0,51.97,0.0,0.0,0.101,-0.239,0.209,1.0
MMR,1960,1.0,0.0,0.0,0.0,66.0,0.0,0.0,0.338,0.01,0.461,1.0
MMR,1974,1.0,0.0,0.0,0.0,94.6,0.0,0.0,-2.991,-2.512,-3.067,1.0
MMR,1978,1.0,0.0,0.0,0.0,93.3,0.0,0.0,-3.49,-2.541,-3.08,1.0
MMR,1981,1.0,0.0,0.0,0.0,94.6,0.0,0.0,-3.026,-2.526,-3.053,1.0
MMR,1985,1.0,0.0,0.0,0.0,,0.0,0.0,-3.029,-2.522,-3.071,1.0
MMR,1990,1.0,0.0,0.0,0.0,73.33,0.0,0.0,-0.189,0.227,-0.921,1.0
MMR,2010,1.0,0.0,0.0,0.0,77.26,0.0,0.0,-0.854,-1.49,-1.427,1.0
MMR,2012,1.0,0.0,0.0,0.0,,0.0,0.0,-0.056,0.277,-0.122,1.0
MMR,2015,1.0,0.0,0.0,0.0,69.75,2.0,2.0,0.477,0.675,0.287,1.0
MMR,2020,1.0,0.0,0.0,0.0,71.89,0.0,0.0,1.045,0.663,0.64,1.0
MMR,2025,1.0,0.0,0.0,0.0,,,,-0.907,-3.212,-1.522,1.0
RUS,1937,1.0,0.0,0.0,0.0,,0.0,0.0,-3.053,-2.442,-2.572,1.0
RUS,1946,1.0,0.0,0.0,0.0,,0.0,0.0,-3.069,-2.492,-2.617,1.0
RUS,1950,1.0,0.0,0.0,0.0,,0.0,0.0,-3.071,-2.514,-2.587,1.0
RUS,1954,1.0,0.0,0.0,0.0,,0.0,0.0,-3.057,-2.505,-2.615,1.0
RUS,1958,1.0,0.0,0.0,0.0,,0.0,0.0,-3.07,-2.512,-2.625,1.0
RUS,1962,1.0,0.0,0.0,0.0,,0.0,0.0,-2.478,-2.203,-2.384,1.0
RUS,1966,1.0,0.0,0.0,0.0,,0.0,0.0,-2.468,-2.201,-2.395,1.0
RUS,1970,1.0,0.0,0.0,0.0,,0.0,0.0,-3.059,-2.489,-2.631,1.0
RUS,1974,1.0,0.0,0.0,0.0,,0.0,0.0,-3.07,-2.521,-2.62,1.0
RUS,1979,1.0,0.0,0.0,0.0,,0.0,0.0,-3.064,-2.489,-2.619,1.0
RUS,1984,1.0,0.0,0.0,0.0,,0.0,0.0,-3.042,-2.511,-2.61,1.0
RUS,1989,1.0,0.0,0.0,0.0,,0.0,0.0,-1.182,-0.746,-1.426,1.0
RUS,1990,1.0,0.0,0.0,0.0,,0.0,0.0,-0.498,0.048,-0.449,1.0
RUS,1991,0.0,0.0,1.0,0.0,74.66,2.0,2.0,-0.084,0.041,-0.493,1.0
RUS,1993,1.0,0.0,0.0,0.0,50.0,0.0,0.0,0.307,-0.119,-0.28,1.0
RUS,1995,1.0,0.0,0.0,0.0,64.73,0.0,0.0,0.319,-0.114,-0.353,1.0
RUS,1996,0.0,0.0,1.0,1.0,69.7,0.0,0.0,0.319,-0.522,-0.232,1.0
RUS,1999,1.0,0.0,0.0,0.0,62.33,0.0,0.0,0.315,-0.073,-0.177,1.0
RUS,2000,0.0,0.0,1.0,0.0,68.64,0.0,0.0,0.143,-0.094,-0.282,1.0
RUS,2003,1.0,0.0,0.0,0.0,55.67,0.0,0.0,-0.241,-0.408,-0.469,1.0
RUS,2004,0.0,0.0,1.0,0.0,64.39,0.0,0.0,-0.241,-0.318,-0.579,1.0
RUS,2007,1.0,0.0,0.0,0.0,63.71,0.0,0.0,-0.284,-0.595,-0.835,1.0
RUS,2008,0.0,0.0,1.0,0.0,69.71,0.0,1.0,-0.349,-0.566,-0.783,1.0
RUS,2011,1.0,0.0,0.0,0.0,60.1,0.0,0.0,-0.309,-0.941,-0.883,1.0
RUS,2012,0.0,0.0,1.0,0.0,65.27,1.0,1.0,-0.687,-0.64,-1.079,1.0
RUS,2016,1.0,0.0,0.0,0.0,47.88,0.0,0.0,-0.533,-0.784,-0.902,1.0
RUS,2018,0.0,0.0,1.0,0.0,67.5,0.0,0.0,-0.716,-0.725,-0.849,1.0
RUS,2021,1.0,0.0,0.0,0.0,51.58,0.0,0.0,-0.657,-1.215,-1.585,1.0
RUS,2024,0.0,0.0,1.0,0.0,77.49,0.0,0.0,-0.862,-1.74,-2.784,1.0
ALB,1921,1.0,0.0,0.0,0.0,,0.0,0.0,-0.171,-0.881,-0.842,1.0
ALB,1924,1.0,1.0,0.0,0.0,,2.0,0.0,-1.634,-1.12,-1.453,1.0
ALB,1925,1.0,0.0,0.0,0.0,,0.0,0.0,-1.7,-1.059,-1.591,1.0
ALB,1932,1.0,0.0,0.0,0.0,,0.0,0.0,-1.648,-0.893,-1.22,1.0
ALB,1937,1.0,0.0,0.0,0.0,,0.0,0.0,-1.825,-0.897,-1.23,1.0
ALB,1945,1.0,0.0,0.0,0.0,,0.0,0.0,-2.148,-2.075,-3.247,1.0
ALB,1949,1.0,0.0,0.0,0.0,,0.0,0.0,-2.656,-2.932,-2.806,1.0
ALB,1950,1.0,0.0,0.0,0.0,,0.0,0.0,-2.656,-2.932,-2.806,1.0
ALB,1954,1.0,0.0,0.0,0.0,,0.0,0.0,-2.702,-2.93,-2.737,1.0
ALB,1958,1.0,0.0,0.0,0.0,,0.0,0.0,-2.666,-2.913,-2.743,1.0
ALB,1962,1.0,0.0,0.0,0.0,,0.0,0.0,-2.687,-2.894,-2.742,1.0
ALB,1966,1.0,0.0,0.0,0.0,,0.0,0.0,-2.67,-2.928,-2.76,1.0
ALB,1970,1.0,0.0,0.0,0.0,,0.0,0.0,-2.654,-2.928,-2.725,1.0
ALB,1974,1.0,0.0,0.0,0.0,,0.0,0.0,-2.679,-2.936,-2.732,1.0
ALB,1978,1.0,0.0,0.0,0.0,,0.0,0.0,-2.682,-2.905,-2.746,1.0
ALB,1982,1.0,0.0,0.0,0.0,,0.0,0.0,-2.684,-2.901,-2.744,1.0
ALB,1987,1.0,0.0,0.0,0.0,,0.0,0.0,-2.672,-2.931,-2.741,1.0
ALB,1991,1.0,1.0,0.0,0.0,98.92,1.0,0.0,-0.523,-1.108,-0.743,1.0
ALB,1992,1.0,1.0,0.0,0.0,91.5,2.0,0.0,0.535,-0.469,-0.415,1.0
ALB,1996,1.0,1.0,0.0,0.0,89.08,0.0,0.0,-0.194,-1.461,-0.94,1.0
ALB,1997,1.0,1.0,0.0,0.0,72.56,1.0,0.0,-0.573,-1.383,-0.44,1.0
ALB,2001,1.0,1.0,0.0,0.0,54.95,0.0,0.0,0.414,-0.502,0.038,1.0
ALB,2005,1.0,0.0,0.0,0.0,48.73,2.0,0.0,1.644,-0.004,-0.122,1.0
ALB,2009,1.0,0.0,0.0,0.0,50.77,0.0,0.0,1.688,-0.121,-0.18,1.0
ALB,2013,1.0,0.0,0.0,0.0,53.31,2.0,0.0,1.642,0.237,-0.221,1.0
ALB,2017,1.0,0.0,0.0,0.0,46.76,0.0,0.0,1.636,0.02,-0.264,1.0
ALB,2021,1.0,0.0,0.0,0.0,46.32,0.0,0.0,1.046,-0.202,-0.149,1.0
ALB,2025,1.0,0.0,0.0,0.0,43.28,0.0,0.0,0.972,-0.452,-0.268,1.0
EGY,1945,1.0,0.0,0.0,0.0,,1.0,0.0,-0.869,-0.876,-1.445,1.0
EGY,1950,1.0,1.0,0.0,0.0,,2.0,0.0,-0.677,-0.587,0.826,1.0
EGY,1956,0.0,0.0,1.0,0.0,,0.0,0.0,-3.045,-0.935,0.421,1.0
EGY,1957,1.0,1.0,0.0,0.0,,0.0,0.0,-2.617,-0.924,0.43,1.0
EGY,1958,0.0,0.0,1.0,0.0,,0.0,1.0,-3.036,-0.924,0.43,1.0
EGY,1964,1.0,1.0,0.0,0.0,,0.0,0.0,-2.648,-0.94,0.428,1.0
EGY,1965,0.0,0.0,1.0,0.0,,0.0,0.0,-3.051,-0.94,0.428,1.0
EGY,1969,1.0,1.0,0.0,0.0,,0.0,0.0,-2.641,-0.911,0.411,1.0
EGY,1970,0.0,0.0,1.0,0.0,,0.0,1.0,-3.026,-0.922,0.406,1.0
EGY,1971,1.0,1.0,0.0,0.0,,1.0,0.0,-2.633,-1.388,-0.014,1.0
EGY,1976,1.0,1.0,1.0,0.0,39.77,0.0,0.0,-1.779,-1.014,-0.006,1.0
EGY,1979,1.0,1.0,0.0,0.0,,0.0,0.0,-1.771,-1.668,-0.307,1.0
EGY,1981,0.0,0.0,1.0,0.0,,0.0,1.0,-1.685,-0.994,0.002,1.0
EGY,1984,1.0,0.0,0.0,0.0,43.14,1.0,0.0,-1.58,-1.201,-0.309,1.0
EGY,1987,1.0,1.0,1.0,0.0,50.32,0.0,0.0,-1.8,-1.094,-0.301,1.0
EGY,1990,1.0,1.0,0.0,0.0,44.43,0.0,0.0,-1.775,-1.505,-1.179,1.0
EGY,1993,0.0,0.0,1.0,0.0,,0.0,0.0,-2.321,-1.482,-1.198,1.0
EGY,1995,1.0,1.0,0.0,0.0,47.99,1.0,0.0,-1.779,-1.5,-1.177,1.0
EGY,1999,0.0,0.0,1.0,0.0,,1.0,0.0,-2.327,-1.477,-1.178,1.0
EGY,2000,1.0,1.0,0.0,0.0,,0.0,0.0,-1.763,-2.117,-2.387,1.0
EGY,2005,1.0,1.0,1.0,0.0,28.13,0.0,0.0,-1.125,-1.638,-2.155,1.0
EGY,2010,1.0,1.0,0.0,0.0,34.95,0.0,0.0,-1.093,-2.902,-1.835,1.0
EGY,2011,1.0,1.0,0.0,0.0,62.04,0.0,0.0,-0.238,0.282,-0.356,1.0
EGY,2012,0.0,0.0,1.0,1.0,51.85,0.0,2.0,0.08,0.332,-0.356,1.0
EGY,2014,0.0,0.0,1.0,0.0,48.5,0.0,2.0,-1.441,-1.348,-3.104,1.0
EGY,2015,1.0,1.0,0.0,0.0,28.27,2.0,0.0,-1.487,-2.956,-3.222,1.0
EGY,2018,0.0,0.0,1.0,0.0,41.05,1.0,0.0,-2.244,-3.225,-3.39,1.0
EGY,2020,1.0,1.0,0.0,0.0,29.5,0.0,0.0,-1.594,-2.239,-2.525,1.0
EGY,2023,0.0,0.0,1.0,0.0,66.8,0.0,0.0,-1.667,-1.901,-2.434,1.0
EGY,2025,1.0,1.0,0.0,0.0,,,,-1.453,-1.662,-1.861,1.0
YEM,1971,1.0,0.0,0.0,0.0,,2.0,0.0,-2.458,-2.067,0.154,1.0
YEM,1988,1.0,0.0,0.0,0.0,,0.0,0.0,-2.065,-2.764,-0.246,1.0
YEM,1993,1.0,0.0,0.0,0.0,80.74,0.0,0.0,0.149,-0.18,-0.994,1.0
YEM,1997,1.0,0.0,0.0,0.0,60.71,2.0,0.0,-0.301,-1.425,-1.307,1.0
YEM,1999,0.0,0.0,1.0,0.0,,0.0,0.0,-1.284,-1.729,-0.646,1.0
YEM,2003,1.0,0.0,0.0,0.0,74.98,0.0,0.0,0.224,-0.932,-0.74,1.0
YEM,2006,0.0,0.0,1.0,0.0,65.16,0.0,0.0,0.327,-1.039,-0.85,1.0
YEM,2012,0.0,0.0,1.0,0.0,64.78,0.0,0.0,-1.747,-1.188,0.201,1.0
COL,1914,0.0,0.0,1.0,0.0,,2.0,2.0,-0.525,-0.443,-0.295,1.0
COL,1918,0.0,0.0,1.0,0.0,,1.0,1.0,-0.529,-0.458,-0.549,1.0
COL,1922,0.0,0.0,1.0,0.0,,1.0,1.0,-0.733,-0.707,-0.732,1.0
COL,1926,0.0,0.0,1.0,0.0,,1.0,1.0,-0.811,-1.239,-0.727,1.0
COL,1930,0.0,0.0,1.0,0.0,,2.0,2.0,-0.399,-0.462,-0.711,1.0
COL,1931,1.0,0.0,0.0,0.0,,0.0,0.0,-0.418,-0.467,-0.711,1.0
COL,1933,1.0,0.0,0.0,0.0,,0.0,0.0,-1.058,-0.474,-0.718,1.0
COL,1934,0.0,0.0,1.0,0.0,,1.0,1.0,-0.504,-0.786,-0.718,1.0
COL,1935,1.0,0.0,0.0,0.0,,0.0,0.0,-1.115,-0.679,-0.69,1.0
COL,1937,1.0,0.0,0.0,0.0,,0.0,0.0,-0.511,-0.282,-0.718,1.0
COL,1938,0.0,0.0,1.0,0.0,30.2,1.0,1.0,-0.495,-0.392,-0.711,1.0
COL,1939,1.0,0.0,0.0,0.0,50.7,0.0,0.0,-0.495,-0.275,-0.711,1.0
COL,1941,1.0,0.0,0.0,0.0,,0.0,0.0,-0.495,-0.282,-1.011,1.0
COL,1942,0.0,0.0,1.0,0.0,,2.0,2.0,-1.106,-0.385,-0.98,1.0
COL,1943,1.0,0.0,0.0,0.0,,0.0,0.0,-1.106,-0.286,-0.924,1.0
COL,1945,1.0,0.0,0.0,0.0,38.42,0.0,0.0,-1.114,-0.292,-1.233,1.0
COL,1946,0.0,0.0,1.0,0.0,55.8,2.0,2.0,-0.657,-0.422,-1.679,1.0
COL,1947,1.0,0.0,0.0,0.0,56.35,0.0,0.0,-1.029,-0.628,-2.135,1.0
COL,1949,1.0,0.0,1.0,0.0,63.16,1.0,1.0,-1.301,-1.252,-2.774,1.0
COL,1951,1.0,0.0,0.0,0.0,,0.0,0.0,-0.78,-1.135,-2.768,1.0
COL,1953,1.0,0.0,0.0,0.0,,0.0,0.0,-1.295,-1.07,-2.773,1.0
COL,1958,1.0,0.0,1.0,0.0,68.85,2.0,2.0,-0.939,0.357,-0.895,1.0
COL,1960,1.0,0.0,0.0,0.0,57.82,0.0,0.0,-0.942,0.659,-0.065,1.0
COL,1962,1.0,0.0,1.0,0.0,57.88,2.0,2.0,-0.937,0.663,-0.074,1.0
COL,1964,1.0,0.0,0.0,0.0,36.85,0.0,0.0,-0.934,0.657,-0.054,1.0
COL,1966,1.0,0.0,1.0,0.0,44.47,2.0,2.0,-0.946,0.66,-0.07,1.0
COL,1968,1.0,0.0,0.0,0.0,37.28,0.0,0.0,-0.938,0.678,-0.069,1.0
COL,1970,1.0,0.0,1.0,0.0,52.5,2.0,2.0,-0.372,-0.891,-0.076,1.0
COL,1974,1.0,0.0,1.0,0.0,58.1,2.0,2.0,0.903,1.002,-0.527,1.0
COL,1978,1.0,0.0,1.0,0.0,40.3,1.0,1.0,0.587,1.464,-0.504,1.0
COL,1982,1.0,0.0,1.0,0.0,49.8,2.0,2.0,0.606,0.737,-0.291,1.0
COL,1986,1.0,0.0,1.0,0.0,45.6,2.0,2.0,0.865,0.714,-0.474,1.0
COL,1990,1.0,0.0,1.0,0.0,55.33,1.0,1.0,0.39,0.654,-0.229,1.0
COL,1991,1.0,0.0,0.0,0.0,33.0,0.0,0.0,1.497,0.715,-0.102,1.0
COL,1994,1.0,0.0,1.0,1.0,43.3,1.0,1.0,0.903,0.777,-0.139,1.0
COL,1998,1.0,0.0,1.0,1.0,59.0,2.0,2.0,0.511,0.575,-0.142,1.0
COL,2002,1.0,0.0,1.0,0.0,46.45,2.0,2.0,1.508,0.429,-0.15,1.0
COL,2006,1.0,0.0,1.0,0.0,45.11,0.0,0.0,1.25,0.69,0.27,1.0
COL,2010,1.0,0.0,1.0,1.0,49.27,2.0,2.0,1.097,1.015,0.48,1.0
COL,2014,1.0,0.0,1.0,1.0,47.9,0.0,0.0,1.527,0.794,0.729,1.0
COL,2018,1.0,0.0,1.0,1.0,53.38,2.0,2.0,1.488,1.635,0.995,1.0
COL,2022,1.0,0.0,1.0,1.0,58.1,2.0,2.0,1.857,1.584,0.817,1.0
POL,1919,1.0,0.0,0.0,0.0,,0.0,0.0,1.374,0.665,0.157,1.0
POL,1922,1.0,0.0,0.0,0.0,67.9,0.0,0.0,0.535,0.543,0.163,1.0
POL,1928,1.0,0.0,0.0,0.0,79.0,0.0,0.0,-0.19,-0.634,-0.643,1.0
POL,1930,1.0,0.0,0.0,0.0,74.8,0.0,0.0,-0.54,-1.195,-1.46,1.0
POL,1935,1.0,0.0,0.0,0.0,45.9,0.0,0.0,-1.051,-1.514,-1.235,1.0
POL,1938,1.0,0.0,0.0,0.0,67.1,0.0,0.0,-1.057,-1.199,-1.228,1.0
POL,1947,1.0,0.0,0.0,0.0,89.3,0.0,0.0,-1.611,-2.165,-2.18,1.0
POL,1952,1.0,0.0,0.0,0.0,95.03,0.0,0.0,-2.796,-2.797,-3.771,1.0
POL,1957,1.0,0.0,0.0,0.0,94.14,0.0,0.0,-1.917,-1.839,-1.624,1.0
POL,1961,1.0,0.0,0.0,0.0,94.83,0.0,0.0,-2.807,-2.787,-1.89,1.0
POL,1965,1.0,0.0,0.0,0.0,96.62,0.0,0.0,-2.766,-2.789,-1.772,1.0
POL,1969,1.0,0.0,0.0,0.0,97.61,0.0,0.0,-2.788,-2.771,-1.764,1.0
POL,1972,1.0,0.0,0.0,0.0,97.94,0.0,0.0,-2.776,-2.806,-1.625,1.0
POL,1976,1.0,0.0,0.0,0.0,98.27,0.0,0.0,-2.802,-2.804,-2.237,1.0
POL,1980,1.0,0.0,0.0,0.0,98.87,0.0,0.0,-2.796,-2.779,-2.202,1.0
POL,1985,1.0,0.0,0.0,0.0,78.86,0.0,0.0,-2.81,-2.783,-2.224,1.0
POL,1989,1.0,1.0,0.0,0.0,62.11,0.0,0.0,-1.047,-0.627,0.759,1.0
POL,1990,0.0,0.0,1.0,1.0,60.6,0.0,2.0,1.373,2.039,0.773,1.0
POL,1991,1.0,0.0,0.0,0.0,43.2,2.0,0.0,1.373,2.039,1.791,1.0
POL,1993,1.0,0.0,0.0,0.0,52.08,2.0,0.0,1.343,2.055,1.812,1.0
POL,1995,0.0,0.0,1.0,1.0,64.7,0.0,2.0,1.297,1.214,1.8,1.0
POL,1997,1.0,0.0,0.0,0.0,47.93,2.0,0.0,1.372,2.042,1.803,1.0
POL,2000,0.0,0.0,1.0,0.0,61.12,0.0,0.0,1.328,2.033,1.783,1.0
POL,2001,1.0,0.0,0.0,0.0,46.18,2.0,0.0,1.328,2.033,1.783,1.0
POL,2005,1.0,0.0,1.0,1.0,50.99,0.0,2.0,1.603,2.329,1.967,1.0
POL,2007,1.0,0.0,0.0,0.0,53.88,2.0,0.0,1.592,2.306,1.653,1.0
POL,2010,0.0,0.0,1.0,1.0,55.31,0.0,1.0,1.616,2.312,1.791,1.0
POL,2011,1.0,0.0,0.0,0.0,48.92,0.0,0.0,1.604,2.324,1.804,1.0
POL,2015,1.0,0.0,1.0,1.0,55.34,2.0,2.0,1.547,2.223,1.743,1.0
POL,2019,1.0,0.0,0.0,0.0,61.74,0.0,0.0,1.651,0.292,0.289,1.0
POL,2020,0.0,0.0,1.0,1.0,68.18,0.0,0.0,1.651,0.162,0.266,1.0
POL,2023,1.0,0.0,0.0,0.0,74.38,2.0,0.0,1.581,0.129,0.47,1.0
POL,2025,0.0,0.0,1.0,1.0,71.63,0.0,1.0,1.438,1.035,2.0,1.0
BRA,1902,0.0,0.0,1.0,0.0,,0.0,0.0,-1.153,-1.598,-0.882,1.0
BRA,1903,1.0,0.0,1.0,0.0,,0.0,0.0,-1.153,-1.598,-0.882,1.0
BRA,1906,1.0,0.0,1.0,0.0,,2.0,2.0,-0.946,-1.588,-0.936,1.0
BRA,1909,1.0,0.0,0.0,0.0,,0.0,0.0,-1.407,-1.582,-0.972,1.0
BRA,1910,0.0,0.0,1.0,0.0,,2.0,2.0,-1.028,-1.822,-0.931,1.0
BRA,1912,1.0,0.0,0.0,0.0,,0.0,0.0,-1.376,-1.579,-0.921,1.0
BRA,1914,0.0,0.0,1.0,0.0,,2.0,2.0,-1.381,-1.583,-0.918,1.0
BRA,1915,1.0,0.0,0.0,0.0,,0.0,0.0,-1.381,-1.583,-0.918,1.0
BRA,1918,1.0,0.0,1.0,0.0,,2.0,2.0,-1.266,-1.582,-1.0,1.0
BRA,1919,0.0,0.0,1.0,0.0,,2.0,2.0,-1.211,-1.816,-1.003,1.0
BRA,1922,0.0,0.0,1.0,0.0,,2.0,2.0,-1.082,-1.62,-0.941,1.0
BRA,1926,0.0,0.0,1.0,0.0,,2.0,2.0,-1.263,-1.61,-0.939,1.0
BRA,1927,1.0,0.0,0.0,0.0,,0.0,0.0,-1.263,-1.61,-0.939,1.0
BRA,1930,1.0,0.0,1.0,0.0,,1.0,1.0,-1.524,-1.621,-0.942,1.0
BRA,1945,1.0,0.0,0.0,0.0,83.12,2.0,2.0,0.541,0.51,0.465,1.0
BRA,1947,1.0,0.0,0.0,0.0,42.47,0.0,0.0,0.544,0.502,0.35,1.0
BRA,1950,1.0,0.0,1.0,0.0,72.06,2.0,2.0,0.25,0.398,0.21,1.0
BRA,1954,1.0,0.0,0.0,0.0,65.48,0.0,0.0,0.546,0.413,0.213,1.0
BRA,1955,0.0,0.0,1.0,0.0,59.68,1.0,1.0,0.546,0.413,0.213,1.0
BRA,1958,1.0,0.0,0.0,0.0,99.2,0.0,0.0,0.292,0.42,0.214,1.0
BRA,1960,0.0,0.0,1.0,0.0,80.98,2.0,2.0,0.545,0.435,0.196,1.0
BRA,1962,1.0,0.0,0.0,0.0,79.59,0.0,0.0,0.549,0.424,0.1,1.0
BRA,1966,1.0,0.0,0.0,0.0,77.21,0.0,0.0,-1.203,-1.453,-1.359,1.0
BRA,1970,1.0,0.0,0.0,0.0,77.45,0.0,0.0,-1.495,-1.475,-1.934,1.0
BRA,1974,1.0,0.0,0.0,0.0,80.9,0.0,0.0,-1.294,-1.484,-1.666,1.0
BRA,1978,1.0,0.0,0.0,0.0,81.75,0.0,0.0,-1.32,-1.475,-1.672,1.0
BRA,1982,1.0,0.0,0.0,0.0,82.33,0.0,0.0,-0.974,-0.311,-0.966,1.0
BRA,1986,1.0,0.0,0.0,0.0,,0.0,0.0,0.182,0.758,0.328,1.0
BRA,1989,0.0,0.0,1.0,1.0,88.07,2.0,2.0,1.544,0.891,2.053,1.0
BRA,1990,1.0,0.0,0.0,0.0,84.61,0.0,0.0,1.544,1.919,2.053,1.0
BRA,1994,1.0,0.0,1.0,0.0,84.93,2.0,2.0,1.529,1.891,2.061,1.0
BRA,1998,1.0,0.0,1.0,0.0,78.51,0.0,0.0,1.544,2.082,2.039,1.0
BRA,2002,1.0,0.0,1.0,1.0,82.26,2.0,2.0,1.53,2.088,2.032,1.0
BRA,2006,1.0,0.0,1.0,1.0,83.17,0.0,0.0,1.885,2.404,1.671,1.0
BRA,2010,1.0,0.0,1.0,1.0,81.88,1.0,1.0,1.877,2.856,1.581,1.0
BRA,2014,1.0,0.0,1.0,1.0,80.61,0.0,0.0,1.843,2.751,1.48,1.0
BRA,2018,1.0,0.0,1.0,1.0,79.67,2.0,2.0,1.757,1.143,0.962,1.0
BRA,2022,1.0,0.0,1.0,1.0,79.42,2.0,2.0,1.135,1.251,-0.235,1.0
USA,1900,1.0,0.0,1.0,0.0,,1.0,1.0,-0.04,1.211,0.24,1.0
USA,1902,1.0,0.0,0.0,0.0,,,,0.044,0.906,0.159,1.0
USA,1904,1.0,0.0,1.0,0.0,,0.0,0.0,-0.028,1.194,0.238,1.0
USA,1906,1.0,0.0,0.0,0.0,,,,-0.032,1.197,0.245,1.0
USA,1908,1.0,0.0,1.0,0.0,,1.0,1.0,-0.03,1.198,0.243,1.0
USA,1910,1.0,0.0,0.0,0.0,,,,-0.029,1.25,0.562,1.0
USA,1912,1.0,0.0,1.0,0.0,,2.0,2.0,-0.044,1.239,0.541,1.0
USA,1914,1.0,0.0,0.0,0.0,,,,-0.025,1.269,0.552,1.0
USA,1916,1.0,0.0,1.0,0.0,,0.0,0.0,-0.039,0.852,0.545,1.0
USA,1918,1.0,0.0,0.0,0.0,,,,-0.037,1.252,0.543,1.0
USA,1920,1.0,0.0,1.0,0.0,,2.0,2.0,0.095,1.259,0.364,1.0
USA,1922,1.0,0.0,0.0,0.0,,,,0.174,1.449,0.389,1.0
USA,1924,1.0,0.0,1.0,0.0,,1.0,1.0,0.185,1.441,0.389,1.0
USA,1926,1.0,0.0,0.0,0.0,,,,0.168,1.435,0.401,1.0
USA,1928,1.0,0.0,1.0,0.0,,1.0,1.0,0.181,1.449,0.386,1.0
USA,1930,1.0,0.0,0.0,0.0,,,,0.186,1.577,0.39,1.0
USA,1932,1.0,0.0,1.0,0.0,,2.0,2.0,0.18,1.562,0.385,1.0
USA,1934,1.0,0.0,0.0,0.0,,,,0.187,1.586,0.713,1.0
USA,1936,1.0,0.0,1.0,0.0,,0.0,0.0,0.184,1.56,0.72,1.0
USA,1938,1.0,0.0,0.0,0.0,,,,0.179,1.579,0.722,1.0
USA,1940,1.0,0.0,1.0,0.0,,0.0,0.0,0.47,1.564,0.868,1.0
USA,1942,1.0,0.0,0.0,0.0,,,,0.452,1.587,0.875,1.0
USA,1944,1.0,0.0,1.0,0.0,,1.0,1.0,0.458,1.568,0.88,1.0
USA,1946,1.0,0.0,0.0,0.0,,,,1.547,1.593,0.881,1.0
USA,1948,1.0,0.0,1.0,0.0,,0.0,0.0,1.541,0.94,0.89,1.0
USA,1950,1.0,0.0,0.0,0.0,,,,1.563,1.598,1.223,1.0
USA,1952,1.0,0.0,1.0,0.0,,2.0,2.0,1.562,1.58,1.207,1.0
USA,1954,1.0,0.0,0.0,0.0,,,,1.555,1.582,1.209,1.0
USA,1956,1.0,0.0,1.0,0.0,,0.0,0.0,1.542,1.573,1.204,1.0
USA,1958,1.0,0.0,0.0,0.0,,,,1.574,1.59,1.217,1.0
USA,1960,1.0,0.0,1.0,0.0,,2.0,2.0,1.53,0.945,1.082,1.0
USA,1962,1.0,0.0,0.0,0.0,,,,1.573,1.572,1.09,1.0
USA,1964,1.0,0.0,1.0,0.0,95.83,1.0,1.0,1.543,1.599,1.084,1.0
USA,1966,1.0,0.0,0.0,0.0,,,,1.537,1.569,1.082,1.0
USA,1968,1.0,0.0,1.0,0.0,,2.0,2.0,1.57,0.947,1.089,1.0
USA,1970,1.0,0.0,0.0,0.0,70.32,,,1.509,0.946,1.244,1.0
USA,1972,1.0,0.0,1.0,0.0,87.09,0.0,0.0,1.557,0.779,1.364,1.0
USA,1974,1.0,0.0,0.0,0.0,58.15,,,1.55,1.048,1.375,1.0
USA,1976,1.0,0.0,1.0,0.0,88.68,2.0,2.0,1.537,1.602,1.364,1.0
USA,1978,1.0,0.0,0.0,0.0,57.04,,,1.535,1.565,1.371,1.0
USA,1980,1.0,0.0,1.0,0.0,88.6,2.0,2.0,1.536,1.58,1.817,1.0
USA,1982,1.0,0.0,0.0,0.0,61.1,,,1.556,1.584,1.806,1.0
USA,1984,1.0,0.0,1.0,0.0,87.75,0.0,0.0,1.565,1.621,1.798,1.0
USA,1986,1.0,0.0,0.0,0.0,54.89,,,1.559,1.586,1.807,1.0
USA,1988,1.0,0.0,1.0,0.0,86.2,1.0,1.0,1.536,1.572,1.825,1.0
USA,1990,1.0,0.0,0.0,0.0,56.03,,,1.566,1.615,1.81,1.0
USA,1992,1.0,0.0,1.0,0.0,86.96,2.0,2.0,1.57,1.601,1.804,1.0
USA,1994,1.0,0.0,0.0,0.0,57.64,,,1.555,1.614,1.817,1.0
USA,1996,1.0,0.0,1.0,0.0,82.26,0.0,0.0,1.561,1.615,1.812,1.0
USA,1998,1.0,0.0,0.0,0.0,51.55,,,1.554,1.614,1.798,1.0
USA,2000,1.0,0.0,1.0,0.0,85.55,2.0,2.0,1.569,0.239,1.831,1.0
USA,2002,1.0,0.0,0.0,0.0,45.31,0.0,0.0,1.536,0.951,1.809,1.0
USA,2004,1.0,0.0,1.0,0.0,88.5,0.0,0.0,1.548,0.935,1.798,1.0
USA,2006,1.0,0.0,0.0,0.0,47.52,0.0,0.0,1.879,1.65,2.604,1.0
USA,2008,1.0,0.0,1.0,0.0,70.33,2.0,2.0,1.858,1.725,2.572,1.0
USA,2010,1.0,0.0,0.0,0.0,48.59,0.0,0.0,1.881,1.517,2.614,1.0
USA,2012,1.0,0.0,1.0,0.0,66.66,0.0,0.0,1.871,1.736,2.606,1.0
USA,2014,1.0,0.0,0.0,0.0,42.5,0.0,0.0,1.849,2.147,2.259,1.0
USA,2016,1.0,0.0,1.0,0.0,65.44,2.0,2.0,1.791,0.749,1.433,1.0
USA,2018,1.0,0.0,0.0,0.0,49.3,0.0,0.0,1.735,0.928,1.11,1.0
USA,2020,1.0,0.0,1.0,0.0,70.75,2.0,2.0,1.721,1.668,0.353,1.0
USA,2022,1.0,0.0,0.0,0.0,70.75,0.0,0.0,1.594,2.258,1.044,1.0
USA,2024,1.0,0.0,1.0,0.0,70.75,2.0,2.0,1.605,2.301,1.34,1.0
PRT,1900,1.0,0.0,0.0,0.0,,0.0,0.0,-0.702,-0.634,-0.74,1.0
PRT,1901,1.0,0.0,0.0,0.0,,0.0,0.0,-0.781,-0.634,-0.74,1.0
PRT,1904,1.0,0.0,0.0,0.0,,0.0,0.0,-0.788,-0.631,-0.736,1.0
PRT,1905,1.0,0.0,0.0,0.0,,0.0,0.0,-0.788,-0.631,-0.736,1.0
PRT,1906,1.0,0.0,0.0,0.0,72.5,0.0,0.0,-0.596,-0.631,-0.732,1.0
PRT,1908,1.0,0.0,0.0,0.0,68.7,0.0,0.0,-0.788,-0.629,-0.735,1.0
PRT,1910,1.0,0.0,0.0,0.0,,0.0,0.0,-0.935,-0.643,-0.792,1.0
PRT,1913,1.0,0.0,0.0,0.0,,,,-0.44,0.176,-0.841,1.0
PRT,1915,1.0,0.0,0.0,0.0,59.9,0.0,0.0,-0.558,-0.516,-0.795,1.0
PRT,1918,1.0,0.0,1.0,0.0,57.0,0.0,2.0,-0.519,-0.49,-0.743,1.0
PRT,1919,1.0,0.0,0.0,0.0,,2.0,0.0,-0.571,-0.509,-0.792,1.0
PRT,1921,1.0,0.0,0.0,0.0,,1.0,0.0,-0.526,-0.488,-0.743,1.0
PRT,1922,1.0,0.0,0.0,0.0,69.1,2.0,0.0,-0.526,-0.488,-0.743,1.0
PRT,1925,1.0,0.0,0.0,0.0,71.0,1.0,0.0,-0.809,-0.679,-1.181,1.0
PRT,1928,0.0,0.0,1.0,0.0,,0.0,2.0,-3.09,-1.867,-2.112,1.0
PRT,1934,1.0,0.0,0.0,0.0,80.2,0.0,0.0,-3.079,-2.913,-3.001,1.0
PRT,1935,0.0,0.0,1.0,0.0,,0.0,0.0,-3.079,-2.913,-3.001,1.0
PRT,1938,1.0,0.0,0.0,0.0,83.7,0.0,0.0,-3.06,-2.882,-3.015,1.0
PRT,1942,1.0,0.0,1.0,0.0,87.1,0.0,0.0,-2.564,-2.9,-2.803,1.0
PRT,1945,1.0,0.0,0.0,0.0,53.8,0.0,0.0,-2.154,-2.543,-2.801,1.0
PRT,1949,1.0,0.0,1.0,0.0,75.8,0.0,0.0,-2.161,-2.695,-2.777,1.0
PRT,1951,0.0,0.0,1.0,0.0,,0.0,1.0,-2.553,-2.737,-2.791,1.0
PRT,1953,1.0,0.0,0.0,0.0,68.2,0.0,0.0,-2.154,-2.697,-2.788,1.0
PRT,1957,1.0,0.0,0.0,0.0,70.4,0.0,0.0,-2.038,-2.52,-2.781,1.0
PRT,1958,0.0,0.0,1.0,0.0,,0.0,1.0,-1.807,-2.52,-2.781,1.0
PRT,1961,1.0,0.0,0.0,0.0,74.0,0.0,0.0,-2.574,-2.518,-2.792,1.0
PRT,1965,1.0,0.0,0.0,0.0,73.6,0.0,0.0,-2.425,-2.526,-2.787,1.0
PRT,1969,1.0,0.0,0.0,0.0,62.5,0.0,0.0,-1.892,-1.97,-1.83,1.0
PRT,1973,1.0,0.0,0.0,0.0,66.4,0.0,0.0,-0.561,-1.813,-1.003,1.0
PRT,1976,1.0,0.0,1.0,0.0,83.27,2.0,2.0,0.416,0.588,0.791,1.0
PRT,1979,1.0,0.0,0.0,0.0,87.54,2.0,0.0,1.368,0.66,0.791,1.0
PRT,1980,1.0,0.0,1.0,0.0,85.45,0.0,0.0,0.401,0.66,1.622,1.0
PRT,1983,1.0,0.0,0.0,0.0,78.64,2.0,0.0,1.35,1.467,1.577,1.0
PRT,1985,1.0,0.0,0.0,0.0,75.73,2.0,0.0,1.331,1.505,1.608,1.0
PRT,1986,0.0,0.0,1.0,1.0,78.15,0.0,2.0,0.419,1.505,1.608,1.0
PRT,1987,1.0,0.0,0.0,0.0,72.64,0.0,0.0,1.381,1.509,1.592,1.0
PRT,1991,1.0,0.0,1.0,0.0,68.18,0.0,0.0,0.41,1.466,1.594,1.0
PRT,1995,1.0,0.0,0.0,0.0,66.3,2.0,0.0,1.383,1.51,1.587,1.0
PRT,1996,0.0,0.0,1.0,0.0,66.29,0.0,1.0,1.383,1.51,1.587,1.0
PRT,1999,1.0,0.0,0.0,0.0,61.05,0.0,0.0,1.337,1.499,1.583,1.0
PRT,2001,0.0,0.0,1.0,0.0,50.03,0.0,0.0,1.279,1.494,1.593,1.0
PRT,2002,1.0,0.0,0.0,0.0,62.84,2.0,0.0,1.304,1.517,1.61,1.0
PRT,2005,1.0,0.0,0.0,0.0,64.26,2.0,0.0,1.673,1.949,2.15,1.0
PRT,2006,0.0,0.0,1.0,0.0,61.53,0.0,2.0,1.673,1.949,2.15,1.0
PRT,2009,1.0,0.0,0.0,0.0,59.68,0.0,0.0,1.623,2.181,1.969,1.0
PRT,2011,1.0,0.0,1.0,0.0,58.03,2.0,0.0,1.176,2.181,1.968,1.0
PRT,2015,1.0,0.0,0.0,0.0,55.84,1.0,0.0,1.638,2.159,1.982,1.0
PRT,2016,0.0,0.0,1.0,0.0,48.7,0.0,1.0,1.638,2.159,1.982,1.0
PRT,2019,1.0,0.0,0.0,0.0,48.57,0.0,0.0,1.543,2.076,1.94,1.0
PRT,2021,0.0,0.0,1.0,0.0,39.24,0.0,0.0,1.441,2.026,1.891,1.0
PRT,2022,1.0,0.0,0.0,0.0,57.96,0.0,0.0,1.485,1.525,1.886,1.0
PRT,2024,1.0,0.0,0.0,0.0,59.9,2.0,0.0,1.486,1.464,1.846,1.0
PRT,2025,1.0,0.0,0.0,0.0,58.23,0.0,0.0,1.346,1.806,1.754,1.0
SLV,1903,0.0,0.0,1.0,0.0,,1.0,1.0,-2.664,-2.069,-2.869,1.0
SLV,1907,0.0,0.0,1.0,0.0,,1.0,1.0,-2.188,-1.685,-2.881,1.0
SLV,1911,0.0,0.0,1.0,0.0,,2.0,2.0,-2.077,-1.735,-2.515,1.0
SLV,1915,0.0,0.0,1.0,0.0,,,,-2.789,-1.238,-0.898,1.0
SLV,1919,0.0,0.0,1.0,0.0,,1.0,1.0,-2.089,-1.737,-1.971,1.0
SLV,1923,0.0,0.0,1.0,0.0,,1.0,1.0,-1.877,-1.739,-2.878,1.0
SLV,1927,0.0,0.0,1.0,0.0,,1.0,1.0,-2.398,-1.451,-2.312,1.0
SLV,1928,1.0,0.0,0.0,0.0,,0.0,0.0,-2.398,-1.767,-2.312,1.0
SLV,1931,1.0,0.0,1.0,0.0,,2.0,2.0,-1.248,-1.359,-1.87,1.0
SLV,1932,1.0,0.0,0.0,0.0,,0.0,0.0,-1.687,-1.738,-1.697,1.0
SLV,1935,0.0,0.0,1.0,0.0,,2.0,2.0,-2.402,-1.796,-2.527,1.0
SLV,1936,1.0,0.0,0.0,0.0,,0.0,0.0,-2.402,-1.796,-2.527,1.0
SLV,1939,1.0,0.0,1.0,0.0,,0.0,0.0,-2.42,-1.784,-2.507,1.0
SLV,1944,1.0,0.0,0.0,0.0,,0.0,0.0,-2.419,-1.786,-2.535,1.0
SLV,1945,0.0,0.0,1.0,0.0,,2.0,2.0,-2.062,-2.136,-2.011,1.0
SLV,1950,1.0,0.0,0.0,0.0,,2.0,2.0,-1.571,-1.472,-2.07,1.0
SLV,1952,1.0,0.0,0.0,0.0,,0.0,0.0,-1.93,-2.124,-2.505,1.0
SLV,1954,1.0,0.0,0.0,0.0,,0.0,0.0,-1.932,-2.123,-2.501,1.0
SLV,1956,1.0,0.0,1.0,0.0,,1.0,1.0,-1.805,-2.121,-2.493,1.0
SLV,1958,1.0,0.0,0.0,0.0,,,,-1.71,-2.113,-1.995,1.0
SLV,1960,1.0,0.0,0.0,0.0,,0.0,0.0,-1.697,-2.109,-1.654,1.0
SLV,1962,0.0,0.0,1.0,0.0,,2.0,2.0,-1.954,-1.74,-1.985,1.0
SLV,1964,1.0,0.0,0.0,0.0,27.59,0.0,0.0,-0.841,-1.456,-1.993,1.0
SLV,1966,1.0,0.0,0.0,0.0,32.38,0.0,0.0,-0.847,-1.475,-1.996,1.0
SLV,1967,0.0,0.0,1.0,0.0,38.84,1.0,1.0,-0.627,-1.475,-1.996,1.0
SLV,1968,1.0,0.0,0.0,0.0,36.64,0.0,0.0,-0.729,-1.28,-1.99,1.0
SLV,1970,1.0,0.0,0.0,0.0,41.65,0.0,0.0,-0.939,-1.586,-1.994,1.0
SLV,1972,1.0,0.0,1.0,0.0,72.02,1.0,1.0,-0.92,-1.578,-1.987,1.0
SLV,1974,1.0,0.0,0.0,0.0,,0.0,0.0,-0.92,-1.574,-2.013,1.0
SLV,1976,1.0,0.0,0.0,0.0,,0.0,0.0,-1.26,-1.573,-2.522,1.0
SLV,1977,0.0,0.0,1.0,0.0,,1.0,1.0,-0.926,-1.573,-2.001,1.0
SLV,1978,1.0,0.0,0.0,0.0,47.18,0.0,0.0,-1.146,-1.574,-1.985,1.0
SLV,1984,0.0,0.0,1.0,1.0,,2.0,2.0,-0.251,-1.044,-1.82,1.0
SLV,1985,1.0,0.0,0.0,0.0,,0.0,0.0,-0.321,-0.937,-1.664,1.0
SLV,1988,1.0,0.0,0.0,0.0,67.74,0.0,0.0,-0.161,-0.929,-1.285,1.0
SLV,1989,0.0,0.0,1.0,0.0,54.7,2.0,2.0,-0.161,-0.929,-1.194,1.0
SLV,1991,1.0,0.0,0.0,0.0,52.89,0.0,0.0,-0.04,-0.422,-1.023,1.0
SLV,1994,1.0,0.0,1.0,1.0,55.11,1.0,1.0,0.931,0.17,-0.583,1.0
SLV,1997,1.0,0.0,0.0,0.0,89.18,0.0,0.0,0.955,0.096,-0.464,1.0
SLV,1999,0.0,0.0,1.0,0.0,38.57,1.0,1.0,0.939,0.162,-0.388,1.0
SLV,2000,1.0,0.0,0.0,0.0,38.07,0.0,0.0,0.927,0.176,-0.28,1.0
SLV,2003,1.0,0.0,0.0,0.0,28.42,0.0,0.0,0.925,0.171,-0.369,1.0
SLV,2004,0.0,0.0,1.0,0.0,66.16,1.0,1.0,0.937,0.16,-0.375,1.0
SLV,2006,1.0,0.0,0.0,0.0,52.56,0.0,0.0,1.185,0.423,-0.061,1.0
SLV,2009,1.0,0.0,1.0,0.0,61.91,1.0,1.0,1.801,0.443,-0.035,1.0
SLV,2012,1.0,0.0,0.0,0.0,53.0,0.0,0.0,1.795,0.693,0.086,1.0
SLV,2014,0.0,0.0,1.0,1.0,60.17,1.0,1.0,1.775,0.933,0.899,1.0
SLV,2015,1.0,0.0,0.0,0.0,45.91,0.0,0.0,1.775,0.938,0.772,1.0
SLV,2018,1.0,0.0,0.0,0.0,47.96,0.0,0.0,1.702,0.745,0.772,1.0
SLV,2019,0.0,0.0,1.0,0.0,51.88,2.0,2.0,1.702,0.88,0.772,1.0
SLV,2021,1.0,0.0,0.0,0.0,44.96,0.0,0.0,0.371,0.353,-0.758,1.0
SLV,2024,1.0,0.0,1.0,0.0,52.6,0.0,0.0,0.333,-0.276,-0.726,1.0
YMD,1955,1.0,0.0,0.0,0.0,,0.0,0.0,-1.074,-0.636,0.82,1.0
YMD,1959,1.0,0.0,0.0,0.0,,0.0,0.0,-1.438,-0.631,-0.137,1.0
YMD,1964,1.0,0.0,0.0,0.0,,0.0,0.0,-0.899,-0.608,-0.021,1.0
YMD,1978,1.0,0.0,0.0,0.0,,0.0,0.0,-1.812,-1.594,-1.2,1.0
YMD,1986,1.0,0.0,0.0,0.0,,0.0,0.0,-1.994,-1.26,-1.068,1.0
BGD,1973,1.0,0.0,0.0,0.0,54.91,0.0,0.0,0.163,-0.112,-0.66,1.0
BGD,1978,0.0,0.0,1.0,0.0,54.3,0.0,0.0,0.079,-0.267,-0.255,1.0
BGD,1979,1.0,0.0,0.0,0.0,51.29,1.0,0.0,0.079,0.002,-0.255,1.0
BGD,1981,0.0,0.0,1.0,0.0,55.65,0.0,2.0,0.347,-0.003,-0.248,1.0
BGD,1986,1.0,0.0,1.0,0.0,60.31,1.0,2.0,0.028,-0.654,-0.89,1.0
BGD,1988,1.0,0.0,0.0,0.0,51.81,1.0,0.0,-0.278,-1.589,-1.678,1.0
BGD,1991,1.0,0.0,0.0,0.0,55.45,2.0,0.0,0.166,0.322,0.47,1.0
BGD,1996,1.0,0.0,0.0,0.0,75.6,2.0,0.0,0.333,0.323,0.471,1.0
BGD,2001,1.0,0.0,0.0,0.0,74.97,2.0,0.0,0.34,0.006,0.474,1.0
BGD,2008,1.0,0.0,0.0,0.0,85.26,0.0,0.0,0.008,0.423,0.018,1.0
BGD,2014,1.0,0.0,0.0,0.0,51.37,0.0,0.0,-0.964,-2.991,-1.306,1.0
BGD,2018,1.0,0.0,0.0,0.0,80.0,0.0,0.0,-0.543,-1.56,-1.511,1.0
BGD,2024,1.0,0.0,0.0,0.0,41.8,0.0,0.0,-1.246,-1.92,-1.629,1.0
BOL,1900,1.0,0.0,0.0,0.0,,0.0,0.0,-1.107,-1.199,-1.85,1.0
BOL,1902,1.0,0.0,0.0,0.0,,0.0,0.0,-1.107,-1.18,-1.681,1.0
BOL,1904,1.0,0.0,1.0,0.0,,2.0,2.0,-0.506,-1.206,-1.713,1.0
BOL,1906,1.0,0.0,0.0,0.0,,0.0,0.0,-0.514,-1.19,-1.707,1.0
BOL,1908,1.0,0.0,0.0,0.0,,0.0,0.0,-0.507,-1.167,-1.69,1.0
BOL,1909,0.0,0.0,1.0,0.0,,2.0,2.0,-0.507,-1.167,-1.69,1.0
BOL,1910,1.0,0.0,0.0,0.0,,0.0,0.0,-0.279,-1.167,-1.69,1.0
BOL,1912,1.0,0.0,0.0,0.0,,,,0.003,-0.495,-1.771,1.0
BOL,1913,0.0,0.0,1.0,0.0,,2.0,2.0,-0.514,-1.187,-1.707,1.0
BOL,1914,1.0,0.0,0.0,0.0,,,,-0.514,-1.187,-1.707,1.0
BOL,1916,1.0,0.0,0.0,0.0,,,,-1.935,-0.489,-1.775,1.0
BOL,1917,0.0,0.0,1.0,0.0,,2.0,2.0,-0.892,-1.174,-1.709,1.0
BOL,1918,1.0,0.0,0.0,0.0,,,,-0.892,-1.174,-1.709,1.0
BOL,1920,1.0,0.0,0.0,0.0,,0.0,0.0,-1.087,-1.185,-1.733,1.0
BOL,1923,1.0,0.0,0.0,0.0,,0.0,0.0,-1.543,-1.182,-1.728,1.0
BOL,1925,1.0,0.0,1.0,0.0,,1.0,1.0,-1.07,-1.184,-1.751,1.0
BOL,1927,1.0,0.0,0.0,0.0,,0.0,0.0,-0.844,-1.186,-1.749,1.0
BOL,1928,1.0,0.0,0.0,0.0,,0.0,0.0,-0.844,-1.186,-1.749,1.0
BOL,1931,1.0,0.0,1.0,0.0,,2.0,2.0,-1.527,-1.181,-1.737,1.0
BOL,1933,1.0,0.0,0.0,0.0,,0.0,0.0,-0.829,-1.188,-1.723,1.0
BOL,1934,1.0,0.0,1.0,0.0,,1.0,1.0,-0.828,-1.175,-1.732,1.0
BOL,1938,1.0,0.0,0.0,0.0,,0.0,0.0,-1.02,-1.189,-1.728,1.0
BOL,1940,1.0,0.0,1.0,0.0,,2.0,2.0,-1.078,-1.202,-1.724,1.0
BOL,1942,1.0,0.0,0.0,0.0,,0.0,0.0,-0.809,-1.213,-1.73,1.0
BOL,1944,1.0,0.0,0.0,0.0,,0.0,0.0,-1.357,-1.158,-1.707,1.0
BOL,1947,0.0,0.0,1.0,0.0,,2.0,2.0,-0.662,-1.39,-1.491,1.0
BOL,1951,1.0,0.0,1.0,0.0,,0.0,0.0,-0.324,-1.515,-1.723,1.0
BOL,1956,1.0,0.0,1.0,0.0,85.04,2.0,2.0,-0.004,-0.547,-1.006,1.0
BOL,1958,1.0,0.0,0.0,0.0,,0.0,0.0,-0.673,-0.553,-1.018,1.0
BOL,1960,1.0,0.0,1.0,0.0,75.98,1.0,1.0,0.016,-0.564,-1.013,1.0
BOL,1962,1.0,0.0,0.0,0.0,,0.0,0.0,-0.777,-0.535,-1.134,1.0
BOL,1964,1.0,0.0,1.0,0.0,91.91,0.0,0.0,-1.003,-1.045,-1.025,1.0
BOL,1966,1.0,0.0,1.0,0.0,86.57,2.0,2.0,-1.024,-1.407,-1.353,1.0
BOL,1978,1.0,0.0,1.0,0.0,,0.0,0.0,0.124,-1.088,0.163,1.0
BOL,1979,1.0,0.0,1.0,0.0,,0.0,0.0,0.338,-0.855,0.658,1.0
BOL,1980,1.0,0.0,1.0,0.0,74.32,2.0,2.0,0.338,-0.462,0.658,1.0
BOL,1985,1.0,0.0,1.0,0.0,81.97,0.0,0.0,1.387,0.979,2.157,1.0
BOL,1989,1.0,0.0,1.0,0.0,73.16,0.0,0.0,1.354,0.478,2.164,1.0
BOL,1993,1.0,0.0,1.0,0.0,72.16,0.0,0.0,1.359,1.842,1.499,1.0
BOL,1997,1.0,0.0,1.0,0.0,71.36,0.0,0.0,1.727,1.826,2.169,1.0
BOL,2002,1.0,0.0,1.0,0.0,72.06,2.0,2.0,1.826,1.522,1.743,1.0
BOL,2005,1.0,0.0,1.0,0.0,84.51,2.0,2.0,1.889,1.665,1.171,1.0
BOL,2009,1.0,0.0,1.0,0.0,94.55,0.0,0.0,1.481,1.573,0.58,1.0
BOL,2014,1.0,0.0,1.0,0.0,87.45,0.0,0.0,1.027,1.23,0.203,1.0
BOL,2019,1.0,0.0,1.0,0.0,88.47,0.0,0.0,0.584,-0.718,0.122,1.0
BOL,2020,1.0,0.0,1.0,0.0,88.42,2.0,2.0,1.775,1.163,0.265,1.0
BOL,2025,1.0,0.0,1.0,1.0,86.95,2.0,2.0,1.702,2.0,1.102,1.0
HTI,1905,1.0,0.0,0.0,0.0,,0.0,0.0,-1.792,-1.678,-2.083,1.0
HTI,1908,1.0,0.0,0.0,0.0,,0.0,0.0,-1.777,-1.671,-2.092,1.0
HTI,1930,1.0,0.0,0.0,0.0,,0.0,0.0,-1.633,-0.988,-0.964,1.0
HTI,1932,1.0,0.0,0.0,0.0,,0.0,0.0,-1.619,-1.429,-0.952,1.0
HTI,1936,1.0,0.0,0.0,0.0,,0.0,0.0,-1.619,-1.816,-1.178,1.0
HTI,1940,1.0,0.0,0.0,0.0,,0.0,0.0,-1.467,-1.718,-0.947,1.0
HTI,1946,1.0,0.0,0.0,0.0,,0.0,0.0,-1.108,-1.365,-1.185,1.0
HTI,1950,1.0,0.0,1.0,0.0,,0.0,1.0,-1.367,-1.42,-0.963,1.0
HTI,1955,1.0,0.0,0.0,0.0,,0.0,0.0,-1.354,-1.614,-0.957,1.0
HTI,1957,1.0,0.0,1.0,0.0,,0.0,2.0,-2.274,-2.11,-1.186,1.0
HTI,1961,1.0,0.0,0.0,0.0,,0.0,0.0,-2.571,-2.927,-2.089,1.0
HTI,1964,1.0,0.0,1.0,0.0,,0.0,0.0,-2.979,-2.911,-2.445,1.0
HTI,1967,1.0,0.0,0.0,0.0,,0.0,0.0,-2.787,-2.917,-2.461,1.0
HTI,1973,1.0,0.0,0.0,0.0,,0.0,0.0,-2.056,-2.916,-2.433,1.0
HTI,1979,1.0,0.0,0.0,0.0,,0.0,0.0,-2.066,-3.131,-2.089,1.0
HTI,1984,1.0,0.0,0.0,0.0,,0.0,0.0,-2.056,-2.936,-1.927,1.0
HTI,1987,1.0,0.0,1.0,0.0,,0.0,0.0,-0.468,-1.938,-1.662,1.0
HTI,1988,1.0,0.0,1.0,0.0,,2.0,2.0,-0.468,-1.665,-1.662,1.0
HTI,1990,1.0,0.0,1.0,0.0,50.16,0.0,2.0,-0.009,0.948,-0.992,1.0
HTI,1991,0.0,1.0,0.0,0.0,,0.0,0.0,-0.481,-0.352,-0.748,1.0
HTI,1995,1.0,1.0,1.0,0.0,31.09,1.0,2.0,0.23,-0.369,-0.303,1.0
HTI,1997,1.0,0.0,0.0,0.0,27.8,0.0,0.0,0.04,0.342,-0.767,1.0
HTI,2000,1.0,1.0,1.0,0.0,78.29,0.0,1.0,0.537,0.058,-0.545,1.0
HTI,2006,1.0,1.0,1.0,0.0,59.26,1.0,2.0,0.03,-0.385,-0.441,1.0
HTI,2010,1.0,0.0,1.0,0.0,23.0,0.0,2.0,0.341,-0.921,-0.865,1.0
HTI,2011,0.0,1.0,0.0,1.0,22.36,0.0,2.0,0.341,-0.651,-0.571,1.0
HTI,2015,1.0,1.0,1.0,0.0,28.8,0.0,2.0,0.585,-0.824,-1.267,1.0
HTI,2016,0.0,0.0,1.0,0.0,18.11,0.0,2.0,0.569,-0.746,-0.83,1.0
HND,1902,1.0,0.0,1.0,0.0,,0.0,0.0,-1.215,-1.011,-0.055,1.0
HND,1905,1.0,0.0,1.0,0.0,,0.0,0.0,-1.303,-1.896,-0.345,1.0
HND,1911,0.0,0.0,1.0,0.0,,0.0,0.0,-0.853,-1.017,0.731,1.0
HND,1916,1.0,0.0,1.0,0.0,,0.0,0.0,-0.845,-0.325,0.721,1.0
HND,1919,1.0,0.0,1.0,0.0,,2.0,2.0,-1.24,-0.701,-0.178,1.0
HND,1922,1.0,0.0,0.0,0.0,,0.0,0.0,0.054,-0.281,-0.394,1.0
HND,1923,1.0,0.0,1.0,0.0,,0.0,0.0,-0.692,-0.42,-0.663,1.0
HND,1924,1.0,0.0,1.0,0.0,,2.0,2.0,1.043,0.092,-0.035,1.0
HND,1926,1.0,0.0,0.0,0.0,,0.0,0.0,-0.006,0.119,0.91,1.0
HND,1928,1.0,0.0,1.0,0.0,,2.0,2.0,-0.179,1.058,0.556,1.0
HND,1930,1.0,0.0,0.0,0.0,,0.0,0.0,-0.701,1.065,1.008,1.0
HND,1932,1.0,0.0,1.0,0.0,,2.0,2.0,-0.146,0.599,1.011,1.0
HND,1934,1.0,0.0,0.0,0.0,,0.0,0.0,-2.436,-1.391,-2.153,1.0
HND,1936,1.0,0.0,1.0,0.0,,0.0,0.0,-1.844,-1.415,-2.169,1.0
HND,1942,1.0,0.0,0.0,0.0,,0.0,0.0,-2.135,-1.923,-1.884,1.0
HND,1948,1.0,0.0,1.0,0.0,85.97,1.0,1.0,-0.506,-0.923,-0.073,1.0
HND,1954,1.0,0.0,1.0,0.0,61.41,0.0,0.0,-0.972,0.799,0.293,1.0
HND,1971,1.0,0.0,1.0,0.0,67.54,1.0,1.0,-0.184,0.34,0.772,1.0
HND,1981,1.0,0.0,1.0,0.0,77.95,2.0,2.0,-0.663,0.794,0.905,1.0
HND,1985,1.0,0.0,1.0,0.0,84.02,1.0,1.0,-1.319,0.355,0.934,1.0
HND,1989,1.0,0.0,1.0,0.0,76.03,2.0,2.0,-0.646,0.79,1.232,1.0
HND,1993,1.0,0.0,1.0,0.0,64.97,2.0,2.0,-0.636,0.766,1.399,1.0
HND,1997,1.0,0.0,1.0,0.0,72.09,1.0,1.0,-0.649,0.784,1.24,1.0
HND,2001,1.0,0.0,1.0,0.0,66.34,2.0,2.0,-0.622,0.8,1.235,1.0
HND,2005,1.0,0.0,1.0,0.0,55.08,2.0,2.0,0.546,-0.061,0.132,1.0
HND,2009,1.0,0.0,1.0,0.0,49.88,2.0,2.0,0.146,-0.747,-1.028,1.0
HND,2013,1.0,0.0,1.0,0.0,61.16,1.0,1.0,1.616,-0.484,-0.521,1.0
HND,2017,1.0,0.0,1.0,0.0,59.49,0.0,0.0,0.434,-1.17,-0.751,1.0
HND,2021,1.0,0.0,1.0,0.0,69.09,2.0,2.0,1.461,0.338,-0.525,1.0
HND,2025,1.0,0.0,1.0,0.0,,2.0,2.0,1.378,-0.049,0.305,1.0
MLI,1947,1.0,0.0,0.0,0.0,,0.0,0.0,-0.398,-0.575,-0.14,1.0
MLI,1952,1.0,0.0,0.0,0.0,,0.0,0.0,-0.678,-0.39,-0.129,1.0
MLI,1957,1.0,0.0,0.0,0.0,34.0,0.0,0.0,-0.548,-0.537,-0.37,1.0
MLI,1959,1.0,0.0,0.0,0.0,32.3,2.0,0.0,-0.598,-0.101,-0.684,1.0
MLI,1964,1.0,0.0,0.0,0.0,88.9,0.0,0.0,-1.081,-0.394,-1.822,1.0
MLI,1979,1.0,0.0,1.0,0.0,97.0,0.0,0.0,-2.539,-1.619,-1.596,1.0
MLI,1982,1.0,0.0,0.0,0.0,96.0,0.0,0.0,-1.743,-1.611,-2.44,1.0
MLI,1985,1.0,0.0,1.0,0.0,,0.0,0.0,-2.751,-1.121,-2.347,1.0
MLI,1988,1.0,0.0,0.0,0.0,97.8,0.0,0.0,-2.294,-1.619,-2.456,1.0
MLI,1992,1.0,1.0,1.0,1.0,23.6,1.0,2.0,0.463,0.263,0.978,1.0
MLI,1997,1.0,1.0,1.0,0.0,28.41,0.0,0.0,0.006,-0.404,-0.938,1.0
MLI,2002,1.0,1.0,1.0,1.0,38.57,0.0,2.0,1.201,0.171,1.346,1.0
MLI,2007,1.0,1.0,1.0,0.0,36.24,1.0,0.0,1.593,0.084,0.477,1.0
MLI,2013,1.0,1.0,1.0,1.0,48.98,2.0,2.0,0.759,-0.165,0.3,1.0
MLI,2018,0.0,0.0,1.0,1.0,42.7,0.0,0.0,1.043,-0.764,0.096,1.0
MLI,2020,1.0,1.0,0.0,0.0,35.58,0.0,0.0,-0.008,-0.248,1.5,1.0
PAK,1970,1.0,0.0,0.0,0.0,,0.0,0.0,0.781,0.86,0.776,1.0
PAK,1977,1.0,0.0,0.0,0.0,55.02,0.0,0.0,1.336,-1.611,-0.461,1.0
PAK,1985,1.0,0.0,0.0,0.0,52.93,0.0,0.0,-2.038,-1.469,-1.785,1.0
PAK,1988,1.0,0.0,0.0,0.0,43.07,2.0,0.0,1.307,-0.634,-0.252,1.0
PAK,1990,1.0,0.0,0.0,0.0,45.46,2.0,0.0,0.54,-0.351,-0.267,1.0
PAK,1993,1.0,0.0,0.0,0.0,40.28,2.0,0.0,1.331,-0.337,-0.047,1.0
PAK,1997,1.0,0.0,0.0,0.0,35.17,2.0,0.0,1.338,-0.341,-0.037,1.0
PAK,2002,1.0,0.0,1.0,0.0,61.53,1.0,0.0,0.257,-0.854,-1.268,1.0
PAK,2008,1.0,0.0,0.0,0.0,44.55,2.0,0.0,0.573,-0.15,-0.575,1.0
PAK,2013,1.0,0.0,0.0,0.0,53.62,2.0,0.0,1.878,-0.301,-0.389,1.0
PAK,2018,1.0,0.0,0.0,0.0,50.14,2.0,0.0,0.725,-0.692,-0.993,1.0
PAK,2024,1.0,0.0,0.0,0.0,47.28,2.0,0.0,0.545,-1.556,-1.513,1.0
PER,1903,0.0,0.0,1.0,0.0,,2.0,2.0,-0.873,-1.692,-1.085,1.0
PER,1904,1.0,0.0,1.0,0.0,,,,-0.32,-1.653,-1.182,1.0
PER,1908,0.0,0.0,1.0,0.0,,2.0,2.0,-0.948,-1.331,-1.061,1.0
PER,1911,1.0,0.0,0.0,0.0,,0.0,0.0,-0.548,-1.53,-0.912,1.0
PER,1912,0.0,0.0,1.0,0.0,,2.0,2.0,-0.305,-1.775,-1.474,1.0
PER,1915,0.0,0.0,1.0,0.0,,2.0,2.0,-0.869,-0.905,-0.929,1.0
PER,1919,0.0,0.0,1.0,0.0,,2.0,2.0,-0.3,-1.305,-1.049,1.0
PER,1931,0.0,0.0,1.0,0.0,82.5,2.0,2.0,-0.435,-1.521,-1.439,0.0
PER,1939,1.0,0.0,1.0,0.0,,2.0,2.0,-0.767,-1.503,-1.084,1.0
PER,1945,1.0,0.0,1.0,0.0,58.76,2.0,2.0,-0.676,-0.353,-0.935,1.0
PER,1950,1.0,0.0,1.0,0.0,70.96,2.0,2.0,-2.837,-3.112,-2.603,1.0
PER,1956,1.0,0.0,1.0,0.0,84.04,2.0,2.0,-0.397,-0.499,-1.092,1.0
PER,1962,1.0,0.0,1.0,0.0,88.6,0.0,0.0,0.2,-0.825,-0.822,1.0
PER,1963,1.0,0.0,1.0,0.0,94.38,2.0,2.0,1.181,-0.363,-1.059,1.0
PER,1980,1.0,0.0,1.0,0.0,81.83,2.0,2.0,1.209,0.629,0.702,1.0
PER,1985,1.0,0.0,1.0,0.0,91.15,2.0,2.0,1.175,0.793,0.725,1.0
PER,1990,1.0,0.0,1.0,1.0,79.66,2.0,2.0,1.145,0.628,0.314,1.0
PER,1992,1.0,0.0,0.0,0.0,,0.0,0.0,0.162,-0.141,-0.536,1.0
PER,1995,1.0,0.0,1.0,0.0,72.96,0.0,0.0,0.434,-0.109,-1.47,1.0
PER,2000,1.0,0.0,1.0,1.0,85.29,0.0,0.0,-0.056,-1.578,-2.094,1.0
PER,2001,1.0,0.0,1.0,1.0,83.71,2.0,2.0,1.175,1.511,0.712,1.0
PER,2006,1.0,0.0,1.0,1.0,88.66,2.0,2.0,1.632,1.734,1.153,1.0
PER,2011,1.0,0.0,1.0,1.0,83.72,2.0,2.0,1.848,2.098,1.758,1.0
PER,2016,1.0,0.0,1.0,1.0,81.88,0.0,2.0,1.318,1.211,1.609,1.0
PER,2020,1.0,0.0,0.0,0.0,74.07,0.0,0.0,1.719,2.097,2.115,1.0
PER,2021,1.0,0.0,1.0,1.0,74.57,2.0,2.0,0.949,1.409,2.117,1.0
SEN,1946,1.0,0.0,0.0,0.0,,0.0,0.0,1.126,0.299,0.175,1.0
SEN,1952,1.0,0.0,0.0,0.0,,0.0,0.0,1.117,0.29,0.173,1.0
SEN,1957,1.0,0.0,0.0,0.0,54.6,0.0,0.0,1.095,0.289,0.155,1.0
SEN,1959,1.0,0.0,0.0,0.0,74.5,0.0,0.0,1.075,0.293,-0.626,1.0
SEN,1963,1.0,0.0,1.0,0.0,86.2,0.0,0.0,-1.336,-0.153,-0.468,1.0
SEN,1968,1.0,0.0,1.0,0.0,94.6,0.0,0.0,-0.238,-0.178,-0.911,1.0
SEN,1973,1.0,0.0,1.0,0.0,97.0,0.0,0.0,-1.611,-0.165,-0.971,1.0
SEN,1978,1.0,0.0,1.0,0.0,,0.0,0.0,-0.171,-0.362,-0.985,1.0
SEN,1983,1.0,0.0,1.0,0.0,58.2,1.0,1.0,-0.369,-0.096,-0.994,1.0
SEN,1988,1.0,0.0,1.0,0.0,58.7,0.0,0.0,1.343,-0.564,-0.988,1.0
SEN,1993,1.0,0.0,1.0,0.0,51.5,0.0,0.0,1.406,1.068,-1.012,1.0
SEN,1998,1.0,0.0,0.0,0.0,39.28,1.0,0.0,1.335,1.073,-0.605,1.0
SEN,2000,0.0,0.0,1.0,1.0,61.0,0.0,2.0,0.902,1.582,-0.388,1.0
SEN,2001,1.0,0.0,0.0,0.0,67.26,0.0,0.0,0.798,1.386,-0.349,1.0
SEN,2007,1.0,0.0,1.0,0.0,70.62,2.0,0.0,1.635,0.802,0.17,1.0
SEN,2012,1.0,0.0,1.0,1.0,57.12,0.0,2.0,1.592,1.698,0.22,1.0
SEN,2017,1.0,0.0,0.0,0.0,53.66,0.0,0.0,1.498,1.166,0.974,1.0
SEN,2019,0.0,0.0,1.0,0.0,66.27,0.0,0.0,1.46,1.209,0.821,1.0
SEN,2022,1.0,0.0,0.0,0.0,46.64,0.0,0.0,1.47,0.555,0.018,1.0
SEN,2024,1.0,0.0,1.0,0.0,61.3,2.0,2.0,1.151,1.099,0.001,1.0
SDN,1948,1.0,0.0,0.0,0.0,,,0.0,-2.01,-0.749,-1.046,1.0
SDN,1953,1.0,0.0,0.0,0.0,,2.0,0.0,-2.063,0.076,-0.257,1.0
SDN,1958,1.0,0.0,0.0,0.0,,2.0,0.0,-1.253,-0.125,-0.501,1.0
SDN,1971,0.0,0.0,1.0,0.0,92.9,0.0,0.0,-2.048,-1.451,-1.058,1.0
SDN,1974,1.0,0.0,0.0,0.0,,0.0,0.0,-1.998,-1.197,-0.88,1.0
SDN,1977,0.0,0.0,1.0,0.0,98.3,0.0,0.0,-2.312,-1.344,-0.892,1.0
SDN,1978,1.0,0.0,0.0,0.0,,0.0,0.0,-1.359,-1.344,-0.962,1.0
SDN,1980,1.0,0.0,0.0,0.0,,0.0,0.0,-1.65,-1.348,-1.0,1.0
SDN,1981,1.0,0.0,0.0,0.0,,0.0,0.0,-1.639,-1.343,-0.965,1.0
SDN,1983,0.0,0.0,1.0,0.0,72.0,0.0,0.0,-1.264,-1.09,-0.964,1.0
SDN,1986,1.0,0.0,0.0,0.0,,2.0,0.0,-0.058,-0.223,-0.33,1.0
SDN,1996,1.0,0.0,1.0,0.0,72.2,0.0,0.0,-1.615,-1.929,-2.169,1.0
SDN,2000,1.0,0.0,1.0,0.0,,0.0,0.0,-1.314,-1.943,-2.084,1.0
SDN,2010,1.0,0.0,1.0,0.0,72.0,0.0,0.0,-0.474,-1.362,-1.773,1.0
SDN,2015,1.0,0.0,1.0,0.0,46.4,0.0,0.0,-0.473,-1.17,-1.309,1.0
VNM,1946,1.0,0.0,0.0,0.0,,0.0,0.0,-0.481,-0.278,-0.322,1.0
VNM,1960,1.0,0.0,0.0,0.0,99.9,0.0,0.0,-1.371,-1.297,-1.389,1.0
VNM,1964,1.0,0.0,0.0,0.0,97.8,0.0,0.0,-1.179,-1.299,-1.388,1.0
VNM,1971,1.0,0.0,0.0,0.0,98.9,0.0,0.0,-1.809,-1.286,-1.406,1.0
VNM,1975,1.0,0.0,0.0,0.0,98.26,0.0,0.0,-1.808,-1.298,-1.385,1.0
VNM,1976,1.0,0.0,0.0,0.0,98.8,0.0,0.0,-1.886,-1.304,-0.873,1.0
VNM,1981,1.0,0.0,0.0,0.0,98.0,0.0,0.0,-2.292,-1.438,-1.398,1.0
VNM,1987,1.0,1.0,0.0,0.0,98.8,0.0,0.0,-2.285,-1.445,-1.389,1.0
VNM,1992,1.0,0.0,0.0,0.0,99.1,0.0,0.0,-2.642,-1.439,-1.407,1.0
VNM,1997,1.0,0.0,0.0,0.0,99.6,0.0,0.0,-2.667,-1.434,-1.389,1.0
VNM,2002,1.0,0.0,0.0,0.0,99.0,0.0,0.0,-1.741,-1.691,-1.497,1.0
VNM,2007,1.0,0.0,0.0,0.0,99.64,0.0,0.0,-1.92,-1.617,-1.406,1.0
VNM,2011,1.0,0.0,0.0,0.0,99.51,0.0,0.0,-2.008,-1.636,-1.409,1.0
VNM,2016,1.0,0.0,0.0,0.0,99.26,0.0,0.0,-2.339,-1.1,-0.902,1.0
VNM,2021,1.0,0.0,0.0,0.0,95.6,0.0,0.0,-3.189,-1.445,-0.922,1.0
VDR,1955,0.0,0.0,1.0,0.0,,0.0,2.0,0.421,-1.706,-0.752,1.0
VDR,1956,1.0,0.0,0.0,0.0,,0.0,0.0,0.421,-1.585,-0.418,1.0
VDR,1959,1.0,0.0,0.0,0.0,,0.0,0.0,-0.196,-1.501,-0.411,1.0
VDR,1961,0.0,0.0,1.0,0.0,89.0,0.0,0.0,-0.206,-1.508,-0.377,1.0
VDR,1963,1.0,0.0,0.0,0.0,,0.0,0.0,-0.312,-1.396,-0.186,1.0
VDR,1967,1.0,0.0,1.0,0.0,83.2,0.0,2.0,0.097,-1.312,-0.217,1.0
VDR,1971,1.0,0.0,1.0,0.0,89.9,0.0,0.0,0.106,-1.322,-0.201,1.0
AFG,1931,1.0,0.0,0.0,0.0,,0.0,0.0,-3.092,-1.92,-1.294,1.0
AFG,1934,1.0,0.0,0.0,0.0,,0.0,0.0,-2.789,-1.771,-1.297,1.0
AFG,1937,1.0,0.0,0.0,0.0,,0.0,0.0,-2.809,-1.925,-1.284,1.0
AFG,1940,1.0,0.0,0.0,0.0,,0.0,0.0,-2.631,-1.873,-1.333,1.0
AFG,1943,1.0,0.0,0.0,0.0,,0.0,0.0,-2.637,-1.869,-1.343,1.0
AFG,1946,1.0,0.0,0.0,0.0,,0.0,0.0,-2.626,-1.335,-1.346,1.0
AFG,1949,1.0,0.0,0.0,0.0,,0.0,0.0,-1.937,-1.169,-0.935,1.0
AFG,1952,1.0,0.0,0.0,0.0,,0.0,0.0,-2.629,-1.681,-1.334,1.0
AFG,1955,1.0,0.0,0.0,0.0,,0.0,0.0,-2.655,-1.493,-1.357,1.0
AFG,1958,1.0,0.0,0.0,0.0,,0.0,0.0,-2.626,-1.493,-1.346,1.0
AFG,1961,1.0,0.0,0.0,0.0,,0.0,0.0,-2.644,-1.271,-1.343,1.0
AFG,1965,1.0,0.0,0.0,0.0,,0.0,0.0,-1.404,-1.116,-0.647,1.0
AFG,1969,1.0,0.0,0.0,0.0,50.0,0.0,0.0,-1.253,-1.271,-0.633,1.0
AFG,1988,1.0,0.0,0.0,0.0,,2.0,0.0,-1.541,-1.776,-1.859,1.0
AFG,2004,0.0,0.0,1.0,0.0,83.66,0.0,2.0,-0.821,-0.433,-0.743,1.0
AFG,2005,1.0,0.0,0.0,0.0,49.37,2.0,0.0,-0.821,-0.433,-0.743,1.0
AFG,2009,0.0,0.0,1.0,0.0,38.8,0.0,0.0,-0.86,-0.908,-0.865,1.0
AFG,2010,1.0,0.0,0.0,0.0,45.83,2.0,0.0,-0.849,-0.955,-0.808,1.0
AFG,2014,0.0,0.0,1.0,1.0,38.9,1.0,1.0,-0.811,-0.954,-0.513,1.0
AFG,2018,1.0,0.0,0.0,0.0,45.23,0.0,0.0,-0.432,-1.044,-0.9,1.0
AFG,2019,0.0,0.0,1.0,0.0,19.0,0.0,0.0,-0.432,-0.952,-1.048,1.0
ARG,1904,0.0,0.0,1.0,0.0,,,,0.606,-1.89,0.828,1.0
ARG,1910,0.0,0.0,1.0,0.0,,,,0.603,-1.353,0.856,1.0
ARG,1912,1.0,0.0,0.0,0.0,68.5,0.0,0.0,1.268,-0.022,0.631,1.0
ARG,1914,1.0,0.0,0.0,0.0,55.7,0.0,0.0,1.26,-0.015,0.642,1.0
ARG,1916,1.0,0.0,1.0,0.0,62.7,2.0,2.0,1.371,0.641,0.951,1.0
ARG,1918,1.0,0.0,0.0,0.0,56.4,0.0,0.0,1.4,0.689,1.695,1.0
ARG,1920,1.0,0.0,0.0,0.0,53.0,0.0,0.0,1.453,0.691,1.707,1.0
ARG,1922,1.0,0.0,1.0,0.0,55.2,1.0,1.0,1.365,0.859,1.759,1.0
ARG,1924,1.0,0.0,0.0,0.0,44.2,0.0,0.0,1.456,0.832,1.783,1.0
ARG,1926,1.0,0.0,0.0,0.0,49.2,0.0,0.0,1.442,0.846,1.785,1.0
ARG,1928,1.0,0.0,1.0,0.0,80.9,1.0,1.0,1.462,0.853,1.767,1.0
ARG,1930,1.0,0.0,0.0,0.0,75.1,0.0,0.0,1.433,0.45,1.8,1.0
ARG,1931,1.0,0.0,1.0,0.0,73.4,2.0,2.0,-0.543,-0.906,-0.109,1.0
ARG,1934,1.0,0.0,0.0,0.0,65.9,0.0,0.0,-0.549,-0.884,-0.382,1.0
ARG,1936,1.0,0.0,0.0,0.0,70.9,0.0,0.0,-0.16,-1.052,-0.377,1.0
ARG,1937,0.0,0.0,1.0,0.0,,1.0,1.0,-0.159,-1.232,-0.371,1.0
ARG,1938,1.0,0.0,0.0,0.0,,0.0,0.0,-0.159,-1.043,-0.371,1.0
ARG,1940,1.0,0.0,0.0,0.0,,0.0,0.0,-0.32,-1.035,-0.38,1.0
ARG,1942,1.0,0.0,0.0,0.0,,0.0,0.0,-0.165,-1.232,-0.369,1.0
ARG,1946,1.0,0.0,1.0,0.0,,2.0,2.0,1.458,0.781,0.45,1.0
ARG,1948,1.0,0.0,0.0,0.0,74.2,0.0,0.0,0.578,0.769,0.298,1.0
ARG,1951,1.0,0.0,1.0,0.0,,0.0,0.0,0.028,0.757,-0.04,1.0
ARG,1954,1.0,0.0,0.0,0.0,86.0,0.0,0.0,0.048,0.195,0.055,1.0
ARG,1958,1.0,0.0,1.0,0.0,,2.0,2.0,-0.537,0.574,0.125,1.0
ARG,1960,1.0,0.0,0.0,0.0,87.07,0.0,0.0,-0.542,0.255,0.644,1.0
ARG,1962,1.0,0.0,0.0,0.0,85.73,0.0,0.0,-0.317,-0.172,0.025,1.0
ARG,1963,1.0,0.0,1.0,0.0,,1.0,1.0,-0.534,0.594,0.537,1.0
ARG,1965,1.0,0.0,0.0,0.0,83.46,0.0,0.0,-0.159,0.603,0.728,1.0
ARG,1973,1.0,1.0,1.0,0.0,85.55,2.0,2.0,1.451,0.918,0.62,1.0
ARG,1983,1.0,0.0,1.0,0.0,83.25,2.0,2.0,1.388,1.842,1.822,1.0
ARG,1985,1.0,0.0,0.0,0.0,82.19,0.0,0.0,1.456,1.832,1.834,1.0
ARG,1987,1.0,0.0,0.0,0.0,83.61,0.0,0.0,1.421,1.84,1.832,1.0
ARG,1989,1.0,0.0,1.0,0.0,85.02,2.0,2.0,1.456,1.844,1.842,1.0
ARG,1991,1.0,0.0,0.0,0.0,89.71,0.0,0.0,1.445,1.838,1.839,1.0
ARG,1993,1.0,0.0,0.0,0.0,79.7,0.0,0.0,1.439,1.83,1.845,1.0
ARG,1995,1.0,0.0,1.0,0.0,80.96,0.0,0.0,1.438,1.857,1.85,1.0
ARG,1997,1.0,0.0,0.0,0.0,78.22,0.0,0.0,1.439,1.838,1.85,1.0
ARG,1999,1.0,0.0,1.0,0.0,78.61,2.0,2.0,1.452,1.816,1.847,1.0
ARG,2001,1.0,0.0,0.0,0.0,75.21,0.0,0.0,1.438,1.844,1.84,1.0
ARG,2003,1.0,0.0,1.0,0.0,76.9,2.0,2.0,1.452,1.832,1.842,1.0
ARG,2005,1.0,0.0,0.0,0.0,70.94,0.0,0.0,1.828,1.686,1.276,1.0
ARG,2007,1.0,0.0,1.0,0.0,71.81,1.0,1.0,1.818,1.433,1.29,1.0
ARG,2009,1.0,0.0,0.0,0.0,72.39,0.0,0.0,1.823,1.281,1.286,1.0
ARG,2011,1.0,0.0,1.0,0.0,79.39,0.0,0.0,1.847,1.681,1.286,1.0
ARG,2013,1.0,0.0,0.0,0.0,77.17,0.0,0.0,1.805,2.061,1.217,1.0
ARG,2015,1.0,0.0,1.0,1.0,80.77,2.0,2.0,1.835,1.633,1.009,1.0
ARG,2017,1.0,0.0,0.0,0.0,76.74,0.0,0.0,1.8,2.355,1.294,1.0
ARG,2019,1.0,0.0,1.0,0.0,79.0,2.0,2.0,1.773,2.285,1.778,1.0
ARG,2021,1.0,0.0,0.0,0.0,71.51,0.0,0.0,1.684,2.411,1.907,1.0
ARG,2023,1.0,0.0,1.0,1.0,77.14,2.0,2.0,1.707,2.24,1.137,1.0
ARG,2025,1.0,0.0,0.0,0.0,67.92,0.0,0.0,1.65,2.143,0.858,1.0
ETH,1955,1.0,0.0,0.0,0.0,,0.0,0.0,-3.579,-2.608,-1.157,1.0
ETH,1957,1.0,0.0,0.0,0.0,,0.0,0.0,-2.863,-2.617,-1.157,1.0
ETH,1961,1.0,0.0,0.0,0.0,,0.0,0.0,-2.936,-2.696,-1.161,1.0
ETH,1965,1.0,0.0,0.0,0.0,,0.0,0.0,-2.679,-2.674,-1.165,1.0
ETH,1969,1.0,0.0,0.0,0.0,,0.0,0.0,-2.203,-2.712,-1.161,1.0
ETH,1973,1.0,0.0,0.0,0.0,,0.0,0.0,-2.444,-2.711,-1.145,1.0
ETH,1987,1.0,0.0,0.0,0.0,90.5,2.0,0.0,-3.574,-3.068,-1.132,1.0
ETH,1995,1.0,0.0,0.0,0.0,94.05,2.0,0.0,-1.305,-1.826,-0.89,1.0
ETH,2000,1.0,0.0,0.0,0.0,90.0,0.0,0.0,-0.78,-1.744,-1.023,1.0
ETH,2005,1.0,0.0,0.0,0.0,82.6,0.0,0.0,-0.161,-0.957,-0.813,1.0
ETH,2010,1.0,0.0,0.0,0.0,93.44,0.0,0.0,-1.152,-1.834,-1.257,1.0
ETH,2015,1.0,0.0,0.0,0.0,93.22,0.0,0.0,-0.998,-1.475,-1.645,1.0
ETH,2021,1.0,0.0,0.0,0.0,93.64,1.0,0.0,-0.437,-0.9,-0.933,1.0
IND,1920,1.0,0.0,0.0,0.0,,0.0,0.0,-0.962,0.606,0.343,1.0
IND,1923,1.0,0.0,0.0,0.0,,0.0,0.0,-1.152,0.698,0.449,1.0
IND,1926,1.0,0.0,0.0,0.0,,0.0,0.0,-1.706,0.727,0.465,1.0
IND,1930,1.0,0.0,0.0,0.0,,0.0,0.0,-1.702,0.723,0.452,1.0
IND,1934,1.0,0.0,0.0,0.0,,0.0,0.0,-1.68,0.706,0.446,1.0
IND,1945,1.0,0.0,0.0,0.0,,0.0,0.0,-1.681,0.974,0.724,1.0
IND,1951,1.0,0.0,0.0,0.0,61.17,0.0,0.0,-0.415,1.664,1.428,1.0
IND,1957,1.0,0.0,0.0,0.0,62.23,0.0,0.0,1.248,1.677,1.435,1.0
IND,1962,1.0,0.0,0.0,0.0,55.42,0.0,0.0,-0.395,1.669,1.465,1.0
IND,1967,1.0,0.0,0.0,0.0,61.04,0.0,0.0,1.265,1.678,0.87,1.0
IND,1971,1.0,0.0,0.0,0.0,55.25,0.0,0.0,1.217,0.804,0.886,1.0
IND,1977,1.0,0.0,0.0,0.0,60.49,2.0,0.0,0.708,0.825,1.439,1.0
IND,1980,1.0,0.0,0.0,0.0,56.92,2.0,0.0,0.705,0.805,1.462,1.0
IND,1984,1.0,0.0,0.0,0.0,63.56,0.0,0.0,1.255,1.661,1.451,1.0
IND,1989,1.0,0.0,0.0,0.0,61.98,2.0,0.0,0.805,1.686,1.435,1.0
IND,1991,1.0,0.0,0.0,0.0,56.73,2.0,0.0,1.256,1.695,1.464,1.0
IND,1996,1.0,0.0,0.0,0.0,57.94,2.0,0.0,0.714,1.679,1.444,1.0
IND,1998,1.0,0.0,0.0,0.0,61.97,2.0,0.0,1.26,1.679,1.443,1.0
IND,1999,1.0,0.0,0.0,0.0,59.99,0.0,0.0,0.675,1.672,1.452,1.0
IND,2004,1.0,0.0,0.0,0.0,58.07,2.0,0.0,0.703,1.701,1.445,1.0
IND,2009,1.0,0.0,0.0,0.0,58.17,0.0,0.0,1.652,1.401,-0.186,1.0
IND,2014,1.0,0.0,0.0,0.0,66.4,2.0,0.0,1.653,1.316,-0.167,1.0
IND,2019,1.0,0.0,0.0,0.0,67.47,0.0,0.0,1.582,0.31,-0.529,1.0
IND,2024,1.0,0.0,0.0,0.0,65.79,0.0,0.0,1.015,0.309,-0.536,1.0
KEN,1920,1.0,0.0,0.0,0.0,,0.0,0.0,-1.967,0.986,-0.897,1.0
KEN,1924,1.0,0.0,0.0,0.0,,0.0,0.0,-2.22,0.989,-0.905,1.0
KEN,1927,1.0,0.0,0.0,0.0,,0.0,0.0,-1.963,0.987,-0.892,1.0
KEN,1931,1.0,0.0,0.0,0.0,,0.0,0.0,-1.965,0.986,-1.05,1.0
KEN,1934,1.0,0.0,0.0,0.0,,0.0,0.0,-1.656,-0.344,-1.261,1.0
KEN,1938,1.0,0.0,0.0,0.0,,0.0,0.0,-2.223,0.988,-0.891,1.0
KEN,1944,1.0,0.0,0.0,0.0,,0.0,0.0,-1.956,0.995,-0.904,1.0
KEN,1948,1.0,0.0,0.0,0.0,,0.0,0.0,-2.223,0.984,-0.983,1.0
KEN,1952,1.0,0.0,0.0,0.0,,0.0,0.0,-2.069,0.725,-1.15,1.0
KEN,1954,1.0,0.0,0.0,0.0,,0.0,0.0,-1.968,0.729,-1.146,1.0
KEN,1956,1.0,1.0,0.0,0.0,,0.0,0.0,-1.148,0.724,-1.228,1.0
KEN,1961,1.0,0.0,0.0,0.0,,0.0,0.0,-0.236,1.06,0.091,1.0
KEN,1963,1.0,0.0,0.0,0.0,,0.0,0.0,-0.082,0.78,0.437,1.0
KEN,1966,1.0,0.0,0.0,0.0,,0.0,0.0,-0.458,-0.434,-1.501,1.0
KEN,1969,1.0,0.0,1.0,0.0,,0.0,0.0,-1.278,-0.3,-0.685,1.0
KEN,1974,1.0,0.0,1.0,0.0,,0.0,0.0,-1.697,-0.205,-0.018,1.0
KEN,1979,1.0,0.0,1.0,0.0,,0.0,0.0,-2.05,-0.568,-0.569,1.0
KEN,1983,1.0,0.0,1.0,0.0,,0.0,0.0,-1.546,-0.562,-1.008,1.0
KEN,1988,1.0,0.0,1.0,0.0,,0.0,0.0,-1.023,-0.898,-1.784,1.0
KEN,1992,1.0,0.0,1.0,0.0,66.81,0.0,0.0,0.583,-0.477,-1.223,1.0
KEN,1997,1.0,0.0,1.0,0.0,83.86,0.0,0.0,0.587,-0.349,-0.574,1.0
KEN,2002,1.0,0.0,1.0,0.0,57.18,2.0,2.0,0.576,0.187,-0.817,1.0
KEN,2007,1.0,0.0,1.0,0.0,69.09,0.0,0.0,0.783,-1.338,-0.718,1.0
KEN,2013,1.0,0.0,1.0,0.0,85.91,2.0,2.0,1.214,-0.247,-0.175,1.0
KEN,2017,1.0,0.0,1.0,0.0,79.49,0.0,0.0,1.137,-0.687,-0.414,1.0
KEN,2022,1.0,0.0,1.0,0.0,64.77,2.0,2.0,1.592,-0.029,0.035,1.0
PRK,1948,1.0,0.0,0.0,0.0,99.91,0.0,0.0,-1.497,-1.502,-1.683,1.0
PRK,1957,1.0,0.0,0.0,0.0,99.99,0.0,0.0,-3.088,-1.864,-2.397,1.0
PRK,1962,1.0,0.0,0.0,0.0,100.0,0.0,0.0,-2.73,-2.64,-2.399,1.0
PRK,1967,1.0,0.0,0.0,0.0,100.0,0.0,0.0,-3.06,-2.679,-2.423,1.0
PRK,1972,1.0,0.0,0.0,0.0,100.0,0.0,0.0,-2.06,-2.647,-2.393,1.0
PRK,1977,1.0,0.0,0.0,0.0,100.0,0.0,0.0,-2.769,-2.627,-2.428,1.0
PRK,1982,1.0,0.0,0.0,0.0,100.0,0.0,0.0,-3.059,-2.648,-2.404,1.0
PRK,1986,1.0,0.0,0.0,0.0,100.0,0.0,0.0,-3.076,-2.644,-2.4,1.0
PRK,1990,1.0,0.0,0.0,0.0,99.78,0.0,0.0,-2.743,-2.649,-2.402,1.0
PRK,1998,1.0,0.0,0.0,0.0,99.85,0.0,0.0,-3.072,-2.664,-2.401,1.0
PRK,2003,1.0,0.0,0.0,0.0,99.9,0.0,0.0,-2.071,-2.651,-2.581,1.0
PRK,2009,1.0,0.0,0.0,0.0,99.98,0.0,0.0,-2.451,-2.846,-2.903,1.0
PRK,2014,1.0,0.0,0.0,0.0,99.97,0.0,0.0,-2.903,-2.752,-3.034,1.0
PRK,2019,1.0,0.0,0.0,0.0,99.99,1.0,0.0,-2.873,-2.728,-3.327,1.0
KOR,1948,1.0,0.0,0.0,0.0,95.5,2.0,0.0,-0.721,-1.347,-0.684,1.0
KOR,1950,1.0,0.0,0.0,0.0,91.9,2.0,0.0,0.239,-1.339,-1.919,1.0
KOR,1952,0.0,0.0,1.0,0.0,88.1,0.0,0.0,0.23,-1.33,-1.905,1.0
KOR,1954,1.0,0.0,0.0,0.0,91.1,1.0,0.0,0.23,-1.355,-1.905,1.0
KOR,1956,0.0,0.0,1.0,0.0,94.4,0.0,0.0,-0.267,-1.56,-1.636,1.0
KOR,1958,1.0,0.0,0.0,0.0,87.8,0.0,0.0,0.233,-1.564,-1.915,1.0
KOR,1960,1.0,0.0,1.0,0.0,97.0,1.0,1.0,0.464,-1.54,-1.575,1.0
KOR,1963,1.0,0.0,1.0,0.0,85.0,2.0,0.0,-0.366,-1.182,-1.613,1.0
KOR,1967,1.0,0.0,1.0,0.0,76.12,0.0,0.0,0.029,-1.167,-1.626,1.0
KOR,1971,1.0,0.0,1.0,0.0,79.8,1.0,0.0,0.096,-1.118,-1.618,1.0
KOR,1973,1.0,0.0,0.0,0.0,71.36,0.0,0.0,-0.623,-1.69,-1.943,1.0
KOR,1978,1.0,0.0,0.0,0.0,77.09,0.0,0.0,-0.813,-1.712,-1.946,1.0
KOR,1981,1.0,0.0,0.0,0.0,78.42,0.0,0.0,-1.364,-1.71,-1.953,1.0
KOR,1985,1.0,0.0,0.0,0.0,84.57,0.0,0.0,0.239,-0.395,-1.002,1.0
KOR,1987,0.0,0.0,1.0,0.0,35.9,0.0,1.0,1.502,1.16,-0.3,1.0
KOR,1988,1.0,0.0,0.0,0.0,75.73,0.0,0.0,1.502,1.666,-0.022,1.0
KOR,1992,1.0,0.0,1.0,0.0,71.86,2.0,1.0,1.501,1.643,0.312,1.0
KOR,1996,1.0,0.0,0.0,0.0,63.91,0.0,0.0,1.467,2.18,0.318,1.0
KOR,1997,0.0,0.0,1.0,0.0,80.65,0.0,2.0,1.489,2.152,1.864,1.0
KOR,2000,1.0,0.0,0.0,0.0,57.21,0.0,0.0,1.483,2.153,1.86,1.0
KOR,2002,0.0,0.0,1.0,0.0,70.83,0.0,1.0,1.478,2.17,1.896,1.0
KOR,2004,1.0,0.0,0.0,0.0,59.98,2.0,0.0,1.499,2.16,1.876,1.0
KOR,2007,0.0,0.0,1.0,0.0,63.01,0.0,2.0,1.653,2.304,1.969,1.0
KOR,2008,1.0,0.0,0.0,0.0,46.01,0.0,0.0,1.653,2.304,1.969,1.0
KOR,2012,1.0,0.0,1.0,0.0,75.84,0.0,1.0,1.614,0.786,1.895,1.0
KOR,2016,1.0,0.0,0.0,0.0,58.03,0.0,0.0,1.61,1.748,1.907,1.0
KOR,2017,0.0,0.0,1.0,0.0,77.2,2.0,2.0,1.602,2.24,1.897,1.0
KOR,2020,1.0,0.0,0.0,0.0,66.21,0.0,0.0,1.558,2.253,1.857,1.0
KOR,2022,0.0,0.0,1.0,0.0,77.08,2.0,2.0,1.493,2.17,1.8,1.0
KOR,2024,1.0,0.0,0.0,0.0,66.97,0.0,0.0,1.37,2.038,1.61,1.0
KOR,2025,0.0,0.0,1.0,0.0,79.38,2.0,2.0,1.251,1.854,1.511,1.0
XKX,2001,1.0,0.0,0.0,0.0,,2.0,0.0,-1.15,0.866,-0.137,1.0
XKX,2004,1.0,0.0,0.0,0.0,49.52,2.0,0.0,-0.805,0.199,-0.334,1.0
XKX,2007,1.0,0.0,0.0,0.0,43.23,2.0,0.0,0.0,-0.066,0.089,1.0
XKX,2010,1.0,0.0,0.0,0.0,45.62,0.0,0.0,0.024,-0.27,-0.178,1.0
XKX,2014,1.0,0.0,0.0,0.0,42.63,2.0,2.0,0.294,1.562,0.586,1.0
XKX,2017,1.0,0.0,0.0,0.0,41.3,2.0,0.0,0.208,1.389,0.945,1.0
XKX,2019,1.0,0.0,0.0,0.0,43.2,2.0,0.0,1.227,1.233,0.818,1.0
XKX,2021,1.0,0.0,0.0,0.0,48.84,2.0,2.0,1.19,1.192,0.644,1.0
XKX,2025,1.0,0.0,0.0,0.0,47.46,0.0,0.0,1.416,0.69,0.372,1.0
LBN,1943,1.0,1.0,0.0,0.0,50.9,2.0,0.0,0.044,0.255,0.354,1.0
LBN,1947,1.0,1.0,0.0,0.0,61.5,0.0,0.0,0.001,0.259,0.336,1.0
LBN,1951,1.0,1.0,0.0,0.0,54.7,0.0,0.0,0.044,-0.564,-0.696,1.0
LBN,1953,1.0,0.0,0.0,0.0,50.0,2.0,0.0,0.068,0.131,0.104,1.0
LBN,1957,1.0,0.0,0.0,0.0,53.2,0.0,0.0,0.045,-1.02,-1.219,1.0
LBN,1960,1.0,0.0,0.0,0.0,50.7,2.0,0.0,0.656,0.135,0.004,1.0
LBN,1964,1.0,0.0,0.0,0.0,53.0,0.0,0.0,0.802,0.141,-0.229,1.0
LBN,1968,1.0,0.0,0.0,0.0,49.6,0.0,0.0,1.02,0.144,-0.579,1.0
LBN,1972,1.0,0.0,0.0,0.0,54.4,0.0,0.0,0.99,-0.08,-0.861,1.0
LBN,1992,1.0,0.0,0.0,0.0,30.35,2.0,0.0,-0.089,-0.997,-1.753,1.0
LBN,1996,1.0,0.0,0.0,0.0,43.14,0.0,0.0,0.097,-0.839,-1.906,1.0
LBN,2000,1.0,0.0,0.0,0.0,44.97,2.0,0.0,0.661,0.428,-0.311,1.0
LBN,2005,1.0,0.0,0.0,0.0,46.47,2.0,0.0,0.954,0.682,-0.221,1.0
LBN,2009,1.0,0.0,0.0,0.0,53.98,1.0,0.0,1.081,0.789,0.027,1.0
LBN,2018,1.0,0.0,0.0,0.0,49.7,0.0,0.0,0.934,0.247,-0.228,1.0
LBN,2022,1.0,0.0,0.0,0.0,49.19,0.0,2.0,0.924,0.174,-0.267,1.0
NGA,1959,1.0,0.0,0.0,0.0,79.52,0.0,0.0,0.204,-1.266,-1.076,1.0
NGA,1964,1.0,0.0,0.0,0.0,,0.0,0.0,-0.101,-1.742,-2.343,1.0
NGA,1979,1.0,0.0,1.0,0.0,35.25,2.0,2.0,0.419,-0.874,-1.821,1.0
NGA,1983,1.0,0.0,1.0,0.0,38.9,0.0,0.0,0.007,-2.175,-2.13,1.0
NGA,1992,1.0,0.0,0.0,0.0,25.0,0.0,0.0,0.726,-1.177,-0.259,1.0
NGA,1993,0.0,0.0,1.0,0.0,,2.0,2.0,1.503,-1.415,-0.471,1.0
NGA,1998,1.0,0.0,0.0,0.0,,0.0,0.0,1.497,-1.143,-0.651,1.0
NGA,1999,1.0,0.0,1.0,0.0,52.26,2.0,2.0,1.497,-0.305,-0.193,1.0
NGA,2003,1.0,0.0,1.0,0.0,69.08,0.0,0.0,1.52,-1.434,-0.879,1.0
NGA,2007,1.0,0.0,1.0,0.0,57.49,1.0,1.0,1.15,-1.535,-1.179,1.0
NGA,2011,1.0,0.0,1.0,0.0,53.68,0.0,0.0,0.79,-0.041,-0.73,1.0
NGA,2015,1.0,0.0,1.0,0.0,43.7,0.0,0.0,1.055,0.007,-0.546,1.0
NGA,2019,1.0,0.0,1.0,0.0,34.75,0.0,0.0,1.044,-0.219,-0.605,1.0
NGA,2023,1.0,0.0,1.0,0.0,26.71,1.0,1.0,1.016,-0.558,-0.71,1.0
PHL,1907,1.0,0.0,0.0,0.0,93.6,0.0,0.0,-1.452,0.646,1.156,1.0
PHL,1909,1.0,0.0,0.0,0.0,92.4,0.0,0.0,-1.181,1.186,1.146,1.0
PHL,1912,1.0,0.0,0.0,0.0,,0.0,0.0,-1.685,1.155,0.897,1.0
PHL,1916,1.0,0.0,0.0,0.0,,0.0,0.0,-1.485,1.157,0.907,1.0
PHL,1919,1.0,0.0,0.0,0.0,,0.0,0.0,-1.192,1.173,0.897,1.0
PHL,1922,1.0,0.0,0.0,0.0,,0.0,0.0,-1.327,1.178,0.875,1.0
PHL,1925,1.0,0.0,0.0,0.0,,0.0,0.0,-1.592,1.169,0.878,1.0
PHL,1928,1.0,0.0,0.0,0.0,,0.0,0.0,-1.727,0.756,0.875,1.0
PHL,1931,1.0,0.0,0.0,0.0,,0.0,0.0,-1.735,0.326,0.874,1.0
PHL,1934,1.0,0.0,0.0,0.0,,0.0,0.0,-0.998,0.667,0.903,1.0
PHL,1935,1.0,0.0,1.0,0.0,,2.0,2.0,-1.164,0.646,0.891,1.0
PHL,1938,1.0,0.0,0.0,0.0,,0.0,0.0,-1.438,0.66,0.89,1.0
PHL,1941,1.0,0.0,1.0,0.0,,0.0,0.0,-1.16,0.719,0.487,1.0
PHL,1943,1.0,0.0,0.0,0.0,,0.0,0.0,-3.258,-1.522,-1.57,1.0
PHL,1946,1.0,0.0,1.0,0.0,,2.0,2.0,0.192,0.155,-0.059,1.0
PHL,1949,1.0,0.0,1.0,0.0,,0.0,0.0,0.224,-0.267,-0.074,1.0
PHL,1953,1.0,0.0,1.0,0.0,,2.0,2.0,0.621,0.16,0.494,1.0
PHL,1957,1.0,0.0,1.0,0.0,,0.0,0.0,0.604,0.156,0.182,1.0
PHL,1961,1.0,0.0,1.0,0.0,,2.0,2.0,0.631,0.178,0.149,1.0
PHL,1965,1.0,0.0,1.0,0.0,,2.0,2.0,0.618,0.154,-0.113,1.0
PHL,1969,1.0,0.0,1.0,0.0,88.6,0.0,0.0,0.071,-0.463,-1.578,1.0
PHL,1977,0.0,0.0,1.0,0.0,,0.0,0.0,-1.352,-3.152,-2.858,1.0
PHL,1978,1.0,1.0,0.0,0.0,85.52,0.0,0.0,-1.2,-2.984,-2.195,1.0
PHL,1981,0.0,0.0,1.0,0.0,,0.0,0.0,-2.408,-2.632,-1.356,1.0
PHL,1984,1.0,0.0,0.0,0.0,,0.0,0.0,-0.837,-1.911,-1.83,1.0
PHL,1986,0.0,0.0,1.0,0.0,,2.0,2.0,-0.725,-2.11,-2.072,1.0
PHL,1987,1.0,0.0,0.0,0.0,90.0,0.0,0.0,0.653,0.85,0.139,1.0
PHL,1992,1.0,0.0,1.0,0.0,70.56,2.0,2.0,0.694,-0.159,-0.182,1.0
PHL,1995,1.0,0.0,0.0,0.0,70.68,0.0,0.0,0.654,0.137,0.117,1.0
PHL,1998,1.0,0.0,1.0,0.0,81.32,2.0,2.0,0.711,1.324,-0.152,1.0
PHL,2001,1.0,0.0,0.0,0.0,81.08,0.0,0.0,0.712,0.313,-0.12,1.0
PHL,2004,1.0,0.0,1.0,0.0,76.97,0.0,0.0,0.729,-0.893,-0.415,1.0
PHL,2007,1.0,0.0,0.0,0.0,63.68,0.0,0.0,1.007,-0.237,-0.65,1.0
PHL,2010,1.0,0.0,1.0,0.0,74.98,2.0,2.0,1.01,0.329,-0.335,1.0
PHL,2013,1.0,0.0,0.0,0.0,77.31,0.0,0.0,1.513,0.332,-0.489,1.0
PHL,2016,1.0,0.0,1.0,0.0,81.95,2.0,2.0,1.522,0.488,-0.319,1.0
PHL,2019,1.0,0.0,0.0,0.0,74.31,0.0,0.0,1.493,0.164,-0.62,1.0
PHL,2022,1.0,0.0,1.0,0.0,83.83,0.0,0.0,1.423,-0.492,-0.691,1.0
PHL,2025,1.0,0.0,0.0,0.0,83.4,0.0,0.0,1.346,-0.799,-0.876,1.0
TZA,1958,1.0,0.0,0.0,0.0,,0.0,0.0,0.034,0.866,0.693,1.0
TZA,1959,1.0,0.0,0.0,0.0,,0.0,0.0,0.034,0.866,0.693,1.0
TZA,1960,1.0,0.0,0.0,0.0,,0.0,0.0,0.029,0.874,1.731,1.0
TZA,1962,0.0,0.0,1.0,0.0,,0.0,2.0,0.018,0.846,1.701,1.0
TZA,1965,1.0,0.0,1.0,0.0,82.7,0.0,0.0,-2.081,0.274,1.701,1.0
TZA,1970,1.0,0.0,1.0,0.0,70.1,0.0,0.0,-2.089,0.28,1.719,1.0
TZA,1975,1.0,0.0,1.0,0.0,81.7,0.0,0.0,-2.065,0.282,1.744,1.0
TZA,1980,1.0,0.0,1.0,0.0,85.9,1.0,0.0,-2.074,0.273,1.706,1.0
TZA,1985,1.0,0.0,1.0,0.0,75.0,1.0,0.0,-2.061,0.291,1.723,1.0
TZA,1990,1.0,0.0,1.0,0.0,74.4,1.0,0.0,-2.065,0.263,1.706,1.0
TZA,1995,1.0,0.0,1.0,0.0,76.67,1.0,1.0,0.875,0.545,-0.078,1.0
TZA,2000,1.0,0.0,1.0,0.0,84.43,0.0,0.0,0.895,0.03,-0.388,1.0
TZA,2005,1.0,0.0,1.0,0.0,72.23,1.0,1.0,0.868,0.074,-0.544,1.0
TZA,2010,1.0,0.0,1.0,0.0,42.84,0.0,0.0,0.749,0.072,-0.464,1.0
TZA,2015,1.0,0.0,1.0,0.0,67.3,1.0,1.0,0.61,-0.283,-0.592,1.0
TZA,2020,1.0,0.0,1.0,0.0,50.72,0.0,0.0,0.243,-0.937,-1.152,1.0
TZA,2025,1.0,0.0,1.0,0.0,,0.0,0.0,-0.324,-1.623,-0.93,1.0
TWN,1948,1.0,0.0,0.0,0.0,,0.0,0.0,-1.972,-1.955,-1.872,1.0
TWN,1969,1.0,0.0,0.0,0.0,57.7,0.0,0.0,-2.418,-1.956,-1.678,1.0
TWN,1972,1.0,0.0,0.0,0.0,68.35,0.0,0.0,-2.407,-1.932,-1.682,1.0
TWN,1975,1.0,0.0,0.0,0.0,75.97,0.0,0.0,-2.41,-1.936,-1.684,1.0
TWN,1980,1.0,0.0,0.0,0.0,66.4,0.0,0.0,-1.653,-1.95,-1.263,1.0
TWN,1983,1.0,0.0,0.0,0.0,63.2,0.0,0.0,-1.726,-1.785,-0.973,1.0
TWN,1986,1.0,0.0,0.0,0.0,65.4,0.0,0.0,-1.157,-1.27,-1.083,1.0
TWN,1989,1.0,0.0,0.0,0.0,75.5,0.0,0.0,-0.664,-0.547,-0.803,1.0
TWN,1992,1.0,0.0,0.0,0.0,72.02,0.0,0.0,-0.349,0.546,1.196,1.0
TWN,1995,1.0,0.0,0.0,0.0,67.65,0.0,0.0,0.628,0.564,1.178,1.0
TWN,1996,0.0,0.0,1.0,0.0,76.04,0.0,0.0,0.628,0.624,1.178,1.0
TWN,1998,1.0,0.0,0.0,0.0,68.09,0.0,0.0,-0.257,1.027,1.192,1.0
TWN,2000,0.0,0.0,1.0,0.0,82.69,0.0,0.0,1.46,1.262,1.715,1.0
TWN,2001,1.0,0.0,0.0,0.0,66.16,1.0,0.0,1.492,1.297,1.72,1.0
TWN,2004,1.0,0.0,1.0,0.0,80.28,0.0,0.0,1.686,0.9,1.363,1.0
TWN,2008,1.0,0.0,1.0,0.0,76.66,2.0,2.0,1.638,1.287,1.674,1.0
TWN,2010,1.0,0.0,0.0,0.0,40.71,0.0,0.0,1.651,1.534,1.581,1.0
TWN,2012,1.0,0.0,1.0,0.0,74.38,1.0,0.0,1.653,1.539,1.556,1.0
TWN,2016,1.0,0.0,1.0,0.0,66.27,2.0,2.0,1.585,2.239,1.965,1.0
TWN,2020,1.0,0.0,1.0,0.0,74.09,0.0,0.0,1.526,2.195,1.861,1.0
TWN,2024,1.0,0.0,1.0,0.0,71.86,1.0,1.0,1.493,2.087,1.98,1.0
THA,1933,1.0,0.0,0.0,0.0,,0.0,0.0,-1.756,-0.952,-0.025,1.0
THA,1937,1.0,0.0,0.0,0.0,,0.0,0.0,-1.683,-0.67,-0.009,1.0
THA,1938,1.0,0.0,0.0,0.0,,0.0,0.0,-1.675,-0.669,-0.046,1.0
THA,1946,1.0,1.0,0.0,0.0,32.52,2.0,0.0,-0.921,-0.67,-0.399,1.0
THA,1948,1.0,0.0,0.0,0.0,29.5,0.0,0.0,-1.462,-1.429,-1.075,1.0
THA,1949,1.0,0.0,0.0,0.0,,0.0,0.0,-1.079,-1.434,-1.481,1.0
THA,1952,1.0,0.0,0.0,0.0,38.95,0.0,0.0,-1.399,-1.174,-1.804,1.0
THA,1957,1.0,0.0,0.0,0.0,57.5,2.0,0.0,-0.581,-2.052,-2.099,1.0
THA,1969,1.0,0.0,0.0,0.0,49.16,0.0,0.0,-0.427,-1.572,-1.81,1.0
THA,1975,1.0,0.0,0.0,0.0,47.0,2.0,0.0,0.414,0.016,-0.7,1.0
THA,1976,1.0,0.0,0.0,0.0,43.69,2.0,0.0,0.391,-0.154,-0.619,1.0
THA,1979,1.0,0.0,0.0,0.0,43.9,0.0,0.0,-0.757,-1.442,-0.904,1.0
THA,1983,1.0,0.0,0.0,0.0,50.76,0.0,0.0,-0.432,-0.733,-0.155,1.0
THA,1986,1.0,0.0,0.0,0.0,61.4,0.0,0.0,-0.417,-0.95,-0.163,1.0
THA,1988,1.0,0.0,0.0,0.0,63.56,0.0,0.0,0.416,0.171,-0.151,1.0
THA,1992,1.0,0.0,0.0,0.0,61.6,2.0,0.0,0.386,-0.172,-0.434,1.0
THA,1995,1.0,0.0,0.0,0.0,62.04,2.0,0.0,0.706,0.176,0.069,1.0
THA,1996,1.0,0.0,0.0,0.0,62.39,2.0,0.0,0.705,0.156,0.053,1.0
THA,2001,1.0,0.0,0.0,0.0,69.95,2.0,0.0,1.41,0.512,0.534,1.0
THA,2005,1.0,0.0,0.0,0.0,75.13,0.0,0.0,1.139,0.433,0.362,1.0
THA,2007,1.0,0.0,0.0,0.0,78.51,0.0,0.0,0.227,-0.14,-0.23,1.0
THA,2011,1.0,0.0,0.0,0.0,75.03,2.0,0.0,0.676,0.517,0.208,1.0
THA,2014,1.0,0.0,0.0,0.0,46.79,,,-0.487,-1.386,0.407,1.0
THA,2019,1.0,0.0,0.0,0.0,74.69,0.0,0.0,0.352,-1.607,-1.207,1.0
THA,2023,1.0,0.0,0.0,0.0,75.71,2.0,0.0,1.559,0.761,0.214,1.0
UGA,1958,1.0,0.0,0.0,0.0,86.2,,0.0,0.409,0.467,1.203,1.0
UGA,1961,1.0,0.0,0.0,0.0,,2.0,0.0,0.563,0.25,0.201,1.0
UGA,1962,1.0,0.0,0.0,0.0,67.76,2.0,0.0,0.585,0.363,0.479,1.0
UGA,1980,1.0,0.0,0.0,0.0,85.3,1.0,0.0,-0.1,-2.198,-1.606,1.0
UGA,1989,1.0,0.0,0.0,0.0,,0.0,0.0,-2.224,0.059,0.076,1.0
UGA,1996,1.0,0.0,1.0,0.0,72.6,0.0,0.0,-1.776,-0.342,-0.493,1.0
UGA,2001,1.0,0.0,1.0,0.0,70.31,0.0,0.0,-1.692,-1.54,-2.114,1.0
UGA,2006,1.0,0.0,1.0,0.0,69.19,0.0,0.0,-0.086,-1.466,-1.828,1.0
UGA,2011,1.0,0.0,1.0,0.0,59.29,1.0,0.0,0.129,-1.32,-1.694,1.0
UGA,2016,1.0,0.0,1.0,0.0,67.61,0.0,0.0,-0.063,-1.685,-1.653,1.0
UGA,2021,1.0,0.0,1.0,0.0,55.23,0.0,0.0,-0.282,-1.504,-1.34,1.0
VEN,1947,1.0,0.0,1.0,0.0,,1.0,1.0,0.958,1.556,-0.108,1.0
VEN,1957,1.0,0.0,0.0,0.0,,1.0,1.0,0.151,-1.482,-1.933,1.0
VEN,1958,1.0,0.0,1.0,0.0,92.15,0.0,0.0,1.274,1.068,0.629,1.0
VEN,1963,1.0,0.0,1.0,0.0,92.21,1.0,1.0,0.202,0.809,0.338,1.0
VEN,1968,1.0,0.0,1.0,0.0,96.73,2.0,2.0,0.781,0.804,0.327,1.0
VEN,1973,1.0,0.0,1.0,0.0,96.52,2.0,2.0,1.56,0.886,0.994,1.0
VEN,1978,1.0,0.0,1.0,0.0,87.55,2.0,2.0,1.569,0.888,1.18,1.0
VEN,1983,1.0,0.0,1.0,0.0,87.75,2.0,2.0,1.54,0.885,1.368,1.0
VEN,1988,1.0,0.0,1.0,0.0,81.92,1.0,1.0,1.549,0.886,1.351,1.0
VEN,1993,1.0,0.0,1.0,0.0,60.16,2.0,2.0,1.575,0.882,1.559,1.0
VEN,1998,1.0,0.0,1.0,0.0,63.45,2.0,2.0,1.575,1.348,1.457,1.0
VEN,2000,1.0,0.0,1.0,0.0,56.31,0.0,0.0,0.35,0.277,0.295,1.0
VEN,2005,1.0,0.0,0.0,0.0,25.26,0.0,0.0,0.33,0.321,-0.553,1.0
VEN,2006,0.0,0.0,1.0,0.0,74.69,0.0,0.0,0.33,0.258,-0.727,1.0
VEN,2010,1.0,0.0,0.0,0.0,66.42,0.0,0.0,0.26,-0.069,-0.898,1.0
VEN,2012,0.0,0.0,1.0,0.0,80.28,0.0,0.0,0.241,-0.246,-1.019,1.0
VEN,2013,0.0,0.0,1.0,0.0,79.64,1.0,1.0,0.114,-0.512,-1.367,1.0
VEN,2015,1.0,0.0,0.0,0.0,73.76,0.0,0.0,0.056,-0.29,-1.446,1.0
VEN,2018,0.0,0.0,1.0,0.0,45.74,0.0,0.0,-1.029,-2.339,-2.065,1.0
VEN,2020,1.0,0.0,0.0,0.0,30.09,0.0,0.0,-1.331,-2.801,-1.884,1.0
VEN,2024,0.0,0.0,1.0,0.0,59.0,0.0,0.0,-1.452,-3.457,-2.411,1.0
VEN,2025,1.0,0.0,0.0,0.0,42.6,0.0,0.0,-1.619,-2.879,-2.411,1.0
BEN,1952,1.0,0.0,0.0,0.0,,0.0,0.0,-2.064,-1.086,0.441,1.0
BEN,1957,1.0,0.0,0.0,0.0,42.3,0.0,0.0,-1.579,-1.078,-0.04,1.0
BEN,1959,1.0,0.0,0.0,0.0,,0.0,0.0,0.507,-0.278,0.398,1.0
BEN,1960,1.0,0.0,0.0,0.0,71.0,0.0,0.0,0.513,0.057,0.38,1.0
BEN,1964,1.0,0.0,0.0,0.0,,0.0,0.0,0.493,-0.27,0.401,1.0
BEN,1968,0.0,0.0,1.0,0.0,72.6,2.0,2.0,0.495,-0.276,0.39,1.0
BEN,1970,0.0,0.0,1.0,0.0,56.7,2.0,2.0,-0.417,-0.875,0.403,1.0
BEN,1979,1.0,0.0,0.0,0.0,80.6,0.0,0.0,-2.884,-1.493,-1.495,1.0
BEN,1984,1.0,0.0,0.0,0.0,93.1,0.0,0.0,-2.877,-2.287,-1.471,1.0
BEN,1989,1.0,0.0,0.0,0.0,86.0,0.0,0.0,-2.409,-2.388,-1.405,1.0
BEN,1991,1.0,0.0,1.0,1.0,64.07,2.0,2.0,1.371,0.605,0.696,1.0
BEN,1995,1.0,0.0,0.0,0.0,75.8,0.0,0.0,1.367,0.513,1.065,1.0
BEN,1996,0.0,0.0,1.0,1.0,87.8,2.0,2.0,1.367,0.417,0.862,1.0
BEN,1999,1.0,0.0,0.0,0.0,70.11,0.0,0.0,1.369,0.251,0.866,1.0
BEN,2001,0.0,0.0,1.0,1.0,87.74,0.0,0.0,1.401,0.189,1.07,1.0
BEN,2003,1.0,0.0,0.0,0.0,55.9,0.0,0.0,1.371,0.067,0.863,1.0
BEN,2006,0.0,0.0,1.0,1.0,81.7,2.0,2.0,1.642,0.8,0.903,1.0
BEN,2007,1.0,0.0,0.0,0.0,58.69,0.0,0.0,1.646,0.713,0.547,1.0
BEN,2011,1.0,0.0,1.0,0.0,84.82,0.0,0.0,1.645,0.196,-0.151,1.0
BEN,2015,1.0,0.0,0.0,0.0,65.91,0.0,0.0,1.528,0.929,-0.258,1.0
BEN,2016,0.0,0.0,1.0,1.0,66.13,2.0,2.0,1.528,1.129,-0.258,1.0
BEN,2019,1.0,0.0,0.0,0.0,22.99,0.0,0.0,-1.299,-1.583,-0.895,1.0
BEN,2021,0.0,0.0,1.0,0.0,50.63,0.0,0.0,-0.729,-1.219,-1.221,1.0
BEN,2023,1.0,0.0,0.0,0.0,37.79,0.0,0.0,-0.191,-0.764,0.403,1.0
BTN,2008,1.0,0.0,0.0,0.0,79.45,2.0,0.0,-0.63,1.329,1.328,1.0
BTN,2013,1.0,1.0,0.0,0.0,66.13,2.0,0.0,-0.475,0.732,1.231,1.0
BTN,2018,1.0,1.0,0.0,0.0,71.46,2.0,0.0,-0.711,1.482,1.278,1.0
BTN,2023,1.0,0.0,0.0,0.0,63.0,2.0,0.0,-0.25,1.54,1.408,1.0
BTN,2024,0.0,1.0,0.0,0.0,65.6,2.0,0.0,-0.25,1.54,1.408,1.0
BFA,1949,1.0,0.0,0.0,0.0,,0.0,0.0,-2.576,-0.48,0.205,1.0
BFA,1952,1.0,0.0,0.0,0.0,57.2,0.0,0.0,-2.598,-0.493,0.211,1.0
BFA,1957,1.0,0.0,0.0,0.0,51.8,0.0,0.0,-2.569,-0.464,0.205,1.0
BFA,1959,1.0,0.0,0.0,0.0,46.9,0.0,0.0,0.441,-0.684,1.288,1.0
BFA,1965,1.0,0.0,1.0,0.0,98.4,0.0,0.0,-0.023,-0.661,1.184,1.0
BFA,1970,1.0,0.0,0.0,0.0,48.29,0.0,0.0,1.349,-0.639,1.168,1.0
BFA,1978,1.0,0.0,1.0,1.0,43.6,0.0,2.0,1.341,-0.542,1.338,1.0
BFA,1991,0.0,0.0,1.0,0.0,35.25,0.0,2.0,0.11,-0.591,1.469,1.0
BFA,1992,1.0,0.0,0.0,0.0,33.8,0.0,0.0,1.364,-0.591,1.469,1.0
BFA,1997,1.0,0.0,0.0,0.0,44.53,0.0,0.0,1.332,-0.362,1.456,1.0
BFA,1998,0.0,0.0,1.0,0.0,56.08,0.0,0.0,1.348,-0.353,0.848,1.0
BFA,2002,1.0,0.0,0.0,0.0,64.14,0.0,0.0,1.327,-0.351,0.837,1.0
BFA,2005,0.0,0.0,1.0,0.0,57.66,0.0,0.0,1.613,-0.04,0.796,1.0
BFA,2007,1.0,0.0,0.0,0.0,56.43,0.0,0.0,1.375,-0.042,0.793,1.0
BFA,2010,0.0,0.0,1.0,0.0,54.82,0.0,0.0,0.944,0.13,0.794,1.0
BFA,2012,1.0,0.0,0.0,0.0,75.96,0.0,0.0,1.578,0.363,0.907,1.0
BFA,2015,1.0,0.0,1.0,0.0,60.0,1.0,2.0,0.453,0.793,1.366,1.0
BFA,2020,1.0,0.0,1.0,0.0,50.79,0.0,0.0,1.393,0.637,1.086,1.0
KHM,1947,1.0,0.0,0.0,0.0,,1.0,0.0,-1.641,0.15,0.023,1.0
KHM,1951,1.0,0.0,0.0,0.0,,2.0,0.0,-1.313,-0.075,-0.234,1.0
KHM,1955,1.0,0.0,0.0,0.0,,2.0,0.0,-0.5,-0.391,-0.486,1.0
KHM,1958,1.0,0.0,0.0,0.0,,1.0,0.0,-0.473,-0.383,-0.479,1.0
KHM,1962,1.0,0.0,0.0,0.0,,1.0,0.0,-0.747,-0.377,-0.696,1.0
KHM,1966,1.0,0.0,0.0,0.0,,1.0,0.0,-0.688,-0.57,-0.678,1.0
KHM,1972,1.0,0.0,1.0,0.0,57.6,2.0,2.0,-0.816,-1.399,-1.442,1.0
KHM,1976,1.0,0.0,0.0,0.0,98.0,2.0,0.0,-3.365,-3.149,-4.179,1.0
KHM,1981,1.0,0.0,0.0,0.0,89.6,2.0,0.0,-2.152,-3.177,-3.486,1.0
KHM,1993,1.0,0.0,0.0,0.0,86.78,2.0,0.0,0.038,0.396,-1.42,1.0
KHM,1998,1.0,0.0,0.0,0.0,93.74,2.0,0.0,0.65,-0.583,-1.681,1.0
KHM,2003,1.0,0.0,0.0,0.0,83.22,0.0,0.0,0.653,-0.421,-0.85,1.0
KHM,2008,1.0,0.0,0.0,0.0,75.21,0.0,0.0,0.073,-0.572,-0.856,1.0
KHM,2013,1.0,0.0,0.0,0.0,68.49,0.0,0.0,0.211,-0.518,-0.802,1.0
KHM,2018,1.0,0.0,0.0,0.0,83.02,0.0,0.0,-1.117,-2.188,-2.0,1.0
KHM,2023,1.0,0.0,0.0,0.0,84.59,1.0,0.0,-1.248,-2.377,-2.175,1.0
IDN,1955,1.0,0.0,0.0,0.0,,0.0,0.0,1.561,1.569,-0.118,1.0
IDN,1971,1.0,0.0,0.0,0.0,94.02,0.0,0.0,-0.295,-0.925,-1.426,1.0
IDN,1977,1.0,0.0,0.0,0.0,90.57,0.0,0.0,-1.042,-1.742,-1.985,1.0
IDN,1982,1.0,0.0,0.0,0.0,91.23,0.0,0.0,-1.157,-1.754,-2.146,1.0
IDN,1987,1.0,0.0,0.0,0.0,91.3,0.0,0.0,-1.157,-1.744,-1.953,1.0
IDN,1992,1.0,0.0,0.0,0.0,90.91,0.0,0.0,-1.038,-2.121,-1.963,1.0
IDN,1997,1.0,0.0,0.0,0.0,88.93,0.0,0.0,-1.038,-1.347,-1.597,1.0
IDN,1999,1.0,0.0,0.0,0.0,93.3,0.0,0.0,1.577,1.558,0.806,1.0
IDN,2004,1.0,0.0,1.0,1.0,84.09,2.0,2.0,1.571,2.142,1.787,1.0
IDN,2009,1.0,0.0,1.0,0.0,71.91,0.0,0.0,1.871,1.768,1.158,1.0
IDN,2014,1.0,0.0,1.0,0.0,75.11,2.0,2.0,1.796,1.494,1.292,1.0
IDN,2019,1.0,0.0,1.0,0.0,81.93,0.0,0.0,1.687,1.063,0.725,1.0
IDN,2024,1.0,0.0,1.0,0.0,82.39,2.0,2.0,1.549,0.143,-0.052,1.0
MOZ,1973,1.0,0.0,0.0,0.0,92.1,,,-2.592,,-2.966,1.0
MOZ,1994,1.0,0.0,1.0,0.0,88.03,1.0,0.0,1.089,0.053,-0.257,1.0
MOZ,1999,1.0,0.0,1.0,0.0,69.51,0.0,0.0,0.902,-0.941,-0.552,1.0
MOZ,2004,1.0,0.0,1.0,0.0,36.42,1.0,1.0,1.54,-0.034,-0.259,1.0
MOZ,2009,1.0,0.0,1.0,0.0,44.63,0.0,0.0,1.078,-0.577,-0.632,1.0
MOZ,2014,1.0,0.0,1.0,0.0,48.84,1.0,1.0,1.656,-0.514,-0.657,1.0
MOZ,2019,1.0,0.0,1.0,0.0,51.41,0.0,0.0,1.488,-0.707,-1.158,1.0
MOZ,2024,1.0,0.0,1.0,0.0,51.41,1.0,1.0,0.409,-1.991,-1.576,1.0
NPL,1959,1.0,0.0,0.0,0.0,42.19,1.0,0.0,-1.093,-1.312,-1.859,1.0
NPL,1981,1.0,0.0,0.0,0.0,52.3,0.0,0.0,-2.977,-2.593,-3.049,1.0
NPL,1986,1.0,0.0,0.0,0.0,60.31,1.0,0.0,-3.326,-2.255,-2.886,1.0
NPL,1991,1.0,0.0,0.0,0.0,88.13,1.0,0.0,-1.013,-1.237,-1.851,1.0
NPL,1994,1.0,0.0,0.0,0.0,86.74,2.0,0.0,-1.028,-1.054,-1.859,1.0
NPL,1999,1.0,0.0,0.0,0.0,65.79,1.0,0.0,-1.089,-1.8,-1.831,1.0
NPL,2008,1.0,0.0,0.0,0.0,63.29,2.0,0.0,-0.403,-0.295,-0.75,1.0
NPL,2013,1.0,0.0,0.0,0.0,78.34,0.0,0.0,0.329,1.026,0.249,1.0
NPL,2017,1.0,1.0,0.0,0.0,68.67,2.0,0.0,0.664,0.9,-0.051,1.0
NPL,2022,1.0,0.0,0.0,0.0,61.35,2.0,0.0,1.679,1.129,0.204,1.0
NIC,1901,0.0,0.0,1.0,0.0,,,,-2.42,-2.294,-2.85,1.0
NIC,1905,0.0,0.0,1.0,0.0,,,,-1.879,-2.29,-2.861,1.0
NIC,1912,0.0,0.0,1.0,0.0,,0.0,0.0,-1.653,-2.662,-3.02,1.0
NIC,1914,0.0,0.0,1.0,0.0,,0.0,0.0,-2.045,-2.463,-3.018,1.0
NIC,1916,1.0,0.0,1.0,0.0,,2.0,2.0,-2.493,-2.467,-2.996,1.0
NIC,1920,1.0,0.0,1.0,0.0,,1.0,1.0,-1.326,-2.473,-2.26,1.0
NIC,1924,1.0,0.0,1.0,0.0,,2.0,2.0,-1.221,-1.722,-2.173,1.0
NIC,1928,1.0,0.0,1.0,0.0,,2.0,2.0,-0.943,-1.331,-1.814,1.0
NIC,1930,1.0,0.0,0.0,0.0,,0.0,0.0,-1.304,-1.442,-1.806,1.0
NIC,1932,1.0,0.0,1.0,0.0,,1.0,1.0,-1.214,-1.571,-1.829,1.0
NIC,1934,1.0,0.0,0.0,0.0,,0.0,0.0,-1.493,-1.944,-1.806,1.0
NIC,1936,1.0,0.0,1.0,0.0,,2.0,2.0,-2.646,-3.029,-2.144,1.0
NIC,1947,1.0,0.0,1.0,0.0,,1.0,1.0,-2.005,-3.042,-1.795,1.0
NIC,1950,0.0,0.0,1.0,0.0,,1.0,1.0,-2.289,-3.046,-2.15,1.0
NIC,1957,1.0,0.0,1.0,0.0,,1.0,1.0,-2.3,-3.031,-2.294,1.0
NIC,1963,1.0,0.0,1.0,0.0,79.13,1.0,1.0,-1.586,-3.026,-2.288,1.0
NIC,1967,1.0,0.0,1.0,0.0,,1.0,1.0,-1.222,-2.262,-2.275,1.0
NIC,1972,1.0,0.0,0.0,0.0,73.04,0.0,0.0,-2.247,-3.051,-2.461,1.0
NIC,1974,1.0,0.0,1.0,0.0,69.43,0.0,0.0,-2.305,-3.054,-2.321,1.0
NIC,1984,1.0,0.0,1.0,0.0,,2.0,2.0,0.165,0.221,-0.161,1.0
NIC,1990,1.0,0.0,1.0,0.0,86.23,2.0,2.0,0.922,0.796,0.535,1.0
NIC,1996,1.0,0.0,1.0,0.0,76.39,2.0,2.0,0.921,0.368,0.585,1.0
NIC,2001,1.0,0.0,1.0,0.0,74.91,2.0,2.0,0.906,0.694,-0.006,1.0
NIC,2006,1.0,0.0,1.0,0.0,61.23,2.0,2.0,0.535,0.209,0.173,1.0
NIC,2011,1.0,0.0,1.0,0.0,79.09,0.0,0.0,-0.298,-0.465,-0.637,1.0
NIC,2016,1.0,0.0,1.0,0.0,65.6,0.0,0.0,-1.048,-1.014,-1.083,1.0
NIC,2021,1.0,0.0,1.0,0.0,66.24,0.0,0.0,-1.906,-1.773,-2.086,1.0
NER,1946,1.0,0.0,0.0,0.0,,,,-0.622,-1.773,-1.866,1.0
NER,1947,0.0,1.0,0.0,0.0,,,,-0.738,-1.773,-1.866,1.0
NER,1957,1.0,0.0,0.0,0.0,,0.0,0.0,-0.732,-1.767,-1.863,1.0
NER,1958,1.0,0.0,0.0,0.0,,0.0,0.0,0.808,-1.275,-1.584,1.0
NER,1965,1.0,0.0,1.0,0.0,,0.0,0.0,-2.639,-1.889,-1.495,1.0
NER,1970,1.0,0.0,1.0,0.0,,0.0,0.0,-2.608,-1.931,-1.512,1.0
NER,1989,1.0,0.0,1.0,0.0,,0.0,0.0,-1.014,-1.927,-0.732,1.0
NER,1993,1.0,0.0,1.0,1.0,35.22,2.0,2.0,0.835,0.962,0.094,1.0
NER,1995,1.0,0.0,0.0,0.0,34.97,2.0,0.0,0.832,0.963,-0.259,1.0
NER,1996,1.0,0.0,1.0,0.0,64.1,1.0,0.0,-0.394,-1.606,-0.279,1.0
NER,1999,1.0,0.0,1.0,1.0,39.4,0.0,2.0,-0.541,0.216,0.105,1.0
NER,2004,1.0,0.0,1.0,1.0,48.25,0.0,0.0,-0.181,0.947,0.096,1.0
NER,2009,1.0,0.0,0.0,0.0,51.27,0.0,0.0,-0.548,-0.535,-0.155,1.0
NER,2011,1.0,0.0,1.0,1.0,50.4,2.0,2.0,0.91,-0.23,0.054,1.0
NER,2016,1.0,0.0,1.0,1.0,66.27,0.0,0.0,0.633,-0.463,-0.892,1.0
NER,2020,1.0,0.0,1.0,0.0,69.67,1.0,1.0,1.02,-0.163,-0.309,1.0
NER,2021,0.0,0.0,0.0,1.0,62.91,1.0,1.0,1.02,0.003,-0.851,1.0
ZMB,1926,1.0,0.0,0.0,0.0,,0.0,0.0,-3.496,-1.415,-2.103,1.0
ZMB,1929,1.0,0.0,0.0,0.0,,0.0,0.0,-2.619,-1.418,-2.096,1.0
ZMB,1932,1.0,0.0,0.0,0.0,,0.0,0.0,-3.479,-1.41,-2.106,1.0
ZMB,1935,1.0,0.0,0.0,0.0,,0.0,0.0,-3.045,-1.41,-2.089,1.0
ZMB,1938,1.0,0.0,0.0,0.0,,0.0,0.0,-2.453,-1.991,-2.093,1.0
ZMB,1941,1.0,0.0,0.0,0.0,,0.0,0.0,-3.039,-1.394,-2.106,1.0
ZMB,1944,1.0,0.0,0.0,0.0,,0.0,0.0,-3.054,-1.994,-2.348,1.0
ZMB,1948,1.0,0.0,0.0,0.0,,0.0,0.0,-2.632,-1.964,-2.345,1.0
ZMB,1951,1.0,0.0,0.0,0.0,,0.0,0.0,-2.318,-1.648,-2.37,1.0
ZMB,1954,1.0,0.0,0.0,0.0,,0.0,0.0,-1.883,-1.963,-2.127,1.0
ZMB,1959,1.0,0.0,0.0,0.0,,0.0,0.0,-1.609,-1.737,-2.411,1.0
ZMB,1962,1.0,0.0,0.0,0.0,90.24,0.0,0.0,-1.28,-1.355,-2.261,1.0
ZMB,1964,1.0,0.0,0.0,0.0,94.8,2.0,0.0,-0.482,-0.64,-1.164,1.0
ZMB,1968,1.0,0.0,1.0,0.0,82.47,0.0,0.0,-0.919,-0.461,-2.434,1.0
ZMB,1973,1.0,0.0,1.0,0.0,39.0,0.0,0.0,-1.801,-0.864,-1.267,1.0
ZMB,1978,1.0,0.0,1.0,0.0,66.7,0.0,0.0,-1.863,-0.853,-1.252,1.0
ZMB,1983,1.0,0.0,1.0,0.0,,0.0,0.0,-1.869,-0.85,-1.37,1.0
ZMB,1988,1.0,0.0,1.0,0.0,,0.0,0.0,-1.745,-0.861,-1.386,1.0
ZMB,1991,1.0,0.0,1.0,0.0,44.44,2.0,2.0,0.467,-0.074,-0.84,1.0
ZMB,1996,1.0,0.0,1.0,0.0,55.52,0.0,0.0,0.122,-0.287,-0.644,1.0
ZMB,2001,1.0,0.0,1.0,0.0,67.81,1.0,1.0,0.454,-0.329,-0.671,1.0
ZMB,2006,1.0,0.0,1.0,0.0,70.77,0.0,0.0,0.384,-0.141,-0.576,1.0
ZMB,2008,0.0,0.0,1.0,0.0,45.43,1.0,1.0,0.506,-0.022,-0.532,1.0
ZMB,2011,1.0,0.0,1.0,0.0,53.65,2.0,2.0,0.47,-0.082,-0.499,1.0
ZMB,2015,0.0,0.0,1.0,0.0,32.36,1.0,1.0,0.447,-0.386,-0.877,1.0
ZMB,2016,1.0,0.0,1.0,0.0,56.45,0.0,0.0,0.24,-1.01,-1.913,1.0
ZMB,2021,1.0,0.0,1.0,0.0,70.61,2.0,2.0,0.322,0.021,-1.239,1.0
ZWE,1902,1.0,0.0,0.0,0.0,,0.0,0.0,-1.865,1.326,1.542,1.0
ZWE,1905,1.0,0.0,0.0,0.0,,0.0,0.0,-1.858,1.336,1.539,1.0
ZWE,1908,1.0,0.0,0.0,0.0,,0.0,0.0,-1.836,1.315,1.571,1.0
ZWE,1911,1.0,0.0,0.0,0.0,,0.0,0.0,-1.84,1.314,1.574,1.0
ZWE,1914,1.0,0.0,0.0,0.0,,0.0,0.0,-1.862,1.313,1.548,1.0
ZWE,1920,1.0,0.0,0.0,0.0,,0.0,0.0,-1.879,1.307,1.566,1.0
ZWE,1924,1.0,0.0,0.0,0.0,,0.0,0.0,-0.899,1.336,1.531,1.0
ZWE,1928,1.0,0.0,0.0,0.0,,0.0,0.0,-0.913,1.324,1.532,1.0
ZWE,1933,1.0,0.0,0.0,0.0,,2.0,0.0,-0.9,1.314,1.558,1.0
ZWE,1934,1.0,0.0,0.0,0.0,,0.0,0.0,-0.861,1.34,1.554,1.0
ZWE,1939,1.0,0.0,0.0,0.0,,0.0,0.0,-0.905,1.331,1.549,1.0
ZWE,1946,1.0,0.0,0.0,0.0,,0.0,0.0,-0.892,1.494,1.531,1.0
ZWE,1948,1.0,0.0,0.0,0.0,,0.0,0.0,-0.899,1.335,1.476,1.0
ZWE,1954,1.0,0.0,0.0,0.0,,0.0,0.0,-0.855,1.341,1.525,1.0
ZWE,1958,1.0,0.0,0.0,0.0,,0.0,0.0,-0.895,1.325,1.506,1.0
ZWE,1962,1.0,0.0,0.0,0.0,,2.0,0.0,-0.915,1.524,0.43,1.0
ZWE,1965,1.0,0.0,0.0,0.0,,2.0,0.0,-0.847,0.576,0.379,1.0
ZWE,1970,1.0,0.0,0.0,0.0,,0.0,0.0,-0.843,0.353,1.077,1.0
ZWE,1974,1.0,0.0,0.0,0.0,,0.0,0.0,-0.864,0.394,1.104,1.0
ZWE,1977,1.0,0.0,0.0,0.0,,0.0,0.0,-0.851,0.221,1.103,1.0
ZWE,1979,1.0,0.0,0.0,0.0,63.89,2.0,0.0,-0.861,0.141,0.367,1.0
ZWE,1980,1.0,1.0,0.0,0.0,,2.0,0.0,-0.084,-0.322,-1.168,1.0
ZWE,1985,1.0,1.0,0.0,0.0,,0.0,0.0,-0.175,-0.912,-1.793,1.0
ZWE,1990,1.0,0.0,1.0,0.0,,0.0,0.0,-0.206,-0.809,-1.515,1.0
ZWE,1995,1.0,0.0,0.0,0.0,30.81,0.0,0.0,-0.214,-0.815,-1.529,1.0
ZWE,1996,0.0,0.0,1.0,0.0,32.3,0.0,0.0,-0.214,-0.815,-1.529,1.0
ZWE,2000,1.0,0.0,0.0,0.0,48.33,0.0,0.0,-0.256,-2.119,-2.033,1.0
ZWE,2002,0.0,0.0,1.0,0.0,54.33,0.0,0.0,-0.257,-2.104,-2.053,1.0
ZWE,2005,1.0,0.0,0.0,0.0,47.66,0.0,0.0,0.163,-1.961,-1.855,1.0
ZWE,2008,1.0,0.0,1.0,1.0,42.8,0.0,0.0,0.2,-2.637,-1.745,1.0
ZWE,2013,1.0,0.0,1.0,0.0,54.38,0.0,0.0,0.403,-0.804,-0.86,1.0
ZWE,2018,1.0,0.0,1.0,0.0,85.16,0.0,0.0,0.627,-1.274,-1.092,1.0
ZWE,2023,1.0,0.0,1.0,0.0,68.86,0.0,0.0,0.36,-1.335,-1.111,1.0
GIN,1946,1.0,0.0,0.0,0.0,,0.0,0.0,-1.548,-0.485,-1.287,1.0
GIN,1952,1.0,0.0,0.0,0.0,,0.0,0.0,-0.212,-0.101,-0.618,1.0
GIN,1957,1.0,0.0,0.0,0.0,60.3,0.0,0.0,-0.205,-0.006,-0.757,1.0
GIN,1961,0.0,0.0,1.0,0.0,99.4,0.0,0.0,-2.731,-2.571,-3.227,1.0
GIN,1963,1.0,0.0,0.0,0.0,,0.0,0.0,-2.752,-2.547,-3.363,1.0
GIN,1968,1.0,0.0,1.0,0.0,99.7,0.0,0.0,-2.755,-2.545,-3.344,1.0
GIN,1974,1.0,0.0,1.0,0.0,99.7,0.0,0.0,-2.607,-2.582,-3.376,1.0
GIN,1980,1.0,0.0,0.0,0.0,95.69,0.0,0.0,-2.758,-2.556,-3.386,1.0
GIN,1982,0.0,0.0,1.0,0.0,98.8,0.0,0.0,-2.737,-2.552,-3.386,1.0
GIN,1993,0.0,0.0,1.0,0.0,78.46,0.0,0.0,0.041,-1.77,-1.9,1.0
GIN,1995,1.0,0.0,0.0,0.0,61.86,0.0,0.0,0.043,-1.755,-1.901,1.0
GIN,1998,0.0,0.0,1.0,0.0,69.83,0.0,0.0,0.037,-1.747,-1.723,1.0
GIN,2002,1.0,0.0,0.0,0.0,71.98,0.0,0.0,0.045,-1.755,-1.887,1.0
GIN,2003,0.0,0.0,1.0,0.0,82.76,0.0,0.0,0.043,-1.763,-1.898,1.0
GIN,2010,0.0,0.0,1.0,1.0,67.87,0.0,2.0,1.581,-0.51,-0.934,1.0
GIN,2013,1.0,0.0,0.0,0.0,63.53,0.0,0.0,0.657,-0.527,-0.852,1.0
GIN,2015,0.0,0.0,1.0,0.0,68.36,0.0,0.0,0.293,-0.561,-0.99,1.0
GIN,2020,1.0,0.0,1.0,0.0,78.88,0.0,0.0,-0.581,-0.939,-1.586,1.0
GIN,2025,0.0,0.0,1.0,0.0,,0.0,0.0,-1.122,-1.508,-1.536,1.0
CIV,1946,1.0,0.0,0.0,0.0,,0.0,0.0,-1.008,0.446,-1.958,1.0
CIV,1952,1.0,0.0,0.0,0.0,,0.0,0.0,-1.008,0.425,-1.994,1.0
CIV,1957,1.0,0.0,0.0,0.0,,0.0,0.0,-1.863,0.405,-1.957,1.0
CIV,1959,1.0,0.0,0.0,0.0,94.7,0.0,0.0,-2.242,0.408,-1.985,1.0
CIV,1960,1.0,0.0,1.0,0.0,98.8,0.0,0.0,-2.27,0.122,-1.019,1.0
CIV,1965,1.0,0.0,1.0,0.0,99.6,0.0,0.0,-2.849,-1.306,-1.385,1.0
CIV,1970,1.0,0.0,1.0,0.0,99.2,0.0,0.0,-2.856,-1.306,-1.398,1.0
CIV,1975,1.0,0.0,1.0,0.0,99.8,0.0,0.0,-2.837,-1.353,-1.431,1.0
CIV,1980,1.0,1.0,1.0,0.0,82.3,0.0,0.0,-2.555,-1.311,-1.388,1.0
CIV,1985,1.0,0.0,1.0,0.0,45.7,0.0,0.0,-2.219,-1.367,-1.309,1.0
CIV,1990,1.0,0.0,1.0,0.0,70.0,0.0,0.0,-0.338,-1.368,-1.48,1.0
CIV,1995,1.0,0.0,1.0,0.0,52.2,0.0,0.0,-0.088,-0.856,-0.975,1.0
CIV,2000,1.0,0.0,1.0,0.0,37.42,2.0,2.0,-0.616,-0.951,-1.037,1.0
CIV,2001,0.0,1.0,0.0,0.0,,0.0,0.0,-0.323,-0.916,-0.931,1.0
CIV,2010,0.0,0.0,1.0,1.0,83.73,1.0,2.0,-0.261,-0.546,-0.489,1.0
CIV,2011,1.0,0.0,0.0,0.0,36.56,2.0,0.0,-0.546,-0.33,-0.612,1.0
CIV,2015,0.0,0.0,1.0,0.0,52.86,0.0,0.0,0.419,0.201,-0.205,1.0
CIV,2016,1.0,0.0,0.0,0.0,34.1,0.0,0.0,0.418,0.198,-0.072,1.0
CIV,2020,0.0,0.0,1.0,0.0,53.9,0.0,0.0,-0.641,-1.567,-0.807,1.0
CIV,2021,1.0,0.0,0.0,0.0,37.88,1.0,0.0,-0.641,-1.214,-0.807,1.0
CIV,2025,1.0,0.0,1.0,0.0,50.1,0.0,0.0,0.191,-1.07,-1.629,1.0
MRT,1946,1.0,0.0,0.0,0.0,,0.0,0.0,0.103,0.163,0.28,1.0
MRT,1952,1.0,0.0,0.0,0.0,,0.0,0.0,-0.528,0.175,0.103,1.0
MRT,1957,1.0,0.0,0.0,0.0,71.3,0.0,0.0,0.306,0.295,0.112,1.0
MRT,1959,1.0,0.0,0.0,0.0,90.3,0.0,0.0,0.283,0.157,0.118,1.0
MRT,1961,0.0,0.0,1.0,0.0,93.6,0.0,0.0,-0.811,0.406,-0.432,1.0
MRT,1965,1.0,0.0,0.0,0.0,92.8,0.0,0.0,-2.126,-1.362,-0.944,1.0
MRT,1966,0.0,0.0,1.0,0.0,96.2,0.0,0.0,-2.114,-1.361,-0.934,1.0
MRT,1971,1.0,0.0,1.0,0.0,96.3,0.0,0.0,-2.119,-1.527,-0.951,1.0
MRT,1975,1.0,0.0,0.0,0.0,87.4,0.0,0.0,-2.325,-1.521,-0.947,1.0
MRT,1976,1.0,0.0,1.0,0.0,97.9,0.0,0.0,-2.325,-1.521,-0.947,1.0
MRT,1992,1.0,1.0,1.0,0.0,46.55,2.0,0.0,1.46,-1.287,-1.06,1.0
MRT,1996,1.0,1.0,0.0,0.0,52.06,0.0,0.0,-0.055,-1.46,-1.086,1.0
MRT,1997,0.0,0.0,1.0,0.0,74.73,2.0,0.0,-0.273,-1.464,-1.066,1.0
MRT,2001,1.0,1.0,0.0,0.0,54.45,0.0,0.0,-0.033,-1.117,-1.075,1.0
MRT,2003,0.0,0.0,1.0,0.0,60.86,0.0,0.0,-0.289,-1.284,-1.386,1.0
MRT,2006,1.0,1.0,0.0,0.0,73.42,0.0,0.0,0.688,-0.182,0.11,1.0
MRT,2007,0.0,0.0,1.0,1.0,70.16,0.0,2.0,0.688,-0.464,0.11,1.0
MRT,2009,0.0,0.0,1.0,0.0,61.51,0.0,2.0,0.801,-0.178,-0.081,1.0
MRT,2013,1.0,1.0,0.0,0.0,78.22,0.0,0.0,0.425,-0.829,0.11,1.0
MRT,2014,0.0,0.0,1.0,0.0,56.46,0.0,0.0,1.46,-0.353,0.022,1.0
MRT,2018,1.0,0.0,0.0,0.0,72.46,0.0,0.0,1.432,-0.52,-0.489,1.0
MRT,2019,0.0,0.0,1.0,0.0,62.66,1.0,1.0,1.015,-0.381,0.127,1.0
MRT,2023,1.0,1.0,0.0,0.0,71.59,0.0,0.0,1.443,-0.622,-0.148,1.0
MRT,2024,0.0,0.0,1.0,0.0,55.39,0.0,0.0,0.857,-0.711,-0.299,1.0
CAN,1900,1.0,0.0,0.0,0.0,77.4,0.0,0.0,1.404,1.331,1.651,1.0
CAN,1904,1.0,0.0,0.0,0.0,71.6,0.0,0.0,1.381,1.333,1.627,1.0
CAN,1908,1.0,0.0,0.0,0.0,70.3,0.0,0.0,1.404,1.257,1.635,1.0
CAN,1911,1.0,0.0,0.0,0.0,,2.0,0.0,1.366,1.323,1.631,1.0
CAN,1917,1.0,0.0,0.0,0.0,,0.0,0.0,0.481,0.471,0.726,1.0
CAN,1921,1.0,0.0,0.0,0.0,67.7,2.0,0.0,1.374,1.386,1.589,1.0
CAN,1925,1.0,0.0,0.0,0.0,,0.0,0.0,1.342,1.399,1.6,1.0
CAN,1926,1.0,0.0,0.0,0.0,,2.0,0.0,1.342,1.399,1.6,1.0
CAN,1930,1.0,0.0,0.0,0.0,73.5,2.0,0.0,1.364,1.395,1.59,1.0
CAN,1935,1.0,0.0,0.0,0.0,,2.0,0.0,1.358,1.409,1.609,1.0
CAN,1940,1.0,0.0,0.0,0.0,69.9,0.0,0.0,1.362,1.386,1.588,1.0
CAN,1945,1.0,0.0,0.0,0.0,76.31,0.0,0.0,1.356,1.395,1.604,1.0
CAN,1949,1.0,0.0,0.0,0.0,74.79,0.0,0.0,1.333,1.414,1.593,1.0
CAN,1953,1.0,0.0,0.0,0.0,67.87,0.0,0.0,1.365,1.414,1.579,1.0
CAN,1957,1.0,0.0,0.0,0.0,75.05,2.0,0.0,1.344,1.407,1.579,1.0
CAN,1958,1.0,0.0,0.0,0.0,80.57,0.0,0.0,1.344,1.407,1.579,1.0
CAN,1962,1.0,0.0,0.0,0.0,80.13,0.0,0.0,1.348,1.395,1.568,1.0
CAN,1963,1.0,0.0,0.0,0.0,80.3,2.0,0.0,1.348,1.395,1.568,1.0
CAN,1965,1.0,0.0,0.0,0.0,75.88,0.0,0.0,1.352,1.406,1.594,1.0
CAN,1968,1.0,0.0,0.0,0.0,75.67,0.0,0.0,1.374,1.38,1.594,1.0
CAN,1972,1.0,0.0,0.0,0.0,77.2,0.0,0.0,1.381,1.422,1.585,1.0
CAN,1974,1.0,0.0,0.0,0.0,71.0,0.0,0.0,1.393,1.386,1.604,1.0
CAN,1979,1.0,0.0,0.0,0.0,75.69,2.0,0.0,1.365,1.566,1.572,1.0
CAN,1980,1.0,0.0,0.0,0.0,69.32,2.0,0.0,1.365,1.566,1.572,1.0
CAN,1984,1.0,0.0,0.0,0.0,75.34,2.0,0.0,1.336,1.568,1.602,1.0
CAN,1988,1.0,0.0,0.0,0.0,75.29,0.0,0.0,1.345,1.568,1.598,1.0
CAN,1993,1.0,0.0,0.0,0.0,69.64,2.0,0.0,1.371,2.116,1.582,1.0
CAN,1997,1.0,0.0,0.0,0.0,67.0,0.0,0.0,1.338,1.544,1.61,1.0
CAN,2000,1.0,0.0,0.0,0.0,61.18,0.0,0.0,1.334,2.082,1.617,1.0
CAN,2004,1.0,0.0,0.0,0.0,60.91,0.0,0.0,1.338,1.666,1.593,1.0
CAN,2006,1.0,0.0,0.0,0.0,64.67,2.0,0.0,1.554,2.055,1.735,1.0
CAN,2008,1.0,0.0,0.0,0.0,59.52,0.0,0.0,1.563,2.069,1.746,1.0
CAN,2011,1.0,0.0,0.0,0.0,61.11,0.0,0.0,1.562,1.29,0.942,1.0
CAN,2015,1.0,0.0,0.0,0.0,68.28,2.0,0.0,1.497,1.682,1.731,1.0
CAN,2019,1.0,0.0,0.0,0.0,67.65,0.0,0.0,1.445,2.083,1.6,1.0
CAN,2021,1.0,0.0,0.0,0.0,62.25,0.0,0.0,1.313,1.951,1.438,1.0
CAN,2025,1.0,0.0,0.0,0.0,68.7,0.0,0.0,1.297,2.089,1.632,1.0
AUS,1901,1.0,0.0,0.0,0.0,60.0,0.0,0.0,1.353,1.642,1.63,1.0
AUS,1903,1.0,0.0,0.0,0.0,50.27,0.0,0.0,1.311,1.635,1.631,1.0
AUS,1906,1.0,0.0,0.0,0.0,51.48,0.0,0.0,1.337,1.665,1.638,1.0
AUS,1910,1.0,0.0,0.0,0.0,62.8,2.0,0.0,1.272,1.61,1.638,1.0
AUS,1913,1.0,0.0,0.0,0.0,73.49,2.0,0.0,1.312,1.642,1.639,1.0
AUS,1914,1.0,0.0,0.0,0.0,73.53,2.0,0.0,1.364,1.641,1.647,1.0
AUS,1917,1.0,0.0,0.0,0.0,78.3,0.0,0.0,0.852,0.857,0.794,1.0
AUS,1919,1.0,0.0,0.0,0.0,71.59,0.0,0.0,1.367,1.638,1.66,1.0
AUS,1922,1.0,0.0,0.0,0.0,59.36,2.0,0.0,1.303,1.609,1.612,1.0
AUS,1925,1.0,0.0,0.0,0.0,91.39,0.0,0.0,1.314,1.624,1.598,1.0
AUS,1928,1.0,0.0,0.0,0.0,93.64,0.0,0.0,1.308,1.628,1.597,1.0
AUS,1929,1.0,0.0,0.0,0.0,94.85,2.0,0.0,1.308,1.628,1.597,1.0
AUS,1931,1.0,0.0,0.0,0.0,95.04,0.0,0.0,1.3,1.608,1.606,1.0
AUS,1934,1.0,0.0,0.0,0.0,95.17,0.0,0.0,1.32,1.588,1.609,1.0
AUS,1937,1.0,0.0,0.0,0.0,96.13,0.0,0.0,1.282,1.619,1.598,1.0
AUS,1940,1.0,0.0,0.0,0.0,94.82,0.0,0.0,1.31,1.595,1.6,1.0
AUS,1943,1.0,0.0,0.0,0.0,96.32,0.0,0.0,1.339,1.602,1.635,1.0
AUS,1946,1.0,0.0,0.0,0.0,93.95,0.0,0.0,1.323,1.591,1.639,1.0
AUS,1949,1.0,0.0,0.0,0.0,95.94,2.0,0.0,1.307,1.605,1.618,1.0
AUS,1951,1.0,0.0,0.0,0.0,95.97,0.0,0.0,1.325,1.584,0.748,1.0
AUS,1954,1.0,0.0,0.0,0.0,96.05,0.0,0.0,1.294,1.608,1.626,1.0
AUS,1955,1.0,0.0,0.0,0.0,95.0,0.0,0.0,1.28,1.62,1.614,1.0
AUS,1958,1.0,0.0,0.0,0.0,95.44,0.0,0.0,1.293,1.599,1.621,1.0
AUS,1961,1.0,0.0,0.0,0.0,95.22,0.0,0.0,1.32,1.606,1.587,1.0
AUS,1963,1.0,0.0,0.0,0.0,95.71,0.0,0.0,1.317,1.593,1.561,1.0
AUS,1966,1.0,0.0,0.0,0.0,95.13,0.0,0.0,1.281,1.666,1.593,1.0
AUS,1969,1.0,0.0,0.0,0.0,94.97,0.0,0.0,1.302,1.582,1.525,1.0
AUS,1972,1.0,0.0,0.0,0.0,95.38,2.0,0.0,1.306,1.665,1.61,1.0
AUS,1974,1.0,0.0,0.0,0.0,95.4,0.0,0.0,1.321,1.68,1.56,1.0
AUS,1975,1.0,0.0,0.0,0.0,95.39,0.0,0.0,1.287,1.655,1.579,1.0
AUS,1977,1.0,0.0,0.0,0.0,95.08,0.0,0.0,1.296,1.646,1.535,1.0
AUS,1980,1.0,0.0,0.0,0.0,94.35,0.0,0.0,1.277,1.658,1.59,1.0
AUS,1983,1.0,0.0,0.0,0.0,94.64,2.0,0.0,1.287,1.687,1.584,1.0
AUS,1984,1.0,0.0,0.0,0.0,94.19,0.0,0.0,1.303,1.672,1.594,1.0
AUS,1987,1.0,0.0,0.0,0.0,93.84,0.0,0.0,1.302,1.654,1.56,1.0
AUS,1990,1.0,0.0,0.0,0.0,95.31,0.0,0.0,1.308,1.655,1.558,1.0
AUS,1993,1.0,0.0,0.0,0.0,95.75,0.0,0.0,1.299,1.657,1.567,1.0
AUS,1996,1.0,0.0,0.0,0.0,95.77,2.0,0.0,1.282,1.663,1.576,1.0
AUS,1998,1.0,0.0,0.0,0.0,94.99,0.0,0.0,1.315,1.659,1.546,1.0
AUS,2001,1.0,0.0,0.0,0.0,94.85,0.0,0.0,1.3,1.667,1.597,1.0
AUS,2004,1.0,0.0,0.0,0.0,94.32,0.0,0.0,1.304,1.666,1.63,1.0
AUS,2007,1.0,0.0,0.0,0.0,94.76,2.0,0.0,1.5,2.053,1.922,1.0
AUS,2010,1.0,0.0,0.0,0.0,93.22,0.0,0.0,1.498,2.226,1.909,1.0
AUS,2013,1.0,0.0,0.0,0.0,93.23,2.0,0.0,1.473,2.245,1.853,1.0
AUS,2016,1.0,0.0,0.0,0.0,91.01,0.0,0.0,1.435,2.057,1.875,1.0
AUS,2019,1.0,0.0,0.0,0.0,91.89,0.0,0.0,1.4,1.406,1.827,1.0
AUS,2022,1.0,0.0,0.0,0.0,89.74,2.0,0.0,1.369,1.94,1.793,1.0
AUS,2025,1.0,0.0,0.0,0.0,90.67,0.0,0.0,1.27,1.808,1.752,1.0
BWA,1961,1.0,0.0,0.0,0.0,,0.0,0.0,-1.09,1.519,0.009,1.0
BWA,1965,1.0,0.0,0.0,0.0,74.5,0.0,0.0,0.169,1.412,1.083,1.0
BWA,1969,1.0,0.0,0.0,0.0,54.73,0.0,0.0,1.076,1.532,1.419,1.0
BWA,1974,1.0,0.0,0.0,0.0,31.22,0.0,0.0,1.036,1.518,1.395,1.0
BWA,1979,1.0,0.0,0.0,0.0,55.24,0.0,0.0,1.043,1.546,1.407,1.0
BWA,1984,1.0,0.0,0.0,0.0,77.58,0.0,0.0,1.061,1.521,1.412,1.0
BWA,1989,1.0,0.0,0.0,0.0,68.24,0.0,0.0,1.043,1.545,1.388,1.0
BWA,1994,1.0,0.0,0.0,0.0,76.55,0.0,0.0,1.044,1.528,1.679,1.0
BWA,1999,1.0,0.0,0.0,0.0,77.11,0.0,0.0,1.063,1.511,1.643,1.0
BWA,2004,1.0,0.0,0.0,0.0,76.2,0.0,0.0,1.083,1.519,1.641,1.0
BWA,2009,1.0,0.0,0.0,0.0,76.71,0.0,0.0,1.478,1.39,2.122,1.0
BWA,2014,1.0,0.0,0.0,0.0,84.75,0.0,0.0,1.496,1.227,1.93,1.0
BWA,2019,1.0,0.0,0.0,0.0,83.14,0.0,0.0,1.294,0.023,0.045,1.0
BWA,2024,1.0,0.0,0.0,0.0,81.42,0.0,0.0,1.175,1.804,1.785,1.0
BDI,1961,1.0,0.0,0.0,0.0,75.39,2.0,0.0,1.446,-0.458,-0.35,1.0
BDI,1965,1.0,0.0,0.0,0.0,,0.0,0.0,-0.306,-0.46,-1.432,1.0
BDI,1982,1.0,0.0,0.0,0.0,95.0,0.0,0.0,-2.013,-0.894,-0.558,1.0
BDI,1984,0.0,0.0,1.0,0.0,98.3,0.0,0.0,-2.035,-0.923,-0.576,1.0
BDI,1993,1.0,0.0,1.0,0.0,97.31,1.0,2.0,1.467,-0.14,-1.154,1.0
BDI,2005,1.0,0.0,0.0,0.0,77.23,0.0,0.0,0.598,0.222,-0.568,1.0
BDI,2010,1.0,0.0,1.0,0.0,76.98,0.0,0.0,-0.705,-1.548,-2.153,1.0
BDI,2015,1.0,0.0,1.0,0.0,74.32,0.0,0.0,-1.091,-3.226,-3.657,1.0
BDI,2020,1.0,0.0,1.0,0.0,87.71,1.0,1.0,-0.56,-2.633,-2.84,1.0
BDI,2025,1.0,0.0,0.0,0.0,98.88,0.0,0.0,-0.863,-2.296,-1.804,1.0
CPV,1980,1.0,0.0,0.0,0.0,75.0,0.0,0.0,-1.359,0.045,0.309,1.0
CPV,1985,1.0,0.0,0.0,0.0,68.9,0.0,0.0,-1.102,0.148,0.554,1.0
CPV,1991,1.0,0.0,1.0,0.0,75.3,2.0,2.0,1.552,0.789,1.678,1.0
CPV,1995,1.0,0.0,0.0,0.0,76.52,0.0,0.0,1.517,1.549,1.691,1.0
CPV,1996,0.0,0.0,1.0,0.0,43.5,0.0,0.0,1.517,2.08,1.691,1.0
CPV,2001,1.0,0.0,1.0,1.0,58.94,2.0,2.0,1.568,1.566,1.684,1.0
CPV,2006,1.0,0.0,1.0,0.0,54.18,0.0,0.0,1.669,1.732,1.643,1.0
CPV,2011,1.0,0.0,1.0,1.0,76.01,0.0,2.0,1.683,1.732,1.65,1.0
CPV,2016,1.0,0.0,1.0,0.0,65.93,2.0,0.0,1.584,2.13,2.058,1.0
CPV,2021,1.0,0.0,1.0,0.0,57.46,0.0,2.0,1.531,1.72,2.005,1.0
CAF,1946,1.0,0.0,0.0,0.0,,0.0,0.0,-0.123,0.406,-0.721,1.0
CAF,1952,1.0,0.0,0.0,0.0,,0.0,0.0,1.501,0.409,-0.728,1.0
CAF,1957,1.0,0.0,0.0,0.0,58.7,0.0,0.0,1.53,0.4,-0.55,1.0
CAF,1959,1.0,0.0,0.0,0.0,56.71,0.0,0.0,0.931,0.403,-0.509,1.0
CAF,1964,1.0,0.0,1.0,0.0,93.81,0.0,0.0,-2.602,-1.445,-2.506,1.0
CAF,1981,0.0,0.0,1.0,0.0,76.66,0.0,0.0,0.347,-1.162,-1.372,1.0
CAF,1986,0.0,0.0,1.0,0.0,,0.0,0.0,-1.328,-1.533,-2.017,1.0
CAF,1987,1.0,0.0,0.0,0.0,50.0,0.0,0.0,-1.13,-1.533,-2.017,1.0
CAF,1992,1.0,0.0,1.0,0.0,68.5,2.0,0.0,0.173,-0.286,-1.76,1.0
CAF,1993,1.0,1.0,1.0,1.0,67.93,2.0,2.0,0.173,-0.104,-1.372,1.0
CAF,1998,1.0,1.0,0.0,0.0,58.45,2.0,0.0,0.349,-0.545,-1.379,1.0
CAF,1999,0.0,0.0,1.0,0.0,59.14,0.0,0.0,0.349,-0.545,-1.379,1.0
CAF,2005,1.0,1.0,1.0,1.0,72.7,2.0,0.0,0.043,-0.543,-1.217,1.0
CAF,2011,1.0,1.0,1.0,0.0,61.2,0.0,0.0,-0.53,-1.148,-1.457,1.0
CAF,2015,1.0,0.0,1.0,0.0,62.54,0.0,2.0,-0.028,0.004,-0.658,1.0
CAF,2016,1.0,1.0,0.0,1.0,59.01,2.0,2.0,-0.028,0.194,-0.658,1.0
CAF,2020,1.0,0.0,1.0,0.0,35.25,0.0,0.0,0.24,-1.252,-1.239,1.0
CAF,2021,0.0,1.0,0.0,0.0,66.0,0.0,0.0,-0.262,-1.252,-1.427,1.0
CAF,2025,1.0,0.0,1.0,0.0,52.42,0.0,0.0,-0.554,-1.798,-1.992,1.0
CHL,1900,1.0,0.0,0.0,0.0,,0.0,0.0,0.326,0.558,-0.859,1.0
CHL,1901,0.0,0.0,1.0,0.0,,1.0,1.0,0.338,0.544,-0.847,1.0
CHL,1903,1.0,0.0,0.0,0.0,,0.0,0.0,0.659,0.511,-0.872,1.0
CHL,1906,1.0,0.0,1.0,0.0,,1.0,1.0,0.474,0.554,-0.843,1.0
CHL,1909,1.0,0.0,0.0,0.0,,0.0,0.0,0.629,0.496,-0.872,1.0
CHL,1912,1.0,0.0,0.0,0.0,,0.0,0.0,0.669,0.497,-0.864,1.0
CHL,1915,1.0,0.0,1.0,0.0,,2.0,2.0,0.883,0.553,-0.845,1.0
CHL,1918,1.0,0.0,0.0,0.0,,0.0,0.0,0.639,0.497,-0.861,1.0
CHL,1920,0.0,0.0,1.0,0.0,,,,0.885,0.519,-0.808,1.0
CHL,1921,1.0,0.0,0.0,0.0,,0.0,0.0,0.885,0.519,-0.808,1.0
CHL,1924,1.0,0.0,0.0,0.0,,0.0,0.0,0.662,0.51,-0.855,1.0
CHL,1925,1.0,0.0,1.0,0.0,,2.0,2.0,-0.049,0.506,-0.904,1.0
CHL,1927,0.0,0.0,1.0,0.0,,2.0,2.0,-1.015,0.281,-1.272,1.0
CHL,1931,0.0,0.0,1.0,0.0,73.5,2.0,2.0,0.64,0.272,-0.906,1.0
CHL,1932,1.0,0.0,1.0,0.0,74.4,2.0,2.0,1.357,0.789,-0.106,1.0
CHL,1937,1.0,0.0,0.0,0.0,,0.0,0.0,1.334,0.786,0.576,1.0
CHL,1938,0.0,0.0,1.0,0.0,88.4,2.0,2.0,1.318,0.787,0.221,1.0
CHL,1941,1.0,0.0,0.0,0.0,,0.0,0.0,1.345,0.785,0.582,1.0
CHL,1942,0.0,0.0,1.0,0.0,80.2,1.0,1.0,1.345,0.785,0.211,1.0
CHL,1945,1.0,0.0,0.0,0.0,65.3,0.0,0.0,1.306,0.785,0.574,1.0
CHL,1946,0.0,0.0,1.0,0.0,75.93,1.0,1.0,1.319,0.792,0.556,1.0
CHL,1949,1.0,0.0,0.0,0.0,79.46,0.0,0.0,0.178,0.784,0.598,1.0
CHL,1952,0.0,0.0,1.0,0.0,86.61,2.0,2.0,0.196,0.802,0.573,1.0
CHL,1953,1.0,0.0,0.0,0.0,70.83,0.0,0.0,0.196,0.802,0.573,1.0
CHL,1957,1.0,0.0,0.0,0.0,68.39,0.0,0.0,0.177,0.792,0.569,1.0
CHL,1958,0.0,0.0,1.0,0.0,83.5,1.0,1.0,1.339,0.99,1.91,1.0
CHL,1961,1.0,0.0,0.0,0.0,74.54,0.0,0.0,1.33,1.613,1.891,1.0
CHL,1964,0.0,0.0,1.0,0.0,86.81,2.0,2.0,1.337,1.717,1.94,1.0
CHL,1965,1.0,0.0,0.0,0.0,80.57,0.0,0.0,1.337,1.717,1.94,1.0
CHL,1969,1.0,0.0,0.0,0.0,74.15,0.0,0.0,1.323,1.7,1.918,1.0
CHL,1970,0.0,0.0,1.0,0.0,83.47,2.0,2.0,1.337,1.733,1.932,1.0
CHL,1973,1.0,0.0,0.0,0.0,81.75,0.0,0.0,1.286,1.707,1.933,1.0
CHL,1989,1.0,0.0,1.0,0.0,94.72,2.0,2.0,1.324,1.601,0.58,1.0
CHL,1993,1.0,0.0,1.0,0.0,90.47,1.0,1.0,1.336,2.08,1.901,1.0
CHL,1997,1.0,0.0,0.0,0.0,87.32,0.0,0.0,1.321,2.057,1.932,1.0
CHL,1999,0.0,0.0,1.0,0.0,90.6,2.0,2.0,1.311,2.071,1.893,1.0
CHL,2000,0.0,0.0,0.0,1.0,90.63,2.0,2.0,1.311,2.071,1.893,1.0
CHL,2001,1.0,0.0,0.0,0.0,87.11,0.0,0.0,1.316,2.064,1.919,1.0
CHL,2005,1.0,0.0,1.0,0.0,87.67,2.0,2.0,1.715,2.473,2.276,1.0
CHL,2006,0.0,0.0,0.0,1.0,87.12,2.0,2.0,1.715,2.473,2.276,1.0
CHL,2009,1.0,0.0,1.0,0.0,86.99,2.0,2.0,1.182,2.48,2.285,1.0
CHL,2010,0.0,0.0,0.0,1.0,86.94,2.0,2.0,1.715,2.48,2.285,1.0
CHL,2013,1.0,0.0,1.0,0.0,49.25,2.0,2.0,1.657,2.311,2.179,1.0
CHL,2017,1.0,0.0,1.0,1.0,46.7,2.0,2.0,1.652,2.283,2.224,1.0
CHL,2021,1.0,0.0,1.0,1.0,55.03,2.0,2.0,1.498,2.036,1.974,1.0
CHL,2025,1.0,0.0,1.0,1.0,85.12,2.0,2.0,1.399,1.931,1.867,1.0
CRI,1909,1.0,0.0,0.0,0.0,,,,-1.715,-0.309,0.444,1.0
CRI,1913,1.0,0.0,1.0,0.0,78.0,1.0,1.0,-0.154,-0.568,-0.757,1.0
CRI,1917,0.0,0.0,1.0,0.0,69.2,0.0,0.0,-0.986,-0.85,-1.653,1.0
CRI,1919,1.0,0.0,1.0,0.0,57.8,1.0,1.0,-0.452,-0.744,-0.767,1.0
CRI,1923,1.0,0.0,1.0,0.0,70.5,2.0,2.0,-0.282,-0.445,-0.193,1.0
CRI,1928,1.0,0.0,1.0,0.0,62.5,2.0,2.0,-0.286,-0.451,-0.19,1.0
CRI,1932,1.0,0.0,1.0,0.0,64.2,2.0,2.0,-0.3,-0.449,-0.197,1.0
CRI,1936,1.0,0.0,1.0,0.0,68.8,1.0,1.0,-0.289,-0.442,-0.219,1.0
CRI,1940,1.0,0.0,1.0,0.0,80.8,1.0,1.0,-0.283,-0.435,-0.751,1.0
CRI,1944,1.0,0.0,1.0,0.0,43.2,1.0,1.0,-0.292,-0.445,-0.757,1.0
CRI,1948,1.0,0.0,1.0,0.0,60.02,1.0,1.0,-0.288,-0.63,-0.25,1.0
CRI,1949,1.0,0.0,0.0,0.0,49.2,0.0,0.0,0.2,-0.167,-0.25,1.0
CRI,1953,1.0,0.0,1.0,0.0,67.25,2.0,2.0,1.526,1.168,0.849,1.0
CRI,1958,1.0,0.0,1.0,0.0,64.7,2.0,2.0,1.532,1.177,0.842,1.0
CRI,1962,1.0,0.0,1.0,0.0,80.87,2.0,2.0,1.509,1.164,0.839,1.0
CRI,1966,1.0,0.0,1.0,0.0,81.4,2.0,2.0,1.509,1.163,0.844,1.0
CRI,1970,1.0,0.0,1.0,0.0,83.34,2.0,2.0,1.522,1.157,1.371,1.0
CRI,1974,1.0,0.0,1.0,0.0,79.92,1.0,1.0,1.51,0.99,1.357,1.0
CRI,1978,1.0,0.0,1.0,0.0,81.27,2.0,2.0,1.508,1.175,1.359,1.0
CRI,1982,1.0,0.0,1.0,0.0,78.63,2.0,2.0,1.533,1.948,1.358,1.0
CRI,1986,1.0,0.0,1.0,0.0,84.85,1.0,1.0,1.538,1.944,1.375,1.0
CRI,1990,1.0,0.0,1.0,0.0,81.81,2.0,2.0,1.553,1.933,2.087,1.0
CRI,1994,1.0,0.0,1.0,0.0,81.11,2.0,2.0,1.52,1.919,2.093,1.0
CRI,1998,1.0,0.0,1.0,0.0,69.99,2.0,2.0,1.56,1.929,2.08,1.0
CRI,2002,1.0,0.0,1.0,1.0,68.84,1.0,1.0,1.537,1.926,2.09,1.0
CRI,2006,1.0,0.0,1.0,0.0,65.21,2.0,2.0,1.727,2.336,2.534,1.0
CRI,2010,1.0,0.0,1.0,0.0,69.12,1.0,1.0,1.735,2.369,2.562,1.0
CRI,2014,1.0,0.0,1.0,1.0,68.38,2.0,2.0,1.762,2.368,2.295,1.0
CRI,2018,1.0,0.0,1.0,1.0,66.45,1.0,1.0,1.674,2.166,2.321,1.0
CRI,2022,1.0,0.0,1.0,1.0,59.96,2.0,2.0,1.55,1.948,2.077,1.0
TLS,1973,1.0,0.0,0.0,0.0,87.4,0.0,0.0,-0.992,-1.77,-1.243,1.0
TLS,2001,1.0,0.0,0.0,0.0,86.03,0.0,0.0,0.122,0.467,0.792,1.0
TLS,2002,0.0,0.0,1.0,0.0,97.26,0.0,2.0,-0.455,0.467,0.792,1.0
TLS,2007,1.0,0.0,1.0,1.0,81.0,2.0,2.0,0.629,0.559,0.57,1.0
TLS,2012,1.0,0.0,1.0,1.0,78.1,0.0,1.0,0.902,0.703,1.125,1.0
TLS,2017,1.0,0.0,1.0,0.0,76.74,1.0,2.0,1.428,1.384,1.518,1.0
TLS,2018,1.0,0.0,0.0,0.0,80.98,2.0,0.0,1.428,1.384,1.518,1.0
TLS,2022,0.0,0.0,1.0,1.0,77.26,0.0,2.0,1.343,1.518,1.367,1.0
TLS,2023,1.0,0.0,0.0,0.0,79.28,2.0,0.0,1.274,1.678,0.645,1.0
ECU,1901,0.0,0.0,1.0,0.0,,2.0,2.0,-0.64,-1.163,0.199,1.0
ECU,1905,0.0,0.0,1.0,0.0,,2.0,2.0,-0.62,-1.161,0.189,1.0
ECU,1911,0.0,0.0,1.0,0.0,,2.0,2.0,-0.82,-1.163,-1.071,1.0
ECU,1912,0.0,0.0,1.0,0.0,,2.0,2.0,-0.607,-1.16,-1.064,1.0
ECU,1916,0.0,0.0,1.0,0.0,,1.0,1.0,-0.424,-1.159,-0.302,1.0
ECU,1920,0.0,0.0,1.0,0.0,,1.0,1.0,-0.131,-1.154,-0.302,1.0
ECU,1924,0.0,0.0,1.0,0.0,,1.0,1.0,-0.402,-1.215,-0.649,1.0
ECU,1931,0.0,0.0,1.0,0.0,,2.0,2.0,-0.748,-1.35,-1.006,1.0
ECU,1932,1.0,0.0,1.0,0.0,,2.0,2.0,-0.748,-1.723,-1.006,1.0
ECU,1933,0.0,0.0,1.0,0.0,,2.0,2.0,-0.739,-0.978,-1.022,1.0
ECU,1939,1.0,0.0,0.0,0.0,,0.0,0.0,-0.734,-0.636,-1.0,1.0
ECU,1940,0.0,0.0,1.0,0.0,,2.0,2.0,-1.076,-1.192,-1.942,1.0
ECU,1947,1.0,0.0,0.0,0.0,56.69,0.0,0.0,1.337,-1.006,-1.62,1.0
ECU,1948,0.0,0.0,1.0,0.0,61.84,2.0,2.0,1.044,-0.186,1.029,1.0
ECU,1950,1.0,0.0,0.0,0.0,64.11,0.0,0.0,1.043,-0.191,1.051,1.0
ECU,1952,1.0,0.0,1.0,0.0,64.91,2.0,2.0,1.025,-0.193,-0.021,1.0
ECU,1954,1.0,0.0,0.0,0.0,81.62,0.0,0.0,1.049,-0.171,0.554,1.0
ECU,1956,1.0,0.0,1.0,0.0,73.41,2.0,2.0,1.02,-0.158,0.561,1.0
ECU,1958,1.0,0.0,0.0,0.0,,0.0,0.0,1.014,-0.171,1.038,1.0
ECU,1960,1.0,0.0,1.0,0.0,76.01,2.0,2.0,1.03,-0.186,0.4,1.0
ECU,1962,1.0,0.0,0.0,0.0,,0.0,0.0,1.017,-0.174,1.193,1.0
ECU,1968,1.0,0.0,1.0,0.0,77.49,2.0,2.0,1.011,-0.325,1.033,1.0
ECU,1978,0.0,0.0,1.0,0.0,72.83,2.0,2.0,-0.334,0.656,0.861,1.0
ECU,1979,1.0,0.0,0.0,1.0,80.49,2.0,2.0,0.616,0.833,1.201,1.0
ECU,1984,1.0,0.0,1.0,1.0,78.13,2.0,2.0,1.341,1.382,1.19,1.0
ECU,1986,1.0,0.0,0.0,0.0,74.02,0.0,0.0,1.255,1.406,1.189,1.0
ECU,1988,1.0,0.0,1.0,1.0,77.7,2.0,2.0,1.335,1.388,1.199,1.0
ECU,1990,1.0,0.0,0.0,0.0,69.42,0.0,0.0,1.338,1.407,1.175,1.0
ECU,1992,1.0,0.0,1.0,1.0,73.1,2.0,2.0,1.32,1.385,1.195,1.0
ECU,1994,1.0,0.0,0.0,0.0,65.49,0.0,0.0,1.326,1.402,1.213,1.0
ECU,1996,1.0,0.0,1.0,1.0,71.71,2.0,2.0,1.22,1.408,1.194,1.0
ECU,1998,1.0,0.0,1.0,1.0,70.13,2.0,2.0,1.232,1.413,1.198,1.0
ECU,2002,1.0,0.0,1.0,1.0,71.22,2.0,2.0,1.128,1.385,1.212,1.0
ECU,2006,1.0,0.0,1.0,1.0,76.01,2.0,2.0,1.563,1.175,0.691,1.0
ECU,2009,1.0,0.0,1.0,0.0,75.72,0.0,0.0,1.449,1.073,0.033,1.0
ECU,2013,1.0,0.0,1.0,0.0,80.84,0.0,0.0,1.273,0.816,-0.192,1.0
ECU,2017,1.0,0.0,1.0,1.0,82.94,1.0,1.0,0.788,0.477,0.528,1.0
ECU,2021,1.0,0.0,1.0,1.0,81.0,2.0,2.0,1.427,0.886,0.891,1.0
ECU,2023,1.0,0.0,1.0,1.0,82.93,2.0,2.0,0.943,1.089,1.275,1.0
ECU,2025,1.0,0.0,1.0,1.0,82.95,0.0,0.0,1.514,0.873,1.374,1.0
FRA,1902,1.0,1.0,0.0,0.0,,2.0,0.0,1.224,0.954,1.13,1.0
FRA,1906,1.0,1.0,0.0,0.0,,1.0,0.0,1.227,0.944,1.126,1.0
FRA,1910,1.0,1.0,0.0,0.0,,0.0,0.0,1.271,0.946,1.182,1.0
FRA,1914,1.0,1.0,0.0,0.0,,2.0,0.0,1.237,0.95,1.163,1.0
FRA,1919,1.0,1.0,0.0,0.0,,0.0,0.0,1.257,1.472,1.175,1.0
FRA,1924,1.0,1.0,0.0,0.0,,2.0,0.0,1.253,1.439,1.093,1.0
FRA,1928,1.0,1.0,0.0,0.0,,0.0,0.0,1.218,1.422,1.123,1.0
FRA,1932,1.0,1.0,0.0,0.0,,2.0,0.0,1.192,1.448,1.112,1.0
FRA,1936,1.0,1.0,0.0,0.0,,2.0,0.0,1.251,1.439,1.116,1.0
FRA,1946,1.0,0.0,0.0,0.0,81.85,0.0,0.0,1.223,1.455,1.134,1.0
FRA,1951,1.0,0.0,0.0,0.0,80.19,2.0,0.0,1.254,1.423,1.092,1.0
FRA,1956,1.0,0.0,0.0,0.0,82.69,2.0,0.0,1.248,1.435,1.096,1.0
FRA,1958,1.0,1.0,0.0,0.0,77.18,0.0,0.0,1.219,1.444,1.112,1.0
FRA,1962,1.0,1.0,0.0,0.0,68.69,0.0,0.0,1.253,1.433,1.43,1.0
FRA,1965,0.0,0.0,1.0,1.0,84.2,0.0,0.0,1.24,1.448,1.441,1.0
FRA,1967,1.0,1.0,0.0,0.0,81.12,0.0,0.0,1.208,1.432,1.448,1.0
FRA,1968,1.0,1.0,0.0,0.0,79.85,2.0,0.0,1.201,1.429,1.105,1.0
FRA,1969,0.0,0.0,1.0,1.0,77.08,1.0,2.0,1.201,1.429,1.441,1.0
FRA,1973,1.0,1.0,0.0,0.0,81.31,0.0,0.0,1.25,1.872,1.438,1.0
FRA,1974,0.0,0.0,1.0,1.0,87.33,1.0,2.0,1.222,1.853,1.453,1.0
FRA,1978,1.0,1.0,0.0,0.0,71.63,0.0,0.0,1.209,1.875,1.842,1.0
FRA,1981,1.0,1.0,1.0,1.0,83.38,0.0,2.0,1.256,1.866,1.84,1.0
FRA,1986,1.0,0.0,0.0,0.0,78.48,2.0,0.0,1.245,1.879,1.865,1.0
FRA,1988,1.0,1.0,1.0,1.0,84.06,2.0,0.0,1.242,1.874,1.86,1.0
FRA,1993,1.0,1.0,0.0,0.0,68.93,2.0,0.0,1.209,1.859,1.847,1.0
FRA,1995,0.0,0.0,1.0,1.0,79.66,1.0,2.0,1.251,1.896,1.886,1.0
FRA,1997,1.0,1.0,0.0,0.0,67.96,2.0,0.0,1.221,1.872,1.834,1.0
FRA,2002,1.0,1.0,1.0,1.0,79.71,0.0,2.0,1.258,1.86,1.843,1.0
FRA,2007,1.0,1.0,1.0,1.0,83.97,0.0,2.0,1.512,2.164,2.205,1.0
FRA,2012,1.0,1.0,1.0,1.0,80.35,0.0,2.0,1.453,2.174,2.24,1.0
FRA,2017,1.0,1.0,1.0,1.0,77.77,2.0,2.0,1.41,2.062,2.06,1.0
FRA,2022,1.0,1.0,1.0,1.0,73.69,0.0,0.0,1.349,1.956,1.987,1.0
FRA,2024,1.0,1.0,0.0,0.0,66.71,2.0,0.0,1.282,1.898,1.91,1.0
DEU,1903,1.0,0.0,0.0,0.0,76.1,0.0,0.0,0.186,0.166,-0.079,1.0
DEU,1907,1.0,0.0,0.0,0.0,84.7,0.0,0.0,0.197,0.139,-0.106,1.0
DEU,1912,1.0,0.0,0.0,0.0,84.9,0.0,0.0,0.22,0.293,-0.076,1.0
DEU,1920,1.0,0.0,0.0,0.0,79.2,2.0,0.0,0.628,0.76,0.332,1.0
DEU,1924,1.0,0.0,0.0,0.0,78.8,0.0,0.0,0.426,0.594,0.086,1.0
DEU,1925,0.0,0.0,1.0,1.0,77.0,0.0,2.0,0.426,0.594,0.086,1.0
DEU,1928,1.0,0.0,0.0,0.0,75.6,2.0,0.0,0.426,0.46,0.098,1.0
DEU,1930,1.0,0.0,0.0,0.0,82.0,0.0,0.0,0.207,0.294,-0.358,1.0
DEU,1932,1.0,0.0,1.0,1.0,85.6,0.0,0.0,0.204,0.291,-0.402,1.0
DEU,1933,1.0,0.0,0.0,0.0,95.3,0.0,0.0,-0.95,-0.774,-1.224,1.0
DEU,1936,1.0,0.0,0.0,0.0,99.0,0.0,0.0,-2.302,-2.097,-2.482,1.0
DEU,1938,1.0,0.0,0.0,0.0,99.59,0.0,0.0,-2.18,-2.073,-3.066,1.0
DEU,1949,1.0,0.0,0.0,0.0,78.49,2.0,0.0,0.263,1.451,1.936,1.0
DEU,1953,1.0,0.0,0.0,0.0,85.99,0.0,0.0,1.085,2.064,2.07,1.0
DEU,1957,1.0,0.0,0.0,0.0,87.77,0.0,0.0,1.066,2.061,1.972,1.0
DEU,1961,1.0,0.0,0.0,0.0,87.74,0.0,0.0,1.636,2.061,1.995,1.0
DEU,1965,1.0,0.0,0.0,0.0,86.77,0.0,0.0,1.611,2.063,1.967,1.0
DEU,1969,1.0,0.0,0.0,0.0,86.67,2.0,0.0,1.612,2.077,2.08,1.0
DEU,1972,1.0,0.0,0.0,0.0,91.11,0.0,0.0,1.622,2.066,1.977,1.0
DEU,1976,1.0,0.0,0.0,0.0,90.75,0.0,0.0,1.603,2.029,1.978,1.0
DEU,1980,1.0,0.0,0.0,0.0,88.57,0.0,0.0,1.602,2.469,2.261,1.0
DEU,1983,1.0,0.0,0.0,0.0,89.09,0.0,0.0,1.61,2.476,2.273,1.0
DEU,1987,1.0,0.0,0.0,0.0,84.33,0.0,0.0,1.601,2.464,2.259,1.0
DEU,1990,1.0,0.0,0.0,0.0,77.76,0.0,0.0,1.613,2.375,2.233,1.0
DEU,1994,1.0,0.0,0.0,0.0,78.97,0.0,0.0,1.608,2.46,2.271,1.0
DEU,1998,1.0,0.0,0.0,0.0,82.2,2.0,0.0,1.61,2.462,2.283,1.0
DEU,2002,1.0,0.0,0.0,0.0,79.08,0.0,0.0,1.623,2.452,2.254,1.0
DEU,2005,1.0,0.0,0.0,0.0,77.65,2.0,0.0,1.706,2.48,2.382,1.0
DEU,2009,1.0,0.0,0.0,0.0,70.78,0.0,0.0,1.716,2.511,2.392,1.0
DEU,2013,1.0,0.0,0.0,0.0,71.53,0.0,0.0,1.505,2.128,2.018,1.0
DEU,2017,1.0,0.0,0.0,0.0,76.15,0.0,0.0,1.491,2.112,2.027,1.0
DEU,2021,1.0,0.0,0.0,0.0,76.57,2.0,0.0,1.42,1.974,1.85,1.0
DEU,2025,1.0,0.0,0.0,0.0,82.54,2.0,0.0,1.393,1.959,1.817,1.0
GTM,1904,0.0,0.0,1.0,0.0,,0.0,0.0,-3.458,-3.118,-2.926,1.0
GTM,1910,0.0,0.0,1.0,0.0,,0.0,0.0,-3.585,-3.125,-2.926,1.0
GTM,1916,0.0,0.0,1.0,0.0,,0.0,0.0,-3.575,-1.89,-2.941,1.0
GTM,1920,0.0,0.0,1.0,0.0,,,,-3.575,-1.89,-2.941,1.0
GTM,1922,0.0,0.0,1.0,0.0,,2.0,2.0,-1.05,-1.61,-0.925,1.0
GTM,1923,1.0,0.0,0.0,0.0,,0.0,0.0,-1.418,-1.612,-0.918,1.0
GTM,1925,1.0,0.0,0.0,0.0,,0.0,0.0,-1.281,-1.199,-0.917,1.0
GTM,1926,0.0,0.0,1.0,0.0,,2.0,2.0,-1.29,-1.21,-0.892,1.0
GTM,1929,1.0,0.0,0.0,0.0,,0.0,0.0,-1.41,-1.193,-0.936,1.0
GTM,1931,1.0,0.0,1.0,0.0,,2.0,2.0,-2.02,-1.827,-1.582,1.0
GTM,1944,1.0,0.0,1.0,0.0,86.25,2.0,2.0,-0.396,0.34,-0.151,1.0
GTM,1947,1.0,0.0,0.0,0.0,,0.0,0.0,0.36,0.501,0.42,1.0
GTM,1948,1.0,0.0,0.0,0.0,,0.0,0.0,-0.381,0.513,0.431,1.0
GTM,1950,1.0,0.0,1.0,0.0,71.59,1.0,1.0,-0.217,0.496,0.386,1.0
GTM,1953,1.0,0.0,0.0,0.0,,0.0,0.0,-0.381,0.203,0.413,1.0
GTM,1954,0.0,0.0,1.0,0.0,69.46,0.0,0.0,-0.534,-0.054,-0.041,1.0
GTM,1955,1.0,0.0,0.0,0.0,,0.0,0.0,-2.588,-2.509,-1.98,1.0
GTM,1957,1.0,0.0,1.0,0.0,,0.0,0.0,-2.554,-2.534,-1.977,1.0
GTM,1958,1.0,0.0,1.0,0.0,,2.0,2.0,-2.554,-2.534,-1.977,1.0
GTM,1959,1.0,0.0,0.0,0.0,44.64,0.0,0.0,-2.562,-2.526,-1.97,1.0
GTM,1961,1.0,0.0,0.0,0.0,44.48,0.0,0.0,-2.561,-2.539,-2.329,1.0
GTM,1966,1.0,0.0,1.0,0.0,56.27,2.0,2.0,-1.426,-2.522,-2.08,1.0
GTM,1970,1.0,0.0,1.0,0.0,53.82,2.0,2.0,-1.77,-2.489,-3.29,1.0
GTM,1974,1.0,0.0,1.0,0.0,46.41,1.0,1.0,-1.941,-2.517,-3.282,1.0
GTM,1978,1.0,0.0,1.0,0.0,36.52,1.0,1.0,-1.918,-2.526,-3.269,1.0
GTM,1982,1.0,0.0,1.0,0.0,45.83,2.0,2.0,-1.932,-2.508,-3.276,1.0
GTM,1985,1.0,0.0,1.0,1.0,60.21,2.0,2.0,-0.636,-0.572,-0.334,1.0
GTM,1990,1.0,0.0,1.0,0.0,59.44,2.0,2.0,-0.759,0.27,0.195,1.0
GTM,1991,0.0,0.0,0.0,1.0,45.26,2.0,2.0,-0.556,0.27,0.195,1.0
GTM,1994,1.0,0.0,0.0,0.0,21.01,0.0,0.0,-0.418,0.263,-0.035,1.0
GTM,1995,1.0,0.0,1.0,0.0,36.91,2.0,2.0,-0.072,0.269,-0.015,1.0
GTM,1996,0.0,0.0,0.0,1.0,36.9,2.0,2.0,-0.072,0.269,-0.015,1.0
GTM,1999,1.0,0.0,1.0,1.0,40.39,2.0,2.0,0.087,0.276,0.186,1.0
GTM,2003,1.0,0.0,1.0,1.0,54.5,2.0,2.0,0.093,0.279,0.167,1.0
GTM,2007,1.0,0.0,1.0,1.0,60.46,2.0,2.0,0.415,0.572,0.725,1.0
GTM,2011,1.0,0.0,1.0,1.0,69.38,2.0,2.0,0.412,0.455,0.614,1.0
GTM,2015,1.0,0.0,1.0,1.0,71.33,2.0,2.0,1.404,0.802,0.953,1.0
GTM,2019,1.0,0.0,1.0,1.0,62.16,2.0,2.0,0.25,0.485,0.919,1.0
GTM,2023,1.0,0.0,1.0,1.0,59.45,2.0,2.0,1.175,0.277,-0.171,1.0
IRN,1963,1.0,0.0,0.0,0.0,91.7,2.0,0.0,-2.167,-2.502,-1.028,1.0
IRN,1967,1.0,0.0,0.0,0.0,35.0,0.0,0.0,-1.905,-2.518,-0.871,1.0
IRN,1971,1.0,0.0,0.0,0.0,35.0,0.0,0.0,-1.557,-2.518,-0.87,1.0
IRN,1975,1.0,0.0,0.0,0.0,48.6,0.0,0.0,-2.535,-2.803,-0.871,1.0
IRN,1980,1.0,1.0,1.0,0.0,67.4,2.0,0.0,0.043,0.263,-0.794,1.0
IRN,1981,0.0,0.0,1.0,0.0,,0.0,0.0,-1.789,-1.728,-1.312,1.0
IRN,1984,1.0,1.0,0.0,0.0,65.1,0.0,0.0,-1.873,-1.733,-1.159,1.0
IRN,1985,0.0,0.0,1.0,0.0,,0.0,0.0,-1.865,-1.746,-1.03,1.0
IRN,1988,1.0,1.0,0.0,0.0,,0.0,0.0,-1.37,-1.482,-0.514,1.0
IRN,1989,0.0,0.0,1.0,0.0,60.0,1.0,0.0,-1.587,-1.511,-0.498,1.0
IRN,1992,1.0,1.0,0.0,0.0,,0.0,0.0,-1.67,-1.491,-0.499,1.0
IRN,1993,0.0,0.0,1.0,0.0,63.0,0.0,0.0,-1.425,-1.498,-0.489,1.0
IRN,1996,1.0,1.0,0.0,0.0,,0.0,0.0,-1.229,-0.464,-0.326,1.0
IRN,1997,0.0,0.0,1.0,0.0,80.0,2.0,0.0,-0.589,0.057,-0.47,1.0
IRN,2000,1.0,1.0,0.0,0.0,,0.0,0.0,-0.392,0.063,-0.26,1.0
IRN,2001,0.0,0.0,1.0,0.0,72.76,0.0,0.0,-0.575,0.065,-0.252,1.0
IRN,2004,1.0,1.0,0.0,0.0,50.57,0.0,0.0,-1.5,-1.026,-1.059,1.0
IRN,2005,0.0,0.0,1.0,1.0,62.66,2.0,0.0,-0.979,-1.095,-0.669,1.0
IRN,2008,1.0,1.0,0.0,0.0,49.47,0.0,0.0,-1.304,-1.838,-1.053,1.0
IRN,2009,0.0,0.0,1.0,0.0,84.77,0.0,0.0,-1.049,-1.884,-1.614,1.0
IRN,2012,1.0,1.0,0.0,0.0,64.2,0.0,0.0,-1.311,-1.414,-1.041,1.0
IRN,2013,0.0,0.0,1.0,0.0,72.71,2.0,0.0,-1.157,-0.76,-0.854,1.0
IRN,2016,1.0,1.0,0.0,0.0,60.09,0.0,0.0,-1.195,-0.67,-0.96,1.0
IRN,2017,0.0,0.0,1.0,0.0,73.33,0.0,0.0,-1.463,-0.703,-0.8,1.0
IRN,2020,1.0,1.0,0.0,0.0,42.32,0.0,0.0,-1.785,-1.525,-0.988,1.0
IRN,2021,0.0,0.0,1.0,0.0,48.78,0.0,1.0,-3.023,-1.884,-1.647,1.0
IRN,2024,1.0,1.0,1.0,1.0,40.64,0.0,2.0,-1.836,-1.31,-1.126,1.0
IRQ,1953,1.0,0.0,0.0,0.0,,1.0,0.0,-1.049,-1.025,-1.051,1.0
IRQ,1954,1.0,0.0,0.0,0.0,,2.0,0.0,-0.842,-0.872,-1.043,1.0
IRQ,1958,1.0,0.0,0.0,0.0,,2.0,0.0,-2.241,-0.733,-1.086,1.0
IRQ,1980,1.0,0.0,0.0,0.0,80.0,0.0,0.0,-1.968,-3.071,-3.119,1.0
IRQ,1984,1.0,0.0,0.0,0.0,,0.0,0.0,-2.121,-3.076,-3.213,1.0
IRQ,1989,1.0,0.0,0.0,0.0,,0.0,0.0,-2.034,-3.189,-3.13,1.0
IRQ,1995,0.0,0.0,1.0,0.0,99.47,0.0,0.0,-1.948,-3.079,-2.894,1.0
IRQ,1996,1.0,0.0,0.0,0.0,93.5,0.0,0.0,-2.192,-3.079,-2.894,1.0
IRQ,2000,1.0,0.0,0.0,0.0,88.6,0.0,0.0,-2.89,-3.079,-3.251,1.0
IRQ,2002,0.0,0.0,1.0,0.0,100.0,0.0,0.0,-2.191,-3.026,-3.1,1.0
IRQ,2005,1.0,0.0,0.0,0.0,79.63,2.0,0.0,0.874,-0.214,-0.136,1.0
IRQ,2010,1.0,0.0,0.0,0.0,62.4,0.0,0.0,1.554,-0.361,-0.372,1.0
IRQ,2014,1.0,0.0,0.0,0.0,60.53,1.0,1.0,0.559,-0.595,-0.704,1.0
IRQ,2018,1.0,0.0,0.0,0.0,44.85,1.0,1.0,1.364,-0.64,-0.582,1.0
IRQ,2021,1.0,0.0,0.0,0.0,43.54,0.0,0.0,1.696,-0.541,-0.61,1.0
IRQ,2025,1.0,0.0,0.0,0.0,56.04,0.0,0.0,1.448,-0.299,-0.237,1.0
IRL,1921,1.0,0.0,0.0,0.0,,0.0,0.0,1.392,1.382,0.021,1.0
IRL,1922,1.0,0.0,0.0,0.0,62.5,0.0,0.0,1.442,1.366,0.022,1.0
IRL,1923,1.0,0.0,0.0,0.0,61.3,0.0,0.0,0.499,1.379,-0.12,1.0
IRL,1927,1.0,0.0,0.0,0.0,68.1,0.0,0.0,1.291,1.371,0.43,1.0
IRL,1932,1.0,0.0,0.0,0.0,76.5,2.0,0.0,1.275,1.38,1.037,1.0
IRL,1933,1.0,0.0,0.0,0.0,81.3,0.0,0.0,1.275,1.38,1.037,1.0
IRL,1937,1.0,0.0,0.0,0.0,76.2,0.0,0.0,1.298,1.364,1.041,1.0
IRL,1938,1.0,0.0,0.0,0.0,76.7,0.0,0.0,1.298,1.364,1.041,1.0
IRL,1943,1.0,0.0,0.0,0.0,74.2,0.0,0.0,1.301,1.373,1.037,1.0
IRL,1944,1.0,0.0,0.0,0.0,69.2,0.0,0.0,1.301,1.373,1.037,1.0
IRL,1945,0.0,0.0,1.0,0.0,60.24,0.0,2.0,1.282,1.375,1.044,1.0
IRL,1948,1.0,0.0,0.0,0.0,74.25,2.0,0.0,1.295,1.379,1.063,1.0
IRL,1951,1.0,0.0,0.0,0.0,75.27,2.0,0.0,1.304,1.375,1.091,1.0
IRL,1954,1.0,0.0,0.0,0.0,76.45,2.0,0.0,1.296,1.392,1.153,1.0
IRL,1957,1.0,0.0,0.0,0.0,71.25,2.0,0.0,1.279,1.382,1.167,1.0
IRL,1959,0.0,0.0,1.0,0.0,58.4,0.0,2.0,1.313,1.38,1.137,1.0
IRL,1961,1.0,0.0,0.0,0.0,70.61,0.0,0.0,1.282,1.909,1.621,1.0
IRL,1965,1.0,0.0,0.0,0.0,75.14,0.0,0.0,1.28,1.899,1.6,1.0
IRL,1966,0.0,0.0,1.0,0.0,65.35,0.0,0.0,1.3,1.909,1.639,1.0
IRL,1969,1.0,0.0,0.0,0.0,76.93,0.0,0.0,1.3,1.894,1.649,1.0
IRL,1973,1.0,0.0,1.0,0.0,76.61,2.0,1.0,1.308,1.879,1.611,1.0
IRL,1977,1.0,0.0,0.0,0.0,76.31,2.0,0.0,1.272,1.892,1.618,1.0
IRL,1981,1.0,0.0,0.0,0.0,76.22,2.0,0.0,1.3,1.911,1.929,1.0
IRL,1982,1.0,0.0,0.0,0.0,73.8,2.0,0.0,1.3,1.911,1.929,1.0
IRL,1987,1.0,0.0,0.0,0.0,73.33,2.0,0.0,1.308,1.925,1.902,1.0
IRL,1989,1.0,0.0,0.0,0.0,68.51,0.0,0.0,1.291,1.891,1.935,1.0
IRL,1990,0.0,0.0,1.0,0.0,64.1,0.0,2.0,1.275,1.933,1.909,1.0
IRL,1992,1.0,0.0,0.0,0.0,68.49,0.0,0.0,1.295,1.913,1.932,1.0
IRL,1997,1.0,0.0,1.0,0.0,65.92,2.0,2.0,1.306,1.891,1.92,1.0
IRL,2002,1.0,0.0,0.0,0.0,62.57,0.0,0.0,1.308,1.886,1.94,1.0
IRL,2007,1.0,0.0,0.0,0.0,67.03,0.0,0.0,1.682,2.305,2.15,1.0
IRL,2011,1.0,0.0,1.0,0.0,70.05,2.0,2.0,1.705,2.309,2.263,1.0
IRL,2016,1.0,0.0,0.0,0.0,65.05,0.0,0.0,1.633,2.153,2.053,1.0
IRL,2018,0.0,0.0,1.0,0.0,43.87,0.0,0.0,1.589,2.107,1.976,1.0
IRL,2020,1.0,0.0,0.0,0.0,62.77,2.0,0.0,1.611,2.137,2.025,1.0
IRL,2024,1.0,0.0,0.0,0.0,59.7,1.0,0.0,1.452,1.904,1.737,1.0
IRL,2025,0.0,0.0,1.0,0.0,45.83,0.0,1.0,1.452,1.904,1.737,1.0
ITA,1900,1.0,1.0,0.0,0.0,58.3,2.0,0.0,0.222,0.074,-0.226,1.0
ITA,1904,1.0,1.0,0.0,0.0,62.7,0.0,0.0,0.535,0.065,-0.172,1.0
ITA,1909,1.0,1.0,0.0,0.0,65.0,2.0,0.0,0.217,0.034,-0.24,1.0
ITA,1913,1.0,1.0,0.0,0.0,60.4,0.0,0.0,0.64,0.005,-0.221,1.0
ITA,1919,1.0,0.0,0.0,0.0,56.6,0.0,0.0,1.599,0.13,-0.16,1.0
ITA,1921,1.0,0.0,0.0,0.0,58.4,2.0,0.0,0.067,-0.078,-0.602,1.0
ITA,1924,1.0,0.0,0.0,0.0,63.8,0.0,0.0,-0.972,-0.864,-1.785,1.0
ITA,1929,1.0,0.0,0.0,0.0,89.86,0.0,0.0,-3.091,-1.923,-2.752,1.0
ITA,1934,1.0,0.0,0.0,0.0,95.59,0.0,0.0,-3.083,-3.077,-2.757,1.0
ITA,1946,1.0,0.0,0.0,0.0,89.08,0.0,0.0,1.389,1.871,1.536,1.0
ITA,1948,1.0,0.0,0.0,0.0,92.23,0.0,0.0,1.395,1.863,1.535,1.0
ITA,1953,1.0,0.0,0.0,0.0,93.87,1.0,0.0,1.386,1.896,1.533,1.0
ITA,1958,1.0,0.0,0.0,0.0,93.72,2.0,0.0,1.364,1.872,1.572,1.0
ITA,1963,1.0,0.0,0.0,0.0,92.88,2.0,0.0,1.373,1.879,1.539,1.0
ITA,1968,1.0,0.0,0.0,0.0,92.79,2.0,0.0,1.372,1.87,1.539,1.0
ITA,1972,1.0,0.0,0.0,0.0,93.18,0.0,0.0,1.36,1.855,1.557,1.0
ITA,1976,1.0,0.0,0.0,0.0,93.37,1.0,0.0,1.403,1.882,1.565,1.0
ITA,1979,1.0,0.0,0.0,0.0,90.35,1.0,0.0,1.401,1.888,1.558,1.0
ITA,1983,1.0,0.0,0.0,0.0,89.02,2.0,0.0,1.407,1.877,1.54,1.0
ITA,1987,1.0,0.0,0.0,0.0,88.86,2.0,0.0,1.381,1.872,1.546,1.0
ITA,1992,1.0,0.0,0.0,0.0,87.44,2.0,0.0,1.379,1.867,1.559,1.0
ITA,1994,1.0,0.0,0.0,0.0,86.14,2.0,0.0,1.347,1.189,1.574,1.0
ITA,1996,1.0,0.0,0.0,0.0,82.91,2.0,0.0,1.399,1.879,1.573,1.0
ITA,2001,1.0,0.0,0.0,0.0,81.44,2.0,0.0,1.4,1.867,1.539,1.0
ITA,2006,1.0,0.0,0.0,0.0,83.62,2.0,0.0,1.614,1.932,1.781,1.0
ITA,2008,1.0,0.0,0.0,0.0,80.54,2.0,0.0,1.614,1.923,1.423,1.0
ITA,2013,1.0,0.0,0.0,0.0,75.19,2.0,2.0,1.589,2.15,2.057,1.0
ITA,2018,1.0,0.0,0.0,0.0,72.93,2.0,0.0,1.566,2.226,2.001,1.0
ITA,2022,1.0,0.0,0.0,0.0,63.79,2.0,0.0,1.481,2.246,1.951,1.0
JOR,1947,1.0,0.0,0.0,0.0,,0.0,0.0,-0.94,-1.584,-0.592,1.0
JOR,1950,1.0,0.0,0.0,0.0,,0.0,0.0,-0.935,-1.62,-0.594,1.0
JOR,1951,1.0,0.0,0.0,0.0,,0.0,0.0,-0.915,-1.595,-0.585,1.0
JOR,1954,1.0,0.0,0.0,0.0,,0.0,0.0,-0.728,-1.327,-0.167,1.0
JOR,1956,1.0,0.0,0.0,0.0,,0.0,0.0,-0.456,-0.944,-0.162,1.0
JOR,1961,1.0,0.0,0.0,0.0,,0.0,0.0,-1.995,-1.606,-1.544,1.0
JOR,1962,1.0,0.0,0.0,0.0,,0.0,0.0,-1.997,-1.598,-1.534,1.0
JOR,1963,1.0,0.0,0.0,0.0,,0.0,0.0,-1.997,-1.598,-1.534,1.0
JOR,1967,1.0,0.0,0.0,0.0,70.0,0.0,0.0,-2.114,-1.598,-1.536,1.0
JOR,1989,1.0,0.0,0.0,0.0,53.06,0.0,0.0,-1.16,-0.445,0.073,1.0
JOR,1993,1.0,0.0,0.0,0.0,54.77,0.0,0.0,-0.541,-0.747,-0.1,1.0
JOR,1997,1.0,0.0,0.0,0.0,47.45,0.0,0.0,-0.542,-0.799,-0.109,1.0
JOR,2003,1.0,0.0,0.0,0.0,57.75,0.0,0.0,-0.538,-0.532,-0.455,1.0
JOR,2007,1.0,0.0,0.0,0.0,54.0,0.0,0.0,-0.445,-0.802,-0.619,1.0
JOR,2010,1.0,0.0,0.0,0.0,53.0,0.0,0.0,-0.446,-0.588,-0.607,1.0
JOR,2013,1.0,0.0,0.0,0.0,56.45,0.0,0.0,-0.396,-0.54,-0.153,1.0
JOR,2016,1.0,0.0,0.0,0.0,36.1,0.0,0.0,-0.253,-0.444,-0.031,1.0
JOR,2020,1.0,0.0,0.0,0.0,29.9,0.0,0.0,-0.092,-0.592,-0.12,1.0
JOR,2024,1.0,0.0,0.0,0.0,31.25,0.0,0.0,0.848,0.417,0.458,1.0
LVA,1922,1.0,0.0,0.0,0.0,83.1,0.0,0.0,1.345,1.683,1.77,1.0
LVA,1925,1.0,0.0,0.0,0.0,74.9,1.0,0.0,1.343,1.674,1.763,1.0
LVA,1928,1.0,0.0,0.0,0.0,79.3,2.0,0.0,1.339,1.661,1.058,1.0
LVA,1931,1.0,0.0,0.0,0.0,80.0,2.0,0.0,1.343,1.666,1.058,1.0
LVA,1990,1.0,0.0,0.0,0.0,81.2,2.0,0.0,-0.229,0.889,0.466,1.0
LVA,1993,1.0,0.0,0.0,0.0,89.88,2.0,0.0,1.345,1.66,1.787,1.0
LVA,1995,1.0,0.0,0.0,0.0,71.9,2.0,0.0,1.333,1.684,1.775,1.0
LVA,1998,1.0,0.0,0.0,0.0,70.9,2.0,0.0,1.336,1.695,1.76,1.0
LVA,2002,1.0,0.0,0.0,0.0,71.17,2.0,0.0,1.34,1.695,1.795,1.0
LVA,2006,1.0,0.0,0.0,0.0,60.98,0.0,0.0,1.44,0.759,2.075,1.0
LVA,2010,1.0,0.0,0.0,0.0,64.72,0.0,0.0,1.407,1.732,2.048,1.0
LVA,2011,1.0,0.0,0.0,0.0,59.49,0.0,0.0,1.407,1.732,2.048,1.0
LVA,2014,1.0,0.0,0.0,0.0,58.8,0.0,0.0,1.399,2.142,2.048,1.0
LVA,2018,1.0,0.0,0.0,0.0,54.58,2.0,0.0,1.38,2.123,2.021,1.0
LVA,2022,1.0,0.0,0.0,0.0,59.43,0.0,0.0,1.563,2.124,2.02,1.0
LSO,1965,1.0,0.0,0.0,0.0,62.32,2.0,0.0,0.566,0.258,0.321,1.0
LSO,1970,1.0,0.0,0.0,0.0,81.9,0.0,0.0,0.574,-0.02,0.125,1.0
LSO,1993,1.0,0.0,0.0,0.0,72.28,2.0,0.0,0.577,0.462,0.884,1.0
LSO,1998,1.0,0.0,0.0,0.0,71.83,1.0,0.0,1.206,0.599,-0.075,1.0
LSO,2002,1.0,0.0,0.0,0.0,66.69,0.0,0.0,1.217,1.502,0.423,1.0
LSO,2007,1.0,0.0,0.0,0.0,49.0,0.0,0.0,1.182,0.318,-0.237,1.0
LSO,2012,1.0,0.0,0.0,0.0,50.04,2.0,0.0,1.297,0.607,-0.072,1.0
LSO,2015,1.0,0.0,0.0,0.0,46.61,2.0,0.0,1.242,0.381,-0.084,1.0
LSO,2017,1.0,0.0,0.0,0.0,46.37,2.0,0.0,1.284,0.281,-0.327,1.0
LSO,2022,1.0,0.0,0.0,0.0,37.44,2.0,0.0,1.406,1.373,-0.054,1.0
LBR,1901,1.0,0.0,1.0,0.0,46.61,0.0,0.0,-1.703,-1.177,1.005,1.0
LBR,1903,1.0,0.0,1.0,0.0,,2.0,2.0,-1.268,-1.163,1.009,1.0
LBR,1905,1.0,0.0,1.0,0.0,,0.0,0.0,-1.269,-1.158,1.005,1.0
LBR,1907,1.0,0.0,1.0,0.0,,0.0,0.0,-1.693,-1.171,0.857,1.0
LBR,1911,1.0,0.0,1.0,0.0,,1.0,1.0,-1.168,-1.151,0.697,1.0
LBR,1915,1.0,0.0,1.0,0.0,,0.0,0.0,-1.504,-1.168,0.715,1.0
LBR,1919,1.0,0.0,1.0,0.0,,1.0,1.0,-1.505,-1.159,0.46,1.0
LBR,1923,1.0,0.0,1.0,0.0,,0.0,0.0,-1.332,-1.849,1.012,1.0
LBR,1927,1.0,0.0,1.0,0.0,,0.0,0.0,-1.355,-1.985,0.652,1.0
LBR,1931,1.0,0.0,1.0,0.0,,0.0,0.0,-1.347,-1.175,0.826,1.0
LBR,1939,1.0,0.0,1.0,0.0,,0.0,0.0,-1.548,-1.176,0.643,1.0
LBR,1943,1.0,0.0,1.0,0.0,,1.0,1.0,-1.558,-1.722,0.824,1.0
LBR,1951,1.0,0.0,1.0,0.0,,0.0,0.0,-1.186,-2.633,-2.469,1.0
LBR,1955,1.0,0.0,1.0,0.0,,0.0,0.0,-1.401,-2.698,-1.75,1.0
LBR,1959,1.0,0.0,1.0,0.0,,0.0,0.0,-2.851,-2.706,-1.473,1.0
LBR,1963,1.0,0.0,1.0,0.0,,0.0,0.0,-2.838,-2.704,-1.485,1.0
LBR,1967,1.0,0.0,1.0,0.0,,0.0,0.0,-2.83,-2.674,-1.451,1.0
LBR,1971,1.0,0.0,1.0,0.0,,0.0,0.0,-2.798,-2.681,-1.381,1.0
LBR,1975,1.0,0.0,1.0,0.0,80.0,0.0,0.0,-2.855,-2.698,-1.369,1.0
LBR,1985,1.0,0.0,1.0,0.0,,0.0,0.0,0.181,-1.006,-0.461,1.0
LBR,1997,1.0,0.0,1.0,0.0,89.0,2.0,2.0,1.352,-0.05,0.232,1.0
LBR,2005,1.0,0.0,1.0,1.0,76.49,2.0,2.0,0.332,0.403,0.878,1.0
LBR,2011,1.0,0.0,1.0,1.0,71.64,0.0,0.0,0.534,0.329,0.462,1.0
LBR,2017,1.0,0.0,1.0,1.0,75.19,2.0,2.0,1.634,0.284,0.943,1.0
LBR,2023,1.0,0.0,1.0,1.0,78.86,2.0,2.0,1.437,0.691,0.067,1.0
MWI,1961,1.0,0.0,0.0,0.0,75.71,0.0,0.0,1.402,1.283,0.219,1.0
MWI,1976,1.0,0.0,0.0,0.0,,,,-1.461,-2.406,-3.012,1.0
MWI,1978,1.0,0.0,0.0,0.0,,0.0,0.0,-2.307,-2.428,-1.862,1.0
MWI,1983,1.0,0.0,0.0,0.0,,0.0,0.0,-2.213,-2.399,-1.871,1.0
MWI,1987,1.0,0.0,0.0,0.0,,0.0,0.0,-2.318,-2.438,-1.854,1.0
MWI,1992,1.0,0.0,0.0,0.0,80.0,0.0,0.0,0.258,1.226,-0.269,1.0
MWI,1994,1.0,0.0,1.0,0.0,80.54,2.0,2.0,1.424,1.25,0.072,1.0
MWI,1999,1.0,0.0,1.0,0.0,93.76,0.0,0.0,1.412,-0.453,0.308,1.0
MWI,2004,1.0,0.0,1.0,0.0,63.59,1.0,1.0,1.385,-1.052,-0.524,1.0
MWI,2009,1.0,0.0,1.0,0.0,78.28,0.0,0.0,1.816,0.477,-0.302,1.0
MWI,2014,1.0,0.0,1.0,0.0,70.75,2.0,2.0,1.78,0.224,-0.429,1.0
MWI,2019,1.0,0.0,1.0,0.0,74.44,0.0,0.0,1.196,-0.647,-1.525,1.0
MWI,2020,0.0,0.0,1.0,0.0,64.81,2.0,2.0,1.213,1.532,-0.59,1.0
MWI,2025,1.0,0.0,1.0,0.0,76.4,2.0,2.0,1.548,1.06,-0.974,1.0
MDV,1968,0.0,0.0,1.0,0.0,99.0,2.0,2.0,-2.984,-1.002,-1.188,1.0
MDV,1969,1.0,0.0,0.0,0.0,,0.0,0.0,-2.401,-0.795,-1.188,1.0
MDV,1973,0.0,0.0,1.0,0.0,,0.0,0.0,-2.968,-1.216,-1.292,1.0
MDV,1975,1.0,0.0,0.0,0.0,,0.0,0.0,-1.863,-1.006,-1.013,1.0
MDV,1978,0.0,0.0,1.0,0.0,87.12,2.0,2.0,-2.989,-2.332,-1.773,1.0
MDV,1979,1.0,0.0,0.0,0.0,,0.0,0.0,-2.143,-1.814,-1.409,1.0
MDV,1983,0.0,0.0,1.0,0.0,,0.0,2.0,-2.981,-2.345,-1.792,1.0
MDV,1984,1.0,0.0,0.0,0.0,,0.0,0.0,-1.872,-1.828,-1.423,1.0
MDV,1988,0.0,0.0,1.0,0.0,,0.0,0.0,-2.984,-2.33,-1.781,1.0
MDV,1989,1.0,0.0,0.0,0.0,68.68,0.0,0.0,-1.602,-1.816,-1.168,1.0
MDV,1993,0.0,0.0,1.0,0.0,,0.0,0.0,-2.985,-2.349,-1.783,1.0
MDV,1994,1.0,0.0,0.0,0.0,77.4,0.0,0.0,-1.6,-1.823,-1.153,1.0
MDV,1998,0.0,0.0,1.0,0.0,76.67,0.0,0.0,-2.972,-2.357,-1.797,1.0
MDV,1999,1.0,0.0,0.0,0.0,77.4,0.0,0.0,-1.59,-1.81,-1.421,1.0
MDV,2003,0.0,0.0,1.0,0.0,77.46,0.0,0.0,-2.509,-2.361,-1.871,1.0
MDV,2005,1.0,0.0,0.0,0.0,71.29,0.0,0.0,-1.021,-0.963,-0.906,1.0
MDV,2008,0.0,0.0,1.0,1.0,86.58,2.0,2.0,0.893,0.645,-0.069,1.0
MDV,2009,1.0,0.0,0.0,0.0,78.87,0.0,0.0,1.124,0.645,-0.016,1.0
MDV,2013,0.0,0.0,1.0,1.0,91.43,2.0,2.0,0.184,-0.116,-0.539,1.0
MDV,2014,1.0,0.0,0.0,0.0,77.93,0.0,0.0,1.056,-0.197,-0.527,1.0
MDV,2018,0.0,0.0,1.0,0.0,89.22,2.0,2.0,1.051,0.305,-1.043,1.0
MDV,2019,1.0,0.0,0.0,0.0,75.52,0.0,0.0,1.051,0.396,0.215,1.0
MDV,2023,0.0,0.0,1.0,1.0,87.31,2.0,2.0,1.54,0.716,0.698,1.0
MDV,2024,1.0,0.0,0.0,0.0,73.91,0.0,0.0,1.54,0.673,0.318,1.0
MNG,1951,1.0,0.0,0.0,0.0,99.9,1.0,0.0,-2.858,-2.652,-2.41,1.0
MNG,1954,1.0,0.0,0.0,0.0,100.0,0.0,0.0,-2.873,-2.636,-2.413,1.0
MNG,1957,1.0,0.0,0.0,0.0,100.0,0.0,0.0,-2.887,-2.624,-2.397,1.0
MNG,1960,1.0,0.0,0.0,0.0,100.0,0.0,0.0,-2.899,-2.7,-2.392,1.0
MNG,1963,1.0,0.0,0.0,0.0,100.0,0.0,0.0,-2.492,-2.664,-2.407,1.0
MNG,1966,1.0,0.0,0.0,0.0,100.0,0.0,0.0,-2.521,-2.644,-2.396,1.0
MNG,1969,1.0,0.0,0.0,0.0,100.0,0.0,0.0,-2.495,-2.621,-2.41,1.0
MNG,1973,1.0,0.0,0.0,0.0,100.0,0.0,0.0,-2.466,-2.61,-2.448,1.0
MNG,1977,1.0,0.0,0.0,0.0,100.0,0.0,0.0,-2.492,-2.625,-2.422,1.0
MNG,1981,1.0,0.0,0.0,0.0,100.0,0.0,0.0,-2.517,-2.638,-2.419,1.0
MNG,1986,1.0,0.0,0.0,0.0,100.0,0.0,0.0,-2.513,-2.614,-2.424,1.0
MNG,1990,1.0,1.0,0.0,0.0,98.0,1.0,0.0,-0.815,-0.173,-0.437,1.0
MNG,1992,1.0,0.0,0.0,0.0,95.6,1.0,0.0,1.324,0.871,0.219,1.0
MNG,1993,0.0,0.0,1.0,0.0,59.9,0.0,2.0,1.324,0.871,0.219,1.0
MNG,1996,1.0,0.0,0.0,0.0,88.39,2.0,0.0,1.325,0.843,0.112,1.0
MNG,1997,0.0,0.0,1.0,0.0,85.1,0.0,2.0,1.325,0.843,0.112,1.0
MNG,2000,1.0,0.0,0.0,0.0,82.42,2.0,0.0,1.399,0.102,0.087,1.0
MNG,2001,0.0,0.0,1.0,0.0,82.9,0.0,0.0,1.399,0.579,0.087,1.0
MNG,2004,1.0,0.0,0.0,0.0,81.84,2.0,0.0,1.565,0.431,0.09,1.0
MNG,2005,0.0,0.0,1.0,0.0,74.9,0.0,1.0,1.565,0.46,0.403,1.0
MNG,2008,1.0,0.0,0.0,0.0,74.31,0.0,0.0,1.594,0.064,0.285,1.0
MNG,2009,0.0,0.0,1.0,0.0,73.48,0.0,2.0,1.594,0.506,0.285,1.0
MNG,2012,1.0,0.0,0.0,0.0,65.24,2.0,0.0,1.604,0.565,0.327,1.0
MNG,2013,0.0,0.0,1.0,0.0,66.79,0.0,2.0,0.943,0.454,0.873,1.0
MNG,2016,1.0,0.0,0.0,0.0,73.58,2.0,0.0,0.882,0.547,0.825,1.0
MNG,2017,0.0,0.0,1.0,1.0,68.63,0.0,1.0,0.585,0.788,0.803,1.0
MNG,2020,1.0,0.0,0.0,0.0,73.64,0.0,0.0,0.813,0.305,0.837,1.0
MNG,2021,0.0,0.0,1.0,0.0,59.35,0.0,1.0,0.339,0.489,0.837,1.0
MNG,2024,1.0,0.0,0.0,0.0,69.83,0.0,0.0,1.356,0.276,-0.03,1.0
MAR,1963,1.0,0.0,0.0,0.0,71.8,2.0,0.0,0.465,-1.146,-0.253,1.0
MAR,1970,1.0,0.0,0.0,0.0,85.34,0.0,0.0,0.453,-2.276,-1.205,1.0
MAR,1977,1.0,0.0,0.0,0.0,82.36,0.0,0.0,0.464,-2.257,-1.196,1.0
MAR,1984,1.0,0.0,0.0,0.0,67.43,0.0,0.0,0.458,-2.273,-1.22,1.0
MAR,1993,1.0,0.0,0.0,0.0,62.75,0.0,0.0,0.457,-1.684,-0.811,1.0
MAR,1997,1.0,0.0,0.0,0.0,58.3,2.0,0.0,0.475,-0.951,-0.39,1.0
MAR,2002,1.0,0.0,0.0,0.0,51.61,2.0,0.0,0.473,-0.255,-0.084,1.0
MAR,2007,1.0,0.0,0.0,0.0,37.0,2.0,0.0,0.166,-0.586,-0.272,1.0
MAR,2011,1.0,0.0,0.0,0.0,45.4,2.0,0.0,0.197,-0.462,-0.187,1.0
MAR,2016,1.0,0.0,0.0,0.0,43.0,0.0,0.0,0.103,-0.26,-0.368,1.0
MAR,2021,1.0,0.0,0.0,0.0,50.18,0.0,0.0,-0.011,-0.528,-0.344,1.0
NLD,1901,1.0,1.0,0.0,0.0,,2.0,0.0,0.63,1.094,0.681,1.0
NLD,1905,1.0,1.0,0.0,0.0,,2.0,0.0,0.634,1.066,0.687,1.0
NLD,1909,1.0,1.0,0.0,0.0,,0.0,0.0,0.639,1.084,0.692,1.0
NLD,1913,1.0,1.0,0.0,0.0,,2.0,0.0,0.641,1.082,0.68,1.0
NLD,1917,1.0,1.0,0.0,0.0,,0.0,0.0,0.65,1.739,1.08,1.0
NLD,1918,1.0,0.0,0.0,0.0,,2.0,0.0,0.638,1.74,1.073,1.0
NLD,1922,1.0,0.0,0.0,0.0,,0.0,0.0,1.355,1.72,1.073,1.0
NLD,1925,1.0,0.0,0.0,0.0,91.4,2.0,0.0,1.319,1.713,1.061,1.0
NLD,1929,1.0,0.0,0.0,0.0,92.7,2.0,0.0,1.326,1.724,1.077,1.0
NLD,1933,1.0,0.0,0.0,0.0,94.5,2.0,0.0,1.325,1.739,1.04,1.0
NLD,1937,1.0,0.0,0.0,0.0,94.4,0.0,0.0,1.344,1.705,1.053,1.0
NLD,1946,1.0,0.0,0.0,0.0,93.12,2.0,0.0,1.319,1.729,1.781,1.0
NLD,1948,1.0,0.0,0.0,0.0,93.67,2.0,0.0,1.326,1.746,1.74,1.0
NLD,1952,1.0,0.0,0.0,0.0,94.98,0.0,0.0,1.342,1.107,1.751,1.0
NLD,1956,1.0,0.0,0.0,0.0,95.5,0.0,0.0,1.333,1.745,1.744,1.0
NLD,1959,1.0,0.0,0.0,0.0,95.57,2.0,0.0,1.317,1.743,1.761,1.0
NLD,1963,1.0,0.0,0.0,0.0,95.13,1.0,0.0,1.34,1.732,1.746,1.0
NLD,1967,1.0,0.0,0.0,0.0,94.95,2.0,0.0,1.299,1.772,1.73,1.0
NLD,1971,1.0,0.0,0.0,0.0,79.08,2.0,0.0,1.342,1.763,1.745,1.0
NLD,1972,1.0,0.0,0.0,0.0,83.5,0.0,0.0,1.327,1.75,1.772,1.0
NLD,1977,1.0,0.0,0.0,0.0,88.0,2.0,0.0,1.336,1.781,1.744,1.0
NLD,1981,1.0,0.0,0.0,0.0,87.03,0.0,0.0,1.33,1.71,1.757,1.0
NLD,1982,1.0,0.0,0.0,0.0,80.98,1.0,0.0,1.328,1.75,1.748,1.0
NLD,1986,1.0,0.0,0.0,0.0,85.76,0.0,0.0,1.333,1.738,1.765,1.0
NLD,1989,1.0,0.0,0.0,0.0,80.27,0.0,0.0,1.337,1.77,1.726,1.0
NLD,1994,1.0,0.0,0.0,0.0,78.75,2.0,0.0,1.321,1.741,1.746,1.0
NLD,1998,1.0,0.0,0.0,0.0,73.23,0.0,0.0,1.345,1.717,1.744,1.0
NLD,2002,1.0,0.0,0.0,0.0,79.06,2.0,0.0,1.317,1.752,1.739,1.0
NLD,2003,1.0,0.0,0.0,0.0,80.04,0.0,0.0,1.317,1.752,1.739,1.0
NLD,2006,1.0,0.0,0.0,0.0,80.35,0.0,0.0,1.502,2.051,2.014,1.0
NLD,2010,1.0,0.0,0.0,0.0,75.4,2.0,0.0,1.515,2.065,2.03,1.0
NLD,2012,1.0,0.0,0.0,0.0,74.56,0.0,0.0,1.508,2.091,2.023,1.0
NLD,2017,1.0,0.0,0.0,0.0,81.93,0.0,0.0,1.423,1.943,1.942,1.0
NLD,2021,1.0,0.0,0.0,0.0,78.71,0.0,0.0,1.396,1.916,1.923,1.0
NLD,2023,1.0,0.0,0.0,0.0,77.74,2.0,0.0,1.398,1.885,1.892,1.0
NLD,2025,1.0,0.0,0.0,0.0,78.3,,,1.266,1.756,1.758,1.0
PAN,1904,0.0,0.0,1.0,0.0,,2.0,2.0,-0.542,-0.463,0.621,1.0
PAN,1906,1.0,0.0,0.0,0.0,,0.0,0.0,0.171,-1.19,0.569,1.0
PAN,1908,0.0,0.0,1.0,0.0,,2.0,2.0,0.159,-1.186,0.601,1.0
PAN,1910,1.0,0.0,0.0,0.0,,0.0,0.0,0.178,-1.183,0.595,1.0
PAN,1912,0.0,0.0,1.0,0.0,,1.0,1.0,0.162,-1.19,0.617,1.0
PAN,1914,1.0,0.0,0.0,0.0,,0.0,0.0,0.195,-1.197,0.581,1.0
PAN,1916,0.0,0.0,1.0,0.0,,0.0,0.0,0.175,-1.179,0.595,1.0
PAN,1918,1.0,0.0,0.0,0.0,,0.0,0.0,0.159,-1.176,0.581,1.0
PAN,1920,0.0,0.0,1.0,0.0,,0.0,0.0,0.179,-0.82,0.606,1.0
PAN,1924,1.0,0.0,1.0,0.0,,1.0,1.0,0.149,-0.817,0.606,1.0
PAN,1928,1.0,0.0,1.0,0.0,,1.0,1.0,0.158,-0.483,1.392,1.0
PAN,1932,1.0,0.0,1.0,0.0,,2.0,2.0,0.181,-1.194,0.588,1.0
PAN,1936,1.0,0.0,1.0,0.0,,2.0,2.0,0.178,-0.48,0.602,1.0
PAN,1940,1.0,0.0,1.0,0.0,,1.0,1.0,0.163,-0.481,0.597,1.0
PAN,1945,1.0,0.0,0.0,0.0,,,,0.171,-0.807,0.587,1.0
PAN,1948,1.0,0.0,1.0,0.0,70.86,1.0,1.0,0.193,-1.677,-0.156,1.0
PAN,1952,1.0,0.0,1.0,0.0,67.52,2.0,2.0,0.188,-0.785,1.707,1.0
PAN,1956,1.0,0.0,1.0,0.0,79.34,1.0,1.0,0.184,-0.809,1.649,1.0
PAN,1960,1.0,0.0,1.0,0.0,59.26,2.0,2.0,-0.148,-0.809,1.703,1.0
PAN,1964,1.0,0.0,1.0,0.0,67.1,1.0,1.0,0.172,-0.493,-0.773,1.0
PAN,1968,1.0,0.0,1.0,0.0,60.1,2.0,2.0,-0.557,-0.802,-2.105,1.0
PAN,1972,1.0,0.0,0.0,0.0,84.39,0.0,0.0,-2.24,-2.795,-1.313,1.0
PAN,1978,1.0,0.0,0.0,0.0,83.64,2.0,2.0,-1.851,-1.961,-1.3,1.0
PAN,1980,1.0,0.0,0.0,0.0,,0.0,0.0,-2.239,-1.986,-1.582,1.0
PAN,1984,1.0,0.0,1.0,0.0,73.45,2.0,2.0,-2.269,-2.805,-1.583,1.0
PAN,1989,1.0,0.0,1.0,0.0,63.99,1.0,1.0,0.319,-2.802,-1.6,1.0
PAN,1991,1.0,0.0,0.0,0.0,,0.0,0.0,1.402,1.85,1.772,1.0
PAN,1994,1.0,0.0,1.0,0.0,73.7,2.0,2.0,1.443,1.853,1.763,1.0
PAN,1999,1.0,0.0,1.0,0.0,76.17,2.0,2.0,1.412,1.83,1.778,1.0
PAN,2004,1.0,0.0,1.0,0.0,76.9,2.0,2.0,1.416,1.845,1.766,1.0
PAN,2009,1.0,0.0,1.0,0.0,68.57,2.0,2.0,1.72,1.814,2.085,1.0
PAN,2014,1.0,0.0,1.0,0.0,76.76,2.0,2.0,1.692,1.747,1.201,1.0
PAN,2019,1.0,0.0,1.0,0.0,73.01,2.0,2.0,1.569,1.662,1.816,1.0
PAN,2024,1.0,0.0,1.0,0.0,77.65,2.0,2.0,1.547,1.654,1.467,1.0
PNG,1951,1.0,0.0,0.0,0.0,,,,-1.561,-2.474,1.322,1.0
PNG,1961,1.0,0.0,0.0,0.0,,,,-1.567,-1.199,1.303,1.0
PNG,1964,1.0,0.0,0.0,0.0,72.3,,,-1.574,-1.448,1.335,1.0
PNG,1968,1.0,0.0,0.0,0.0,48.45,,,-1.552,-1.461,1.304,1.0
PNG,1972,1.0,0.0,0.0,0.0,59.85,,,-0.685,0.664,1.32,1.0
PNG,1977,1.0,0.0,0.0,0.0,60.35,0.0,0.0,1.157,0.228,1.089,1.0
PNG,1982,1.0,0.0,0.0,0.0,51.7,2.0,0.0,1.159,0.197,1.053,1.0
PNG,1987,1.0,0.0,0.0,0.0,73.54,0.0,0.0,1.186,0.21,0.976,1.0
PNG,1992,1.0,0.0,0.0,0.0,81.2,2.0,0.0,1.152,0.206,0.98,1.0
PNG,1997,1.0,0.0,0.0,0.0,65.74,2.0,0.0,1.206,0.224,0.975,1.0
PNG,2002,1.0,0.0,0.0,0.0,,1.0,0.0,1.065,0.182,1.369,1.0
PNG,2007,1.0,0.0,0.0,0.0,,0.0,0.0,0.779,-0.635,0.877,1.0
PNG,2012,1.0,0.0,0.0,0.0,76.89,2.0,0.0,0.794,-1.055,0.771,1.0
PNG,2017,1.0,0.0,0.0,0.0,51.62,0.0,0.0,0.766,-1.054,0.881,1.0
PNG,2022,1.0,0.0,0.0,0.0,,0.0,0.0,0.856,-1.299,1.272,1.0
QAT,2021,1.0,0.0,0.0,0.0,63.5,0.0,0.0,-3.105,-0.719,0.545,1.0
SLE,1951,1.0,0.0,0.0,0.0,,0.0,0.0,-0.399,0.135,-0.634,1.0
SLE,1957,1.0,0.0,0.0,0.0,33.4,0.0,0.0,-0.392,0.137,-0.642,1.0
SLE,1962,1.0,0.0,0.0,0.0,,0.0,0.0,-0.387,0.264,-0.756,1.0
SLE,1967,1.0,0.0,0.0,0.0,,0.0,0.0,-0.192,-0.264,-1.026,1.0
SLE,1973,1.0,0.0,0.0,0.0,,0.0,0.0,-0.651,-1.337,-1.451,1.0
SLE,1977,1.0,0.0,0.0,0.0,,0.0,0.0,-1.237,-2.369,-1.783,1.0
SLE,1982,1.0,0.0,0.0,0.0,,0.0,0.0,-1.435,-1.714,-1.634,1.0
SLE,1985,0.0,0.0,1.0,0.0,,0.0,2.0,-1.44,-2.35,-1.35,1.0
SLE,1986,1.0,0.0,0.0,0.0,,0.0,0.0,-1.44,-1.936,-1.445,1.0
SLE,1996,1.0,0.0,1.0,1.0,68.59,0.0,2.0,0.977,0.695,-0.089,1.0
SLE,2002,1.0,0.0,1.0,0.0,81.43,0.0,0.0,0.202,0.682,0.107,1.0
SLE,2007,1.0,0.0,1.0,1.0,76.31,0.0,2.0,1.098,0.035,-0.048,1.0
SLE,2012,1.0,0.0,1.0,0.0,91.05,0.0,0.0,1.086,0.078,-0.345,1.0
SLE,2018,1.0,0.0,1.0,1.0,84.2,2.0,2.0,1.371,0.283,-0.26,1.0
SLE,2023,1.0,0.0,1.0,0.0,83.0,0.0,0.0,0.942,-0.805,-0.894,1.0
ESP,1901,1.0,0.0,0.0,0.0,,0.0,0.0,-0.318,-0.664,-0.648,1.0
ESP,1903,1.0,0.0,0.0,0.0,,0.0,0.0,-0.358,-0.63,-0.478,1.0
ESP,1905,1.0,0.0,0.0,0.0,,1.0,0.0,-0.325,-0.667,-0.647,1.0
ESP,1907,1.0,0.0,0.0,0.0,,0.0,0.0,-0.321,-0.664,-0.642,1.0
ESP,1910,1.0,0.0,0.0,0.0,,0.0,0.0,-0.327,-0.664,-1.355,1.0
ESP,1914,1.0,0.0,0.0,0.0,,0.0,0.0,-0.322,-0.665,-1.35,1.0
ESP,1916,1.0,0.0,0.0,0.0,,0.0,0.0,-0.33,-0.667,-1.366,1.0
ESP,1918,1.0,0.0,0.0,0.0,,0.0,0.0,-0.319,-0.662,-1.37,1.0
ESP,1919,1.0,0.0,0.0,0.0,,0.0,0.0,-0.305,-0.667,-1.378,1.0
ESP,1920,1.0,0.0,0.0,0.0,,1.0,0.0,-0.31,-0.674,-1.2,1.0
ESP,1923,1.0,0.0,0.0,0.0,,0.0,0.0,-0.363,-0.64,-1.364,1.0
ESP,1931,1.0,0.0,0.0,0.0,,2.0,0.0,0.54,0.21,-0.0,1.0
ESP,1933,1.0,0.0,0.0,0.0,,2.0,0.0,0.55,0.312,-0.237,1.0
ESP,1936,1.0,0.0,0.0,0.0,,2.0,0.0,0.542,0.315,-0.242,1.0
ESP,1967,1.0,0.0,0.0,0.0,,0.0,0.0,-2.161,-1.887,-2.009,1.0
ESP,1971,1.0,0.0,0.0,0.0,,0.0,0.0,-2.155,-1.464,-1.365,1.0
ESP,1977,1.0,0.0,0.0,0.0,76.96,0.0,0.0,0.549,1.551,0.41,1.0
ESP,1979,1.0,0.0,0.0,0.0,68.13,0.0,0.0,1.443,2.164,1.475,1.0
ESP,1982,1.0,0.0,0.0,0.0,79.83,2.0,0.0,1.408,2.185,2.003,1.0
ESP,1986,1.0,0.0,0.0,0.0,70.37,0.0,0.0,1.422,2.201,1.987,1.0
ESP,1989,1.0,0.0,0.0,0.0,70.01,0.0,0.0,1.447,2.179,2.006,1.0
ESP,1993,1.0,0.0,0.0,0.0,77.05,0.0,0.0,1.442,2.084,1.989,1.0
ESP,1996,1.0,0.0,0.0,0.0,78.06,2.0,0.0,1.437,2.17,2.013,1.0
ESP,2000,1.0,0.0,0.0,0.0,68.71,0.0,0.0,1.429,2.187,1.999,1.0
ESP,2004,1.0,0.0,0.0,0.0,75.66,2.0,0.0,1.418,2.181,2.028,1.0
ESP,2008,1.0,0.0,0.0,0.0,75.32,0.0,0.0,1.725,2.542,2.281,1.0
ESP,2011,1.0,0.0,0.0,0.0,68.94,2.0,0.0,1.737,2.553,2.284,1.0
ESP,2015,1.0,0.0,0.0,0.0,73.2,0.0,0.0,1.691,2.047,1.695,1.0
ESP,2016,1.0,0.0,0.0,0.0,69.84,0.0,0.0,1.691,2.047,1.695,1.0
ESP,2019,1.0,0.0,0.0,0.0,75.75,0.0,0.0,1.663,2.501,2.214,1.0
ESP,2023,1.0,0.0,0.0,0.0,66.59,0.0,0.0,1.51,1.903,1.907,1.0
SYR,1947,1.0,1.0,0.0,0.0,,0.0,0.0,0.392,0.19,0.082,1.0
SYR,1949,1.0,1.0,1.0,0.0,,2.0,0.0,-0.285,-0.144,-0.337,1.0
SYR,1953,1.0,0.0,1.0,0.0,,0.0,2.0,-0.416,-0.367,-0.598,1.0
SYR,1954,1.0,0.0,0.0,0.0,,2.0,0.0,0.143,-0.42,0.024,1.0
SYR,1961,1.0,0.0,0.0,0.0,,2.0,0.0,-0.578,-0.432,0.022,1.0
SYR,1971,0.0,0.0,1.0,0.0,95.8,0.0,2.0,-2.015,-1.539,-2.071,1.0
SYR,1973,1.0,0.0,0.0,0.0,,1.0,0.0,-2.004,-2.154,-2.083,1.0
SYR,1977,1.0,0.0,0.0,0.0,,0.0,0.0,-2.029,-2.151,-2.093,1.0
SYR,1978,0.0,0.0,1.0,0.0,97.0,0.0,0.0,-2.029,-2.151,-2.093,1.0
SYR,1981,1.0,0.0,0.0,0.0,,1.0,0.0,-2.016,-2.15,-2.065,1.0
SYR,1985,0.0,0.0,1.0,0.0,99.4,0.0,0.0,-2.002,-2.151,-2.09,1.0
SYR,1986,1.0,0.0,0.0,0.0,,0.0,0.0,-2.002,-2.151,-2.09,1.0
SYR,1990,1.0,0.0,0.0,0.0,49.6,0.0,0.0,-2.016,-1.531,-2.078,1.0
SYR,1991,0.0,0.0,1.0,0.0,99.1,0.0,0.0,-2.021,-2.162,-2.09,1.0
SYR,1994,1.0,0.0,0.0,0.0,61.17,0.0,0.0,-2.003,-1.535,-2.073,1.0
SYR,1998,1.0,0.0,0.0,0.0,82.22,0.0,0.0,-2.001,-2.161,-2.081,1.0
SYR,1999,0.0,0.0,1.0,0.0,98.5,0.0,0.0,-1.383,-2.161,-2.081,1.0
SYR,2000,0.0,0.0,1.0,0.0,94.6,0.0,1.0,-2.003,-2.164,-2.07,1.0
SYR,2003,1.0,0.0,0.0,0.0,63.45,1.0,0.0,-2.021,-2.14,-2.084,1.0
SYR,2007,1.0,0.0,1.0,0.0,95.86,0.0,0.0,-2.179,-3.036,-2.442,1.0
SYR,2012,1.0,0.0,0.0,0.0,51.26,1.0,0.0,-1.794,-3.043,-2.661,1.0
SYR,2014,0.0,0.0,1.0,0.0,73.42,0.0,0.0,-1.862,-3.083,-3.011,0.0
SYR,2016,1.0,0.0,0.0,0.0,57.56,1.0,0.0,-2.383,-3.372,-3.074,0.0
SYR,2020,1.0,0.0,0.0,0.0,33.17,0.0,0.0,-1.878,-3.223,-2.799,0.0
SYR,2021,0.0,0.0,1.0,0.0,78.64,0.0,0.0,-2.113,-2.749,-1.659,0.0
SYR,2024,1.0,0.0,0.0,0.0,38.16,0.0,0.0,-2.682,-2.886,-2.829,0.0
TUN,1959,1.0,0.0,1.0,0.0,91.7,0.0,0.0,-1.893,-1.638,-1.697,1.0
TUN,1964,1.0,0.0,1.0,0.0,96.8,0.0,0.0,-1.788,-2.05,-1.986,1.0
TUN,1969,1.0,0.0,1.0,0.0,99.8,2.0,0.0,-1.731,-2.046,-1.995,1.0
TUN,1974,1.0,0.0,1.0,0.0,96.8,0.0,0.0,-1.896,-2.067,-1.979,1.0
TUN,1979,1.0,0.0,0.0,0.0,80.1,0.0,0.0,-1.649,-2.057,-1.982,1.0
TUN,1981,1.0,0.0,0.0,0.0,84.54,0.0,0.0,-0.699,-2.6,-1.58,1.0
TUN,1986,1.0,0.0,0.0,0.0,82.94,0.0,0.0,-1.798,-2.242,-2.67,1.0
TUN,1989,1.0,0.0,1.0,0.0,76.1,1.0,1.0,-1.027,-2.233,-1.832,1.0
TUN,1994,1.0,0.0,1.0,0.0,94.9,0.0,0.0,-1.402,-2.257,-2.95,1.0
TUN,1999,1.0,0.0,1.0,0.0,89.7,1.0,0.0,-1.024,-2.246,-2.921,1.0
TUN,2004,1.0,0.0,1.0,0.0,91.52,0.0,0.0,-1.145,-2.216,-3.311,1.0
TUN,2009,1.0,0.0,1.0,0.0,89.45,0.0,0.0,-1.163,-3.001,-2.392,1.0
TUN,2011,1.0,0.0,0.0,0.0,92.24,2.0,0.0,1.112,0.945,1.746,1.0
TUN,2014,1.0,0.0,1.0,1.0,67.43,0.0,2.0,1.413,1.119,0.71,1.0
TUN,2019,1.0,0.0,1.0,1.0,55.02,2.0,2.0,1.573,0.955,0.516,1.0
TUN,2022,1.0,0.0,0.0,0.0,11.22,2.0,0.0,-0.985,-0.789,0.013,1.0
TUN,2023,0.0,1.0,0.0,0.0,11.4,2.0,0.0,-1.008,-0.84,-0.367,1.0
TUN,2024,0.0,0.0,1.0,0.0,11.4,0.0,0.0,-1.198,-0.979,-0.743,1.0
TUR,1908,1.0,0.0,0.0,0.0,,0.0,0.0,-0.59,-0.712,-0.238,1.0
TUR,1912,1.0,0.0,0.0,0.0,,0.0,0.0,-0.74,-0.94,-0.782,1.0
TUR,1914,1.0,0.0,0.0,0.0,,0.0,0.0,-2.417,-1.078,-0.987,1.0
TUR,1919,1.0,0.0,0.0,0.0,,0.0,0.0,-1.494,-1.188,-1.127,1.0
TUR,1923,0.0,1.0,0.0,0.0,,0.0,0.0,-2.641,-2.368,-2.347,1.0
TUR,1927,1.0,1.0,0.0,0.0,,0.0,0.0,-2.671,-2.365,-2.303,1.0
TUR,1931,1.0,1.0,0.0,0.0,88.0,0.0,0.0,-2.632,-2.344,-2.322,1.0
TUR,1935,1.0,1.0,0.0,0.0,77.8,0.0,0.0,-2.652,-2.344,-2.334,1.0
TUR,1939,1.0,1.0,0.0,0.0,,0.0,0.0,-2.642,-2.333,-2.332,1.0
TUR,1943,1.0,1.0,0.0,0.0,,0.0,0.0,-2.657,-2.328,-2.353,1.0
TUR,1946,1.0,0.0,0.0,0.0,,2.0,0.0,-0.486,-0.406,-1.194,1.0
TUR,1950,1.0,0.0,0.0,0.0,87.75,2.0,0.0,0.559,0.539,0.191,1.0
TUR,1954,1.0,0.0,0.0,0.0,88.6,0.0,0.0,0.555,0.545,0.137,1.0
TUR,1957,1.0,0.0,0.0,0.0,76.6,0.0,0.0,0.57,0.357,-0.129,1.0
TUR,1961,1.0,0.0,0.0,0.0,81.41,2.0,0.0,0.286,0.322,-0.04,1.0
TUR,1965,1.0,0.0,0.0,0.0,71.3,2.0,0.0,1.414,0.529,0.592,1.0
TUR,1969,1.0,0.0,0.0,0.0,64.35,0.0,0.0,1.379,0.542,0.61,1.0
TUR,1973,1.0,0.0,0.0,0.0,66.82,2.0,0.0,1.382,0.534,0.604,1.0
TUR,1977,1.0,0.0,0.0,0.0,70.41,0.0,0.0,1.37,0.538,0.132,1.0
TUR,1983,1.0,0.0,0.0,0.0,92.27,2.0,0.0,-0.107,0.183,-0.629,1.0
TUR,1987,1.0,0.0,0.0,0.0,93.28,0.0,0.0,1.399,0.81,0.982,1.0
TUR,1991,1.0,0.0,0.0,0.0,83.92,2.0,0.0,1.378,1.093,0.982,1.0
TUR,1995,1.0,0.0,0.0,0.0,85.2,2.0,0.0,1.392,1.086,0.974,1.0
TUR,1999,1.0,0.0,0.0,0.0,87.09,2.0,0.0,1.387,1.943,0.992,1.0
TUR,2002,1.0,0.0,0.0,0.0,79.28,2.0,0.0,1.366,1.99,1.895,1.0
TUR,2007,1.0,0.0,0.0,0.0,84.25,0.0,0.0,1.656,1.321,0.44,1.0
TUR,2011,1.0,0.0,0.0,0.0,87.59,0.0,0.0,1.661,1.159,0.254,1.0
TUR,2014,0.0,0.0,1.0,0.0,74.13,0.0,1.0,1.696,0.079,-0.327,1.0
TUR,2015,1.0,0.0,0.0,0.0,85.18,0.0,0.0,0.806,-0.037,-0.955,1.0
TUR,2018,1.0,0.0,1.0,0.0,86.24,1.0,0.0,0.532,-0.287,-1.172,1.0
TUR,2023,1.0,0.0,1.0,1.0,87.04,0.0,0.0,1.569,-0.195,-1.223,1.0
UKR,1990,1.0,1.0,0.0,0.0,,1.0,0.0,-1.625,0.16,0.618,1.0
UKR,1991,0.0,0.0,1.0,0.0,,0.0,2.0,-1.397,0.984,1.089,1.0
UKR,1994,1.0,1.0,1.0,1.0,75.81,2.0,1.0,-0.402,0.768,1.142,1.0
UKR,1998,1.0,0.0,0.0,0.0,70.65,2.0,0.0,0.976,-0.585,-0.143,1.0
UKR,1999,0.0,0.0,1.0,1.0,74.92,0.0,0.0,0.972,-1.056,-0.573,1.0
UKR,2002,1.0,0.0,0.0,0.0,69.24,2.0,0.0,1.099,-0.583,-0.456,1.0
UKR,2004,0.0,0.0,1.0,1.0,81.12,0.0,1.0,1.237,-2.003,-0.888,1.0
UKR,2006,1.0,0.0,0.0,0.0,67.19,2.0,0.0,1.473,0.503,0.733,1.0
UKR,2007,1.0,0.0,0.0,0.0,62.03,2.0,0.0,1.443,0.536,0.685,1.0
UKR,2010,0.0,0.0,1.0,1.0,69.7,0.0,2.0,1.762,0.052,0.054,1.0
UKR,2012,1.0,0.0,0.0,0.0,57.4,2.0,0.0,0.856,-0.185,-0.592,1.0
UKR,2014,1.0,0.0,1.0,0.0,60.82,0.0,2.0,-0.293,-0.366,-0.378,1.0
UKR,2019,1.0,0.0,1.0,1.0,63.78,2.0,2.0,0.085,1.134,0.274,1.0
GBR,1900,1.0,0.0,0.0,0.0,,0.0,0.0,1.428,1.069,1.426,1.0
GBR,1906,1.0,0.0,0.0,0.0,,0.0,0.0,1.425,1.082,1.418,1.0
GBR,1910,1.0,0.0,0.0,0.0,,0.0,0.0,1.388,1.075,1.314,1.0
GBR,1918,1.0,0.0,0.0,0.0,,0.0,0.0,1.386,1.178,1.432,1.0
GBR,1922,1.0,0.0,0.0,0.0,,2.0,0.0,1.415,1.386,1.321,1.0
GBR,1923,1.0,0.0,0.0,0.0,,2.0,0.0,1.397,1.386,1.318,1.0
GBR,1924,1.0,0.0,0.0,0.0,,2.0,0.0,1.397,1.386,1.318,1.0
GBR,1929,1.0,0.0,0.0,0.0,,2.0,0.0,1.411,1.371,1.337,1.0
GBR,1931,1.0,0.0,0.0,0.0,,0.0,0.0,1.407,1.377,1.315,1.0
GBR,1935,1.0,0.0,0.0,0.0,,0.0,0.0,1.416,1.356,1.332,1.0
GBR,1945,1.0,0.0,0.0,0.0,72.55,2.0,0.0,1.403,1.356,1.904,1.0
GBR,1950,1.0,0.0,0.0,0.0,83.61,0.0,0.0,1.414,1.37,1.905,1.0
GBR,1951,1.0,0.0,0.0,0.0,81.89,2.0,0.0,1.39,1.383,1.871,1.0
GBR,1955,1.0,0.0,0.0,0.0,76.78,0.0,0.0,1.394,1.363,1.878,1.0
GBR,1959,1.0,0.0,0.0,0.0,78.71,0.0,0.0,1.393,1.368,1.909,1.0
GBR,1964,1.0,0.0,0.0,0.0,77.17,2.0,0.0,1.401,1.74,1.871,1.0
GBR,1966,1.0,0.0,0.0,0.0,75.96,0.0,0.0,1.398,1.73,1.873,1.0
GBR,1970,1.0,0.0,0.0,0.0,72.15,2.0,0.0,1.38,1.737,1.901,1.0
GBR,1974,1.0,0.0,0.0,0.0,72.93,0.0,0.0,1.411,1.744,1.881,1.0
GBR,1979,1.0,0.0,0.0,0.0,76.0,2.0,0.0,1.412,1.726,1.909,1.0
GBR,1983,1.0,0.0,0.0,0.0,72.81,0.0,0.0,1.385,1.304,1.899,1.0
GBR,1987,1.0,0.0,0.0,0.0,75.42,0.0,0.0,1.379,1.318,1.887,1.0
GBR,1992,1.0,0.0,0.0,0.0,77.83,0.0,0.0,1.417,1.316,1.887,1.0
GBR,1997,1.0,0.0,0.0,0.0,71.46,0.0,0.0,1.39,1.306,1.893,1.0
GBR,2001,1.0,0.0,0.0,0.0,59.38,0.0,0.0,1.4,1.73,1.892,1.0
GBR,2005,1.0,0.0,0.0,0.0,61.36,0.0,0.0,1.538,1.702,2.225,1.0
GBR,2010,1.0,0.0,0.0,0.0,65.77,2.0,0.0,1.562,1.695,2.242,1.0
GBR,2015,1.0,0.0,0.0,0.0,66.12,0.0,0.0,1.487,1.573,2.045,1.0
GBR,2017,1.0,0.0,0.0,0.0,68.93,0.0,0.0,1.469,2.289,2.057,1.0
GBR,2019,1.0,0.0,0.0,0.0,67.3,0.0,0.0,1.434,2.31,2.033,1.0
GBR,2024,1.0,0.0,0.0,0.0,59.76,2.0,0.0,1.345,2.035,1.886,1.0
URY,1901,1.0,0.0,0.0,0.0,,,,-0.307,0.209,-0.376,1.0
URY,1905,1.0,0.0,0.0,0.0,,,,-0.687,0.165,-0.375,1.0
URY,1907,1.0,0.0,0.0,0.0,,0.0,0.0,-0.444,-0.679,-0.334,1.0
URY,1910,1.0,0.0,0.0,0.0,,,,-0.69,0.166,-0.359,1.0
URY,1913,1.0,0.0,0.0,0.0,,0.0,0.0,-0.327,-0.48,-0.098,1.0
URY,1917,1.0,0.0,0.0,0.0,,,,1.458,1.51,1.094,1.0
URY,1919,1.0,0.0,0.0,0.0,,,,1.232,1.067,1.105,1.0
URY,1920,0.0,0.0,1.0,0.0,,0.0,0.0,1.448,1.482,0.716,1.0
URY,1922,1.0,0.0,1.0,0.0,,0.0,0.0,1.451,1.528,0.723,1.0
URY,1925,1.0,0.0,0.0,0.0,,0.0,0.0,1.464,1.511,0.721,1.0
URY,1926,0.0,0.0,1.0,0.0,,0.0,0.0,1.464,1.511,0.721,1.0
URY,1928,1.0,0.0,0.0,0.0,,0.0,0.0,1.461,1.53,0.721,1.0
URY,1930,0.0,0.0,1.0,0.0,,0.0,0.0,1.45,1.323,0.717,1.0
URY,1931,1.0,0.0,0.0,0.0,,0.0,0.0,1.45,1.323,0.717,1.0
URY,1934,1.0,0.0,0.0,0.0,,0.0,0.0,-0.994,0.692,0.175,1.0
URY,1938,1.0,0.0,1.0,0.0,,1.0,1.0,-0.988,0.7,0.175,1.0
URY,1942,1.0,0.0,1.0,0.0,,1.0,1.0,0.413,1.953,1.058,1.0
URY,1946,1.0,0.0,1.0,0.0,65.34,0.0,0.0,1.428,1.955,1.612,1.0
URY,1950,1.0,0.0,1.0,0.0,70.52,0.0,0.0,1.451,1.966,1.603,1.0
URY,1954,1.0,0.0,1.0,0.0,67.87,0.0,0.0,1.453,1.974,1.61,1.0
URY,1958,1.0,0.0,1.0,0.0,71.3,0.0,0.0,1.438,1.966,1.612,1.0
URY,1962,1.0,0.0,1.0,0.0,76.63,0.0,0.0,1.445,1.98,1.602,1.0
URY,1966,1.0,0.0,1.0,0.0,74.28,0.0,0.0,1.467,1.961,1.607,1.0
URY,1971,1.0,0.0,1.0,0.0,88.61,0.0,0.0,0.349,0.764,-0.596,1.0
URY,1984,1.0,0.0,1.0,0.0,85.76,0.0,0.0,0.283,1.957,2.094,1.0
URY,1989,1.0,0.0,1.0,0.0,84.97,2.0,2.0,1.431,1.979,2.103,1.0
URY,1994,1.0,0.0,1.0,0.0,91.44,2.0,2.0,1.458,1.963,2.074,1.0
URY,1999,1.0,0.0,1.0,1.0,91.84,1.0,1.0,0.629,1.953,2.062,1.0
URY,2004,1.0,0.0,1.0,0.0,88.29,2.0,2.0,1.459,1.955,2.095,1.0
URY,2009,1.0,0.0,1.0,1.0,89.91,1.0,1.0,1.783,2.44,2.634,1.0
URY,2014,1.0,0.0,1.0,1.0,90.51,1.0,1.0,1.765,2.395,2.601,1.0
URY,2019,1.0,0.0,1.0,1.0,90.13,2.0,2.0,1.157,2.184,2.345,1.0
URY,2024,1.0,0.0,1.0,1.0,89.52,2.0,2.0,1.548,2.018,1.486,1.0
DZA,1948,1.0,0.0,0.0,0.0,,0.0,0.0,-1.602,-0.648,-2.472,1.0
DZA,1952,1.0,0.0,0.0,0.0,,0.0,0.0,-1.277,-0.594,-2.847,1.0
DZA,1955,1.0,0.0,0.0,0.0,,0.0,0.0,-1.329,-0.58,-2.958,1.0
DZA,1962,1.0,0.0,0.0,0.0,,0.0,0.0,-2.247,-0.745,-1.57,1.0
DZA,1963,0.0,0.0,1.0,0.0,88.9,0.0,0.0,-2.228,-1.264,-1.466,1.0
DZA,1964,1.0,0.0,0.0,0.0,85.0,0.0,0.0,-2.21,-1.707,-1.605,1.0
DZA,1976,0.0,0.0,1.0,0.0,99.5,0.0,0.0,-3.369,-1.712,-1.439,1.0
DZA,1977,1.0,0.0,0.0,0.0,75.84,0.0,0.0,-3.369,-1.712,-1.439,1.0
DZA,1979,0.0,0.0,1.0,0.0,99.0,0.0,1.0,-3.346,-1.708,-1.443,1.0
DZA,1982,1.0,0.0,0.0,0.0,67.34,0.0,0.0,-3.39,-1.722,-0.526,1.0
DZA,1984,0.0,0.0,1.0,0.0,96.28,0.0,0.0,-3.368,-1.734,-0.586,1.0
DZA,1987,1.0,0.0,0.0,0.0,87.0,0.0,0.0,-3.36,-1.725,-0.519,1.0
DZA,1988,0.0,0.0,1.0,0.0,89.08,0.0,0.0,-3.359,-1.722,-0.529,1.0
DZA,1991,1.0,0.0,0.0,0.0,59.0,0.0,0.0,1.153,-0.443,-0.026,1.0
DZA,1995,0.0,0.0,1.0,0.0,75.69,0.0,2.0,0.172,-0.844,-0.037,1.0
DZA,1997,1.0,0.0,0.0,0.0,65.6,0.0,0.0,1.115,-1.792,-0.177,1.0
DZA,1999,0.0,0.0,1.0,0.0,60.91,0.0,2.0,0.59,-2.587,0.022,1.0
DZA,2002,1.0,0.0,0.0,0.0,46.17,0.0,0.0,0.586,-1.644,0.221,1.0
DZA,2004,0.0,0.0,1.0,0.0,58.07,0.0,0.0,0.588,-1.321,0.216,1.0
DZA,2007,1.0,0.0,0.0,0.0,35.51,0.0,0.0,-0.445,-0.991,-0.33,1.0
DZA,2009,0.0,0.0,1.0,0.0,74.56,0.0,0.0,-0.417,-1.146,-0.326,1.0
DZA,2012,1.0,0.0,0.0,0.0,43.14,2.0,0.0,-0.411,-0.947,-0.317,1.0
DZA,2014,0.0,0.0,1.0,0.0,49.42,0.0,0.0,-0.529,-1.111,-0.721,1.0
DZA,2017,1.0,0.0,0.0,0.0,37.09,1.0,0.0,-0.653,-1.085,-0.644,1.0
DZA,2019,0.0,0.0,1.0,0.0,39.88,2.0,2.0,-1.048,-1.365,-0.638,1.0
DZA,2021,1.0,0.0,0.0,0.0,23.03,0.0,0.0,-0.681,-1.006,-0.615,1.0
DZA,2024,0.0,0.0,1.0,0.0,46.1,0.0,0.0,-0.722,-1.298,-0.615,1.0
AGO,1992,1.0,0.0,1.0,0.0,90.37,0.0,2.0,0.278,-0.733,-0.17,1.0
AGO,2008,1.0,0.0,0.0,0.0,87.36,0.0,0.0,0.834,-0.91,-0.649,1.0
AGO,2012,1.0,0.0,0.0,0.0,62.75,0.0,0.0,0.537,-0.887,-0.659,1.0
AGO,2017,1.0,0.0,0.0,0.0,71.59,1.0,1.0,0.626,-0.817,-0.571,1.0
AGO,2022,1.0,0.0,0.0,0.0,44.82,0.0,0.0,0.826,-0.503,-0.739,1.0
ARM,1990,1.0,1.0,0.0,0.0,60.2,0.0,0.0,1.198,1.065,1.148,1.0
ARM,1991,0.0,0.0,1.0,0.0,,0.0,2.0,1.153,1.29,1.149,1.0
ARM,1995,1.0,1.0,0.0,0.0,53.91,0.0,0.0,0.628,-0.294,-0.584,1.0
ARM,1996,0.0,0.0,1.0,0.0,60.32,0.0,0.0,0.655,-0.414,-0.584,1.0
ARM,1998,0.0,0.0,1.0,1.0,63.48,0.0,2.0,1.315,-0.658,-0.405,1.0
ARM,1999,1.0,0.0,0.0,0.0,51.72,1.0,0.0,1.309,-0.452,-0.405,1.0
ARM,2003,1.0,0.0,1.0,1.0,68.43,0.0,0.0,1.299,-1.691,-0.929,1.0
ARM,2007,1.0,0.0,0.0,0.0,59.99,0.0,0.0,1.112,-1.505,-0.828,1.0
ARM,2008,0.0,0.0,1.0,0.0,69.81,0.0,2.0,1.225,-2.131,-1.678,1.0
ARM,2012,1.0,0.0,0.0,0.0,62.87,0.0,0.0,1.248,-1.697,-0.783,1.0
ARM,2013,0.0,0.0,1.0,0.0,60.18,0.0,0.0,0.698,-1.663,-0.778,1.0
ARM,2017,1.0,0.0,0.0,0.0,60.93,0.0,0.0,0.714,-0.917,-0.517,1.0
ARM,2018,1.0,0.0,0.0,0.0,48.63,0.0,0.0,1.409,2.354,2.066,1.0
ARM,2021,1.0,0.0,0.0,0.0,49.41,0.0,0.0,1.618,0.445,0.074,1.0
AZE,1990,1.0,1.0,0.0,0.0,,0.0,0.0,-0.815,-1.723,-1.877,1.0
AZE,1991,0.0,0.0,1.0,0.0,85.7,0.0,2.0,-0.784,-2.923,-2.264,1.0
AZE,1992,0.0,0.0,1.0,0.0,,0.0,2.0,0.446,1.232,-0.71,1.0
AZE,1993,0.0,0.0,1.0,0.0,85.85,0.0,0.0,-1.182,-0.751,-2.194,1.0
AZE,1995,1.0,1.0,0.0,0.0,86.05,0.0,0.0,-0.496,-2.175,-2.609,1.0
AZE,1996,0.0,1.0,0.0,0.0,,1.0,0.0,-0.496,-2.175,-2.609,1.0
AZE,1998,0.0,0.0,1.0,0.0,78.94,0.0,0.0,-0.478,-2.193,-2.872,1.0
AZE,2000,1.0,0.0,0.0,0.0,67.99,0.0,0.0,-0.488,-2.477,-2.867,1.0
AZE,2003,0.0,0.0,1.0,0.0,71.23,0.0,0.0,-0.653,-2.481,-2.881,1.0
AZE,2005,1.0,0.0,0.0,0.0,40.47,0.0,0.0,-0.695,-2.151,-2.321,1.0
AZE,2008,0.0,0.0,1.0,0.0,75.35,0.0,0.0,-1.285,-2.141,-2.394,1.0
AZE,2010,1.0,0.0,0.0,0.0,49.76,0.0,0.0,-0.946,-2.433,-2.391,1.0
AZE,2013,0.0,0.0,1.0,0.0,71.63,0.0,0.0,-0.806,-2.712,-2.538,1.0
AZE,2015,1.0,0.0,0.0,0.0,55.54,0.0,0.0,-1.083,-2.543,-2.258,1.0
AZE,2018,0.0,0.0,1.0,0.0,74.24,1.0,0.0,-1.676,-2.837,-2.285,1.0
AZE,2020,1.0,0.0,0.0,0.0,46.84,0.0,0.0,-1.225,-2.663,-2.212,1.0
AZE,2024,1.0,0.0,1.0,0.0,76.68,0.0,0.0,-1.544,-2.889,-2.864,1.0
BLR,1990,1.0,0.0,0.0,0.0,,0.0,0.0,-0.451,0.218,0.267,1.0
BLR,1994,0.0,0.0,1.0,1.0,69.9,0.0,2.0,0.209,0.516,0.889,1.0
BLR,1995,1.0,1.0,0.0,0.0,56.4,0.0,0.0,0.101,-0.037,0.22,1.0
BLR,2000,1.0,1.0,0.0,0.0,61.08,0.0,0.0,-1.525,-1.656,-1.694,1.0
BLR,2001,0.0,0.0,1.0,0.0,83.86,0.0,0.0,-1.525,-1.319,-1.103,1.0
BLR,2004,1.0,0.0,0.0,0.0,90.14,0.0,0.0,-1.529,-2.372,-1.1,1.0
BLR,2006,0.0,0.0,1.0,0.0,92.94,0.0,0.0,-1.22,-2.482,-1.603,1.0
BLR,2008,1.0,0.0,0.0,0.0,76.74,0.0,0.0,-1.266,-2.478,-0.952,1.0
BLR,2010,0.0,0.0,1.0,0.0,90.65,0.0,0.0,-1.227,-2.482,-2.03,1.0
BLR,2012,1.0,0.0,0.0,0.0,74.2,0.0,0.0,-1.107,-2.382,-0.463,1.0
BLR,2015,0.0,0.0,1.0,0.0,87.22,0.0,0.0,-1.109,-2.384,-0.182,1.0
BLR,2016,1.0,0.0,0.0,0.0,74.7,0.0,0.0,-0.827,-2.384,-0.275,1.0
BLR,2019,1.0,0.0,0.0,0.0,77.31,0.0,0.0,-0.84,-2.385,-0.59,1.0
BLR,2020,0.0,0.0,1.0,0.0,84.28,0.0,0.0,-1.338,-2.916,-1.878,1.0
BLR,2024,1.0,0.0,0.0,0.0,73.09,0.0,0.0,-3.583,-2.439,-1.922,1.0
BLR,2025,0.0,0.0,1.0,0.0,85.7,0.0,0.0,-3.583,-2.439,-1.922,1.0
CMR,1961,1.0,0.0,0.0,0.0,,0.0,0.0,-0.198,-1.706,-0.768,1.0
CMR,1964,1.0,0.0,0.0,0.0,91.3,0.0,0.0,-1.175,-1.081,-0.654,1.0
CMR,1965,0.0,0.0,1.0,0.0,95.1,0.0,0.0,-1.913,-1.081,-0.654,1.0
CMR,1970,1.0,0.0,1.0,0.0,99.4,0.0,0.0,-2.111,-1.092,-0.798,1.0
CMR,1973,1.0,0.0,0.0,0.0,98.4,0.0,0.0,-2.114,-1.09,-0.796,1.0
CMR,1975,0.0,0.0,1.0,0.0,99.4,0.0,0.0,-2.114,-1.101,-0.35,1.0
CMR,1978,1.0,0.0,0.0,0.0,98.0,0.0,0.0,-2.117,-1.094,-0.8,1.0
CMR,1980,0.0,0.0,1.0,0.0,99.0,0.0,0.0,-2.101,-1.11,-0.812,1.0
CMR,1983,1.0,0.0,0.0,0.0,99.19,0.0,0.0,-1.673,-1.101,-0.795,1.0
CMR,1984,0.0,0.0,1.0,0.0,97.7,0.0,1.0,-1.673,-1.101,-0.795,1.0
CMR,1988,1.0,0.0,1.0,0.0,91.4,0.0,0.0,-1.658,-1.104,-0.808,1.0
CMR,1992,1.0,0.0,1.0,0.0,71.87,1.0,0.0,0.271,-2.297,-1.95,1.0
CMR,1997,1.0,0.0,1.0,0.0,87.0,0.0,0.0,1.512,-2.232,-1.95,1.0
CMR,2002,1.0,0.0,0.0,0.0,65.66,0.0,0.0,1.493,-1.514,-1.72,1.0
CMR,2004,0.0,0.0,1.0,0.0,79.52,0.0,0.0,1.523,-1.537,-1.697,1.0
CMR,2007,1.0,0.0,0.0,0.0,62.01,0.0,0.0,0.467,-1.52,-1.394,1.0
CMR,2011,0.0,0.0,1.0,0.0,68.28,0.0,0.0,0.265,-1.257,-1.077,1.0
CMR,2013,1.0,0.0,0.0,0.0,76.79,0.0,0.0,-0.036,-0.86,-0.776,1.0
CMR,2018,0.0,0.0,1.0,0.0,53.5,0.0,0.0,0.118,-1.932,-1.241,1.0
CMR,2020,1.0,0.0,0.0,0.0,43.79,0.0,0.0,-0.011,-1.564,-1.126,1.0
CMR,2025,0.0,0.0,1.0,0.0,57.76,0.0,0.0,-0.3,-2.006,-2.076,1.0
TCD,1947,1.0,0.0,0.0,0.0,61.54,0.0,0.0,-0.651,1.346,-0.562,1.0
TCD,1952,1.0,0.0,0.0,0.0,53.22,0.0,0.0,-0.654,1.352,-0.571,1.0
TCD,1957,1.0,0.0,0.0,0.0,45.5,0.0,0.0,-0.84,1.351,-0.574,1.0
TCD,1959,1.0,0.0,0.0,0.0,46.1,1.0,0.0,-1.235,1.377,-0.573,1.0
TCD,1962,1.0,0.0,0.0,0.0,87.5,0.0,0.0,-2.244,-0.312,-0.835,1.0
TCD,1963,1.0,0.0,0.0,0.0,95.41,0.0,0.0,-2.27,-0.323,-0.835,1.0
TCD,1969,1.0,0.0,1.0,0.0,95.11,0.0,0.0,-2.4,-0.329,-0.855,1.0
TCD,1990,1.0,0.0,0.0,0.0,56.06,0.0,0.0,-2.428,-1.586,-1.325,1.0
TCD,1996,0.0,0.0,1.0,1.0,74.9,0.0,0.0,-0.317,-1.222,-1.732,1.0
TCD,1997,1.0,1.0,0.0,0.0,50.14,2.0,0.0,-0.317,-1.222,-1.732,1.0
TCD,2001,0.0,0.0,1.0,0.0,61.12,0.0,0.0,-0.082,-1.665,-2.017,1.0
TCD,2002,1.0,0.0,0.0,0.0,52.4,1.0,0.0,-0.082,-1.665,-2.017,1.0
TCD,2006,0.0,0.0,1.0,0.0,53.08,0.0,0.0,-0.25,-1.574,-2.33,1.0
TCD,2011,1.0,0.0,1.0,0.0,56.6,0.0,0.0,-0.468,-1.244,-2.606,1.0
TCD,2016,0.0,0.0,1.0,0.0,65.95,0.0,0.0,0.394,-2.142,-2.085,1.0
TCD,2021,0.0,0.0,1.0,0.0,63.37,0.0,0.0,-0.695,-1.926,-2.209,1.0
TCD,2024,1.0,0.0,1.0,0.0,75.89,0.0,0.0,-0.225,-2.21,-2.199,1.0
CHN,1912,1.0,0.0,0.0,0.0,,0.0,0.0,-1.622,-1.309,-2.059,1.0
CHN,1918,1.0,0.0,0.0,0.0,,0.0,0.0,-1.919,-1.308,-1.847,1.0
CHN,1921,1.0,0.0,0.0,0.0,,0.0,0.0,-2.991,-1.058,-2.499,1.0
CHN,1948,1.0,0.0,0.0,0.0,,0.0,0.0,-1.532,-1.076,-2.373,1.0
COD,1960,1.0,0.0,0.0,0.0,81.8,1.0,0.0,0.516,1.269,0.022,1.0
COD,1965,1.0,0.0,0.0,0.0,,0.0,0.0,-0.41,-0.25,-1.242,1.0
COD,1970,1.0,0.0,1.0,0.0,97.56,0.0,0.0,-3.735,-3.033,-2.736,1.0
COD,1975,1.0,0.0,0.0,0.0,,0.0,0.0,-2.992,-2.92,-3.323,1.0
COD,1977,1.0,0.0,1.0,0.0,92.8,0.0,0.0,-3.126,-2.363,-3.343,1.0
COD,1982,1.0,0.0,0.0,0.0,,1.0,0.0,-2.365,-2.374,-2.627,1.0
COD,1984,0.0,0.0,1.0,0.0,,0.0,0.0,-3.234,-2.693,-2.622,1.0
COD,1987,1.0,0.0,0.0,0.0,,0.0,0.0,-2.215,-2.36,-2.619,1.0
COD,2006,1.0,0.0,1.0,1.0,70.54,2.0,0.0,0.99,-0.322,-0.951,1.0
COD,2011,1.0,0.0,1.0,0.0,59.05,0.0,0.0,0.146,-0.945,-1.197,1.0
COD,2018,1.0,0.0,1.0,0.0,45.4,1.0,2.0,0.118,-1.036,-1.336,1.0
COD,2023,1.0,0.0,1.0,0.0,,0.0,0.0,-0.473,-0.976,-1.295,1.0
COG,1947,1.0,0.0,0.0,0.0,,0.0,0.0,-0.858,0.493,0.325,1.0
COG,1952,1.0,0.0,0.0,0.0,,0.0,0.0,-0.855,0.492,0.337,1.0
COG,1957,1.0,0.0,0.0,0.0,74.2,0.0,0.0,-0.858,0.489,-0.224,1.0
COG,1959,1.0,0.0,0.0,0.0,79.2,0.0,0.0,-0.875,-0.381,-0.656,1.0
COG,1961,0.0,0.0,1.0,0.0,90.3,0.0,0.0,-0.221,-0.22,-0.914,1.0
COG,1963,1.0,0.0,0.0,0.0,91.7,1.0,0.0,-0.653,-0.675,-0.606,1.0
COG,1973,1.0,0.0,0.0,0.0,83.2,0.0,0.0,-1.318,-1.706,-1.1,1.0
COG,1979,1.0,0.0,0.0,0.0,90.3,0.0,0.0,-1.236,-1.701,-1.116,1.0
COG,1984,1.0,0.0,0.0,0.0,93.64,0.0,0.0,-1.226,-1.694,-1.111,1.0
COG,1989,1.0,0.0,0.0,0.0,89.6,1.0,0.0,-1.593,-1.697,-1.125,1.0
COG,1992,1.0,1.0,1.0,1.0,61.6,0.0,2.0,1.317,0.179,0.531,1.0
COG,1993,1.0,1.0,0.0,0.0,,2.0,0.0,0.925,-0.203,-0.433,1.0
COG,2002,1.0,1.0,1.0,0.0,74.7,1.0,0.0,-0.131,-1.401,-1.093,1.0
COG,2007,1.0,1.0,0.0,0.0,,0.0,0.0,-0.148,-1.476,-1.533,1.0
COG,2009,0.0,0.0,1.0,0.0,66.4,0.0,0.0,-0.214,-1.072,-1.528,1.0
COG,2012,1.0,1.0,0.0,0.0,,0.0,0.0,-0.532,-1.614,-1.142,1.0
COG,2016,0.0,0.0,1.0,0.0,67.58,0.0,0.0,-0.117,-2.247,-1.697,1.0
COG,2017,1.0,1.0,0.0,0.0,42.23,0.0,0.0,0.359,-1.654,-1.898,1.0
COG,2021,0.0,0.0,1.0,0.0,67.17,0.0,0.0,-0.107,-2.096,-2.092,1.0
COG,2022,1.0,1.0,0.0,0.0,,0.0,0.0,0.289,-2.103,-1.796,1.0
DJI,1946,1.0,0.0,0.0,0.0,,0.0,0.0,-2.642,-1.494,-2.271,1.0
DJI,1950,1.0,0.0,0.0,0.0,,0.0,0.0,-2.64,-1.506,-2.269,1.0
DJI,1957,1.0,0.0,0.0,0.0,68.0,,0.0,-2.658,-1.5,-2.505,1.0
DJI,1963,1.0,0.0,0.0,0.0,74.52,0.0,0.0,-2.171,-1.325,-2.516,1.0
DJI,1968,1.0,0.0,0.0,0.0,,0.0,0.0,-2.173,-1.494,-2.042,1.0
DJI,1973,1.0,0.0,0.0,0.0,75.6,0.0,0.0,-1.97,-1.492,-2.525,1.0
DJI,1977,1.0,0.0,0.0,0.0,,2.0,0.0,-2.182,-1.496,-2.059,1.0
DJI,1981,0.0,0.0,1.0,0.0,85.0,0.0,0.0,-2.654,-1.502,-2.066,1.0
DJI,1982,1.0,0.0,0.0,0.0,92.4,0.0,0.0,-2.654,-1.502,-2.066,1.0
DJI,1987,1.0,0.0,1.0,0.0,88.69,0.0,0.0,-2.166,-1.483,-2.05,1.0
DJI,1992,1.0,0.0,0.0,0.0,48.45,0.0,0.0,-0.455,-1.509,-1.207,1.0
DJI,1993,0.0,0.0,1.0,0.0,50.26,0.0,0.0,-0.455,-1.509,-1.207,1.0
DJI,1997,1.0,0.0,0.0,0.0,56.83,0.0,0.0,-0.066,-1.514,-1.218,1.0
DJI,1999,0.0,0.0,1.0,0.0,56.28,0.0,1.0,-0.009,-1.509,-1.186,1.0
DJI,2003,1.0,0.0,0.0,0.0,48.42,0.0,0.0,0.521,-1.486,-0.849,1.0
DJI,2005,0.0,0.0,1.0,0.0,78.9,0.0,0.0,-0.66,-1.822,-1.365,1.0
DJI,2008,1.0,0.0,0.0,0.0,72.61,0.0,0.0,-0.749,-1.818,-1.306,1.0
DJI,2011,0.0,0.0,1.0,0.0,75.45,0.0,0.0,-0.743,-1.568,-1.225,1.0
DJI,2013,1.0,0.0,0.0,0.0,69.16,1.0,0.0,-0.627,-1.261,-1.503,1.0
DJI,2016,0.0,0.0,1.0,0.0,69.26,0.0,0.0,-0.8,-1.268,-1.484,1.0
DJI,2018,1.0,0.0,0.0,0.0,61.78,0.0,0.0,-0.539,-1.394,-1.388,1.0
DJI,2021,0.0,0.0,1.0,0.0,76.44,0.0,0.0,-0.832,-1.383,-1.177,1.0
DJI,2023,1.0,0.0,0.0,0.0,74.01,0.0,0.0,-0.649,-1.516,-1.408,1.0
DOM,1908,0.0,0.0,1.0,0.0,,,,-0.519,-1.057,-2.504,1.0
DOM,1912,0.0,0.0,1.0,0.0,,,,-0.588,-1.808,-2.275,1.0
DOM,1914,0.0,0.0,1.0,0.0,,2.0,2.0,-0.107,-0.353,-0.752,1.0
DOM,1924,1.0,0.0,1.0,0.0,,2.0,2.0,-0.389,-0.227,-0.325,1.0
DOM,1930,1.0,0.0,1.0,0.0,,2.0,2.0,-3.127,-1.561,-1.911,1.0
DOM,1934,1.0,0.0,1.0,0.0,,0.0,0.0,-3.045,-2.502,-3.408,1.0
DOM,1938,1.0,0.0,1.0,0.0,,2.0,2.0,-3.098,-2.558,-3.407,1.0
DOM,1942,1.0,0.0,1.0,0.0,,0.0,0.0,-3.106,-2.478,-3.43,1.0
DOM,1947,1.0,0.0,1.0,0.0,100.0,0.0,0.0,-3.113,-2.482,-3.402,1.0
DOM,1952,1.0,0.0,1.0,0.0,,1.0,1.0,-2.947,-2.496,-3.406,1.0
DOM,1957,1.0,0.0,1.0,0.0,,0.0,0.0,-3.147,-2.488,-3.387,1.0
DOM,1962,1.0,0.0,1.0,0.0,64.7,2.0,2.0,0.246,0.702,0.432,1.0
DOM,1966,1.0,0.0,1.0,0.0,75.6,2.0,2.0,-0.725,-1.57,-1.54,1.0
DOM,1970,1.0,0.0,1.0,0.0,63.5,0.0,0.0,-1.15,-1.713,-1.374,1.0
DOM,1974,1.0,0.0,1.0,0.0,75.68,0.0,0.0,-0.748,-0.763,-1.962,1.0
DOM,1978,1.0,0.0,1.0,0.0,72.5,2.0,2.0,0.123,-0.003,-0.908,1.0
DOM,1982,1.0,0.0,1.0,0.0,73.89,1.0,1.0,0.59,-0.049,0.344,1.0
DOM,1986,1.0,0.0,1.0,0.0,69.49,2.0,2.0,0.576,-0.112,0.339,1.0
DOM,1990,1.0,0.0,1.0,0.0,59.79,0.0,0.0,0.594,-0.838,-0.391,1.0
DOM,1994,1.0,0.0,1.0,0.0,,0.0,0.0,0.245,-1.005,-0.17,1.0
DOM,1996,0.0,0.0,1.0,1.0,76.56,2.0,2.0,0.585,0.915,0.504,1.0
DOM,1998,1.0,0.0,0.0,0.0,52.97,0.0,0.0,0.49,1.432,0.606,1.0
DOM,2000,0.0,0.0,1.0,0.0,76.14,2.0,2.0,0.575,1.45,1.073,1.0
DOM,2002,1.0,0.0,0.0,0.0,51.05,0.0,0.0,0.48,1.459,1.092,1.0
DOM,2004,0.0,0.0,1.0,0.0,72.84,2.0,2.0,0.599,1.438,1.091,1.0
DOM,2006,1.0,0.0,0.0,0.0,56.46,0.0,0.0,0.986,0.921,0.959,1.0
DOM,2008,0.0,0.0,1.0,0.0,71.36,0.0,0.0,0.996,0.769,0.84,1.0
DOM,2010,1.0,0.0,0.0,0.0,56.43,0.0,0.0,0.986,0.598,0.777,1.0
DOM,2012,0.0,0.0,1.0,0.0,70.23,1.0,1.0,0.844,0.691,0.74,1.0
DOM,2016,1.0,0.0,1.0,0.0,69.6,0.0,0.0,0.68,0.188,0.765,1.0
DOM,2020,1.0,0.0,1.0,0.0,55.29,2.0,2.0,1.504,0.64,0.783,1.0
DOM,2024,1.0,0.0,1.0,0.0,54.37,0.0,0.0,1.376,1.369,0.922,1.0
ERI,1952,1.0,0.0,0.0,0.0,,,,-0.988,-0.923,-1.603,1.0
ERI,1956,1.0,0.0,0.0,0.0,,,,-1.372,-2.809,-1.976,1.0
ERI,1965,1.0,0.0,0.0,0.0,,,,-2.381,-2.024,-2.609,1.0
GAB,1946,1.0,0.0,0.0,0.0,,0.0,0.0,-1.613,-0.109,0.315,1.0
GAB,1952,1.0,0.0,0.0,0.0,,0.0,0.0,-1.264,-0.118,0.324,1.0
GAB,1957,1.0,0.0,0.0,0.0,49.5,2.0,0.0,-0.74,-0.129,0.332,1.0
GAB,1961,1.0,0.0,1.0,0.0,98.7,2.0,2.0,-0.762,-2.568,0.334,1.0
GAB,1964,1.0,0.0,0.0,0.0,85.0,0.0,0.0,-1.857,-2.586,0.086,1.0
GAB,1967,1.0,0.0,1.0,0.0,99.0,0.0,0.0,-3.234,-2.591,0.074,1.0
GAB,1969,1.0,0.0,0.0,0.0,,0.0,0.0,-2.361,-2.586,0.082,1.0
GAB,1973,1.0,0.0,1.0,0.0,79.8,0.0,0.0,-2.357,-2.595,0.06,1.0
GAB,1979,0.0,0.0,1.0,0.0,99.9,0.0,0.0,-2.359,-2.586,0.073,1.0
GAB,1980,1.0,0.0,0.0,0.0,,0.0,0.0,-2.359,-2.586,0.073,1.0
GAB,1985,1.0,0.0,0.0,0.0,95.6,0.0,0.0,-2.364,-2.586,0.055,1.0
GAB,1986,0.0,0.0,1.0,0.0,99.95,0.0,0.0,-2.352,-2.566,0.061,1.0
GAB,1990,1.0,1.0,0.0,0.0,,0.0,0.0,0.06,-1.309,-1.585,1.0
GAB,1993,0.0,0.0,1.0,0.0,88.08,0.0,0.0,1.222,-1.336,-1.597,1.0
GAB,1996,1.0,1.0,0.0,0.0,,0.0,0.0,1.196,-0.931,-1.578,1.0
GAB,1998,0.0,0.0,1.0,0.0,53.83,0.0,0.0,1.206,-0.95,-1.577,1.0
GAB,2001,1.0,1.0,0.0,0.0,,0.0,0.0,1.23,-0.956,-1.595,1.0
GAB,2005,0.0,0.0,1.0,0.0,63.47,0.0,0.0,1.32,-1.018,-1.409,1.0
GAB,2006,1.0,0.0,0.0,0.0,,0.0,0.0,1.283,-1.011,-1.402,1.0
GAB,2009,0.0,0.0,1.0,0.0,44.29,0.0,1.0,1.306,-1.017,-1.404,1.0
GAB,2011,1.0,0.0,0.0,0.0,34.28,0.0,0.0,1.277,-1.097,-1.425,1.0
GAB,2016,0.0,0.0,1.0,0.0,59.46,0.0,0.0,1.283,-0.64,-1.619,1.0
GAB,2018,1.0,1.0,0.0,0.0,58.63,0.0,0.0,0.03,-0.865,-1.334,1.0
GAB,2023,1.0,0.0,1.0,0.0,56.64,,,0.12,-1.611,-1.317,1.0
GAB,2025,1.0,1.0,1.0,0.0,70.69,0.0,0.0,0.592,-0.924,-1.303,1.0
GMB,1947,1.0,0.0,0.0,0.0,57.26,0.0,0.0,-1.376,0.85,0.56,1.0
GMB,1951,1.0,0.0,0.0,0.0,,0.0,0.0,-1.547,0.839,0.542,1.0
GMB,1954,1.0,0.0,0.0,0.0,97.0,0.0,0.0,-1.541,0.854,0.544,1.0
GMB,1960,1.0,0.0,0.0,0.0,,0.0,0.0,-1.253,0.865,0.688,1.0
GMB,1962,1.0,0.0,0.0,0.0,,0.0,0.0,0.796,0.837,0.564,1.0
GMB,1966,1.0,0.0,0.0,0.0,70.88,0.0,0.0,0.806,0.675,1.611,1.0
GMB,1972,1.0,0.0,0.0,0.0,76.07,0.0,0.0,0.818,0.861,0.481,1.0
GMB,1977,1.0,0.0,0.0,0.0,81.94,0.0,0.0,0.811,0.256,0.475,1.0
GMB,1982,1.0,0.0,1.0,0.0,,0.0,0.0,0.833,0.252,0.455,1.0
GMB,1987,1.0,0.0,1.0,0.0,,0.0,0.0,0.808,0.854,0.471,1.0
GMB,1992,1.0,0.0,1.0,0.0,,0.0,0.0,0.823,0.844,-0.443,1.0
GMB,1996,0.0,0.0,1.0,0.0,80.0,0.0,0.0,-0.479,-1.451,-1.441,1.0
GMB,1997,1.0,0.0,0.0,0.0,73.21,0.0,0.0,-0.185,-0.318,-1.922,1.0
GMB,2001,0.0,0.0,1.0,0.0,89.71,0.0,0.0,0.089,-1.091,-1.74,1.0
GMB,2002,1.0,0.0,0.0,0.0,56.38,0.0,0.0,0.322,-0.455,-1.578,1.0
GMB,2006,0.0,0.0,1.0,0.0,58.58,0.0,0.0,-0.517,-1.45,-1.984,1.0
GMB,2007,1.0,0.0,0.0,0.0,41.7,0.0,0.0,-0.517,-1.404,-1.984,1.0
GMB,2011,0.0,0.0,1.0,0.0,82.55,0.0,0.0,-0.472,-1.42,-1.893,1.0
GMB,2012,1.0,0.0,0.0,0.0,19.44,0.0,0.0,-0.472,-1.42,-1.893,1.0
GMB,2016,0.0,0.0,1.0,0.0,59.35,2.0,2.0,-0.284,-0.642,-1.489,1.0
GMB,2017,1.0,0.0,0.0,0.0,42.0,0.0,0.0,0.22,-0.167,-0.589,1.0
GMB,2021,0.0,0.0,1.0,0.0,89.34,0.0,0.0,1.595,2.008,0.641,1.0
GMB,2022,1.0,0.0,0.0,0.0,51.21,0.0,0.0,1.595,2.008,0.618,1.0
GEO,1990,1.0,1.0,0.0,0.0,69.9,0.0,0.0,0.857,0.13,-1.409,1.0
GEO,1991,0.0,0.0,1.0,0.0,,0.0,2.0,0.857,-0.274,-1.409,1.0
GEO,1992,1.0,0.0,1.0,0.0,,0.0,,0.883,-0.579,-1.391,1.0
GEO,1995,1.0,1.0,1.0,0.0,68.87,0.0,2.0,0.997,-0.763,-1.395,1.0
GEO,1999,1.0,1.0,0.0,0.0,67.9,0.0,0.0,1.002,-0.921,-1.413,1.0
GEO,2000,0.0,0.0,1.0,0.0,75.86,0.0,2.0,1.002,-0.921,-1.413,1.0
GEO,2003,1.0,0.0,0.0,0.0,60.06,2.0,0.0,0.879,-1.081,-0.87,1.0
GEO,2004,1.0,0.0,1.0,0.0,87.97,0.0,2.0,1.242,0.289,-0.295,1.0
GEO,2008,1.0,0.0,1.0,0.0,56.19,2.0,0.0,0.735,-0.082,-0.592,1.0
GEO,2012,1.0,0.0,0.0,0.0,59.76,2.0,0.0,1.165,0.382,-0.568,1.0
GEO,2013,0.0,0.0,1.0,0.0,46.96,0.0,2.0,1.679,0.887,0.057,1.0
GEO,2016,1.0,1.0,0.0,0.0,51.94,0.0,0.0,1.817,0.407,-0.091,1.0
GEO,2018,0.0,0.0,1.0,1.0,56.36,0.0,2.0,1.801,0.014,-0.311,1.0
GEO,2020,1.0,1.0,0.0,0.0,56.11,0.0,0.0,1.708,-0.196,-0.229,1.0
GEO,2024,1.0,0.0,1.0,0.0,58.73,0.0,2.0,1.696,-1.041,-0.975,1.0
GNB,1994,1.0,0.0,1.0,1.0,79.83,1.0,0.0,0.593,-0.82,-0.057,1.0
GNB,1999,1.0,0.0,1.0,0.0,71.89,0.0,2.0,0.96,0.236,0.501,1.0
GNB,2000,0.0,0.0,0.0,1.0,71.89,0.0,2.0,0.96,0.236,0.871,1.0
GNB,2004,1.0,0.0,0.0,0.0,74.34,2.0,0.0,1.014,0.257,0.907,1.0
GNB,2005,0.0,0.0,1.0,1.0,87.63,0.0,2.0,1.269,0.19,0.828,1.0
GNB,2008,1.0,0.0,0.0,0.0,82.0,1.0,0.0,0.739,0.485,0.839,1.0
GNB,2009,0.0,0.0,1.0,1.0,61.09,0.0,2.0,1.274,0.485,0.839,1.0
GNB,2012,0.0,0.0,1.0,0.0,55.0,0.0,1.0,0.641,-0.492,0.728,1.0
GNB,2014,1.0,0.0,1.0,1.0,89.3,0.0,1.0,1.401,0.232,1.443,1.0
GNB,2019,1.0,0.0,1.0,1.0,84.69,0.0,2.0,1.204,0.397,0.223,1.0
GNB,2023,1.0,0.0,0.0,0.0,79.57,2.0,0.0,1.219,1.292,0.706,1.0
GNB,2025,1.0,0.0,1.0,0.0,60.73,,,0.029,-0.91,-0.704,0.0
JAM,1901,1.0,0.0,0.0,0.0,,0.0,0.0,-1.881,-1.336,-1.539,1.0
JAM,1906,1.0,0.0,0.0,0.0,,0.0,0.0,-1.864,-1.32,-1.559,1.0
JAM,1911,1.0,0.0,0.0,0.0,,0.0,0.0,-1.87,-1.342,-1.544,1.0
JAM,1920,1.0,0.0,0.0,0.0,,0.0,0.0,-1.864,-1.334,-1.564,1.0
JAM,1925,1.0,0.0,0.0,0.0,,0.0,0.0,-1.842,-1.323,-0.821,1.0
JAM,1930,1.0,0.0,0.0,0.0,,0.0,0.0,-1.802,-1.318,-1.539,1.0
JAM,1935,1.0,0.0,0.0,0.0,,0.0,0.0,-1.781,-1.316,-0.811,1.0
JAM,1944,1.0,0.0,0.0,0.0,58.7,0.0,0.0,0.873,-0.497,-0.238,1.0
JAM,1949,1.0,0.0,0.0,0.0,65.16,0.0,0.0,0.877,-1.294,-0.226,1.0
JAM,1955,1.0,0.0,0.0,0.0,65.12,0.0,0.0,0.753,-0.491,0.502,1.0
JAM,1959,1.0,0.0,0.0,0.0,66.07,0.0,0.0,0.871,-0.489,-0.213,1.0
JAM,1962,1.0,0.0,0.0,0.0,72.88,2.0,0.0,0.992,-0.252,-0.221,1.0
JAM,1967,1.0,0.0,0.0,0.0,82.24,1.0,0.0,0.931,-0.272,-0.295,1.0
JAM,1972,1.0,0.0,0.0,0.0,78.88,2.0,0.0,1.39,-0.236,-0.241,1.0
JAM,1976,1.0,0.0,0.0,0.0,85.21,0.0,0.0,0.516,0.122,-0.415,1.0
JAM,1980,1.0,0.0,0.0,0.0,86.91,2.0,0.0,0.507,0.101,-0.421,1.0
JAM,1983,1.0,0.0,0.0,0.0,2.73,0.0,0.0,-0.463,0.232,-0.161,1.0
JAM,1989,1.0,0.0,0.0,0.0,78.38,2.0,0.0,1.378,0.232,-0.224,1.0
JAM,1993,1.0,0.0,0.0,0.0,67.68,0.0,0.0,1.36,0.21,0.48,1.0
JAM,1997,1.0,0.0,0.0,0.0,65.42,0.0,0.0,1.385,0.21,0.566,1.0
JAM,2002,1.0,0.0,0.0,0.0,59.06,0.0,0.0,1.376,1.149,0.656,1.0
JAM,2007,1.0,0.0,0.0,0.0,60.4,2.0,0.0,1.593,1.756,0.748,1.0
JAM,2011,1.0,0.0,0.0,0.0,53.17,1.0,0.0,1.564,1.748,0.763,1.0
JAM,2016,1.0,0.0,0.0,0.0,47.72,2.0,0.0,1.504,2.011,0.762,1.0
JAM,2020,1.0,0.0,0.0,0.0,37.36,0.0,0.0,1.444,1.865,0.713,1.0
JAM,2025,1.0,0.0,0.0,0.0,39.96,0.0,0.0,1.317,2.014,1.04,1.0
KAZ,1990,1.0,0.0,0.0,0.0,84.0,0.0,0.0,-2.106,-1.103,-0.191,1.0
KAZ,1991,0.0,0.0,1.0,0.0,88.2,0.0,0.0,-1.817,-1.202,-0.189,1.0
KAZ,1994,1.0,0.0,0.0,0.0,73.52,2.0,0.0,-0.121,-0.519,-0.589,1.0
KAZ,1995,1.0,1.0,0.0,0.0,80.73,0.0,0.0,-0.122,-0.598,-0.585,1.0
KAZ,1999,1.0,1.0,1.0,0.0,85.77,0.0,0.0,-0.439,-1.016,-1.067,1.0
KAZ,2004,1.0,1.0,0.0,0.0,56.49,0.0,0.0,-0.546,-1.131,-0.998,1.0
KAZ,2005,0.0,0.0,1.0,0.0,76.78,0.0,0.0,-0.714,-1.248,-1.078,1.0
KAZ,2007,1.0,0.0,0.0,0.0,68.41,0.0,0.0,-0.833,-1.279,-1.097,1.0
KAZ,2011,0.0,0.0,1.0,0.0,89.99,0.0,0.0,-1.086,-1.368,-1.139,1.0
KAZ,2012,1.0,0.0,0.0,0.0,75.44,0.0,0.0,-0.986,-1.368,-1.139,1.0
KAZ,2015,0.0,0.0,1.0,0.0,95.21,0.0,0.0,-1.205,-1.566,-1.104,1.0
KAZ,2016,1.0,0.0,0.0,0.0,77.1,0.0,0.0,-0.976,-1.145,-0.529,1.0
KAZ,2019,0.0,0.0,1.0,0.0,77.54,0.0,0.0,-0.909,-1.011,-1.293,1.0
KAZ,2021,1.0,0.0,0.0,0.0,63.25,0.0,0.0,-0.413,-0.987,-0.733,1.0
KAZ,2022,0.0,0.0,1.0,0.0,69.44,0.0,0.0,-0.31,-0.997,-1.222,1.0
KAZ,2023,1.0,0.0,0.0,0.0,54.15,0.0,0.0,-0.606,-0.798,-0.988,1.0
KGZ,1990,1.0,1.0,0.0,0.0,92.0,0.0,0.0,-2.982,-1.538,-0.664,1.0
KGZ,1991,0.0,0.0,1.0,0.0,89.0,0.0,0.0,-2.265,-1.203,-0.659,1.0
KGZ,1995,1.0,1.0,1.0,0.0,86.19,0.0,0.0,-1.865,-1.125,-1.04,1.0
KGZ,2000,1.0,1.0,1.0,0.0,77.26,0.0,0.0,-0.326,-1.282,-1.14,1.0
KGZ,2005,1.0,1.0,1.0,0.0,74.97,2.0,0.0,-0.95,-0.982,-1.106,1.0
KGZ,2007,1.0,0.0,0.0,0.0,75.2,2.0,0.0,-0.353,-1.425,-0.955,1.0
KGZ,2009,0.0,0.0,1.0,0.0,79.2,0.0,0.0,-0.436,-1.344,-1.153,1.0
KGZ,2010,1.0,0.0,0.0,0.0,56.59,2.0,0.0,0.611,-0.2,0.085,1.0
KGZ,2011,0.0,0.0,1.0,0.0,61.28,0.0,1.0,0.228,-0.187,-0.09,1.0
KGZ,2015,1.0,0.0,0.0,0.0,56.62,0.0,0.0,0.317,-0.428,0.181,1.0
KGZ,2017,0.0,0.0,1.0,0.0,56.32,0.0,1.0,-0.079,-0.378,-0.223,1.0
KGZ,2020,1.0,0.0,0.0,0.0,56.2,0.0,0.0,1.516,-0.855,-0.34,1.0
KGZ,2021,1.0,0.0,1.0,0.0,39.16,0.0,2.0,-0.047,-0.02,-0.157,1.0
KGZ,2025,1.0,0.0,0.0,0.0,36.9,0.0,0.0,-0.757,-0.29,-0.0,1.0
LAO,1947,1.0,0.0,0.0,0.0,,0.0,0.0,-0.734,-0.173,0.861,1.0
LAO,1951,1.0,0.0,0.0,0.0,,0.0,0.0,-0.117,-0.329,0.194,1.0
LAO,1955,1.0,0.0,0.0,0.0,75.6,0.0,0.0,0.149,0.068,-0.195,1.0
LAO,1958,1.0,0.0,0.0,0.0,85.1,0.0,0.0,0.037,-0.096,-0.174,1.0
LAO,1960,1.0,0.0,0.0,0.0,,0.0,0.0,-0.26,-1.162,-1.272,1.0
LAO,1965,1.0,0.0,0.0,0.0,,0.0,0.0,-0.258,-0.919,-0.969,1.0
LAO,1967,1.0,0.0,0.0,0.0,,0.0,0.0,-0.208,-0.903,-0.702,1.0
LAO,1972,1.0,0.0,0.0,0.0,67.76,0.0,0.0,-0.123,-0.391,-0.67,1.0
LAO,1989,1.0,0.0,0.0,0.0,98.4,0.0,0.0,-1.889,-2.779,-2.471,1.0
LAO,1992,1.0,0.0,0.0,0.0,99.26,0.0,0.0,-2.821,-2.245,-2.496,1.0
LAO,1997,1.0,0.0,0.0,0.0,99.37,0.0,0.0,-2.834,-2.251,-2.482,1.0
LAO,2002,1.0,0.0,0.0,0.0,99.9,0.0,0.0,-2.824,-2.797,-1.474,1.0
LAO,2006,1.0,0.0,0.0,0.0,99.76,0.0,0.0,-3.074,-2.658,-2.174,1.0
LAO,2011,1.0,0.0,0.0,0.0,99.69,0.0,0.0,-3.058,-3.115,-2.016,1.0
LAO,2016,1.0,0.0,0.0,0.0,97.94,0.0,0.0,-2.934,-2.859,-2.039,1.0
LAO,2021,1.0,0.0,0.0,0.0,98.02,0.0,0.0,-2.846,-2.784,-1.944,1.0
LBY,1952,1.0,0.0,0.0,0.0,,0.0,0.0,-0.642,-2.257,-2.574,1.0
LBY,1956,1.0,0.0,0.0,0.0,,0.0,0.0,-1.729,-2.01,-2.297,1.0
LBY,1960,1.0,0.0,0.0,0.0,,0.0,0.0,-1.114,-2.206,-1.979,1.0
LBY,1964,1.0,0.0,0.0,0.0,,0.0,0.0,-1.479,-2.095,-1.867,1.0
LBY,1965,1.0,0.0,0.0,0.0,,0.0,0.0,-1.343,-2.018,-1.431,1.0
LBY,2012,1.0,0.0,0.0,0.0,61.58,0.0,0.0,0.459,0.56,0.499,1.0
LBY,2014,1.0,0.0,0.0,0.0,49.7,0.0,0.0,-0.512,-0.126,-0.378,0.0
MDG,1960,1.0,0.0,0.0,0.0,,0.0,0.0,-0.575,-1.448,-0.712,1.0
MDG,1965,1.0,0.0,1.0,0.0,94.43,0.0,0.0,-1.297,-1.828,-0.693,1.0
MDG,1970,1.0,0.0,0.0,0.0,94.77,0.0,0.0,-0.562,-1.45,-0.701,1.0
MDG,1972,0.0,0.0,1.0,0.0,,0.0,0.0,-1.211,-1.954,-0.767,1.0
MDG,1975,0.0,0.0,1.0,0.0,,0.0,0.0,-1.826,-1.305,-0.737,1.0
MDG,1977,1.0,0.0,0.0,0.0,,2.0,0.0,-1.534,-1.46,-0.821,1.0
MDG,1982,0.0,0.0,1.0,0.0,86.75,0.0,0.0,-1.01,-1.971,-0.822,1.0
MDG,1983,1.0,0.0,0.0,0.0,72.75,0.0,0.0,-1.39,-1.855,-0.822,1.0
MDG,1989,1.0,0.0,1.0,0.0,81.04,0.0,0.0,-1.394,-1.865,-0.818,1.0
MDG,1992,0.0,0.0,1.0,0.0,74.67,0.0,2.0,0.817,0.284,0.38,1.0
MDG,1993,1.0,0.0,0.0,1.0,68.49,2.0,2.0,0.499,-0.115,0.549,1.0
MDG,1996,0.0,0.0,1.0,1.0,60.93,0.0,2.0,0.397,-0.184,-0.475,1.0
MDG,1998,1.0,0.0,0.0,0.0,60.13,1.0,0.0,1.572,-0.137,-0.229,1.0
MDG,2001,0.0,0.0,1.0,0.0,66.85,0.0,2.0,0.876,-0.831,-0.554,1.0
MDG,2002,1.0,0.0,0.0,0.0,67.86,0.0,0.0,0.41,-0.115,-0.484,1.0
MDG,2006,0.0,0.0,1.0,0.0,61.93,0.0,0.0,0.482,-0.312,-0.198,1.0
MDG,2007,1.0,0.0,0.0,0.0,,0.0,0.0,0.679,-0.312,-0.198,1.0
MDG,2013,1.0,0.0,1.0,1.0,61.76,0.0,2.0,0.236,-0.525,-0.611,1.0
MDG,2018,0.0,0.0,1.0,1.0,53.9,0.0,2.0,1.085,-0.267,0.089,1.0
MDG,2019,1.0,0.0,0.0,0.0,40.0,0.0,0.0,0.405,0.051,0.468,1.0
MDG,2023,0.0,0.0,1.0,0.0,46.35,0.0,0.0,0.061,-1.589,-0.829,1.0
MDG,2024,1.0,0.0,0.0,0.0,46.66,0.0,0.0,0.061,-1.589,-0.829,1.0
MDA,1990,1.0,1.0,0.0,0.0,,0.0,0.0,-1.107,-0.429,-1.003,1.0
MDA,1991,0.0,0.0,1.0,0.0,84.0,0.0,0.0,-1.289,-0.198,-0.613,1.0
MDA,1994,1.0,0.0,0.0,0.0,79.31,0.0,0.0,1.518,0.567,1.112,1.0
MDA,1996,0.0,0.0,1.0,1.0,71.64,0.0,2.0,1.373,0.602,1.11,1.0
MDA,1998,1.0,0.0,0.0,0.0,69.12,0.0,0.0,1.495,0.204,1.094,1.0
MDA,2001,1.0,0.0,0.0,0.0,69.96,2.0,0.0,1.515,0.314,0.737,1.0
MDA,2005,1.0,0.0,0.0,0.0,64.84,0.0,0.0,0.868,-0.495,-0.646,1.0
MDA,2009,1.0,0.0,0.0,0.0,60.17,2.0,0.0,0.663,-0.373,-0.47,1.0
MDA,2010,1.0,0.0,0.0,0.0,63.37,0.0,0.0,1.868,0.538,-0.074,1.0
MDA,2014,1.0,0.0,0.0,0.0,55.8,0.0,0.0,0.474,0.231,-0.189,1.0
MDA,2016,0.0,0.0,1.0,1.0,53.45,0.0,2.0,0.766,-0.266,-0.278,1.0
MDA,2019,1.0,0.0,0.0,0.0,51.98,2.0,0.0,1.649,-0.044,-0.182,1.0
MDA,2020,0.0,0.0,1.0,1.0,55.08,2.0,2.0,1.217,0.761,-0.164,1.0
MDA,2021,1.0,0.0,0.0,0.0,48.51,2.0,0.0,1.555,1.249,0.715,1.0
MDA,2024,0.0,0.0,1.0,1.0,52.0,0.0,0.0,1.084,0.049,0.369,1.0
MDA,2025,1.0,0.0,0.0,0.0,52.21,1.0,0.0,1.464,0.717,0.369,1.0
NAM,1926,1.0,0.0,0.0,0.0,,0.0,0.0,-1.455,-1.233,-1.09,1.0
NAM,1929,1.0,0.0,0.0,0.0,,0.0,0.0,-1.444,-1.24,-1.004,1.0
NAM,1934,1.0,0.0,0.0,0.0,,0.0,0.0,-1.893,-1.231,-1.004,1.0
NAM,1940,1.0,0.0,0.0,0.0,,0.0,0.0,-1.854,-1.549,-1.091,1.0
NAM,1945,1.0,0.0,0.0,0.0,,0.0,0.0,-1.459,-1.552,-1.096,1.0
NAM,1950,1.0,0.0,0.0,0.0,,0.0,0.0,-1.457,-1.418,-1.006,1.0
NAM,1955,1.0,0.0,0.0,0.0,,0.0,0.0,-1.458,-1.421,-1.105,1.0
NAM,1961,1.0,0.0,0.0,0.0,,0.0,0.0,-1.547,-1.402,-1.089,1.0
NAM,1965,1.0,0.0,0.0,0.0,,0.0,0.0,-1.454,-1.402,-0.467,1.0
NAM,1970,1.0,0.0,0.0,0.0,,0.0,0.0,-1.453,-1.401,-1.007,1.0
NAM,1974,1.0,0.0,0.0,0.0,,0.0,0.0,-1.462,-1.417,-0.997,1.0
NAM,1978,1.0,0.0,0.0,0.0,80.2,0.0,0.0,-1.447,-1.418,-1.099,1.0
NAM,1989,1.0,0.0,0.0,0.0,97.04,0.0,0.0,1.337,-0.472,-0.112,1.0
NAM,1994,1.0,0.0,1.0,0.0,74.18,0.0,0.0,1.382,0.772,0.873,1.0
NAM,1999,1.0,0.0,1.0,0.0,62.06,0.0,0.0,1.344,0.673,0.739,1.0
NAM,2004,1.0,0.0,1.0,0.0,85.47,0.0,1.0,1.363,0.665,0.597,1.0
NAM,2009,1.0,0.0,1.0,0.0,,0.0,0.0,1.587,0.455,0.141,1.0
NAM,2014,1.0,0.0,1.0,0.0,71.76,1.0,1.0,1.529,0.803,0.776,1.0
NAM,2019,1.0,0.0,1.0,0.0,60.38,0.0,0.0,1.434,-0.264,0.138,1.0
NAM,2024,1.0,0.0,1.0,0.0,76.86,0.0,0.0,1.399,-0.48,0.124,1.0
PSE,1996,1.0,0.0,1.0,0.0,72.05,0.0,0.0,-0.539,0.265,1.24,1.0
PSE,2005,0.0,0.0,1.0,0.0,45.56,0.0,1.0,0.451,0.455,0.404,1.0
PSE,2006,1.0,0.0,0.0,0.0,77.7,2.0,0.0,0.545,0.471,0.42,1.0
RWA,1961,1.0,0.0,0.0,0.0,95.6,0.0,0.0,0.118,0.072,-0.339,1.0
RWA,1965,1.0,0.0,1.0,0.0,87.6,0.0,0.0,-1.028,-0.303,-0.51,1.0
RWA,1969,1.0,0.0,1.0,0.0,90.9,0.0,0.0,-1.171,-0.175,-0.072,1.0
RWA,1978,0.0,0.0,1.0,0.0,,0.0,0.0,-3.05,-2.752,0.199,1.0
RWA,1981,1.0,0.0,0.0,0.0,96.47,0.0,0.0,-3.192,-1.571,0.438,1.0
RWA,1983,1.0,0.0,1.0,0.0,,0.0,0.0,-3.192,-2.067,0.531,1.0
RWA,1988,1.0,0.0,1.0,0.0,98.5,0.0,0.0,-3.18,-1.421,0.312,1.0
RWA,2003,1.0,0.0,1.0,0.0,96.5,0.0,0.0,-1.042,-1.508,-1.664,1.0
RWA,2008,1.0,0.0,0.0,0.0,98.5,0.0,0.0,-0.668,-0.997,-1.493,1.0
RWA,2010,0.0,0.0,1.0,0.0,97.51,0.0,0.0,-0.455,-1.018,-1.74,1.0
RWA,2013,1.0,0.0,0.0,0.0,98.8,0.0,0.0,-0.846,-1.127,-1.392,1.0
RWA,2017,0.0,0.0,1.0,0.0,98.15,1.0,0.0,-0.592,-1.089,-1.283,1.0
RWA,2018,1.0,0.0,0.0,0.0,93.04,0.0,0.0,-0.554,-1.092,-1.276,1.0
RWA,2024,1.0,0.0,1.0,0.0,98.2,0.0,0.0,-0.839,-1.174,-1.102,1.0
SOM,1956,1.0,0.0,0.0,0.0,69.12,2.0,0.0,-1.03,-0.211,-0.375,1.0
SOM,1959,1.0,0.0,0.0,0.0,,0.0,0.0,-0.105,-0.343,-0.455,1.0
SOM,1960,1.0,0.0,0.0,0.0,,,,-0.105,-0.343,0.267,1.0
SOM,1964,1.0,0.0,0.0,0.0,,1.0,0.0,0.427,-0.164,-0.392,1.0
SOM,1969,1.0,0.0,0.0,0.0,,0.0,0.0,-0.507,-0.938,-1.112,1.0
SOM,1979,1.0,0.0,0.0,0.0,,0.0,0.0,-2.29,-2.687,-2.69,1.0
SOM,1984,1.0,0.0,0.0,0.0,99.86,0.0,0.0,-3.059,-2.701,-3.105,1.0
SOM,1986,0.0,0.0,1.0,0.0,,0.0,0.0,-3.068,-2.692,-3.11,1.0
LKA,1911,1.0,0.0,0.0,0.0,,0.0,0.0,-2.72,1.38,1.597,1.0
LKA,1921,1.0,0.0,0.0,0.0,,0.0,0.0,-2.38,1.367,1.596,1.0
LKA,1924,1.0,0.0,0.0,0.0,,0.0,0.0,-2.377,1.333,1.599,1.0
LKA,1931,1.0,0.0,0.0,0.0,,0.0,0.0,-0.979,1.4,1.598,1.0
LKA,1936,1.0,0.0,0.0,0.0,,0.0,0.0,-1.088,1.379,1.588,1.0
LKA,1947,1.0,0.0,0.0,0.0,55.81,2.0,0.0,1.376,1.557,1.843,1.0
LKA,1952,1.0,0.0,0.0,0.0,70.7,0.0,0.0,0.7,1.752,0.599,1.0
LKA,1956,1.0,0.0,0.0,0.0,69.04,2.0,0.0,1.383,1.76,0.592,1.0
LKA,1960,1.0,0.0,0.0,0.0,75.9,2.0,0.0,0.697,1.735,0.595,1.0
LKA,1965,1.0,0.0,0.0,0.0,81.13,2.0,0.0,0.71,1.789,0.599,1.0
LKA,1970,1.0,0.0,0.0,0.0,84.88,2.0,0.0,0.699,1.243,0.567,1.0
LKA,1977,1.0,0.0,0.0,0.0,86.69,2.0,0.0,0.692,0.761,0.27,1.0
LKA,1982,0.0,0.0,1.0,0.0,81.06,0.0,0.0,0.197,0.477,-0.269,1.0
LKA,1988,0.0,0.0,1.0,0.0,55.32,0.0,1.0,0.777,0.08,-0.509,1.0
LKA,1989,1.0,0.0,0.0,0.0,63.59,1.0,0.0,0.566,0.098,-0.509,1.0
LKA,1994,1.0,0.0,1.0,0.0,76.24,2.0,2.0,0.781,1.128,0.206,1.0
LKA,1999,0.0,0.0,1.0,0.0,73.31,0.0,0.0,1.406,0.192,-0.11,1.0
LKA,2000,1.0,0.0,0.0,0.0,75.63,0.0,0.0,0.777,0.441,-0.339,1.0
LKA,2001,1.0,0.0,0.0,0.0,76.03,2.0,0.0,1.292,0.813,0.267,1.0
LKA,2004,1.0,0.0,0.0,0.0,75.96,2.0,0.0,1.368,0.605,-0.103,1.0
LKA,2005,0.0,0.0,1.0,0.0,72.91,0.0,1.0,0.609,-0.105,-0.548,1.0
LKA,2010,1.0,0.0,1.0,0.0,74.5,1.0,0.0,0.055,-0.099,-1.095,1.0
LKA,2015,1.0,0.0,1.0,0.0,81.52,2.0,2.0,0.364,0.626,-0.67,1.0
LKA,2019,0.0,0.0,1.0,0.0,83.72,2.0,2.0,0.587,2.099,1.352,1.0
LKA,2020,1.0,0.0,0.0,0.0,75.89,0.0,0.0,0.587,1.482,1.087,1.0
LKA,2024,1.0,0.0,1.0,0.0,75.0,2.0,2.0,1.453,2.057,1.719,1.0
SWZ,1964,1.0,0.0,0.0,0.0,52.5,0.0,0.0,0.886,0.369,-0.558,1.0
SWZ,1967,1.0,0.0,0.0,0.0,79.8,1.0,0.0,0.539,0.512,-0.286,1.0
SWZ,1972,1.0,0.0,0.0,0.0,74.0,0.0,0.0,0.975,0.674,-0.154,1.0
SWZ,1978,1.0,0.0,0.0,0.0,,0.0,0.0,-2.615,-1.869,-1.35,1.0
SWZ,1983,1.0,0.0,0.0,0.0,,2.0,0.0,-2.611,-1.887,-1.356,1.0
SWZ,1987,1.0,0.0,0.0,0.0,,0.0,0.0,-2.625,-1.901,-1.276,1.0
SWZ,1993,1.0,1.0,0.0,0.0,,2.0,0.0,-2.669,-2.159,-1.352,1.0
SWZ,1998,1.0,0.0,0.0,0.0,,0.0,0.0,-2.653,-1.902,-1.181,1.0
SWZ,2003,1.0,0.0,0.0,0.0,,2.0,0.0,-2.68,-1.866,-1.172,1.0
SWZ,2008,1.0,0.0,0.0,0.0,,2.0,0.0,-2.659,-1.646,-1.48,1.0
SWZ,2013,1.0,0.0,0.0,0.0,,0.0,0.0,-2.752,-1.557,-1.314,1.0
SWZ,2018,1.0,0.0,0.0,0.0,60.5,0.0,0.0,-2.666,-1.471,-0.235,1.0
SWZ,2023,1.0,0.0,0.0,0.0,,0.0,0.0,-3.072,-1.027,0.07,1.0
TJK,1990,1.0,0.0,0.0,0.0,,0.0,0.0,-1.71,-0.332,-0.002,1.0
TJK,1991,0.0,0.0,1.0,0.0,84.6,0.0,1.0,-1.139,-0.136,0.337,1.0
TJK,1994,0.0,0.0,1.0,0.0,88.33,0.0,2.0,-0.482,-1.709,-1.339,1.0
TJK,1995,1.0,1.0,0.0,0.0,84.0,0.0,0.0,-0.482,-1.709,-1.339,1.0
TJK,1999,0.0,0.0,1.0,0.0,98.9,0.0,0.0,-0.429,-1.284,-1.25,1.0
TJK,2000,1.0,1.0,0.0,0.0,93.36,0.0,0.0,-0.429,-1.233,-1.25,1.0
TJK,2005,1.0,1.0,0.0,0.0,93.23,0.0,0.0,-0.57,-1.454,-1.124,1.0
TJK,2006,0.0,0.0,1.0,0.0,91.01,0.0,0.0,-0.661,-1.298,-1.026,1.0
TJK,2010,1.0,1.0,0.0,0.0,90.84,0.0,0.0,-0.656,-1.35,-1.28,1.0
TJK,2013,0.0,0.0,1.0,0.0,90.16,0.0,0.0,-0.894,-1.873,-1.53,1.0
TJK,2015,1.0,0.0,0.0,0.0,82.0,0.0,0.0,-0.891,-2.516,-1.764,1.0
TJK,2020,1.0,0.0,1.0,0.0,86.44,0.0,0.0,-0.841,-1.971,-1.675,1.0
TJK,2025,1.0,0.0,0.0,0.0,85.35,0.0,0.0,-1.399,-2.037,-2.789,1.0
TGO,1946,1.0,0.0,0.0,0.0,,0.0,0.0,-1.223,0.05,-0.646,1.0
TGO,1952,1.0,0.0,0.0,0.0,82.3,0.0,0.0,-0.564,0.156,-0.981,1.0
TGO,1955,1.0,0.0,0.0,0.0,,,,-0.564,0.156,-0.981,1.0
TGO,1958,1.0,0.0,0.0,0.0,64.9,2.0,0.0,-0.201,0.3,-0.966,1.0
TGO,1961,1.0,0.0,1.0,0.0,90.0,0.0,0.0,-0.616,-0.385,-0.866,1.0
TGO,1963,1.0,0.0,1.0,0.0,91.1,0.0,0.0,-0.66,-0.291,-0.84,1.0
TGO,1979,1.0,0.0,1.0,0.0,99.5,0.0,0.0,-2.326,-2.409,-3.468,1.0
TGO,1985,1.0,0.0,0.0,0.0,78.62,0.0,0.0,-2.33,-2.418,-3.446,1.0
TGO,1986,0.0,0.0,1.0,0.0,99.0,0.0,0.0,-2.327,-2.395,-3.446,1.0
TGO,1990,1.0,1.0,0.0,0.0,,0.0,0.0,-2.314,-2.398,-1.979,1.0
TGO,1993,0.0,0.0,1.0,0.0,36.1,0.0,0.0,-0.269,-1.324,-0.956,1.0
TGO,1994,1.0,1.0,0.0,0.0,65.12,0.0,0.0,-0.133,-0.524,-0.271,1.0
TGO,1998,0.0,0.0,1.0,0.0,69.81,0.0,0.0,-0.693,-1.657,-1.232,1.0
TGO,1999,1.0,0.0,0.0,0.0,,2.0,0.0,-0.84,-1.463,-0.986,1.0
TGO,2002,1.0,0.0,0.0,0.0,67.43,0.0,0.0,-0.746,-1.461,-0.969,1.0
TGO,2003,0.0,0.0,1.0,0.0,71.99,0.0,0.0,-0.132,-1.655,-1.111,1.0
TGO,2005,0.0,0.0,1.0,0.0,63.58,0.0,1.0,0.791,-1.612,-1.464,1.0
TGO,2007,1.0,0.0,0.0,0.0,84.92,2.0,0.0,0.57,-0.092,-0.441,1.0
TGO,2010,0.0,0.0,1.0,0.0,64.68,0.0,0.0,0.846,-0.545,-0.292,1.0
TGO,2013,1.0,0.0,0.0,0.0,66.06,0.0,0.0,1.524,-0.391,-0.373,1.0
TGO,2015,0.0,0.0,1.0,0.0,60.94,0.0,0.0,1.508,-0.297,-0.188,1.0
TGO,2018,1.0,0.0,0.0,0.0,59.25,0.0,0.0,-0.588,-0.308,-1.018,1.0
TGO,2020,0.0,0.0,1.0,0.0,92.28,0.0,0.0,0.799,-0.306,-0.864,1.0
TGO,2024,1.0,0.0,0.0,0.0,61.0,0.0,0.0,0.069,-0.341,-0.998,1.0
TTO,1925,1.0,0.0,0.0,0.0,,0.0,0.0,-1.141,0.586,1.707,1.0
TTO,1928,1.0,0.0,0.0,0.0,,0.0,0.0,-1.158,0.611,1.672,1.0
TTO,1933,1.0,0.0,0.0,0.0,,0.0,0.0,-1.243,1.072,1.682,1.0
TTO,1938,1.0,0.0,0.0,0.0,,0.0,0.0,-0.791,1.071,1.68,1.0
TTO,1946,1.0,0.0,0.0,0.0,52.9,0.0,0.0,-0.307,1.068,1.434,1.0
TTO,1950,1.0,0.0,0.0,0.0,70.09,0.0,0.0,0.346,1.08,1.693,1.0
TTO,1956,1.0,0.0,0.0,0.0,80.09,2.0,0.0,1.317,0.915,0.451,1.0
TTO,1961,1.0,0.0,0.0,0.0,88.11,0.0,0.0,1.344,-0.198,0.175,1.0
TTO,1966,1.0,0.0,0.0,0.0,65.79,0.0,0.0,1.303,0.644,0.355,1.0
TTO,1971,1.0,0.0,0.0,0.0,33.17,0.0,0.0,-0.179,-0.192,0.484,1.0
TTO,1976,1.0,0.0,0.0,0.0,55.83,0.0,0.0,1.341,0.768,0.581,1.0
TTO,1981,1.0,0.0,0.0,0.0,56.43,0.0,0.0,1.317,0.639,0.871,1.0
TTO,1986,1.0,0.0,0.0,0.0,65.45,2.0,0.0,1.307,1.349,0.861,1.0
TTO,1991,1.0,0.0,0.0,0.0,65.76,2.0,0.0,1.319,1.096,1.133,1.0
TTO,1995,1.0,0.0,0.0,0.0,63.3,2.0,0.0,1.317,1.391,1.116,1.0
TTO,2000,1.0,0.0,0.0,0.0,63.05,2.0,0.0,1.338,0.941,1.333,1.0
TTO,2001,1.0,0.0,0.0,0.0,66.13,2.0,0.0,1.338,0.162,1.749,1.0
TTO,2002,1.0,0.0,0.0,0.0,69.64,0.0,0.0,1.338,0.532,1.749,1.0
TTO,2007,1.0,0.0,0.0,0.0,66.03,0.0,0.0,1.373,1.732,1.349,1.0
TTO,2010,1.0,0.0,0.0,0.0,69.45,2.0,0.0,1.382,1.368,1.546,1.0
TTO,2015,1.0,0.0,0.0,0.0,66.84,2.0,0.0,1.334,2.034,1.204,1.0
TTO,2020,1.0,0.0,0.0,0.0,58.04,0.0,0.0,1.317,1.282,1.126,1.0
TTO,2025,1.0,0.0,0.0,0.0,53.92,2.0,0.0,1.121,2.191,1.509,1.0
TKM,1990,1.0,0.0,1.0,0.0,96.7,0.0,0.0,-2.545,-1.821,-1.56,1.0
TKM,1992,0.0,0.0,1.0,0.0,99.8,0.0,0.0,-3.365,-2.877,-2.423,1.0
TKM,1994,1.0,0.0,0.0,0.0,99.77,0.0,0.0,-3.374,-2.893,-2.397,1.0
TKM,1998,1.0,0.0,0.0,0.0,,0.0,0.0,-3.349,-2.873,-2.432,1.0
TKM,1999,1.0,0.0,0.0,0.0,99.6,0.0,0.0,-3.381,-2.869,-2.395,1.0
TKM,2004,1.0,0.0,0.0,0.0,76.88,0.0,0.0,-3.312,-2.968,-2.561,1.0
TKM,2005,0.0,1.0,0.0,0.0,,0.0,0.0,-3.312,-2.968,-2.561,1.0
TKM,2007,0.0,0.0,1.0,0.0,98.72,0.0,0.0,-2.305,-2.96,-2.584,1.0
TKM,2008,1.0,1.0,0.0,0.0,93.87,0.0,0.0,-2.493,-2.981,-2.571,1.0
TKM,2012,0.0,0.0,1.0,0.0,96.7,0.0,0.0,-2.213,-2.964,-2.573,1.0
TKM,2013,1.0,0.0,0.0,0.0,91.33,0.0,0.0,-2.748,-2.899,-2.41,1.0
TKM,2017,0.0,0.0,1.0,0.0,97.28,0.0,0.0,-2.31,-2.927,-2.089,1.0
TKM,2018,1.0,0.0,0.0,0.0,91.69,0.0,0.0,-2.321,-2.911,-2.387,1.0
TKM,2022,0.0,0.0,1.0,0.0,97.17,1.0,1.0,-2.492,-2.809,-2.122,1.0
TKM,2023,1.0,0.0,0.0,0.0,91.12,0.0,0.0,-2.052,-2.804,-2.049,1.0
DDR,1950,1.0,0.0,0.0,0.0,98.5,0.0,0.0,-2.706,-2.518,-2.059,1.0
DDR,1954,1.0,0.0,0.0,0.0,98.5,0.0,0.0,-2.724,-2.519,-2.719,1.0
DDR,1958,1.0,0.0,0.0,0.0,99.2,0.0,0.0,-2.729,-2.503,-2.714,1.0
DDR,1963,1.0,0.0,0.0,0.0,,0.0,0.0,-2.724,-2.507,-2.722,1.0
DDR,1967,1.0,0.0,0.0,0.0,,0.0,0.0,-2.734,-2.502,-2.725,1.0
DDR,1971,1.0,0.0,0.0,0.0,,0.0,0.0,-2.725,-2.509,-2.732,1.0
DDR,1976,1.0,0.0,0.0,0.0,,0.0,0.0,-2.696,-2.538,-2.714,1.0
DDR,1981,1.0,0.0,0.0,0.0,,0.0,0.0,-2.712,-2.516,-2.714,1.0
DDR,1986,1.0,0.0,0.0,0.0,,0.0,0.0,-2.708,-2.47,-1.393,1.0
DDR,1990,1.0,0.0,0.0,0.0,93.4,2.0,0.0,-0.003,0.97,1.82,1.0
SML,1959,1.0,0.0,0.0,0.0,,,,,,,0.0
SML,2003,0.0,0.0,1.0,0.0,,0.0,0.0,1.234,0.258,-0.068,1.0
SML,2005,1.0,0.0,0.0,0.0,,0.0,0.0,0.202,0.212,0.085,1.0
SML,2010,0.0,0.0,1.0,0.0,50.31,2.0,2.0,0.999,0.317,0.884,1.0
SML,2017,0.0,0.0,1.0,0.0,80.32,2.0,2.0,0.844,0.677,0.064,1.0
SML,2021,1.0,0.0,0.0,0.0,65.31,0.0,0.0,0.764,0.596,0.505,1.0
SML,2024,0.0,0.0,1.0,0.0,53.0,2.0,2.0,1.43,0.81,0.909,1.0
UZB,1990,1.0,0.0,0.0,0.0,93.5,0.0,0.0,-2.642,-1.424,-0.615,1.0
UZB,1991,0.0,0.0,1.0,0.0,94.0,0.0,0.0,-0.899,-1.298,-0.414,1.0
UZB,1994,1.0,0.0,0.0,0.0,,0.0,0.0,-1.729,-2.465,-2.475,1.0
UZB,1995,0.0,1.0,0.0,0.0,93.58,0.0,0.0,-1.729,-2.465,-2.475,1.0
UZB,1999,1.0,1.0,0.0,0.0,93.46,0.0,0.0,-2.194,-2.475,-2.46,1.0
UZB,2000,0.0,0.0,1.0,0.0,,0.0,0.0,-2.194,-2.691,-2.46,1.0
UZB,2004,1.0,0.0,0.0,0.0,85.1,0.0,0.0,-1.774,-2.506,-1.978,1.0
UZB,2005,0.0,1.0,0.0,0.0,,0.0,0.0,-1.774,-2.506,-1.978,1.0
UZB,2007,0.0,0.0,1.0,0.0,90.6,0.0,0.0,-2.173,-2.261,-1.908,1.0
UZB,2009,1.0,0.0,0.0,0.0,88.0,0.0,0.0,-2.171,-2.154,-1.914,1.0
UZB,2010,0.0,1.0,0.0,0.0,87.76,0.0,0.0,-2.171,-2.154,-1.914,1.0
UZB,2014,1.0,0.0,0.0,0.0,88.51,0.0,0.0,-2.484,-1.939,-1.993,1.0
UZB,2015,0.0,1.0,1.0,0.0,91.08,0.0,0.0,-2.927,-2.011,-1.993,1.0
UZB,2016,0.0,0.0,1.0,0.0,87.73,1.0,1.0,-2.076,-1.42,-1.626,1.0
UZB,2019,1.0,0.0,0.0,0.0,67.8,0.0,0.0,-2.231,-1.15,-1.049,1.0
UZB,2020,0.0,1.0,0.0,0.0,62.85,0.0,0.0,-2.526,-1.465,-1.694,1.0
UZB,2021,0.0,0.0,1.0,0.0,80.42,0.0,0.0,-2.519,-0.736,-1.689,1.0
UZB,2023,0.0,0.0,1.0,0.0,79.88,0.0,0.0,-2.521,-0.838,-1.691,1.0
UZB,2024,1.0,0.0,0.0,0.0,75.35,0.0,0.0,-2.046,-0.675,-1.712,1.0
AUT,1900,1.0,0.0,0.0,0.0,,,,-0.292,1.553,-0.402,1.0
AUT,1907,1.0,0.0,0.0,0.0,84.6,,,1.08,-0.616,-0.394,1.0
AUT,1911,1.0,0.0,0.0,0.0,80.2,,,1.073,-0.627,-0.397,1.0
AUT,1920,1.0,0.0,0.0,0.0,80.3,0.0,0.0,1.331,1.842,0.361,1.0
AUT,1923,1.0,0.0,0.0,0.0,87.0,0.0,0.0,1.294,1.81,0.04,1.0
AUT,1927,1.0,0.0,0.0,0.0,89.3,0.0,0.0,1.295,1.835,0.035,1.0
AUT,1930,1.0,0.0,0.0,0.0,90.2,1.0,0.0,1.29,0.729,-0.14,1.0
AUT,1945,1.0,0.0,0.0,0.0,94.31,0.0,0.0,1.248,1.702,1.505,1.0
AUT,1949,1.0,0.0,0.0,0.0,96.78,0.0,0.0,1.254,1.694,1.521,1.0
AUT,1951,0.0,0.0,1.0,1.0,96.89,0.0,2.0,1.238,1.713,1.488,1.0
AUT,1953,1.0,0.0,0.0,0.0,95.83,1.0,0.0,1.247,1.733,1.527,1.0
AUT,1956,1.0,0.0,0.0,0.0,95.95,0.0,0.0,1.235,1.694,1.51,1.0
AUT,1957,0.0,0.0,1.0,0.0,97.16,0.0,2.0,1.235,1.694,1.51,1.0
AUT,1959,1.0,0.0,0.0,0.0,94.21,0.0,0.0,1.273,1.7,1.524,1.0
AUT,1962,1.0,0.0,0.0,0.0,93.77,0.0,0.0,1.264,1.698,1.481,1.0
AUT,1963,0.0,0.0,1.0,0.0,95.58,0.0,0.0,1.264,1.698,1.481,1.0
AUT,1965,0.0,0.0,1.0,0.0,95.99,0.0,0.0,1.241,1.668,1.496,1.0
AUT,1966,1.0,0.0,0.0,0.0,93.8,0.0,0.0,1.241,1.668,1.496,1.0
AUT,1970,1.0,0.0,0.0,0.0,91.78,2.0,0.0,1.228,1.702,1.495,1.0
AUT,1971,1.0,0.0,1.0,0.0,95.29,0.0,0.0,1.236,1.7,1.521,1.0
AUT,1974,0.0,0.0,1.0,0.0,94.06,0.0,1.0,1.242,1.702,1.522,1.0
AUT,1975,1.0,0.0,0.0,0.0,92.9,0.0,0.0,1.239,1.691,1.532,1.0
AUT,1979,1.0,0.0,0.0,0.0,92.24,0.0,0.0,1.262,1.692,1.508,1.0
AUT,1980,0.0,0.0,1.0,0.0,91.63,0.0,0.0,1.241,1.678,1.542,1.0
AUT,1983,1.0,0.0,0.0,0.0,92.59,1.0,0.0,1.237,1.685,1.524,1.0
AUT,1986,1.0,0.0,1.0,1.0,90.46,0.0,2.0,1.2,1.715,1.52,1.0
AUT,1990,1.0,0.0,0.0,0.0,86.14,0.0,0.0,1.251,1.662,1.487,1.0
AUT,1992,0.0,0.0,1.0,1.0,84.4,0.0,1.0,1.244,1.688,1.521,1.0
AUT,1994,1.0,0.0,0.0,0.0,82.46,0.0,0.0,1.246,1.718,1.507,1.0
AUT,1995,1.0,0.0,0.0,0.0,85.98,0.0,0.0,1.223,1.696,1.491,1.0
AUT,1998,0.0,0.0,1.0,0.0,74.4,0.0,0.0,1.259,1.712,1.502,1.0
AUT,1999,1.0,0.0,0.0,0.0,80.42,2.0,0.0,1.226,1.695,1.509,1.0
AUT,2002,1.0,0.0,0.0,0.0,84.27,0.0,0.0,1.254,1.716,1.498,1.0
AUT,2004,0.0,0.0,1.0,0.0,71.6,0.0,2.0,1.253,1.7,1.503,1.0
AUT,2006,1.0,0.0,0.0,0.0,78.46,2.0,0.0,1.517,1.968,1.855,1.0
AUT,2008,1.0,0.0,0.0,0.0,78.81,1.0,0.0,1.539,1.99,1.828,1.0
AUT,2010,0.0,0.0,1.0,0.0,53.57,0.0,0.0,1.54,1.962,1.845,1.0
AUT,2013,1.0,0.0,0.0,0.0,74.91,0.0,0.0,1.54,1.963,1.815,1.0
AUT,2016,0.0,0.0,1.0,1.0,74.21,0.0,2.0,1.549,0.939,1.845,1.0
AUT,2017,1.0,0.0,0.0,0.0,80.0,2.0,0.0,1.549,1.992,1.845,1.0
AUT,2019,1.0,0.0,0.0,0.0,75.59,2.0,0.0,1.468,1.857,1.745,1.0
AUT,2022,0.0,0.0,1.0,0.0,65.19,0.0,0.0,1.443,1.809,1.746,1.0
AUT,2024,1.0,0.0,0.0,0.0,76.25,0.0,0.0,1.392,1.797,1.729,1.0
BHR,1973,1.0,0.0,0.0,0.0,78.4,0.0,0.0,-0.745,0.12,0.511,1.0
BHR,2002,1.0,0.0,0.0,0.0,53.0,0.0,0.0,-0.16,-0.508,0.128,1.0
BHR,2006,1.0,1.0,0.0,0.0,73.6,0.0,0.0,-0.331,-0.39,-0.108,1.0
BHR,2010,1.0,1.0,0.0,0.0,67.0,0.0,0.0,-0.076,-0.498,-0.547,1.0
BHR,2014,1.0,1.0,0.0,0.0,52.6,0.0,0.0,-0.535,-1.356,-0.84,1.0
BHR,2018,1.0,1.0,0.0,0.0,65.34,0.0,0.0,-0.735,-1.569,-1.391,1.0
BHR,2022,1.0,1.0,0.0,0.0,73.0,0.0,0.0,-0.18,-1.348,-1.029,1.0
BRB,1951,1.0,0.0,0.0,0.0,64.65,0.0,0.0,0.842,1.588,1.214,1.0
BRB,1956,1.0,0.0,0.0,0.0,60.29,0.0,0.0,0.015,1.613,1.209,1.0
BRB,1961,1.0,0.0,0.0,0.0,61.32,2.0,0.0,1.101,1.615,1.231,1.0
BRB,1966,1.0,0.0,0.0,0.0,79.27,0.0,0.0,1.048,1.587,1.226,1.0
BRB,1971,1.0,0.0,0.0,0.0,81.62,0.0,0.0,1.098,1.603,1.201,1.0
BRB,1976,1.0,0.0,0.0,0.0,74.09,2.0,0.0,1.075,1.616,1.221,1.0
BRB,1981,1.0,0.0,0.0,0.0,71.58,0.0,0.0,1.078,1.598,1.213,1.0
BRB,1986,1.0,0.0,0.0,0.0,76.7,2.0,0.0,1.075,1.608,1.225,1.0
BRB,1991,1.0,0.0,0.0,0.0,63.72,0.0,0.0,1.092,1.602,1.218,1.0
BRB,1994,1.0,0.0,0.0,0.0,60.25,2.0,0.0,1.101,1.607,1.188,1.0
BRB,1999,1.0,0.0,0.0,0.0,63.1,0.0,0.0,1.071,1.597,1.424,1.0
BRB,2003,1.0,0.0,0.0,0.0,56.88,0.0,0.0,1.102,1.596,1.394,1.0
BRB,2008,1.0,0.0,0.0,0.0,63.54,2.0,0.0,1.399,1.646,1.775,1.0
BRB,2013,1.0,0.0,0.0,0.0,65.05,0.0,0.0,1.352,1.703,1.75,1.0
BRB,2018,1.0,0.0,0.0,0.0,60.29,2.0,0.0,1.369,2.038,1.745,1.0
BRB,2022,1.0,0.0,0.0,0.0,41.73,0.0,0.0,1.312,1.91,1.676,1.0
BEL,1900,1.0,0.0,0.0,0.0,,0.0,0.0,1.345,1.289,0.973,1.0
BEL,1902,1.0,0.0,0.0,0.0,95.7,0.0,0.0,1.332,1.289,0.975,1.0
BEL,1904,1.0,0.0,0.0,0.0,,0.0,0.0,1.308,1.29,0.971,1.0
BEL,1906,1.0,0.0,0.0,0.0,,0.0,0.0,1.306,1.287,0.978,1.0
BEL,1908,1.0,0.0,0.0,0.0,,0.0,0.0,1.333,1.294,0.965,1.0
BEL,1910,1.0,0.0,0.0,0.0,,0.0,0.0,1.308,1.282,0.963,1.0
BEL,1912,1.0,0.0,0.0,0.0,,0.0,0.0,1.324,1.274,0.954,1.0
BEL,1914,1.0,0.0,0.0,0.0,,0.0,0.0,1.362,1.274,0.966,1.0
BEL,1919,1.0,0.0,0.0,0.0,,0.0,0.0,1.344,1.287,1.461,1.0
BEL,1921,1.0,0.0,0.0,0.0,91.1,1.0,0.0,1.312,1.267,1.382,1.0
BEL,1925,1.0,0.0,0.0,0.0,92.8,1.0,0.0,1.284,1.265,1.416,1.0
BEL,1929,1.0,0.0,0.0,0.0,94.0,0.0,0.0,1.261,1.278,1.38,1.0
BEL,1932,1.0,0.0,0.0,0.0,94.3,1.0,0.0,1.311,1.271,1.393,1.0
BEL,1936,1.0,0.0,0.0,0.0,94.7,0.0,0.0,1.309,1.281,1.163,1.0
BEL,1939,1.0,0.0,0.0,0.0,93.3,0.0,0.0,1.29,1.272,1.151,1.0
BEL,1946,1.0,0.0,0.0,0.0,90.3,1.0,0.0,1.302,1.798,1.153,1.0
BEL,1949,1.0,0.0,0.0,0.0,94.41,2.0,0.0,1.363,1.796,1.151,1.0
BEL,1950,1.0,0.0,0.0,0.0,92.62,1.0,0.0,1.363,1.796,1.386,1.0
BEL,1954,1.0,0.0,0.0,0.0,93.18,2.0,0.0,1.316,1.849,1.783,1.0
BEL,1958,1.0,0.0,0.0,0.0,93.62,2.0,0.0,1.319,1.842,1.798,1.0
BEL,1961,1.0,0.0,0.0,0.0,92.34,1.0,0.0,1.345,1.84,1.845,1.0
BEL,1965,1.0,0.0,0.0,0.0,91.58,1.0,0.0,1.346,1.828,1.842,1.0
BEL,1968,1.0,0.0,0.0,0.0,90.02,1.0,0.0,1.339,1.859,1.867,1.0
BEL,1971,1.0,0.0,0.0,0.0,91.55,0.0,0.0,1.356,1.818,1.837,1.0
BEL,1974,1.0,0.0,0.0,0.0,90.35,2.0,0.0,1.306,1.846,1.761,1.0
BEL,1977,1.0,0.0,0.0,0.0,95.07,0.0,0.0,1.316,1.829,1.848,1.0
BEL,1978,1.0,0.0,0.0,0.0,94.87,0.0,0.0,1.321,1.827,1.829,1.0
BEL,1981,1.0,0.0,0.0,0.0,94.56,1.0,0.0,1.325,1.816,1.828,1.0
BEL,1985,1.0,0.0,0.0,0.0,93.59,0.0,0.0,1.365,1.835,1.853,1.0
BEL,1987,1.0,0.0,0.0,0.0,93.38,0.0,0.0,1.327,1.815,1.799,1.0
BEL,1991,1.0,0.0,0.0,0.0,92.71,0.0,0.0,1.311,1.774,1.808,1.0
BEL,1995,1.0,0.0,0.0,0.0,91.15,0.0,0.0,1.309,1.827,1.825,1.0
BEL,1999,1.0,0.0,0.0,0.0,90.57,2.0,0.0,1.321,1.83,1.844,1.0
BEL,2003,1.0,0.0,0.0,0.0,91.63,0.0,0.0,1.286,1.85,1.867,1.0
BEL,2007,1.0,0.0,0.0,0.0,91.08,0.0,0.0,1.583,2.247,2.125,1.0
BEL,2010,1.0,0.0,0.0,0.0,89.22,2.0,0.0,1.589,2.245,2.068,1.0
BEL,2014,1.0,0.0,0.0,0.0,89.37,2.0,0.0,1.56,2.263,2.028,1.0
BEL,2019,1.0,0.0,0.0,0.0,88.38,2.0,0.0,1.486,2.166,1.962,1.0
BEL,2024,1.0,0.0,0.0,0.0,87.42,2.0,0.0,1.409,2.07,1.859,1.0
BIH,1996,1.0,0.0,1.0,0.0,60.32,0.0,0.0,1.343,1.236,-0.302,1.0
BIH,1998,1.0,0.0,1.0,0.0,70.74,0.0,2.0,1.322,1.457,1.042,1.0
BIH,2000,1.0,0.0,0.0,0.0,63.7,0.0,0.0,1.305,1.469,1.271,1.0
BIH,2002,1.0,0.0,1.0,0.0,55.45,0.0,2.0,1.333,1.438,1.264,1.0
BIH,2006,1.0,0.0,1.0,0.0,50.51,0.0,2.0,1.685,0.23,-0.069,1.0
BIH,2010,1.0,0.0,1.0,0.0,56.46,2.0,2.0,1.479,0.166,-0.067,1.0
BIH,2014,1.0,0.0,1.0,0.0,54.54,0.0,0.0,1.444,-0.048,-0.143,1.0
BIH,2018,1.0,0.0,1.0,0.0,54.02,0.0,2.0,1.427,-0.119,-0.091,1.0
BIH,2022,1.0,0.0,1.0,0.0,51.45,0.0,1.0,1.584,-0.166,-0.111,1.0
BGR,1901,1.0,0.0,0.0,0.0,42.7,2.0,0.0,0.584,0.374,-0.453,1.0
BGR,1902,1.0,0.0,0.0,0.0,49.8,2.0,0.0,0.384,0.377,-0.456,1.0
BGR,1903,1.0,0.0,0.0,0.0,41.2,0.0,0.0,0.385,-0.294,-0.819,1.0
BGR,1908,1.0,0.0,0.0,0.0,50.2,0.0,0.0,0.541,0.712,-0.363,1.0
BGR,1911,1.0,0.0,0.0,0.0,54.0,0.0,0.0,0.573,0.721,-0.581,1.0
BGR,1913,1.0,0.0,0.0,0.0,55.0,0.0,0.0,0.234,-0.169,-0.858,1.0
BGR,1914,1.0,0.0,0.0,0.0,67.1,0.0,0.0,0.234,-0.169,-0.858,1.0
BGR,1919,1.0,0.0,0.0,0.0,54.5,2.0,0.0,0.58,0.467,-0.508,1.0
BGR,1920,1.0,0.0,0.0,0.0,77.3,0.0,0.0,0.58,0.392,-0.767,1.0
BGR,1923,1.0,0.0,0.0,0.0,86.5,0.0,0.0,-0.04,-0.164,-1.219,1.0
BGR,1927,1.0,0.0,0.0,0.0,84.3,0.0,0.0,-0.125,-0.326,-0.734,1.0
BGR,1931,1.0,0.0,0.0,0.0,85.2,1.0,0.0,1.3,-0.144,-0.738,1.0
BGR,1938,1.0,0.0,0.0,0.0,69.5,0.0,0.0,-0.67,-0.349,-1.114,1.0
BGR,1939,1.0,0.0,0.0,0.0,67.2,2.0,0.0,-0.661,-0.347,-1.12,1.0
BGR,1945,1.0,0.0,0.0,0.0,84.8,0.0,0.0,-0.352,-1.2,-1.089,1.0
BGR,1946,1.0,0.0,0.0,0.0,92.6,2.0,0.0,-0.686,-1.084,-1.089,1.0
BGR,1949,1.0,0.0,0.0,0.0,98.9,1.0,0.0,-2.828,-2.73,-1.864,1.0
BGR,1953,1.0,0.0,0.0,0.0,99.5,0.0,0.0,-2.81,-2.538,-2.534,1.0
BGR,1957,1.0,0.0,0.0,0.0,99.8,0.0,0.0,-2.825,-2.747,-1.886,1.0
BGR,1962,1.0,0.0,0.0,0.0,99.7,0.0,0.0,-2.857,-2.543,-2.7,1.0
BGR,1966,1.0,0.0,0.0,0.0,99.6,0.0,0.0,-2.832,-2.536,-2.675,1.0
BGR,1971,1.0,0.0,0.0,0.0,99.9,1.0,0.0,-2.829,-2.565,-2.677,1.0
BGR,1976,1.0,0.0,0.0,0.0,99.9,0.0,0.0,-2.829,-2.56,-2.652,1.0
BGR,1981,1.0,0.0,0.0,0.0,99.9,1.0,0.0,-2.834,-2.544,-2.67,1.0
BGR,1986,1.0,0.0,0.0,0.0,99.5,0.0,0.0,-2.841,-2.556,-2.688,1.0
BGR,1990,1.0,1.0,0.0,0.0,90.3,2.0,0.0,0.461,0.188,0.475,1.0
BGR,1991,1.0,0.0,0.0,0.0,83.87,2.0,0.0,1.346,1.082,0.998,1.0
BGR,1992,0.0,0.0,1.0,1.0,75.9,0.0,2.0,1.346,1.509,1.845,1.0
BGR,1994,1.0,0.0,0.0,0.0,75.23,2.0,0.0,1.312,1.51,1.873,1.0
BGR,1996,0.0,0.0,1.0,1.0,63.3,0.0,1.0,1.368,2.239,1.858,1.0
BGR,1997,1.0,0.0,0.0,0.0,58.87,2.0,0.0,1.368,2.239,1.858,1.0
BGR,2001,1.0,0.0,1.0,1.0,66.63,2.0,2.0,1.372,2.235,1.865,1.0
BGR,2005,1.0,0.0,0.0,0.0,55.76,2.0,0.0,1.574,1.538,1.796,1.0
BGR,2006,0.0,0.0,1.0,1.0,44.1,0.0,0.0,1.577,2.143,1.823,1.0
BGR,2009,1.0,0.0,0.0,0.0,60.64,2.0,0.0,1.462,0.979,1.806,1.0
BGR,2011,0.0,0.0,1.0,1.0,52.29,0.0,2.0,1.452,1.049,1.177,1.0
BGR,2013,1.0,0.0,0.0,0.0,52.49,2.0,0.0,1.438,1.315,1.733,1.0
BGR,2014,1.0,0.0,0.0,0.0,51.05,2.0,0.0,1.401,1.617,1.711,1.0
BGR,2016,0.0,0.0,1.0,1.0,56.28,0.0,2.0,1.38,2.084,1.693,1.0
BGR,2017,1.0,0.0,0.0,0.0,53.85,0.0,0.0,1.38,1.32,0.857,1.0
BGR,2021,1.0,0.0,1.0,1.0,49.11,2.0,2.0,1.505,1.453,1.063,1.0
BGR,2022,1.0,0.0,0.0,0.0,37.98,0.0,0.0,1.505,1.453,1.34,1.0
BGR,2023,1.0,0.0,0.0,0.0,39.11,2.0,0.0,1.505,1.32,2.045,1.0
BGR,2024,1.0,0.0,0.0,0.0,38.94,0.0,0.0,1.38,0.796,1.557,1.0
COM,1972,1.0,0.0,0.0,0.0,81.5,0.0,0.0,-2.287,-1.232,-0.567,1.0
COM,1978,1.0,1.0,1.0,0.0,78.18,2.0,2.0,-2.593,-0.892,-0.106,1.0
COM,1982,1.0,1.0,0.0,0.0,,0.0,0.0,-2.434,-1.283,-1.667,1.0
COM,1984,0.0,0.0,1.0,0.0,,0.0,0.0,-2.579,-2.083,-1.544,1.0
COM,1987,1.0,0.0,0.0,0.0,65.0,0.0,0.0,-1.997,-1.422,-1.345,1.0
COM,1990,0.0,0.0,1.0,1.0,60.27,0.0,0.0,0.586,-0.394,0.966,1.0
COM,1992,1.0,1.0,0.0,0.0,69.3,0.0,0.0,1.502,-0.264,0.773,1.0
COM,1993,1.0,1.0,0.0,0.0,,0.0,0.0,0.567,-0.516,0.489,1.0
COM,1996,1.0,1.0,1.0,1.0,61.95,2.0,2.0,1.478,0.146,0.504,1.0
COM,2002,0.0,0.0,1.0,0.0,76.28,2.0,2.0,0.94,0.233,0.481,1.0
COM,2004,1.0,1.0,0.0,0.0,,0.0,0.0,1.469,0.048,-0.001,1.0
COM,2006,0.0,0.0,1.0,0.0,57.26,2.0,2.0,0.755,0.239,0.044,1.0
COM,2009,1.0,1.0,0.0,0.0,,0.0,0.0,0.438,-0.172,0.196,1.0
COM,2010,0.0,0.0,1.0,1.0,67.11,2.0,2.0,1.174,0.274,-0.043,1.0
COM,2015,1.0,1.0,0.0,0.0,71.35,0.0,0.0,1.16,-1.404,-0.217,1.0
COM,2016,0.0,0.0,1.0,1.0,74.42,2.0,2.0,0.573,-0.998,-0.423,1.0
COM,2019,0.0,0.0,1.0,0.0,53.84,0.0,0.0,-0.54,-2.77,-2.006,1.0
COM,2020,1.0,1.0,0.0,0.0,62.8,0.0,0.0,-0.604,-2.77,-2.095,1.0
COM,2024,0.0,0.0,1.0,0.0,56.44,0.0,0.0,-0.658,-1.81,-1.462,1.0
COM,2025,1.0,0.0,0.0,0.0,66.27,0.0,0.0,-0.681,-0.956,-1.462,1.0
HRV,1992,1.0,0.0,1.0,0.0,74.9,2.0,0.0,1.365,-0.464,-0.404,1.0
HRV,1995,1.0,0.0,0.0,0.0,68.79,1.0,0.0,1.356,-0.463,-0.398,1.0
HRV,1997,0.0,0.0,1.0,0.0,54.62,0.0,0.0,1.37,-0.253,-0.481,1.0
HRV,2000,1.0,0.0,1.0,1.0,76.55,2.0,2.0,1.344,0.41,1.895,1.0
HRV,2003,1.0,0.0,0.0,0.0,61.65,2.0,0.0,1.339,0.402,1.277,1.0
HRV,2005,0.0,0.0,1.0,1.0,51.04,0.0,2.0,1.442,1.236,1.54,1.0
HRV,2007,1.0,0.0,0.0,0.0,59.58,0.0,0.0,1.458,0.934,1.086,1.0
HRV,2009,0.0,0.0,1.0,0.0,43.96,0.0,2.0,1.509,1.835,2.083,1.0
HRV,2010,0.0,0.0,0.0,1.0,50.13,0.0,2.0,1.509,1.835,2.083,1.0
HRV,2011,1.0,0.0,0.0,0.0,54.17,2.0,0.0,1.468,1.788,2.096,1.0
HRV,2014,0.0,0.0,1.0,0.0,47.12,0.0,2.0,1.447,2.038,2.055,1.0
HRV,2015,1.0,0.0,0.0,1.0,60.82,2.0,2.0,1.447,2.038,2.055,1.0
HRV,2016,1.0,0.0,0.0,0.0,52.6,1.0,0.0,1.447,2.038,1.077,1.0
HRV,2019,0.0,0.0,1.0,0.0,51.18,0.0,2.0,0.623,1.436,2.057,1.0
HRV,2020,1.0,0.0,0.0,1.0,55.2,0.0,2.0,1.43,1.436,2.057,1.0
HRV,2024,1.0,0.0,1.0,0.0,62.3,0.0,0.0,1.334,1.687,1.018,1.0
HRV,2025,0.0,0.0,0.0,1.0,44.18,0.0,0.0,1.334,0.987,1.36,1.0
CUB,1901,1.0,0.0,1.0,0.0,,,,0.734,-0.06,-0.276,1.0
CUB,1904,1.0,0.0,0.0,0.0,,0.0,0.0,0.784,-0.363,-1.087,1.0
CUB,1905,1.0,0.0,1.0,0.0,74.0,0.0,0.0,0.599,-0.81,-1.087,1.0
CUB,1908,1.0,0.0,1.0,0.0,71.0,2.0,2.0,-0.236,-0.35,-1.398,1.0
CUB,1910,1.0,0.0,0.0,0.0,68.7,0.0,0.0,0.762,-0.371,-1.093,1.0
CUB,1912,1.0,0.0,1.0,0.0,,2.0,2.0,0.792,-0.365,-1.635,1.0
CUB,1914,1.0,0.0,0.0,0.0,,0.0,0.0,0.789,-0.367,-1.093,1.0
CUB,1916,1.0,0.0,1.0,0.0,,0.0,0.0,0.778,-1.036,-1.105,1.0
CUB,1918,1.0,0.0,0.0,0.0,,0.0,0.0,0.78,-0.476,-1.104,1.0
CUB,1920,1.0,0.0,1.0,0.0,,2.0,2.0,0.785,-0.214,-1.393,1.0
CUB,1922,1.0,0.0,0.0,0.0,,0.0,0.0,0.726,-0.18,-1.982,1.0
CUB,1924,1.0,0.0,1.0,0.0,,2.0,2.0,0.755,-0.509,-1.607,1.0
CUB,1926,1.0,0.0,0.0,0.0,,0.0,0.0,0.759,-0.944,-1.58,1.0
CUB,1928,0.0,0.0,1.0,0.0,,0.0,0.0,0.75,-0.956,-1.573,1.0
CUB,1930,1.0,0.0,0.0,0.0,,0.0,0.0,0.658,-1.308,-1.585,1.0
CUB,1932,1.0,0.0,0.0,0.0,,0.0,0.0,0.664,-1.327,-1.6,1.0
CUB,1936,1.0,0.0,1.0,0.0,67.1,2.0,2.0,0.664,-1.085,-1.184,1.0
CUB,1938,1.0,0.0,0.0,0.0,44.2,0.0,0.0,0.663,-1.069,-1.198,1.0
CUB,1940,1.0,0.0,1.0,0.0,73.4,2.0,2.0,0.741,0.332,-0.717,1.0
CUB,1942,1.0,0.0,0.0,0.0,,1.0,0.0,0.754,0.297,-0.718,1.0
CUB,1944,1.0,0.0,1.0,0.0,,2.0,2.0,0.767,0.302,-0.717,1.0
CUB,1946,1.0,0.0,0.0,0.0,,0.0,0.0,0.749,0.292,-0.7,1.0
CUB,1948,1.0,0.0,1.0,0.0,78.7,1.0,1.0,0.748,0.3,-0.715,1.0
CUB,1950,1.0,0.0,0.0,0.0,,1.0,0.0,0.776,0.294,-1.329,1.0
CUB,1954,1.0,0.0,1.0,0.0,52.4,0.0,2.0,-0.643,-1.821,-1.9,1.0
CUB,1956,1.0,0.0,0.0,0.0,,1.0,0.0,-0.646,-1.825,-1.661,1.0
CUB,1958,0.0,0.0,1.0,0.0,,0.0,2.0,-0.646,-1.815,-1.882,1.0
CUB,1993,1.0,0.0,0.0,0.0,98.71,0.0,0.0,-3.043,-2.629,-1.647,1.0
CUB,1998,1.0,0.0,0.0,0.0,98.35,0.0,0.0,-3.076,-2.228,-1.648,1.0
CUB,2003,1.0,0.0,0.0,0.0,97.67,0.0,0.0,-3.036,-2.208,-1.654,1.0
CUB,2008,1.0,0.0,0.0,0.0,96.89,0.0,0.0,-3.231,-2.724,-2.501,1.0
CUB,2013,1.0,0.0,0.0,0.0,90.88,0.0,0.0,-3.177,-2.532,-2.751,1.0
CUB,2018,1.0,0.0,0.0,0.0,85.65,1.0,1.0,-3.145,-2.38,-2.382,1.0
CUB,2023,1.0,0.0,0.0,0.0,75.87,0.0,0.0,-3.152,-2.397,-2.401,1.0
CYP,1959,0.0,0.0,1.0,0.0,91.2,2.0,2.0,-1.082,0.348,-0.276,1.0
CYP,1960,1.0,0.0,0.0,0.0,73.5,0.0,0.0,-1.082,0.348,-0.276,1.0
CYP,1968,0.0,0.0,1.0,0.0,93.5,0.0,0.0,-0.77,0.336,-0.267,1.0
CYP,1970,1.0,0.0,0.0,0.0,75.85,0.0,0.0,0.566,0.356,-0.268,1.0
CYP,1976,1.0,0.0,0.0,0.0,85.29,0.0,0.0,-0.148,0.68,-0.1,1.0
CYP,1981,1.0,0.0,0.0,0.0,95.75,0.0,0.0,0.217,0.698,1.341,1.0
CYP,1983,0.0,0.0,1.0,0.0,95.0,0.0,0.0,1.024,1.343,1.339,1.0
CYP,1985,1.0,0.0,0.0,0.0,94.62,0.0,0.0,1.012,1.367,1.327,1.0
CYP,1988,0.0,0.0,1.0,1.0,94.3,2.0,2.0,1.062,1.338,1.326,1.0
CYP,1991,1.0,0.0,0.0,0.0,94.31,0.0,0.0,1.03,1.456,1.331,1.0
CYP,1993,0.0,0.0,1.0,1.0,93.27,2.0,2.0,1.033,1.431,1.335,1.0
CYP,1996,1.0,0.0,0.0,0.0,90.13,0.0,0.0,1.032,1.446,1.329,1.0
CYP,1998,0.0,0.0,1.0,1.0,93.37,0.0,0.0,1.045,1.428,1.329,1.0
CYP,2001,1.0,0.0,0.0,0.0,91.75,0.0,0.0,1.051,1.444,1.341,1.0
CYP,2003,0.0,0.0,1.0,0.0,90.55,2.0,2.0,1.012,1.443,1.307,1.0
CYP,2006,1.0,0.0,0.0,0.0,89.0,0.0,0.0,1.254,1.728,1.504,1.0
CYP,2008,0.0,0.0,1.0,1.0,90.84,2.0,2.0,1.222,1.733,1.523,1.0
CYP,2011,1.0,0.0,0.0,0.0,78.7,0.0,0.0,1.208,1.735,1.513,1.0
CYP,2013,0.0,0.0,1.0,1.0,83.14,2.0,2.0,1.214,1.715,1.488,1.0
CYP,2016,1.0,0.0,0.0,0.0,66.74,0.0,0.0,1.201,1.716,1.473,1.0
CYP,2018,0.0,0.0,1.0,1.0,73.97,0.0,0.0,1.15,1.701,1.472,1.0
CYP,2021,1.0,0.0,0.0,0.0,65.72,0.0,0.0,1.195,1.697,1.409,1.0
CYP,2023,0.0,0.0,1.0,1.0,72.45,2.0,2.0,1.155,1.72,1.417,1.0
CZE,1920,1.0,0.0,0.0,0.0,,2.0,0.0,1.316,1.745,1.646,1.0
CZE,1925,1.0,0.0,0.0,0.0,,2.0,0.0,1.344,1.782,1.718,1.0
CZE,1929,1.0,0.0,0.0,0.0,,0.0,0.0,1.34,1.752,1.692,1.0
CZE,1935,1.0,0.0,0.0,0.0,,1.0,0.0,1.34,1.776,1.68,1.0
CZE,1946,1.0,0.0,0.0,0.0,,2.0,0.0,-0.499,-0.278,-0.111,1.0
CZE,1948,1.0,0.0,0.0,0.0,,1.0,0.0,-2.824,-2.516,-1.384,1.0
CZE,1954,1.0,0.0,0.0,0.0,,1.0,0.0,-2.822,-2.514,-1.302,1.0
CZE,1960,1.0,0.0,0.0,0.0,,0.0,0.0,-2.79,-2.508,-1.297,1.0
CZE,1964,1.0,0.0,0.0,0.0,,0.0,0.0,-2.796,-2.558,-1.29,1.0
CZE,1971,1.0,0.0,0.0,0.0,99.4,0.0,0.0,-2.795,-2.532,-1.295,1.0
CZE,1976,1.0,0.0,0.0,0.0,99.7,0.0,0.0,-2.806,-2.516,-1.303,1.0
CZE,1981,1.0,0.0,0.0,0.0,99.4,0.0,0.0,-2.831,-2.549,-1.296,1.0
CZE,1986,1.0,0.0,0.0,0.0,99.2,0.0,0.0,-2.833,-2.542,-1.302,1.0
CZE,1990,1.0,0.0,0.0,0.0,96.33,0.0,0.0,1.335,1.786,1.677,1.0
CZE,1992,1.0,0.0,0.0,0.0,84.68,0.0,0.0,1.34,1.751,1.688,1.0
CZE,1996,1.0,0.0,0.0,0.0,76.29,0.0,0.0,1.328,1.758,1.651,1.0
CZE,1998,1.0,0.0,0.0,0.0,74.0,0.0,0.0,1.331,1.768,-0.064,1.0
CZE,2002,1.0,0.0,0.0,0.0,57.95,0.0,0.0,1.332,1.748,1.674,1.0
CZE,2006,1.0,0.0,0.0,0.0,64.47,2.0,0.0,1.556,2.017,1.879,1.0
CZE,2010,1.0,0.0,0.0,0.0,62.6,2.0,0.0,1.556,2.007,1.878,1.0
CZE,2013,1.0,0.0,1.0,1.0,61.31,2.0,2.0,1.551,1.999,1.825,1.0
CZE,2017,1.0,0.0,0.0,0.0,60.84,2.0,0.0,1.502,1.33,1.808,1.0
CZE,2018,0.0,0.0,1.0,1.0,66.57,0.0,0.0,1.502,0.713,1.808,1.0
CZE,2021,1.0,0.0,0.0,0.0,65.39,2.0,0.0,1.452,1.858,1.709,1.0
CZE,2023,0.0,0.0,1.0,1.0,70.25,0.0,2.0,1.342,2.035,1.648,1.0
CZE,2025,1.0,0.0,0.0,0.0,68.95,2.0,0.0,1.376,1.773,1.631,1.0
DNK,1901,1.0,0.0,0.0,0.0,56.5,2.0,0.0,1.265,1.603,1.685,1.0
DNK,1903,1.0,0.0,0.0,0.0,57.5,0.0,0.0,1.272,1.603,1.684,1.0
DNK,1906,1.0,0.0,0.0,0.0,69.8,0.0,0.0,1.276,1.611,1.689,1.0
DNK,1909,1.0,0.0,0.0,0.0,71.3,0.0,0.0,1.305,1.662,1.679,1.0
DNK,1910,1.0,0.0,0.0,0.0,74.8,2.0,0.0,1.305,1.662,1.679,1.0
DNK,1913,1.0,0.0,0.0,0.0,74.5,2.0,0.0,1.299,1.659,1.682,1.0
DNK,1915,1.0,0.0,0.0,0.0,,0.0,0.0,1.283,1.626,1.685,1.0
DNK,1918,1.0,0.0,0.0,0.0,75.5,0.0,0.0,1.324,1.657,1.683,1.0
DNK,1920,1.0,0.0,0.0,0.0,80.6,0.0,0.0,1.313,1.648,1.665,1.0
DNK,1924,1.0,0.0,0.0,0.0,78.6,2.0,0.0,1.283,1.59,1.612,1.0
DNK,1926,1.0,0.0,0.0,0.0,77.0,2.0,0.0,1.266,1.598,1.592,1.0
DNK,1929,1.0,0.0,0.0,0.0,79.7,2.0,0.0,1.274,1.601,1.595,1.0
DNK,1932,1.0,0.0,0.0,0.0,81.5,0.0,0.0,1.283,1.579,1.627,1.0
DNK,1935,1.0,0.0,0.0,0.0,80.7,0.0,0.0,1.239,1.58,1.63,1.0
DNK,1939,1.0,0.0,0.0,0.0,79.2,0.0,0.0,1.279,1.573,1.642,1.0
DNK,1943,1.0,0.0,0.0,0.0,89.5,0.0,0.0,-0.033,0.72,1.626,1.0
DNK,1945,1.0,0.0,0.0,0.0,86.29,2.0,0.0,1.27,1.593,1.628,1.0
DNK,1947,1.0,0.0,0.0,0.0,85.78,2.0,0.0,1.292,1.601,1.625,1.0
DNK,1950,1.0,0.0,0.0,0.0,81.87,2.0,0.0,1.262,1.602,1.597,1.0
DNK,1953,1.0,0.0,0.0,0.0,80.8,2.0,0.0,1.275,1.602,1.591,1.0
DNK,1957,1.0,0.0,0.0,0.0,83.73,0.0,0.0,1.271,1.649,1.62,1.0
DNK,1960,1.0,0.0,0.0,0.0,85.84,0.0,0.0,1.266,1.584,1.624,1.0
DNK,1964,1.0,0.0,0.0,0.0,85.51,1.0,0.0,1.278,1.584,1.625,1.0
DNK,1966,1.0,0.0,0.0,0.0,88.61,0.0,0.0,1.256,1.586,1.614,1.0
DNK,1968,1.0,0.0,0.0,0.0,89.28,2.0,0.0,1.271,1.624,1.638,1.0
DNK,1971,1.0,0.0,0.0,0.0,87.16,2.0,0.0,1.24,1.614,1.641,1.0
DNK,1973,1.0,0.0,0.0,0.0,88.72,2.0,0.0,1.255,1.61,1.6,1.0
DNK,1975,1.0,0.0,0.0,0.0,,2.0,0.0,1.282,1.615,1.617,1.0
DNK,1977,1.0,0.0,0.0,0.0,88.7,0.0,0.0,1.266,1.603,1.632,1.0
DNK,1979,1.0,0.0,0.0,0.0,85.62,0.0,0.0,1.263,1.61,1.616,1.0
DNK,1981,1.0,0.0,0.0,0.0,87.77,0.0,0.0,1.256,1.61,1.608,1.0
DNK,1984,1.0,0.0,0.0,0.0,88.44,0.0,0.0,1.271,1.622,1.617,1.0
DNK,1987,1.0,0.0,0.0,0.0,86.74,0.0,0.0,1.268,1.618,1.629,1.0
DNK,1988,1.0,0.0,0.0,0.0,85.7,0.0,0.0,1.268,1.618,1.629,1.0
DNK,1990,1.0,0.0,0.0,0.0,82.85,0.0,0.0,1.263,1.641,1.623,1.0
DNK,1994,1.0,0.0,0.0,0.0,84.25,0.0,0.0,1.277,1.605,1.631,1.0
DNK,1998,1.0,0.0,0.0,0.0,85.95,0.0,0.0,1.272,1.605,1.648,1.0
DNK,2001,1.0,0.0,0.0,0.0,87.15,2.0,0.0,1.284,1.632,1.616,1.0
DNK,2005,1.0,0.0,0.0,0.0,84.54,0.0,0.0,1.463,1.941,1.919,1.0
DNK,2007,1.0,0.0,0.0,0.0,86.59,0.0,0.0,1.464,1.938,1.942,1.0
DNK,2011,1.0,0.0,0.0,0.0,87.74,2.0,0.0,1.463,1.922,1.949,1.0
DNK,2015,1.0,0.0,0.0,0.0,85.89,2.0,0.0,1.413,1.919,1.9,1.0
DNK,2019,1.0,0.0,0.0,0.0,84.6,2.0,0.0,1.411,1.864,1.879,1.0
DNK,2022,1.0,0.0,0.0,0.0,84.16,0.0,0.0,1.425,1.876,1.893,1.0
GNQ,1968,1.0,0.0,1.0,1.0,41.3,2.0,2.0,1.305,0.212,-0.702,1.0
GNQ,1982,0.0,0.0,1.0,0.0,91.6,,,-3.142,-2.807,-2.723,1.0
GNQ,1988,1.0,0.0,0.0,0.0,,0.0,0.0,-3.135,-2.749,-2.755,1.0
GNQ,1989,0.0,0.0,1.0,0.0,,0.0,0.0,-3.135,-2.749,-1.831,1.0
GNQ,1993,1.0,0.0,0.0,0.0,67.5,0.0,0.0,-1.022,-2.808,-1.825,1.0
GNQ,1996,0.0,0.0,1.0,0.0,79.8,0.0,0.0,-1.374,-1.913,-1.825,1.0
GNQ,1999,1.0,0.0,0.0,0.0,94.94,0.0,0.0,-1.371,-1.946,-1.845,1.0
GNQ,2002,0.0,0.0,1.0,0.0,97.79,0.0,0.0,-1.298,-1.935,-1.826,1.0
GNQ,2004,1.0,0.0,0.0,0.0,96.45,0.0,0.0,-1.288,-1.92,-1.834,1.0
GNQ,2008,1.0,0.0,0.0,0.0,,0.0,0.0,-1.421,-2.525,-2.225,1.0
GNQ,2009,0.0,0.0,1.0,0.0,93.35,0.0,0.0,-1.288,-2.509,-2.239,1.0
GNQ,2013,1.0,0.0,0.0,0.0,,0.0,0.0,-1.154,-2.537,-2.238,1.0
GNQ,2016,0.0,0.0,1.0,0.0,92.7,0.0,0.0,-1.414,-2.512,-2.452,1.0
GNQ,2017,1.0,0.0,0.0,0.0,84.01,0.0,0.0,-1.802,-2.778,-2.022,1.0
GNQ,2022,1.0,0.0,1.0,0.0,98.41,0.0,0.0,-1.379,-2.461,-2.036,1.0
EST,1920,1.0,0.0,0.0,0.0,72.2,2.0,0.0,1.327,0.512,0.815,1.0
EST,1923,1.0,0.0,0.0,0.0,67.9,2.0,0.0,1.346,0.508,0.811,1.0
EST,1926,1.0,0.0,0.0,0.0,73.6,0.0,0.0,1.325,0.812,1.366,1.0
EST,1929,1.0,0.0,0.0,0.0,69.3,2.0,0.0,1.32,0.806,1.37,1.0
EST,1932,1.0,0.0,0.0,0.0,67.4,2.0,0.0,1.349,0.804,1.361,1.0
EST,1938,1.0,0.0,0.0,0.0,,1.0,0.0,-1.644,-0.782,0.145,1.0
EST,1990,1.0,0.0,0.0,0.0,78.2,2.0,0.0,-0.07,0.798,1.338,1.0
EST,1992,1.0,0.0,1.0,0.0,67.84,2.0,2.0,1.324,1.949,1.82,1.0
EST,1995,1.0,0.0,0.0,0.0,68.91,2.0,0.0,1.346,1.972,1.837,1.0
EST,1999,1.0,0.0,0.0,0.0,57.43,2.0,0.0,1.336,1.993,1.833,1.0
EST,2003,1.0,0.0,0.0,0.0,58.24,2.0,0.0,1.343,1.959,1.85,1.0
EST,2007,1.0,0.0,0.0,0.0,61.91,0.0,0.0,1.547,1.705,2.058,1.0
EST,2011,1.0,0.0,0.0,0.0,63.53,0.0,0.0,1.535,2.245,2.078,1.0
EST,2015,1.0,0.0,0.0,0.0,64.23,0.0,0.0,1.502,2.254,2.034,1.0
EST,2019,1.0,0.0,0.0,0.0,63.67,0.0,0.0,1.463,2.071,1.937,1.0
EST,2023,1.0,0.0,0.0,0.0,63.53,0.0,0.0,1.42,1.967,1.863,1.0
FJI,1905,1.0,0.0,0.0,0.0,,0.0,0.0,-2.404,0.445,-0.912,1.0
FJI,1908,1.0,0.0,0.0,0.0,,0.0,0.0,-2.389,0.402,-0.877,1.0
FJI,1911,1.0,0.0,0.0,0.0,,0.0,0.0,-2.392,0.418,-0.896,1.0
FJI,1914,1.0,0.0,0.0,0.0,,0.0,0.0,-2.441,0.421,-0.909,1.0
FJI,1917,1.0,0.0,0.0,0.0,,0.0,0.0,-2.391,0.385,-0.902,1.0
FJI,1920,1.0,0.0,0.0,0.0,,0.0,0.0,-2.376,0.385,-0.89,1.0
FJI,1923,1.0,0.0,0.0,0.0,,0.0,0.0,-2.359,0.392,-0.89,1.0
FJI,1926,1.0,0.0,0.0,0.0,,0.0,0.0,-2.428,0.401,-0.925,1.0
FJI,1929,1.0,0.0,0.0,0.0,,0.0,0.0,-2.359,0.417,-0.867,1.0
FJI,1932,1.0,0.0,0.0,0.0,,0.0,0.0,-2.381,0.385,-0.893,1.0
FJI,1935,1.0,0.0,0.0,0.0,,0.0,0.0,-2.405,0.402,-0.893,1.0
FJI,1937,1.0,0.0,0.0,0.0,,0.0,0.0,-2.408,0.405,-0.848,1.0
FJI,1940,1.0,0.0,0.0,0.0,,0.0,0.0,-2.377,0.395,-0.911,1.0
FJI,1944,1.0,0.0,0.0,0.0,,0.0,0.0,-2.397,0.401,-0.922,1.0
FJI,1947,1.0,0.0,0.0,0.0,,0.0,0.0,-2.414,0.416,-0.914,1.0
FJI,1950,1.0,0.0,0.0,0.0,,0.0,0.0,-2.398,0.387,-0.929,1.0
FJI,1953,1.0,0.0,0.0,0.0,,0.0,0.0,-2.387,0.394,-0.906,1.0
FJI,1956,1.0,0.0,0.0,0.0,,0.0,0.0,-2.409,0.392,-0.922,1.0
FJI,1959,1.0,0.0,0.0,0.0,,0.0,0.0,-2.382,0.386,-0.902,1.0
FJI,1963,1.0,0.0,0.0,0.0,,0.0,0.0,-2.422,0.414,1.382,1.0
FJI,1966,1.0,0.0,0.0,0.0,,0.0,0.0,1.083,1.554,1.433,1.0
FJI,1972,1.0,0.0,0.0,0.0,85.2,0.0,0.0,1.132,1.552,1.376,1.0
FJI,1977,1.0,0.0,0.0,0.0,,0.0,0.0,1.173,1.544,1.39,1.0
FJI,1982,1.0,0.0,0.0,0.0,,0.0,0.0,1.162,1.59,1.387,1.0
FJI,1987,1.0,0.0,0.0,0.0,,2.0,0.0,1.125,1.525,1.382,1.0
FJI,1992,1.0,0.0,0.0,0.0,78.77,2.0,0.0,1.173,1.545,1.41,1.0
FJI,1994,1.0,0.0,0.0,0.0,74.8,0.0,0.0,1.136,1.552,1.429,1.0
FJI,1999,1.0,0.0,0.0,0.0,89.41,2.0,0.0,1.155,1.579,1.369,1.0
FJI,2001,1.0,0.0,0.0,0.0,81.05,0.0,0.0,1.158,1.522,1.406,1.0
FJI,2006,1.0,0.0,0.0,0.0,64.0,0.0,0.0,0.042,-0.26,-0.33,1.0
FJI,2014,1.0,0.0,0.0,0.0,84.6,0.0,0.0,0.147,-0.27,-0.355,1.0
FJI,2018,1.0,0.0,0.0,0.0,71.92,0.0,0.0,0.003,-0.504,-0.626,1.0
FJI,2022,1.0,0.0,0.0,0.0,68.3,2.0,0.0,0.4,-0.091,-0.567,1.0
FIN,1900,1.0,0.0,0.0,0.0,,,,-0.628,1.371,1.306,1.0
FIN,1901,1.0,0.0,0.0,0.0,,,,-0.628,1.371,1.306,1.0
FIN,1905,1.0,0.0,0.0,0.0,,,,-0.626,1.382,1.315,1.0
FIN,1907,1.0,0.0,0.0,0.0,70.7,0.0,0.0,1.443,1.195,1.357,1.0
FIN,1908,1.0,0.0,0.0,0.0,65.0,1.0,0.0,1.464,1.104,1.348,1.0
FIN,1909,1.0,0.0,0.0,0.0,65.3,1.0,0.0,1.464,1.104,1.348,1.0
FIN,1910,1.0,0.0,0.0,0.0,60.1,0.0,0.0,1.464,1.104,1.348,1.0
FIN,1911,1.0,0.0,0.0,0.0,59.8,0.0,0.0,1.464,1.104,1.348,1.0
FIN,1913,1.0,0.0,0.0,0.0,51.1,0.0,0.0,1.48,1.111,1.304,1.0
FIN,1916,1.0,0.0,0.0,0.0,55.5,0.0,0.0,1.491,1.116,1.324,1.0
FIN,1917,1.0,0.0,0.0,0.0,69.2,1.0,0.0,1.468,1.112,1.299,1.0
FIN,1919,1.0,0.0,0.0,0.0,67.1,2.0,0.0,0.342,0.877,0.729,1.0
FIN,1922,1.0,0.0,0.0,0.0,58.5,2.0,0.0,0.259,0.747,0.525,1.0
FIN,1924,1.0,0.0,0.0,0.0,57.4,2.0,0.0,-0.128,0.758,0.6,1.0
FIN,1925,0.0,0.0,1.0,0.0,39.7,0.0,2.0,0.005,0.758,0.6,1.0
FIN,1927,1.0,0.0,0.0,0.0,55.8,2.0,0.0,0.016,0.75,0.603,1.0
FIN,1929,1.0,0.0,0.0,0.0,55.6,2.0,0.0,0.011,0.742,0.617,1.0
FIN,1930,1.0,0.0,0.0,0.0,65.9,2.0,0.0,0.021,0.755,0.61,1.0
FIN,1931,0.0,0.0,1.0,0.0,47.3,0.0,2.0,0.021,0.755,0.61,1.0
FIN,1933,1.0,0.0,0.0,0.0,62.2,0.0,0.0,0.017,0.749,0.603,1.0
FIN,1936,1.0,0.0,0.0,0.0,,2.0,0.0,-0.002,0.753,0.604,1.0
FIN,1937,0.0,0.0,1.0,0.0,57.8,0.0,2.0,-0.002,0.753,0.604,1.0
FIN,1939,1.0,0.0,0.0,0.0,,1.0,0.0,0.009,0.752,0.605,1.0
FIN,1945,1.0,0.0,0.0,0.0,74.87,0.0,0.0,1.415,1.398,0.907,1.0
FIN,1948,1.0,0.0,0.0,0.0,78.25,2.0,0.0,1.422,1.377,0.916,1.0
FIN,1950,0.0,0.0,1.0,0.0,63.76,0.0,0.0,1.403,1.403,1.71,1.0
FIN,1951,1.0,0.0,0.0,0.0,74.58,0.0,0.0,1.407,1.374,1.719,1.0
FIN,1954,1.0,0.0,0.0,0.0,79.9,2.0,0.0,1.386,1.379,1.733,1.0
FIN,1956,0.0,0.0,1.0,0.0,73.35,0.0,2.0,1.403,1.378,0.917,1.0
FIN,1958,1.0,0.0,0.0,0.0,74.99,2.0,0.0,1.437,1.388,1.739,1.0
FIN,1962,1.0,0.0,1.0,0.0,85.09,1.0,1.0,1.417,1.948,1.744,1.0
FIN,1966,1.0,0.0,0.0,0.0,84.94,2.0,0.0,1.424,1.369,1.714,1.0
FIN,1968,0.0,0.0,1.0,0.0,69.91,0.0,0.0,1.408,1.921,1.735,1.0
FIN,1970,1.0,0.0,0.0,0.0,82.23,2.0,0.0,1.399,1.921,1.7,1.0
FIN,1972,1.0,0.0,0.0,0.0,81.4,2.0,0.0,1.408,1.941,1.742,1.0
FIN,1975,1.0,0.0,0.0,0.0,73.8,2.0,0.0,1.431,1.913,1.739,1.0
FIN,1978,0.0,0.0,1.0,0.0,64.26,0.0,0.0,1.383,1.958,1.731,1.0
FIN,1979,1.0,0.0,0.0,0.0,75.31,1.0,0.0,1.427,1.927,1.741,1.0
FIN,1982,0.0,0.0,1.0,0.0,81.31,0.0,2.0,1.386,1.919,1.759,1.0
FIN,1983,1.0,0.0,0.0,0.0,75.73,0.0,0.0,1.419,1.925,1.717,1.0
FIN,1987,1.0,0.0,0.0,0.0,72.06,2.0,0.0,1.406,1.94,1.731,1.0
FIN,1988,0.0,0.0,1.0,0.0,77.83,0.0,0.0,1.406,1.94,1.731,1.0
FIN,1991,1.0,0.0,0.0,0.0,68.39,2.0,0.0,1.406,1.958,1.739,1.0
FIN,1994,0.0,0.0,1.0,1.0,78.7,0.0,1.0,1.406,1.943,1.719,1.0
FIN,1995,1.0,0.0,0.0,0.0,68.58,2.0,0.0,1.37,1.883,1.701,1.0
FIN,1999,1.0,0.0,0.0,0.0,65.27,0.0,0.0,1.404,1.924,1.749,1.0
FIN,2000,0.0,0.0,1.0,1.0,76.8,0.0,1.0,1.404,1.924,1.749,1.0
FIN,2003,1.0,0.0,0.0,0.0,66.71,2.0,0.0,1.404,1.951,1.734,1.0
FIN,2006,0.0,0.0,1.0,1.0,74.05,0.0,0.0,1.554,2.101,1.951,1.0
FIN,2007,1.0,0.0,0.0,0.0,65.02,0.0,0.0,1.543,2.076,1.952,1.0
FIN,2011,1.0,0.0,0.0,0.0,67.37,0.0,0.0,1.595,2.128,2.0,1.0
FIN,2012,0.0,0.0,1.0,1.0,73.81,2.0,2.0,1.595,2.128,2.0,1.0
FIN,2015,1.0,0.0,0.0,0.0,66.85,2.0,0.0,1.516,2.069,1.931,1.0
FIN,2018,0.0,0.0,1.0,0.0,66.76,0.0,0.0,1.496,2.067,1.918,1.0
FIN,2019,1.0,0.0,0.0,0.0,68.73,2.0,0.0,1.463,2.015,1.923,1.0
FIN,2023,1.0,0.0,0.0,0.0,68.5,2.0,0.0,1.447,2.031,1.901,1.0
FIN,2024,0.0,0.0,1.0,1.0,71.55,0.0,1.0,1.447,2.031,1.901,1.0
GRC,1902,1.0,0.0,0.0,0.0,,2.0,0.0,0.85,0.266,-0.683,1.0
GRC,1905,1.0,0.0,0.0,0.0,,2.0,0.0,0.842,0.271,-0.673,1.0
GRC,1906,1.0,0.0,0.0,0.0,,0.0,0.0,1.379,0.275,-0.664,1.0
GRC,1910,1.0,0.0,0.0,0.0,,2.0,0.0,0.86,-0.519,-0.974,1.0
GRC,1912,1.0,0.0,0.0,0.0,,0.0,0.0,0.84,0.274,-0.685,1.0
GRC,1915,1.0,0.0,0.0,0.0,,2.0,0.0,0.258,-0.494,-0.587,1.0
GRC,1920,1.0,0.0,0.0,0.0,,2.0,0.0,1.316,0.25,-0.679,1.0
GRC,1923,1.0,0.0,0.0,0.0,,2.0,0.0,1.322,0.26,-0.768,1.0
GRC,1926,1.0,0.0,1.0,0.0,61.4,2.0,0.0,-0.594,-0.425,-0.771,1.0
GRC,1928,1.0,0.0,0.0,0.0,,0.0,0.0,1.37,0.264,-0.757,1.0
GRC,1932,1.0,0.0,0.0,0.0,,2.0,0.0,1.362,0.257,-0.781,1.0
GRC,1933,1.0,0.0,0.0,0.0,,2.0,0.0,1.362,0.257,-0.781,1.0
GRC,1935,1.0,0.0,0.0,0.0,,2.0,0.0,1.344,-0.837,-0.782,1.0
GRC,1936,1.0,0.0,0.0,0.0,,2.0,0.0,1.344,0.273,-0.782,1.0
GRC,1946,1.0,0.0,0.0,0.0,,2.0,0.0,0.239,-0.138,-0.82,1.0
GRC,1950,1.0,0.0,0.0,0.0,,2.0,0.0,0.019,0.229,-1.242,1.0
GRC,1951,1.0,0.0,0.0,0.0,77.2,2.0,0.0,0.027,0.232,-1.241,1.0
GRC,1952,1.0,0.0,0.0,0.0,75.37,2.0,0.0,0.008,0.246,-1.245,1.0
GRC,1956,1.0,0.0,0.0,0.0,74.97,0.0,0.0,0.001,0.239,-1.247,1.0
GRC,1958,1.0,0.0,0.0,0.0,75.48,0.0,0.0,0.02,0.061,-1.256,1.0
GRC,1961,1.0,0.0,0.0,0.0,81.87,0.0,0.0,-0.0,-0.224,-1.328,1.0
GRC,1963,1.0,0.0,0.0,0.0,83.04,2.0,0.0,0.01,0.021,-1.131,1.0
GRC,1964,1.0,0.0,0.0,0.0,81.69,0.0,0.0,0.01,0.021,-1.131,1.0
GRC,1974,1.0,0.0,0.0,0.0,79.58,0.0,0.0,1.372,2.09,1.77,1.0
GRC,1977,1.0,0.0,0.0,0.0,81.11,0.0,0.0,1.316,2.093,1.738,1.0
GRC,1981,1.0,0.0,0.0,0.0,81.5,2.0,0.0,1.339,2.095,1.769,1.0
GRC,1985,1.0,0.0,0.0,0.0,83.81,0.0,0.0,1.341,2.07,1.787,1.0
GRC,1989,1.0,0.0,0.0,0.0,84.5,2.0,0.0,1.333,2.066,1.78,1.0
GRC,1990,1.0,0.0,0.0,0.0,,2.0,0.0,1.333,2.066,1.78,1.0
GRC,1993,1.0,0.0,0.0,0.0,82.95,2.0,0.0,1.352,2.055,1.727,1.0
GRC,1996,1.0,0.0,0.0,0.0,76.34,0.0,0.0,1.345,2.076,1.772,1.0
GRC,2000,1.0,0.0,0.0,0.0,74.97,0.0,0.0,1.355,2.059,1.763,1.0
GRC,2004,1.0,0.0,0.0,0.0,76.62,2.0,0.0,1.352,2.046,1.791,1.0
GRC,2007,1.0,0.0,0.0,0.0,74.14,0.0,0.0,1.779,2.471,2.207,1.0
GRC,2009,1.0,0.0,0.0,0.0,70.92,2.0,0.0,1.764,2.472,2.18,1.0
GRC,2012,1.0,0.0,0.0,0.0,65.1,2.0,0.0,1.772,2.483,1.94,1.0
GRC,2015,1.0,0.0,0.0,0.0,63.6,2.0,0.0,1.734,2.401,1.889,1.0
GRC,2019,1.0,0.0,0.0,0.0,57.91,2.0,0.0,1.69,2.38,1.853,1.0
GRC,2023,1.0,0.0,0.0,0.0,61.1,2.0,0.0,1.382,2.273,1.683,1.0
GUY,1901,1.0,0.0,0.0,0.0,,,,-0.231,1.744,1.674,1.0
GUY,1906,1.0,0.0,0.0,0.0,,,,-0.246,1.743,1.679,1.0
GUY,1911,1.0,0.0,0.0,0.0,,,,-0.231,1.738,1.682,1.0
GUY,1916,1.0,0.0,0.0,0.0,,,,-0.187,1.716,1.668,1.0
GUY,1921,1.0,0.0,0.0,0.0,,,,-0.215,1.705,1.684,1.0
GUY,1926,1.0,0.0,0.0,0.0,,,,-0.195,1.631,1.488,1.0
GUY,1930,1.0,0.0,0.0,0.0,,,,-0.202,1.606,1.454,1.0
GUY,1935,1.0,0.0,0.0,0.0,,,,-0.182,1.645,1.511,1.0
GUY,1947,1.0,0.0,0.0,0.0,71.0,,,-0.174,1.608,1.482,1.0
GUY,1953,1.0,0.0,0.0,0.0,74.77,2.0,0.0,0.595,1.125,0.912,1.0
GUY,1957,1.0,0.0,0.0,0.0,55.79,0.0,0.0,0.909,-0.198,0.212,1.0
GUY,1961,1.0,0.0,0.0,0.0,89.44,0.0,0.0,0.41,0.124,-0.57,1.0
GUY,1964,1.0,0.0,0.0,0.0,96.98,1.0,0.0,0.407,-0.256,-0.375,1.0
GUY,1968,1.0,0.0,0.0,0.0,85.14,0.0,0.0,-0.516,-1.854,-0.728,1.0
GUY,1973,1.0,0.0,0.0,0.0,82.92,0.0,0.0,-0.474,-1.94,-2.183,1.0
GUY,1980,1.0,0.0,0.0,0.0,93.64,0.0,0.0,-1.009,-1.936,-2.358,1.0
GUY,1985,1.0,0.0,0.0,0.0,73.8,1.0,1.0,-0.658,-1.952,-1.882,1.0
GUY,1992,1.0,0.0,0.0,0.0,81.0,0.0,1.0,1.43,-0.284,-1.116,1.0
GUY,1997,1.0,0.0,0.0,0.0,88.42,0.0,0.0,1.521,0.424,0.568,1.0
GUY,2001,1.0,0.0,0.0,0.0,91.73,0.0,0.0,1.414,0.76,0.392,1.0
GUY,2006,1.0,0.0,0.0,0.0,68.82,0.0,0.0,1.587,0.617,0.275,1.0
GUY,2011,1.0,0.0,0.0,0.0,72.89,0.0,0.0,1.604,0.559,0.035,1.0
GUY,2015,1.0,0.0,0.0,0.0,72.19,2.0,2.0,1.522,0.672,0.06,1.0
GUY,2020,1.0,0.0,0.0,0.0,72.58,2.0,2.0,1.219,-0.333,-0.362,1.0
GUY,2025,1.0,0.0,0.0,0.0,58.41,0.0,0.0,0.945,0.328,0.178,1.0
HKG,1991,1.0,0.0,0.0,0.0,,0.0,0.0,1.273,0.87,1.579,1.0
HKG,1995,1.0,0.0,0.0,0.0,38.8,0.0,0.0,1.27,0.87,1.566,1.0
HKG,1998,1.0,0.0,0.0,0.0,53.29,0.0,0.0,1.258,0.877,1.596,1.0
HKG,2000,1.0,0.0,0.0,0.0,43.57,0.0,0.0,1.271,0.879,1.589,1.0
HKG,2004,1.0,0.0,0.0,0.0,55.64,0.0,0.0,1.283,0.881,1.623,1.0
HKG,2008,1.0,0.0,0.0,0.0,45.2,0.0,0.0,1.15,1.175,0.647,1.0
HKG,2012,1.0,0.0,0.0,0.0,53.05,0.0,0.0,1.149,1.156,0.649,1.0
HKG,2016,1.0,0.0,0.0,0.0,58.28,0.0,0.0,0.551,0.09,0.206,1.0
HKG,2021,1.0,0.0,0.0,0.0,30.0,0.0,0.0,-1.454,-3.086,-3.279,1.0
HKG,2025,1.0,0.0,0.0,0.0,,0.0,0.0,-2.15,-3.016,-2.087,1.0
ISL,1900,1.0,0.0,0.0,0.0,,1.0,1.0,0.929,1.575,1.2,1.0
ISL,1902,1.0,0.0,0.0,0.0,,0.0,0.0,0.933,1.587,1.21,1.0
ISL,1903,1.0,0.0,0.0,0.0,,0.0,0.0,0.933,1.587,1.21,1.0
ISL,1908,1.0,0.0,0.0,0.0,,0.0,0.0,0.896,1.573,1.194,1.0
ISL,1911,1.0,0.0,0.0,0.0,,0.0,0.0,0.92,1.596,1.187,1.0
ISL,1914,1.0,0.0,0.0,0.0,,2.0,2.0,0.923,1.573,1.211,1.0
ISL,1916,1.0,0.0,0.0,0.0,49.2,2.0,2.0,1.006,1.571,1.188,1.0
ISL,1919,1.0,0.0,0.0,0.0,45.5,0.0,0.0,1.018,1.578,1.201,1.0
ISL,1923,1.0,0.0,0.0,0.0,70.9,2.0,2.0,1.01,1.595,1.194,1.0
ISL,1927,1.0,0.0,0.0,0.0,71.5,2.0,2.0,1.021,1.59,1.218,1.0
ISL,1931,1.0,0.0,0.0,0.0,78.2,0.0,0.0,0.999,1.578,1.19,1.0
ISL,1933,1.0,0.0,0.0,0.0,69.0,0.0,0.0,1.034,1.585,1.212,1.0
ISL,1934,1.0,0.0,0.0,0.0,81.5,1.0,1.0,1.034,1.585,1.212,1.0
ISL,1937,1.0,0.0,0.0,0.0,87.9,0.0,0.0,1.008,1.61,1.218,1.0
ISL,1942,1.0,0.0,0.0,0.0,82.3,2.0,0.0,1.192,1.595,1.213,1.0
ISL,1946,1.0,0.0,0.0,0.0,87.41,0.0,0.0,1.228,1.594,1.208,1.0
ISL,1949,1.0,0.0,0.0,0.0,89.03,2.0,0.0,1.184,1.585,1.228,1.0
ISL,1952,0.0,0.0,1.0,0.0,82.03,0.0,2.0,1.247,1.621,1.226,1.0
ISL,1953,1.0,0.0,0.0,0.0,89.9,2.0,0.0,1.247,1.621,1.664,1.0
ISL,1956,1.0,0.0,0.0,0.0,92.07,2.0,0.0,1.188,1.646,1.64,1.0
ISL,1959,1.0,0.0,0.0,0.0,90.63,2.0,0.0,1.278,1.629,1.635,1.0
ISL,1963,1.0,0.0,0.0,0.0,91.14,1.0,0.0,1.297,1.613,1.661,1.0
ISL,1967,1.0,0.0,0.0,0.0,91.37,0.0,0.0,1.296,1.62,1.647,1.0
ISL,1968,0.0,0.0,1.0,0.0,92.16,0.0,2.0,1.243,1.612,1.656,1.0
ISL,1971,1.0,0.0,0.0,0.0,90.44,2.0,0.0,1.293,1.636,1.645,1.0
ISL,1974,1.0,0.0,0.0,0.0,91.44,2.0,0.0,1.28,1.625,1.662,1.0
ISL,1978,1.0,0.0,0.0,0.0,90.27,2.0,0.0,1.281,1.636,1.625,1.0
ISL,1979,1.0,0.0,0.0,0.0,89.34,2.0,0.0,1.29,1.625,1.619,1.0
ISL,1980,0.0,0.0,1.0,0.0,90.5,0.0,2.0,1.29,1.625,1.619,1.0
ISL,1983,1.0,0.0,0.0,0.0,88.6,2.0,0.0,1.289,1.642,1.622,1.0
ISL,1987,1.0,0.0,0.0,0.0,90.1,2.0,0.0,1.293,1.632,1.664,1.0
ISL,1988,0.0,0.0,1.0,0.0,72.8,0.0,0.0,1.28,1.623,1.622,1.0
ISL,1991,1.0,0.0,0.0,0.0,87.62,2.0,0.0,1.256,1.623,1.669,1.0
ISL,1995,1.0,0.0,0.0,0.0,87.38,0.0,0.0,1.284,1.631,1.656,1.0
ISL,1996,0.0,0.0,1.0,0.0,85.9,0.0,1.0,1.265,1.62,1.657,1.0
ISL,1999,1.0,0.0,0.0,0.0,84.07,0.0,0.0,1.287,1.636,1.631,1.0
ISL,2003,1.0,0.0,0.0,0.0,87.7,0.0,0.0,1.261,1.622,1.635,1.0
ISL,2004,0.0,0.0,1.0,0.0,62.92,0.0,0.0,1.232,1.662,1.653,1.0
ISL,2007,1.0,0.0,0.0,0.0,83.6,0.0,0.0,1.457,1.918,1.888,1.0
ISL,2009,1.0,0.0,0.0,0.0,85.12,0.0,0.0,1.459,1.915,1.909,1.0
ISL,2012,0.0,0.0,1.0,0.0,69.32,0.0,0.0,1.131,1.92,1.899,1.0
ISL,2013,1.0,0.0,0.0,0.0,81.44,2.0,0.0,1.453,1.92,1.899,1.0
ISL,2016,1.0,0.0,1.0,0.0,79.18,2.0,2.0,1.257,1.876,1.865,1.0
ISL,2017,1.0,0.0,0.0,0.0,81.2,2.0,0.0,1.443,1.876,1.865,1.0
ISL,2020,0.0,0.0,1.0,0.0,66.92,0.0,0.0,-0.133,1.801,1.697,1.0
ISL,2021,1.0,0.0,0.0,0.0,80.09,0.0,0.0,1.305,1.051,1.714,1.0
ISL,2024,1.0,0.0,1.0,0.0,80.78,2.0,2.0,1.286,1.798,1.703,1.0
ISR,1949,1.0,0.0,0.0,0.0,86.89,2.0,0.0,1.371,1.243,1.45,1.0
ISR,1951,1.0,0.0,0.0,0.0,75.15,0.0,0.0,1.401,1.231,1.46,1.0
ISR,1955,1.0,0.0,0.0,0.0,82.83,1.0,0.0,1.405,1.229,1.476,1.0
ISR,1959,1.0,0.0,0.0,0.0,81.6,0.0,0.0,1.391,1.515,1.457,1.0
ISR,1961,1.0,0.0,0.0,0.0,81.34,2.0,0.0,1.378,1.459,1.457,1.0
ISR,1965,1.0,0.0,0.0,0.0,85.86,0.0,0.0,1.399,1.49,1.449,1.0
ISR,1969,1.0,0.0,0.0,0.0,81.2,0.0,0.0,1.371,1.481,1.458,1.0
ISR,1973,1.0,0.0,0.0,0.0,78.58,0.0,0.0,1.408,1.97,1.473,1.0
ISR,1977,1.0,0.0,0.0,0.0,79.23,2.0,0.0,1.387,1.978,1.45,1.0
ISR,1981,1.0,0.0,0.0,0.0,78.5,0.0,0.0,1.377,1.975,1.441,1.0
ISR,1984,1.0,0.0,0.0,0.0,78.78,2.0,0.0,1.414,1.963,1.462,1.0
ISR,1988,1.0,0.0,0.0,0.0,79.66,0.0,0.0,1.38,1.985,1.49,1.0
ISR,1992,1.0,0.0,0.0,0.0,77.38,2.0,0.0,1.376,1.95,1.471,1.0
ISR,1996,1.0,0.0,1.0,0.0,79.3,2.0,0.0,1.379,1.984,1.492,1.0
ISR,1999,1.0,0.0,1.0,0.0,,2.0,0.0,1.366,1.951,1.481,1.0
ISR,2001,0.0,0.0,1.0,0.0,62.29,0.0,0.0,1.371,1.964,1.466,1.0
ISR,2003,1.0,0.0,0.0,0.0,67.81,0.0,0.0,1.376,1.99,1.471,1.0
ISR,2006,1.0,0.0,0.0,0.0,63.55,0.0,0.0,1.674,1.901,1.365,1.0
ISR,2009,1.0,0.0,0.0,0.0,64.72,2.0,0.0,1.662,1.858,1.364,1.0
ISR,2013,1.0,0.0,0.0,0.0,67.77,0.0,0.0,1.59,1.713,1.351,1.0
ISR,2015,1.0,0.0,0.0,0.0,72.34,0.0,0.0,1.625,1.749,1.384,1.0
ISR,2019,1.0,0.0,0.0,0.0,71.65,0.0,0.0,1.529,1.0,0.791,1.0
ISR,2020,1.0,0.0,0.0,0.0,71.52,0.0,0.0,1.529,1.829,1.608,1.0
ISR,2021,1.0,0.0,0.0,0.0,67.44,2.0,0.0,1.506,1.823,1.606,1.0
ISR,2022,1.0,0.0,0.0,0.0,70.63,2.0,0.0,1.497,1.807,1.625,1.0
KWT,1963,1.0,0.0,0.0,0.0,85.0,0.0,0.0,-1.789,1.276,1.112,1.0
KWT,1967,1.0,0.0,0.0,0.0,65.6,0.0,0.0,-1.783,-0.499,1.092,1.0
KWT,1971,1.0,0.0,0.0,0.0,51.6,0.0,0.0,-1.64,0.733,1.127,1.0
KWT,1975,1.0,0.0,0.0,0.0,58.24,0.0,0.0,-1.571,0.735,1.11,1.0
KWT,1981,1.0,0.0,0.0,0.0,90.0,0.0,0.0,-1.621,0.72,1.105,1.0
KWT,1985,1.0,0.0,0.0,0.0,84.59,0.0,0.0,-1.58,0.72,0.666,1.0
KWT,1990,1.0,0.0,0.0,0.0,62.3,0.0,0.0,-2.188,0.208,0.533,1.0
KWT,1992,1.0,0.0,0.0,0.0,85.0,0.0,0.0,-1.509,1.227,1.237,1.0
KWT,1996,1.0,0.0,0.0,0.0,80.0,0.0,0.0,-1.527,1.241,1.256,1.0
KWT,1999,1.0,0.0,0.0,0.0,83.2,0.0,0.0,-1.499,1.217,0.712,1.0
KWT,2003,1.0,0.0,0.0,0.0,,0.0,0.0,-1.514,1.232,0.726,1.0
KWT,2006,1.0,0.0,0.0,0.0,91.92,0.0,0.0,-1.641,1.118,0.839,1.0
KWT,2008,1.0,0.0,0.0,0.0,59.41,0.0,0.0,-1.63,1.12,0.629,1.0
KWT,2009,1.0,0.0,0.0,0.0,59.0,0.0,0.0,-1.63,1.024,0.629,1.0
KWT,2012,1.0,0.0,0.0,0.0,59.53,0.0,0.0,-1.554,0.863,0.571,1.0
KWT,2013,1.0,0.0,0.0,0.0,51.9,0.0,0.0,-1.686,0.821,0.799,1.0
KWT,2016,1.0,0.0,0.0,0.0,70.0,0.0,0.0,-1.656,1.106,1.232,1.0
KWT,2020,1.0,0.0,0.0,0.0,60.0,0.0,0.0,-1.782,0.957,1.173,1.0
KWT,2022,1.0,0.0,0.0,0.0,50.0,0.0,0.0,-0.807,0.85,1.173,1.0
KWT,2023,1.0,0.0,0.0,0.0,59.27,0.0,0.0,-0.807,0.963,1.413,1.0
KWT,2024,1.0,0.0,0.0,0.0,62.1,0.0,0.0,-0.947,0.056,0.65,1.0
LTU,1920,1.0,0.0,0.0,0.0,,2.0,0.0,1.339,1.805,0.49,1.0
LTU,1922,1.0,0.0,0.0,0.0,,2.0,0.0,1.319,1.795,0.311,1.0
LTU,1923,1.0,0.0,0.0,0.0,,0.0,0.0,1.319,1.795,0.311,1.0
LTU,1926,1.0,0.0,0.0,0.0,86.4,2.0,0.0,1.353,1.806,0.308,1.0
LTU,1936,1.0,0.0,0.0,0.0,,0.0,0.0,-1.723,-1.079,-1.196,1.0
LTU,1990,1.0,0.0,0.0,0.0,71.72,2.0,0.0,1.355,1.725,0.966,1.0
LTU,1992,1.0,1.0,0.0,0.0,75.22,2.0,0.0,1.338,1.719,1.032,1.0
LTU,1993,0.0,0.0,1.0,0.0,78.62,0.0,2.0,1.338,1.719,1.788,1.0
LTU,1996,1.0,1.0,0.0,0.0,52.95,2.0,0.0,1.33,1.706,1.814,1.0
LTU,1997,0.0,0.0,1.0,0.0,,0.0,2.0,1.32,1.722,1.839,1.0
LTU,1998,0.0,0.0,0.0,1.0,73.66,0.0,2.0,1.32,1.722,1.839,1.0
LTU,2000,1.0,0.0,0.0,0.0,58.18,2.0,0.0,1.327,1.693,1.803,1.0
LTU,2002,0.0,0.0,1.0,0.0,53.92,0.0,2.0,1.32,1.712,1.818,1.0
LTU,2003,0.0,0.0,0.0,1.0,52.65,0.0,2.0,1.32,1.712,1.818,1.0
LTU,2004,1.0,1.0,1.0,1.0,52.46,0.0,2.0,1.306,1.731,1.041,1.0
LTU,2008,1.0,1.0,0.0,0.0,48.59,2.0,0.0,1.479,1.961,1.971,1.0
LTU,2009,0.0,0.0,1.0,0.0,51.76,0.0,2.0,0.927,1.961,1.971,1.0
LTU,2012,1.0,1.0,0.0,0.0,52.93,2.0,0.0,1.483,1.583,1.959,1.0
LTU,2014,0.0,0.0,1.0,1.0,52.14,0.0,2.0,0.925,1.925,1.938,1.0
LTU,2016,1.0,1.0,0.0,0.0,50.6,2.0,0.0,1.391,1.845,1.892,1.0
LTU,2019,0.0,0.0,1.0,1.0,57.37,0.0,1.0,0.842,1.885,1.87,1.0
LTU,2020,1.0,1.0,0.0,0.0,47.8,2.0,0.0,1.4,0.741,1.896,1.0
LTU,2024,1.0,1.0,1.0,1.0,59.95,0.0,0.0,1.311,0.574,1.755,1.0
LUX,1915,1.0,0.0,0.0,0.0,,,,0.249,0.179,0.58,1.0
LUX,1919,1.0,0.0,0.0,0.0,48.4,,,1.311,0.996,1.621,1.0
LUX,1922,1.0,0.0,0.0,0.0,,,,1.311,0.996,1.608,1.0
LUX,1925,1.0,0.0,0.0,0.0,,,,1.314,0.995,1.621,1.0
LUX,1928,1.0,0.0,0.0,0.0,,,,1.324,0.984,1.641,1.0
LUX,1931,1.0,0.0,0.0,0.0,,,,1.306,1.019,1.646,1.0
LUX,1934,1.0,0.0,0.0,0.0,,,,1.323,0.984,1.626,1.0
LUX,1937,1.0,0.0,0.0,0.0,,,,1.302,1.019,1.612,1.0
LUX,1945,1.0,0.0,0.0,0.0,,,,1.314,1.764,1.622,1.0
LUX,1948,1.0,0.0,0.0,0.0,91.9,,,1.296,1.774,1.618,1.0
LUX,1951,1.0,0.0,0.0,0.0,90.78,,,1.294,1.797,1.612,1.0
LUX,1954,1.0,0.0,0.0,0.0,92.65,,,1.325,1.729,1.622,1.0
LUX,1959,1.0,0.0,0.0,0.0,92.33,,,1.339,1.732,1.605,1.0
LUX,1964,1.0,0.0,0.0,0.0,90.57,,,1.307,1.774,1.633,1.0
LUX,1968,1.0,0.0,0.0,0.0,88.56,,,1.291,1.74,1.607,1.0
LUX,1974,1.0,0.0,0.0,0.0,90.14,,,1.304,1.758,1.589,1.0
LUX,1979,1.0,0.0,0.0,0.0,88.85,,,1.292,1.777,1.62,1.0
LUX,1984,1.0,0.0,0.0,0.0,88.81,,,1.326,1.767,1.617,1.0
LUX,1989,1.0,0.0,0.0,0.0,87.39,,,1.283,1.772,1.607,1.0
LUX,1994,1.0,0.0,0.0,0.0,88.3,,,1.295,1.75,1.644,1.0
LUX,1999,1.0,0.0,0.0,0.0,86.51,,,1.275,1.752,1.623,1.0
LUX,2004,1.0,0.0,0.0,0.0,91.98,0.0,0.0,1.3,1.778,1.635,1.0
LUX,2009,1.0,0.0,0.0,0.0,90.63,0.0,0.0,1.424,1.815,1.798,1.0
LUX,2013,1.0,0.0,0.0,0.0,91.15,2.0,0.0,1.391,1.858,1.786,1.0
LUX,2018,1.0,0.0,0.0,0.0,89.66,0.0,0.0,1.375,1.838,1.808,1.0
LUX,2023,1.0,0.0,0.0,0.0,87.18,0.0,0.0,1.332,1.754,1.709,1.0
MKD,1994,1.0,1.0,1.0,0.0,77.76,0.0,0.0,0.076,-0.632,-0.281,1.0
MKD,1998,1.0,1.0,0.0,0.0,72.9,0.0,0.0,1.407,1.731,-0.17,1.0
MKD,1999,0.0,0.0,1.0,1.0,69.1,0.0,2.0,1.407,-0.85,-0.67,1.0
MKD,2002,1.0,0.0,0.0,0.0,74.6,2.0,0.0,1.389,1.17,-0.518,1.0
MKD,2004,0.0,0.0,1.0,1.0,53.64,0.0,2.0,1.41,0.574,-0.206,1.0
MKD,2006,1.0,0.0,0.0,0.0,55.98,2.0,0.0,1.309,0.469,0.008,1.0
MKD,2008,1.0,0.0,0.0,0.0,57.99,0.0,0.0,1.307,0.236,-0.276,1.0
MKD,2009,0.0,0.0,1.0,1.0,56.9,0.0,2.0,1.307,0.222,-0.291,1.0
MKD,2011,1.0,0.0,0.0,0.0,63.48,0.0,0.0,1.489,-0.052,-0.348,1.0
MKD,2014,1.0,0.0,1.0,1.0,54.36,0.0,0.0,1.481,-0.214,-0.415,1.0
MKD,2016,1.0,0.0,0.0,0.0,66.79,0.0,0.0,1.443,0.265,-0.369,1.0
MKD,2019,0.0,0.0,1.0,1.0,46.65,0.0,2.0,1.335,0.574,0.203,1.0
MKD,2020,1.0,0.0,0.0,0.0,52.02,0.0,0.0,1.342,0.425,0.132,1.0
MKD,2024,1.0,0.0,1.0,1.0,55.44,2.0,2.0,1.411,0.565,0.741,1.0
MYS,1955,1.0,0.0,0.0,0.0,82.8,2.0,0.0,0.577,0.067,-0.078,1.0
MYS,1959,1.0,0.0,0.0,0.0,73.3,0.0,0.0,0.571,0.056,-0.315,1.0
MYS,1964,1.0,0.0,0.0,0.0,78.9,0.0,0.0,1.227,-0.561,-0.675,1.0
MYS,1969,1.0,0.0,0.0,0.0,73.6,0.0,0.0,0.594,-0.563,-0.473,1.0
MYS,1974,1.0,0.0,0.0,0.0,,0.0,0.0,1.273,-0.874,-0.863,1.0
MYS,1978,1.0,0.0,0.0,0.0,,0.0,0.0,1.255,-0.872,-0.851,1.0
MYS,1982,1.0,0.0,0.0,0.0,72.1,0.0,0.0,1.267,-0.87,-0.85,1.0
MYS,1986,1.0,0.0,0.0,0.0,74.39,0.0,0.0,1.284,-1.091,-1.028,1.0
MYS,1990,1.0,0.0,0.0,0.0,70.0,0.0,0.0,1.554,-1.193,-1.42,1.0
MYS,1995,1.0,0.0,0.0,0.0,71.8,0.0,0.0,1.57,-1.176,-1.414,1.0
MYS,1999,1.0,0.0,0.0,0.0,68.65,0.0,0.0,1.589,-1.164,-1.545,1.0
MYS,2004,1.0,0.0,0.0,0.0,73.9,0.0,0.0,1.56,-0.613,-1.045,1.0
MYS,2008,1.0,0.0,0.0,0.0,75.99,0.0,0.0,0.247,-0.387,-0.459,1.0
MYS,2013,1.0,0.0,0.0,0.0,84.84,0.0,0.0,0.399,-0.583,-0.617,1.0
MYS,2018,1.0,0.0,0.0,0.0,82.32,2.0,0.0,0.693,0.12,-0.477,1.0
MYS,2022,1.0,0.0,0.0,0.0,73.89,2.0,0.0,0.736,-0.027,0.279,1.0
MLT,1921,1.0,0.0,0.0,0.0,,2.0,0.0,1.176,1.192,0.648,1.0
MLT,1924,1.0,0.0,0.0,0.0,,2.0,0.0,1.188,1.161,0.649,1.0
MLT,1927,1.0,0.0,0.0,0.0,,2.0,0.0,1.215,1.197,0.666,1.0
MLT,1932,1.0,0.0,0.0,0.0,,2.0,0.0,1.194,1.169,0.67,1.0
MLT,1939,1.0,0.0,0.0,0.0,,,0.0,1.223,1.187,0.675,1.0
MLT,1945,1.0,0.0,0.0,0.0,,,0.0,1.185,1.176,0.654,1.0
MLT,1947,1.0,0.0,0.0,0.0,75.44,2.0,0.0,1.165,1.168,0.644,1.0
MLT,1950,1.0,0.0,0.0,0.0,76.02,2.0,0.0,1.208,1.185,0.646,1.0
MLT,1951,1.0,0.0,0.0,0.0,74.59,1.0,0.0,1.208,1.185,0.646,1.0
MLT,1953,1.0,0.0,0.0,0.0,80.37,0.0,0.0,1.234,1.175,0.667,1.0
MLT,1955,1.0,0.0,0.0,0.0,81.16,2.0,0.0,1.219,1.157,0.635,1.0
MLT,1962,1.0,0.0,0.0,0.0,90.77,2.0,0.0,1.226,1.173,0.265,1.0
MLT,1966,1.0,0.0,0.0,0.0,89.71,0.0,0.0,1.139,1.183,0.288,1.0
MLT,1971,1.0,0.0,0.0,0.0,92.93,2.0,0.0,1.219,1.183,0.663,1.0
MLT,1976,1.0,0.0,0.0,0.0,95.0,0.0,0.0,1.219,1.165,-0.438,1.0
MLT,1981,1.0,0.0,0.0,0.0,94.64,0.0,0.0,1.217,1.195,-0.711,1.0
MLT,1987,1.0,0.0,0.0,0.0,96.11,2.0,0.0,1.183,1.165,0.306,1.0
MLT,1992,1.0,0.0,0.0,0.0,96.04,0.0,0.0,1.196,1.186,1.285,1.0
MLT,1996,1.0,0.0,0.0,0.0,97.16,2.0,0.0,1.208,1.144,1.258,1.0
MLT,1998,1.0,0.0,0.0,0.0,95.4,2.0,0.0,1.197,1.178,1.26,1.0
MLT,2003,1.0,0.0,0.0,0.0,95.7,0.0,0.0,1.192,1.19,1.272,1.0
MLT,2008,1.0,0.0,0.0,0.0,93.3,0.0,0.0,1.369,1.914,1.835,1.0
MLT,2013,1.0,0.0,0.0,0.0,92.95,2.0,0.0,1.386,1.532,1.565,1.0
MLT,2017,1.0,0.0,0.0,0.0,92.06,0.0,0.0,1.408,1.554,1.005,1.0
MLT,2022,1.0,0.0,0.0,0.0,85.63,0.0,0.0,1.324,1.45,1.631,1.0
MUS,1948,1.0,0.0,0.0,0.0,,0.0,0.0,1.487,0.839,0.657,1.0
MUS,1953,1.0,0.0,0.0,0.0,,0.0,0.0,1.473,0.864,0.675,1.0
MUS,1959,1.0,0.0,0.0,0.0,,0.0,0.0,1.451,0.859,0.673,1.0
MUS,1963,1.0,0.0,0.0,0.0,,0.0,0.0,1.474,0.873,0.671,1.0
MUS,1967,1.0,0.0,0.0,0.0,88.9,0.0,0.0,1.51,0.933,1.635,1.0
MUS,1976,1.0,0.0,0.0,0.0,88.0,0.0,0.0,1.514,1.017,0.609,1.0
MUS,1982,1.0,0.0,0.0,0.0,90.0,2.0,0.0,1.532,1.812,0.611,1.0
MUS,1983,1.0,0.0,0.0,0.0,87.04,0.0,0.0,1.487,1.801,0.652,1.0
MUS,1987,1.0,0.0,0.0,0.0,85.0,0.0,0.0,1.499,1.813,0.619,1.0
MUS,1991,1.0,0.0,0.0,0.0,84.08,0.0,0.0,1.512,1.809,0.605,1.0
MUS,1995,1.0,0.0,0.0,0.0,76.69,2.0,0.0,1.5,1.808,0.627,1.0
MUS,2000,1.0,0.0,0.0,0.0,80.87,2.0,0.0,1.511,1.822,0.627,1.0
MUS,2005,1.0,0.0,0.0,0.0,81.25,2.0,0.0,1.663,1.591,0.745,1.0
MUS,2010,1.0,0.0,0.0,0.0,77.82,0.0,0.0,1.672,1.063,0.744,1.0
MUS,2014,1.0,0.0,0.0,0.0,74.41,2.0,0.0,1.629,1.63,0.849,1.0
MUS,2019,1.0,0.0,0.0,0.0,77.01,0.0,0.0,1.57,-0.426,0.443,1.0
MUS,2024,1.0,0.0,0.0,0.0,79.3,0.0,0.0,1.521,2.166,0.629,1.0
MNE,1905,1.0,0.0,0.0,0.0,,2.0,0.0,-1.941,-0.712,-0.193,1.0
MNE,1906,1.0,0.0,0.0,0.0,,2.0,0.0,-1.941,-0.712,-0.193,1.0
MNE,1907,1.0,0.0,0.0,0.0,,0.0,0.0,-0.617,-1.502,-0.861,1.0
MNE,1911,1.0,0.0,0.0,0.0,,0.0,0.0,-1.227,-1.507,-0.837,1.0
MNE,1914,1.0,0.0,0.0,0.0,,0.0,0.0,-1.136,-1.046,-0.628,1.0
MNE,1998,1.0,0.0,0.0,0.0,,0.0,0.0,0.195,-0.336,-0.313,1.0
MNE,2001,1.0,0.0,0.0,0.0,,0.0,0.0,0.208,-0.152,-0.143,1.0
MNE,2002,1.0,0.0,1.0,0.0,74.6,0.0,0.0,0.207,-0.043,0.02,1.0
MNE,2003,0.0,0.0,0.0,1.0,48.38,0.0,2.0,0.207,-0.043,0.02,1.0
MNE,2006,1.0,0.0,0.0,0.0,72.05,1.0,0.0,0.54,-0.047,-0.513,1.0
MNE,2008,0.0,0.0,1.0,0.0,68.7,0.0,0.0,0.534,0.013,-0.359,1.0
MNE,2009,1.0,0.0,0.0,0.0,66.19,0.0,0.0,0.534,0.013,-0.359,1.0
MNE,2012,1.0,0.0,0.0,0.0,70.56,0.0,0.0,0.532,0.019,-0.363,1.0
MNE,2013,0.0,0.0,1.0,0.0,63.9,0.0,0.0,1.057,-0.55,-0.596,1.0
MNE,2016,1.0,0.0,0.0,0.0,73.41,1.0,0.0,1.033,-0.918,-0.768,1.0
MNE,2018,0.0,0.0,1.0,0.0,63.92,0.0,1.0,0.953,-0.543,-0.694,1.0
MNE,2020,1.0,0.0,0.0,0.0,76.65,2.0,0.0,1.423,-0.671,-0.575,1.0
MNE,2023,1.0,0.0,1.0,1.0,70.14,2.0,2.0,1.408,0.06,0.263,1.0
NZL,1902,1.0,0.0,0.0,0.0,76.7,0.0,0.0,1.303,1.793,1.661,1.0
NZL,1905,1.0,0.0,0.0,0.0,83.3,0.0,0.0,1.274,1.766,1.642,1.0
NZL,1908,1.0,1.0,0.0,0.0,79.8,0.0,0.0,1.302,1.778,1.626,1.0
NZL,1911,1.0,1.0,0.0,0.0,83.5,0.0,0.0,1.278,1.786,1.637,1.0
NZL,1914,1.0,0.0,0.0,0.0,84.7,0.0,0.0,1.281,1.774,1.62,1.0
NZL,1919,1.0,0.0,0.0,0.0,80.5,0.0,0.0,1.292,1.764,1.645,1.0
NZL,1922,1.0,0.0,0.0,0.0,87.7,0.0,0.0,1.263,1.677,1.562,1.0
NZL,1925,1.0,0.0,0.0,0.0,90.02,0.0,0.0,1.23,1.658,1.613,1.0
NZL,1928,1.0,0.0,0.0,0.0,88.01,2.0,0.0,1.277,1.693,1.582,1.0
NZL,1931,1.0,0.0,0.0,0.0,83.3,0.0,0.0,1.237,1.695,1.583,1.0
NZL,1935,1.0,0.0,0.0,0.0,90.75,2.0,0.0,1.276,1.665,1.596,1.0
NZL,1938,1.0,0.0,0.0,0.0,92.9,0.0,0.0,1.281,1.679,1.564,1.0
NZL,1943,1.0,0.0,0.0,0.0,,,,1.281,1.679,1.564,1.0
NZL,1946,1.0,0.0,0.0,0.0,97.6,0.0,0.0,1.291,1.661,1.577,1.0
NZL,1949,1.0,0.0,0.0,0.0,97.01,2.0,0.0,1.258,1.679,1.603,1.0
NZL,1951,1.0,0.0,0.0,0.0,96.21,0.0,0.0,1.273,0.775,1.595,1.0
NZL,1954,1.0,0.0,0.0,0.0,94.57,0.0,0.0,1.277,1.674,1.592,1.0
NZL,1957,1.0,0.0,0.0,0.0,93.44,2.0,0.0,1.245,1.691,1.6,1.0
NZL,1960,1.0,0.0,0.0,0.0,90.26,2.0,0.0,1.265,1.689,1.575,1.0
NZL,1963,1.0,0.0,0.0,0.0,89.56,0.0,0.0,1.263,1.69,1.59,1.0
NZL,1966,1.0,0.0,0.0,0.0,86.6,0.0,0.0,1.258,1.676,1.569,1.0
NZL,1969,1.0,0.0,0.0,0.0,89.88,0.0,0.0,1.272,1.676,1.597,1.0
NZL,1972,1.0,0.0,0.0,0.0,89.83,2.0,0.0,1.266,1.691,1.593,1.0
NZL,1975,1.0,0.0,0.0,0.0,83.17,2.0,0.0,1.28,1.713,1.596,1.0
NZL,1978,1.0,0.0,0.0,0.0,84.9,0.0,0.0,1.249,1.677,1.575,1.0
NZL,1981,1.0,0.0,0.0,0.0,91.44,0.0,0.0,1.278,1.681,1.595,1.0
NZL,1984,1.0,0.0,0.0,0.0,93.71,2.0,0.0,1.25,1.707,1.564,1.0
NZL,1987,1.0,0.0,0.0,0.0,89.06,0.0,0.0,1.25,1.684,1.604,1.0
NZL,1990,1.0,0.0,0.0,0.0,85.24,2.0,0.0,1.259,1.68,1.594,1.0
NZL,1993,1.0,0.0,0.0,0.0,85.2,0.0,0.0,1.26,1.676,1.598,1.0
NZL,1996,1.0,0.0,0.0,0.0,88.28,0.0,0.0,1.26,1.687,1.594,1.0
NZL,1999,1.0,0.0,0.0,0.0,84.77,2.0,0.0,1.258,1.689,1.576,1.0
NZL,2002,1.0,0.0,0.0,0.0,76.98,0.0,0.0,1.288,1.686,1.57,1.0
NZL,2005,1.0,0.0,0.0,0.0,80.29,0.0,0.0,1.543,1.498,1.919,1.0
NZL,2008,1.0,0.0,0.0,0.0,79.46,2.0,0.0,1.527,2.075,1.899,1.0
NZL,2011,1.0,0.0,0.0,0.0,74.21,0.0,0.0,1.512,2.084,1.919,1.0
NZL,2014,1.0,0.0,0.0,0.0,76.95,0.0,0.0,1.474,2.066,1.871,1.0
NZL,2017,1.0,0.0,0.0,0.0,79.75,2.0,0.0,1.5,2.068,1.885,1.0
NZL,2020,1.0,0.0,0.0,0.0,82.24,0.0,0.0,1.472,2.027,1.887,1.0
NZL,2023,1.0,0.0,0.0,0.0,78.2,2.0,0.0,1.355,1.93,1.758,1.0
NOR,1900,1.0,0.0,0.0,0.0,57.3,,,1.086,1.833,0.871,1.0
NOR,1903,1.0,0.0,0.0,0.0,55.5,2.0,2.0,0.865,1.891,0.801,1.0
NOR,1906,1.0,1.0,0.0,0.0,60.9,2.0,0.0,0.874,1.917,0.803,1.0
NOR,1909,1.0,1.0,0.0,0.0,56.6,0.0,0.0,0.875,1.888,0.806,1.0
NOR,1912,1.0,1.0,0.0,0.0,65.9,0.0,0.0,0.856,1.88,0.807,1.0
NOR,1915,1.0,1.0,0.0,0.0,57.6,,,0.91,1.727,1.355,1.0
NOR,1918,1.0,1.0,0.0,0.0,60.5,0.0,0.0,0.843,1.911,0.815,1.0
NOR,1921,1.0,0.0,0.0,0.0,67.9,0.0,0.0,1.265,1.692,0.742,1.0
NOR,1924,1.0,0.0,0.0,0.0,69.9,0.0,0.0,1.288,1.688,0.759,1.0
NOR,1927,1.0,0.0,0.0,0.0,68.1,0.0,0.0,1.282,1.688,0.752,1.0
NOR,1930,1.0,0.0,0.0,0.0,77.6,0.0,0.0,1.311,1.71,0.752,1.0
NOR,1933,1.0,0.0,0.0,0.0,76.4,0.0,0.0,1.297,1.684,0.752,1.0
NOR,1936,1.0,0.0,0.0,0.0,84.0,0.0,0.0,1.266,1.69,0.744,1.0
NOR,1945,1.0,0.0,0.0,0.0,76.36,0.0,0.0,1.268,1.653,1.82,1.0
NOR,1949,1.0,0.0,0.0,0.0,82.02,0.0,0.0,1.292,1.675,1.824,1.0
NOR,1953,1.0,0.0,0.0,0.0,79.33,0.0,0.0,1.289,1.685,1.844,1.0
NOR,1957,1.0,0.0,0.0,0.0,78.32,0.0,0.0,1.292,1.668,1.832,1.0
NOR,1961,1.0,0.0,0.0,0.0,79.07,0.0,0.0,1.313,1.705,1.828,1.0
NOR,1965,1.0,0.0,0.0,0.0,85.43,2.0,0.0,1.232,1.698,1.8,1.0
NOR,1969,1.0,0.0,0.0,0.0,83.84,0.0,0.0,1.261,1.696,1.813,1.0
NOR,1973,1.0,0.0,0.0,0.0,80.24,2.0,0.0,1.268,1.725,1.829,1.0
NOR,1977,1.0,0.0,0.0,0.0,82.89,0.0,0.0,1.242,1.683,1.822,1.0
NOR,1981,1.0,0.0,0.0,0.0,81.99,0.0,0.0,1.31,1.7,1.796,1.0
NOR,1985,1.0,0.0,0.0,0.0,84.03,0.0,0.0,1.221,1.735,1.821,1.0
NOR,1989,1.0,0.0,0.0,0.0,83.16,2.0,0.0,1.251,1.69,1.819,1.0
NOR,1993,1.0,0.0,0.0,0.0,75.85,0.0,0.0,1.267,1.703,1.836,1.0
NOR,1997,1.0,0.0,0.0,0.0,78.33,2.0,0.0,1.253,1.709,1.805,1.0
NOR,2001,1.0,0.0,0.0,0.0,75.48,2.0,0.0,1.302,1.716,1.823,1.0
NOR,2005,1.0,0.0,0.0,0.0,77.44,2.0,0.0,1.379,1.873,1.97,1.0
NOR,2009,1.0,0.0,0.0,0.0,76.37,0.0,0.0,1.471,1.998,2.037,1.0
NOR,2013,1.0,0.0,0.0,0.0,78.23,2.0,0.0,1.465,1.977,2.056,1.0
NOR,2017,1.0,0.0,0.0,0.0,78.22,0.0,0.0,1.375,1.87,1.951,1.0
NOR,2021,1.0,0.0,0.0,0.0,77.17,1.0,0.0,1.403,1.887,1.933,1.0
NOR,2025,1.0,0.0,0.0,0.0,80.12,0.0,0.0,1.296,1.793,1.916,1.0
OMN,2000,1.0,0.0,0.0,0.0,,0.0,0.0,-2.62,0.668,0.344,1.0
OMN,2003,1.0,0.0,0.0,0.0,,0.0,0.0,-2.252,1.346,0.339,1.0
OMN,2007,1.0,0.0,0.0,0.0,62.7,0.0,0.0,-2.214,1.222,0.475,1.0
OMN,2011,1.0,0.0,0.0,0.0,76.04,0.0,0.0,-2.211,1.456,0.467,1.0
OMN,2015,1.0,0.0,0.0,0.0,56.66,0.0,0.0,-2.213,1.475,0.467,1.0
OMN,2019,1.0,0.0,0.0,0.0,49.02,0.0,0.0,-2.144,2.04,0.362,1.0
OMN,2023,1.0,0.0,0.0,0.0,65.85,0.0,0.0,-2.127,2.045,0.347,1.0
PRY,1943,0.0,0.0,1.0,0.0,,0.0,0.0,-1.852,-2.384,-1.923,1.0
PRY,1948,1.0,0.0,1.0,0.0,,2.0,2.0,-2.33,-2.436,-1.928,1.0
PRY,1949,1.0,0.0,1.0,0.0,,1.0,1.0,-2.327,-2.405,-1.933,1.0
PRY,1950,1.0,0.0,1.0,0.0,,0.0,0.0,-2.323,-2.409,-1.923,1.0
PRY,1953,1.0,0.0,1.0,0.0,,0.0,0.0,-2.303,-2.387,-1.918,1.0
PRY,1954,0.0,0.0,1.0,0.0,,1.0,1.0,-3.063,-2.381,-2.578,1.0
PRY,1958,1.0,0.0,1.0,0.0,,0.0,0.0,-3.033,-2.369,-2.572,1.0
PRY,1960,1.0,0.0,0.0,0.0,,0.0,0.0,-3.042,-2.371,-2.563,1.0
PRY,1963,1.0,0.0,1.0,0.0,85.12,0.0,0.0,-1.005,-2.386,-2.558,1.0
PRY,1968,1.0,0.0,1.0,0.0,73.14,0.0,0.0,-1.017,-2.368,-2.563,1.0
PRY,1973,1.0,0.0,1.0,0.0,77.39,0.0,0.0,-1.017,-2.378,-2.578,1.0
PRY,1978,1.0,0.0,1.0,0.0,85.96,0.0,0.0,-1.01,-2.364,-2.555,1.0
PRY,1983,1.0,0.0,1.0,0.0,92.62,0.0,0.0,-1.002,-2.403,-1.931,1.0
PRY,1988,1.0,0.0,1.0,0.0,92.17,0.0,0.0,-1.014,-2.375,-1.921,1.0
PRY,1989,1.0,0.0,1.0,0.0,54.03,2.0,2.0,-0.43,-0.912,-0.541,1.0
PRY,1993,1.0,0.0,1.0,0.0,69.0,1.0,1.0,1.482,0.011,0.253,1.0
PRY,1998,1.0,0.0,1.0,0.0,80.54,1.0,1.0,0.756,0.012,0.242,1.0
PRY,2003,1.0,0.0,1.0,0.0,64.2,1.0,1.0,1.499,0.346,0.646,1.0
PRY,2008,1.0,0.0,1.0,0.0,60.34,2.0,2.0,1.086,0.438,0.513,1.0
PRY,2013,1.0,0.0,1.0,0.0,68.02,2.0,2.0,1.08,0.456,1.136,1.0
PRY,2018,1.0,0.0,1.0,0.0,61.25,1.0,1.0,1.097,0.418,1.058,1.0
PRY,2023,1.0,0.0,1.0,0.0,62.86,1.0,1.0,1.074,0.329,1.129,1.0
ROU,1901,1.0,0.0,0.0,0.0,,0.0,0.0,1.072,-0.667,-1.14,1.0
ROU,1905,1.0,0.0,0.0,0.0,,0.0,0.0,1.058,-0.673,-1.128,1.0
ROU,1907,1.0,0.0,0.0,0.0,,0.0,0.0,1.059,-0.665,-1.136,1.0
ROU,1911,1.0,0.0,0.0,0.0,,0.0,0.0,1.086,-0.661,-1.148,1.0
ROU,1912,1.0,0.0,0.0,0.0,,2.0,0.0,1.066,-0.682,-1.142,1.0
ROU,1914,1.0,0.0,0.0,0.0,,0.0,0.0,1.062,-0.65,-1.122,1.0
ROU,1918,1.0,0.0,0.0,0.0,,2.0,0.0,1.022,0.041,-1.153,1.0
ROU,1919,1.0,0.0,0.0,0.0,,2.0,0.0,1.055,-0.443,-1.234,1.0
ROU,1920,1.0,0.0,0.0,0.0,,0.0,0.0,1.055,-0.443,-1.234,1.0
ROU,1922,1.0,0.0,0.0,0.0,76.0,0.0,0.0,1.01,-0.306,-1.22,1.0
ROU,1926,1.0,0.0,0.0,0.0,75.0,0.0,0.0,1.021,-0.293,-1.241,1.0
ROU,1927,1.0,0.0,0.0,0.0,77.0,1.0,0.0,0.985,-0.29,-1.25,1.0
ROU,1928,1.0,0.0,0.0,0.0,77.4,0.0,0.0,1.015,-0.303,-0.85,1.0
ROU,1931,1.0,0.0,0.0,0.0,72.5,0.0,0.0,1.016,-0.313,-1.244,1.0
ROU,1932,1.0,0.0,0.0,0.0,70.8,1.0,0.0,0.988,-0.322,-1.247,1.0
ROU,1933,1.0,0.0,0.0,0.0,68.0,1.0,0.0,1.029,-0.296,-1.257,1.0
ROU,1937,1.0,0.0,0.0,0.0,66.1,2.0,0.0,0.514,-0.788,-0.745,1.0
ROU,1939,1.0,0.0,0.0,0.0,89.0,1.0,0.0,-0.317,-2.08,-1.426,1.0
ROU,1946,1.0,0.0,0.0,0.0,,1.0,0.0,-0.406,-1.76,-1.671,1.0
ROU,1948,1.0,0.0,0.0,0.0,91.2,1.0,0.0,-2.25,-2.109,-1.753,1.0
ROU,1952,1.0,0.0,0.0,0.0,97.9,0.0,0.0,-2.258,-2.611,-2.11,1.0
ROU,1957,1.0,0.0,0.0,0.0,99.2,0.0,0.0,-2.26,-2.61,-2.084,1.0
ROU,1961,1.0,0.0,0.0,0.0,99.8,2.0,0.0,-2.262,-2.63,-2.084,1.0
ROU,1965,1.0,0.0,0.0,0.0,,0.0,0.0,-2.259,-3.215,-1.974,1.0
ROU,1969,1.0,0.0,0.0,0.0,100.0,0.0,0.0,-2.257,-3.213,-1.965,1.0
ROU,1975,1.0,0.0,0.0,0.0,100.0,0.0,0.0,-2.671,-3.189,-1.959,1.0
ROU,1980,1.0,0.0,0.0,0.0,99.99,0.0,0.0,-2.698,-3.173,-1.975,1.0
ROU,1985,1.0,0.0,0.0,0.0,100.0,0.0,0.0,-2.713,-3.188,-1.985,1.0
ROU,1990,1.0,0.0,1.0,0.0,86.2,0.0,0.0,1.401,0.564,-1.274,1.0
ROU,1992,1.0,0.0,1.0,1.0,76.3,2.0,0.0,1.387,0.309,-1.165,1.0
ROU,1996,1.0,0.0,1.0,1.0,76.0,2.0,2.0,1.424,1.029,-0.819,1.0
ROU,2000,1.0,0.0,1.0,1.0,65.31,2.0,2.0,1.402,1.042,0.621,1.0
ROU,2004,1.0,0.0,1.0,1.0,58.51,1.0,2.0,1.409,0.621,-0.157,1.0
ROU,2008,1.0,0.0,0.0,0.0,39.2,2.0,0.0,1.498,1.188,0.414,1.0
ROU,2009,0.0,0.0,1.0,1.0,58.02,0.0,0.0,1.498,1.188,0.579,1.0
ROU,2012,1.0,0.0,0.0,0.0,41.76,0.0,0.0,1.509,0.989,0.427,1.0
ROU,2014,0.0,0.0,1.0,1.0,64.11,0.0,2.0,1.341,1.459,0.599,1.0
ROU,2016,1.0,0.0,0.0,0.0,37.79,2.0,0.0,1.36,1.665,1.0,1.0
ROU,2019,0.0,0.0,1.0,1.0,54.46,0.0,0.0,1.278,2.393,1.566,1.0
ROU,2020,1.0,0.0,0.0,0.0,31.84,1.0,0.0,1.234,1.043,0.984,1.0
ROU,2024,1.0,0.0,1.0,0.0,52.55,0.0,0.0,1.393,-0.211,0.52,1.0
ROU,2025,0.0,0.0,1.0,1.0,64.69,2.0,2.0,1.393,0.76,0.985,1.0
STP,1991,1.0,0.0,1.0,0.0,76.74,2.0,2.0,0.507,0.061,0.985,1.0
STP,1994,1.0,0.0,0.0,0.0,52.09,2.0,0.0,1.415,1.261,0.989,1.0
STP,1996,0.0,0.0,1.0,1.0,78.7,0.0,0.0,1.412,0.296,0.992,1.0
STP,1998,1.0,0.0,0.0,0.0,64.68,0.0,0.0,1.397,1.268,0.989,1.0
STP,2001,0.0,0.0,1.0,0.0,70.55,0.0,1.0,0.797,1.256,1.8,1.0
STP,2002,1.0,0.0,0.0,0.0,66.29,2.0,0.0,1.428,1.256,1.8,1.0
STP,2006,1.0,1.0,1.0,0.0,66.9,2.0,0.0,0.445,1.113,1.812,1.0
STP,2010,1.0,0.0,0.0,0.0,88.45,2.0,0.0,1.532,0.999,1.854,1.0
STP,2011,0.0,0.0,1.0,1.0,74.09,0.0,2.0,1.1,0.917,1.854,1.0
STP,2014,1.0,0.0,0.0,0.0,74.91,2.0,0.0,0.943,1.421,1.704,1.0
STP,2016,0.0,0.0,1.0,1.0,64.31,0.0,2.0,0.219,0.958,1.712,1.0
STP,2018,1.0,0.0,0.0,0.0,80.65,2.0,0.0,0.921,1.412,1.755,1.0
STP,2021,0.0,0.0,1.0,1.0,67.76,0.0,2.0,0.964,1.078,1.753,1.0
STP,2022,1.0,0.0,0.0,0.0,65.67,0.0,0.0,0.96,1.401,1.692,1.0
SRB,1903,1.0,0.0,0.0,0.0,,0.0,0.0,-0.488,-0.398,-0.199,1.0
SRB,1908,1.0,0.0,0.0,0.0,,0.0,0.0,-0.341,-0.735,-0.311,1.0
SRB,1923,1.0,0.0,0.0,0.0,,0.0,0.0,-0.471,-0.325,-0.229,1.0
SRB,1925,1.0,0.0,0.0,0.0,,0.0,0.0,-0.46,-0.319,-0.233,1.0
SRB,1927,1.0,0.0,0.0,0.0,,0.0,0.0,-0.575,-0.334,-0.215,1.0
SRB,1931,1.0,0.0,0.0,0.0,,0.0,0.0,,,,1.0
SRB,1935,1.0,0.0,0.0,0.0,,0.0,0.0,-0.758,-0.631,-0.727,1.0
SRB,1938,1.0,0.0,0.0,0.0,,0.0,0.0,-0.87,-0.627,-0.49,1.0
SRB,1945,1.0,0.0,0.0,0.0,,0.0,0.0,-1.248,-1.885,-2.998,1.0
SRB,1950,1.0,0.0,0.0,0.0,,0.0,0.0,-2.487,-1.909,-2.694,1.0
SRB,1953,1.0,0.0,0.0,0.0,,0.0,0.0,-2.487,-1.912,-2.71,1.0
SRB,1958,1.0,0.0,0.0,0.0,,0.0,0.0,-2.952,-1.886,-2.724,1.0
SRB,1963,1.0,0.0,0.0,0.0,,0.0,0.0,-2.488,-1.891,-2.723,1.0
SRB,1969,1.0,0.0,0.0,0.0,,0.0,0.0,-2.487,-1.902,-2.741,1.0
SRB,1974,1.0,0.0,0.0,0.0,,0.0,0.0,-2.366,-1.902,-2.741,1.0
SRB,1992,1.0,1.0,0.0,0.0,64.1,1.0,1.0,0.558,-1.216,-0.907,1.0
SRB,1996,1.0,0.0,0.0,0.0,,0.0,0.0,0.305,-1.232,-0.968,1.0
SRB,2000,1.0,0.0,1.0,0.0,71.55,2.0,0.0,1.313,0.198,-0.235,1.0
SRB,2002,0.0,0.0,1.0,1.0,55.48,0.0,2.0,1.342,0.352,1.023,1.0
SRB,2003,1.0,0.0,1.0,1.0,58.7,2.0,0.0,1.342,0.352,0.581,1.0
SRB,2004,0.0,0.0,1.0,1.0,48.7,0.0,2.0,1.342,0.352,0.581,1.0
SRB,2007,1.0,0.0,0.0,0.0,60.57,0.0,0.0,1.638,0.389,0.261,1.0
SRB,2008,1.0,0.0,1.0,1.0,68.12,2.0,0.0,1.638,0.389,0.261,1.0
SRB,2012,1.0,0.0,1.0,1.0,57.91,2.0,2.0,1.625,0.192,0.003,1.0
SRB,2014,1.0,0.0,0.0,0.0,53.09,2.0,0.0,1.561,-0.093,-0.624,1.0
SRB,2016,1.0,0.0,0.0,0.0,56.07,0.0,0.0,1.595,-0.365,-0.952,1.0
SRB,2017,0.0,0.0,1.0,0.0,54.36,0.0,0.0,1.595,-0.421,-1.048,1.0
SRB,2020,1.0,0.0,0.0,0.0,48.93,0.0,0.0,-0.073,-0.912,-1.17,1.0
SRB,2022,1.0,0.0,1.0,0.0,58.4,0.0,0.0,0.796,-0.418,-0.858,1.0
SRB,2023,1.0,0.0,0.0,0.0,58.77,0.0,0.0,0.235,-1.103,-1.225,1.0
SYC,1948,1.0,0.0,0.0,0.0,89.0,,,-1.05,0.495,-2.969,1.0
SYC,1951,1.0,0.0,0.0,0.0,,,,-1.099,-0.519,-2.977,1.0
SYC,1953,1.0,0.0,0.0,0.0,36.0,,,-1.068,0.478,-2.978,1.0
SYC,1957,1.0,0.0,0.0,0.0,59.0,,,-1.071,-0.528,-2.962,1.0
SYC,1963,1.0,0.0,0.0,0.0,,,,-1.085,-0.504,-1.706,1.0
SYC,1967,1.0,0.0,0.0,0.0,,,,1.028,0.495,-1.695,1.0
SYC,1970,1.0,0.0,0.0,0.0,,0.0,0.0,-0.523,1.128,0.596,1.0
SYC,1974,1.0,0.0,0.0,0.0,,0.0,0.0,-0.349,0.077,-0.621,1.0
SYC,1979,1.0,0.0,1.0,0.0,96.4,1.0,1.0,-2.199,-1.439,-1.88,1.0
SYC,1983,1.0,0.0,0.0,0.0,,0.0,0.0,-2.199,-1.457,-1.893,1.0
SYC,1984,0.0,0.0,1.0,0.0,95.9,0.0,0.0,-2.199,-1.457,-1.893,1.0
SYC,1987,1.0,0.0,0.0,0.0,,0.0,0.0,-2.824,-2.103,-1.888,1.0
SYC,1989,0.0,0.0,1.0,0.0,91.5,0.0,0.0,-2.2,-1.434,-1.894,1.0
SYC,1993,1.0,0.0,1.0,0.0,86.53,0.0,0.0,-0.851,-0.108,-0.325,1.0
SYC,1998,1.0,0.0,1.0,0.0,86.7,0.0,0.0,-0.367,-0.102,-0.24,1.0
SYC,2001,0.0,0.0,1.0,0.0,93.25,0.0,0.0,-0.361,-0.119,-0.426,1.0
SYC,2002,1.0,0.0,0.0,0.0,84.52,0.0,0.0,-0.362,-0.127,-0.332,1.0
SYC,2006,0.0,0.0,1.0,0.0,88.69,1.0,1.0,-0.097,0.139,0.027,1.0
SYC,2007,1.0,0.0,0.0,0.0,85.9,0.0,0.0,-0.097,0.139,0.083,1.0
SYC,2011,1.0,0.0,1.0,0.0,85.26,0.0,0.0,-0.094,0.106,-0.04,1.0
SYC,2015,0.0,0.0,1.0,1.0,90.06,0.0,0.0,1.539,0.59,0.166,1.0
SYC,2016,1.0,0.0,0.0,0.0,87.6,0.0,0.0,1.539,0.849,0.166,1.0
SYC,2020,1.0,0.0,1.0,0.0,88.45,2.0,2.0,1.496,1.831,0.506,1.0
SYC,2025,1.0,0.0,1.0,1.0,84.09,2.0,2.0,1.396,1.654,0.672,1.0
SGP,1948,1.0,0.0,0.0,0.0,,0.0,0.0,-0.21,-0.571,0.155,1.0
SGP,1951,1.0,0.0,0.0,0.0,,0.0,0.0,0.058,-0.435,0.313,1.0
SGP,1955,1.0,0.0,0.0,0.0,52.7,2.0,0.0,0.066,-0.456,0.385,1.0
SGP,1959,1.0,0.0,0.0,0.0,90.1,2.0,0.0,0.092,-0.461,0.327,1.0
SGP,1963,1.0,0.0,0.0,0.0,95.1,0.0,0.0,-0.29,-0.814,-1.147,1.0
SGP,1968,1.0,0.0,0.0,0.0,94.09,0.0,0.0,-0.682,-0.832,-1.056,1.0
SGP,1972,1.0,0.0,0.0,0.0,82.15,0.0,0.0,-0.301,-0.61,-0.998,1.0
SGP,1976,1.0,0.0,0.0,0.0,95.1,0.0,0.0,-0.311,-0.61,-1.011,1.0
SGP,1980,1.0,0.0,0.0,0.0,95.48,0.0,0.0,-0.186,-0.585,-1.001,1.0
SGP,1984,1.0,0.0,0.0,0.0,95.59,0.0,0.0,-0.173,-0.477,-1.006,1.0
SGP,1988,1.0,0.0,0.0,0.0,94.7,0.0,0.0,-0.153,-0.489,-1.017,1.0
SGP,1991,1.0,0.0,0.0,0.0,95.03,0.0,0.0,-0.193,-0.474,-1.03,1.0
SGP,1993,0.0,0.0,1.0,0.0,94.48,0.0,1.0,-0.69,-0.463,-0.997,1.0
SGP,1997,1.0,0.0,0.0,0.0,95.91,0.0,0.0,-0.169,-0.49,-0.918,1.0
SGP,2001,1.0,0.0,0.0,0.0,94.61,0.0,0.0,-0.378,-0.471,-0.985,1.0
SGP,2006,1.0,0.0,0.0,0.0,94.01,0.0,0.0,-0.413,-0.265,-0.572,1.0
SGP,2011,1.0,0.0,1.0,0.0,94.65,0.0,1.0,-0.45,-0.214,0.439,1.0
SGP,2015,1.0,0.0,0.0,0.0,93.56,0.0,0.0,-0.15,-0.07,0.521,1.0
SGP,2020,1.0,0.0,0.0,0.0,95.81,0.0,0.0,-0.079,-0.306,0.173,1.0
SGP,2023,0.0,0.0,1.0,0.0,93.55,0.0,1.0,-1.196,0.574,1.061,1.0
SGP,2025,1.0,0.0,0.0,0.0,92.83,0.0,0.0,-0.614,0.141,0.887,1.0
SVK,1994,1.0,0.0,0.0,0.0,75.41,2.0,0.0,1.365,1.72,1.622,1.0
SVK,1998,1.0,0.0,0.0,0.0,84.25,2.0,0.0,1.404,1.742,0.414,1.0
SVK,1999,0.0,0.0,1.0,1.0,75.42,0.0,2.0,1.404,1.742,1.663,1.0
SVK,2002,1.0,0.0,0.0,0.0,70.07,0.0,0.0,1.376,1.726,1.633,1.0
SVK,2004,0.0,0.0,1.0,1.0,47.91,0.0,2.0,1.398,1.737,1.621,1.0
SVK,2006,1.0,0.0,0.0,0.0,54.67,2.0,0.0,1.523,1.964,1.844,1.0
SVK,2009,0.0,0.0,1.0,1.0,51.67,0.0,1.0,1.519,1.959,1.841,1.0
SVK,2010,1.0,0.0,0.0,0.0,58.84,2.0,0.0,1.516,1.957,1.869,1.0
SVK,2012,1.0,0.0,0.0,0.0,59.11,2.0,0.0,1.52,1.952,1.846,1.0
SVK,2014,0.0,0.0,1.0,1.0,50.48,0.0,2.0,1.52,1.951,1.786,1.0
SVK,2016,1.0,0.0,0.0,0.0,59.82,2.0,0.0,1.484,1.947,1.825,1.0
SVK,2019,0.0,0.0,1.0,1.0,48.44,0.0,2.0,1.464,1.861,1.717,1.0
SVK,2020,1.0,0.0,0.0,0.0,65.81,2.0,0.0,1.464,1.861,1.717,1.0
SVK,2023,1.0,0.0,0.0,0.0,68.52,2.0,0.0,1.327,1.743,1.639,1.0
SVK,2024,0.0,0.0,1.0,1.0,61.12,0.0,2.0,1.327,1.743,1.639,1.0
SVN,1990,1.0,0.0,1.0,1.0,83.0,2.0,2.0,1.303,1.72,1.627,1.0
SVN,1992,1.0,0.0,1.0,0.0,85.84,0.0,0.0,1.311,1.76,1.662,1.0
SVN,1996,1.0,0.0,0.0,0.0,73.67,0.0,0.0,1.342,1.754,1.661,1.0
SVN,1997,0.0,0.0,1.0,0.0,68.65,0.0,0.0,1.322,1.736,1.691,1.0
SVN,2000,1.0,0.0,0.0,0.0,70.36,0.0,0.0,1.333,1.781,1.686,1.0
SVN,2002,0.0,0.0,1.0,1.0,72.04,0.0,2.0,1.344,1.779,1.663,1.0
SVN,2004,1.0,0.0,0.0,0.0,60.64,2.0,0.0,1.315,1.733,1.649,1.0
SVN,2007,0.0,0.0,1.0,1.0,58.45,0.0,2.0,1.519,2.103,1.985,1.0
SVN,2008,1.0,0.0,0.0,0.0,63.1,2.0,0.0,1.519,2.103,1.985,1.0
SVN,2011,1.0,0.0,0.0,0.0,65.6,2.0,0.0,1.529,2.119,1.986,1.0
SVN,2012,0.0,0.0,1.0,1.0,48.41,0.0,2.0,1.529,2.119,1.986,1.0
SVN,2014,1.0,0.0,0.0,0.0,51.73,2.0,0.0,1.48,1.33,1.971,1.0
SVN,2017,0.0,0.0,1.0,1.0,43.9,0.0,2.0,1.488,2.069,1.953,1.0
SVN,2018,1.0,0.0,0.0,0.0,52.64,1.0,0.0,1.488,1.412,1.953,1.0
SVN,2022,1.0,0.0,1.0,1.0,70.97,2.0,2.0,1.38,1.933,1.826,1.0
SLB,1964,1.0,0.0,0.0,0.0,,0.0,0.0,-1.161,0.094,0.649,1.0
SLB,1967,1.0,0.0,0.0,0.0,,0.0,0.0,-1.177,0.104,0.676,1.0
SLB,1970,1.0,0.0,0.0,0.0,,0.0,0.0,-1.161,0.112,0.689,1.0
SLB,1973,1.0,0.0,0.0,0.0,,0.0,0.0,-1.165,0.081,0.663,1.0
SLB,1976,1.0,0.0,0.0,0.0,,2.0,0.0,0.186,0.107,0.646,1.0
SLB,1980,1.0,0.0,0.0,0.0,58.23,0.0,0.0,0.648,0.102,0.686,1.0
SLB,1984,1.0,0.0,0.0,0.0,62.04,2.0,0.0,0.647,0.084,0.687,1.0
SLB,1989,1.0,0.0,0.0,0.0,64.94,2.0,0.0,0.688,-0.27,0.658,1.0
SLB,1993,1.0,0.0,0.0,0.0,63.61,2.0,0.0,0.651,-0.277,0.667,1.0
SLB,1997,1.0,0.0,0.0,0.0,68.35,2.0,0.0,0.666,-0.278,0.664,1.0
SLB,2001,1.0,0.0,0.0,0.0,61.88,2.0,0.0,0.668,-0.286,0.683,1.0
SLB,2006,1.0,0.0,0.0,0.0,56.95,2.0,0.0,1.108,0.394,0.89,1.0
SLB,2010,1.0,0.0,0.0,0.0,52.36,2.0,0.0,0.879,0.501,1.092,1.0
SLB,2014,1.0,0.0,0.0,0.0,89.93,2.0,0.0,0.884,0.686,1.102,1.0
SLB,2019,1.0,0.0,0.0,0.0,67.54,2.0,0.0,1.381,1.029,1.388,1.0
SLB,2024,1.0,0.0,0.0,0.0,82.35,1.0,0.0,1.284,1.082,1.635,1.0
VUT,1975,1.0,0.0,0.0,0.0,,0.0,0.0,-0.103,-0.56,1.541,1.0
VUT,1977,1.0,0.0,0.0,0.0,,0.0,0.0,1.061,-1.167,1.549,1.0
VUT,1979,1.0,0.0,0.0,0.0,,0.0,0.0,1.163,1.174,1.552,1.0
VUT,1983,1.0,0.0,0.0,0.0,74.9,0.0,0.0,1.161,0.45,1.57,1.0
VUT,1987,1.0,0.0,0.0,0.0,71.64,0.0,0.0,1.165,0.43,1.587,1.0
VUT,1991,1.0,0.0,0.0,0.0,71.3,2.0,0.0,1.204,0.446,-0.672,1.0
VUT,1995,1.0,0.0,0.0,0.0,67.95,1.0,0.0,1.146,0.412,-0.66,1.0
VUT,1998,1.0,0.0,0.0,0.0,61.61,2.0,0.0,1.192,0.415,-0.675,1.0
VUT,2002,1.0,0.0,0.0,0.0,63.47,0.0,0.0,1.137,0.437,-0.658,1.0
VUT,2004,1.0,0.0,0.0,0.0,68.58,2.0,0.0,1.168,0.414,-0.66,1.0
VUT,2008,1.0,0.0,0.0,0.0,70.38,2.0,0.0,1.345,1.208,0.827,1.0
VUT,2012,1.0,0.0,0.0,0.0,63.22,2.0,0.0,1.348,1.224,0.848,1.0
VUT,2016,1.0,0.0,0.0,0.0,56.47,2.0,0.0,1.371,1.339,1.89,1.0
VUT,2020,1.0,0.0,0.0,0.0,51.29,2.0,0.0,1.356,1.566,1.794,1.0
VUT,2022,1.0,0.0,0.0,0.0,44.16,2.0,0.0,1.296,2.111,1.665,1.0
VUT,2025,1.0,0.0,0.0,0.0,69.09,2.0,0.0,1.058,1.579,1.367,1.0
ARE,2006,1.0,0.0,0.0,0.0,,0.0,0.0,-2.804,-2.235,1.098,1.0
ARE,2011,1.0,0.0,0.0,0.0,27.75,0.0,0.0,-2.787,-1.573,1.118,1.0
ARE,2015,1.0,0.0,0.0,0.0,35.29,0.0,0.0,-2.293,-1.404,1.112,1.0
ARE,2019,1.0,0.0,0.0,0.0,34.81,0.0,0.0,-2.313,-1.396,1.103,1.0
ARE,2023,1.0,0.0,0.0,0.0,,0.0,0.0,-2.796,-1.383,1.927,1.0
PSB,1923,1.0,0.0,0.0,0.0,,0.0,0.0,-1.004,-0.782,0.68,1.0
HUN,1901,1.0,0.0,0.0,0.0,,,,0.372,-0.254,-0.302,1.0
HUN,1905,1.0,0.0,0.0,0.0,,,,0.385,-0.27,-0.312,1.0
HUN,1906,1.0,0.0,0.0,0.0,,,,0.335,-0.262,-0.306,1.0
HUN,1910,1.0,0.0,0.0,0.0,,,,0.358,-0.222,-0.314,1.0
HUN,1919,1.0,0.0,0.0,0.0,,,,-1.501,-1.18,-2.517,1.0
HUN,1922,1.0,0.0,0.0,0.0,,0.0,0.0,-0.601,-0.425,-0.577,1.0
HUN,1926,1.0,0.0,0.0,0.0,76.0,0.0,0.0,-0.616,-0.414,-0.575,1.0
HUN,1931,1.0,0.0,0.0,0.0,,0.0,0.0,-0.433,-0.417,-0.572,1.0
HUN,1935,1.0,0.0,0.0,0.0,,0.0,0.0,-0.443,-0.499,-0.416,1.0
HUN,1939,1.0,0.0,0.0,0.0,89.7,0.0,0.0,-0.546,-0.674,-1.115,1.0
HUN,1945,1.0,0.0,0.0,0.0,92.6,0.0,0.0,-0.593,-0.113,-0.802,1.0
HUN,1947,1.0,0.0,0.0,0.0,,0.0,0.0,-0.441,-0.796,-1.107,1.0
HUN,1949,1.0,0.0,0.0,0.0,94.7,0.0,0.0,-1.198,-1.855,-2.22,1.0
HUN,1953,1.0,0.0,0.0,0.0,98.0,0.0,0.0,-2.656,-2.716,-1.956,1.0
HUN,1958,1.0,0.0,0.0,0.0,98.4,0.0,0.0,-2.636,-2.707,-1.942,1.0
HUN,1963,1.0,0.0,0.0,0.0,97.2,0.0,0.0,-2.634,-2.707,-1.965,1.0
HUN,1967,1.0,0.0,0.0,0.0,98.8,0.0,0.0,-2.65,-2.73,-1.946,1.0
HUN,1971,1.0,0.0,0.0,0.0,98.7,0.0,0.0,-2.628,-2.707,-1.961,1.0
HUN,1975,1.0,0.0,0.0,0.0,97.0,0.0,0.0,-2.642,-2.692,-1.961,1.0
HUN,1980,1.0,0.0,0.0,0.0,97.0,0.0,0.0,-2.673,-2.636,-1.954,1.0
HUN,1985,1.0,0.0,0.0,0.0,94.0,0.0,0.0,-2.112,-2.694,-1.954,1.0
HUN,1990,1.0,1.0,0.0,0.0,65.1,2.0,0.0,1.341,1.849,1.35,1.0
HUN,1994,1.0,1.0,0.0,0.0,68.92,2.0,0.0,1.395,1.857,1.344,1.0
HUN,1998,1.0,1.0,0.0,0.0,57.01,2.0,0.0,1.33,1.871,1.38,1.0
HUN,2002,1.0,1.0,0.0,0.0,73.51,2.0,0.0,1.333,1.834,1.359,1.0
HUN,2006,1.0,1.0,0.0,0.0,67.57,0.0,0.0,1.502,2.16,1.56,1.0
HUN,2010,1.0,1.0,0.0,0.0,64.38,2.0,0.0,1.576,2.139,1.565,1.0
HUN,2014,1.0,0.0,0.0,0.0,61.84,0.0,0.0,0.788,0.356,0.103,1.0
HUN,2018,1.0,0.0,0.0,0.0,69.67,0.0,0.0,0.762,-0.253,-0.43,1.0
HUN,2022,1.0,0.0,0.0,0.0,69.59,0.0,0.0,1.117,-0.306,-0.509,1.0
ZZB,1957,1.0,0.0,0.0,0.0,90.2,0.0,0.0,0.575,-0.148,0.114,1.0
ZZB,1961,1.0,0.0,0.0,0.0,94.4,2.0,0.0,1.685,-0.619,-0.47,1.0
ZZB,1963,1.0,0.0,0.0,0.0,99.1,0.0,0.0,1.689,-0.698,-0.861,1.0
ZZB,1980,1.0,0.0,1.0,0.0,,1.0,1.0,-3.635,-1.122,-2.619,1.0
ZZB,1984,0.0,0.0,1.0,0.0,,1.0,1.0,-3.629,-0.728,-2.403,1.0
ZZB,1985,1.0,0.0,1.0,0.0,,1.0,1.0,-3.615,-1.13,-2.31,1.0
ZZB,1990,1.0,0.0,1.0,0.0,,1.0,1.0,-2.757,-0.739,-2.411,1.0
ZZB,1995,1.0,0.0,1.0,0.0,95.7,0.0,0.0,0.501,-1.659,-1.08,1.0
ZZB,2000,1.0,0.0,1.0,0.0,,1.0,1.0,0.505,-1.634,-0.741,1.0
ZZB,2005,1.0,0.0,1.0,0.0,90.8,0.0,0.0,0.098,-1.69,-0.705,1.0
ZZB,2010,1.0,0.0,1.0,0.0,89.52,1.0,1.0,0.221,-0.864,-0.307,1.0
ZZB,2015,1.0,0.0,1.0,0.0,67.34,0.0,0.0,0.095,-1.993,-0.73,1.0
ZZB,2016,1.0,0.0,1.0,0.0,67.9,0.0,0.0,-0.53,-1.993,-1.345,1.0
ZZB,2020,1.0,0.0,1.0,0.0,88.07,0.0,0.0,-0.189,-2.138,-1.261,1.0
ZZB,2025,1.0,0.0,1.0,0.0,,0.0,0.0,0.142,-0.898,-0.901,1.0
