country_id,year,gb_xpd_rsdv_gd_zs,sp_pop_scie_rd_p6,ip_pat_resd,ip_pat_nres,ip_jrn_artc_sc,tx_val_tech_cd,tx_val_tech_mf_zs,bm_gsr_royl_cd,bx_gsr_royl_cd
ABW,1999,,,,,,,,480446.92737,
ABW,2000,,,,,,,,458100.55866,
ABW,2001,,,,,,,,1564245.81006,
ABW,2002,,,1.0,,,,,3391061.45251,
ABW,2003,,,,,,,,4217877.09497,156424.58101
ABW,2004,,,,,,,,4547486.03352,
ABW,2005,,,,,,,,6771959.2788,29713.23929
ABW,2006,,,,,,,,10347511.99944,71831.44599
ABW,2007,,,,,,,,9832402.23464,55865.92179
ABW,2008,,,,,,,,11955307.26257,55865.92179
ABW,2009,,,,,,1082577.0,4.0126,13184357.5419,
ABW,2010,,,,,,703388.0,4.1308,14748603.35196,
ABW,2011,,,,,,1269221.0,4.79099,10558659.21788,
ABW,2012,,,,,,3656987.0,11.25918,9720670.39106,
ABW,2013,,,,,,1702027.0,5.14004,9483163.74742,75.0545
ABW,2014,,,,,,2236432.0,7.32286,11797051.18753,67.34564
ABW,2015,,,,,,1265878.0,4.96899,14704080.09314,17247.74274
ABW,2016,,,,,,1255851.0,4.04239,17516900.06816,33607.01733
ABW,2017,,,,,,2004844.0,6.61798,16222116.17868,8565.60983
ABW,2018,,,,,,2562890.0,8.51651,16664348.70067,932986.79527
ABW,2019,,,,,,1655574.0,4.95361,16848539.33397,1750298.46454
ABW,2020,,,,,,1788242.0,6.75618,10210598.31452,153605.36692
ABW,2021,,,,,,1171746.0,4.81705,12319999.1165,700088.48416
ABW,2022,,,,,,1735162.0,7.12515,14241766.32884,1001564.9245
ABW,2023,,,,,,1665839.0,6.86801,6387728.96184,45134.1853
AFG,1996,,,,,0.13,,,,
AFG,1997,,,,,0.0,,,,
AFG,1998,,,,,2.73,,,,
AFG,1999,,,,,0.67,,,,
AFG,2000,,,,,4.0,,,,
AFG,2001,,,,,1.0,,,,
AFG,2002,,,,,5.5,,,,
AFG,2003,,,,,7.34,,,,
AFG,2004,,,,,6.75,,,,
AFG,2005,,,,,9.15,,,,
AFG,2006,,,,,13.86,,,,
AFG,2007,,,,,14.23,,,,
AFG,2008,,,,,12.5,,,308406.5,643174.51
AFG,2009,,,,,26.14,,,94761.12,744281.07
AFG,2010,,,,,27.68,,,27577849.86,626710.87
AFG,2011,,,,,41.62,,,47084262.04,433679.25
AFG,2012,,,,,34.65,,,10738034.53352,
AFG,2013,,,,,27.31,,,10944020.31164,
AFG,2014,,,,,35.01,,,107890.10907,463662.43055
AFG,2015,,,,,21.19,,,242475.54183,12809.26
AFG,2016,,,,,59.55,,,36802.95,
AFG,2017,,,,,72.4,,,180660.39993,
AFG,2018,,,,,90.34,0.0,0.0,2402430.87491,
AFG,2019,,,,,139.36,0.0,0.0,4778790.72134,5555.67147
AFG,2020,,,,,145.71,,,6111813.81573,335.19546
AFG,2021,,,,,177.39,,,,
AFG,2022,,,,,169.19,,,,
AGO,1992,,,4.0,2.0,,,,,
AGO,1993,,,,,,,,,14100000.0
AGO,1994,,,,,,,,,18300000.0
AGO,1995,,,,,,,,,7421000.0
AGO,1996,,,,,5.95,,,,16587000.0
AGO,1997,,,,,7.33,,,290000.0,5960000.0
AGO,1998,,,,,4.11,,,1170000.0,9480000.0
AGO,1999,,,,,3.93,,,1660000.0,2790000.0
AGO,2000,,,,,6.08,,,5630000.0,15750000.0
AGO,2001,,,,,9.58,,,430000.0,4420000.0
AGO,2002,,,,,16.13,,,,
AGO,2003,,,,,5.89,,,,
AGO,2004,,,,,9.73,,,2495000.0,226800000.0
AGO,2005,,,,,10.04,,,3378446.38,49430571.11
AGO,2006,,,,,12.57,,,1366548.48,1339588441.64
AGO,2007,,,,,10.16,,,1173129.46,12021694.12
AGO,2008,,,,,11.85,,,470000.0,12000000.0
AGO,2009,,,,,13.78,,,20000.0,
AGO,2010,,,,,14.68,,,6378100.0,
AGO,2011,,48.42677,,,17.78,,,3185000.0,
AGO,2012,,,,,21.3,,,224315044.60005,16332320.86
AGO,2013,,,,,23.85,,,212220137.27,18843635.45
AGO,2014,,,,,34.57,,,252852819.11,21944072.217
AGO,2015,,,,,32.12,102003479.0,12.60449,264702200.0,17490960.0
AGO,2016,0.03229,18.93579,,,37.81,101168422.0,12.98831,212229720.0,10997630.0
AGO,2017,,,,,55.13,90114520.0,19.38395,221726875.72,11569560.0
AGO,2018,,,6.0,114.0,29.7,62390526.0,23.31278,246614994.79,8226880.0
AGO,2019,,,2.0,108.0,36.39,79264147.0,27.4965,127168951.47,516010.0
AGO,2020,,,,,48.51,46120730.0,23.39462,129608227.29,
AGO,2021,,,,,42.35,43596708.0,16.12695,121666360.0,
AGO,2022,,,,,44.99,77204455.0,22.0635,222726990.0,
AGO,2023,,,,,,89918197.0,23.47141,196388850.0,
AGO,2024,,,,,,64121494.0,16.68972,102707220.0,12845.34346
ALB,1996,,,,,36.82,,,,
ALB,1997,,,,9.0,26.52,,,,
ALB,1998,,,,,31.89,,,,
ALB,1999,,,,,23.84,,,,
ALB,2000,,,,,22.34,,,,
ALB,2001,,,,120.0,18.38,,,,
ALB,2002,,,,238.0,24.53,,,,
ALB,2003,,,,391.0,22.68,,,8358857.12,5321983.91
ALB,2004,,,,,17.91,,,4942627.61,15410498.39
ALB,2005,,,,386.0,25.77,,,4204267.36203,505314.45802
ALB,2006,,,,,26.35,,,6768509.00808,723627.41607
ALB,2007,0.08411,,,,41.9,,,11850000.0,7530000.0
ALB,2008,0.14973,155.23568,,,52.48,,,12517993.93177,40441133.41069
ALB,2009,,,,361.0,68.72,10128936.0,1.32819,14487498.7588,17098527.15703
ALB,2010,,,,,124.83,14074208.0,1.46452,12138446.10967,739036.1847
ALB,2011,,,3.0,8.0,140.71,11890517.0,1.01687,12703928.1781,13339406.10511
ALB,2012,,,,,150.63,10014580.0,0.92264,23362460.04929,1650606.3956
ALB,2013,,,,4.0,148.81,10843586.0,0.89024,22607333.77662,1185804.07536
ALB,2014,,,10.0,3.0,154.14,1960836.0,0.25723,21881927.41761,740461.81454
ALB,2015,,,14.0,5.0,159.48,16607486.0,1.63419,24578013.74888,1945283.40574
ALB,2016,,,20.0,5.0,165.44,10199913.0,0.78431,23163082.28445,2703932.26363
ALB,2017,,,16.0,8.0,133.42,1118611.0,0.08846,13132426.91159,10991466.04991
ALB,2018,,,15.0,3.0,170.56,591718.0,0.0447,26412466.5011,14949446.67866
ALB,2019,,,4.0,1.0,203.1,1753201.0,0.12843,34784215.26461,17149047.05871
ALB,2020,,,,,167.16,3810240.0,0.28585,38609323.64135,15865804.91848
ALB,2021,0.18998,449.1043,23.0,1.0,241.09,6384226.0,0.41951,34763724.47258,19332528.32251
ALB,2022,0.19997,428.69994,,,238.59,886411.0,0.05964,31727566.81656,13222816.66464
ALB,2023,,,,,,16899736.0,0.68233,15183790.92602,3090068.64084
ALB,2024,,,,,,33080643.0,1.52935,32174451.86959,6354951.57395
AND,1996,,,,,2.0,,,,
AND,1997,,,,,0.87,,,,
AND,1998,,,,,2.08,,,,
AND,1999,,,,,0.0,,,,
AND,2000,,,,,0.0,,,,
AND,2001,,,,,2.64,,,,
AND,2002,,,,,0.5,,,,
AND,2003,,,,,4.7,,,,
AND,2004,,,,,1.31,,,,
AND,2005,,,,,4.93,,,,
AND,2006,,,,,5.02,,,,
AND,2007,,,,,6.23,33447890.0,23.57168,,
AND,2008,,,,,1.68,17938621.0,16.09084,,
AND,2009,,,,,2.55,10402351.0,12.09678,,
AND,2010,,,,,1.2,19545650.0,23.45581,,
AND,2011,,,,,0.88,18990190.0,18.49018,,
AND,2012,,,,,4.53,19714197.0,20.64766,,
AND,2013,,,,,5.26,21595662.0,23.59479,,
AND,2014,,,,,4.18,18015813.0,20.68649,,
AND,2015,,,,,7.96,18000092.0,22.64557,,
AND,2016,,,,3.0,7.83,21707609.0,24.43091,,
AND,2017,,,,6.0,1.67,24238350.0,23.25132,,
AND,2018,,,1.0,10.0,3.19,33883932.0,28.4604,,
AND,2019,,,3.0,12.0,5.41,37391323.0,32.52159,264666.16361,
AND,2020,,,3.0,5.0,8.14,36290169.0,23.04061,482661.27061,
AND,2021,,,3.0,8.0,9.44,36063879.0,24.38068,596311.54944,
AND,2022,0.15818,,,,9.6,49533520.0,13.30766,429346.90096,314003.30642
AND,2023,,,,,,51383658.0,21.43463,232400.40722,336888.88213
AND,2024,,,,,,,,10630610.64525,347548.49847
ARE,1996,,,,,294.31,,,,
ARE,1997,,,,,282.44,,,,
ARE,1998,,,,,320.66,,,,
ARE,1999,,,,,247.78,,,,
ARE,2000,,,,,324.89,,,,
ARE,2001,,,,,376.47,,,,
ARE,2002,,,,,393.49,,,,
ARE,2003,,,,,546.62,,,,
ARE,2004,,,,,563.1,,,,
ARE,2005,,,,,718.77,,,,
ARE,2006,,,,,835.69,,,,
ARE,2007,,,,,788.38,,,,
ARE,2008,,,,,906.71,211099091.0,3.30652,,
ARE,2009,,,,,1044.34,,,,
ARE,2010,,,25.0,1263.0,1264.69,,,,
ARE,2011,0.47252,,33.0,1318.0,1423.22,,,,
ARE,2012,,,23.0,1327.0,1607.36,493096229.0,3.76666,,
ARE,2013,,,21.0,1402.0,1763.04,401391775.0,3.60738,,
ARE,2014,0.67523,,29.0,1438.0,1814.55,1465986043.0,10.16952,,
ARE,2015,0.86569,2168.42732,35.0,1714.0,2314.25,903670848.0,5.302,,
ARE,2016,0.9318,2509.55341,57.0,1642.0,2562.72,484214896.0,2.61903,,
ARE,2017,,,63.0,1733.0,2866.45,523668921.0,2.8406,,
ARE,2018,1.26389,2464.56964,57.0,1723.0,3080.82,643634927.0,2.90326,,
ARE,2019,1.31065,2476.63113,55.0,1843.0,4137.79,670459816.0,2.99866,,
ARE,2020,1.48831,2581.47405,39.0,1869.0,4467.88,1202292537.0,5.37704,,
ARE,2021,1.49469,2606.78477,69.0,2354.0,5266.62,2904973069.0,8.95796,,
ARE,2022,,,,,6401.84,3214235330.0,9.28776,,
ARE,2023,,,,,,3183641981.0,8.96029,3240299523.48536,3512593601.08917
ARE,2024,,,,,,,,3485364193.32879,3512593601.08917
ARG,1976,,,,,,,,39000000.0,23000000.0
ARG,1977,,,,,,,,54000000.0,14000000.0
ARG,1978,,,,,,,,71000000.0,4000000.0
ARG,1979,,,,,,,,69000000.0,3000000.0
ARG,1980,,,1269.0,3063.0,,,,101000000.0,4000000.0
ARG,1981,,,954.0,3321.0,,,,254000000.0,6000000.0
ARG,1982,,,951.0,2793.0,,,,363000000.0,12000000.0
ARG,1983,,,1102.0,2443.0,,,,524000000.0,2000000.0
ARG,1984,,,1182.0,2656.0,,,,446000000.0,4000000.0
ARG,1985,,,,,,,,420000000.0,8000000.0
ARG,1986,,,,,,,,420000000.0,16000000.0
ARG,1987,,,,,,,,280000000.0,14000000.0
ARG,1988,,,,,,,,288000000.0,6000000.0
ARG,1989,,,,,,,,403000000.0,7000000.0
ARG,1990,,,955.0,1955.0,,,,409000000.0,4000000.0
ARG,1991,,,943.0,1851.0,,,,420000000.0,4000000.0
ARG,1992,,,503.0,1919.0,,,,284000000.0,5700000.0
ARG,1993,,,787.0,2261.0,,,,319800000.0,6960000.0
ARG,1994,,,694.0,2820.0,,,,376700000.0,8700000.0
ARG,1995,,,676.0,3588.0,,,,392000000.0,12400000.0
ARG,1996,0.41749,,1097.0,4012.0,3385.12,,,482004066.21809,15554642.49289
ARG,1997,0.41959,694.1551,824.0,5035.0,3768.19,,,544377042.63574,17579252.91461
ARG,1998,0.41131,702.90202,861.0,5459.0,3724.97,,,590352559.08851,26332381.7138
ARG,1999,0.45337,710.82614,899.0,5558.0,4017.86,,,582160100.05683,25406457.6116
ARG,2000,0.43884,713.92711,1062.0,5574.0,4231.85,,,580337544.85057,36756558.0115
ARG,2001,0.4246,685.59721,691.0,5088.0,4356.17,,,564137635.39202,46775129.54571
ARG,2002,0.38886,689.51093,718.0,4143.0,4681.53,,,351280000.0,33450000.0
ARG,2003,0.41012,715.84326,792.0,3765.0,4484.81,,,402950000.0,51500000.0
ARG,2004,0.40376,763.13901,786.0,3816.0,4604.3,,,520630000.0,61210000.0
ARG,2005,0.42075,816.8412,1054.0,4215.0,4883.23,,,650640000.0,51080000.0
ARG,2006,0.45216,888.89168,1020.0,4597.0,5574.16,,,894824121.7479,80512422.81227
ARG,2007,0.46007,971.29008,937.0,4806.0,5682.94,1202089048.0,6.96172,1174682409.95912,96694187.45342
ARG,2008,0.47055,1032.67483,801.0,4781.0,6229.5,2014827039.0,9.32817,1531726727.27287,99367650.40207
ARG,2009,0.58398,1031.64133,640.0,4336.0,6819.11,1607442803.0,9.0297,1526895360.76094,105965489.61758
ARG,2010,0.56104,1119.05035,552.0,4165.0,7153.65,1686224603.0,7.68411,1712212409.7066,152187821.07805
ARG,2011,0.56597,1175.37229,688.0,4133.0,7625.07,1926430908.0,7.32173,2079139111.32219,155396388.28354
ARG,2012,0.63491,1197.6554,735.0,4078.0,7803.52,1654528881.0,6.63637,2216992899.83386,158152120.0527
ARG,2013,0.61849,1193.37333,643.0,4129.0,7945.07,1791037027.0,7.45821,2329270062.45137,179902421.57
ARG,2014,0.59396,1202.47388,509.0,4173.0,8330.4,1509996216.0,7.06113,2098996165.63338,174205013.4769
ARG,2015,0.62262,1225.50983,546.0,3579.0,8393.72,1475181467.0,9.22573,2178066123.6149,161745946.96071
ARG,2016,0.55815,1254.06674,884.0,2925.0,8601.99,1333427025.0,8.9824,2108388364.21439,168807424.70925
ARG,2017,0.55632,1206.01905,393.0,3050.0,8793.98,1487363816.0,9.20544,2350351644.7677,356498295.97395
ARG,2018,0.4883,1220.93622,425.0,3242.0,9234.47,647172446.0,5.40298,2054243292.9621,321051040.76563
ARG,2019,0.47813,1224.69939,442.0,3260.0,9223.65,561915855.0,5.21279,1688980858.85513,284486041.24633
ARG,2020,0.54126,1250.48347,930.0,2562.0,9999.61,546445789.0,6.90389,1147034410.99083,209352775.99013
ARG,2021,0.5236,1288.13477,406.0,3263.0,9980.73,466425814.0,4.42289,1370396389.66276,245918236.93188
ARG,2022,0.54951,1301.43112,,,9122.18,663679613.0,4.75158,1720845112.93263,255294639.46829
ARG,2023,0.60111,1312.75278,,,,689722037.0,5.44959,1822587048.1709,248558495.43786
ARG,2024,,,,,,409324952.0,3.8502,2086040276.22199,285195658.25652
ARM,1993,,,184.0,30.0,,,,,
ARM,1994,,,154.0,79.0,,,,,
ARM,1995,,,187.0,98.0,,,,,
ARM,1996,,,162.0,154.0,333.15,,,,
ARM,1997,0.18692,,62.0,121.0,262.14,,,,
ARM,1998,0.22601,,75.0,8.0,277.22,,,,
ARM,1999,0.214,,109.0,16.0,266.47,,,,
ARM,2000,0.19106,,119.0,8.0,348.04,,,,
ARM,2001,0.27987,,140.0,15.0,323.2,,,,
ARM,2002,0.25255,,200.0,7.0,319.06,,,,
ARM,2003,0.32109,,151.0,6.0,323.45,,,,
ARM,2004,0.25659,,,,344.62,,,,
ARM,2005,0.25761,,206.0,2.0,394.95,,,,
ARM,2006,0.24057,,192.0,1.0,358.51,,,,
ARM,2007,0.21107,,135.0,5.0,405.91,5195605.0,1.1399,,
ARM,2008,0.22438,,226.0,4.0,384.85,7247588.0,1.57333,,
ARM,2009,0.29093,,116.0,11.0,438.63,5130103.0,2.8428,,
ARM,2010,0.24139,,136.0,6.0,493.99,4727643.0,2.32445,,
ARM,2011,0.27014,,121.0,19.0,588.71,7448895.0,3.37334,,
ARM,2012,0.23853,,137.0,4.0,548.98,7581096.0,2.8509,,
ARM,2013,0.22216,,125.0,6.0,532.37,9332592.0,3.02785,,
ARM,2014,0.24151,,121.0,2.0,540.71,9307631.0,3.02163,,
ARM,2015,0.25002,,113.0,2.0,534.03,11860132.0,5.65181,,
ARM,2016,0.23305,,125.0,1.0,536.98,21845447.0,6.13769,,
ARM,2017,0.22788,,107.0,3.0,539.3,28282166.0,7.5633,,
ARM,2018,0.18876,,101.0,4.0,524.57,36529310.0,7.10147,,
ARM,2019,0.17854,,112.0,4.0,627.03,45573711.0,9.7911,,
ARM,2020,0.2092,,63.0,7.0,622.39,26514439.0,7.14064,,
ARM,2021,0.20557,,40.0,8.0,576.14,37562644.0,5.95672,,
ARM,2022,0.20955,1187.43401,,,655.3,497178920.0,21.84753,,
ARM,2023,0.1821,1039.84774,,,,840724814.0,20.90516,,
ARM,2024,0.2861,942.22095,,,,892555441.0,23.64033,,
ASM,2002,,87.58715,,,,,,,
ASM,2003,0.18787,420.77949,,,,,,,
ASM,2004,0.32528,158.16111,,,,,,,
ASM,2005,0.36692,105.76042,,,,,,,
ASM,2006,0.39552,,,,,,,,
ATG,1996,,,,,0.0,,,133333.33333,
ATG,1997,,,,,1.14,,,,
ATG,1998,,,,,0.13,,,311111.11111,
ATG,1999,,,,,1.2,,,260000.0,
ATG,2000,,,,,0.25,,,3996053.80615,
ATG,2001,,,,,1.0,,,3881282.31776,
ATG,2002,,,,,2.08,,,3890624.05467,
ATG,2003,,,,,1.83,,,3907412.03035,
ATG,2004,,,,,0.67,,,3588467.35771,
ATG,2005,,,,,1.79,,,4746708.87347,
ATG,2006,,,,,1.58,,,4155582.45369,
ATG,2007,,,,,5.25,,,4649820.5766,
ATG,2008,,,,,5.29,,,6046457.2602,
ATG,2009,,,,,3.78,,,4987670.99973,
ATG,2010,,,,,2.19,,,4226796.35668,
ATG,2011,,,,8.0,0.85,,,3899355.86364,
ATG,2012,,,,7.0,2.08,,,3899356.16182,
ATG,2013,,,,7.0,2.72,0.0,0.0,4097664.09655,
ATG,2014,,,,15.0,1.7,0.0,0.0,2975174.81481,
ATG,2015,,,,10.0,3.3,0.0,0.0,3074426.82222,
ATG,2016,,,,12.0,4.34,162.0,0.02606,4026738.8863,
ATG,2017,,,,8.0,5.45,3183.0,0.37505,4961232.20815,
ATG,2018,,,5.0,5.0,4.64,11437.0,0.61343,3790929.21111,
ATG,2019,,,,,6.32,0.0,0.0,3964437.03704,
ATG,2020,,,,3.0,6.56,0.0,0.0,3327832.96296,
ATG,2021,,,,8.0,7.43,0.0,0.0,5242701.48148,
ATG,2022,,,,,7.02,0.0,0.0,14349532.59259,
ATG,2023,,,,,,0.0,0.0,11859968.51852,
ATG,2024,,,,,,0.0,0.0,11552691.11111,
AUS,1980,,,397.0,10259.0,,,,,
AUS,1981,,,458.0,11378.0,,,,,
AUS,1982,,,369.0,11373.0,,,,,
AUS,1983,,,446.0,11542.0,,,,,
AUS,1984,,,565.0,12178.0,,,,,
AUS,1985,,,699.0,12132.0,,,,,
AUS,1986,,,967.0,12349.0,,,,,
AUS,1987,,,1131.0,12611.0,,,,,
AUS,1988,,,1418.0,12431.0,,,,,
AUS,1989,,,1649.0,12901.0,,,,808156157.10927,170237056.69093
AUS,1990,,,1712.0,13278.0,,,,825954292.24938,162330634.56482
AUS,1991,,,1717.0,11762.0,,,,806995923.30974,154230038.15731
AUS,1992,,,1695.0,12100.0,,,,843695450.80025,148081020.27171
AUS,1993,,,1663.0,11284.0,,,,798613711.68049,186941007.3984
AUS,1994,,,1699.0,11647.0,,,,969759324.05081,239301517.38852
AUS,1995,,,1784.0,12277.0,,,,1001161631.08382,261031140.98505
AUS,1996,1.66218,3353.7053,1797.0,13221.0,20800.25,,,1146884407.75145,294468435.60439
AUS,1997,,,1760.0,15398.0,21727.72,,,1196946820.89074,358625655.75004
AUS,1998,1.51351,3379.7753,1862.0,16063.0,21981.46,,,1114256382.08339,309259521.38691
AUS,1999,,,1858.0,17960.0,22207.0,,,1267126378.18411,381549793.13994
AUS,2000,1.57198,3470.70203,1928.0,20073.0,23495.94,,,1160197303.08146,394187702.94977
AUS,2001,,,2187.0,20548.0,23969.95,,,1001186253.55014,336750552.21652
AUS,2002,1.74654,3755.80266,2364.0,20181.0,24502.31,,,1184791215.67902,345584849.62523
AUS,2003,,,2418.0,19176.0,25877.1,,,1502670171.6454,450714506.61192
AUS,2004,1.84802,4073.65927,2559.0,20274.0,28033.19,,,1743966465.64385,537973548.65814
AUS,2005,,,2555.0,21302.0,31994.97,,,1972287332.09256,573756156.57271
AUS,2006,2.17862,4269.01789,2837.0,23166.0,34320.11,,,2152444658.65004,641546473.14199
AUS,2007,,,2718.0,24122.0,36315.46,3859052880.0,14.53865,2809284034.80361,713645961.03989
AUS,2008,2.39898,4379.63519,2821.0,23525.0,37767.96,4470937082.0,15.35738,3014708355.27785,746149101.6504
AUS,2009,,,2494.0,21187.0,39537.36,3841837829.0,16.6713,2857440721.91581,789823546.48755
AUS,2010,2.3702,4568.56658,2409.0,22478.0,42096.62,4556153586.0,16.5133,3478361073.29944,978059795.18893
AUS,2011,2.23459,,2383.0,23143.0,45374.3,5601419629.0,17.95162,4181860654.29426,948333508.18577
AUS,2012,,,2627.0,23731.0,46728.07,5468098058.0,17.28556,4235132544.22977,859824156.70512
AUS,2013,2.17733,,3061.0,26656.0,50921.2,5342736393.0,18.00751,3990851347.75895,813652776.29939
AUS,2014,,,1988.0,23968.0,52854.67,5459155781.0,18.99613,4058717356.46101,851550055.53604
AUS,2015,1.91969,,2291.0,26314.0,54235.21,5091394845.0,19.69215,3805980039.69545,1146658809.17587
AUS,2016,,,2620.0,25774.0,55173.81,5379738452.0,20.6275,4068554314.44564,1309693624.91591
AUS,2017,1.88102,,2503.0,26403.0,55219.84,4902492267.0,18.09679,4610198115.8489,1632012447.09753
AUS,2018,,,2757.0,27200.0,56691.37,5241784852.0,18.1371,5241899827.35056,1936210411.5399
AUS,2019,1.82826,,2637.0,27121.0,58770.26,6336480016.0,21.21993,5287989499.4012,2157208515.00043
AUS,2020,,,2368.0,26926.0,58870.89,5590752219.0,21.47579,5895472808.33739,2483444305.8982
AUS,2021,1.85783,,2966.0,29443.0,61975.95,6310404299.0,22.39408,7135293596.22139,3366528729.44412
AUS,2022,,,,,62305.03,7827261971.0,25.83187,8067605664.01045,4283347316.18123
AUS,2023,,,,,,7767880136.0,25.25828,8889831742.03592,5248540123.39932
AUS,2024,,,,,,8190032382.0,25.15864,10823422366.0259,6315546024.52496
AUT,1980,,,2327.0,4166.0,,,,,
AUT,1981,,,2390.0,3428.0,,,,,
AUT,1982,,,2233.0,2620.0,,,,,
AUT,1983,,,2345.0,2322.0,,,,,
AUT,1984,,,2324.0,1891.0,,,,,
AUT,1985,,,2269.0,1591.0,,,,,
AUT,1986,,,2210.0,1336.0,,,,,
AUT,1987,,,2249.0,1272.0,,,,,
AUT,1988,,,2212.0,1048.0,,,,,
AUT,1989,,,2105.0,915.0,,,,,
AUT,1990,,,2025.0,670.0,,,,,
AUT,1991,,,2076.0,544.0,,,,,
AUT,1992,,,2117.0,517.0,,,,,
AUT,1993,,,2190.0,513.0,,,,,
AUT,1994,,,1989.0,516.0,,,,,
AUT,1995,,,1728.0,458.0,,,,,
AUT,1996,1.58947,,1909.0,449.0,5949.63,,,,
AUT,1997,1.66324,,1910.0,397.0,6304.13,,,,
AUT,1998,1.74106,2347.32828,1957.0,349.0,6222.3,,,,
AUT,1999,1.85251,,2028.0,341.0,6264.67,,,,
AUT,2000,1.89667,,1961.0,340.0,6614.6,,,,
AUT,2001,2.00257,,1815.0,284.0,7073.06,,,,
AUT,2002,2.0811,2992.22105,1932.0,329.0,7505.6,,,,
AUT,2003,2.18701,,2120.0,213.0,7972.47,,,,
AUT,2004,2.18238,3186.95396,2248.0,266.0,8157.43,,,,
AUT,2005,2.38942,3470.7262,2270.0,235.0,9013.02,,,1333226508.23897,390572076.18876
AUT,2006,2.376,3536.82275,2271.0,378.0,9235.59,,,1597968243.69845,707564674.26484
AUT,2007,2.4336,3823.63127,2385.0,287.0,9930.95,16729535708.0,12.98402,1800773475.51254,944971637.63104
AUT,2008,2.58632,4152.75477,2298.0,329.0,10426.33,17673554679.0,12.66112,2092660688.12775,1166742028.45033
AUT,2009,2.61279,4157.93027,2263.0,292.0,10977.59,14165206601.0,13.43792,1712417781.69954,1005495405.80812
AUT,2010,2.74321,4379.18237,2424.0,249.0,11211.53,15801989058.0,13.70537,1610873767.96536,925872141.12554
AUT,2011,2.68567,4430.53569,2154.0,276.0,11806.83,17846798301.0,13.25542,1864971067.60686,1038988008.35361
AUT,2012,2.93372,4720.81116,2258.0,294.0,12181.72,18475532604.0,14.54468,1955209022.37902,1096419839.37034
AUT,2013,2.97993,4782.1241,2162.0,244.0,12414.79,20793050424.0,15.36906,1910483546.53956,1076112620.82635
AUT,2014,3.11263,5009.44199,2092.0,271.0,12632.76,21648234621.0,15.49045,1796854991.42672,1279030736.79151
AUT,2015,3.06917,5073.42857,2205.0,236.0,13137.08,18084614342.0,15.03273,1477515224.41688,1052235869.68452
AUT,2016,3.13356,5400.34772,2078.0,237.0,12976.33,17333979956.0,14.45326,1478672010.02753,1170283651.7771
AUT,2017,3.07376,5416.07999,2073.0,232.0,13072.27,17025647706.0,12.8852,1679175801.21232,1285998316.80963
AUT,2018,3.10828,5682.44087,2039.0,168.0,13121.29,16680037036.0,11.65008,1802604712.1337,1365840707.44506
AUT,2019,3.14405,5958.85643,2066.0,208.0,13708.07,15967500783.0,11.48253,2112990989.50214,1431498821.15799
AUT,2020,3.20758,5829.2859,2124.0,173.0,14005.41,15995936181.0,12.2719,1648495297.65281,1535015172.50638
AUT,2021,3.25565,6323.00331,1872.0,175.0,14969.64,17019360151.0,11.01712,1808664530.08658,1714405454.11255
AUT,2022,3.17775,6632.30683,,,14537.08,23542335794.0,14.91417,1844131416.65314,1688056561.76948
AUT,2023,3.25517,6633.64894,,,,27308757068.0,15.92327,2094671201.31402,1807465851.91151
AUT,2024,,,,,,30090214103.0,18.45258,2196716119.24607,1985027949.54909
AZE,1995,,,221.0,30.0,,,,,
AZE,1996,0.23533,,165.0,17.0,220.9,,,,
AZE,1997,0.3695,,,,210.93,,,,
AZE,1998,0.42125,,,,172.07,,,,
AZE,1999,0.39289,,,,165.6,,,,
AZE,2000,0.336,,,,158.76,,,,
AZE,2001,0.34001,,203.0,10.0,168.62,,,,
AZE,2002,0.30155,,234.0,7.0,255.89,,,2050000.0,
AZE,2003,0.32496,,246.0,18.0,287.37,,,144000.0,1000.0
AZE,2004,0.29831,,270.0,7.0,369.87,,,,
AZE,2005,0.21994,,281.0,6.0,359.53,,,46000.0,6000.0
AZE,2006,0.17165,,246.0,13.0,285.61,,,1281000.0,56000.0
AZE,2007,0.17006,,287.0,8.0,416.03,16910471.0,4.30957,4697000.0,22000.0
AZE,2008,0.16554,,226.0,7.0,482.58,7426765.0,1.15012,4827000.0,13000.0
AZE,2009,0.24976,,264.0,17.0,630.91,4537422.0,1.01646,19229000.0,1800000.0
AZE,2010,0.21848,,254.0,17.0,603.88,7200494.0,1.36855,16531000.0,149000.0
AZE,2011,0.21084,,193.0,12.0,640.75,10332315.0,1.73182,18423000.0,23000.0
AZE,2012,0.21427,,144.0,,679.97,45373920.0,8.55946,28180000.0,28000.0
AZE,2013,0.20969,,156.0,,476.47,73389339.0,13.77397,,
AZE,2014,0.20978,,168.0,,391.27,33923114.0,7.72948,,
AZE,2015,0.22232,,184.0,,449.94,13928754.0,3.89923,,
AZE,2016,0.20637,,144.0,19.0,592.94,11727294.0,2.81221,,
AZE,2017,0.18468,,204.0,22.0,732.12,14069403.0,3.30108,,
AZE,2018,0.18416,,155.0,16.0,810.68,21177987.0,4.34553,82906739.14118,6810769.55882
AZE,2019,0.20013,1715.46385,147.0,20.0,924.14,27996627.0,4.95159,178440304.42353,6907671.19412
AZE,2020,0.2239,1732.37308,90.0,18.0,1033.88,33914977.0,7.06728,94135897.56471,5402440.86471
AZE,2021,0.20836,1743.43016,119.0,16.0,1014.28,22212874.0,2.0971,94800611.3,6198938.76471
AZE,2022,0.1513,1702.31299,,,1174.57,49582911.0,3.91294,198087000.0,3384000.0
AZE,2023,0.1816,1663.3395,,,,56810637.0,4.17224,182232000.0,4215000.0
AZE,2024,0.20778,1662.52798,,,,37073081.0,2.91095,223754000.0,21205000.0
BDI,1980,,,,10.0,,,,,
BDI,1981,,,,5.0,,,,,
BDI,1982,,,,2.0,,,,,
BDI,1983,,,,2.0,,,,,
BDI,1984,,,,7.0,,,,,
BDI,1985,,,,,,,,57999.47386,
BDI,1986,,,,2.0,,,,17517.57049,
BDI,1987,,,,,,,,40464.9149,
BDI,1988,,,,,,,,7122.76078,
BDI,1989,,,1.0,1.0,,,,25210.08403,
BDI,1990,,,,3.0,,,,75910.00771,
BDI,1991,,,,,,,,203842.61697,
BDI,1992,,,,2.0,,,,96014.13328,
BDI,1993,,,,1.0,,,,12356.8663,
BDI,1994,,,,4.0,,,,15831.39564,
BDI,1995,,,,1.0,,,,96093.21041,
BDI,1996,,,1.0,4.0,9.82,,,23121.64186,
BDI,1997,,,,,13.35,,,,
BDI,1998,,,,,3.81,,,,
BDI,1999,,,,,6.1,,,,
BDI,2000,,,,,1.65,,,,
BDI,2001,,,,,3.58,,,,
BDI,2002,,,,,0.93,,,,
BDI,2003,,,,,4.42,,,,
BDI,2004,,,,,5.02,,,,
BDI,2005,,,,,4.3,,,,
BDI,2006,,,,,5.63,,,,
BDI,2007,0.20068,,,,4.48,,,,
BDI,2008,0.15417,,,,2.54,,,,
BDI,2009,0.14096,,,,3.33,,,,
BDI,2010,0.13719,,,,12.37,,,,
BDI,2011,,,,,10.02,,,620741.06185,4678.55425
BDI,2012,0.10702,19.57969,,,10.65,,,16637.71675,4228.75301
BDI,2013,,,,,14.28,52352.0,0.3083,,45463.58225
BDI,2014,,,,,12.91,392605.0,1.4573,186690.32056,29672.58161
BDI,2015,,,,,12.5,762345.0,3.49267,3254.86774,6821.688
BDI,2016,,,,,11.72,600998.0,3.19598,150843.06747,234.20282
BDI,2017,,,3.0,10.0,13.19,224837.0,1.66362,18950.15147,13951.98486
BDI,2018,0.21312,22.4816,2.0,2.0,20.41,1919722.0,25.93633,,
BDI,2019,,,,15.0,29.9,44806.0,0.47099,,
BDI,2020,,,2.0,5.0,35.24,22492.0,0.1205,94.89169,
BDI,2021,,,,,26.93,52895.0,0.25,2573848.88355,17616.48631
BDI,2022,,,,,27.99,279944.0,1.11792,565705.3274,
BDI,2023,,,,,,430943.0,1.30508,435931.75856,1435.5657
BDI,2024,,,,,,,,711843.13947,162.84742
BEL,1980,,,865.0,5104.0,,,,,
BEL,1981,,,806.0,3918.0,,,,,
BEL,1982,,,914.0,2944.0,,,,,
BEL,1983,,,805.0,2261.0,,,,,
BEL,1984,,,869.0,1966.0,,,,,
BEL,1985,,,771.0,1476.0,,,,,
BEL,1986,,,794.0,1334.0,,,,,
BEL,1987,,,548.0,889.0,,,,,
BEL,1988,,,636.0,776.0,,,,,
BEL,1989,,,681.0,663.0,,,,,
BEL,1990,,,643.0,613.0,,,,,
BEL,1991,,,625.0,574.0,,,,,
BEL,1992,,,675.0,499.0,,,,,
BEL,1993,,,809.0,679.0,,,,,
BEL,1994,,,744.0,446.0,,,,,
BEL,1995,,,732.0,355.0,,,,,
BEL,1996,1.74299,2477.43906,776.0,310.0,8826.61,,,,
BEL,1997,1.80971,2582.2631,792.0,269.0,9009.03,,,,
BEL,1998,1.83825,2707.1088,690.0,249.0,9409.54,,,,
BEL,1999,1.90564,2910.88176,591.0,249.0,9244.92,,,,
BEL,2000,1.9362,2982.55342,577.0,243.0,9593.02,,,,
BEL,2001,2.03279,3140.73254,571.0,264.0,9951.02,,,,
BEL,2002,1.90325,2974.5959,601.0,147.0,10242.87,,,741532731.39807,649578711.05176
BEL,2003,1.8412,2985.44684,519.0,188.0,10883.66,,,983530497.26229,883952796.31074
BEL,2004,1.8205,3116.44787,514.0,122.0,11535.55,,,1038258096.93362,1022734876.1544
BEL,2005,1.7906,3173.07923,517.0,105.0,12766.14,,,1048948518.07973,1359788108.75149
BEL,2006,1.82269,3318.08595,490.0,161.0,13014.6,,,1077146472.27893,1543172139.27054
BEL,2007,1.84999,3431.0838,454.0,163.0,13622.59,28348121217.0,8.46584,1997290657.25184,1678612578.17073
BEL,2008,1.93684,3447.86531,575.0,133.0,14332.71,31672630338.0,8.94695,2023023359.04967,1515830243.09017
BEL,2009,1.99134,3554.67756,669.0,148.0,14799.65,32169554713.0,11.35754,1934877742.41634,2557958273.71556
BEL,2010,2.0613,3755.63584,620.0,140.0,15080.34,18062114104.0,9.26523,1905030685.13707,2480222841.12553
BEL,2011,2.15739,3880.19574,636.0,127.0,15583.08,19710705572.0,8.67484,2895143844.68342,2533613936.39067
BEL,2012,2.27079,4116.61624,755.0,127.0,16327.84,18578043351.0,8.942,2822609814.36102,2649669442.82256
BEL,2013,2.32047,4161.62059,715.0,161.0,16589.95,23020452724.0,10.64061,3348514804.09597,3356686924.5767
BEL,2014,2.35858,4544.86674,889.0,137.0,16888.19,26767838222.0,11.93935,3404143477.30742,3306641239.14738
BEL,2015,2.43496,4731.81573,949.0,148.0,16730.49,22552909326.0,12.33517,3336208270.6062,3203851057.56827
BEL,2016,2.53291,4798.32663,1054.0,119.0,16792.56,27175805685.0,13.33125,2759594690.663,3785873237.5491
BEL,2017,2.67654,4757.30821,1001.0,216.0,16305.94,25235406983.0,11.49179,3591804626.30625,3636958954.1829
BEL,2018,2.86365,5040.00069,892.0,218.0,16529.95,28165595899.0,11.70586,3809794821.41026,4161056603.99266
BEL,2019,3.15154,5290.87935,876.0,257.0,16644.86,33085086466.0,14.14401,3403407681.57464,3556481800.56813
BEL,2020,3.36823,5418.91258,862.0,288.0,16947.47,34318944448.0,15.26186,3249143148.1605,3717083276.8715
BEL,2021,3.40589,5770.89032,799.0,415.0,18319.58,60841701079.0,21.37996,3243446633.18904,3927925246.03177
BEL,2022,3.19592,5818.71223,,,17612.3,68608511632.0,22.81791,4449536388.96105,4604051295.75217
BEL,2023,3.27235,5990.12849,,,,50647716012.0,18.66682,4734947934.44421,4461814092.5804
BEL,2024,,,,,,51334304858.0,20.39215,3837117022.24032,4526528074.74755
BEN,1983,,,,,,,,34114.82203,
BEN,1984,,,,,,,,219701.42011,
BEN,1996,,,,,28.51,,,385102.26585,
BEN,1997,,,,,45.95,,,442031.07482,
BEN,1998,,,,,40.3,,,1556059.39261,
BEN,1999,,,,,42.5,,,508551.67059,
BEN,2000,,,,,45.48,,,367497.98431,
BEN,2001,,,,,42.87,,,656747.01658,1365.37841
BEN,2002,,,,,44.73,,,833197.31832,2883.0357
BEN,2003,,,,,46.42,,,1898611.63425,87946.58796
BEN,2004,,,,,60.84,,,2309713.93189,
BEN,2005,,,,,60.94,,,1862464.53269,
BEN,2006,,,,,77.59,,,1596399.48781,1914.14807
BEN,2007,,,,,93.97,,,1974369.88562,
BEN,2008,,,,,92.83,,,2766815.88646,20179.37032
BEN,2009,,,,,117.63,,,2993875.58941,
BEN,2010,,,,,105.59,,,2884026.97636,2021.04203
BEN,2011,,,,,128.9,,,1909819.89311,
BEN,2012,,,,,143.3,,,2320997.52906,
BEN,2013,,,,,178.78,569796.0,1.27586,5061757.24634,
BEN,2014,,,,,179.52,3987990.0,4.13534,2255156.39491,7898.61692
BEN,2015,,,,,180.0,1171209.0,1.62544,17760.13573,5074.32449
BEN,2016,,,,,173.32,577999.0,1.24488,596855.63385,843.73146
BEN,2017,,,,,207.64,3522293.0,4.67072,18048.52868,
BEN,2018,,,,,233.16,1403781.0,2.84229,18903.71221,143254.13151
BEN,2019,,,,,276.96,700714.0,1.48291,17885.46027,
BEN,2020,,,,,317.18,1410633.0,1.84365,401153.03226,17447.49277
BEN,2021,,,,,381.61,1211677.0,2.69845,,1052870.15652
BEN,2022,,,,,413.69,1478628.0,4.28716,,
BEN,2023,,,,,,1700350.0,4.41802,,
BEN,2024,,,,,,22455589.0,30.53896,,
BFA,1996,0.15834,,,,36.72,,,,
BFA,1997,0.18104,,,,52.2,,,,
BFA,1998,,,2.0,,84.78,,,,
BFA,1999,,,4.0,,61.62,,,,
BFA,2000,,,2.0,,48.5,,,,
BFA,2001,0.16816,,,,63.92,,,,
BFA,2002,0.30111,,,,71.81,,,,
BFA,2003,0.24112,,1.0,,76.54,,,,
BFA,2004,0.21514,,2.0,,71.32,,,,
BFA,2005,0.15166,,1.0,,72.52,,,4195286.70704,
BFA,2006,,,,,99.37,,,15313.18454,78480.07074
BFA,2007,0.09836,,,,105.16,,,167142.42418,102374.73481
BFA,2008,0.16568,,,,119.4,,,186098.63742,38116.58839
BFA,2009,0.17787,,,,129.04,18492513.0,17.2008,514572.36693,8505.32838
BFA,2010,,46.5781,2.0,,124.54,11301002.0,16.58323,111157.31163,448671.33059
BFA,2011,,,,,150.19,8259133.0,10.78722,284350.96186,772416.04566
BFA,2012,,,,,189.0,10978416.0,8.62484,301631.74639,746244.77517
BFA,2013,,,,,163.87,14208169.0,14.01696,301478.26159,797732.94202
BFA,2014,0.19719,,,,169.34,13835438.0,11.05877,251135.51232,840493.85172
BFA,2015,,,,,192.98,5765833.0,4.96028,233418.92671,712096.87061
BFA,2016,,,,,205.94,6875574.0,5.94497,460677.37642,701984.57359
BFA,2017,0.61361,,,,208.93,5350847.0,5.75853,439157.90212,726642.72016
BFA,2018,,,,,254.91,6498091.0,5.88093,480694.39631,842565.45869
BFA,2019,0.17435,,,,261.75,34843264.0,25.78715,467647.8063,817530.28911
BFA,2020,0.25116,,,,261.62,4097239.0,3.40123,460912.87474,806892.44763
BFA,2021,0.25057,,,,331.81,3595403.0,2.25654,464061.16305,812403.9666
BFA,2022,,,,,411.23,2782855.0,1.529,400179.85313,700570.79956
BFA,2023,0.09845,,,,,8323768.0,3.79785,399175.17065,698811.96237
BFA,2024,0.10477,,,,,2468004.0,1.64549,,
BGD,1980,,,34.0,102.0,,,,,
BGD,1981,,,39.0,133.0,,,,,
BGD,1982,,,40.0,104.0,,,,,
BGD,1983,,,40.0,123.0,,,,,
BGD,1984,,,62.0,104.0,,,,,
BGD,1985,,,40.0,96.0,,,,,
BGD,1986,,,16.0,77.0,,,,,
BGD,1987,,,23.0,98.0,,,,,
BGD,1988,,,24.0,109.0,,,,,
BGD,1989,,,32.0,76.0,,,,,
BGD,1990,,,32.0,76.0,,,,,
BGD,1991,,,36.0,77.0,,,,,
BGD,1992,,,72.0,89.0,,,,,
BGD,1993,,,36.0,71.0,,,,,
BGD,1994,,,39.0,89.0,,,,,
BGD,1995,,,70.0,156.0,,,,,
BGD,1996,,,22.0,131.0,368.49,,,4602195.48542,
BGD,1997,,,46.0,119.0,396.28,,,7730578.20282,22204.12832
BGD,1998,,,32.0,184.0,389.76,,,5101004.81658,
BGD,1999,,,49.0,200.0,407.26,,,5528115.65034,81504.32468
BGD,2000,,,70.0,248.0,444.19,,,4420433.71284,57734.20479
BGD,2001,,,59.0,236.0,434.28,,,5501180.32083,70175.4386
BGD,2002,,,43.0,246.0,420.78,,,3126595.32507,51813.4715
BGD,2003,,,58.0,260.0,493.64,,,3714009.00174,327391.0137
BGD,2004,,,48.0,268.0,531.3,,,5091128.13433,134430.37712
BGD,2005,,,50.0,294.0,593.35,,,2744867.84515,260850.89953
BGD,2006,,,22.0,288.0,740.2,,,5241859.55008,319865.78691
BGD,2007,,,29.0,270.0,871.17,,,7675990.79804,43435.96712
BGD,2008,,,60.0,278.0,1056.49,62063721.0,0.43548,21923483.74504,14581.9926
BGD,2009,,,55.0,275.0,1159.19,44173505.0,0.30626,8385816.8738,333018.06491
BGD,2010,,,66.0,276.0,1426.96,37560962.0,0.21303,17636698.54403,516648.0673
BGD,2011,,,37.0,269.0,1391.46,44006131.0,0.19506,10470569.01373,992520.50804
BGD,2012,,,67.0,287.0,1921.35,105405034.0,0.46336,10816541.93536,243886.25939
BGD,2013,,,60.0,243.0,1787.42,68647591.0,0.29909,20488449.14672,419654.81978
BGD,2014,,,44.0,249.0,2408.26,,,30127601.63889,914912.22541
BGD,2015,,,41.0,299.0,2182.74,93607706.0,0.30787,24374495.85217,1182236.04045
BGD,2016,,,77.0,267.0,2590.98,80224851.0,0.24293,46541986.24167,344286.08765
BGD,2017,,,61.0,241.0,3126.85,161066666.0,0.42645,25938279.0255,36917.97893
BGD,2018,,,69.0,299.0,3182.44,204146450.0,0.53945,41791531.82788,4082535.48193
BGD,2019,,,68.0,345.0,5204.89,,,47747802.84209,6954596.81199
BGD,2020,,,40.0,362.0,5121.48,,,64723020.59059,4193734.32786
BGD,2021,,,74.0,373.0,7551.78,,,63112111.556,1977907.28078
BGD,2022,,,,,7056.17,,,54087755.33763,3748198.04653
BGD,2023,,,,,,,,46633363.88436,2417121.74052
BGD,2024,,,,,,,,92275029.7491,1318260.42757
BGR,1980,,,3297.0,804.0,,,,,
BGR,1981,,,3673.0,871.0,,,,,
BGR,1982,,,3628.0,717.0,,,,,
BGR,1983,,,3811.0,728.0,,,,,
BGR,1984,,,3843.0,738.0,,,,,
BGR,1985,,,2.0,248.0,,,,,
BGR,1986,,,1.0,211.0,,,,,
BGR,1987,,,3.0,311.0,,,,,
BGR,1988,,,6.0,253.0,,,,,
BGR,1989,,,63.0,267.0,,,,,
BGR,1990,,,198.0,331.0,,,,,
BGR,1991,,,422.0,326.0,,,,,
BGR,1992,,,329.0,351.0,,,,,
BGR,1993,,,412.0,152.0,,,,,
BGR,1994,,,319.0,531.0,,,,,
BGR,1995,,,368.0,363.0,,,,,
BGR,1996,0.41826,1771.85422,316.0,407.0,1909.71,,,,
BGR,1997,0.46548,1450.78139,394.0,538.0,1753.32,,,,
BGR,1998,0.48223,1464.18095,274.0,524.0,1764.7,,,,
BGR,1999,0.53688,1306.20445,282.0,616.0,1800.04,,,,
BGR,2000,0.49517,1179.69599,231.0,709.0,1676.87,,,9860817.7,3522183.0
BGR,2001,0.44709,1157.05434,283.0,785.0,1657.78,,,11473845.89667,2582976.9
BGR,2002,0.46473,1168.80197,289.0,735.0,1680.94,,,23347047.84367,3917236.56111
BGR,2003,0.47222,1224.19554,278.0,680.0,1714.23,,,24433653.25168,4669970.43592
BGR,2004,0.47086,1263.77329,263.0,133.0,1850.12,,,30520223.54538,7089744.5234
BGR,2005,0.44269,1301.70634,261.0,52.0,2032.9,,,80611097.1733,5049809.51207
BGR,2006,0.44216,1348.08734,243.0,48.0,1932.09,,,69439205.49606,10516830.66264
BGR,2007,0.43003,1471.47888,211.0,28.0,2469.59,648369137.0,6.29351,77561078.17078,10864074.8097
BGR,2008,0.44731,1505.75099,249.0,22.0,2345.31,803738388.0,6.97304,95185418.76238,11411533.08045
BGR,2009,0.49338,1593.43114,242.0,24.0,2682.99,754771930.0,8.66603,117239687.56358,10027643.59731
BGR,2010,0.56299,1470.69323,243.0,17.0,2606.28,852976590.0,8.40425,114240000.0,18320000.0
BGR,2011,0.5295,1606.20566,262.0,21.0,2459.0,1062699686.0,7.81569,140180000.0,11950000.0
BGR,2012,0.60039,1537.4066,245.0,14.0,2648.91,1021476044.0,8.04755,184750000.0,22800000.0
BGR,2013,0.63424,1685.20345,282.0,15.0,2680.44,1175494257.0,8.2944,197870000.0,26720000.0
BGR,2014,0.79007,1822.03088,218.0,16.0,2661.88,1156706424.0,7.578,229820000.0,32710000.0
BGR,2015,0.94947,1976.75906,280.0,11.0,2554.77,1188402574.0,8.45027,185840000.0,50030000.0
BGR,2016,0.77009,2236.855,230.0,11.0,2544.29,1368015151.0,8.9861,183510000.0,50430000.0
BGR,2017,0.74037,2125.46017,202.0,23.0,2963.85,1682865600.0,9.63609,178800000.0,52660000.0
BGR,2018,0.75505,2343.48736,180.0,18.0,3375.36,2012291354.0,10.37289,208970000.0,88850000.0
BGR,2019,0.83576,2420.08954,186.0,7.0,4302.46,2099870351.0,10.85231,261890000.0,122280000.0
BGR,2020,0.84549,2401.16918,239.0,7.0,4559.2,2155498073.0,11.30327,265750000.0,144690000.0
BGR,2021,0.76933,2346.69591,165.0,6.0,4858.99,2629729427.0,10.92447,309540000.0,242980000.0
BGR,2022,0.75174,2557.19806,,,4784.13,2722362666.0,10.38268,278060000.0,291840000.0
BGR,2023,0.79224,2400.56923,,,,3178034114.0,12.05789,363440000.0,368060000.0
BGR,2024,,,,,,3345754344.0,13.42997,379840000.0,426440000.0
BHR,1980,,,,47.0,,,,,
BHR,1981,,,1.0,28.0,,,,,
BHR,1982,,,,41.0,,,,,
BHR,1983,,,,28.0,,,,,
BHR,1984,,,,65.0,,,,,
BHR,1985,,,,16.0,,,,,
BHR,1986,,,,20.0,,,,,
BHR,1992,,,,31.0,,,,,
BHR,1996,,,,,92.81,,,,
BHR,1997,,,,,71.24,,,,
BHR,1998,,,,,90.92,,,,
BHR,1999,,,,,89.99,,,,
BHR,2000,,,,,85.53,,,,
BHR,2001,,,,,83.76,,,,
BHR,2002,,,,,71.0,,,,
BHR,2003,,,,,132.81,,,,
BHR,2004,,,,,142.48,,,,
BHR,2005,,,,,161.53,,,,
BHR,2006,,,,,182.09,,,,
BHR,2007,,,,,177.24,,,,
BHR,2008,,,,,160.23,,,,
BHR,2009,,,,,189.71,310482.0,0.03121,,
BHR,2010,,,,,213.0,964226.0,0.11026,,
BHR,2011,,,1.0,139.0,180.98,1619723.0,0.15229,,
BHR,2012,,,3.0,161.0,159.51,7237726.0,0.38662,,
BHR,2013,,,3.0,167.0,241.91,18922393.0,0.59204,,
BHR,2014,0.09713,384.87249,6.0,199.0,214.55,47086511.0,1.49914,,
BHR,2015,,,8.0,185.0,180.86,22835701.0,0.93561,,
BHR,2016,,,6.0,171.0,234.78,21521243.0,1.05834,,
BHR,2017,,,8.0,237.0,255.57,14797112.0,0.62495,,
BHR,2018,,,11.0,219.0,337.97,11790580.0,0.44903,,
BHR,2019,,,4.0,322.0,465.67,171040707.0,4.4485,,
BHR,2020,,,7.0,257.0,509.0,334578591.0,8.97366,,
BHR,2021,,,3.0,326.0,650.35,18783670.0,0.59059,,
BHR,2022,,,,,671.6,18993642.0,0.56996,,
BHR,2023,,,,,,11523340.0,0.38734,,
BHR,2024,0.19327,848.94502,,,,,,,
BHS,1976,,,,,,,,1000000.0,
BHS,1977,,,,,,,,2400000.0,
BHS,1978,,,,,,,,2500000.0,
BHS,1979,,,,,,,,2900000.0,
BHS,1980,,,,,,,,3100000.0,
BHS,1981,,,2.0,51.0,,,,7300000.0,
BHS,1982,,,3.0,50.0,,,,3400000.0,
BHS,1983,,,,,,,,3500000.0,
BHS,1984,,,3.0,38.0,,,,3700000.0,
BHS,1985,,,3.0,42.0,,,,5700000.0,
BHS,1986,,,1.0,37.0,,,,3900000.0,
BHS,1987,,,,,,,,3900000.0,
BHS,1988,,,4.0,32.0,,,,3700000.0,
BHS,1989,,,,,,,,2600000.0,
BHS,1990,,,2.0,25.0,,,,3200000.0,
BHS,1991,,,1.0,27.0,,,,3700000.0,
BHS,1992,,,2.0,29.0,,,,3200000.0,
BHS,1993,,,,,,,,1200000.0,
BHS,1994,,,,,,,,5100000.0,
BHS,1995,,,,,,,,4600000.0,
BHS,1996,,,,,2.9,,,6400000.0,
BHS,1997,,,,,3.08,,,9600000.0,
BHS,1998,,,,,4.1,,,9100000.0,
BHS,1999,,,,,2.7,,,12200000.0,
BHS,2000,,,,,1.7,,,14200000.0,
BHS,2001,,,,,5.19,,,13200000.0,
BHS,2002,,,,,5.13,,,13656000.0,
BHS,2003,,,,,3.66,,,14600000.0,
BHS,2004,,,,,3.03,,,18500000.0,
BHS,2005,,,,,7.37,,,16087000.0,
BHS,2006,,,,,6.12,,,17670000.0,
BHS,2007,,,,,11.14,,,19680000.0,
BHS,2008,,,,,6.05,,,17890000.0,
BHS,2009,,,,,9.83,76.0,3e-05,17480000.0,
BHS,2010,,,,,9.2,3454.0,0.0018,10570000.0,
BHS,2011,,,,,10.78,0.0,0.0,15272000.0,
BHS,2012,,,3.0,83.0,8.01,0.0,0.0,16753000.0,
BHS,2013,,,1.0,75.0,18.89,0.0,0.0,19200000.0,
BHS,2014,,,1.0,113.0,15.89,0.0,0.0,19514760.92,
BHS,2015,,,2.0,68.0,12.77,0.0,0.0,17658586.93,
BHS,2016,,,3.0,34.0,13.91,5691434.0,2.10444,22875962.77,
BHS,2017,,,4.0,48.0,20.78,23398744.0,7.80295,14190513.671,
BHS,2018,,,,,20.64,6223847.0,1.96644,10285993.17,
BHS,2019,,,,,19.0,4273785.0,1.20545,10261087.08,
BHS,2020,,,,,21.42,5698918.0,3.04476,6359970.74,
BHS,2021,,,,,22.14,354749.0,0.2612,7457374.49,
BHS,2022,,,,,17.75,0.0,0.0,14814167.44,
BHS,2023,,,,,,7099.0,0.01382,11696928.33,
BHS,2024,,,,,,0.0,0.0,16908553.81,
BIH,1996,,,,,33.17,,,,
BIH,1997,,,,,43.07,,,,
BIH,1998,,,,,42.43,,,,
BIH,1999,,,23.0,105.0,107.02,,,,
BIH,2000,,,31.0,242.0,76.59,,,,
BIH,2001,,,52.0,309.0,68.64,,,,
BIH,2002,,,,,113.91,,,,
BIH,2003,0.01826,55.34689,32.0,242.0,155.74,,,,
BIH,2004,0.0159,57.25219,50.0,346.0,208.97,,,,
BIH,2005,0.02697,61.48538,66.0,306.0,256.37,,,,
BIH,2006,0.01969,164.44144,55.0,162.0,298.29,,,8258726.11964,3709692.30328
BIH,2007,0.02521,184.20563,,,324.95,,,9601090.11434,4293126.43215
BIH,2008,0.01842,,59.0,12.0,398.8,139640670.0,4.50732,10797196.73513,4772375.14706
BIH,2009,0.02106,,,,458.34,83124313.0,3.54055,5967649.5421,12390550.88758
BIH,2010,,,56.0,9.0,491.73,74424232.0,2.83312,5468247.41103,15124105.31212
BIH,2011,,,43.0,12.0,551.18,106561255.0,3.2717,4604166.89359,12827695.80301
BIH,2012,0.26533,155.74572,2.0,14.0,550.32,80755223.0,2.61783,9082194.35674,13158734.52212
BIH,2013,0.32132,228.0143,7.0,22.0,490.13,82099573.0,2.40453,7514459.63789,17531852.24516
BIH,2014,0.25725,283.73763,41.0,2.0,491.61,93751572.0,2.49515,6923384.87043,13375078.4103
BIH,2015,0.21603,353.6653,,,584.17,98638473.0,2.96382,9975386.65528,12892952.70566
BIH,2016,0.21337,406.85468,60.0,6.0,584.92,96206577.0,2.73442,7831871.70105,13046125.11949
BIH,2017,0.1978,471.50932,87.0,12.0,748.93,236663996.0,5.44355,8759802.10725,11614987.25918
BIH,2018,0.19199,459.76526,84.0,12.0,761.17,261343236.0,5.25474,8376030.03716,26777680.25989
BIH,2019,0.19001,451.01282,45.0,14.0,829.49,253429110.0,5.26614,13967684.78653,22980042.32607
BIH,2020,0.20325,446.11618,50.0,5.0,1004.72,212050903.0,4.61445,13746877.35105,12353009.68316
BIH,2021,0.19035,445.69281,53.0,8.0,1122.99,323354391.0,5.31622,15978640.27209,1948671.5281
BIH,2022,0.18743,540.14789,,,1039.36,346093120.0,5.22475,15733082.01961,6635653.0648
BIH,2023,0.18853,669.76765,,,,335043704.0,4.96705,22544194.46437,19127330.0047
BIH,2024,0.21437,705.15606,,,,406642998.0,6.16317,34822211.68491,28570666.33115
BLR,1993,,,828.0,666.0,,,,,
BLR,1994,,,683.0,1005.0,,,,,
BLR,1995,,,624.0,415.0,,,,,
BLR,1996,0.99852,,698.0,361.0,1285.54,,,,
BLR,1997,0.73,,752.0,414.0,1352.75,,,1800000.0,1700000.0
BLR,1998,0.70578,,910.0,79.0,1312.38,,,1100000.0,900000.0
BLR,1999,0.84523,,993.0,345.0,1133.6,,,800000.0,700000.0
BLR,2000,0.7221,,994.0,204.0,1203.02,,,2700000.0,900000.0
BLR,2001,0.70876,,930.0,214.0,1330.16,,,3800000.0,500000.0
BLR,2002,0.6209,,895.0,379.0,1325.49,,,3200000.0,800000.0
BLR,2003,0.61147,,1082.0,298.0,1279.07,,,5500000.0,1400000.0
BLR,2004,0.62759,,1065.0,200.0,1285.37,,,9100000.0,1700000.0
BLR,2005,0.67852,,1166.0,296.0,1339.42,,,19500000.0,3100000.0
BLR,2006,0.66065,,1188.0,337.0,1210.16,,,50500000.0,5900000.0
BLR,2007,0.96203,,1405.0,257.0,1310.09,,,52500000.0,3100000.0
BLR,2008,0.74147,,1510.0,220.0,1070.73,417729396.0,2.43408,75200000.0,4700000.0
BLR,2009,0.62167,,1753.0,173.0,1205.3,319783299.0,3.15196,76000000.0,9500000.0
BLR,2010,0.66913,,1759.0,174.0,1054.44,408291304.0,3.05811,102700000.0,8500000.0
BLR,2011,0.6776,,1725.0,146.0,1114.89,515422700.0,2.56526,89200000.0,22800000.0
BLR,2012,0.64603,,1681.0,190.0,1043.1,636491396.0,2.83747,106800000.0,22900000.0
BLR,2013,0.65191,,1489.0,145.0,1107.04,796837310.0,4.60454,145100000.0,27700000.0
BLR,2014,0.50548,,652.0,105.0,1059.93,694196900.0,4.16956,237300000.0,39100000.0
BLR,2015,0.49999,,543.0,148.0,988.28,578013704.0,4.47974,132700000.0,22300000.0
BLR,2016,0.50063,,455.0,66.0,1008.15,626372393.0,4.87528,125700000.0,27500000.0
BLR,2017,0.58411,,434.0,90.0,1080.38,721137103.0,4.60498,157100000.0,35100000.0
BLR,2018,0.60443,,453.0,94.0,1228.81,757854091.0,4.28389,178700000.0,66100000.0
BLR,2019,0.57733,,298.0,95.0,1502.43,800555399.0,4.49711,187200000.0,101100000.0
BLR,2020,0.53901,1473.37761,317.0,77.0,1521.33,857164498.0,5.09813,202400000.0,124600000.0
BLR,2021,0.45981,1439.1965,276.0,110.0,1597.03,922201805.0,6.01577,248656400.0,123842510.0
BLR,2022,0.47477,1434.19007,,,1519.37,,,,
BLR,2023,0.57348,1504.35265,,,,,,,
BLR,2024,0.5872,1567.81421,,,,,,,
BLZ,1984,,,,,,,,100000.0,
BLZ,1985,,,,,,,,200000.0,
BLZ,1986,,,,,,,,1250000.0,450000.0
BLZ,1987,,,,,,,,250000.0,550000.0
BLZ,1988,,,,,,,,200000.0,2900000.0
BLZ,1989,,,,,,,,200000.0,2900000.0
BLZ,1990,,,,,,,,250000.0,3750000.0
BLZ,1991,,,,,,,,400000.0,600000.0
BLZ,1992,,,,,,,,300000.0,
BLZ,1993,,,,,,,,100000.0,100000.0
BLZ,1994,,,,,,,,58500.0,
BLZ,1995,,,,,,,,109000.0,
BLZ,1996,,,,,1.96,,,400000.0,
BLZ,1997,,,,,3.28,,,500000.0,
BLZ,1998,,,,,3.95,,,100000.0,
BLZ,1999,,,,,2.23,,,2483130.5,
BLZ,2000,,,,,0.62,,,2920196.015,
BLZ,2001,,,,,2.0,,,2192434.96,
BLZ,2002,,,,,1.91,,,343911.66232,
BLZ,2003,,,,,4.76,,,229944.96426,
BLZ,2004,,,,16.0,4.92,,,421590.46001,
BLZ,2005,,,,33.0,5.83,,,390409.27656,
BLZ,2006,,,1.0,41.0,4.83,,,381894.16463,
BLZ,2007,,,,48.0,2.23,,,863405.54206,
BLZ,2008,,,,54.0,3.64,,,743250.80716,
BLZ,2009,,,,,8.51,,,1100349.46427,
BLZ,2010,,,,,10.82,0.0,0.0,1382149.28301,
BLZ,2011,,,,49.0,2.26,409.0,0.0085,1976691.48053,2500000.0
BLZ,2012,,,,51.0,8.3,0.0,0.0,2271626.48516,
BLZ,2013,,,,32.0,7.75,0.0,0.0,2338069.77069,
BLZ,2014,,,,36.0,5.16,0.0,0.0,4847919.58081,
BLZ,2015,,,,26.0,7.64,0.0,0.0,4139216.68422,
BLZ,2016,,,,37.0,5.88,0.0,0.0,2625094.43201,
BLZ,2017,,,,32.0,11.55,10.0,8e-05,3585358.78354,
BLZ,2018,,,,24.0,9.74,6270.0,0.06655,7886378.99729,
BLZ,2019,,,,32.0,10.21,0.0,0.0,7438447.63293,
BLZ,2020,,,,23.0,17.62,64217.0,0.93824,5598606.07957,
BLZ,2021,,,,27.0,12.52,14461.0,0.19164,9260152.84766,
BLZ,2022,,,,,17.74,17.0,0.00018,12679939.65014,
BLZ,2023,,,,,,0.0,0.0,12258575.02214,
BLZ,2024,,,,,,13.0,0.00019,16372449.01864,
BMU,1997,0.05885,,,,,,,,
BMU,2006,,,,,,,,4690000.0,230000.0
BMU,2007,0.16026,,,,,,,4600186.29372,55773.40506
BMU,2008,0.16848,,,,,,,6328373.96789,109679.96418
BMU,2009,0.18235,,,,,,,9317683.23402,25642.8863
BMU,2010,0.1805,,,,,,,8796579.6506,3272.41782
BMU,2011,0.26195,,,,,,,9900275.14276,8384.0
BMU,2012,0.23355,,,,,830077.0,12.34846,10277577.50542,8589.408
BMU,2013,0.1963,,,,,2667623.0,12.6,10932020.48243,9281.91086
BMU,2014,0.19083,,,,,2564052.0,28.60412,11763872.73049,
BMU,2015,0.19507,,,,,1028795.0,27.16156,8594322.14684,
BMU,2016,,,,,,1280911.0,48.78537,8461475.48033,125000.0
BMU,2017,,,,,,1136950.0,21.78901,8090866.7,387998.0
BMU,2018,0.22851,,,,,2939782.0,17.05594,6990153.58936,301663.0
BMU,2019,0.26451,,,,,1569639.0,6.94053,4366599.8,167500.0
BMU,2020,0.22546,,,,,869524.0,5.48239,3219425.59155,167458.125
BMU,2021,,,,,,1878816.0,8.07436,3034281.43681,170048.21937
BMU,2022,,,,,,1251163.0,12.54029,2586479.02544,176596.373
BMU,2023,,,,,,1784202.0,14.93728,2320473.67518,175783.31687
BMU,2024,,,,,,5858517.0,14.30074,,
BOL,1976,,,,,,,,1400000.0,
BOL,1977,,,,,,,,1900000.0,
BOL,1978,,,,,,,,2400000.0,
BOL,1979,,,,,,,,1800000.0,
BOL,1980,,,8.0,117.0,,,,2000000.0,
BOL,1981,,,12.0,120.0,,,,3000000.0,
BOL,1982,,,18.0,89.0,,,,3000000.0,
BOL,1983,,,11.0,70.0,,,,3000000.0,
BOL,1984,,,4.0,54.0,,,,3000000.0,
BOL,1985,,,5.0,41.0,,,,2500000.0,
BOL,1986,,,,,,,,2100000.0,
BOL,1987,,,,,,,,3800000.0,
BOL,1988,,,,,,,,3600000.0,
BOL,1989,,,,,,,,3200000.0,
BOL,1990,,,,,,,,3200000.0,
BOL,1991,,,,,,,,3700000.0,
BOL,1992,,,,,,,,3700000.0,
BOL,1993,,,26.0,62.0,,,,3900000.0,
BOL,1994,,,28.0,89.0,,,,4100000.0,
BOL,1995,,,17.0,106.0,,,,4400000.0,
BOL,1996,0.32544,,,,28.73,,,4000000.0,
BOL,1997,0.31577,,,,39.32,,,5200000.0,
BOL,1998,0.29495,71.59781,,,39.05,,,5200000.0,
BOL,1999,0.29836,71.54516,,,53.82,,,4800000.0,1600000.0
BOL,2000,0.28744,70.31278,,,37.82,,,5000000.0,1600000.0
BOL,2001,0.29358,120.97677,,,42.27,,,5280000.0,1640000.0
BOL,2002,0.27663,117.83207,,,46.61,,,5740000.0,1800000.0
BOL,2003,,,,,50.8,,,7990000.0,1690000.0
BOL,2004,,,,,46.6,,,9681000.0,1840000.0
BOL,2005,,,,,63.68,,,11200000.0,1920000.0
BOL,2006,,,,,69.72,,,14421000.0,1780000.0
BOL,2007,,,,,85.95,15432769.0,4.63205,16187000.0,2005000.0
BOL,2008,,,,,93.85,17442189.0,4.35786,17805000.0,2250000.0
BOL,2009,0.157,143.15295,,,85.38,14823026.0,4.86664,18650000.0,2500000.0
BOL,2010,,162.98202,,,79.43,37069953.0,8.39643,19805000.0,2804000.0
BOL,2011,,,,,82.48,48204674.0,13.26685,20800500.0,7178601.88
BOL,2012,,,,,86.1,52913603.0,9.2235,42441212.06972,15205383.62519
BOL,2013,,,,,90.53,44104414.0,9.36491,50427298.19523,17905865.06398
BOL,2014,,,9.0,294.0,89.46,33146951.0,8.0579,68285439.4143,18938481.87883
BOL,2015,,,,,89.18,24935819.0,6.40259,83568649.69938,22344051.60795
BOL,2016,,,12.0,241.0,92.83,15511283.0,4.45997,99382292.87533,24183112.91217
BOL,2017,0.07627,49.89826,59.0,277.0,92.6,19397571.0,5.87151,93745643.07827,24482350.03853
BOL,2018,,,,,110.67,19560045.0,5.04856,81071369.88671,10110622.57616
BOL,2019,0.06643,58.8279,,,134.03,14175220.0,3.45205,76817706.70832,6959047.87118
BOL,2020,,,8.0,151.0,178.44,13485139.0,4.32522,37680170.55622,5027557.36199
BOL,2021,0.06308,63.0569,5.0,227.0,176.29,22371253.0,4.54888,28785372.67093,2226026.99031
BOL,2022,,,,,188.02,35257941.0,5.5177,25194145.03996,1672884.96094
BOL,2023,,,,,,27251877.0,8.16517,18702907.19884,1590560.83094
BOL,2024,,,,,,51178345.0,8.79395,23984366.58839,1854340.83
BRA,1975,,,,,,,,223000000.0,134000000.0
BRA,1976,,,,,,,,263000000.0,131000000.0
BRA,1977,,,,,,,,170000000.0,127000000.0
BRA,1978,,,,,,,,211000000.0,159000000.0
BRA,1979,,,,,,,,36000000.0,11000000.0
BRA,1980,,,2149.0,6228.0,,,,38000000.0,12000000.0
BRA,1981,,,2171.0,6113.0,,,,29000000.0,19000000.0
BRA,1982,,,2116.0,5562.0,,,,31000000.0,15000000.0
BRA,1983,,,2302.0,4900.0,,,,26000000.0,11000000.0
BRA,1984,,,2062.0,4657.0,,,,17000000.0,11000000.0
BRA,1985,,,1954.0,4565.0,,,,30000000.0,7000000.0
BRA,1986,,,1855.0,4413.0,,,,34000000.0,4000000.0
BRA,1987,,,2451.0,4702.0,,,,41000000.0,5000000.0
BRA,1988,,,2338.0,4546.0,,,,48000000.0,6000000.0
BRA,1989,,,2323.0,4657.0,,,,70000000.0,12000000.0
BRA,1990,,,2389.0,5148.0,,,,54000000.0,12000000.0
BRA,1991,,,2319.0,4625.0,,,,53000000.0,13000000.0
BRA,1992,,,2100.0,4374.0,,,,55000000.0,12000000.0
BRA,1993,,,2429.0,4221.0,,,,121000000.0,34000000.0
BRA,1994,,,2269.0,4228.0,,,,239000000.0,19000000.0
BRA,1995,,,2707.0,4741.0,,,,529000000.0,32000000.0
BRA,1996,,,2611.0,5446.0,7645.85,,,797000000.0,78000000.0
BRA,1997,,,2756.0,13479.0,9303.48,,,949591000.0,101999000.0
BRA,1998,,,2491.0,13546.0,10498.24,,,1478574000.0,149640000.0
BRA,1999,,,2816.0,14693.0,11423.81,,,1282515000.0,132772000.0
BRA,2000,1.04752,298.53981,3179.0,14104.0,12800.36,,,1414582000.0,125190000.0
BRA,2001,1.06197,341.27926,3439.0,14410.0,13914.7,,,1244319000.0,112092000.0
BRA,2002,1.00967,403.16475,3481.0,13204.0,16156.58,,,1228789000.0,100258000.0
BRA,2003,0.99939,428.48507,3866.0,12545.0,17730.62,,,1227928000.0,108116000.0
BRA,2004,0.96343,489.27106,4044.0,12669.0,19960.57,,,905010000.0,112695000.0
BRA,2005,1.00247,515.766,4054.0,14444.0,22460.22,,,1404494000.0,101660000.0
BRA,2006,0.98807,550.49741,3956.0,15886.0,28610.05,,,1663677000.0,150307000.0
BRA,2007,1.08138,562.55469,4194.0,17469.0,31153.54,9550426879.0,12.62784,2259433000.0,319410000.0
BRA,2008,1.12904,598.65285,4280.0,18890.0,35574.01,10797889271.0,12.76153,2697171000.0,465444000.0
BRA,2009,1.11866,634.14103,4271.0,18135.0,38510.99,8461145153.0,14.75878,2512044100.0,433807800.0
BRA,2010,1.15992,696.09998,4228.0,20771.0,41760.03,8821852402.0,12.59015,3346848904.31,189605958.45
BRA,2011,1.13966,749.17174,4695.0,23954.0,44155.52,9144676228.0,11.14091,3865929486.76,300800012.92
BRA,2012,1.12684,801.40894,4798.0,25637.0,48166.15,9470914631.0,11.88722,4377895661.91,276418446.25
BRA,2013,1.19567,852.71699,4959.0,25925.0,50197.15,9066336666.0,11.96986,4761555280.06,368127587.4
BRA,2014,1.26971,903.20079,4659.0,25683.0,52367.03,8794690902.0,12.37117,6147326281.71,375097938.44
BRA,2015,1.28464,,4641.0,25578.0,53504.24,9433128684.0,14.4859,5517267028.88,581080520.4
BRA,2016,1.19584,,5200.0,22810.0,55719.12,10375539028.0,16.00016,5315108647.86,650833689.72
BRA,2017,1.1175,,5480.0,20178.0,59143.03,10715201949.0,14.31189,5402128503.78,642157301.16
BRA,2018,1.15016,,4980.0,19877.0,63130.11,11063190965.0,14.74424,5124101633.46,825475487.44
BRA,2019,1.15115,,5464.0,19932.0,66506.17,9392109980.0,14.06681,5246219107.55,641114074.37
BRA,2020,1.21907,,5280.0,19058.0,70490.47,5944951723.0,11.35009,4062060898.29,634291803.22
BRA,2021,1.13371,,4666.0,19566.0,73727.34,6350128610.0,9.00155,5222174070.59,705261777.53
BRA,2022,1.18873,,,,67030.59,7707210423.0,9.11135,7299729724.15,745138504.69
BRA,2023,1.1938,,,,,8060841826.0,9.84915,6375916484.94,920942227.78
BRA,2024,,,,,,8694667841.0,11.11036,9775536991.5,1092853629.76
BRB,1974,,,,,,,,584444.73717,11688.89474
BRB,1975,,,,,,,,742991.14255,12878.51314
BRB,1976,,,,,,,,614000.0,11500.0
BRB,1977,,,,,,,,907500.0,6000.0
BRB,1978,,,,,,,,2096500.0,19000.0
BRB,1979,,,,,,,,2572000.0,234500.0
BRB,1980,,,,44.0,,,,2050000.0,350000.0
BRB,1981,,,,38.0,,,,2200000.0,400000.0
BRB,1982,,,,,,,,2150000.0,450000.0
BRB,1983,,,,,,,,4700000.0,650000.0
BRB,1984,,,3.0,35.0,,,,6400000.0,700000.0
BRB,1985,,,,,,,,5400000.0,2350000.0
BRB,1986,,,,,,,,7700000.0,3850000.0
BRB,1987,,,,,,,,15450000.0,150000.0
BRB,1988,,,,,,,,5500000.0,650000.0
BRB,1989,,,,,,,,6550000.0,350000.0
BRB,1990,,,,,,,,4000000.0,600000.0
BRB,1991,,,,,,,,2700000.0,250000.0
BRB,1992,,,,,,,,7250000.0,100000.0
BRB,1993,,,,,,,,10150000.0,400000.0
BRB,1994,,,,,,,,12950000.0,350000.0
BRB,1995,,,,,,,,14650000.0,50000.0
BRB,1996,,,,,19.25,,,17800000.0,3500000.0
BRB,1997,,,,,24.5,,,20650000.0,12125000.0
BRB,1998,,,,,29.19,,,22200000.0,10600000.0
BRB,1999,,,,68.0,28.87,,,22600000.0,10450000.0
BRB,2000,,,,,27.79,,,23700000.0,12750000.0
BRB,2001,,,,85.0,43.08,,,24300000.0,12800000.0
BRB,2002,,,,93.0,38.0,,,24600000.0,16500000.0
BRB,2003,,,2.0,121.0,46.11,,,24950000.0,850000.0
BRB,2004,,,,80.0,54.09,,,25014134.7321,2305743.605
BRB,2005,,,,76.0,37.07,,,19056795.11915,1701685.19
BRB,2006,,,,44.0,49.71,,,34399126.815,4187321.57
BRB,2007,,,3.0,109.0,49.79,,,25952719.085,393011.0
BRB,2008,,,1.0,84.0,46.14,,,31817107.51,3886373.0
BRB,2009,,,,79.0,37.63,,,36771831.54,2524058.82
BRB,2010,,,,88.0,30.06,,,19151125.025,3431865.74
BRB,2011,,,,71.0,35.82,,,12675726.997,10242263.9362
BRB,2012,,,,36.0,48.49,,,9472731.572,6945565.7712
BRB,2013,,,3.0,39.0,41.83,,,12725656.342,33550842.1562
BRB,2014,,,1.0,38.0,45.47,,,13883612.02636,24490204.415
BRB,2015,,,,45.0,55.17,,,17259500.78,17892108.845
BRB,2016,,,,41.0,54.32,,,13411945.39,14370402.58167
BRB,2017,,,,,50.16,,,14559781.96,14000000.0
BRB,2018,,,,,48.22,,,,
BRB,2019,,,,31.0,53.74,29763464.0,13.69213,,
BRB,2020,,,29.0,,61.93,25313814.0,20.30382,,
BRB,2021,,,73.0,,55.51,19196509.0,17.15597,,
BRB,2022,,,,,72.38,18830529.0,17.01174,,
BRB,2023,,,,,,16529186.0,18.43361,,
BRB,2024,,,,,,18924402.0,19.92636,,
BRN,1993,,,,88.0,,,,,
BRN,1994,,,,41.0,,,,,
BRN,1995,,,,42.0,,,,,
BRN,1996,,,,21.0,34.91,,,,
BRN,1997,,,,42.0,26.68,,,,
BRN,1998,,,,32.0,41.61,,,,
BRN,1999,,,,34.0,37.16,,,,
BRN,2000,,,,21.0,38.26,,,,
BRN,2001,,,,21.0,32.0,,,2121366.48731,
BRN,2002,0.01469,293.97005,,21.0,24.27,,,2355730.6674,
BRN,2003,0.01685,285.35738,,43.0,37.66,,,2698279.78788,
BRN,2004,0.03381,291.27185,,31.0,37.87,,,3380810.30399,
BRN,2005,,,,26.0,35.14,,,3657500.9517,
BRN,2006,,,,41.0,41.66,,,5544929.72725,
BRN,2007,,,,64.0,43.81,,,6640964.03876,
BRN,2008,,,,75.0,50.67,,,7252228.19292,
BRN,2009,,,,42.0,51.01,45458745.0,17.13035,7578254.52988,
BRN,2010,,,,,58.16,108137888.0,27.02644,,
BRN,2011,,,,,79.69,112054867.0,20.87049,,
BRN,2012,,,20.0,11.0,116.39,70721764.0,13.79284,,
BRN,2013,,,20.0,15.0,123.02,56850707.0,16.28735,,
BRN,2014,,,26.0,91.0,186.05,61147373.0,8.56046,,
BRN,2015,,,,,174.11,79880356.0,19.09193,13635732.64897,
BRN,2016,,,16.0,73.0,220.47,75587694.0,13.57667,37774081.59312,
BRN,2017,,,8.0,99.0,200.95,159194395.0,29.84947,17254031.09123,
BRN,2018,0.27764,,26.0,95.0,294.39,115050.0,0.04243,19706483.61412,
BRN,2019,,,8.0,133.0,230.03,47341781.0,8.09397,18703446.26583,
BRN,2020,,,5.0,115.0,292.63,15965130.0,1.33896,12307985.37639,
BRN,2021,,,2.0,137.0,335.16,30923034.0,1.36092,13560895.85159,
BRN,2022,,506.18125,,,414.38,28422821.0,1.04426,6177911.65601,
BRN,2023,,,,,,25220521.0,1.01925,6055952.11962,
BRN,2024,,,,,,28950881.0,1.06433,19553071.17597,
BTN,1996,,,,,2.46,,,,
BTN,1997,,,,,3.17,,,,
BTN,1998,,,,,2.6,,,,
BTN,1999,,,,,0.96,,,,
BTN,2000,,,,,1.08,,,,
BTN,2001,,,,,1.0,,,,
BTN,2002,,,,,6.23,,,,
BTN,2003,,,,,3.66,,,,
BTN,2004,,,,,9.36,,,,
BTN,2005,,,,,5.98,,,,
BTN,2006,,,,,17.38,,,4023.24092,201162.04609
BTN,2007,,,,,8.58,1941520.0,0.75144,93074.32339,101334.85651
BTN,2008,,,,,6.64,9525.0,0.12676,126846.97146,159089.58375
BTN,2009,,,,,9.55,439945.0,0.21597,369573.58457,14727.12717
BTN,2010,,,,,18.46,394616.0,0.13731,167599.44282,13001.22064
BTN,2011,,,,,16.25,272.0,9e-05,221228.14351,12422.50042
BTN,2012,,,3.0,1.0,16.22,58575.0,0.02303,65332.22774,14886.99497
BTN,2013,,,3.0,4.0,28.2,,,39214.89741,15779.25019
BTN,2014,,,,,28.36,,,665037.9805,6408.7207
BTN,2015,,,1.0,7.0,26.15,,,486417.02979,13088.21977
BTN,2016,,,4.0,1.0,43.67,3592238.0,1.60333,355875.60139,37225.33592
BTN,2017,,,,3.0,47.63,1273168.0,0.48623,279474.15418,22012.51734
BTN,2018,,,1.0,9.0,53.0,282972.0,0.09452,304211.00021,11086.66248
BTN,2019,,,1.0,17.0,56.06,135784.0,0.05865,221116.83123,4857.50118
BTN,2020,,,,6.0,82.17,141312.0,0.08181,102284.29232,13543.06545
BTN,2021,,,,7.0,105.03,,,19896.22975,9571.55316
BTN,2022,,,,,115.3,35440.0,0.01222,11156.70941,8051.72861
BTN,2023,0.10787,237.23815,,,,27754.0,0.01073,7609.34004,8706.27546
BTN,2024,0.09979,236.30666,,,,,,337284.94846,-8581.42184
BWA,1978,,,,,,,,120750.05116,
BWA,1980,,,,18.0,,,,,
BWA,1981,,,,34.0,,,,,
BWA,1982,,,,29.0,,,,,
BWA,1990,,,,,,,,7847496.97544,
BWA,1991,,,,,,,,5837085.94202,49466.83002
BWA,1992,,,,,,,,10475298.91337,47399.54259
BWA,1993,,,,,,,,9120642.15924,41269.87402
BWA,1994,,,,,,,,2085936.48584,37248.86582
BWA,1995,,,,,,,,5843720.16516,36072.3467
BWA,1996,,,,,74.49,,,,
BWA,1997,,,,,73.06,,,3273561.96741,104909.56686
BWA,1998,,,,,87.79,,,8524141.71723,172745.08505
BWA,1999,,,,,88.82,,,6400836.95268,21624.44916
BWA,2000,,,,,111.88,,,5776676.5915,
BWA,2001,,,,,102.48,,,8682825.2279,5135.74047
BWA,2002,,,,,121.09,,,8440543.37019,459876.07578
BWA,2003,,,,,122.34,,,11905852.24594,3367903.56253
BWA,2004,,,,,133.42,,,11035756.13393,5400703.0501
BWA,2005,0.53286,,,,123.61,,,12310548.68813,461230.27312
BWA,2006,,,,,185.14,,,7340960.15642,317307.85723
BWA,2007,,,,,152.42,,,11367325.88328,233065.67341
BWA,2008,,,,,165.71,,,6546861.08165,485552.28274
BWA,2009,,,,,167.66,,,9290536.30456,85757.0647
BWA,2010,,,,,163.97,,,11408304.98357,130345.97221
BWA,2011,,,1.0,8.0,167.78,,,11216663.13429,13970.00546
BWA,2012,0.26759,168.08972,5.0,9.0,159.99,,,11888549.41876,155416.28213
BWA,2013,0.561,179.77334,8.0,1.0,167.45,26827409.0,0.3992,20994876.18071,93701.31468
BWA,2014,,,4.0,5.0,204.79,19204185.0,0.25705,127632114.02999,187463.38494
BWA,2015,,,3.0,5.0,163.66,37935089.0,0.69722,86026438.14834,121558.66982
BWA,2016,,,1.0,6.0,236.02,29033590.0,0.42492,113707028.9507,589496.98388
BWA,2017,,,3.0,4.0,240.19,53818634.0,0.9577,111686618.79522,493884.41006
BWA,2018,,,,3.0,285.21,39468568.0,0.61108,109630583.52473,292347.14145
BWA,2019,,,2.0,,308.55,18663246.0,0.36525,28003854.82157,1322084.67671
BWA,2020,,,2.0,2.0,324.27,16838415.0,0.40571,109957562.40322,780308.59521
BWA,2021,,,3.0,,386.48,23428722.0,0.33079,106508551.42838,479542.68052
BWA,2022,,,,,392.69,38953785.0,0.50238,80937239.93777,668476.05867
BWA,2023,,,,,,25600565.0,0.53947,77528288.11447,603856.41615
BWA,2024,,,,,,,,92181973.85544,967545.67198
CAF,1996,,,,,8.37,,,,
CAF,1997,,,,,10.34,,,,
CAF,1998,,,,,13.89,,,,
CAF,1999,,,,,9.82,,,,
CAF,2000,,,,,6.13,,,,
CAF,2001,,,,,6.87,,,,
CAF,2002,,,,,3.72,,,,
CAF,2003,,,,,10.41,,,,
CAF,2004,,,,,10.4,,,,
CAF,2005,,,,,8.36,,,,
CAF,2006,,,,,13.25,,,,
CAF,2007,,,,,8.41,,,,
CAF,2008,,,,,10.14,,,,
CAF,2009,,,,,11.05,,,,
CAF,2010,,,,,14.24,632110.0,22.62927,,
CAF,2011,,,,,15.27,1394.0,0.03253,,
CAF,2012,,,,,10.58,134458.0,1.41331,,
CAF,2013,,,,,12.59,10012.0,0.28914,,
CAF,2014,,,,,17.22,,,,
CAF,2015,,,,,12.65,4091308.0,5.26843,,
CAF,2016,,,,,27.42,6613251.0,11.77186,,
CAF,2017,,,,,18.45,35462286.0,22.07636,,
CAF,2018,,,,,21.89,8173212.0,29.01932,,
CAF,2019,,,,,16.74,88772322.0,95.61794,,
CAF,2020,,,,,19.56,106849.0,0.67084,,
CAF,2021,,,,,15.27,878109.0,7.66912,,
CAF,2022,,,,,19.82,16373796.0,37.2974,,
CAF,2023,,,,,,221989.0,1.87857,,
CAF,2024,,,,,,12191538.0,8.29978,,
CAN,1980,,,1648.0,22699.0,,,,,
CAN,1981,,,2164.0,23267.0,,,,595526016.73414,37516792.82371
CAN,1982,,,2000.0,23883.0,,,,676790445.09814,32395938.23766
CAN,1983,,,2017.0,23690.0,,,,718907414.13702,41357116.88749
CAN,1984,,,2026.0,24709.0,,,,798410513.99292,36279243.00281
CAN,1985,,,2092.0,25482.0,,,,797907068.57336,49066742.81581
CAN,1986,,,2161.0,25596.0,,,,936850027.50666,56335106.43032
CAN,1987,,,2527.0,26598.0,,,,980475172.12924,70071810.35758
CAN,1988,,,2772.0,28869.0,,,,1303288288.41248,105070212.91993
CAN,1989,,,3031.0,32060.0,,,,1446481739.64794,122561166.72053
CAN,1990,,,2549.0,24375.0,,,,1663737468.54888,234647916.05048
CAN,1991,,,2182.0,21097.0,,,,1788570110.75845,344305753.42998
CAN,1992,,,2807.0,22950.0,,,,1712795352.63549,445988895.45339
CAN,1993,,,3623.0,23307.0,,,,1685650280.80923,519221992.17516
CAN,1994,,,2480.0,24683.0,,,,1763749602.37337,607169306.4824
CAN,1995,,,2431.0,24161.0,,,,1882422401.27652,734308254.84036
CAN,1996,1.60682,3055.67247,2583.0,24987.0,34829.82,,,1950307886.66198,877095726.66156
CAN,1997,1.61386,3114.23872,3344.0,25238.0,34295.03,,,2287741105.57819,1163006889.42283
CAN,1998,1.71051,3153.03798,3809.0,30163.0,33117.69,,,2592204790.23775,1532420477.71568
CAN,1999,1.74984,3238.35328,4061.0,33189.0,32493.5,,,3212822610.21678,1648658125.62898
CAN,2000,1.85849,3510.48256,4187.0,35435.0,34252.57,,,3563235578.78983,2323901618.03455
CAN,2001,2.02116,3688.26825,3963.0,35753.0,33653.44,,,3543578555.33442,2532923681.993
CAN,2002,1.9717,3695.33994,3959.0,35782.0,36459.85,,,4479912200.99992,2575964575.85231
CAN,2003,1.96782,3888.4744,3929.0,33299.0,38722.16,,,5454962204.47995,3005417256.13447
CAN,2004,1.99735,4076.68444,5231.0,32970.0,42633.37,,,6456200016.44269,3183299993.32431
CAN,2005,1.97127,4234.36344,5183.0,34705.0,47844.97,,,6959129029.20451,2873468638.59557
CAN,2006,1.94304,4315.13916,5522.0,36516.0,50605.96,,,7083070776.63999,3359028697.79945
CAN,2007,1.90358,4596.69506,4998.0,35133.0,51979.5,30533466009.0,14.7697,8162785541.73677,3835550664.31665
CAN,2008,1.85578,4725.99112,5061.0,37028.0,53779.61,30132655640.0,15.18305,8923454841.05938,4129666783.7599
CAN,2009,1.91742,4466.14043,5067.0,32410.0,55876.68,25646491962.0,17.8727,8922065282.94891,3604954463.00577
CAN,2010,1.82504,4664.07888,4550.0,30899.0,56793.27,26567981070.0,15.50054,9731280814.35962,2813939869.12986
CAN,2011,1.78714,4802.7188,4754.0,30357.0,57715.63,27501347864.0,14.71264,10411408151.0838,3348091955.20745
CAN,2012,1.77303,4652.42914,4709.0,30533.0,59761.57,33113402476.0,15.61869,10901911780.597,3931432400.06198
CAN,2013,1.70624,4647.61399,4567.0,30174.0,60074.83,32182263706.0,15.49413,11801326421.0447,4569255358.03211
CAN,2014,1.71482,4564.22043,4198.0,31283.0,60858.96,28787810893.0,14.66645,11712157364.1799,4763593321.23951
CAN,2015,1.6936,4545.96875,4277.0,32687.0,61391.62,28242770992.0,14.82868,10732654496.001,4087280234.12163
CAN,2016,1.72903,4400.49278,4078.0,30667.0,61324.12,26203266317.0,14.09961,11567469044.0284,4514595456.95755
CAN,2017,1.68702,4429.05796,4053.0,30969.0,61601.66,26938349605.0,14.34881,11833542181.4764,4887062281.53503
CAN,2018,1.7372,4715.91861,4349.0,31812.0,63648.46,30480481649.0,15.42228,12724585775.68793,6317995390.69011
CAN,2019,1.75578,4850.93689,4238.0,32250.0,64546.67,36788635481.0,17.13092,13588255248.9897,6932744929.81551
CAN,2020,1.93413,5155.65021,4452.0,30113.0,65331.55,30705829277.0,16.75871,13878959172.3982,7338933476.60028
CAN,2021,1.87064,5507.58596,4710.0,32445.0,69684.17,35218428012.0,16.33763,16848519080.0129,8284538686.12483
CAN,2022,1.81291,5624.26883,,,69051.87,36895712941.0,15.14898,17349946740.3122,8750802927.32556
CAN,2023,1.81048,,,,,41530542798.0,16.3718,20071645524.8081,8444593452.85291
CAN,2024,1.7908,,,,,36001612663.0,16.7779,20266846290.1203,7975302847.13943
CHE,1980,,,4049.0,5613.0,,,,,
CHE,1981,,,3712.0,4430.0,,,,,
CHE,1982,,,3845.0,3637.0,,,,,
CHE,1983,,,3817.0,3038.0,,,,,
CHE,1984,,,3393.0,2714.0,,,,,
CHE,1985,,,3191.0,2281.0,,,,,
CHE,1986,,,3199.0,1954.0,,,,,
CHE,1987,,,3298.0,1764.0,,,,,
CHE,1988,,,3236.0,1556.0,,,,,
CHE,1989,,,3247.0,1371.0,,,,,
CHE,1990,,,2987.0,1081.0,,,,,
CHE,1991,,,2949.0,893.0,,,,,
CHE,1992,,,3068.0,903.0,,,,,
CHE,1993,,,2999.0,874.0,,,,,
CHE,1994,,,3033.0,892.0,,,,,
CHE,1995,,,2890.0,830.0,,,,,
CHE,1996,2.37649,3130.03604,2504.0,718.0,11499.01,,,,
CHE,1997,,,2408.0,620.0,11877.96,,,,
CHE,1998,,,2025.0,564.0,11985.86,,,,
CHE,1999,,,1916.0,535.0,11964.4,,,,
CHE,2000,2.26386,3643.69175,2083.0,468.0,12621.43,,,1737843933.43281,2677726691.57927
CHE,2001,,,1859.0,594.0,12297.66,,,1854315394.86692,3063876049.65229
CHE,2002,,,1827.0,466.0,12478.85,,,2699676685.42331,4124359902.9498
CHE,2003,,,1831.0,396.0,13301.5,,,2993367269.28691,4290464081.59498
CHE,2004,2.60818,3451.74588,1742.0,434.0,14278.45,,,5203502754.8611,6377607156.94744
CHE,2005,,,1643.0,455.0,15614.51,,,7439742364.05003,8406977350.23244
CHE,2006,,,1740.0,362.0,16657.93,,,7014602811.36244,7805943678.85423
CHE,2007,,,1692.0,342.0,17063.84,36177850584.0,23.63738,9243987986.116,9120680527.02722
CHE,2008,2.65296,3313.52642,1594.0,439.0,17517.85,43496431152.0,24.70465,9827709892.80524,11060842598.9432
CHE,2009,,,1684.0,394.0,18057.17,40398414991.0,26.38238,13811220519.439,14681090860.0304
CHE,2010,,,1622.0,533.0,18894.59,43609994818.0,25.80901,15842319321.1098,16229511139.9155
CHE,2011,,,1597.0,446.0,19935.07,51150138128.0,25.27354,21025131327.9004,19151922197.9673
CHE,2012,2.87456,4497.48676,1480.0,1508.0,20963.19,51281753023.0,26.05877,20900338400.4578,22755548611.2832
CHE,2013,,,1525.0,631.0,21599.81,54348472738.0,26.75107,21749231750.3646,21359833563.63869
CHE,2014,,,1480.0,568.0,22166.96,57103943094.0,26.65873,25190091712.2538,23209266611.7248
CHE,2015,3.04577,5310.67497,1477.0,446.0,22207.15,53797217928.0,27.05151,23785075242.4046,22677777819.1027
CHE,2016,,,1462.0,309.0,22401.11,55537838910.0,27.33546,22156831581.944,25905081516.9809
CHE,2017,3.04671,5257.57173,1337.0,291.0,23044.72,29834784801.0,14.02386,24256654478.5258,25387358112.5518
CHE,2018,,,1283.0,332.0,22749.87,30116125011.0,13.31822,27065717637.34123,31165212343.68944
CHE,2019,3.14983,5561.84719,1369.0,348.0,23076.47,29874364250.0,12.90949,26879306042.1353,29973739916.4679
CHE,2020,,,1384.0,301.0,23656.76,29246591977.0,12.84509,32266925212.0045,23522634914.4936
CHE,2021,3.24862,6003.41115,1288.0,267.0,25078.21,38186912946.0,14.23506,33552235289.4501,30781151245.3592
CHE,2022,,,,,24247.97,81075544288.0,29.98814,31793653352.6222,32427832860.5531
CHE,2023,3.22178,6107.95842,,,,84443768583.0,29.33403,32369951794.2897,29354215342.6612
CHE,2024,,,,,,89522512070.0,29.6239,34616049425.7131,35807276059.6399
CHL,1975,,,,,,,,6000000.0,
CHL,1976,,,,,,,,8000000.0,
CHL,1977,,,,,,,,14000000.0,
CHL,1978,,,,,,,,16000000.0,
CHL,1979,,,,,,,,21000000.0,
CHL,1980,,,140.0,685.0,,,,29000000.0,
CHL,1981,,,92.0,744.0,,,,39000000.0,
CHL,1982,,,96.0,665.0,,,,33000000.0,
CHL,1983,,,96.0,647.0,,,,32000000.0,
CHL,1984,,,105.0,602.0,,,,26000000.0,
CHL,1985,,,122.0,550.0,,,,23000000.0,
CHL,1986,,,96.0,592.0,,,,25800000.0,
CHL,1987,,,108.0,621.0,,,,29700000.0,
CHL,1988,,,111.0,622.0,,,,36200000.0,
CHL,1989,,,135.0,682.0,,,,39900000.0,
CHL,1990,,,169.0,642.0,,,,37100000.0,100000.0
CHL,1991,,,151.0,838.0,,,,33900000.0,500000.0
CHL,1992,,,178.0,949.0,,,,39200000.0,500000.0
CHL,1993,,,155.0,1179.0,,,,43600000.0,1700000.0
CHL,1994,,,219.0,1418.0,,,,46800000.0,6000000.0
CHL,1995,,,171.0,1535.0,,,,50000000.0,1900000.0
CHL,1996,,,176.0,1771.0,1293.65,,,116800000.0,10100000.0
CHL,1997,,,161.0,2411.0,1422.85,,,140000000.0,10000000.0
CHL,1998,,,207.0,2568.0,1366.28,,,222800000.0,5100000.0
CHL,1999,,,204.0,2608.0,1498.84,,,324200000.0,6000000.0
CHL,2000,,,241.0,2879.0,1552.28,,,297470000.0,10000000.0
CHL,2001,,,246.0,2504.0,1646.31,,,268598923.97862,24902786.84498
CHL,2002,,,391.0,2147.0,2060.22,,,250600000.0,41100000.0
CHL,2003,,,329.0,2076.0,2100.02,,,275405375.58812,34916846.0
CHL,2004,,,382.0,2485.0,2248.21,,,329148693.82134,31087556.57
CHL,2005,,,361.0,2646.0,2533.92,,,372206869.84353,32233982.59
CHL,2006,,,291.0,2924.0,3132.37,,,410990059.9901,33282776.11
CHL,2007,0.31143,334.61639,403.0,3403.0,3293.8,650978627.0,7.82187,479316760.44598,30838614.89
CHL,2008,0.37492,355.67666,531.0,3421.0,3759.34,656558020.0,6.55905,580067917.72545,41572549.83
CHL,2009,0.35403,287.11073,343.0,1374.0,3981.25,475672103.0,6.60528,651680780.86016,25423242.8
CHL,2010,0.33165,318.2091,328.0,748.0,4235.52,541804285.0,6.23958,792074056.83798,36137062.39
CHL,2011,0.35288,352.01898,339.0,2453.0,4534.62,554621392.0,5.12084,899039284.39737,55297350.49
CHL,2012,0.36213,389.87508,336.0,2683.0,5059.05,578366368.0,5.43628,1072980131.54689,36188831.95
CHL,2013,0.39031,334.78846,340.0,2732.0,5099.24,696431125.0,6.69462,1418818378.06583,38257351.95
CHL,2014,0.37668,426.80476,452.0,2653.0,5871.42,731680359.0,7.09179,1614627538.53355,40769468.9
CHL,2015,0.38296,455.29183,443.0,2831.0,6161.44,580229395.0,6.72253,1635419969.01613,41950301.36
CHL,2016,0.37103,495.36438,386.0,2521.0,6774.99,720871030.0,8.42438,1730596606.6454,38437446.35
CHL,2017,0.35679,494.62971,425.0,2469.0,6921.66,634869020.0,7.1061,1709057253.35148,50489332.23
CHL,2018,0.36916,523.65457,406.0,2694.0,7572.42,667789266.0,6.91141,2034376887.58784,46185212.23
CHL,2019,0.34243,507.31033,438.0,2799.0,8012.18,672148298.0,7.63288,1878506474.97684,45131485.05
CHL,2020,0.33525,515.32026,372.0,2433.0,9032.26,1368060499.0,15.97506,1511563045.50109,39645101.86
CHL,2021,0.36063,638.83802,402.0,2680.0,9990.88,1264185464.0,12.44177,1689634051.83244,67186685.73
CHL,2022,0.39205,707.0557,,,9057.77,1400540500.0,6.93673,1475578872.35271,65404498.43
CHL,2023,,,,,,1841775193.0,10.71956,1376018478.9598,79583983.86
CHL,2024,,,,,,1076634941.0,8.3165,1369517011.27917,89737004.08
CHN,1985,,,4065.0,4493.0,,,,,
CHN,1986,,,3494.0,4515.0,,,,,
CHN,1987,,,3975.0,4084.0,,,,,
CHN,1988,,,4780.0,4872.0,,,,,
CHN,1989,,,4749.0,4910.0,,,,,
CHN,1990,,,5832.0,4305.0,,,,,
CHN,1991,,,7372.0,4051.0,,,,,
CHN,1992,,,10022.0,4387.0,,,,,
CHN,1993,,,12084.0,7534.0,,,,,
CHN,1994,,,11191.0,7876.0,,,,,
CHN,1995,,,10011.0,8688.0,,,,,
CHN,1996,0.56014,447.0994,11628.0,11114.0,33621.11,,,,
CHN,1997,0.63467,476.21305,12672.0,12102.0,37424.8,,,543000000.0,55000000.0
CHN,1998,0.64185,389.62565,13751.0,33645.0,43775.33,,,420000000.0,63000000.0
CHN,1999,0.74295,422.97614,15626.0,34418.0,45192.17,,,792000000.0,75000000.0
CHN,2000,0.88409,549.57477,25346.0,26560.0,53284.78,,,1280970000.0,80348000.0
CHN,2001,0.92948,582.78825,30038.0,33412.0,70675.54,,,1938000000.0,110000000.0
CHN,2002,1.04418,631.73478,39806.0,40426.0,75171.18,,,3114004040.6535,132822320.4866
CHN,2003,1.10465,667.9285,56769.0,48548.0,88585.08,,,3548126751.5953,106978898.2646
CHN,2004,1.19732,713.42588,65786.0,64598.0,121751.14,,,4496604795.5981,236359258.2114
CHN,2005,1.29008,856.65892,93485.0,79842.0,165867.16,,,5321253863.3468,157401785.777
CHN,2006,1.34923,931.20148,122318.0,88183.0,192881.56,,,6634081020.03558,204503785.23495
CHN,2007,1.35321,1076.73747,153060.0,92101.0,213648.18,343558973511.0,30.23749,8192067402.3259,342634074.96864
CHN,2008,1.4233,1197.58885,194579.0,95259.0,248120.21,391875971833.0,29.43193,10319466356.1387,570536223.22295
CHN,2009,1.6366,861.24883,229096.0,85508.0,285755.68,359685956947.0,31.97758,11065271082.0,429452520.0
CHN,2010,1.68456,898.85545,293066.0,98111.0,309193.41,474737980237.0,32.15012,13039546459.0,830483814.0
CHN,2011,1.75244,972.01743,415829.0,110583.0,323331.81,540460754934.0,30.50048,14706108691.0,743301698.0
CHN,2012,1.88095,1028.98334,535313.0,117464.0,329067.39,594110243099.0,30.86181,17748983437.0,1044102041.0
CHN,2013,1.96246,1079.63795,704936.0,120200.0,355650.59,656130321776.0,31.58558,21033078371.0,886670295.0
CHN,2014,1.98475,1101.80087,801135.0,127042.0,385100.77,654030643704.0,29.70373,22613800781.52,676381923.65
CHN,2015,2.01703,1162.7108,968252.0,133612.0,406733.9,652412308349.0,30.43127,22022366054.63,1084600061.07
CHN,2016,2.0595,1208.86205,1204981.0,133522.0,436613.57,594754428555.0,30.25452,23979580207.69,1161195654.71
CHN,2017,2.07771,1235.84935,1245709.0,135885.0,468712.74,654254700212.0,30.91186,28746479819.35,4803034260.13
CHN,2018,2.10232,1317.48914,1393815.0,148187.0,532295.26,731389331452.0,31.54815,35782953953.25,5561288668.09
CHN,2019,2.20144,1483.85803,1243568.0,157093.0,617494.48,715336038300.0,30.81863,34370466477.86,6604705952.4
CHN,2020,2.35712,1600.30633,1344817.0,152342.0,672734.7,757483821706.0,31.27662,37870654560.1,8582874881.79
CHN,2021,2.38165,1685.97511,1426644.0,159019.0,766200.41,936394581135.0,30.21907,46894697500.69,11755764584.29
CHN,2022,2.4945,1849.23669,,,898949.09,924393316669.0,27.76506,44461434630.96,13306961003.81
CHN,2023,2.57729,2107.27003,,,,825045389470.0,26.56821,42727512987.73,10912589834.43
CHN,2024,,,,,,856764726389.0,26.27774,45825549102.93,10125387624.3
CIV,1996,,,,,79.05,,,,
CIV,1997,,,,,114.9,,,,
CIV,1998,,,,,99.19,,,,
CIV,1999,,,,,108.1,,,,
CIV,2000,,,,,75.76,,,,
CIV,2001,,,,,81.14,,,,
CIV,2002,,,,,78.97,,,,
CIV,2003,,,,,99.37,,,,
CIV,2004,,,,,107.13,,,,
CIV,2005,,63.99303,,,102.07,,,10319419.06556,
CIV,2006,,,,,100.1,,,9564997.89037,22969.7768
CIV,2007,,,,,119.18,,,21998032.30227,
CIV,2008,,,,,165.66,186084319.0,15.37778,21246859.01274,298206.25032
CIV,2009,,,,,150.0,197108462.0,12.47407,20431903.46643,136085.25406
CIV,2010,,,,,155.06,70492080.0,4.24784,17445634.80025,
CIV,2011,,,,,180.31,176346416.0,16.69301,18450982.18957,
CIV,2012,,,26.0,1.0,185.59,96850645.0,8.9705,17200746.20283,33747.49994
CIV,2013,,,,,157.68,165475569.0,4.3593,3891114.52447,720895.46702
CIV,2014,,,,,181.43,241143808.0,11.38868,2894134.25085,973636.17897
CIV,2015,,,,,177.4,187852042.0,7.20972,2564225.31079,67657.65992
CIV,2016,0.06975,,,,174.13,126579773.0,8.59367,2713440.37101,1553950.85128
CIV,2017,,,,,205.54,137431681.0,7.01554,3091086.08705,
CIV,2018,,,,,248.35,78786305.0,6.55999,10023144.29379,1878578.90571
CIV,2019,,,,,241.19,141805000.0,11.23152,10699559.93142,1449059.63687
CIV,2020,,,,,249.23,56250897.0,5.11294,11428526.66404,
CIV,2021,,,,,334.45,56851004.0,3.86337,12613368.95309,
CIV,2022,,,,,297.65,58387740.0,3.55657,12443958.76916,3206.36296
CIV,2023,,,,,,110019023.0,4.41311,14420435.56839,42863.99049
CIV,2024,,,,,,86358481.0,5.25759,17755559.48476,374374.1411
CMR,1986,,,,,,,,1617067.43735,750781.3102
CMR,1988,,,,,,,,1275817.60101,201444.88437
CMR,1989,,,,,,,,31347.14682,720984.3768
CMR,1990,,,,,,,,257102.65557,550934.26193
CMR,1991,,,,,,,,389923.09853,35447.55441
CMR,1992,,,,,,,,453357.45066,13109586.28171
CMR,1993,,,,,,,,1695139.24067,176577.00424
CMR,1994,,,,,,,,306193.37576,432273.00107
CMR,1995,,,,,,,,1001706.05386,180307.08969
CMR,1996,,,,,117.49,,,918771.9033,273676.73715
CMR,1997,,,,,130.21,,,2552815.12201,171329.87396
CMR,1998,,,,,129.96,,,216627.87623,1017.03228
CMR,1999,,,,,122.21,,,3259767.46551,1733137.59431
CMR,2000,,,,,118.07,,,4607664.38259,2459983.63367
CMR,2001,,,,,152.21,,,1965325.68746,56117.05277
CMR,2002,,,,,191.66,,,572715.04251,44831.20519
CMR,2003,,,,,212.67,,,1714096.24381,161752.74413
CMR,2004,,,,,212.83,,,1934243.19419,121364.27885
CMR,2005,,,,,283.86,,,8216085.90185,347078.42106
CMR,2006,,,,,316.33,,,5231366.66688,229697.76803
CMR,2007,,,,,301.64,,,5710003.06602,250713.63627
CMR,2008,,,,,318.54,,,16177128.54201,412556.01549
CMR,2009,,,,,344.09,,,8024777.32558,223264.86995
CMR,2010,,,,,355.08,,,11608865.41852,317303.59866
CMR,2011,,,,,402.04,,,10879607.32443,405306.22176
CMR,2012,,,,,408.48,,,7360598.07107,191947.47498
CMR,2013,,,,,468.51,13496358.0,3.20435,7843699.02893,204494.99275
CMR,2014,,,,,565.1,27500532.0,6.84155,7999881.23923,206579.21175
CMR,2015,,,,,596.57,14038025.0,4.85733,7019482.2162,592004.52426
CMR,2016,,,,,673.48,11759707.0,5.61842,905736.26239,612329.96723
CMR,2017,,,,,795.89,15101442.0,6.0174,4253982.76854,607680.10439
CMR,2018,,,,,873.26,16426545.0,7.02536,2347496.66179,8534513.10051
CMR,2019,,,,,933.48,12928297.0,5.11908,1947036.74502,2408284.15421
CMR,2020,,,,,1108.11,6620517.0,3.08382,2099252.20997,2406487.64623
CMR,2021,,,,,1338.46,5718462.0,2.15123,12524891.96912,1805405.87418
CMR,2022,,,,,1506.03,8618328.0,3.28865,19012341.24589,7584968.84648
CMR,2023,,,,,,6237581.0,2.10363,21017193.82971,171874.91755
CMR,2024,,,,,,,,62282428.74371,942194.28499
COD,1996,,,,,14.55,,,,
COD,1997,,,,,19.8,,,,
COD,1998,,,,,18.03,,,,
COD,1999,,,,,16.27,,,,
COD,2000,,,,,15.01,,,,
COD,2001,,,,,9.05,,,,
COD,2002,,,,,11.52,,,,
COD,2003,,,,,15.24,,,,
COD,2004,0.26777,,,,13.8,,,,
COD,2005,0.05799,,,,22.85,,,2100000.0,35200000.0
COD,2006,0.06044,,,,24.58,,,1900000.0,49600000.0
COD,2007,0.13609,,,,31.47,,,1900000.0,53800000.0
COD,2008,0.08253,,,,39.97,,,2600000.0,125000000.0
COD,2009,0.07822,,,,44.55,,,34300000.0,108500000.0
COD,2010,,,,,52.94,,,,
COD,2011,,,,,45.72,,,,
COD,2012,,,,,70.06,,,,
COD,2013,,,,,67.57,,,20300000.0,
COD,2014,,,,,86.12,,,10736427.231,
COD,2015,0.40638,10.10515,,,98.77,63192320.0,2.60448,,
COD,2016,,,,,97.2,5559878.0,0.31023,,
COD,2017,,,,,123.04,9340030.0,0.18434,,
COD,2018,,,44.0,107.0,141.87,26163468.0,0.24625,,
COD,2019,,,42.0,90.0,138.67,32092118.0,0.78222,,
COD,2020,,,72.0,110.0,175.79,17461774.0,0.50682,,
COD,2021,,,,,213.24,4658514.0,0.07823,,
COD,2022,,,,,237.5,17597529.0,0.72316,,
COD,2023,,,,,,9864324.0,0.19961,,
COG,1986,,,5.0,81.0,,,,,
COG,1988,,,19.0,55.0,,,,,
COG,1994,,,,21.0,,,,,
COG,1995,,,,15.0,,,,,
COG,1996,,50.92475,,27.0,24.29,,,,
COG,1997,,49.73577,,,11.29,,,,
COG,1998,,41.31475,,,20.67,,,,
COG,1999,,36.82931,,,23.01,,,,
COG,2000,,33.11951,,,17.35,,,,
COG,2001,,,,,15.8,,,,
COG,2002,,,,,23.93,,,,
COG,2003,,,,,34.59,,,,
COG,2004,,,,,41.04,,,,
COG,2005,,,,,45.62,,,,
COG,2006,,,,,46.19,,,,
COG,2007,,,,,46.38,,,,
COG,2008,,,,,48.67,,,,
COG,2009,,,,,40.4,,,,
COG,2010,,,,,41.36,,,,
COG,2011,,,,,46.01,,,,
COG,2012,,,,,54.44,,,,
COG,2013,,,,,51.36,,,,
COG,2014,,,,,70.56,49507331.0,1.09086,,
COG,2015,,,,,78.11,53856827.0,0.92625,,
COG,2016,,,,,76.62,71754303.0,1.1595,3764729.76849,1606464.69727
COG,2017,,,,,66.74,82791344.0,2.00657,,
COG,2018,,,,,62.22,40604431.0,2.52474,,
COG,2019,,,,,76.77,29719757.0,6.34219,32059475.88873,725366.12291
COG,2020,,,,,75.72,37906534.0,4.54987,7277800.30642,34747.1965
COG,2021,,,,,88.68,38829158.0,6.53711,5676872.6091,
COG,2022,0.38339,126.96941,,,90.39,27110079.0,4.32723,,
COG,2023,,,,,,30899820.0,3.15972,,
COL,1968,,,,,,,,7999999.99997,7999999.99997
COL,1969,,,,,,,,6999999.99997,7999999.99997
COL,1970,,,,,,,,9999999.99994,2999999.99997
COL,1971,,,,,,,,1002979.99999,3008939.99997
COL,1972,,,,,,,,6514260.0,2171420.0
COL,1973,,,,,,,,8344909.99997,2384260.0
COL,1974,,,,,,,,8418479.99991,2405279.99997
COL,1975,,,,,,,,4856600.0,9000000.0
COL,1976,,,,,,,,8081639.99997,9000000.0
COL,1977,,,,,,,,7005119.99994,12000000.0
COL,1978,,,,,,,,5007999.99997,9000000.0
COL,1979,,,,,,,,,14000000.0
COL,1980,,,43.0,335.0,,,,11000000.0,11000000.0
COL,1981,,,39.0,604.0,,,,11000000.0,17000000.0
COL,1982,,,,,,,,11000000.0,26000000.0
COL,1983,,,82.0,527.0,,,,12000000.0,30000000.0
COL,1984,,,69.0,471.0,,,,10000000.0,33000000.0
COL,1985,,,72.0,441.0,,,,7000000.0,29000000.0
COL,1986,,,81.0,404.0,,,,7000000.0,11000000.0
COL,1987,,,52.0,532.0,,,,10000000.0,11000000.0
COL,1988,,,85.0,420.0,,,,10000000.0,13000000.0
COL,1989,,,90.0,516.0,,,,12000000.0,17000000.0
COL,1990,,,,,,,,13000000.0,21000000.0
COL,1991,,,85.0,527.0,,,,19000000.0,29000000.0
COL,1992,,,120.0,575.0,,,,17400000.0,24300000.0
COL,1993,,,138.0,769.0,,,,18600000.0,30200000.0
COL,1994,,,124.0,867.0,,,,19568950.0,135500.0
COL,1995,,,141.0,1093.0,,,,28944760.0,229500.0
COL,1996,,,87.0,1172.0,362.45,,,60648380.0,671560.0
COL,1997,,,80.0,1497.0,406.22,,,60221550.0,1375780.0
COL,1998,,,161.0,1670.0,394.84,,,61699170.0,3757310.0
COL,1999,,,68.0,1615.0,463.17,,,69127270.0,6120540.0
COL,2000,0.13106,,75.0,1694.0,535.48,,,74072082.03125,5695900.02441
COL,2001,0.1329,,65.0,432.0,533.64,,,77274090.82031,3183080.01709
COL,2002,0.15559,,54.0,858.0,680.85,,,80104996.09375,5101630.61523
COL,2003,0.17398,,82.0,1127.0,713.03,,,77372537.10938,7557583.12988
COL,2004,0.16964,,76.0,1365.0,858.09,,,87676363.28125,8725411.62109
COL,2005,0.16557,,99.0,1662.0,988.47,,,122467029.29688,11285508.05664
COL,2006,0.16427,,142.0,1861.0,1449.56,,,140808115.23438,13071194.0918
COL,2007,0.18307,,128.0,1862.0,1562.09,360296277.0,3.0653,347620984.375,32690171.875
COL,2008,0.19541,,126.0,1818.0,2357.93,475948292.0,4.01539,470855703.125,54104212.89062
COL,2009,0.19351,,128.0,1551.0,2705.91,492118043.0,5.55423,510385125.0,48221626.95312
COL,2010,0.19358,,133.0,1739.0,3169.79,451119242.0,5.36253,615031453.125,72661187.5
COL,2011,0.19842,,183.0,1770.0,3541.93,433809511.0,4.67963,753789593.75,83017587.89062
COL,2012,0.22116,,213.0,1848.0,4076.94,565873207.0,5.67743,947980078.125,138714017.57812
COL,2013,0.25761,58.0547,251.0,1781.0,4525.2,773381766.0,7.76844,1282431218.75,141459716.79688
COL,2014,0.30317,59.05478,260.0,1898.0,4993.33,762816334.0,8.11983,1401046312.5,116382417.96875
COL,2015,0.36542,70.66931,321.0,1921.0,5383.5,823794429.0,9.84935,1345633687.5,101196816.40625
COL,2016,0.27051,91.2603,545.0,1658.0,6417.19,766933461.0,10.1858,1257276812.5,99122533.20312
COL,2017,0.26109,90.24729,595.0,1777.0,6701.16,692527611.0,8.96236,1275576187.5,134001691.40625
COL,2018,0.31233,,415.0,1808.0,7531.98,603548552.0,7.22139,1412618281.25,143866519.53125
COL,2019,0.32201,,422.0,1735.0,8752.82,753154204.0,9.04846,1334981000.0,127065630.85938
COL,2020,0.2894,,369.0,1752.0,9599.78,689647169.0,9.91355,1122727656.25,123030173.82812
COL,2021,,,432.0,1855.0,10300.11,735066988.0,8.20915,1358180421.20769,133092286.57397
COL,2022,,,,,9683.4,885893553.0,8.40183,1668322271.09233,169669114.43455
COL,2023,,,,,,873209016.0,8.59989,2016531100.47273,227469464.4476
COL,2024,,,,,,955977281.0,9.0247,1974784278.35072,234536610.94425
COM,1996,,,,,0.9,,,,
COM,1997,,,,,1.29,,,,
COM,1998,,,,,0.13,,,,
COM,1999,,,,,1.25,,,,
COM,2000,,,,,0.98,,,,
COM,2001,,,,,0.2,,,,
COM,2002,,,,,0.2,,,,
COM,2003,,,,,0.33,,,,924301.39506
COM,2004,,,,,1.17,,,,
COM,2005,,,,,2.4,,,,
COM,2006,,,,,1.17,,,,
COM,2007,,,,,3.59,,,,
COM,2008,,,,,0.74,,,,
COM,2009,,,,,0.76,,,,
COM,2010,,,,,2.15,,,,
COM,2011,,,,,3.95,,,,
COM,2012,,,,,1.2,,,,
COM,2013,,,,,8.93,,,,
COM,2014,,,,,1.51,194928.0,2.12626,311737.48186,
COM,2015,,,,,1.74,135535.0,3.22702,775837.43448,1580933.98669
COM,2016,,,,,4.84,19666.0,0.23053,639722.20877,
COM,2017,,,,,3.89,2087641.0,27.39813,423791.18373,
COM,2018,,,,,3.07,28546.0,0.17261,465764.03282,
COM,2019,,,,,3.79,831114.0,3.03045,522475.43949,
COM,2020,,,,,3.51,38577.0,0.57493,674544.29431,
COM,2021,,,,,4.82,28418.0,0.20688,2060441.93688,
COM,2022,,,,,3.74,40974.0,0.30733,2106604.33973,
COM,2023,,,,,,91529.0,3.13907,2364246.79209,
CPV,1986,,,,,,,,113544.3192,
CPV,1987,,,,,,,,401844.54743,
CPV,1988,,,,,,,,116141.1177,1248.82922
CPV,1989,,,,,,,,49244.60612,
CPV,1990,,,,,,,,120660.27588,
CPV,1991,,,,,,,,41311.70498,32489.20527
CPV,1992,,,,,,,,104384.77306,157459.28443
CPV,1993,,,,,,,,212616.23096,82186.74191
CPV,1994,,,,,,,,59713.64316,94027.61807
CPV,1995,,,,,,,,94986.12075,30317.48786
CPV,1996,,,,,0.53,,,26273.90077,10291.62012
CPV,1997,,,,,0.5,,,79740.99381,424462.49061
CPV,1998,,,,,0.2,,,335135.37467,2969.513
CPV,1999,,,,,1.48,,,196520.80813,43161.32745
CPV,2000,,,,,0.25,,,,2396.16613
CPV,2001,,98.50987,,,0.67,,,136219.30559,129745.31898
CPV,2002,,129.37196,,,0.17,,,193783.68663,560779.89897
CPV,2003,,,,,1.39,,,47776.39577,74107.58244
CPV,2004,,,,,0.75,,,256892.69377,
CPV,2005,,,,,0.37,,,68001.46525,
CPV,2006,,,,,4.14,,,2245.9009,
CPV,2007,,,,,3.67,,,1289652.3775,672.65004
CPV,2008,,,,,2.47,,,34422.24736,
CPV,2009,,,,,5.04,0.0,0.0,,
CPV,2010,,,,,3.05,0.0,0.0,343346.43525,
CPV,2011,0.06622,48.91143,,,2.7,62511.0,0.60174,,
CPV,2012,,,,,3.88,0.0,0.0,73921.97125,697.37709
CPV,2013,,,,,7.6,,,110127.25698,
CPV,2014,,124.92558,,,8.77,331.0,0.00295,4795783.85016,
CPV,2015,,,,,11.85,,,8051787.06017,
CPV,2016,,,2.0,1.0,8.78,,,2401054.94549,26889.49194
CPV,2017,,,2.0,,14.24,,,5757382.69097,41901.87787
CPV,2018,,,3.0,1.0,8.94,12.0,0.0001,11338112.59462,47363.9568
CPV,2019,,,,1.0,13.9,155282.0,1.32328,10027653.91816,41937.9183
CPV,2020,,,1.0,4.0,20.9,62460.0,0.7602,3695371.61614,39827.18165
CPV,2021,,,1.0,1.0,23.6,134350.0,2.03802,1357429.11528,36932.29861
CPV,2022,,,,,22.01,155610.0,3.47654,1217390.88689,29830.08139
CPV,2023,,,,,,73876.0,1.15215,1961357.78591,38369.62762
CPV,2024,,,,,,,,1978781.62223,72121.88213
CRI,1977,,,,,,,,4200000.0,1000000.0
CRI,1978,,,,,,,,4500000.0,1000000.0
CRI,1979,,,,,,,,5700000.0,1400000.0
CRI,1980,,,30.0,82.0,,,,4300000.0,1400000.0
CRI,1981,,,41.0,90.0,,,,4100000.0,200000.0
CRI,1982,,,39.0,60.0,,,,2900000.0,
CRI,1983,,,16.0,72.0,,,,3600000.0,
CRI,1984,,,24.0,37.0,,,,9100000.0,
CRI,1985,,,16.0,34.0,,,,9600000.0,200000.0
CRI,1986,,,11.0,36.0,,,,7900000.0,200000.0
CRI,1987,,,10.0,34.0,,,,8600000.0,
CRI,1988,,,10.0,40.0,,,,7600000.0,
CRI,1989,,,13.0,25.0,,,,10000000.0,
CRI,1990,,,15.0,43.0,,,,9100000.0,1200000.0
CRI,1991,,,63.0,59.0,,,,11000000.0,2600000.0
CRI,1992,,,18.0,71.0,,,,9200000.0,2100000.0
CRI,1993,,,27.0,84.0,,,,5500000.0,2500000.0
CRI,1994,,,32.0,92.0,,,,11000000.0,2500000.0
CRI,1995,,,25.0,111.0,,,,13400000.0,2600000.0
CRI,1996,0.30221,,23.0,126.0,158.45,,,23570000.0,2190000.0
CRI,1997,0.29569,,25.0,113.0,166.95,,,27190000.0,170000.0
CRI,1998,0.26526,,22.0,172.0,157.79,,,31970000.0,220000.0
CRI,1999,0.36759,,31.0,127.0,127.05,,,30796000.0,1181000.0
CRI,2000,0.41135,,28.0,47.0,121.83,,,49833730.0,
CRI,2001,,,21.0,191.0,169.1,,,49021813.48085,
CRI,2002,,,23.0,220.0,162.07,,,51154010.0,
CRI,2003,0.3619,133.40471,33.0,238.0,154.49,,,63871136.0,
CRI,2004,0.37288,110.07807,26.0,294.0,219.26,,,51358969.0,
CRI,2005,,124.52761,17.0,423.0,219.47,,,56875640.0,
CRI,2006,0.42693,,22.0,571.0,226.8,,,87482020.0,
CRI,2007,0.35655,,20.0,647.0,232.82,2537251595.0,45.44472,52944749.87514,
CRI,2008,0.38593,264.17779,24.0,774.0,246.75,2435411709.0,39.57329,86390876.09965,
CRI,2009,0.51718,343.38493,16.0,507.0,250.87,1794967100.0,44.26013,119400565.1051,
CRI,2010,0.4799,385.92478,8.0,606.0,272.47,2203396726.0,40.14731,158855730.1064,
CRI,2011,0.46235,410.68891,13.0,610.0,266.45,2521516046.0,40.99713,214778111.9779,
CRI,2012,0.54713,340.94423,9.0,578.0,311.7,2732053792.0,39.78983,310560930.38155,670.57363
CRI,2013,0.54253,359.00481,18.0,580.0,275.45,3074134472.0,43.44155,374402372.58932,196.42212
CRI,2014,0.55627,574.91761,15.0,529.0,365.39,2418534772.0,36.50618,454698564.82473,
CRI,2015,0.43665,500.97138,17.0,582.0,363.09,869824563.0,16.98408,495827687.75337,435590.95803
CRI,2016,0.44335,531.44617,9.0,497.0,425.5,951904772.0,18.44247,503368674.56458,5370940.35711
CRI,2017,0.42587,385.02378,19.0,504.0,483.69,1106655213.0,18.49522,538240000.0,5639487.37497
CRI,2018,0.37144,349.49117,8.0,490.0,542.38,1148832582.0,18.46688,623646376.51476,5937403.74279
CRI,2019,,,16.0,483.0,631.94,1154574074.0,17.56493,594092066.89066,6254924.90115
CRI,2020,0.33002,371.97029,12.0,524.0,702.29,1038666681.0,15.68196,591453203.96726,6584306.18892
CRI,2021,0.27385,406.58119,15.0,566.0,753.03,1457228331.0,16.967,624290765.1143,6913521.49837
CRI,2022,0.33789,462.47421,,,711.36,2066890450.0,21.9749,772781543.76498,7259197.57329
CRI,2023,0.33738,507.75814,,,,2809087758.0,24.17779,818499289.07928,7622157.45195
CRI,2024,,,,,,2947807985.0,22.8588,1042033587.29849,20247648.77
CUB,1980,,,129.0,70.0,,,,,
CUB,1981,,,122.0,58.0,,,,,
CUB,1982,,,183.0,39.0,,,,,
CUB,1983,,,166.0,31.0,,,,,
CUB,1984,,,214.0,28.0,,,,,
CUB,1990,,,,26.0,,,,,
CUB,1991,,,,24.0,,,,,
CUB,1992,,,1.0,19.0,,,,,
CUB,1993,,,1.0,13.0,,,,,
CUB,1994,,,121.0,31.0,,,,,
CUB,1995,,,104.0,33.0,,,,,
CUB,1996,0.34736,,83.0,40.0,576.43,,,,
CUB,1997,0.40172,,109.0,31.0,698.71,,,,
CUB,1998,0.50124,,,,888.57,,,,
CUB,1999,0.45832,,110.0,127.0,949.4,,,,
CUB,2000,0.47865,,,,956.5,,,,
CUB,2001,0.5653,,,,1003.81,,,,
CUB,2002,0.56445,,,,953.97,,,,
CUB,2003,0.58243,,,,793.22,,,,
CUB,2004,0.60231,,,,789.67,,,,
CUB,2005,0.5492,,105.0,180.0,967.02,,,,
CUB,2006,0.44139,,94.0,163.0,1224.99,,,,
CUB,2007,0.43615,,74.0,210.0,1096.51,,,,
CUB,2008,0.50061,,69.0,189.0,1163.54,,,,
CUB,2009,0.61485,,59.0,172.0,1419.43,,,,
CUB,2010,0.60767,,,,1293.77,,,,
CUB,2011,0.27192,,62.0,184.0,1520.7,,,,
CUB,2012,0.40716,,38.0,140.0,1526.64,,,,
CUB,2013,0.47467,,27.0,143.0,1570.27,,,,
CUB,2014,0.41596,,24.0,126.0,1471.66,,,,
CUB,2015,0.42854,,,,1342.36,,,,
CUB,2016,0.34223,,32.0,163.0,1158.34,257965573.0,35.00333,,
CUB,2017,0.43066,,29.0,145.0,1134.65,38992284.0,21.11088,,
CUB,2018,0.53691,2053.96588,29.0,126.0,1167.92,15927235.0,11.49892,,
CUB,2019,0.55308,2136.67708,27.0,88.0,1115.94,67288048.0,17.417,,
CUB,2020,0.51838,2121.90949,33.0,76.0,1366.16,17896042.0,9.8289,,
CUB,2021,0.32282,2099.70203,21.0,86.0,1532.31,222790197.0,70.08657,,
CUB,2022,0.36032,2079.08182,,,1237.5,13311229.0,7.87559,,
CUB,2023,0.39213,1968.33703,,,,,,,
CUB,2024,0.43839,2171.25568,,,,,,,
CUW,2011,,,,,,,,25569832.40223,4005586.59218
CUW,2012,,,,,,,,22229050.27933,5569832.40223
CUW,2013,,,,,,,,29363128.49162,5195530.72626
CUW,2014,,,,,,,,29184357.5419,7603351.95531
CUW,2015,,,,,,,,26212290.50279,9519553.07263
CUW,2016,,,,,,,,28167597.76536,4810055.86592
CUW,2017,,,,,,,,27905027.93296,5094972.06704
CUW,2018,,,,,,,,26674949.93296,4405582.92737
CUW,2019,,,,,,,,25626188.43575,5306719.15642
CUW,2020,,,,,,,,25047718.7486,4269322.17877
CUW,2021,,,,,,,,33489919.09497,9379291.1676
CUW,2022,,,,,,,,28754397.05028,6067955.87151
CUW,2023,,,,,,,,26059230.39106,4744711.40782
CYM,2016,,,,,,,,81139539.09003,8294113.29603
CYM,2017,,,,,,,,68007595.05493,9293717.29445
CYM,2018,,,,,,,,74328319.8631,15524664.15226
CYM,2019,,,,,,,,74938827.49202,11226635.7575
CYM,2020,,,,,,10398277.0,69.59947,90815765.95213,19066117.83114
CYM,2021,,,,,,7773206.0,67.76534,92492723.08422,18404826.53677
CYM,2022,,,,,,7824197.0,56.64671,104827542.03211,20620435.35538
CYM,2023,,,,,,6973389.0,47.70141,102684798.73627,3971165.36022
CYM,2024,,,,,,12519990.0,85.52323,101068317.14365,3455433.16044
CYP,1979,,,,,,,,282132.12351,
CYP,1980,,,1.0,66.0,,,,283244.64595,
CYP,1981,,,,34.0,,,,237286.90386,
CYP,1982,,,,38.0,,,,210355.42051,
CYP,1983,,,2.0,46.0,,,,189882.75401,
CYP,1984,,,2.0,54.0,,,,169956.49757,
CYP,1985,,,,43.0,,,,163251.36215,
CYP,1986,,,,30.0,,,,,
CYP,1987,,,,,,,,2702160.11719,
CYP,1988,,,,,,,,3000243.23401,
CYP,1989,,,,,,,,3436947.76126,
CYP,1990,,,,43.0,,,,4366050.39259,
CYP,1991,,,,53.0,,,,1507228.77687,
CYP,1992,,,,57.0,,,,7340697.14008,
CYP,1993,,,,,,,,8041733.91846,
CYP,1994,,,,,,,,9955484.761,
CYP,1995,,,,,,,,12156840.93068,3315502.072
CYP,1996,,,,,94.99,,,16727025.13611,6433471.2062
CYP,1997,,,,,118.96,,,14788946.17083,9729569.84923
CYP,1998,0.20331,349.5183,,,111.63,,,18152830.41732,11586913.03233
CYP,1999,0.21806,407.11007,,,118.22,,,21364855.08965,12892584.96789
CYP,2000,0.2269,438.81436,,,158.13,,,20725917.49473,16066602.70909
CYP,2001,0.23694,477.38582,,,134.94,,,20199182.87589,26240952.66028
CYP,2002,0.27967,616.5499,,,196.94,,,14987397.97964,42720700.0269
CYP,2003,0.31834,686.54374,12.0,85.0,178.13,,,38640483.76043,15008149.7722
CYP,2004,0.33564,806.48173,9.0,85.0,256.78,,,53379644.46993,17660983.54233
CYP,2005,0.36727,930.33788,20.0,44.0,318.12,,,44655062.13453,15104740.48577
CYP,2006,0.38346,1005.35878,,,353.72,,,60437219.97692,15965459.79178
CYP,2007,0.40007,1054.20653,3.0,16.0,433.39,96699999.0,31.29566,55607286.92035,21076128.58143
CYP,2008,0.38594,1038.21427,11.0,10.0,508.23,123587752.0,32.01724,70969541.63519,283460.68701
CYP,2009,0.44437,1095.4538,6.0,6.0,654.5,109541362.0,32.52943,,
CYP,2010,0.44292,1104.81725,4.0,4.0,712.0,143937805.0,38.20152,,
CYP,2011,0.45263,1091.99036,,8.0,759.41,112875071.0,30.35854,82726539.70282,954329.53244
CYP,2012,0.43765,1022.02872,4.0,8.0,798.85,55513249.0,16.5915,127245097.47378,173942.06509
CYP,2013,0.48485,1030.30177,2.0,1.0,964.53,56419712.0,13.0834,75392666.45006,
CYP,2014,0.51205,1048.79818,4.0,,914.61,68206259.0,14.52826,88778428.19479,
CYP,2015,0.47529,994.37065,6.0,1.0,937.96,55429941.0,12.71082,180416338.25397,
CYP,2016,0.5197,1039.63583,3.0,1.0,1071.31,56148834.0,13.32851,140509131.92487,
CYP,2017,0.54259,1188.67243,8.0,4.0,1223.71,54653535.0,13.34996,231643105.18273,186240441.51319
CYP,2018,0.61032,1385.15663,4.0,,1296.14,95281472.0,19.85679,315949104.22655,
CYP,2019,0.70269,1631.10513,4.0,1.0,1351.09,92911879.0,19.87422,259717577.6832,488125661.45227
CYP,2020,0.82581,1712.04604,2.0,1.0,1466.69,62939856.0,12.24483,300267056.76878,600364323.32402
CYP,2021,0.77686,1707.8633,1.0,2.0,1733.92,88015705.0,15.969,408857371.83123,728183522.70434
CYP,2022,0.70468,1681.07176,,,1866.52,93960972.0,17.6596,409790761.86919,1089198771.42222
CYP,2023,0.68145,1686.46822,,,,109983773.0,18.74195,849463411.44416,2068303470.84789
CYP,2024,,,,,,104881340.0,18.03292,998529150.1055,2634771721.79729
CZE,1993,,,893.0,2040.0,,,,20381969.8619,1468948.03691
CZE,1994,,,756.0,2593.0,,,,26272616.52386,3680539.84655
CZE,1995,,,626.0,2893.0,,,,53328089.96948,13181729.89016
CZE,1996,0.88366,1258.0318,614.0,3247.0,4361.86,,,97954964.06965,42784149.88307
CZE,1997,0.98251,1222.7761,579.0,3661.0,4616.99,,,77861868.74197,33780370.65609
CZE,1998,1.05423,1223.32114,624.0,3771.0,4599.59,,,112645152.73499,57357340.67046
CZE,1999,1.04295,1319.35303,596.0,4204.0,4929.16,,,137439776.43919,42908927.9472
CZE,2000,1.10377,1352.21409,555.0,4384.0,5330.3,,,81725597.71002,44285427.67172
CZE,2001,1.09343,1465.05243,568.0,4184.0,5742.18,,,92705740.4784,36485866.36885
CZE,2002,1.09272,1463.13284,526.0,5031.0,6038.75,,,119236203.23612,45280976.3613
CZE,2003,1.13817,1543.13456,625.0,2954.0,6396.07,,,175866289.62781,50304239.5724
CZE,2004,1.13619,1589.73189,623.0,629.0,6989.49,,,173666458.16318,37581677.65515
CZE,2005,1.15998,2353.41029,586.0,244.0,7858.01,,,503693935.34048,39802928.37025
CZE,2006,1.22564,2552.57872,641.0,195.0,8785.97,,,551382615.5556,31717540.8022
CZE,2007,1.2967,2701.68545,716.0,192.0,10022.53,16672750044.0,15.28617,694050965.82156,35915035.26248
CZE,2008,1.2352,2876.01839,712.0,142.0,10752.64,20149160155.0,15.78994,859173450.84765,144904843.58274
CZE,2009,1.28943,2765.27088,789.0,92.0,11107.58,17073608123.0,17.44354,842489141.18865,177970514.71691
CZE,2010,1.31352,2799.12504,868.0,114.0,12461.34,20408146674.0,17.87611,945086547.38164,249267461.61685
CZE,2011,1.5323,2925.87928,783.0,97.0,13384.8,26864951093.0,18.71535,1179217303.25258,284733070.49989
CZE,2012,1.757,3162.1117,867.0,150.0,13617.94,25452863333.0,18.58921,1042852405.55227,352174748.48991
CZE,2013,1.86743,3260.83143,984.0,97.0,13764.71,24683560894.0,17.33437,1160503560.34487,388825157.62293
CZE,2014,1.94392,3428.30846,910.0,62.0,15039.45,26896989563.0,17.37123,1343830327.29018,493180815.33175
CZE,2015,1.906,3619.16017,880.0,72.0,16488.26,24765844904.0,17.73441,1227305475.24098,465248147.47734
CZE,2016,1.65411,3546.92776,792.0,47.0,16418.09,24696483302.0,16.8728,1193119442.95987,445442311.13334
CZE,2017,1.74513,3718.34571,794.0,66.0,16387.57,29455304775.0,17.82926,1243172654.75132,421049854.5028
CZE,2018,1.87652,3906.6782,678.0,54.0,15899.72,36029727754.0,19.555,1492994403.79622,498219527.0697
CZE,2019,1.89547,4027.58714,765.0,48.0,16546.99,37662935376.0,20.71041,1511179525.27654,688041585.60969
CZE,2020,1.94537,4187.18471,673.0,56.0,15501.35,39608918726.0,22.58252,1390422196.7858,692709322.85169
CZE,2021,1.93302,4560.45106,541.0,59.0,15882.75,41423396626.0,20.35609,1614070191.80227,817474844.04795
CZE,2022,1.89089,4696.6857,,,14425.23,46554526977.0,21.83536,1639732821.10792,833842177.80946
CZE,2023,1.83369,4504.58395,,,,46329135586.0,20.30272,1984067756.75862,955230892.97824
CZE,2024,,,,,,52422447878.0,22.40452,2346457226.06816,1076986202.72482
DEU,1971,,,,,,,,423474020.05674,156379882.20235
DEU,1972,,,,,,,,493347292.34431,211276916.80029
DEU,1973,,,,,,,,624130653.41572,225350237.74949
DEU,1974,,,,,,,,669979669.5279,275539638.38775
DEU,1975,,,,,,,,836978364.62009,324885739.28145
DEU,1976,,,,,,,,805220102.91303,304438860.54879
DEU,1977,,,,,,,,986661567.85827,355860382.36182
DEU,1978,,,,,,,,1187406865.58809,462286663.76547
DEU,1979,,,,,,,,1371790483.26138,525965634.55806
DEU,1980,,,28683.0,19900.0,,,,1445858315.57344,606121398.69807
DEU,1981,,,29841.0,16738.0,,,,1185984547.14564,546035547.73692
DEU,1982,,,30668.0,17158.0,,,,1116646533.23345,561911840.74576
DEU,1983,,,31658.0,15445.0,,,,1183812409.68741,592844962.52217
DEU,1984,,,31984.0,13225.0,,,,1116476701.58055,583238416.92703
DEU,1985,,,32202.0,12180.0,,,,1213984364.30151,618173314.74448
DEU,1986,,,32169.0,10945.0,,,,1927426970.50482,920418045.62258
DEU,1987,,,31597.0,9933.0,,,,2456301273.42608,1161327535.66745
DEU,1988,,,31912.0,9332.0,,,,2743678015.22175,1265022010.25465
DEU,1989,,,31171.0,9168.0,,,,3027419866.03765,1340511286.38089
DEU,1990,,,30724.0,8605.0,,,,3797381849.88289,1986983701.33164
DEU,1991,,,32256.0,7784.0,,,,3996522504.53664,1837346438.24112
DEU,1992,,,33919.0,7404.0,,,,4155612635.25476,2026007766.10625
DEU,1993,,,34752.0,6995.0,,,,4044171699.94092,1932366044.6358
DEU,1994,,,36715.0,7261.0,,,,4169753990.55475,2111018462.11006
DEU,1995,,,38103.0,8055.0,,,,5228265297.86074,2704098947.21933
DEU,1996,2.13663,2801.62099,42322.0,9511.0,64230.05,,,4689413167.88007,2877286632.54202
DEU,1997,2.18161,2862.8306,44438.0,11291.0,68275.18,,,4962271661.23211,2737636656.96999
DEU,1998,2.20748,2884.30523,46523.0,10843.0,69447.96,,,4905067871.65588,3094872230.51828
DEU,1999,2.32772,3120.9,50029.0,9502.0,67533.92,,,4394913908.49823,2690187258.46157
DEU,2000,2.38654,3154.48437,51736.0,10406.0,69738.56,,,4414303163.77612,2535822064.86357
DEU,2001,2.3792,3230.26868,49989.0,10486.0,71531.01,,,4317017245.39597,2742329706.68395
DEU,2002,2.40856,3240.75467,47598.0,10589.0,71994.35,,,3545971639.04596,3324060970.46208
DEU,2003,2.44232,3275.18656,47818.0,10663.0,74319.9,,,4116085265.4456,3579689299.9153
DEU,2004,2.40278,3290.96185,48448.0,10786.0,77210.07,,,4514202955.41125,4466712872.6912
DEU,2005,2.40266,3315.75626,48367.0,11855.0,85127.72,,,7208115337.91219,5743253423.72675
DEU,2006,2.43043,3411.78697,48012.0,12573.0,87144.84,,,7082602231.37775,5161751714.39285
DEU,2007,2.41918,3573.67338,47853.0,13139.0,90199.02,169568705000.0,15.46239,7499376290.76761,6307875661.91759
DEU,2008,2.57152,3726.67445,49240.0,13177.0,93343.56,183092780221.0,15.07624,8632835619.01579,7335720009.32003
DEU,2009,2.68864,3916.78276,47859.0,11724.0,96399.98,158722553273.0,16.79429,7008622136.38977,7212871240.40563
DEU,2010,2.67632,4056.42386,47047.0,12198.0,98512.11,179620897366.0,16.88969,7115326141.84701,8276542348.34052
DEU,2011,2.75016,4191.51741,46986.0,12458.0,101238.25,202328061352.0,16.34172,7405166331.67608,10723917538.9948
DEU,2012,2.82499,4355.567,46620.0,14720.0,105639.02,202541990943.0,17.22729,6396891367.77913,10295613426.3181
DEU,2013,2.78067,4380.38742,47353.0,15814.0,106118.13,209304933980.0,17.29799,8652108654.41191,17507041046.3834
DEU,2014,2.82218,4336.01915,48154.0,17811.0,108118.23,215660926664.0,17.20971,10729008199.2893,23486335058.5511
DEU,2015,2.87725,4755.29531,47384.0,19509.0,108479.28,199465124309.0,17.82438,10117945573.8249,24082893579.6634
DEU,2016,2.88393,4839.84645,48480.0,19419.0,110725.54,205114885619.0,18.0827,11295106925.6022,28726730973.8086
DEU,2017,2.9886,5058.39528,47785.0,19927.0,111426.61,195727088512.0,15.85058,14364977912.1091,31302945582.4989
DEU,2018,3.05057,5209.2143,46617.0,21281.0,111308.13,209762237943.0,15.74743,16367799982.33516,36595706878.39742
DEU,2019,3.11256,5398.63462,46632.0,20802.0,113491.66,208177564289.0,16.38694,16959534531.872,37525236325.4595
DEU,2020,3.0897,5390.05249,42260.0,19845.0,112179.45,182393711293.0,15.5032,17265370701.7495,37950983696.34409
DEU,2021,3.0786,5520.57631,39822.0,18747.0,119603.62,211942359477.0,15.3851,21774153929.6537,59721878305.5556
DEU,2022,3.07096,5801.62324,,,113976.3,245975238590.0,17.49815,21276617907.1293,53172744428.558
DEU,2023,3.1539,5926.07432,,,,260043024452.0,17.78184,24678660540.7314,48110047044.9222
DEU,2024,,,,,,246637611895.0,17.9773,26544859715.3684,45843477325.56
DJI,1996,,,,,3.11,,,,
DJI,1997,,,,,5.0,,,,
DJI,1998,,,,,1.93,,,,
DJI,1999,,,,,0.17,,,,
DJI,2000,,,,,2.0,,,,
DJI,2001,,,,,0.64,,,,
DJI,2002,,,,,1.28,,,,
DJI,2003,,,,,1.33,,,,
DJI,2004,,,,,1.88,,,,
DJI,2005,,,,,3.71,,,,
DJI,2006,,,,,2.71,,,,
DJI,2007,,,,,3.28,,,,
DJI,2008,,,,,3.32,,,,
DJI,2009,,,,,8.12,1331100.0,0.92362,,
DJI,2010,,,,,6.87,,,,
DJI,2011,,,,,4.24,,,,
DJI,2012,,,,,7.42,,,,
DJI,2013,,,1.0,2.0,6.45,,,,
DJI,2014,,,,4.0,7.51,,,,
DJI,2015,,,,,5.71,,,,
DJI,2016,,,,,4.19,,,,
DJI,2017,,,,,5.24,,,,
DJI,2018,,,,,6.54,,,,
DJI,2019,,,,,4.88,,,,
DJI,2020,,,,5.0,10.48,,,,
DJI,2021,,,3.0,10.0,8.2,52191021.0,2.62828,,
DJI,2022,,,,,13.16,75036421.0,3.02418,,
DJI,2023,,,,,,88653670.0,3.2755,,
DMA,1986,,,,,,,,74074.07407,
DMA,1987,,,,,,,,74074.07407,
DMA,1988,,,,,,,,100000.0,
DMA,1989,,,,,,,,100000.0,
DMA,1990,,,,,,,,100000.0,
DMA,1991,,,,,,,,81481.48148,
DMA,1992,,,,,,,,103703.7037,
DMA,1993,,,,,,,,92592.59259,
DMA,1994,,,,,,,,92592.59259,
DMA,1995,,,,2.0,,,,207407.40741,
DMA,1996,,,,,1.65,,,103703.7037,
DMA,1997,,,,,0.64,,,207407.40741,
DMA,1998,,,,,3.81,,,400000.0,203703.7037
DMA,1999,,,,,0.0,,,137037.03704,100000.0
DMA,2000,,,,,0.0,,,323023.85033,27537.03704
DMA,2001,,,,,4.26,,,359931.57857,
DMA,2002,,,,,2.0,,,413084.08903,
DMA,2003,,,,,4.58,,,385296.67241,
DMA,2004,,,,,2.16,,,384932.04789,
DMA,2005,,,,,5.27,,,394095.49386,
DMA,2006,,,,,4.19,,,405203.80027,
DMA,2007,,,,,3.94,,,432425.78381,
DMA,2008,,,,,5.22,,,476343.32765,
DMA,2009,,,,,4.22,0.0,0.0,522307.18101,
DMA,2010,,,,,8.78,154223.0,0.83741,542709.81685,10948.22222
DMA,2011,,,,,6.94,,,563343.03753,
DMA,2012,,,,,11.84,1949279.0,9.00607,568212.36373,
DMA,2013,,,,,12.08,2279542.0,5.94054,573671.87862,
DMA,2014,,,,,9.21,,,586672.20741,
DMA,2015,,,,,10.28,,,672686.28519,
DMA,2016,,,,4.0,10.8,419801.0,9.62335,674278.87778,94.81481
DMA,2017,,,,3.0,12.0,318695.0,8.33002,652481.84074,71.11111
DMA,2018,,,,4.0,11.83,301159.0,5.33181,1098511.16963,71.11111
DMA,2019,,,,3.0,5.15,1201516.0,16.90507,1098511.11111,71.11111
DMA,2020,,,,2.0,5.46,145604.0,1.69441,179356.2963,71.11111
DMA,2021,,,,11.0,6.91,291177.0,3.30533,4394926.66667,
DMA,2022,,,,,5.17,3200283.0,27.59466,3676170.37037,
DMA,2023,,,,,,367176.0,2.88328,6272212.96296,
DMA,2024,,,,,,,,7864693.7037,
DNK,1980,,,964.0,4605.0,,,,,
DNK,1981,,,1085.0,4745.0,,,,,
DNK,1982,,,1095.0,4706.0,,,,,
DNK,1983,,,1167.0,4920.0,,,,,
DNK,1984,,,966.0,5312.0,,,,,
DNK,1985,,,856.0,5236.0,,,,,
DNK,1986,,,958.0,5386.0,,,,,
DNK,1987,,,1007.0,4759.0,,,,,
DNK,1988,,,1197.0,6124.0,,,,,
DNK,1989,,,1120.0,4683.0,,,,,
DNK,1990,,,1218.0,1843.0,,,,,
DNK,1991,,,1061.0,370.0,,,,,
DNK,1992,,,1204.0,361.0,,,,,
DNK,1993,,,1159.0,254.0,,,,,
DNK,1994,,,1274.0,176.0,,,,,
DNK,1995,,,1234.0,250.0,,,,,
DNK,1996,1.80812,3180.15253,1309.0,196.0,6360.3,,,,
DNK,1997,1.89238,3319.53904,1319.0,218.0,7107.29,,,,
DNK,1998,2.00749,,1543.0,166.0,6822.62,,,,
DNK,1999,2.12857,3565.39014,1656.0,131.0,6717.74,,,,
DNK,2000,2.18774,,1730.0,140.0,7180.91,,,,
DNK,2001,2.32339,3636.56281,1757.0,188.0,7158.33,,,,
DNK,2002,2.43935,4758.77798,1815.0,169.0,7190.23,,,,
DNK,2003,2.50711,4621.86049,1772.0,153.0,7565.75,,,,
DNK,2004,2.41328,4847.79783,1877.0,138.0,7939.76,,,,
DNK,2005,2.38721,5207.24681,1658.0,165.0,8466.21,,,887513470.9289,1262022630.11981
DNK,2006,2.39875,5314.72934,1503.0,188.0,8685.4,,,948675334.25517,1583757819.08662
DNK,2007,2.50921,5539.33467,1660.0,197.0,9044.64,12073064150.0,18.25736,885829978.05419,1731557199.71218
DNK,2008,2.76081,6519.6824,1634.0,195.0,9294.1,12417941733.0,16.85703,1194906781.00424,2369450702.44632
DNK,2009,3.04209,6674.9003,1518.0,131.0,9790.04,11258588931.0,18.93105,1379377382.60745,2607872589.30152
DNK,2010,2.91389,6763.58309,1626.0,142.0,10314.12,9012037384.0,15.46884,1325847662.92862,2030589542.92525
DNK,2011,2.94198,7045.77406,1574.0,197.0,11432.71,10408230833.0,15.27457,1412631899.88576,2467921752.07128
DNK,2012,2.9845,7181.8507,1406.0,229.0,12398.11,9742007079.0,15.82634,1392512982.1556,2264341595.26795
DNK,2013,2.96145,7115.41931,1341.0,193.0,12912.29,10196237936.0,15.82259,1735972102.31115,2314926349.68148
DNK,2014,2.91543,7358.18842,1377.0,206.0,14140.3,10640792837.0,15.71796,1695330424.64731,2497261263.25473
DNK,2015,3.06422,7566.45783,1462.0,270.0,14343.41,10082748969.0,17.1655,1530214735.28803,2088570347.38056
DNK,2016,3.10209,7852.0565,1552.0,298.0,14395.75,10051342801.0,14.88332,1625778239.46017,2429038179.13234
DNK,2017,2.93576,7647.61749,1490.0,282.0,14654.73,8868268698.0,12.42792,1488297357.09907,3202244987.18986
DNK,2018,2.97895,7597.52556,1262.0,239.0,14802.91,9553980118.0,12.35473,1584730653.08989,3797467556.60634
DNK,2019,2.90605,7693.54905,1351.0,228.0,15073.24,9580042594.0,12.04,1528444771.72291,3872027734.56196
DNK,2020,2.96533,7651.2843,1261.0,217.0,15427.2,10456156892.0,13.23439,1654744039.76059,4879690956.63038
DNK,2021,2.74323,7708.2373,1090.0,186.0,16242.39,12558522501.0,13.9248,1717948450.8409,4934017708.72627
DNK,2022,2.86709,9037.46818,,,16126.02,13697919561.0,15.98829,1846550558.75722,5468001890.86247
DNK,2023,3.04841,8837.51688,,,,15851279312.0,17.13216,2341010755.53916,6858345074.05728
DNK,2024,,,,,,17124731773.0,17.61945,2542874195.1326,8608085034.94852
DOM,1983,,,25.0,66.0,,,,,
DOM,1986,,,14.0,135.0,,,,,
DOM,1993,,,,,,,,4600000.0,
DOM,1994,,,,,,,,5600000.0,
DOM,1995,,,,,,,,10200000.0,
DOM,1996,,,,,21.24,,,28500000.0,
DOM,1997,,,,,12.84,,,16100000.0,
DOM,1998,,,,,9.98,,,25300000.0,
DOM,1999,,,,,10.66,,,29800000.0,
DOM,2000,,,5.0,63.0,13.3,,,29700000.0,
DOM,2001,,,11.0,146.0,8.14,,,22000000.0,
DOM,2002,,,11.0,172.0,8.46,,,29600000.0,
DOM,2003,,,18.0,184.0,11.53,,,30100000.0,
DOM,2004,,,24.0,181.0,13.74,,,30100000.0,
DOM,2005,,,8.0,217.0,13.88,,,30800000.0,
DOM,2006,,,15.0,280.0,18.1,,,31500000.0,
DOM,2007,,,34.0,111.0,21.12,759722912.0,13.66133,31900000.0,
DOM,2008,,,8.0,45.0,16.52,343578651.0,7.13643,50700000.0,
DOM,2009,,,17.0,238.0,15.46,181137320.0,4.85374,53400000.0,
DOM,2010,,,15.0,328.0,17.26,75810618.0,2.34947,67100000.0,
DOM,2011,,,15.0,318.0,19.39,97374126.0,2.38571,71400000.0,
DOM,2012,,,19.0,265.0,25.65,145436379.0,3.20066,59200000.0,
DOM,2013,,,12.0,256.0,40.72,197793260.0,4.45454,63700000.0,
DOM,2014,,,16.0,244.0,42.42,223058546.0,4.30505,81400000.0,
DOM,2015,,,25.0,227.0,34.66,207375708.0,3.96685,88900000.0,
DOM,2016,,,28.0,242.0,36.46,228458931.0,4.42181,98400000.0,
DOM,2017,,,20.0,251.0,48.5,479793890.0,8.35627,134000000.0,
DOM,2018,,,17.0,211.0,54.97,388076815.0,6.39816,34600000.0,
DOM,2019,,,23.0,220.0,71.11,399435146.0,6.34761,41500000.0,
DOM,2020,,24.56941,10.0,207.0,90.86,487003237.0,8.72741,81900000.0,
DOM,2021,,23.40074,7.0,220.0,112.22,565390971.0,8.48005,121400000.0,
DOM,2022,,20.03771,,,109.82,406158882.0,6.01879,189700000.0,700000.0
DOM,2023,,,,,,454061980.0,6.03093,224500000.0,
DOM,2024,,,,,,575848242.0,7.68868,292800000.0,
DZA,1977,,,,,,,,964608.90156,
DZA,1978,,,,,,,,1260747.87596,
DZA,1979,,,,,,,,2335680.54871,
DZA,1980,,,5.0,349.0,,,,260589.71459,
DZA,1981,,,14.0,340.0,,,,1158531.52295,
DZA,1982,,,14.0,320.0,,,,1306565.67426,
DZA,1983,,,30.0,278.0,,,,1044102.907,
DZA,1984,,,30.0,345.0,,,,602001.65555,
DZA,1985,,,,,,,,1193364.8912,
DZA,1986,,,,,,,,212661.13511,
DZA,1987,,,,,,,,412393.09998,
DZA,1988,,,5.0,201.0,,,,676273.50755,
DZA,1989,,,4.0,200.0,,,,1182878.491,
DZA,1990,,,6.0,229.0,,,,1339658.2569,
DZA,1991,,,6.0,170.0,,,,,
DZA,1992,,,10.0,164.0,,,,,
DZA,1993,,,8.0,138.0,,,,,
DZA,1994,,,27.0,118.0,,,,,
DZA,1995,,,28.0,134.0,,,,,
DZA,1996,,,50.0,150.0,224.92,,,,
DZA,1997,,,34.0,207.0,258.62,,,,
DZA,1998,,,42.0,267.0,300.8,,,,
DZA,1999,,,36.0,248.0,311.0,,,,
DZA,2000,,,32.0,127.0,381.8,,,,
DZA,2001,0.21219,,51.0,94.0,447.43,,,,
DZA,2002,0.33807,,43.0,291.0,488.66,,,,
DZA,2003,0.18122,,30.0,296.0,635.4,,,,
DZA,2004,0.15186,,58.0,334.0,856.74,,,,
DZA,2005,0.06367,170.18968,59.0,465.0,896.8,,,2000000.0,
DZA,2006,,,58.0,611.0,1273.35,,,15000000.0,2000000.0
DZA,2007,,,84.0,765.0,1396.35,6815093.0,1.20371,10547283.0764,1460420.13765
DZA,2008,,,,,1748.91,8596814.0,1.04178,10163263.96121,2928308.67952
DZA,2009,,,,,2115.44,4615916.0,1.17679,17088438.14367,1916053.51418
DZA,2010,,,76.0,730.0,2093.41,5377821.0,1.1679,92466206.42464,2811908.23361
DZA,2011,,,94.0,803.0,2405.01,3565017.0,0.54147,90367205.15836,1713651.67575
DZA,2012,,,119.0,781.0,2998.95,2215525.0,0.34309,137274934.91671,2844580.77122
DZA,2013,,,118.0,722.0,3397.03,3260377.0,0.56989,162112437.28548,760560.87455
DZA,2014,,,94.0,719.0,3618.61,4033112.0,0.32839,143997401.90037,395792.55427
DZA,2015,,,89.0,716.0,4070.79,2549728.0,0.23328,250010594.14215,2222340.26848
DZA,2016,,,106.0,566.0,4447.92,4844795.0,0.48961,152897904.41888,474785.16788
DZA,2017,0.47865,821.66519,149.0,594.0,5141.7,9028313.0,0.9604,147268735.11033,138472.73568
DZA,2018,,,152.0,521.0,5291.25,,,115089900.79619,203168.63626
DZA,2019,,,113.0,525.0,6230.58,,,143098650.40869,177930.35144
DZA,2020,,,163.0,547.0,5709.84,,,133392700.45166,1225996.32866
DZA,2021,,,268.0,581.0,6839.0,,,206576375.88955,160512.93863
DZA,2022,,,,,7606.65,,,140364919.3497,358971.84948
DZA,2023,0.37787,1782.46286,,,,,,202107502.57316,773950.74601
DZA,2024,0.44395,1763.99214,,,,,,215013353.1503,1374785.32354
ECU,1976,,,,,,,,4300000.0,
ECU,1977,,,,,,,,11800000.0,
ECU,1978,,,,,,,,12200000.0,
ECU,1979,,,,,,,,13000000.0,
ECU,1980,,,35.0,152.0,,,,22000000.0,
ECU,1981,,,14.0,180.0,,,,28000000.0,
ECU,1982,,,22.0,122.0,,,,20000000.0,
ECU,1983,,,24.0,112.0,,,,25000000.0,
ECU,1984,,,24.0,96.0,,,,30000000.0,
ECU,1985,,,,,,,,42000000.0,
ECU,1986,,,27.0,104.0,,,,45000000.0,
ECU,1987,,,21.0,78.0,,,,45000000.0,
ECU,1988,,,24.0,97.0,,,,35000000.0,
ECU,1989,,,26.0,94.0,,,,36000000.0,
ECU,1990,,,,,,,,37000000.0,
ECU,1991,,,13.0,75.0,,,,38000000.0,
ECU,1992,,,23.0,84.0,,,,38000000.0,
ECU,1993,,,21.0,100.0,,,,45000000.0,
ECU,1994,,,4.0,335.0,,,,50000000.0,
ECU,1995,,,8.0,270.0,,,,53000000.0,
ECU,1996,0.07406,84.01608,7.0,354.0,56.78,,,68000000.0,
ECU,1997,0.06263,78.17639,8.0,302.0,99.62,,,64000000.0,
ECU,1998,0.06517,83.52213,,,94.52,,,68000000.0,
ECU,1999,,,15.0,475.0,66.82,,,70000000.0,
ECU,2000,,,10.0,541.0,73.7,,,62000000.0,
ECU,2001,0.05448,40.16034,7.0,256.0,60.41,,,52000000.0,
ECU,2002,0.0584,42.23367,13.0,101.0,91.3,,,43857142.85714,
ECU,2003,0.06007,48.66397,7.0,415.0,98.81,,,43073979.59184,
ECU,2004,,,14.0,489.0,93.53,,,43455357.14286,
ECU,2005,,,11.0,580.0,133.34,,,42857302.29592,
ECU,2006,0.13176,70.53158,8.0,751.0,135.16,,,44243378.50765,
ECU,2007,0.13501,65.03887,4.0,794.0,143.06,,,45289183.03571,
ECU,2008,0.23011,103.21122,2.0,847.0,154.2,80058801.0,5.45174,46993142.56696,
ECU,2009,0.41055,118.28189,6.0,668.0,180.38,53152326.0,4.46596,47457318.40045,
ECU,2010,0.41127,141.13492,4.0,690.0,192.46,146115718.0,8.74027,54051146.24376,
ECU,2011,0.34115,180.01141,,,171.31,59881532.0,3.57675,65761531.27128,
ECU,2012,0.33308,281.58285,,,244.88,55266062.0,2.93321,90468876.13988,
ECU,2013,0.37423,350.98087,7.0,475.0,261.98,78368915.0,5.23566,125980953.67965,
ECU,2014,0.43839,400.26149,24.0,358.0,406.82,81594902.0,5.63722,110557408.00808,
ECU,2015,,,20.0,475.0,657.3,103054631.0,7.68854,72456488.62859,
ECU,2016,,,45.0,329.0,1152.65,111067371.0,9.19247,63080134.42091,5674384.6
ECU,2017,,,16.0,401.0,1599.51,93241535.0,7.95692,91245028.7427,26726613.74
ECU,2018,,,34.0,371.0,2166.56,68768816.0,5.29991,180748000.0,2235390.0
ECU,2019,,,29.0,408.0,2457.62,67994135.0,5.52378,138706508.0,2380322.0
ECU,2020,,,33.0,374.0,2930.96,52973250.0,4.28193,139640396.0,4259574.0
ECU,2021,,,35.0,373.0,3095.23,77485367.0,4.84096,213981045.0,5487504.0
ECU,2022,,,,,3573.97,124665033.0,6.71158,247619679.43,26146903.25
ECU,2023,,,,,,106992254.0,7.27423,302388596.282,10441540.53
ECU,2024,,,,,,154303360.0,9.99836,338178369.96,7694639.62
EGY,1980,,,76.0,731.0,,,,,
EGY,1981,,,59.0,738.0,,,,,
EGY,1982,,,53.0,713.0,,,,,
EGY,1983,,,88.0,727.0,,,,,
EGY,1984,,,128.0,704.0,,,,,
EGY,1985,,,168.0,671.0,,,,,
EGY,1986,,,142.0,667.0,,,,,
EGY,1987,,,170.0,596.0,,,,,
EGY,1988,,,190.0,474.0,,,,,
EGY,1989,,,186.0,462.0,,,,,
EGY,1990,,,278.0,511.0,,,,,
EGY,1991,,,308.0,479.0,,,,,
EGY,1992,,,301.0,517.0,,,,,
EGY,1993,,,328.0,503.0,,,,,
EGY,1994,,,308.0,528.0,,,,508000000.0,40000000.0
EGY,1995,,,408.0,693.0,,,,97000000.0,47000000.0
EGY,1996,0.2126,,504.0,706.0,2351.45,,,40000000.0,55000000.0
EGY,1997,0.19756,,,,2342.28,,,364900000.0,54000000.0
EGY,1998,0.1991,,494.0,1139.0,2402.36,,,392000000.0,56000000.0
EGY,1999,0.18651,,536.0,1146.0,2404.74,,,328900000.0,46500000.0
EGY,2000,0.19247,,534.0,1081.0,2682.75,,,401000000.0,59000000.0
EGY,2001,,,464.0,923.0,2953.45,,,360900000.0,46300000.0
EGY,2002,,,627.0,788.0,3020.31,,,171100000.0,37600000.0
EGY,2003,,,493.0,626.0,3554.55,,,165000000.0,120800000.0
EGY,2004,0.26994,,382.0,312.0,3560.45,,,108100000.0,100000000.0
EGY,2005,0.24141,,428.0,1008.0,3617.7,,,182000000.0,136000000.0
EGY,2006,0.25903,,,,3939.67,,,159200000.0,138000000.0
EGY,2007,0.2551,591.25817,516.0,1589.0,4425.22,,,240600000.0,122000000.0
EGY,2008,0.27024,410.61485,481.0,1649.0,4857.26,102650631.0,1.05468,321600000.0,
EGY,2009,0.43312,405.67613,490.0,1452.0,6012.69,86522520.0,0.85487,284500000.0,
EGY,2010,0.43345,461.31975,605.0,1625.0,6574.14,104581856.0,0.95302,226000000.0,
EGY,2011,0.53154,461.59381,618.0,1591.0,7169.3,133427058.0,0.99198,231600000.0,
EGY,2012,0.50899,485.09394,683.0,1528.0,8281.32,78780667.0,0.61632,344700000.0,
EGY,2013,0.63895,505.91384,641.0,1416.0,8509.71,72676207.0,0.53484,327500000.0,
EGY,2014,0.63649,632.88092,752.0,1384.0,9014.75,168393198.0,1.25267,241500000.0,
EGY,2015,0.71858,631.04334,718.0,1337.0,9709.94,89778932.0,0.79506,213800000.0,
EGY,2016,0.70848,646.99675,920.0,1258.0,11127.39,56095790.0,0.50438,187700000.0,
EGY,2017,0.64486,636.00218,1025.0,1254.0,11187.53,73845752.0,0.56523,254500000.0,
EGY,2018,0.68839,645.44342,997.0,1258.0,13196.84,124115195.0,0.86281,298000000.0,
EGY,2019,0.79617,776.5619,1027.0,1156.0,15448.49,323587661.0,2.34527,294000000.0,1100000.0
EGY,2020,0.91564,790.65531,978.0,1229.0,18009.29,347931933.0,2.5549,297000000.0,
EGY,2021,0.91175,808.43512,881.0,1343.0,21379.39,645859214.0,3.17082,343000000.0,
EGY,2022,1.01968,829.2751,,,24025.0,766542713.0,3.40205,395400000.0,156300000.0
EGY,2023,1.03356,845.3181,,,,696971153.0,3.16287,460300000.0,
EGY,2024,1.01757,1120.22393,,,,887725667.0,3.8129,522300000.0,1300000.0
ERI,1996,,,,,3.99,,,,
ERI,1997,,,,,0.98,,,,
ERI,1998,,,,,10.34,,,2807.01754,398855.04349
ERI,1999,,,,,3.99,,,203086.98909,8761.20997
ERI,2000,,,,,4.58,,,281121.13402,94115.12027
ERI,2001,,,,,6.68,,,,
ERI,2002,,,,,11.83,,,,
ERI,2003,,,,,14.3,,,,
ERI,2004,,,,,11.69,,,,
ERI,2005,,,,,11.76,,,,
ERI,2006,,,,,20.62,,,,
ERI,2007,,,,,17.15,,,,
ERI,2008,,,,,9.5,,,,
ERI,2009,,,,,6.96,,,,
ERI,2010,,,,,10.47,,,,
ERI,2011,,,,,11.6,,,,
ERI,2012,,,,,4.25,,,,
ERI,2013,,,,,10.52,,,,
ERI,2014,,,,,7.65,,,,
ERI,2015,,,,,10.34,,,,
ERI,2016,,,,,8.86,,,,
ERI,2017,,,,,13.65,,,,
ERI,2018,,,,,21.47,,,,
ERI,2019,,,,,26.56,,,,
ERI,2020,,,,,37.68,,,,
ERI,2021,,,,,32.82,,,,
ERI,2022,,,,,34.32,,,,
ESP,1975,,,,,,,,167699487.68491,15730006.19807
ESP,1976,,,,,,,,159013888.75867,16382503.05087
ESP,1977,,,,,,,,129207940.24965,21247459.59633
ESP,1978,,,,,,,,134315808.66833,23502018.1258
ESP,1979,,,,,,,,198207388.82266,25424944.32029
ESP,1980,,,1876.0,9001.0,,,,169967223.18167,36187135.25713
ESP,1981,,,1718.0,8509.0,,,,135228573.82191,31495595.84324
ESP,1982,,,1646.0,8555.0,,,,149580577.35307,36293329.49421
ESP,1983,,,1498.0,8352.0,,,,164889183.19471,32290544.66916
ESP,1984,,,1784.0,8916.0,,,,184666817.1903,29962194.83461
ESP,1985,,,2149.0,9149.0,,,,229216223.48782,25898159.74099
ESP,1986,,,1649.0,8581.0,,,,306564953.10108,32219749.27708
ESP,1987,,,1720.0,2590.0,,,,379394143.27189,29217433.57887
ESP,1988,,,1816.0,2209.0,,,,647124946.48352,39515859.89487
ESP,1989,,,2087.0,2318.0,,,,702369537.33964,52435028.30241
ESP,1990,,,2218.0,1079.0,,,,1021669985.26452,90117193.01273
ESP,1991,,,2156.0,746.0,,,,1020687942.59005,84285827.83803
ESP,1992,,,2076.0,561.0,,,,1070002296.62247,101499241.98791
ESP,1993,,,2165.0,563.0,,,,982797210.56204,150374141.98918
ESP,1994,,,2136.0,537.0,,,,1061345631.82681,220171988.25632
ESP,1995,,,2047.0,553.0,,,,1266225753.15063,196073167.44502
ESP,1996,0.78795,1286.11531,2274.0,524.0,21122.2,,,1447370353.35882,214088034.02195
ESP,1997,0.77825,1336.11001,2237.0,496.0,22767.13,,,1643510670.85884,211801152.17643
ESP,1998,0.8487,1487.41148,2271.0,476.0,22924.81,,,1878319067.35468,241764812.37889
ESP,1999,0.83921,1512.15158,2439.0,506.0,23999.8,,,,
ESP,2000,0.88315,1874.09659,2710.0,484.0,25000.67,,,,
ESP,2001,0.88838,1947.04358,2528.0,467.0,26457.11,,,,
ESP,2002,0.95947,2014.3626,2763.0,371.0,28112.36,,,,
ESP,2003,1.0232,2195.10581,2813.0,367.0,29480.2,,,,
ESP,2004,1.04013,2356.18397,2871.0,313.0,32067.97,,,,
ESP,2005,1.09866,2516.19827,3040.0,313.0,36149.35,,,,
ESP,2006,1.17567,2613.24064,3111.0,316.0,39826.15,,,,
ESP,2007,1.23823,2720.22197,3267.0,265.0,42535.8,10520143620.0,5.61297,,
ESP,2008,1.32156,2850.35985,3632.0,252.0,44455.71,11253501247.0,5.58488,,
ESP,2009,1.35898,2876.51477,3596.0,207.0,47475.55,10376050434.0,6.47324,,
ESP,2010,1.35436,2879.99747,3566.0,213.0,49344.84,11505353187.0,6.5582,,
ESP,2011,1.32726,2775.30203,3430.0,196.0,52408.62,13556130443.0,6.58626,,
ESP,2012,1.29268,2693.39973,3266.0,209.0,54679.57,13769965368.0,7.25081,,
ESP,2013,1.26864,2623.64689,3026.0,218.0,54727.56,14480413179.0,6.97005,4514279640.20002,1173589612.92664
ESP,2014,1.23401,2614.44648,2953.0,225.0,56177.8,14666986404.0,6.91215,4474717117.51777,1436944061.33098
ESP,2015,1.21165,2622.53289,2799.0,221.0,55305.66,13111339617.0,6.88834,4520612370.80117,1613627620.21979
ESP,2016,1.1808,2712.74943,2745.0,177.0,55591.05,15601713039.0,7.80248,4987966184.83067,1919938921.59532
ESP,2017,1.20198,2847.3656,2167.0,176.0,55884.36,14946962289.0,6.99949,5065245408.9826,2373442084.84579
ESP,2018,1.23288,2984.29629,1525.0,149.0,57270.34,15484719194.0,6.76694,6644636046.14468,2527128831.19963
ESP,2019,1.24207,3048.15265,1288.0,159.0,60307.51,15037416553.0,6.8464,6838705334.55078,3418268057.98156
ESP,2020,1.39637,3051.64642,1431.0,124.0,65541.7,15726202393.0,7.76842,5122068572.40468,2949863120.82882
ESP,2021,1.39617,3229.64887,1308.0,126.0,70281.94,23457225215.0,9.3932,5917230505.772,3838738534.27129
ESP,2022,1.40684,3387.49657,,,67099.71,33298624237.0,12.58372,5829246356.39882,4517637598.83659
ESP,2023,1.49362,3653.80306,,,,25806027599.0,9.56254,6924826531.43746,4190234788.33288
ESP,2024,,,,,,23796613238.0,9.28448,7316923575.18051,4858876610.80456
EST,1994,,,16.0,452.0,,,,777511.61606,860853.29199
EST,1995,,,16.0,63.0,,,,1092875.39465,942781.90088
EST,1996,,,12.0,198.0,417.38,,,2909349.75012,1349056.72419
EST,1997,,,15.0,360.0,404.39,,,4559578.55235,967263.9723
EST,1998,0.56501,2102.37983,20.0,443.0,459.91,,,6954200.26062,1157940.36781
EST,1999,0.67708,2135.26422,13.0,604.0,484.81,,,5626623.12095,1735788.98873
EST,2000,0.6,1902.60055,13.0,791.0,464.97,,,7909800.99617,1557828.55621
EST,2001,0.69889,1924.96306,18.0,699.0,516.3,,,11232525.43899,2124895.16746
EST,2002,0.71182,2210.91668,19.0,700.0,509.77,,,14113255.15114,4915363.96122
EST,2003,0.76445,2193.7335,18.0,584.0,571.1,,,,
EST,2004,0.84566,2465.56876,27.0,97.0,636.57,,,,
EST,2005,0.91687,2451.18781,23.0,15.0,720.21,,,,
EST,2006,1.11259,2600.75424,36.0,9.0,901.46,,,,
EST,2007,1.05869,2747.58209,44.0,19.0,1079.02,838058280.0,12.12572,,
EST,2008,1.25182,2972.93057,62.0,10.0,1143.75,915174912.0,11.43801,49797157.79463,26859382.85099
EST,2009,1.39673,3229.67528,76.0,20.0,1166.8,615941848.0,11.38594,45861418.97409,24466201.9529
EST,2010,1.57892,3057.78287,84.0,13.0,1416.28,1253045395.0,15.73465,60041345.41126,20323470.15873
EST,2011,2.29632,3392.80584,62.0,15.0,1397.32,2547547680.0,22.22683,74447963.38339,22438019.75514
EST,2012,2.10485,3457.75569,20.0,5.0,1497.43,2356406386.0,20.56761,61274606.28722,19307726.99504
EST,2013,1.70141,3338.3961,25.0,17.0,1450.11,2546333378.0,20.67611,49014653.79147,10079195.93058
EST,2014,1.40794,3285.59355,44.0,6.0,1687.96,2709032485.0,23.65244,61551392.43539,12772797.44213
EST,2015,1.44125,3188.49188,30.0,6.0,1544.89,2053390810.0,22.71447,43591116.46303,11896638.93381
EST,2016,1.21835,3296.37262,29.0,1.0,1575.25,2107825808.0,21.90726,51669819.03151,11485129.1031
EST,2017,1.25152,3552.46537,37.0,4.0,1589.67,1846642347.0,17.96469,62014803.51674,20217819.2641
EST,2018,1.38298,3766.08146,24.0,6.0,1503.59,1911072435.0,18.20453,66881559.96175,16138594.75175
EST,2019,1.59093,3770.42028,31.0,1.0,1694.02,1737778171.0,16.96442,63213681.88317,19406590.92927
EST,2020,1.72614,3836.37969,21.0,2.0,1794.38,2169488523.0,20.62163,56938618.95889,20544520.43695
EST,2021,1.75152,4036.13127,25.0,1.0,1877.57,2681060611.0,20.63012,78586817.10029,369520182.33341
EST,2022,1.76094,4654.85436,,,1842.31,2331439433.0,18.01864,64962612.04836,79885126.93933
EST,2023,1.83878,4800.4412,,,,2085454295.0,16.58116,105132751.53756,133340216.3899
EST,2024,,,,,,2269700530.0,18.38298,113426125.6586,98450422.41099
ETH,1977,,,,,,,,96618.35753,
ETH,1996,,,3.0,,170.12,,,31518.39887,
ETH,1997,,,,,161.04,,,,
ETH,1998,,,,11.0,154.66,,,,
ETH,1999,,,,18.0,186.89,,,52683.80061,
ETH,2000,,,3.0,9.0,165.79,,,316615.00327,
ETH,2001,,,,15.0,171.82,,,101146.55826,
ETH,2002,,,1.0,12.0,201.74,,,396117.55843,
ETH,2003,,,3.0,6.0,209.63,,,88288.33945,
ETH,2004,,,1.0,3.0,212.46,,,450079.3329,3316.23488
ETH,2005,0.17917,20.82551,1.0,4.0,223.2,,,575608.04381,4609.56947
ETH,2006,,,5.0,5.0,277.91,,,844549.28127,14908.7128
ETH,2007,0.17089,19.72278,12.0,25.0,331.52,,,2070545.55546,83930.4812
ETH,2008,,,,,360.35,8353857.0,6.06888,1728785.56313,106466.97332
ETH,2009,,,,,408.2,6989321.0,5.4346,2826017.04737,2157698.20482
ETH,2010,0.24137,41.46809,,,445.78,9180690.0,4.90992,993167.19468,247765.41689
ETH,2011,,,4.0,34.0,492.24,5740332.0,2.24008,2983179.51374,4917.94659
ETH,2012,,,,14.0,650.03,8250875.0,3.45,2458491.29344,19389.04006
ETH,2013,0.60474,43.9301,1.0,24.0,771.42,5597838.0,1.85036,538887.95288,
ETH,2014,,,2.0,22.0,985.33,24230914.0,9.13096,2190854.73233,
ETH,2015,,,18.0,32.0,1014.8,15626489.0,6.19453,3838616.2451,23344.48387
ETH,2016,,,10.0,26.0,1168.41,10506299.0,6.8274,1115301.75198,8977.86887
ETH,2017,0.27437,89.03843,14.0,39.0,1630.8,7937400.0,5.83937,9802537.58939,139794.8955
ETH,2018,,,13.0,49.0,2100.47,9903649.0,13.64515,26729370.5673,7805175.49889
ETH,2019,,,,,2735.23,44073888.0,9.42339,3025656.1877,
ETH,2020,,,6.0,54.0,4141.92,43204864.0,13.10145,2325743.27665,10115.4849
ETH,2021,,,,,5716.0,24782074.0,8.54659,7417441.47558,42776.18727
ETH,2022,,,,,7155.92,9017811.0,3.21027,3241504.08668,344401.92923
ETH,2023,,,,,,9855262.0,3.75062,3367883.1896,368.99571
ETH,2024,,,,,,,,2617874.87876,1484.42822
FIN,1975,,,,,,,,49016903.239,4761095.82091
FIN,1976,,,,,,,,54085821.68061,6996697.94188
FIN,1977,,,,,,,,53530691.0235,2956114.08754
FIN,1978,,,,,,,,57600186.31169,2676225.39437
FIN,1979,,,,,,,,69019937.84777,3585794.11982
FIN,1980,,,1356.0,2734.0,,,,87959823.25084,3476102.48403
FIN,1981,,,1423.0,2809.0,,,,93673700.24452,6456538.24878
FIN,1982,,,1638.0,2907.0,,,,89499618.33373,4367760.06992
FIN,1983,,,1719.0,3178.0,,,,92217645.02579,7145152.93521
FIN,1984,,,1775.0,3408.0,,,,102223867.43157,5192160.24599
FIN,1985,,,1727.0,3472.0,,,,116074806.50994,6540407.04862
FIN,1986,,,1754.0,3627.0,,,,153010354.21986,9132753.25293
FIN,1987,,,1859.0,3941.0,,,,208153042.80673,27073847.34529
FIN,1988,,,1981.0,4084.0,,,,244563866.57276,39506967.02721
FIN,1989,,,1948.0,4417.0,,,,269655817.2104,45067697.2612
FIN,1990,,,2059.0,4410.0,,,,316693261.71213,50470757.87835
FIN,1991,,,2123.0,2671.0,,,,311622807.18639,54124115.30349
FIN,1992,,,2052.0,3953.0,,,,270647259.29955,62675143.46183
FIN,1993,,,2166.0,2052.0,,,,325487457.19304,89132136.43793
FIN,1994,,,2306.0,1842.0,,,,324558642.67252,75349812.19437
FIN,1995,,,2058.0,1733.0,,,,389212320.16141,58274058.92611
FIN,1996,2.45511,,2179.0,483.0,6576.37,,,465429923.84472,65948470.83847
FIN,1997,2.6226,,2355.0,250.0,6940.03,,,504312604.87224,93449667.32439
FIN,1998,2.78542,,2471.0,212.0,6928.39,,,411408467.6814,106247893.55839
FIN,1999,3.05687,,2511.0,343.0,6932.89,,,375327800.7326,648293473.99268
FIN,2000,3.24271,,2579.0,324.0,7504.8,,,565058183.77527,886365778.47101
FIN,2001,3.19405,,2390.0,270.0,7767.57,,,533700641.68561,583847010.70305
FIN,2002,3.25409,,2162.0,207.0,7849.93,,,605924790.11588,560922518.6624
FIN,2003,3.29898,,1972.0,215.0,8091.63,,,616276302.23909,501363528.22005
FIN,2004,3.30943,7855.56192,2011.0,209.0,8820.77,,,800565236.13095,839611133.01587
FIN,2005,3.32412,7558.69966,1830.0,229.0,9211.78,,,1122659918.4129,1205858637.75244
FIN,2006,3.33285,7689.18984,1816.0,202.0,9476.9,,,1302306291.32695,1075804129.48599
FIN,2007,3.33727,7390.55027,1804.0,211.0,9450.35,15796307016.0,21.76776,1441329702.60001,1287728502.37902
FIN,2008,3.53719,7712.31606,1799.0,147.0,9647.85,16911748578.0,21.48789,2253386654.98076,1489349689.87353
FIN,2009,3.73427,7669.28354,1806.0,127.0,10026.71,8741751895.0,18.01598,1477245035.76729,1734928257.78778
FIN,2010,3.70524,7740.92101,1731.0,102.0,10072.37,7052407551.0,13.14686,1508665557.86435,2318716972.87156
FIN,2011,3.62434,7441.97757,1650.0,124.0,10343.68,6421629231.0,11.07546,1576638925.29761,3238674269.52785
FIN,2012,3.4095,7492.46096,1698.0,129.0,10587.78,5472643075.0,10.47391,1774389256.05147,3326995162.51238
FIN,2013,3.28462,7222.80668,1596.0,141.0,10837.45,4695482191.0,9.02643,1917947813.86481,3533405014.68464
FIN,2014,3.16344,7022.1865,1419.0,126.0,11283.46,5102766370.0,10.05252,1178587921.97609,2622438709.32276
FIN,2015,2.88826,6855.97138,1289.0,127.0,11122.9,4250905950.0,10.18428,832316827.07551,2455297313.72211
FIN,2016,2.74716,6543.69993,1260.0,108.0,11298.48,3966871438.0,10.05283,876927845.02338,3030847431.06449
FIN,2017,2.74723,6731.45341,1390.0,139.0,10979.67,4405324838.0,9.65731,1022698642.46366,3072987936.20345
FIN,2018,2.77601,6872.68968,1387.0,100.0,11150.48,4515449913.0,9.01765,1066485644.78938,3456439587.82967
FIN,2019,2.81534,7245.85837,1321.0,75.0,11414.95,4563293049.0,9.2147,1000220940.55734,3612986914.01511
FIN,2020,2.93278,7548.32504,1588.0,97.0,11315.41,4419553378.0,9.9823,1209456424.27164,2980688861.63536
FIN,2021,3.01133,7870.42868,1557.0,105.0,11810.95,5489726511.0,10.29375,1110538038.09523,3422452668.32611
FIN,2022,2.982,8073.32591,,,12012.73,5314037683.0,9.62393,991057580.4789,3192665431.47998
FIN,2023,3.0938,8314.89822,,,,5292503329.0,9.71402,961386798.94524,3501697048.31198
FIN,2024,,,,,,4684273534.0,9.28523,1064580765.4762,4636134694.51667
FJI,1980,,,2.0,11.0,,,,,
FJI,1981,,,,14.0,,,,,
FJI,1985,,,,18.0,,,,,
FJI,1986,,,,17.0,,,,,
FJI,1996,,,,,17.36,,,,
FJI,1997,,,,,20.76,,,,
FJI,1998,,,,,22.28,,,,
FJI,1999,,,,,22.84,,,,
FJI,2000,,,,,27.07,,,717136.31507,2914105.88255
FJI,2001,,,,,39.6,,,481480.61821,1264910.9582
FJI,2002,,,,,37.81,,,1460300.32672,3905593.76641
FJI,2003,,,,,44.63,,,1002151.58946,1119308.92144
FJI,2004,,,,,61.34,,,751638.77781,115848.82351
FJI,2005,,,,,58.23,,,1182293.69542,
FJI,2006,,,,,85.96,,,981659.32728,235405.14314
FJI,2007,,,,,85.84,,,1626870.29154,62502.53282
FJI,2008,,,,,71.53,5281247.0,3.96933,2448440.7047,175272.51198
FJI,2009,,,,,64.74,5173537.0,5.07256,1344026.50444,735267.24791
FJI,2010,,,,,69.39,5193601.0,4.22523,886338.04693,529960.19544
FJI,2011,,,,,65.93,5389494.0,4.33538,2358318.62692,169838.76593
FJI,2012,,,,,64.66,2770711.0,2.3895,2569654.10468,55074.6015
FJI,2013,,,,,83.39,2718566.0,2.3779,2337084.68041,
FJI,2014,,,,,118.24,3433096.0,2.64858,3169561.27815,473007.19079
FJI,2015,,,,,101.27,2717010.0,2.40088,3916729.28013,429171.98803
FJI,2016,,,,,166.91,3397551.0,2.84203,5975266.75295,906978.50893
FJI,2017,,,,,140.07,4217989.0,3.53489,8092808.46307,871780.79616
FJI,2018,,,,,162.94,4667872.0,3.80322,6688794.48145,860879.35902
FJI,2019,,,,,160.31,6263592.0,5.67998,6344078.05048,786481.77825
FJI,2020,,,,,183.38,11123736.0,10.85087,6117035.76879,135473.6343
FJI,2021,,,,,206.51,1950223.0,1.90913,2276712.59196,47497.6647
FJI,2022,,,,,212.83,2268902.0,2.24125,2572793.6561,268199.48193
FJI,2023,,,,,,1594712.0,1.6468,851579.54998,487374.83753
FJI,2024,,,,,,2852557.0,2.99875,1661444.29061,174888.8727
FRA,1975,,,,,,,,515801619.69576,192154613.47843
FRA,1976,,,,,,,,583726698.81538,201071165.68141
FRA,1977,,,,,,,,546609901.16394,283850217.8907
FRA,1978,,,,,,,,680438885.27506,347416985.06691
FRA,1979,,,,,,,,806667403.52286,429876142.83644
FRA,1980,,,11000.0,16989.0,,,,1028041878.19101,495717088.75308
FRA,1981,,,10945.0,13723.0,,,,945696301.09218,495447294.31584
FRA,1982,,,10681.0,11561.0,,,,905672552.98664,374878716.63041
FRA,1983,,,11147.0,10029.0,,,,911767138.48144,587718469.24471
FRA,1984,,,11333.0,8867.0,,,,882858798.65515,424926838.8492
FRA,1985,,,12050.0,7543.0,,,,981903449.68417,522346082.11216
FRA,1986,,,12155.0,6369.0,,,,1234368095.24328,688839182.67179
FRA,1987,,,12695.0,5875.0,,,,1593555979.37602,897504217.17055
FRA,1988,,,12437.0,5194.0,,,,1720570808.17546,1081605899.5873
FRA,1989,,,12592.0,4986.0,,,,1416909594.09784,998191639.64278
FRA,1990,,,12378.0,4260.0,,,,1628676371.49047,1294662125.40325
FRA,1991,,,12597.0,3908.0,,,,1748149931.04275,1387605156.12996
FRA,1992,,,12539.0,3547.0,,,,2072778757.70372,1578753016.4096
FRA,1993,,,12638.0,3402.0,,,,1798053452.46227,1455899627.5684
FRA,1994,,,12519.0,3520.0,,,,1908824535.23077,1531063076.63284
FRA,1995,,,12419.0,3477.0,,,,2320297933.42986,1850021380.68063
FRA,1996,2.23224,2656.27136,12916.0,3484.0,46610.69,,,2652879847.92705,1884478266.1606
FRA,1997,2.15216,2646.3481,13252.0,3637.0,49416.52,,,2476558275.60864,2046422949.03265
FRA,1998,2.10343,2654.5869,13251.0,3544.0,49672.35,,,2717179166.91769,2337985042.3798
FRA,1999,2.1165,2723.93306,13592.0,3282.0,49210.64,,,4500823922.96102,3663643017.03772
FRA,2000,2.10066,2902.95091,13870.0,3483.0,50006.98,,,4416719402.194,3973973759.52019
FRA,2001,2.1494,2971.39049,13499.0,3605.0,50801.94,,,4095839453.42315,4741250358.65263
FRA,2002,2.18758,3100.95366,13519.0,3389.0,51494.97,,,4547619885.08004,5714305056.38435
FRA,2003,2.13086,3184.63585,13511.0,3339.0,53080.93,,,5154463498.89548,5865520891.77297
FRA,2004,2.10438,3320.66694,14230.0,3060.0,55363.06,,,5800016169.16711,7237765433.9763
FRA,2005,2.05599,3297.84746,14327.0,2948.0,59947.65,,,6182912478.86491,8315623611.71045
FRA,2006,2.05331,3405.181,14529.0,2720.0,62862.38,,,7028743114.64889,8459450015.32302
FRA,2007,2.02815,3563.56539,14722.0,2387.0,63765.35,85956078923.0,20.14283,7672468332.61224,13466689886.0113
FRA,2008,2.06363,3636.48425,14658.0,1761.0,66839.35,98888839634.0,21.4618,10435073227.356,15472604431.7447
FRA,2009,2.21273,3722.99987,14100.0,1593.0,68546.59,88002941740.0,24.12356,8387238481.478,12671414489.1486
FRA,2010,2.17771,3849.5934,14748.0,1832.0,68992.83,105353015788.0,26.32338,10014878125.61,13625132122.8949
FRA,2011,2.18761,3920.65709,14655.0,2099.0,70701.69,112010151896.0,25.11936,10545784932.354,15344865099.7734
FRA,2012,2.22761,4052.17043,14540.0,2092.0,72430.66,114180529053.0,26.69063,8754182545.12402,12742266510.8188
FRA,2013,2.23369,4133.56261,14690.0,2196.0,73455.58,118820854036.0,27.18172,11052411042.6942,13134300894.3505
FRA,2014,2.27173,4210.03605,14500.0,2033.0,73314.26,120716756777.0,27.47027,12764510966.7405,14503437421.3803
FRA,2015,2.22401,4310.70957,14306.0,1994.0,72732.87,109712844802.0,28.21169,15661389478.2319,15181310616.7789
FRA,2016,2.22468,4392.04699,14206.0,2012.0,71971.68,108836528649.0,27.93318,14758167584.4988,15480530599.8804
FRA,2017,2.20422,4546.76212,14415.0,1832.0,70699.91,108867689621.0,26.01802,15848918872.8028,16837462533.2913
FRA,2018,2.20407,4670.53241,14303.0,1919.0,69234.08,117655413928.0,25.93478,14350251457.7207,17738475410.10808
FRA,2019,2.19668,4773.97249,14103.0,1766.0,68294.1,120602174129.0,26.9266,13209896692.1345,15282290065.6897
FRA,2020,2.2742,4883.2219,12771.0,1542.0,67560.3,87513986459.0,21.19204,13250637941.9466,14152861690.7094
FRA,2021,2.21278,5058.05374,13386.0,1373.0,69471.16,97729573744.0,22.305,15699337707.4747,15981273721.3419
FRA,2022,2.21937,5181.84576,,,65888.42,106026835558.0,21.92646,15532114860.8753,15379131188.8812
FRA,2023,2.17832,5368.63555,,,,115256032667.0,22.38354,14883439671.656,17810442695.7357
FRA,2024,,,,,,116591262278.0,23.13711,15046961512.0854,18932060649.2842
FRO,1998,,,,,,,,2800000.0,10000.0
FRO,1999,,,,,,,,2870000.0,10000.0
FRO,2000,,,,,,,,2640000.0,10000.0
FRO,2001,,,,,,,,3090000.0,20000.0
FRO,2002,,,,,,,,2990000.0,10000.0
FRO,2003,0.85253,1824.74008,,,,,,3150000.0,20000.0
FRO,2004,,,,,,,,4244159.26517,20317.83737
FRO,2005,,,,,,,,3073552.78635,240460.50383
FRO,2006,,,,,,,,3695374.32173,343459.91821
FRO,2007,,,,,,135174.0,0.47934,8655537.6687,956121.7303
FRO,2008,,,,,,6442960.0,4.8046,9562965.15407,120436.29716
FRO,2009,,,,,,358803.0,0.63799,8969394.35725,1410482.67569
FRO,2010,,,,,,,,7676053.08073,1154871.95494
FRO,2011,,,,,,,,9076741.9243,1183181.37014
FSM,1996,,,,,2.08,,,,
FSM,1997,,,,,1.0,,,,
FSM,1998,,,,,5.27,,,,
FSM,1999,,,,,2.92,,,,
FSM,2000,,,,,4.29,,,,
FSM,2001,,,,,1.08,,,,
FSM,2002,,,,,0.0,,,,
FSM,2003,,,,,2.26,,,,
FSM,2004,,,,,2.4,,,,
FSM,2005,,,,,7.96,,,,
FSM,2006,,,,,2.0,,,,
FSM,2007,,,,,7.69,,,,
FSM,2008,,,,,4.31,,,,
FSM,2009,,,,,4.04,,,,
FSM,2010,,,,,14.38,,,,
FSM,2011,,,,,4.94,,,,
FSM,2012,,,,,4.63,,,,
FSM,2013,,,,,4.85,,,,
FSM,2014,,,,,3.33,,,,
FSM,2015,,,,,6.75,,,,
FSM,2016,,,,,3.81,,,,
FSM,2017,,,,,6.58,,,,
FSM,2018,,,,,4.37,,,,
FSM,2019,,,,,2.32,,,,
FSM,2020,,,,,7.57,,,,
FSM,2021,,,,,2.24,,,,
FSM,2022,,,,,3.39,,,,
GAB,1996,,,,,21.65,,,,
GAB,1997,,,,,29.5,,,,
GAB,1998,,,,,33.26,,,,
GAB,1999,,,,,36.5,,,,
GAB,2000,,,,,23.61,,,,
GAB,2001,,,,,28.73,,,,
GAB,2002,,,,,29.88,,,,
GAB,2003,,,,,26.9,,,,
GAB,2004,,,,,32.45,,,,
GAB,2005,,,,,48.89,,,,
GAB,2006,,,,,42.17,,,,
GAB,2007,0.41633,,,,33.15,,,,
GAB,2008,0.5109,,,,41.52,,,,
GAB,2009,0.57924,,,,50.45,,,,
GAB,2010,,,,,42.93,77925114.0,25.27543,,
GAB,2011,,,,,57.18,29617393.0,11.10942,,
GAB,2012,,,,,50.52,129190911.0,4.21781,,
GAB,2013,,,,,54.08,38531502.0,0.95961,,
GAB,2014,,,,,60.1,89390082.0,1.62733,,
GAB,2015,,,,,61.03,61949326.0,1.08109,,
GAB,2016,,,,,59.25,94533513.0,1.57642,,
GAB,2017,,,,,61.38,51877570.0,3.22782,,
GAB,2018,,,,,61.46,98516906.0,2.99536,,
GAB,2019,,,,,76.27,64376117.0,2.34639,,
GAB,2020,,,,,62.1,59109890.0,2.38973,,
GAB,2021,,,,,92.54,40017534.0,1.48333,,
GAB,2022,,,,,95.12,78992997.0,3.90758,,
GAB,2023,,,,,,40040970.0,1.77314,,
GBR,1970,,,,,,,,283199773.83666,340799727.83734
GBR,1971,,,,,,,,299450940.2543,357770469.6904
GBR,1972,,,,,,,,344806903.42003,414465553.24054
GBR,1973,,,,,,,,392037160.3731,494946588.14454
GBR,1974,,,,,,,,465540514.67523,573064835.81822
GBR,1975,,,,,,,,529813643.9578,609148287.08168
GBR,1976,,,,,,,,532968474.50243,695748713.69134
GBR,1977,,,,,,,,573322721.2142,738818054.01079
GBR,1978,,,,,,,,698415871.67083,883117477.76434
GBR,1979,,,,,,,,753020243.44097,991008503.45008
GBR,1980,,,19612.0,22000.0,,,,924694770.43065,1135126607.25481
GBR,1981,,,20808.0,18406.0,,,,900259104.15098,1161183254.00913
GBR,1982,,,20530.0,16563.0,,,,810989857.85741,995518507.89001
GBR,1983,,,19893.0,14798.0,,,,827232728.5055,1062266136.91014
GBR,1984,,,19093.0,13735.0,,,,903266514.75458,1047765275.4511
GBR,1985,,,19672.0,12293.0,,,,807266041.75293,1161836266.86706
GBR,1986,,,20040.0,11063.0,,,,1035088153.34853,1239093432.06294
GBR,1987,,,19945.0,10419.0,,,,1938146288.73615,2018056605.26522
GBR,1988,,,20536.0,9935.0,,,,2331718494.71769,2411849758.96279
GBR,1989,,,19732.0,9637.0,,,,2600777859.11888,2603690902.7371
GBR,1990,,,19310.0,8928.0,,,,3574748479.59435,3055033020.48712
GBR,1991,,,19230.0,8357.0,,,,3370457080.53712,3339481527.94764
GBR,1992,,,18848.0,7839.0,,,,3577319474.46994,4190099802.86731
GBR,1993,,,18727.0,7922.0,,,,3603459888.28495,4355381732.61051
GBR,1994,,,18384.0,8081.0,,,,4472337548.4904,5319050532.29922
GBR,1995,,,18630.0,8891.0,,,,5198358488.48012,6080093956.74603
GBR,1996,1.5754,2485.75438,18184.0,9821.0,72332.42,,,6320330299.39601,6655053056.30066
GBR,1997,1.53729,2495.08042,17938.0,10171.0,74151.07,,,6137005611.39948,6790442218.39123
GBR,1998,1.54777,2694.02542,19530.0,10083.0,74207.66,,,6652282989.14554,7070738733.6479
GBR,1999,1.62268,2853.23907,21333.0,10399.0,73334.16,,,8117269662.33762,7589001877.52524
GBR,2000,1.60963,2893.37563,22050.0,10697.0,77969.06,,,7146305012.42676,8019859944.94437
GBR,2001,1.59544,3078.40932,21423.0,10658.0,74398.12,,,7108090967.09914,8056714695.60611
GBR,2002,1.61383,3335.62719,20624.0,10907.0,75375.88,,,8196038753.88457,6835470709.89071
GBR,2003,1.58131,3631.25708,20426.0,11198.0,77151.46,,,8795920886.36454,8553161084.15348
GBR,2004,1.53089,3818.23524,19178.0,10776.0,80815.73,,,9694193857.76761,10845659098.1557
GBR,2005,1.55004,4117.74512,17833.0,10155.0,86341.25,,,10542450532.1804,15902875422.9279
GBR,2006,1.57625,4176.43751,17484.0,8261.0,89912.02,,,10709354955.4322,16346290551.7696
GBR,2007,1.6183,4122.71329,17375.0,7624.0,92537.3,68910890387.0,20.88082,9195760810.16899,18448142321.5871
GBR,2008,1.60901,4077.28663,16523.0,6856.0,92751.47,67549496672.99999,20.61679,11460112996.2673,17441720025.3964
GBR,2009,1.66991,4113.41572,15985.0,6480.0,95006.68,48685088911.0,20.46853,10473073185.8167,18027179234.96149
GBR,2010,1.63887,4089.20558,15490.0,6439.0,95150.46,66763505658.0,23.30366,10848526786.918,17989652061.3854
GBR,2011,1.64681,3973.02377,15343.0,6916.0,96414.12,75837991775.0,23.30572,12192632708.9886,18554025262.1749
GBR,2012,1.57587,4017.98198,15370.0,7865.0,98685.19,73189556183.0,23.4602,10578261556.8883,16425117493.984
GBR,2013,1.62096,4171.80763,14972.0,7966.0,99858.85,74738907476.0,23.58764,9637667044.69177,16799931970.1053
GBR,2014,2.26488,4280.79983,15196.0,7844.0,99810.65,76056349521.0,22.20448,11675783432.4863,19803865187.8908
GBR,2015,2.27566,4389.5625,14867.0,7934.0,101175.14,74614813819.0,22.33359,12272044034.1487,20758451364.9129
GBR,2016,2.32051,4434.65942,13876.0,8183.0,101572.0,73847891849.0,23.55911,11373848882.3094,18692989325.1196
GBR,2017,2.32602,4472.69458,13301.0,8771.0,102026.8,73731450536.0,22.61946,12319573286.3936,22094297816.4282
GBR,2018,2.70889,,12865.0,8076.0,102782.03,75625933738.0,22.33311,14657516755.98515,23975067686.08155
GBR,2019,2.6707,,12061.0,7189.0,103937.96,76930491386.0,23.0942,16384029186.4497,24953266593.092
GBR,2020,2.93993,,11990.0,8659.0,104648.2,58169579347.0,23.00736,15560214566.1949,23063144521.695
GBR,2021,2.89968,,11592.0,7263.0,109939.22,66732692546.0,23.86541,22371742388.74649,25972610513.6281
GBR,2022,2.75224,,,,105583.93,74407155054.0,27.15977,23300992972.013,28824590660.7822
GBR,2023,2.67614,,,,,82372118999.0,28.89171,25686305069.0948,31711726882.4012
GBR,2024,,,,,,84767727807.0,29.23326,26871081417.53469,49884921203.703
GEO,1992,,,365.0,210.0,,,,,
GEO,1993,,,502.0,178.0,,,,,
GEO,1994,,,386.0,159.0,,,,,
GEO,1995,,,287.0,420.0,,,,,
GEO,1996,0.33088,,288.0,173.0,216.91,,,,
GEO,1997,0.3424,,263.0,205.0,258.71,,,,
GEO,1998,0.35384,,277.0,229.0,243.6,,,,
GEO,1999,0.28769,,265.0,190.0,247.35,,,,
GEO,2000,0.2153,,232.0,186.0,262.72,,,7144248.79,3358785.7
GEO,2001,0.23848,,254.0,221.0,231.08,,,6753653.31,3944509.86
GEO,2002,0.18574,,194.0,204.0,258.71,,,10685440.0,5510000.0
GEO,2003,0.2176,,195.0,171.0,252.78,,,10601494.04,6288505.0
GEO,2004,0.2442,,249.0,208.0,314.64,,,5671521.36,7724886.7
GEO,2005,0.17658,,225.0,250.0,423.6,,,5320755.08,9294601.03
GEO,2006,,,236.0,299.0,441.69,,,5023551.11,12931970.91
GEO,2007,,,248.0,316.0,357.88,,,4871460.38,10630297.59
GEO,2008,,,222.0,241.0,409.08,,,8403513.81,6197426.51
GEO,2009,,,256.0,218.0,440.68,14814975.0,4.12019,8559176.97,7464329.01
GEO,2010,,,183.0,179.0,344.56,12436532.0,2.03327,7404609.48,4726381.09
GEO,2011,,,138.0,260.0,479.16,12154187.0,1.50733,7956804.44,4558175.12
GEO,2012,,,139.0,233.0,452.71,20048799.0,2.49354,7590401.93,3468465.09
GEO,2013,0.0771,599.63656,114.0,219.0,470.11,21318338.0,2.5384,13438271.71,3342545.4
GEO,2014,0.16991,1126.78154,110.0,187.0,460.12,26436679.0,3.07727,19348328.75,1682200.68
GEO,2015,0.29397,1359.02229,99.0,172.0,490.4,34242243.0,5.7891,6985876.37,566769.6
GEO,2016,0.28025,1383.73676,96.0,178.0,592.01,16319719.0,3.44853,19491612.75,795201.33
GEO,2017,0.26645,1381.93128,75.0,157.0,542.95,21231758.0,2.96686,24691784.03,332992.75
GEO,2018,0.27573,1544.7177,103.0,157.0,548.01,23144128.0,2.88677,27053208.22,270121.8
GEO,2019,0.28197,1788.43187,85.0,112.0,621.16,15548971.0,2.07684,40652755.9,927933.83
GEO,2020,0.29765,1799.17121,81.0,134.0,619.47,13231875.0,2.12529,54890643.85,994714.92
GEO,2021,0.24875,1702.96062,90.0,164.0,657.35,16787165.0,1.60289,61629499.6,6134814.73
GEO,2022,0.2347,1808.99963,,,598.53,37872247.0,2.9492,82044767.3,7366648.06
GEO,2023,0.25084,1768.16486,,,,19250589.0,2.29304,106288726.35,15913808.94
GEO,2024,0.26435,1895.99928,,,,38187367.0,3.78382,131879044.04,27356365.04
GHA,1979,,,,,,,,2836392.0,
GHA,1980,,,,17.0,,,,3500000.0,
GHA,1981,,,,19.0,,,,3700000.0,
GHA,1982,,,,18.0,,,,3500000.0,
GHA,1983,,,,14.0,,,,300000.0,
GHA,1984,,,,,,,,100000.0,
GHA,1985,,,,,,,,200000.0,
GHA,1986,,,,15.0,,,,100000.0,
GHA,1987,,,,16.0,,,,100000.0,
GHA,1988,,,,,,,,100000.0,
GHA,1989,,,,12.0,,,,200000.0,
GHA,1990,,,,20.0,,,,200000.0,
GHA,1991,,,,12.0,,,,500000.0,
GHA,1992,,,,11.0,,,,900000.0,
GHA,1993,,,,,,,,900000.0,
GHA,1994,,,,39.0,,,,700000.0,
GHA,1996,,,,,124.99,,,,
GHA,1997,,,,,135.69,,,,
GHA,1998,,,,,130.02,,,,
GHA,1999,,,,,129.11,,,,
GHA,2000,,,,,139.15,,,,
GHA,2001,,,,,117.26,,,,
GHA,2002,,,,,148.88,,,,
GHA,2003,,,,,149.24,,,,
GHA,2004,,,,,173.48,,,,
GHA,2005,,,,,189.04,,,,
GHA,2006,,,,,188.01,,,,
GHA,2007,0.23157,16.80827,,,234.56,,,,
GHA,2008,,,,,254.85,,,,
GHA,2009,,,,,307.36,,,,
GHA,2010,0.37655,37.36945,,,355.3,9152124.0,2.40121,,
GHA,2011,,,,,409.64,23837344.0,1.70616,,
GHA,2012,,,,,514.3,74464827.0,7.59367,,
GHA,2013,,,,,580.35,62205333.0,5.10093,,
GHA,2014,,,,,623.17,96040603.0,6.74454,,
GHA,2015,,87.47972,,,786.31,89431412.0,7.58598,,
GHA,2016,,,14.0,17.0,1008.0,21058841.0,2.29814,,
GHA,2017,,,15.0,11.0,1116.58,41175497.0,4.42717,,
GHA,2018,,,13.0,39.0,1363.5,50025593.0,8.30535,44881239.67822,95841909.32044
GHA,2019,,,,,1656.45,9976531.0,1.14325,189994769.05632,74737849.61993
GHA,2020,,,12.0,8.0,2076.52,,,156694904.52492,46229218.56684
GHA,2021,,,,,2559.56,8559644.0,0.72608,237098204.23528,11043066.67663
GHA,2022,,,,,3075.26,20927708.0,1.95741,249876004.09555,21613385.0626
GHA,2023,,,,,,20813123.0,2.11004,265267332.9687,20014083.16626
GHA,2024,,,,,,,,689074896.26272,37760877.30935
GIN,1996,,,,,8.02,,,,
GIN,1997,,,,,4.23,,,,
GIN,1998,,,,,5.14,,,10000.0,
GIN,1999,,,,,3.85,,,149600.0,
GIN,2000,,,,,3.11,,,,
GIN,2001,,,,,14.28,,,1026510.0,4390.0
GIN,2002,,,,,10.4,,,760000.0,30000.0
GIN,2003,,,,,5.66,,,873050.0,308640.0
GIN,2004,,,,,10.91,,,210000.0,
GIN,2005,,,,,6.9,,,870000.0,270000.0
GIN,2006,,,,,16.78,,,210000.0,
GIN,2007,,,,,14.11,,,30000.0,60000.0
GIN,2008,,,,,12.04,,,420000.0,100000.0
GIN,2009,,,,,11.83,,,180000.0,
GIN,2010,,,,,11.55,,,1200000.0,
GIN,2011,,,,,10.5,,,770000.0,
GIN,2012,,,,,11.65,,,620000.0,
GIN,2013,,,,,10.51,989751.0,2.49689,,-1450000.0
GIN,2014,,,,,20.42,3601290.0,5.08202,,
GIN,2015,,,,,27.61,2455734.0,0.9596,,
GIN,2016,,,,,38.66,799556.0,0.89997,,
GIN,2017,,,,,36.5,,,,
GIN,2018,,,,,27.85,,,,
GIN,2019,,,,,34.43,,,,
GIN,2020,,,,,40.58,,,,
GIN,2021,,,,,48.47,,,,
GIN,2022,,,,,47.18,,,,
GMB,1996,,,,,37.61,,,,
GMB,1997,,,,,32.73,,,,
GMB,1998,,,,,33.33,,,,
GMB,1999,,,,,34.27,,,,
GMB,2000,,,,,27.9,,,,
GMB,2001,,,,,35.31,,,,
GMB,2002,,,,,25.78,,,,
GMB,2003,,,,,31.85,,,,
GMB,2004,,,,,36.92,,,,
GMB,2005,,,,,37.35,,,,
GMB,2006,,,,,44.0,,,,
GMB,2007,,,,,36.46,,,,
GMB,2008,0.01261,86.52267,,,43.22,,,,
GMB,2009,0.01086,97.05758,,,38.47,,,,
GMB,2010,,,,,45.39,,,,
GMB,2011,0.0848,29.97933,,,33.81,22564.0,4.04359,,
GMB,2012,,,,,37.11,12713.0,0.17501,,
GMB,2013,,,,,45.65,24497.0,3.42115,,
GMB,2014,,,,,46.24,0.0,0.0,,
GMB,2015,,,,2.0,41.96,738.0,1.06494,,
GMB,2016,,,,2.0,52.33,0.0,0.0,,
GMB,2017,,,,4.0,46.96,2090.0,0.36038,,
GMB,2018,0.06933,50.8608,,,35.71,6065.0,1.74153,,
GMB,2019,,,,16.0,51.16,402.0,0.04095,,
GMB,2020,,,,66.0,60.99,1274.0,0.8867,,
GMB,2021,,,,91.0,80.5,20.0,0.00074,,
GMB,2022,,,,,78.46,24121.0,3.21249,,
GMB,2023,,,,,,14930.0,2.34231,,
GMB,2024,,,,,,7739.0,3.34758,,
GNB,1996,,,,,2.29,,,,
GNB,1997,,,,,4.42,,,,
GNB,1998,,,,,2.4,,,,
GNB,1999,,,,,7.48,,,,
GNB,2000,,,,,1.48,,,,
GNB,2001,,,,,2.23,,,,
GNB,2002,,,,,5.09,,,67432.99206,
GNB,2003,,,,,8.01,,,,
GNB,2004,,,,,10.64,,,3785.83666,
GNB,2005,,,,,9.39,,,,
GNB,2006,,,,,6.74,,,,
GNB,2007,,,,,12.14,,,,
GNB,2008,,,,,6.29,,,,
GNB,2009,,,,,8.29,,,,
GNB,2010,,,,,5.8,,,,
GNB,2011,,,,,10.38,,,,
GNB,2012,,,,,12.8,,,,
GNB,2013,,,,,12.09,,,,
GNB,2014,,,,,17.74,,,,
GNB,2015,,,,,9.68,18.0,5.80645,2367.06597,
GNB,2016,,,,,11.07,,,,133225.19732
GNB,2017,,,,,16.62,,,,
GNB,2018,,,,,15.58,,,,
GNB,2019,,,,,14.05,,,,
GNB,2020,,,,,16.91,,,,198580.22798
GNB,2021,,,,,14.11,,,,
GNB,2022,,,,,14.77,,,,
GNQ,1996,,,,,0.83,,,,
GNQ,1997,,,,,1.27,,,,
GNQ,1998,,,,,0.0,,,,
GNQ,1999,,,,,2.19,,,,
GNQ,2000,,,,,0.0,,,,
GNQ,2001,,,,,1.67,,,,
GNQ,2002,,,,,0.46,,,,
GNQ,2003,,,,,0.82,,,,
GNQ,2004,,,,,4.1,,,,
GNQ,2005,,,,,0.74,,,,
GNQ,2006,,,,,3.22,,,,
GNQ,2007,,,,,3.23,,,,
GNQ,2008,,,,,1.23,,,,
GNQ,2009,,,,,1.97,,,,
GNQ,2010,,,,,2.86,,,,
GNQ,2011,,,,,1.71,,,,
GNQ,2012,,,,,2.32,,,,
GNQ,2013,,,,,2.14,,,,
GNQ,2014,,,,,2.36,,,,
GNQ,2015,,,,,4.05,,,,
GNQ,2016,,,,,4.85,,,,
GNQ,2017,,,,,2.96,,,,
GNQ,2018,,,,,2.6,,,,
GNQ,2019,,,,,4.07,,,,
GNQ,2020,,,,,1.7,,,,
GNQ,2021,,,,,4.42,,,,
GNQ,2022,,,,,2.99,,,,
GRC,1976,,,,,,,,14000000.0,
GRC,1977,,,,,,,,14000000.0,
GRC,1978,,,,,,,,16000000.0,
GRC,1979,,,,,,,,18000000.0,
GRC,1980,,,1265.0,1570.0,,,,20000000.0,
GRC,1981,,,1221.0,1843.0,,,,19000000.0,
GRC,1982,,,1264.0,1911.0,,,,12000000.0,
GRC,1983,,,1191.0,1936.0,,,,14000000.0,
GRC,1984,,,1277.0,2142.0,,,,13000000.0,
GRC,1985,,,1121.0,2035.0,,,,8000000.0,
GRC,1986,,,1249.0,1714.0,,,,10000000.0,
GRC,1987,,,1539.0,586.0,,,,12000000.0,
GRC,1988,,,205.0,457.0,,,,13000000.0,
GRC,1989,,,216.0,454.0,,,,15000000.0,
GRC,1990,,,241.0,466.0,,,,15000000.0,
GRC,1991,,,188.0,192.0,,,,13000000.0,
GRC,1992,,,222.0,211.0,,,,19000000.0,
GRC,1993,,,221.0,171.0,,,,27000000.0,
GRC,1994,,,267.0,139.0,,,,46000000.0,
GRC,1995,,,266.0,46.0,,,,58000000.0,
GRC,1996,,,267.0,37.0,4063.96,,,57000000.0,
GRC,1997,0.44268,1034.83571,293.0,57.0,4411.82,,,58000000.0,
GRC,1998,,,276.0,34.0,4572.31,,,,
GRC,1999,0.59085,1378.09346,290.0,33.0,4573.08,,,205078705.12992,12898837.16506
GRC,2000,,,306.0,34.0,5285.59,,,202864432.72221,5399433.95221
GRC,2001,0.57753,1329.34234,385.0,49.0,5720.28,,,225068410.4631,14004723.55365
GRC,2002,,,376.0,36.0,6408.11,,,287639249.74921,12604740.52512
GRC,2003,0.56163,1433.39172,393.0,27.0,6768.16,,,334838119.95499,18379727.11095
GRC,2004,0.54073,,379.0,28.0,7935.37,,,466062588.72096,31823429.76172
GRC,2005,0.59224,1787.19397,462.0,20.0,9227.1,,,441508052.72754,60220041.07776
GRC,2006,0.57051,1809.7524,532.0,30.0,10644.78,,,406104697.16373,66698116.08961
GRC,2007,0.58513,1904.75068,575.0,20.0,11128.2,1121470129.0,9.11447,600153525.97049,52293992.17594
GRC,2008,0.67086,,628.0,30.0,11787.68,1561744986.0,10.85067,713441167.63438,43866779.27991
GRC,2009,0.63414,,698.0,22.0,12048.84,1363815916.0,12.22718,654722897.27105,47980894.67034
GRC,2010,0.60491,,728.0,16.0,11935.23,1293893167.0,11.59566,626946377.35965,68694446.77079
GRC,2011,0.6837,2217.3345,722.0,19.0,11931.57,1402486556.0,11.25059,556622104.34375,69091286.65323
GRC,2012,0.71953,2236.28739,628.0,28.0,11842.68,1138029201.0,10.14359,370769831.00855,82105489.07982
GRC,2013,0.82288,2655.47213,698.0,19.0,11775.12,951302817.0,8.47893,322528943.67767,55007473.9062
GRC,2014,0.84553,2733.92303,651.0,19.0,11537.0,1338279317.0,11.50603,446148076.86308,107893971.52628
GRC,2015,0.9716,3196.52298,550.0,23.0,11331.18,1330159357.0,12.92183,290739287.51502,54111479.93306
GRC,2016,1.00556,2726.60076,606.0,40.0,11175.8,1416985518.0,13.72701,246662484.02693,77870831.57266
GRC,2017,1.1492,3250.61522,498.0,91.0,11146.65,1384671573.0,12.11489,347582001.46338,75578578.63278
GRC,2018,1.2066,3416.08087,430.0,149.0,11287.46,1755535165.0,12.95519,382963979.59026,95818326.15077
GRC,2019,1.26236,3644.60084,356.0,238.0,11908.61,1779259833.0,12.52226,321456877.0824,75905558.75475
GRC,2020,1.48872,4008.18457,400.0,363.0,12756.02,2006739599.0,13.25187,320133707.81508,58531027.32408
GRC,2021,1.43353,4244.36826,394.0,532.0,14749.19,2250610346.0,12.28487,351027036.97976,63730367.50824
GRC,2022,1.47714,4926.78077,,,15105.34,2860598783.0,14.47087,279990877.89059,87274704.68777
GRC,2023,1.4943,5283.3671,,,,3023255566.0,15.15153,371119955.42366,49540823.10093
GRC,2024,,,,,,2973518417.0,15.01149,427887418.80431,48629310.94274
GRD,1980,,,,2.0,,,,,
GRD,1986,,,,,,,,296296.2963,
GRD,1987,,,,,,,,314814.81481,
GRD,1988,,,,,,,,333333.33333,
GRD,1989,,,,,,,,370370.37037,
GRD,1990,,,,,,,,370370.37037,
GRD,1991,,,,,,,,370370.37037,
GRD,1992,,,,,,,,440740.74074,
GRD,1993,,,,,,,,348148.14815,
GRD,1994,,,,,,,,266666.66667,
GRD,1995,,,,,,,,225925.92593,
GRD,1996,,,,,2.19,,,507407.40741,
GRD,1997,,,,,1.8,,,514814.81481,
GRD,1998,,,,,1.75,,,603703.7037,
GRD,1999,,,,,1.2,,,611111.11111,
GRD,2000,,,,,1.04,,,607407.40741,
GRD,2001,,,,,2.79,,,674074.07407,
GRD,2002,,,,,1.92,,,444444.44444,
GRD,2003,,,,,5.4,,,570370.37037,
GRD,2004,,,,,4.18,,,788888.88889,
GRD,2005,,,,,4.69,,,885203.7037,
GRD,2006,,,,,12.48,,,2366511.11111,64714.81481
GRD,2007,,,,,21.24,,,2533894.07407,64714.81481
GRD,2008,,,,,23.41,,,3024590.74074,65040.74074
GRD,2009,,,,,17.53,,,3492194.81481,68148.51852
GRD,2010,,,,,17.49,78111.0,2.027,5502012.22222,67444.07407
GRD,2011,,,,,23.02,70689.0,1.85149,5615735.92593,70484.44444
GRD,2012,,,,26.0,29.85,195833.0,3.29059,6213040.37037,70387.40741
GRD,2013,,,,33.0,34.5,195026.0,2.77591,6168817.03704,66010.0
GRD,2014,,,,17.0,55.26,1221586.0,15.65073,8207337.13111,14156.66667
GRD,2015,,,,9.0,33.62,355897.0,5.97496,9366087.70148,14156.66667
GRD,2016,,,,17.0,36.97,2988674.0,32.21837,9945231.1093,8050.07407
GRD,2017,,,,,56.14,331598.0,7.16503,8783540.50741,47790.37037
GRD,2018,,,,,46.65,1278881.0,12.72364,12214406.07037,9121.34815
GRD,2019,,,,,58.19,796930.0,11.44444,13662922.22222,12424.07407
GRD,2020,,,,16.0,57.66,112035.0,2.97591,11289640.37037,12424.07407
GRD,2021,,,,16.0,61.74,90309.0,1.24146,11401892.96296,12424.07407
GRD,2022,,,,,52.76,110475.0,2.17719,11564921.48148,15118.88889
GRD,2023,,,,,,420417.0,3.00776,11840272.59259,42553.33333
GRD,2024,,,,,,656058.0,6.44344,11992180.37037,43102.22222
GRL,1996,,,,,5.27,,,,
GRL,1997,,,,,7.88,,,,
GRL,1998,,,,,9.75,,,,
GRL,1999,,,,,4.68,,,,
GRL,2000,,,,,11.91,,,,
GRL,2001,0.52741,536.23111,,,9.11,,,,
GRL,2002,0.55628,539.79435,,,11.86,,,,
GRL,2003,0.50804,647.48328,,,11.81,,,,
GRL,2004,0.64608,701.94574,,,28.53,,,,
GRL,2005,,,,,15.56,,,,
GRL,2006,,,,,14.22,,,,
GRL,2007,,,,,15.91,1700118.0,14.10481,,
GRL,2008,,,,,15.94,486704.0,4.27239,,
GRL,2009,,,,,11.79,300791.0,1.63643,,
GRL,2010,,,,,21.35,13306187.0,47.27188,,
GRL,2011,,,,,17.55,1773158.0,8.70904,,
GRL,2012,,,,,25.44,3325948.0,47.28587,,
GRL,2013,,,,,31.57,919559.0,1.46112,,
GRL,2014,,,,,23.84,257025.0,1.04266,,
GRL,2015,,,,,29.22,12776481.0,78.47653,,
GRL,2016,,,,,23.8,2115984.0,4.80663,,
GRL,2017,,,,,25.88,1743349.0,4.33719,,
GRL,2018,,,,,31.51,487974.0,1.70925,,
GRL,2019,,,,,28.41,,,,
GRL,2020,,,,,29.34,,,,
GRL,2021,,,,,35.19,,,,
GRL,2022,,,,,30.55,,,,
GTM,1977,,,,,,,,1200000.0,500000.0
GTM,1978,,,,,,,,300000.0,200000.0
GTM,1979,,,,,,,,600000.0,500000.0
GTM,1980,,,,,,,,1300000.0,400000.0
GTM,1981,,,,,,,,600000.0,300000.0
GTM,1982,,,17.0,168.0,,,,400000.0,100000.0
GTM,1983,,,,,,,,300000.0,100000.0
GTM,1984,,,,115.0,,,,200000.0,
GTM,1985,,,72.0,92.0,,,,,
GTM,1986,,,25.0,106.0,,,,100000.0,400000.0
GTM,1987,,,8.0,76.0,,,,,
GTM,1988,,,16.0,82.0,,,,,
GTM,1989,,,5.0,75.0,,,,,
GTM,1990,,,27.0,97.0,,,,,
GTM,1991,,,31.0,104.0,,,,100000.0,1600000.0
GTM,1992,,,27.0,79.0,,,,,
GTM,1993,,,40.0,94.0,,,,,
GTM,1994,,,21.0,99.0,,,,,
GTM,1995,,,32.0,77.0,,,,,
GTM,1996,,,22.0,142.0,42.21,,,,
GTM,1997,,,36.0,175.0,30.84,,,,
GTM,1998,,,26.0,218.0,29.89,,,,
GTM,1999,,,28.0,267.0,29.73,,,,
GTM,2000,,,54.0,250.0,24.13,,,,
GTM,2001,,,30.0,285.0,23.84,,,,
GTM,2002,,,8.0,293.0,23.92,,,,
GTM,2003,,,6.0,296.0,26.71,,,,
GTM,2004,,,9.0,266.0,28.55,,,39900000.0,2200000.0
GTM,2005,0.03556,29.96244,17.0,388.0,46.75,,,49400000.0,4500000.0
GTM,2006,0.0501,24.57335,28.0,500.0,36.47,,,60200000.0,7900000.0
GTM,2007,0.06782,34.56902,9.0,99.0,32.06,125891929.0,3.67626,72100000.0,10800000.0
GTM,2008,0.0629,39.14498,5.0,306.0,36.23,157358135.0,4.3344,71710050.0,11920490.0
GTM,2009,0.0562,39.35924,7.0,322.0,55.78,149657665.0,4.81668,85633650.0,11760150.0
GTM,2010,0.04421,25.28604,7.0,374.0,52.0,228548345.0,6.33676,88639330.0,12735430.0
GTM,2011,0.04894,25.2655,4.0,327.0,44.39,198225103.0,4.97164,89808790.0,10874530.0
GTM,2012,0.04543,27.51046,7.0,337.0,67.55,208074794.0,5.0704,93742530.0,12054730.0
GTM,2013,0.03916,17.78271,4.0,319.0,72.98,213666508.0,5.14501,104190630.0,15423050.0
GTM,2014,0.02949,20.79155,10.0,288.0,63.06,229707719.0,5.38681,134841560.0,15215600.0
GTM,2015,0.03064,22.74408,7.0,341.0,85.69,249132210.0,5.47616,153058570.0,16477460.0
GTM,2016,0.02311,22.71149,3.0,266.0,91.55,259701215.0,5.81592,170383790.0,14069750.0
GTM,2017,0.02955,14.49246,3.0,275.0,105.53,246967065.0,5.34358,194885240.0,15596720.0
GTM,2018,0.02938,13.28356,6.0,228.0,106.75,255865387.0,5.31041,209674630.0,16198890.0
GTM,2019,0.02642,14.95967,7.0,231.0,95.12,241814990.0,4.91935,241960110.0,16437990.0
GTM,2020,0.04887,17.2968,7.0,205.0,123.82,300037283.0,6.05086,259562200.0,15852370.0
GTM,2021,0.05835,14.52588,9.0,249.0,124.03,332469285.0,5.16708,315762140.0,16768610.0
GTM,2022,0.00549,4.40398,,,121.38,369983861.0,4.97162,406731240.0,17271210.0
GTM,2023,0.00609,1.44569,,,,376979755.0,5.77662,492204640.0,17688180.0
GTM,2024,,,,,,365552337.0,5.39604,539074260.0,18212050.0
GUM,2003,0.2657,276.47221,,,,,,,
GUM,2004,0.25518,305.79544,,,,,,,
GUM,2005,0.2561,292.48496,,,,,,,
GUY,1983,,,1.0,12.0,,,,,
GUY,1984,,,,5.0,,,,,
GUY,1985,,,1.0,16.0,,,,,
GUY,1986,,,9.0,8.0,,,,,
GUY,1987,,,,3.0,,,,,
GUY,1990,,,,6.0,,,,,
GUY,1996,,,,,3.95,,,10000000.0,14000000.0
GUY,1997,,,,,11.68,,,1200000.0,17000000.0
GUY,1998,,,,,5.18,,,12300000.0,17000000.0
GUY,1999,,,,,8.78,,,13600000.0,16200000.0
GUY,2000,,,,,10.27,,,10800000.0,14800000.0
GUY,2001,,,,,8.31,,,5400000.0,23100000.0
GUY,2002,,,,,7.86,,,21600000.0,34400000.0
GUY,2003,,,,,7.29,,,17600000.0,32100000.0
GUY,2004,,,,,11.3,,,18522000.0,33737000.0
GUY,2005,,,,,20.19,,,19448000.0,35423000.0
GUY,2006,,,,,9.64,,,20421000.0,37194000.0
GUY,2007,,,,,12.11,411706.0,0.34343,21442000.0,40542000.0
GUY,2008,,,,,10.07,70848.0,0.11098,22513606.7625,42569095.23562
GUY,2009,,,,,10.23,16213.0,0.04133,22963878.89775,44697549.99741
GUY,2010,,,,,20.13,74241.0,0.18911,28015932.25525,46932427.49728
GUY,2011,,,,,10.65,95679.0,0.23041,34179437.35141,49279048.87214
GUY,2012,,,,14.0,13.39,41530.0,0.12353,41698913.56872,51743001.31575
GUY,2013,,,,16.0,13.74,119766.0,0.29698,65990000.0,5390000.0
GUY,2014,,,1.0,19.0,12.11,105393.0,0.21732,23943000.0,4364000.0
GUY,2015,,,,13.0,9.85,90066.0,0.17756,18244000.0,4077000.0
GUY,2016,,,1.0,17.0,13.58,161359.0,0.19701,13827630.0,2972000.0
GUY,2017,,,,23.0,17.45,254735.0,0.09074,9405354.44444,375160.0
GUY,2018,,,2.0,18.0,14.89,82753.0,0.21551,5260000.0,169000.0
GUY,2019,,,,,17.09,95124.0,0.30082,3677280.0,1049100.0
GUY,2020,,,,,25.06,1438979.0,2.61088,2426130.0,92440.0
GUY,2021,,,40.0,,29.95,139915.0,0.22169,2985672.59273,15000.0
GUY,2022,,,,,28.87,111140.0,0.12395,864380.0,125360.0
GUY,2023,,,,,,9073399.0,15.71389,964060.0,353000.0
GUY,2024,,,,,,13317390.0,13.33411,,
HKG,1983,,,21.0,871.0,,,,,
HKG,1984,,,20.0,810.0,,,,,
HKG,1985,,,16.0,955.0,,,,,
HKG,1986,,,10.0,1027.0,,,,,
HKG,1987,,,13.0,1107.0,,,,,
HKG,1988,,,12.0,1056.0,,,,,
HKG,1989,,,15.0,886.0,,,,,
HKG,1990,,,21.0,1060.0,,,,,
HKG,1991,,,16.0,1076.0,,,,,
HKG,1992,,,11.0,1248.0,,,,,
HKG,1993,,,9.0,1186.0,,,,,
HKG,1994,,,21.0,1619.0,,,,,
HKG,1995,,,23.0,1938.0,,,,,
HKG,1996,,,41.0,2059.0,,,,,
HKG,1997,,,26.0,2359.0,,,,,
HKG,1998,0.4283,1053.71375,128.0,14539.0,,,,536839387.15786,155448442.07265
HKG,1999,0.45767,1205.55046,42.0,5998.0,,,,280589055.96196,77595156.25937
HKG,2000,0.46493,1160.05084,51.0,8244.0,,,,461122758.53295,106780916.33469
HKG,2001,0.53645,1355.89935,74.0,8840.0,,,,491103104.20643,195672003.25452
HKG,2002,0.58147,1564.3458,112.0,9018.0,,,,695994666.47387,228878001.44295
HKG,2003,0.68027,1972.70024,107.0,8995.0,,,,864428601.82708,340475603.67532
HKG,2004,0.72176,2122.33356,127.0,9878.0,,,,1111347424.30166,217776854.60604
HKG,2005,0.77343,2612.0206,156.0,11607.0,,,,1288812729.4737,245221771.98523
HKG,2006,0.79469,2649.43577,172.0,13618.0,,,,1357493081.61264,259254439.29407
HKG,2007,0.75161,2815.15829,160.0,13606.0,,2650471846.0,21.61806,1504417241.6533,357912339.75839
HKG,2008,0.71996,2636.81534,173.0,13489.0,,2354314529.0,24.39027,1610465042.19862,379753523.11438
HKG,2009,0.77342,2737.39051,149.0,11708.0,,1999987979.0,33.7879,1699752586.11752,383395054.44366
HKG,2010,0.74946,3062.54396,133.0,11569.0,,2527687279.0,36.79519,1978131460.70924,400321901.39463
HKG,2011,0.72086,3036.83266,181.0,13312.0,,1223153426.0,20.8091,2009279637.38962,459270724.81844
HKG,2012,0.72733,3137.56656,171.0,12817.0,,962304721.0,18.49542,2018574965.2955,520085354.94607
HKG,2013,0.73017,3309.70489,226.0,13690.0,,680834176.0,13.90102,2027166770.13569,573755078.03855
HKG,2014,0.74014,3512.80511,192.0,12350.0,,540927728.0,11.39056,1938286852.26083,622629445.12357
HKG,2015,0.76183,3487.89638,239.0,11973.0,,453118850.0,12.30291,1860613528.32627,642041544.14779
HKG,2016,0.7915,3668.25742,233.0,13859.0,,469857067.0,13.47086,1882822751.24051,673103891.84154
HKG,2017,0.83519,3720.22457,324.0,12975.0,,293611819492.0,61.55486,1924781217.84472,719290503.22533
HKG,2018,0.8633,3978.17159,314.0,15672.0,,330090997861.0,64.65445,1993170614.61373,742653007.0556
HKG,2019,0.92557,4240.38811,346.0,16186.0,,322040157458.0,65.56672,1979477323.40471,754306901.65068
HKG,2020,0.99236,4355.79712,423.0,21133.0,,340143502997.0,69.65132,1759723742.30594,701476714.7008
HKG,2021,0.97026,4591.73346,401.0,21542.0,,431668056504.0,70.55066,2037243794.54048,714653695.24416
HKG,2022,1.07293,4815.20071,,,,404935377075.0,72.63677,2086482416.05736,737757249.62782
HKG,2023,1.10625,5273.74369,,,,369163546379.0,72.31549,1839323657.22704,709992038.95938
HKG,2024,1.12597,5873.74436,,,,422347931252.0,75.57069,,
HND,1974,,,,,,,,449999.99991,
HND,1975,,,,,,,,550000.0,
HND,1976,,,,,,,,650000.0,
HND,1977,,,,,,,,750000.0,
HND,1978,,,,,,,,950000.0,
HND,1979,,,,,,,,1200000.0,
HND,1980,,,6.0,40.0,,,,1400000.0,
HND,1981,,,,,,,,1650000.0,
HND,1982,,,63.0,183.0,,,,2000000.0,
HND,1983,,,16.0,24.0,,,,2250000.0,
HND,1984,,,4.0,19.0,,,,1950000.0,
HND,1985,,,12.0,16.0,,,,2250000.0,
HND,1986,,,,,,,,2000000.0,
HND,1987,,,12.0,31.0,,,,2000000.0,
HND,1988,,,,27.0,,,,2200000.0,
HND,1989,,,,,,,,2500000.0,
HND,1990,,,6.0,17.0,,,,3000000.0,
HND,1991,,,,,,,,4000000.0,
HND,1992,,,,30.0,,,,4500000.0,
HND,1993,,,,,,,,4900000.0,
HND,1994,,,,,,,,5400000.0,
HND,1995,,,7.0,40.0,,,,8900000.0,
HND,1996,,,10.0,126.0,9.21,,,4000000.0,
HND,1997,,,,,13.97,,,4500000.0,
HND,1998,,,11.0,,11.6,,,9200000.0,
HND,1999,,,8.0,148.0,19.06,,,9500000.0,
HND,2000,0.04453,,4.0,135.0,12.87,,,13800000.0,300000.0
HND,2001,0.03834,,7.0,155.0,7.7,,,15700000.0,600000.0
HND,2002,0.04181,,7.0,161.0,10.26,,,15400000.0,1500000.0
HND,2003,0.04215,,,,10.25,,,19117000.0,811000.0
HND,2004,0.04155,,,,13.44,,,19444940.0,
HND,2005,,,,,13.95,,,20910350.0,
HND,2006,,,,,11.3,,,26751868.54661,
HND,2007,,,,,12.07,9817623.0,1.43744,27747055.10837,
HND,2008,,,,,17.67,,,25381640.0,
HND,2009,,,,,16.52,15499136.0,2.31215,25680000.0,
HND,2010,,,,,21.96,19523512.0,2.63147,30380000.0,
HND,2011,,,2.0,253.0,19.1,12063500.0,1.72758,35154664.83606,
HND,2012,,,8.0,233.0,26.42,39629388.0,2.79523,38670131.31967,
HND,2013,,,6.0,211.0,19.55,,,85312365.82999,
HND,2014,,,,,25.36,44612409.0,2.57978,75110955.92104,
HND,2015,0.01497,22.29506,4.0,224.0,30.92,18698692.0,1.30847,59033072.64263,
HND,2016,,,10.0,185.0,32.64,37759500.0,2.83717,66573650.26772,
HND,2017,0.03994,34.42048,4.0,189.0,45.54,45740962.0,3.12359,109405527.87541,
HND,2018,0.06394,201.94053,8.0,148.0,46.74,29002648.0,1.96264,115060498.63242,
HND,2019,0.05997,187.83669,,187.0,78.07,12597313.0,1.96087,84546357.75252,
HND,2020,,,,,114.94,58998495.0,4.06991,62388066.00175,
HND,2021,,,,188.0,112.68,21992491.0,1.44955,93915339.05732,
HND,2022,,,,,159.18,,,154544373.53251,
HND,2023,,,,,,86433420.0,3.30892,138440760.4279,
HND,2024,,,,,,105462699.0,3.87335,144909581.49791,
HRV,1992,,,479.0,1010.0,,,,,
HRV,1993,,,503.0,746.0,,,,11718000.0,1942000.0
HRV,1994,,,277.0,584.0,,,,27172000.0,2270000.0
HRV,1995,,,265.0,335.0,,,,45820000.0,2239000.0
HRV,1996,,,259.0,356.0,1469.22,,,33302142.852,2541883.073
HRV,1997,,,273.0,439.0,1403.3,,,31062059.58,18925697.727
HRV,1998,,1058.21383,267.0,352.0,1495.5,,,47156607.895,41601188.066
HRV,1999,0.83157,1250.71645,246.0,144.0,1547.68,,,50405741.8,81888265.325
HRV,2000,1.04221,1554.71759,337.0,538.0,1828.44,,,60522820.75187,66144724.54331
HRV,2001,0.91745,1549.19173,362.0,599.0,1878.8,,,62512938.91622,106603020.58105
HRV,2002,0.94088,1990.8424,328.0,703.0,2124.29,,,77182623.86306,85258160.65464
HRV,2003,0.94098,1361.17206,387.0,699.0,2375.59,,,130643616.00895,34763273.46883
HRV,2004,1.02048,1657.56476,385.0,839.0,2511.21,,,145414969.5114,41103285.46829
HRV,2005,0.84799,1327.97321,363.0,649.0,3024.3,,,192496176.94193,73000550.04346
HRV,2006,0.73228,1338.95518,317.0,119.0,3016.93,,,174577803.98985,47459762.85962
HRV,2007,0.78328,1419.96782,344.0,93.0,3505.63,803499581.0,9.50049,213320601.18483,39699092.28909
HRV,2008,0.87629,1551.807,330.0,71.0,3738.88,936967178.0,9.51913,258616774.40675,43791239.65058
HRV,2009,0.82999,1606.76105,250.0,68.0,4128.56,793006198.0,11.30846,212636457.42167,32218180.39102
HRV,2010,0.72875,1649.24941,257.0,21.0,3971.29,817139883.0,10.18211,224741363.12547,31592952.48856
HRV,2011,0.73493,1594.22493,230.0,21.0,4522.9,776020576.0,8.69115,262289982.51094,24294931.14656
HRV,2012,0.73545,1567.46167,217.0,32.0,4442.57,913351645.0,11.81206,307359863.57662,29576838.45224
HRV,2013,0.79163,1535.62032,230.0,23.0,4241.78,999788815.0,12.4935,281825036.68235,23937692.0616
HRV,2014,0.76744,1445.04267,170.0,30.0,4062.94,915598803.0,10.43905,273786121.39126,26143664.11181
HRV,2015,0.82388,1513.83841,169.0,17.0,4115.56,915727467.0,10.70662,268293498.08579,44375952.02765
HRV,2016,0.84569,1871.39921,175.0,13.0,4068.08,1336109796.0,14.4017,268773713.90652,52053174.66271
HRV,2017,0.84354,1900.86092,148.0,11.0,4433.35,926522170.0,8.7381,307307535.85253,55257292.92095
HRV,2018,0.94608,1973.01528,121.0,15.0,4721.48,1011950033.0,8.83753,310756486.95055,68602776.19963
HRV,2019,1.07723,2203.55061,195.0,16.0,4751.25,952468476.0,8.28927,328974778.62554,74939654.73485
HRV,2020,1.23536,2295.44402,117.0,12.0,5066.8,1084083418.0,9.68004,312805010.26132,60842106.90231
HRV,2021,1.24187,2414.42218,77.0,11.0,5782.73,1330725251.0,9.60673,375549466.81097,114216927.41703
HRV,2022,1.41896,2534.42425,,,5711.14,1736046687.0,12.06385,400425358.18452,116632260.02435
HRV,2023,1.38621,2440.27743,,,,1738860511.0,11.03359,480212093.99348,138380075.14633
HRV,2024,,,,,,1919903808.0,11.67392,521163447.18616,163335097.114
HTI,1980,,,4.0,13.0,,,,,
HTI,1982,,,2.0,24.0,,,,,
HTI,1983,,,1.0,15.0,,,,,
HTI,1984,,,2.0,11.0,,,,,
HTI,1985,,,6.0,15.0,,,,,
HTI,1986,,,4.0,20.0,,,,,
HTI,1987,,,9.0,9.0,,,,,
HTI,1988,,,1.0,4.0,,,,,
HTI,1991,,,3.0,5.0,,,,,
HTI,1996,,,3.0,6.0,2.01,,,,
HTI,1997,,,,,3.53,,,,
HTI,1998,,,,,5.93,,,,
HTI,1999,,,1.0,5.0,0.81,,,,
HTI,2000,,,,,5.46,,,,
HTI,2001,,,,,4.69,,,,
HTI,2002,,,,,6.03,,,900000.0,6460000.0
HTI,2003,,,,,4.93,,,400000.0,5840000.0
HTI,2004,,,,,6.32,,,370000.0,
HTI,2005,,,,,8.17,,,400000.0,4490000.0
HTI,2006,,,,,14.05,,,500000.0,3690000.0
HTI,2007,,,,,10.52,,,400000.0,3440000.0
HTI,2008,,,,,7.02,,,400000.0,3324442.63
HTI,2009,,,,,11.67,,,400000.0,3396950.9
HTI,2010,,,,,14.55,,,480000.0,2456647.71
HTI,2011,,,1.0,13.0,18.13,,,520000.0,6576852.0
HTI,2012,,,2.0,15.0,16.87,,,1640000.0,20460000.0
HTI,2013,,,,11.0,29.38,,,1586440.0,22765405.81
HTI,2014,,,2.0,19.0,36.71,,,2163920.0,28614622.93
HTI,2015,,,,,33.84,,,1642260.0,29732276.67
HTI,2016,,,,,32.5,,,,
HTI,2017,,,,,42.22,,,,
HTI,2018,,,,,31.58,,,,
HTI,2019,,,,,35.07,,,,
HTI,2020,,,,,41.75,,,,
HTI,2021,,,,,40.18,,,,
HTI,2022,,,,,37.56,,,,
HUN,1980,,,1601.0,1571.0,,,,,
HUN,1981,,,2124.0,1528.0,,,,,
HUN,1982,,,2344.0,1559.0,,,,,
HUN,1983,,,2760.0,1530.0,,,,,
HUN,1984,,,2869.0,1606.0,,,,,
HUN,1985,,,2904.0,1531.0,,,,,
HUN,1986,,,2847.0,1606.0,,,,,
HUN,1987,,,3229.0,1630.0,,,,,
HUN,1988,,,3262.0,1629.0,,,,,
HUN,1989,,,2657.0,1666.0,,,,,
HUN,1990,,,2477.0,1976.0,,,,35895240.6887,48527928.96592
HUN,1991,,,2210.0,1799.0,,,,39068374.03441,18057553.65382
HUN,1992,,,1497.0,1633.0,,,,29613158.13883,38259006.4879
HUN,1993,,,1139.0,1323.0,,,,39244450.76519,33021083.40952
HUN,1994,,,1162.0,1328.0,,,,74863051.92381,31485094.63497
HUN,1995,,,1096.0,1793.0,,,,69995137.08707,31697809.0877
HUN,1996,0.62791,1009.14592,803.0,850.0,3514.48,,,131802698.78056,44955893.11876
HUN,1997,0.69745,1083.88096,737.0,888.0,3905.61,,,191932167.86026,100151484.28125
HUN,1998,0.65606,1142.65899,690.0,904.0,4342.56,,,214573381.6691,46392599.91664
HUN,1999,0.67067,1228.7746,729.0,3779.0,3982.13,,,307004937.19255,61948340.64318
HUN,2000,0.78999,1411.99814,810.0,4127.0,4411.53,,,258734878.18784,111789226.99905
HUN,2001,0.91225,1440.86103,919.0,4529.0,4347.95,,,269492894.78831,95665751.87607
HUN,2002,0.98314,1473.69545,842.0,5064.0,4628.75,,,416530257.1324,349305233.50785
HUN,2003,0.91985,1499.67591,756.0,4054.0,4652.86,,,463929314.80104,313281410.50563
HUN,2004,0.86077,1476.26637,748.0,1909.0,4884.44,,,1053803575.94128,539814932.63008
HUN,2005,0.92043,1575.84829,705.0,497.0,5598.55,,,1107702918.86082,837211660.23137
HUN,2006,0.97835,1745.00319,718.0,206.0,5608.48,,,1169130363.45588,549836584.65437
HUN,2007,0.95488,1731.42684,689.0,102.0,5890.22,20016939000.0,26.09166,1752222005.14621,919784068.09372
HUN,2008,0.97817,1845.99803,683.0,89.0,6481.82,21678437000.0,24.96814,2596029138.02298,1706117940.48248
HUN,2009,1.13027,2004.50214,757.0,30.0,6045.91,18119145000.0,26.72792,1981316302.18137,1701293482.78518
HUN,2010,1.13102,2135.63344,649.0,47.0,5954.49,20245844000.0,25.9227,1799363441.47377,2046859456.77691
HUN,2011,1.18116,2309.99213,662.0,36.0,6441.42,22847617000.0,25.17936,2034865902.75293,2185665843.34058
HUN,2012,1.25758,2400.89424,692.0,66.0,6506.75,17575545657.0,21.21963,1701009788.05818,2033139463.29218
HUN,2013,1.38449,2527.84945,642.0,66.0,6306.37,17134185796.0,19.36915,1966063663.97739,2048215288.76941
HUN,2014,1.3437,2654.79529,546.0,73.0,6670.04,15681730021.0,16.6902,1701540945.7815,2056497180.20953
HUN,2015,1.33884,2569.66887,569.0,64.0,6586.04,14668188045.0,17.08326,2006472537.39728,1534475543.75959
HUN,2016,1.17645,2625.94197,616.0,49.0,6531.06,15894221309.0,17.57645,1446684697.92787,1760622200.24784
HUN,2017,1.31498,2902.24254,496.0,36.0,6766.09,17001565128.0,17.26307,1597954987.84852,1655140183.43892
HUN,2018,1.50196,3846.48666,407.0,36.0,6875.82,18051188622.0,16.82099,1628927748.17578,1812160452.82734
HUN,2019,1.46473,4021.15293,427.0,23.0,7377.59,18443341363.0,17.37876,1701673072.66388,1386778888.47342
HUN,2020,1.58067,4309.61589,428.0,28.0,7762.07,18196444682.0,17.46488,1358725515.49698,1149666207.36029
HUN,2021,1.63327,4452.48668,433.0,13.0,8387.03,19838941890.0,16.39751,1623345678.72187,1351637674.27879
HUN,2022,1.39056,4725.1504,,,8801.72,22854435493.0,18.40489,1359008755.19096,1287641427.56354
HUN,2023,1.37748,4567.0829,,,,24766593885.0,18.86246,1511561141.10348,1645336203.28644
HUN,2024,,,,,,28785162217.0,22.57451,1489857723.53662,1735215729.58426
IDN,1980,,,5.0,475.0,,,,,
IDN,1982,,,16.0,636.0,,,,,
IDN,1983,,,40.0,682.0,,,,,
IDN,1984,,,26.0,559.0,,,,,
IDN,1985,,,49.0,731.0,,,,,
IDN,1986,,,32.0,591.0,,,,,
IDN,1987,,,62.0,601.0,,,,,
IDN,1989,,,113.0,661.0,,,,,
IDN,1991,,,34.0,1280.0,,,,,
IDN,1992,,,67.0,3905.0,,,,,
IDN,1993,,,38.0,2031.0,,,,,
IDN,1994,,,29.0,2305.0,,,,,
IDN,1995,,,61.0,2813.0,,,,,
IDN,1996,,,40.0,3957.0,304.04,,,,
IDN,1997,,,79.0,3939.0,317.04,,,,
IDN,1998,,,93.0,1753.0,327.98,,,,
IDN,1999,,,152.0,2784.0,335.51,,,,
IDN,2000,0.06769,209.65817,157.0,3733.0,398.08,,,,
IDN,2001,0.04756,196.3356,212.0,3714.0,330.1,,,,
IDN,2002,,,234.0,3609.0,386.0,,,,
IDN,2003,,,201.0,3099.0,386.76,,,,
IDN,2004,,,227.0,3441.0,472.22,,,990320000.0,221187500.0
IDN,2005,,,235.0,4069.0,604.42,,,960870000.0,263330000.0
IDN,2006,,,288.0,4324.0,729.9,,,872228636.99794,13445052.79733
IDN,2007,,,284.0,4850.0,658.13,,,1085450000.0,30690000.0
IDN,2008,,,386.0,4747.0,771.94,,,1327681813.90189,27211956.75443
IDN,2009,0.08332,88.33347,415.0,4103.0,1094.5,,,1530107288.81506,38128141.00432
IDN,2010,,,508.0,5122.0,1446.09,7193215376.0,12.31181,1616459043.16398,59560687.40389
IDN,2011,,,533.0,5297.0,1942.53,7401356876.0,10.81714,1787966702.9902,78800621.04072
IDN,2012,,,,,2111.14,7360679507.0,10.87176,1800089221.79768,58049485.71432
IDN,2013,0.0847,,663.0,6787.0,2815.34,6567489793.0,9.67606,1736373353.68153,51972616.78515
IDN,2014,,,702.0,7321.0,3354.32,6619076393.0,9.32851,1861866471.75298,59613861.40014
IDN,2015,,,1058.0,8095.0,4474.1,5891714980.0,8.88988,1652686735.72605,52092244.67043
IDN,2016,0.24535,177.73496,1101.0,8538.0,6753.72,5415731582.0,7.99861,1732362913.26962,46702857.31525
IDN,2017,0.23805,214.08281,2271.0,7032.0,13002.06,5971620053.0,8.44633,1900641452.53213,49809737.21707
IDN,2018,0.22632,215.18755,1407.0,8347.0,21795.18,6382145126.0,8.21299,1470072409.73796,61194660.71224
IDN,2019,0.27129,387.17063,3093.0,8388.0,31005.34,6281290684.0,8.09206,1804721423.00401,58916113.08253
IDN,2020,0.28068,395.34168,1309.0,6851.0,32895.71,6408750621.0,8.42475,1530064502.2428,83577215.45826
IDN,2021,,,1397.0,7403.0,39566.05,7492179183.0,7.20128,1776614141.74293,123620986.44917
IDN,2022,,,,,31947.1,10339847555.0,8.30819,2063949838.67548,213339064.31182
IDN,2023,,,,,,10509333468.0,9.08309,2503535585.33218,213472270.0449
IDN,2024,,,,,,10407239550.0,8.71104,2654971391.93254,188928598.7876
IND,1976,,,,,,,,17776013.30232,111523.92689
IND,1977,,,,,,,,23026309.46665,113459.99489
IND,1978,,,,,,,,13068415.51965,
IND,1979,,,,,,,,13496502.34649,
IND,1980,,,1207.0,1817.0,,,,12455736.62245,
IND,1981,,,1067.0,1834.0,,,,15153361.0803,111305.38952
IND,1982,,,1128.0,1948.0,,,,38854328.11283,625124.17533
IND,1983,,,,,,,,24571485.04582,896690.48989
IND,1984,,,1003.0,2291.0,,,,22207099.12792,173389.20156
IND,1985,,,982.0,2493.0,,,,25143719.35366,165407.73005
IND,1986,,,999.0,2497.0,,,,24934650.13356,397330.03793
IND,1987,,,988.0,2520.0,,,,40558650.90563,771836.31346
IND,1988,,,1033.0,2504.0,,,,108393928.24547,1032024.35152
IND,1989,,,1048.0,2600.0,,,,127039845.21734,1292412.28766
IND,1990,,,1147.0,2673.0,,,,72465533.69209,1323398.80973
IND,1991,,,1267.0,2328.0,,,,49565207.89665,615524.76333
IND,1992,,,1248.0,2176.0,,,,68598351.54487,731658.98892
IND,1993,,,1209.0,2511.0,,,,75336944.70812,290980.45374
IND,1994,,,1588.0,3212.0,,,,93836422.84175,446175.13553
IND,1995,,,1545.0,5021.0,,,,90293739.53246,1395550.2634
IND,1996,0.63905,153.94902,1661.0,6901.0,18904.78,,,118039538.68594,6899307.42774
IND,1997,0.68669,,1926.0,8229.0,19348.5,,,150485539.46468,12414145.51873
IND,1998,0.70378,116.49341,2247.0,6707.0,19717.89,,,200807738.73019,19303913.32267
IND,1999,0.72413,,2206.0,2620.0,20837.67,,,315298932.62638,22883886.56334
IND,2000,0.75699,110.62568,2206.0,6332.0,21408.98,,,282463092.34609,82548708.77009
IND,2001,0.73591,,2379.0,8213.0,22532.95,,,317035850.70258,37156159.54394
IND,2002,0.72567,,2693.0,8772.0,24313.44,,,345233066.96267,20159947.93682
IND,2003,0.71929,,3425.0,9188.0,26637.84,,,549887942.05063,24088615.69061
IND,2004,0.7569,,4014.0,13452.0,28557.33,,,611481232.35459,52796059.57396
IND,2005,0.82411,135.14649,4721.0,19661.0,32733.84,,,671829366.31862,205974583.70142
IND,2006,0.80473,,5686.0,23242.0,37739.98,,,845949436.03058,60913260.30596
IND,2007,0.80507,,6296.0,28922.0,42045.44,,,1159824390.70935,163126496.58327
IND,2008,0.85876,,6425.0,30387.0,47758.02,,,1528826912.72298,147815443.39223
IND,2009,0.83314,,7262.0,27025.0,53200.44,11219528624.0,9.5691,1860070100.10473,191939516.59349
IND,2010,0.78849,156.19059,8853.0,30909.0,60265.62,10668887032.0,7.73016,2438302981.08653,127378163.31058
IND,2011,0.75502,,8841.0,33450.0,71374.74,14508694707.0,7.87117,2819291078.75589,302615975.49212
IND,2012,0.74399,,9553.0,34402.0,78135.08,13881886778.0,7.70439,3990055616.79302,321445173.96287
IND,2013,0.70642,,10669.0,32362.0,82849.43,17945576995.0,8.8735,3903908830.45921,445568319.52662
IND,2014,0.70158,,12040.0,30814.0,91832.04,18334404544.0,9.22122,4848711888.70728,658722433.04353
IND,2015,0.6931,214.34935,12579.0,33079.0,98300.94,14588767825.0,8.02477,5009034406.59605,466556838.05446
IND,2016,0.66984,,13199.0,31858.0,107483.91,14266747536.0,7.66326,5466041709.75269,524879155.06345
IND,2017,0.66603,,14961.0,31621.0,113508.58,15104651310.0,7.36208,6515405393.63594,659628260.99832
IND,2018,0.66001,250.00794,16289.0,33766.0,130234.95,20197216794.0,9.04145,7905957776.50493,784900902.14981
IND,2019,0.65942,,19454.0,34173.0,132819.62,23471089532.0,10.22374,7889685402.17331,871605164.42863
IND,2020,0.64558,259.26325,23141.0,33630.0,148409.55,21583797567.0,11.03256,7241107556.78617,1253654725.41466
IND,2021,,,26267.0,35306.0,179806.22,27447578528.0,10.21256,8631569309.27649,870139762.19661
IND,2022,,,,,207390.38,35784973166.0,12.68228,10427794881.2932,1167577791.24639
IND,2023,,,,,,40942449667.0,14.93435,14349449523.6213,1526339965.47209
IND,2024,,,,,,54140883629.0,18.57239,16263058709.4908,1728889909.66742
IRL,1980,,,394.0,2355.0,,,,,
IRL,1981,,,461.0,2649.0,,,,,
IRL,1982,,,434.0,2676.0,,,,,
IRL,1983,,,567.0,2527.0,,,,,
IRL,1984,,,651.0,2721.0,,,,,
IRL,1985,,,726.0,2614.0,,,,,
IRL,1986,,,743.0,2678.0,,,,,
IRL,1987,,,719.0,2846.0,,,,,
IRL,1988,,,727.0,3174.0,,,,,
IRL,1989,,,736.0,3494.0,,,,,
IRL,1990,,,734.0,4001.0,,,,,
IRL,1991,,,786.0,3794.0,,,,,
IRL,1996,1.27156,1771.6011,,,2121.52,,,,
IRL,1997,1.24271,1929.23033,,,2188.73,,,,
IRL,1998,1.20801,2091.11026,,,2314.16,,,,
IRL,1999,1.15141,2111.48773,,,2289.87,,,,
IRL,2000,1.08383,2255.69685,,,2607.75,,,,
IRL,2001,1.05194,2336.65114,,,2776.33,,,,
IRL,2002,1.05575,2406.49548,,,3039.39,,,,
IRL,2003,1.12435,2534.61201,,,3156.78,,,,
IRL,2004,1.17778,2735.33169,,,3851.1,,,,
IRL,2005,1.19197,2821.26494,,,4770.06,,,19214895716.557,773080030.993
IRL,2006,1.19887,2895.65117,,,4914.54,,,22041813682.5763,925688450.40884
IRL,2007,1.23409,2929.08877,,,5507.74,33510907501.0,32.00172,24012890153.5295,1185147192.36661
IRL,2008,1.39126,3256.66919,,,5737.71,33374983553.0,30.19008,35450512679.935,1474944933.25696
IRL,2009,1.61371,3139.86576,,,6354.6,28517661808.0,27.16464,35043049664.2147,1699539803.78111
IRL,2010,1.59425,3116.61747,,,6940.92,23325036070.0,22.91458,37458289198.4125,2920454233.04472
IRL,2011,1.53761,3341.4018,,,7200.18,27791424343.0,24.90677,40850357075.8384,5006591257.65689
IRL,2012,1.5455,4873.66344,,,7018.56,26188451630.0,25.58636,38193322607.8782,4984886674.48508
IRL,2013,1.53562,5141.73776,,,7077.4,25028070785.0,24.98393,42633863893.1839,6287433501.14042
IRL,2014,1.47756,5290.95054,,,7186.57,25849514946.0,24.91892,57643045050.9952,7313051754.56342
IRL,2015,1.14062,5242.06636,,,6896.82,30612422468.0,28.33895,71409248007.5652,8835518410.54597
IRL,2016,1.14954,5143.85544,79.0,70.0,7148.95,37992126178.0,32.84182,76937390912.3201,9518076253.46177
IRL,2017,1.20821,5114.19434,62.0,75.0,7288.93,35187488969.0,29.33403,75943850018.961,11050093343.7291
IRL,2018,1.08244,4656.77702,76.0,32.0,7457.08,36589471149.0,25.01528,86235726356.32782,15092367259.75275
IRL,2019,1.13733,4961.4389,58.0,35.0,7999.14,39354392694.0,25.97698,97275797775.67528,12371778912.9327
IRL,2020,1.12466,5196.11055,75.0,54.0,8513.7,43116907694.0,25.89915,98367586474.3258,15580626125.9473
IRL,2021,1.0732,5213.43167,75.0,42.0,9437.0,49840175468.0,28.47815,134734991330.519,18994719321.645
IRL,2022,1.53215,5554.98837,,,9254.27,92158964502.0,46.78678,143122501728.301,15644342321.0904
IRL,2023,1.58829,5752.79698,,,,91363721988.0,47.77377,153215662951.597,16530411325.9799
IRL,2024,,,,,,117636882485.0,53.51843,183217233946.937,18918853113.7629
IRN,1980,,,169.0,493.0,,,,,
IRN,1981,,,286.0,321.0,,,,,
IRN,1982,,,202.0,273.0,,,,,
IRN,1983,,,213.0,280.0,,,,,
IRN,1984,,,162.0,312.0,,,,,
IRN,1985,,,183.0,223.0,,,,,
IRN,1987,,,207.0,165.0,,,,,
IRN,1988,,,167.0,173.0,,,,,
IRN,1989,,,141.0,170.0,,,,,
IRN,1990,,,182.0,173.0,,,,,
IRN,1991,,,262.0,165.0,,,,,
IRN,1992,,,225.0,175.0,,,,,
IRN,1993,,,278.0,164.0,,,,,
IRN,1994,,,266.0,131.0,,,,,
IRN,1995,,,278.0,129.0,,,,,
IRN,1996,,,288.0,227.0,649.35,,,,
IRN,1997,,,284.0,115.0,860.98,,,,
IRN,1998,,,337.0,159.0,969.12,,,,
IRN,1999,,,366.0,177.0,1181.4,,,,
IRN,2000,,,410.0,206.0,1559.17,,,,
IRN,2001,0.50218,,691.0,302.0,1910.45,,,,
IRN,2002,0.49558,,910.0,285.0,2753.06,,,,
IRN,2003,0.59484,,1287.0,355.0,3906.51,,,,
IRN,2004,0.50453,,2426.0,356.0,5176.16,,,,
IRN,2005,0.62284,,4051.0,443.0,7142.47,,,,
IRN,2006,0.55921,695.93817,5970.0,557.0,10011.67,,,,
IRN,2007,,,10648.0,502.0,12987.19,,,,
IRN,2008,0.64647,723.09305,15403.0,552.0,16845.65,,,,
IRN,2009,0.27258,687.77269,12184.0,516.0,20425.58,,,,
IRN,2010,0.26442,712.4395,11108.0,528.0,24792.45,,,,
IRN,2011,,,11529.0,489.0,31161.44,659194102.0,4.1682,,
IRN,2012,0.29435,667.69317,10622.0,432.0,31462.35,,,,
IRN,2013,0.23601,650.49973,11305.0,338.0,32380.6,270444995.0,1.54772,,
IRN,2014,,,13683.0,119.0,35447.71,299157502.0,1.54536,,
IRN,2015,0.39383,789.46238,,,36885.35,248619292.0,1.43263,,
IRN,2016,,,14930.0,702.0,41932.91,249202513.0,1.39878,,
IRN,2017,0.75983,1409.14676,15264.0,995.0,45826.76,278924954.0,1.36326,,
IRN,2018,,,11908.0,915.0,48707.42,153102175.0,0.72469,,
IRN,2019,0.78829,1588.4273,11569.0,578.0,54505.54,157768737.0,0.92609,,
IRN,2020,,,11396.0,634.0,56966.0,119892696.0,0.74671,,
IRN,2021,0.72665,2239.74005,10210.0,581.0,59374.36,96091680.0,0.38053,,
IRN,2022,,,,,60939.82,206223949.0,0.81401,,
IRQ,1980,,,19.0,126.0,,,,,
IRQ,1981,,,26.0,107.0,,,,,
IRQ,1982,,,47.0,129.0,,,,,
IRQ,1983,,,33.0,128.0,,,,,
IRQ,1984,,,124.0,94.0,,,,,
IRQ,1985,,,296.0,77.0,,,,,
IRQ,1986,,,199.0,54.0,,,,,
IRQ,1987,,,272.0,49.0,,,,,
IRQ,1988,,,272.0,52.0,,,,,
IRQ,1989,,,247.0,75.0,,,,,
IRQ,1992,,,149.0,25.0,,,,,
IRQ,1993,,,164.0,28.0,,,,,
IRQ,1994,,,112.0,25.0,,,,,
IRQ,1995,,,76.0,24.0,,,,,
IRQ,1996,,,68.0,18.0,72.92,,,,
IRQ,1997,,,,,79.67,,,,
IRQ,1998,,,,,67.98,,,,
IRQ,1999,,,,,60.65,,,,
IRQ,2000,,,,,91.98,,,,
IRQ,2001,,,,,89.11,,,,
IRQ,2002,,,,,103.31,,,,
IRQ,2003,,,,,120.69,,,,
IRQ,2004,,,,,92.74,,,,
IRQ,2005,,,,,141.51,,,28600000.0,
IRQ,2006,,,,,249.48,,,,
IRQ,2007,0.04554,370.8675,,,243.08,,,203600000.0,200000.0
IRQ,2008,0.03435,391.66134,,,306.62,,,100000.0,
IRQ,2009,0.04562,407.43142,,,363.38,,,400000.0,
IRQ,2010,0.03684,420.64715,,,536.05,,,5300000.0,300000.0
IRQ,2011,0.03476,429.8312,,,597.39,,,,
IRQ,2012,,,,,842.4,,,,
IRQ,2013,,,,,805.37,,,400000.0,
IRQ,2014,0.03835,66.44057,,,806.21,,,1000000.0,
IRQ,2015,0.04017,63.15466,335.0,102.0,839.57,,,1400000.0,
IRQ,2016,0.03737,62.30752,,,1193.62,,,1500000.0,100000.0
IRQ,2017,0.04596,102.2908,613.0,101.0,1971.46,,,5700000.0,100000.0
IRQ,2018,0.04279,107.3521,653.0,77.0,3475.9,,,7800000.0,100000.0
IRQ,2019,0.03266,118.26846,737.0,106.0,6385.65,,,10200000.0,1700000.0
IRQ,2020,0.04053,136.59963,635.0,98.0,7521.02,,,4900000.0,100000.0
IRQ,2021,0.0407,164.28484,,,11401.67,,,4800000.0,174000000.0
IRQ,2022,,,,,13407.6,,,8300000.0,2300000.0
IRQ,2023,,,,,,,,13400000.0,1300000.0
IRQ,2024,,,,,,,,11500000.0,
ISL,1980,,,19.0,58.0,,,,,
ISL,1981,,,14.0,79.0,,,,,
ISL,1982,,,18.0,62.0,,,,,
ISL,1983,,,32.0,62.0,,,,,
ISL,1984,,,28.0,70.0,,,,,
ISL,1985,,,21.0,71.0,,,,,
ISL,1986,,,29.0,92.0,,,,,
ISL,1987,,,28.0,91.0,,,,,
ISL,1988,,,16.0,110.0,,,,,
ISL,1989,,,18.0,87.0,,,,,
ISL,1990,,,17.0,113.0,,,,,
ISL,1991,,,34.0,99.0,,,,,
ISL,1992,,,28.0,121.0,,,,,
ISL,1993,,,34.0,112.0,,,,,
ISL,1994,,,22.0,108.0,,,,,
ISL,1995,,,19.0,49.0,,,,,
ISL,1996,,3320.88313,16.0,75.0,205.42,,,,
ISL,1997,1.79808,4967.78663,22.0,216.0,224.04,,,,
ISL,1998,1.95098,5191.01854,41.0,254.0,234.29,,,,
ISL,1999,2.23507,5720.28444,35.0,357.0,228.5,,,,
ISL,2000,2.57201,,51.0,825.0,220.1,,,,
ISL,2001,2.83989,6560.18798,49.0,713.0,239.09,,,,
ISL,2002,2.8212,,71.0,379.0,306.4,,,,
ISL,2003,2.7055,6643.65474,57.0,748.0,262.25,,,,
ISL,2004,,,66.0,463.0,307.44,,,,
ISL,2005,2.67969,7337.75322,47.0,545.0,363.08,,,,
ISL,2006,2.85265,7999.30666,45.0,326.0,386.39,,,,
ISL,2007,2.53294,7175.58294,61.0,53.0,382.37,774999876.0,60.71199,,
ISL,2008,2.46413,7313.20175,50.0,31.0,423.6,417158644.0,40.88716,,
ISL,2009,2.59713,7841.17942,64.0,22.0,480.44,246422112.0,31.53812,46763922.0451,163966020.30976
ISL,2010,,,57.0,19.0,568.75,142432246.0,21.15663,80111587.12555,143497501.70997
ISL,2011,2.40366,7088.82137,50.0,21.0,548.23,157705798.0,21.05285,68399224.82895,127101613.78653
ISL,2012,,,37.0,7.0,645.19,111300713.0,15.39388,78598088.32037,64500509.81133
ISL,2013,1.69237,5739.72216,33.0,13.0,589.16,94981022.0,15.73556,77949482.46408,92372480.51419
ISL,2014,1.93616,,51.0,13.0,597.31,119694464.0,17.12339,119197270.81946,159669307.11696
ISL,2015,2.18137,,40.0,6.0,615.26,111537786.0,20.13966,83750707.96108,232042689.98149
ISL,2016,2.11011,,35.0,3.0,674.43,136817642.0,23.38943,105225068.8064,193174457.97544
ISL,2017,2.08365,5979.72684,36.0,8.0,641.27,167559775.0,26.37598,116324860.59689,256539019.07682
ISL,2018,2.00081,5645.66563,56.0,10.0,720.82,143434873.0,23.47403,143375790.43957,173390796.38926
ISL,2019,2.34018,,47.0,15.0,680.46,305002018.0,38.0792,101900897.83347,332935703.08694
ISL,2020,2.4864,,44.0,3.0,686.83,144580750.0,27.95894,72205452.65293,339217690.21667
ISL,2021,2.78171,6941.30115,34.0,2.0,751.67,239162849.0,33.48741,69109998.55114,186452358.65934
ISL,2022,2.60089,6863.54747,,,765.6,322470151.0,33.31163,73819432.88204,500966770.00797
ISL,2023,2.64005,5952.52033,,,,453683000.0,43.42454,82194535.96672,379138564.8378
ISL,2024,,,,,,689254852.0,53.97229,71148732.64524,257007347.46192
ISR,1960,,,,,,,,1000000.0,
ISR,1961,,,,,,,,2000000.0,
ISR,1965,,,,,,,,2000000.0,
ISR,1966,,,,,,,,2000000.0,
ISR,1967,,,,,,,,2000000.0,
ISR,1968,,,,,,,,3000000.0,
ISR,1969,,,,,,,,3000000.0,
ISR,1970,,,,,,,,3000000.0,
ISR,1971,,,,,,,,4000000.0,
ISR,1972,,,,,,,,6000000.0,
ISR,1973,,,,,,,,4000000.0,
ISR,1974,,,,,,,,8000000.0,4000000.0
ISR,1975,,,,,,,,9000000.0,5000000.0
ISR,1976,,,,,,,,9000000.0,6000000.0
ISR,1977,,,,,,,,11000000.0,12000000.0
ISR,1978,,,,,,,,8000000.0,9000000.0
ISR,1979,,,,,,,,7000000.0,10000000.0
ISR,1980,,,669.0,2104.0,,,,3000000.0,12000000.0
ISR,1981,,,727.0,2132.0,,,,31000000.0,13900000.0
ISR,1982,,,707.0,2207.0,,,,39300000.0,20800000.0
ISR,1983,,,687.0,2295.0,,,,33900000.0,21800000.0
ISR,1984,,,696.0,2690.0,,,,33300000.0,27600000.0
ISR,1985,,,790.0,2727.0,,,,24900000.0,32600000.0
ISR,1986,,,819.0,2830.0,,,,31000000.0,34600000.0
ISR,1987,,,823.0,3035.0,,,,46700000.0,41500000.0
ISR,1988,,,995.0,2859.0,,,,55500000.0,62000000.0
ISR,1989,,,1042.0,3048.0,,,,64300000.0,55100000.0
ISR,1990,,,1052.0,2856.0,,,,73100000.0,62900000.0
ISR,1991,,,1087.0,2630.0,,,,85900000.0,70400000.0
ISR,1992,,,1400.0,2327.0,,,,103300000.0,96100000.0
ISR,1993,,,1318.0,2635.0,,,,111300000.0,92000000.0
ISR,1994,,,1261.0,2701.0,,,,148300000.0,115500000.0
ISR,1995,,,1266.0,3159.0,,,,155500000.0,134300000.0
ISR,1996,2.4753,,1218.0,2101.0,8390.48,,,183300000.0,158200000.0
ISR,1997,2.69533,,1441.0,1445.0,8740.54,,,195300000.0,177100000.0
ISR,1998,2.80723,,1950.0,3106.0,8511.28,,,212700000.0,215600000.0
ISR,1999,3.21199,,2053.0,3904.0,8493.43,,,269600000.0,253500000.0
ISR,2000,3.81316,,1599.0,5203.0,9345.74,,,360600000.0,496100000.0
ISR,2001,4.05338,,1248.0,5521.0,9369.95,,,459600000.0,425200000.0
ISR,2002,3.99197,,1213.0,5095.0,9681.29,,,461800000.0,420200000.0
ISR,2003,3.76142,,1329.0,4569.0,9934.33,,,433400000.0,425200000.0
ISR,2004,3.74703,,1544.0,4870.0,10463.49,,,490700000.0,504700000.0
ISR,2005,3.91123,,1669.0,5157.0,10573.52,,,541900000.0,574100000.0
ISR,2006,4.01416,,1342.0,6154.0,11226.15,,,680900000.0,593000000.0
ISR,2007,4.28533,,1615.0,6394.0,11256.78,3122027000.0,7.62717,912800000.0,785800000.0
ISR,2008,4.24165,,1528.0,6214.0,11395.53,9659078000.0,17.05605,908300000.0,956700000.0
ISR,2009,4.01799,,1387.0,5387.0,11233.23,10540404000.0,23.39651,898600000.0,762600000.0
ISR,2010,3.8421,,1450.0,5856.0,10959.72,10584549000.0,19.37536,831500000.0,849400000.0
ISR,2011,3.91608,,1360.0,5526.0,11268.18,11681101000.0,18.39857,1068300000.0,1099500000.0
ISR,2012,4.06028,,1319.0,5473.0,11614.79,11566230000.0,19.89396,1111700000.0,1056500000.0
ISR,2013,4.10651,,1201.0,4984.0,11390.71,11744655000.0,19.03626,998000000.0,1006700000.0
ISR,2014,4.19613,,1125.0,5148.0,12086.64,12408558000.0,19.41305,1135700000.0,1281000000.0
ISR,2015,4.29761,,1285.0,5623.0,12249.84,14350467000.0,23.65398,1061600000.0,1096100000.0
ISR,2016,4.59051,,1300.0,5119.0,12479.66,12192743000.0,21.81962,1202100000.0,1265200000.0
ISR,2017,4.74032,,1436.0,5377.0,12507.34,12057518000.0,21.06798,1351600000.0,1264300000.0
ISR,2018,4.91965,,1506.0,5857.0,12752.3,12968810000.0,22.53628,1381900000.0,1273100000.0
ISR,2019,5.35528,,1368.0,6370.0,13267.72,12564139000.0,23.09167,1520200000.0,1579200000.0
ISR,2020,5.83209,,1642.0,6481.0,13675.43,12960847000.0,28.19764,1611700000.0,1657700000.0
ISR,2021,5.75725,,1592.0,8017.0,15132.89,16092016000.0,29.59568,2121200000.0,2406800000.0
ISR,2022,6.17831,,,,15417.46,18960759000.0,29.10905,2700300000.0,3101200000.0
ISR,2023,6.34589,,,,,19283415000.0,34.93777,2805000000.0,3239100000.0
ISR,2024,,,,,,19428780000.0,37.23352,3102600000.0,3718200000.0
ITA,1970,,,,,,,,9599999.9904,1599999.9984
ITA,1971,,,,,,,,11325726.86414,4838617.65556
ITA,1972,,,,,,,,13717189.18263,5137937.52973
ITA,1973,,,,,,,,20586403.10727,6851829.33912
ITA,1974,,,,,,,,21468733.30097,7682274.57224
ITA,1975,,,,,,,,19869764.39183,13856885.45729
ITA,1976,,,,,,,,16918955.1721,20132059.23943
ITA,1977,,,,,,,,54537911.93779,14728017.79859
ITA,1978,,,,,,,,31890021.98411,18866592.50855
ITA,1979,,,,,,,,366070968.22692,92689942.32244
ITA,1980,,,6369.0,9971.0,,,,450202399.43909,95685878.39101
ITA,1981,,,,,,,,411054952.7021,74419832.34932
ITA,1982,,,,,,,,413117698.20044,68257187.81302
ITA,1983,,,,12080.0,,,,443025691.8165,66568347.84982
ITA,1984,,,,,,,,401617863.21663,66776035.70588
ITA,1985,,,2000.0,7851.0,,,,331601910.8831,63849720.82693
ITA,1986,,,,,,,,491903867.6885,79837157.85937
ITA,1987,,,,,,,,507367403.34249,100499162.93886
ITA,1988,,,2289.0,8000.0,,,,779672190.91186,113099275.70984
ITA,1989,,,,,,,,615722076.20284,110083242.64312
ITA,1990,,,,,,,,1962163127.55161,1043013006.21974
ITA,1991,,,,,,,,1470730161.05753,247973083.54977
ITA,1992,,,7568.0,486.0,,,,1442119475.96934,238930126.09598
ITA,1993,,,7493.0,483.0,,,,1215273153.65085,234137657.0302
ITA,1994,,,7872.0,439.0,,,,1180899067.20586,322492764.5155
ITA,1995,,,,,,,,1165087573.85831,462503766.01113
ITA,1996,0.94421,1337.61364,6997.0,1678.0,34243.84,,,1026765692.42946,381868067.56177
ITA,1997,0.98522,1148.96073,,,35158.03,,,1003412274.86444,490146606.54218
ITA,1998,1.00275,1142.51929,,,34127.6,,,1153316724.16281,475885109.67595
ITA,1999,0.97865,1137.5056,6281.0,1172.0,34282.2,,,2681285650.47622,1499788958.60808
ITA,2000,1.00104,1154.70198,7877.0,1396.0,36209.65,,,2621860110.88704,1317491031.90242
ITA,2001,1.03714,1164.25597,,,37419.9,,,2868963291.64108,1299572653.73489
ITA,2002,1.07704,1242.88215,,,39094.52,,,3231625816.15344,1934458498.40046
ITA,2003,1.05539,1222.71837,,,42549.05,,,4315235433.52267,2458542812.5663
ITA,2004,1.04662,1242.48468,,,44567.15,,,4964976033.11688,2901080104.43723
ITA,2005,1.04057,1412.59398,,,48093.98,,,5517920060.54573,3223190261.1755
ITA,2006,1.07903,1507.90404,,,51002.2,,,6544011251.91344,3703823201.65663
ITA,2007,1.12421,1579.89282,9255.0,870.0,54347.87,27823962961.0,6.73296,8008964320.60476,4285997614.69986
ITA,2008,1.15548,1613.51417,8588.0,861.0,56415.8,29484983562.0,6.67786,7233846030.93843,3969313813.78758
ITA,2009,1.21261,1703.84695,8814.0,903.0,58491.98,25668989067.0,7.80029,6142374753.37807,3270322889.40337
ITA,2010,1.21296,1722.66807,8877.0,846.0,58776.67,29268480484.0,8.0162,6545120561.61614,3641187900.86579
ITA,2011,1.19531,1760.64483,8794.0,927.0,60521.84,33756014081.0,7.97153,6609329692.64064,4030909755.86442
ITA,2012,1.25559,1831.34278,8439.0,871.0,64130.5,29554731669.0,7.59501,5585999530.02788,4099330835.25121
ITA,2013,1.29425,1916.30366,8307.0,905.0,67380.42,31881513868.0,7.77207,6496265494.50459,3544148442.95075
ITA,2014,1.33148,1947.34437,8601.0,781.0,69089.63,32867361936.0,7.73691,6228059561.70228,3212736077.23127
ITA,2015,1.33213,2075.80841,,,70947.03,30092633847.0,8.15205,5134183745.89511,2944393066.79549
ITA,2016,1.35915,2209.59265,8848.0,973.0,70793.77,31090352971.0,8.29075,5686268683.24166,3282012745.76284
ITA,2017,1.36393,2322.42382,8643.0,1031.0,72117.06,31877714689.0,7.80527,5739773745.98012,4171340680.71958
ITA,2018,1.41934,2524.31271,8921.0,900.0,73693.73,32468393639.0,7.47656,5141287990.29304,4941537839.0293
ITA,2019,1.45558,2670.65345,9229.0,898.0,78131.55,32553693542.0,7.75802,4952836477.94907,4496738843.74995
ITA,2020,1.49869,2614.68181,10061.0,947.0,86301.61,32899224952.0,8.58724,4202673105.17798,4145869535.10042
ITA,2021,1.41065,2658.8949,10281.0,797.0,92877.32,36849787531.0,7.77025,6251440248.12411,4845567425.61328
ITA,2022,1.36563,2795.53412,,,90585.64,45177261781.0,9.15916,7172669248.72837,5231086503.69319
ITA,2023,1.37935,2855.12509,,,,52167641514.0,9.9837,7046540170.91638,5700454477.34155
ITA,2024,,,,,,60156857365.0,12.28271,7760347857.32337,5239256908.06287
JAM,1976,,,,,,,,4500000.0,
JAM,1977,,,,,,,,1400000.0,
JAM,1978,,,,,,,,3000000.0,
JAM,1979,,,,,,,,4900000.0,400000.0
JAM,1980,,,,,,,,900000.0,
JAM,1981,,,,,,,,1000000.0,
JAM,1982,,,,,,,,7500000.0,
JAM,1983,,,15.0,93.0,,,,1200000.0,
JAM,1984,,,10.0,93.0,,,,1600000.0,
JAM,1985,,,,,,,,1900000.0,
JAM,1986,,,,,,,,2000000.0,4100000.0
JAM,1987,,,3.0,101.0,,,,6800000.0,2600000.0
JAM,1988,,,,,,,,7900000.0,15300000.0
JAM,1989,,,,,,,,11500000.0,2700000.0
JAM,1990,,,4.0,77.0,,,,7100000.0,3300000.0
JAM,1991,,,4.0,39.0,,,,9400000.0,2000000.0
JAM,1992,,,6.0,59.0,,,,2700000.0,3300000.0
JAM,1993,,,9.0,64.0,,,,3200000.0,9200000.0
JAM,1994,,,6.0,60.0,,,,10500000.0,5100000.0
JAM,1995,,,7.0,54.0,,,,19400000.0,3900000.0
JAM,1996,,,2.0,77.0,125.32,,,27900000.0,4300000.0
JAM,1997,,,9.0,61.0,107.26,,,27600000.0,7000000.0
JAM,1998,,,,,95.74,,,30000000.0,6600000.0
JAM,1999,,,,,113.34,,,40500000.0,6200000.0
JAM,2000,,,11.0,90.0,107.05,,,41000000.0,6400000.0
JAM,2001,0.0491,,4.0,72.0,151.66,,,38300000.0,5900000.0
JAM,2002,0.06096,,15.0,54.0,147.92,,,32100000.0,6130000.0
JAM,2003,,,9.0,41.0,141.52,,,10800000.0,12000000.0
JAM,2004,,,11.0,61.0,168.78,,,9082033.0,9686649.0
JAM,2005,,,10.0,59.0,145.14,,,10954140.74,12652016.0
JAM,2006,,,21.0,132.0,144.2,,,11164167.27,11959991.65
JAM,2007,,,6.0,157.0,174.49,,,60382721.69959,14948376.0
JAM,2008,,,15.0,121.0,221.42,6447306.0,2.95191,48152311.87097,16607072.7
JAM,2009,,,17.0,110.0,206.93,4303754.0,1.92338,44823553.95097,9134474.76
JAM,2010,,,14.0,142.0,173.98,2935421.0,2.97041,36279447.73097,4861221.77
JAM,2011,,,20.0,93.0,199.55,4141872.0,7.33194,47410236.73097,3896723.07
JAM,2012,,,25.0,82.0,206.96,4638188.0,2.07943,60119539.63468,4033323.07
JAM,2013,,,22.0,97.0,201.42,4359115.0,3.56695,55850569.29461,4993323.07
JAM,2014,,,33.0,122.0,208.67,3313970.0,4.57206,50762247.76961,6255375.37
JAM,2015,,,7.0,63.0,155.26,552512.0,1.03608,50756619.67961,5521533.22
JAM,2016,,,19.0,59.0,162.19,2140280.0,4.12771,50756619.67961,5297927.73
JAM,2017,,,11.0,57.0,168.53,2485946.0,5.73933,51414871.81872,4886313.12817
JAM,2018,,,26.0,53.0,197.8,4123124.0,7.97852,51170096.17675,5293969.83
JAM,2019,,,14.0,51.0,152.88,2128180.0,4.17241,50756619.67961,8082365.95
JAM,2020,,,10.0,47.0,172.21,1133039.0,2.35064,50756619.67961,4643968.35
JAM,2021,,,16.0,60.0,212.21,1034853.0,2.47195,50756619.67961,5406746.27
JAM,2022,,,,,168.07,927489.0,1.47098,50756619.67961,4769937.21
JAM,2023,,,,,,1222621.0,2.64699,50756619.67961,4244996.78
JAM,2024,,,,,,,,50755510.18674,6105850.59
JOR,1980,,,,68.0,,,,,
JOR,1981,,,,91.0,,,,,
JOR,1982,,,,24.0,,,,,
JOR,1989,,,11.0,61.0,,,,,
JOR,1996,,,,,348.08,,,,
JOR,1997,,,,,403.39,,,,
JOR,1998,,1779.75136,,,457.61,,,,
JOR,1999,,,,,476.6,,,,
JOR,2000,,,71.0,127.0,536.58,,,,
JOR,2001,,,52.0,147.0,539.78,,,,
JOR,2002,0.33689,,21.0,117.0,589.94,,,,
JOR,2003,,,25.0,157.0,657.18,,,,
JOR,2004,,,42.0,141.0,742.46,,,,
JOR,2005,,,49.0,169.0,788.65,,,,
JOR,2006,,,75.0,428.0,916.62,,,,
JOR,2007,,,59.0,507.0,1037.22,38758059.0,1.13354,,
JOR,2008,0.42154,,50.0,535.0,1240.07,42631515.0,0.91723,,
JOR,2009,,,60.0,446.0,1282.14,50931448.0,1.41392,,
JOR,2010,,,45.0,429.0,1435.45,122345003.0,2.86205,,
JOR,2011,,,40.0,360.0,1416.08,117330936.0,2.55058,,
JOR,2012,,,48.0,346.0,1380.32,107823091.0,2.36779,,
JOR,2013,,,35.0,357.0,1403.65,82010005.0,1.68597,,
JOR,2014,,,40.0,339.0,1368.51,93168509.0,1.80671,2394366.19718,10845070.42254
JOR,2015,,254.19597,41.0,294.0,1421.99,121229996.0,2.57704,14788732.39437,12760563.38028
JOR,2016,0.69547,572.41702,22.0,256.0,1672.05,149415961.0,3.37783,24084507.04225,22112676.05634
JOR,2017,,576.00927,26.0,174.0,1994.89,83323210.0,1.81282,21267605.6338,34507042.25352
JOR,2018,,,24.0,109.0,2472.02,74306906.0,1.50858,23521126.76056,21830985.91549
JOR,2019,,,21.0,290.0,3009.79,71400168.0,1.36854,27183098.59155,8873239.43662
JOR,2020,,,36.0,301.0,3373.47,78697323.0,1.54388,24507042.25352,6197183.09859
JOR,2021,,,25.0,322.0,4068.98,109412830.0,1.71368,28028169.01408,24788732.39437
JOR,2022,,,,,5249.35,129255367.0,1.44969,34929577.46479,15633802.8169
JOR,2023,,,,,,177694397.0,2.08416,30704225.35211,14366197.1831
JOR,2024,,,,,,,,32676056.33803,22676056.33803
JPN,1980,,,165730.0,25290.0,,,,,
JPN,1983,,,227708.0,24977.0,,,,,
JPN,1984,,,256205.0,28562.0,,,,,
JPN,1985,,,274373.0,28622.0,,,,,
JPN,1986,,,290202.0,29887.0,,,,,
JPN,1987,,,311006.0,30089.0,,,,,
JPN,1988,,,308908.0,30491.0,,,,,
JPN,1989,,,317566.0,33641.0,,,,,
JPN,1990,,,333230.0,34360.0,,,,,
JPN,1991,,,335933.0,33463.0,,,,,
JPN,1992,,,338019.0,33875.0,,,,,
JPN,1993,,,332345.0,34141.0,,,,,
JPN,1994,,,319938.0,33363.0,,,,,
JPN,1995,,,334612.0,34603.0,,,,,
JPN,1996,2.64303,4906.38735,340101.0,36514.0,88807.36,,,9828945306.84493,6680586807.97836
JPN,1997,2.72177,4959.03285,350807.0,40765.0,91890.26,,,9620507762.2415,7302764523.66376
JPN,1998,2.82745,5164.5008,359381.0,42551.0,92245.79,,,8947380928.65355,7388020643.41432
JPN,1999,2.84672,5201.03384,360180.0,45475.0,94194.57,,,9854801123.8452,8190414066.96274
JPN,2000,2.85841,5102.41299,387364.0,49501.0,96607.21,,,11006793149.5979,10227354811.4584
JPN,2001,2.92348,5136.2064,386767.0,52408.0,96102.98,,,11098561970.8524,10461595549.6634
JPN,2002,2.96514,4891.16889,369458.0,51586.0,98144.51,,,11020739908.8539,10421751154.8455
JPN,2003,2.99319,5113.02549,358184.0,54909.0,101381.97,,,11003388851.9008,12270687359.0694
JPN,2004,2.98125,5117.27802,368416.0,54665.0,103829.66,,,13644338678.2394,15701300547.3508
JPN,2005,3.13092,5322.47485,367960.0,59118.0,112257.28,,,14653524495.4492,17655293013.2502
JPN,2006,3.22766,5352.83117,347060.0,61614.0,113533.15,,,15500422630.0405,20095621605.519
JPN,2007,3.29257,5344.2381,333498.0,62793.0,109140.33,128611660344.0,20.06531,16677754114.4856,23228568012.5429
JPN,2008,3.29224,5125.12165,330110.0,60892.0,107614.13,130519449472.0,18.82485,18311541938.9621,25700583119.7172
JPN,2009,3.1959,5114.01193,295315.0,53281.0,109026.54,103919965322.0,20.44597,16834677241.2227,21697984664.1581
JPN,2010,3.10495,5117.18164,290081.0,54517.0,108732.89,130091252319.0,19.12269,18768647813.3266,26680317333.8951
JPN,2011,3.20537,5123.33234,287580.0,55030.0,110457.48,133397946551.0,18.39225,19172720512.1255,28989252520.8126
JPN,2012,3.1737,5048.63399,287013.0,55783.0,109040.04,129463812214.0,18.23825,19897558092.8025,31892291571.94749
JPN,2013,3.27895,5166.83422,271731.0,56705.0,108551.11,111257955701.0,17.75876,17831143179.9957,31586957364.2198
JPN,2014,3.36788,5351.53211,265959.0,60030.0,105286.6,107543978073.0,17.78053,20941598563.3023,37336359360.3336
JPN,2015,3.24071,5198.48902,258839.0,59882.0,102018.5,98394425742.0,18.04549,17033762145.6497,36476971138.5854
JPN,2016,3.10665,5232.70894,260244.0,58137.0,102449.32,99260695081.0,17.62042,20246369822.2081,39136372676.8632
JPN,2017,3.16636,5319.83455,260292.0,58189.0,102425.45,106357714667.0,17.59428,21381387583.9078,41721260134.2764
JPN,2018,3.2192,5339.51713,253630.0,59937.0,103957.43,110919852153.0,17.29705,21993730961.75172,45571207969.35901
JPN,2019,3.21824,5376.11987,245372.0,62597.0,104005.62,104081423307.0,17.03038,26774027970.6846,47149932380.4128
JPN,2020,3.26556,5450.44287,227348.0,61124.0,102788.11,102929600738.0,18.63335,28550217207.2916,43315520409.1622
JPN,2021,3.27383,5589.76698,222452.0,66748.0,109074.89,116695460286.0,18.00399,29653031447.8851,48310405302.39729
JPN,2022,3.40053,5629.79566,,,103722.96,113492876284.0,18.25926,27889615105.5256,45894067610.1914
JPN,2023,3.44125,5608.63075,,,,102601446852.0,17.10281,29099065928.6654,51912187642.264
JPN,2024,,,,,,102451366263.0,17.55474,29722548537.8755,51355040613.1927
KAZ,1992,,,433.0,12.0,,,,,
KAZ,1993,,,3223.0,1205.0,,,,,
KAZ,1994,,,1393.0,183.0,,,,,
KAZ,1995,,,1031.0,342.0,,,,,
KAZ,1996,,,1022.0,325.0,229.71,,,,
KAZ,1997,0.29337,,1171.0,303.0,166.55,,,,
KAZ,1998,0.22039,,1244.0,159.0,211.91,,,,
KAZ,1999,0.18383,,1352.0,111.0,163.63,,,,
KAZ,2000,0.18104,,1399.0,116.0,192.97,,,11762250.0,
KAZ,2001,0.22009,,1607.0,99.0,204.41,,,13633443.0,
KAZ,2002,0.25509,,1594.0,103.0,230.31,,,19912050.0,
KAZ,2003,0.25246,,1696.0,102.0,254.88,,,19631955.0,200.0
KAZ,2004,0.24837,,1756.0,111.0,241.46,,,25710836.0,35900.0
KAZ,2005,0.28361,,1523.0,103.0,250.5,,,30903834.0,21330.0
KAZ,2006,0.24281,,1433.0,124.0,230.76,,,48439128.0,
KAZ,2007,0.20884,394.65661,1633.0,194.0,228.35,,,67989400.0,
KAZ,2008,0.21654,365.52061,1483.0,189.0,239.01,,,86660560.0,
KAZ,2009,0.22924,338.66777,1513.0,314.0,272.7,1812401770.0,31.68098,65089100.0,
KAZ,2010,0.15341,360.06018,1691.0,273.0,321.99,2364781921.0,35.3582,85536930.0,
KAZ,2011,0.15349,375.48738,1415.0,317.0,381.98,2599147008.0,25.68139,94623340.0,
KAZ,2012,0.16525,596.79809,,,447.55,3570823080.0,31.00769,152394296.0,
KAZ,2013,0.17132,720.18538,1824.0,378.0,621.51,3111007262.0,38.53521,147894953.50511,266600.0
KAZ,2014,0.16722,781.43387,1742.0,271.0,906.72,3394068818.0,39.26344,93680130.0,1776000.0
KAZ,2015,0.16951,760.84725,1271.0,232.0,1110.37,2855226725.0,43.42962,149088505.0,885710.0
KAZ,2016,0.14179,678.87213,993.0,231.0,1470.61,2073669213.0,32.09853,126873670.0,1089830.0
KAZ,2017,0.12667,650.77119,1055.0,173.0,1690.02,1785382621.0,24.21042,117050999.26837,694840.0
KAZ,2018,0.11683,650.01155,789.0,193.0,1973.65,1772255489.0,23.57071,167710230.0,912060.0
KAZ,2019,0.11841,619.64887,,,2413.12,2224579104.0,29.28972,141641590.0,2792020.0
KAZ,2020,0.12602,668.82871,803.0,97.0,2907.0,2031756167.0,34.09897,146488695.0,1398980.0
KAZ,2021,0.13023,609.97284,,,3294.93,2117626840.0,27.34354,231453628.14971,2858220.0
KAZ,2022,0.11715,661.69455,,,3550.75,3760939727.0,32.26665,302719976.55037,6647490.0
KAZ,2023,0.14449,693.05803,,,,5145671171.0,34.42934,442579620.0,31603950.0
KAZ,2024,0.16242,758.00637,,,,7194367300.0,42.1953,454727287.96684,12791990.0
KEN,1980,,,,96.0,,,,,
KEN,1981,,,,75.0,,,,,
KEN,1982,,,,76.0,,,,,
KEN,1983,,,,100.0,,,,,
KEN,1984,,,,122.0,,,,,
KEN,1985,,,,98.0,,,,,
KEN,1986,,,,107.0,,,,,
KEN,1987,,,,108.0,,,,1823210.37974,8265220.38815
KEN,1988,,,1.0,55.0,,,,,
KEN,1989,,,,65.0,,,,4228953.26115,12103555.88537
KEN,1990,,,,,,,,5978677.5049,9426236.06612
KEN,1991,,,8.0,20.0,,,,3846172.48884,11065925.38377
KEN,1992,,,,,,,,3352284.77866,6952886.94833
KEN,1993,,,14.0,37.0,,,,101528079.81426,9281028.02234
KEN,1994,,,,,,,,87130007.14087,7044031.21645
KEN,1995,,,,,,,,64942812.05137,15225365.30354
KEN,1996,,,15.0,38.0,392.39,,,52106048.27932,15480382.80751
KEN,1997,,,22.0,40.0,409.19,,,67870509.1971,22420376.45394
KEN,1998,,,27.0,34.0,360.51,,,46834098.93203,21904294.91756
KEN,1999,,,25.0,30.0,362.13,,,50826564.67846,10139035.39529
KEN,2000,,,,,360.08,,,77305180.52328,7066730.18953
KEN,2001,,,,,404.9,,,62162530.43171,5025533.90299
KEN,2002,,,23.0,49.0,441.14,,,42413135.29661,9943448.06086
KEN,2003,,,22.0,73.0,424.62,,,39191514.88259,11643555.27283
KEN,2004,,,31.0,53.0,450.54,,,50346909.84141,16631622.26556
KEN,2005,,,34.0,59.0,460.56,,,36900044.48788,17501232.02564
KEN,2006,,,41.0,41.0,483.57,,,19722101.68783,9889483.24695
KEN,2007,0.35521,56.1911,41.0,91.0,545.79,,,23566334.82997,23041658.07387
KEN,2008,,,63.0,89.0,591.12,80115543.0,4.69439,28437309.79815,32831073.36596
KEN,2009,,,48.0,123.0,702.74,98510554.0,6.06267,21238102.94269,19483268.18186
KEN,2010,0.69222,226.90023,77.0,120.0,750.61,117847746.0,6.71762,17804542.28629,53797178.43226
KEN,2011,,,135.0,122.0,830.81,,,15092764.09198,55003126.32795
KEN,2012,,,123.0,136.0,791.58,,,31781529.12292,32121764.96222
KEN,2013,,,127.0,114.0,853.74,78080483.0,4.0691,77528527.67367,41727704.0198
KEN,2014,,,132.0,75.0,935.73,,,147498189.74174,59651853.10265
KEN,2015,,,137.0,56.0,1001.89,81211504.0,4.3661,146182787.70666,91720736.01578
KEN,2016,,,144.0,59.0,1100.23,136067548.0,7.58623,144483967.26609,65959474.65842
KEN,2017,,,135.0,43.0,1191.38,48618065.0,3.34859,206821952.0875,68571479.45193
KEN,2018,,,244.0,42.0,1334.77,54893824.0,3.61296,131726255.17243,71288309.85889
KEN,2019,,,294.0,41.0,1463.07,82489558.0,4.59328,121644123.28036,63052340.67587
KEN,2020,,,341.0,35.0,1786.27,85930692.0,5.11178,76192114.52065,43016838.3283
KEN,2021,,,160.0,37.0,1976.72,57056299.0,3.12736,42251397.38801,55479004.16647
KEN,2022,0.40651,168.60477,,,2007.14,45746966.0,2.26074,39863721.7727,73661978.81854
KEN,2023,0.80427,200.85225,,,,60148845.0,3.04169,44089339.56132,31260086.12074
KEN,2024,0.81069,384.02423,,,,66981513.0,3.15003,65477566.39158,41529193.52776
KGZ,1994,,,132.0,259.0,,,,,
KGZ,1995,,,119.0,29.0,,,,,
KGZ,1996,,,126.0,142.0,26.37,,,,
KGZ,1997,0.1939,,152.0,55.0,25.89,,,,
KGZ,1998,0.21064,,111.0,12.0,31.64,,,3804809.6868,2569797.3708
KGZ,1999,0.17992,,60.0,2.0,30.98,,,2816176.96,2816176.96
KGZ,2000,0.15637,,80.0,4.0,28.88,,,9236500.0,4834800.0
KGZ,2001,0.17189,,84.0,14.0,30.72,,,6924200.0,1286200.0
KGZ,2002,0.1981,,123.0,5.0,29.46,,,3368008.4,632713.689
KGZ,2003,0.22272,,179.0,1.0,21.7,,,3547913.7,512354.37963
KGZ,2004,0.19926,,,,34.11,,,2988608.19559,961306.09814
KGZ,2005,0.19861,,,,44.83,,,5983640.55,1738411.26188
KGZ,2006,0.23014,,,,52.87,,,19490436.36,2382838.08363
KGZ,2007,0.23425,,155.0,3.0,38.24,,,11707867.45,2390744.38563
KGZ,2008,0.19017,,135.0,3.0,51.57,11468188.0,3.1185,,
KGZ,2009,0.15997,,146.0,3.0,34.73,10988696.0,5.03035,5662074.0,1690333.0
KGZ,2010,0.15547,,134.0,6.0,34.82,2970808.0,1.23076,2586897.0,1094534.0
KGZ,2011,0.15633,,124.0,5.0,49.58,11894487.0,3.95317,6189091.0,1449782.0
KGZ,2012,0.1661,,110.0,1.0,51.95,16118188.0,4.78259,7755518.0,2745240.0
KGZ,2013,0.14914,,111.0,3.0,56.04,17235761.0,5.43347,6927118.0,3206938.0
KGZ,2014,0.12536,,132.0,7.0,50.81,6232732.0,2.04826,4981486.0,1405571.0
KGZ,2015,0.11903,,122.0,4.0,48.24,43740659.0,12.24602,5954780.0,1392185.0
KGZ,2016,0.11121,,84.0,5.0,106.29,66838962.0,19.63132,7538903.0,2682808.0
KGZ,2017,0.10707,,137.0,9.0,115.48,88906754.0,17.61234,5301675.0,804691.0
KGZ,2018,0.10107,,,,135.02,40021412.0,8.05189,5911752.0,632392.0
KGZ,2019,0.08535,,92.0,1.0,186.15,29752221.0,6.73848,5000636.0,1073132.0
KGZ,2020,0.08356,,63.0,1.0,209.59,27637566.0,8.74655,5652904.0,1363164.0
KGZ,2021,0.07102,,83.0,4.0,252.43,87115119.0,16.29873,6553731.0,1941375.0
KGZ,2022,0.06922,,,,236.83,135451210.0,10.55405,8282522.0,3217996.0
KGZ,2023,0.05414,,,,,174265303.0,16.33354,,
KGZ,2024,0.05269,,,,,133295328.0,10.67111,,
KHM,1996,,,,,4.94,,,,
KHM,1997,,,,,6.79,,,,
KHM,1998,,,,,8.79,,,4746705.0,
KHM,1999,,,,,10.18,,,6719858.4,
KHM,2000,,,,,12.15,,,4435554.2016,
KHM,2001,,,,,13.24,,,4767498.28612,
KHM,2002,0.0474,17.47676,,,24.24,,,5219087.22776,
KHM,2003,,,,,23.91,,,6011050.77033,390158.21162
KHM,2004,,,,,36.55,,,6364995.09749,19756.5
KHM,2005,,,,,35.52,,,7277620.02427,403577.8236
KHM,2006,,,,,44.33,,,6979500.0,130000.0
KHM,2007,,,,13.0,51.81,1604572.0,0.0468,10224000.0,90000.0
KHM,2008,,,,39.0,51.44,3806890.0,0.09165,6388500.0,530000.0
KHM,2009,,,,28.0,65.22,9960158.0,0.20892,8416000.0,40000.0
KHM,2010,,,,26.0,55.85,8239391.0,0.15341,6280500.0,340000.0
KHM,2011,,,,43.0,71.36,7198370.0,0.11478,10102500.0,1000000.0
KHM,2012,,,,53.0,77.26,13857078.0,0.2591,11139000.0,3840000.0
KHM,2013,,,1.0,74.0,85.39,73018958.0,1.21286,11889000.0,2400000.0
KHM,2014,,,2.0,65.0,93.44,31192963.0,0.50563,20506256.6076,2658758.08918
KHM,2015,0.08828,30.38923,,65.0,111.49,121425752.0,1.53516,12465615.55999,566332.74576
KHM,2016,,,3.0,77.0,125.21,171116016.0,1.85868,10412895.40856,1510723.93086
KHM,2017,,,,55.0,125.22,177205288.0,1.74239,12678687.62572,980846.58588
KHM,2018,,,1.0,160.0,147.68,164816028.0,1.40928,27718787.99087,2379521.41
KHM,2019,,,,310.0,145.71,160372357.0,1.19402,26268005.56112,12203602.016
KHM,2020,,,,248.0,163.05,308424335.0,2.28307,20900816.28051,9332128.84211
KHM,2021,,,,,171.26,454908154.0,2.98063,18597536.42697,958355.9241
KHM,2022,,,,,203.2,1225957686.0,6.56223,37606655.50597,17711102.55265
KHM,2023,,,,,,2353434396.0,12.98534,60395288.85711,19345974.58148
KHM,2024,,,,,,1095668798.0,5.26214,75537238.98479,7088690.93292
KIR,1985,,,,1.0,,,,,2168455.08999
KIR,1986,,,,,,,,,2513412.38666
KIR,1987,,,,,,,,,1502611.71561
KIR,1988,,,,,,,,,1729030.07377
KIR,1989,,,,,,,,,2328014.99292
KIR,1990,,,,,,,,,3102126.62984
KIR,1991,,,,,,,,,9282917.89651
KIR,1992,,,,,,,,,9552392.99428
KIR,1993,,,,,,,,,9606544.44565
KIR,1994,,,,,,,,,13433002.2342
KIR,1996,,,,,0.17,,,,
KIR,1997,,,,,0.33,,,,
KIR,1998,,,,,0.0,,,,
KIR,1999,,,,2.0,0.0,,,,
KIR,2000,,,,,0.0,,,,
KIR,2001,,,,,0.5,,,,
KIR,2002,,,,,0.0,,,,
KIR,2003,,,,,0.11,,,,
KIR,2004,,,,,0.0,,,,
KIR,2005,,,,,0.0,,,,
KIR,2006,,,,,0.36,,,,
KIR,2007,,,,,2.12,,,,
KIR,2008,,,,,0.0,,,,
KIR,2009,,,,,0.33,,,,
KIR,2010,,,,,0.33,,,,
KIR,2011,,,,,0.0,,,,
KIR,2012,,,,,1.0,,,,
KIR,2013,,,,,1.05,,,,
KIR,2014,,,,,1.94,38745.0,2.75934,,
KIR,2015,,,,,1.48,23849.0,1.3826,,
KIR,2016,,,,,2.17,42924.0,2.75951,,
KIR,2017,,,,,2.54,59185.0,3.42147,,
KIR,2018,,,,,0.62,57241.0,21.55036,,
KIR,2019,,,,,3.97,,,,
KIR,2020,,,,,3.71,83778.0,7.67213,,
KIR,2021,,,,,2.36,4264.0,2.29693,,
KIR,2022,,,,,2.03,,,,
KNA,1990,,,,,,,,133333.33333,
KNA,1991,,,,,,,,159259.25926,
KNA,1992,,,,,,,,111111.11111,
KNA,1993,,,,,,,,48148.14815,
KNA,1994,,,,,,,,14814.81481,
KNA,1996,,,,,0.25,,,296296.2963,
KNA,1997,,,,,1.33,,,311111.11111,
KNA,1998,,,,,1.46,,,303703.7037,
KNA,1999,,,,,3.24,,,822222.22222,
KNA,2000,,,,,1.5,,,1394940.59583,
KNA,2001,,,,,1.0,,,1528495.95006,
KNA,2002,,,,,0.34,,,1592362.71399,
KNA,2003,,,,,0.0,,,1541208.54178,106296.2963
KNA,2004,,,,,0.73,,,1681168.74437,
KNA,2005,,,,,1.96,,,1830212.27337,
KNA,2006,,,,,1.94,,,2145602.9425,
KNA,2007,,,,,1.17,,,2286751.64831,
KNA,2008,,,,,4.16,,,2479844.76708,
KNA,2009,,,,,2.82,7420.0,0.02539,2468944.95913,
KNA,2010,,,,,4.41,302278.0,1.30105,2483119.79088,310238.14815
KNA,2011,,,,,4.63,34590.0,0.11663,2666069.74747,202061.11111
KNA,2012,,,,,8.85,12585339.0,35.76768,2631919.05046,99966.2963
KNA,2013,,,,,12.97,10761053.0,35.1206,2789810.1551,99966.66667
KNA,2014,,,,,15.2,7944481.0,27.63544,3039400.74074,
KNA,2015,,,,4.0,19.3,4863483.0,23.28034,2556748.51852,
KNA,2016,,,,5.0,21.51,5702669.0,25.76348,2655552.22222,
KNA,2017,,,,9.0,28.53,6842005.0,34.60264,1548652.22222,
KNA,2018,,,,4.0,27.26,,,1977240.74074,
KNA,2019,,,,,33.46,,,3167362.59259,
KNA,2020,,,,,35.74,,,2561087.77778,
KNA,2021,,,,,34.45,,,4590450.74074,
KNA,2022,,,,,38.87,,,2882786.2963,
KNA,2023,,,,,,,,3825457.77778,
KNA,2024,,,,,,,,3734422.96296,
KOR,1976,,,,,,,,1000000.0,2000000.0
KOR,1977,,,,,,,,3000000.0,
KOR,1978,,,,,,,,2000000.0,3000000.0
KOR,1979,,,,,,,,1000000.0,2000000.0
KOR,1980,,,1241.0,3829.0,,,,125100000.0,23200000.0
KOR,1981,,,1319.0,3984.0,,,,92200000.0,3800000.0
KOR,1982,,,1556.0,4368.0,,,,166200000.0,5700000.0
KOR,1983,,,1599.0,4795.0,,,,175800000.0,6900000.0
KOR,1984,,,1997.0,6636.0,,,,266200000.0,4000000.0
KOR,1985,,,2702.0,7883.0,,,,325600000.0,3200000.0
KOR,1986,,,3640.0,9115.0,,,,478000000.0,15600000.0
KOR,1987,,,4871.0,12186.0,,,,580300000.0,10300000.0
KOR,1988,,,5696.0,14355.0,,,,823300000.0,42600000.0
KOR,1989,,,7020.0,16295.0,,,,1129300000.0,23200000.0
KOR,1990,,,9082.0,16738.0,,,,1376800000.0,37100000.0
KOR,1991,,,13253.0,14880.0,,,,1608700000.0,60500000.0
KOR,1992,,,15951.0,15122.0,,,,1672700000.0,105000000.0
KOR,1993,,,21449.0,15044.0,,,,1451400000.0,129500000.0
KOR,1994,,,28554.0,17158.0,,,,1767300000.0,154800000.0
KOR,1995,,,59228.0,19271.0,,,,2468100000.0,299200000.0
KOR,1996,2.14233,2186.08907,68405.0,21921.0,8866.52,,,2537000000.0,184900000.0
KOR,1997,2.17409,2241.82853,67359.0,25325.0,11237.92,,,2529800000.0,252600000.0
KOR,1998,2.03608,2007.82828,50596.0,24637.0,12158.34,,,2434400000.0,261500000.0
KOR,1999,1.9446,2161.01827,55970.0,24672.0,14682.76,,,2741200000.0,463100000.0
KOR,2000,2.0494,2324.08478,72831.0,29179.0,15875.05,,,3300300000.0,701500000.0
KOR,2001,2.19872,2906.71111,73714.0,30898.0,18435.81,,,3142000000.0,947300000.0
KOR,2002,2.13042,3007.81714,76570.0,29566.0,20023.41,,,3125900000.0,879600000.0
KOR,2003,2.19657,3189.96825,90313.0,28338.0,23879.88,,,3660100000.0,1339100000.0
KOR,2004,2.35292,3281.04385,105250.0,34865.0,27741.08,,,4598100000.0,1916800000.0
KOR,2005,2.42725,3763.23464,122188.0,38733.0,32097.53,,,4720000000.0,2035600000.0
KOR,2006,2.61516,4173.2456,125476.0,40713.0,37247.49,,,4776500000.0,2115000000.0
KOR,2007,2.75895,4614.74679,128701.0,43768.0,41317.08,107199622808.0,32.42826,5334400000.0,1826800000.0
KOR,2008,2.86774,4892.49313,127114.0,43518.0,43923.63,111219694589.0,30.45014,5823400000.0,2434300000.0
KOR,2009,3.02145,5037.92837,127316.0,36207.0,45957.42,103766364470.0,32.14844,7355600000.0,3255400000.0
KOR,2010,3.17913,5429.43919,131805.0,38296.0,50338.95,132322493748.0,32.1344,9182900000.0,3188400000.0
KOR,2011,3.44409,5908.82443,138034.0,40890.0,53624.1,133617297921.0,28.21332,7415000000.0,4399000000.0
KOR,2012,3.6852,6393.34374,148136.0,40779.0,56100.89,130675945808.0,28.22208,8616600000.0,3902900000.0
KOR,2013,3.77487,6457.88851,159978.0,44611.0,57320.12,143485221079.0,29.8182,9836800000.0,4355300000.0
KOR,2014,3.88983,6867.33385,164073.0,46219.0,60152.58,149062381047.0,30.06087,10546000000.0,5541600000.0
KOR,2015,3.78907,7020.43916,167275.0,46419.0,62722.77,147046540245.0,31.21193,10055900000.0,6553500000.0
KOR,2016,3.78638,7057.16003,163424.0,45406.0,62915.13,135906055229.0,30.52503,9429400000.0,6936000000.0
KOR,2017,4.07341,7453.21918,159084.0,45691.0,64096.89,166656272251.0,32.54632,9701600000.0,7286800000.0
KOR,2018,4.27155,7918.46916,162561.0,47431.0,66892.64,192788494176.0,36.39122,9812300000.0,7749100000.0
KOR,2019,4.36379,8328.96727,171603.0,47372.0,70701.85,153549664196.0,32.40506,9909400000.0,7752000000.0
KOR,2020,4.5214,8620.009,180477.0,46282.0,73255.78,163074029188.0,35.60223,9526300000.0,6922400000.0
KOR,2021,4.59673,9071.4503,186245.0,51753.0,77566.47,203986068635.0,36.0145,10480700000.0,8051100000.0
KOR,2022,4.84753,9434.7613,,,76935.71,209651189631.0,36.11828,11002100000.0,7901400000.0
KOR,2023,4.94352,9471.82543,,,,164678173896.0,30.27628,11493800000.0,9267200000.0
KOR,2024,,,,,,216203069107.0,36.25826,12264900000.0,9578700000.0
KWT,1996,,,,,475.08,,,,
KWT,1997,0.20538,189.29425,,,489.87,,,,
KWT,1998,0.25796,181.69805,,,544.42,,,,
KWT,1999,0.19763,174.10772,,,562.61,,,,
KWT,2000,0.12542,168.07987,,,505.73,,,,
KWT,2001,0.17884,169.54601,,,526.06,,,,
KWT,2002,0.18001,170.06803,,,512.71,,,,
KWT,2003,0.14347,171.66419,,,535.29,,,,
KWT,2004,0.1301,174.76497,,,569.37,,,,
KWT,2005,0.10083,176.11884,,,626.7,,,,
KWT,2006,0.08479,170.93793,,,656.42,,,,
KWT,2007,0.08585,193.74141,,,727.61,,,,
KWT,2008,0.08551,156.22965,,,765.34,,,,
KWT,2009,0.11213,147.61475,,,801.72,,,,
KWT,2010,0.1014,141.92742,,,744.62,127947715.0,3.11,,
KWT,2011,0.09898,136.13419,,,795.37,131447310.0,2.77229,,
KWT,2012,0.09721,135.22051,,,823.4,,,,
KWT,2013,0.30153,,,,871.03,97598779.0,1.66007,,
KWT,2014,0.42705,637.96147,,,784.11,5504359.0,0.13388,,
KWT,2015,0.0966,405.49843,,,864.37,4071885.0,0.12748,,
KWT,2016,0.07985,481.99315,13.0,37.0,816.43,3815330.0,0.14798,,
KWT,2017,0.0804,498.31295,,,850.76,5445869.0,0.20353,,
KWT,2018,0.06329,502.98169,1.0,256.0,1001.08,231418445.0,4.11849,,
KWT,2019,0.18512,175.34012,,,1162.19,26496306.0,0.90277,,
KWT,2020,0.17805,165.97953,,,1134.46,30598853.0,1.34985,,
KWT,2021,,,,,1255.18,33548389.0,1.19178,,
KWT,2022,0.0801,176.25862,,,1334.56,23822001.0,0.71635,,
KWT,2023,0.09547,159.38516,,,,54309247.0,1.785,,
KWT,2024,0.08954,144.75416,,,,359676657.0,5.82778,,
LAO,1996,,,,,4.43,,,,
LAO,1997,,,,,4.06,,,,
LAO,1998,,,,,8.15,,,,
LAO,1999,,,,,6.17,,,,
LAO,2000,,,,,8.57,,,,
LAO,2001,,,,,7.01,,,,
LAO,2002,0.0371,15.62884,,,12.29,,,,
LAO,2003,,,,,17.72,,,,
LAO,2004,,,,11.0,37.96,,,,
LAO,2005,,,3.0,4.0,24.14,,,,
LAO,2006,,,5.0,14.0,41.42,,,,
LAO,2007,,,2.0,21.0,28.22,,,,
LAO,2008,,,1.0,36.0,34.68,,,,
LAO,2009,,,,18.0,41.96,,,,
LAO,2010,,,,20.0,43.5,19433467.0,6.32582,,
LAO,2011,,,,43.0,49.51,21093610.0,8.16197,,
LAO,2012,,,,53.0,62.81,11789240.0,8.77232,,
LAO,2013,,,1.0,69.0,72.11,45042419.0,9.8136,,
LAO,2014,,,1.0,43.0,56.61,153548987.0,24.99434,,
LAO,2015,,,1.0,61.0,70.96,298095207.0,35.18017,,
LAO,2016,,,,63.0,89.0,275176770.0,33.5741,,
LAO,2017,,,3.0,97.0,78.82,389702557.0,37.95045,,
LAO,2018,,,1.0,58.0,89.81,467981187.0,38.01674,,
LAO,2019,,,,,94.68,229427362.0,20.60946,,
LAO,2020,,,,,90.23,235751311.0,23.15545,,
LAO,2021,,,,,87.11,109835608.0,7.28645,,
LAO,2022,,,,,83.93,204444295.0,9.51768,,
LAO,2023,,,,,,146953997.0,7.41964,,
LBN,1996,,,,,222.34,,,,
LBN,1997,,,,,258.0,,,,
LBN,1998,,,,,276.74,,,,
LBN,1999,,,,,310.32,,,,
LBN,2000,,,,,414.71,,,,
LBN,2001,,,,,435.09,,,,
LBN,2002,,,,,395.95,,,,
LBN,2003,,,,,471.77,,,,
LBN,2004,,,,,499.4,,,98.84,
LBN,2005,,,,,577.01,,,,
LBN,2006,,,,,648.85,,,,
LBN,2007,,,,,661.79,51312506.0,3.04793,,
LBN,2008,,,,,740.45,77065641.0,3.38912,,
LBN,2009,,,,,788.92,161873523.0,8.23652,942199.4,
LBN,2010,,,,,799.05,605196865.0,24.11672,12920910.57108,7278993.90179
LBN,2011,,,,,882.47,61167596.0,2.95056,40173765.91,17871430.088
LBN,2012,,,,,1023.86,44885450.0,2.29115,32815724.755,2659258.4795
LBN,2013,,,105.0,250.0,1099.86,49912501.0,2.67625,28121287.528,75864783.755
LBN,2014,,,80.0,261.0,1219.11,46483050.0,2.52132,34761108.107,18283311.7024
LBN,2015,,,110.0,194.0,1301.39,37657222.0,2.18872,34392576.101,23893863.582
LBN,2016,,,,,1472.02,38914218.0,2.82255,32884145.909,16383136.277
LBN,2017,,,,,1561.41,46015206.0,3.29137,22307143.201,18623773.723
LBN,2018,,,,,1907.25,39532007.0,2.35832,15670585.06158,17741628.18471
LBN,2019,,,,,2096.33,65240726.0,3.89127,22573047.82083,25522091.89174
LBN,2020,,,,,2236.68,76215638.0,5.13651,5018810.25261,19013321.93159
LBN,2021,,,,,2207.34,43838265.0,2.15425,4898958.37569,10563630.28602
LBN,2022,,,,,2091.17,323842671.0,15.13322,9720463.22782,22051572.57427
LBN,2023,,,,,,98096541.0,4.30236,10805527.61597,25521606.69805
LBN,2024,,,,,,60851334.0,2.89591,,
LBR,1991,,,6.0,11.0,,,,,
LBR,1993,,,14.0,21.0,,,,,
LBR,1996,,,,,1.14,,,,
LBR,1997,,,,,0.0,,,,
LBR,1998,,,,,0.63,,,,
LBR,1999,,,,,0.0,,,,
LBR,2000,,,,,1.0,,,,
LBR,2001,,,,,0.0,,,,
LBR,2002,,,,,0.69,,,,
LBR,2003,,,,,1.0,,,,
LBR,2004,,,,,1.42,,,,
LBR,2005,,,,,1.08,,,,
LBR,2006,,,,,3.55,,,,
LBR,2007,,,,,4.15,,,,
LBR,2008,,,,,2.14,,,,
LBR,2009,,,,,2.33,,,,
LBR,2010,,,,,4.36,,,,
LBR,2011,,,,,9.22,,,,
LBR,2012,,,,,7.47,,,,
LBR,2013,,,,,3.46,,,,
LBR,2014,,,,,9.45,,,,
LBR,2015,,,,,10.71,,,,
LBR,2016,,,,,17.19,,,,
LBR,2017,,,,,21.09,35034938.0,56.85809,,
LBR,2018,,,,,25.33,9816795.0,16.8436,,
LBR,2019,,,,,21.98,1141739.0,5.50358,,
LBR,2020,,,,,10.6,3035.0,0.01504,,
LBR,2021,,,,,26.16,961787.0,7.93497,,
LBR,2022,,,,,25.91,859787.0,10.268,,
LBR,2023,,,,,,97955.0,0.64372,,
LBR,2024,,,,,,,,,38942.94805
LBY,1989,,,3.0,24.0,,,,,
LBY,1990,,,10.0,47.0,,,,,
LBY,1991,,,25.0,22.0,,,,,
LBY,1993,,,15.0,21.0,,,,,
LBY,1994,,,10.0,21.0,,,,,
LBY,1995,,,6.0,37.0,,,,,
LBY,1996,,,12.0,23.0,36.86,,,,
LBY,1997,,,,,41.98,,,,
LBY,1998,,,,,54.13,,,,
LBY,1999,,,,,39.42,,,,
LBY,2000,,,,,61.41,,,,4000000.0
LBY,2001,,,,,45.89,,,,2000000.0
LBY,2002,,,,,41.14,,,,10000000.0
LBY,2003,,,,,52.05,,,,
LBY,2004,,,,,65.62,,,,
LBY,2005,,,,,77.46,,,,
LBY,2006,,,,,92.37,,,,
LBY,2007,,,,,117.74,,,,
LBY,2008,,,,,135.11,,,,
LBY,2009,,,,,238.83,,,,
LBY,2010,,,,,296.69,,,,
LBY,2011,,,,,125.53,,,,
LBY,2012,,,,,152.3,,,,
LBY,2013,,,,,203.74,,,,
LBY,2014,,,,,194.48,,,,
LBY,2015,,,,,175.79,,,,
LBY,2016,,,,,140.44,,,,
LBY,2017,,,,,162.62,,,,
LBY,2018,,,,,167.84,,,,
LBY,2019,,,,,186.16,1125922.0,0.60468,,
LBY,2020,,,,,245.96,,,,
LBY,2021,,,,,456.28,,,1300000.0,
LBY,2022,,,,,407.95,,,,
LCA,1980,,,,14.0,,,,,
LCA,1981,,,,10.0,,,,,
LCA,1983,,,,5.0,,,,,
LCA,1984,,,,1.0,,,,,
LCA,1990,,,,2.0,,,,,
LCA,1991,,,,,,,,566666.66667,
LCA,1992,,,,1.0,,,,,
LCA,1994,,,,,,,,1222222.22222,
LCA,1995,,,,4.0,,,,1559259.25926,
LCA,1996,,,,5.0,2.53,,,1462962.96296,
LCA,1997,,,,,0.96,,,1370370.37037,
LCA,1998,0.57395,,,,2.39,,,1959259.25926,
LCA,1999,0.27374,,,,0.25,,,1570370.37037,
LCA,2000,,,,,2.0,,,4400386.15022,
LCA,2001,,,,7.0,2.63,,,3860716.15067,
LCA,2002,,,,,2.17,,,6102422.30267,
LCA,2003,,,,,0.09,,,6735496.72522,
LCA,2004,,,,,1.33,,,6672189.28297,
LCA,2005,,,,,2.35,,,6673195.97508,
LCA,2006,,,,,2.35,,,6816447.22516,
LCA,2007,,,,,2.38,,,6651308.20529,
LCA,2008,,,,,2.67,,,7513067.79016,
LCA,2009,,,,,2.0,,,8843728.99458,
LCA,2010,,,,,2.78,,,11006478.31217,
LCA,2011,,,,,4.99,,,11161366.71552,
LCA,2012,,,,,0.75,1513358.0,8.16735,10928774.13485,
LCA,2013,,,,,3.7,2882323.0,8.51845,9594574.97844,
LCA,2014,,,,,0.16,2100682.0,6.26898,8302615.37778,
LCA,2015,,,,,3.11,2083157.0,4.5587,7788039.62963,
LCA,2016,,,5.0,,4.9,4560981.0,6.42816,8491747.87037,
LCA,2017,,,3.0,,2.42,3921940.0,4.56902,8942802.90741,302071.77778
LCA,2018,,,2.0,,4.09,9947111.0,14.3496,9747960.46296,566144.56889
LCA,2019,,,,,4.07,5341840.0,10.5277,11027020.37037,593999.25926
LCA,2020,,,,,3.06,2887310.0,9.33224,7954522.22222,79913.33333
LCA,2021,,,,,4.93,,,11324515.92593,502739.62963
LCA,2022,,,,,4.69,,,14924554.07407,127722.96296
LCA,2023,,,,,,,,16013459.25926,127722.96296
LCA,2024,,,,,,,,16289333.7037,124785.18519
LIE,1996,,,,,12.08,,,,
LIE,1997,,,,,17.51,,,,
LIE,1998,,,,,4.5,,,,
LIE,1999,,,,,18.12,,,,
LIE,2000,,,,,15.87,,,,
LIE,2001,,,,,8.22,,,,
LIE,2002,,,,,7.65,,,,
LIE,2003,,,,,16.02,,,,
LIE,2004,,,,,20.79,,,,
LIE,2005,,,,,34.57,,,,
LIE,2006,,,,,35.42,,,,
LIE,2007,,,,,25.08,,,,
LIE,2008,,,,,39.95,,,,
LIE,2009,,,,,23.71,,,,
LIE,2010,,,,,37.86,,,,
LIE,2011,,,,,38.97,,,,
LIE,2012,,,,,30.76,,,,
LIE,2013,,,,,31.48,,,,
LIE,2014,,,,,40.29,,,,
LIE,2015,,,,,32.83,,,,
LIE,2016,,,,,45.34,,,,
LIE,2017,,,,,36.1,,,,
LIE,2018,,,,,30.99,,,,
LIE,2019,5.86833,20047.04652,,,31.85,,,,
LIE,2020,,,,,40.39,,,,
LIE,2021,,,,,40.21,,,,
LIE,2022,,,,,40.79,,,,
LIE,2023,6.00984,18129.75165,,,,,,,
LKA,1980,,,11.0,67.0,,,,,
LKA,1981,,,6.0,102.0,,,,,
LKA,1982,,,12.0,76.0,,,,,
LKA,1983,,,16.0,85.0,,,,,
LKA,1984,,,16.0,78.0,,,,,
LKA,1985,,,28.0,80.0,,,,,
LKA,1986,,,26.0,103.0,,,,,
LKA,1987,,,41.0,90.0,,,,,
LKA,1988,,,26.0,92.0,,,,,
LKA,1989,,,28.0,94.0,,,,,
LKA,1990,,,23.0,83.0,,,,,
LKA,1991,,,33.0,92.0,,,,,
LKA,1992,,,36.0,91.0,,,,,
LKA,1993,,,49.0,77.0,,,,,
LKA,1994,,,36.0,57.0,,,,,
LKA,1995,,,76.0,113.0,,,,,
LKA,1996,0.18356,194.43149,50.0,114.0,167.89,,,,
LKA,1997,,,81.0,193.0,212.17,,,,
LKA,1998,,,54.0,158.0,199.01,,,,
LKA,1999,,,119.0,248.0,208.12,,,,
LKA,2000,0.14392,132.70514,71.0,250.0,209.36,,,,
LKA,2001,,,120.0,236.0,215.68,,,,
LKA,2002,,,123.0,202.0,245.5,,,,
LKA,2003,,,95.0,189.0,264.86,,,,
LKA,2004,0.1821,133.79126,120.0,195.0,265.29,,,,
LKA,2005,,,149.0,211.0,335.67,,,,
LKA,2006,0.1742,90.37763,153.0,270.0,388.76,,,,
LKA,2007,,,151.0,279.0,437.51,,,,
LKA,2008,0.11444,95.90583,201.0,264.0,512.94,103072721.0,1.87768,,
LKA,2009,,,202.0,200.0,486.54,46943092.0,0.97932,,
LKA,2010,0.13241,102.80578,225.0,235.0,504.44,62430443.0,1.13007,,
LKA,2011,,,194.0,235.0,570.82,71718329.0,1.0355,,
LKA,2012,,,,,608.18,60090878.0,0.95092,,
LKA,2013,0.0973,107.04016,328.0,188.0,732.88,72418950.0,1.03921,,
LKA,2014,0.09605,95.87685,,,705.68,71136595.0,0.95447,,
LKA,2015,0.10291,102.40151,218.0,263.0,753.68,63227842.0,0.89166,,
LKA,2016,0.12034,102.9348,280.0,293.0,1124.15,67493927.0,0.9439,,
LKA,2017,0.11818,102.17296,277.0,266.0,1189.29,79028241.0,1.01994,,
LKA,2018,0.11949,101.11335,343.0,260.0,1458.51,,,,
LKA,2019,,,356.0,255.0,1707.05,90992885.0,1.1021,,
LKA,2020,0.11616,100.80931,353.0,251.0,1795.73,83151264.0,1.25639,,
LKA,2021,,,266.0,273.0,2392.5,94328328.0,1.04519,,
LKA,2022,0.10506,94.4866,,,2482.89,103356170.0,1.08637,,
LKA,2023,,,,,,112381343.0,1.41724,94222669.66,14750373.81
LKA,2024,,,,,,120784984.0,1.53794,148436036.24817,7214598.11144
LSO,1988,,,,,,,,667959.95599,
LSO,1989,,,,14.0,,,,1406811.79931,
LSO,1990,,,,,,,,1384535.82973,
LSO,1991,,,,,,,,442985.1774,
LSO,1992,,,,,,,,1089633.27732,
LSO,1994,,,,,,,,335433.10143,
LSO,1995,,,8.0,2.0,,,,1371747.22792,
LSO,1996,,,1.0,,9.5,,,328700.22539,
LSO,1997,,,,,9.75,,,1129515.25583,
LSO,1998,,,,,2.25,,,1354946.22526,
LSO,1999,,,,,8.39,,,-144976.93613,
LSO,2000,,,,,8.17,,,1076869.45555,
LSO,2001,,,,,12.25,,,927889.97958,
LSO,2002,0.04185,6.0045,,,12.58,,,804359.24347,
LSO,2003,0.04295,7.53445,,,6.43,,,1259975.48597,
LSO,2004,0.05532,10.10478,,,5.38,,,1559588.81048,
LSO,2005,,,,,7.03,,,1662736.42332,
LSO,2006,,,,,11.92,,,13360.63112,20783.20396
LSO,2007,,,,,9.75,,,9941.99872,181796.5481
LSO,2008,,,,,11.92,,,1243891.65827,142159.04666
LSO,2009,0.0291,23.20733,,,11.45,,,358796.35939,
LSO,2010,,,,,12.18,,,4868525.97999,273.5127
LSO,2011,0.01255,5.93738,,,14.64,,,5036452.045,337515.59983
LSO,2012,,,,,21.26,,,4665404.7793,312328.35343
LSO,2013,,,,,15.19,,,4152930.19358,277898.11388
LSO,2014,,,,,11.63,,,3831336.07906,257770.67687
LSO,2015,0.05101,23.73201,,,16.51,817863.0,0.26346,3382152.31828,226947.77905
LSO,2016,,,,,21.59,3060332.0,0.582,2925902.53637,196332.69582
LSO,2017,,,,,24.87,1008052.0,0.17618,3221922.24117,216196.08701
LSO,2018,,,4.0,,21.11,434789.0,0.05779,3261023.79982,218819.86355
LSO,2019,,,1.0,,37.74,1323583.0,0.17377,2971708.73968,199406.36464
LSO,2020,,,,,34.31,237290.0,0.03395,2617982.93416,175670.80266
LSO,2021,,,,,43.94,535475.0,0.06973,2907128.37584,195072.91991
LSO,2022,,,,,47.96,666218.0,0.09257,2633937.69158,176741.39217
LSO,2023,0.09453,32.23847,,,,480654.0,0.07426,2327423.34565,156173.79393
LSO,2024,,,,,,622801.0,0.08958,2342885.73455,157211.34472
LTU,1991,,,29.0,,,,,,
LTU,1992,,,134.0,117.0,,,,,
LTU,1993,,,413.0,1036.0,,,,,
LTU,1994,,,112.0,180.0,,,,238239.58067,10113.78164
LTU,1995,,,106.0,27.0,,,,1432500.0,
LTU,1996,0.48892,2084.56665,100.0,78.0,426.08,,,4275000.0,
LTU,1997,0.53405,2175.00297,125.0,77.0,471.62,,,4997500.0,1387500.0
LTU,1998,0.54142,2369.25296,134.0,71.0,537.7,,,5950000.0,50000.0
LTU,1999,0.49976,2415.60995,86.0,71.0,574.27,,,14060000.0,70000.0
LTU,2000,0.58422,2215.11542,66.0,61.0,598.97,,,12270000.0,25000.0
LTU,2001,0.66634,2313.80264,68.0,55.0,638.61,,,10175000.0,475000.0
LTU,2002,0.65651,1830.39639,85.0,46.0,998.87,,,11482984.44498,243117.60524
LTU,2003,0.66316,1924.81452,64.0,49.0,969.21,,,18106868.18462,518822.56259
LTU,2004,0.74758,2164.46077,70.0,44.0,1271.25,,,18022666.36219,791164.32071
LTU,2005,0.74799,2276.39834,68.0,47.0,1523.8,,,20618017.77706,1936191.48789
LTU,2006,0.79381,2425.77892,65.0,34.0,1771.04,,,24410670.02444,705044.15146
LTU,2007,0.80111,2605.27005,62.0,20.0,1701.79,1277430699.0,11.60136,21619427.83473,163802.41778
LTU,2008,0.78876,2624.8157,87.0,18.0,2532.98,1548661446.0,11.79909,34497330.74166,888219.59077
LTU,2009,0.82848,2666.31995,91.0,16.0,2297.94,961430531.0,10.54291,29088375.1425,366729.109
LTU,2010,0.79379,2736.49225,108.0,6.0,2338.86,1263210387.0,11.24699,34801068.02164,896495.77345
LTU,2011,0.90998,2748.0311,93.0,15.0,2443.84,1582168096.0,10.60702,34300086.1133,726330.34733
LTU,2012,0.8976,2670.60517,109.0,15.0,2247.28,1712696458.0,11.04222,38179826.61607,3849906.05645
LTU,2013,0.95322,2878.7497,117.0,20.0,2240.39,1907236937.0,11.02431,51742886.947,33101353.77842
LTU,2014,1.03495,3082.27902,123.0,42.0,2444.28,2092945195.0,11.13917,47451213.57026,26333214.1209
LTU,2015,1.04077,2794.92116,101.0,18.0,2474.04,1919844678.0,12.78023,48349772.01212,22863266.05661
LTU,2016,0.84391,2950.39665,95.0,58.0,2335.81,1962936712.0,12.64,66926847.32396,27826815.3409
LTU,2017,0.8963,3068.33424,81.0,46.0,2400.43,2317776578.0,12.51936,67754950.85732,30918143.07001
LTU,2018,0.92781,3180.95498,81.0,24.0,2353.94,2516321201.0,12.10271,61738440.48471,31113008.13114
LTU,2019,0.98701,3445.30515,90.0,33.0,2594.62,2527082809.0,12.0304,72719073.99296,68825818.85822
LTU,2020,1.12379,3643.24539,95.0,18.0,2888.91,2619281589.0,12.00957,77947223.9141,8407564.15312
LTU,2021,1.10044,3946.51068,81.0,9.0,3102.55,3107242456.0,11.50896,172930885.3658,11052517.25397
LTU,2022,1.05289,4153.6584,,,3132.62,3618309366.0,12.99639,509225246.30547,8552530.54288
LTU,2023,1.04977,3703.86273,,,,3740035230.0,14.4029,240550094.42599,14571805.79767
LTU,2024,,,,,,4181003497.0,17.32455,151146503.19409,12937959.26461
LUX,1980,,,97.0,897.0,,,,,
LUX,1981,,,109.0,708.0,,,,,
LUX,1982,,,94.0,616.0,,,,,
LUX,1984,,,58.0,496.0,,,,,
LUX,1985,,,81.0,439.0,,,,,
LUX,1986,,,80.0,407.0,,,,,
LUX,1987,,,69.0,300.0,,,,,
LUX,1988,,,68.0,248.0,,,,,
LUX,1989,,,58.0,169.0,,,,,
LUX,1990,,,41.0,165.0,,,,,
LUX,1991,,,52.0,119.0,,,,,
LUX,1993,,,73.0,166.0,,,,,
LUX,1994,,,50.0,74.0,,,,,
LUX,1995,,,35.0,69.0,,,,,
LUX,1996,,,52.0,77.0,46.91,,,,
LUX,1997,,,48.0,102.0,50.48,,,,
LUX,1998,,,44.0,68.0,56.21,,,,
LUX,1999,,,24.0,86.0,53.72,,,107067954.23443,121540075.62638
LUX,2000,1.58314,3800.20738,85.0,91.0,65.28,,,121764571.83233,134109003.98653
LUX,2001,,,51.0,70.0,67.06,,,243185706.18655,202547372.06952
LUX,2002,,,41.0,42.0,83.08,,,33221912.68793,28991225.40834
LUX,2003,1.6235,4345.49954,16.0,8.0,88.93,,,37844886.82905,40293864.131
LUX,2004,1.58819,4461.66893,23.0,18.0,156.39,,,80494962.54017,58167902.28687
LUX,2005,1.55873,4826.35315,24.0,64.0,165.29,,,71469847.13771,104252240.91122
LUX,2006,1.64886,4377.13881,26.0,26.0,204.56,,,84036581.13,136282911.13092
LUX,2007,1.57165,4618.93667,15.0,25.0,220.51,1411416358.0,10.71001,306464038.17519,92306291.63939
LUX,2008,1.54663,4725.37233,48.0,23.0,323.29,1146735631.0,8.01129,423290760.13835,152640717.33971
LUX,2009,1.58839,4852.27924,60.0,24.0,395.45,1044211102.0,10.32047,307324041.67923,216997256.08434
LUX,2010,1.42373,5200.13851,79.0,21.0,452.89,963101610.0,8.77866,188014603.60333,206644755.7913
LUX,2011,1.42453,5525.72816,85.0,43.0,587.83,1136384437.0,9.0506,246605712.58746,238889160.62031
LUX,2012,1.20664,4401.98152,109.0,52.0,593.83,925505869.0,8.68487,870092007.34725,447944809.64618
LUX,2013,1.23381,4661.60191,113.0,56.0,765.94,743286957.0,6.84385,1352508591.20826,558453910.04402
LUX,2014,1.217,4782.93933,128.0,90.0,876.26,679505046.0,5.97252,1702490628.77186,1117869545.65872
LUX,2015,1.25226,4636.38043,128.0,119.0,816.06,702205301.0,7.10636,2011522179.74988,1150283311.52667
LUX,2016,1.2669,4802.1785,143.0,301.0,874.4,811598442.0,7.96709,3004043542.34487,1437845134.10117
LUX,2017,1.23898,4969.23004,156.0,512.0,831.12,623101763.0,6.96884,4216207811.87886,1506377154.16917
LUX,2018,1.17039,4754.92191,152.0,243.0,911.61,858272049.0,6.97324,4208615195.32112,1769285743.38034
LUX,2019,1.18209,5090.81552,117.0,359.0,955.34,790998624.0,6.57357,4999444903.37549,2184410099.69737
LUX,2020,1.09627,4920.65038,129.0,679.0,980.18,618381650.0,5.61924,8682275111.42023,1945860001.67593
LUX,2021,1.03153,4939.08633,112.0,1441.0,1075.91,806654895.0,6.0752,8694317659.97376,2670467516.61822
LUX,2022,1.0653,5311.53147,,,1170.6,820151287.0,5.99046,7534557009.37931,2355877562.07117
LUX,2023,1.07045,5359.06637,,,,792916097.0,5.97925,12621425755.8837,2461166775.21769
LUX,2024,,,,,,635122294.0,5.07361,9623290614.04406,2190037461.19598
LVA,1992,,,73.0,70.0,,,,13580.0,149355.0
LVA,1993,,,155.0,163.0,,,,2000.0,133000.0
LVA,1994,,,179.0,87.0,,,,,12000.0
LVA,1995,,,210.0,90.0,,,,,
LVA,1996,0.40892,1149.21172,196.0,273.0,339.74,,,767000.0,97000.0
LVA,1997,0.37657,1067.30045,162.0,40.0,411.93,,,1455000.0,236000.0
LVA,1998,0.38967,1056.15768,195.0,90.0,328.14,,,6500000.0,1500000.0
LVA,1999,0.3619,1094.45031,91.0,91.0,332.08,,,9700000.0,10400000.0
LVA,2000,0.4459,1600.9967,98.0,81.0,292.69,,,,
LVA,2001,0.41106,1485.32998,117.0,63.0,355.23,,,,
LVA,2002,0.42203,1486.06326,150.0,64.0,371.27,,,,
LVA,2003,0.37616,1392.33083,91.0,24.0,292.97,,,,
LVA,2004,0.41593,1459.48929,108.0,43.0,301.42,,,,
LVA,2005,0.54958,1458.12295,112.0,57.0,455.19,,,,
LVA,2006,0.68285,1765.58108,114.0,37.0,396.55,,,,
LVA,2007,0.58167,1881.56079,139.0,8.0,501.77,356103096.0,7.42781,,
LVA,2008,0.60627,1993.41671,206.0,9.0,651.28,430112106.0,7.39421,35304159.59494,13018922.31946
LVA,2009,0.46114,1673.90361,240.0,3.0,713.04,374743451.0,8.66152,25205434.22044,7004601.19497
LVA,2010,0.6183,1836.97506,178.0,7.0,810.5,430956978.0,8.45678,33039281.24098,11964205.33911
LVA,2011,0.73982,1902.3667,173.0,10.0,1270.69,633818057.0,9.47083,52872035.88339,9723114.33983
LVA,2012,0.68884,1908.95404,193.0,12.0,1147.24,777101185.0,11.40641,43691573.99814,10278364.8201
LVA,2013,0.63536,1790.85926,225.0,8.0,1192.04,1082132640.0,15.41781,47866470.98011,11930270.25337
LVA,2014,0.71433,1872.26628,103.0,4.0,1163.27,1329551397.0,17.72788,45149422.10883,5316068.10509
LVA,2015,0.641,1818.82619,136.0,1.0,1398.7,1292013881.0,18.92455,34415898.64233,6659748.22049
LVA,2016,0.45065,1600.57848,95.0,18.0,1347.95,1203692917.0,17.24053,36455711.91062,5505751.57169
LVA,2017,0.53004,1785.24003,90.0,7.0,1557.08,1250435453.0,16.08178,47688935.27118,7938489.32648
LVA,2018,0.66138,1786.2773,86.0,24.0,1448.69,1447436123.0,16.59206,64586076.54762,10612939.13919
LVA,2019,0.6602,1891.24705,82.0,5.0,1603.35,1472712989.0,17.14951,50330404.62662,19061923.2684
LVA,2020,0.75663,2134.06006,93.0,1.0,1549.52,1837563022.0,20.0336,30999228.72432,8030352.91342
LVA,2021,0.77085,2395.27344,104.0,4.0,1903.51,1946947495.0,16.98037,37741486.72439,11753084.12698
LVA,2022,0.8122,2270.07923,,,1690.44,2056985276.0,17.55059,38768989.01515,18926877.43507
LVA,2023,0.8236,2190.86637,,,,2140234227.0,18.55439,44311698.51865,9725556.8191
LVA,2024,,,,,,1903396258.0,17.49019,45464940.07937,14055100.64935
MAC,2001,0.06224,259.35069,,7.0,,,,,
MAC,2002,0.06957,233.57521,,12.0,,,,1689190.59099,
MAC,2003,0.06244,317.62574,,,,,,1968523.28361,
MAC,2004,0.05344,513.86424,,22.0,,,,2789768.47633,
MAC,2005,0.0876,608.64833,3.0,119.0,,,,5356341.78874,
MAC,2006,0.0829,546.976,,131.0,,,,6077666.52932,
MAC,2007,0.05684,379.66089,1.0,291.0,,0.0,0.0,44748200.21979,
MAC,2008,0.10106,378.38481,3.0,208.0,,0.0,0.0,102082142.0787,
MAC,2009,0.05407,552.53708,1.0,123.0,,0.0,0.0,122157087.7787,
MAC,2010,0.05012,628.84194,4.0,58.0,,0.0,0.0,182803223.27355,
MAC,2011,0.04427,590.60719,4.0,56.0,,0.0,0.0,253219908.18813,
MAC,2012,0.04789,714.10035,5.0,53.0,,0.0,0.0,221199196.83234,
MAC,2013,0.05117,889.14744,6.0,54.0,,0.0,0.0,221202398.37956,
MAC,2014,0.08776,1007.1702,2.0,104.0,,38294.0,0.09666,203816715.37545,
MAC,2015,0.13649,1247.7184,3.0,62.0,,0.0,0.0,168938369.57342,
MAC,2016,0.23492,2583.54081,,51.0,,0.0,,174025763.15131,
MAC,2017,0.1721,3137.49004,1.0,67.0,,4766535.0,16.19145,280546863.94756,
MAC,2018,0.20113,3428.95417,1.0,54.0,,0.0,0.0,286045778.94008,
MAC,2019,0.24721,3587.54147,,38.0,,0.0,0.0,262501610.97179,123908.5157
MAC,2020,0.45327,3826.01324,3.0,63.0,,0.0,0.0,138385104.72595,2480.141
MAC,2021,0.37318,4092.52683,2.0,35.0,,0.0,0.0,168072478.38346,
MAC,2022,0.42754,3498.4859,,,,0.0,0.0,148672833.22963,
MAC,2023,0.27103,3826.96528,,,,0.0,0.0,253103799.95114,
MAC,2024,0.31097,4634.11262,,,,0.0,0.0,303385277.27363,12771.07895
MAR,1975,,,,,,,,22702105.81099,1233810.09842
MAR,1976,,,,,,,,28737501.59753,452559.08028
MAR,1977,,,,,,,,35085024.75328,1110285.59346
MAR,1978,,,,,,,,29999970.00723,479999.52012
MAR,1979,,,,,,,,29750194.54868,769401.58316
MAR,1980,,,29.0,315.0,,,,36833387.14625,1270116.79815
MAR,1981,,,36.0,299.0,,,,25327244.27344,2320052.91054
MAR,1982,,,47.0,284.0,,,,14112515.76997,830147.98647
MAR,1983,,,16.0,300.0,,,,12093389.08962,1828070.44378
MAR,1984,,,28.0,294.0,,,,13393056.02292,1248505.22248
MAR,1985,,,35.0,255.0,,,,11627335.93332,6857146.83247
MAR,1986,,,29.0,225.0,,,,16255801.88469,2306566.48364
MAR,1987,,,72.0,234.0,,,,19977928.57591,3110336.18547
MAR,1988,,,83.0,238.0,,,,43731689.639,1218152.91474
MAR,1989,,,60.0,204.0,,,,49480630.10048,8953637.82771
MAR,1990,,,61.0,268.0,,,,59570449.74072,4246366.07113
MAR,1991,,,55.0,301.0,,,,60414285.79633,4134818.03929
MAR,1992,,,,,,,,67112718.32862,1405501.95453
MAR,1993,,,42.0,256.0,,,,77752727.50671,5807257.6561
MAR,1994,,,107.0,253.0,,,,99535843.49836,2390598.86131
MAR,1995,,,89.0,292.0,,,,125055094.59487,2927319.63003
MAR,1996,,,90.0,237.0,505.62,,,132975735.56148,5048259.1585
MAR,1997,,,,,607.37,,,122912447.7106,3988619.14005
MAR,1998,0.24582,,97.0,401.0,678.9,,,172316570.70242,6559482.75181
MAR,1999,,,,,812.79,,,201031796.63116,6017694.57191
MAR,2000,,,104.0,,870.34,,,19067093.66123,22248079.67184
MAR,2001,0.5463,,,,968.97,,,35371218.63934,15111065.89194
MAR,2002,0.47179,,,,950.81,,,40542318.54031,11115564.05816
MAR,2003,0.56588,,,,929.48,,,28963366.31815,25836549.61473
MAR,2004,,,104.0,457.0,968.55,,,36739032.95698,16293674.17879
MAR,2005,,,140.0,520.0,922.82,,,45408253.27476,12720770.18026
MAR,2006,0.54987,653.41079,178.0,732.0,978.47,,,49157198.30591,3012184.47733
MAR,2007,,644.48667,150.0,782.0,1024.79,,,35994436.11092,4214034.84193
MAR,2008,,659.40797,177.0,834.0,1207.63,,,15360060.08736,130356.16036
MAR,2009,,,135.0,856.0,1456.62,,,48852466.31436,1910483.88074
MAR,2010,0.66036,721.98655,152.0,882.0,1594.9,,,30432451.13012,3846923.29137
MAR,2011,,847.79094,169.0,880.0,1887.25,,,41349877.49135,5558426.0494
MAR,2012,,853.0081,197.0,843.0,2118.55,,,56844992.81212,1878244.22864
MAR,2013,,,316.0,828.0,2160.84,,,73902813.79364,1034789.2466
MAR,2014,,1030.14364,355.0,742.0,2484.83,,,111106151.93119,1517744.13454
MAR,2015,,,224.0,797.0,2485.77,564402063.0,3.70392,95600829.85446,3307462.19363
MAR,2016,,1083.42555,237.0,1066.0,3652.98,602597980.0,3.74499,104258156.672,9769521.05538
MAR,2017,,,198.0,2026.0,4017.29,691266526.0,3.86314,132032392.7273,6101435.71325
MAR,2018,,,187.0,2350.0,4792.31,836699067.0,4.0186,166923239.89558,5082469.84345
MAR,2019,,,199.0,2531.0,5511.7,1017946687.0,4.85375,147791000.77824,12120114.74069
MAR,2020,,,250.0,2438.0,6360.45,850002482.0,4.38907,151547176.88895,10377171.24397
MAR,2021,,,254.0,2549.0,7388.64,1132107354.0,4.30128,150018207.43369,1456944.49181
MAR,2022,,,,,8445.14,1392530221.0,4.49838,176734128.44524,2706999.20784
MAR,2023,,,,,,1723700823.0,5.43071,151200518.77553,8737023.13143
MAR,2024,,,,,,,,217596264.31739,9261543.83196
MCO,1980,,,14.0,54.0,,,,,
MCO,1981,,,20.0,56.0,,,,,
MCO,1982,,,9.0,37.0,,,,,
MCO,1983,,,19.0,46.0,,,,,
MCO,1984,,,11.0,51.0,,,,,
MCO,1985,,,15.0,54.0,,,,,
MCO,1986,,,10.0,40.0,,,,,
MCO,1987,,,19.0,55.0,,,,,
MCO,1988,,,16.0,67.0,,,,,
MCO,1989,,,9.0,50.0,,,,,
MCO,1990,,,21.0,56.0,,,,,
MCO,1991,,,12.0,42.0,,,,,
MCO,1992,,,9.0,13.0,,,,,
MCO,1993,,,10.0,11.0,,,,,
MCO,1994,,,21.0,14.0,,,,,
MCO,1995,,,13.0,17.0,,,,,
MCO,1996,,,16.0,23.0,19.7,,,,
MCO,1997,,,20.0,13.0,24.52,,,,
MCO,1998,,,4.0,15.0,27.79,,,,
MCO,1999,,,15.0,14.0,20.94,,,,
MCO,2000,,,6.0,7.0,13.79,,,,
MCO,2001,,,6.0,14.0,25.93,,,,
MCO,2002,,,8.0,4.0,23.94,,,,
MCO,2003,,,5.0,3.0,26.67,,,,
MCO,2004,0.03787,278.23291,7.0,2.0,40.1,,,,
MCO,2005,0.03821,309.90455,2.0,5.0,37.54,,,,
MCO,2006,,,6.0,7.0,34.08,,,,
MCO,2007,,,11.0,5.0,32.12,,,,
MCO,2008,,,7.0,3.0,34.39,,,,
MCO,2009,,,3.0,7.0,44.84,,,,
MCO,2010,,,6.0,5.0,43.25,,,,
MCO,2011,,,6.0,3.0,48.33,,,,
MCO,2012,,,4.0,4.0,30.41,,,,
MCO,2013,,,5.0,,37.72,,,,
MCO,2014,,,6.0,4.0,39.62,,,,
MCO,2015,,,5.0,1.0,43.0,,,,
MCO,2016,,,7.0,7.0,42.91,,,,
MCO,2017,,,18.0,17.0,50.85,,,,
MCO,2018,,,4.0,11.0,46.8,,,,
MCO,2019,,,10.0,5.0,47.7,,,,
MCO,2020,,,6.0,7.0,50.06,,,,
MCO,2021,,,5.0,3.0,57.44,,,,
MCO,2022,,,,,57.07,,,,
MDA,1993,,,67.0,36.0,,,,,
MDA,1994,,,237.0,296.0,,,,,
MDA,1995,,,270.0,39.0,,,,,
MDA,1996,0.87296,,289.0,135.0,212.33,,,1990000.0,520000.0
MDA,1997,0.80679,,295.0,57.0,168.8,,,100000.0,
MDA,1998,,,257.0,23.0,161.36,,,270000.0,180000.0
MDA,1999,,,256.0,15.0,155.44,,,350000.0,150000.0
MDA,2000,,,240.0,10.0,191.46,,,1820000.0,690000.0
MDA,2001,,,437.0,17.0,152.9,,,1040000.0,1130000.0
MDA,2002,,,239.0,30.0,154.36,,,1220000.0,1310000.0
MDA,2003,0.32405,756.43007,293.0,3.0,159.94,,,3020000.0,1400000.0
MDA,2004,0.34903,755.38437,297.0,9.0,133.25,,,2630000.0,2210000.0
MDA,2005,0.39865,717.41311,377.0,11.0,206.59,,,2330000.0,1590000.0
MDA,2006,0.40622,698.34114,303.0,9.0,147.08,,,4010000.0,1680000.0
MDA,2007,0.54557,723.79793,333.0,14.0,143.57,,,7220000.0,6200000.0
MDA,2008,0.53463,820.94705,273.0,22.0,163.87,,,14920000.0,3900000.0
MDA,2009,0.52557,801.95946,134.0,5.0,181.42,10339752.0,5.84253,10630000.0,4340000.0
MDA,2010,0.3665,760.16606,139.0,11.0,173.69,20486361.0,9.70482,12750000.0,4860000.0
MDA,2011,0.33764,777.15332,97.0,11.0,188.17,19854270.0,7.41853,16600000.0,5310000.0
MDA,2012,0.34907,768.63843,93.0,22.0,203.1,26511802.0,5.13255,18700000.0,4560000.0
MDA,2013,0.29783,736.90187,67.0,29.0,212.96,16758559.0,2.76673,24160000.0,6130000.0
MDA,2014,0.31463,925.31215,67.0,72.0,206.09,26537316.0,5.33908,25080000.0,7040000.0
MDA,2015,0.30735,946.48296,64.0,60.0,190.6,20726514.0,4.60975,18370000.0,4480000.0
MDA,2016,0.28005,912.00965,91.0,64.0,292.07,15491763.0,3.48389,19490000.0,6380000.0
MDA,2017,0.25789,923.49386,73.0,37.0,239.49,30060831.0,5.39347,25150000.0,5640000.0
MDA,2018,0.25626,903.41782,92.0,21.0,211.47,18848598.0,2.51881,29790000.0,3510000.0
MDA,2019,0.24145,823.53362,85.0,15.0,274.4,24947389.0,2.9613,31810000.0,2530000.0
MDA,2020,0.23511,774.67919,85.0,11.0,298.55,18904904.0,2.23909,26640000.0,1800000.0
MDA,2021,0.23154,781.24167,64.0,12.0,287.95,21773455.0,2.23695,52140000.0,2910000.0
MDA,2022,0.22959,768.02221,,,283.96,22595261.0,2.14018,44580000.0,2850000.0
MDA,2023,0.22111,717.41595,,,,28885013.0,2.61708,44075579.82,3368788.29
MDA,2024,0.21589,649.94365,,,,30665848.0,2.92515,40976966.22,3342787.52
MDG,1977,,,,,,,,976885.46542,
MDG,1978,,,,,,,,1196516.80681,
MDG,1979,,,,,,,,1457309.07117,
MDG,1987,,,,,,,,130937.38699,
MDG,1988,,,,,,,,135028.85353,
MDG,1989,,,,,,,,130968.6221,
MDG,1990,,,,,,,,133855.6679,133855.6679
MDG,1991,,,,,,,,3694098.16058,1640005.23058
MDG,1992,,,,,,,,4227543.41101,987142.11628
MDG,1993,,,,,,,,6421837.38225,1395142.86498
MDG,1994,,,9.0,20.0,,,,9304491.43842,1431209.4399
MDG,1995,,,22.0,16.0,,,,9407750.86457,759559.25246
MDG,1996,,,7.0,23.0,51.93,,,3338872.12932,1307478.68781
MDG,1997,0.18325,,9.0,36.0,34.39,,,11064871.97791,840718.1265
MDG,1998,0.0938,13.98026,14.0,30.0,37.06,,,9786087.46097,558679.92265
MDG,1999,0.08342,14.41915,10.0,37.0,58.99,,,10240659.47619,547441.62546
MDG,2000,0.10032,14.76191,7.0,48.0,60.66,,,10946466.17026,755081.56223
MDG,2001,0.18175,49.00259,,38.0,61.8,,,7850614.74277,969772.93784
MDG,2002,0.20173,45.57217,4.0,25.0,41.2,,,22901362.99215,427829.81323
MDG,2003,0.2907,45.70833,3.0,20.0,65.45,,,6500089.4,872825.2
MDG,2004,0.1926,46.25,16.0,22.0,49.41,,,22987712.4,477450.3
MDG,2005,0.15096,46.56194,7.0,35.0,57.31,,,12601449.04599,2854991.01557
MDG,2006,0.14119,46.24168,4.0,40.0,61.29,,,19049398.45355,1424695.70701
MDG,2007,0.12091,46.80207,9.0,67.0,109.04,9295683.0,1.46963,56253427.49456,2148837.24059
MDG,2008,0.11764,45.1091,14.0,63.0,82.64,80367513.0,7.028,49735633.24536,4875901.40621
MDG,2009,0.13054,43.80387,1.0,43.0,85.76,11497504.0,1.77095,42458444.22311,3294718.27584
MDG,2010,0.09903,50.26629,9.0,34.0,80.16,18882374.0,3.32587,26814639.39095,2957342.0656
MDG,2011,0.09067,49.14874,3.0,58.0,96.42,65670723.0,9.08941,6950648.92488,16089233.4613
MDG,2012,,,4.0,40.0,94.11,6916909.0,1.49588,14136946.34485,7578383.52918
MDG,2013,,,4.0,47.0,112.7,46778145.0,7.57997,18122663.8273,15113685.24031
MDG,2014,0.01321,,5.0,29.0,113.92,11096042.0,1.54007,6078177.07332,9099806.48683
MDG,2015,,,3.0,16.0,106.35,12823723.0,2.00561,17133514.84598,15610274.79366
MDG,2016,0.01264,23.87432,6.0,30.0,100.7,10870921.0,1.54981,8039022.43833,3121201.49946
MDG,2017,0.01275,29.61421,9.0,42.0,133.24,9810822.0,1.28949,18645925.51729,3489851.62172
MDG,2018,,32.94427,9.0,37.0,124.8,8235322.0,1.04433,17069695.66019,4472782.35091
MDG,2019,,,,30.0,122.45,7250779.0,0.9631,13406102.96915,5189615.92551
MDG,2020,,,6.0,21.0,175.76,3274143.0,0.53932,10053481.29591,1028628.30548
MDG,2021,,,6.0,22.0,174.2,3063735.0,0.40599,12566964.16367,157976.82142
MDG,2022,,,,,156.66,3306828.0,0.34862,8299458.91192,653253.7155
MDG,2023,,,,,,3982231.0,0.47806,8672799.14573,483112.00221
MDG,2024,,,,,,7912647.0,0.95884,11816750.85457,2850739.41757
MDV,1986,,,,,,,,,300000.0
MDV,1987,,,,,,,,,400000.0
MDV,1988,,,,,,,,,3400000.0
MDV,1989,,,,,,,,,1000000.0
MDV,1990,,,,,,,,,1600000.0
MDV,1991,,,,,,,,,1200000.0
MDV,1992,,,,,,,,,4300000.0
MDV,1993,,,,,,,,,1000000.0
MDV,1994,,,,,,,,,1597718.46586
MDV,1995,,,,,,,,,1550160.98496
MDV,1996,,,,,7.08,,,,1187510.1931
MDV,1997,,,,,1.0,,,,2738583.71383
MDV,1998,,,,,2.14,,,,2678511.89975
MDV,1999,,,,,2.0,,,,2047578.58963
MDV,2000,,,,,0.5,,,,3705256.09895
MDV,2001,,,,,5.08,,,,3796102.79257
MDV,2002,,,,,1.0,,,,5052875.0
MDV,2003,,,,,2.42,,,,6712439.15625
MDV,2004,,,,,1.67,,,,9906695.41406
MDV,2005,,,,,3.71,,,,7506287.90625
MDV,2006,,,,,4.63,,,,9973544.74219
MDV,2007,,,,,4.83,,,988772.68453,6500398.74662
MDV,2008,,,,,0.92,,,1910049.44332,6960937.5
MDV,2009,,,,,3.95,,,2776404.81156,5695312.5
MDV,2010,,,,,3.26,,,2270000.0,5583061.40934
MDV,2011,,,,,7.4,,,3423512.10487,
MDV,2012,,,,,8.08,,,3713621.19817,
MDV,2013,,,,,7.04,,,3656170.34788,
MDV,2014,,,,,5.87,,,3543090.56968,
MDV,2015,,,,,7.08,,,,
MDV,2016,,,,,6.8,120.0,0.02531,,
MDV,2017,,,,,7.06,708.0,0.14398,,
MDV,2018,,,,,7.15,,,,
MDV,2019,,,,,10.97,,,,
MDV,2020,,,,,24.84,2793.0,1.73293,35775149.56719,
MDV,2021,,,,,25.26,10421.0,2.01125,48898419.98601,
MDV,2022,,,,,35.87,37875.0,4.09641,63131272.91008,
MDV,2023,,,,,,646.0,0.18951,92663194.36647,
MDV,2024,,,,,,26.0,0.00227,98227712.62041,
MEX,1979,,,,,,,,328000000.0,
MEX,1980,,,704.0,4768.0,,,,177000000.0,21000000.0
MEX,1981,,,765.0,5232.0,,,,272000000.0,32000000.0
MEX,1982,,,550.0,4763.0,,,,235000000.0,23000000.0
MEX,1983,,,730.0,3861.0,,,,110000000.0,14000000.0
MEX,1984,,,688.0,3771.0,,,,125000000.0,13000000.0
MEX,1985,,,590.0,3091.0,,,,142000000.0,12000000.0
MEX,1986,,,629.0,3071.0,,,,172000000.0,18000000.0
MEX,1987,,,742.0,3509.0,,,,233000000.0,21000000.0
MEX,1988,,,652.0,3748.0,,,,217000000.0,14000000.0
MEX,1989,,,757.0,3817.0,,,,221000000.0,21000000.0
MEX,1990,,,661.0,4400.0,,,,380000000.0,73000000.0
MEX,1991,,,564.0,4707.0,,,,419000000.0,78000000.0
MEX,1992,,,565.0,7130.0,,,,472000000.0,85000000.0
MEX,1993,,,553.0,7659.0,,,,494000000.0,96000000.0
MEX,1994,,,498.0,9446.0,,,,668440000.0,19850000.0
MEX,1995,,,432.0,4961.0,,,,484130000.0,114440000.0
MEX,1996,0.23838,217.03384,386.0,6365.0,3945.12,,,360100000.0,121800000.0
MEX,1997,0.26404,229.69194,420.0,10111.0,4350.81,,,501300000.0,129900000.0
MEX,1998,0.28519,219.74652,453.0,10440.0,4656.51,,,453633000.0,138390000.0
MEX,1999,0.32719,227.07752,455.0,11655.0,4873.62,,,554161000.0,42046000.0
MEX,2000,0.29205,227.09051,431.0,12630.0,5026.99,,,406846000.0,43077000.0
MEX,2001,0.30815,235.3859,534.0,13031.0,5434.53,,,418500000.0,40758000.0
MEX,2002,0.33745,308.76297,526.0,12536.0,5962.27,,,2216025539.0,95600621.0
MEX,2003,0.37454,328.13432,468.0,11739.0,6705.18,,,2041737930.0,96516851.0
MEX,2004,0.37053,383.11111,565.0,12633.0,7301.35,,,2150423060.0,134930143.0
MEX,2005,0.38103,417.90546,584.0,13851.0,8304.1,,,2384797626.0,116710318.0
MEX,2006,0.35298,340.43454,574.0,14931.0,9437.14,,,2506167696.0,173672122.0
MEX,2007,0.38039,351.25363,629.0,15970.0,9586.6,,,2558165024.0,167337059.0
MEX,2008,0.42416,343.53328,685.0,15896.0,10353.88,43764789930.0,20.61696,2393935171.0,189263368.0
MEX,2009,0.45748,386.49816,822.0,13459.0,10632.1,38927526530.0,22.68593,2511538314.0,182722212.0
MEX,2010,0.47353,341.23898,951.0,13625.0,11244.42,49221673862.0,22.13579,3015243396.0,228976236.0
MEX,2011,0.45268,348.02663,1065.0,12990.0,11751.8,52264964480.0,21.14812,3399954682.0,416098047.0
MEX,2012,0.40284,250.69335,1294.0,14020.0,12602.76,57555129440.0,21.35332,3647705203.0,292246222.0
MEX,2013,0.40806,254.46546,1210.0,14234.0,13186.8,58518033081.0,20.51094,3801442516.0,316824833.0
MEX,2014,0.41962,262.92059,1246.0,14889.0,14167.62,61566553721.0,20.2221,3834926121.0,349306590.0
MEX,2015,0.41477,284.58114,1364.0,16707.0,14570.29,60222704580.0,19.5727,3947789516.0,398759507.0
MEX,2016,0.37601,319.5511,1310.0,16103.0,15194.65,62489596572.0,20.65411,4299087599.0,522082664.0
MEX,2017,0.31955,330.64996,1334.0,15850.0,16177.94,69637771602.0,21.1681,4647755230.0,458086880.0
MEX,2018,0.29816,342.55971,1555.0,14869.0,17182.13,74827258646.0,20.89175,5073984251.0,509830134.0
MEX,2019,0.27629,355.30353,1305.0,14636.0,18991.67,75166404372.0,20.40686,5257637099.0,801349603.0
MEX,2020,0.29185,369.04189,1132.0,13180.0,20363.28,71010208559.0,21.50742,4240004176.0,576540631.0
MEX,2021,0.27305,384.76538,1117.0,15044.0,21753.88,74981570074.0,19.81134,5129414066.0,558064827.0
MEX,2022,0.25727,401.92849,,,21027.1,91195069526.0,20.53437,4883738882.0,585046980.0
MEX,2023,0.26746,419.44361,,,,84000931839.0,17.99388,6197647045.0,431656669.0
MEX,2024,0.25372,438.24497,,,,94523732432.0,19.30376,6430700566.0,393016196.0
MHL,1996,,,,,0.75,,,,
MHL,1997,,,,,2.46,,,,
MHL,1998,,,,,0.7,,,,
MHL,1999,,,,,1.0,,,,
MHL,2000,,,,,2.13,,,,
MHL,2001,,,,,2.08,,,,
MHL,2002,,,,,1.0,,,,
MHL,2003,,,,,3.83,,,,
MHL,2004,,,,,0.83,,,,
MHL,2005,,,,,4.83,,,,
MHL,2006,,,,,3.78,,,,
MHL,2007,,,,,1.54,,,,
MHL,2008,,,,,0.56,,,,
MHL,2009,,,,,1.72,,,,
MHL,2010,,,,,3.0,,,,
MHL,2011,,,,,1.48,,,,
MHL,2012,,,,,1.49,,,,
MHL,2013,,,,,1.33,,,,
MHL,2014,,,,,1.19,,,,
MHL,2015,,,,,3.59,,,,
MHL,2016,,,,,1.39,,,,
MHL,2017,,,,,0.72,,,,
MHL,2018,,,,,2.51,,,,
MHL,2019,,,,,3.02,,,,
MHL,2020,,,,,1.86,,,,
MHL,2021,,,,,2.97,,,,
MHL,2022,,,,,2.24,,,,
MKD,1993,,,78.0,50.0,,,,,
MKD,1994,,,58.0,178.0,,,,,
MKD,1995,,,100.0,76.0,,,,,
MKD,1996,,,52.0,13.0,80.17,,,2810000.0,800000.0
MKD,1997,0.35911,606.0126,66.0,118.0,118.79,,,2250000.0,1550000.0
MKD,1998,0.40842,676.75616,84.0,60.0,93.16,,,2421007.68267,1433911.62211
MKD,1999,0.32809,663.60475,64.0,2.0,93.02,,,5455018.64107,2243567.8085
MKD,2000,0.41888,645.46332,71.0,53.0,124.53,,,5681955.07295,2785354.93883
MKD,2001,0.2931,601.44074,66.0,59.0,141.39,,,5505751.67628,3393715.74856
MKD,2002,0.24461,562.07826,42.0,209.0,127.16,,,10323881.98406,3189859.37864
MKD,2003,0.21064,537.99609,48.0,23.0,132.74,,,6953248.0,2297033.7
MKD,2004,0.23237,512.77378,44.0,9.0,137.14,,,9390434.0,3120851.6
MKD,2005,0.22825,532.93852,53.0,15.0,174.76,,,10351748.0,3126632.8
MKD,2006,0.19373,507.84433,55.0,4.0,196.89,,,8665872.0,2664613.0
MKD,2007,0.17093,497.29935,105.0,13.0,259.48,23250278.0,0.89817,19319106.0,4642698.0
MKD,2008,0.22358,466.13087,34.0,5.0,294.38,38587386.0,1.35147,24890350.0,5837465.0
MKD,2009,0.19679,432.44594,39.0,11.0,324.34,53493337.0,2.9151,20239756.76,6166075.0
MKD,2010,0.21634,535.89171,27.0,1.0,355.48,81123621.0,3.55667,17758539.0,6932020.0
MKD,2011,0.22276,450.8086,37.0,3.0,462.76,129992844.0,4.11012,24885150.0,10312190.0
MKD,2012,0.32676,623.86927,50.0,3.0,477.66,117340027.0,4.07043,33907240.0,8277685.0
MKD,2013,0.43894,693.84909,42.0,4.0,467.06,122676418.0,3.78246,41586769.0,9149301.0
MKD,2014,0.51646,867.52011,,,493.09,130746178.0,3.29601,52812610.0,10372985.0
MKD,2015,0.44412,897.16346,,,480.78,125087129.0,3.36913,56157840.0,9247096.0
MKD,2016,0.43585,901.84402,,,441.03,113781430.0,2.83706,66879970.0,7713684.0
MKD,2017,0.35439,778.17311,,,467.11,186205169.0,3.98163,53366170.0,9791732.0
MKD,2018,0.36367,862.45303,,,448.02,234169973.0,4.04908,188796560.0,11848313.0
MKD,2019,0.36783,858.75424,,,467.73,252769719.0,4.21746,160554940.0,10748982.0
MKD,2020,0.37264,868.87807,47.0,,444.11,232386915.0,4.18106,183710916.87882,12089507.0
MKD,2021,0.37252,843.87245,42.0,,440.8,276603713.0,4.0332,169440810.0,15524238.0
MKD,2022,0.37372,730.898,,,532.17,288192179.0,4.01498,137655090.0,13723701.0
MKD,2023,0.3699,922.47062,,,,387658985.0,5.22971,159748150.0,20555350.0
MKD,2024,0.37363,888.07078,,,,431775125.0,6.35991,172080986.72,22256810.0
MLI,1981,,,1.0,7.0,,,,,
MLI,1996,,,,,31.72,,,1988066.01204,
MLI,1997,,,,,21.45,,,1862355.72995,
MLI,1998,,,,,40.47,,,1278070.56865,
MLI,1999,,,,,22.48,,,1437917.66285,
MLI,2000,,,,,16.01,,,1323555.95882,
MLI,2001,,,,,28.39,,,1142821.73156,77826.56953
MLI,2002,,,,,32.91,,,640033.92618,47570.08911
MLI,2003,,,,,35.36,,,886363.65123,
MLI,2004,,,,,34.55,,,608717.71111,178253.78456
MLI,2005,,,,,40.93,,,1081063.93445,170694.30544
MLI,2006,,37.28082,,,65.61,,,1091064.39814,153131.84535
MLI,2007,0.17325,,,,67.75,,,1002854.54507,104464.01511
MLI,2008,,,,,65.19,3373034.0,3.20959,1614349.62581,224215.22581
MLI,2009,,,,,68.91,,,2636651.79749,
MLI,2010,0.47271,28.21129,,,73.83,3204182.0,4.48315,2021042.02969,242525.04356
MLI,2011,,,,,86.07,7320665.0,4.39143,,388330.04493
MLI,2012,,,,,84.82,3974159.0,2.25647,,121436.15764
MLI,2013,,,,,61.61,,,,
MLI,2014,,,,,70.27,,,,
MLI,2015,0.26458,29.38677,,,66.05,,,,
MLI,2016,,,,,77.24,10105788.0,6.49935,,
MLI,2017,0.24505,31.19803,,,98.94,3017420.0,1.2427,,46309.63133
MLI,2018,,,,,87.24,10404137.0,5.53453,,
MLI,2019,0.13306,55.22467,,,91.85,11053681.0,5.4797,,
MLI,2020,,,,,99.3,4210604.0,2.20545,,
MLI,2021,0.14596,28.66941,,,112.89,27328165.0,13.8854,,62034.4402
MLI,2022,,,,,118.09,20530609.0,10.25787,,
MLI,2023,0.14743,26.03785,,,,13859632.0,5.36065,,60092.01743
MLT,1973,,,,,,,,271152.12612,
MLT,1974,,,,,,,,259415.71002,
MLT,1975,,,,,,,,519773.03379,
MLT,1976,,,,,,,,470437.88076,
MLT,1977,,,,,,,,1420760.07053,
MLT,1978,,,,,,,,2075855.21449,
MLT,1979,,,,,,,,2231706.9831,
MLT,1980,,,7.0,17.0,,,,2605473.43171,
MLT,1981,,,6.0,17.0,,,,2844576.24092,
MLT,1982,,,3.0,15.0,,,,2426345.26269,
MLT,1983,,,4.0,16.0,,,,2312410.51988,
MLT,1984,,,,15.0,,,,1301421.98639,
MLT,1985,,,,20.0,,,,1492044.20767,
MLT,1986,,,5.0,12.0,,,,1781204.47667,254457.78238
MLT,1987,,,5.0,17.0,,,,1736655.49097,
MLT,1988,,,3.0,14.0,,,,2115719.7981,302245.68544
MLT,1989,,,2.0,13.0,,,,2008651.54917,286950.22131
MLT,1990,,,2.0,17.0,,,,2536266.08767,185657.195
MLT,1991,,,6.0,21.0,,,,2645072.97153,61873.05197
MLT,1992,,,3.0,22.0,,,,2809452.63752,56439.89674
MLT,1993,,,8.0,16.0,,,,2686446.91455,104632.79122
MLT,1994,,,21.0,21.0,,,,5509086.66338,105842.20295
MLT,1995,,,11.0,13.0,,,,8571815.57472,248093.88313
MLT,1996,,,6.0,18.0,40.61,,,10928422.13521,621202.72977
MLT,1997,,,22.0,24.0,50.58,,,13110331.21858,62097.83861
MLT,1998,,,8.0,26.0,53.68,,,11585515.72,990054.79775
MLT,1999,,,11.0,72.0,57.01,,,13516848.42869,
MLT,2000,,,23.0,93.0,45.34,,,9848318.83399,1557081.17001
MLT,2001,,,26.0,107.0,55.48,,,10193326.79303,15564.35725
MLT,2002,0.25107,672.92087,22.0,180.0,56.47,,,13226093.2981,1150645.13688
MLT,2003,0.23874,678.26433,,,82.7,,,15225284.75012,1200112.17893
MLT,2004,0.4892,1064.62987,,471.0,60.88,,,29232260.77483,31727291.69705
MLT,2005,0.53008,1162.44361,,,81.15,,,128255964.14579,106461997.39879
MLT,2006,0.58085,1256.70565,,805.0,92.55,,,195165848.84053,374494988.06741
MLT,2007,0.54654,1181.74634,10.0,29.0,107.77,1491152030.0,53.01929,124958760.45615,298828991.42746
MLT,2008,0.52409,1294.07262,14.0,34.0,179.3,1346412378.0,50.44227,890095875.27928,817331616.73791
MLT,2009,0.50513,1176.53223,8.0,21.0,168.7,1006410358.0,48.02708,1614425761.00391,1165693004.79407
MLT,2010,0.58346,1391.94851,12.0,7.0,194.46,1185075425.0,47.17117,1592818522.5535,1214198489.22777
MLT,2011,0.65483,1761.13695,9.0,6.0,197.48,1315205837.0,47.41287,597234766.65311,257894478.85629
MLT,2012,0.79196,1968.67504,11.0,6.0,248.87,1272189923.0,45.9494,446179048.21412,307639733.81237
MLT,2013,0.72644,1880.46422,13.0,4.0,292.87,1016402096.0,38.7106,510754971.70478,335530829.93547
MLT,2014,0.67653,1835.3282,5.0,8.0,289.77,856958447.0,34.70842,555400198.75146,366376850.87565
MLT,2015,0.69942,1865.25574,9.0,2.0,330.89,634073649.0,30.79472,679181704.42343,497572086.49032
MLT,2016,0.54032,1989.5946,3.0,1.0,359.9,582916892.0,21.93325,840302814.20485,564227477.26659
MLT,2017,0.52592,2027.40143,5.0,7.0,422.04,650667575.0,30.37706,936990006.80219,431167900.87444
MLT,2018,0.54557,1904.9221,2.0,15.0,445.9,760310070.0,33.07081,726070718.6793,293447639.48938
MLT,2019,0.54851,1902.71628,5.0,7.0,426.22,754560031.0,29.62182,863831207.99918,586806347.9659
MLT,2020,0.60002,1964.91528,6.0,5.0,506.7,844223212.0,35.33778,1018625522.38633,182314275.05359
MLT,2021,0.59682,2082.82636,5.0,5.0,528.43,763239296.0,30.73556,963442197.95166,189550204.03752
MLT,2022,0.5745,2313.68128,,,593.57,1015509185.0,38.96159,797772423.41058,168349713.93114
MLT,2023,0.64792,2354.97188,,,,1234225995.0,43.26928,994909485.48006,193691986.89624
MLT,2024,,,,,,1305435544.0,45.17917,1098372020.54403,214697019.64773
MMR,1976,,,,,,,,163628.34748,3588072.90125
MMR,1977,,,,,,,,195007.25475,839589.85469
MMR,1979,,,,,,,,,532747.87086
MMR,1980,,,,,,,,,657827.85492
MMR,1981,,,,,,,,,1279589.73153
MMR,1982,,,,,,,,397306.34347,456000.12444
MMR,1983,,,,,,,,289304.30602,1743221.18571
MMR,1984,,,,,,,,269890.18247,733157.63388
MMR,1985,,,,,,,,598452.29717,1704141.43363
MMR,1987,,,,,,,,,437265.52576
MMR,1988,,,,,,,,313376.80054,486038.91097
MMR,1989,,,,,,,,,181406.21846
MMR,1990,,,,,,,,183126.21414,216626.85257
MMR,1996,,,,,5.7,,,,
MMR,1997,0.05985,7.57511,,,12.44,,,,
MMR,1998,0.03417,7.63882,,,11.41,,,,
MMR,1999,0.04406,11.45303,,,12.98,,,,1821227.09008
MMR,2000,0.11306,,,,14.82,,,,109146.22994
MMR,2001,0.07144,12.60543,,,11.31,,,,29453.39756
MMR,2002,0.16216,18.19315,,,11.62,,,,
MMR,2003,,,,,12.02,,,,
MMR,2004,,,,,16.84,,,,
MMR,2005,,,,,50.8,,,,
MMR,2006,,,,,29.36,,,,
MMR,2007,,,,,37.23,,,,
MMR,2008,,,,,60.76,,,,
MMR,2009,,,,,87.8,,,,
MMR,2010,,,,,50.98,58189.0,0.00268,,
MMR,2011,,,,,96.42,3743377.0,0.20195,,
MMR,2012,,,,,38.6,15467021.0,1.01357,,
MMR,2013,,,,,34.32,6071366.0,0.26834,,
MMR,2014,,,,,45.94,15846765.0,0.62703,295324275.71363,24978015.37187
MMR,2015,,,,,73.41,9486539.0,0.46979,271948538.32075,21600170.7325
MMR,2016,,,,,86.18,252834722.0,7.53384,230635285.50283,11574498.42513
MMR,2017,0.03218,30.01847,,,149.82,285995158.0,6.0287,26384508.89027,2365377.97831
MMR,2018,0.05881,34.1151,,,233.92,325332206.0,4.51638,47290466.53563,2599406.62522
MMR,2019,0.08341,30.40636,,,289.25,219420966.0,2.75052,32501768.97499,16914308.90061
MMR,2020,0.15568,32.80625,,,429.75,225716430.0,3.17252,,
MMR,2021,0.12402,19.11376,,,273.83,305581286.0,5.06937,,
MMR,2022,0.03519,26.39711,,,163.39,200938589.0,2.61458,,
MMR,2023,0.02307,28.00891,,,,190414450.0,2.94631,,
MMR,2024,,,,,,276680774.0,5.19992,,
MNE,1996,,,,,0.0,,,,
MNE,1997,,,,,0.0,,,,
MNE,1998,,,,,0.0,,,,
MNE,1999,,,,,0.0,,,,
MNE,2000,,,,,0.0,,,,
MNE,2001,,,,,0.0,,,,
MNE,2002,,,,,0.0,,,,
MNE,2003,0.79772,,,,0.0,,,,
MNE,2004,1.01874,,,,0.0,,,,
MNE,2005,0.92443,,,,0.0,,,,
MNE,2006,1.22991,,,,0.0,,,,
MNE,2007,1.14521,,,,64.85,,,9020036.67823,1377885.97803
MNE,2008,,,3.0,914.0,67.19,6277349.0,9.02999,11280173.14615,2064612.67194
MNE,2009,,,,,73.23,16652966.0,23.56673,11628956.44916,1146929.53969
MNE,2010,,,23.0,136.0,110.51,8629674.0,10.34143,8872927.094,3253681.0033
MNE,2011,0.31485,642.96419,20.0,83.0,138.33,8063951.0,8.25361,2822505.36932,815132.39279
MNE,2012,,,37.0,41.0,159.13,9889196.0,10.78468,3078425.55316,1229708.52486
MNE,2013,0.37431,637.60412,23.0,,190.08,6909504.0,7.9045,4457701.99654,767396.42786
MNE,2014,0.3632,665.31497,13.0,,199.17,11118362.0,14.61958,5296924.61172,1135559.58736
MNE,2015,0.374,830.62949,23.0,,224.21,11848593.0,12.76544,3446391.28329,764802.73583
MNE,2016,0.32454,716.88365,10.0,,241.08,5165280.0,5.56463,6014925.2795,559078.44101
MNE,2017,0.34898,708.80379,,,284.32,5133170.0,4.23803,5101165.47815,510570.46151
MNE,2018,0.50374,775.01569,3.0,,256.39,4246457.0,3.15385,6034347.4636,431556.62014
MNE,2019,0.36328,764.41883,16.0,,281.21,9697705.0,6.88996,5874126.78872,734715.3542
MNE,2020,,,5.0,,317.08,9960411.0,7.60795,3714630.9642,495991.68346
MNE,2021,,,,,313.93,13067233.0,9.44448,4688291.2885,541777.16514
MNE,2022,,,,,294.93,14413066.0,8.2102,6593835.70422,918007.92396
MNE,2023,,,,,,15199424.0,7.9952,12058465.77871,930349.30569
MNE,2024,,,,,,33518821.0,14.46227,14400453.16529,771151.25447
MNG,1983,,,12.0,32.0,,,,,
MNG,1984,,,34.0,11.0,,,,,
MNG,1991,,,28.0,1.0,,,,,
MNG,1992,,,26.0,2.0,,,,,
MNG,1993,,,55.0,6.0,,,,,
MNG,1994,,,128.0,21.0,,,,,
MNG,1995,,,130.0,52.0,,,,,
MNG,1996,,,114.0,23.0,20.58,,,,
MNG,1997,0.16786,,186.0,3.0,17.64,,,,
MNG,1998,0.16643,,148.0,32.0,22.14,,,,
MNG,1999,0.15016,,,,21.37,,,,
MNG,2000,0.18757,,,,26.82,,,,
MNG,2001,0.26749,,106.0,76.0,26.94,,,,
MNG,2002,0.25173,,121.0,105.0,27.45,,,,
MNG,2003,0.2518,,167.0,86.0,38.34,,,,
MNG,2004,0.26777,,143.0,86.0,35.14,,,,
MNG,2005,0.23775,,100.0,87.0,39.99,,,,
MNG,2006,0.19121,,103.0,110.0,53.23,,,,
MNG,2007,0.23827,,,,112.66,7109238.0,7.70595,,
MNG,2008,0.33667,,,,95.92,,,1250710.0,12534980.0
MNG,2009,0.30478,,76.0,67.0,100.08,,,790260.0,194743.54
MNG,2010,0.24438,,110.0,69.0,89.87,,,2589800.0,491650.0
MNG,2011,0.23054,,,,101.83,,,4656009.72021,2486616.29406
MNG,2012,0.23913,,,,127.91,,,12030269.3884,1455465.01963
MNG,2013,0.23246,,133.0,132.0,162.96,22669722.0,16.29107,14479922.25492,865917.3718
MNG,2014,0.2234,,139.0,126.0,115.38,33796542.0,19.61597,12999781.95246,2429561.08056
MNG,2015,0.1564,,109.0,128.0,101.76,3152908.0,4.16465,15585952.2089,2387056.27237
MNG,2016,0.18346,,112.0,107.0,117.4,35523918.0,16.48462,24610007.2478,1921813.208
MNG,2017,0.1342,,124.0,104.0,150.84,3779196.0,3.46794,15696187.18615,999069.92425
MNG,2018,0.10161,,82.0,79.0,152.35,6763247.0,4.99382,16057466.74455,1360477.93292
MNG,2019,0.0927,,84.0,86.0,193.54,39589731.0,18.94402,26323961.65296,1324931.81709
MNG,2020,0.13301,332.37478,66.0,82.0,214.2,3052935.0,2.9662,24429073.68397,1297734.80005
MNG,2021,0.10008,681.35643,109.0,77.0,283.96,25335204.0,22.0207,31749163.16254,1412217.77943
MNG,2022,0.08365,535.37392,,,262.05,51137809.0,30.81417,33398294.1109,1585758.91998
MNG,2023,,,,,,58656463.0,22.53655,31877196.68854,1625666.4869
MNG,2024,,,,,,,,30091144.65765,2883671.79825
MOZ,1996,,,,,13.02,,,,
MOZ,1997,,,,,20.66,,,,
MOZ,1998,,,,,26.12,,,,
MOZ,1999,,,2.0,18.0,21.68,,,,
MOZ,2000,,,,8.0,22.54,,,,
MOZ,2001,,,,1.0,32.12,,,,
MOZ,2002,0.35598,,,9.0,23.8,,,,
MOZ,2003,,,,16.0,26.25,,,,
MOZ,2004,,,,4.0,32.25,,,,
MOZ,2005,,,,14.0,38.87,,,5656758.83,2203171.0
MOZ,2006,0.3977,16.40562,1.0,17.0,44.56,,,2338960.0,1017687.0
MOZ,2007,,,18.0,26.0,42.63,,,2361670.8721,45199.0
MOZ,2008,0.13607,20.60081,2.0,14.0,48.7,,,1906090.57194,842.24
MOZ,2009,,12.3366,7.0,17.0,58.37,,,3554354.5755,192948.52
MOZ,2010,0.37595,40.21198,15.0,25.0,46.66,,,3807426.9274,
MOZ,2011,,,8.0,15.0,74.34,,,4721835.26,241795.9
MOZ,2012,,,14.0,26.0,63.44,104748498.0,24.74089,8054486.93,122122.62
MOZ,2013,,,13.0,30.0,69.92,82425059.0,13.62547,24529769.79729,
MOZ,2014,,,14.0,46.0,87.45,44098229.0,5.71655,19574342.62,
MOZ,2015,0.30814,44.41136,24.0,30.0,105.17,31400311.0,11.66939,26793739.52,
MOZ,2016,,,15.0,25.0,109.95,12215239.0,1.62086,19003105.27,
MOZ,2017,,,24.0,26.0,133.0,32332952.0,10.71052,15615001.38,
MOZ,2018,,,34.0,13.0,150.7,27233066.0,4.29321,2862442.76,
MOZ,2019,,,23.0,24.0,155.23,4329718.0,1.0827,,
MOZ,2020,,,26.0,14.0,176.28,2250366.0,0.84431,,
MOZ,2021,,,30.0,16.0,219.67,8017648.0,1.59904,,
MOZ,2022,,,,,194.32,18227789.0,3.17962,,
MOZ,2023,,,,,,16632000.0,2.74245,,
MOZ,2024,,,,,,13740731.0,3.63026,,
MRT,1996,,,,,4.98,,,,
MRT,1997,,,,,6.79,,,,
MRT,1998,,,,,4.95,,,,
MRT,1999,,,,,6.81,,,,
MRT,2000,,,,,6.33,,,,
MRT,2001,,,,,7.27,,,,
MRT,2002,,,,,6.9,,,,
MRT,2003,,,,,4.95,,,,
MRT,2004,,,,,6.39,,,,
MRT,2005,,,,,10.96,,,,
MRT,2006,,,,,7.28,,,,
MRT,2007,,,,,9.21,,,,
MRT,2008,,,,,4.44,,,,
MRT,2009,,,,,7.3,,,,
MRT,2010,,,,,5.23,,,,
MRT,2011,,,,,13.44,,,,
MRT,2012,,,,,12.99,,,,
MRT,2013,,,,,15.17,,,,
MRT,2014,,,,,12.19,,,10693050.69389,
MRT,2015,,,,,14.3,,,,
MRT,2016,,,,,15.13,44.0,0.00205,1061723.71447,
MRT,2017,,,,,11.4,,,,
MRT,2018,0.01019,,,,16.72,,,1048608.1334,76776.26033
MRT,2019,,,,,20.63,3399.0,0.01314,2131534.65443,5927.65001
MRT,2020,,,,,22.25,1190218.0,2.04845,338541.8494,
MRT,2021,,,,,36.65,1380718.0,5.07698,45999.88298,
MRT,2022,,,,,26.47,1093142.0,3.97949,49785.78853,
MRT,2023,,,,,,3637891.0,2.35065,1604950.94739,22350.22302
MRT,2024,,,,,,1999163.0,9.44834,2334510.63961,1628.0
MUS,1980,,,,10.0,,,,,
MUS,1981,,,2.0,19.0,,,,,
MUS,1982,,,,8.0,,,,,
MUS,1985,,,4.0,5.0,,,,,
MUS,1986,,,,21.0,,,,,
MUS,1987,,,,5.0,,,,,
MUS,1988,,,3.0,14.0,,,,,
MUS,1989,,,,11.0,,,,,
MUS,1990,,,1.0,3.0,,,,,
MUS,1991,,,2.0,8.0,,,,,
MUS,1992,,,,12.0,,,,,
MUS,1993,,,2.0,4.0,,,,,
MUS,1994,,,5.0,12.0,,,,,
MUS,1995,,,3.0,4.0,,,,,
MUS,1996,,,3.0,19.0,14.0,,,,
MUS,1997,0.27529,,3.0,12.0,17.17,,,,
MUS,1998,0.25831,,3.0,12.0,22.47,,,,
MUS,1999,0.30596,,,,47.21,,,,
MUS,2000,0.28025,,,,53.71,,,1185306.4644,39107.2085
MUS,2001,0.35775,,,,45.79,,,1384588.84759,
MUS,2002,0.36317,,,,63.47,,,2280330.70009,
MUS,2003,0.32171,,,,42.07,,,1696030.31523,
MUS,2004,0.36329,,,,56.68,,,4265314.46831,145720.43166
MUS,2005,0.35574,,,,75.47,,,4716068.97507,33648.99833
MUS,2006,,,,,59.03,,,4422762.47554,192936.091
MUS,2007,,,,,53.09,,,5998794.77054,460807.80865
MUS,2008,,,2.0,22.0,69.89,102798711.0,7.47583,5853887.26135,5186.24512
MUS,2009,,,,,79.6,22748807.0,2.00774,5185393.60349,120526.28078
MUS,2010,,,,,84.8,6212760.0,0.69328,12068022.44763,554905.8734
MUS,2011,,,1.0,19.0,63.59,9788104.0,0.80007,15201851.04947,2159982.62994
MUS,2012,0.17773,176.93358,4.0,14.0,115.62,10637134.0,0.92923,15522665.5917,1350305.96178
MUS,2013,,,2.0,18.0,121.12,6397088.0,0.57572,13487012.57503,3025597.89569
MUS,2014,,,3.0,18.0,122.34,354999.0,0.02988,15456951.18653,3059373.20958
MUS,2015,,,1.0,20.0,120.65,1289226.0,0.11409,15754704.30611,1054090.71846
MUS,2016,,,2.0,36.0,155.07,1053133.0,0.1085,17580177.27533,2311394.84878
MUS,2017,0.35423,,1.0,18.0,167.13,28412077.0,2.38541,19759852.00529,834799.90604
MUS,2018,0.33387,465.4988,16.0,13.0,133.59,31292625.0,2.59796,14200192.62788,1120907.45016
MUS,2019,0.35699,543.55651,4.0,23.0,236.54,24299494.0,2.14379,13404797.50903,761331.69308
MUS,2020,0.40299,558.19237,6.0,19.0,193.23,20091030.0,2.30536,13497976.42789,785744.23361
MUS,2021,0.36784,564.33636,6.0,14.0,193.76,2679317.0,0.3862,10815930.757,1777373.7268
MUS,2022,0.30879,578.6005,,,238.86,16986363.0,2.06708,12079701.0348,701568.97647
MUS,2023,0.23892,852.67511,,,,6408555.0,1.01454,8290639.509,329924.67936
MUS,2024,0.26181,688.52747,,,,7205275.0,1.21704,8173931.01071,622503.12163
MWI,1980,,,2.0,51.0,,,,,
MWI,1981,,,7.0,41.0,,,,,
MWI,1982,,,3.0,49.0,,,,,
MWI,1983,,,1.0,37.0,,,,,
MWI,1984,,,,26.0,,,,,
MWI,1985,,,,35.0,,,,,
MWI,1986,,,,39.0,,,,,
MWI,1987,,,,53.0,,,,,
MWI,1988,,,1.0,33.0,,,,,
MWI,1989,,,1.0,34.0,,,,,
MWI,1990,,,,33.0,,,,,
MWI,1991,,,1.0,21.0,,,,,
MWI,1992,,,2.0,12.0,,,,,
MWI,1993,,,3.0,15.0,,,,,
MWI,1994,,,1.0,12.0,,,,104161.83774,
MWI,1995,,,1.0,33.0,,,,139036.63424,
MWI,1996,,,2.0,30.0,60.08,,,404220.75801,
MWI,1997,,,2.0,26.0,55.62,,,794688.69676,
MWI,1998,,,2.0,18.0,49.86,,,1334741.50124,
MWI,1999,,,1.0,,53.95,,,43685.21619,
MWI,2000,,,3.0,17.0,65.37,,,198089.44591,
MWI,2001,,,,,75.35,,,468950.83844,
MWI,2002,,,,,78.31,,,234434.67368,
MWI,2003,,,,,75.56,,,406086.36905,
MWI,2004,,,,,82.28,,,953731.64721,
MWI,2005,,,,,85.61,,,429479.8176,
MWI,2006,,,,,87.43,,,429574.15633,
MWI,2007,,30.31564,,,130.35,,,429685.87345,
MWI,2008,,,,,112.38,2124316.0,2.40503,429565.30549,
MWI,2009,,,,,106.44,3765879.0,3.70356,429555.61056,
MWI,2010,,50.11331,,,126.77,1802093.0,1.97705,429554.83871,
MWI,2011,,,,,141.15,22804360.0,15.66071,440264.33456,
MWI,2012,,,,,157.59,1663907.0,2.12769,460364.38691,
MWI,2013,,,,,135.58,10906009.0,11.45802,1785278.66953,
MWI,2014,,,,,171.69,9986124.0,4.13167,2983399.54444,
MWI,2015,,,6.0,,178.8,1895328.0,1.28716,2455935.52252,
MWI,2016,,,3.0,1.0,195.41,2983847.0,2.37156,2386959.6184,
MWI,2017,,,,,234.81,1072475.0,2.01243,3770944.36606,
MWI,2018,,,,,245.97,1170462.0,2.14917,4129637.45953,
MWI,2019,0.17752,25.16829,,,252.4,4011025.0,6.84439,58708127.99578,1509821.63807
MWI,2020,,,,,291.02,1317730.0,2.79814,90111342.91471,2317431.33383
MWI,2021,,,,,371.88,4625003.0,6.07356,69060691.92873,3325919.97825
MWI,2022,,,,,361.73,2422189.0,2.3077,72465362.48982,3606772.9559
MWI,2023,,,,,,4133308.0,5.31057,75179731.70182,3586452.43873
MWI,2024,,,,,,1242498.0,1.64553,90387042.37465,4551468.86232
MYS,1979,,,,,,,,21933415.3373,
MYS,1980,,,,,,,,37209159.90021,
MYS,1981,,,,,,,,41230402.01133,
MYS,1985,,,8.0,1329.0,,,,,
MYS,1986,,,29.0,233.0,,,,,
MYS,1987,,,71.0,3195.0,,,,,
MYS,1988,,,73.0,1547.0,,,,,
MYS,1989,,,84.0,1803.0,,,,,
MYS,1990,,,92.0,2213.0,,,,,
MYS,1991,,,106.0,2321.0,,,,,
MYS,1992,,,151.0,2260.0,,,,,
MYS,1993,,,198.0,2684.0,,,,,
MYS,1994,,,223.0,3364.0,,,,,
MYS,1995,,,141.0,3911.0,,,,,
MYS,1996,0.21645,91.99322,221.0,5354.0,800.64,,,,
MYS,1997,,,179.0,6272.0,887.13,,,,
MYS,1998,0.39789,157.86504,193.0,5770.0,921.2,,,,
MYS,1999,,,218.0,5624.0,993.41,,,480526315.78947,14736842.10526
MYS,2000,0.46899,282.98354,206.0,6021.0,1327.34,,,546052631.57895,18157894.73684
MYS,2001,,,271.0,5663.0,1170.75,,,751315789.47368,20789473.68421
MYS,2002,0.65254,300.56079,322.0,4615.0,1484.43,,,627894736.8421,12105263.15789
MYS,2003,,,376.0,4686.0,1761.55,,,782000000.0,20289473.68421
MYS,2004,0.5999,507.42811,522.0,4920.0,2093.36,,,895618421.05263,41510526.31579
MYS,2005,,,522.0,5764.0,2508.56,,,1369655659.01593,27040748.14116
MYS,2006,0.61106,371.05001,531.0,4269.0,3210.77,,,954002498.59035,26163153.07138
MYS,2007,,,670.0,1702.0,3763.96,,,1185193311.42928,36979524.15894
MYS,2008,0.78847,598.97222,818.0,4485.0,5859.36,,,1267781217.21224,199256272.6355
MYS,2009,1.01001,1063.03522,1234.0,4503.0,7850.72,56043588431.0,51.22451,1133119332.94089,265724707.2309
MYS,2010,1.03608,1452.73369,1231.0,5152.0,10937.69,66075248917.0,49.6091,1318006092.34174,100651423.32788
MYS,2011,1.03342,1633.85555,1076.0,5376.0,13550.23,66767865284.0,47.4089,1634190362.44067,149001091.62756
MYS,2012,1.09269,1769.90749,1114.0,5826.0,14203.57,66601865553.0,47.57497,1543302849.41138,135611213.21989
MYS,2013,,,1199.0,6006.0,15008.95,67098769337.0,48.47074,1395327002.30292,109761699.39939
MYS,2014,1.26275,2015.97275,1353.0,6267.0,16608.39,70953123101.0,49.21925,1423860804.0752,75911178.86267
MYS,2015,1.27945,2256.60241,1272.0,6455.0,18099.96,64470973254.0,48.48538,1294968669.41862,88671089.33736
MYS,2016,1.41517,2334.07987,1109.0,6127.0,18747.44,63205038631.0,49.05867,1347909837.07818,114585606.13285
MYS,2017,,,1166.0,5906.0,19900.96,74126053407.0,51.12407,1826846903.29848,286436143.66293
MYS,2018,1.04026,2110.44315,1116.0,6179.0,19992.49,90503212029.0,53.18129,2006740926.60308,266580469.74372
MYS,2019,,,1071.0,6480.0,21651.72,86902999434.0,51.59278,2218697840.06344,221630724.84596
MYS,2020,0.95055,711.51035,989.0,5839.0,21993.06,92101649422.0,53.81287,2388113284.51093,232448467.86209
MYS,2021,,,883.0,6651.0,26302.68,108684889920.0,51.67868,2582653812.09314,292412519.95582
MYS,2022,1.0121,1218.32989,,,26506.35,136826796904.0,58.28182,2678448212.85006,281839163.49549
MYS,2023,,,,,,127032168259.0,59.41551,2729427354.50867,281977770.64763
MYS,2024,,,,,,134785868653.0,58.62767,2650488174.84789,347665490.20508
NAM,1990,,,5.0,158.0,,,,2512251.25089,1314100.65431
NAM,1991,,,3.0,130.0,,,,4345755.55487,325931.66662
NAM,1992,,,,,,,,3471231.00429,350629.39437
NAM,1993,,,13.0,120.0,,,,2386969.65506,306021.75065
NAM,1994,,,,,,,,4731330.37218,281626.80787
NAM,1995,,,,,,,,2839745.9668,27570.34919
NAM,1996,,,,,18.5,,,3070232.14173,6977800.3221
NAM,1997,,,,,30.79,,,3428847.96857,6575575.53466
NAM,1998,,,,,46.0,,,2532431.32551,5969302.41014
NAM,1999,,,,,29.23,,,3113935.99609,5728849.98263
NAM,2000,,,,,20.76,,,8055999.47609,5499936.65594
NAM,2001,,,,,45.23,,,0.37107,4697028.75228
NAM,2002,,,,,36.39,,,1663615.54915,3808376.19729
NAM,2003,,,,,46.11,,,3578522.78622,
NAM,2004,,,,,32.65,,,3241378.29027,
NAM,2005,,,,,53.48,,,1743612.77246,
NAM,2006,,,,,35.78,,,3007359.02732,
NAM,2007,,,,,40.1,86882853.0,5.49484,1925869.21205,
NAM,2008,,,,,33.07,24463166.0,1.17106,15276310.77744,
NAM,2009,,,,,31.89,44986748.0,1.64413,6696286.75958,187851.88736
NAM,2010,0.13963,,,,37.81,50571766.0,1.97419,5976319.08674,59248.72086
NAM,2011,,,,,49.14,48214196.0,1.82958,8453517.16375,5127892.77757
NAM,2012,,,,,64.47,108461161.0,5.36995,6255488.21591,484205.4777
NAM,2013,,,,,85.49,72391902.0,2.79576,6944483.41291,676931.09323
NAM,2014,0.34986,148.91896,,,91.97,114166739.0,3.65181,8624279.89542,2800437.5796
NAM,2015,,,13.0,11.0,100.28,6257803.0,0.43932,7080686.52965,345306.61304
NAM,2016,,,18.0,14.0,100.59,24272101.0,2.22542,2984701.00379,311550.23254
NAM,2017,,,10.0,15.0,114.24,2162374.0,0.18186,2406514.04718,314596.55393
NAM,2018,,,21.0,15.0,160.59,2888325.0,0.21964,1284968.63682,1389579.01117
NAM,2019,,,8.0,12.0,157.84,169247.0,0.01587,2540932.61673,587850.06011
NAM,2020,,,,,203.62,181587.0,0.02328,5717621.7719,2475357.10672
NAM,2021,,,,,230.62,639994.0,0.06663,5354442.36749,2293678.85825
NAM,2022,0.64636,224.81068,,,219.77,764250.0,0.05637,8863053.72442,1700727.64904
NAM,2023,,,,,,837552.0,0.08097,10019252.63005,3965450.10335
NAM,2024,,,,,,941515.0,0.11729,24477910.21098,3744083.59463
NCL,2002,,,,,,,,2208269.86982,118300.1716
NCL,2003,,,,,,,,2827905.4931,113494.53484
NCL,2004,,,,,,,,2642926.81392,176888.80251
NCL,2005,,,,,,,,1918530.64737,298601.55099
NCL,2006,,,,,,,,1513784.63347,1379721.74603
NCL,2007,,,,,,,,2831445.40941,286157.43552
NCL,2008,,,,,,5592597.0,0.66073,4752053.87357,524519.83805
NCL,2009,,,,,,141282997.0,8.55838,2484816.13923,686888.10744
NCL,2010,,,,,,6491337.0,0.89599,2146741.03829,1010817.36597
NCL,2011,,,,,,160695822.0,15.44593,1393902.15578,590557.13668
NCL,2012,,,,,,85540786.0,10.75819,2347112.99789,550791.54473
NCL,2013,,,,,,99288066.0,14.03023,1799176.69716,449769.50969
NCL,2014,,,,,,137707109.0,13.15388,2670986.53291,420760.92411
NCL,2015,,,,,,38232165.0,5.2673,1321244.97863,314995.24646
NCL,2016,,,,,,,,1826701.75269,442188.95509
NER,1986,,,,,,,,822971.82079,
NER,1987,,,,,,,,865119.36492,
NER,1988,,,,,,,,903144.56493,
NER,1989,,,,,,,,877720.11089,
NER,1990,,,,,,,,11018.68524,
NER,1991,,,,,,,,10634.26632,
NER,1992,,,,,,,,1779427.99386,
NER,1993,,,,,,,,1889373.94533,
NER,1994,,,,,,,,513324.18877,
NER,1995,,,,,,,,570972.4507,
NER,1996,,,,,19.32,,,,
NER,1997,,,,,37.3,,,,
NER,1998,,,,,35.46,,,225442.15601,
NER,1999,,,,,27.63,,,256712.98388,
NER,2000,,,,,24.98,,,194309.27906,
NER,2001,,9.30768,,,25.78,,,9557.64889,34134.46032
NER,2002,,8.57341,,,20.16,,,792834.81847,
NER,2003,,7.95687,,,23.92,,,248319.77778,
NER,2004,,8.13744,,,22.46,,,491146.06598,
NER,2005,,7.47846,,,21.52,,,1139858.63966,7586.41358
NER,2006,,,,,29.42,,,486193.609,
NER,2007,,,,,29.41,,,98196.17421,2089.2803
NER,2008,,,,,27.05,,,282511.18452,
NER,2009,,,,,53.57,4864197.0,17.39248,1998752.16906,
NER,2010,,,,,67.79,4573268.0,8.04653,,
NER,2011,,,,,31.39,3285632.0,5.82143,,
NER,2012,,,,,30.76,4737341.0,13.17855,,
NER,2013,,26.93895,,,31.32,53489209.0,57.68816,,
NER,2014,,,,,48.31,72921911.0,60.29982,,
NER,2015,,,,,52.98,11881005.0,15.86162,,676.5766
NER,2016,,,,,51.13,4109929.0,6.84598,,6176.11428
NER,2017,,,,,57.14,17744305.0,18.32427,,
NER,2018,,,,,65.89,5845178.0,8.56205,19803.88899,
NER,2019,,,,,63.64,1838136.0,5.6497,,18774.182
NER,2020,,,,,67.78,8771623.0,12.24093,,
NER,2021,,,,,56.76,12797212.0,32.36996,,23443.24775
NER,2022,,,,,73.56,5924134.0,13.87081,,22444.54071
NER,2023,,,,,,2603432.0,8.96675,,25718.39429
NER,2024,,,,,,6297439.0,8.61766,,24738.37937
NGA,1980,,,,,,,,54866584.48299,
NGA,1981,,,,,,,,80944371.50305,21045536.59079
NGA,1982,,,,,,,,26727595.22819,8909198.4094
NGA,1983,,,,,,,,13804340.15924,6902170.07962
NGA,1984,,,,,,,,2609169.44633,7827508.339
NGA,1985,,,10.0,431.0,,,,2237701.93978,
NGA,1986,,,,,,,,1139910.95891,
NGA,1990,,,12.0,246.0,,,,,
NGA,1996,,,,,908.53,,,,
NGA,1997,,,,,924.25,,,,
NGA,1998,,,,,884.83,,,,
NGA,1999,,,,,962.82,,,,
NGA,2000,,,,,1036.35,,,,
NGA,2001,,,,,1058.73,,,,
NGA,2002,,,,,1208.14,,,,
NGA,2003,,,,,1321.22,,,49852057.326,
NGA,2004,,,,,1475.89,,,,
NGA,2005,,,,,1784.91,,,67499686.15342,
NGA,2006,,,,,1958.42,,,84275550.25845,
NGA,2007,0.13223,37.55812,,,2141.08,,,172689266.91463,
NGA,2008,,,,,2267.25,,,190282818.9345,
NGA,2009,,,,,2871.93,47289187.0,2.64015,208441257.3885,
NGA,2010,,,,,3173.35,63081914.0,1.09005,223394625.41293,
NGA,2011,,,64.0,747.0,3410.07,40538812.0,1.26626,213199660.30709,
NGA,2012,,,42.0,676.0,3114.14,77755370.0,1.89162,250801226.66667,
NGA,2013,,,50.0,869.0,3137.77,91782074.0,2.99169,258580139.74382,
NGA,2014,,,,,3554.04,140225736.0,2.10797,252840000.0,
NGA,2015,,,,,3561.88,495095302.0,11.90588,252840000.0,
NGA,2016,,,85.0,150.0,3958.74,7388348.0,2.35103,252840000.0,
NGA,2017,,,100.0,180.0,4502.59,18315636.0,2.33035,252840000.0,
NGA,2018,,,382.0,509.0,5528.59,41645089.0,1.92878,252840000.0,
NGA,2019,0.28444,22.12011,439.0,683.0,6894.13,85424677.0,1.4824,252840000.0,
NGA,2020,,,410.0,598.0,8170.31,190326678.0,6.94412,252840000.0,
NGA,2021,,,,,9422.75,195947207.0,6.48797,252840000.0,
NGA,2022,,,,,9408.02,76668152.0,2.38488,252840000.0,
NGA,2023,,,,,,65160240.0,3.53042,252840000.0,
NGA,2024,,,,,,50082370.0,2.71167,252840000.0,
NIC,1977,,,,,,,,2100000.0,
NIC,1978,,,,,,,,2200000.0,
NIC,1979,,,,,,,,1800000.0,
NIC,1980,,,,,,,,1000000.0,
NIC,1981,,,,,,,,1200000.0,
NIC,1982,,,,,,,,1000000.0,
NIC,1983,,,,64.0,,,,600000.0,
NIC,1984,,,,49.0,,,,,
NIC,1985,,,2.0,33.0,,,,,
NIC,1986,,,,39.0,,,,,
NIC,1992,,,3.0,39.0,,,,,
NIC,1993,,,2.0,34.0,,,,,
NIC,1995,,,,35.0,,,,,
NIC,1996,,,,,15.86,,,,
NIC,1997,0.0651,71.26696,3.0,,19.79,,,,
NIC,1998,,,12.0,,13.59,,,,
NIC,1999,,,9.0,136.0,8.78,,,,
NIC,2000,,,14.0,129.0,14.14,,,,
NIC,2001,,,,,10.86,,,,
NIC,2002,0.03493,,,,7.63,,,,
NIC,2003,,,,,14.66,,,,
NIC,2004,,,,,17.2,,,,
NIC,2005,,,,,21.86,,,,
NIC,2006,,,,,33.78,,,,
NIC,2007,,,,,22.5,5557883.0,4.73967,,
NIC,2008,,,,,27.39,8213328.0,0.94724,800000.0,
NIC,2009,,,,,27.96,7447275.0,5.90293,800000.0,
NIC,2010,,,,,30.46,6223783.0,5.37472,800000.0,
NIC,2011,0.08344,,2.0,208.0,30.44,7559400.0,6.71165,800000.0,
NIC,2012,0.10449,,4.0,172.0,31.53,4344649.0,0.245,800000.0,
NIC,2013,0.10284,,3.0,124.0,28.96,7424951.0,0.36768,800000.0,
NIC,2014,0.08935,,1.0,145.0,33.56,9951105.0,0.46846,1200000.0,
NIC,2015,0.10742,,,,27.42,11891363.0,0.58311,1200000.0,
NIC,2016,,,,,37.77,17029801.0,0.79866,1900000.0,
NIC,2017,,,,,42.41,12612402.0,0.5995,2000000.0,
NIC,2018,,,,,43.03,14953054.0,0.67689,1900000.0,
NIC,2019,,,,,35.85,24126467.0,1.06257,1100000.0,
NIC,2020,,,,,39.21,9890059.0,0.53796,600000.0,
NIC,2021,,,,,45.56,30355921.0,1.21799,800000.0,
NIC,2022,,,,,41.45,37239155.0,1.25539,1500000.0,
NIC,2023,,,,,,22949838.0,0.80465,1500000.0,
NIC,2024,,,,,,16586838.0,0.59645,1400000.0,
NLD,1967,,,,,,,,65193370.11856,64640883.93112
NLD,1968,,,,,,,,73480662.93024,58839778.96294
NLD,1969,,,,,,,,101933701.58368,82872928.11682
NLD,1970,,,,,,,,115193370.08237,99723756.8339
NLD,1971,,,,,,,,116196368.79557,105603761.46237
NLD,1972,,,,,,,,153180572.90308,103464419.3922
NLD,1973,,,,,,,,190314953.19017,141982954.71281
NLD,1974,,,,,,,,236405178.91547,160485050.70164
NLD,1975,,,,,,,,280750666.70375,184098159.80962
NLD,1976,,,,,,,,356184984.64718,209182820.68491
NLD,1977,,,,,,,,358904989.27685,230829708.62308
NLD,1978,,,,,,,,444965266.72317,292735535.65047
NLD,1979,,,,,,,,555839848.59622,371134627.89357
NLD,1980,,,1826.0,5532.0,,,,643013987.76195,418313294.31154
NLD,1981,,,1897.0,4228.0,,,,593270893.47507,386620741.33588
NLD,1982,,,1873.0,3212.0,,,,573412536.9512,341549645.35436
NLD,1983,,,1889.0,2611.0,,,,517293600.3449,341439548.09518
NLD,1984,,,1840.0,2139.0,,,,558184911.68439,299793647.30999
NLD,1985,,,1938.0,1658.0,,,,733747259.88754,303341513.50818
NLD,1986,,,1866.0,1464.0,,,,776637314.90113,464215028.1334
NLD,1987,,,1970.0,1201.0,,,,1124074557.2068,718346397.7271
NLD,1988,,,2158.0,1068.0,,,,1412099328.59449,862578318.19095
NLD,1989,,,2205.0,993.0,,,,1817963401.28459,953864061.46236
NLD,1990,,,2147.0,764.0,,,,1751322271.08639,1085674768.57401
NLD,1991,,,1605.0,595.0,,,,2266655293.79583,1495982373.81127
NLD,1992,,,1753.0,555.0,,,,2308262572.24769,1612836824.31729
NLD,1993,,,1733.0,560.0,,,,2668043101.57625,1917222192.58965
NLD,1994,,,1748.0,501.0,,,,2673530892.86341,2211333026.4414
NLD,1995,,,2123.0,569.0,,,,3005762956.72656,2369522413.46278
NLD,1996,1.83733,2277.62765,2348.0,633.0,18565.62,,,2945036290.60326,2426999955.53174
NLD,1997,1.84171,2427.11356,2391.0,637.0,18654.85,,,2655169801.68677,2199073422.8334
NLD,1998,1.73966,2478.35144,2451.0,549.0,18778.35,,,3060821395.45113,2515222551.37422
NLD,1999,1.81986,2631.55841,2545.0,506.0,17751.63,,,3461740332.60077,2435046238.60809
NLD,2000,1.78907,2637.93221,2465.0,529.0,18865.25,,,2504611232.9139,2170465619.44388
NLD,2001,1.79214,2828.29837,2110.0,543.0,18769.03,,,2321477329.90402,1740971183.30016
NLD,2002,1.73931,2701.16441,2122.0,481.0,19627.11,,,2614585210.83703,1965283797.73191
NLD,2003,1.77665,2681.97594,2288.0,573.0,20265.99,,,3362406607.84912,2932754149.91683
NLD,2004,1.78132,2951.21244,2187.0,556.0,21716.81,,,24246609485.4617,18349259809.3434
NLD,2005,1.7667,2908.98454,2217.0,633.0,24421.03,,,25306730018.2722,19409852981.0131
NLD,2006,1.73208,3224.9245,2168.0,548.0,25054.53,,,26990274215.6379,20491419218.6935
NLD,2007,1.66063,3093.10821,2079.0,367.0,25817.72,83812029231.0,29.06373,32109653218.255,24972584758.3597
NLD,2008,1.61247,3063.96158,2421.0,311.0,26794.65,78409728585.0,26.04451,36253036932.0382,28328367949.3128
NLD,2009,1.65161,2822.24977,2575.0,279.0,28747.75,67945347790.00001,28.04394,27455344834.7344,24628066099.72169
NLD,2010,1.69388,3210.02025,2527.0,240.0,29400.04,77595336626.0,27.865,30404258377.9219,26984693486.147
NLD,2011,1.8651,3648.13368,2585.0,310.0,30229.23,86024475895.0,25.23908,35491119297.4835,30808052923.444
NLD,2012,1.90094,4336.14629,2375.0,338.0,31031.95,81513741828.0,25.48329,35470821448.7994,32281348152.0128
NLD,2013,2.13953,4887.39056,2315.0,449.0,31621.17,80936819220.0,24.66591,39803405826.1876,34519210350.0574
NLD,2014,2.15067,4926.09272,2294.0,288.0,31939.52,84488370148.0,24.55597,46617855688.9465,25978498297.86209
NLD,2015,2.11792,4891.78146,2207.0,287.0,31744.65,69778885270.0,24.07401,78961182633.35619,41004012095.1371
NLD,2016,2.11546,5109.20509,2290.0,314.0,31496.18,71059988656.0,24.00874,43031376893.4712,30193330153.4266
NLD,2017,2.14167,5273.17623,2241.0,365.0,31643.49,77793879014.0,22.9219,49502617553.6474,36741952024.17911
NLD,2018,2.1027,5496.79039,2111.0,394.0,32093.15,85620091095.0,22.51321,54361698106.78577,43961056321.61175
NLD,2019,2.14036,5592.12175,2228.0,449.0,32282.4,87057975323.0,23.04823,50062526216.2602,48480236307.7916
NLD,2020,2.26514,5799.27532,2198.0,825.0,33060.81,87232912188.0,23.16398,45104053876.5132,48756742364.36089
NLD,2021,2.21542,6003.86605,2080.0,1390.0,34933.42,101413257497.0,22.00232,46572999889.4659,62622958032.5394
NLD,2022,2.17529,6319.17518,,,34311.17,98441621634.0,21.95784,41833372040.0028,59368327525.55489
NLD,2023,2.26719,6563.33599,,,,107768604133.0,24.51065,39649122404.2331,57579782752.852
NLD,2024,,,,,,103035133130.0,23.46801,42371808963.0419,61985567588.8179
NOR,1975,,,,,,,,48157436.31485,30627060.17001
NOR,1976,,,,,,,,55892735.18406,34800987.38692
NOR,1977,,,,,,,,58356842.5729,47622738.94057
NOR,1978,,,,,,,,65100169.43626,61451639.29622
NOR,1979,,,,,,,,76750163.90659,61999484.10082
NOR,1980,,,716.0,3247.0,,,,94580447.32256,90311905.46103
NOR,1981,,,714.0,3785.0,,,,92743301.91361,76915188.15706
NOR,1982,,,693.0,3733.0,,,,75780902.95198,28948739.32676
NOR,1983,,,825.0,4068.0,,,,87699810.54883,47385398.87298
NOR,1984,,,961.0,4332.0,,,,79155915.93596,29062496.29145
NOR,1985,,,923.0,3694.0,,,,77015651.73509,28596569.55702
NOR,1986,,,903.0,3519.0,,,,110675381.06661,42853487.92406
NOR,1987,,,884.0,4616.0,,,,195017927.38744,67602910.38204
NOR,1988,,,904.0,4933.0,,,,160386374.59712,80676582.16021
NOR,1989,,,1015.0,4324.0,,,,132422322.73552,107729327.26257
NOR,1990,,,899.0,4745.0,,,,148378685.37754,132326270.71071
NOR,1991,,,924.0,4213.0,,,,168499156.44405,115538759.45056
NOR,1992,,,941.0,4120.0,,,,183763753.61872,121811875.20961
NOR,1993,,,1031.0,3886.0,,,,266135554.57535,125596810.97809
NOR,1994,,,1074.0,4072.0,,,,296971926.45497,115305645.10438
NOR,1995,,,1128.0,4280.0,,,,375298594.12152,110777755.2516
NOR,1996,,,1291.0,4336.0,4790.04,,,290439765.63297,118224537.58365
NOR,1997,1.5935,3981.76176,1256.0,4959.0,5158.2,,,364153390.6811,102609177.02384
NOR,1998,,,1213.0,5006.0,5207.28,,,347818300.49555,88949704.95623
NOR,1999,1.60437,4115.69293,1335.0,5255.0,4792.49,,,341556972.13886,149263794.81706
NOR,2000,,,1311.0,5389.0,5063.27,,,439207804.38645,160593957.13167
NOR,2001,1.56019,4371.19907,1189.0,5242.0,5159.27,,,329060784.87631,159132236.81415
NOR,2002,1.62644,,1178.0,5109.0,5168.99,,,328603757.90514,170902271.46181
NOR,2003,1.67572,4513.7416,1079.0,4782.0,5343.55,,,394454192.17647,194629778.96359
NOR,2004,1.53976,4514.09712,1142.0,4348.0,5842.12,,,442165107.93725,241996935.6029
NOR,2005,1.47715,4602.55542,1143.0,4843.0,6829.89,,,436873691.57154,383487429.42776
NOR,2006,1.44972,4866.24486,1119.0,4957.0,7248.79,,,454367240.63178,384188671.43951
NOR,2007,1.55795,5202.07257,1225.0,5431.0,7799.09,4446013282.0,17.93366,168936737.42543,192009723.07501
NOR,2008,1.54556,5399.5311,1150.0,4280.0,7992.95,5404015530.0,18.64831,459851143.97815,232763020.76377
NOR,2009,1.71678,5474.54077,1246.0,2358.0,8868.25,4893704319.0,19.91979,317624196.87494,124282336.76165
NOR,2010,1.6412,5444.69765,1117.0,696.0,9078.32,4943819869.0,20.36848,633879635.59543,338588556.40963
NOR,2011,1.61714,5533.91801,1122.0,654.0,9707.54,5379991584.0,21.5441,778782346.3096,321690939.90786
NOR,2012,1.61053,5584.13377,1009.0,555.0,10328.16,5157077194.0,21.12405,,
NOR,2013,1.64216,5605.02472,1101.0,648.0,10371.73,5372322266.0,21.0205,,
NOR,2014,1.70369,5722.57126,1106.0,457.0,10660.66,5698284176.0,22.31545,,
NOR,2015,1.92351,5929.85725,1153.0,652.0,10715.99,5035663952.0,22.26375,,
NOR,2016,2.03286,6120.84923,1227.0,833.0,11388.28,4312063971.0,20.95634,,
NOR,2017,2.08168,6396.1696,1152.0,908.0,11973.4,4265636721.0,21.5971,1381215431.24482,676051284.35717
NOR,2018,2.03482,6484.23611,1082.0,592.0,12413.22,4318612767.0,21.11782,738224369.92421,612674302.39976
NOR,2019,2.13599,6737.55318,957.0,582.0,12827.31,4610745766.0,22.49201,614054872.6504,362939884.25154
NOR,2020,2.24436,6766.01432,880.0,564.0,13480.21,4069222591.0,22.06888,739106285.40528,605352582.55977
NOR,2021,1.88764,7228.72168,946.0,634.0,14194.52,4733483567.0,20.58637,553413759.21098,419053332.65101
NOR,2022,1.55081,7394.77328,,,14068.95,5205063513.0,23.88495,617568555.52355,437351127.61148
NOR,2023,1.85142,7450.59492,,,,5969103927.0,25.67461,645830605.55175,439747064.86305
NOR,2024,,,,,,6446039526.0,25.41394,630060242.57177,461436112.58942
NPL,1980,,,2.0,,,,,,
NPL,1982,,,,3.0,,,,,
NPL,1985,,,,1.0,,,,,
NPL,1992,,,1.0,2.0,,,,,
NPL,1993,,,6.0,3.0,,,,,
NPL,1994,,,4.0,1.0,,,,,
NPL,1995,,,3.0,5.0,,,,,
NPL,1996,,,,,55.62,,,,
NPL,1997,,,,,65.65,,,,
NPL,1998,,,,,85.87,,,,
NPL,1999,,,,,85.08,,,,
NPL,2000,,,,,100.36,,,,
NPL,2001,,,,,114.36,,,,
NPL,2002,,59.65797,,,121.98,,,,
NPL,2003,,,,,234.29,,,,
NPL,2004,,,,,224.77,,,,
NPL,2005,,,,,295.24,,,,
NPL,2006,,,,,361.82,,,,
NPL,2007,,,,,388.75,,,,
NPL,2008,0.05439,,,,353.61,,,,
NPL,2009,0.25924,,,,387.07,2526185.0,0.42863,,
NPL,2010,0.30221,,,,381.93,4313163.0,0.68618,,
NPL,2011,,,8.0,15.0,390.74,2783697.0,0.41531,,
NPL,2012,,,4.0,13.0,395.9,816353.0,0.13673,,
NPL,2013,,,18.0,12.0,458.01,1912532.0,0.3223,,
NPL,2014,,,10.0,36.0,507.32,4401482.0,0.71987,,
NPL,2015,,,11.0,71.0,539.03,2850013.0,0.63528,,
NPL,2016,,,11.0,26.0,627.01,4241552.0,0.82261,,
NPL,2017,,,20.0,43.0,693.49,5993524.0,1.18426,,
NPL,2018,,,,,840.67,3263597.0,0.63058,,
NPL,2019,,,,,1054.19,5285142.0,1.07453,,
NPL,2020,,,,,1513.19,9513473.0,2.4488,,
NPL,2021,,,,,1797.2,6433383.0,1.24783,,
NPL,2022,,,,,1699.22,3815787.0,0.61752,5384241.08276,663618.26207
NPL,2023,,,,,,,,2599702.18369,9276272.1179
NPL,2024,,,,,,,,10417563.39089,1101577.41891
NRU,1996,,,,,0.0,,,,
NRU,1997,,,,,0.25,,,,
NRU,1998,,,,,0.14,,,,
NRU,1999,,,,,0.0,,,,
NRU,2000,,,,,0.0,,,,
NRU,2001,,,,,0.33,,,,
NRU,2002,,,,,0.0,,,,
NRU,2003,,,,,0.0,,,,
NRU,2004,,,,,0.23,,,,
NRU,2005,,,,,0.5,,,,
NRU,2006,,,,,0.27,,,,
NRU,2007,,,,,0.0,,,,
NRU,2008,,,,,0.0,,,,
NRU,2009,,,,,0.67,,,,
NRU,2010,,,,,0.0,,,,
NRU,2011,,,,,0.74,,,,
NRU,2012,,,,,0.5,,,,
NRU,2013,,,,,0.34,,,,
NRU,2014,,,,,0.37,,,,
NRU,2015,,,,,0.33,,,,
NRU,2016,,,,,0.47,,,,
NRU,2017,,,,,0.0,,,,
NRU,2018,,,,,0.0,,,,
NRU,2019,,,,,0.33,,,,
NRU,2020,,,,,0.9,,,,
NRU,2021,,,,,0.0,,,,
NRU,2022,,,,,0.27,,,,
NZL,1980,,,1148.0,2290.0,,,,,
NZL,1981,,,1033.0,2424.0,,,,,
NZL,1982,,,986.0,2547.0,,,,,
NZL,1983,,,1110.0,2683.0,,,,,
NZL,1984,,,1001.0,3011.0,,,,,
NZL,1985,,,1008.0,2967.0,,,,,
NZL,1986,,,957.0,3128.0,,,,,
NZL,1987,,,912.0,3368.0,,,,,
NZL,1988,,,803.0,3622.0,,,,,
NZL,1989,,,807.0,3660.0,,,,,
NZL,1990,,,802.0,3869.0,,,,,
NZL,1991,,,983.0,3550.0,,,,,
NZL,1992,,,1031.0,3390.0,,,,,
NZL,1993,,,1236.0,1866.0,,,,,
NZL,1994,,,1254.0,2517.0,,,,,
NZL,1995,,,1284.0,3435.0,,,,,
NZL,1996,,,1275.0,6192.0,3749.47,,,,
NZL,1997,1.05649,2200.13553,1572.0,8259.0,4027.97,,,,
NZL,1998,,,1181.0,4519.0,4110.31,,,,
NZL,1999,0.96387,2292.23305,1420.0,6541.0,4361.2,,,,
NZL,2000,,,1463.0,5585.0,4324.72,,,312843010.40945,49203171.29279
NZL,2001,1.10029,2669.46316,1768.0,5507.0,4412.78,,,317121949.62722,58140300.27304
NZL,2002,,,1839.0,5109.0,4373.95,,,361820924.36027,78878659.66412
NZL,2003,1.14891,3100.17298,1845.0,5028.0,4522.51,,,466307528.79068,107643357.64868
NZL,2004,,,1631.0,4900.0,4947.7,,,528700292.56551,104903159.74152
NZL,2005,1.12043,3159.23406,1893.0,5112.0,5448.08,,,554120312.86311,95765734.47922
NZL,2006,,,2153.0,5212.0,5769.72,,,501079242.7505,133238109.74192
NZL,2007,1.15764,3472.58808,1892.0,5952.0,6148.62,666691693.0,10.10315,611066531.84128,157643217.54016
NZL,2008,,,1256.0,4468.0,6434.48,638301208.0,9.3321,619758922.57243,203940560.42832
NZL,2009,1.24916,3760.38719,1555.0,4803.0,6683.61,521238449.0,9.91232,578826768.01175,184995177.61157
NZL,2010,,,1585.0,5051.0,6962.2,616514283.0,9.71534,699871922.96027,255298618.11328
NZL,2011,1.23083,3731.3373,1501.0,4708.0,7675.32,729698249.0,9.97378,1010436677.87467,312868939.3376
NZL,2012,,,1425.0,5674.0,7759.43,762196446.0,10.08321,973564426.1136,297473243.06286
NZL,2013,1.15275,4043.95577,1614.0,5167.0,7808.07,775321384.0,10.72644,982801999.76673,330543965.53785
NZL,2014,,,1636.0,6092.0,7997.3,699116173.0,9.91429,942756515.23442,322864626.48084
NZL,2015,1.22707,5476.90357,1184.0,5317.0,7892.26,657060269.0,10.11255,837125959.22296,369228462.07421
NZL,2016,,,1075.0,5311.0,8203.8,640136073.0,10.8777,867802528.53855,484911721.5253
NZL,2017,1.34788,5035.55839,1014.0,5146.0,8178.13,564057385.0,9.25229,921694042.45271,606278029.6401
NZL,2018,,,1017.0,5221.0,8396.44,605401280.0,9.81175,913496669.65421,754361210.21559
NZL,2019,1.4642,5665.38305,324.0,5690.0,8890.78,572755338.0,9.86595,954271120.95477,832659388.17702
NZL,2020,,,348.0,5417.0,8813.47,589049116.0,9.60875,878028084.55,838763416.49979
NZL,2021,1.48604,5094.76159,330.0,6522.0,9152.02,673724583.0,9.76111,1131996589.05258,1173883127.63826
NZL,2022,,,,,9213.62,826243764.0,12.05434,1145311098.93402,1113640109.3631
NZL,2023,1.54848,5435.46099,,,,823530843.0,12.64949,1076914234.73864,1078186018.88422
NZL,2024,,,,,,839952800.0,12.96708,1150703334.21658,1125832003.83515
OMN,1996,,,,,118.37,,,,
OMN,1997,,,,,123.5,,,,
OMN,1998,,,,,157.74,,,,
OMN,1999,,,,,148.2,,,,
OMN,2000,,,,,208.8,,,,
OMN,2001,,,,,236.03,,,,
OMN,2002,,,,,247.47,,,,
OMN,2003,,,,,303.69,,,,
OMN,2004,,,,,310.3,,,,
OMN,2005,,,,,327.26,,,,
OMN,2006,,,,,352.29,,,42392717.81534,
OMN,2007,,,,,413.64,,,28348504.55137,
OMN,2008,,,,,448.65,,,41612483.74512,
OMN,2009,,,,,486.47,,,47074122.23667,
OMN,2010,,,,,538.26,,,37451235.37061,
OMN,2011,0.11962,172.68707,,,600.64,,,37191157.3472,
OMN,2012,0.18281,180.02625,,,603.03,167104199.0,3.39323,36410923.27698,
OMN,2013,0.14854,132.90674,,,670.52,159946801.0,3.44391,37711313.39402,
OMN,2014,0.18588,182.47683,,,691.48,230872195.0,4.36109,54681404.42133,
OMN,2015,0.21866,222.38615,5.0,341.0,762.02,138986749.0,3.24324,73819895.96879,
OMN,2016,0.22691,250.29605,3.0,366.0,771.58,50129889.0,1.52101,84892880.36411,
OMN,2017,0.19925,251.8909,4.0,387.0,787.97,48362452.0,1.11674,100173598.82965,
OMN,2018,0.19031,296.18652,16.0,404.0,846.25,73302556.0,1.25804,120208318.59558,
OMN,2019,0.27255,382.86992,30.0,476.0,982.36,77192098.0,1.50268,224677555.70871,
OMN,2020,0.31599,374.1444,11.0,519.0,1074.58,589224440.0,8.4956,222430780.15163,
OMN,2021,0.29266,332.10768,30.0,511.0,1399.09,662031837.0,6.61069,240225242.56376,
OMN,2022,0.28711,383.13404,,,1588.15,784366169.0,7.61987,267361797.74225,
OMN,2023,0.37526,655.14938,,,,441801906.0,5.00539,282467739.31469,
OMN,2024,0.38979,739.41404,,,,,,291506706.97276,
PAK,1980,,,37.0,369.0,,,,,
PAK,1990,,,23.0,524.0,,,,,
PAK,1991,,,22.0,502.0,,,,,
PAK,1992,,,17.0,605.0,,,,,
PAK,1993,,,19.0,617.0,,,,6147678.6419,1348223.04444
PAK,1994,,,31.0,574.0,,,,11858421.18988,2425806.15981
PAK,1995,,,21.0,678.0,,,,21204378.30276,5818331.20707
PAK,1996,,,16.0,799.0,727.91,,,13762344.77108,18488866.03563
PAK,1997,0.15565,70.9917,27.0,1049.0,801.83,,,19336528.37566,1557690.88372
PAK,1998,0.10919,,45.0,1275.0,954.57,,,11000000.0,1000000.0
PAK,1999,0.1159,,44.0,1089.0,989.48,,,22000000.0,6000000.0
PAK,2000,0.09536,,46.0,1149.0,1036.55,,,28000000.0,
PAK,2001,0.12408,,58.0,1168.0,1233.34,,,19000000.0,2000000.0
PAK,2002,0.16228,,55.0,1057.0,1350.92,,,18000000.0,6000000.0
PAK,2003,,,57.0,1070.0,1465.01,,,36000000.0,8000000.0
PAK,2004,,,73.0,1008.0,1730.34,,,86000000.0,10000000.0
PAK,2005,0.32946,73.17722,143.0,1141.0,2356.02,,,109000000.0,15000000.0
PAK,2006,,,91.0,1647.0,2796.17,,,106000000.0,53000000.0
PAK,2007,0.52343,144.82577,109.0,1449.0,3335.15,,,107000000.0,37000000.0
PAK,2008,,,170.0,1375.0,4076.38,279153357.0,1.92474,117000000.0,38000000.0
PAK,2009,0.40218,143.85657,,,4827.6,233461231.0,1.76709,90000000.0,5000000.0
PAK,2010,,,114.0,980.0,5470.45,268289997.0,1.72806,124000000.0,4000000.0
PAK,2011,0.30491,130.07654,92.0,861.0,6069.82,324894440.0,1.81461,127000000.0,7000000.0
PAK,2012,,,96.0,798.0,6483.15,316859945.0,1.72526,161000000.0,7000000.0
PAK,2013,0.26179,144.40494,151.0,783.0,7175.1,354220539.0,1.92489,126000000.0,6000000.0
PAK,2014,,,146.0,776.0,7322.71,264492176.0,1.44811,160000000.0,12000000.0
PAK,2015,0.22193,257.67288,209.0,677.0,8116.95,266537589.0,1.60383,180000000.0,15000000.0
PAK,2016,,,204.0,636.0,9294.65,311291838.0,1.95739,221000000.0,10000000.0
PAK,2017,0.21214,314.96263,193.0,505.0,11152.3,360255508.0,2.17637,227000000.0,10000000.0
PAK,2018,,,306.0,586.0,12370.03,374563536.0,2.16975,189000000.0,7000000.0
PAK,2019,0.17475,362.3767,313.0,561.0,15378.21,396194498.0,2.3027,192000000.0,
PAK,2020,,,338.0,562.0,16977.89,309393322.0,1.88781,183000000.0,11000000.0
PAK,2021,0.16431,401.38994,426.0,567.0,20753.75,318590723.0,1.48849,268000000.0,13000000.0
PAK,2022,,,,,22642.68,329716126.0,1.43226,111000000.0,13000000.0
PAK,2023,0.16399,473.71632,,,,384348995.0,1.90281,104000000.0,11000000.0
PAK,2024,,,,,,535223179.0,2.43815,293000000.0,13000000.0
PAN,1977,,,,,,,,4100000.0,
PAN,1978,,,,,,,,5700000.0,
PAN,1979,,,,,,,,7400000.0,
PAN,1980,,,15.0,90.0,,,,12100000.0,
PAN,1981,,,8.0,90.0,,,,13400000.0,
PAN,1982,,,7.0,97.0,,,,14600000.0,
PAN,1983,,,16.0,134.0,,,,12500000.0,
PAN,1984,,,15.0,98.0,,,,12800000.0,
PAN,1985,,,14.0,78.0,,,,11200000.0,
PAN,1986,,,11.0,83.0,,,,13800000.0,
PAN,1987,,,3.0,73.0,,,,12200000.0,
PAN,1988,,,9.0,79.0,,,,9900000.0,
PAN,1989,,,6.0,44.0,,,,9000000.0,
PAN,1990,,,15.0,53.0,,,,9300000.0,
PAN,1991,,,19.0,68.0,,,,9100000.0,
PAN,1992,,,18.0,66.0,,,,10100000.0,
PAN,1993,,,20.0,80.0,,,,10700000.0,
PAN,1994,,,11.0,86.0,,,,12400000.0,
PAN,1995,,,16.0,62.0,,,,16000000.0,
PAN,1996,0.33279,113.61824,31.0,142.0,65.89,,,17300000.0,
PAN,1997,0.3175,116.3712,,,46.94,,,16400000.0,
PAN,1998,0.28281,160.89987,,,49.16,,,26400000.0,
PAN,1999,0.283,98.53929,,,50.56,,,30000000.0,
PAN,2000,0.37287,95.9425,7.0,153.0,42.75,,,42400000.0,
PAN,2001,0.36808,90.7959,,,59.24,,,35800000.0,
PAN,2002,0.34737,95.82846,,,50.59,,,46700000.0,
PAN,2003,0.32323,96.2208,,,64.62,,,42400000.0,
PAN,2004,0.22516,86.01913,,,65.36,,,45500000.0,
PAN,2005,0.22835,104.8111,,,79.6,,,44600000.0,
PAN,2006,0.22884,106.46073,,,83.53,,,42600000.0,
PAN,2007,0.1782,167.93435,,,100.21,,,57200000.0,
PAN,2008,0.18646,133.47221,,371.0,118.4,1108988.0,1.23426,59400000.0,
PAN,2009,0.12889,111.53858,,370.0,118.74,900031.0,1.37391,62500000.0,
PAN,2010,0.14075,,,468.0,118.76,696662.0,0.82604,46300000.0,7800000.0
PAN,2011,0.16818,119.64866,21.0,420.0,130.16,1430455.0,1.44991,68700000.0,7900000.0
PAN,2012,0.07323,38.1076,,234.0,155.83,464508.0,0.41968,96900000.0,12100000.0
PAN,2013,0.06028,39.55467,9.0,78.0,155.37,50963.0,0.04612,80900000.0,4600000.0
PAN,2014,0.11935,92.78364,13.0,274.0,166.51,231391.0,0.19566,98700000.0,8300000.0
PAN,2015,0.10422,90.68303,14.0,389.0,164.37,457.0,0.00047,57000000.0,5900000.0
PAN,2016,0.12829,96.8879,68.0,349.0,154.78,822563.0,1.15654,47000000.0,1962192.0
PAN,2017,0.13083,105.81058,33.0,376.0,175.99,182494.0,0.29486,46300000.0,14077872.3
PAN,2018,0.13355,107.17185,135.0,362.0,175.81,88765.0,0.12534,631064333.48,34445612.03
PAN,2019,0.13613,110.65703,34.0,328.0,261.7,255848.0,0.29519,380443175.03,27890360.83
PAN,2020,0.23246,167.55608,22.0,297.0,264.98,694221.0,0.74366,440493569.01,4418099.21
PAN,2021,0.17691,134.74424,35.0,401.0,290.26,333800.0,0.26006,31949416.28,1549282.45
PAN,2022,0.18302,142.28474,,,376.12,333696.0,0.23362,22854110.83,992867.68
PAN,2023,0.15803,253.27142,,,,1339544.0,1.00049,30938238.15,2736934.03
PAN,2024,0.19708,250.47421,,,,1862786.0,1.76731,24048305.69,796370.51
PER,1980,,,82.0,280.0,,,,,
PER,1981,,,50.0,375.0,,,,,
PER,1982,,,56.0,294.0,,,,,
PER,1983,,,77.0,266.0,,,,,
PER,1985,,,41.0,211.0,,,,4000000.0,
PER,1986,,,48.0,208.0,,,,3700000.0,
PER,1987,,,43.0,194.0,,,,8000000.0,
PER,1988,,,53.0,194.0,,,,3700000.0,
PER,1989,,,,,,,,1600000.0,
PER,1990,,,49.0,219.0,,,,5000000.0,
PER,1991,,,31.0,216.0,,,,8000000.0,
PER,1992,,,21.0,262.0,,,,12000000.0,
PER,1993,,,34.0,254.0,,,,22000000.0,
PER,1994,,,29.0,369.0,,,,37600000.0,
PER,1995,,,,,,,,49969000.0,1097000.0
PER,1996,,,52.0,565.0,121.87,,,78951000.0,101000.0
PER,1997,0.0836,,48.0,756.0,117.75,,,54075000.0,7297000.0
PER,1998,0.10072,,,,93.7,,,62796820.0,1221000.0
PER,1999,0.09849,,48.0,944.0,160.92,,,63984000.0,389000.0
PER,2000,0.11266,,40.0,1038.0,172.38,,,74288000.0,1035000.0
PER,2001,0.11096,,36.0,974.0,196.66,,,65485000.0,756000.0
PER,2002,0.10614,,29.0,840.0,191.96,,,70755000.0,817000.0
PER,2003,0.10813,,32.0,892.0,267.77,,,74298000.0,531000.0
PER,2004,0.15578,,38.0,785.0,265.08,,,78082000.0,239000.0
PER,2005,,,27.0,993.0,302.14,,,81628000.0,1786000.0
PER,2006,,,39.0,1232.0,441.15,,,95339000.0,2695000.0
PER,2007,,,28.0,1331.0,402.49,,,111272000.0,1065000.0
PER,2008,,,31.0,1504.0,406.39,121648831.0,2.95014,159484000.0,1500000.0
PER,2009,,,37.0,657.0,491.52,121323413.0,3.70918,152419000.0,2186000.0
PER,2010,,,39.0,261.0,553.93,427994492.0,8.6209,196763615.29781,3052000.0
PER,2011,0.08282,,39.0,1129.0,596.78,322873522.0,6.54229,215801198.33333,5370000.0
PER,2012,0.0553,,54.0,1136.0,641.35,355039046.0,4.69466,363763314.99,7143518.57523
PER,2013,0.08174,,73.0,1193.0,667.12,355131400.0,5.00038,394276014.35,4799713.0
PER,2014,0.10805,,83.0,1204.0,745.61,206108972.0,4.25219,465593559.83316,6000000.0
PER,2015,0.11702,,67.0,1182.0,899.29,302441321.0,5.2434,421403538.32902,13684929.0
PER,2016,0.12008,,72.0,1091.0,1071.41,186687352.0,4.79971,379133896.09873,16881634.0
PER,2017,0.12085,,100.0,1119.0,1389.87,211714389.0,5.12232,306382719.15472,26290389.47
PER,2018,0.12683,,89.0,1133.0,1700.86,210905058.0,4.6802,349222679.3957,26182714.28571
PER,2019,0.15696,,137.0,1122.0,2332.04,179192646.0,4.075,419229521.67865,30291840.0
PER,2020,0.17229,,125.0,1142.0,2892.98,172740806.0,4.79483,459604252.87155,25098048.0
PER,2021,0.13754,,94.0,1141.0,4064.96,222582995.0,4.46165,505899553.42437,38013259.52
PER,2022,0.16206,,,,4584.96,263430270.0,4.58947,521794008.09928,39533789.9008
PER,2023,0.17611,,,,,264161339.0,5.01572,591464295.84694,41115141.49683
PER,2024,,,,,,286206778.0,5.21372,615122867.68082,43392922.60819
PHL,1977,,,,,,,,16000000.0,
PHL,1978,,,,,,,,17000000.0,
PHL,1979,,,,,,,,17000000.0,
PHL,1980,,,119.0,1454.0,,,,19000000.0,
PHL,1981,,,91.0,1514.0,,,,24000000.0,
PHL,1982,,,134.0,1514.0,,,,23000000.0,
PHL,1983,,,63.0,1613.0,,,,23000000.0,
PHL,1984,,,102.0,1194.0,,,,26000000.0,
PHL,1985,,,91.0,1489.0,,,,17000000.0,
PHL,1986,,,75.0,1379.0,,,,20000000.0,
PHL,1987,,,76.0,1568.0,,,,31000000.0,
PHL,1988,,,86.0,1617.0,,,,27000000.0,
PHL,1989,,,71.0,1772.0,,,,37000000.0,
PHL,1990,,,147.0,1822.0,,,,38000000.0,1000000.0
PHL,1991,,,147.0,1774.0,,,,56000000.0,
PHL,1992,,,133.0,1687.0,,,,55000000.0,
PHL,1993,,,178.0,1860.0,,,,60000000.0,
PHL,1994,,,181.0,1965.0,,,,95000000.0,
PHL,1995,,,169.0,2207.0,,,,99000000.0,2000000.0
PHL,1996,,,163.0,2634.0,264.21,,,82000000.0,5000000.0
PHL,1997,,,125.0,3440.0,298.25,,,158000000.0,18000000.0
PHL,1998,,,163.0,3280.0,302.08,,,70000000.0,
PHL,1999,,,144.0,3217.0,281.43,,,110000000.0,6000000.0
PHL,2000,,,154.0,3482.0,345.72,,,197000000.0,7000000.0
PHL,2001,,,135.0,2470.0,304.03,,,159000000.0,1000000.0
PHL,2002,0.13263,53.17147,149.0,705.0,407.82,,,236000000.0,1000000.0
PHL,2003,0.12527,69.84969,141.0,1732.0,375.35,,,278000000.0,4000000.0
PHL,2004,,,158.0,2538.0,389.09,,,273000000.0,11000000.0
PHL,2005,0.10692,79.06465,210.0,2762.0,457.51,,,265882903.83,5538715.68
PHL,2006,,,223.0,3034.0,445.82,,,348937717.73,6235835.06
PHL,2007,0.10498,77.12363,225.0,3248.0,492.66,,,385425695.4,5425300.6
PHL,2008,,,216.0,3097.0,545.02,,,387300951.6,2616659.8
PHL,2009,0.10901,80.30929,172.0,2825.0,595.33,,,412169786.81,1549274.54
PHL,2010,,,170.0,3223.0,679.82,,,446477954.53,4130301.86
PHL,2011,0.11222,82.55979,186.0,3010.0,878.82,,,441511424.4,4889209.18
PHL,2012,,,162.0,2832.0,820.31,,,471305024.6,7637256.25
PHL,2013,0.13207,182.5933,220.0,3065.0,935.46,,,529353929.01,2974938.18
PHL,2014,,,334.0,3255.0,1038.82,,,547026079.2,9759026.35
PHL,2015,0.15683,103.17345,375.0,3359.0,1365.11,,,612611626.02,11191903.05
PHL,2016,,,327.0,3092.0,1654.64,,,546410232.43,9490153.08
PHL,2017,,,323.0,3072.0,1992.04,33502538621.0,60.31763,751387515.62,16914324.04
PHL,2018,0.32222,170.21271,529.0,3771.0,2121.3,33903662791.0,61.34599,916981982.9,44086035.445
PHL,2019,0.25926,302.08457,501.0,3879.0,3379.76,35825986531.0,62.24667,832721346.32,27878391.36
PHL,2020,0.27625,320.27857,476.0,3517.0,3262.82,34896354090.0,67.04509,519252390.14,15258017.75
PHL,2021,,,490.0,3903.0,4052.93,38194465821.0,64.22541,622928934.82,33311246.8
PHL,2022,,,,,3961.49,41726956647.0,66.61109,550887119.48,12281658.52
PHL,2023,,,,,,37090950135.0,63.97793,451856556.88,30470074.37
PHL,2024,,,,,,34360137210.0,60.97531,443107068.46,27971020.23
PLW,1996,,,,,1.29,,,,
PLW,1997,,,,,0.92,,,,
PLW,1998,,,,,1.5,,,,
PLW,1999,,,,,0.0,,,,
PLW,2000,,,,,2.33,,,,
PLW,2001,,,,,3.09,,,,
PLW,2002,,,,,1.83,,,,
PLW,2003,,,,,1.83,,,,
PLW,2004,,,,,2.88,,,,
PLW,2005,,,,,10.48,,,,
PLW,2006,,,,,4.79,,,,
PLW,2007,,,,,7.97,,,,
PLW,2008,,,,,3.71,,,,
PLW,2009,,,,,2.73,,,,
PLW,2010,,,,,5.17,,,,
PLW,2011,,,,,1.85,,,,
PLW,2012,,,,,2.25,,,,
PLW,2013,,,,,4.2,,,,
PLW,2014,,,,,4.71,1144672.0,20.9985,,
PLW,2015,,,,,5.61,2231245.0,41.21994,,
PLW,2016,,,,,3.3,3509603.0,60.45686,,
PLW,2017,,,,,5.96,1277066.0,26.82768,,
PLW,2018,,,,,6.51,401590.0,51.68369,,
PLW,2019,,,,,6.1,,,,
PLW,2020,,,,,6.52,,,,
PLW,2021,,,,,5.61,,,,
PLW,2022,,,,,6.45,,,,
PNG,1976,,,,,,,,250197.0309,
PNG,1977,,,,,,,,250554.95469,
PNG,1978,,,,,,,,138587.33331,
PNG,1996,,,,,86.16,,,,
PNG,1997,,,,,73.82,,,,
PNG,1998,,,,,73.97,,,,
PNG,1999,,,,,69.88,,,,
PNG,2000,,,,,64.24,,,,
PNG,2001,,,,,76.27,,,,
PNG,2002,,,,,51.99,,,,
PNG,2003,,,,,54.18,,,,
PNG,2004,,,,,42.64,,,,
PNG,2005,,,,,37.26,,,,
PNG,2006,,,,,48.87,,,,
PNG,2007,,,,,60.76,,,,
PNG,2008,,,1.0,45.0,59.0,,,,
PNG,2009,,,,,40.02,,,,
PNG,2010,,,,,49.73,,,,
PNG,2011,,,,,41.6,65906268.0,23.1034,,
PNG,2012,,,,,61.17,15613328.0,3.95905,,
PNG,2013,,,,79.0,53.22,,,,
PNG,2014,,,,,62.9,,,,
PNG,2015,,,1.0,46.0,58.96,,,,
PNG,2016,0.03158,33.15884,,,59.81,,,,
PNG,2017,,,,,62.0,,,,
PNG,2018,,,,33.0,61.16,,,,
PNG,2019,,,,63.0,71.07,46982983.0,29.81566,,
PNG,2020,,,,53.0,60.17,61780229.0,44.7984,,
PNG,2021,,,,29.0,83.64,86295937.0,40.05406,,
PNG,2022,,,,,83.33,15750403.0,11.9718,,
PNG,2023,,,,,,18779129.0,10.24808,,
POL,1980,,,6198.0,1644.0,,,,,
POL,1981,,,4370.0,1188.0,,,,,
POL,1982,,,4482.0,990.0,,,,,
POL,1983,,,4741.0,783.0,,,,,
POL,1984,,,5090.0,798.0,,,,,
POL,1985,,,5124.0,770.0,,,,,
POL,1986,,,5486.0,713.0,,,,,
POL,1987,,,5682.0,769.0,,,,,
POL,1988,,,6280.0,763.0,,,,,
POL,1989,,,5294.0,843.0,,,,,
POL,1990,,,4106.0,1315.0,,,,,
POL,1991,,,3389.0,1086.0,,,,,
POL,1992,,,2891.0,1354.0,,,,,
POL,1993,,,2659.0,1013.0,,,,,
POL,1994,,,2676.0,1327.0,,,,18000000.0,1000000.0
POL,1995,,,2595.0,1265.0,,,,44000000.0,4000000.0
POL,1996,0.6369,1367.8676,2411.0,1297.0,11065.53,,,144000000.0,24000000.0
POL,1997,0.641,1449.61312,2399.0,3950.0,11075.57,,,175000000.0,27000000.0
POL,1998,0.65746,1465.27746,2407.0,4128.0,11369.23,,,195000000.0,22000000.0
POL,1999,0.67786,1472.95828,2285.0,4671.0,11933.1,,,491000000.0,25000000.0
POL,2000,0.63806,1441.97757,2404.0,4899.0,12984.35,,,555000000.0,34000000.0
POL,2001,0.61861,1467.79064,2202.0,4328.0,14359.62,,,508000000.0,48000000.0
POL,2002,0.55501,1483.34389,2313.0,4292.0,15613.41,,,557000000.0,34000000.0
POL,2003,0.53626,1533.19754,2268.0,3973.0,16749.52,,,745000000.0,28000000.0
POL,2004,0.54999,1595.82994,2381.0,5359.0,18896.41,,,883000000.0,30000000.0
POL,2005,0.56121,1629.60294,2028.0,4555.0,20405.04,,,1036000000.0,62000000.0
POL,2006,0.54899,1563.45879,2157.0,655.0,22224.04,,,1313000000.0,39000000.0
POL,2007,0.56103,1614.00137,2392.0,361.0,22093.36,4362127682.0,3.88296,1575000000.0,103000000.0
POL,2008,0.59719,1626.3818,2488.0,290.0,23900.02,7363448740.0,5.29133,1773000000.0,207000000.0
POL,2009,0.65932,1608.44328,2899.0,241.0,23783.14,7803885489.0,7.06915,1542000000.0,103000000.0
POL,2010,0.72252,1697.02812,3203.0,227.0,24723.17,9591093862.0,7.71909,2248000000.0,237000000.0
POL,2011,0.74726,1679.90071,3879.0,244.0,25612.69,9700758960.0,6.61892,2407000000.0,270000000.0
POL,2012,0.88476,1752.07893,4410.0,247.0,27711.05,10728842468.0,7.81151,2332000000.0,229000000.0
POL,2013,0.8807,1868.31303,4237.0,174.0,29634.94,13662050275.0,8.74502,2693000000.0,311000000.0
POL,2014,0.9454,2054.74753,3941.0,155.0,31104.41,16757316984.0,10.06863,2945000000.0,342000000.0
POL,2015,0.99807,2158.37831,4676.0,139.0,32723.75,16502308101.0,10.77552,2431000000.0,415000000.0
POL,2016,0.9616,2304.00747,4261.0,135.0,34267.43,16888118842.0,10.71542,2692000000.0,444000000.0
POL,2017,1.03055,2994.85672,3924.0,117.0,33886.6,18837376641.0,10.66732,3167000000.0,575000000.0
POL,2018,1.19426,3079.49249,4207.0,115.0,35457.24,21763148628.0,10.39503,3639000000.0,614000000.0
POL,2019,1.3088,3159.06604,3887.0,112.0,36493.83,19830978892.0,9.85293,3734000000.0,645000000.0
POL,2020,1.37128,3260.15498,4010.0,88.0,38445.19,19970865152.0,9.86617,3534000000.0,1101000000.0
POL,2021,1.41558,3558.20467,3377.0,111.0,41280.7,23837274338.0,9.44557,4134000000.0,1464000000.0
POL,2022,1.44162,3721.07204,,,37368.15,33137532120.0,11.63259,4002000000.0,1234000000.0
POL,2023,1.55525,3675.06022,,,,36255539615.0,12.12232,4660000000.0,1370000000.0
POL,2024,,,,,,40109557279.0,13.50997,5113000000.0,1491000000.0
PRK,1986,,,,8.0,,,,,
PRK,1987,,,,32.0,,,,,
PRK,1988,,,,13.0,,,,,
PRK,1989,,,,13.0,,,,,
PRK,1990,,,,38.0,,,,,
PRK,1991,,,,8.0,,,,,
PRK,1992,,,,8.0,,,,,
PRK,1996,,,,,1.15,,,,
PRK,1997,,,,,1.38,,,,
PRK,1998,,,,,1.2,,,,
PRK,1999,,,,,0.56,,,,
PRK,2000,,,,,1.6,,,,
PRK,2001,,,,,0.17,,,,
PRK,2002,,,,,1.33,,,,
PRK,2003,,,,,1.33,,,,
PRK,2004,,,,,1.89,,,,
PRK,2005,,,5861.0,66.0,4.31,,,,
PRK,2006,,,6350.0,56.0,2.18,,,,
PRK,2007,,,6846.0,76.0,6.4,,,,
PRK,2008,,,,,10.46,,,,
PRK,2009,,,7956.0,55.0,6.74,,,,
PRK,2010,,,8018.0,39.0,8.31,,,,
PRK,2011,,,7956.0,39.0,7.52,,,,
PRK,2012,,,8354.0,27.0,17.88,,,,
PRK,2013,,,,,9.11,,,,
PRK,2014,,,,,16.73,,,,
PRK,2015,,,,,39.01,,,,
PRK,2016,,,,,42.06,,,,
PRK,2017,,,8095.0,2.0,56.6,,,,
PRK,2018,,,7846.0,8.0,89.9,,,,
PRK,2019,,,7377.0,7.0,144.61,,,,
PRK,2020,,,6937.0,6.0,177.26,,,,
PRK,2021,,,,,245.09,,,,
PRK,2022,,,,,263.49,,,,
PRT,1976,,,,,,,,16341979.43518,2321067.22973
PRT,1977,,,,,,,,19927109.37752,2899579.58845
PRT,1978,,,,,,,,18049887.43101,1823362.24868
PRT,1979,,,,,,,,22457713.447,3049673.11711
PRT,1980,,,92.0,1731.0,,,,31269169.18516,3602811.0559
PRT,1981,,,90.0,1843.0,,,,33176431.50879,5164081.9381
PRT,1982,,,92.0,1734.0,,,,41619590.66942,2430887.09169
PRT,1983,,,91.0,1760.0,,,,37300591.38011,3768948.57287
PRT,1984,,,96.0,1756.0,,,,29516010.32926,2749066.54505
PRT,1985,,,85.0,1906.0,,,,33225182.75576,3543625.39627
PRT,1986,,,77.0,2191.0,,,,51572629.39383,5349184.85639
PRT,1987,,,61.0,2258.0,,,,81880287.22462,6409174.74361
PRT,1988,,,54.0,2410.0,,,,76626967.68597,7669667.38325
PRT,1989,,,86.0,3311.0,,,,68657091.91646,8263646.55418
PRT,1990,,,101.0,3541.0,,,,116575032.45515,13518995.0505
PRT,1991,,,102.0,3453.0,,,,114317819.4721,15243166.92715
PRT,1992,,,69.0,1138.0,,,,75434043.89654,12504400.42665
PRT,1993,,,88.0,180.0,,,,174250995.48292,35852619.43341
PRT,1994,,,103.0,88.0,,,,206290995.31984,28982780.2266
PRT,1995,,,81.0,120.0,,,,236796159.25317,19242988.52619
PRT,1996,0.5495,1255.99385,86.0,76.0,2210.65,,,274306362.1702,20082226.30585
PRT,1997,0.56374,1352.48105,71.0,101.0,2619.11,,,287874080.17321,26512395.97096
PRT,1998,0.62486,1450.22471,96.0,61.0,2840.16,,,303731471.14325,42552381.26514
PRT,1999,0.68121,1546.5656,81.0,114.0,3129.07,,,301043219.04762,20222745.86081
PRT,2000,0.72156,1633.81566,81.0,65.0,3328.54,,,275310387.41069,25345825.87695
PRT,2001,0.76482,1717.30179,107.0,56.0,3822.28,,,250806170.2705,20580229.81392
PRT,2002,0.72184,1827.5988,130.0,49.0,4058.67,,,314186788.42399,22816648.59249
PRT,2003,0.69802,1939.08763,125.0,40.0,4672.02,,,307630213.7184,29470852.92426
PRT,2004,0.7293,1975.6442,123.0,64.0,5230.92,,,361783080.1948,27434781.74603
PRT,2005,0.75755,2013.3272,158.0,47.0,5961.16,,,349633378.1711,44877223.02878
PRT,2006,0.95448,2344.86601,184.0,36.0,7264.79,,,408518949.86175,70423673.24826
PRT,2007,1.12417,2674.3872,250.0,31.0,7678.64,3502617645.0,8.60305,479505309.52078,87685085.73976
PRT,2008,1.44335,3827.16557,381.0,24.0,8752.22,3575493699.0,8.23641,534829333.62353,68794426.25092
PRT,2009,1.58002,3768.61566,571.0,46.0,9560.16,1617971205.0,4.79456,562301734.0839,151136668.04389
PRT,2010,1.53317,3923.75527,499.0,46.0,10632.46,1498647775.0,4.07311,595846046.60894,46372790.33189
PRT,2011,1.45558,4166.14892,571.0,75.0,11915.85,1830313490.0,4.12399,600613719.00703,67001763.87311
PRT,2012,1.37661,4032.33558,621.0,26.0,13001.8,1919376035.0,4.493,505194156.56327,52789710.04963
PRT,2013,1.32325,3605.75824,647.0,22.0,13889.26,2135835442.0,4.70028,517704267.31449,45192160.03533
PRT,2014,1.28892,3658.36239,722.0,18.0,14438.03,2314872279.0,4.88071,660632627.83312,70212336.10835
PRT,2015,1.24552,3724.60014,925.0,20.0,14810.29,2095894950.0,5.07995,700149438.13542,81774306.24956
PRT,2016,1.2815,3992.10969,724.0,27.0,14398.94,2457361282.0,5.8054,813725639.96919,103808750.8909
PRT,2017,1.32224,4348.10903,644.0,36.0,14405.2,2816256592.0,5.98813,892938043.00957,155382453.37469
PRT,2018,1.35078,4614.40041,661.0,29.0,14906.3,2978019017.0,5.28353,883697896.01648,137733685.7326
PRT,2019,1.39487,4859.21726,703.0,104.0,16534.56,3594840031.0,6.94181,887737502.46211,139837144.6158
PRT,2020,1.60979,5131.43982,695.0,263.0,17269.64,3366105196.0,7.11471,879412474.87566,184518401.30938
PRT,2021,1.66711,5430.93667,711.0,42.0,19600.42,3561400342.0,6.25033,886755617.02742,190023960.53391
PRT,2022,1.69051,5686.65428,,,19622.76,4279022517.0,6.99049,857595447.0644,181275685.09199
PRT,2023,1.69491,5983.27041,,,,4210059440.0,6.71084,1012006065.44294,189040830.07602
PRT,2024,,,,,,4134796922.0,6.77344,1005084386.41777,200258989.93507
PRY,1983,,,5.0,50.0,,,,,
PRY,1984,,,10.0,32.0,,,,,
PRY,1985,,,7.0,35.0,,,,,
PRY,1988,,,,,,,,,64900000.0
PRY,1989,,,6.0,34.0,,,,,
PRY,1990,,,16.0,36.0,,,,100000.0,76300000.0
PRY,1991,,,,,,,,,79100000.0
PRY,1992,,,20.0,44.0,,,,100000.0,81600000.0
PRY,1993,,,30.0,71.0,,,,,96000000.0
PRY,1994,,,,,,,,100000.0,114100000.0
PRY,1995,,,,,,,,1200000.0,
PRY,1996,,,,,15.6,,,1200000.0,
PRY,1997,,,,,14.84,,,1600000.0,
PRY,1998,,,,,17.24,,,2400000.0,
PRY,1999,,,,,15.93,,,3400000.0,
PRY,2000,,,11.0,211.0,13.35,,,8600000.0,
PRY,2001,0.06699,93.41644,12.0,253.0,17.91,,,7400000.0,
PRY,2002,0.07493,87.04033,11.0,171.0,12.65,,,4600000.0,
PRY,2003,0.06135,86.56907,12.0,173.0,17.83,,,4600000.0,
PRY,2004,0.06066,92.40942,18.0,187.0,25.2,,,1900000.0,
PRY,2005,0.06091,77.36216,24.0,241.0,25.96,,,1700000.0,
PRY,2006,,,21.0,364.0,26.82,,,3100000.0,
PRY,2007,,,37.0,295.0,29.18,26187347.0,7.14175,1200000.0,
PRY,2008,0.04113,83.42281,13.0,265.0,32.01,39796552.0,9.6,1900000.0,
PRY,2009,,,15.0,246.0,29.67,40885859.0,12.03394,2500000.0,
PRY,2010,,,18.0,347.0,34.25,41672586.0,8.62978,2500000.0,
PRY,2011,0.04216,54.89543,,,49.15,59113184.0,10.00738,2500000.0,
PRY,2012,0.06517,184.63997,,,55.91,56616781.0,8.83816,2500000.0,
PRY,2013,0.07163,,,,60.16,66156748.0,8.62671,37300000.0,
PRY,2014,0.07901,166.70785,,,63.16,62065735.0,6.80318,18050000.0,
PRY,2015,0.09674,199.86552,,,94.74,50417840.0,6.03842,18500000.0,
PRY,2016,0.11676,132.3061,,,102.38,60873341.0,7.63627,19300000.0,
PRY,2017,0.14888,147.43833,,,140.84,62253533.0,6.43136,18500000.0,
PRY,2018,0.14684,152.27558,34.0,315.0,104.89,102336649.0,9.73586,18500000.0,
PRY,2019,0.13751,169.35536,4.0,324.0,167.73,76176090.0,7.18301,18500000.0,
PRY,2020,0.15697,141.19046,14.0,323.0,173.48,54397925.0,5.14832,18500000.0,
PRY,2021,0.14398,142.72905,10.0,354.0,190.01,103189077.0,7.42055,16600000.0,
PRY,2022,0.11944,133.19638,,,208.68,179235119.0,10.56199,15080000.0,
PRY,2023,0.14117,138.79238,,,,162697885.0,9.96566,13864000.0,
PRY,2024,,,,,,185603383.0,10.5004,12891200.0,
PSE,1996,,,,,34.81,,,,
PSE,1997,,,,,46.25,,,,
PSE,1998,,,,,45.6,,,2281.47778,
PSE,1999,,,,,67.99,,,,
PSE,2000,,,,,67.68,,,66999.85286,7907.94056
PSE,2001,,,,,58.81,,,60897.49073,
PSE,2002,,,,,91.18,,,2091422.35369,529.47391
PSE,2003,,,,,87.74,,,312493.35355,45361.32534
PSE,2004,,,,,103.89,,,1871006.5885,26851.81463
PSE,2005,,,,,103.39,,,2734000.0,25000.0
PSE,2006,,,,,113.98,,,1526000.0,36000.0
PSE,2007,0.19723,75.87829,,,149.43,3416667.0,0.98618,1296000.0,33000.0
PSE,2008,0.14914,95.94897,,,151.21,4747147.0,1.25894,900000.0,3000.0
PSE,2009,0.35646,146.32938,,,175.66,6979502.0,1.86046,203000.0,1000.0
PSE,2010,0.36156,330.6725,,,192.44,11226657.0,3.01337,292307.75827,5515112.07289
PSE,2011,,,,,207.28,696891.0,0.20859,576598.47977,4055.16432
PSE,2012,,,,,205.83,1128720.0,0.31666,816166.27901,
PSE,2013,0.45434,584.35347,,,228.74,376541.0,0.0948,731750.73085,
PSE,2014,,,,,234.3,1101491.0,0.23422,919960.19185,
PSE,2015,,,,,222.35,5860647.0,0.96193,1307902.05459,
PSE,2016,,,,,238.85,4340427.0,0.7174,1080076.94206,
PSE,2017,,,,,329.48,4292150.0,0.6152,1312418.6176,1708.33609
PSE,2018,,,,,386.58,6243919.0,0.85002,1569027.01998,
PSE,2019,,,,,473.38,6637323.0,0.90332,1013403.66432,
PSE,2020,,,,,522.14,11992939.0,1.69747,647602.5805,4858.189
PSE,2021,,,,,628.83,14531924.0,1.60089,396322.59661,16188.6197
PSE,2022,,,,,714.58,12160336.0,1.25502,553375.71027,663525.43049
PSE,2023,,,,,,17759669.0,1.84345,895582.85144,33396.91636
PSE,2024,,,,,,,,644519.00197,20218.50714
PYF,2002,,,,,,,,1553675.58698,425880.61775
PYF,2003,,,,,,,,1872659.82486,529641.16259
PYF,2004,,,,,,,,1716861.90668,1227816.39387
PYF,2005,,,,,,,,1486368.21893,515991.68995
PYF,2006,,,,,,,,1577287.84144,271361.74526
PYF,2007,,,,,,,,731320.17934,178321.256
PYF,2008,,,,,,,,1722481.00972,288696.88627
PYF,2009,,,,,,11329679.0,9.26256,2833258.43324,334385.57519
PYF,2010,,,,,,6154933.0,4.9575,3268450.68552,196114.00178
PYF,2011,,,,,,20494065.0,17.72483,3759330.0148,292620.04099
PYF,2012,,,,,,2388577.0,2.59898,3509026.28442,290260.24649
PYF,2013,,,,,,8787972.0,7.91306,3246825.4623,309180.20929
PYF,2014,,,,,,20716843.0,15.55733,3018578.40534,175595.91791
PYF,2015,,,,,,11000066.0,11.82096,3475548.62309,137092.35385
PYF,2016,,,,,,36375902.0,22.2084,3333941.19123,223996.42284
PYF,2017,,,,,,15891381.0,13.29135,,
PYF,2018,,,,,,12182965.0,10.70526,,
PYF,2019,,,,,,30906026.0,30.81896,,
PYF,2020,,,,,,5106597.0,10.29261,,
PYF,2021,,,,,,23343057.0,23.28225,,
PYF,2022,,,,,,9877273.0,9.9821,,
PYF,2023,,,,,,1514715.0,0.90861,,
PYF,2024,,,,,,1326559.0,1.92522,,
QAT,1996,,,,,45.52,,,,
QAT,1997,,,,,44.04,,,,
QAT,1998,,,,,54.33,,,,
QAT,1999,,,,,44.13,,,,
QAT,2000,,,,,44.06,,,,
QAT,2001,,,,,75.39,,,,
QAT,2002,,,,,89.35,,,,
QAT,2003,,,,,106.83,,,,
QAT,2004,,,,,136.67,,,,
QAT,2005,,,,,164.89,,,,
QAT,2006,,,,,190.37,,,,
QAT,2007,,,,,219.37,,,,
QAT,2008,,,,,296.22,,,,
QAT,2009,,,,,323.5,950861.0,0.02708,,
QAT,2010,,,,,400.2,,,,
QAT,2011,,,,,459.57,112596.0,0.00551,,
QAT,2012,0.4786,647.4387,3.0,58.0,610.64,63779825.0,0.60292,,
QAT,2013,,,9.0,323.0,798.6,50968303.0,0.54585,,
QAT,2014,,,5.0,477.0,1120.5,33371.0,0.04912,,
QAT,2015,0.51883,643.91403,,,1192.34,96835993.0,1.10477,,
QAT,2016,,,16.0,548.0,1437.58,62631.0,0.00113,,
QAT,2017,,,19.0,574.0,1424.46,292250.0,0.00551,,
QAT,2018,0.53129,585.61288,,,1555.68,155450581.0,1.80194,,
QAT,2019,,,39.0,799.0,1838.24,122141.0,0.0025,,
QAT,2020,,,81.0,604.0,2333.06,466395732.0,7.1118,,
QAT,2021,0.68058,947.77921,47.0,722.0,2655.23,147790556.0,1.7194,,
QAT,2022,,,,,2649.64,270331668.0,2.8597,,
QAT,2023,,,,,,245655998.0,2.78004,,
QAT,2024,,,,,,308181126.0,2.80655,,
ROU,1980,,,2569.0,726.0,,,,,
ROU,1981,,,2481.0,681.0,,,,,
ROU,1982,,,2724.0,638.0,,,,,
ROU,1983,,,3108.0,487.0,,,,,
ROU,1984,,,3446.0,457.0,,,,,
ROU,1985,,,4201.0,379.0,,,,,
ROU,1986,,,4394.0,225.0,,,,,
ROU,1987,,,4821.0,291.0,,,,,
ROU,1988,,,5615.0,181.0,,,,,
ROU,1989,,,5868.0,191.0,,,,,
ROU,1990,,,2752.0,304.0,,,,,
ROU,1991,,,2015.0,361.0,,,,,
ROU,1992,,,1457.0,420.0,,,,,
ROU,1993,,,1414.0,628.0,,,,,
ROU,1994,,,1633.0,500.0,,,,3000000.0,2000000.0
ROU,1995,,,1811.0,421.0,,,,8000000.0,3000000.0
ROU,1996,0.67472,1340.54887,1831.0,636.0,1763.94,,,12000000.0,101000000.0
ROU,1997,0.57451,1264.78609,1708.0,722.0,2040.62,,,29000000.0,
ROU,1998,0.49541,1230.48005,1299.0,894.0,2138.49,,,21000000.0,3000000.0
ROU,1999,0.39832,1056.12086,1061.0,330.0,2070.08,,,38000000.0,4000000.0
ROU,2000,0.36626,926.23746,1003.0,287.0,2269.76,,,45000000.0,3000000.0
ROU,2001,0.39129,897.21217,1128.0,277.0,2281.16,,,60000000.0,16000000.0
ROU,2002,0.37721,928.25307,1478.0,363.0,2320.07,,,85000000.0,3000000.0
ROU,2003,0.39708,966.74922,881.0,293.0,2516.91,,,80000000.0,3000000.0
ROU,2004,0.38942,988.65988,937.0,200.0,2691.68,,,108000000.0,8000000.0
ROU,2005,0.41262,1077.55642,916.0,68.0,3323.06,,,173274997.64781,47793504.7364
ROU,2006,0.45682,900.56598,814.0,62.0,3642.27,,,235424080.56725,35698087.27679
ROU,2007,0.51148,897.74358,827.0,59.0,4987.51,1426932274.0,4.41977,247969547.87492,41369245.38062
ROU,2008,0.55215,932.80168,995.0,36.0,6995.64,2632265882.0,6.92497,345932437.51108,238076253.93795
ROU,2009,0.44393,933.38509,1054.0,37.0,8722.51,3349425457.0,10.4129,367264725.02237,192935362.58418
ROU,2010,0.44657,964.52527,1382.0,36.0,9877.38,4856879314.0,12.52842,445022001.07731,463481056.30756
ROU,2011,0.47457,789.87506,1424.0,39.0,9663.13,5673719716.0,11.63584,482416189.50433,249910509.12568
ROU,2012,0.46244,891.59994,1022.0,55.0,9844.05,3649892920.0,8.17988,452525195.66442,346641378.50203
ROU,2013,0.39022,923.69506,993.0,53.0,9740.94,3679011313.0,7.39818,879803422.63875,119704079.6364
ROU,2014,0.38207,904.75745,952.0,84.0,9746.12,4471798730.0,8.41048,901296183.02008,140510393.70211
ROU,2015,0.48796,876.41011,975.0,78.0,10357.99,4436062615.0,9.41415,834447967.07584,90641332.05341
ROU,2016,0.48863,910.44851,1005.0,58.0,9456.26,5254489145.0,10.39245,832020078.02427,72390679.24946
ROU,2017,0.50693,887.74694,1098.0,80.0,9734.81,5558598945.0,9.7796,911037524.0835,74529626.37278
ROU,2018,0.49698,876.17129,1100.0,47.0,9295.6,6636993376.0,10.07719,962384646.50717,100840053.22628
ROU,2019,0.47491,887.46612,881.0,58.0,10705.93,6994471752.0,11.07257,936735170.38754,108261709.62867
ROU,2020,0.46414,942.32049,817.0,47.0,10334.95,6984619201.0,11.93704,886842442.49073,132002023.06954
ROU,2021,0.47108,988.67695,772.0,45.0,12021.69,8026993060.0,11.48794,1041336732.62484,90955335.63093
ROU,2022,0.46274,998.72545,,,11669.69,8531975344.0,11.85734,953958365.486,95573680.69044
ROU,2023,0.51656,1082.10503,,,,9724366747.0,12.67474,1148504317.90649,101750231.4373
ROU,2024,,,,,,10710427442.0,13.44975,1201261280.14755,116393218.50612
RUS,1992,,,39494.0,11850.0,,,,,
RUS,1993,,,28503.0,3974.0,,,,,
RUS,1994,,,21250.0,4495.0,,,,23840000.0,3610000.0
RUS,1995,,,17551.0,6893.0,,,,4430000.0,4030000.0
RUS,1996,0.96591,3792.63573,18014.0,7980.0,34671.81,,,44100000.0,159210000.0
RUS,1997,1.04374,3598.52212,15106.0,8123.0,33775.49,,,11140000.0,176070000.0
RUS,1998,0.95383,3333.54675,16454.0,8299.0,34621.11,,,2530000.0,27030000.0
RUS,1999,0.99623,3368.95669,19900.0,7944.0,32578.24,,,8060000.0,42540000.0
RUS,2000,1.04983,3446.16801,23377.0,8960.0,32706.64,,,68720000.0,91340000.0
RUS,2001,1.17694,3452.78814,24777.0,9313.0,36554.8,,,342740000.0,60370000.0
RUS,2002,1.24652,3375.24439,23712.0,9596.0,36335.6,,,337650000.0,146790000.0
RUS,2003,1.28604,3335.95046,24969.0,9901.0,34851.82,,,700030000.0,173610000.0
RUS,2004,1.15133,3283.69795,22985.0,7205.0,35079.43,,,1057980000.0,226060000.0
RUS,2005,1.06797,3206.1882,23644.0,8609.0,34561.84,,,1532870000.0,256340000.0
RUS,2006,1.07294,3218.09388,27884.0,9807.0,30269.91,,,1940750000.0,273290000.0
RUS,2007,1.11611,3259.50421,27505.0,11934.0,30957.09,4336664850.0,7.19003,2703970000.0,351530000.0
RUS,2008,1.04435,3137.57879,27712.0,14137.0,32732.4,5491417754.0,6.97849,4480510000.0,406370000.0
RUS,2009,1.25192,3075.23481,25598.0,12966.0,33541.86,4780780606.0,9.68372,3987050000.0,380760000.0
RUS,2010,1.1302,3071.56116,28722.0,13778.0,34294.25,5291117660.0,9.42324,4841800000.0,386220000.0
RUS,2011,1.01545,3109.37401,26495.0,14919.0,36397.08,5753483733.0,8.42178,5830320000.0,555780000.0
RUS,2012,1.02766,3075.21492,28701.0,15510.0,36531.93,7731024109.0,9.08149,7629280000.0,664200000.0
RUS,2013,1.02732,3050.2782,28765.0,16149.0,38952.94,9223725735.0,10.63361,8370790000.0,737890000.0
RUS,2014,1.07241,3072.93883,24072.0,16236.0,44778.75,10431810993.0,12.12541,8021370000.0,665790000.0
RUS,2015,1.10085,3096.02745,29269.0,16248.0,51956.58,11478187273.0,15.99207,5633850000.0,726170000.0
RUS,2016,1.10238,2946.99732,26795.0,14792.0,61137.3,11237691896.0,15.79012,4997360000.0,547760000.0
RUS,2017,1.10967,2811.96725,22777.0,14106.0,68641.1,10385740894.0,12.3247,5979770000.0,732790000.0
RUS,2018,0.99001,2772.63667,24926.0,13031.0,77629.6,10107859553.0,11.35528,6288170000.0,876100000.0
RUS,2019,1.03531,2734.68619,23337.0,12174.0,90819.89,10783402806.0,12.90532,6866160000.0,1013670000.0
RUS,2020,1.09099,2710.16353,23759.0,11225.0,94909.93,6567475904.0,9.19364,6809070000.0,1163920000.0
RUS,2021,0.96602,2647.79283,19569.0,11408.0,100841.94,10598637533.0,9.72985,7022910000.0,1435290000.0
RUS,2022,0.91494,2657.93662,,,84251.73,,,4481676670.0,744359480.0
RUS,2023,0.93518,2652.98533,,,,,,3434750000.0,628840000.0
RUS,2024,0.93706,2638.56451,,,,,,2348770000.0,553650000.0
RWA,1980,,,,3.0,,,,,
RWA,1981,,,,7.0,,,,,
RWA,1982,,,,2.0,,,,,
RWA,1983,,,,3.0,,,,,
RWA,1984,,,,6.0,,,,,
RWA,1985,,,,1.0,,,,,
RWA,1986,,,,1.0,,,,,
RWA,1987,,,,2.0,,,,,
RWA,1988,,,1.0,5.0,,,,,
RWA,1989,,,,1.0,,,,,
RWA,1990,,,,4.0,,,,,
RWA,1991,,,,1.0,,,,,
RWA,1992,,,,2.0,,,,,
RWA,1994,,,,3.0,,,,,
RWA,1996,,,,,7.88,,,,
RWA,1997,,,,,8.4,,,,
RWA,1998,,,,,9.42,,,,
RWA,1999,,,,4.0,2.4,,,,
RWA,2000,,,,,3.19,,,,
RWA,2001,,,,,4.14,,,,
RWA,2002,,,,,3.73,,,,
RWA,2003,,,,,7.16,,,,
RWA,2004,,,,,9.13,,,,
RWA,2005,,,,,6.78,,,,
RWA,2006,,,,,19.01,,,,
RWA,2007,,,,,20.51,,,,
RWA,2008,,10.72696,,,29.22,,,,
RWA,2009,,12.40437,,,34.79,14886450.0,31.26683,,
RWA,2010,,,,,44.95,1238517.0,7.12362,,
RWA,2011,,,,,47.07,3358273.0,13.72549,,
RWA,2012,,,40.0,30.0,53.75,1097405.0,5.08511,,
RWA,2013,,15.33961,,,88.22,2392667.0,4.99735,,
RWA,2014,,,5.0,7.0,96.5,6763641.0,11.85599,,
RWA,2015,,,5.0,1.0,102.51,8666022.0,15.32509,,
RWA,2016,0.64945,13.73163,3.0,3.0,130.22,5547310.0,13.53128,,
RWA,2017,,,4.0,2.0,127.74,3552188.0,2.66118,,
RWA,2018,,,6.0,1.0,173.12,3510626.0,2.58732,,
RWA,2019,0.75853,58.74162,,,197.72,6910595.0,10.76038,209651.15135,181438.75773
RWA,2020,,,,,264.98,5221136.0,7.55939,190494.2337,436007.65696
RWA,2021,,,14.0,2.0,328.92,9522923.0,5.10241,233699.78795,534897.53991
RWA,2022,,,,,352.94,6797226.0,4.78473,255795.43656,585470.57718
RWA,2023,0.78149,133.11989,,,,,,271930.24922,619390.47829
RWA,2024,,,,,,,,297221.97013,677019.91475
SAU,1989,,,12.0,58.0,,,,,
SAU,1990,,,16.0,439.0,,,,,
SAU,1991,,,27.0,492.0,,,,,
SAU,1992,,,21.0,605.0,,,,,
SAU,1993,,,21.0,729.0,,,,,
SAU,1994,,,33.0,687.0,,,,,
SAU,1995,,,28.0,718.0,,,,,
SAU,1996,,,27.0,810.0,1660.42,,,,
SAU,1997,,,57.0,1001.0,1697.16,,,,
SAU,1998,,,45.0,1286.0,1709.29,,,,
SAU,1999,,,72.0,1144.0,1554.64,,,,
SAU,2000,,,76.0,797.0,1595.72,,,,
SAU,2001,,,46.0,683.0,1584.38,,,,
SAU,2002,,,61.0,552.0,1640.28,,,,
SAU,2003,0.06233,,56.0,487.0,1778.5,,,,
SAU,2004,0.05315,,81.0,395.0,1773.82,,,,
SAU,2005,0.0423,,119.0,374.0,1799.39,,,,
SAU,2006,0.04245,,119.0,419.0,1914.28,,,,
SAU,2007,0.04521,,128.0,642.0,2053.72,131262705.0,0.66849,,
SAU,2008,0.04902,,,,2265.61,180686088.0,0.77805,,
SAU,2009,0.07338,,,,2883.94,210190656.0,1.09896,,
SAU,2010,0.884,,288.0,643.0,3626.81,202105315.0,0.75081,,
SAU,2011,0.88541,,347.0,643.0,4831.03,213847737.0,0.59066,,
SAU,2012,0.85824,,,,5832.1,258048046.0,0.66118,,
SAU,2013,0.79069,,491.0,440.0,7117.79,289615029.0,0.71277,,
SAU,2014,,,652.0,135.0,8119.83,254738828.0,0.59093,,
SAU,2015,,,715.0,1691.0,8838.53,278134035.0,0.78737,,
SAU,2016,,,1070.0,2196.0,9340.69,421285338.0,1.30537,,
SAU,2017,,,909.0,2282.0,9944.06,261725661.0,0.73471,,
SAU,2018,,,1078.0,2321.0,10745.38,253106477.0,0.54477,,
SAU,2019,,,1188.0,2463.0,13007.68,272166034.0,0.64453,899596277.45639,89078644.76514
SAU,2020,0.47618,512.05775,1294.0,2274.0,17012.12,218849973.0,0.60507,723679718.55393,39056670.90201
SAU,2021,0.39379,794.29927,1398.0,2581.0,21610.2,158426077.0,0.30572,819948932.19554,45064364.07283
SAU,2022,0.41439,958.18871,,,25825.3,172650607.0,0.29527,1308485333.33333,136832000.0
SAU,2023,0.49487,1120.62603,,,,261804808.0,0.59063,1467466666.66666,141066666.66667
SAU,2024,0.63522,1234.71384,,,,243366621.0,0.544,1675390360.0,169280795.06514
SDN,1983,,,7.0,67.0,,,,,
SDN,1992,,,,26.0,,,,,
SDN,1996,,,,,68.87,,,,
SDN,1997,,,,,71.1,,,400000.0,200000.0
SDN,1998,,,,,88.03,,,-200000.0,200000.0
SDN,1999,0.53007,,2.0,4.0,61.99,,,,
SDN,2000,0.47277,,6.0,16.0,69.06,,,100000.0,
SDN,2001,0.37483,,1.0,13.0,63.18,,,,
SDN,2002,0.32247,,2.0,20.0,71.94,,,,
SDN,2003,0.2808,,6.0,11.0,85.07,,,,
SDN,2004,0.23825,,4.0,17.0,99.9,,,,
SDN,2005,0.225,,6.0,16.0,109.65,,,,
SDN,2006,,,3.0,13.0,102.21,,,3959.19391,
SDN,2007,,,3.0,13.0,134.36,,,2650.0,300555.0
SDN,2008,,,340.0,3.0,149.7,,,57298.90233,
SDN,2009,,,332.0,2.0,191.14,,,1297124.0,1522064.59082
SDN,2010,,,252.0,2.0,238.87,,,11370686.948,2878461.17835
SDN,2011,,,249.0,3.0,273.02,,,1415921.79324,2266163.46429
SDN,2012,,,,,243.74,6500.0,0.01641,4000.0,
SDN,2013,,,269.0,,321.24,1401074.0,0.84795,55602.66695,
SDN,2014,,,,8.0,221.77,1230308.0,1.09861,,5745137.71996
SDN,2015,,,267.0,1.0,251.84,1014184.0,0.6918,,479.02857
SDN,2016,,,284.0,1.0,365.59,1526016.0,1.1597,,
SDN,2017,,,281.0,12.0,321.71,549176.0,0.60063,,
SDN,2018,,,349.0,31.0,400.53,869554.0,2.2024,,
SDN,2019,,,238.0,7.0,390.18,,,,
SDN,2020,,,153.0,7.0,385.69,,,1642.29069,
SDN,2021,,,,,547.91,,,,
SDN,2022,,,,,507.12,,,,
SEN,1974,,,,,,,,124634.06005,41544.68668
SEN,1975,,,,,,,,139982.2407,46660.7469
SEN,1976,,,,,,,,125549.01839,41849.6728
SEN,1977,,,,,,,,122110.21765,40703.40588
SEN,1978,,,,,,,,221576.34173,44315.26835
SEN,1979,,,,,,,,235048.95411,94019.58164
SEN,1980,,,,,,,,283983.93722,94661.31241
SEN,1981,,,,,,,,404811.43779,1288036.39297
SEN,1982,,,,,,,,365178.6873,1734598.76469
SEN,1983,,,,,,,,341148.22028,1023444.66085
SEN,1984,,,,,,,,320397.90433,800994.76082
SEN,1985,,,,,,,,222586.78836,912605.83228
SEN,1986,,,,,,,,317638.24662,1212800.57801
SEN,1987,,,,,,,,99821.46518,865119.36492
SEN,1988,,,,,,,,134296.58958,940076.12706
SEN,1989,,,,,,,,94041.44045,783678.67043
SEN,1990,,,,,,,,330560.55716,1212055.37624
SEN,1991,,,,,,,,283580.4353,1240664.40442
SEN,1992,,,,,,,,528917.02577,1057834.05155
SEN,1993,,,,,,,,105946.20254,988831.22372
SEN,1994,,,,,,,,144091.00036,702443.62674
SEN,1995,,,,,,,,120204.72646,1061808.41709
SEN,1996,,,,,154.33,,,486753.62537,82103.02115
SEN,1997,,,,,154.89,,,2232428.25771,
SEN,1998,,,,,171.65,,,3627415.1418,67802.15218
SEN,1999,,,,,183.89,,,5246368.51225,1576022.74911
SEN,2000,,,,,145.79,,,5487125.07608,16896.45905
SEN,2001,,,,,149.31,,,2874121.55905,45057.48762
SEN,2002,,,,,164.22,,,3325581.68402,201812.49925
SEN,2003,,,,,206.16,,,506986.21296,
SEN,2004,,,,,169.83,,,7228759.85909,
SEN,2005,,,,,202.96,,,7377787.2018,
SEN,2006,,264.90036,,,168.2,,,5283048.66469,
SEN,2007,,281.68285,,,207.76,,,7813908.33037,501427.27254
SEN,2008,0.29374,380.18698,,,208.91,48947206.0,5.81083,9058295.12262,246636.74839
SEN,2009,,,,,179.1,105118316.0,13.63293,12162619.58196,1233272.61495
SEN,2010,0.4343,374.80287,,,189.46,14627178.0,1.86257,5840811.46579,1212625.21781
SEN,2011,,,,,261.02,9078755.0,0.89679,5411156.36382,1400534.58828
SEN,2012,,,,,260.75,8594912.0,0.86665,4896619.25963,3388460.52766
SEN,2013,,,,,275.66,11616694.0,1.48007,1200648.81883,1801985.5797
SEN,2014,,,,,296.3,14570001.0,1.83107,5903709.82591,3870322.29067
SEN,2015,0.5772,572.42133,,,328.18,28135985.0,3.74965,5152469.09084,3410115.20388
SEN,2016,,,,,333.11,23026460.0,2.71867,7635938.44705,4598673.94221
SEN,2017,,,,,339.19,18853043.0,2.16301,8163687.07221,4943195.79
SEN,2018,,,,,384.95,28155690.0,2.80906,8752958.86127,5442648.79952
SEN,2019,,,,,377.31,9427038.0,0.93593,8401902.09991,5496118.48653
SEN,2020,,,,,413.42,7556051.0,0.74416,8830999.98986,5734503.57398
SEN,2021,,,,,421.32,26333300.0,1.87919,10312074.08077,6267800.37334
SEN,2022,,,,,450.9,37258335.0,2.30069,285442.90532,7029827.65383
SEN,2023,,,,,,22544982.0,1.60474,281203.89187,7296780.83689
SEN,2024,,,,,,42778220.0,3.04398,,
SGP,1980,,,2.0,631.0,,,,,
SGP,1981,,,4.0,603.0,,,,,
SGP,1983,,,5.0,852.0,,,,,
SGP,1984,,,4.0,927.0,,,,,
SGP,1985,,,4.0,1003.0,,,,,
SGP,1995,,,145.0,2412.0,,,,1713731369.60931,47976011.994
SGP,1996,1.31991,2532.4262,224.0,12357.0,2440.02,,,2021998180.90374,53119029.05885
SGP,1997,1.41565,2599.84477,288.0,6048.0,3168.89,,,1938031179.16091,43574721.04939
SGP,1998,1.73708,2951.84056,311.0,6367.0,3211.31,,,1896867135.84773,49354635.36226
SGP,1999,1.81624,3195.81224,374.0,6679.0,4040.11,,,4325597311.23903,58762564.23468
SGP,2000,1.81699,4167.62404,516.0,7720.0,4812.54,,,5099296388.74763,64966578.94889
SGP,2001,2.0093,4103.62946,524.0,7726.0,4917.06,,,4937985653.47033,75681362.48777
SGP,2002,2.03282,4363.37967,624.0,7575.0,5494.59,,,4948261884.12933,169162277.20312
SGP,2003,1.99679,4835.52476,626.0,7248.0,6216.66,,,6775980331.19361,215017554.60103
SGP,2004,2.07859,5164.84335,641.0,7944.0,7569.13,,,8054414738.83706,439822233.09079
SGP,2005,2.14806,5650.62317,569.0,8036.0,8104.46,,,9494666989.10566,650265336.25531
SGP,2006,2.11656,5785.80782,626.0,8537.0,8422.64,,,9765545019.71972,682722161.61786
SGP,2007,2.31986,6083.98319,696.0,9255.0,8184.89,109551455435.0,48.57811,9810419779.24514,874658975.67185
SGP,2008,2.59673,5916.30242,793.0,8899.0,8706.65,123694088415.0,52.68897,13604164838.3557,1213617593.72093
SGP,2009,2.1279,6219.94574,750.0,7986.0,9004.41,99697714507.0,50.89716,13438021506.0115,1430580234.61351
SGP,2010,1.92918,6368.34517,895.0,8878.0,9957.9,131632426274.0,52.33924,17029305529.2413,1933394857.62829
SGP,2011,2.06955,6578.63079,1056.0,8738.0,10208.42,132167663861.0,47.73716,20346152652.4996,2659774337.11484
SGP,2012,1.91833,6514.09973,1081.0,8604.0,10823.23,136470490579.0,48.46262,23105585202.3298,2812408517.96943
SGP,2013,1.92104,6734.96456,1143.0,8579.0,11085.5,143355891818.0,50.32719,22992008311.35609,3414448973.068
SGP,2014,2.08228,6756.24778,1303.0,9009.0,11333.21,144947459770.0,50.64033,20877550215.0664,3909474764.21609
SGP,2015,2.17445,7134.93412,1469.0,9345.0,11536.92,138752871056.0,52.21745,19400287309.2939,8651355627.07981
SGP,2016,2.06892,7052.85651,1601.0,9379.0,12074.78,134940438968.0,52.23273,15650940546.8575,7045872839.45987
SGP,2017,1.89683,6950.10748,1609.0,9321.0,12189.62,146697405227.0,53.07204,15793616597.5704,8065608197.40391
SGP,2018,1.80836,7002.45715,1575.0,10270.0,12072.15,154892664515.0,51.57228,17255546425.63681,8959094531.72784
SGP,2019,1.88845,7509.61271,1727.0,12409.0,12086.28,150056312130.0,51.81657,15414706259.6594,9014202896.78006
SGP,2020,2.15983,7503.32643,1778.0,11487.0,12347.41,159939927691.0,55.26156,15298588503.8865,9324789060.75412
SGP,2021,1.93761,7956.39818,2024.0,12566.0,12611.05,192223598135.0,54.97228,16427669366.9441,12189879541.9866
SGP,2022,1.80821,8781.74332,,,12700.34,213832968911.0,56.82692,16559332688.588,12965207930.3675
SGP,2023,,,,,,197387649519.0,56.13838,17073480128.0937,17443164610.3815
SGP,2024,,,,,,223592699065.0,59.42978,19100631127.2981,14069324219.8218
SLB,1983,,,,4.0,,,,,
SLB,1984,,,,12.0,,,,,
SLB,1985,,,,4.0,,,,,
SLB,1986,,,,8.0,,,,,
SLB,1987,,,,6.0,,,,,
SLB,1988,,,,2.0,,,,,
SLB,1989,,,,2.0,,,,,
SLB,1993,,,,,,,,156851.26318,
SLB,1994,,,,,,,,60765.1856,
SLB,1995,,,,,,,,117443.26022,
SLB,1996,,,,,3.83,,,84119.42154,
SLB,1997,,,,,8.89,,,53807.67791,
SLB,1998,,,,,8.03,,,103828.16162,103828.16162
SLB,1999,,,,,9.71,,,62007.27897,62007.27897
SLB,2000,,,,,5.31,,,196504.93055,235805.91667
SLB,2001,,,,,2.44,,,56839.87405,56839.87405
SLB,2002,,,,,1.04,,,2371.83887,83082.07648
SLB,2003,,,,,3.86,,,9564.81988,107610.18561
SLB,2004,,,,,2.64,,,5794.85425,291153.04779
SLB,2005,,,,,3.06,,,240814.55212,
SLB,2006,,,,,6.59,,,746455.55305,18398.22758
SLB,2007,,,,,4.57,,,1128293.39387,18295.90942
SLB,2008,,,,,2.86,,,1450206.37155,18073.44089
SLB,2009,,,,,3.78,,,1196708.70332,17380.49116
SLB,2010,,,,,9.27,,,738655.46089,13020.02315
SLB,2011,,,,,7.3,,,1359494.33624,108162.57348
SLB,2012,,,,,4.37,,,1219729.68919,226827.97926
SLB,2013,,,,,4.01,,,1491281.96694,1208693.72891
SLB,2014,,,,,8.02,,,5205318.59882,1521895.40806
SLB,2015,,,,,13.72,193415.0,2.7994,4779372.29732,508282.44752
SLB,2016,,,,,14.96,525542.0,1.74291,4349572.32346,1249966.81303
SLB,2017,,,,,10.91,305203.0,1.02247,3997919.45382,583312.72232
SLB,2018,,,,,15.31,171263.0,1.35922,7087601.15815,598989.12042
SLB,2019,,,,,13.43,,,4073440.79735,580273.36622
SLB,2020,,,,,15.67,,,2890610.64684,395321.91981
SLB,2021,,,,,14.22,,,2422468.71054,73856.24524
SLB,2022,,,,,11.06,,,107444.7192,72724.41143
SLB,2023,,,,,,,,1404790.98984,70814.20652
SLB,2024,,,,,,,,2155806.4291,70146.81493
SLE,1995,,,,5.0,,,,,
SLE,1996,,,,,10.91,,,,
SLE,1997,,,,,16.51,,,,
SLE,1998,,,,,12.89,,,,
SLE,1999,,,,,4.12,,,,
SLE,2000,,,,,4.51,,,,
SLE,2001,,,,,4.83,,,,
SLE,2002,,,,,2.46,,,,
SLE,2003,,,,,2.81,,,197310.69412,2184.46654
SLE,2004,,,,,5.42,,,25066.11023,1140001.40673
SLE,2005,,,,,4.01,,,2896.95328,
SLE,2006,,,,,5.46,,,1039718.92003,
SLE,2007,,,,,4.72,,,1517962.44957,
SLE,2008,,,,,7.71,,,728898.22791,1230982.07455
SLE,2009,,,,,8.96,,,643885.22145,1106681.73024
SLE,2010,,,,,12.08,,,403114.89778,1271523.31607
SLE,2011,,,,,10.62,,,334281.89417,933695.99933
SLE,2012,,,,,14.65,,,408617.24157,1069328.88942
SLE,2013,,,,,14.58,,,1050135.55781,4438535.76436
SLE,2014,,,,,20.18,2251.0,0.00848,1038580.00681,4250503.15456
SLE,2015,,,,,32.75,553.0,0.00654,886050.48234,3784866.47526
SLE,2016,,,,,47.14,1150.0,0.00126,1055010.22267,
SLE,2017,,,,,41.74,1349.0,0.06488,1437870.47874,
SLE,2018,,,,100.0,41.07,379079.0,0.73611,891935.18522,
SLE,2019,,,,5.0,52.07,,,798108.9648,
SLE,2020,,,,4.0,63.9,,,1266149.00182,
SLE,2021,,,,,78.52,,,1192220.10803,
SLE,2022,,,,,86.77,,,1771988.17644,
SLE,2023,,,,,,,,1164675.17962,
SLE,2024,,,,,,,,7729495.28135,
SLV,1980,,,12.0,79.0,,,,,
SLV,1981,,,,,,,,720000.0,
SLV,1982,,,22.0,61.0,,,,2520000.0,
SLV,1983,,,39.0,84.0,,,,4440000.0,
SLV,1984,,,31.0,65.0,,,,2840000.0,
SLV,1985,,,16.0,40.0,,,,1400000.0,
SLV,1986,,,,,,,,2349473.94454,
SLV,1987,,,,,,,,1620000.0,
SLV,1988,,,,,,,,3400000.0,
SLV,1989,,,19.0,34.0,,,,1780000.0,
SLV,1990,,,10.0,44.0,,,,1270382.0881,
SLV,1991,,,10.0,26.0,,,,2245322.24532,
SLV,1992,,,11.0,97.0,,,,5143028.00757,
SLV,1993,,,10.0,75.0,,,,3447281.96181,229818.79745
SLV,1994,,,10.0,76.0,,,,114563.941,
SLV,1995,,,3.0,64.0,,,,2855647.04203,
SLV,1996,,,,,4.23,,,228440.89092,
SLV,1997,,,,,4.04,,,,
SLV,1998,0.08818,,,,2.14,,,,
SLV,1999,,,,,4.79,,,20300000.0,1100000.0
SLV,2000,,,,,2.95,,,20500000.0,2400000.0
SLV,2001,,,,,8.39,,,22100000.0,1200000.0
SLV,2002,,,,,13.78,,,20400000.0,1500000.0
SLV,2003,,,,,6.68,,,22200000.0,200000.0
SLV,2004,,,,,18.14,,,17750000.0,100000.0
SLV,2005,,,,,14.77,,,30400000.0,2400000.0
SLV,2006,,,,,19.24,,,27300000.0,500000.0
SLV,2007,0.1056,,,,14.88,188505755.0,6.26177,24100000.0,300000.0
SLV,2008,0.13399,,,,20.19,200722855.0,5.8478,33700000.0,1400000.0
SLV,2009,0.0909,,,,15.11,177794297.0,6.45176,26050000.0,440000.0
SLV,2010,0.07806,,,,20.07,235605824.0,7.32301,31490000.0,380000.0
SLV,2011,0.0355,,,,17.51,238654078.0,6.63578,39934371.44,286069.0
SLV,2012,0.03397,,,217.0,19.87,225446747.0,6.00784,54681828.7,17650321.8
SLV,2013,0.06387,,,183.0,15.39,227691500.0,5.65539,71564697.0875,29478637.3
SLV,2014,0.09377,,,187.0,18.89,226164854.0,5.65259,68550429.24,19142648.2
SLV,2015,0.14348,64.78066,7.0,196.0,24.62,208807068.0,4.97701,70203548.96,29143493.3225
SLV,2016,0.14493,67.49915,4.0,171.0,29.01,223937538.0,5.3732,136773816.79,55829521.84
SLV,2017,0.18078,65.55077,4.0,178.0,29.67,251239528.0,5.73736,138322271.49,62456353.55
SLV,2018,0.16531,73.49466,3.0,136.0,46.52,277843373.0,6.12699,88993637.94,7523539.35
SLV,2019,0.17477,75.70551,1.0,147.0,25.85,230311118.0,5.14076,97691759.79,2874603.77
SLV,2020,0.16299,59.77671,4.0,143.0,19.21,228122461.0,6.37122,97726353.84,709721.93
SLV,2021,0.16252,65.31984,2.0,144.0,33.42,348626313.0,7.17516,111820409.21,262572.52
SLV,2022,0.14333,57.61826,,,54.79,414452908.0,7.85002,123783408.75,158655.01
SLV,2023,0.10152,55.47028,,,,296585304.0,6.40401,137109751.79,423503.6
SLV,2024,,,,,,247046197.0,5.47333,130702121.5,408232.75
SMR,1996,,,,,3.03,,,,
SMR,1997,,,,,0.46,,,,
SMR,1998,,,,,2.84,,,,
SMR,1999,,,,,0.08,,,,
SMR,2000,,,,,1.5,,,,
SMR,2001,,,,,1.09,,,,
SMR,2002,,,,,0.0,,,,
SMR,2003,,,,,0.17,,,,
SMR,2004,,,,,1.58,,,,
SMR,2005,,,,,1.33,,,,
SMR,2006,,,,,0.67,,,,
SMR,2007,,,,,2.42,,,,
SMR,2008,,,,,3.76,,,,
SMR,2009,,,,,1.21,,,,
SMR,2010,,,,,1.3,,,,
SMR,2011,,,,,2.33,,,,
SMR,2012,,,,,3.66,,,,
SMR,2013,,,11.0,155.0,7.03,,,,
SMR,2014,,,4.0,191.0,4.9,,,,
SMR,2015,,,7.0,296.0,7.25,,,,
SMR,2016,,,12.0,467.0,8.56,,,,
SMR,2017,,,14.0,604.0,14.31,,,,
SMR,2018,,,14.0,681.0,12.12,,,,
SMR,2019,,,11.0,741.0,11.96,,,,
SMR,2020,,,9.0,709.0,10.15,,,,
SMR,2021,,,7.0,722.0,16.1,,,,
SMR,2022,,,,,19.12,,,,
SOM,1984,,,1.0,7.0,,,,,
SOM,1985,,,,7.0,,,,,
SOM,1996,,,,,1.32,,,,
SOM,1997,,,,,1.9,,,,
SOM,1998,,,,,0.48,,,,
SOM,1999,,,,,0.83,,,,
SOM,2000,,,,,0.3,,,,
SOM,2001,,,,,0.0,,,,
SOM,2002,,,,,1.71,,,,
SOM,2003,,,,,1.83,,,,
SOM,2004,,,,,1.14,,,,
SOM,2005,,,,,0.0,,,,
SOM,2006,,,,,1.53,,,,
SOM,2007,,,,,0.0,,,,
SOM,2008,,,,,1.58,,,,
SOM,2009,,,,,2.75,,,,
SOM,2010,,,,,2.74,,,,
SOM,2011,,,,,2.89,,,,
SOM,2012,,,,,1.43,,,,
SOM,2013,,,,,6.31,,,,
SOM,2014,,,,,5.45,,,,
SOM,2015,,,,,5.45,,,,
SOM,2016,,,,,3.51,,,,
SOM,2017,,,,,10.82,,,,
SOM,2018,,,,,10.24,,,,
SOM,2019,,,,,18.86,,,,
SOM,2020,,,,,33.07,,,,
SOM,2021,,,,,54.49,,,,
SOM,2022,,,,,106.49,,,,
SRB,1996,,,,,0.0,,,,
SRB,1997,0.67058,,,,0.0,,,,
SRB,1998,0.69758,,,,0.0,,,,
SRB,1999,0.87925,,,,0.0,,,,
SRB,2000,0.80171,,,,0.0,,,,
SRB,2001,0.28973,,,,0.0,,,,
SRB,2002,0.6108,,,,0.0,,,,
SRB,2003,0.46825,,,,0.0,,,,
SRB,2004,0.28194,,473.0,694.0,0.0,,,,
SRB,2005,0.38621,,372.0,609.0,0.0,,,,
SRB,2006,0.42907,,432.0,273.0,0.0,,,,
SRB,2007,0.55664,1190.39138,395.0,121.0,2990.22,264518037.0,4.5462,143606535.02988,10450323.77289
SRB,2008,0.64463,1354.72005,386.0,237.0,3116.55,318687315.0,,194757507.45371,27373986.50519
SRB,2009,0.78609,1423.86226,319.0,40.0,3735.46,294006497.0,,143654258.47776,63261754.72634
SRB,2010,0.67458,1503.41256,290.0,39.0,4072.49,309560624.0,,156105712.4629,38956804.6966
SRB,2011,0.65677,1616.19262,180.0,49.0,4820.0,326761179.0,,183302673.59144,56771339.86022
SRB,2012,0.81922,1635.37121,192.0,32.0,5912.23,462575930.0,,174972017.26242,35345562.73286
SRB,2013,0.65574,1718.61748,201.0,20.0,5274.97,439359785.0,,221204083.98714,44419647.98832
SRB,2014,0.69287,1822.70033,202.0,10.0,5069.3,450081838.0,,224594091.67455,41047139.43042
SRB,2015,0.77867,2060.14765,178.0,13.0,4895.14,392491901.0,,180332274.36744,45270783.14419
SRB,2016,0.80779,2121.8924,192.0,21.0,5030.89,408738236.0,,199746134.56413,42325264.96892
SRB,2017,0.83834,2067.73261,171.0,13.0,4918.08,399853208.0,,239382868.00823,50166545.80769
SRB,2018,0.88154,2075.98604,163.0,11.0,4837.37,463875160.0,,289729929.30108,57889056.91345
SRB,2019,0.84798,2087.27636,168.0,9.0,5062.2,514413657.0,,304261638.78354,54115603.22654
SRB,2020,0.86478,2149.85336,138.0,8.0,4736.72,710934754.0,,348262113.7373,91346870.49531
SRB,2021,0.94784,2206.70833,138.0,18.0,5275.05,927101298.0,,503365928.15965,140636717.37172
SRB,2022,0.91938,2349.67681,,,5379.47,1087552014.0,,639817124.82906,210696853.41625
SRB,2023,0.87816,2515.31463,,,,1358732901.0,,689911700.1207,205354899.62219
SRB,2024,0.93978,2687.54708,,,,1526799973.0,,925197616.90661,218950054.09245
SSD,1996,,,,,0.0,,,,
SSD,1997,,,,,0.0,,,,
SSD,1998,,,,,0.0,,,,
SSD,1999,,,,,0.0,,,,
SSD,2000,,,,,0.0,,,,
SSD,2001,,,,,0.0,,,,
SSD,2002,,,,,0.0,,,,
SSD,2003,,,,,0.0,,,,
SSD,2004,,,,,0.0,,,,
SSD,2005,,,,,0.0,,,,
SSD,2006,,,,,0.0,,,,
SSD,2007,,,,,0.0,,,,
SSD,2008,,,,,0.0,,,,
SSD,2009,,,,,0.0,,,,
SSD,2010,,,,,0.0,,,,
SSD,2011,,,,,1.62,,,,
SSD,2012,,,,,2.42,,,,
SSD,2013,,,,,8.96,,,,
SSD,2014,,,,,5.62,,,258600.0,
SSD,2015,,,,,5.51,,,520000.0,
SSD,2016,,,,,2.11,,,1770000.0,
SSD,2017,,,,,5.73,,,22030000.0,25800000.0
SSD,2018,,,,,9.62,,,830000.0,24430000.0
SSD,2019,,,,,8.67,,,1440000.0,8960000.0
SSD,2020,,,,,14.57,,,,7700000.0
SSD,2021,,,,,13.09,,,6250000.0,13290000.0
SSD,2022,,,,,16.38,,,1198300.0,1831200.0
SSD,2023,,,,,,,,6750000.0,14359000.0
STP,1996,,,,,1.67,,,,
STP,1997,,,,,1.0,,,,
STP,1998,,,,,0.05,,,,
STP,1999,,,,,0.0,,,,
STP,2000,,,,,0.37,,,,
STP,2001,,,,,0.83,,,,
STP,2002,,,,,0.78,,,,
STP,2003,,,,,1.77,,,,
STP,2004,,,,,0.58,,,,
STP,2005,,,,,0.25,,,,
STP,2006,,,,,0.97,,,,
STP,2007,,,,,1.31,,,,
STP,2008,,,,,0.0,,,,
STP,2009,,,,1.0,1.78,,,,
STP,2010,,,,1.0,2.23,,,,
STP,2011,,,,2.0,0.0,4359.0,2.00184,,
STP,2012,,,,,0.52,101787.0,14.54786,,
STP,2013,,,,8.0,0.16,117701.0,14.51789,2295.96,
STP,2014,,,,3.0,1.24,4081.0,1.38764,31975.39656,
STP,2015,,,,,1.42,222420.0,46.95714,134494.35718,
STP,2016,,,,,1.12,739677.0,68.14285,137719.39667,
STP,2017,,,,,0.88,386566.0,34.66416,26.7336,
STP,2018,,,,,0.86,1332857.0,45.96734,3600.0,
STP,2019,,,,,2.37,191951.0,17.03025,60789.86026,13.06668
STP,2020,,,,14.0,2.78,139614.0,10.17117,461472.69836,13.06668
STP,2021,,,,14.0,2.96,78068.0,8.17927,45780.01971,4.35556
STP,2022,,,,,3.8,15026.0,5.29429,118935.73384,13.06668
STP,2023,,,,,,70979.0,29.27343,122497.42356,17.42223
STP,2024,,,,,,,,132312.99403,17.42223
SUR,1996,,,,,2.29,,,,
SUR,1997,,,,,1.96,,,,
SUR,1998,,,,,1.56,,,,
SUR,1999,,,,,2.85,,,,
SUR,2000,,,,,2.62,,,,
SUR,2001,,,,,4.27,,,,
SUR,2002,,,,,3.47,,,,
SUR,2003,,,,,3.4,,,,
SUR,2004,,,,,4.58,,,,
SUR,2005,,,,,4.82,,,,
SUR,2006,,,,,5.22,,,800000.0,3000000.0
SUR,2007,,,,,9.35,,,2500000.0,
SUR,2008,,,,,4.37,,,2600000.0,
SUR,2009,,,,,5.53,,,,
SUR,2010,,,,,4.66,5516346.0,14.22402,,700000.0
SUR,2011,,,,,4.21,5886909.0,6.93518,1229854.04698,
SUR,2012,,,,,9.51,11673958.0,25.08547,5796374.94,564.71
SUR,2013,,,,,16.37,4466089.0,10.88441,9885400.82354,53919.59225
SUR,2014,,,,,8.45,7305535.0,14.93507,13859448.6242,24431.6972
SUR,2015,,,,,13.2,2471125.0,10.81283,19711049.46692,79441.29888
SUR,2016,,,,,22.14,2519616.0,20.03224,22703601.24837,36308.8982
SUR,2017,,,,,14.67,3001093.0,8.27751,12501500.50399,201736.60217
SUR,2018,,,,,17.48,1169001.0,5.8219,8648843.21182,75176.96105
SUR,2019,,,,,19.98,2914166.0,12.52181,5321674.38962,31078.15513
SUR,2020,,,,,19.85,2807564.0,2.51196,4316404.19706,42652.4672
SUR,2021,,,,,24.92,5291087.0,4.63399,4967128.20088,28161.82
SUR,2022,,,,,13.33,29030501.0,11.35014,6662934.02905,30579.98429
SUR,2023,,,,,,5300351.0,3.21275,6883098.12221,7394.36647
SUR,2024,,,,,,13290018.0,10.37299,6909114.39915,5001635.0546
SVK,1993,,,282.0,681.0,,,,,
SVK,1994,,,248.0,620.0,,,,64181200.82977,7183276.66765
SVK,1995,,,269.0,1400.0,,,,78965640.06921,10818842.77507
SVK,1996,0.88102,1868.13993,195.0,1498.0,2064.93,,,82547306.16235,18185348.69801
SVK,1997,1.04585,1862.07768,224.0,1578.0,1811.65,,,85453466.18609,16631985.2819
SVK,1998,0.76234,1888.15391,213.0,1612.0,2038.94,,,54617385.46045,14056838.0853
SVK,1999,0.64406,1711.85647,213.0,1683.0,2028.39,,,53938413.88617,14637428.37498
SVK,2000,0.63865,1850.51312,236.0,1804.0,2108.08,,,58130537.91512,16125770.37637
SVK,2001,0.62571,1781.46308,246.0,1696.0,2093.67,,,58406945.31039,19543997.35969
SVK,2002,0.564,1706.99261,259.0,1599.0,2095.06,,,63194028.24605,38475936.11973
SVK,2003,0.56511,1790.43354,210.0,1437.0,2145.43,,,91220667.51493,49673069.49299
SVK,2004,0.50263,1993.83051,215.0,238.0,2280.44,,,,
SVK,2005,0.49537,2031.13681,155.0,95.0,2502.81,,,,
SVK,2006,0.47498,2190.13371,193.0,90.0,2594.59,,,,
SVK,2007,0.44734,2297.64491,239.0,106.0,2829.29,2685615368.0,5.39523,,
SVK,2008,0.4616,2340.90823,167.0,75.0,3317.19,3057611776.0,5.08514,220252619.4173,266361996.69612
SVK,2009,0.47302,2469.7369,176.0,63.0,3119.94,3058542733.0,6.34058,189975719.54895,94130182.80834
SVK,2010,0.60583,2817.3661,234.0,48.0,3566.62,4117586378.0,7.36429,168358820.91082,47093179.49152
SVK,2011,0.65398,2840.91952,224.0,33.0,3824.54,5015333938.0,7.52466,176539865.50422,3977137.74841
SVK,2012,0.79377,2827.14865,168.0,35.0,4189.34,6429707770.0,9.56862,180980256.10528,4219586.89054
SVK,2013,0.8184,2723.15005,184.0,26.0,4390.13,8084068922.0,11.01497,571824993.23139,26530198.4875
SVK,2014,0.87462,2723.67121,211.0,23.0,4941.0,8401870343.0,11.14774,672289267.97897,28772288.25105
SVK,2015,1.15366,2658.90096,228.0,28.0,5066.29,7465236079.0,11.1587,522191217.20606,26246728.12828
SVK,2016,0.78513,2609.14992,220.0,15.0,5485.35,7474395968.0,10.73719,686313614.34832,30992571.88591
SVK,2017,0.88153,2803.05136,183.0,23.0,5691.88,8807968041.0,11.76542,707176953.34828,26666569.16294
SVK,2018,0.83184,3003.38839,217.0,14.0,5237.95,8650250737.0,10.63648,766856271.9427,55537368.3405
SVK,2019,0.82138,3116.82472,206.0,28.0,5845.98,8049156331.0,9.91239,754188697.62177,35205520.09648
SVK,2020,0.88944,3167.43232,206.0,15.0,5671.55,7860143292.0,9.99741,646719708.55026,48240166.78156
SVK,2021,0.90093,3211.13115,146.0,13.0,5844.28,8421902423.0,9.00139,744777214.09365,51327599.88499
SVK,2022,0.97686,3387.47411,,,5390.39,7989914994.0,8.49042,742810665.95045,52119502.05936
SVK,2023,1.03359,3506.62001,,,,10210993543.0,9.71846,864300679.59451,78864623.745
SVK,2024,,,,,,10848949470.0,10.59356,909371594.65974,66868448.71571
SVN,1991,,,21.0,1.0,,,,,
SVN,1992,,,188.0,409.0,,,,4900000.0,3900000.0
SVN,1993,,,277.0,784.0,,,,12800000.0,3500000.0
SVN,1994,,,286.0,404.0,,,,16200000.0,3300000.0
SVN,1995,,,314.0,116.0,,,,23000000.0,4000000.0
SVN,1996,1.26688,2257.90178,288.0,201.0,1109.18,,,27100000.0,6200000.0
SVN,1997,1.24861,2025.7301,266.0,238.0,1236.52,,,32700000.0,5200000.0
SVN,1998,1.31033,2160.49912,288.0,127.0,1232.88,,,39000000.0,8700000.0
SVN,1999,1.34289,2239.48814,261.0,138.0,1425.5,,,47200000.0,8000000.0
SVN,2000,1.36862,2183.7261,307.0,124.0,1717.04,,,49500000.0,11800000.0
SVN,2001,1.4824,2262.53562,301.0,107.0,1679.44,,,60400000.0,14400000.0
SVN,2002,1.46036,2331.11354,300.0,101.0,1806.9,,,78400000.0,7500000.0
SVN,2003,1.25957,1895.25158,310.0,60.0,2165.76,,,89600000.0,10700000.0
SVN,2004,1.38062,2021.91495,342.0,42.0,1935.95,,,123300000.0,11800000.0
SVN,2005,1.42797,2634.49569,344.0,29.0,2363.2,,,113000000.0,16400000.0
SVN,2006,1.54569,2928.65083,287.0,12.0,2387.62,,,153685414.40123,16900392.44269
SVN,2007,1.43261,3115.13903,331.0,15.0,2750.26,1322363319.0,5.68651,168773215.45815,18713598.96329
SVN,2008,1.63465,3477.77233,301.0,6.0,3048.87,1647932996.0,6.48514,254656317.10111,41174018.87254
SVN,2009,1.83331,3671.25911,373.0,12.0,3231.92,1331688478.0,6.84794,289021239.9118,34584444.65689
SVN,2010,2.06914,3770.38211,442.0,11.0,3230.1,1259925784.0,6.07895,344190440.56854,38031012.54141
SVN,2011,2.4311,4287.95887,470.0,11.0,3661.52,1499878902.0,6.21454,381272095.0394,52590087.28247
SVN,2012,2.58339,4330.67354,,,3561.91,1492657882.0,6.66177,356983239.10523,43386563.13344
SVN,2013,2.59426,4236.51087,,,3573.94,1586846781.0,6.73818,253036284.49204,56350550.85066
SVN,2014,2.38854,4166.88131,,,3516.41,1622650470.0,6.41719,241837673.53219,71250319.64414
SVN,2015,2.21611,3836.54008,,,3602.54,1552490057.0,7.00769,221412274.35091,58216200.468
SVN,2016,2.02922,3939.83347,,,3440.93,1672142442.0,7.14419,224388233.86768,77665518.8302
SVN,2017,1.88219,4510.81305,,,3502.91,1755022210.0,6.50845,247300894.65744,63348845.55117
SVN,2018,1.96365,4880.49036,255.0,23.0,3390.46,2091045196.0,6.83054,271288627.72707,72892669.44256
SVN,2019,2.05725,5060.56961,,,3765.7,2333300643.0,7.35392,256638367.52578,76861175.4957
SVN,2020,2.15559,5187.16109,232.0,12.0,3964.77,2542920750.0,7.79985,251963420.18428,97143283.8704
SVN,2021,2.13847,5235.17998,222.0,17.0,4471.29,2476347678.0,6.20931,300193992.8671,121432231.49798
SVN,2022,2.1,5370.37458,,,4073.69,3924918658.0,8.56979,283531749.15823,156218544.72645
SVN,2023,2.13385,5616.34857,,,,4206749873.0,8.20346,285739659.84782,175627219.07107
SVN,2024,,,,,,4857826350.0,8.34338,331606441.80507,173927750.59506
SWE,1970,,,,,,,,44459822.78208,15464286.18507
SWE,1971,,,,,,,,52673622.89452,15606999.37615
SWE,1972,,,,,,,,62993228.24119,20997742.74706
SWE,1973,,,,,,,,73272654.43317,36636327.21659
SWE,1974,,,,,,,,108122110.4328,31535615.5429
SWE,1975,,,,,,,,115981901.76162,41389387.20344
SWE,1976,,,,,,,,137918854.06681,59859155.6643
SWE,1977,,,,,,,,132087637.07055,74576654.00024
SWE,1978,,,,,,,,143963675.26642,70774336.05634
SWE,1979,,,,,,,,186700434.45971,90981098.01778
SWE,1980,,,4106.0,5086.0,,,,203567212.36165,89917779.66622
SWE,1981,,,3914.0,3968.0,,,,199489842.45307,102218110.02435
SWE,1982,,,4087.0,3442.0,,,,219833918.18968,74321355.12731
SWE,1983,,,4283.0,2958.0,,,,201913383.88393,143322283.24101
SWE,1984,,,3969.0,2705.0,,,,225700823.51905,80885494.53211
SWE,1985,,,3840.0,2322.0,,,,285483698.25647,114000090.66565
SWE,1986,,,3685.0,1939.0,,,,428780879.78789,122774696.76762
SWE,1987,,,3521.0,1695.0,,,,448584284.67397,289836383.15238
SWE,1988,,,3260.0,1462.0,,,,594205379.16233,363992891.22525
SWE,1989,,,3147.0,1270.0,,,,672526064.05992,437673784.42752
SWE,1990,,,3108.0,1073.0,,,,742804561.89988,563021965.06564
SWE,1991,,,3154.0,702.0,,,,691455472.14269,696896135.406
SWE,1992,,,3291.0,657.0,,,,717288895.50563,640930173.86191
SWE,1993,,,3760.0,614.0,,,,589818518.38843,747540286.60146
SWE,1994,,,3953.0,636.0,,,,775171526.95128,1153345740.25967
SWE,1995,,,3941.0,924.0,,,,1004150617.00586,888602722.28108
SWE,1996,,,4111.0,857.0,13385.05,,,1005618157.00749,997110587.77017
SWE,1997,3.27265,4169.89584,4130.0,940.0,13803.62,,,957304070.83871,1002911799.26335
SWE,1998,,,3972.0,753.0,14004.0,,,1006426053.65951,1131988678.85591
SWE,1999,3.37825,4508.76656,4142.0,853.0,14202.82,,,1088775810.43514,1452925368.46239
SWE,2000,,,4224.0,844.0,14569.85,,,991779879.17033,1414420737.1531
SWE,2001,3.87215,5177.98913,3926.0,574.0,14742.17,,,878086896.94182,1645436942.46739
SWE,2002,,,3358.0,597.0,14576.2,,,919579589.60894,1647709146.2406
SWE,2003,3.5823,5389.38189,3025.0,703.0,14968.22,,,1275990110.26226,2331161446.8381
SWE,2004,3.36628,5434.9691,2768.0,462.0,15467.25,,,1415045057.63109,3451631487.73344
SWE,2005,3.3641,6103.30894,2522.0,438.0,16626.71,,,1512385255.67943,3480153309.93933
SWE,2006,3.47963,6159.34885,2446.0,413.0,16930.72,,,1690721320.63066,3988032065.10341
SWE,2007,3.24176,5026.89783,2527.0,398.0,16896.47,21938427989.0,16.80572,1856019768.75849,4732526539.64635
SWE,2008,3.49083,5468.69683,2549.0,306.0,16772.64,23713778281.0,17.24859,2063470051.24661,4706590246.08313
SWE,2009,3.41266,5110.718,2186.0,463.0,17638.1,18595606024.0,18.7733,1855773288.7143,4599531239.93576
SWE,2010,3.18756,5279.17412,2196.0,353.0,17935.11,22906423844.0,19.41148,1498265136.39091,5812957074.80179
SWE,2011,3.20686,5172.47477,2004.0,337.0,18466.61,25829989917.0,18.69816,1924300997.80834,6640162801.74967
SWE,2012,3.24636,5196.71759,2288.0,148.0,19421.58,22170259994.0,17.98383,2478866958.96532,7550143496.69063
SWE,2013,3.27557,6717.6193,2332.0,163.0,20023.76,21883049806.0,18.02538,2810337837.00459,7951646547.40127
SWE,2014,3.12457,6909.46438,1984.0,441.0,21042.01,21308037662.0,17.87747,3869250937.68187,9254965595.79994
SWE,2015,3.24088,6846.13413,2038.0,390.0,21197.56,18916107685.0,18.1291,4240090689.6807,8570415123.72003
SWE,2016,3.25643,7143.443,2032.0,352.0,21161.98,18699490249.0,17.8376,3388227720.04536,7960038582.66227
SWE,2017,3.39374,7316.6476,1992.0,305.0,21174.66,17107877138.0,15.11034,5118824999.53696,8038041493.77218
SWE,2018,3.34602,7425.66896,1838.0,442.0,21255.37,17178539228.0,14.16431,5083294212.34674,7700426110.63986
SWE,2019,3.39847,7685.83827,1802.0,388.0,21466.94,17422272463.0,14.50578,7219980922.93097,8637237575.69154
SWE,2020,3.50181,7754.64384,1764.0,432.0,21766.86,17731149372.0,15.13595,9489139862.82977,8377407361.65062
SWE,2021,3.41565,8159.79705,1771.0,425.0,22723.69,18973178383.0,13.93483,11264665350.8644,9586646043.18071
SWE,2022,3.47239,8639.24439,,,22353.75,23544889099.0,17.25665,15239031604.8458,8285434317.80888
SWE,2023,3.59978,8910.73864,,,,25154571512.0,17.62385,14866636739.5318,9501433097.20234
SWE,2024,,,,,,25089500191.0,17.65246,17795632055.7268,11223463790.004
SWZ,1978,,,,,,,,229999.9998,
SWZ,1979,,,,,,,,712569.94601,
SWZ,1980,,,,,,,,770382.65201,
SWZ,1981,,,,,,,,1709247.93989,
SWZ,1982,,,,,,,,1381449.73972,
SWZ,1983,,,,,,,,1884929.53996,
SWZ,1984,,,,35.0,,,,203351.57287,
SWZ,1985,,,,30.0,,,,583306.2247,
SWZ,1986,,,,,,,,568919.90562,
SWZ,1987,,,,,,,,4764165.61615,
SWZ,1988,,,,,,,,6070022.99351,87971.34773
SWZ,1989,,,,27.0,,,,6748828.24899,
SWZ,1990,,,,,,,,9314654.63792,38650.01924
SWZ,1991,,,,,,,,9995237.7762,108643.88887
SWZ,1992,,,,47.0,,,,11921399.40866,210377.63662
SWZ,1993,,,,,,,,11474591.56233,312142.18566
SWZ,1994,,,,,,,,13428811.07957,292891.88018
SWZ,1995,,,,,,,,15574490.25871,302722.43413
SWZ,1996,,,,,8.67,,,14591045.66021,227941.47719
SWZ,1997,,,,,12.38,,,39269640.91498,238717.26363
SWZ,1998,,,,,16.33,,,39254313.53701,235154.33737
SWZ,1999,,,,,12.53,,,39902059.38008,212783.92161
SWZ,2000,,,,,7.75,,,35064844.30331,201734.09669
SWZ,2001,,,,,5.64,,,42800355.47323,162617.09762
SWZ,2002,,,,,12.32,,,54075391.24363,142304.90946
SWZ,2003,,,,,6.6,,,71181077.93616,37674.74555
SWZ,2004,,,,,11.85,,,75601431.49229,39939.98166
SWZ,2005,,,,,12.7,,,105433147.15889,3144.98622
SWZ,2006,,,,,10.26,,,106405636.62254,2658.18051
SWZ,2007,,,,,6.96,,,120988053.84817,13143.39285
SWZ,2008,,,,,9.36,2364954.0,0.35316,119690735.87568,36382129.84598
SWZ,2009,,,,,11.94,2067521.0,0.27514,116340361.52314,34681.05978
SWZ,2010,,,,,20.5,2320779.0,0.23142,16308752.91496,259519.51875
SWZ,2011,,,,6.0,20.81,1367686.0,0.07657,2678419.11533,2682.39956
SWZ,2012,,,,3.0,15.62,698635.0,0.06612,2362605.01325,6559.04562
SWZ,2013,,,,,17.34,1162950.0,0.09786,2006990.40429,6935.27943
SWZ,2014,,,,2.0,10.71,1063575.0,0.08177,1811254.77581,27508.03887
SWZ,2015,0.27807,137.91577,,2.0,15.25,2771688.0,0.23304,1424807.33315,21709.8283
SWZ,2016,,,,,18.78,2250765.0,0.20047,1097572.6484,16176.17506
SWZ,2017,,,,,28.79,3620940.0,0.29325,3173476.84177,36212.02119
SWZ,2018,,,,,29.4,11447254.0,0.92535,5333009.91832,675156.71978
SWZ,2019,,,,,33.67,3567569.0,0.27461,7837969.98643,212495.17761
SWZ,2020,,,,,36.63,3747606.0,0.34219,32785514.01312,57209.62641
SWZ,2021,,,,,39.75,4198951.0,0.32545,18885076.62903,76382.97182
SWZ,2022,,,,,43.19,3985543.0,0.31591,17039370.06356,66854.966
SWZ,2023,,,,,,3576837.0,0.28531,53547596.00889,1059686.71441
SWZ,2024,,,,,,,,50455171.29222,223849.42122
SXM,2011,,,,,,,,865921.78771,1229050.27933
SXM,2012,,,,,,,,569832.40223,480446.92737
SXM,2013,,,,,,,,1357541.89944,1000000.0
SXM,2014,,,,,,,,1156424.58101,134078.21229
SXM,2015,,,,,,,,1787709.49721,201117.31844
SXM,2016,,,,,,,,2117318.43575,1340782.12291
SXM,2017,,,,,,,,960893.85475,3022346.36872
SXM,2018,,,,,,,,1224882.30726,110222.22346
SXM,2019,,,,,,,,1428854.63687,48898.20112
SXM,2020,,,,,,,,707127.43017,54652.11173
SXM,2021,,,,,,,,1734869.47486,652410.46927
SXM,2022,,,,,,,,1436759.88827,287442.36872
SXM,2023,,,,,,,,2648419.29609,396642.65922
SYC,1976,,,,,,,,1024412.9284,
SYC,1977,,,,,,,,1046656.91254,
SYC,1978,,,,,,,,1150670.74532,
SYC,1979,,,,,,,,1265010.51683,
SYC,1980,,,,3.0,,,,1251684.87947,
SYC,1981,,,,7.0,,,,288853.46575,47332.4097
SYC,1982,,,,,,,,253035.18185,731489.45744
SYC,1983,,,,3.0,,,,261797.87269,163905.92796
SYC,1984,,,,1.0,,,,261234.2171,237288.94448
SYC,1985,,,,2.0,,,,280797.25676,183374.45376
SYC,1986,,,,,,,,340661.5868,
SYC,1987,,,,,,,,357332.5709,
SYC,1988,,,,5.0,,,,427094.05,
SYC,1989,,,,,,,,354347.40006,
SYC,1990,,,,,,,,375236.25866,
SYC,1991,,,,,,,,378347.59315,
SYC,1992,,,,,,,,390694.84781,
SYC,1995,,,,1.0,,,,419993.80509,
SYC,1996,,,,6.0,2.5,,,623744.54643,
SYC,1997,,,,,2.28,,,591483.86583,
SYC,1998,,,,,5.03,,,380069.77448,
SYC,1999,,,,,0.68,,,467938.4193,
SYC,2000,,,,,4.45,,,437535.91441,
SYC,2001,0.39968,,,,3.9,,,426800.20771,
SYC,2002,0.3826,,,,5.92,,,547441.92554,
SYC,2003,0.38707,,,,9.6,,,555481.8342,
SYC,2004,0.32574,,,,5.04,,,543090.90909,
SYC,2005,0.28393,146.54162,,,4.91,,,545454.54545,
SYC,2006,,,,,8.76,,,543529.2258,
SYC,2007,,,,,12.34,,,545237.34822,1222781.4588
SYC,2008,,,,,10.65,,,515861.04629,994457.95325
SYC,2009,,,,,6.56,,,515960.21694,8666537.39
SYC,2010,,,,,12.83,,,1414195.31358,1864638.87
SYC,2011,,,,,9.7,,,1413960.68587,1608899.8276
SYC,2012,,,,,10.0,,,1512607.39494,1609509.04453
SYC,2013,,,,,16.91,3577815.0,9.56421,2754038.33551,1641073.30086
SYC,2014,,,,,9.64,2061796.0,6.06816,2754425.67796,1240941.07
SYC,2015,,,,,19.11,1372918.0,8.03346,1793930.52178,1271964.59675
SYC,2016,0.2017,,,14.0,12.2,1062096.0,3.77391,1457332.43539,1303763.71167
SYC,2017,,,,46.0,11.95,35294430.0,30.77389,2214502.73183,1368951.89725
SYC,2018,,,,17.0,11.02,5531342.0,5.22056,2716441.32843,1403175.69468
SYC,2019,,,,12.0,11.12,1946698.0,2.19832,3332145.02132,1438255.08705
SYC,2020,,,3.0,9.0,30.3,1315183.0,3.285,1982431.30664,1375295.63935
SYC,2021,,,,28.0,21.79,784869.0,3.34308,2431765.61164,1409678.03034
SYC,2022,,,,,20.24,8462099.0,25.03899,2982945.21992,1444919.9811
SYC,2023,,,,,,711.0,0.03841,4307989.99967,1481042.98062
SYC,2024,,,,,,1082.0,0.08991,5284431.2443,1518069.05514
SYR,1980,,,6.0,98.0,,,,,
SYR,1981,,,7.0,76.0,,,,,
SYR,1982,,,4.0,81.0,,,,,
SYR,1992,,,53.0,33.0,,,,,
SYR,1993,,,82.0,40.0,,,,,
SYR,1994,,,67.0,42.0,,,,,
SYR,1995,,,129.0,68.0,,,,,
SYR,1996,,,106.0,59.0,57.89,,,,
SYR,1997,,,116.0,46.0,71.69,,,,
SYR,1998,,,54.0,9.0,70.26,,,,
SYR,1999,,,87.0,,84.71,,,,
SYR,2000,,,247.0,48.0,100.09,,,,
SYR,2001,,,189.0,39.0,94.91,,,,
SYR,2002,,,183.0,47.0,83.03,,,,
SYR,2003,,,213.0,36.0,104.24,,,10000000.0,
SYR,2004,,,205.0,40.0,135.8,,,10000000.0,
SYR,2005,,,105.0,34.0,145.5,,,12000000.0,
SYR,2006,,,124.0,133.0,134.43,,,20000000.0,
SYR,2007,,,,,154.12,,,25000000.0,
SYR,2008,,,,,202.05,86642890.0,1.82444,30000000.0,
SYR,2009,,,,,158.98,47278461.0,1.57187,30000000.0,
SYR,2010,,,,,232.2,38812401.0,1.38293,36553806.34031,1400000.0
SYR,2011,,,,,267.35,,,,
SYR,2012,,,,,300.7,,,,
SYR,2013,,,,,247.36,,,,
SYR,2014,,,,,236.44,,,,
SYR,2015,0.01942,83.04849,198.0,,269.4,,,,
SYR,2016,,,,,277.7,,,,
SYR,2017,,,120.0,16.0,258.29,,,,
SYR,2018,,,103.0,45.0,308.59,,,,
SYR,2019,,,121.0,32.0,345.94,,,,
SYR,2020,,,76.0,16.0,475.52,,,,
SYR,2021,,,102.0,20.0,543.34,,,,
SYR,2022,0.04217,139.93785,,,584.3,,,,
TCA,2011,,,,,,142047.0,2.10062,,
TCA,2012,,,,,,208171.0,2.19853,,
TCD,1996,,,,,1.01,,,,
TCD,1997,,,,,3.25,,,,
TCD,1998,,,,,1.5,,,,
TCD,1999,,,,,3.58,,,,
TCD,2000,,,,,2.79,,,,
TCD,2001,,,,,4.51,,,,
TCD,2002,,,,,4.42,,,,
TCD,2003,,,,,4.54,,,,
TCD,2004,,,,,11.52,,,,
TCD,2005,,,,,9.04,,,,
TCD,2006,,,,,9.91,,,,
TCD,2007,,,,,4.32,,,,
TCD,2008,,,,,6.21,,,,
TCD,2009,,,,,9.3,,,,
TCD,2010,,,,,3.84,,,,
TCD,2011,,,,,7.06,,,,
TCD,2012,,,,,4.56,,,,
TCD,2013,,,,,5.01,,,,
TCD,2014,,,,,8.66,,,,
TCD,2015,,,,,9.36,,,,
TCD,2016,0.23294,56.72121,,,10.64,,,,
TCD,2017,,,,,15.12,,,,
TCD,2018,,,,,16.89,,,,
TCD,2019,,,,,14.33,,,,
TCD,2020,,,,,13.56,,,,
TCD,2021,,,,,24.68,,,,
TCD,2022,,,,,28.87,,,,
TGO,1996,,,,,22.66,,,645095.16615,
TGO,1997,,,,,21.68,,,1473436.91606,
TGO,1998,,,,,39.17,,,310194.84624,
TGO,1999,,,,,41.43,,,781512.31167,
TGO,2000,,,,,30.61,,,585743.91369,
TGO,2001,,,,,26.48,,,760515.77596,1365.37841
TGO,2002,,,,,20.22,,,456961.15901,
TGO,2003,,25.90716,,,26.0,,,670808.28858,
TGO,2004,,24.36325,,,24.1,,,2192142.28675,
TGO,2005,,32.23686,,,24.98,,,2674210.78523,5689.81018
TGO,2006,,22.97503,,,29.75,,,7155085.47413,5742.4442
TGO,2007,,35.399,,,29.79,,,5189772.27076,
TGO,2008,,,,,43.83,97773.0,0.03961,4704035.43744,
TGO,2009,,,,,42.37,255620.0,0.07654,4709825.58987,
TGO,2010,0.16962,33.17308,,,48.88,164313.0,0.04843,1647149.25419,12126.25218
TGO,2011,,33.30328,,,48.88,855900.0,0.19558,,
TGO,2012,0.15973,34.58561,,,44.02,681561.0,0.17144,,
TGO,2013,,,,,56.57,938952.0,0.22028,,
TGO,2014,0.19074,36.81025,,,75.07,531884.0,0.15437,384804.41404,
TGO,2015,,34.96857,,,69.89,3127071.0,0.80465,115018.02186,
TGO,2016,,31.14208,,,67.17,289271.0,0.0998,182245.99507,
TGO,2017,,37.49789,,,66.29,3202737.0,0.74056,2306009.53309,
TGO,2018,,46.47372,,,85.31,337247.0,0.09066,,
TGO,2019,,45.29645,,,90.69,198643.0,0.05355,,
TGO,2020,,44.10873,,,90.22,915082.0,0.23793,,694.94393
TGO,2021,,43.68693,,,107.38,1274941.0,0.32609,,
TGO,2022,,43.2285,,,134.74,1239758.0,0.30107,,
TGO,2023,,41.39064,,,,2229077.0,0.57359,,
TGO,2024,0.22229,57.79402,,,,2861089.0,0.68195,,
THA,1975,,,,,,,,12512715.4425,
THA,1976,,,,,,,,12597975.65565,
THA,1977,,,,,,,,16568543.8584,
THA,1978,,,,,,,,19772184.99328,
THA,1979,,,,,,,,22380195.22258,
THA,1980,,,13.0,202.0,,,,29794599.07746,
THA,1981,,,26.0,306.0,,,,36912392.68459,
THA,1982,,,40.0,331.0,,,,37086769.40761,
THA,1983,,,48.0,512.0,,,,43478041.5095,
THA,1984,,,49.0,619.0,,,,49512302.69959,39128.02578
THA,1985,,,55.0,652.0,,,,45510139.95,37778.4267
THA,1986,,,60.0,634.0,,,,47556873.77735,152433.07946
THA,1987,,,68.0,814.0,,,,64434863.56275,78469.95538
THA,1988,,,78.0,1041.0,,,,88239301.83829,317305.67002
THA,1989,,,43.0,1381.0,,,,127879801.15018,77505.61289
THA,1990,,,73.0,1867.0,,,,170450253.45132,
THA,1991,,,80.0,1907.0,,,,206119004.67198,2076820.9436
THA,1992,,,67.0,1906.0,,,,280564850.07544,9399875.41728
THA,1993,,,110.0,2353.0,,,,426961109.68511,2644844.56812
THA,1994,,,150.0,2816.0,,,,451506716.67725,4104751.59536
THA,1995,,,145.0,3387.0,,,,629821109.05553,599221.69028
THA,1996,0.11918,101.45653,203.0,4355.0,848.0,,,716767861.36003,25131357.4604
THA,1997,0.10214,73.08507,246.0,5148.0,995.07,,,803954544.08016,44113768.1026
THA,1998,,,479.0,4592.0,1179.17,,,513914898.08566,7105512.32043
THA,1999,0.24836,168.24107,738.0,4438.0,1306.66,,,583377970.014,19453560.86389
THA,2000,0.24471,,561.0,4488.0,1667.73,,,709870581.50154,8659875.25031
THA,2001,0.25231,279.59954,534.0,4798.0,1791.16,,,823264729.69221,8853386.11308
THA,2002,0.23055,,615.0,3874.0,2144.38,,,1103909310.05489,7356202.17596
THA,2003,0.24534,280.52762,802.0,4329.0,2370.8,,,1267697584.60765,7512109.38293
THA,2004,0.23828,,819.0,4554.0,2795.66,,,1583825523.4514,14297576.08193
THA,2005,0.21889,311.93079,891.0,5449.0,3666.24,,,1676209999.99999,16800000.0
THA,2006,0.23271,,1040.0,5221.0,4425.92,,,2046760000.0,46360000.0
THA,2007,0.2008,320.05038,945.0,5873.0,4728.42,32633216169.0,28.02546,2288640000.0,54120000.0
THA,2008,0.20331,,902.0,5839.0,5490.98,33562601078.0,26.37954,2567130000.0,100800000.0
THA,2009,0.23455,324.12834,1025.0,4832.0,6046.99,30093421406.0,27.5087,2247540000.0,64150000.0
THA,2010,,,1214.0,723.0,6801.56,37220309522.0,26.29893,3080540000.0,35430000.0
THA,2011,0.36146,528.55687,927.0,2997.0,7243.97,36145343805.0,22.69721,3121260000.0,56940000.0
THA,2012,,,1020.0,5726.0,7563.51,37417929887.0,22.97873,3609708797.95657,104830764.95285
THA,2013,0.44163,773.81018,1572.0,5832.0,7580.72,37098695791.0,22.14607,4593395978.54861,62000822.11523
THA,2014,0.47988,941.80061,1006.0,6924.0,8203.92,38451617301.0,22.64399,3970840948.34167,56715882.25782
THA,2015,0.61609,844.08077,1029.0,7138.0,8535.21,38817555616.0,23.90819,4121492145.4046,84671391.16825
THA,2016,0.77829,1179.07394,1098.0,6722.0,9584.81,39029549638.0,24.15339,3979483476.26846,69126566.61204
THA,2017,1.00165,1315.74983,979.0,6886.0,11108.45,43935559396.0,25.09474,4280771966.99961,101457141.19912
THA,2018,1.11375,1712.15367,904.0,7245.0,12784.69,44754206998.0,23.70105,5274352965.46939,163002536.78936
THA,2019,1.14317,1744.16222,865.0,7307.0,13620.48,43957436600.0,24.14561,5311900977.69449,197484718.92309
THA,2020,1.32818,2018.34788,863.0,6662.0,14020.33,45815361315.0,27.64765,4503700128.34422,225348106.86038
THA,2021,1.20822,1695.79586,867.0,7375.0,16705.46,50016560454.0,24.66428,5581121899.71297,275538348.11019
THA,2022,1.15902,1863.07585,,,18490.53,53769309657.0,25.83775,5530413569.67343,264794464.24781
THA,2023,0.93628,1591.96746,,,,54112421409.0,26.05062,6032130804.86826,325466343.10779
THA,2024,,,,,,61347380454.0,28.30578,6526524083.34471,386126602.93114
TJK,1993,,,5.0,,,,,,
TJK,1994,,,24.0,169.0,,,,,
TJK,1995,,,35.0,30.0,,,,,
TJK,1996,,,30.0,141.0,57.66,,,,
TJK,1997,,,23.0,51.0,43.94,,,,
TJK,1998,,,37.0,9.0,33.31,,,,
TJK,1999,,,38.0,5.0,51.54,,,,
TJK,2000,,,45.0,7.0,34.22,,,,
TJK,2001,0.08953,,83.0,1.0,33.09,,,,
TJK,2002,0.07068,,39.0,,42.62,,,787900.0,358800.0
TJK,2003,0.06885,,30.0,1.0,32.72,,,201300.0,912400.0
TJK,2004,0.06697,,32.0,2.0,40.65,,,62800.0,1258100.0
TJK,2005,0.0957,,30.0,6.0,33.19,,,335600.0,1153800.0
TJK,2006,0.10732,,26.0,,29.99,,,68900.0,714100.0
TJK,2007,0.06778,,,,33.13,,,755400.0,874900.0
TJK,2008,0.06983,,,,33.79,,,320000.0,1036700.0
TJK,2009,0.08577,,11.0,1.0,23.55,,,82800.0,623000.0
TJK,2010,0.08914,,7.0,3.0,41.34,,,,
TJK,2011,0.12148,,4.0,1.0,40.86,,,,
TJK,2012,0.11432,,3.0,3.0,48.19,,,,
TJK,2013,0.11851,,2.0,2.0,56.84,,,,
TJK,2014,0.11624,,,,39.48,,,,
TJK,2015,0.1034,,,1.0,55.8,,,,
TJK,2016,0.10622,,,,50.89,42447877.0,33.78672,,
TJK,2017,0.10957,,,,57.68,23657211.0,14.70949,88852.47296,
TJK,2018,0.09401,,,,59.57,7128213.0,4.28797,36620.0,
TJK,2019,0.09367,,1.0,1.0,86.2,7874133.0,4.52886,36010.0,47380.0
TJK,2020,0.08969,,,8.0,116.83,3794093.0,2.60766,22670.0,23640.0
TJK,2021,,,,,129.47,734896.0,0.40828,37780.0,
TJK,2022,,,,,110.17,3026694.0,1.62713,31390.0,
TJK,2023,,,,,,34144340.0,15.20779,227070.0,660.0
TJK,2024,,,,,,,,129760.0,
TKM,1996,,,66.0,252.0,10.3,,,,
TKM,1997,,,52.0,50.0,7.58,,,,
TKM,1998,,,41.0,20.0,5.67,,,,
TKM,1999,,,44.0,5.0,1.77,,,,
TKM,2000,,,,,5.9,,,,
TKM,2001,,,,,5.6,,,,
TKM,2002,,,,,5.61,,,,
TKM,2003,,,,,3.95,,,,
TKM,2004,,,,,4.5,,,,
TKM,2005,,,,,3.18,,,,
TKM,2006,,,,,3.84,,,,
TKM,2007,,,,,4.87,,,,
TKM,2008,,,,,1.58,,,,
TKM,2009,,,,,3.84,,,,
TKM,2010,,,,,6.88,,,,
TKM,2011,,,,,12.23,,,,
TKM,2012,,,,,12.67,,,,
TKM,2013,,,,,5.85,,,,
TKM,2014,,,,,18.89,,,,
TKM,2015,0.11,,,,6.2,,,,
TKM,2016,0.16,,,,2.98,,,,
TKM,2017,0.09,,,,7.93,,,,
TKM,2018,0.08,,,,4.94,,,,
TKM,2019,0.11,,,,2.72,,,,
TKM,2020,0.13,,,,5.5,,,,
TKM,2021,0.1,,,,12.44,,,,
TKM,2022,0.14,,,,21.92,,,,
TKM,2023,0.09,,,,,,,,
TLS,1996,,,,,0.0,,,,
TLS,1997,,,,,0.0,,,,
TLS,1998,,,,,0.0,,,,
TLS,1999,,,,,0.0,,,,
TLS,2000,,,,,0.0,,,,
TLS,2001,,,,,0.0,,,,
TLS,2002,,,,,0.0,,,,
TLS,2003,,,,,1.67,,,,
TLS,2004,,,,,1.0,,,,
TLS,2005,,,,,2.03,,,,
TLS,2006,,,,,3.87,,,7692.13,
TLS,2007,,,,,3.29,,,495972.74,
TLS,2008,,,,,1.28,,,222496.0,
TLS,2009,,,,,1.63,,,,
TLS,2010,,,,,1.1,,,,
TLS,2011,,,,,3.06,,,,
TLS,2012,,,,,6.0,,,725648.06667,
TLS,2013,,,,,6.29,,,3118.0,
TLS,2014,,,,,11.84,,,75880.69,
TLS,2015,,,,,9.32,,,32822.0,
TLS,2016,,,,,8.56,,,,
TLS,2017,,,,,14.67,,,,
TLS,2018,,,,,15.79,,,,
TLS,2019,,,,,14.47,,,579485.11,
TLS,2020,,,,,11.77,28.0,0.0073,,
TLS,2021,,,,,16.86,39.0,0.02712,,
TLS,2022,,,,,13.94,1291171.0,6.82977,82653.32,
TLS,2023,,,,,,546186.0,1.52605,1325161.41,
TLS,2024,,,,,,,,638.0,
TON,1983,,,,,,,,7537.0548,
TON,1990,,,,,,,,12279.07541,
TON,1992,,,,,,,,125242.52177,
TON,1996,,,,,0.0,,,,
TON,1997,,,,,1.23,,,,
TON,1998,,,,,1.25,,,,
TON,1999,,,,,1.33,,,,
TON,2000,,,,,2.33,,,,
TON,2001,,,,,0.75,,,,
TON,2002,,,,,1.83,,,,
TON,2003,,,,,1.59,,,,
TON,2004,,,,,3.13,,,,
TON,2005,,,,,0.68,,,32955.62649,
TON,2006,,,,,4.66,,,18231.93875,
TON,2007,,,,,1.76,,,,
TON,2008,,,,,0.46,0.0,0.0,,
TON,2009,,,,,2.39,8644.0,1.09134,,
TON,2010,,,,,1.28,242.0,0.03876,,
TON,2011,,,,,1.95,1439.0,0.08976,,
TON,2012,,,,,1.83,152707.0,6.63825,,
TON,2013,,,,,1.63,56676.0,5.9735,,
TON,2014,,,,,0.88,28003.0,2.69651,143145.04423,162039.98147
TON,2015,,,,,2.88,,,178543.00519,
TON,2016,,,,1.0,3.34,,,4882564.78381,
TON,2017,,,,1.0,7.89,1116611.0,4.90218,,
TON,2018,,,,,5.82,401484.0,2.16969,182.71545,2296.51548
TON,2019,,,,,4.69,319243.0,1.12786,,
TON,2020,,,,3.0,9.24,221013.0,3.73336,3740.01215,
TON,2021,,,,2.0,3.67,42956.0,1.68996,13585.65062,
TON,2022,,,,,4.63,61407.0,0.55274,,
TON,2023,,,,,,2293328.0,28.46029,,
TTO,1975,,,,,,,,1705228.17805,
TTO,1976,,,,,,,,2011670.61949,
TTO,1977,,,,,,,,4041666.66835,
TTO,1978,,,,,,,,3375000.00141,
TTO,1979,,,,,,,,4875000.00203,
TTO,1980,,,7.0,123.0,,,,5541666.66898,
TTO,1981,,,,,,,,5708333.33571,
TTO,1982,,,10.0,83.0,,,,8625000.00359,
TTO,1983,,,,,,,,10791666.67116,
TTO,1984,,,,,,,,10250000.0,
TTO,1985,,,,,,,,12367346.93878,
TTO,1986,,,,,,,,7305555.55556,
TTO,1987,,,,,,,,6305555.55556,
TTO,1988,,,,,,,,6269918.69919,
TTO,1989,,,,,,,,6235294.11765,
TTO,1990,,,,,,,,6541176.47059,
TTO,1991,,,,,,,,8000000.0,
TTO,1992,,,13.0,54.0,,,,10705882.35294,
TTO,1993,,,29.0,62.0,,,,4391623.15015,
TTO,1994,,,13.0,70.0,,,,978914.6565,
TTO,1995,,,24.0,63.0,,,,369884.92236,
TTO,1996,0.10325,,9.0,110.0,73.03,,,299746.92201,
TTO,1997,0.11553,,17.0,154.0,76.46,,,607836.77556,
TTO,1998,0.12715,,,107.0,86.1,,,206404.65712,
TTO,1999,0.12292,,,120.0,79.34,,,,
TTO,2000,0.108,,,154.0,88.81,,,,
TTO,2001,0.10417,,,239.0,107.09,,,,
TTO,2002,0.13178,,2.0,221.0,111.99,,,,
TTO,2003,0.11501,,,231.0,120.38,,,,
TTO,2004,0.11441,,3.0,205.0,132.38,,,,
TTO,2005,0.11431,,1.0,205.0,174.55,,,,
TTO,2006,0.07233,,,278.0,130.66,,,,
TTO,2007,0.05922,,2.0,317.0,169.38,60964395.0,1.5997,,
TTO,2008,0.03072,,1.0,280.0,161.74,36208243.0,0.77441,,
TTO,2009,0.05665,,,,208.35,3466997.0,0.25935,,
TTO,2010,0.04771,,,,212.36,2859229.0,0.09225,,
TTO,2011,0.04024,,,,221.34,6476135.0,0.12274,60143858.87169,432529.12318
TTO,2012,0.04155,,2.0,213.0,205.67,32895103.0,0.76008,54084973.45027,427037.56821
TTO,2013,0.0541,,,174.0,158.81,10354187.0,0.18145,60809869.37262,458179.6158
TTO,2014,0.07657,,4.0,184.0,242.35,6111216.0,0.12493,70160562.61708,648263.88824
TTO,2015,0.08051,,3.0,165.0,151.67,5633308.0,0.13794,75381069.45826,807323.58648
TTO,2016,0.08662,,3.0,133.0,206.67,5563408.0,0.15726,53970155.79208,1720186.86171
TTO,2017,0.08587,496.90234,,171.0,221.4,6571219.0,0.19755,54190080.59578,1922312.05876
TTO,2018,0.08371,543.60048,4.0,135.0,233.13,5465716.0,0.14721,69012595.7297,881502.08612
TTO,2019,0.06007,459.95724,1.0,112.0,241.49,10677515.0,0.33252,49016604.54247,1957753.78695
TTO,2020,0.06455,604.73029,1.0,111.0,246.75,4512408.0,0.17586,36904008.84882,575099.26754
TTO,2021,0.05445,539.19183,2.0,149.0,264.04,5248961.0,0.10283,49199800.82384,
TTO,2022,0.05039,492.71552,,,261.85,6251561.0,0.08223,16851547.31745,10188246.904
TTO,2023,,,,,,9772010.0,0.22323,8268385.47382,
TTO,2024,,,,,,9208619.0,0.2237,7726336.14969,
TUN,1980,,,27.0,214.0,,,,,
TUN,1981,,,28.0,183.0,,,,,
TUN,1983,,,19.0,197.0,,,,,
TUN,1984,,,12.0,201.0,,,,,
TUN,1985,,,14.0,202.0,,,,,
TUN,1986,,,28.0,139.0,,,,,
TUN,1987,,,26.0,120.0,,,,1206763.91173,
TUN,1988,,,20.0,118.0,,,,,
TUN,1989,,,26.0,118.0,,,,1053384.65657,3160153.96972
TUN,1990,,,27.0,134.0,,,,1138519.9241,1138519.9241
TUN,1991,,,26.0,104.0,,,,1081524.40865,
TUN,1992,,,22.0,98.0,,,,1130667.4707,
TUN,1993,,,42.0,100.0,,,,996272.28121,
TUN,1994,,,39.0,106.0,,,,1977155.6145,988577.80725
TUN,1995,,,31.0,115.0,,,,2114723.76421,1057361.8821
TUN,1996,,,45.0,128.0,382.19,,,3081954.30147,1027318.10049
TUN,1997,,,41.0,174.0,476.27,,,3616936.30424,904234.07606
TUN,1998,,,38.0,200.0,555.52,,,2634525.4561,10538101.82441
TUN,1999,,,67.0,190.0,602.81,,,2529031.17031,10116124.68124
TUN,2000,,,47.0,210.0,656.7,,,2918252.45316,14591262.26578
TUN,2001,,,22.0,156.0,800.09,,,6255593.10842,15291449.82059
TUN,2002,0.54302,,45.0,58.0,981.44,,,6330301.04098,16177435.99362
TUN,2003,0.65044,,35.0,120.0,1072.75,,,6208970.66908,17850790.67361
TUN,2004,0.73095,,46.0,223.0,1354.71,,,8029118.93802,17664061.66363
TUN,2005,0.71195,,56.0,282.0,1721.41,,,7707525.11369,25666058.62857
TUN,2006,0.67729,,77.0,379.0,1988.14,,,10668469.78832,26220394.05721
TUN,2007,0.6654,1078.62762,76.0,416.0,2309.4,,,10145483.6339,29265818.17472
TUN,2008,0.63933,1208.60937,76.0,472.0,2767.78,768243968.0,5.55706,12498562.80054,29623217.02726
TUN,2009,0.70644,1480.83462,105.0,452.0,3227.47,744466250.0,6.83758,13774971.76501,25031937.93857
TUN,2010,0.65806,1375.49899,113.0,508.0,3459.9,999336267.0,8.00204,15159983.2332,24800894.22943
TUN,2011,0.67458,1420.37634,137.0,543.0,3699.17,1085024422.0,8.30215,12075721.87955,26424520.81878
TUN,2012,0.64937,1614.44868,150.0,476.0,3800.66,854246053.0,7.04236,12804985.40765,23112998.66081
TUN,2013,0.637,1781.88853,112.0,437.0,4230.52,801060250.0,6.42174,13664411.49165,25112972.47114
TUN,2014,0.61988,1795.0618,142.0,400.0,4528.82,871478331.0,6.76541,19438349.50741,28038346.56221
TUN,2015,0.59413,1774.94539,180.0,409.0,4873.17,838436577.0,7.78543,20952016.82279,21767667.11273
TUN,2016,0.56539,1969.10018,235.0,348.0,5415.09,871067168.0,7.85597,17504383.855,22765009.85397
TUN,2017,0.69953,1919.04269,172.0,383.0,5614.15,850828851.0,7.38975,16574186.01527,20748731.62012
TUN,2018,0.71645,1789.95356,180.0,271.0,5558.13,828929551.0,6.7645,17553780.05071,23501857.49834
TUN,2019,0.74658,1726.2166,,,5205.26,840506111.0,6.88586,20538335.15654,22551073.02804
TUN,2020,,1644.57277,,,4955.74,832607036.0,7.64832,17671648.82287,18062063.16639
TUN,2021,,1610.3428,,,5122.21,959678980.0,7.16831,26583784.63213,21997989.07615
TUN,2022,,1703.91532,,,5730.03,1041437024.0,7.18989,23482666.58954,23293880.23866
TUN,2023,,,,,,1198528314.0,7.70111,24974708.80562,18969155.03231
TUN,2024,,1667.61164,,,,,,33668127.35827,19940916.55994
TUR,1980,,,134.0,527.0,,,,,
TUR,1981,,,157.0,368.0,,,,,
TUR,1982,,,126.0,385.0,,,,,
TUR,1984,,,153.0,447.0,,,,,
TUR,1985,,,132.0,461.0,,,,,
TUR,1986,,,174.0,552.0,,,,,
TUR,1987,,,138.0,760.0,,,,,
TUR,1988,,,153.0,747.0,,,,,
TUR,1989,,,162.0,886.0,,,,,
TUR,1990,,,138.0,1090.0,,,,,
TUR,1991,,,148.0,1057.0,,,,,
TUR,1992,,,189.0,1063.0,,,,,
TUR,1993,,,169.0,1057.0,,,,,
TUR,1994,,,151.0,1216.0,,,,,
TUR,1995,,,170.0,1520.0,,,,,
TUR,1996,0.45159,294.0892,189.0,735.0,5040.7,,,124000000.0,
TUR,1997,0.49168,302.97728,203.0,1327.0,5389.78,,,275000000.0,
TUR,1998,0.36198,298.97969,207.0,2276.0,5770.4,,,242000000.0,
TUR,1999,0.45557,312.68431,276.0,2744.0,6742.31,,,186000000.0,
TUR,2000,0.46558,355.04829,277.0,3156.0,6815.4,,,173000000.0,
TUR,2001,0.52247,344.81485,337.0,2875.0,8591.94,,,119000000.0,
TUR,2002,0.50904,360.00407,414.0,1424.0,10971.39,,,107000000.0,
TUR,2003,0.46532,484.24236,489.0,348.0,13376.28,,,167000000.0,
TUR,2004,0.49713,496.59332,682.0,235.0,15871.77,,,362000000.0,
TUR,2005,0.56381,567.50023,928.0,218.0,17647.28,,,439000000.0,
TUR,2006,0.55292,612.17385,1072.0,160.0,19421.02,,,531000000.0,
TUR,2007,0.68616,705.52013,1810.0,211.0,21483.68,1883247744.0,2.16875,647000000.0,
TUR,2008,0.68741,742.74528,2221.0,176.0,21787.66,1963946211.0,1.8883,729000000.0,
TUR,2009,0.80363,801.95239,2555.0,177.0,24758.42,1587951755.0,2.02928,648000000.0,
TUR,2010,0.79369,882.50416,3180.0,177.0,26145.4,1943401874.0,2.19482,816000000.0,
TUR,2011,0.79393,977.26304,3885.0,228.0,26838.73,2202177883.0,2.11065,680000000.0,
TUR,2012,0.82595,1100.18611,4434.0,232.0,27961.75,2327323000.0,2.15485,741000000.0,
TUR,2013,0.81206,1175.90164,4392.0,269.0,30007.39,3782775017.0,3.13055,1582000000.0,102000000.0
TUR,2014,0.8564,1163.53689,4766.0,331.0,30611.18,4293034117.0,3.37973,1686000000.0,98000000.0
TUR,2015,0.96732,1136.18026,5352.0,489.0,32539.53,3872189201.0,3.4361,1624000000.0,81000000.0
TUR,2016,1.11979,1263.789,6230.0,618.0,34932.25,3421690692.0,3.03815,1882000000.0,89000000.0
TUR,2017,1.17632,1420.59574,8175.0,380.0,33087.1,4069123083.0,3.23291,1777000000.0,112000000.0
TUR,2018,1.27093,1585.08328,7156.0,310.0,33902.25,3735743019.0,2.67353,2114000000.0,167000000.0
TUR,2019,1.3196,1737.57621,7871.0,217.0,37976.86,4280255330.0,3.02818,2181000000.0,195000000.0
TUR,2020,1.36748,1964.65668,7920.0,238.0,40923.32,4172760165.0,3.15277,2349000000.0,260000000.0
TUR,2021,1.40209,2209.69913,8234.0,242.0,47600.4,5715371245.0,3.28363,2800000000.0,391000000.0
TUR,2022,1.32342,2478.67633,,,52657.73,6906506415.0,3.66404,2918000000.0,373000000.0
TUR,2023,1.42224,2644.6573,,,,8461609431.0,4.51829,3746000000.0,599000000.0
TUR,2024,,,,,,9903861226.0,5.13776,4276000000.0,554000000.0
TUV,1996,,,,,0.0,,,,
TUV,1997,,,,,0.0,,,,
TUV,1998,,,,,0.0,,,,
TUV,1999,,,,,0.0,,,,
TUV,2000,,,,,0.0,,,,
TUV,2001,,,,,1.0,,,,
TUV,2002,,,,,0.0,,,,22275.79884
TUV,2003,,,,,0.6,,,,14267.97968
TUV,2004,,,,,0.61,,,,22062.83864
TUV,2005,,,,,0.0,,,,15273.31599
TUV,2006,,,,,1.27,,,,19578.70482
TUV,2007,,,,,0.37,,,,20082.46362
TUV,2008,,,,,0.33,,,,23486.41912
TUV,2009,,,,,0.25,,,,20277.82476
TUV,2010,,,,,0.0,,,,22838.8601
TUV,2011,,,,,0.0,,,,14773.12391
TUV,2012,,,,,0.04,,,,14829.14135
TUV,2013,,,,,0.33,,,,
TUV,2014,,,,,1.13,,,,
TUV,2015,,,,,1.09,,,,
TUV,2016,,,,,0.41,,,,
TUV,2017,,,,,0.65,,,,
TUV,2018,,,,7.0,0.48,,,,
TUV,2019,,,,10.0,0.12,,,,
TUV,2020,,,,10.0,0.39,,,,
TUV,2021,,,,11.0,0.06,,,,
TUV,2022,,,,,0.52,,,,
TZA,1980,,,,88.0,,,,,
TZA,1982,,,,30.0,,,,,
TZA,1983,,,1.0,57.0,,,,,
TZA,1985,,,,30.0,,,,,
TZA,1988,,,,37.0,,,,,
TZA,1989,,,,23.0,,,,,
TZA,1995,,,,,,,,40016.5814,160066.3255
TZA,1996,,,,,126.74,,,,
TZA,1997,,,,,140.72,,,326731.9858,3442121.4708
TZA,1998,,,,,125.04,,,4679005.1397,946332.5508
TZA,1999,,,,,138.93,,,3800004.7196,500000.621
TZA,2000,,,,,150.68,,,3700006.8569,300000.556
TZA,2001,,,,3.0,131.48,,,3550000.0,210000.0
TZA,2002,,,,2.0,152.33,,,100000.0,
TZA,2003,,,,1.0,169.1,,,700000.0,
TZA,2004,,,,3.0,192.25,,,582830.04,
TZA,2005,,,,3.0,218.52,,,218042.0,
TZA,2006,,,,1.0,281.75,,,683196.0,448.2
TZA,2007,0.33462,,,4.0,309.05,,,5319945.66667,122.0
TZA,2008,,,,5.0,298.69,16576002.0,2.26217,106900.0,
TZA,2009,,,,3.0,312.61,19092797.0,3.5809,,
TZA,2010,0.37307,36.24107,,1.0,362.54,28334815.0,3.98283,270000.0,
TZA,2011,,,,2.0,401.13,43178785.0,5.69352,400000.0,
TZA,2012,,,,,393.1,99499785.0,10.69076,851853.33333,
TZA,2013,0.51456,19.31703,,3.0,401.29,50138761.0,6.14343,2719346.66667,2680.0
TZA,2014,,,,4.0,530.03,28115055.0,3.3843,1098666.33333,40000.0
TZA,2015,,,1.0,1.0,538.35,9429192.0,0.81677,2007390.0,197676.0
TZA,2016,,,,,562.74,17985730.0,2.31953,1402980.0,256978.0
TZA,2017,,,,,616.07,16954704.0,2.55837,3848000.0,95000.0
TZA,2018,,,,,627.21,186259360.0,6.89164,6132091.74027,82600.0
TZA,2019,,,,,790.66,9216395.0,1.28443,5750445.9686,17105.77656
TZA,2020,,,,,889.34,18387069.0,2.68762,3299197.04623,7983.223
TZA,2021,,,,,997.15,14675348.0,1.68293,2057804.60523,
TZA,2022,,,,,1171.41,17578118.0,1.70364,7466679.4896,
TZA,2023,,,,,,43110701.0,5.06811,22153990.33333,25803825.0
TZA,2024,,,,,,27426708.0,3.00569,25959549.1,43799350.66667
UGA,1980,,,,28.0,,,,,
UGA,1981,,,,55.0,,,,,
UGA,1982,,,,17.0,,,,,
UGA,1983,,,,16.0,,,,,
UGA,1984,,,,28.0,,,,,
UGA,1985,,,,26.0,,,,,
UGA,1987,,,,21.0,,,,,
UGA,1988,,,,21.0,,,,,
UGA,1989,,,,14.0,,,,,
UGA,1990,,,,13.0,,,,,
UGA,1991,,,,4.0,,,,,
UGA,1992,,,,11.0,,,,,
UGA,1996,,,,,83.4,,,,
UGA,1997,,,,,74.57,,,,
UGA,1998,,,,,99.55,,,,
UGA,1999,,,,,117.57,,,,
UGA,2000,,,,,130.85,,,,
UGA,2001,,,,,135.69,,,,
UGA,2002,0.36756,,,,130.89,,,6898573.0,2963.0
UGA,2003,0.25612,,5.0,,138.04,,,7947510.95,589212.0
UGA,2004,0.26056,,12.0,1.0,211.67,,,1417503.0,
UGA,2005,0.21514,,3.0,,220.28,,,1463500.0,7423807.92
UGA,2006,0.30033,,11.0,,208.81,,,10633427.0,2378623.0
UGA,2007,0.38821,,6.0,1.0,279.53,,,4792886.34,512486.27
UGA,2008,0.32632,,,,254.51,5462128.0,1.48881,1797690.4,2770928.31
UGA,2009,0.25547,,,,310.08,3640910.0,1.30647,3254382.07564,3046723.88257
UGA,2010,0.3599,39.56548,,,407.42,6764101.0,2.57101,2810259.47582,4158668.24331
UGA,2011,,,,,416.4,153400859.0,22.55604,8275720.30112,6846262.37964
UGA,2012,,,,,451.08,177482058.0,21.89462,11312971.3162,20279901.3571
UGA,2013,,,10.0,4.0,472.09,9213750.0,2.10859,14777163.04575,14030356.5684
UGA,2014,0.14265,28.67676,5.0,3.0,510.01,11575196.0,2.67853,12183518.67323,12882006.42
UGA,2015,,,9.0,,609.18,9706303.0,2.30542,13761795.87264,4088041.00337
UGA,2016,,,16.0,,604.59,8458426.0,2.05104,19741922.78787,1527254.71
UGA,2017,,,25.0,6.0,652.78,8123723.0,2.05388,17635929.0294,1566521.21665
UGA,2018,,,6.0,1.0,685.5,19620087.0,3.47829,11046800.0,10385200.0
UGA,2019,,,14.0,1.0,802.04,15782091.0,3.12412,22366510.0,7534000.0
UGA,2020,,,13.0,6.0,920.53,11773219.0,2.10287,102.1,3170000.0
UGA,2021,,,14.0,4.0,1207.57,17816471.0,2.34793,,14780000.0
UGA,2022,,,,,1244.0,23040470.0,2.39571,,16958000.0
UGA,2023,0.4383,81.30601,,,,16912260.0,1.40811,,1897374.59
UGA,2024,,,,,,21995979.0,1.91594,13939942.01,2561579.27
UKR,1992,,,309.0,,,,,,
UKR,1993,,,8687.0,1909.0,,,,,
UKR,1994,,,5355.0,555.0,,,,,
UKR,1995,,,4804.0,1156.0,,,,,
UKR,1996,,,3636.0,1257.0,5646.64,,,,
UKR,1997,1.1923,,4688.0,1568.0,6055.68,,,,
UKR,1998,1.06993,,5319.0,1631.0,6339.12,,,,
UKR,1999,0.96968,,5401.0,1621.0,5576.98,,,,
UKR,2000,0.92904,,5620.0,1604.0,5527.45,,,663000000.0,1000000.0
UKR,2001,0.98944,,7208.0,1610.0,6802.16,,,183000000.0,5000000.0
UKR,2002,0.96269,,1601.0,1153.0,6040.03,,,110000000.0,4000000.0
UKR,2003,1.07166,,1635.0,1438.0,5911.63,,,292000000.0,14000000.0
UKR,2004,1.04392,,4090.0,1689.0,5962.46,,,268000000.0,40000000.0
UKR,2005,0.99518,,3538.0,2054.0,6117.24,,,421000000.0,22000000.0
UKR,2006,0.91403,1451.9222,3474.0,2416.0,5425.57,,,428000000.0,32000000.0
UKR,2007,0.81869,1430.03134,3440.0,2723.0,5484.41,,,577000000.0,53000000.0
UKR,2008,0.80991,1404.84115,2825.0,2872.0,5953.06,,,754000000.0,72000000.0
UKR,2009,0.82596,1324.32376,2434.0,2380.0,5673.58,,,644000000.0,112000000.0
UKR,2010,0.80278,1306.70104,2556.0,2756.0,6069.02,,,744000000.0,132000000.0
UKR,2011,0.7109,1237.47634,2649.0,2604.0,6319.59,1932450185.0,4.51423,746000000.0,107000000.0
UKR,2012,0.72363,1210.04567,2491.0,2464.0,6659.32,2647760449.0,6.47194,727000000.0,124000000.0
UKR,2013,0.733,1139.62164,2856.0,2556.0,7355.95,2234806486.0,6.14613,1072000000.0,167000000.0
UKR,2014,0.65034,1002.50854,2457.0,2356.0,7282.92,1990020494.0,6.88754,552000000.0,118000000.0
UKR,2015,0.61477,1005.99722,2271.0,2226.0,7534.41,1494839137.0,8.03896,358000000.0,85000000.0
UKR,2016,0.48339,1037.24086,2233.0,1862.0,7962.38,1123013376.0,6.67894,358000000.0,73000000.0
UKR,2017,0.44878,994.07744,2283.0,1764.0,9161.78,1213593921.0,6.16593,430000000.0,72000000.0
UKR,2018,0.47113,988.07663,2107.0,1861.0,10355.29,1213122591.0,5.42495,592000000.0,92000000.0
UKR,2019,0.43384,880.55411,2097.0,1755.0,13299.64,1165833595.0,5.48015,606000000.0,82000000.0
UKR,2020,0.40318,846.24846,1361.0,1822.0,14058.8,1175961260.0,5.85239,495000000.0,74000000.0
UKR,2021,0.38478,774.07275,1302.0,2091.0,15133.9,1283624066.0,4.51051,735000000.0,69000000.0
UKR,2022,0.32673,586.07925,,,13205.56,888066464.0,5.73614,349000000.0,51000000.0
UKR,2023,0.32209,,,,,728946823.0,6.68812,401000000.0,57000000.0
UKR,2024,0.36988,,,,,810228284.0,6.37029,565000000.0,67000000.0
URY,1980,,,70.0,213.0,,,,,
URY,1981,,,71.0,227.0,,,,,
URY,1982,,,49.0,157.0,,,,,
URY,1983,,,40.0,174.0,,,,,
URY,1984,,,43.0,147.0,,,,,
URY,1985,,,63.0,105.0,,,,,
URY,1986,,,39.0,124.0,,,,8900000.0,
URY,1987,,,34.0,101.0,,,,5400000.0,700000.0
URY,1988,,,28.0,144.0,,,,6300000.0,
URY,1989,,,23.0,111.0,,,,,
URY,1991,,,34.0,137.0,,,,,
URY,1992,,,39.0,140.0,,,,,
URY,1993,,,29.0,147.0,,,,5700000.0,400000.0
URY,1994,,,18.0,151.0,,,,5000000.0,500000.0
URY,1995,,,35.0,221.0,,,,7600000.0,
URY,1996,0.26501,,25.0,182.0,166.03,,,6300000.0,
URY,1997,0.34994,,32.0,370.0,199.77,,,7000000.0,
URY,1998,0.19186,,27.0,469.0,216.66,,,9200000.0,
URY,1999,0.22417,223.02794,27.0,525.0,202.75,,,9300000.0,
URY,2000,0.20925,282.62753,44.0,572.0,224.92,,,6476000.0,91000.0
URY,2001,,,52.0,543.0,234.78,,,9766440.68,56000.0
URY,2002,0.23818,378.96957,30.0,466.0,274.53,,,6757023.58794,16000.0
URY,2003,,,45.0,504.0,282.74,,,14027245.51307,
URY,2004,,,37.0,514.0,308.34,,,4314747.74207,33788.0
URY,2005,0.46031,,24.0,589.0,353.36,,,6908775.93603,71000.0
URY,2006,0.36385,,31.0,725.0,363.5,,,7287106.77716,
URY,2007,0.42159,,35.0,739.0,386.57,49306192.0,3.67829,7633470.99906,30000.0
URY,2008,0.37442,433.22906,33.0,706.0,441.63,82005246.0,5.3289,16625936.3912,96000.0
URY,2009,0.40239,565.96314,30.0,750.0,483.83,81823095.0,6.36034,21950555.72903,148000.0
URY,2010,0.32882,637.83958,23.0,761.0,500.67,116183374.0,7.26033,26557142.39635,201000.0
URY,2011,0.32962,628.67776,20.0,667.0,577.09,136348947.0,6.69749,33571028.49669,430000.0
URY,2012,0.30808,647.29155,22.0,678.0,584.87,198244859.0,9.90399,87053683.54807,47812689.16793
URY,2013,0.29118,651.49701,,,596.79,193922905.0,9.20467,113538506.14325,40897807.0
URY,2014,0.31707,664.34395,37.0,639.0,740.37,178779702.0,8.55345,137250587.42094,57239039.7101
URY,2015,0.35109,687.09204,26.0,532.0,697.03,273945030.0,14.7426,102899213.55345,37567858.37247
URY,2016,0.37391,739.46982,,,856.64,153433874.0,10.59605,113353942.57786,37320269.0
URY,2017,0.44052,756.67885,23.0,500.0,802.09,129215276.0,8.49114,122680491.6112,39684711.0
URY,2018,0.50484,787.06548,,,926.32,120520508.0,7.6367,189310267.12643,55097275.03676
URY,2019,0.56805,803.42212,,,995.1,115769162.0,8.29803,182878101.29323,34357141.1949
URY,2020,0.67606,820.55725,,,980.26,113936601.0,9.8025,125883223.51558,26244533.01418
URY,2021,0.61467,845.8214,,,1189.05,132818761.0,8.60373,158551631.62609,45054367.53514
URY,2022,0.62206,880.30452,,,1057.66,185880308.0,9.5516,207013173.12286,76054020.53053
URY,2023,0.70196,902.41575,,,,188475643.0,10.70723,263039837.56615,113140029.06
URY,2024,,937.57039,,,,190484194.0,9.84179,256337500.6747,124795903.0
USA,1970,,,,,,,,220000000.0,2330000000.0
USA,1971,,,,,,,,240000000.0,2550000000.0
USA,1972,,,,,,,,300000000.0,2780000000.0
USA,1973,,,,,,,,400000000.0,3230000000.0
USA,1974,,,,,,,,360000000.0,3830000000.0
USA,1975,,,,,,,,480000000.0,4310000000.0
USA,1976,,,,,,,,500000000.0,4370000000.0
USA,1977,,,,,,,,510000000.0,4920000000.0
USA,1978,,,,,,,,670000000.0,5880000000.0
USA,1979,,,,,,,,850000000.0,6190000000.0
USA,1980,,,62098.0,42231.0,,,,730000000.0,7080000000.0
USA,1981,,,62404.0,44009.0,,,,650000000.0,7280000000.0
USA,1982,,,63316.0,46309.0,,,,800000000.0,5610000000.0
USA,1983,,,59391.0,44312.0,,,,940000000.0,5780000000.0
USA,1984,,,61841.0,49443.0,,,,1170000000.0,6180000000.0
USA,1985,,,63673.0,51562.0,,,,1170000000.0,6680000000.0
USA,1986,,,65195.0,55721.0,,,,1401000000.0,8114000000.0
USA,1987,,,68315.0,63522.0,,,,1857000000.0,10174000000.0
USA,1988,,,75192.0,68644.0,,,,2601000000.0,12147000000.0
USA,1989,,,82370.0,76337.0,,,,2530000000.0,13820000000.0
USA,1990,,,90643.0,80520.0,,,,3140000000.0,16640000000.0
USA,1991,,,87955.0,84160.0,,,,4040000000.0,17820000000.0
USA,1992,,,92425.0,90922.0,,,,5162000000.0,20841000000.0
USA,1993,,,99955.0,84241.0,,,,5032000000.0,21694000000.0
USA,1994,,,107233.0,95522.0,,,,5852000000.0,26712000000.0
USA,1995,,,123962.0,104180.0,,,,6919000000.0,30289000000.0
USA,1996,2.45013,3206.67656,106892.0,105054.0,313391.54,,,7837000000.0,32470000000.0
USA,1997,2.47714,3310.87683,119214.0,101282.0,311116.82,,,9161000000.0,33228000000.0
USA,1998,2.49621,3472.48581,134733.0,102246.0,302600.31,,,11235000000.0,35626000000.0
USA,1999,2.54362,3547.1262,149251.0,116512.0,296940.93,,,12845000000.0,39913000000.0
USA,2000,2.61982,3556.3917,164795.0,131100.0,306472.5,,,16139000000.0,43476000000.0
USA,2001,2.63715,3598.59475,177513.0,148958.0,306733.89,,,16207000000.0,41004000000.0
USA,2002,2.54746,3645.74808,184245.0,150200.0,320944.51,,,18981000000.0,44815000000.0
USA,2003,2.55014,3851.4654,188941.0,153500.0,336490.55,,,18652000000.0,47307000000.0
USA,2004,2.48685,3710.14634,189536.0,167407.0,360328.73,,,22818000000.0,56943000000.0
USA,2005,2.50192,3635.29099,207867.0,182866.0,390402.56,,,24126000000.0,64466000000.0
USA,2006,2.54545,3674.19384,221784.0,204182.0,394240.08,,,23075000000.0,70999000000.0
USA,2007,2.61516,3624.05411,241347.0,214807.0,396306.1,240663518341.0,29.89914,24615000000.0,84497000000.0
USA,2008,2.74481,3751.46069,231588.0,224733.0,399273.41,243132032706.0,28.41928,27764000000.0,89672000000.0
USA,2009,2.7918,3877.89208,224912.0,231194.0,404007.54,150978138467.0,24.36264,29421000000.0,85730000000.0
USA,2010,2.71443,3643.92768,241977.0,248249.0,413704.71,166133836217.0,22.61948,31115000000.0,94968000000.0
USA,2011,2.73803,3754.88228,247750.0,255832.0,426831.73,166559643396.0,20.62492,32912000000.0,107053000000.0
USA,2012,2.67272,3734.6577,268782.0,274033.0,430163.93,169157788627.0,20.17425,35061000000.0,107869000000.0
USA,2013,2.69591,3815.20951,287831.0,283781.0,432033.06,169309014696.0,20.18864,35294000000.0,113824000000.0
USA,2014,2.70882,3915.0339,285096.0,293706.0,434412.33,176029439000.0,20.4844,37562000000.0,116380000000.0
USA,2015,2.77328,3949.66371,288335.0,301075.0,436908.38,175321672223.0,21.39045,35178000000.0,111151000000.0
USA,2016,2.83677,3897.11007,295327.0,310244.0,437546.04,173983447240.0,22.41929,41974000000.0,112981000000.0
USA,2017,2.88315,4020.59227,293904.0,313052.0,440417.99,154602417969.0,19.26597,44406000000.0,118147000000.0
USA,2018,2.98956,4322.78826,285095.0,312046.0,447164.41,153893519793.0,18.48427,43291000000.0,115499000000.0
USA,2019,3.14297,4367.20971,285113.0,336340.0,451480.17,154028528002.0,18.68539,43280000000.0,126166000000.0
USA,2020,3.41788,4567.79267,269586.0,327586.0,457586.9,141612133157.0,19.49398,45483000000.0,123642000000.0
USA,2021,3.4689,4900.77179,262244.0,329229.0,472448.44,169281833346.0,19.90146,48199000000.0,142803000000.0
USA,2022,3.48736,4937.49441,,,457335.25,191876058536.0,20.57898,59417000000.0,152710000000.0
USA,2023,3.44716,,,,,208514376770.0,21.84599,52601000000.0,148205000000.0
USA,2024,,,,,,232906639404.0,24.32298,54037000000.0,169520000000.0
UZB,1993,,,2136.0,295.0,,,,,
UZB,1994,,,1061.0,64.0,,,,,
UZB,1995,,,1039.0,19.0,,,,,
UZB,1996,,,914.0,53.0,380.02,,,,
UZB,1997,,,815.0,367.0,417.37,,,,
UZB,1998,,,721.0,,372.05,,,,
UZB,1999,,,767.0,361.0,348.26,,,,
UZB,2000,0.36063,665.80742,755.0,213.0,363.31,,,,
UZB,2001,0.34544,618.85551,803.0,443.0,423.13,,,,
UZB,2002,0.29356,635.0763,715.0,203.0,372.27,,,,
UZB,2003,0.26825,592.78249,931.0,171.0,317.17,,,,
UZB,2004,0.27041,583.10334,273.0,205.0,375.91,,,,
UZB,2005,0.23741,638.4791,264.0,180.0,349.91,,,437600.0,68140.0
UZB,2006,0.22395,571.67593,323.0,186.0,322.62,,,1656000.0,192050.0
UZB,2007,0.21721,563.73574,324.0,198.0,333.09,,,3741400.0,228900.0
UZB,2008,0.19354,587.88058,262.0,186.0,306.83,,,3344100.0,362020.0
UZB,2009,0.20315,580.2566,238.0,174.0,341.19,,,1315786.98,329584.0
UZB,2010,0.1543,551.74753,370.0,262.0,395.01,,,33993662.7,12625952.0
UZB,2011,0.14877,582.25635,282.0,274.0,380.73,,,28820195.5,7871202.0
UZB,2012,0.15512,520.30903,257.0,253.0,331.89,,,65554970.0,6751631.0
UZB,2013,0.155,514.76473,299.0,258.0,353.35,,,40663905.0,14555888.0
UZB,2014,0.15335,508.96456,345.0,223.0,334.27,,,4666621.9943,1885468.83173
UZB,2015,0.16497,504.73687,288.0,219.0,294.17,,,15207698.62904,1010192.58664
UZB,2016,0.17238,512.96908,353.0,202.0,377.68,,,6417372.7,906087.8
UZB,2017,0.13212,501.98291,357.0,196.0,340.02,39348767.0,1.54328,31372222.9,718877.49311
UZB,2018,0.11164,481.96007,470.0,180.0,350.52,12132374.0,0.45382,49890245.2435,316911.13673
UZB,2019,0.10128,422.11189,374.0,169.0,772.6,20474819.0,0.72494,87142840.1313,147939.187
UZB,2020,0.12554,426.4918,356.0,232.0,1259.22,42220494.0,1.30491,112682350.3869,147149.93205
UZB,2021,0.11843,523.87885,413.0,252.0,2408.47,15074495.0,0.30809,79586123.7053,229683.0
UZB,2022,0.14297,543.83922,,,2187.4,83976163.0,1.4121,111469037.8874,441339.0
UZB,2023,0.11093,542.07268,,,,200637379.0,2.82239,96948485.6866,31225501.0
UZB,2024,0.10416,639.53651,,,,96321857.0,1.73386,142202668.65,10494936.86
VCT,1991,,,,,,,,170370.37037,
VCT,1994,,,,,,,,392592.59259,
VCT,1995,,,,,,,,422222.22222,
VCT,1996,,,,8.0,1.4,,,281481.48148,300000.0
VCT,1997,,,,,0.67,,,325925.92593,
VCT,1998,,,,,0.25,,,288888.88889,
VCT,1999,,,,,0.5,,,562962.96296,
VCT,2000,,,,2.0,0.42,,,639136.27902,
VCT,2001,0.04008,,,,0.0,,,595657.62059,
VCT,2002,0.1139,,,,0.12,,,370438.16988,
VCT,2003,,,,,1.83,,,369772.94641,
VCT,2004,,,,,0.13,,,428647.3978,
VCT,2005,,,,,1.0,,,500039.35495,
VCT,2006,,,,,0.7,,,625579.63332,
VCT,2007,,,,,1.26,,,1070696.74694,
VCT,2008,,,,,0.0,,,3467583.4466,
VCT,2009,,,,,1.13,44381.0,0.81911,3886771.62747,
VCT,2010,,,,,1.02,8505.0,0.15587,3808846.13231,
VCT,2011,,,,,0.05,1400.0,0.02614,3916469.72512,
VCT,2012,,,,2.0,0.92,2654.0,0.05076,3872851.0654,
VCT,2013,,,,8.0,2.2,11120.0,0.21402,3511775.58982,
VCT,2014,,,,8.0,1.51,2093.0,0.04604,3761884.43333,
VCT,2015,,,,7.0,0.76,0.0,0.0,3065919.2,
VCT,2016,,,,,2.26,186.0,0.00401,3356214.68519,
VCT,2017,,,,3.0,4.25,55.0,0.00082,2699259.85037,
VCT,2018,,,,4.0,1.22,111.0,0.00109,2675928.645,
VCT,2019,,,,3.0,5.26,1120027.0,9.92618,2449615.18519,
VCT,2020,,,,5.0,5.24,0.0,0.0,2586870.74074,
VCT,2021,,,,11.0,9.79,146.0,0.00345,2720803.7037,
VCT,2022,,,,,8.36,191441.0,4.00709,2584457.40741,
VCT,2023,,,,,,535939.0,4.93443,2843992.22222,
VCT,2024,,,,,,,,3471247.03704,
VEN,1980,,,236.0,1831.0,,,,,
VEN,1981,,,176.0,1980.0,,,,,
VEN,1982,,,174.0,1893.0,,,,,
VEN,1983,,,625.0,1482.0,,,,,
VEN,1984,,,875.0,1359.0,,,,,
VEN,1985,,,227.0,1303.0,,,,,
VEN,1986,,,282.0,1292.0,,,,,
VEN,1987,,,312.0,1369.0,,,,,
VEN,1989,,,183.0,1184.0,,,,,
VEN,1990,,,262.0,1090.0,,,,,
VEN,1991,,,233.0,1128.0,,,,,
VEN,1992,,,202.0,1338.0,,,,,
VEN,1993,,,186.0,1489.0,,,,,
VEN,1994,,,224.0,1505.0,,,,,
VEN,1996,,,182.0,1822.0,764.15,,,2000000.0,
VEN,1997,,,201.0,2323.0,923.2,,,146000000.0,
VEN,1998,,49.59925,,,887.79,,,94000000.0,
VEN,1999,,56.05112,,,930.82,,,186000000.0,
VEN,2000,,61.52819,56.0,2292.0,1039.07,,,184000000.0,
VEN,2001,,71.13539,,,1022.04,,,260000000.0,
VEN,2002,,69.86922,67.0,2150.0,1052.92,,,211000000.0,
VEN,2003,,95.45289,85.0,1984.0,1159.58,,,183000000.0,
VEN,2004,,105.25189,84.0,1873.0,1089.31,,,219000000.0,
VEN,2005,0.18907,122.2736,121.0,2232.0,1293.94,,,239000000.0,
VEN,2006,0.31742,147.25143,101.0,2439.0,1384.32,,,257000000.0,
VEN,2007,0.2011,164.09665,63.0,2479.0,1388.66,,,276000000.0,
VEN,2008,0.23803,188.85344,51.0,2325.0,1604.42,,,349000000.0,
VEN,2009,0.24014,184.39061,60.0,2051.0,1630.06,,,352000000.0,
VEN,2010,0.18823,202.71225,70.0,1773.0,1477.88,,,340000000.0,
VEN,2011,0.15296,231.7288,61.0,1564.0,1257.42,,,364000000.0,
VEN,2012,0.2501,295.73383,65.0,1461.0,1322.92,,,397000000.0,
VEN,2013,0.31853,364.33159,74.0,1389.0,1201.84,,,394000000.0,
VEN,2014,0.33713,272.27029,55.0,1377.0,1240.06,,,400000000.0,
VEN,2015,,246.15054,47.0,928.0,978.48,,,382000000.0,
VEN,2016,,291.69278,35.0,560.0,867.57,,,258000000.0,
VEN,2017,,,96.0,338.0,882.12,,,,
VEN,2018,,,,,707.07,,,,
VEN,2019,,230.87605,,,755.19,,,,
VEN,2020,,289.59954,,,716.5,,,,
VEN,2021,,276.3565,,,672.65,,,,
VEN,2022,,350.37843,,,512.19,,,,
VEN,2023,,179.95961,,,,,,,
VNM,1984,,,52.0,,,,,,
VNM,1985,,,,3.0,,,,,
VNM,1986,,,7.0,2.0,,,,,
VNM,1988,,,20.0,2.0,,,,,
VNM,1989,,,46.0,16.0,,,,,
VNM,1990,,,58.0,17.0,,,,,
VNM,1991,,,37.0,25.0,,,,,
VNM,1992,,,34.0,49.0,,,,,
VNM,1993,,,32.0,193.0,,,,,
VNM,1994,,,22.0,270.0,,,,,
VNM,1995,,,23.0,659.0,,,,,
VNM,1996,,,37.0,929.0,178.4,,,,
VNM,1997,,,30.0,1234.0,202.34,,,,
VNM,1998,,,25.0,1080.0,169.51,,,,
VNM,1999,,,35.0,1107.0,199.92,,,,
VNM,2000,,,34.0,1205.0,202.08,,,,
VNM,2001,,,52.0,1234.0,241.05,,,,
VNM,2002,0.19273,119.01999,69.0,1142.0,234.14,,,,
VNM,2003,,,78.0,1072.0,300.38,,,,
VNM,2004,,,103.0,1328.0,335.7,,,,
VNM,2005,,,180.0,1767.0,403.83,,,,
VNM,2006,,,196.0,1970.0,454.15,,,,
VNM,2007,,,219.0,2641.0,520.22,,,,
VNM,2008,,,204.0,2995.0,785.39,3016805392.0,8.84015,,
VNM,2009,,,258.0,2632.0,886.15,3533883638.0,10.52411,,
VNM,2010,,,306.0,3276.0,1099.63,6069554443.0,13.13032,,
VNM,2011,0.14955,,300.0,3260.0,1220.53,11709409219.0,18.8148,,
VNM,2012,,,382.0,3423.0,1559.95,21346437527.0,27.16303,,
VNM,2013,0.29932,684.84168,443.0,3552.0,1881.36,32759478692.0,33.59564,,
VNM,2014,,,487.0,3960.0,1943.68,36376040130.0,32.05489,,
VNM,2015,0.35629,681.68167,582.0,4451.0,2223.04,47524790042.0,36.36911,,
VNM,2016,,,560.0,4668.0,3021.1,55216909912.0,38.05696,,
VNM,2017,0.41895,707.70007,592.0,4790.0,3279.05,74114052667.0,41.73813,,
VNM,2018,,,646.0,5425.0,4301.7,82611228668.0,40.75016,,
VNM,2019,0.41652,754.61752,720.0,6800.0,6113.19,90430194116.0,40.43343,,
VNM,2020,,,1021.0,6674.0,8265.78,101534457843.0,41.7401,,
VNM,2021,0.42494,767.88667,1066.0,7468.0,9651.04,120466093145.0,41.53963,,
VNM,2022,,,,,10530.19,135907434789.99998,42.68918,,
VNM,2023,0.41456,836.10677,,,,132776576635.0,44.25689,,
VUT,1996,,,,,1.37,,,,
VUT,1997,,,,,3.69,,,,
VUT,1998,,,,,1.15,,,,
VUT,1999,,,,,6.99,,,,
VUT,2000,,,,,3.82,,,,
VUT,2001,,,,,3.17,,,,
VUT,2002,,,,,5.48,,,201286.87325,
VUT,2003,,,,,6.53,,,264294.93691,
VUT,2004,,,,,10.81,,,357283.56277,
VUT,2005,,,,,13.23,,,466049.97866,
VUT,2006,,,,,5.68,,,198619.36836,180788.77504
VUT,2007,,,,,2.61,,,,265347.37864
VUT,2008,,,,,4.15,,,26049.95803,240131.67026
VUT,2009,,,,,5.89,,,42775.25879,34220.20703
VUT,2010,,,,,7.08,,,165698.42215,263819.3032
VUT,2011,,,,,7.94,,,248618.89002,179059.9138
VUT,2012,,,,,6.51,,,215528.40812,172723.71794
VUT,2013,,,,,7.85,,,149555.47544,128451.368
VUT,2014,,,,,8.33,,,206067.21941,227034.23705
VUT,2015,,,,,10.55,,,174160.16285,155805.04747
VUT,2016,,,,,13.13,,,184394.47265,147515.57812
VUT,2017,,,,,10.47,,,324628.86657,437292.41469
VUT,2018,,,,,8.45,,,542828.63674,718450.6342
VUT,2019,,,,,10.24,,,238528.98685,496636.36122
VUT,2020,,,,,11.54,,,392671.0119,532789.86895
VUT,2021,,,,,17.87,,,392126.12742,490383.85994
VUT,2022,,,,,14.7,,,298052.85836,469006.98704
WSM,1980,,,,2.0,,,,,
WSM,1981,,,2.0,,,,,,
WSM,1985,,,,4.0,,,,,
WSM,1991,,,,2.0,,,,,262541.31379
WSM,1992,,,,,,,,,162185.72293
WSM,1993,,,,,,,,,171299.31275
WSM,1994,,,,,,,,3944.71534,153843.89828
WSM,1995,,,,2.0,,,,,
WSM,1996,,,,3.0,2.67,,,60921.79757,
WSM,1997,,,,,4.45,,,117216.26988,
WSM,1998,,,,,4.5,,,-186586.98535,
WSM,1999,,,,,6.47,,,199127.02711,
WSM,2000,,,,,6.67,,,,
WSM,2001,,,,,7.84,,,,
WSM,2002,,,,,7.28,,,,
WSM,2003,,,,7.0,4.82,,,,
WSM,2004,,,,2.0,4.85,,,165490.67841,
WSM,2005,,,,,4.59,,,110553.9044,
WSM,2006,,,,,11.88,,,,
WSM,2007,,,,11.0,4.61,,,37539.27642,
WSM,2008,,,,,3.63,,,61617.59624,
WSM,2009,,,,,5.38,183567.0,0.57353,46839.69907,
WSM,2010,,,,,5.65,591648.0,1.27117,39750.85051,
WSM,2011,,,,,5.65,365806.0,1.03006,213113.27835,
WSM,2012,,,,,2.51,114963.0,0.30126,798045.40842,
WSM,2013,,,,,4.42,210850.0,0.69597,1435416.57564,4411.29459
WSM,2014,,,1.0,99.0,10.24,429830.0,1.97678,1855628.02965,16847.10624
WSM,2015,,,1.0,3.0,10.17,148078.0,0.82459,2353131.45184,72157.88136
WSM,2016,,,,,7.37,171154.0,1.01848,2090560.6557,106362.41345
WSM,2017,,,,,9.42,74642.0,1.39459,1461349.70892,2172049.26003
WSM,2018,,,1.0,,11.8,142119.0,3.09527,586469.87349,537843.98763
WSM,2019,,,2.0,1.0,8.56,105678.0,2.27901,1158302.68768,389030.82137
WSM,2020,,,,2.0,21.41,,,279076.30018,121796.76216
WSM,2021,,,1.0,,23.76,53764.0,1.07528,314727.80339,
WSM,2022,,,,,16.2,36152.0,0.55437,139478.42729,11004.26546
WSM,2023,,,,,,396638.0,5.74202,612447.02401,21745.81953
WSM,2024,,,,,,12678894.0,76.67006,2767294.95692,32846.75462
XKX,1996,,,,,0.0,,,,
XKX,1997,,,,,0.0,,,,
XKX,1998,,,,,0.0,,,,
XKX,1999,,,,,0.0,,,,
XKX,2000,,,,,0.0,,,,
XKX,2001,,,,,0.0,,,,
XKX,2002,,,,,0.0,,,,
XKX,2003,,,,,0.0,,,,
XKX,2004,,,,,0.0,,,2151922.39797,
XKX,2005,,,,,0.0,,,1676108.084,
XKX,2006,,,,,0.0,,,116017.33129,403215.4726
XKX,2007,,,,,0.0,,,2409885.58706,139329.64986
XKX,2008,,,,,57.5,,,5473898.88475,768912.42982
XKX,2009,,,,,99.75,,,5702068.22586,1570929.29929
XKX,2010,,,,,113.66,,,3703734.34116,820941.53768
XKX,2011,,,,,106.33,,,515984.43649,23264.70905
XKX,2012,,,,,112.95,,,405738.34833,160112.2685
XKX,2013,,,,,121.59,,,2930332.6583,482709.7877
XKX,2014,,,,,115.81,,,2712198.50822,218815.23805
XKX,2015,,,,,131.94,,,1698995.01213,309893.80403
XKX,2016,,,,,180.01,,,2629872.49874,16386.02804
XKX,2017,,,,,218.35,,,1939327.98019,346888.009
XKX,2018,,,,,257.91,,,7061852.14539,197004.78429
XKX,2019,,,,,272.56,,,10273003.85678,935921.23811
XKX,2020,,,,,267.8,,,6203745.7703,1532773.76563
XKX,2021,,,,,306.41,,,8176532.30003,774576.95462
XKX,2022,,,,,428.36,,,4397300.65686,268262.71885
XKX,2023,,,,,,,,3885686.59429,1095077.81416
XKX,2024,,,,,,,,11963489.37271,712842.47302
YEM,1996,,,,,19.72,,,,
YEM,1997,,,,,31.06,,,,
YEM,1998,,,7.0,16.0,28.02,,,,
YEM,1999,,,9.0,30.0,28.91,,,,
YEM,2000,,,7.0,22.0,22.83,,,,
YEM,2001,,,6.0,18.0,43.49,,,,
YEM,2002,,,9.0,19.0,27.13,,,,
YEM,2003,,,16.0,13.0,32.51,,,,
YEM,2004,,,10.0,27.0,42.15,,,,
YEM,2005,,,20.0,23.0,48.82,,,9200000.0,
YEM,2006,,,14.0,34.0,54.43,,,9200000.0,149000000.0
YEM,2007,,,11.0,24.0,48.66,,,-13920000.0,
YEM,2008,,,,,60.29,,,-4800000.0,8650000.0
YEM,2009,,,,,82.56,382625.0,0.57993,-4800000.0,33420000.0
YEM,2010,,,20.0,55.0,103.74,398148.0,0.57296,4800000.0,
YEM,2011,,,7.0,37.0,101.93,678968.0,0.66577,4800000.0,
YEM,2012,,,36.0,49.0,104.86,584721.0,0.67318,4800000.0,
YEM,2013,,,43.0,37.0,117.18,2668283.0,3.30196,4800000.0,
YEM,2014,,,29.0,24.0,138.17,1319726.0,1.45096,4800000.0,
YEM,2015,,,5.0,25.0,105.74,3030318.0,4.82928,4800000.0,
YEM,2016,,,16.0,16.0,115.12,,,204945510.0,2500000.0
YEM,2017,,,15.0,13.0,123.63,,,,
YEM,2018,,,,,140.94,,,,
YEM,2019,,,60.0,15.0,210.33,,,,
YEM,2020,,,60.0,8.0,272.75,,,,
YEM,2021,,,20.0,22.0,432.5,,,,
YEM,2022,,,,,415.15,,,,
ZAF,1960,,,,,,,,5599997.76224,
ZAF,1961,,,,,,,,5599997.76224,
ZAF,1962,,,,,,,,8399996.64336,2799998.88112
ZAF,1963,,,,,,,,15399993.84616,1399999.44056
ZAF,1964,,,,,,,,15399993.84616,2799998.88112
ZAF,1965,,,,,,,,26599989.37064,2799998.88112
ZAF,1966,,,,,,,,26599989.37064,2799998.88112
ZAF,1967,,,,,,,,32199987.13289,4199998.32168
ZAF,1968,,,,,,,,37799984.89513,5599997.76224
ZAF,1969,,,,,,,,39199984.33569,2799998.88112
ZAF,1970,,,,,,,,46199981.53849,4199998.32168
ZAF,1971,,,,,,,,47527375.67632,6985476.14226
ZAF,1972,,,,,,,,63773980.21371,10251867.9728
ZAF,1973,,,,,,,,78078851.9005,5773073.19605
ZAF,1974,,,,,,,,72148373.09022,7377986.3493
ZAF,1975,,,,,,,,107043108.03802,8305088.20646
ZAF,1976,,,,,,,,110399999.904,10349999.991
ZAF,1977,,,,,,,,136849999.881,10349999.991
ZAF,1978,,,,,,,,171349999.851,9199999.992
ZAF,1979,,,,,,,,164006636.56518,11892085.27245
ZAF,1980,,,3092.0,5024.0,,,,204629390.177,16688942.50177
ZAF,1981,,,3340.0,5694.0,,,,218680439.87526,18119817.25547
ZAF,1982,,,3017.0,6585.0,,,,194254165.99948,18482154.72967
ZAF,1983,,,4240.0,5479.0,,,,204832559.09887,17970565.29611
ZAF,1984,,,3874.0,6275.0,,,,165864362.56369,13899193.06375
ZAF,1985,,,4051.0,5849.0,,,,120290310.6723,10799651.51927
ZAF,1986,,,4730.0,5046.0,,,,127663446.33693,12689753.82965
ZAF,1987,,,4922.0,4844.0,,,,175919698.09621,14743861.87721
ZAF,1988,,,4829.0,4905.0,,,,166062727.54254,14142618.57246
ZAF,1989,,,5134.0,4842.0,,,,143844302.18364,12182024.78403
ZAF,1990,,,1093.0,4943.0,,,,131507350.72063,18910416.8458
ZAF,1991,,,1023.0,4654.0,,,,140681952.74886,89679379.7979
ZAF,1992,,,888.0,4423.0,,,,139317392.84607,53306031.24344
ZAF,1993,,,904.0,4282.0,,,,124008809.00606,50402694.40925
ZAF,1994,,,935.0,4968.0,,,,113789335.29733,51273706.55877
ZAF,1995,,,883.0,5482.0,,,,293134700.5033,44672003.88868
ZAF,1996,,,757.0,6115.0,3925.39,,,309240134.75679,66941851.72539
ZAF,1997,0.52694,188.02634,355.0,6917.0,3924.31,,,258245886.75545,52112946.02346
ZAF,1998,,,200.0,7190.0,4004.7,,,227549342.28255,48962908.64368
ZAF,1999,,,138.0,3002.0,4045.03,,,212784401.74891,44195432.66438
ZAF,2000,,,895.0,2400.0,3964.55,,,245895910.24954,49094178.93152
ZAF,2001,0.64224,299.48395,966.0,5427.0,4156.78,,,329528506.26758,21490396.23308
ZAF,2002,,,983.0,5617.0,4460.97,,,446513324.00573,19454588.56771
ZAF,2003,0.6765,292.80758,922.0,5303.0,4386.63,,,616743679.49286,26550160.13138
ZAF,2004,0.72681,367.54743,956.0,5833.0,4966.26,,,891018800.33458,37391888.58751
ZAF,2005,0.77024,351.38625,1003.0,6001.0,5276.54,,,1070615302.41428,45302063.01167
ZAF,2006,0.80291,373.41244,866.0,6739.0,5842.67,,,1281749086.86349,55106998.01177
ZAF,2007,0.79364,384.41697,915.0,7402.0,5997.09,1933150392.0,5.95382,1596250884.98113,75106030.26328
ZAF,2008,0.80567,381.59248,860.0,7081.0,6403.51,2089264358.0,5.48392,1675904016.53214,78842738.12609
ZAF,2009,0.74993,384.84932,822.0,5913.0,7199.52,1483141300.0,5.88169,1658023464.63747,75704499.36445
ZAF,2010,0.66284,359.80904,821.0,5562.0,7697.27,2498966663.0,6.23857,1941103068.73478,113985144.62853
ZAF,2011,0.66753,381.96714,656.0,6589.0,8324.47,2745990089.0,6.20771,2118146097.4808,139891552.17876
ZAF,2012,0.66934,400.95517,608.0,6836.0,9105.16,2861275747.0,6.68714,2017325060.06759,135297384.42385
ZAF,2013,0.6633,430.44849,638.0,6657.0,9656.24,2615633129.0,6.5227,1936693352.82322,135485211.94865
ZAF,2014,0.70987,427.63838,802.0,6750.0,10323.83,2807326935.0,6.66015,1732081250.04942,136803952.77046
ZAF,2015,0.73147,466.56084,889.0,6608.0,11148.43,2810596503.0,7.40646,1641134757.33458,126114070.90025
ZAF,2016,0.74992,481.99586,704.0,6506.0,12184.62,2398089362.0,6.65712,1831242820.87593,139258220.83472
ZAF,2017,0.76257,516.53674,728.0,6816.0,13020.27,2198581396.0,5.67982,1883350101.04302,157684448.8465
ZAF,2018,0.68586,500.79079,657.0,6258.0,13477.1,2091970957.0,5.27331,1540106740.27822,182504287.10727
ZAF,2019,0.61304,479.86558,567.0,6347.0,15148.36,1833309591.0,4.89552,1356151183.4202,150760778.5998
ZAF,2020,0.60296,459.98774,542.0,6146.0,15744.73,1835319303.0,5.62172,1197536398.40297,126359274.91401
ZAF,2021,0.6139,454.79773,1804.0,9156.0,16092.63,2418464070.0,5.54756,1453033533.16993,135303751.14815
ZAF,2022,0.61479,444.16298,,,16651.13,2494861682.0,5.52197,1453465563.35141,207073126.83366
ZAF,2023,,,,,,2215402355.0,4.95552,1630184781.35416,167824576.70861
ZAF,2024,,,,,,2453906343.0,5.70923,1664837743.80911,218089641.5651
ZMB,1980,,,2.0,113.0,,,,,
ZMB,1981,,,1.0,107.0,,,,,
ZMB,1982,,,1.0,91.0,,,,,
ZMB,1983,,,1.0,91.0,,,,,
ZMB,1984,,,,79.0,,,,,
ZMB,1985,,,,105.0,,,,,
ZMB,1986,,,,108.0,,,,,
ZMB,1987,,,,99.0,,,,,
ZMB,1988,,,7.0,74.0,,,,,
ZMB,1989,,,3.0,50.0,,,,,
ZMB,1990,,,7.0,50.0,,,,,
ZMB,1991,,,1.0,47.0,,,,,
ZMB,1992,,,7.0,64.0,,,,,
ZMB,1993,,,4.0,60.0,,,,,
ZMB,1995,,,4.0,39.0,,,,,
ZMB,1996,0.01104,50.04499,6.0,36.0,50.89,,,,
ZMB,1997,0.00737,54.29949,,,67.53,,,-100000.0,
ZMB,1998,,56.4222,,,56.66,,,200000.0,
ZMB,1999,,55.79382,5.0,34.0,60.22,,,200000.0,
ZMB,2000,,,,,33.6,,,400000.0,
ZMB,2001,,,6.0,25.0,52.96,,,400000.0,
ZMB,2002,0.00544,,3.0,6.0,59.67,,,400000.0,
ZMB,2003,0.00847,,3.0,10.0,47.39,,,400000.0,
ZMB,2004,0.02223,,1.0,27.0,42.84,,,,
ZMB,2005,0.02493,,5.0,22.0,61.04,,,400000.0,
ZMB,2006,,,4.0,9.0,69.62,,,400000.0,
ZMB,2007,,,19.0,20.0,69.27,,,1172724.0,
ZMB,2008,0.27819,41.90146,26.0,17.0,92.91,4001399.0,0.72923,1289996.4,
ZMB,2009,,,9.0,9.0,76.75,4979110.0,1.43407,444400.0,
ZMB,2010,,,5.0,12.0,87.81,2600041.0,0.52135,548844.0,
ZMB,2011,,,3.0,21.0,100.59,11889970.0,1.59556,3733435.0,
ZMB,2012,,,7.0,31.0,106.86,46122333.0,4.0875,3770201.0,
ZMB,2013,,,13.0,26.0,120.54,16747925.0,1.26239,1770000.0,
ZMB,2014,,,14.0,25.0,129.56,18101351.0,1.63736,1885050.0,
ZMB,2015,,,20.0,12.0,161.52,29388136.0,4.25338,2007578.25,
ZMB,2016,,,15.0,18.0,179.73,182881125.0,22.52556,2138070.83625,
ZMB,2017,,,12.0,10.0,208.05,36185168.0,4.48476,2287735.79479,
ZMB,2018,,,11.0,13.0,217.51,25103534.0,2.14275,35002237.69546,
ZMB,2019,,,2.0,21.0,209.81,21464462.0,2.19961,16903078.70118,
ZMB,2020,,,17.0,10.0,266.64,10714229.0,1.36126,14573362.61734,
ZMB,2021,,,13.0,13.0,312.77,10218867.0,0.95312,34364712.32149,
ZMB,2022,,,,,344.27,8748554.0,0.71671,20230940.22682,
ZMB,2023,,,,,,14668136.0,1.16357,17197476.80599,
ZMB,2024,,,,,,23417908.0,1.47194,32540734.12626,
ZWE,1977,,,,,,,,8902118.20523,794831.98261
ZWE,1978,,,,,,,,7261152.31414,1778241.38305
ZWE,1979,,,,,,,,10286597.47248,1028659.74725
ZWE,1980,,,39.0,281.0,,,,13637268.57211,2789441.29884
ZWE,1981,,,35.0,274.0,,,,13751426.9455,2009772.48448
ZWE,1982,,,41.0,230.0,,,,17038061.09739,1451001.10358
ZWE,1983,,,40.0,237.0,,,,13933188.01698,984800.74599
ZWE,1984,,,34.0,191.0,,,,7423387.86566,624962.32821
ZWE,1985,,,38.0,205.0,,,,4826765.53278,374333.45906
ZWE,1986,,,47.0,206.0,,,,6001100.43779,595535.73875
ZWE,1987,,,41.0,200.0,,,,6248701.57659,540451.33847
ZWE,1988,,,38.0,144.0,,,,5919010.85752,553178.58481
ZWE,1989,,,39.0,138.0,,,,5323553.55451,17770480.97545
ZWE,1990,,,44.0,159.0,,,,8144433.63283,774908.73839
ZWE,1991,,,60.0,128.0,,,,39956823.32933,1576115.64307
ZWE,1992,,,42.0,161.0,,,,5797814.25988,993658.75985
ZWE,1993,,,44.0,136.0,,,,5285226.26521,824758.46818
ZWE,1994,,,,,,,,6029681.36742,603115.90234
ZWE,1995,,,55.0,125.0,,,,,
ZWE,1996,,,28.0,122.0,225.67,,,,
ZWE,1997,,,,,249.91,,,,
ZWE,1998,,,,,206.05,,,,
ZWE,1999,,,,,254.14,,,,
ZWE,2000,,,,,235.57,,,,
ZWE,2001,,,,,209.14,,,,
ZWE,2002,,,,,169.7,,,,
ZWE,2003,,,,,182.34,,,,
ZWE,2004,,,,,140.52,,,,
ZWE,2005,,,,,141.25,,,,
ZWE,2006,,,,,171.9,,,,
ZWE,2007,,,,,185.9,,,,
ZWE,2008,,,,,126.24,58984637.0,14.36368,,
ZWE,2009,,,,,117.6,7586439.0,2.7967,6037763.7292,1718404.8738
ZWE,2010,,,,,147.16,9504795.0,1.94905,3783946.61288,1811198.73699
ZWE,2011,,,,,141.74,8976852.0,2.7752,8847845.09946,1894513.87889
ZWE,2012,,95.1253,,,204.73,20208296.0,6.22081,9305786.89265,1981661.51732
ZWE,2013,,,,,220.97,18935955.0,2.93957,17830152.79594,2072817.94711
ZWE,2014,,,,,269.85,12120906.0,1.46177,18668169.97735,2168167.57268
ZWE,2015,,,9.0,19.0,274.6,11810010.0,3.27683,19545573.96629,2267903.28102
ZWE,2016,,,8.0,5.0,323.32,13725165.0,5.16438,10372933.179,2372226.83195
ZWE,2017,,,,,339.94,11180300.0,2.58587,4322232.37,
ZWE,2018,,,,,392.5,9709358.0,2.06369,2511199.08,
ZWE,2019,,,,,426.38,27782789.0,4.94971,2197499.37,
ZWE,2020,,,,,456.49,8275259.0,2.38387,3629088.13,
ZWE,2021,,,,,495.68,4788223.0,1.05374,4090935.9468,
ZWE,2022,,,,,563.05,7822102.0,1.47693,12748401.92,
ZWE,2023,,,,,,10554661.0,1.94219,16100262.0774,
ZWE,2024,,,,,,13885912.0,2.79802,13322099.82,
