country_id,year,en_ghg_co2_pc_ce_ar5,en_ghg_all_mt_ce_ar5,en_atm_pm25_mc_m3,en_clc_mdat_zs,ag_lnd_frst_k2,en_pop_el5m_zs
ABW,1970,0.43087,0.037,,,,
ABW,1971,0.49336,0.0418,,,,
ABW,1972,0.68221,0.0527,,,,
ABW,1973,0.76331,0.0577,,,,
ABW,1974,0.74723,0.057,,,,
ABW,1975,0.98808,0.0711,,,,
ABW,1976,0.96971,0.0702,,,,
ABW,1977,1.14886,0.081,,,,
ABW,1978,1.22669,0.0859,,,,
ABW,1979,1.28567,0.0899,,,,
ABW,1980,1.33369,0.0939,,,,
ABW,1981,1.37212,0.0971,,,,
ABW,1982,1.33821,0.0962,,,,
ABW,1983,1.35952,0.099,,,,
ABW,1984,1.57072,0.1136,,,,
ABW,1985,1.68967,0.1192,,,,
ABW,1986,1.90052,0.1289,,,,
ABW,1987,2.17887,0.1438,,,,
ABW,1988,2.41021,0.158,,,,
ABW,1989,3.2692,0.2132,,,,
ABW,1990,3.20303,0.2203,,,4.2,5.35265
ABW,1991,3.43572,0.2469,,,4.2,
ABW,1992,3.63452,0.272,,,4.2,
ABW,1993,3.41453,0.2736,,,4.2,
ABW,1994,3.68323,0.3091,,,4.2,
ABW,1995,3.9396,0.3387,,,4.2,
ABW,1996,2.49094,0.2296,,,4.2,
ABW,1997,3.97446,0.3687,,,4.2,
ABW,1998,3.97056,0.3778,,,4.2,
ABW,1999,3.96948,0.3827,,,4.2,
ABW,2000,2.96838,0.348,,,4.2,5.12691
ABW,2001,2.97357,0.3511,,,4.2,
ABW,2002,3.22567,0.3765,,,4.2,
ABW,2003,3.67666,0.4268,,,4.2,
ABW,2004,3.67256,0.4412,,,4.2,
ABW,2005,3.94633,0.4783,,,4.2,
ABW,2006,4.26739,0.4877,,,4.2,
ABW,2007,4.57414,0.5228,,,4.2,
ABW,2008,4.5037,0.5153,,,4.2,
ABW,2009,4.85512,0.5507,,,4.2,
ABW,2010,4.74086,0.5289,,,4.2,
ABW,2011,2.83358,0.3409,,,4.2,
ABW,2012,3.6058,0.4057,,,4.2,
ABW,2013,3.90632,0.4405,,,4.2,
ABW,2014,4.12988,0.4699,,,4.2,
ABW,2015,4.28614,0.4915,,,4.2,4.9975
ABW,2016,4.46439,0.5151,,,4.2,
ABW,2017,4.29576,0.4967,,,4.2,
ABW,2018,4.27241,0.495,,,4.2,
ABW,2019,4.66562,0.54,,,4.2,
ABW,2020,4.50054,0.5191,,,4.2,
ABW,2021,4.71123,0.5383,,,4.2,
ABW,2022,4.99022,0.5675,,,4.2,
ABW,2023,5.00284,0.5695,,,4.2,
ABW,2024,5.14839,0.5887,,,,
AFG,1970,0.15348,15.3,,,,
AFG,1971,0.14978,15.2211,,,,
AFG,1972,0.14277,13.2788,,,,
AFG,1973,0.1425,13.972,,,,
AFG,1974,0.17552,15.242,,,,
AFG,1975,0.15873,15.9689,,,,
AFG,1976,0.14482,16.1246,,,,
AFG,1977,0.17099,16.1878,,,,
AFG,1978,0.14199,15.8334,,,,
AFG,1979,0.15069,15.7238,,,,
AFG,1980,0.15223,15.6485,,,,
AFG,1981,0.18916,15.8175,,,,
AFG,1982,0.20996,15.812,,,,
AFG,1983,0.2746,15.7685,,,,
AFG,1984,0.2878,14.6997,,,,
AFG,1985,0.36001,14.6195,,,,
AFG,1986,0.34424,12.95,,,,
AFG,1987,0.28636,12.8185,,,,
AFG,1988,0.26671,13.0853,,,,
AFG,1989,0.24276,12.6819,,,,
AFG,1990,0.24145,12.9316,64.1741,,12084.4,0.0
AFG,1991,0.23149,13.014,64.18815,,12084.4,
AFG,1992,0.13636,12.0658,64.21053,,12084.4,
AFG,1993,0.11864,12.1861,64.24414,,12084.4,
AFG,1994,0.10299,12.2473,64.29192,,12084.4,
AFG,1995,0.08512,12.4635,64.3568,,12084.4,
AFG,1996,0.07913,13.7352,64.47599,,12084.4,
AFG,1997,0.07444,14.7974,64.64152,,12084.4,
AFG,1998,0.07355,15.6478,64.7885,,12084.4,
AFG,1999,0.06855,16.5085,64.85205,,12084.4,
AFG,2000,0.05014,14.3649,64.76728,,12084.4,0.0
AFG,2001,0.04635,12.6284,64.59757,,12084.4,
AFG,2002,0.04391,15.2286,64.41689,,12084.4,
AFG,2003,0.04475,15.8576,64.17623,,12084.4,
AFG,2004,0.0383,15.9933,63.82661,,12084.4,
AFG,2005,0.0523,16.1449,63.31903,,12084.4,
AFG,2006,0.05579,16.3385,61.51465,,12084.4,
AFG,2007,0.07967,17.5116,58.08379,,12084.4,
AFG,2008,0.14738,20.86,54.19114,,12084.4,
AFG,2009,0.22449,23.8625,51.00144,1.05929,12084.4,
AFG,2010,0.27819,27.7685,49.67938,,12084.4,
AFG,2011,0.39264,31.8988,61.81706,,12084.4,
AFG,2012,0.32344,29.7593,70.92232,,12084.4,
AFG,2013,0.26654,28.1319,73.13182,,12084.4,
AFG,2014,0.2427,28.3545,77.14373,,12084.4,
AFG,2015,0.24909,28.0931,73.49082,,12084.4,0.0
AFG,2016,0.21935,27.1647,72.76591,,12084.4,
AFG,2017,0.29133,30.4746,65.86235,,12084.4,
AFG,2018,0.32142,31.9358,67.22718,,12084.4,
AFG,2019,0.31975,32.4362,58.33087,,12084.4,
AFG,2020,0.31082,32.4002,46.08709,,12084.4,
AFG,2021,0.31216,32.8358,,,12084.4,
AFG,2022,0.27842,31.9121,,,12084.4,
AFG,2023,0.281,32.4351,,,12084.4,
AFG,2024,0.28298,33.0348,,,,
AGO,1970,1.52643,18.8344,,,,
AGO,1971,1.42204,18.7218,,,,
AGO,1972,1.67892,21.3168,,,,
AGO,1973,1.77615,22.8788,,,,
AGO,1974,1.78526,23.5861,,,,
AGO,1975,1.59354,22.4218,,,,
AGO,1976,1.03072,18.4644,,,,
AGO,1977,1.64441,23.1326,,,,
AGO,1978,1.87631,25.308,,,,
AGO,1979,1.80695,25.8339,,,,
AGO,1980,1.76007,26.308,,,,
AGO,1981,1.56862,24.9017,,,,
AGO,1982,1.45934,27.2768,,,,
AGO,1983,1.45562,28.8516,,,,
AGO,1984,1.41701,29.2836,,,,
AGO,1985,1.44224,31.6468,,,,
AGO,1986,1.40503,32.9495,,,,
AGO,1987,1.3814,34.6689,,,,
AGO,1988,1.37561,36.4246,,,,
AGO,1989,1.34391,37.3091,,,,
AGO,1990,0.96598,34.0845,23.83177,,792627.8,0.43939
AGO,1991,0.97979,33.3991,23.44397,,791073.63,
AGO,1992,0.97547,32.6614,23.12946,,789519.46,
AGO,1993,0.94657,36.6305,22.89533,,787965.29,
AGO,1994,0.86722,47.4057,22.74864,,786411.12,
AGO,1995,0.94554,54.6253,22.69646,,784856.95,
AGO,1996,1.1064,65.5425,22.75995,,783302.78,
AGO,1997,1.11881,67.282,22.92254,,781748.61,
AGO,1998,1.12383,73.101,23.13466,,780194.44,
AGO,1999,1.15091,73.8377,23.34678,,778640.27,
AGO,2000,1.01958,68.933,23.50934,,777086.1,0.67101
AGO,2001,0.96687,67.2114,23.65268,,771535.49,
AGO,2002,0.9185,64.9216,23.82001,,765984.88,
AGO,2003,0.96578,65.3759,23.98111,,760434.27,
AGO,2004,0.95107,70.6393,24.10578,,754883.66,
AGO,2005,0.81068,68.6988,24.16381,,749333.05,
AGO,2006,0.81539,61.2209,24.17293,,743782.44,
AGO,2007,0.82084,59.7285,24.17419,,738231.83,
AGO,2008,0.88604,63.0361,24.17231,,732681.22,
AGO,2009,0.94085,64.5384,24.17202,1.01176,727130.61,
AGO,2010,0.97618,71.665,24.17806,,721580.0,
AGO,2011,0.97654,70.5619,24.33794,,716029.38,
AGO,2012,0.98168,72.492,24.48049,,710478.76,
AGO,2013,1.09053,77.0263,24.53866,,704928.14,
AGO,2014,1.1372,78.9976,23.94558,,699377.52,
AGO,2015,1.17504,83.5369,25.00215,,693826.9,1.53305
AGO,2016,1.07168,80.6255,25.1807,,688276.2,
AGO,2017,0.92592,75.4336,23.95915,,682725.7,
AGO,2018,0.82481,70.4651,24.26502,,677175.1,
AGO,2019,0.83385,71.2087,24.59881,,671624.4,
AGO,2020,0.61397,63.1592,25.14524,,666073.8,
AGO,2021,0.74029,66.6019,,,660523.133,
AGO,2022,0.74881,68.0352,,,654972.511,
AGO,2023,0.74384,68.2808,,,649421.859,
AGO,2024,0.74171,69.9229,,,,
ALB,1970,2.26886,8.2309,,,,
ALB,1971,2.21139,8.1826,,,,
ALB,1972,2.46014,9.1151,,,,
ALB,1973,2.15609,8.5954,,,,
ALB,1974,2.26784,8.866,,,,
ALB,1975,2.25554,9.0471,,,,
ALB,1976,2.35779,9.6587,,,,
ALB,1977,2.46703,10.2164,,,,
ALB,1978,2.65799,11.2403,,,,
ALB,1979,3.03182,12.3966,,,,
ALB,1980,3.0152,12.5783,,,,
ALB,1981,2.59448,11.6196,,,,
ALB,1982,2.6122,12.2644,,,,
ALB,1983,2.73995,13.1149,,,,
ALB,1984,2.90291,13.4289,,,,
ALB,1985,2.72336,12.9918,,,,
ALB,1986,2.69682,13.2164,,,,
ALB,1987,2.68932,13.5038,,,,
ALB,1988,2.60943,13.3992,,,,
ALB,1989,2.44927,13.3133,,,,
ALB,1990,2.02191,11.4984,22.96158,,7888.0,6.51731
ALB,1991,1.34064,9.0526,22.70311,,7868.5,
ALB,1992,0.7278,6.1714,22.4829,,7849.0,
ALB,1993,0.68875,6.2093,22.29713,,7829.5,
ALB,1994,0.73087,6.9073,22.14201,,7810.0,
ALB,1995,0.64942,6.5494,22.01373,,7790.5,
ALB,1996,0.64873,6.2824,21.95188,,7771.0,
ALB,1997,0.50205,5.5292,21.9776,,7751.5,
ALB,1998,0.61208,5.7889,22.05939,,7732.0,
ALB,1999,0.99296,6.9985,22.16575,,7712.5,
ALB,2000,1.04658,7.1977,22.26519,,7693.0,7.80516
ALB,2001,1.12399,7.3854,22.36601,,7705.77,
ALB,2002,1.31324,8.0069,22.48279,,7718.54,
ALB,2003,1.38557,8.1952,22.59345,,7731.31,
ALB,2004,1.45837,8.4033,22.67592,,7744.08,
ALB,2005,1.37769,7.9929,22.70813,,7756.85,
ALB,2006,1.3818,8.0377,22.51097,,7769.62,
ALB,2007,1.42962,7.9928,22.04123,,7782.39,
ALB,2008,1.42333,7.7801,21.48067,,7795.16,
ALB,2009,1.46322,7.7632,21.01104,5.26958,7807.93,
ALB,2010,1.56779,8.0715,20.81411,,7820.7,
ALB,2011,1.7213,8.5046,22.7999,,7834.935,
ALB,2012,1.5865,8.1772,20.96272,,7849.17,
ALB,2013,1.69346,8.4377,19.40753,,7863.405,
ALB,2014,1.83945,8.9188,19.36794,,7877.64,
ALB,2015,1.78509,8.7633,19.12156,,7891.875,9.1511
ALB,2016,1.6874,8.3754,17.60216,,7891.8,
ALB,2017,2.02444,9.1947,18.55524,,7889.025,
ALB,2018,2.04549,9.1911,19.04619,,7889.0,
ALB,2019,1.94096,8.6662,15.70471,,7889.0,
ALB,2020,1.80646,7.9972,15.707,,7889.0,
ALB,2021,2.05329,8.4963,,,7889.0,
ALB,2022,1.84526,7.6976,,,7889.0,
ALB,2023,1.74914,7.2612,,,7889.0,
ALB,2024,1.78522,7.1243,,,,
AND,1990,,,16.82719,,160.0,0.0
AND,1991,,,16.45787,,160.0,
AND,1992,,,16.14398,,160.0,
AND,1993,,,15.8874,,160.0,
AND,1994,,,15.69,,160.0,
AND,1995,,,15.55366,,160.0,
AND,1996,,,15.57228,,160.0,
AND,1997,,,15.76247,,160.0,
AND,1998,,,16.01014,,160.0,
AND,1999,,,16.20121,,160.0,
AND,2000,,,16.2216,,160.0,0.0
AND,2001,,,16.0399,,160.0,
AND,2002,,,15.7322,,160.0,
AND,2003,,,15.3457,,160.0,
AND,2004,,,14.92755,,160.0,
AND,2005,,,14.52493,,160.0,
AND,2006,,,14.05872,,160.0,
AND,2007,,,13.49524,,160.0,
AND,2008,,,12.94989,,160.0,
AND,2009,,,12.53806,,160.0,
AND,2010,,,12.37514,,160.0,
AND,2011,,,13.47329,,160.0,
AND,2012,,,12.25931,,160.0,
AND,2013,,,11.26986,,160.0,
AND,2014,,,10.436,,160.0,
AND,2015,,,11.10889,,160.0,0.0
AND,2016,,,10.10682,,160.0,
AND,2017,,,10.02192,,160.0,
AND,2018,,,9.89581,,160.0,
AND,2019,,,9.01087,,160.0,
AND,2020,,,9.08028,,160.0,
AND,2021,,,,,160.0,
AND,2022,,,,,160.0,
AND,2023,,,,,160.0,
ARE,1970,67.93143,29.7727,,,,
ARE,1971,75.90373,35.8184,,,,
ARE,1972,72.06855,39.4819,,,,
ARE,1973,82.13493,50.6874,,,,
ARE,1974,73.62841,52.2127,,,,
ARE,1975,67.56746,53.0812,,,,
ARE,1976,74.01123,64.3466,,,,
ARE,1977,64.59563,65.3928,,,,
ARE,1978,65.01061,70.9126,,,,
ARE,1979,41.53408,56.386,,,,
ARE,1980,40.50261,58.8186,,,,
ARE,1981,34.60047,53.928,,,,
ARE,1982,32.63544,51.9234,,,,
ARE,1983,29.78439,49.7993,,,,
ARE,1984,38.27056,63.0117,,,,
ARE,1985,37.60149,65.1475,,,,
ARE,1986,34.2338,65.1406,,,,
ARE,1987,33.07492,68.7301,,,,
ARE,1988,30.31845,68.1449,,,,
ARE,1989,31.81047,77.1332,,,,
ARE,1990,29.96892,79.5037,44.29661,,2450.0,32.15734
ARE,1991,32.25424,87.8872,44.20734,,2514.43,
ARE,1992,29.56519,87.4209,44.13279,,2578.86,
ARE,1993,29.66307,94.0529,44.07609,,2643.29,
ARE,1994,31.16952,98.9407,44.0404,,2707.72,
ARE,1995,31.79189,103.9845,44.02885,,2772.15,
ARE,1996,31.14102,109.0839,44.04472,,2836.58,
ARE,1997,29.92167,110.8693,44.08078,,2901.01,
ARE,1998,28.4428,111.9372,44.12444,,2965.44,
ARE,1999,27.29705,114.6886,44.16309,,3029.87,
ARE,2000,25.31988,117.226,44.18415,,3094.3,29.19625
ARE,2001,27.194,129.7435,44.18971,,3102.17,
ARE,2002,26.16198,131.3144,44.1861,,3110.04,
ARE,2003,25.95604,139.4106,44.16703,,3117.91,
ARE,2004,25.96987,146.0518,44.12622,,3125.78,
ARE,2005,26.25226,155.5192,44.05741,,3133.65,
ARE,2006,25.39322,162.325,43.83308,,3141.52,
ARE,2007,24.38276,172.8358,43.42096,,3149.39,
ARE,2008,26.06071,200.3914,42.95756,,3157.26,
ARE,2009,24.65118,201.4993,42.57941,,3165.13,
ARE,2010,25.03012,209.6933,42.42302,,3173.0,
ARE,2011,24.94986,217.382,46.48972,,3173.0,
ARE,2012,25.03032,226.7173,49.85857,,3173.0,
ARE,2013,25.35456,238.5775,43.67173,,3173.0,
ARE,2014,24.58158,242.0497,38.44447,,3173.0,
ARE,2015,24.32053,254.2073,48.34758,,3173.0,26.71982
ARE,2016,23.77485,262.1895,43.08197,,3173.0,
ARE,2017,22.16391,254.2672,44.24851,,3173.0,
ARE,2018,20.03758,238.7795,45.98791,,3173.0,
ARE,2019,20.94579,251.8938,41.95563,,3173.0,
ARE,2020,20.81411,249.749,36.3055,,3173.0,
ARE,2021,20.82693,255.3525,,,3173.0,
ARE,2022,19.37315,255.5927,,,3173.0,
ARE,2023,18.38048,254.3073,,,3173.0,
ARE,2024,18.25521,264.1484,,,,
ARG,1970,3.66943,219.2139,,,,
ARG,1971,3.62538,222.4566,,,,
ARG,1972,3.64247,229.4516,,,,
ARG,1973,3.70723,237.3425,,,,
ARG,1974,3.6656,237.6578,,,,
ARG,1975,3.51579,238.173,,,,
ARG,1976,3.63892,246.5947,,,,
ARG,1977,3.72899,257.1352,,,,
ARG,1978,3.63521,249.8252,,,,
ARG,1979,3.78397,255.6799,,,,
ARG,1980,3.63699,251.0559,,,,
ARG,1981,3.47276,245.2533,,,,
ARG,1982,3.39019,242.0253,,,,
ARG,1983,3.45311,248.1145,,,,
ARG,1984,3.37834,249.3411,,,,
ARG,1985,3.10724,240.9373,,,,
ARG,1986,3.30036,246.7415,,,,
ARG,1987,3.42908,250.8555,,,,
ARG,1988,3.49543,259.3266,,,,
ARG,1989,3.33998,258.5108,,,,
ARG,1990,3.05886,253.0652,18.96017,,352040.0,0.71882
ARG,1991,3.17788,256.9099,19.01303,,350214.0,
ARG,1992,3.19131,258.9147,19.0187,,348388.0,
ARG,1993,3.25852,260.7774,18.98318,,346562.0,
ARG,1994,3.31354,266.2993,18.91247,,344736.0,
ARG,1995,3.31577,269.1198,18.81257,,342910.0,
ARG,1996,3.56459,276.3738,18.63375,,341084.0,
ARG,1997,3.64279,281.2857,18.35561,,339258.0,
ARG,1998,3.79487,285.1707,18.02824,,337432.0,
ARG,1999,3.80302,291.7702,17.7017,,335606.0,
ARG,2000,3.67486,288.4453,17.42604,,333780.0,0.8865
ARG,2001,3.49042,285.5007,17.18387,,330616.0,
ARG,2002,3.26104,284.5413,16.92351,,327452.0,
ARG,2003,3.51849,305.8995,16.64357,,324288.0,
ARG,2004,3.8558,324.6533,16.34266,,321124.0,
ARG,2005,3.91743,329.3846,16.0194,,317960.0,
ARG,2006,4.10279,342.6815,15.58777,,314796.0,
ARG,2007,4.32534,354.3631,15.04273,,311632.0,
ARG,2008,4.43359,357.0159,14.50437,,308468.0,
ARG,2009,4.03429,333.4521,14.09276,0.16719,305304.0,
ARG,2010,4.29455,337.3105,13.92798,,302140.0,
ARG,2011,4.42922,343.8255,14.23893,,299906.0,
ARG,2012,4.47886,351.3252,13.35716,,297672.0,
ARG,2013,4.53659,360.0237,14.76437,,295438.0,
ARG,2014,4.41675,359.8127,13.95006,,293204.0,
ARG,2015,4.51259,366.0408,14.62455,,290970.0,1.02929
ARG,2016,4.4223,369.1827,14.27006,,290100.0,
ARG,2017,4.32103,372.6964,13.96902,,288990.0,
ARG,2018,4.25076,372.5105,14.18508,,287910.0,
ARG,2019,4.07504,369.602,14.39962,,286810.0,
ARG,2020,3.72003,354.1583,14.90817,,285730.0,
ARG,2021,4.0977,371.3182,,,284640.0,
ARG,2022,4.29531,383.5354,,,283550.0,
ARG,2023,4.1699,377.6745,,,282461.852,
ARG,2024,4.01067,374.3446,,,,
ARM,1970,4.07629,12.66,,,,
ARM,1971,4.00238,12.8212,,,,
ARM,1972,4.19878,13.627,,,,
ARM,1973,4.47006,14.6567,,,,
ARM,1974,4.71761,15.6765,,,,
ARM,1975,5.04217,16.9326,,,,
ARM,1976,5.04701,17.3687,,,,
ARM,1977,5.0668,17.9666,,,,
ARM,1978,5.09897,18.6535,,,,
ARM,1979,5.17853,19.3052,,,,
ARM,1980,5.47304,20.4243,,,,
ARM,1981,5.55578,20.8613,,,,
ARM,1982,5.67752,21.4443,,,,
ARM,1983,5.64392,21.5103,,,,
ARM,1984,5.62857,21.5551,,,,
ARM,1985,5.59233,21.613,,,,
ARM,1986,5.59167,21.8448,,,,
ARM,1987,5.5945,22.0969,,,,
ARM,1988,5.52185,22.026,,,,
ARM,1989,5.25904,21.634,,,,
ARM,1990,5.85004,24.3068,28.21729,,,0.0
ARM,1991,5.97627,24.8695,28.19886,,,
ARM,1992,3.07308,14.0199,28.16735,,3343.12,
ARM,1993,1.48127,7.6786,28.12459,,3341.03,
ARM,1994,0.83466,5.2809,28.07239,,3338.94,
ARM,1995,1.07063,5.9604,28.01257,,3336.85,
ARM,1996,0.79119,5.0012,27.92098,,3334.76,
ARM,1997,1.02837,5.7028,27.79285,,3332.67,
ARM,1998,1.08238,5.7266,27.65913,,3330.58,
ARM,1999,0.98011,5.3528,27.55075,,3328.49,
ARM,2000,1.10822,5.8625,27.49865,,3326.4,0.0
ARM,2001,1.13127,5.9984,27.48281,,3324.32,
ARM,2002,0.96925,5.5472,27.4848,,3322.24,
ARM,2003,1.09059,5.994,27.53789,,3320.16,
ARM,2004,1.18778,6.4779,27.67534,,3318.08,
ARM,2005,1.41835,7.22,27.93043,,3316.0,
ARM,2006,1.42167,7.1893,28.40406,,3313.92,
ARM,2007,1.65872,8.1344,29.22199,,3311.84,
ARM,2008,1.82971,8.6114,30.45476,,3309.76,
ARM,2009,1.46836,7.3396,32.17292,0.47823,3307.68,
ARM,2010,1.41195,7.0714,34.44702,,3305.6,
ARM,2011,1.61964,7.698,41.81073,,3303.52,
ARM,2012,1.87481,8.5676,43.28961,,3301.44,
ARM,2013,1.81764,8.6111,41.0505,,3299.36,
ARM,2014,1.91144,8.9685,38.63924,,3297.28,
ARM,2015,1.86953,8.8965,38.11486,,3295.2,0.0
ARM,2016,1.79624,8.7313,35.86091,,3293.1,
ARM,2017,1.90951,8.9353,34.01536,,3291.0,
ARM,2018,2.00458,9.0795,34.20137,,3288.9,
ARM,2019,2.16868,9.5603,32.66182,,3286.8,
ARM,2020,2.3348,10.2818,30.57963,,3284.7,
ARM,2021,2.51946,10.908,,,3282.6,
ARM,2022,2.61828,11.2215,,,3280.5,
ARM,2023,2.52967,10.726,,,3276.3,
ARM,2024,2.47028,10.7806,,,,
ASM,1970,0.0,0.0061,,,,
ASM,1971,0.0,0.0061,,,,
ASM,1972,0.0,0.0061,,,,
ASM,1973,0.0,0.0061,,,,
ASM,1974,0.0,0.0062,,,,
ASM,1975,0.0,0.0062,,,,
ASM,1976,0.0,0.0063,,,,
ASM,1977,0.0,0.0064,,,,
ASM,1978,0.0,0.0064,,,,
ASM,1979,0.0,0.0063,,,,
ASM,1980,0.0,0.0064,,,,
ASM,1981,0.00298,0.0065,,,,
ASM,1982,0.00286,0.0068,,,,
ASM,1983,0.00276,0.0071,,,,
ASM,1984,0.00265,0.0074,,,,
ASM,1985,0.00256,0.0076,,,,
ASM,1986,0.00246,0.0078,,,,
ASM,1987,0.00238,0.008,,,,
ASM,1988,0.00229,0.0082,,,,
ASM,1989,0.00221,0.0085,,,,
ASM,1990,0.00214,0.0073,6.43388,,180.7,7.33036
ASM,1991,0.00209,0.0074,6.40171,,180.36,
ASM,1992,0.00204,0.0075,6.37617,,180.02,
ASM,1993,0.00199,0.0076,6.35675,,179.68,
ASM,1994,0.00195,0.0077,6.34293,,179.34,
ASM,1995,0.00191,0.0077,6.3342,,179.0,
ASM,1996,0.00187,0.0078,6.38013,,178.66,
ASM,1997,0.00184,0.0079,6.49782,,178.32,
ASM,1998,0.00181,0.0079,6.63803,,177.98,
ASM,1999,0.00178,0.008,6.75152,,177.64,
ASM,2000,0.00176,0.0081,6.78903,,177.3,6.5538
ASM,2001,0.00175,0.0088,6.77038,,177.0,
ASM,2002,0.00175,0.0088,6.74784,,176.7,
ASM,2003,0.00176,0.0089,6.72088,,176.4,
ASM,2004,0.00176,0.0089,6.68896,,176.1,
ASM,2005,0.00177,0.0089,6.65156,,175.8,
ASM,2006,0.00177,0.0088,6.59952,,175.5,
ASM,2007,0.00178,0.0088,6.52276,,175.2,
ASM,2008,0.00179,0.0088,6.41933,,174.9,
ASM,2009,0.0018,0.0087,6.28732,0.00026,174.6,
ASM,2010,0.00181,0.0087,6.12479,,174.3,
ASM,2011,0.00182,0.0087,5.78713,,174.0,
ASM,2012,0.00184,0.0087,5.89952,,173.7,
ASM,2013,0.00185,0.0087,6.03648,,173.4,
ASM,2014,0.00187,0.0088,6.38148,,173.1,
ASM,2015,0.00189,0.0088,6.34588,,172.8,4.62737
ASM,2016,0.00191,0.0088,6.92969,,172.5,
ASM,2017,0.00194,0.0088,6.9234,,172.2,
ASM,2018,0.00196,0.0088,6.98175,,171.9,
ASM,2019,0.00199,0.0088,6.72853,,171.6,
ASM,2020,0.00201,0.0088,6.71515,,171.3,
ASM,2021,0.00203,0.0089,,,171.0,
ASM,2022,0.00207,0.0089,,,170.7,
ASM,2023,0.0021,0.0089,,,170.4,
ASM,2024,0.00214,0.0089,,,,
ATG,1970,1.59156,0.1587,,,,
ATG,1971,1.58507,0.1652,,,,
ATG,1972,1.93299,0.1862,,,,
ATG,1973,1.95829,0.1878,,,,
ATG,1974,1.7531,0.1738,,,,
ATG,1975,2.12879,0.1983,,,,
ATG,1976,1.93219,0.1864,,,,
ATG,1977,2.12959,0.2003,,,,
ATG,1978,2.12374,0.2053,,,,
ATG,1979,2.0926,0.2107,,,,
ATG,1980,2.0616,0.2141,,,,
ATG,1981,1.80314,0.1975,,,,
ATG,1982,2.28294,0.2314,,,,
ATG,1983,1.3198,0.168,,,,
ATG,1984,1.61216,0.1874,,,,
ATG,1985,1.62561,0.1916,,,,
ATG,1986,1.72693,0.1976,,,,
ATG,1987,2.29256,0.233,,,,
ATG,1988,2.48652,0.2446,,,,
ATG,1989,2.55981,0.2443,,,,
ATG,1990,2.60045,0.2466,19.28494,,101.1,13.84301
ATG,1991,2.59832,0.2483,19.07105,,100.44,
ATG,1992,2.57437,0.25,18.89063,,99.78,
ATG,1993,2.46543,0.2471,18.7488,,99.12,
ATG,1994,2.63453,0.2637,18.65065,,98.46,
ATG,1995,2.70132,0.2728,18.60129,,97.8,
ATG,1996,2.62455,0.2713,18.62777,,97.14,
ATG,1997,2.7205,0.2831,18.72129,,96.48,
ATG,1998,2.73297,0.2887,18.83313,,95.82,
ATG,1999,2.72174,0.2922,18.91459,,95.16,
ATG,2000,1.81146,0.2254,18.91695,,94.5,13.3913
ATG,2001,1.74315,0.2229,18.73728,,93.83,
ATG,2002,1.94854,0.2407,18.38213,,93.16,
ATG,2003,2.10184,0.2551,17.96707,,92.49,
ATG,2004,2.11385,0.2588,17.60766,,91.82,
ATG,2005,2.16679,0.2652,17.41946,,91.15,
ATG,2006,2.43412,0.2887,17.409,,90.48,
ATG,2007,2.62655,0.307,17.4721,,89.81,
ATG,2008,2.78729,0.3227,17.55823,,89.14,
ATG,2009,3.16847,0.3574,17.61686,,88.47,
ATG,2010,3.26887,0.3474,17.59747,,87.8,
ATG,2011,2.4649,0.2797,17.22855,,87.14,
ATG,2012,2.59913,0.294,17.56229,,86.48,
ATG,2013,2.95013,0.3274,18.06479,,85.82,
ATG,2014,3.15102,0.3477,18.15214,,85.16,
ATG,2015,3.25471,0.3593,19.79632,,84.5,12.19178
ATG,2016,3.50009,0.3842,19.92088,,83.8,
ATG,2017,3.06407,0.3461,19.01595,,83.2,
ATG,2018,3.15861,0.3557,18.9233,,82.5,
ATG,2019,3.74984,0.4099,19.05846,,81.8,
ATG,2020,3.54942,0.3931,19.69827,,81.2,
ATG,2021,3.58964,0.3991,,,80.533,
ATG,2022,3.69453,0.4112,,,79.911,
ATG,2023,3.68747,0.4151,,,79.259,
ATG,2024,3.79858,0.4269,,,,
AUS,1970,12.84832,315.6705,,,,
AUS,1971,12.55504,321.9529,,,,
AUS,1972,12.77025,334.109,,,,
AUS,1973,13.27616,341.3933,,,,
AUS,1974,13.63861,355.8628,,,,
AUS,1975,13.95747,365.188,,,,
AUS,1976,14.01698,368.2812,,,,
AUS,1977,14.79567,374.8117,,,,
AUS,1978,14.36865,365.7421,,,,
AUS,1979,14.61775,369.7497,,,,
AUS,1980,15.13281,376.8546,,,,
AUS,1981,14.96264,380.0961,,,,
AUS,1982,15.11954,388.588,,,,
AUS,1983,14.16508,376.0472,,,,
AUS,1984,14.3674,390.3264,,,,
AUS,1985,15.07053,403.3571,,,,
AUS,1986,14.88281,408.614,,,,
AUS,1987,15.34612,419.1159,,,,
AUS,1988,15.6293,429.7092,,,,
AUS,1989,16.30529,451.0103,,,,
AUS,1990,16.27383,460.6999,7.75572,,1338822.0,3.62445
AUS,1991,16.18469,463.5077,7.66991,,1336753.9,
AUS,1992,16.19793,465.5236,7.59467,,1334685.8,
AUS,1993,16.27628,470.0598,7.53123,,1332617.7,
AUS,1994,16.42123,474.1461,7.4808,,1330549.6,
AUS,1995,16.81178,482.2439,7.44459,,1328481.5,
AUS,1996,17.15676,495.3143,7.43197,,1326413.4,
AUS,1997,17.49854,508.1079,7.44168,,1324345.3,
AUS,1998,18.38608,529.1569,7.45897,,1322277.2,
AUS,1999,18.50551,535.8085,7.46913,,1320209.1,
AUS,2000,18.59789,545.7082,7.45743,,1318141.0,3.60544
AUS,2001,18.69953,555.247,7.38895,,1315873.0,
AUS,2002,18.90933,564.9523,7.26634,,1313605.0,
AUS,2003,18.66767,553.8086,7.1312,,1311337.0,
AUS,2004,19.16341,575.6458,7.02516,,1309069.0,
AUS,2005,19.0378,577.2283,6.98984,,1306801.0,
AUS,2006,19.07933,584.4288,7.04815,,1304533.0,
AUS,2007,19.23892,592.2353,7.1663,,1302265.0,
AUS,2008,19.02812,590.4227,7.30082,,1299997.0,
AUS,2009,18.91517,597.6317,7.40826,3.0471,1297729.0,
AUS,2010,18.85095,598.7525,7.44515,,1295461.0,
AUS,2011,18.48082,610.735,7.32071,,1302557.8,
AUS,2012,18.18345,614.8511,7.5328,,1309654.6,
AUS,2013,17.54324,604.925,7.43314,,1316751.4,
AUS,2014,16.88736,597.2003,7.3876,,1323848.2,
AUS,2015,16.82196,600.7502,7.18466,,1330945.0,3.60134
AUS,2016,16.89119,595.9681,7.2007,,1340372.0,
AUS,2017,16.72094,612.9425,7.42854,,1340174.0,
AUS,2018,16.394,608.0656,7.74122,,1340051.0,
AUS,2019,16.10071,605.154,9.33099,,1340051.0,
AUS,2020,15.30438,579.5474,8.25172,,1340051.0,
AUS,2021,14.97872,576.1891,,,1340051.0,
AUS,2022,14.5305,571.7808,,,1340051.0,
AUS,2023,14.15967,587.5131,,,1340051.0,
AUS,2024,14.09735,591.454,,,,
AUT,1970,7.09842,71.6009,,,,
AUT,1971,7.42223,74.7566,,,,
AUT,1972,7.67252,76.9596,,,,
AUT,1973,8.06639,80.7225,,,,
AUT,1974,7.72519,78.4843,,,,
AUT,1975,7.43891,75.9599,,,,
AUT,1976,8.15742,81.4133,,,,
AUT,1977,7.79583,78.8098,,,,
AUT,1978,8.05376,80.8222,,,,
AUT,1979,8.39071,83.5136,,,,
AUT,1980,8.14496,81.6391,,,,
AUT,1981,7.66689,77.9637,,,,
AUT,1982,7.3768,75.7946,,,,
AUT,1983,7.39079,75.668,,,,
AUT,1984,7.63025,78.1364,,,,
AUT,1985,7.82121,79.5205,,,,
AUT,1986,7.65662,77.9516,,,,
AUT,1987,7.72894,78.1098,,,,
AUT,1988,7.53386,76.9307,,,,
AUT,1989,7.50044,76.2162,,,,
AUT,1990,8.01839,80.1775,23.35875,,37756.7,0.0
AUT,1991,8.4466,84.4256,23.29103,,37819.17,
AUT,1992,7.71752,78.9586,23.14054,,37881.64,
AUT,1993,7.66127,78.9571,22.92229,,37944.11,
AUT,1994,7.69795,79.396,22.6513,,38006.58,
AUT,1995,8.05922,82.2786,22.3426,,38069.05,
AUT,1996,8.54079,86.2787,21.84105,,38131.52,
AUT,1997,8.47512,85.4906,21.09733,,38193.99,
AUT,1998,8.53657,85.6186,20.28517,,38256.46,
AUT,1999,8.28616,83.5582,19.57834,,38318.93,
AUT,2000,8.32479,83.6814,19.15057,,38381.4,0.0
AUT,2001,8.87461,88.5759,18.94707,,38406.46,
AUT,2002,9.05961,90.3629,18.77851,,38431.52,
AUT,2003,9.62507,95.1532,18.61693,,38456.58,
AUT,2004,9.74168,95.9343,18.43435,,38481.64,
AUT,2005,9.77338,96.4267,18.20279,,38506.7,
AUT,2006,9.46609,93.9886,17.80247,,38531.76,
AUT,2007,9.09435,91.0048,17.23162,,38556.82,
AUT,2008,9.04182,90.5976,16.63932,,38581.88,
AUT,2009,8.15745,82.997,16.17462,0.03815,38606.94,
AUT,2010,8.82413,89.121,15.98659,,38632.0,
AUT,2011,8.60227,87.33,16.36763,,38667.98,
AUT,2012,8.18752,83.9774,14.7199,,38703.96,
AUT,2013,8.20876,84.4903,14.65995,,38739.94,
AUT,2014,7.71395,80.8206,12.95415,,38775.92,
AUT,2015,7.79423,82.2617,13.59996,,38811.9,0.0
AUT,2016,7.75748,82.7008,12.51438,,38847.9,
AUT,2017,7.96642,84.8577,12.15576,,38883.8,
AUT,2018,7.60711,81.7926,12.58619,,38919.7,
AUT,2019,7.74519,83.1342,11.46459,,38870.0,
AUT,2020,7.05587,76.9727,10.93351,,38898.2,
AUT,2021,7.39224,80.0781,,,38926.4,
AUT,2022,6.92858,76.0792,,,38954.5,
AUT,2023,6.4036,71.5963,,,38982.667,
AUT,2024,6.32278,70.9999,,,,
AZE,1970,4.66989,32.5408,,,,
AZE,1971,4.57617,32.882,,,,
AZE,1972,4.78471,34.7273,,,,
AZE,1973,5.0913,37.1417,,,,
AZE,1974,5.39002,39.5947,,,,
AZE,1975,5.74003,42.3611,,,,
AZE,1976,5.82306,43.4772,,,,
AZE,1977,5.93712,44.8043,,,,
AZE,1978,6.15952,46.9284,,,,
AZE,1979,6.29582,48.4806,,,,
AZE,1980,6.53768,50.6469,,,,
AZE,1981,6.63045,51.8958,,,,
AZE,1982,6.6489,52.7774,,,,
AZE,1983,6.67672,53.8061,,,,
AZE,1984,6.68566,54.7314,,,,
AZE,1985,6.6918,55.5772,,,,
AZE,1986,6.72196,56.646,,,,
AZE,1987,6.76063,57.7219,,,,
AZE,1988,6.64914,57.5334,,,,
AZE,1989,6.57206,57.6074,,,,
AZE,1990,7.822,67.6734,19.37142,,,0.0
AZE,1991,7.54118,65.8633,19.89086,,,
AZE,1992,6.08252,55.3292,20.31037,,9532.36,
AZE,1993,5.25498,49.0153,20.6245,,9574.84,
AZE,1994,4.54313,43.4983,20.82778,,9617.32,
AZE,1995,4.40867,42.6711,20.91474,,9659.8,
AZE,1996,3.65864,37.269,20.83948,,9702.28,
AZE,1997,3.49828,36.5552,20.61093,,9744.76,
AZE,1998,3.45975,36.9846,20.30587,,9787.24,
AZE,1999,3.4315,37.9616,20.00107,,9829.72,
AZE,2000,3.57759,39.6878,19.77334,,9872.2,0.0
AZE,2001,3.41714,39.0277,19.59448,,9917.475,
AZE,2002,3.36351,38.8745,19.4107,,9962.749,
AZE,2003,3.61612,41.6901,19.26035,,10008.024,
AZE,2004,3.55157,41.6654,19.18176,,10053.298,
AZE,2005,3.72019,44.5394,19.2133,,10098.573,
AZE,2006,3.76443,46.2181,19.43436,,10143.848,
AZE,2007,3.37022,46.6283,19.91348,,10189.122,
AZE,2008,3.6779,51.1419,20.67276,,10234.397,
AZE,2009,3.12751,45.5049,21.7343,1.10557,10279.671,
AZE,2010,2.94182,44.485,23.12018,,10324.946,
AZE,2011,3.21257,46.9238,27.42811,,10415.731,
AZE,2012,3.47266,50.0286,29.18059,,10506.515,
AZE,2013,3.52687,51.2625,28.23398,,10597.3,
AZE,2014,3.64178,53.0942,26.41921,,10688.085,
AZE,2015,3.57775,52.9715,25.18672,,10778.87,0.0
AZE,2016,3.52697,52.6987,24.3528,,10874.752,
AZE,2017,3.4733,52.4259,23.24219,,10971.848,
AZE,2018,3.49731,53.1365,23.23609,,11087.15,
AZE,2019,3.68923,55.9433,22.02383,,11202.4,
AZE,2020,3.508,54.3338,21.727,,11317.7,
AZE,2021,3.69157,56.5961,,,11432.967,
AZE,2022,3.91289,59.2363,,,11548.256,
AZE,2023,4.11128,60.9918,,,11663.53,
AZE,2024,3.81144,58.2798,,,,
BDI,1970,0.01651,2.1208,,,,
BDI,1971,0.01614,2.1156,,,,
BDI,1972,0.01609,2.2127,,,,
BDI,1973,0.01661,2.2665,,,,
BDI,1974,0.01733,2.2883,,,,
BDI,1975,0.01752,2.3712,,,,
BDI,1976,0.01772,2.3848,,,,
BDI,1977,0.01785,2.3961,,,,
BDI,1978,0.01763,2.4285,,,,
BDI,1979,0.01958,2.5046,,,,
BDI,1980,0.01852,2.2636,,,,
BDI,1981,0.01936,2.0636,,,,
BDI,1982,0.01574,2.1081,,,,
BDI,1983,0.01868,2.149,,,,
BDI,1984,0.0216,2.2279,,,,
BDI,1985,0.02114,2.1819,,,,
BDI,1986,0.02176,2.3676,,,,
BDI,1987,0.03091,2.3998,,,,
BDI,1988,0.04281,2.5369,,,,
BDI,1989,0.04457,2.5708,,,,
BDI,1990,0.03594,3.0465,29.42271,,2764.8,0.0
BDI,1991,0.04991,3.1795,29.52994,,2682.26,
BDI,1992,0.03818,3.134,29.63586,,2599.72,
BDI,1993,0.04383,3.1875,29.733,,2517.18,
BDI,1994,0.0451,3.1625,29.8139,,2434.64,
BDI,1995,0.04185,3.2863,29.8711,,2352.1,
BDI,1996,0.04487,3.3931,29.95202,,2269.56,
BDI,1997,0.04456,3.4458,30.0826,,2187.02,
BDI,1998,0.04634,3.4264,30.22314,,2104.48,
BDI,1999,0.04718,2.9863,30.33395,,2021.94,
BDI,2000,0.04521,3.0518,30.37534,,1939.4,0.0
BDI,2001,0.03554,3.0341,30.26047,,1939.4,
BDI,2002,0.03263,3.003,29.99535,,1939.4,
BDI,2003,0.02628,3.0436,29.67953,,1939.4,
BDI,2004,0.02997,3.1954,29.41253,,1939.4,
BDI,2005,0.02425,3.3102,29.29392,,1939.4,
BDI,2006,0.02929,3.5149,29.28783,,1939.4,
BDI,2007,0.04568,3.7863,29.29505,,1939.4,
BDI,2008,0.02595,3.7713,29.32012,,1939.4,
BDI,2009,0.02486,4.0097,29.36758,2.37741,1939.4,
BDI,2010,0.03412,4.3631,29.44196,,1939.4,
BDI,2011,0.04275,4.6339,30.46917,,2110.8,
BDI,2012,0.03965,4.6311,30.61461,,2282.2,
BDI,2013,0.04332,5.7505,29.75133,,2453.6,
BDI,2014,0.03755,5.7038,31.21352,,2625.0,
BDI,2015,0.03938,5.6912,30.12075,,2796.4,0.0
BDI,2016,0.04323,6.0259,30.76306,,2796.4,
BDI,2017,0.04748,6.7135,29.30397,,2796.4,
BDI,2018,0.06548,7.0173,28.3385,,2796.4,
BDI,2019,0.06244,6.7574,28.77474,,2796.4,
BDI,2020,0.07338,6.7617,29.65413,,2796.4,
BDI,2021,0.06921,7.9047,,,2796.4,
BDI,2022,0.06982,7.7099,,,2796.4,
BDI,2023,0.06936,8.1872,,,2796.4,
BDI,2024,0.06896,8.4217,,,,
BEL,1970,14.45062,167.27,,,,
BEL,1971,13.3783,157.6727,,,,
BEL,1972,14.52139,169.1694,,,,
BEL,1973,15.02987,174.9869,,,,
BEL,1974,14.8631,175.3104,,,,
BEL,1975,13.05628,155.8749,,,,
BEL,1976,14.01525,165.279,,,,
BEL,1977,13.73532,163.9739,,,,
BEL,1978,14.17218,168.2353,,,,
BEL,1979,15.09801,177.5402,,,,
BEL,1980,13.97578,166.8538,,,,
BEL,1981,12.76822,155.2083,,,,
BEL,1982,11.98614,146.8963,,,,
BEL,1983,11.00422,137.5962,,,,
BEL,1984,11.28803,141.699,,,,
BEL,1985,11.03821,139.1484,,,,
BEL,1986,11.0915,138.854,,,,
BEL,1987,11.09268,137.9373,,,,
BEL,1988,11.28496,138.3293,,,,
BEL,1989,11.35222,139.198,,,,
BEL,1990,11.61947,140.5728,23.1429,,,5.24643
BEL,1991,11.96806,144.6316,22.97207,,,
BEL,1992,11.70868,142.3645,22.75376,,,
BEL,1993,11.473,140.4153,22.4949,,,
BEL,1994,12.06363,147.6957,22.20243,,,
BEL,1995,12.06557,148.7071,21.88331,,,
BEL,1996,12.5344,154.2449,21.47911,,,
BEL,1997,12.2129,150.6861,20.97112,,,
BEL,1998,12.47755,154.4092,20.42588,,,
BEL,1999,12.02495,150.4799,19.9099,,,
BEL,2000,12.18366,151.9066,19.4897,,6673.0,5.40095
BEL,2001,12.22521,152.1583,19.07774,,6695.57,
BEL,2002,11.46767,144.5246,18.59227,,6718.14,
BEL,2003,11.8899,148.3047,18.1085,,6740.71,
BEL,2004,11.70497,147.1197,17.70164,,6763.28,
BEL,2005,11.35721,143.9155,17.44688,,6785.85,
BEL,2006,11.00472,140.4689,17.33061,,6808.42,
BEL,2007,10.62647,137.895,17.2635,,6830.99,
BEL,2008,10.6676,139.5855,17.20721,,6853.56,
BEL,2009,9.93765,132.0522,17.12339,0.00169,6876.13,
BEL,2010,10.54584,140.495,16.97371,,6898.7,
BEL,2011,9.4666,129.905,16.36627,,6897.56,
BEL,2012,9.27477,128.0589,15.21501,,6896.42,
BEL,2013,9.35171,129.2315,14.36979,,6895.28,
BEL,2014,8.72331,122.512,12.90036,,6894.14,
BEL,2015,9.08415,127.1924,13.33904,,6893.0,5.48301
BEL,2016,8.9443,126.1031,12.3939,,6893.0,
BEL,2017,8.77081,124.0806,12.76916,,6893.0,
BEL,2018,8.79129,124.6967,12.49259,,6893.0,
BEL,2019,8.73128,124.3926,11.21438,,6893.0,
BEL,2020,7.96694,115.6721,11.21607,,6893.0,
BEL,2021,8.28757,119.5214,,,6893.0,
BEL,2022,7.67766,111.9884,,,6893.0,
BEL,2023,7.27763,107.2263,,,6893.0,
BEL,2024,7.30662,107.824,,,,
BEN,1970,0.15021,2.5176,,,,
BEN,1971,0.11564,2.4564,,,,
BEN,1972,0.14419,2.6622,,,,
BEN,1973,0.14539,2.8037,,,,
BEN,1974,0.14569,2.7795,,,,
BEN,1975,0.15952,2.9656,,,,
BEN,1976,0.10387,2.8281,,,,
BEN,1977,0.11816,2.9466,,,,
BEN,1978,0.12239,3.0421,,,,
BEN,1979,0.13372,3.1623,,,,
BEN,1980,0.13668,3.3199,,,,
BEN,1981,0.11049,3.5124,,,,
BEN,1982,0.12457,3.7425,,,,
BEN,1983,0.1194,3.6762,,,,
BEN,1984,0.11911,3.7661,,,,
BEN,1985,0.13616,3.9839,,,,
BEN,1986,0.11851,3.7203,,,,
BEN,1987,0.10449,3.6962,,,,
BEN,1988,0.0918,3.6634,,,,
BEN,1989,0.07853,3.6601,,,,
BEN,1990,0.07547,3.8389,56.7497,,48351.5,8.86795
BEN,1991,0.06435,3.9304,54.11957,,47651.5,
BEN,1992,0.06778,4.0352,52.23445,,46951.5,
BEN,1993,0.06563,4.056,51.00211,,46251.5,
BEN,1994,0.06432,4.3888,50.33031,,45551.5,
BEN,1995,0.06401,4.1692,50.12679,,44851.5,
BEN,1996,0.16835,5.1115,51.21553,,44151.5,
BEN,1997,0.20731,5.3911,53.81192,,43451.5,
BEN,1998,0.19376,5.4083,56.91085,,42751.5,
BEN,1999,0.20585,5.7547,59.50724,,42051.5,
BEN,2000,0.21409,5.9745,60.59596,,41351.5,7.95812
BEN,2001,0.24945,6.5055,58.95971,,40851.5,
BEN,2002,0.27919,6.9554,55.05375,,40351.5,
BEN,2003,0.3033,7.3192,50.38185,,39851.5,
BEN,2004,0.31356,7.6368,46.44775,,39351.5,
BEN,2005,0.33248,8.0821,44.75524,,38851.5,
BEN,2006,0.44392,9.3406,44.70142,,38351.5,
BEN,2007,0.49125,10.0519,44.68215,,37851.5,
BEN,2008,0.47312,10.1634,44.69922,,37351.5,
BEN,2009,0.49262,10.6888,44.75446,0.85827,36851.5,
BEN,2010,0.51865,11.5488,44.84968,,36351.5,
BEN,2011,0.49151,11.644,47.39276,,35851.5,
BEN,2012,0.45442,11.5913,51.56282,,35351.5,
BEN,2013,0.46417,12.3137,42.08813,,34851.5,
BEN,2014,0.495,12.9415,42.01126,,34351.5,
BEN,2015,0.51145,13.4996,66.65613,,33851.5,7.25427
BEN,2016,0.61099,15.175,59.47934,,33351.5,
BEN,2017,0.60171,15.52,58.38796,,32851.5,
BEN,2018,0.6663,16.9306,54.05627,,32351.5,
BEN,2019,0.63987,17.1381,46.56253,,31851.5,
BEN,2020,0.66609,17.6643,51.04782,,31351.5,
BEN,2021,0.50298,16.1853,,,30851.5,
BEN,2022,0.51306,17.0531,,,30351.5,
BEN,2023,0.48843,17.3539,,,29851.5,
BEN,2024,0.48733,17.7671,,,,
BFA,1970,0.04041,6.3086,,,,
BFA,1971,0.03975,6.3415,,,,
BFA,1972,0.03893,6.0052,,,,
BFA,1973,0.03951,5.7152,,,,
BFA,1974,0.04173,5.8736,,,,
BFA,1975,0.04247,6.0383,,,,
BFA,1976,0.04307,6.2096,,,,
BFA,1977,0.04351,6.3738,,,,
BFA,1978,0.04315,6.6135,,,,
BFA,1979,0.0483,6.9162,,,,
BFA,1980,0.04622,7.1198,,,,
BFA,1981,0.04316,7.4129,,,,
BFA,1982,0.03917,7.799,,,,
BFA,1983,0.04157,8.0543,,,,
BFA,1984,0.03911,8.2607,,,,
BFA,1985,0.03676,9.1837,,,,
BFA,1986,0.04351,9.5374,,,,
BFA,1987,0.06008,9.9016,,,,
BFA,1988,0.05738,10.2027,,,,
BFA,1989,0.04631,10.4437,,,,
BFA,1990,0.03573,11.3067,57.09764,,77166.0,0.0
BFA,1991,0.04923,11.8977,55.12356,,76665.9,
BFA,1992,0.04102,12.022,53.80648,,76165.8,
BFA,1993,0.04194,12.3144,53.021,,75665.7,
BFA,1994,0.04457,12.7061,52.64168,,75165.6,
BFA,1995,0.04464,13.1283,52.54312,,74665.5,
BFA,1996,0.04815,13.5433,53.56412,,74165.4,
BFA,1997,0.07446,14.0362,55.99939,,73665.3,
BFA,1998,0.06868,14.4569,58.90737,,73165.2,
BFA,1999,0.06981,13.842,61.34646,,72665.1,
BFA,2000,0.07317,14.181,62.37508,,72165.0,0.0
BFA,2001,0.08298,15.8529,62.33796,,71665.0,
BFA,2002,0.08539,16.2408,62.22401,,71165.0,
BFA,2003,0.0922,19.5486,62.05791,,70665.0,
BFA,2004,0.07919,19.8093,61.86432,,70165.0,
BFA,2005,0.0817,20.4767,61.66794,,69665.0,
BFA,2006,0.07999,20.9532,61.43723,,69165.0,
BFA,2007,0.11031,21.8231,61.09446,,68665.0,
BFA,2008,0.12454,22.9702,60.59497,,68165.0,
BFA,2009,0.11726,23.4755,59.89412,1.25004,67665.0,
BFA,2010,0.12131,24.3236,58.94725,,67165.0,
BFA,2011,0.13306,24.9905,55.57161,,66664.8,
BFA,2012,0.15033,25.9545,61.7629,,66164.6,
BFA,2013,0.17182,26.9705,48.60569,,65664.4,
BFA,2014,0.15106,27.2923,49.91956,,65164.2,
BFA,2015,0.20962,29.01,71.87324,,64664.0,0.0
BFA,2016,0.20333,29.8729,66.09171,,64164.0,
BFA,2017,0.22825,31.0,60.31007,,63664.0,
BFA,2018,0.2648,32.6026,58.10361,,63164.0,
BFA,2019,0.27189,33.7747,50.70572,,62664.0,
BFA,2020,0.26543,30.1952,58.47068,,62164.0,
BFA,2021,0.29266,35.4369,,,61664.0,
BFA,2022,0.28826,35.7426,,,61164.0,
BFA,2023,0.27203,34.5921,,,60664.0,
BFA,2024,0.27499,34.9177,,,,
BGD,1970,0.04835,51.0048,,,,
BGD,1971,0.04761,49.7911,,,,
BGD,1972,0.04844,50.5363,,,,
BGD,1973,0.0556,51.0162,,,,
BGD,1974,0.05691,51.5092,,,,
BGD,1975,0.06645,54.3687,,,,
BGD,1976,0.06952,55.1951,,,,
BGD,1977,0.07058,56.8076,,,,
BGD,1978,0.07388,60.9162,,,,
BGD,1979,0.0804,63.5508,,,,
BGD,1980,0.08769,56.7762,,,,
BGD,1981,0.08635,57.7314,,,,
BGD,1982,0.09078,59.782,,,,
BGD,1983,0.09506,60.1229,,,,
BGD,1984,0.08968,61.3368,,,,
BGD,1985,0.09772,63.6398,,,,
BGD,1986,0.10507,66.1734,,,,
BGD,1987,0.11329,67.7643,,,,
BGD,1988,0.11884,69.9492,,,,
BGD,1989,0.12866,73.3563,,,,
BGD,1990,0.13228,74.8745,53.17898,,19203.3,10.27423
BGD,1991,0.12364,74.9862,52.97962,,19203.298,
BGD,1992,0.13569,77.6491,52.82397,,19203.296,
BGD,1993,0.14351,79.4148,52.71134,,19203.294,
BGD,1994,0.14958,82.3395,52.64105,,19203.292,
BGD,1995,0.17764,88.4602,52.61242,,19203.29,
BGD,1996,0.17689,89.9718,52.63501,,19203.289,
BGD,1997,0.18835,92.5166,52.7136,,19203.287,
BGD,1998,0.18886,93.6163,52.8404,,19203.285,
BGD,1999,0.1978,98.3036,53.00758,,19203.283,
BGD,2000,0.20051,100.3526,53.20733,,19203.281,9.4185
BGD,2001,0.23854,106.9523,53.53716,,19171.295,
BGD,2002,0.2472,110.0243,53.99899,,19139.309,
BGD,2003,0.25529,112.9936,54.44166,,19107.323,
BGD,2004,0.26529,115.5867,54.71398,,19075.337,
BGD,2005,0.27905,119.6731,54.66479,,19043.351,
BGD,2006,0.29707,124.1989,53.19755,,19011.365,
BGD,2007,0.31231,128.7306,50.07524,,18979.379,
BGD,2008,0.3434,135.7709,46.43595,,18947.393,
BGD,2009,0.3654,140.7133,43.41778,4.58469,18915.406,
BGD,2010,0.39927,148.3306,42.15882,,18883.42,
BGD,2011,0.4252,153.3106,52.29511,,18873.536,
BGD,2012,0.45058,158.7052,65.16384,,18863.652,
BGD,2013,0.46048,161.7984,64.37589,,18853.768,
BGD,2014,0.48526,168.312,68.32836,,18843.884,
BGD,2015,0.5361,177.4623,64.10843,,18834.0,8.38184
BGD,2016,0.58448,186.2098,63.67841,,18834.0,
BGD,2017,0.623,195.4506,58.34398,,18834.0,
BGD,2018,0.64323,200.539,59.51358,,18834.0,
BGD,2019,0.66291,205.7444,50.36453,,18834.0,
BGD,2020,0.62612,202.7429,42.38138,,18834.0,
BGD,2021,0.70243,219.365,,,18834.0,
BGD,2022,0.71356,222.9794,,,18834.0,
BGD,2023,0.69395,215.8337,,,18834.0,
BGD,2024,0.71554,220.8267,,,,
BGR,1970,8.13532,89.3191,,,,
BGR,1971,8.08339,89.8646,,,,
BGR,1972,8.31542,92.778,,,,
BGR,1973,8.38596,93.8973,,,,
BGR,1974,8.43012,94.7854,,,,
BGR,1975,8.97508,101.2826,,,,
BGR,1976,9.03624,102.1283,,,,
BGR,1977,9.33094,105.0979,,,,
BGR,1978,10.00793,111.2542,,,,
BGR,1979,10.36574,115.2135,,,,
BGR,1980,10.6763,118.7173,,,,
BGR,1981,10.20366,115.1066,,,,
BGR,1982,10.38349,117.143,,,,
BGR,1983,10.25237,116.0442,,,,
BGR,1984,10.05665,114.0234,,,,
BGR,1985,10.29853,115.4923,,,,
BGR,1986,10.4238,116.52,,,,
BGR,1987,10.44624,116.5893,,,,
BGR,1988,10.33906,115.8797,,,,
BGR,1989,10.3305,113.9697,,,,
BGR,1990,9.18234,100.7546,27.26249,,33270.0,1.15901
BGR,1991,7.52065,83.4942,26.85663,,33318.0,
BGR,1992,7.26264,78.7045,26.48459,,33366.0,
BGR,1993,7.41643,77.435,26.14319,,33414.0,
BGR,1994,7.10858,73.8981,25.82926,,33462.0,
BGR,1995,7.30039,74.8197,25.53961,,33510.0,
BGR,1996,7.37294,75.4201,25.29157,,33558.0,
BGR,1997,7.13749,72.5202,25.10906,,33606.0,
BGR,1998,6.88583,69.566,24.99886,,33654.0,
BGR,1999,6.10426,62.5067,24.96774,,33702.0,
BGR,2000,5.8968,60.8646,25.02249,,33750.0,1.22765
BGR,2001,6.29581,62.85,25.1479,,34112.0,
BGR,2002,6.0733,59.5613,25.3024,,34474.0,
BGR,2003,6.87597,65.6969,25.45324,,34836.0,
BGR,2004,6.66897,64.0625,25.56768,,35198.0,
BGR,2005,6.85347,64.9774,25.61297,,35560.0,
BGR,2006,7.10899,66.2519,25.33393,,35922.0,
BGR,2007,7.63903,70.0342,24.66879,,36284.0,
BGR,2008,7.28226,66.9248,23.87499,,36646.0,
BGR,2009,6.25112,58.6641,23.20994,0.00855,37008.0,
BGR,2010,6.69444,61.6397,22.93105,,37370.0,
BGR,2011,7.45533,67.3019,26.19141,,37562.0,
BGR,2012,6.83237,62.4353,23.08638,,37754.0,
BGR,2013,6.20838,57.0464,21.49005,,37946.0,
BGR,2014,6.68898,60.5257,21.99215,,38138.0,
BGR,2015,7.13854,62.7186,20.79369,,38330.0,1.33968
BGR,2016,6.83626,60.3089,19.97917,,38410.0,
BGR,2017,7.24384,62.5683,20.03379,,38540.0,
BGR,2018,6.90134,59.3596,19.71598,,38670.0,
BGR,2019,6.7459,57.7936,17.53803,,38800.0,
BGR,2020,6.01693,52.5825,17.14742,,38930.0,
BGR,2021,7.04917,59.1719,,,39060.0,
BGR,2022,7.6477,62.7432,,,39190.0,
BGR,2023,5.7349,49.6647,,,39320.0,
BGR,2024,5.3076,46.6766,,,,
BHR,1970,14.32416,18.6597,,,,
BHR,1971,14.03744,18.8209,,,,
BHR,1972,15.80749,19.6763,,,,
BHR,1973,18.66481,20.9617,,,,
BHR,1974,20.71529,22.4791,,,,
BHR,1975,20.27623,20.2109,,,,
BHR,1976,20.85086,21.143,,,,
BHR,1977,21.83791,24.0993,,,,
BHR,1978,21.99692,23.8763,,,,
BHR,1979,22.37019,24.6922,,,,
BHR,1980,21.68657,24.5522,,,,
BHR,1981,22.26845,24.7298,,,,
BHR,1982,22.61133,24.8548,,,,
BHR,1983,22.65196,24.55,,,,
BHR,1984,22.36953,24.6897,,,,
BHR,1985,22.41831,25.3407,,,,
BHR,1986,24.57886,27.7146,,,,
BHR,1987,23.16346,27.1125,,,,
BHR,1988,23.5764,28.0994,,,,
BHR,1989,22.96376,28.3324,,,,
BHR,1990,23.30433,29.0665,68.58691,,2.2,32.95057
BHR,1991,22.99822,28.616,67.14327,,2.35,
BHR,1992,26.36284,32.8274,66.02412,,2.5,
BHR,1993,27.77651,34.931,65.22661,,2.65,
BHR,1994,27.55426,34.8773,64.74789,,2.8,
BHR,1995,27.2746,34.7385,64.58508,,2.95,
BHR,1996,27.52618,36.0576,64.84243,,3.1,
BHR,1997,27.60004,33.4516,65.52672,,3.25,
BHR,1998,28.49422,34.9714,66.48895,,3.4,
BHR,1999,27.90049,37.0287,67.58009,,3.55,
BHR,2000,27.87328,37.5865,68.65114,,3.7,33.45432
BHR,2001,27.82709,38.6097,70.05969,,3.85,
BHR,2002,27.05907,38.113,71.95596,,4.0,
BHR,2003,26.0244,37.7597,73.87991,,4.15,
BHR,2004,24.18309,37.6949,75.37149,,4.3,
BHR,2005,26.29345,41.1523,75.97065,,4.45,
BHR,2006,26.49767,42.7697,74.65281,,4.6,
BHR,2007,24.87446,43.8799,71.51084,,4.75,
BHR,2008,25.07395,47.3692,67.76087,,4.9,
BHR,2009,23.46847,47.9522,64.61906,,5.05,
BHR,2010,23.47114,48.2942,63.30153,,5.2,
BHR,2011,24.27031,48.6625,66.72733,,5.36,
BHR,2012,24.99363,52.4256,70.06067,,5.52,
BHR,2013,25.63919,56.9949,68.1447,,5.68,
BHR,2014,25.32395,58.8157,59.14997,,5.84,
BHR,2015,24.42426,59.0053,71.5595,,6.0,32.9847
BHR,2016,23.49968,59.2395,64.2193,,6.2,
BHR,2017,22.48467,59.0759,61.23749,,6.4,
BHR,2018,22.50163,59.1288,71.88723,,6.6,
BHR,2019,24.83387,63.0372,59.96552,,6.8,
BHR,2020,25.02384,63.2463,58.49506,,7.0,
BHR,2021,24.83294,63.5062,,,7.2,
BHR,2022,25.46788,64.9134,,,7.4,
BHR,2023,24.53237,64.9022,,,7.6,
BHR,2024,23.89999,64.4222,,,,
BHS,1970,7.79157,1.5597,,,,
BHS,1971,7.67014,1.5943,,,,
BHS,1972,8.80212,1.8595,,,,
BHS,1973,8.55666,1.856,,,,
BHS,1974,7.31317,1.6383,,,,
BHS,1975,7.32302,1.6794,,,,
BHS,1976,6.32491,1.5033,,,,
BHS,1977,6.87407,1.6578,,,,
BHS,1978,6.82737,1.682,,,,
BHS,1979,6.89655,1.7313,,,,
BHS,1980,6.64958,1.7097,,,,
BHS,1981,5.74734,1.5287,,,,
BHS,1982,4.63481,1.2869,,,,
BHS,1983,3.35761,0.994,,,,
BHS,1984,3.23913,0.9846,,,,
BHS,1985,2.8216,0.8965,,,,
BHS,1986,2.90445,0.9363,,,,
BHS,1987,3.37336,1.0782,,,,
BHS,1988,3.3879,1.1028,,,,
BHS,1989,3.89855,1.2646,,,,
BHS,1990,3.93738,1.3072,19.10153,,5098.6,11.7147
BHS,1991,3.49694,1.2021,18.98824,,5098.6,
BHS,1992,2.96125,1.0671,18.90532,,5098.6,
BHS,1993,2.98724,1.0946,18.85284,,5098.6,
BHS,1994,3.25386,1.1947,18.83085,,5098.6,
BHS,1995,3.70064,1.3566,18.83941,,5098.6,
BHS,1996,4.06572,1.4964,18.93754,,5098.6,
BHS,1997,4.03887,1.5108,19.13473,,5098.6,
BHS,1998,4.57466,1.7118,19.35673,,5098.6,
BHS,1999,4.05646,1.5627,19.52926,,5098.6,
BHS,2000,3.07965,1.2584,19.57807,,5098.6,11.95543
BHS,2001,3.02804,1.2591,19.41659,,5098.6,
BHS,2002,3.27761,1.3599,19.07531,,5098.6,
BHS,2003,2.41227,1.0811,18.6555,,5098.6,
BHS,2004,2.57224,1.1552,18.25843,,5098.6,
BHS,2005,2.50252,1.1453,17.98537,,5098.6,
BHS,2006,3.14431,1.3886,17.81437,,5098.6,
BHS,2007,3.71829,1.6169,17.66274,,5098.6,
BHS,2008,3.80208,1.6691,17.54068,,5098.6,
BHS,2009,3.12119,1.4365,17.45838,,5098.6,
BHS,2010,3.49137,1.5928,17.42602,,5098.6,
BHS,2011,2.29791,1.1705,17.64186,,5098.6,
BHS,2012,2.70888,1.3375,18.03582,,5098.6,
BHS,2013,2.87925,1.4201,17.72112,,5098.6,
BHS,2014,2.97229,1.4666,18.53875,,5098.6,
BHS,2015,2.90752,1.4539,19.12563,,5098.6,12.85714
BHS,2016,3.2096,1.5846,18.49778,,5098.6,
BHS,2017,3.51819,1.7216,18.36125,,5098.6,
BHS,2018,3.08263,1.5539,18.57968,,5098.6,
BHS,2019,3.67518,1.8064,18.56595,,5098.6,
BHS,2020,2.9639,1.5307,18.93939,,5098.6,
BHS,2021,3.65514,1.8152,,,5098.6,
BHS,2022,3.53551,1.78,,,5098.6,
BHS,2023,3.52944,1.7891,,,5098.6,
BHS,2024,3.63634,1.8439,,,,
BIH,1970,2.97881,16.1335,,,,
BIH,1971,2.96022,16.4877,,,,
BIH,1972,2.8809,16.1204,,,,
BIH,1973,3.10909,17.341,,,,
BIH,1974,3.32859,18.7415,,,,
BIH,1975,3.36376,19.2993,,,,
BIH,1976,3.30411,19.2881,,,,
BIH,1977,3.44831,19.8649,,,,
BIH,1978,3.58461,20.6634,,,,
BIH,1979,3.67739,21.3944,,,,
BIH,1980,3.51789,20.7964,,,,
BIH,1981,3.87293,22.8863,,,,
BIH,1982,3.96551,23.9185,,,,
BIH,1983,4.16345,25.3594,,,,
BIH,1984,4.30836,26.4129,,,,
BIH,1985,4.50597,27.4833,,,,
BIH,1986,4.6886,28.3369,,,,
BIH,1987,4.30343,26.78,,,,
BIH,1988,4.36632,27.001,,,,
BIH,1989,4.42063,27.3031,,,,
BIH,1990,5.5239,32.8718,35.70254,,,0.01644
BIH,1991,4.93277,29.7911,35.26567,,,
BIH,1992,3.83237,22.8763,34.93998,,21903.3,
BIH,1993,3.4884,19.5684,34.71479,,21804.95,
BIH,1994,0.88586,6.5514,34.5794,,21706.6,
BIH,1995,0.94597,6.5649,34.52314,,21608.25,
BIH,1996,1.13526,7.2586,34.69672,,21509.9,
BIH,1997,2.17093,12.5596,35.1632,,21411.55,
BIH,1998,2.70236,15.7188,35.78041,,21313.2,
BIH,1999,2.63714,16.1432,36.40618,,21214.85,
BIH,2000,3.43317,19.8675,36.89832,,21116.5,0.01408
BIH,2001,3.37289,19.4051,37.36142,,21107.51,
BIH,2002,3.54064,20.5038,37.91919,,21098.52,
BIH,2003,3.63494,20.9208,38.45812,,21089.53,
BIH,2004,3.87205,22.4338,38.86471,,21080.54,
BIH,2005,4.11237,23.1811,39.02547,,21071.55,
BIH,2006,4.59986,25.3559,38.63295,,21062.56,
BIH,2007,4.91481,26.6127,37.69695,,21053.57,
BIH,2008,5.48501,28.0749,36.57979,,21044.58,
BIH,2009,5.5828,27.8605,35.6438,0.49323,21035.59,
BIH,2010,5.82914,28.409,35.25128,,21026.6,
BIH,2011,6.75293,31.6964,39.40316,,21142.28,
BIH,2012,6.35152,29.6393,35.50467,,21257.96,
BIH,2013,6.42872,29.4029,33.7419,,21373.64,
BIH,2014,5.83358,27.886,32.4818,,21489.32,
BIH,2015,5.92032,27.8464,33.80553,,21605.0,0.0138
BIH,2016,6.76826,31.2525,30.38468,,21765.1,
BIH,2017,6.9968,31.8522,30.90182,,21879.1,
BIH,2018,7.10487,32.2559,32.49899,,21879.1,
BIH,2019,6.75453,30.553,26.71579,,21879.1,
BIH,2020,6.83056,30.4749,26.60195,,21879.1,
BIH,2021,7.09102,30.3517,,,21879.1,
BIH,2022,6.98907,30.0733,,,21879.1,
BIH,2023,6.5395,28.1994,,,21879.1,
BIH,2024,6.44936,27.6267,,,,
BLR,1970,6.65542,94.1383,,,,
BLR,1971,6.61077,95.3218,,,,
BLR,1972,7.00538,100.4314,,,,
BLR,1973,7.59897,107.3734,,,,
BLR,1974,8.17269,114.2105,,,,
BLR,1975,8.73599,120.4856,,,,
BLR,1976,9.07032,124.2492,,,,
BLR,1977,9.32881,127.4336,,,,
BLR,1978,9.64596,131.6298,,,,
BLR,1979,9.92086,135.1765,,,,
BLR,1980,10.22937,138.7392,,,,
BLR,1981,10.35305,140.4759,,,,
BLR,1982,10.37942,141.3572,,,,
BLR,1983,10.36366,142.5417,,,,
BLR,1984,10.24641,142.4359,,,,
BLR,1985,10.1792,142.597,,,,
BLR,1986,10.15521,143.042,,,,
BLR,1987,10.14611,143.9281,,,,
BLR,1988,9.96045,141.7382,,,,
BLR,1989,9.58901,138.498,,,,
BLR,1990,10.35721,144.9713,32.87289,,,0.0
BLR,1991,9.96518,140.0917,32.24506,,,
BLR,1992,8.98959,128.47,31.63742,,78786.0,
BLR,1993,7.74415,114.3186,31.05701,,79279.0,
BLR,1994,6.60941,100.762,30.51089,,79772.0,
BLR,1995,5.92783,92.0719,30.00608,,80265.0,
BLR,1996,6.0395,91.9317,29.56666,,80758.0,
BLR,1997,6.10897,91.9172,29.17776,,81251.0,
BLR,1998,5.98767,90.292,28.78799,,81744.0,
BLR,1999,5.80063,87.7398,28.34598,,82237.0,
BLR,2000,5.63748,84.9803,27.80034,,82730.0,0.0
BLR,2001,5.53945,83.5992,26.82517,,83087.0,
BLR,2002,5.59426,83.4518,25.37089,,83444.0,
BLR,2003,5.69894,83.8255,23.80059,,83801.0,
BLR,2004,6.0829,87.2358,22.4774,,84158.0,
BLR,2005,6.21065,87.9624,21.7644,,84515.0,
BLR,2006,6.5033,90.8291,21.55566,,84872.0,
BLR,2007,6.38628,89.5793,21.44929,,85229.0,
BLR,2008,6.7974,96.3427,21.36452,,85586.0,
BLR,2009,6.48178,93.4839,21.22055,0.02196,85943.0,
BLR,2010,6.9719,98.5221,20.93661,,86300.0,
BLR,2011,6.65434,96.1364,18.69536,,86307.0,
BLR,2012,6.80323,97.8161,18.06754,,86314.0,
BLR,2013,6.82284,98.1957,18.97352,,86321.0,
BLR,2014,6.77047,97.4739,19.39747,,86328.0,
BLR,2015,6.25387,92.588,17.60593,,86335.0,0.0
BLR,2016,6.23725,91.7034,15.83194,,87096.0,
BLR,2017,6.36662,93.4591,15.77751,,87241.0,
BLR,2018,6.72212,96.6775,16.98254,,87386.0,
BLR,2019,6.50202,94.4282,15.61779,,87531.0,
BLR,2020,6.20047,91.7181,14.60899,,87676.0,
BLR,2021,6.30387,91.8916,,,87821.0,
BLR,2022,6.05701,89.203,,,87966.0,
BLR,2023,5.86388,86.9331,,,88111.0,
BLR,2024,5.93649,87.4914,,,,
BLZ,1970,0.49612,0.2415,,,,
BLZ,1971,0.48777,0.2559,,,,
BLZ,1972,0.58231,0.2737,,,,
BLZ,1973,0.5797,0.2803,,,,
BLZ,1974,0.5102,0.2819,,,,
BLZ,1975,0.60589,0.2996,,,,
BLZ,1976,0.5387,0.2943,,,,
BLZ,1977,0.5821,0.31,,,,
BLZ,1978,0.57024,0.3141,,,,
BLZ,1979,0.55196,0.3157,,,,
BLZ,1980,0.53356,0.3192,,,,
BLZ,1981,0.47921,0.3154,,,,
BLZ,1982,0.40971,0.3158,,,,
BLZ,1983,0.3922,0.341,,,,
BLZ,1984,0.45425,0.3326,,,,
BLZ,1985,0.44568,0.331,,,,
BLZ,1986,0.56221,0.358,,,,
BLZ,1987,0.47975,0.3453,,,,
BLZ,1988,0.36933,0.3369,,,,
BLZ,1989,0.54102,0.3774,,,,
BLZ,1990,0.69097,0.4374,28.41054,,16000.3,31.28804
BLZ,1991,0.77417,0.4553,27.83036,,15859.57,
BLZ,1992,0.63461,0.4544,27.33226,,15718.84,
BLZ,1993,0.60697,0.4339,26.94122,,15578.11,
BLZ,1994,0.57711,0.4371,26.68223,,15437.38,
BLZ,1995,0.63582,0.4193,26.58025,,15296.65,
BLZ,1996,0.51353,0.4016,26.64037,,15155.92,
BLZ,1997,0.85447,0.4957,26.80359,,15015.19,
BLZ,1998,0.83891,0.5164,26.99879,,14874.46,
BLZ,1999,0.84657,0.5359,27.15486,,14733.73,
BLZ,2000,0.58015,0.4711,27.20068,,14593.0,32.09688
BLZ,2001,0.57372,0.4927,26.9933,,14525.09,
BLZ,2002,0.55545,0.5055,26.52028,,14457.18,
BLZ,2003,0.56752,0.5346,25.90624,,14389.27,
BLZ,2004,0.50499,0.5139,25.27579,,14321.36,
BLZ,2005,0.53945,0.5377,24.75355,,14253.45,
BLZ,2006,0.60616,0.6315,24.2589,,14185.54,
BLZ,2007,0.56873,0.6595,23.69638,,14117.63,
BLZ,2008,0.53489,0.6713,23.16834,,14049.72,
BLZ,2009,0.62921,0.7293,22.77711,0.80609,13981.81,
BLZ,2010,0.7285,0.7709,22.62505,,13913.9,
BLZ,2011,0.4583,0.7414,25.01672,,13796.78,
BLZ,2012,0.48712,0.7163,23.7091,,13679.66,
BLZ,2013,0.60212,0.7808,26.87328,,13562.54,
BLZ,2014,0.58609,0.7366,26.76633,,13445.42,
BLZ,2015,0.69373,0.7904,27.55667,,13328.3,33.85626
BLZ,2016,0.7151,0.8147,25.60881,,13216.8,
BLZ,2017,0.76286,0.8563,26.17512,,13105.2,
BLZ,2018,0.7485,0.8569,26.74741,,12993.7,
BLZ,2019,1.03206,0.9911,26.14653,,12882.1,
BLZ,2020,0.81523,0.9175,28.65181,,12770.5,
BLZ,2021,0.85014,0.9423,,,12658.9,
BLZ,2022,0.88024,0.9734,,,12547.3,
BLZ,2023,0.91363,1.0012,,,12435.7,
BLZ,2024,0.93245,1.0347,,,,
BMU,1970,2.66288,0.1608,,,,
BMU,1971,2.63653,0.1624,,,,
BMU,1972,3.20058,0.1933,,,,
BMU,1973,3.22026,0.1947,,,,
BMU,1974,2.86301,0.1754,,,,
BMU,1975,3.46139,0.2084,,,,
BMU,1976,3.13287,0.1912,,,,
BMU,1977,3.45261,0.2092,,,,
BMU,1978,3.44557,0.2094,,,,
BMU,1979,3.40266,0.2077,,,,
BMU,1980,3.35364,0.2062,,,,
BMU,1981,2.84275,0.1792,,,,
BMU,1982,2.79662,0.178,,,,
BMU,1983,2.87712,0.1835,,,,
BMU,1984,3.0905,0.1969,,,,
BMU,1985,2.99566,0.1925,,,,
BMU,1986,2.9165,0.1888,,,,
BMU,1987,4.41305,0.2761,,,,
BMU,1988,5.14295,0.3204,,,,
BMU,1989,6.34704,0.3932,,,,
BMU,1990,4.3868,0.2819,9.08668,,10.0,6.45797
BMU,1991,3.93039,0.2568,9.06037,,10.0,
BMU,1992,3.08353,0.2079,9.03904,,10.0,
BMU,1993,3.41914,0.2293,9.02167,,10.0,
BMU,1994,3.36521,0.2275,9.00721,,10.0,
BMU,1995,3.36492,0.2286,8.99465,,10.0,
BMU,1996,3.41565,0.2326,9.03217,,10.0,
BMU,1997,3.48472,0.2384,9.13365,,10.0,
BMU,1998,3.54063,0.2438,9.24657,,10.0,
BMU,1999,3.55834,0.2468,9.31843,,10.0,
BMU,2000,2.44354,0.1776,9.29673,,10.0,6.68111
BMU,2001,2.40354,0.176,9.1651,,10.0,
BMU,2002,2.66486,0.1932,8.96258,,10.0,
BMU,2003,2.741,0.1988,8.71972,,10.0,
BMU,2004,2.76557,0.2009,8.46711,,10.0,
BMU,2005,2.96599,0.2143,8.2353,,10.0,
BMU,2006,3.6859,0.261,8.02455,,10.0,
BMU,2007,4.39771,0.3075,7.81363,,10.0,
BMU,2008,4.406,0.3094,7.60092,,10.0,
BMU,2009,3.8496,0.2735,7.38481,,10.0,
BMU,2010,4.84896,0.3389,7.16367,,10.0,
BMU,2011,2.40692,0.1797,6.91539,,10.0,
BMU,2012,2.79201,0.2043,6.9725,,10.0,
BMU,2013,3.11448,0.2248,6.61259,,10.0,
BMU,2014,4.28151,0.3008,7.05381,,10.0,
BMU,2015,3.63513,0.2586,6.97448,,10.0,7.22996
BMU,2016,4.91261,0.3411,7.54274,,10.0,
BMU,2017,4.4874,0.3141,7.67125,,10.0,
BMU,2018,4.71401,0.329,7.39757,,10.0,
BMU,2019,4.71867,0.33,7.2068,,10.0,
BMU,2020,3.32702,0.24,7.336,,10.0,
BMU,2021,3.78511,0.2708,,,10.0,
BMU,2022,3.9769,0.2837,,,10.0,
BMU,2023,3.9924,0.2968,,,10.0,
BMU,2024,4.13547,0.3057,,,,
BOL,1970,0.65911,26.7882,,,,
BOL,1971,0.80371,27.8353,,,,
BOL,1972,0.93691,32.474,,,,
BOL,1973,0.85296,34.0483,,,,
BOL,1974,0.79397,33.8565,,,,
BOL,1975,0.88284,32.5817,,,,
BOL,1976,0.97495,33.9485,,,,
BOL,1977,0.91523,31.6894,,,,
BOL,1978,1.01927,32.8078,,,,
BOL,1979,0.88658,30.7875,,,,
BOL,1980,0.86466,30.1027,,,,
BOL,1981,0.89998,27.9102,,,,
BOL,1982,0.91753,29.2496,,,,
BOL,1983,0.92471,30.1344,,,,
BOL,1984,0.82713,28.3929,,,,
BOL,1985,0.79758,28.6347,,,,
BOL,1986,0.72765,26.3404,,,,
BOL,1987,0.73988,27.4594,,,,
BOL,1988,0.78439,28.1881,,,,
BOL,1989,0.88416,29.8305,,,,
BOL,1990,0.92345,29.4299,82.79137,,578047.2,0.0
BOL,1991,0.94768,31.3117,82.38992,,575343.87,
BOL,1992,1.00002,32.6285,81.66515,,572640.54,
BOL,1993,1.1728,34.9466,80.67879,,569937.21,
BOL,1994,1.24158,37.0343,79.49255,,567233.88,
BOL,1995,1.10152,29.4385,78.16815,,564530.55,
BOL,1996,1.04536,29.4612,75.94268,,561827.22,
BOL,1997,1.24482,33.8891,72.53545,,559123.89,
BOL,1998,1.22392,31.3939,68.73154,,556420.56,
BOL,1999,1.04934,30.5509,65.31603,,553717.23,
BOL,2000,0.95335,29.9953,63.07401,,551013.9,0.0
BOL,2001,0.90672,28.5882,61.94814,,548998.52,
BOL,2002,0.95141,29.7555,61.18547,,546983.14,
BOL,2003,0.99651,30.7821,60.52762,,544967.76,
BOL,2004,1.02693,32.1094,59.71625,,542952.38,
BOL,2005,1.06158,32.7047,58.49299,,540937.0,
BOL,2006,1.13232,33.8378,55.2407,,538921.62,
BOL,2007,1.23849,35.8469,49.43801,,536906.24,
BOL,2008,1.30378,37.0583,42.4703,,534890.86,
BOL,2009,1.36372,38.4588,35.72289,1.29743,532875.48,
BOL,2010,1.45278,41.8206,30.58114,,530860.1,
BOL,2011,1.55521,42.6773,27.31829,,528742.52,
BOL,2012,1.62055,44.5068,28.06975,,526624.94,
BOL,2013,1.6945,46.3115,26.09575,,524507.36,
BOL,2014,1.79401,47.3672,26.94154,,522389.78,
BOL,2015,1.81142,48.3841,27.45747,,520272.2,0.0
BOL,2016,1.91061,50.1109,28.05461,,517506.8,
BOL,2017,1.92015,50.7729,26.54186,,514922.2,
BOL,2018,1.90865,51.474,25.16676,,512532.4,
BOL,2019,1.88493,52.3957,24.48499,,510337.6,
BOL,2020,1.57121,49.2431,22.87946,,508337.6,
BOL,2021,1.83203,53.3856,,,506207.733,
BOL,2022,1.93608,55.432,,,504164.444,
BOL,2023,1.99476,57.2128,,,502063.436,
BOL,2024,2.29073,63.7572,,,,
BRA,1970,1.12333,336.3371,,,,
BRA,1971,1.09248,342.4556,,,,
BRA,1972,1.16093,363.4537,,,,
BRA,1973,1.31786,390.3688,,,,
BRA,1974,1.3893,417.569,,,,
BRA,1975,1.45406,439.3947,,,,
BRA,1976,1.55992,474.9801,,,,
BRA,1977,1.5911,492.9092,,,,
BRA,1978,1.67993,506.6988,,,,
BRA,1979,1.75183,530.3062,,,,
BRA,1980,1.7088,557.5919,,,,
BRA,1981,1.54175,543.5151,,,,
BRA,1982,1.49159,551.0265,,,,
BRA,1983,1.39937,546.6113,,,,
BRA,1984,1.39269,567.5654,,,,
BRA,1985,1.46144,586.4921,,,,
BRA,1986,1.56812,618.1901,,,,
BRA,1987,1.57987,634.8409,,,,
BRA,1988,1.58362,650.3135,,,,
BRA,1989,1.57653,660.059,,,,
BRA,1990,1.52128,649.236,15.36373,,5888980.0,1.97154
BRA,1991,1.55061,676.337,15.40554,,5851170.6,
BRA,1992,1.54721,697.8057,15.44139,,5813361.2,
BRA,1993,1.59017,723.7353,15.47237,,5775551.8,
BRA,1994,1.62465,752.7957,15.49957,,5737742.4,
BRA,1995,1.73141,789.7806,15.52408,,5699933.0,
BRA,1996,1.83088,794.4638,15.54583,,5662123.6,
BRA,1997,1.91555,818.7316,15.56302,,5624314.2,
BRA,1998,1.9423,833.8577,15.57417,,5586504.8,
BRA,1999,1.95707,849.0536,15.57778,,5548695.4,
BRA,2000,2.00788,870.3341,15.57238,,5510886.0,2.07386
BRA,2001,1.99282,882.1005,15.55281,,5471378.1,
BRA,2002,1.9688,904.526,15.5176,,5431870.2,
BRA,2003,1.91839,934.4198,15.47077,,5392362.3,
BRA,2004,1.99978,983.4187,15.41635,,5352854.4,
BRA,2005,1.99936,1000.6449,15.35836,,5313346.5,
BRA,2006,2.00204,1004.5791,15.25039,,5273838.6,
BRA,2007,2.08497,1024.2102,15.08731,,5234330.7,
BRA,2008,2.16839,1057.6067,14.93513,,5194822.8,
BRA,2009,2.00746,1032.2058,14.85986,0.48245,5155314.9,
BRA,2010,2.27113,1110.0271,14.92749,,5115807.0,
BRA,2011,2.37419,1146.6495,15.53947,,5100415.2,
BRA,2012,2.52902,1180.0088,14.60074,,5085023.4,
BRA,2013,2.63744,1215.9431,13.88973,,5069631.6,
BRA,2014,2.73103,1248.6093,13.79165,,5054239.8,
BRA,2015,2.56819,1233.2232,12.4042,,5038850.0,2.23302
BRA,2016,2.37534,1208.3076,12.1085,,5020820.0,
BRA,2017,2.41695,1219.2389,12.21934,,5000920.0,
BRA,2018,2.28562,1195.9214,12.25164,,4990510.0,
BRA,2019,2.2587,1200.306,12.34884,,4977990.0,
BRA,2020,2.14665,1196.01,12.17933,,4966196.0,
BRA,2021,2.41581,1277.187,,,4953910.0,
BRA,2022,2.2789,1278.5422,,,4941960.0,
BRA,2023,2.27448,1297.1707,,,4929787.518,
BRA,2024,2.31826,1299.1802,,,,
BRB,1970,1.44474,0.6053,,,,
BRB,1971,1.4428,0.6139,,,,
BRB,1972,1.65306,0.6669,,,,
BRB,1973,1.6323,0.6757,,,,
BRB,1974,1.49695,0.6318,,,,
BRB,1975,1.71434,0.6793,,,,
BRB,1976,1.62463,0.6545,,,,
BRB,1977,1.73591,0.7075,,,,
BRB,1978,1.7726,0.7112,,,,
BRB,1979,1.77499,0.7148,,,,
BRB,1980,1.76882,0.7263,,,,
BRB,1981,1.7513,0.7116,,,,
BRB,1982,1.68237,0.6936,,,,
BRB,1983,1.73391,0.704,,,,
BRB,1984,1.60952,0.7023,,,,
BRB,1985,1.95137,0.7641,,,,
BRB,1986,2.10235,0.7936,,,,
BRB,1987,1.98345,0.7504,,,,
BRB,1988,2.03016,0.7618,,,,
BRB,1989,2.30949,0.8413,,,,
BRB,1990,2.38145,0.8562,23.71995,,63.0,2.45757
BRB,1991,2.26161,0.8276,23.45273,,63.0,
BRB,1992,2.1916,0.8156,23.22371,,63.0,
BRB,1993,2.07986,0.7768,23.04337,,63.0,
BRB,1994,2.02278,0.7648,22.92219,,63.0,
BRB,1995,2.06534,0.7766,22.87067,,63.0,
BRB,1996,2.01575,0.7698,22.907,,63.0,
BRB,1997,2.39451,0.8666,23.00952,,63.0,
BRB,1998,2.63188,0.9332,23.12895,,63.0,
BRB,1999,2.75601,0.9672,23.21599,,63.0,
BRB,2000,2.24374,0.8393,23.22137,,63.0,2.13561
BRB,2001,2.15262,0.8011,22.97999,,63.0,
BRB,2002,2.29455,0.8292,22.47221,,63.0,
BRB,2003,2.39751,0.8583,21.86688,,63.0,
BRB,2004,2.35954,0.853,21.33285,,63.0,
BRB,2005,2.403,0.8666,21.03898,,63.0,
BRB,2006,2.5848,0.9041,20.98905,,63.0,
BRB,2007,2.4756,0.8724,21.03405,,63.0,
BRB,2008,2.90451,0.994,21.11366,,63.0,
BRB,2009,2.91366,1.0034,21.16756,,63.0,
BRB,2010,2.98064,1.0212,21.13545,,63.0,
BRB,2011,2.45854,0.88,20.74505,,63.0,
BRB,2012,2.32399,0.8399,21.18461,,63.0,
BRB,2013,2.63159,0.924,21.79445,,63.0,
BRB,2014,2.39628,0.8609,22.39381,,63.0,
BRB,2015,2.57895,0.9126,24.17875,,63.0,2.20666
BRB,2016,2.76397,0.9674,24.41508,,63.0,
BRB,2017,2.43387,0.8778,23.28781,,63.0,
BRB,2018,2.77225,0.9766,23.26519,,63.0,
BRB,2019,3.08883,1.0672,23.32554,,63.0,
BRB,2020,2.38766,0.8655,23.73097,,63.0,
BRB,2021,2.30908,0.8511,,,63.0,
BRB,2022,2.44016,0.8908,,,63.0,
BRB,2023,2.44602,0.8889,,,63.0,
BRB,2024,2.52348,0.9121,,,,
BRN,1970,14.98024,2.7142,,,,
BRN,1971,13.56646,2.559,,,,
BRN,1972,15.49206,3.1319,,,,
BRN,1973,18.15036,3.9503,,,,
BRN,1974,18.18468,4.1135,,,,
BRN,1975,18.10147,4.2648,,,,
BRN,1976,20.21429,5.0254,,,,
BRN,1977,19.99976,5.2054,,,,
BRN,1978,19.95666,5.3183,,,,
BRN,1979,17.535,5.1212,,,,
BRN,1980,21.24646,5.9958,,,,
BRN,1981,17.30311,4.9442,,,,
BRN,1982,18.66727,5.2911,,,,
BRN,1983,19.68829,5.6803,,,,
BRN,1984,18.44459,5.4989,,,,
BRN,1985,17.58093,5.362,,,,
BRN,1986,15.99947,5.1512,,,,
BRN,1987,15.9386,5.1838,,,,
BRN,1988,16.84509,5.4976,,,,
BRN,1989,16.10351,5.4492,,,,
BRN,1990,16.84385,5.8516,8.37072,,4130.0,21.8361
BRN,1991,18.69678,6.3736,8.1202,,4114.0,
BRN,1992,19.86926,6.5872,7.89123,,4098.0,
BRN,1993,19.53634,6.9063,7.69242,,4082.0,
BRN,1994,19.33887,7.0392,7.53236,,4066.0,
BRN,1995,19.96566,7.3244,7.41964,,4050.0,
BRN,1996,20.47667,7.6929,7.34134,,4034.0,
BRN,1997,21.29193,8.2021,7.2775,,4018.0,
BRN,1998,18.38501,7.6705,7.22607,,4002.0,
BRN,1999,18.81087,8.1543,7.18504,,3986.0,
BRN,2000,18.61015,8.4862,7.15237,,3970.0,21.5009
BRN,2001,17.58478,8.7298,7.1442,,3953.0,
BRN,2002,16.34259,7.8977,7.1636,,3936.0,
BRN,2003,18.61573,8.9121,7.18895,,3919.0,
BRN,2004,17.76425,8.4103,7.19862,,3902.0,
BRN,2005,16.74264,8.0908,7.17099,,3885.0,
BRN,2006,23.62592,11.3236,7.0445,,3868.0,
BRN,2007,22.06793,10.8088,6.82039,,3851.0,
BRN,2008,23.57852,12.9058,6.57132,,3834.0,
BRN,2009,20.8361,11.0184,6.36993,,3817.0,
BRN,2010,18.80932,9.9791,6.28887,,3800.0,
BRN,2011,19.68307,10.6779,7.22534,,3800.0,
BRN,2012,18.79489,10.3415,7.64174,,3800.0,
BRN,2013,18.94251,10.2788,7.81045,,3800.0,
BRN,2014,19.45243,10.4872,8.0384,,3800.0,
BRN,2015,17.44455,9.7772,7.76801,,3800.0,20.87097
BRN,2016,18.47536,10.1853,7.70809,,3800.0,
BRN,2017,18.18879,10.1829,7.23065,,3800.0,
BRN,2018,18.34197,10.412,7.49486,,3800.0,
BRN,2019,17.17606,10.0821,7.94586,,3800.0,
BRN,2020,22.63703,12.7556,7.59727,,3800.0,
BRN,2021,22.10701,12.5343,,,3800.0,
BRN,2022,20.94363,11.9068,,,3800.0,
BRN,2023,21.14309,12.0612,,,3800.0,
BRN,2024,20.24265,11.8655,,,,
BTN,1970,0.11377,0.534,,,,
BTN,1971,0.11622,0.5442,,,,
BTN,1972,0.12202,0.5579,,,,
BTN,1973,0.12408,0.5704,,,,
BTN,1974,0.12219,0.5838,,,,
BTN,1975,0.11701,0.5937,,,,
BTN,1976,0.11784,0.611,,,,
BTN,1977,0.12026,0.6274,,,,
BTN,1978,0.12264,0.6513,,,,
BTN,1979,0.12238,0.669,,,,
BTN,1980,0.11952,0.6852,,,,
BTN,1981,0.17439,0.7268,,,,
BTN,1982,0.16801,0.7536,,,,
BTN,1983,0.16525,0.7826,,,,
BTN,1984,0.15707,0.8021,,,,
BTN,1985,0.16208,0.8411,,,,
BTN,1986,0.1583,0.8537,,,,
BTN,1987,0.2379,0.9231,,,,
BTN,1988,0.23968,0.9032,,,,
BTN,1989,0.23588,0.9157,,,,
BTN,1990,0.30664,1.1311,31.94185,,25067.2,0.0
BTN,1991,0.31328,1.0252,31.7529,,25166.48,
BTN,1992,0.32175,0.9912,31.6194,,25265.76,
BTN,1993,0.35841,1.0221,31.5382,,25365.04,
BTN,1994,0.46457,1.0954,31.50618,,25464.32,
BTN,1995,0.58541,1.2523,31.52019,,25563.6,
BTN,1996,0.65217,1.2772,31.61064,,25662.88,
BTN,1997,0.67711,1.2917,31.79052,,25762.16,
BTN,1998,0.69525,1.3132,32.03053,,25861.44,
BTN,1999,0.68763,1.3451,32.3014,,25960.72,
BTN,2000,0.67922,1.3504,32.57384,,26060.0,0.0
BTN,2001,0.71906,1.3647,32.91601,,26159.29,
BTN,2002,0.76456,1.4038,33.34418,,26258.58,
BTN,2003,0.77784,1.4356,33.75126,,26357.87,
BTN,2004,0.77012,1.4477,34.03015,,26457.16,
BTN,2005,0.82026,1.5784,34.07372,,26556.45,
BTN,2006,0.84765,1.6645,33.14962,,26655.74,
BTN,2007,0.85067,1.6866,31.10474,,26755.03,
BTN,2008,0.84461,1.7278,28.70091,,26854.32,
BTN,2009,1.15434,1.8856,26.69993,0.0135,26953.61,
BTN,2010,1.28985,2.0083,25.86365,,27052.9,
BTN,2011,1.5594,2.2328,30.47008,,27072.68,
BTN,2012,1.47098,2.1786,38.13157,,27092.46,
BTN,2013,1.52605,2.2961,37.41624,,27112.24,
BTN,2014,1.54036,2.3412,40.29815,,27132.02,
BTN,2015,1.76825,2.5309,37.48569,,27151.8,0.0
BTN,2016,1.90462,2.6836,36.94161,,27171.6,
BTN,2017,1.95351,2.7694,33.81152,,27191.4,
BTN,2018,2.30402,3.0686,34.08388,,27211.2,
BTN,2019,2.36172,3.1159,30.0519,,27230.0,
BTN,2020,1.83518,2.7174,23.94566,,27250.0,
BTN,2021,1.99177,2.8541,,,27270.0,
BTN,2022,1.94285,2.7995,,,27290.0,
BTN,2023,1.98465,2.7927,,,27310.2,
BTN,2024,2.01118,2.8063,,,,
BWA,1970,0.26019,3.4086,,,,
BWA,1971,0.25596,3.5348,,,,
BWA,1972,0.31683,4.1077,,,,
BWA,1973,0.40236,4.3366,,,,
BWA,1974,0.66147,4.9298,,,,
BWA,1975,0.77848,5.4956,,,,
BWA,1976,1.07856,6.3215,,,,
BWA,1977,1.16775,6.8715,,,,
BWA,1978,1.24205,6.6265,,,,
BWA,1979,1.33176,6.7096,,,,
BWA,1980,1.35266,6.9173,,,,
BWA,1981,1.42887,7.161,,,,
BWA,1982,1.43292,7.3743,,,,
BWA,1983,1.3546,7.0975,,,,
BWA,1984,1.30308,6.8471,,,,
BWA,1985,1.34721,6.5383,,,,
BWA,1986,1.49778,6.7108,,,,
BWA,1987,1.50438,6.8318,,,,
BWA,1988,1.75196,7.8606,,,,
BWA,1989,1.87802,8.3631,,,,
BWA,1990,2.16207,9.2706,19.67368,,188037.0,0.0
BWA,1991,2.081,8.2817,19.54685,,186854.0,
BWA,1992,2.46197,8.529,19.44906,,185671.0,
BWA,1993,2.3596,8.3561,19.37995,,184488.0,
BWA,1994,2.20044,8.4097,19.33914,,183305.0,
BWA,1995,2.22953,9.4412,19.32624,,182122.0,
BWA,1996,1.96118,8.5658,19.35133,,180939.0,
BWA,1997,2.04608,8.7969,19.41617,,179756.0,
BWA,1998,2.38185,9.6446,19.50788,,178573.0,
BWA,1999,2.45628,10.3453,19.61362,,177390.0,
BWA,2000,2.44405,10.9496,19.72054,,176207.0,0.0
BWA,2001,2.31029,10.2471,19.83907,,175024.0,
BWA,2002,2.3931,10.0387,19.98635,,173841.0,
BWA,2003,2.32884,9.4688,20.15953,,172658.0,
BWA,2004,2.24298,9.4273,20.35576,,171475.0,
BWA,2005,2.38641,10.1355,20.57219,,170292.0,
BWA,2006,2.21316,10.0193,20.85048,,169109.0,
BWA,2007,2.3142,10.1977,21.20706,,167926.0,
BWA,2008,2.31255,10.897,21.60128,,166743.0,
BWA,2009,2.07362,10.2741,21.99249,0.74042,165560.0,
BWA,2010,1.66356,10.6511,22.34003,,164377.0,
BWA,2011,1.93549,11.3285,22.67685,,163194.0,
BWA,2012,1.67157,9.9088,22.70255,,162011.0,
BWA,2013,2.57946,11.8127,21.23413,,160828.0,
BWA,2014,3.29096,12.8548,21.10215,,159645.0,
BWA,2015,3.21839,13.1983,22.04615,,158462.0,0.0
BWA,2016,3.02151,12.3784,21.25225,,157279.0,
BWA,2017,3.28259,12.8434,19.96632,,156096.0,
BWA,2018,3.57038,13.7531,19.91104,,154913.0,
BWA,2019,3.14826,12.4205,19.20355,,153730.0,
BWA,2020,2.57488,10.9515,18.90575,,152547.0,
BWA,2021,2.72603,12.2565,,,151364.0,
BWA,2022,2.80246,12.5321,,,150181.0,
BWA,2023,2.70969,12.6077,,,148998.0,
BWA,2024,2.73749,12.0977,,,,
CAF,1970,0.03609,1.572,,,,
CAF,1971,0.03535,1.6455,,,,
CAF,1972,0.03457,1.739,,,,
CAF,1973,0.03504,1.8214,,,,
CAF,1974,0.03702,1.9206,,,,
CAF,1975,0.03764,1.9744,,,,
CAF,1976,0.03845,2.0528,,,,
CAF,1977,0.03932,2.213,,,,
CAF,1978,0.03953,2.4437,,,,
CAF,1979,0.04493,3.0375,,,,
CAF,1980,0.0437,3.2358,,,,
CAF,1981,0.05326,3.3596,,,,
CAF,1982,0.05268,6.5554,,,,
CAF,1983,0.06077,6.678,,,,
CAF,1984,0.05439,6.2472,,,,
CAF,1985,0.0536,6.4192,,,,
CAF,1986,0.06613,6.9706,,,,
CAF,1987,0.08373,6.8454,,,,
CAF,1988,0.07579,6.6492,,,,
CAF,1989,0.06832,7.4406,,,,
CAF,1990,0.05547,7.6007,32.83475,,232030.0,0.0
CAF,1991,0.07111,8.1009,32.72071,,231730.0,
CAF,1992,0.05551,8.082,32.64829,,231430.0,
CAF,1993,0.05849,7.541,32.60966,,231130.0,
CAF,1994,0.05949,8.1914,32.59701,,230830.0,
CAF,1995,0.0595,8.4009,32.60252,,230530.0,
CAF,1996,0.06298,8.7379,32.76641,,230230.0,
CAF,1997,0.06088,7.8481,33.14006,,229930.0,
CAF,1998,0.06063,9.1633,33.58241,,229630.0,
CAF,1999,0.06148,8.9679,33.95238,,229330.0,
CAF,2000,0.06689,9.1683,34.1089,,229030.0,0.0
CAF,2001,0.0697,9.6033,33.93057,,228730.0,
CAF,2002,0.06969,8.5608,33.50163,,228430.0,
CAF,2003,0.06444,9.6963,32.98944,,228130.0,
CAF,2004,0.06113,9.0428,32.56141,,227830.0,
CAF,2005,0.0589,9.7525,32.38491,,227530.0,
CAF,2006,0.06118,9.8164,32.42908,,227230.0,
CAF,2007,0.0601,10.8582,32.54653,,226930.0,
CAF,2008,0.04398,10.8924,32.72985,,226630.0,
CAF,2009,0.04319,10.2514,32.97162,0.1825,226330.0,
CAF,2010,0.04449,10.9228,33.26442,,226030.0,
CAF,2011,0.04764,11.8438,34.73877,,225730.0,
CAF,2012,0.04795,11.5787,36.12712,,225430.0,
CAF,2013,0.03205,11.5255,33.66423,,225130.0,
CAF,2014,0.03498,11.4561,31.91562,,224830.0,
CAF,2015,0.05042,11.8786,38.59994,,224530.0,0.0
CAF,2016,0.05336,12.6499,34.41081,,224230.0,
CAF,2017,0.05522,12.1415,33.88538,,223930.0,
CAF,2018,0.06016,12.4694,31.9741,,223630.0,
CAF,2019,0.06116,12.2745,34.91438,,223330.0,
CAF,2020,0.06334,12.6029,34.43342,,223030.0,
CAF,2021,0.06312,12.7563,,,222730.0,
CAF,2022,0.06326,13.079,,,222430.0,
CAF,2023,0.06453,12.7777,,,222130.0,
CAF,2024,0.06329,13.4443,,,,
CAN,1970,16.79619,473.6506,,,,
CAN,1971,16.65691,483.2269,,,,
CAN,1972,17.24107,505.1161,,,,
CAN,1973,17.87393,532.7384,,,,
CAN,1974,17.98022,541.5737,,,,
CAN,1975,17.29438,526.6557,,,,
CAN,1976,17.62902,538.0771,,,,
CAN,1977,18.03544,559.1455,,,,
CAN,1978,17.98858,565.9377,,,,
CAN,1979,18.39651,580.5142,,,,
CAN,1980,18.37431,585.6636,,,,
CAN,1981,17.39737,565.9218,,,,
CAN,1982,16.475,547.1993,,,,
CAN,1983,16.06261,548.8146,,,,
CAN,1984,16.66751,570.4927,,,,
CAN,1985,16.51094,566.4066,,,,
CAN,1986,15.96181,553.1904,,,,
CAN,1987,16.23443,569.6176,,,,
CAN,1988,17.18317,604.1543,,,,
CAN,1989,17.43233,626.7589,,,,
CAN,1990,15.90765,590.5156,10.54542,,3482729.3,1.51798
CAN,1991,15.49902,586.0923,10.52199,,3482258.34,
CAN,1992,15.76659,602.6766,10.48358,,3481787.38,
CAN,1993,15.57154,607.864,10.43372,,3481316.42,
CAN,1994,15.9957,633.8956,10.37598,,3480845.46,
CAN,1995,16.2425,649.8085,10.3139,,3480374.5,
CAN,1996,16.54389,667.7604,10.22573,,3479903.54,
CAN,1997,16.90777,681.3904,10.10434,,3479432.58,
CAN,1998,17.04012,690.8513,9.97521,,3478961.62,
CAN,1999,17.21784,701.3521,9.86383,,3478490.66,
CAN,2000,17.69903,724.389,9.79566,,3478019.7,1.4831
CAN,2001,17.22633,715.458,9.76086,,3477539.94,
CAN,2002,17.66837,737.7192,9.72811,,3477060.18,
CAN,2003,18.13015,757.2196,9.69061,,3476580.42,
CAN,2004,17.52565,745.8844,9.64159,,3476100.66,
CAN,2005,18.06012,767.1729,9.57426,,3475620.9,
CAN,2006,17.64435,763.1616,9.40182,,3475141.14,
CAN,2007,18.0805,784.7511,9.08026,,3474661.38,
CAN,2008,17.30721,760.7637,8.66702,,3474181.62,
CAN,2009,16.14006,720.4398,8.21953,0.01074,3473701.86,
CAN,2010,16.52977,741.3401,7.79522,,3473222.1,
CAN,2011,16.76749,758.563,7.37288,,3472809.1,
CAN,2012,16.33905,754.6654,7.58559,,3472396.1,
CAN,2013,16.39677,765.4783,7.26097,,3471983.1,
CAN,2014,16.37745,776.2739,7.38093,,3471570.1,
CAN,2015,16.08703,768.7545,7.11576,,3471157.1,1.44117
CAN,2016,15.89824,765.245,6.40675,,3470760.4,
CAN,2017,16.19625,785.9246,7.04492,,3470390.5,
CAN,2018,16.52388,809.0596,7.09175,,3470020.7,
CAN,2019,16.19086,805.4996,6.2268,,3469650.8,
CAN,2020,14.4219,728.5112,6.56567,,3469281.0,
CAN,2021,14.68976,742.9301,,,3468911.133,
CAN,2022,14.7893,761.3626,,,3468541.311,
CAN,2023,14.14789,755.2393,,,3468171.459,
CAN,2024,13.99836,768.0589,,,,
CHE,1970,6.69049,50.6029,,,,
CHE,1971,6.97093,52.4591,,,,
CHE,1972,7.03017,53.2088,,,,
CHE,1973,7.55432,57.183,,,,
CHE,1974,6.77463,52.5337,,,,
CHE,1975,6.39799,50.0103,,,,
CHE,1976,6.70169,51.8902,,,,
CHE,1977,6.79131,52.4027,,,,
CHE,1978,6.98226,53.7043,,,,
CHE,1979,6.7582,52.5082,,,,
CHE,1980,6.85183,53.3331,,,,
CHE,1981,6.44095,50.6923,,,,
CHE,1982,6.05724,48.3732,,,,
CHE,1983,6.67011,52.5307,,,,
CHE,1984,6.56751,52.0904,,,,
CHE,1985,7.03339,55.2185,,,,
CHE,1986,6.98289,55.126,,,,
CHE,1987,6.6965,53.3168,,,,
CHE,1988,6.64112,53.1907,,,,
CHE,1989,6.55963,53.0232,,,,
CHE,1990,6.66476,53.9744,19.48316,,11535.0,0.0
CHE,1991,6.92226,56.3869,19.32358,,11577.68,
CHE,1992,6.84077,56.143,19.1256,,11620.36,
CHE,1993,6.44604,53.6027,18.89475,,11663.04,
CHE,1994,6.26159,52.6309,18.63656,,11705.72,
CHE,1995,6.33107,53.4351,18.35656,,11748.4,
CHE,1996,6.38096,54.0222,18.01047,,11791.08,
CHE,1997,6.18351,52.5848,17.58321,,11833.76,
CHE,1998,6.37087,54.1324,17.12413,,11876.44,
CHE,1999,6.37807,54.2748,16.68256,,11919.12,
CHE,2000,6.23089,53.5163,16.30785,,11961.8,0.0
CHE,2001,6.38861,55.0253,15.93809,,12000.34,
CHE,2002,6.11934,53.3902,15.50904,,12038.88,
CHE,2003,6.24859,54.6433,15.06651,,12077.42,
CHE,2004,6.27947,55.2286,14.65632,,12115.96,
CHE,2005,6.32417,55.9286,14.3243,,12154.5,
CHE,2006,6.22761,55.2643,14.03545,,12193.04,
CHE,2007,5.90857,53.2391,13.74822,,12231.58,
CHE,2008,6.01238,54.8217,13.49854,,12270.12,
CHE,2009,5.76175,53.3492,13.32238,0.00389,12308.66,
CHE,2010,5.92015,55.1362,13.25567,,12347.2,
CHE,2011,5.34446,51.1255,13.86473,,12381.58,
CHE,2012,5.45216,52.4878,12.68275,,12415.96,
CHE,2013,5.51425,53.7462,12.4433,,12450.34,
CHE,2014,4.99417,50.0908,10.61563,,12484.72,
CHE,2015,4.85629,49.4483,11.72261,,12519.1,0.0
CHE,2016,4.87124,49.9492,10.65665,,12553.5,
CHE,2017,4.7112,49.0425,9.91481,,12587.9,
CHE,2018,4.52389,47.7525,10.14816,,12622.3,
CHE,2019,4.47745,47.5554,9.45002,,12656.7,
CHE,2020,4.16062,45.1725,9.06105,,12691.1,
CHE,2021,4.32304,46.9199,,,12725.5,
CHE,2022,3.92847,43.6858,,,12759.9,
CHE,2023,3.78746,42.8749,,,12794.3,
CHE,2024,3.74569,42.9924,,,,
CHI,1990,,,,,8.3,
CHI,1991,,,,,8.3,
CHI,1992,,,,,8.3,
CHI,1993,,,,,8.3,
CHI,1994,,,,,8.3,
CHI,1995,,,,,8.3,
CHI,1996,,,,,8.3,
CHI,1997,,,,,8.3,
CHI,1998,,,,,8.3,
CHI,1999,,,,,8.3,
CHI,2000,,,,,8.3,
CHI,2001,,,,,8.49,
CHI,2002,,,,,8.68,
CHI,2003,,,,,8.87,
CHI,2004,,,,,9.06,
CHI,2005,,,,,9.25,
CHI,2006,,,,,9.44,
CHI,2007,,,,,9.63,
CHI,2008,,,,,9.82,
CHI,2009,,,,,10.01,
CHI,2010,,,,,10.2,
CHI,2011,,,,,10.2,
CHI,2012,,,,,10.2,
CHI,2013,,,,,10.2,
CHI,2014,,,,,10.2,
CHI,2015,,,,,10.2,
CHI,2016,,,,,10.2,
CHI,2017,,,,,10.2,
CHI,2018,,,,,10.2,
CHI,2019,,,,,10.2,
CHI,2020,,,,,10.2,
CHI,2021,,,,,10.2,
CHL,1970,2.93148,48.9079,,,,
CHL,1971,3.12772,50.9399,,,,
CHL,1972,3.20887,53.4955,,,,
CHL,1973,3.14938,52.5667,,,,
CHL,1974,2.92547,50.8646,,,,
CHL,1975,2.61804,47.6249,,,,
CHL,1976,2.63604,47.6529,,,,
CHL,1977,2.42298,45.5108,,,,
CHL,1978,2.4497,46.0652,,,,
CHL,1979,2.5574,48.7863,,,,
CHL,1980,2.5072,51.354,,,,
CHL,1981,2.25773,50.7792,,,,
CHL,1982,1.88729,47.0444,,,,
CHL,1983,1.90153,46.9052,,,,
CHL,1984,1.97427,47.9125,,,,
CHL,1985,1.8768,45.7504,,,,
CHL,1986,1.86961,45.506,,,,
CHL,1987,1.8586,46.0016,,,,
CHL,1988,2.17573,49.9262,,,,
CHL,1989,2.57103,55.2322,,,,
CHL,1990,2.47233,54.7825,27.01596,,152460.5,1.00312
CHL,1991,2.327,53.3344,26.82192,,153031.51,
CHL,1992,2.36772,55.1697,26.6962,,153602.52,
CHL,1993,2.47523,57.6661,26.62773,,154173.53,
CHL,1994,2.66403,61.4163,26.60547,,154744.54,
CHL,1995,2.87659,66.5223,26.61835,,155315.55,
CHL,1996,3.25049,73.6565,26.80486,,155886.56,
CHL,1997,3.64026,80.3586,27.20355,,156457.57,
CHL,1998,3.62656,80.9401,27.6535,,157028.58,
CHL,1999,3.7466,84.374,27.99377,,157599.59,
CHL,2000,3.47382,80.9636,28.06341,,158170.6,0.98398
CHL,2001,3.29402,79.2379,27.87502,,159078.8,
CHL,2002,3.29163,79.7961,27.56663,,159987.0,
CHL,2003,3.37762,81.9608,27.16547,,160895.2,
CHL,2004,3.61396,87.4346,26.69875,,161803.4,
CHL,2005,3.61759,88.0872,26.19372,,162711.6,
CHL,2006,3.65616,89.4558,25.43132,,163619.8,
CHL,2007,4.06393,98.2183,24.35825,,164528.0,
CHL,2008,4.23565,102.6001,23.25031,,165436.2,
CHL,2009,4.01099,98.9627,22.38329,0.26047,166344.4,
CHL,2010,4.20936,101.6041,22.03299,,167252.6,
CHL,2011,4.55718,112.2079,22.87179,,168994.24,
CHL,2012,4.64341,116.2296,21.91472,,170735.88,
CHL,2013,4.82902,118.7258,23.7625,,172477.52,
CHL,2014,4.40572,110.9509,23.03175,,174219.16,
CHL,2015,4.6754,116.6424,24.27823,,175960.8,0.95847
CHL,2016,4.86474,121.9211,24.22184,,177190.1,
CHL,2017,4.8361,124.5992,23.4116,,178419.4,
CHL,2018,4.75406,126.7867,23.05121,,179648.7,
CHL,2019,4.9614,133.2977,22.73239,,180878.0,
CHL,2020,4.51771,126.1561,23.27507,,182107.0,
CHL,2021,4.57992,127.2099,,,183336.2,
CHL,2022,4.62475,129.5282,,,184565.266,
CHL,2023,3.91719,116.8374,,,185794.421,
CHL,2024,3.93744,118.1209,,,,
CHN,1970,1.11388,1714.4214,,,,
CHN,1971,1.08778,1747.0062,,,,
CHN,1972,1.13155,1825.1622,,,,
CHN,1973,1.15108,1880.9338,,,,
CHN,1974,1.14703,1901.6715,,,,
CHN,1975,1.29215,2089.2454,,,,
CHN,1976,1.32391,2151.9246,,,,
CHN,1977,1.46805,2337.5534,,,,
CHN,1978,1.6325,2548.354,,,,
CHN,1979,1.65002,2606.606,,,,
CHN,1980,1.59466,2584.9435,,,,
CHN,1981,1.56016,2564.3295,,,,
CHN,1982,1.60698,2662.9986,,,,
CHN,1983,1.66675,2781.8181,,,,
CHN,1984,1.79253,2972.9751,,,,
CHN,1985,1.78725,2990.5891,,,,
CHN,1986,1.86984,3132.1613,,,,
CHN,1987,1.9679,3319.7289,,,,
CHN,1988,2.08199,3510.8085,,,,
CHN,1989,2.12049,3634.8486,,,,
CHN,1990,2.12677,3712.7437,49.29828,,1571405.9,3.68487
CHN,1991,2.21606,3845.5088,49.06723,,1591265.86,
CHN,1992,2.29172,3965.0768,48.89242,,1611125.82,
CHN,1993,2.45255,4171.7358,48.79137,,1630985.78,
CHN,1994,2.55649,4354.601,48.78159,,1650845.74,
CHN,1995,2.79351,4762.3283,48.88059,,1670705.7,
CHN,1996,2.74342,4771.0044,49.08138,,1690565.66,
CHN,1997,2.7944,4794.633,49.34863,,1710425.62,
CHN,1998,2.83592,4898.2088,49.65734,,1730285.58,
CHN,1999,2.75219,4850.3924,49.98252,,1750145.54,
CHN,2000,2.88908,5063.8922,50.29919,,1770005.5,4.09048
CHN,2001,3.00748,5255.0745,50.62805,,1793615.33,
CHN,2002,3.22795,5584.8311,50.96793,,1817225.16,
CHN,2003,3.70468,6292.8849,51.26104,,1840834.99,
CHN,2004,4.2407,7131.5343,51.44962,,1864444.82,
CHN,2005,4.78299,7974.396,51.47588,,1888054.65,
CHN,2006,5.28053,8759.3389,50.96967,,1911664.48,
CHN,2007,5.70763,9356.3434,49.88626,,1935274.31,
CHN,2008,5.85226,9576.2959,48.65602,,1958884.14,
CHN,2009,6.24909,10196.8722,47.70933,7.95097,1982493.97,
CHN,2010,6.80718,11062.0446,47.47655,,2006103.8,
CHN,2011,7.40185,12056.806,51.34994,,2025471.54,
CHN,2012,7.58442,12419.567,48.12073,,2044839.28,
CHN,2013,7.89328,12948.608,58.46622,,2064207.02,
CHN,2014,7.93164,13095.1974,54.56883,,2083574.76,
CHN,2015,7.79057,12931.0416,50.83254,,2102942.5,4.8788
CHN,2016,7.76322,12913.087,46.83247,,2124600.0,
CHN,2017,7.87803,13160.5935,45.83693,,2143390.0,
CHN,2018,8.21774,13740.9299,40.26639,,2162190.0,
CHN,2019,8.39148,14052.8622,37.54758,,2180990.0,
CHN,2020,8.47858,14230.2296,34.81052,,2199780.0,
CHN,2021,8.88716,14866.4936,,,2218580.0,
CHN,2022,8.86483,14857.4011,,,2237370.0,
CHN,2023,9.23028,15411.7834,,,2256168.9,
CHN,2024,9.31509,15536.1217,,,,
CIV,1970,0.48337,6.0353,,,,
CIV,1971,0.47207,6.1639,,,,
CIV,1972,0.5017,6.5699,,,,
CIV,1973,0.49312,6.7599,,,,
CIV,1974,0.48396,6.9691,,,,
CIV,1975,0.50218,7.4335,,,,
CIV,1976,0.55097,8.0917,,,,
CIV,1977,0.52677,8.2713,,,,
CIV,1978,0.58701,9.0424,,,,
CIV,1979,0.5268,8.9114,,,,
CIV,1980,0.48172,8.8625,,,,
CIV,1981,0.42361,8.9237,,,,
CIV,1982,0.38679,9.2784,,,,
CIV,1983,0.43736,10.7112,,,,
CIV,1984,0.37455,10.6031,,,,
CIV,1985,0.3299,10.5216,,,,
CIV,1986,0.3313,10.4609,,,,
CIV,1987,0.31107,10.4158,,,,
CIV,1988,0.30272,10.3695,,,,
CIV,1989,0.2798,9.9928,,,,
CIV,1990,0.24382,9.9376,50.62186,,78508.6,3.39866
CIV,1991,0.24163,10.2538,47.31994,,75752.19,
CIV,1992,0.23121,10.387,44.84185,,72995.78,
CIV,1993,0.23575,10.6167,43.13585,,70239.37,
CIV,1994,0.2369,11.4811,42.1502,,67482.96,
CIV,1995,0.24927,12.089,41.83315,,64726.55,
CIV,1996,0.29996,13.4398,42.97279,,61970.14,
CIV,1997,0.3514,14.7175,45.69041,,59213.73,
CIV,1998,0.32794,14.4967,48.93402,,56457.32,
CIV,1999,0.42386,16.4148,51.65165,,53700.91,
CIV,2000,0.39365,16.3241,52.79129,,50944.5,3.32231
CIV,2001,0.38435,16.532,52.4492,,49815.63,
CIV,2002,0.39601,17.3099,51.56637,,48686.76,
CIV,2003,0.30401,15.8514,50.35796,,47557.89,
CIV,2004,0.30598,16.6589,49.03914,,46429.02,
CIV,2005,0.31868,17.5958,47.82506,,45300.15,
CIV,2006,0.30558,17.7482,46.47958,,44171.28,
CIV,2007,0.29647,18.1591,44.84743,,43042.41,
CIV,2008,0.32157,19.0181,43.26503,,41913.54,
CIV,2009,0.29145,18.4168,42.06884,0.00076,40784.67,
CIV,2010,0.32528,19.8203,41.5953,,39655.8,
CIV,2011,0.308,20.4445,49.5497,,38526.94,
CIV,2012,0.38438,23.0251,51.35589,,37398.08,
CIV,2013,0.4094,24.3394,40.06596,,36269.22,
CIV,2014,0.42643,25.2868,38.93233,,35140.36,
CIV,2015,0.4462,26.3751,61.95461,,34011.5,3.26602
CIV,2016,0.43877,27.5021,55.65399,,32882.6,
CIV,2017,0.46122,28.4254,50.66544,,31753.7,
CIV,2018,0.44943,27.9065,50.89581,,30624.8,
CIV,2019,0.46761,29.8106,44.33243,,29496.0,
CIV,2020,0.45955,30.1406,49.49778,,28367.1,
CIV,2021,0.58032,35.0561,,,27238.267,
CIV,2022,0.6057,36.5208,,,26109.389,
CIV,2023,0.57515,36.7288,,,24980.541,
CIV,2024,0.58905,38.0267,,,,
CMR,1970,0.18306,7.7397,,,,
CMR,1971,0.14021,7.7767,,,,
CMR,1972,0.14233,7.5669,,,,
CMR,1973,0.14457,7.6012,,,,
CMR,1974,0.13709,7.7992,,,,
CMR,1975,0.16897,8.4768,,,,
CMR,1976,0.15316,8.7875,,,,
CMR,1977,0.20847,9.7765,,,,
CMR,1978,0.21974,10.6471,,,,
CMR,1979,0.23207,12.9045,,,,
CMR,1980,0.23943,15.8263,,,,
CMR,1981,0.24687,18.5818,,,,
CMR,1982,0.25556,20.4234,,,,
CMR,1983,0.50547,23.0003,,,,
CMR,1984,0.51384,25.7292,,,,
CMR,1985,0.48961,29.94,,,,
CMR,1986,0.57525,30.4017,,,,
CMR,1987,0.50738,30.2981,,,,
CMR,1988,0.31035,27.7756,,,,
CMR,1989,0.43292,30.4327,,,,
CMR,1990,0.41975,30.0848,43.72225,,225000.0,1.29139
CMR,1991,0.38843,29.3003,42.18203,,224097.49,
CMR,1992,0.36285,28.26,41.06991,,223194.98,
CMR,1993,0.38531,27.4932,40.33657,,222292.47,
CMR,1994,0.40514,26.687,39.93273,,221389.96,
CMR,1995,0.39482,27.2835,39.80907,,220487.45,
CMR,1996,0.39405,28.5482,40.42969,,219584.94,
CMR,1997,0.38633,28.0435,41.90962,,218682.43,
CMR,1998,0.39161,28.7155,43.67599,,217779.92,
CMR,1999,0.36725,29.3652,45.15593,,216877.41,
CMR,2000,0.38399,30.6929,45.77654,,215974.9,1.85263
CMR,2001,0.37234,30.8104,45.26272,,215277.89,
CMR,2002,0.35735,29.6126,44.01347,,214580.88,
CMR,2003,0.35494,30.3552,42.46715,,213883.87,
CMR,2004,0.33937,30.1098,41.06212,,213186.86,
CMR,2005,0.32044,30.3052,40.23673,,212489.85,
CMR,2006,0.31775,29.5934,39.904,,211792.84,
CMR,2007,0.37324,30.401,39.65813,,211095.83,
CMR,2008,0.38058,30.1899,39.45918,,210398.82,
CMR,2009,0.40357,31.0696,39.26724,0.07237,209701.81,
CMR,2010,0.39801,30.5004,39.04238,,209004.8,
CMR,2011,0.36721,30.1934,38.59233,,208444.8,
CMR,2012,0.36095,30.9694,41.85374,,207884.8,
CMR,2013,0.38216,32.8896,37.1007,,207324.8,
CMR,2014,0.40211,35.2925,37.00907,,206764.8,
CMR,2015,0.40352,38.5535,51.94995,,206204.8,2.29088
CMR,2016,0.41363,38.9792,44.76925,,205644.8,
CMR,2017,0.40878,37.7546,43.21491,,205084.8,
CMR,2018,0.42523,38.1696,40.88756,,204524.8,
CMR,2019,0.40269,38.8919,40.73558,,203964.8,
CMR,2020,0.39633,39.5947,39.81263,,203404.8,
CMR,2021,0.3845,39.8362,,,202844.8,
CMR,2022,0.37759,40.3485,,,202284.8,
CMR,2023,0.36418,40.358,,,201724.8,
CMR,2024,0.35342,40.6219,,,,
COD,1970,0.14539,9.7212,,,,
COD,1971,0.14292,9.9629,,,,
COD,1972,0.14317,10.2434,,,,
COD,1973,0.14024,10.4582,,,,
COD,1974,0.14344,10.8115,,,,
COD,1975,0.1373,10.9749,,,,
COD,1976,0.13129,15.7201,,,,
COD,1977,0.13253,15.5928,,,,
COD,1978,0.12938,14.9175,,,,
COD,1979,0.13818,15.9741,,,,
COD,1980,0.13254,15.6713,,,,
COD,1981,0.13767,16.1699,,,,
COD,1982,0.10745,20.8914,,,,
COD,1983,0.13608,22.9558,,,,
COD,1984,0.12856,26.2854,,,,
COD,1985,0.11619,23.5704,,,,
COD,1986,0.10541,24.806,,,,
COD,1987,0.11215,26.058,,,,
COD,1988,0.11279,27.1659,,,,
COD,1989,0.10388,24.4193,,,,
COD,1990,0.09188,25.3323,24.57763,,1506290.0,0.03238
COD,1991,0.04998,23.0224,24.79676,,1499560.0,
COD,1992,0.04153,23.641,25.00147,,1492830.0,
COD,1993,0.03864,25.4757,25.18345,,1486100.0,
COD,1994,0.05827,23.3382,25.33441,,1479370.0,
COD,1995,0.05213,23.9856,25.44601,,1472640.0,
COD,1996,0.05653,25.0851,25.53428,,1465910.0,
COD,1997,0.05579,23.7662,25.62061,,1459180.0,
COD,1998,0.05405,24.4995,25.70482,,1452450.0,
COD,1999,0.0483,23.9343,25.78671,,1445720.0,
COD,2000,0.03717,26.349,25.86608,,1438990.0,0.01992
COD,2001,0.03501,24.3669,26.01608,,1432260.0,
COD,2002,0.03562,23.2355,26.25963,,1425530.0,
COD,2003,0.04191,24.5076,26.52125,,1418800.0,
COD,2004,0.03887,25.0346,26.72544,,1412070.0,
COD,2005,0.04225,25.6697,26.79668,,1405340.0,
COD,2006,0.0421,26.2362,26.70376,,1398610.0,
COD,2007,0.04512,27.0044,26.51171,,1391880.0,
COD,2008,0.04492,27.6823,26.2894,,1385150.0,
COD,2009,0.04232,27.6743,26.10568,0.01789,1378420.0,
COD,2010,0.04296,28.8028,26.02944,,1371690.0,
COD,2011,0.04755,29.8786,26.60053,,1360676.24,
COD,2012,0.04118,36.8022,26.70775,,1349662.48,
COD,2013,0.04394,38.7601,26.11668,,1338648.72,
COD,2014,0.0474,40.7347,26.90587,,1327634.96,
COD,2015,0.04433,42.257,28.46187,,1316621.2,0.01277
COD,2016,0.03562,42.7513,26.75503,,1305607.4,
COD,2017,0.03737,44.4244,26.84466,,1294593.7,
COD,2018,0.04622,45.1086,26.72277,,1283580.0,
COD,2019,0.04783,46.7926,26.33793,,1272570.0,
COD,2020,0.04825,49.6278,26.64948,,1261550.0,
COD,2021,0.04667,52.844,,,1250540.0,
COD,2022,0.06101,55.978,,,1239520.0,
COD,2023,0.05804,57.201,,,1228511.159,
COD,2024,0.05682,58.4917,,,,
COG,1970,1.29025,2.4693,,,,
COG,1971,1.43341,2.7485,,,,
COG,1972,1.33081,2.9578,,,,
COG,1973,5.84144,11.4656,,,,
COG,1974,8.14276,15.7828,,,,
COG,1975,4.89548,10.3142,,,,
COG,1976,4.61659,10.308,,,,
COG,1977,1.44615,4.8504,,,,
COG,1978,0.8749,4.4578,,,,
COG,1979,0.77656,4.6081,,,,
COG,1980,0.99684,5.5402,,,,
COG,1981,1.09533,6.5847,,,,
COG,1982,1.24333,7.3999,,,,
COG,1983,1.25595,7.5392,,,,
COG,1984,1.20899,9.0336,,,,
COG,1985,1.19287,8.8573,,,,
COG,1986,1.12859,8.7701,,,,
COG,1987,1.11955,9.3947,,,,
COG,1988,1.07543,10.2685,,,,
COG,1989,1.04601,10.9119,,,,
COG,1990,1.00166,10.903,24.22281,,223150.0,0.56625
COG,1991,0.99337,10.7838,24.38018,,223030.0,
COG,1992,0.94179,10.8585,24.56143,,222910.0,
COG,1993,0.90242,11.1968,24.7598,,222790.0,
COG,1994,0.80209,9.8096,24.96853,,222670.0,
COG,1995,0.99299,12.1338,25.18086,,222550.0,
COG,1996,1.16259,15.6656,25.45048,,222430.0,
COG,1997,1.17194,16.3154,25.80321,,222310.0,
COG,1998,1.364,19.5795,26.19049,,222190.0,
COG,1999,1.3746,19.9457,26.56376,,222070.0,
COG,2000,1.43174,21.6697,26.87444,,221950.0,1.04115
COG,2001,1.34419,20.2091,27.18841,,221830.0,
COG,2002,0.85339,13.2454,27.55634,,221710.0,
COG,2003,1.03507,14.9718,27.90681,,221590.0,
COG,2004,1.01524,16.1617,28.16842,,221470.0,
COG,2005,1.17157,19.7678,28.26976,,221350.0,
COG,2006,1.25546,21.7643,28.14079,,221230.0,
COG,2007,1.07142,18.7086,27.83685,,221110.0,
COG,2008,1.07747,18.5281,27.47456,,220990.0,
COG,2009,1.14836,20.2034,27.17055,0.2629,220870.0,
COG,2010,1.18585,22.0041,27.04147,,220750.0,
COG,2011,1.05243,21.1253,27.858,,220630.0,
COG,2012,0.94493,20.3596,28.54476,,220510.0,
COG,2013,1.11985,19.7788,28.12029,,220390.0,
COG,2014,1.06054,20.2122,27.806,,220270.0,
COG,2015,1.1281,20.0504,30.55911,,220150.0,0.94406
COG,2016,1.07044,19.7518,28.21608,,220030.0,
COG,2017,1.03367,21.4216,28.58311,,219910.0,
COG,2018,1.17123,25.1015,27.96447,,219760.0,
COG,2019,1.28892,26.2687,28.74842,,219610.0,
COG,2020,1.28685,25.1544,28.57375,,219460.0,
COG,2021,1.20634,23.298,,,219310.0,
COG,2022,1.38493,24.421,,,219160.0,
COG,2023,1.27245,24.4166,,,219010.0,
COG,2024,1.33536,24.623,,,,
COL,1970,1.38616,82.1717,,,,
COL,1971,1.36753,84.9499,,,,
COL,1972,1.3692,86.8743,,,,
COL,1973,1.3807,88.9807,,,,
COL,1974,1.39842,91.664,,,,
COL,1975,1.47054,95.7443,,,,
COL,1976,1.53524,99.9274,,,,
COL,1977,1.54198,102.3835,,,,
COL,1978,1.60781,106.0703,,,,
COL,1979,1.581,106.6067,,,,
COL,1980,1.57382,107.5565,,,,
COL,1981,1.55701,109.1941,,,,
COL,1982,1.54312,111.5519,,,,
COL,1983,1.58189,112.7512,,,,
COL,1984,1.57156,112.8354,,,,
COL,1985,1.59074,114.9849,,,,
COL,1986,1.57557,118.017,,,,
COL,1987,1.60992,122.9113,,,,
COL,1988,1.59372,124.9551,,,,
COL,1989,1.60968,128.8743,,,,
COL,1990,1.64,132.2351,26.47488,,649581.4,2.04828
COL,1991,1.6625,133.801,26.30134,,647358.76,
COL,1992,1.72781,139.0838,26.14064,,645136.12,
COL,1993,1.79021,143.6136,25.98951,,642913.48,
COL,1994,1.74539,144.9581,25.84467,,640690.84,
COL,1995,1.78708,150.1113,25.70285,,638468.2,
COL,1996,1.73271,150.2392,25.62395,,636245.56,
COL,1997,1.84164,157.5925,25.62227,,634022.92,
COL,1998,1.8189,159.5553,25.62612,,631800.28,
COL,1999,1.56653,147.7486,25.56383,,629577.64,
COL,2000,1.62232,153.0725,25.36372,,627355.0,2.17984
COL,2001,1.58738,153.8539,24.82458,,625427.29,
COL,2002,1.50246,152.6071,23.92935,,623499.58,
COL,2003,1.4669,153.2679,22.88257,,621571.87,
COL,2004,1.44656,153.8665,21.88874,,619644.16,
COL,2005,1.46902,157.5663,21.1524,,617716.45,
COL,2006,1.38319,156.4089,20.60039,,615788.74,
COL,2007,1.41655,161.2139,20.06416,,613861.03,
COL,2008,1.39852,162.342,19.60513,,611933.32,
COL,2009,1.47547,167.7937,19.2847,0.65713,610005.61,
COL,2010,1.522,173.7982,19.16429,,608077.9,
COL,2011,1.61664,177.2547,20.55184,,606731.64,
COL,2012,1.61001,175.2878,18.14309,,605385.38,
COL,2013,1.81218,185.4022,18.92825,,604039.12,
COL,2014,1.82364,185.3514,18.33821,,602692.86,
COL,2015,1.83557,187.0444,17.60798,,601346.6,2.34106
COL,2016,1.86548,190.7726,17.31222,,599594.9,
COL,2017,1.68289,187.1258,17.25285,,597397.7,
COL,2018,1.74192,195.8783,16.04929,,595404.8,
COL,2019,1.72439,201.0933,14.51587,,593412.0,
COL,2020,1.66507,199.6455,14.18325,,591419.1,
COL,2021,1.80058,212.6989,,,589426.267,
COL,2022,1.70754,209.7608,,,587433.389,
COL,2023,1.77361,215.4766,,,585440.541,
COL,2024,1.7978,217.5857,,,,
COM,1970,0.08969,0.1937,,,,
COM,1971,0.08695,0.1976,,,,
COM,1972,0.08382,0.2004,,,,
COM,1973,0.0837,0.2051,,,,
COM,1974,0.08739,0.2114,,,,
COM,1975,0.08794,0.2165,,,,
COM,1976,0.08806,0.2244,,,,
COM,1977,0.08811,0.2295,,,,
COM,1978,0.08688,0.2351,,,,
COM,1979,0.09701,0.2411,,,,
COM,1980,0.09238,0.241,,,,
COM,1981,0.08607,0.2401,,,,
COM,1982,0.07784,0.2374,,,,
COM,1983,0.08278,0.2377,,,,
COM,1984,0.07785,0.239,,,,
COM,1985,0.07545,0.2358,,,,
COM,1986,0.04257,0.2237,,,,
COM,1987,0.12255,0.257,,,,
COM,1988,0.10956,0.2587,,,,
COM,1989,0.09859,0.2625,,,,
COM,1990,0.08839,0.3117,10.55434,,460.6,3.56127
COM,1991,0.10471,0.3008,10.45706,,456.22,
COM,1992,0.08708,0.2984,10.39854,,451.84,
COM,1993,0.08339,0.3045,10.36917,,447.46,
COM,1994,0.08172,0.3106,10.35931,,443.08,
COM,1995,0.08255,0.3215,10.35932,,438.7,
COM,1996,0.08395,0.332,10.54178,,434.32,
COM,1997,0.08212,0.338,10.97478,,429.94,
COM,1998,0.1024,0.3598,11.492,,425.56,
COM,1999,0.10478,0.386,11.9271,,421.18,
COM,2000,0.16807,0.4194,12.11376,,416.8,3.57063
COM,2001,0.17744,0.424,12.10936,,412.42,
COM,2002,0.17963,0.4358,12.08579,,408.04,
COM,2003,0.22885,0.4602,12.04849,,403.66,
COM,2004,0.24143,0.4795,12.00291,,399.28,
COM,2005,0.22896,0.4844,11.95451,,394.9,
COM,2006,0.26738,0.5154,11.86286,,390.52,
COM,2007,0.1736,0.4651,11.71374,,386.14,
COM,2008,0.16939,0.4713,11.55186,,381.76,
COM,2009,0.20671,0.5061,11.42194,0.02219,377.38,
COM,2010,0.23807,0.535,11.3687,,373.0,
COM,2011,0.21076,0.529,12.34368,,368.62,
COM,2012,0.21331,0.5425,11.63965,,364.24,
COM,2013,0.25079,0.582,12.26759,,359.86,
COM,2014,0.21715,0.5705,11.39616,,355.48,
COM,2015,0.23559,0.5926,11.90893,,351.1,3.21938
COM,2016,0.27018,0.6325,12.20417,,346.7,
COM,2017,0.34454,0.7022,10.85988,,342.3,
COM,2018,0.26867,0.6568,11.62829,,338.0,
COM,2019,0.28732,0.6922,10.41272,,333.6,
COM,2020,0.33497,0.7452,11.93327,,329.2,
COM,2021,0.48547,0.8759,,,324.8,
COM,2022,0.51523,0.9195,,,320.4,
COM,2023,0.51541,0.9369,,,316.0,
COM,2024,0.51498,0.9494,,,,
CPV,1970,0.52104,0.2283,,,,
CPV,1971,0.51012,0.2264,,,,
CPV,1972,0.5017,0.2291,,,,
CPV,1973,0.51487,0.231,,,,
CPV,1974,0.55095,0.239,,,,
CPV,1975,0.5663,0.2447,,,,
CPV,1976,0.58005,0.2527,,,,
CPV,1977,0.59424,0.2607,,,,
CPV,1978,0.59751,0.2665,,,,
CPV,1979,0.68267,0.2977,,,,
CPV,1980,0.66223,0.297,,,,
CPV,1981,0.62468,0.2904,,,,
CPV,1982,0.24585,0.1737,,,,
CPV,1983,0.26536,0.1701,,,,
CPV,1984,0.30832,0.1866,,,,
CPV,1985,0.30285,0.1928,,,,
CPV,1986,0.09651,0.1282,,,,
CPV,1987,0.14134,0.1546,,,,
CPV,1988,0.1725,0.1793,,,,
CPV,1989,0.18896,0.193,,,,
CPV,1990,0.1433,0.2157,42.97169,,153.8,8.12831
CPV,1991,0.17603,0.2403,42.81896,,178.14,
CPV,1992,0.17056,0.2686,42.72854,,202.48,
CPV,1993,0.1627,0.2719,42.68539,,226.82,
CPV,1994,0.18697,0.2689,42.67443,,251.16,
CPV,1995,0.18345,0.298,42.68061,,275.5,
CPV,1996,0.21524,0.2863,43.28503,,299.84,
CPV,1997,0.21026,0.3017,44.71226,,324.18,
CPV,1998,0.21192,0.3223,46.41247,,348.52,
CPV,1999,0.21768,0.3424,47.83581,,372.86,
CPV,2000,0.61811,0.5292,48.43244,,397.2,7.87631
CPV,2001,0.70564,0.5657,47.52682,,400.2,
CPV,2002,0.77359,0.6062,45.22335,,403.2,
CPV,2003,0.76724,0.5439,42.14216,,406.2,
CPV,2004,0.81252,0.5805,38.90334,,409.2,
CPV,2005,1.25187,0.803,36.127,,412.2,
CPV,2006,1.34616,0.8547,33.46518,,415.2,
CPV,2007,1.5095,0.9413,30.49946,,418.2,
CPV,2008,1.44688,0.9172,27.74422,,421.2,
CPV,2009,1.39902,0.9083,25.71386,0.00984,424.2,
CPV,2010,1.47082,0.9559,24.92276,,427.2,
CPV,2011,1.70438,1.0803,42.20199,,430.2,
CPV,2012,1.46107,0.9568,51.11123,,433.2,
CPV,2013,1.42808,0.9427,36.41468,,436.2,
CPV,2014,1.51095,0.9893,31.35085,,439.2,
CPV,2015,1.54334,1.0092,51.42041,,442.2,6.4517
CPV,2016,1.62012,1.055,43.03149,,445.2,
CPV,2017,1.73155,1.0987,53.86926,,448.2,
CPV,2018,1.5506,1.0039,31.73842,,451.2,
CPV,2019,1.62983,1.0509,39.35191,,454.2,
CPV,2020,1.22076,0.8442,42.32252,,457.2,
CPV,2021,1.25404,0.8726,,,460.2,
CPV,2022,1.30854,0.9098,,,463.2,
CPV,2023,1.24595,0.883,,,466.2,
CPV,2024,1.2883,0.9126,,,,
CRI,1970,0.78001,5.9664,,,,
CRI,1971,0.76647,6.1096,,,,
CRI,1972,0.83699,6.4695,,,,
CRI,1973,0.92182,7.0107,,,,
CRI,1974,0.88207,7.01,,,,
CRI,1975,0.94241,7.3849,,,,
CRI,1976,0.94498,7.476,,,,
CRI,1977,1.15981,8.2429,,,,
CRI,1978,1.22026,8.6633,,,,
CRI,1979,1.1847,8.8746,,,,
CRI,1980,1.04228,8.7186,,,,
CRI,1981,0.93925,8.8168,,,,
CRI,1982,0.78141,8.4378,,,,
CRI,1983,0.77171,8.7731,,,,
CRI,1984,0.77943,8.9708,,,,
CRI,1985,0.79941,8.8621,,,,
CRI,1986,0.81197,8.9362,,,,
CRI,1987,0.83372,8.9556,,,,
CRI,1988,0.86021,9.0729,,,,
CRI,1989,0.94746,9.3716,,,,
CRI,1990,0.93423,9.5949,20.71916,,29074.0,2.0969
CRI,1991,0.98489,9.8804,20.50901,,29023.82,
CRI,1992,1.29201,11.0737,20.34882,,28973.64,
CRI,1993,1.26657,11.0798,20.23626,,28923.46,
CRI,1994,1.45011,11.4995,20.16895,,28873.28,
CRI,1995,1.40519,10.9581,20.14455,,28823.1,
CRI,1996,1.31116,10.914,20.28422,,28772.92,
CRI,1997,1.2645,10.9314,20.61763,,28722.74,
CRI,1998,1.36924,11.493,21.00518,,28672.56,
CRI,1999,1.33844,11.2527,21.3073,,28622.38,
CRI,2000,1.30313,10.9881,21.38437,,28572.2,2.01241
CRI,2001,1.37996,11.1374,21.25036,,28586.18,
CRI,2002,1.38536,11.1518,21.02862,,28600.16,
CRI,2003,1.46632,11.5841,20.74369,,28614.14,
CRI,2004,1.47145,11.8563,20.42009,,28628.12,
CRI,2005,1.49161,12.2624,20.08236,,28642.1,
CRI,2006,1.59798,12.8317,19.60908,,28656.08,
CRI,2007,1.76102,13.9419,18.96732,,28670.06,
CRI,2008,1.71851,14.1231,18.31428,,28684.04,
CRI,2009,1.62648,13.9482,17.80717,0.70105,28698.02,
CRI,2010,1.58829,14.1068,17.6032,,28712.0,
CRI,2011,1.67,14.5276,19.42518,,28875.66,
CRI,2012,1.63797,14.1283,17.93692,,29039.32,
CRI,2013,1.68258,14.4725,18.49016,,29202.98,
CRI,2014,1.68785,14.6924,17.55396,,29366.64,
CRI,2015,1.61016,14.4908,17.66362,,29530.3,2.00237
CRI,2016,1.69149,15.1719,16.89736,,29694.0,
CRI,2017,1.70887,15.5189,17.16588,,29857.7,
CRI,2018,1.70246,15.9983,15.13074,,30021.3,
CRI,2019,1.63875,15.8529,13.37664,,30185.0,
CRI,2020,1.4253,14.3477,14.30757,,30348.7,
CRI,2021,1.59153,15.4278,,,30512.4,
CRI,2022,1.61316,15.685,,,30676.1,
CRI,2023,1.58609,16.7267,,,30839.8,
CRI,2024,1.63284,17.0769,,,,
CUB,1970,2.48135,42.4845,,,,
CUB,1971,2.45837,40.832,,,,
CUB,1972,2.37809,39.9425,,,,
CUB,1973,2.52683,41.7924,,,,
CUB,1974,2.70587,44.0278,,,,
CUB,1975,2.75113,45.0061,,,,
CUB,1976,2.87514,46.914,,,,
CUB,1977,3.10967,49.4396,,,,
CUB,1978,3.31173,52.168,,,,
CUB,1979,3.33618,53.2072,,,,
CUB,1980,3.40731,53.6154,,,,
CUB,1981,3.41727,54.1622,,,,
CUB,1982,3.37646,53.5258,,,,
CUB,1983,3.60727,55.8026,,,,
CUB,1984,3.77554,58.7418,,,,
CUB,1985,3.48489,55.9722,,,,
CUB,1986,3.51755,56.6909,,,,
CUB,1987,3.79766,59.6134,,,,
CUB,1988,3.92323,61.2983,,,,
CUB,1989,3.96077,62.8157,,,,
CUB,1990,3.63673,59.0318,20.92157,,20580.0,2.48437
CUB,1991,2.81099,49.7088,20.64559,,20957.0,
CUB,1992,2.21746,42.9524,20.43088,,21334.0,
CUB,1993,2.01772,39.1491,20.27809,,21711.0,
CUB,1994,2.06716,40.1499,20.18787,,22088.0,
CUB,1995,2.19166,41.1078,20.16086,,22465.0,
CUB,1996,2.36581,43.8597,20.29433,,22842.0,
CUB,1997,2.58078,46.362,20.60498,,23219.0,
CUB,1998,2.52503,45.2348,20.97254,,23596.0,
CUB,1999,2.58688,45.7257,21.27677,,23973.0,
CUB,2000,2.6101,46.0279,21.39742,,24350.0,2.4333
CUB,2001,2.49668,44.4571,21.20631,,24847.0,
CUB,2002,2.37669,43.0607,20.75606,,25344.0,
CUB,2003,2.30144,42.1516,20.19762,,25841.0,
CUB,2004,2.25263,41.31,19.68195,,26338.0,
CUB,2005,2.32679,41.5119,19.35997,,26835.0,
CUB,2006,2.37533,42.8436,19.19549,,27332.0,
CUB,2007,2.44623,43.8461,19.05823,,27829.0,
CUB,2008,2.36177,43.2677,18.95805,,28326.0,
CUB,2009,2.38541,43.7491,18.90479,0.72744,28823.0,
CUB,2010,2.49451,44.5408,18.90831,,29320.0,
CUB,2011,2.45523,44.3657,19.67207,,29824.0,
CUB,2012,2.5558,45.4924,19.62764,,30328.0,
CUB,2013,2.56876,46.0097,19.91135,,30832.0,
CUB,2014,2.38403,44.1134,20.76206,,31336.0,
CUB,2015,2.61117,46.2138,21.40052,,31840.0,2.50495
CUB,2016,2.42369,44.1408,19.7476,,32410.0,
CUB,2017,2.35682,43.1098,20.13279,,32420.0,
CUB,2018,2.38547,43.453,20.91537,,32420.0,
CUB,2019,1.98985,38.9997,20.34311,,32420.0,
CUB,2020,1.65364,34.484,21.23672,,32420.0,
CUB,2021,1.95602,37.7423,,,32420.0,
CUB,2022,1.78698,34.997,,,32420.0,
CUB,2023,1.81741,35.0999,,,32420.0,
CUB,2024,1.91299,35.9857,,,,
CUW,1990,,,,,,2.24624
CUW,2000,,,,,,1.99584
CUW,2011,,,,,0.7,
CUW,2012,,,,,0.7,
CUW,2013,,,,,0.7,
CUW,2014,,,,,0.7,
CUW,2015,,,,,0.7,1.68015
CUW,2016,,,,,0.7,
CUW,2017,,,,,0.7,
CUW,2018,,,,,0.7,
CUW,2019,,,,,0.7,
CUW,2020,,,,,0.7,
CUW,2021,,,,,0.7,
CUW,2022,,,,,0.7,
CUW,2023,,,,,0.7,
CYM,1970,2.45317,0.0361,,,,
CYM,1971,2.48693,0.0385,,,,
CYM,1972,3.04318,0.0472,,,,
CYM,1973,3.07927,0.0502,,,,
CYM,1974,2.76041,0.0487,,,,
CYM,1975,3.35074,0.0593,,,,
CYM,1976,3.05106,0.0579,,,,
CYM,1977,3.38299,0.0658,,,,
CYM,1978,3.40815,0.0687,,,,
CYM,1979,3.38817,0.0709,,,,
CYM,1980,3.34914,0.0733,,,,
CYM,1981,3.26166,0.0752,,,,
CYM,1982,3.14667,0.0761,,,,
CYM,1983,3.16869,0.085,,,,
CYM,1984,3.60321,0.0851,,,,
CYM,1985,3.57813,0.088,,,,
CYM,1986,3.80232,0.0967,,,,
CYM,1987,4.11303,0.1074,,,,
CYM,1988,4.50921,0.1205,,,,
CYM,1989,4.45445,0.1234,,,,
CYM,1990,4.45017,0.1298,,,131.3,20.08785
CYM,1991,4.1914,0.128,,,131.1,
CYM,1992,4.08791,0.1308,,,130.9,
CYM,1993,3.61956,0.1223,,,130.7,
CYM,1994,4.06673,0.1431,,,130.5,
CYM,1995,4.08026,0.1499,,,130.3,
CYM,1996,3.88367,0.1494,,,130.1,
CYM,1997,3.82916,0.1538,,,129.9,
CYM,1998,3.77553,0.1581,,,129.7,
CYM,1999,3.68822,0.1606,,,129.5,
CYM,2000,3.32964,0.1512,,,129.3,19.29977
CYM,2001,3.18333,0.1509,,,129.09,
CYM,2002,3.3683,0.1639,,,128.88,
CYM,2003,3.43242,0.1721,,,128.67,
CYM,2004,3.08476,0.1614,,,128.46,
CYM,2005,3.14397,0.1692,,,128.25,
CYM,2006,3.4106,0.1874,,,128.04,
CYM,2007,4.13388,0.2305,,,127.83,
CYM,2008,4.35769,0.2491,,,127.62,
CYM,2009,4.32552,0.2532,,,127.41,
CYM,2010,4.5694,0.2735,,,127.2,
CYM,2011,3.58954,0.2251,,,127.2,
CYM,2012,3.3429,0.2164,,,127.2,
CYM,2013,3.69448,0.2427,,,127.2,
CYM,2014,3.85805,0.2588,,,127.2,
CYM,2015,4.07028,0.2784,,,127.2,17.6167
CYM,2016,4.17116,0.2915,,,127.2,
CYM,2017,4.35423,0.3099,,,127.2,
CYM,2018,4.68904,0.3389,,,128.1,
CYM,2019,5.84461,0.4254,,,127.2,
CYM,2020,4.83228,0.3633,,,127.2,
CYM,2021,4.48023,0.3458,,,126.6,
CYM,2022,5.00342,0.3912,,,126.4,
CYM,2023,4.92073,0.3927,,,125.933,
CYM,2024,4.99617,0.4059,,,,
CYP,1970,3.3487,2.9681,,,,
CYP,1971,3.34057,3.0131,,,,
CYP,1972,4.02987,3.5098,,,,
CYP,1973,4.16286,3.6297,,,,
CYP,1974,3.20058,2.8887,,,,
CYP,1975,3.28205,2.8159,,,,
CYP,1976,3.97579,3.2618,,,,
CYP,1977,4.18887,3.4448,,,,
CYP,1978,4.32027,3.5854,,,,
CYP,1979,4.57384,3.7826,,,,
CYP,1980,4.7879,3.9696,,,,
CYP,1981,4.54628,3.8491,,,,
CYP,1982,4.54503,3.9393,,,,
CYP,1983,4.45587,3.9433,,,,
CYP,1984,4.45315,4.0263,,,,
CYP,1985,4.30343,3.9872,,,,
CYP,1986,4.70754,4.35,,,,
CYP,1987,5.37902,4.9447,,,,
CYP,1988,5.37015,5.0165,,,,
CYP,1989,5.59736,5.2714,,,,
CYP,1990,5.88469,5.5814,19.49738,,1611.1,4.28557
CYP,1991,6.46178,6.1216,19.90452,,1621.6,
CYP,1992,6.77505,6.5271,20.25392,,1632.1,
CYP,1993,6.95734,6.8145,20.54317,,1642.6,
CYP,1994,7.09309,7.0932,20.76983,,1653.1,
CYP,1995,6.79383,6.9855,20.93149,,1663.6,
CYP,1996,7.06994,7.3823,20.96692,,1674.1,
CYP,1997,7.03256,7.4603,20.85881,,1684.6,
CYP,1998,7.23538,7.7921,20.67054,,1695.1,
CYP,1999,7.38568,8.0719,20.46549,,1705.6,
CYP,2000,7.5268,8.3371,20.30703,,1716.1,4.19936
CYP,2001,7.2589,8.2625,20.18141,,1717.33,
CYP,2002,7.31171,8.4896,20.03596,,1718.56,
CYP,2003,7.84732,9.1693,19.87575,,1719.79,
CYP,2004,7.65231,9.1238,19.70582,,1721.02,
CYP,2005,7.63016,9.2335,19.53125,,1722.25,
CYP,2006,7.59803,9.3521,19.32344,,1723.48,
CYP,2007,7.74568,9.6652,19.07761,,1724.71,
CYP,2008,7.78552,9.8767,18.83454,,1725.94,
CYP,2009,7.47036,9.6837,18.63498,0.00268,1727.17,
CYP,2010,7.01719,9.3535,18.51971,,1728.4,
CYP,2011,6.67872,9.1367,18.4875,,1728.14,
CYP,2012,6.11139,8.604,16.87665,,1727.88,
CYP,2013,5.44026,7.9246,16.24067,,1727.62,
CYP,2014,5.67257,8.3397,16.11148,,1727.36,
CYP,2015,5.62213,8.4065,16.91221,,1727.1,4.04474
CYP,2016,5.83771,8.8287,14.48133,,1726.1,
CYP,2017,5.87048,9.0329,15.10712,,1725.9,
CYP,2018,5.67702,8.9344,15.2495,,1725.7,
CYP,2019,5.60889,8.9769,15.00666,,1725.5,
CYP,2020,5.22359,8.6129,13.5087,,1725.3,
CYP,2021,5.25253,8.7563,,,1725.1,
CYP,2022,5.42531,9.0554,,,1724.9,
CYP,2023,5.35563,9.1078,,,1724.7,
CYP,2024,5.4047,9.3432,,,,
CZE,1970,19.10049,220.0944,,,,
CZE,1971,19.18762,221.0153,,,,
CZE,1972,19.10136,221.1157,,,,
CZE,1973,18.79919,219.3419,,,,
CZE,1974,16.9969,202.9018,,,,
CZE,1975,17.60207,210.7334,,,,
CZE,1976,18.01869,216.5952,,,,
CZE,1977,18.94096,228.4491,,,,
CZE,1978,18.62701,226.5264,,,,
CZE,1979,19.48287,236.9222,,,,
CZE,1980,18.78086,229.7947,,,,
CZE,1981,18.85083,230.1927,,,,
CZE,1982,19.01693,232.1522,,,,
CZE,1983,19.06358,233.2529,,,,
CZE,1984,19.29915,236.519,,,,
CZE,1985,19.03399,233.3289,,,,
CZE,1986,18.83561,231.8286,,,,
CZE,1987,18.81128,231.5447,,,,
CZE,1988,18.409,227.6567,,,,
CZE,1989,17.67125,219.7439,,,,
CZE,1990,16.01606,199.5816,25.7203,,,0.0
CZE,1991,14.56623,179.9961,25.53405,,,
CZE,1992,13.99138,172.1907,25.26156,,,
CZE,1993,13.538,165.7469,24.91803,,26317.81,
CZE,1994,13.00254,158.003,24.51866,,26325.68,
CZE,1995,12.93583,156.9918,24.07865,,26333.55,
CZE,1996,13.32003,162.0867,23.40205,,26341.42,
CZE,1997,13.00589,158.4916,22.4506,,26349.29,
CZE,1998,12.43092,152.0616,21.476,,26357.16,
CZE,1999,11.64129,144.0565,20.72995,,26365.03,
CZE,2000,12.90257,158.1381,20.46417,,26372.9,0.0
CZE,2001,12.94238,158.1937,20.6939,,26392.99,
CZE,2002,12.49428,152.4268,21.15749,,26413.08,
CZE,2003,12.81807,155.5017,21.69125,,26433.17,
CZE,2004,12.89901,156.295,22.13153,,26453.26,
CZE,2005,12.63788,153.1457,22.31466,,26473.35,
CZE,2006,12.77395,154.8529,22.16831,,26493.44,
CZE,2007,12.84967,156.691,21.8193,,26513.53,
CZE,2008,12.14498,150.3402,21.40271,,26533.62,
CZE,2009,11.4624,143.2321,21.05361,0.15575,26553.71,
CZE,2010,11.55145,145.0687,20.90707,,26573.8,
CZE,2011,11.2536,142.5796,21.01412,,26595.82,
CZE,2012,10.84876,138.2693,19.28828,,26617.84,
CZE,2013,10.41754,133.7778,18.93364,,26639.86,
CZE,2014,10.18865,131.9113,18.36175,,26661.88,
CZE,2015,10.26844,133.526,17.81281,,26683.9,0.0
CZE,2016,10.3929,134.6853,16.9929,,26698.5,
CZE,2017,10.41875,135.4786,16.94328,,26716.6,
CZE,2018,10.2865,133.859,17.34674,,26734.7,
CZE,2019,9.72457,128.1939,14.23369,,26752.8,
CZE,2020,8.86716,118.2477,14.11107,,26770.9,
CZE,2021,9.47243,123.5249,,,26789.0,
CZE,2022,9.15365,121.9162,,,26807.1,
CZE,2023,7.88006,108.8331,,,26825.2,
CZE,2024,7.12967,100.3792,,,,
DEU,1970,13.86886,1325.3148,,,,
DEU,1971,13.75257,1317.7546,,,,
DEU,1972,14.04188,1341.9601,,,,
DEU,1973,14.662,1396.902,,,,
DEU,1974,14.21045,1363.1178,,,,
DEU,1975,13.4763,1298.8183,,,,
DEU,1976,14.33026,1361.9327,,,,
DEU,1977,14.08768,1337.8385,,,,
DEU,1978,14.58482,1379.5641,,,,
DEU,1979,15.22031,1433.043,,,,
DEU,1980,14.50046,1379.3718,,,,
DEU,1981,14.02369,1342.734,,,,
DEU,1982,13.45161,1292.203,,,,
DEU,1983,13.68556,1305.5015,,,,
DEU,1984,13.94083,1322.5721,,,,
DEU,1985,13.97953,1323.1335,,,,
DEU,1986,13.89413,1311.8178,,,,
DEU,1987,13.77075,1300.5716,,,,
DEU,1988,13.63652,1293.0854,,,,
DEU,1989,13.33862,1280.5787,,,,
DEU,1990,12.74912,1235.6329,22.5262,,113000.0,1.93694
DEU,1991,12.39434,1210.1667,22.2071,,113054.0,
DEU,1992,11.6316,1146.5932,21.8587,,113108.0,
DEU,1993,11.45107,1132.9111,21.48302,,113162.0,
DEU,1994,11.23856,1118.7802,21.08206,,113216.0,
DEU,1995,11.1471,1110.4873,20.65781,,113270.0,
DEU,1996,11.46745,1137.3094,20.16693,,113324.0,
DEU,1997,11.06217,1099.1763,19.60712,,113378.0,
DEU,1998,11.0498,1079.0992,19.04192,,113432.0,
DEU,1999,10.60489,1037.3483,18.53489,,113486.0,
DEU,2000,10.5993,1033.125,18.14958,,113540.0,1.96366
DEU,2001,10.75258,1041.6524,17.80806,,113595.0,
DEU,2002,10.5462,1021.9461,17.42512,,113650.0,
DEU,2003,10.63696,1024.3756,17.05342,,113705.0,
DEU,2004,10.46327,1007.1599,16.7456,,113760.0,
DEU,2005,10.20679,980.8167,16.5543,,113815.0,
DEU,2006,10.38462,987.4569,16.46733,,113870.0,
DEU,2007,10.04781,959.3779,16.41788,,113925.0,
DEU,2008,10.1073,958.308,16.37666,,113980.0,
DEU,2009,9.37864,892.9403,16.31436,0.03282,114035.0,
DEU,2010,9.96567,939.3062,16.20169,,114090.0,
DEU,2011,9.81777,910.5429,15.71617,,114110.0,
DEU,2012,9.94745,921.4354,13.90786,,114130.0,
DEU,2013,10.14086,938.5372,13.6634,,114150.0,
DEU,2014,9.61631,899.2232,12.28225,,114170.0,
DEU,2015,9.60885,904.2443,12.82535,,114190.0,1.99003
DEU,2016,9.58423,906.921,11.7807,,114190.0,
DEU,2017,9.36977,890.4565,11.89785,,114190.0,
DEU,2018,9.00658,859.3059,11.6526,,114190.0,
DEU,2019,8.38218,806.0433,10.63785,,114190.0,
DEU,2020,7.72103,747.0268,10.28769,,114190.0,
DEU,2021,8.06128,773.6886,,,114190.0,
DEU,2022,7.91183,758.3872,,,114190.0,
DEU,2023,7.07983,685.6584,,,114190.0,
DEU,2024,6.94396,674.3583,,,,
DJI,1970,4.90167,0.9826,,,,
DJI,1971,4.58694,0.9979,,,,
DJI,1972,4.25849,1.0035,,,,
DJI,1973,4.10594,1.0347,,,,
DJI,1974,4.10824,1.1102,,,,
DJI,1975,3.91648,1.1692,,,,
DJI,1976,3.69468,1.2185,,,,
DJI,1977,3.46762,1.2965,,,,
DJI,1978,3.20357,1.3402,,,,
DJI,1979,3.40347,1.4965,,,,
DJI,1980,3.12171,1.5143,,,,
DJI,1981,2.26966,1.2718,,,,
DJI,1982,2.02337,1.2229,,,,
DJI,1983,1.60626,1.132,,,,
DJI,1984,1.24358,1.0416,,,,
DJI,1985,1.18181,1.0748,,,,
DJI,1986,1.04353,1.0712,,,,
DJI,1987,1.41462,1.3138,,,,
DJI,1988,1.19086,1.2932,,,,
DJI,1989,2.34449,1.9939,,,,
DJI,1990,1.68186,1.8507,37.20444,,56.0,9.60659
DJI,1991,1.94853,2.124,36.23316,,56.0,
DJI,1992,1.67793,1.9616,35.64048,,56.0,
DJI,1993,1.68093,1.9785,35.33385,,56.0,
DJI,1994,1.6869,2.0104,35.2207,,56.0,
DJI,1995,1.70138,2.0886,35.20848,,56.0,
DJI,1996,1.72068,2.1553,36.01479,,56.0,
DJI,1997,1.66355,2.1747,37.92683,,56.0,
DJI,1998,1.63566,2.2213,40.20645,,56.0,
DJI,1999,1.64812,2.3256,42.11553,,56.0,
DJI,2000,0.98164,1.8682,42.91592,,56.0,9.88277
DJI,2001,0.97885,1.8814,42.46526,,56.0,
DJI,2002,0.98407,1.9158,41.38959,,56.0,
DJI,2003,1.01645,1.9756,40.10339,,56.0,
DJI,2004,0.95809,1.956,39.02115,,56.0,
DJI,2005,0.89863,1.9349,38.55733,,56.0,
DJI,2006,0.84544,1.9141,38.64806,,56.0,
DJI,2007,0.85783,1.9505,38.95662,,56.0,
DJI,2008,0.90385,2.0404,39.48828,,56.0,
DJI,2009,0.79899,1.9345,40.24829,6.79685,56.0,
DJI,2010,0.87245,2.0146,41.24191,,56.0,
DJI,2011,0.66111,1.8431,44.85043,,56.0,
DJI,2012,0.82338,2.0373,49.94589,,56.0,
DJI,2013,0.88889,2.1361,47.87596,,56.0,
DJI,2014,0.88111,2.1581,42.84276,,56.0,
DJI,2015,0.80005,2.0958,45.16489,,56.0,11.07459
DJI,2016,0.71845,2.0778,44.09597,,56.0,
DJI,2017,0.64142,2.0224,44.0854,,56.1,
DJI,2018,0.68627,2.0927,43.05731,,56.4,
DJI,2019,0.76568,2.2216,39.72186,,57.0,
DJI,2020,0.67491,2.1626,35.92433,,58.0,
DJI,2021,0.73106,2.2602,,,58.733,
DJI,2022,0.76229,2.3452,,,59.644,
DJI,2023,0.76326,2.3884,,,60.436,
DJI,2024,0.76554,2.4173,,,,
DMA,1970,0.11029,0.0322,,,,
DMA,1971,0.1093,0.0343,,,,
DMA,1972,0.13132,0.0368,,,,
DMA,1973,0.13176,0.0381,,,,
DMA,1974,0.11675,0.0383,,,,
DMA,1975,0.13972,0.0413,,,,
DMA,1976,0.12636,0.0417,,,,
DMA,1977,0.13811,0.0442,,,,
DMA,1978,0.13751,0.0456,,,,
DMA,1979,0.13569,0.0472,,,,
DMA,1980,0.13409,0.0483,,,,
DMA,1981,0.19456,0.0538,,,,
DMA,1982,0.18297,0.0539,,,,
DMA,1983,0.18103,0.0543,,,,
DMA,1984,0.20123,0.0572,,,,
DMA,1985,0.20211,0.0596,,,,
DMA,1986,0.17506,0.0601,,,,
DMA,1987,0.26048,0.0717,,,,
DMA,1988,0.30167,0.0756,,,,
DMA,1989,0.31075,0.079,,,,
DMA,1990,0.30592,0.0795,20.48241,,503.1,12.05278
DMA,1991,0.30882,0.0793,20.26644,,500.66,
DMA,1992,0.31158,0.0795,20.08247,,498.22,
DMA,1993,0.55881,0.097,19.93717,,495.78,
DMA,1994,0.73693,0.1098,19.83723,,493.34,
DMA,1995,0.84786,0.1176,19.78936,,490.9,
DMA,1996,0.9307,0.1236,19.81055,,488.46,
DMA,1997,0.89756,0.1214,19.88588,,486.02,
DMA,1998,0.52225,0.0953,19.97412,,483.58,
DMA,1999,0.89879,0.1212,20.03408,,481.14,
DMA,2000,0.79111,0.1139,20.02453,,478.7,12.24549
DMA,2001,0.79809,0.1142,19.83223,,478.7,
DMA,2002,0.71965,0.1088,19.45224,,478.7,
DMA,2003,0.81715,0.1162,19.00585,,478.7,
DMA,2004,0.8711,0.1204,18.61431,,478.7,
DMA,2005,0.85693,0.1196,18.3989,,478.7,
DMA,2006,0.90835,0.1236,18.36059,,478.7,
DMA,2007,1.09809,0.1375,18.38968,,478.7,
DMA,2008,1.06893,0.1358,18.44141,,478.7,
DMA,2009,1.0891,0.1376,18.47105,,478.7,
DMA,2010,1.12258,0.1405,18.43385,,478.7,
DMA,2011,0.86166,0.1245,18.06563,,478.7,
DMA,2012,0.78561,0.1201,18.60395,,478.7,
DMA,2013,0.85921,0.1257,19.05419,,478.7,
DMA,2014,0.95065,0.1334,19.2837,,478.7,
DMA,2015,1.02826,0.1388,21.02139,,478.7,12.85685
DMA,2016,1.11628,0.1445,21.02693,,478.7,
DMA,2017,1.01028,0.1355,20.17032,,478.7,
DMA,2018,1.04879,0.1379,20.31273,,478.7,
DMA,2019,1.26989,0.1533,20.04342,,478.7,
DMA,2020,1.14099,0.1441,20.6673,,478.7,
DMA,2021,1.13687,0.1438,,,478.7,
DMA,2022,1.2151,0.1488,,,478.7,
DMA,2023,1.22388,0.1493,,,478.7,
DMA,2024,1.27332,0.1524,,,,
DNK,1970,12.57195,80.2958,,,,
DNK,1971,11.62463,75.788,,,,
DNK,1972,11.96854,77.4512,,,,
DNK,1973,11.70721,76.9825,,,,
DNK,1974,10.38407,71.6287,,,,
DNK,1975,10.80575,73.3201,,,,
DNK,1976,11.90418,77.7265,,,,
DNK,1977,12.20247,81.0966,,,,
DNK,1978,12.15252,81.0423,,,,
DNK,1979,12.79131,84.1512,,,,
DNK,1980,12.6639,84.6309,,,,
DNK,1981,10.65349,72.4633,,,,
DNK,1982,11.10915,75.3855,,,,
DNK,1983,10.42487,73.2626,,,,
DNK,1984,10.75053,72.3122,,,,
DNK,1985,12.27088,79.8011,,,,
DNK,1986,12.37773,80.8038,,,,
DNK,1987,11.97874,78.3168,,,,
DNK,1988,11.20852,73.8622,,,,
DNK,1989,10.09431,68.7271,,,,
DNK,1990,10.1988,69.0215,18.39263,,5314.4,12.70432
DNK,1991,12.23994,79.7265,18.0091,,5354.56,
DNK,1992,11.09828,73.7117,17.64472,,5394.72,
DNK,1993,11.5088,76.3105,17.29941,,5434.88,
DNK,1994,12.23448,80.0755,16.97312,,5475.04,
DNK,1995,11.57812,77.064,16.66576,,5515.2,
DNK,1996,14.06363,90.5236,16.40278,,5555.36,
DNK,1997,12.15733,80.6331,16.19362,,5595.52,
DNK,1998,11.35992,76.5921,16.01414,,5635.68,
DNK,1999,10.7627,73.5247,15.84023,,5675.84,
DNK,2000,9.95379,69.5235,15.64778,,5716.0,12.61305
DNK,2001,10.21551,71.1002,15.39541,,5730.89,
DNK,2002,10.09321,70.2651,15.08175,,5745.78,
DNK,2003,11.07316,75.7686,14.74265,,5760.67,
DNK,2004,10.01306,69.6877,14.41397,,5775.56,
DNK,2005,9.34585,65.9709,14.13155,,5790.45,
DNK,2006,10.77743,73.1747,13.86452,,5805.34,
DNK,2007,9.86357,68.6771,13.58544,,5820.23,
DNK,2008,9.21101,64.9763,13.33532,,5835.12,
DNK,2009,8.76481,62.7426,13.15517,0.0,5850.01,
DNK,2010,8.7532,63.1292,13.08601,,5864.9,
DNK,2011,7.80618,57.817,13.35568,,5941.28,
DNK,2012,6.90264,52.9598,10.81146,,6017.66,
DNK,2013,7.18356,54.5542,10.39633,,6094.04,
DNK,2014,6.41399,50.385,10.81049,,6170.42,
DNK,2015,5.99477,48.2385,10.22673,,6246.8,12.57034
DNK,2016,6.22876,49.984,9.23432,,6246.6,
DNK,2017,5.81888,47.703,10.09456,,6256.0,
DNK,2018,5.78875,47.6681,10.35393,,6265.6,
DNK,2019,5.17324,44.0304,9.61197,,6275.0,
DNK,2020,4.76522,41.8742,9.06984,,6284.4,
DNK,2021,5.04788,43.2563,,,6293.8,
DNK,2022,4.82704,41.5535,,,6303.2,
DNK,2023,4.40737,38.9461,,,6312.6,
DNK,2024,4.27821,38.2646,,,,
DOM,1970,0.8828,8.6469,,,,
DOM,1971,0.86908,9.2289,,,,
DOM,1972,1.08795,10.5751,,,,
DOM,1973,1.0571,10.7738,,,,
DOM,1974,1.09983,11.7556,,,,
DOM,1975,1.11073,12.2574,,,,
DOM,1976,1.11055,12.607,,,,
DOM,1977,1.16976,13.1651,,,,
DOM,1978,1.16257,13.1573,,,,
DOM,1979,1.19754,13.8114,,,,
DOM,1980,1.20296,14.0666,,,,
DOM,1981,1.11639,13.4839,,,,
DOM,1982,1.06154,13.7643,,,,
DOM,1983,1.2013,15.2603,,,,
DOM,1984,1.23497,15.5886,,,,
DOM,1985,1.06104,14.5628,,,,
DOM,1986,1.16114,15.4526,,,,
DOM,1987,1.3064,16.8799,,,,
DOM,1988,1.28382,16.9697,,,,
DOM,1989,1.33892,18.0041,,,,
DOM,1990,1.12131,16.6547,17.76493,,15948.9,1.51431
DOM,1991,1.14967,17.459,17.55441,,16326.48,
DOM,1992,1.30834,18.7112,17.42515,,16704.06,
DOM,1993,1.26676,18.777,17.35996,,17081.64,
DOM,1994,1.45258,20.4489,17.34168,,17459.22,
DOM,1995,1.51596,21.1833,17.35312,,17836.8,
DOM,1996,1.60211,22.3866,17.54241,,18214.38,
DOM,1997,1.79169,24.2932,17.96514,,18591.96,
DOM,1998,2.02087,26.4547,18.46529,,18969.54,
DOM,1999,2.15563,27.0603,18.88685,,19347.12,
DOM,2000,2.21498,27.616,19.07381,,19724.7,1.66557
DOM,2001,2.19583,28.2314,19.01262,,19825.35,
DOM,2002,2.37439,30.6239,18.83237,,19926.0,
DOM,2003,2.09259,28.3249,18.59104,,20026.65,
DOM,2004,1.91386,27.775,18.34657,,20127.3,
DOM,2005,2.03685,28.968,18.15692,,20227.95,
DOM,2006,2.20308,31.1964,18.00881,,20328.6,
DOM,2007,2.19493,32.3024,17.85924,,20429.25,
DOM,2008,2.16443,32.5613,17.72165,,20529.9,
DOM,2009,2.04647,32.1294,17.60945,0.07871,20630.55,
DOM,2010,2.13109,33.5341,17.53608,,20731.2,
DOM,2011,2.12429,33.9006,17.47133,,20792.26,
DOM,2012,2.17319,34.7882,17.64682,,20853.32,
DOM,2013,2.10754,34.4869,17.66346,,20914.38,
DOM,2014,2.10372,34.9999,18.93966,,20975.44,
DOM,2015,2.2879,37.4114,19.95718,,21036.5,1.84398
DOM,2016,2.35716,38.7951,19.24917,,21117.4,
DOM,2017,2.23015,38.0381,19.12033,,21198.3,
DOM,2018,2.37697,40.3847,19.58928,,21279.2,
DOM,2019,2.61257,43.5951,19.49682,,21360.1,
DOM,2020,2.44597,42.5129,19.82674,,21441.0,
DOM,2021,2.66716,45.8203,,,21521.9,
DOM,2022,2.85937,48.8468,,,21602.8,
DOM,2023,2.89367,49.8018,,,21683.7,
DOM,2024,2.99473,51.5808,,,,
DZA,1970,1.42857,56.3049,,,,
DZA,1971,1.63214,59.6942,,,,
DZA,1972,2.43649,81.8045,,,,
DZA,1973,3.20215,94.5109,,,,
DZA,1974,2.63659,84.2313,,,,
DZA,1975,2.32213,80.5824,,,,
DZA,1976,2.86879,94.9769,,,,
DZA,1977,3.06476,103.3825,,,,
DZA,1978,3.27609,112.0139,,,,
DZA,1979,3.18373,113.4489,,,,
DZA,1980,3.0743,109.0937,,,,
DZA,1981,2.80957,102.3543,,,,
DZA,1982,2.86144,105.5036,,,,
DZA,1983,2.87933,108.0939,,,,
DZA,1984,2.93151,113.2958,,,,
DZA,1985,3.25713,124.042,,,,
DZA,1986,3.29513,128.8837,,,,
DZA,1987,3.08104,126.8366,,,,
DZA,1988,3.02535,126.8524,,,,
DZA,1989,2.95682,129.7728,,,,
DZA,1990,2.84365,132.0026,22.35937,,16670.0,1.5525
DZA,1991,2.89342,132.8175,22.73089,,16582.0,
DZA,1992,3.18393,142.908,23.15534,,16494.0,
DZA,1993,3.04193,145.9062,23.62642,,16406.0,
DZA,1994,2.9101,144.3706,24.13781,,16318.0,
DZA,1995,2.9441,152.5231,24.68321,,16230.0,
DZA,1996,2.80744,151.5479,25.41091,,16142.0,
DZA,1997,2.69185,142.0394,26.33596,,16054.0,
DZA,1998,2.7098,141.1603,27.25214,,15966.0,
DZA,1999,2.78776,145.3804,27.95326,,15878.0,
DZA,2000,2.84557,153.6762,28.23311,,15790.0,1.38234
DZA,2001,2.73923,142.9341,28.13193,,16129.0,
DZA,2002,2.82474,142.3188,27.86794,,16468.0,
DZA,2003,2.99934,155.9363,27.5019,,16807.0,
DZA,2004,2.96142,153.9169,27.09454,,17146.0,
DZA,2005,3.06259,158.9641,26.70663,,17485.0,
DZA,2006,3.1378,167.1979,26.33557,,17824.0,
DZA,2007,3.18567,166.8475,25.93054,,18163.0,
DZA,2008,3.2659,174.8589,25.47991,,18502.0,
DZA,2009,3.271,170.9414,24.97204,0.03922,18841.0,
DZA,2010,3.27777,178.7394,24.3953,,19180.0,
DZA,2011,3.3819,185.3149,23.57211,,19256.0,
DZA,2012,3.72601,201.4691,24.39682,,19332.0,
DZA,2013,3.79362,206.292,22.38026,,19408.0,
DZA,2014,3.95442,218.9797,24.11112,,19484.0,
DZA,2015,4.11245,228.8334,25.61887,,19560.0,1.24567
DZA,2016,3.93496,226.6876,25.55315,,19560.0,
DZA,2017,3.98952,231.7154,24.75215,,19430.0,
DZA,2018,4.11258,240.5806,24.93359,,19300.0,
DZA,2019,4.19652,247.0899,24.38861,,19390.0,
DZA,2020,3.90423,233.8311,25.55266,,19490.0,
DZA,2021,4.05087,245.8762,,,19580.0,
DZA,2022,4.16006,255.8633,,,19680.0,
DZA,2023,4.12828,258.939,,,19775.926,
DZA,2024,3.9808,252.7,,,,
ECU,1970,0.81566,12.427,,,,
ECU,1971,0.70848,11.7505,,,,
ECU,1972,0.68644,13.4039,,,,
ECU,1973,0.84308,17.2124,,,,
ECU,1974,1.00005,18.0915,,,,
ECU,1975,1.0534,18.6774,,,,
ECU,1976,1.17305,20.6408,,,,
ECU,1977,1.32597,22.296,,,,
ECU,1978,1.44983,23.8433,,,,
ECU,1979,1.52909,25.2983,,,,
ECU,1980,1.56695,26.3196,,,,
ECU,1981,1.6799,27.9789,,,,
ECU,1982,1.64718,28.2696,,,,
ECU,1983,1.50816,27.9522,,,,
ECU,1984,1.54279,29.937,,,,
ECU,1985,1.61747,31.3856,,,,
ECU,1986,1.64996,32.3558,,,,
ECU,1987,1.48205,29.2404,,,,
ECU,1988,1.62559,33.836,,,,
ECU,1989,1.59535,33.7712,,,,
ECU,1990,1.67629,35.3257,46.99346,,146322.1,7.41002
ECU,1991,1.64393,35.9926,46.54614,,145420.39,
ECU,1992,1.69563,38.4118,46.11345,,144518.68,
ECU,1993,1.62101,39.3441,45.69409,,143616.97,
ECU,1994,1.66671,41.5173,45.28676,,142715.26,
ECU,1995,1.79498,44.2189,44.89016,,141813.55,
ECU,1996,2.02946,48.5581,44.49112,,140911.84,
ECU,1997,2.07677,49.8287,44.09594,,140010.13,
ECU,1998,2.00229,47.7977,43.73252,,139108.42,
ECU,1999,1.74102,44.3388,43.42879,,138206.71,
ECU,2000,1.73867,42.7261,43.21268,,137305.0,7.34969
ECU,2001,1.88348,46.6754,43.11107,,136602.69,
ECU,2002,1.84935,46.8752,43.0814,,135900.38,
ECU,2003,1.86512,48.9518,43.04735,,135198.07,
ECU,2004,1.96682,52.7095,42.93261,,134495.76,
ECU,2005,2.08474,53.5679,42.6609,,133793.45,
ECU,2006,2.19913,56.0864,40.665,,133091.14,
ECU,2007,2.20911,56.322,36.2867,,132388.83,
ECU,2008,2.24142,57.9155,30.81312,,131686.52,
ECU,2009,2.38705,62.0556,25.53139,0.33647,130984.21,
ECU,2010,2.53722,66.0468,21.72865,,130281.9,
ECU,2011,2.50021,66.6231,19.59193,,129863.88,
ECU,2012,2.48269,66.9629,20.86504,,129445.86,
ECU,2013,2.60378,70.2536,19.85926,,129027.84,
ECU,2014,2.71026,72.1948,20.27918,,128609.82,
ECU,2015,2.66048,70.9107,20.17296,,128191.8,7.21542
ECU,2016,2.54879,70.1102,20.73992,,127549.1,
ECU,2017,2.44984,68.6262,19.24593,,126906.4,
ECU,2018,2.47599,69.315,18.38668,,126263.7,
ECU,2019,2.41784,69.7536,17.76993,,125621.0,
ECU,2020,2.08586,63.9626,16.65702,,124978.3,
ECU,2021,2.32777,68.4667,,,124335.6,
ECU,2022,2.47809,70.8565,,,123692.9,
ECU,2023,2.60233,73.1998,,,123050.2,
ECU,2024,2.64475,74.4086,,,,
EGY,1970,0.73524,59.1585,,,,
EGY,1971,0.71021,58.5629,,,,
EGY,1972,0.75418,59.466,,,,
EGY,1973,0.68625,56.6417,,,,
EGY,1974,0.77519,60.9888,,,,
EGY,1975,0.81626,65.5369,,,,
EGY,1976,0.92173,73.3404,,,,
EGY,1977,0.92864,77.0115,,,,
EGY,1978,0.91766,80.0727,,,,
EGY,1979,0.97196,84.0627,,,,
EGY,1980,1.04009,90.2214,,,,
EGY,1981,1.14442,97.2194,,,,
EGY,1982,1.20299,103.6174,,,,
EGY,1983,1.30099,111.325,,,,
EGY,1984,1.38988,120.2739,,,,
EGY,1985,1.41573,125.7648,,,,
EGY,1986,1.4365,128.4493,,,,
EGY,1987,1.51415,137.4807,,,,
EGY,1988,1.51177,139.0924,,,,
EGY,1989,1.56202,145.3574,,,,
EGY,1990,1.56708,149.1836,57.42675,,438.1,15.60098
EGY,1991,1.56061,159.0324,60.0816,,453.5,
EGY,1992,1.58507,162.0299,62.25353,,468.9,
EGY,1993,1.55427,163.8677,63.88114,,484.3,
EGY,1994,1.45021,159.5339,64.90307,,499.7,
EGY,1995,1.51908,169.668,65.25794,,515.1,
EGY,1996,1.59521,180.0639,64.71089,,530.5,
EGY,1997,1.66267,187.4376,63.40511,,545.9,
EGY,1998,1.71748,192.1676,61.84636,,561.3,
EGY,1999,1.80938,205.2826,60.54038,,576.7,
EGY,2000,1.75027,205.5179,59.9929,,592.1,16.13275
EGY,2001,1.89149,219.4727,60.08159,,598.53,
EGY,2002,1.90142,225.6517,60.33265,,604.96,
EGY,2003,1.89915,230.8976,60.72461,,611.39,
EGY,2004,2.01841,245.7041,61.23601,,617.82,
EGY,2005,2.19957,264.5887,61.8454,,624.25,
EGY,2006,2.28386,276.7799,63.78294,,630.68,
EGY,2007,2.39638,291.1199,67.46148,,637.11,
EGY,2008,2.35284,294.1135,71.63352,,643.54,
EGY,2009,2.40387,301.7206,75.05157,0.01221,649.97,
EGY,2010,2.37408,301.7043,76.46814,,656.4,
EGY,2011,2.40787,311.4754,62.04862,,621.96,
EGY,2012,2.50058,326.2503,61.72476,,587.52,
EGY,2013,2.39951,320.1896,70.14846,,553.08,
EGY,2014,2.39012,325.1377,66.1215,,518.64,
EGY,2015,2.40382,331.5432,67.64896,,484.2,16.34491
EGY,2016,2.46076,344.7621,61.45776,,449.8,
EGY,2017,2.52379,357.5541,58.93534,,449.8,
EGY,2018,2.42443,352.9856,65.46313,,449.8,
EGY,2019,2.20384,326.4249,67.7529,,449.8,
EGY,2020,2.25206,335.7242,54.85871,,449.8,
EGY,2021,2.35795,352.548,,,449.8,
EGY,2022,2.29975,350.4004,,,449.8,
EGY,2023,2.4083,369.7262,,,449.8,
EGY,2024,2.50251,386.5982,,,,
ERI,1970,0.2748,4.106,,,,
ERI,1971,0.26635,4.1369,,,,
ERI,1972,0.24572,4.0877,,,,
ERI,1973,0.24176,4.1318,,,,
ERI,1974,0.23058,4.0968,,,,
ERI,1975,0.21424,4.0062,,,,
ERI,1976,0.20363,4.0081,,,,
ERI,1977,0.16795,3.9957,,,,
ERI,1978,0.16993,4.0535,,,,
ERI,1979,0.18345,4.1269,,,,
ERI,1980,0.18751,4.1786,,,,
ERI,1981,0.20577,4.242,,,,
ERI,1982,0.18732,4.2516,,,,
ERI,1983,0.18575,4.3679,,,,
ERI,1984,0.18276,4.2729,,,,
ERI,1985,0.18431,4.3784,,,,
ERI,1986,0.15793,4.4695,,,,
ERI,1987,0.15704,4.4278,,,,
ERI,1988,0.15767,4.4956,,,,
ERI,1989,0.15752,4.6315,,,,
ERI,1990,0.16195,4.7044,42.71483,,,16.34556
ERI,1991,0.19702,4.8044,41.4187,,,
ERI,1992,0.27302,5.0362,40.44705,,,
ERI,1993,0.36832,4.2558,39.77895,,11405.8,
ERI,1994,0.40273,4.4651,39.39346,,11374.2,
ERI,1995,0.4118,4.5882,39.26963,,11342.6,
ERI,1996,0.43092,5.0685,39.71874,,11311.0,
ERI,1997,0.39905,5.4616,40.78965,,11279.4,
ERI,1998,0.29325,5.2094,42.06778,,11247.8,
ERI,1999,0.30699,5.3378,43.13859,,11216.2,
ERI,2000,0.2983,5.4323,43.5875,,11184.6,16.10117
ERI,2001,0.31803,5.351,43.22943,,11153.0,
ERI,2002,0.30322,5.3057,42.37485,,11121.4,
ERI,2003,0.28084,5.4241,41.35256,,11089.8,
ERI,2004,0.27611,5.4954,40.49138,,11058.2,
ERI,2005,0.22704,5.4645,40.1201,,11026.6,
ERI,2006,0.201,5.3164,40.15859,,10995.0,
ERI,2007,0.19324,5.5337,40.27849,,10963.4,
ERI,2008,0.16443,5.4813,40.43626,,10931.8,
ERI,2009,0.16652,5.5426,40.58834,7.32348,10900.2,
ERI,2010,0.17547,5.5367,40.69119,,10868.6,
ERI,2011,0.20564,5.8192,40.86249,,10837.0,
ERI,2012,0.20886,5.8893,42.90584,,10805.4,
ERI,2013,0.19308,5.9201,43.47404,,10773.8,
ERI,2014,0.19243,5.9738,35.77756,,10742.2,
ERI,2015,0.18599,6.0066,41.14964,,10710.6,15.48554
ERI,2016,0.19112,6.0939,39.60733,,10679.0,
ERI,2017,0.18604,6.0952,41.40454,,10647.4,
ERI,2018,0.20518,6.2094,41.56138,,10615.8,
ERI,2019,0.20789,6.2722,36.26613,,10584.2,
ERI,2020,0.20402,6.3095,32.35152,,10552.6,
ERI,2021,0.2125,6.4029,,,10521.0,
ERI,2022,0.21995,6.495,,,10489.4,
ERI,2023,0.22021,6.537,,,10457.8,
ERI,2024,0.22005,6.5793,,,,
ESP,1970,4.22408,188.7198,,,,
ESP,1971,4.07315,186.3124,,,,
ESP,1972,4.38389,199.64,,,,
ESP,1973,4.70226,213.9807,,,,
ESP,1974,5.00086,227.5326,,,,
ESP,1975,5.10945,233.865,,,,
ESP,1976,5.55775,252.6156,,,,
ESP,1977,5.27867,245.4197,,,,
ESP,1978,5.19464,246.0898,,,,
ESP,1979,5.46322,258.8852,,,,
ESP,1980,5.67828,272.191,,,,
ESP,1981,5.7873,277.1216,,,,
ESP,1982,5.58174,272.9247,,,,
ESP,1983,5.63613,275.1019,,,,
ESP,1984,5.3281,265.9839,,,,
ESP,1985,5.13288,258.8969,,,,
ESP,1986,5.21717,264.1092,,,,
ESP,1987,5.23374,262.4364,,,,
ESP,1988,5.32978,270.1914,,,,
ESP,1989,5.79261,289.6132,,,,
ESP,1990,5.90387,294.547,16.43451,,139046.6,3.82383
ESP,1991,6.09381,302.7544,16.09772,,142235.87,
ESP,1992,6.26911,310.6038,15.80718,,145425.14,
ESP,1993,5.87139,296.1112,15.56392,,148614.41,
ESP,1994,6.12325,308.8733,15.36897,,151803.68,
ESP,1995,6.42052,325.0228,15.22336,,154992.95,
ESP,1996,6.13686,317.193,15.24627,,158182.22,
ESP,1997,6.59031,339.8332,15.46873,,161371.49,
ESP,1998,6.77741,349.8661,15.75957,,164560.76,
ESP,1999,7.29748,374.3481,15.98765,,167750.03,
ESP,2000,7.64972,392.4456,16.0218,,170939.3,3.88896
ESP,2001,7.60183,389.9999,15.84758,,172390.71,
ESP,2002,7.93092,408.1296,15.56447,,173842.12,
ESP,2003,7.96364,417.1299,15.2122,,175293.53,
ESP,2004,8.21253,434.2037,14.83048,,176744.94,
ESP,2005,8.42628,448.8607,14.45904,,178196.35,
ESP,2006,8.07107,440.4548,14.02204,,179647.76,
ESP,2007,8.21432,457.4613,13.49056,,181099.17,
ESP,2008,7.40131,422.1464,12.97465,,182550.58,
ESP,2009,6.47937,381.9898,12.5844,0.72919,184001.99,
ESP,2010,6.178,369.0798,12.42985,,185453.4,
ESP,2011,6.19393,368.7756,13.42005,,185465.08,
ESP,2012,6.09266,363.889,12.03954,,185476.76,
ESP,2013,5.50072,334.1026,11.2506,,185488.44,
ESP,2014,5.49369,332.7515,10.57986,,185500.12,
ESP,2015,5.84934,344.1544,11.25553,,185511.8,3.99843
ESP,2016,5.66204,336.159,10.33884,,185552.4,
ESP,2017,5.97762,350.3164,10.43667,,185593.0,
ESP,2018,5.80969,342.6507,10.18457,,185635.9,
ESP,2019,5.39812,324.2336,9.35354,,185678.8,
ESP,2020,4.52823,283.7113,9.58105,,185721.7,
ESP,2021,4.91513,302.6753,,,185764.6,
ESP,2022,4.99422,306.6168,,,185807.5,
ESP,2023,4.57046,286.8651,,,185850.4,
ESP,2024,4.50541,285.6383,,,,
EST,1970,15.6967,26.1623,,,,
EST,1971,15.52266,26.3227,,,,
EST,1972,16.6907,28.2854,,,,
EST,1973,18.88608,31.6768,,,,
EST,1974,20.85569,34.811,,,,
EST,1975,22.49936,37.4583,,,,
EST,1976,23.45559,39.108,,,,
EST,1977,24.23344,40.5364,,,,
EST,1978,25.67765,42.9573,,,,
EST,1979,26.5576,44.4864,,,,
EST,1980,27.39012,45.9705,,,,
EST,1981,27.91379,47.0391,,,,
EST,1982,27.82482,47.2343,,,,
EST,1983,27.45951,47.0672,,,,
EST,1984,26.60085,46.08,,,,
EST,1985,25.88402,45.3052,,,,
EST,1986,25.03282,44.3163,,,,
EST,1987,24.43544,43.7323,,,,
EST,1988,23.05212,41.7274,,,,
EST,1989,20.88965,38.4555,,,,
EST,1990,25.51667,45.6088,14.16775,,,1.74901
EST,1991,23.39446,41.9321,14.07167,,,
EST,1992,17.35363,31.4634,13.94097,,22124.98,
EST,1993,14.65216,26.3724,13.78088,,22157.97,
EST,1994,15.4246,26.6506,13.59663,,22190.96,
EST,1995,14.34081,24.6118,13.39346,,22223.95,
EST,1996,15.27691,25.6109,13.14872,,22256.94,
EST,1997,15.13353,25.1422,12.84916,,22289.93,
EST,1998,13.71209,22.9907,12.51415,,22322.92,
EST,1999,12.53025,21.3732,12.16302,,22355.91,
EST,2000,12.75712,21.761,11.81513,,22388.9,2.522
EST,2001,13.14617,22.2561,11.39229,,22486.03,
EST,2002,12.70076,21.5403,10.86599,,22583.16,
EST,2003,14.26579,23.5642,10.33013,,22680.29,
EST,2004,14.71183,24.1519,9.87859,,22777.42,
EST,2005,14.81346,24.0826,9.60526,,22874.55,
EST,2006,14.42854,23.4176,9.4915,,22971.68,
EST,2007,17.18061,27.2288,9.42874,,23068.81,
EST,2008,15.6166,25.1666,9.37598,,23165.94,
EST,2009,13.06759,21.8173,9.29224,0.0,23263.07,
EST,2010,16.68495,26.7567,9.13653,,23360.2,
EST,2011,16.82608,26.8763,8.27664,,23530.18,
EST,2012,16.05063,25.853,7.99014,,23700.16,
EST,2013,17.93373,28.4031,8.08122,,23870.14,
EST,2014,17.30743,27.6318,8.70768,,24040.12,
EST,2015,15.98152,25.9106,7.18496,,24210.1,2.61109
EST,2016,15.64672,25.299,6.87835,,24212.5,
EST,2017,16.67297,26.7821,6.15485,,24384.0,
EST,2018,17.88896,28.5447,7.79668,,24384.0,
EST,2019,11.65342,19.8753,6.84483,,24384.0,
EST,2020,9.12576,16.0162,6.14573,,24384.0,
EST,2021,9.71169,16.7189,,,24384.0,
EST,2022,11.13416,18.744,,,24384.0,
EST,2023,8.37351,14.9843,,,24384.0,
EST,2024,7.75937,14.1292,,,,
ETH,1970,0.04197,55.6581,,,,
ETH,1971,0.04096,55.9904,,,,
ETH,1972,0.03704,55.4529,,,,
ETH,1973,0.03938,56.0147,,,,
ETH,1974,0.03885,55.9337,,,,
ETH,1975,0.03373,54.397,,,,
ETH,1976,0.03274,54.2286,,,,
ETH,1977,0.03427,54.8666,,,,
ETH,1978,0.03477,55.4314,,,,
ETH,1979,0.03559,55.9425,,,,
ETH,1980,0.03641,55.9138,,,,
ETH,1981,0.0386,56.3556,,,,
ETH,1982,0.03407,57.4168,,,,
ETH,1983,0.03538,58.9978,,,,
ETH,1984,0.03208,57.5112,,,,
ETH,1985,0.03244,59.8999,,,,
ETH,1986,0.03955,63.2647,,,,
ETH,1987,0.04476,61.0578,,,,
ETH,1988,0.04495,61.9208,,,,
ETH,1989,0.04562,64.9793,,,,
ETH,1990,0.04595,66.7758,26.01815,,,0.0
ETH,1991,0.04356,67.6669,24.72777,,,
ETH,1992,0.03271,69.5142,23.77895,,,
ETH,1993,0.0402,64.4984,23.14021,,190395.0,
ETH,1994,0.04489,67.1074,22.78004,,189665.0,
ETH,1995,0.04912,68.2238,22.66699,,188935.0,
ETH,1996,0.0536,71.6734,23.12588,,188205.0,
ETH,1997,0.05428,74.0605,24.23017,,187475.0,
ETH,1998,0.0559,79.0561,25.57133,,186745.0,
ETH,1999,0.05348,79.1454,26.74078,,186015.0,
ETH,2000,0.05751,77.0809,27.32999,,185285.0,0.0
ETH,2001,0.0689,82.5438,27.45694,,184555.0,
ETH,2002,0.0687,90.3086,27.5335,,183825.0,
ETH,2003,0.07125,89.5895,27.5919,,183095.0,
ETH,2004,0.07534,92.1179,27.66438,,182365.0,
ETH,2005,0.06984,95.5325,27.78319,,181635.0,
ETH,2006,0.07181,101.3473,28.08628,,180905.0,
ETH,2007,0.07643,110.9999,28.6267,,180175.0,
ETH,2008,0.08025,116.4715,29.30936,,179445.0,
ETH,2009,0.07851,121.1547,30.03917,3.26302,178715.0,
ETH,2010,0.076,126.8018,30.72106,,177985.0,
ETH,2011,0.08544,126.6654,31.42916,,177255.0,
ETH,2012,0.0938,131.8642,32.64396,,176525.0,
ETH,2013,0.10607,137.0358,32.20391,,175795.0,
ETH,2014,0.12268,143.1733,29.71315,,175065.0,
ETH,2015,0.13007,147.7179,31.44361,,174335.0,0.0
ETH,2016,0.15022,154.2916,30.92713,,173605.0,
ETH,2017,0.14474,157.8414,30.41207,,172875.0,
ETH,2018,0.15506,162.6822,30.26234,,172145.0,
ETH,2019,0.15969,173.8742,28.68769,,171415.0,
ETH,2020,0.1515,181.5334,27.30533,,170685.0,
ETH,2021,0.15633,176.9606,,,169955.0,
ETH,2022,0.14623,180.4636,,,169225.0,
ETH,2023,0.14777,188.4469,,,168495.0,
ETH,2024,0.14664,192.704,,,,
FIN,1970,9.02502,58.2433,,,,
FIN,1971,8.88636,57.6068,,,,
FIN,1972,9.55948,61.2453,,,,
FIN,1973,10.3782,65.6166,,,,
FIN,1974,9.51114,61.8366,,,,
FIN,1975,9.50138,61.5922,,,,
FIN,1976,10.79311,67.4984,,,,
FIN,1977,10.69469,66.9567,,,,
FIN,1978,12.02099,74.0355,,,,
FIN,1979,11.94107,74.2132,,,,
FIN,1980,12.01422,75.1014,,,,
FIN,1981,10.00299,65.4783,,,,
FIN,1982,9.58536,63.5375,,,,
FIN,1983,9.20182,62.5915,,,,
FIN,1984,9.42807,62.9447,,,,
FIN,1985,10.29345,67.0717,,,,
FIN,1986,10.2815,67.3257,,,,
FIN,1987,11.19759,72.0085,,,,
FIN,1988,10.891,70.5338,,,,
FIN,1989,10.85602,70.5106,,,,
FIN,1990,11.27584,73.0407,9.25275,,218753.3,4.49583
FIN,1991,11.35101,73.4171,9.14895,,219323.61,
FIN,1992,10.72874,70.1413,9.04049,,219893.92,
FIN,1993,10.92853,71.6225,8.92717,,220464.23,
FIN,1994,12.20303,78.6633,8.80876,,221034.54,
FIN,1995,11.50216,75.3228,8.68504,,221604.85,
FIN,1996,12.67163,81.5896,8.54688,,222175.16,
FIN,1997,12.2073,79.6321,8.3951,,222745.47,
FIN,1998,11.5538,76.8877,8.24441,,223315.78,
FIN,1999,11.40224,76.1497,8.10951,,223886.09,
FIN,2000,11.11391,74.6876,8.00512,,224456.4,4.58353
FIN,2001,12.25438,80.7171,7.91864,,224252.76,
FIN,2002,12.63832,83.0125,7.82803,,224049.12,
FIN,2003,14.21354,91.6221,7.73385,,223845.48,
FIN,2004,13.47597,87.935,7.63664,,223641.84,
FIN,2005,11.10281,75.2059,7.53696,,223438.2,
FIN,2006,13.26473,87.4637,7.43418,,223234.56,
FIN,2007,12.87058,85.6334,7.32767,,223030.92,
FIN,2008,11.25982,76.7281,7.21793,,222827.28,
FIN,2009,10.69155,73.1198,7.1055,0.00039,222623.64,
FIN,2010,12.27719,82.9381,6.99088,,222420.0,
FIN,2011,10.80538,74.7015,6.87039,,222754.0,
FIN,2012,9.66512,68.6419,6.23116,,223088.0,
FIN,2013,9.8054,69.564,5.85285,,223422.0,
FIN,2014,9.05273,65.5626,6.11857,,223756.0,
FIN,2015,8.39046,61.7912,5.62501,,224090.0,4.55614
FIN,2016,8.8816,64.6074,5.27813,,224090.0,
FIN,2017,8.36494,61.5473,5.12674,,224090.0,
FIN,2018,8.60103,62.9803,5.49696,,224090.0,
FIN,2019,7.99427,59.607,5.37867,,224090.0,
FIN,2020,7.13875,54.3465,4.89518,,224090.0,
FIN,2021,7.0948,55.4026,,,224090.0,
FIN,2022,6.68162,54.0916,,,224090.0,
FIN,2023,5.88955,49.874,,,224090.0,
FIN,2024,5.53521,48.679,,,,
FJI,1970,1.33983,1.3631,,,,
FJI,1971,1.33168,1.3853,,,,
FJI,1972,1.39691,1.4482,,,,
FJI,1973,1.63656,1.62,,,,
FJI,1974,1.9507,1.8414,,,,
FJI,1975,1.59748,1.6808,,,,
FJI,1976,1.54594,1.678,,,,
FJI,1977,1.60487,1.7653,,,,
FJI,1978,1.56529,1.755,,,,
FJI,1979,1.63672,1.8866,,,,
FJI,1980,1.71471,1.9856,,,,
FJI,1981,1.70912,2.042,,,,
FJI,1982,1.62485,2.0327,,,,
FJI,1983,1.31205,1.8391,,,,
FJI,1984,1.06776,1.7354,,,,
FJI,1985,1.16751,1.8578,,,,
FJI,1986,1.17462,1.9172,,,,
FJI,1987,1.05044,1.8483,,,,
FJI,1988,1.02531,1.8543,,,,
FJI,1989,1.17523,1.996,,,,
FJI,1990,1.30374,2.1304,10.16959,,9396.9,18.1063
FJI,1991,1.1364,2.0223,9.96446,,9463.68,
FJI,1992,1.26428,2.16,9.83939,,9530.46,
FJI,1993,1.35785,2.3158,9.77566,,9597.24,
FJI,1994,1.41236,2.4252,9.75453,,9664.02,
FJI,1995,1.39293,2.4638,9.75727,,9730.8,
FJI,1996,1.44839,2.5121,10.10762,,9797.58,
FJI,1997,1.48078,2.5509,10.93293,,9864.36,
FJI,1998,1.44979,2.5184,11.91988,,9931.14,
FJI,1999,1.53361,2.6108,12.75516,,9997.92,
FJI,2000,1.71636,2.7861,13.12545,,10064.7,17.98166
FJI,2001,1.8404,2.9279,13.11908,,10131.47,
FJI,2002,1.50784,2.6249,13.05202,,10198.24,
FJI,2003,1.76073,2.8551,12.95238,,10265.01,
FJI,2004,2.26335,3.3455,12.84827,,10331.78,
FJI,2005,1.96152,3.0962,12.7678,,10398.55,
FJI,2006,2.08993,3.2405,12.69849,,10465.32,
FJI,2007,1.92029,3.1065,12.61689,,10532.09,
FJI,2008,1.42982,2.6755,12.53466,,10598.86,
FJI,2009,1.17224,2.4328,12.46347,1.72864,10665.63,
FJI,2010,1.86343,3.0726,12.41499,,10732.4,
FJI,2011,1.36409,2.6149,12.48716,,10799.16,
FJI,2012,1.31728,2.5819,12.69282,,10865.92,
FJI,2013,1.49844,2.7743,12.65569,,10932.68,
FJI,2014,1.70001,2.4793,12.14272,,10999.44,
FJI,2015,1.76055,2.5391,11.93739,,11066.2,18.26468
FJI,2016,1.73255,2.5338,12.32842,,11133.0,
FJI,2017,1.67683,2.5378,12.30804,,11199.8,
FJI,2018,1.80434,2.6769,12.7353,,11266.6,
FJI,2019,1.76959,2.757,12.91238,,11333.4,
FJI,2020,1.17415,2.1479,12.4188,,11400.2,
FJI,2021,1.46469,2.3723,,,11467.0,
FJI,2022,1.56,2.5256,,,11533.8,
FJI,2023,1.55582,2.6489,,,11600.6,
FJI,2024,1.62223,2.7509,,,,
FRA,1970,9.02209,634.0025,,,,
FRA,1971,9.16814,644.7202,,,,
FRA,1972,9.41933,661.4684,,,,
FRA,1973,10.02974,699.0736,,,,
FRA,1974,9.61487,680.4052,,,,
FRA,1975,8.819,638.4789,,,,
FRA,1976,9.62064,683.1788,,,,
FRA,1977,9.23498,665.6532,,,,
FRA,1978,9.52225,683.1796,,,,
FRA,1979,9.61738,692.0037,,,,
FRA,1980,9.16861,668.9862,,,,
FRA,1981,8.20897,617.92,,,,
FRA,1982,7.80186,597.7787,,,,
FRA,1983,7.41894,581.9782,,,,
FRA,1984,7.17761,569.8401,,,,
FRA,1985,6.96071,554.1965,,,,
FRA,1986,6.71263,541.267,,,,
FRA,1987,6.55698,531.3689,,,,
FRA,1988,6.52038,528.3942,,,,
FRA,1989,6.73206,536.4456,,,,
FRA,1990,6.6079,530.9,18.3055,,144360.0,2.13523
FRA,1991,7.00272,561.6963,18.11751,,145212.0,
FRA,1992,6.74013,546.9113,17.92265,,146064.0,
FRA,1993,6.37823,524.3386,17.71943,,146916.0,
FRA,1994,6.28192,518.6118,17.50643,,147768.0,
FRA,1995,6.41153,529.1788,17.28217,,148620.0,
FRA,1996,6.63418,547.1546,17.04103,,149472.0,
FRA,1997,6.47243,533.3628,16.78749,,150324.0,
FRA,1998,6.81353,545.6449,16.53522,,151176.0,
FRA,1999,6.675,538.1659,16.29793,,152028.0,
FRA,2000,6.58035,538.0613,16.0893,,152880.0,2.09923
FRA,2001,6.59967,542.4665,15.88029,,154011.0,
FRA,2002,6.46437,536.0793,15.64209,,155142.0,
FRA,2003,6.49768,539.6477,15.38868,,156273.0,
FRA,2004,6.46668,541.1637,15.13407,,157404.0,
FRA,2005,6.45391,541.8792,14.89226,,158535.0,
FRA,2006,6.24022,528.1981,14.62873,,159666.0,
FRA,2007,6.09003,522.8757,14.334,,160797.0,
FRA,2008,5.9429,515.5236,14.05959,,161928.0,
FRA,2009,5.71717,501.2923,13.85703,0.00572,163059.0,
FRA,2010,5.80195,510.8051,13.77785,,164190.0,
FRA,2011,5.56604,493.1714,13.79747,,165024.0,
FRA,2012,5.5595,495.3533,12.55859,,165858.0,
FRA,2013,5.45712,490.0011,12.45829,,166692.0,
FRA,2014,4.93049,455.8541,10.68767,,167526.0,
FRA,2015,4.99116,461.6707,11.3443,,168360.0,2.08138
FRA,2016,5.01728,462.9622,10.50815,,169194.0,
FRA,2017,5.06155,465.7704,10.45831,,170028.0,
FRA,2018,4.89217,452.3491,10.45995,,170862.0,
FRA,2019,4.79214,443.9014,9.82525,,171696.0,
FRA,2020,4.24678,401.5864,9.60038,,172530.0,
FRA,2021,4.66821,430.8782,,,173364.0,
FRA,2022,4.51247,417.181,,,174198.0,
FRA,2023,4.15598,390.7429,,,175032.0,
FRA,2024,4.00356,378.1202,,,,
FRO,1970,0.02352,0.0879,,,,
FRO,1971,0.02325,0.087,,,,
FRO,1972,0.02553,0.088,,,,
FRO,1973,0.02523,0.0881,,,,
FRO,1974,0.02743,0.0883,,,,
FRO,1975,0.02711,0.0882,,,,
FRO,1976,0.02925,0.0895,,,,
FRO,1977,0.02894,0.0896,,,,
FRO,1978,0.02859,0.0894,,,,
FRO,1979,0.03057,0.0888,,,,
FRO,1980,0.03018,0.0888,,,,
FRO,1981,0.0298,0.0886,,,,
FRO,1982,0.0317,0.0885,,,,
FRO,1983,0.03134,0.0888,,,,
FRO,1984,0.03101,0.0889,,,,
FRO,1985,0.03063,0.0888,,,,
FRO,1986,0.03252,0.0889,,,,
FRO,1987,0.03212,0.0894,,,,
FRO,1988,0.03379,0.0896,,,,
FRO,1989,0.03336,0.0897,,,,
FRO,1990,0.03351,0.0901,,,0.8,2.78553
FRO,1991,0.03372,0.0898,,,0.8,
FRO,1992,0.03384,0.0897,,,0.8,
FRO,1993,0.03443,0.0898,,,0.8,
FRO,1994,0.0358,0.0898,,,0.8,
FRO,1995,0.03669,0.0897,,,0.8,
FRO,1996,0.03901,0.0896,,,0.8,
FRO,1997,0.03852,0.0898,,,0.8,
FRO,1998,0.03805,0.0897,,,0.8,
FRO,1999,0.03766,0.0899,,,0.8,
FRO,2000,0.03934,0.0902,,,0.8,2.76818
FRO,2001,0.0386,0.0909,,,0.8,
FRO,2002,0.03803,0.0911,,,0.8,
FRO,2003,0.03956,0.0912,,,0.8,
FRO,2004,0.03927,0.0913,,,0.8,
FRO,2005,0.03929,0.0912,,,0.8,
FRO,2006,0.04138,0.0911,,,0.8,
FRO,2007,0.04134,0.0911,,,0.8,
FRO,2008,0.0412,0.091,,,0.8,
FRO,2009,0.04099,0.0912,,,0.8,
FRO,2010,0.0411,0.0912,,,0.8,
FRO,2011,0.0412,0.0915,,,0.8,
FRO,2012,0.04142,0.0918,,,0.8,
FRO,2013,0.04145,0.0919,,,0.8,
FRO,2014,0.0413,0.0942,,,0.8,
FRO,2015,0.0409,0.0944,,,0.8,2.67391
FRO,2016,0.04043,0.0947,,,0.8,
FRO,2017,0.03986,0.0951,,,0.8,
FRO,2018,0.04118,0.0954,,,0.8,
FRO,2019,0.04055,0.0953,,,0.8,
FRO,2020,0.03995,0.0958,,,0.8,
FRO,2021,0.0394,0.0961,,,0.8,
FRO,2022,0.03895,0.0957,,,0.8,
FRO,2023,0.03859,0.0965,,,0.8,
FRO,2024,0.0384,0.0966,,,,
FSM,1970,0.0017,0.0287,,,,
FSM,1971,0.00165,0.0306,,,,
FSM,1972,0.00161,0.033,,,,
FSM,1973,0.00156,0.0307,,,,
FSM,1974,0.00152,0.0288,,,,
FSM,1975,0.00148,0.0268,,,,
FSM,1976,0.00145,0.019,,,,
FSM,1977,0.00141,0.0233,,,,
FSM,1978,0.00137,0.0235,,,,
FSM,1979,0.00133,0.0239,,,,
FSM,1980,0.00129,0.0245,,,,
FSM,1981,0.00125,0.0294,,,,
FSM,1982,0.00122,0.0295,,,,
FSM,1983,0.00118,0.0296,,,,
FSM,1984,0.00115,0.0297,,,,
FSM,1985,0.00111,0.0307,,,,
FSM,1986,0.00108,0.032,,,,
FSM,1987,0.00105,0.0331,,,,
FSM,1988,0.00103,0.0342,,,,
FSM,1989,0.00101,0.035,,,,
FSM,1990,0.00099,0.0361,12.43751,,,28.31248
FSM,1991,0.00195,0.0406,12.3208,,636.08,
FSM,1992,0.00191,0.0408,12.24652,,636.36,
FSM,1993,0.00187,0.0409,12.20728,,636.64,
FSM,1994,0.00183,0.041,12.19571,,636.92,
FSM,1995,0.00181,0.0411,12.20444,,637.2,
FSM,1996,0.00181,0.0412,12.31483,,637.48,
FSM,1997,0.0018,0.0412,12.55485,,637.76,
FSM,1998,0.0018,0.0412,12.837,,638.04,
FSM,1999,0.00179,0.0412,13.07378,,638.32,
FSM,2000,0.00179,0.0412,13.17769,,638.6,25.55097
FSM,2001,0.00178,0.0412,13.13523,,638.87,
FSM,2002,0.00178,0.0412,13.01651,,639.14,
FSM,2003,0.00178,0.0413,12.85949,,639.41,
FSM,2004,0.00179,0.0413,12.70211,,639.68,
FSM,2005,0.0018,0.0413,12.58232,,639.95,
FSM,2006,0.00181,0.0413,12.49617,,640.22,
FSM,2007,0.00182,0.0418,12.41143,,640.49,
FSM,2008,0.00184,0.0417,12.32366,,640.76,
FSM,2009,0.00185,0.0437,12.22838,1.34981,641.03,
FSM,2010,0.00186,0.0437,12.12116,,641.3,
FSM,2011,0.00186,0.046,11.95227,,641.58,
FSM,2012,0.00185,0.0461,12.0131,,641.86,
FSM,2013,0.00185,0.0473,12.22625,,642.14,
FSM,2014,0.00185,0.0478,11.7606,,642.42,
FSM,2015,0.00184,0.0485,12.60656,,642.7,23.22023
FSM,2016,0.00183,0.0494,11.56497,,643.0,
FSM,2017,0.00183,0.0487,11.44238,,643.3,
FSM,2018,0.00182,0.049,12.08856,,643.6,
FSM,2019,0.00181,0.0508,12.33588,,643.9,
FSM,2020,0.0018,0.0513,12.11442,,644.2,
FSM,2021,0.00179,0.0521,,,644.5,
FSM,2022,0.00178,0.0529,,,644.8,
FSM,2023,0.00178,0.0596,,,645.1,
FSM,2024,0.00177,0.0614,,,,
GAB,1970,1.01335,6.8307,,,,
GAB,1971,1.83596,7.3509,,,,
GAB,1972,1.93845,7.9204,,,,
GAB,1973,6.08128,11.8748,,,,
GAB,1974,6.11017,14.5503,,,,
GAB,1975,7.69771,16.7584,,,,
GAB,1976,8.72632,17.6232,,,,
GAB,1977,8.42166,17.3996,,,,
GAB,1978,9.13342,17.3734,,,,
GAB,1979,8.77395,16.4755,,,,
GAB,1980,8.22032,15.3888,,,,
GAB,1981,8.42703,14.5219,,,,
GAB,1982,8.18246,14.8913,,,,
GAB,1983,7.31364,14.4338,,,,
GAB,1984,8.2307,15.8204,,,,
GAB,1985,9.15193,17.0916,,,,
GAB,1986,6.3909,14.6099,,,,
GAB,1987,5.3004,13.6242,,,,
GAB,1988,5.32771,14.2387,,,,
GAB,1989,6.53897,17.3452,,,,
GAB,1990,6.27334,20.4242,27.24778,,237616.2,10.89572
GAB,1991,4.88139,19.6006,26.96228,,237554.58,
GAB,1992,4.78842,20.893,26.7698,,237492.96,
GAB,1993,4.76648,21.5506,26.65339,,237431.34,
GAB,1994,4.60958,21.0947,26.59606,,237369.72,
GAB,1995,5.04891,23.5815,26.58087,,237308.1,
GAB,1996,5.49732,26.5687,26.72983,,237246.48,
GAB,1997,5.1202,24.5359,27.08478,,237184.86,
GAB,1998,5.71362,28.5206,27.50851,,237123.24,
GAB,1999,5.30194,27.1582,27.8638,,237061.62,
GAB,2000,5.17721,27.9484,28.01342,,237000.0,10.56221
GAB,2001,5.14742,28.0148,27.9232,,236949.41,
GAB,2002,4.81149,27.0928,27.70072,,236898.82,
GAB,2003,5.31146,30.1883,27.42145,,236848.23,
GAB,2004,4.66035,27.9296,27.16087,,236797.64,
GAB,2005,4.36742,26.2776,26.99442,,236747.05,
GAB,2006,3.78377,22.6362,26.88798,,236696.46,
GAB,2007,3.32571,19.5624,26.77041,,236645.87,
GAB,2008,3.43404,21.0407,26.66173,,236595.28,
GAB,2009,3.27952,20.463,26.58195,,236544.69,
GAB,2010,3.46431,21.0057,26.55107,,236494.1,
GAB,2011,3.26602,20.7041,27.16768,,236375.28,
GAB,2012,3.18915,20.5927,26.82599,,236256.46,
GAB,2013,3.17695,20.3609,27.78038,,236137.64,
GAB,2014,3.16776,20.5388,26.27469,,236018.82,
GAB,2015,3.15597,21.3991,30.73902,,235900.0,9.5273
GAB,2016,3.12288,21.4436,29.76797,,235781.2,
GAB,2017,2.66535,19.6958,27.16911,,235662.4,
GAB,2018,2.44581,18.3445,27.03831,,235543.6,
GAB,2019,2.49274,20.2552,27.52419,,235424.8,
GAB,2020,2.38046,20.0862,29.95487,,235306.0,
GAB,2021,2.25718,19.1691,,,235187.2,
GAB,2022,2.29695,19.9382,,,235068.4,
GAB,2023,2.06074,21.5533,,,234949.6,
GAB,2024,2.0475,21.782,,,,
GBR,1970,12.10177,869.8716,,,,
GBR,1971,11.96651,865.6066,,,,
GBR,1972,11.73083,845.4664,,,,
GBR,1973,12.28336,886.3658,,,,
GBR,1974,11.46851,836.5491,,,,
GBR,1975,11.0963,825.1765,,,,
GBR,1976,11.20848,832.3454,,,,
GBR,1977,11.36342,837.7262,,,,
GBR,1978,11.33011,835.7818,,,,
GBR,1979,11.96327,875.8533,,,,
GBR,1980,10.80646,811.0208,,,,
GBR,1981,10.45997,790.5636,,,,
GBR,1982,10.18107,774.0438,,,,
GBR,1983,10.05632,766.9966,,,,
GBR,1984,9.75153,722.8289,,,,
GBR,1985,10.19961,765.2291,,,,
GBR,1986,10.4229,788.6883,,,,
GBR,1987,10.48265,788.8466,,,,
GBR,1988,10.41912,785.7679,,,,
GBR,1989,10.15364,769.8552,,,,
GBR,1990,10.17698,778.1311,18.66116,,27780.0,2.68608
GBR,1991,10.30453,788.3789,18.54945,,27956.0,
GBR,1992,10.04576,770.6953,18.40224,,28132.0,
GBR,1993,9.74378,750.4329,18.22493,,28308.0,
GBR,1994,9.58907,737.4015,18.02293,,28484.0,
GBR,1995,9.45103,734.7261,17.80165,,28660.0,
GBR,1996,9.75853,755.906,17.52075,,28836.0,
GBR,1997,9.37531,735.4773,17.16605,,29012.0,
GBR,1998,9.35943,730.3316,16.78214,,29188.0,
GBR,1999,9.27036,717.6552,16.41361,,29364.0,
GBR,2000,9.3723,718.0791,16.10505,,29540.0,2.71336
GBR,2001,9.525,724.328,15.82429,,29645.0,
GBR,2002,9.21604,705.8175,15.51396,,29750.0,
GBR,2003,9.40084,715.5774,15.18086,,29855.0,
GBR,2004,9.35478,710.5496,14.83181,,29960.0,
GBR,2005,9.26345,703.6285,14.47361,,30065.0,
GBR,2006,9.2023,698.5337,14.03337,,30170.0,
GBR,2007,8.97579,685.4283,13.50488,,30275.0,
GBR,2008,8.63836,663.2773,12.99505,,30380.0,
GBR,2009,7.76331,607.9305,12.61076,0.03241,30485.0,
GBR,2010,7.97797,622.7241,12.45891,,30590.0,
GBR,2011,7.25917,578.65,13.01106,,30782.0,
GBR,2012,7.55583,599.4118,11.48446,,30974.0,
GBR,2013,7.33126,585.7784,11.39362,,31166.0,
GBR,2014,6.66446,544.709,10.80765,,31358.0,
GBR,2015,6.38958,527.898,10.46027,,31550.0,2.74512
GBR,2016,5.97286,502.4785,10.03597,,31590.0,
GBR,2017,5.77133,490.84,10.38142,,31640.0,
GBR,2018,5.64018,482.168,10.23979,,31730.0,
GBR,2019,5.38808,464.709,9.9457,,31820.0,
GBR,2020,4.78989,421.5411,9.91289,,31900.0,
GBR,2021,5.04471,437.8694,,,31986.667,
GBR,2022,4.80733,423.3672,,,32069.0,
GBR,2023,4.44996,400.6095,,,32154.222,
GBR,2024,4.22413,386.6957,,,,
GEO,1970,5.8089,29.3908,,,,
GEO,1971,5.6822,29.3687,,,,
GEO,1972,5.97548,31.0006,,,,
GEO,1973,6.28021,32.6777,,,,
GEO,1974,6.52579,34.1513,,,,
GEO,1975,6.9434,36.2189,,,,
GEO,1976,7.00854,36.7276,,,,
GEO,1977,7.0304,37.0849,,,,
GEO,1978,7.17059,37.9643,,,,
GEO,1979,7.36348,39.1426,,,,
GEO,1980,7.49903,40.0309,,,,
GEO,1981,7.52667,40.4227,,,,
GEO,1982,7.37413,39.9709,,,,
GEO,1983,7.1837,39.3863,,,,
GEO,1984,7.06086,39.2016,,,,
GEO,1985,6.90529,38.7857,,,,
GEO,1986,6.78361,38.4252,,,,
GEO,1987,6.81425,38.9102,,,,
GEO,1988,6.64588,38.3706,,,,
GEO,1989,6.38157,37.1536,,,,
GEO,1990,7.18257,40.8196,16.81101,,,3.00939
GEO,1991,5.50311,32.7248,16.9454,,,
GEO,1992,4.29351,26.8669,17.03015,,27539.6,
GEO,1993,3.41058,22.4923,17.06869,,27547.9,
GEO,1994,2.25867,16.2918,17.06442,,27556.2,
GEO,1995,1.82984,13.7461,17.02078,,27564.5,
GEO,1996,1.53623,12.4667,16.8641,,27572.8,
GEO,1997,1.39118,11.7555,16.57043,,27581.1,
GEO,1998,1.29312,11.1437,16.21777,,27589.4,
GEO,1999,1.17599,10.69,15.88414,,27597.7,
GEO,2000,1.2785,11.2414,15.64754,,27606.0,3.25902
GEO,2001,0.96623,9.6209,15.48588,,27667.8,
GEO,2002,0.90323,9.6897,15.34042,,27729.6,
GEO,2003,1.00105,10.2473,15.23423,,27791.4,
GEO,2004,1.09805,10.5342,15.19037,,27853.2,
GEO,2005,1.27594,11.1517,15.23191,,27915.0,
GEO,2006,1.4642,11.7858,15.42107,,27976.8,
GEO,2007,1.70871,12.6692,15.81765,,28038.6,
GEO,2008,1.47618,11.7809,16.44107,,28100.4,
GEO,2009,1.69654,12.7812,17.31078,0.77043,28162.2,
GEO,2010,1.66699,12.1896,18.44618,,28224.0,
GEO,2011,2.01915,13.6246,22.19918,,28224.0,
GEO,2012,2.21885,14.798,23.06313,,28224.0,
GEO,2013,2.46103,15.7351,22.25176,,28224.0,
GEO,2014,2.64569,16.5346,20.97918,,28224.0,
GEO,2015,2.85804,16.7896,20.33047,,28224.0,3.85225
GEO,2016,2.9578,17.2103,19.31397,,28224.0,
GEO,2017,2.99648,17.2876,18.53427,,28224.0,
GEO,2018,2.98856,17.1467,18.45424,,28224.0,
GEO,2019,3.20489,17.879,17.6183,,28224.0,
GEO,2020,3.10005,17.5275,17.04384,,28224.0,
GEO,2021,3.32826,18.5603,,,28224.0,
GEO,2022,3.6264,19.7064,,,28224.0,
GEO,2023,3.6486,19.6528,,,28224.0,
GEO,2024,3.64027,19.6028,,,,
GHA,1970,0.26268,6.8452,,,,
GHA,1971,0.25983,6.9401,,,,
GHA,1972,0.26449,7.3585,,,,
GHA,1973,0.26257,7.4972,,,,
GHA,1974,0.27185,8.1001,,,,
GHA,1975,0.28114,8.1878,,,,
GHA,1976,0.27937,8.3101,,,,
GHA,1977,0.27999,8.4864,,,,
GHA,1978,0.26415,8.2963,,,,
GHA,1979,0.22721,8.3808,,,,
GHA,1980,0.22301,8.4216,,,,
GHA,1981,0.25847,9.0443,,,,
GHA,1982,0.21618,8.9633,,,,
GHA,1983,0.13253,7.4525,,,,
GHA,1984,0.14965,7.9219,,,,
GHA,1985,0.17138,8.5622,,,,
GHA,1986,0.18179,9.1938,,,,
GHA,1987,0.18944,9.6439,,,,
GHA,1988,0.19421,9.8628,,,,
GHA,1989,0.21134,10.5592,,,,
GHA,1990,0.20339,10.4735,60.8459,,99242.6,2.46076
GHA,1991,0.18388,10.704,56.87535,,98166.95,
GHA,1992,0.21176,11.2496,53.88158,,97091.3,
GHA,1993,0.21313,11.5771,51.81033,,96015.65,
GHA,1994,0.22148,11.9797,50.60736,,94940.0,
GHA,1995,0.23244,12.3902,50.21843,,93864.35,
GHA,1996,0.24652,13.0657,51.55878,,92788.7,
GHA,1997,0.25316,13.4218,54.75502,,91713.05,
GHA,1998,0.33551,15.1545,58.56988,,90637.4,
GHA,1999,0.35732,16.0781,61.76611,,89561.75,
GHA,2000,0.30642,15.5406,63.10647,,88486.1,2.36248
GHA,2001,0.32249,16.1554,61.75778,,87580.42,
GHA,2002,0.3705,17.5419,58.508,,86674.74,
GHA,2003,0.33847,17.2106,54.55157,,85769.06,
GHA,2004,0.30715,17.1198,51.08295,,84863.38,
GHA,2005,0.31652,17.8766,49.29655,,83957.7,
GHA,2006,0.37502,19.8197,48.78541,,83052.02,
GHA,2007,0.38586,20.3735,48.35786,,82146.34,
GHA,2008,0.35676,22.0373,48.03132,,81240.66,
GHA,2009,0.39892,23.1533,47.82323,0.97444,80334.98,
GHA,2010,0.43682,24.4987,47.75101,,79429.3,
GHA,2011,0.45956,27.5222,52.80143,,79304.32,
GHA,2012,0.54146,30.3638,56.95704,,79179.34,
GHA,2013,0.56224,32.4705,44.73062,,79054.36,
GHA,2014,0.52904,32.6656,43.96273,,78929.38,
GHA,2015,0.544,33.96,68.01123,,78804.4,2.12878
GHA,2016,0.54638,34.6307,62.88896,,79222.4,
GHA,2017,0.57892,38.4321,60.35903,,79640.4,
GHA,2018,0.622,40.4575,56.00418,,79712.6,
GHA,2019,0.64867,42.6947,49.65663,,79784.8,
GHA,2020,0.71958,45.7,54.24279,,79857.1,
GHA,2021,0.75316,46.5297,,,79929.333,
GHA,2022,0.7176,46.9179,,,80001.611,
GHA,2023,0.68736,46.8225,,,80073.859,
GHA,2024,0.70209,48.0939,,,,
GIB,1970,2.60945,0.0815,,,,
GIB,1971,2.57217,0.0825,,,,
GIB,1972,2.18395,0.0725,,,,
GIB,1973,2.17889,0.073,,,,
GIB,1974,2.16177,0.0731,,,,
GIB,1975,2.25394,0.0762,,,,
GIB,1976,2.22151,0.0756,,,,
GIB,1977,2.09894,0.0725,,,,
GIB,1978,1.97567,0.0694,,,,
GIB,1979,2.75766,0.0923,,,,
GIB,1980,3.27812,0.1077,,,,
GIB,1981,3.04802,0.1012,,,,
GIB,1982,3.39301,0.1114,,,,
GIB,1983,3.06964,0.1017,,,,
GIB,1984,2.96407,0.0984,,,,
GIB,1985,3.19865,0.1047,,,,
GIB,1986,4.13372,0.1307,,,,
GIB,1987,4.57716,0.1425,,,,
GIB,1988,5.16901,0.1582,,,,
GIB,1989,4.99201,0.1515,,,,
GIB,1990,5.28676,0.1579,,,0.0,55.94971
GIB,1991,7.54703,0.2177,,,0.0,
GIB,1992,8.96644,0.2565,,,0.0,
GIB,1993,9.01736,0.2596,,,0.0,
GIB,1994,10.58042,0.3044,,,0.0,
GIB,1995,10.29696,0.298,,,0.0,
GIB,1996,10.48496,0.3043,,,0.0,
GIB,1997,10.78602,0.3139,,,0.0,
GIB,1998,11.32731,0.3298,,,0.0,
GIB,1999,11.76152,0.3424,,,0.0,
GIB,2000,12.31369,0.3582,,,0.0,56.4581
GIB,2001,12.65502,0.3677,,,0.0,
GIB,2002,12.79868,0.374,,,0.0,
GIB,2003,12.82097,0.3804,,,0.0,
GIB,2004,13.71409,0.4122,,,0.0,
GIB,2005,13.93204,0.4248,,,0.0,
GIB,2006,14.36102,0.4438,,,0.0,
GIB,2007,14.05719,0.4407,,,0.0,
GIB,2008,14.17486,0.4501,,,0.0,
GIB,2009,15.30351,0.4912,,,0.0,
GIB,2010,15.19457,0.4945,,,0.0,
GIB,2011,14.50411,0.4788,,,0.0,
GIB,2012,14.63049,0.4884,,,0.0,
GIB,2013,15.42259,0.5201,,,0.0,
GIB,2014,16.37461,0.5582,,,0.0,
GIB,2015,17.69048,0.6089,,,0.0,56.40667
GIB,2016,18.19181,0.6347,,,0.0,
GIB,2017,18.97503,0.673,,,0.0,
GIB,2018,19.78826,0.7137,,,0.0,
GIB,2019,20.21187,0.7417,,,0.0,
GIB,2020,17.67617,0.6624,,,0.0,
GIB,2021,17.40735,0.6647,,,0.0,
GIB,2022,16.90287,0.6591,,,0.0,
GIB,2023,16.35518,0.6527,,,0.0,
GIB,2024,16.14839,0.6589,,,,
GIN,1970,0.1074,4.3247,,,,
GIN,1971,0.10613,4.3427,,,,
GIN,1972,0.10487,4.4057,,,,
GIN,1973,0.10667,4.5305,,,,
GIN,1974,0.11215,4.6439,,,,
GIN,1975,0.11399,4.7838,,,,
GIN,1976,0.11637,4.8458,,,,
GIN,1977,0.11872,4.9057,,,,
GIN,1978,0.11929,4.9513,,,,
GIN,1979,0.13339,5.08,,,,
GIN,1980,0.12886,5.1062,,,,
GIN,1981,0.11979,5.1343,,,,
GIN,1982,0.11167,5.4163,,,,
GIN,1983,0.12056,5.567,,,,
GIN,1984,0.11469,5.5518,,,,
GIN,1985,0.105,5.3816,,,,
GIN,1986,0.12818,5.1106,,,,
GIN,1987,0.18172,5.7679,,,,
GIN,1988,0.16615,5.9841,,,,
GIN,1989,0.14582,6.2195,,,,
GIN,1990,0.14718,6.8977,48.8557,,72760.0,2.05369
GIN,1991,0.13782,7.2112,47.45983,,72413.0,
GIN,1992,0.11943,6.7634,46.27683,,72066.0,
GIN,1993,0.11932,7.0908,45.3626,,71719.0,
GIN,1994,0.11767,7.549,44.77306,,71372.0,
GIN,1995,0.11663,7.8087,44.56412,,71025.0,
GIN,1996,0.11727,8.8503,44.76838,,70678.0,
GIN,1997,0.11547,8.1603,45.25546,,70331.0,
GIN,1998,0.11777,8.5492,45.83686,,69984.0,
GIN,1999,0.12049,9.7479,46.32403,,69637.0,
GIN,2000,0.17323,10.5001,46.52845,,69290.0,2.02835
GIN,2001,0.18447,10.7721,46.29151,,68930.0,
GIN,2002,0.19576,11.1884,45.71955,,68570.0,
GIN,2003,0.20272,11.6763,45.02142,,68210.0,
GIN,2004,0.20197,12.0936,44.40596,,67850.0,
GIN,2005,0.18952,12.5614,44.08204,,67490.0,
GIN,2006,0.19666,13.0922,43.98174,,67130.0,
GIN,2007,0.20076,13.5628,43.90491,,66770.0,
GIN,2008,0.20831,14.1558,43.86205,,66410.0,
GIN,2009,0.21569,14.7299,43.86367,0.18021,66050.0,
GIN,2010,0.24147,16.5979,43.92026,,65690.0,
GIN,2011,0.249,16.8525,45.73555,,65330.0,
GIN,2012,0.22992,17.4332,47.84515,,64970.0,
GIN,2013,0.20282,17.8996,37.44481,,64610.0,
GIN,2014,0.20687,18.4947,39.84964,,64250.0,
GIN,2015,0.24367,19.7432,54.27767,,63890.0,2.34687
GIN,2016,0.2675,20.9597,49.63363,,63490.0,
GIN,2017,0.26402,21.6903,49.73955,,63090.0,
GIN,2018,0.2945,23.0103,48.4124,,62690.0,
GIN,2019,0.36933,24.9107,42.87811,,62290.0,
GIN,2020,0.40336,26.2912,43.76745,,61890.0,
GIN,2021,0.37035,27.1131,,,61490.0,
GIN,2022,0.37145,28.6367,,,61090.0,
GIN,2023,0.34892,28.6151,,,60690.0,
GIN,2024,0.35279,29.3759,,,,
GMB,1970,0.15131,0.6052,,,,
GMB,1971,0.14702,0.6249,,,,
GMB,1972,0.14207,0.6264,,,,
GMB,1973,0.14283,0.6313,,,,
GMB,1974,0.14972,0.6502,,,,
GMB,1975,0.15095,0.6696,,,,
GMB,1976,0.15184,0.6641,,,,
GMB,1977,0.15238,0.674,,,,
GMB,1978,0.14975,0.7079,,,,
GMB,1979,0.16715,0.7244,,,,
GMB,1980,0.15856,0.7492,,,,
GMB,1981,0.14666,0.7583,,,,
GMB,1982,0.1315,0.7557,,,,
GMB,1983,0.13883,0.749,,,,
GMB,1984,0.14062,0.7419,,,,
GMB,1985,0.13471,0.7669,,,,
GMB,1986,0.1217,0.7806,,,,
GMB,1987,0.19955,0.8758,,,,
GMB,1988,0.17585,0.89,,,,
GMB,1989,0.15563,0.8831,,,,
GMB,1990,0.11624,0.9267,61.22258,,4146.6,7.60596
GMB,1991,0.13955,0.9943,61.08753,,4089.27,
GMB,1992,0.11374,0.9767,60.9774,,4031.94,
GMB,1993,0.11486,0.9879,60.89249,,3974.61,
GMB,1994,0.12769,1.0302,60.83308,,3917.28,
GMB,1995,0.1184,1.0418,60.79947,,3859.95,
GMB,1996,0.1191,1.0572,60.82585,,3802.62,
GMB,1997,0.11502,1.0588,60.91117,,3745.29,
GMB,1998,0.12186,1.088,61.00286,,3687.96,
GMB,1999,0.12368,1.1309,61.04835,,3630.63,
GMB,2000,0.18294,1.2472,60.99508,,3573.3,5.83476
GMB,2001,0.19946,1.2411,60.12178,,3515.97,
GMB,2002,0.20167,1.2665,58.20261,,3458.64,
GMB,2003,0.20005,1.3922,55.92811,,3401.31,
GMB,2004,0.20157,1.4469,53.98883,,3343.98,
GMB,2005,0.19904,1.4818,53.07533,,3286.65,
GMB,2006,0.21443,1.5434,52.93035,,3229.32,
GMB,2007,0.21934,1.5774,52.8383,,3171.99,
GMB,2008,0.21509,1.6545,52.80219,,3114.66,
GMB,2009,0.23202,1.8325,52.825,0.19719,3057.33,
GMB,2010,0.22879,1.8794,52.90973,,3000.0,
GMB,2011,0.23369,1.7368,56.19343,,2942.68,
GMB,2012,0.21751,1.7335,66.41985,,2885.36,
GMB,2013,0.21214,1.8161,47.62547,,2828.04,
GMB,2014,0.22351,1.9297,50.95833,,2770.72,
GMB,2015,0.22881,2.0225,63.75039,,2713.4,4.31012
GMB,2016,0.22498,1.9731,58.79106,,2656.0,
GMB,2017,0.22355,1.9154,64.53906,,2598.7,
GMB,2018,0.19182,1.7617,59.27349,,2541.4,
GMB,2019,0.18927,1.8055,54.87329,,2484.0,
GMB,2020,0.16774,1.747,58.36404,,2426.7,
GMB,2021,0.1854,1.7409,,,2369.333,
GMB,2022,0.18771,1.8163,,,2312.011,
GMB,2023,0.17562,1.8424,,,2254.659,
GMB,2024,0.17837,1.8595,,,,
GNB,1970,0.07563,0.6731,,,,
GNB,1971,0.0754,0.6704,,,,
GNB,1972,0.07501,0.7039,,,,
GNB,1973,0.07675,0.7091,,,,
GNB,1974,0.08005,0.7622,,,,
GNB,1975,0.07835,0.8665,,,,
GNB,1976,0.07606,0.9306,,,,
GNB,1977,0.07374,0.9417,,,,
GNB,1978,0.0701,0.922,,,,
GNB,1979,0.07794,0.9596,,,,
GNB,1980,0.07573,0.9944,,,,
GNB,1981,0.07146,1.0832,,,,
GNB,1982,0.06543,1.2627,,,,
GNB,1983,0.07038,1.2415,,,,
GNB,1984,0.08862,1.2674,,,,
GNB,1985,0.09758,1.2541,,,,
GNB,1986,0.08606,1.2794,,,,
GNB,1987,0.19733,1.4028,,,,
GNB,1988,0.2054,1.4255,,,,
GNB,1989,0.18898,1.5053,,,,
GNB,1990,0.17357,1.6514,57.07579,,22333.3,3.36818
GNB,1991,0.21385,1.7259,56.18975,,22248.85,
GNB,1992,0.18558,1.719,55.43117,,22164.4,
GNB,1993,0.19287,1.7522,54.83771,,22079.95,
GNB,1994,0.18635,1.7861,54.44704,,21995.5,
GNB,1995,0.18679,1.8429,54.29682,,21911.05,
GNB,1996,0.18067,1.8647,54.39474,,21826.6,
GNB,1997,0.18463,1.8604,54.65197,,21742.15,
GNB,1998,0.18544,1.8713,54.96146,,21657.7,
GNB,1999,0.1898,1.9554,55.21615,,21573.25,
GNB,2000,0.16287,2.0011,55.30898,,21488.8,3.74642
GNB,2001,0.16769,1.9677,54.58556,,21404.35,
GNB,2002,0.17319,2.0092,52.89425,,21319.9,
GNB,2003,0.20056,2.0733,50.88217,,21235.45,
GNB,2004,0.19984,2.0943,49.1964,,21151.0,
GNB,2005,0.19926,2.1522,48.48407,,21066.55,
GNB,2006,0.20427,2.2499,48.51401,,20982.1,
GNB,2007,0.21179,2.359,48.62243,,20897.65,
GNB,2008,0.19596,2.438,48.80753,,20813.2,
GNB,2009,0.20251,2.5748,49.06748,0.54091,20728.75,
GNB,2010,0.20034,2.7031,49.40046,,20644.3,
GNB,2011,0.198,2.7011,51.05425,,20559.86,
GNB,2012,0.19389,2.8104,55.80885,,20475.42,
GNB,2013,0.19428,2.8917,41.54104,,20390.98,
GNB,2014,0.19597,2.7553,43.55935,,20306.54,
GNB,2015,0.20292,2.8965,56.92019,,20222.1,4.53961
GNB,2016,0.20678,2.9619,52.69973,,20137.7,
GNB,2017,0.16334,2.8698,56.78145,,20053.3,
GNB,2018,0.18344,2.9734,54.14098,,19968.9,
GNB,2019,0.18123,3.0381,48.5029,,19884.5,
GNB,2020,0.16704,3.0457,50.21277,,19800.1,
GNB,2021,0.1632,3.088,,,19715.7,
GNB,2022,0.16333,3.1454,,,19631.3,
GNB,2023,0.15293,3.1488,,,19546.9,
GNB,2024,0.15545,3.1886,,,,
GNQ,1970,0.12967,0.1251,,,,
GNQ,1971,0.13167,0.1255,,,,
GNQ,1972,0.15478,0.1315,,,,
GNQ,1973,0.09561,0.1087,,,,
GNQ,1974,0.11934,0.1155,,,,
GNQ,1975,0.13268,0.119,,,,
GNQ,1976,0.13628,0.1224,,,,
GNQ,1977,0.13838,0.123,,,,
GNQ,1978,0.26543,0.159,,,,
GNQ,1979,0.25157,0.157,,,,
GNQ,1980,0.22242,0.1624,,,,
GNQ,1981,0.27436,0.1732,,,,
GNQ,1982,0.19862,0.171,,,,
GNQ,1983,0.12201,0.1449,,,,
GNQ,1984,0.12332,0.1568,,,,
GNQ,1985,0.10945,0.1482,,,,
GNQ,1986,0.11959,0.1565,,,,
GNQ,1987,0.12189,0.1774,,,,
GNQ,1988,0.1317,0.1753,,,,
GNQ,1989,0.169,0.192,,,,
GNQ,1990,0.14991,0.1852,36.0725,,26991.5,5.70214
GNQ,1991,0.15054,0.1926,34.39528,,26907.93,
GNQ,1992,0.14508,0.195,33.09633,,26824.36,
GNQ,1993,0.14565,0.213,32.17245,,26740.79,
GNQ,1994,2.20254,2.8209,31.62047,,26657.22,
GNQ,1995,2.25342,3.2123,31.43719,,26573.65,
GNQ,1996,2.37223,5.3322,31.93348,,26490.08,
GNQ,1997,3.13863,7.6381,33.11694,,26406.51,
GNQ,1998,3.66999,9.4809,34.52946,,26322.94,
GNQ,1999,3.85603,10.3766,35.71292,,26239.37,
GNQ,2000,3.90258,12.0666,36.20921,,26155.8,5.46271
GNQ,2001,4.80185,13.3403,35.62371,,26072.23,
GNQ,2002,4.02553,10.4844,34.21657,,25988.66,
GNQ,2003,4.23489,11.7233,32.5118,,25905.09,
GNQ,2004,6.97831,16.1846,31.03345,,25821.52,
GNQ,2005,6.75103,15.595,30.30552,,25737.95,
GNQ,2006,6.44857,16.9413,30.13776,,25654.38,
GNQ,2007,6.88812,18.1334,29.99598,,25570.81,
GNQ,2008,6.09176,16.9897,29.88826,,25487.24,
GNQ,2009,4.8234,14.3462,29.82268,,25403.67,
GNQ,2010,4.80697,14.991,29.80733,,25320.1,
GNQ,2011,4.80007,15.0466,30.90975,,25236.52,
GNQ,2012,4.33713,14.8438,30.27008,,25152.94,
GNQ,2013,4.25139,13.9883,29.58598,,25069.36,
GNQ,2014,4.08472,14.0647,29.85737,,24985.78,
GNQ,2015,3.71884,14.2815,38.49468,,24902.2,5.66273
GNQ,2016,3.57337,13.1735,36.53134,,24818.6,
GNQ,2017,3.12789,11.7778,32.75219,,24735.0,
GNQ,2018,3.28825,10.6495,31.39131,,24651.4,
GNQ,2019,3.06698,10.0244,31.55238,,24567.8,
GNQ,2020,2.86058,9.7695,35.37905,,24484.2,
GNQ,2021,2.86038,9.2975,,,24400.6,
GNQ,2022,2.82155,9.1255,,,24317.0,
GNQ,2023,2.57915,7.9747,,,24233.4,
GNQ,2024,2.55052,8.1387,,,,
GRC,1970,3.29186,44.5575,,,,
GRC,1971,3.39644,46.1312,,,,
GRC,1972,4.14187,53.5013,,,,
GRC,1973,4.41085,56.9159,,,,
GRC,1974,4.30673,57.109,,,,
GRC,1975,4.48778,59.1376,,,,
GRC,1976,4.9576,64.4063,,,,
GRC,1977,5.13222,66.6396,,,,
GRC,1978,5.34364,69.5606,,,,
GRC,1979,5.58245,72.9648,,,,
GRC,1980,5.5395,73.1746,,,,
GRC,1981,5.45721,72.7359,,,,
GRC,1982,5.54004,74.3372,,,,
GRC,1983,5.86177,78.0009,,,,
GRC,1984,5.96633,79.9119,,,,
GRC,1985,6.2868,83.3777,,,,
GRC,1986,6.22522,82.9312,,,,
GRC,1987,6.72338,87.9811,,,,
GRC,1988,7.148,92.9204,,,,
GRC,1989,7.57476,97.5458,,,,
GRC,1990,7.64068,98.2936,24.24292,,32985.51,5.08824
GRC,1991,7.55206,98.0622,24.16884,,33287.189,
GRC,1992,7.69927,99.9444,24.11907,,33588.867,
GRC,1993,7.60899,99.9288,24.0873,,33890.546,
GRC,1994,7.72503,102.4165,24.06726,,34192.224,
GRC,1995,7.97761,106.7037,24.05264,,34493.903,
GRC,1996,7.94151,107.5829,24.10633,,34795.582,
GRC,1997,7.99168,108.7333,24.24395,,35097.26,
GRC,1998,8.26968,112.8308,24.38835,,35398.939,
GRC,1999,8.26117,113.9144,24.46234,,35700.617,
GRC,2000,8.89025,120.0041,24.38878,,36002.296,5.10887
GRC,2001,9.03333,120.7954,24.14883,,36303.869,
GRC,2002,8.99722,121.3174,23.80197,,36605.443,
GRC,2003,9.31961,124.6191,23.38843,,36907.016,
GRC,2004,9.2733,124.7129,22.94846,,37208.59,
GRC,2005,9.43268,126.783,22.52231,,37510.163,
GRC,2006,9.29067,123.3417,22.03116,,37811.736,
GRC,2007,9.59466,127.7455,21.44686,,38113.31,
GRC,2008,9.19277,123.2312,20.88561,,38414.883,
GRC,2009,8.66279,117.4857,20.46363,0.00658,38716.457,
GRC,2010,8.01145,110.7949,20.29715,,39018.03,
GRC,2011,7.75736,107.934,21.38335,,39018.03,
GRC,2012,7.38388,103.4296,18.80951,,39018.03,
GRC,2013,6.73744,95.8496,17.96008,,39018.03,
GRC,2014,6.51908,93.0221,16.86993,,39018.03,
GRC,2015,6.41835,91.4404,17.23721,,39018.03,5.1082
GRC,2016,6.3253,89.9567,15.77503,,39018.0,
GRC,2017,6.35853,90.4258,15.67241,,39018.0,
GRC,2018,6.19924,87.9204,15.58401,,39018.0,
GRC,2019,5.73541,82.0806,14.94191,,39018.0,
GRC,2020,4.89415,72.2833,14.40893,,39018.0,
GRC,2021,5.08223,73.506,,,39018.0,
GRC,2022,5.28093,74.6243,,,39018.0,
GRC,2023,4.92324,70.598,,,39018.0,
GRC,2024,5.04642,71.5001,,,,
GRD,1970,0.11584,0.0523,,,,
GRD,1971,0.11556,0.0546,,,,
GRD,1972,0.13971,0.055,,,,
GRD,1973,0.14082,0.0558,,,,
GRD,1974,0.12591,0.0532,,,,
GRD,1975,0.15185,0.0543,,,,
GRD,1976,0.1393,0.0554,,,,
GRD,1977,0.15358,0.0581,,,,
GRD,1978,0.15472,0.0596,,,,
GRD,1979,0.15499,0.0591,,,,
GRD,1980,0.15444,0.0589,,,,
GRD,1981,0.20202,0.0635,,,,
GRD,1982,0.18859,0.0625,,,,
GRD,1983,0.18326,0.0623,,,,
GRD,1984,0.2021,0.0639,,,,
GRD,1985,0.20185,0.0631,,,,
GRD,1986,0.24073,0.066,,,,
GRD,1987,0.31479,0.0726,,,,
GRD,1988,0.34687,0.0758,,,,
GRD,1989,0.3531,0.0764,,,,
GRD,1990,0.50922,0.0928,24.23313,,177.0,7.16222
GRD,1991,0.50698,0.0933,23.95589,,177.0,
GRD,1992,0.52066,0.0953,23.72713,,177.0,
GRD,1993,0.58116,0.1025,23.55597,,177.0,
GRD,1994,0.67385,0.1134,23.45157,,177.0,
GRD,1995,0.60172,0.1071,23.42306,,177.0,
GRD,1996,0.63776,0.1118,23.5002,,177.0,
GRD,1997,0.86331,0.137,23.66375,,177.0,
GRD,1998,0.74805,0.126,23.8493,,177.0,
GRD,1999,0.75239,0.1278,23.99246,,177.0,
GRD,2000,0.5342,0.1037,24.02883,,177.0,5.73447
GRD,2001,0.53988,0.1051,23.77807,,177.0,
GRD,2002,0.58485,0.1106,23.23053,,177.0,
GRD,2003,0.63921,0.1179,22.57785,,177.0,
GRD,2004,0.60737,0.1146,22.01167,,177.0,
GRD,2005,0.64975,0.1204,21.72363,,177.0,
GRD,2006,0.73818,0.1307,21.70008,,177.0,
GRD,2007,0.81884,0.1408,21.76567,,177.0,
GRD,2008,0.89183,0.1498,21.86944,,177.0,
GRD,2009,0.95547,0.1573,21.96042,,177.0,
GRD,2010,1.06465,0.1696,21.98767,,177.0,
GRD,2011,0.81996,0.1423,21.60678,,177.0,
GRD,2012,0.84327,0.1456,22.0541,,177.0,
GRD,2013,1.0803,0.174,22.8659,,177.0,
GRD,2014,0.9638,0.1621,23.32493,,177.0,
GRD,2015,1.02114,0.1698,25.17774,,177.0,5.85478
GRD,2016,1.10831,0.1807,25.07688,,177.0,
GRD,2017,1.10882,0.1817,24.30147,,177.0,
GRD,2018,1.24037,0.1983,24.09699,,177.0,
GRD,2019,1.55543,0.237,24.26474,,177.0,
GRD,2020,1.32026,0.2107,24.65724,,177.0,
GRD,2021,1.37803,0.2184,,,177.0,
GRD,2022,1.44894,0.2289,,,177.0,
GRD,2023,1.45113,0.2336,,,177.0,
GRD,2024,1.50076,0.241,,,,
GRL,1970,0.01724,0.0565,,,,
GRL,1971,0.01695,0.0575,,,,
GRL,1972,0.01656,0.0586,,,,
GRL,1973,0.01837,0.0552,,,,
GRL,1974,0.01818,0.056,,,,
GRL,1975,0.01815,0.0563,,,,
GRL,1976,0.01811,0.0563,,,,
GRL,1977,0.01822,0.0548,,,,
GRL,1978,0.01829,0.0557,,,,
GRL,1979,0.01815,0.056,,,,
GRL,1980,0.01793,0.0566,,,,
GRL,1981,0.01961,0.0579,,,,
GRL,1982,0.01942,0.0585,,,,
GRL,1983,0.01919,0.0587,,,,
GRL,1984,0.01898,0.0588,,,,
GRL,1985,0.0188,0.0593,,,,
GRL,1986,0.02056,0.0597,,,,
GRL,1987,0.02033,0.0601,,,,
GRL,1988,0.02007,0.0604,,,,
GRL,1989,0.01989,0.0608,,,,
GRL,1990,0.01978,0.0611,7.55146,,2.2,58.92109
GRL,1991,0.02162,0.0611,7.55991,,2.2,
GRL,1992,0.0217,0.0611,7.55328,,2.2,
GRL,1993,0.02174,0.061,7.53295,,2.2,
GRL,1994,0.02162,0.0608,7.50034,,2.2,
GRL,1995,0.02151,0.0607,7.45685,,2.2,
GRL,1996,0.02326,0.0606,7.37993,,2.2,
GRL,1997,0.02321,0.0603,7.26263,,2.2,
GRL,1998,0.02317,0.0603,7.12976,,2.2,
GRL,1999,0.02317,0.0601,7.0061,,2.2,
GRL,2000,0.02314,0.0593,6.91646,,2.2,58.31011
GRL,2001,0.02483,0.0595,6.85911,,2.2,
GRL,2002,0.02474,0.0593,6.81088,,2.2,
GRL,2003,0.02467,0.0597,6.76437,,2.2,
GRL,2004,10.61373,0.6685,6.71221,,2.2,
GRL,2005,10.72802,0.6756,6.647,,2.2,
GRL,2006,11.00132,0.6896,6.56232,,2.2,
GRL,2007,10.87967,0.6801,6.45646,,2.2,
GRL,2008,11.22532,0.6973,6.32911,,2.2,
GRL,2009,9.77221,0.6148,6.17996,,2.2,
GRL,2010,11.37015,0.7079,6.00869,,2.2,
GRL,2011,12.00387,0.7484,5.74056,,2.2,
GRL,2012,9.48601,0.6037,6.18019,,2.2,
GRL,2013,9.51437,0.6025,6.23885,,2.2,
GRL,2014,8.54072,0.5454,6.55171,,2.2,
GRL,2015,9.24546,0.5845,6.14469,,2.2,59.86272
GRL,2016,9.182,0.5809,6.46725,,2.2,
GRL,2017,8.95642,0.5681,7.49215,,2.2,
GRL,2018,9.07306,0.573,6.75631,,2.2,
GRL,2019,9.31792,0.5887,6.48951,,2.2,
GRL,2020,9.35831,0.592,6.55625,,2.2,
GRL,2021,9.67998,0.6132,,,2.2,
GRL,2022,10.41987,0.6555,,,2.2,
GRL,2023,10.28576,0.65,,,2.2,
GRL,2024,10.45288,0.6593,,,,
GTM,1970,0.4638,8.3488,,,,
GTM,1971,0.45176,8.7805,,,,
GTM,1972,0.48293,9.3819,,,,
GTM,1973,0.49971,9.5581,,,,
GTM,1974,0.5054,9.4735,,,,
GTM,1975,0.54236,9.9036,,,,
GTM,1976,0.52616,9.5572,,,,
GTM,1977,0.59002,10.451,,,,
GTM,1978,0.63645,11.0547,,,,
GTM,1979,0.69196,11.7715,,,,
GTM,1980,0.67683,12.2538,,,,
GTM,1981,0.57052,11.8604,,,,
GTM,1982,0.50962,11.5336,,,,
GTM,1983,0.42242,11.4025,,,,
GTM,1984,0.46098,11.7024,,,,
GTM,1985,0.47091,12.0263,,,,
GTM,1986,0.3978,11.7005,,,,
GTM,1987,0.43269,12.1139,,,,
GTM,1988,0.41352,12.2785,,,,
GTM,1989,0.42852,12.7032,,,,
GTM,1990,0.43428,13.0797,40.92955,,47812.0,0.246
GTM,1991,0.4469,13.673,40.65487,,47240.0,
GTM,1992,0.5102,14.8336,40.3611,,46668.0,
GTM,1993,0.55093,15.8273,40.0513,,46096.0,
GTM,1994,0.5798,16.2136,39.7285,,45524.0,
GTM,1995,0.65882,17.4303,39.39578,,44952.0,
GTM,1996,0.63015,17.4179,39.07586,,44380.0,
GTM,1997,0.64214,18.0545,38.7632,,43808.0,
GTM,1998,0.78121,19.9679,38.41837,,43236.0,
GTM,1999,0.75684,20.5743,38.00198,,42664.0,
GTM,2000,0.82744,21.6452,37.47459,,42092.0,0.22908
GTM,2001,0.84969,22.525,36.54607,,41605.4,
GTM,2002,0.86865,23.6303,35.13177,,41118.8,
GTM,2003,0.84843,23.5042,33.50052,,40632.2,
GTM,2004,0.84605,24.3317,31.92116,,40145.6,
GTM,2005,0.89899,25.6291,30.66254,,39659.0,
GTM,2006,0.89233,26.2443,29.59995,,39172.4,
GTM,2007,0.93021,27.3181,28.52475,,38685.8,
GTM,2008,0.82965,26.7725,27.57983,,38199.2,
GTM,2009,0.85818,28.1106,26.90809,1.30682,37712.6,
GTM,2010,0.81235,28.2108,26.65242,,37226.0,
GTM,2011,0.82089,28.7971,30.27858,,36952.4,
GTM,2012,0.83363,29.7714,27.30056,,36678.8,
GTM,2013,0.87964,31.4487,29.09253,,36405.2,
GTM,2014,0.92692,33.1371,26.7328,,36131.6,
GTM,2015,1.06173,36.2339,27.40042,,35858.0,0.2063
GTM,2016,1.10788,37.8414,25.2168,,35742.0,
GTM,2017,1.02957,37.3122,25.18455,,35626.0,
GTM,2018,1.11243,39.5869,23.2234,,35510.0,
GTM,2019,1.14963,40.9733,20.21028,,35394.0,
GTM,2020,1.01506,39.5449,21.63574,,35278.0,
GTM,2021,1.14808,42.5174,,,35162.0,
GTM,2022,1.06185,41.4873,,,35046.0,
GTM,2023,1.11051,42.9929,,,34930.0,
GTM,2024,1.10665,43.4722,,,,
GUM,1970,0.00113,0.0268,,,,
GUM,1971,0.00221,0.0224,,,,
GUM,1972,0.00216,0.022,,,,
GUM,1973,0.00211,0.0215,,,,
GUM,1974,0.00206,0.0193,,,,
GUM,1975,0.00202,0.0189,,,,
GUM,1976,0.00198,0.0158,,,,
GUM,1977,0.00194,0.016,,,,
GUM,1978,0.0019,0.0162,,,,
GUM,1979,0.00186,0.0162,,,,
GUM,1980,0.00182,0.0157,,,,
GUM,1981,0.00177,0.0162,,,,
GUM,1982,0.00173,0.0156,,,,
GUM,1983,0.00169,0.0162,,,,
GUM,1984,0.00165,0.0163,,,,
GUM,1985,0.00161,0.0161,,,,
GUM,1986,0.00158,0.0162,,,,
GUM,1987,0.00154,0.0163,,,,
GUM,1988,0.00151,0.0168,,,,
GUM,1989,0.00147,0.0128,,,,
GUM,1990,0.00144,0.0122,8.94823,,240.0,3.29005
GUM,1991,0.00142,0.0123,8.88072,,240.0,
GUM,1992,0.00139,0.0125,8.8201,,240.0,
GUM,1993,0.00137,0.0127,8.76634,,240.0,
GUM,1994,0.00135,0.0128,8.71941,,240.0,
GUM,1995,0.00133,0.0129,8.67931,,240.0,
GUM,1996,0.00131,0.0129,8.72056,,240.0,
GUM,1997,0.0013,0.0131,8.86817,,240.0,
GUM,1998,0.00192,0.0131,9.04784,,240.0,
GUM,1999,0.0019,0.0133,9.18525,,240.0,
GUM,2000,0.00187,0.0134,9.2061,,240.0,2.90869
GUM,2001,0.00186,0.0153,9.10328,,240.0,
GUM,2002,0.00185,0.0155,8.93952,,240.0,
GUM,2003,0.00184,0.0155,8.7453,,240.0,
GUM,2004,0.00183,0.0156,8.55109,,240.0,
GUM,2005,0.00183,0.0156,8.38736,,240.0,
GUM,2006,0.00121,0.0156,8.26879,,240.0,
GUM,2007,0.00182,0.0157,8.17327,,240.0,
GUM,2008,0.00181,0.0157,8.07613,,240.0,
GUM,2009,0.00181,0.0157,7.95267,,240.0,
GUM,2010,0.0018,0.0158,7.77821,,240.0,
GUM,2011,0.0018,0.016,7.38092,,242.0,
GUM,2012,0.0018,0.0163,7.50095,,244.0,
GUM,2013,0.00181,0.0163,8.60397,,246.0,
GUM,2014,0.00121,0.0164,8.15054,,248.0,
GUM,2015,0.00121,0.0165,10.7768,,250.0,2.38697
GUM,2016,0.00183,0.0166,8.95124,,280.0,
GUM,2017,0.00183,0.0168,8.62062,,280.0,
GUM,2018,0.00184,0.017,10.00656,,280.0,
GUM,2019,0.00247,0.0171,9.88784,,280.0,
GUM,2020,0.00247,0.0174,9.57511,,280.0,
GUM,2021,0.00183,0.0174,,,280.0,
GUM,2022,0.00182,0.0176,,,280.0,
GUM,2023,0.0018,0.0177,,,280.0,
GUM,2024,0.00179,0.018,,,,
GUY,1970,2.13817,3.0183,,,,
GUY,1971,2.10829,3.0141,,,,
GUY,1972,2.11276,2.9602,,,,
GUY,1973,2.41886,3.2808,,,,
GUY,1974,2.11108,3.2927,,,,
GUY,1975,2.4689,3.6704,,,,
GUY,1976,2.47988,3.4431,,,,
GUY,1977,2.46291,3.714,,,,
GUY,1978,2.30268,3.4955,,,,
GUY,1979,2.1832,3.1226,,,,
GUY,1980,2.28974,3.3304,,,,
GUY,1981,2.2832,3.3267,,,,
GUY,1982,1.85732,3.1291,,,,
GUY,1983,1.66789,2.8536,,,,
GUY,1984,1.81188,3.0444,,,,
GUY,1985,1.86746,2.9028,,,,
GUY,1986,1.77647,2.852,,,,
GUY,1987,1.76072,2.828,,,,
GUY,1988,1.83687,2.8686,,,,
GUY,1989,1.63473,2.6503,,,,
GUY,1990,1.56515,2.4717,24.33507,,186021.5,79.83809
GUY,1991,1.53224,2.6098,24.02541,,185983.57,
GUY,1992,1.4435,2.6621,23.84702,,185945.64,
GUY,1993,1.44602,2.8277,23.77153,,185907.71,
GUY,1994,1.872,3.131,23.77057,,185869.78,
GUY,1995,2.0206,3.4874,23.81579,,185831.85,
GUY,1996,2.07988,3.5654,24.29591,,185793.92,
GUY,1997,2.26174,3.7649,25.35552,,185755.99,
GUY,1998,2.29103,3.7041,26.60003,,185718.06,
GUY,1999,2.27291,3.774,27.63482,,185680.13,
GUY,2000,2.17316,3.5131,28.06531,,185642.2,79.50614
GUY,2001,2.15258,3.4716,27.67492,,185597.79,
GUY,2002,2.12623,3.3254,26.73732,,185553.38,
GUY,2003,2.12252,3.5311,25.59323,,185508.97,
GUY,2004,2.19499,3.4738,24.58338,,185464.56,
GUY,2005,1.9495,3.193,24.04851,,185420.15,
GUY,2006,1.75845,3.0168,23.93753,,185375.74,
GUY,2007,2.12324,3.3266,23.92764,,185331.33,
GUY,2008,2.1276,3.4012,23.95203,,185286.92,
GUY,2009,2.16595,3.4889,23.94387,7.17062,185242.51,
GUY,2010,2.3506,3.6969,23.83632,,185198.1,
GUY,2011,2.45714,3.8229,23.13276,,185081.2,
GUY,2012,2.68341,4.0429,24.02028,,184964.3,
GUY,2013,2.63646,4.188,23.91242,,184847.4,
GUY,2014,2.73803,4.4616,24.23119,,184730.5,
GUY,2015,2.73412,4.5596,25.83525,,184613.6,78.48316
GUY,2016,3.21709,4.6331,25.38549,,184521.6,
GUY,2017,3.21258,4.7876,25.21648,,184429.5,
GUY,2018,3.26041,4.8584,25.76364,,184337.5,
GUY,2019,3.45861,5.1926,26.09207,,184245.4,
GUY,2020,4.12369,6.2556,25.46067,,184153.4,
GUY,2021,4.07256,6.3094,,,184061.333,
GUY,2022,4.48373,7.7908,,,183969.311,
GUY,2023,4.52652,8.586,,,183877.259,
GUY,2024,4.55861,8.7309,,,,
HKG,1970,2.40629,11.596,,,,
HKG,1971,2.3645,11.8309,,,,
HKG,1972,2.38893,12.1689,,,,
HKG,1973,2.34298,12.2797,,,,
HKG,1974,2.60131,13.7717,,,,
HKG,1975,2.52578,13.7131,,,,
HKG,1976,2.89566,15.6822,,,,
HKG,1977,3.30916,17.908,,,,
HKG,1978,3.46457,19.069,,,,
HKG,1979,3.06723,18.1907,,,,
HKG,1980,3.07256,18.7494,,,,
HKG,1981,3.2296,20.0001,,,,
HKG,1982,3.61936,22.4061,,,,
HKG,1983,4.21938,25.9773,,,,
HKG,1984,4.61694,28.5168,,,,
HKG,1985,4.75483,29.6729,,,,
HKG,1986,5.3929,33.6472,,,,
HKG,1987,5.34205,33.709,,,,
HKG,1988,5.92691,37.3559,,,,
HKG,1989,6.02754,38.4046,,,,
HKG,1990,6.14327,39.2454,,,,6.89605
HKG,1991,6.69279,42.8758,,,,
HKG,1992,7.49809,47.9249,,,,
HKG,1993,7.53496,48.9442,,,,
HKG,1994,6.31918,42.5962,,,,
HKG,1995,6.27467,43.0589,,,,
HKG,1996,5.60892,40.4693,,,,
HKG,1997,5.30258,38.8199,,,,
HKG,1998,6.50592,47.236,,,,
HKG,1999,6.8932,50.4132,,,,
HKG,2000,6.28672,46.6437,,,,7.15116
HKG,2001,6.23399,46.5067,,,,
HKG,2002,6.07217,45.5224,,,,
HKG,2003,6.61398,49.1286,,,,
HKG,2004,6.00746,45.298,,,,
HKG,2005,6.31207,47.6275,,,,
HKG,2006,6.18807,47.1061,,,,
HKG,2007,6.42411,49.1864,,,,
HKG,2008,6.19886,47.9182,,,,
HKG,2009,6.47452,50.021,,0.00435,,
HKG,2010,6.01175,47.1274,,,,
HKG,2011,6.38925,50.1637,,,,
HKG,2012,6.24425,49.6625,,,,
HKG,2013,6.43355,51.2224,,,,
HKG,2014,6.57781,52.6497,,,,
HKG,2015,6.06826,49.3688,,,,7.28686
HKG,2016,6.14445,50.2764,,,,
HKG,2017,5.96965,49.4158,,,,
HKG,2018,5.91191,49.396,,,,
HKG,2019,5.79499,48.9478,,,,
HKG,2020,4.55312,39.5989,,,,
HKG,2021,4.65896,40.028,,,,
HKG,2022,4.37405,37.6408,,,,
HKG,2023,4.52746,39.7307,,,,
HKG,2024,4.60071,40.3071,,,,
HND,1970,0.44388,5.2785,,,,
HND,1971,0.43085,5.3594,,,,
HND,1972,0.43572,5.4892,,,,
HND,1973,0.46526,5.6553,,,,
HND,1974,0.44335,5.8905,,,,
HND,1975,0.46354,6.0909,,,,
HND,1976,0.47231,6.24,,,,
HND,1977,0.49714,6.4721,,,,
HND,1978,0.48687,6.5835,,,,
HND,1979,0.49995,6.7613,,,,
HND,1980,0.50124,6.9728,,,,
HND,1981,0.46398,6.9869,,,,
HND,1982,0.44284,7.0445,,,,
HND,1983,0.49427,8.094,,,,
HND,1984,0.49142,8.4734,,,,
HND,1985,0.43073,8.2407,,,,
HND,1986,0.42655,8.2369,,,,
HND,1987,0.45961,8.4199,,,,
HND,1988,0.47828,8.5197,,,,
HND,1989,0.51619,8.6962,,,,
HND,1990,0.47393,8.6065,32.01001,,69877.8,1.67979
HND,1991,0.46399,8.7041,31.5886,,69668.29,
HND,1992,0.50734,9.0522,31.23305,,69458.78,
HND,1993,0.51701,8.8245,30.9438,,69249.27,
HND,1994,0.57384,9.6727,30.72124,,69039.76,
HND,1995,0.65893,10.079,30.56581,,68830.25,
HND,1996,0.67895,10.4146,30.58157,,68620.74,
HND,1997,0.67822,10.5518,30.78525,,68411.23,
HND,1998,0.7648,11.07,31.04627,,68201.72,
HND,1999,0.75485,10.53,31.23403,,67992.21,
HND,2000,0.76018,10.9713,31.21795,,67782.7,1.71389
HND,2001,0.87109,12.0638,30.87546,,67579.9,
HND,2002,0.89606,13.289,30.24623,,67377.1,
HND,2003,0.96681,14.8471,29.44307,,67174.3,
HND,2004,1.07271,15.9352,28.57878,,66971.5,
HND,2005,0.9488,15.0826,27.76614,,66768.7,
HND,2006,1.06403,16.2338,26.85386,,66565.9,
HND,2007,1.10622,17.495,25.76188,,66363.1,
HND,2008,1.08144,17.8039,24.7099,,66160.3,
HND,2009,0.99759,17.8018,23.9176,1.25529,65957.5,
HND,2010,0.95426,17.8642,23.60468,,65754.7,
HND,2011,1.11128,19.1192,27.54739,,65531.42,
HND,2012,1.13936,19.7832,24.20907,,65308.14,
HND,2013,1.13847,20.1678,26.21008,,65084.86,
HND,2014,1.09617,20.1338,24.19705,,64861.58,
HND,2015,1.17121,21.1974,24.6932,,64638.3,1.82228
HND,2016,1.03397,20.2606,22.88298,,64430.5,
HND,2017,0.97487,19.7636,22.05713,,64221.1,
HND,2018,0.92226,19.6329,20.5176,,64011.6,
HND,2019,1.02101,21.0585,18.14366,,63802.1,
HND,2020,0.9113,20.4058,20.31368,,63592.6,
HND,2021,1.00784,21.739,,,63383.1,
HND,2022,1.01021,22.2038,,,63173.6,
HND,2023,1.11313,23.7822,,,62964.1,
HND,2024,1.13552,24.3871,,,,
HRV,1970,3.59887,22.7391,,,,
HRV,1971,3.63624,23.4627,,,,
HRV,1972,3.54813,22.9238,,,,
HRV,1973,3.87565,24.7555,,,,
HRV,1974,4.15583,26.7116,,,,
HRV,1975,4.36863,28.0316,,,,
HRV,1976,4.28029,27.8976,,,,
HRV,1977,4.35085,28.2272,,,,
HRV,1978,4.66603,29.7642,,,,
HRV,1979,4.88276,30.9858,,,,
HRV,1980,4.5253,29.2183,,,,
HRV,1981,4.90878,31.2593,,,,
HRV,1982,5.13867,32.7228,,,,
HRV,1983,5.92563,36.5692,,,,
HRV,1984,5.95722,37.3999,,,,
HRV,1985,6.09512,38.0481,,,,
HRV,1986,6.60444,40.559,,,,
HRV,1987,6.41579,39.7515,,,,
HRV,1988,7.02848,42.5584,,,,
HRV,1989,6.70545,40.7096,,,,
HRV,1990,5.02863,32.8304,24.89058,,,4.13696
HRV,1991,3.78316,25.6845,24.7608,,,
HRV,1992,3.58148,23.4461,24.60661,,18570.0,
HRV,1993,3.61851,23.291,24.43103,,18605.0,
HRV,1994,3.43386,22.401,24.23708,,18640.0,
HRV,1995,3.57173,22.9042,24.02775,,18675.0,
HRV,1996,3.77528,23.7286,23.7192,,18710.0,
HRV,1997,4.03769,25.0132,23.30446,,18745.0,
HRV,1998,4.19835,24.9097,22.90197,,18780.0,
HRV,1999,4.41832,25.9161,22.63012,,18815.0,
HRV,2000,4.33677,25.4136,22.60734,,18850.0,4.17177
HRV,2001,4.77793,26.4732,22.92271,,18885.0,
HRV,2002,4.9647,27.202,23.47051,,18920.0,
HRV,2003,5.28622,28.7411,24.07695,,18955.0,
HRV,2004,5.27996,29.2222,24.56825,,18990.0,
HRV,2005,5.30161,29.285,24.77064,,19025.0,
HRV,2006,5.34348,29.7151,24.43591,,19060.0,
HRV,2007,5.68549,31.2597,23.63769,,19095.0,
HRV,2008,5.41153,30.126,22.68498,,19130.0,
HRV,2009,5.03419,28.3013,21.88677,0.00249,19165.0,
HRV,2010,4.87507,27.8346,21.55203,,19200.0,
HRV,2011,4.7783,27.5437,23.61357,,19204.0,
HRV,2012,4.40976,25.9947,20.91954,,19208.0,
HRV,2013,4.34144,25.5867,20.26404,,19212.0,
HRV,2014,4.20723,24.9453,19.82894,,19216.0,
HRV,2015,4.34145,25.5777,20.17187,,19220.0,4.31367
HRV,2016,4.44977,26.1126,18.17783,,19241.202,
HRV,2017,4.65113,26.788,18.76139,,19316.084,
HRV,2018,4.45402,25.7117,20.00145,,19341.1,
HRV,2019,4.55063,26.0109,15.91485,,19366.1,
HRV,2020,4.39208,25.435,16.12086,,19391.1,
HRV,2021,4.51322,25.538,,,19416.1,
HRV,2022,4.57371,25.3947,,,19441.1,
HRV,2023,4.83573,26.8024,,,19466.1,
HRV,2024,4.83151,26.8418,,,,
HTI,1970,0.11512,6.1017,,,,
HTI,1971,0.11401,6.2386,,,,
HTI,1972,0.1086,6.3304,,,,
HTI,1973,0.11211,6.3288,,,,
HTI,1974,0.1198,6.2967,,,,
HTI,1975,0.11884,6.2795,,,,
HTI,1976,0.15603,6.5528,,,,
HTI,1977,0.15981,6.6446,,,,
HTI,1978,0.16407,6.8471,,,,
HTI,1979,0.15771,6.9243,,,,
HTI,1980,0.15301,6.9971,,,,
HTI,1981,0.13161,6.9533,,,,
HTI,1982,0.15302,7.1567,,,,
HTI,1983,0.16521,7.3226,,,,
HTI,1984,0.16687,7.3748,,,,
HTI,1985,0.16912,7.3422,,,,
HTI,1986,0.15502,7.2436,,,,
HTI,1987,0.16397,7.2364,,,,
HTI,1988,0.1721,7.2562,,,,
HTI,1989,0.17299,7.2039,,,,
HTI,1990,0.16655,7.248,18.95737,,3829.2,4.64221
HTI,1991,0.15926,7.447,18.74819,,3826.93,
HTI,1992,0.14525,7.8497,18.62106,,3824.66,
HTI,1993,0.12057,7.5754,18.55702,,3822.39,
HTI,1994,0.05582,7.1305,18.53714,,3820.12,
HTI,1995,0.14897,7.9455,18.54247,,3817.85,
HTI,1996,0.16615,8.2461,18.72352,,3815.58,
HTI,1997,0.19043,8.7469,19.13953,,3813.31,
HTI,1998,0.19154,8.9464,19.63462,,3811.04,
HTI,1999,0.19666,9.1355,20.05292,,3808.77,
HTI,2000,0.20415,9.648,20.23854,,3806.5,4.10857
HTI,2001,0.20435,9.7465,20.16266,,3804.23,
HTI,2002,0.22672,10.0576,19.94902,,3801.96,
HTI,2003,0.22117,10.1283,19.67057,,3799.69,
HTI,2004,0.20098,10.073,19.4003,,3797.42,
HTI,2005,0.20186,10.2609,19.21116,,3795.15,
HTI,2006,0.20088,10.417,19.09654,,3792.88,
HTI,2007,0.23298,10.9483,19.00118,,3790.61,
HTI,2008,0.22698,11.0612,18.92516,,3788.34,
HTI,2009,0.21913,11.2224,18.86853,0.84032,3786.07,
HTI,2010,0.2651,11.885,18.83134,,3783.8,
HTI,2011,0.29697,12.4396,18.8857,,3752.74,
HTI,2012,0.27395,12.4418,19.06409,,3721.68,
HTI,2013,0.29126,12.7205,19.39522,,3690.62,
HTI,2014,0.31121,13.0259,20.75842,,3659.56,
HTI,2015,0.33203,13.3702,21.50586,,3628.5,4.07394
HTI,2016,0.33529,13.6687,20.5278,,3597.4,
HTI,2017,0.33156,13.6925,20.71086,,3566.3,
HTI,2018,0.32454,13.9406,21.54792,,3535.2,
HTI,2019,0.32371,13.8248,20.9385,,3504.1,
HTI,2020,0.30635,13.5144,21.35026,,3473.0,
HTI,2021,0.29964,13.4634,,,3441.9,
HTI,2022,0.29463,13.4805,,,3410.8,
HTI,2023,0.29049,13.6153,,,3379.7,
HTI,2024,0.29847,13.7823,,,,
HUN,1970,6.41113,91.0259,,,,
HUN,1971,6.55201,93.3044,,,,
HUN,1972,6.73709,95.0829,,,,
HUN,1973,7.17741,100.3294,,,,
HUN,1974,7.34077,103.175,,,,
HUN,1975,7.43944,105.2138,,,,
HUN,1976,7.77337,109.3678,,,,
HUN,1977,8.10333,114.2398,,,,
HUN,1978,8.76941,123.2782,,,,
HUN,1979,8.62661,122.1784,,,,
HUN,1980,8.55268,121.0858,,,,
HUN,1981,8.436,120.1318,,,,
HUN,1982,8.45912,120.7051,,,,
HUN,1983,8.12441,116.8142,,,,
HUN,1984,8.28749,118.3798,,,,
HUN,1985,8.29702,117.4318,,,,
HUN,1986,8.18024,114.7551,,,,
HUN,1987,8.29826,116.0431,,,,
HUN,1988,7.86684,110.7103,,,,
HUN,1989,7.73843,107.3847,,,,
HUN,1990,6.97179,96.4291,25.26057,,18139.0,0.0
HUN,1991,6.59683,90.4436,25.23872,,18246.27,
HUN,1992,5.95206,80.436,25.11788,,18353.54,
HUN,1993,6.05481,81.2542,24.91544,,18460.81,
HUN,1994,6.03863,81.062,24.64877,,18568.08,
HUN,1995,6.0381,80.1674,24.33522,,18675.35,
HUN,1996,6.16753,82.5558,23.73395,,18782.62,
HUN,1997,6.05455,81.169,22.78166,,18889.89,
HUN,1998,6.05921,80.6422,21.76206,,18997.16,
HUN,1999,6.1162,81.2529,20.95888,,19104.43,
HUN,2000,5.82337,78.3933,20.65582,,19211.7,0.0
HUN,2001,5.98819,80.3481,20.82025,,19336.92,
HUN,2002,5.90459,78.8041,21.15222,,19462.14,
HUN,2003,6.18793,81.7304,21.5345,,19587.36,
HUN,2004,6.01748,80.8987,21.84984,,19712.58,
HUN,2005,6.06869,81.2411,21.98101,,19837.8,
HUN,2006,6.02497,80.3183,21.82342,,19963.02,
HUN,2007,5.8817,77.7615,21.44765,,20088.24,
HUN,2008,5.76184,75.4517,20.99914,,20213.46,
HUN,2009,5.15846,69.2622,20.62337,0.08811,20338.68,
HUN,2010,5.23462,70.0197,20.46578,,20463.9,
HUN,2011,5.15825,69.3014,21.30889,,20492.76,
HUN,2012,4.80352,65.548,18.93202,,20521.62,
HUN,2013,4.53741,62.9559,17.85298,,20550.48,
HUN,2014,4.55934,63.1669,17.93977,,20579.34,
HUN,2015,4.85223,66.1078,17.98025,,20608.2,0.0
HUN,2016,4.94532,66.905,16.23894,,20587.3,
HUN,2017,5.25711,69.8689,17.02369,,20572.7,
HUN,2018,5.28069,70.1115,17.50185,,20559.2,
HUN,2019,5.3124,70.3185,14.64124,,20544.7,
HUN,2020,5.13443,68.681,14.1365,,20530.1,
HUN,2021,5.29398,69.9447,,,20515.567,
HUN,2022,4.95293,65.5641,,,20500.989,
HUN,2023,4.48048,60.9502,,,20486.441,
HUN,2024,4.45792,60.4529,,,,
IDN,1970,0.2691,135.0523,,,,
IDN,1971,0.26504,137.8708,,,,
IDN,1972,0.30534,147.9684,,,,
IDN,1973,0.33549,161.8393,,,,
IDN,1974,0.36526,169.3313,,,,
IDN,1975,0.37009,170.1356,,,,
IDN,1976,0.38859,180.2496,,,,
IDN,1977,0.51828,206.4891,,,,
IDN,1978,0.59503,222.5825,,,,
IDN,1979,0.62516,230.0343,,,,
IDN,1980,0.60825,235.1234,,,,
IDN,1981,0.62733,244.9484,,,,
IDN,1982,0.61776,238.908,,,,
IDN,1983,0.59769,247.3259,,,,
IDN,1984,0.59813,258.9871,,,,
IDN,1985,0.63581,266.9892,,,,
IDN,1986,0.68814,284.1102,,,,
IDN,1987,0.69284,286.9611,,,,
IDN,1988,0.72753,299.4817,,,,
IDN,1989,0.7463,311.6564,,,,
IDN,1990,0.88157,338.0413,29.8368,,1185450.0,8.29377
IDN,1991,0.93512,358.7657,29.53306,,1168185.0,
IDN,1992,0.96058,377.0025,29.21366,,1150920.0,
IDN,1993,1.03386,395.7266,28.88323,,1133655.0,
IDN,1994,1.08218,415.0115,28.54637,,1116390.0,
IDN,1995,1.19616,445.0828,28.20771,,1099125.0,
IDN,1996,1.24017,469.8354,27.84299,,1081860.0,
IDN,1997,1.33401,495.0321,27.43911,,1064595.0,
IDN,1998,1.32606,493.6591,27.01733,,1047330.0,
IDN,1999,1.38612,506.8224,26.59893,,1030065.0,
IDN,2000,1.38409,513.0698,26.2052,,1012800.0,8.5185
IDN,2001,1.45854,536.2554,25.85438,,1011179.2,
IDN,2002,1.46311,543.4418,25.52917,,1009558.4,
IDN,2003,1.57132,573.261,25.19757,,1007937.6,
IDN,2004,1.58012,585.3283,24.82758,,1006316.8,
IDN,2005,1.57056,593.1621,24.38718,,1004696.0,
IDN,2006,1.63888,626.634,23.88606,,1003075.2,
IDN,2007,1.69489,650.3157,23.31567,,1001454.4,
IDN,2008,1.65414,653.1794,22.6167,,999833.6,
IDN,2009,1.69126,685.3767,21.72983,0.16059,998212.8,
IDN,2010,1.80135,722.9382,20.59573,,996592.0,
IDN,2011,2.00399,822.6221,17.91857,,987329.4,
IDN,2012,1.99549,842.7423,19.55335,,978066.8,
IDN,2013,1.8564,808.4225,20.10299,,968804.2,
IDN,2014,1.95102,851.9192,18.53546,,959541.6,
IDN,2015,1.95721,853.1222,18.67128,,950279.0,8.81766
IDN,2016,1.91627,851.5311,19.131,,952718.0,
IDN,2017,2.00394,905.8894,16.95556,,939498.0,
IDN,2018,2.20954,1002.7634,18.43719,,933442.7,
IDN,2019,2.33979,1062.2685,19.42709,,927387.3,
IDN,2020,2.16977,1007.1478,17.8815,,921332.0,
IDN,2021,2.24993,1037.2806,,,915276.633,
IDN,2022,2.5919,1181.2992,,,909221.311,
IDN,2023,2.74747,1261.3223,,,903165.959,
IDN,2024,2.86504,1323.7779,,,,
IMN,1990,,,,,34.6,6.16164
IMN,1991,,,,,34.6,
IMN,1992,,,,,34.6,
IMN,1993,,,,,34.6,
IMN,1994,,,,,34.6,
IMN,1995,,,,,34.6,
IMN,1996,,,,,34.6,
IMN,1997,,,,,34.6,
IMN,1998,,,,,34.6,
IMN,1999,,,,,34.6,
IMN,2000,,,,,34.6,6.06662
IMN,2001,,,,,34.6,
IMN,2002,,,,,34.6,
IMN,2003,,,,,34.6,
IMN,2004,,,,,34.6,
IMN,2005,,,,,34.6,
IMN,2006,,,,,34.6,
IMN,2007,,,,,34.6,
IMN,2008,,,,,34.6,
IMN,2009,,,,,34.6,
IMN,2010,,,,,34.6,
IMN,2011,,,,,34.6,
IMN,2012,,,,,34.6,
IMN,2013,,,,,34.6,
IMN,2014,,,,,34.6,
IMN,2015,,,,,34.6,5.99191
IMN,2016,,,,,34.6,
IMN,2017,,,,,34.6,
IMN,2018,,,,,34.6,
IMN,2019,,,,,34.6,
IMN,2020,,,,,34.6,
IMN,2021,,,,,34.6,
IMN,2022,,,,,34.6,
IMN,2023,,,,,34.6,
IND,1970,0.38983,733.2441,,,,
IND,1971,0.38217,739.1024,,,,
IND,1972,0.38807,751.0277,,,,
IND,1973,0.37714,758.9521,,,,
IND,1974,0.39504,780.7095,,,,
IND,1975,0.41084,814.2127,,,,
IND,1976,0.42906,836.7847,,,,
IND,1977,0.42701,858.755,,,,
IND,1978,0.40896,863.23,,,,
IND,1979,0.42945,888.5302,,,,
IND,1980,0.44165,921.6746,,,,
IND,1981,0.47461,970.8799,,,,
IND,1982,0.48854,996.4303,,,,
IND,1983,0.50801,1047.3822,,,,
IND,1984,0.54692,1101.1985,,,,
IND,1985,0.55835,1133.7802,,,,
IND,1986,0.59264,1195.6476,,,,
IND,1987,0.61987,1231.5536,,,,
IND,1988,0.64338,1302.0969,,,,
IND,1989,0.67387,1360.5013,,,,
IND,1990,0.69445,1353.6526,62.00389,,639380.0,1.96204
IND,1991,0.73126,1412.2686,61.25818,,643033.0,
IND,1992,0.74163,1445.5969,60.64968,,646686.0,
IND,1993,0.75885,1478.087,60.17964,,650339.0,
IND,1994,0.79035,1532.6947,59.84931,,653992.0,
IND,1995,0.82937,1596.6577,59.65993,,657645.0,
IND,1996,0.85078,1644.4354,59.72661,,661298.0,
IND,1997,0.87844,1700.9698,60.0762,,664951.0,
IND,1998,0.88409,1731.4029,60.5776,,668604.0,
IND,1999,0.92619,1800.6873,61.09971,,672257.0,
IND,2000,0.94231,1835.5597,61.51145,,675910.0,1.92874
IND,2001,0.93979,1859.4487,61.90683,,677815.0,
IND,2002,0.95762,1888.1986,62.37252,,679720.0,
IND,2003,0.96974,1938.2256,62.76635,,681625.0,
IND,2004,1.02823,2040.7615,62.94617,,683530.0,
IND,2005,1.0546,2111.743,62.76982,,685435.0,
IND,2006,1.10811,2216.1962,61.19511,,687340.0,
IND,2007,1.18862,2359.3109,58.02113,,689245.0,
IND,2008,1.25816,2486.3897,54.36765,,691150.0,
IND,2009,1.32285,2595.4144,51.3544,4.35611,693055.0,
IND,2010,1.3913,2722.6207,50.10115,,694960.0,
IND,2011,1.46337,2858.4621,61.70862,,697624.0,
IND,2012,1.57608,3037.4947,74.00316,,700288.0,
IND,2013,1.59946,3074.139,76.25018,,702952.0,
IND,2014,1.70518,3254.3163,79.0374,,705616.0,
IND,2015,1.7155,3310.4591,73.81099,,708280.0,1.88001
IND,2016,1.72029,3353.9184,75.789,,710940.0,
IND,2017,1.79545,3495.5015,67.31227,,713610.0,
IND,2018,1.85989,3634.4229,68.12095,,716270.0,
IND,2019,1.83688,3641.2932,59.89198,,718940.0,
IND,2020,1.6804,3461.05,48.39481,,721600.0,
IND,2021,1.83703,3719.5632,,,724260.0,
IND,2022,1.9693,3961.5256,,,726930.0,
IND,2023,2.09623,4206.3289,,,729592.0,
IND,2024,2.17365,4371.1693,,,,
IRL,1970,6.98703,41.3153,,,,
IRL,1971,7.73466,44.2947,,,,
IRL,1972,7.49823,44.0137,,,,
IRL,1973,7.23894,44.5879,,,,
IRL,1974,7.70419,47.53,,,,
IRL,1975,7.11981,46.1883,,,,
IRL,1976,7.18883,46.4527,,,,
IRL,1977,7.57687,48.7257,,,,
IRL,1978,7.40999,48.9923,,,,
IRL,1979,8.60031,53.4352,,,,
IRL,1980,8.17341,52.516,,,,
IRL,1981,8.01237,51.6087,,,,
IRL,1982,7.85392,51.5055,,,,
IRL,1983,7.6829,51.611,,,,
IRL,1984,7.63988,51.8922,,,,
IRL,1985,8.08093,53.6069,,,,
IRL,1986,8.34895,54.8159,,,,
IRL,1987,8.78904,56.0932,,,,
IRL,1988,8.57632,55.2887,,,,
IRL,1989,8.90738,56.932,,,,
IRL,1990,9.20303,58.952,14.26908,,4616.4,2.83432
IRL,1991,9.30167,59.625,14.15729,,4785.12,
IRL,1992,9.20825,59.7344,14.03074,,4953.84,
IRL,1993,9.22788,60.501,13.89099,,5122.56,
IRL,1994,9.53087,61.9987,13.73961,,5291.28,
IRL,1995,9.6398,62.749,13.57816,,5460.0,
IRL,1996,9.92635,64.2956,13.38491,,5628.72,
IRL,1997,10.16915,65.7624,13.15638,,5797.44,
IRL,1998,10.71566,68.5316,12.92154,,5966.16,
IRL,1999,10.97818,70.6099,12.70935,,6134.88,
IRL,2000,11.51774,74.3616,12.54878,,6303.6,2.79916
IRL,2001,11.91097,76.7943,12.42648,,6393.62,
IRL,2002,11.44041,75.7068,12.30406,,6483.64,
IRL,2003,11.1268,76.0858,12.17285,,6573.66,
IRL,2004,11.05366,75.93,12.02418,,6663.68,
IRL,2005,11.31605,77.9148,11.84939,,6753.7,
IRL,2006,11.15881,78.3503,11.57113,,6843.72,
IRL,2007,10.67186,76.8964,11.18343,,6933.74,
IRL,2008,10.30871,76.1474,10.78467,,7023.76,
IRL,2009,9.0783,71.245,10.47326,0.00491,7113.78,
IRL,2010,8.97445,70.197,10.34759,,7203.8,
IRL,2011,8.10989,65.8499,10.54042,,7272.38,
IRL,2012,8.17522,67.2415,9.58893,,7340.96,
IRL,2013,7.85797,66.3444,9.19409,,7409.54,
IRL,2014,7.75893,66.1969,8.84473,,7478.12,
IRL,2015,8.00688,67.7868,8.81158,,7546.7,2.7986
IRL,2016,8.29637,70.804,8.11019,,7623.5,
IRL,2017,7.92618,69.9073,8.3843,,7700.2,
IRL,2018,7.76338,67.2065,8.29864,,7740.2,
IRL,2019,7.30821,65.2785,7.89239,,7780.2,
IRL,2020,6.80457,62.9056,8.17059,,7820.2,
IRL,2021,7.11907,65.1008,,,7860.2,
IRL,2022,6.84581,63.8576,,,7900.2,
IRL,2023,6.18708,60.358,,,7940.2,
IRL,2024,6.03606,59.6778,,,,
IRN,1970,2.75873,218.5458,,,,
IRN,1971,2.87021,224.4125,,,,
IRN,1972,3.11229,247.4453,,,,
IRN,1973,3.60321,287.1525,,,,
IRN,1974,3.7109,299.2443,,,,
IRN,1975,3.67142,285.7266,,,,
IRN,1976,4.11041,319.0379,,,,
IRN,1977,4.17881,320.8553,,,,
IRN,1978,3.94053,307.6446,,,,
IRN,1979,3.547,248.9807,,,,
IRN,1980,2.9215,187.3897,,,,
IRN,1981,2.74404,183.1845,,,,
IRN,1982,3.19315,229.5088,,,,
IRN,1983,3.46883,254.0115,,,,
IRN,1984,3.28659,246.9614,,,,
IRN,1985,3.37299,260.93,,,,
IRN,1986,3.03287,245.9822,,,,
IRN,1987,3.09358,262.4141,,,,
IRN,1988,3.02236,264.4088,,,,
IRN,1989,3.15062,294.0448,,,,
IRN,1990,3.57099,331.2837,33.82192,,90760.6,0.64804
IRN,1991,3.83795,375.9807,33.85839,,91010.2,
IRN,1992,3.9965,400.015,33.94896,,91259.8,
IRN,1993,3.96248,398.496,34.0815,,91509.4,
IRN,1994,4.51152,437.6362,34.24386,,91759.0,
IRN,1995,4.55537,438.4144,34.42392,,92008.6,
IRN,1996,4.6781,456.7886,34.75576,,92258.2,
IRN,1997,4.82861,470.4252,35.27974,,92507.8,
IRN,1998,4.75903,455.6179,35.84311,,92757.4,
IRN,1999,5.13185,481.5489,36.29315,,93007.0,
IRN,2000,5.32892,511.3773,36.4771,,93256.6,0.83525
IRN,2001,5.45816,516.9483,36.30097,,94622.92,
IRN,2002,5.6509,533.2751,35.88096,,95989.24,
IRN,2003,5.89792,580.3041,35.37966,,97355.56,
IRN,2004,6.19125,607.849,34.95965,,98721.88,
IRN,2005,6.52931,650.6803,34.78352,,100088.2,
IRN,2006,6.89508,697.2037,34.99421,,101454.52,
IRN,2007,7.21865,721.2231,35.55672,,102820.84,
IRN,2008,7.35172,737.0249,36.36673,,104187.16,
IRN,2009,7.49713,757.6978,37.31992,3.05679,105553.48,
IRN,2010,7.44954,767.5997,38.31197,,106919.8,
IRN,2011,7.47503,776.1627,39.61248,,106919.8,
IRN,2012,7.4647,766.3045,38.00776,,106919.8,
IRN,2013,7.6184,786.3816,38.75256,,106919.8,
IRN,2014,7.81011,800.2234,36.37104,,106919.8,
IRN,2015,7.61916,793.3321,38.69803,,106919.8,0.92861
IRN,2016,7.66363,837.8615,37.48381,,107020.0,
IRN,2017,7.83731,866.9868,35.01596,,107110.0,
IRN,2018,7.68074,856.6916,37.67623,,107270.0,
IRN,2019,8.18572,891.3642,34.01579,,107430.0,
IRN,2020,8.38853,909.9382,32.28737,,107520.0,
IRN,2021,8.86621,974.1072,,,107660.0,
IRN,2022,8.84742,989.8646,,,107760.0,
IRN,2023,9.00722,1030.0947,,,107883.856,
IRN,2024,9.05329,1054.7651,,,,
IRQ,1970,2.42009,103.5209,,,,
IRQ,1971,2.73256,107.7095,,,,
IRQ,1972,2.62643,98.292,,,,
IRQ,1973,2.78474,123.4901,,,,
IRQ,1974,2.89727,123.4841,,,,
IRQ,1975,3.20757,140.019,,,,
IRQ,1976,3.89513,156.3506,,,,
IRQ,1977,3.45744,149.7602,,,,
IRQ,1978,3.67821,163.737,,,,
IRQ,1979,4.41083,212.5392,,,,
IRQ,1980,3.84307,173.7364,,,,
IRQ,1981,2.59188,90.8721,,,,
IRQ,1982,2.67397,94.2401,,,,
IRQ,1983,2.85567,97.6882,,,,
IRQ,1984,3.11664,112.2606,,,,
IRQ,1985,3.48901,129.2112,,,,
IRQ,1986,3.82083,147.2705,,,,
IRQ,1987,3.70107,164.2025,,,,
IRQ,1988,3.89212,195.541,,,,
IRQ,1989,4.23238,211.8413,,,,
IRQ,1990,3.94993,171.7182,43.4048,,8040.0,3.63302
IRQ,1991,3.06468,78.3949,41.98947,,8054.0,
IRQ,1992,4.14048,106.6003,40.83128,,8068.0,
IRQ,1993,5.21692,136.3952,39.96319,,8082.0,
IRQ,1994,5.45957,148.3037,39.41819,,8096.0,
IRQ,1995,5.23868,148.3929,39.22926,,8110.0,
IRQ,1996,4.68179,138.1618,39.49579,,8124.0,
IRQ,1997,5.46166,177.2483,40.14086,,8138.0,
IRQ,1998,4.1193,158.9374,40.93298,,8152.0,
IRQ,1999,3.14355,148.0879,41.64061,,8166.0,
IRQ,2000,3.63621,167.8514,42.03226,,8180.0,4.06225
IRQ,2001,3.9945,181.6744,42.15095,,8187.0,
IRQ,2002,3.65492,169.9498,42.21863,,8194.0,
IRQ,2003,3.09255,152.201,42.27209,,8201.0,
IRQ,2004,3.27516,170.8699,42.34812,,8208.0,
IRQ,2005,3.0709,164.5208,42.48354,,8215.0,
IRQ,2006,2.96556,164.1469,43.23384,,8222.0,
IRQ,2007,2.76244,154.4379,44.76652,,8229.0,
IRQ,2008,3.12973,171.4978,46.53635,,8236.0,
IRQ,2009,3.2221,187.344,47.99809,0.01484,8243.0,
IRQ,2010,3.59131,210.5342,48.60649,,8250.0,
IRQ,2011,3.6039,223.7886,44.59021,,8250.0,
IRQ,2012,3.95321,253.3531,43.76336,,8250.0,
IRQ,2013,4.09303,265.3034,42.91625,,8250.0,
IRQ,2014,3.78352,265.4772,37.79473,,8250.0,
IRQ,2015,3.67152,275.9163,44.64399,,8250.0,4.5901
IRQ,2016,4.0303,325.512,42.33679,,8250.0,
IRQ,2017,4.25411,339.8682,40.02671,,8250.0,
IRQ,2018,4.49373,357.4645,41.75586,,8250.0,
IRQ,2019,4.70109,377.1266,37.73157,,8250.0,
IRQ,2020,4.36584,345.6178,38.17507,,8250.0,
IRQ,2021,4.63674,361.8167,,,8250.0,
IRQ,2022,5.04369,399.1675,,,8250.0,
IRQ,2023,5.16874,405.1732,,,8250.0,
IRQ,2024,5.18375,413.2764,,,,
ISL,1970,9.45715,3.2368,,,,
ISL,1971,9.85842,3.3765,,,,
ISL,1972,10.73507,3.6828,,,,
ISL,1973,12.16012,4.3794,,,,
ISL,1974,11.74207,4.3082,,,,
ISL,1975,10.88132,4.0443,,,,
ISL,1976,10.87557,4.1388,,,,
ISL,1977,11.10916,4.2877,,,,
ISL,1978,11.35875,4.414,,,,
ISL,1979,11.63355,4.4605,,,,
ISL,1980,10.65495,4.2456,,,,
ISL,1981,10.13326,4.172,,,,
ISL,1982,8.4572,3.8679,,,,
ISL,1983,8.52066,3.924,,,,
ISL,1984,9.36909,4.2148,,,,
ISL,1985,8.83619,4.0249,,,,
ISL,1986,8.80089,4.0734,,,,
ISL,1987,8.85955,4.21,,,,
ISL,1988,9.20597,4.3252,,,,
ISL,1989,9.09346,4.4333,,,,
ISL,1990,9.18117,4.4134,7.73327,,170.7,12.79307
ISL,1991,8.88878,4.388,7.66948,,183.46,
ISL,1992,8.83332,3.307,7.61326,,196.22,
ISL,1993,9.12655,3.4264,7.56329,,208.98,
ISL,1994,9.47557,3.5599,7.51823,,221.74,
ISL,1995,9.12408,3.3794,7.47676,,234.5,
ISL,1996,10.07229,3.6799,7.44927,,247.26,
ISL,1997,9.68067,3.6158,7.43955,,260.02,
ISL,1998,9.88225,3.77,7.4363,,272.78,
ISL,1999,9.88172,3.8295,7.42826,,285.54,
ISL,2000,10.14349,3.938,7.40416,,298.3,12.22042
ISL,2001,10.37871,4.0491,7.36401,,313.14,
ISL,2002,10.88226,4.2446,7.31543,,327.98,
ISL,2003,10.70734,4.2178,7.25851,,342.82,
ISL,2004,10.87293,4.3019,7.19335,,357.66,
ISL,2005,10.53941,4.2134,7.12004,,372.5,
ISL,2006,10.67114,4.3974,7.00714,,387.34,
ISL,2007,11.15366,4.7551,6.84979,,402.18,
ISL,2008,11.90811,5.0503,6.68793,,417.02,
ISL,2009,12.01699,5.066,6.56152,,431.86,
ISL,2010,11.74817,5.0004,6.51049,,446.7,
ISL,2011,11.29668,4.8643,6.70874,,453.68,
ISL,2012,11.36551,4.8583,6.11018,,460.66,
ISL,2013,11.46082,4.8977,5.9646,,467.64,
ISL,2014,10.58048,4.6428,5.78711,,474.62,
ISL,2015,10.97048,4.8384,5.73328,,481.6,11.31353
ISL,2016,9.47683,4.3577,5.27718,,486.6,
ISL,2017,9.69685,4.5079,5.83996,,493.8,
ISL,2018,9.34053,4.4755,5.55924,,500.4,
ISL,2019,8.81067,4.3365,5.48156,,506.9,
ISL,2020,8.38202,4.2278,5.10555,,513.5,
ISL,2021,8.4927,4.2604,,,520.0,
ISL,2022,8.48004,4.3017,,,526.6,
ISL,2023,8.34926,4.2461,,,533.133,
ISL,2024,8.51992,4.2824,,,,
ISR,1970,5.015,72.7477,,,,
ISR,1971,4.86536,73.0275,,,,
ISR,1972,4.9987,76.8195,,,,
ISR,1973,5.13926,77.8363,,,,
ISR,1974,5.12351,60.9517,,,,
ISR,1975,5.26648,83.5262,,,,
ISR,1976,5.14367,23.3453,,,,
ISR,1977,5.24871,24.2024,,,,
ISR,1978,5.47195,25.493,,,,
ISR,1979,5.43172,25.9331,,,,
ISR,1980,5.26663,25.8408,,,,
ISR,1981,5.37652,26.8355,,,,
ISR,1982,5.5736,27.951,,,,
ISR,1983,5.6743,28.9391,,,,
ISR,1984,5.80402,29.9406,,,,
ISR,1985,6.09733,31.7259,,,,
ISR,1986,6.54113,34.1545,,,,
ISR,1987,7.02309,36.8847,,,,
ISR,1988,7.33019,39.0647,,,,
ISR,1989,7.47937,40.4189,,,,
ISR,1990,7.55858,41.9274,24.62135,,1320.0,2.33494
ISR,1991,7.24833,42.6965,25.43147,,1341.0,
ISR,1992,7.49711,45.4951,26.10091,,1362.0,
ISR,1993,8.00551,49.4892,26.6234,,1383.0,
ISR,1994,8.34984,53.0654,26.99268,,1404.0,
ISR,1995,8.6914,56.4849,27.20249,,1425.0,
ISR,1996,9.00643,59.842,27.10276,,1446.0,
ISR,1997,9.07027,61.7397,26.67413,,1467.0,
ISR,1998,8.96063,62.8808,26.10637,,1488.0,
ISR,1999,8.97058,64.502,25.58925,,1509.0,
ISR,2000,9.4266,69.1171,25.31255,,1530.0,2.00264
ISR,2001,9.19913,69.2239,25.22343,,1531.0,
ISR,2002,9.51087,72.4944,25.14123,,1532.0,
ISR,2003,9.60438,74.2971,25.06398,,1533.0,
ISR,2004,9.40062,74.1409,24.98971,,1534.0,
ISR,2005,8.92813,72.1469,24.91645,,1535.0,
ISR,2006,9.22039,75.401,24.84307,,1536.0,
ISR,2007,9.38934,78.0221,24.77,,1537.0,
ISR,2008,9.27418,79.5136,24.69758,,1538.0,
ISR,2009,8.95688,77.972,24.62618,0.00081,1539.0,
ISR,2010,9.43717,83.7245,24.55616,,1540.0,
ISR,2011,9.16058,83.7735,24.4804,,1562.0,
ISR,2012,9.80846,90.5999,22.10386,,1584.0,
ISR,2013,8.47298,82.0354,22.57821,,1606.0,
ISR,2014,8.02421,79.467,21.17547,,1628.0,
ISR,2015,8.11347,82.8643,22.1043,,1650.0,1.70249
ISR,2016,7.90453,83.2455,18.81701,,1400.0,
ISR,2017,7.78384,83.2849,20.02934,,1400.0,
ISR,2018,7.14844,79.9149,20.5626,,1400.0,
ISR,2019,7.21388,82.3747,19.55564,,1400.0,
ISR,2020,6.66216,78.8622,18.59828,,1400.0,
ISR,2021,6.50618,78.5212,,,1400.0,
ISR,2022,6.65827,81.8631,,,1400.0,
ISR,2023,6.14078,79.0534,,,1400.0,
ISR,2024,5.78134,76.6207,,,,
ITA,1970,5.84535,386.4201,,,,
ITA,1971,6.08938,401.6608,,,,
ITA,1972,6.38773,419.076,,,,
ITA,1973,6.74926,443.5398,,,,
ITA,1974,6.75106,444.5354,,,,
ITA,1975,6.41903,427.1135,,,,
ITA,1976,6.86572,456.4603,,,,
ITA,1977,6.64019,445.6692,,,,
ITA,1978,6.74817,455.7319,,,,
ITA,1979,7.01186,472.5661,,,,
ITA,1980,7.04636,474.7363,,,,
ITA,1981,6.82929,462.2459,,,,
ITA,1982,6.67962,453.0174,,,,
ITA,1983,6.60054,445.9466,,,,
ITA,1984,6.69585,455.3292,,,,
ITA,1985,6.68926,456.0739,,,,
ITA,1986,6.7216,459.2135,,,,
ITA,1987,7.06646,485.196,,,,
ITA,1988,7.14714,486.0659,,,,
ITA,1989,7.46175,503.4149,,,,
ITA,1990,7.51169,504.6509,29.05838,,75897.5,3.76135
ITA,1991,7.486,501.9444,28.77941,,76677.0,
ITA,1992,7.44846,499.6865,28.50199,,77456.5,
ITA,1993,7.32506,493.2172,28.22168,,78236.0,
ITA,1994,7.226,488.694,27.93403,,79015.5,
ITA,1995,7.65088,514.6362,27.63459,,79795.0,
ITA,1996,7.5597,510.5144,27.35126,,80574.5,
ITA,1997,7.6164,514.7007,27.09727,,81354.0,
ITA,1998,7.77543,524.161,26.84622,,82133.5,
ITA,1999,7.89504,531.1724,26.57169,,82913.0,
ITA,2000,7.97861,538.1551,26.24728,,83692.5,3.78174
ITA,2001,7.96252,536.3577,25.81274,,84351.29,
ITA,2002,8.07424,545.6398,25.25717,,85010.08,
ITA,2003,8.37574,566.2548,24.62817,,85668.87,
ITA,2004,8.51073,577.0068,23.97334,,86327.66,
ITA,2005,8.47686,578.7357,23.34029,,86986.45,
ITA,2006,8.34804,567.1625,22.62269,,87645.24,
ITA,2007,8.17483,560.6504,21.78826,,88304.03,
ITA,2008,7.85286,545.7313,20.99573,,88962.82,
ITA,2009,6.94826,494.5056,20.40382,0.0071,89621.61,
ITA,2010,7.08186,505.5662,20.17124,,90280.4,
ITA,2011,6.90531,494.9934,21.33537,,90818.48,
ITA,2012,6.55334,476.6948,18.76569,,91356.56,
ITA,2013,5.99742,442.7417,18.0541,,91894.64,
ITA,2014,5.68587,423.617,16.89368,,92432.72,
ITA,2015,5.87319,433.5335,17.76002,,92970.8,3.81654
ITA,2016,5.80834,429.2273,15.70115,,93508.9,
ITA,2017,5.76115,426.1244,15.96603,,94047.0,
ITA,2018,5.65887,421.8733,16.33544,,94585.1,
ITA,2019,5.56784,413.4916,14.89369,,95123.2,
ITA,2020,4.96667,375.4962,14.65864,,95661.3,
ITA,2021,5.58652,408.9319,,,96199.4,
ITA,2022,5.60897,408.0605,,,96737.5,
ITA,2023,5.15914,378.5108,,,97275.6,
ITA,2024,5.07574,371.1717,,,,
JAM,1970,4.28667,9.2387,,,,
JAM,1971,4.22266,9.2355,,,,
JAM,1972,4.14555,9.2012,,,,
JAM,1973,4.35897,9.7515,,,,
JAM,1974,4.44607,10.0668,,,,
JAM,1975,3.68607,8.6679,,,,
JAM,1976,3.23317,7.8351,,,,
JAM,1977,3.49556,8.4602,,,,
JAM,1978,3.53589,8.6228,,,,
JAM,1979,3.36558,8.3439,,,,
JAM,1980,3.20582,8.1202,,,,
JAM,1981,3.13007,8.0246,,,,
JAM,1982,2.63189,7.0724,,,,
JAM,1983,2.62673,7.2362,,,,
JAM,1984,2.41689,6.8859,,,,
JAM,1985,2.12786,6.2355,,,,
JAM,1986,2.01412,6.0946,,,,
JAM,1987,2.06785,6.2687,,,,
JAM,1988,2.15609,6.4808,,,,
JAM,1989,2.73994,7.9141,,,,
JAM,1990,3.23718,9.2503,15.70202,,5212.8,10.54749
JAM,1991,3.16714,9.2256,15.44179,,5212.52,
JAM,1992,3.42413,10.0338,15.2307,,5212.24,
JAM,1993,3.444,10.1853,15.0733,,5211.96,
JAM,1994,3.44349,10.2359,14.97414,,5211.68,
JAM,1995,3.52395,10.5794,14.93777,,5211.4,
JAM,1996,3.64018,10.9164,15.00284,,5211.12,
JAM,1997,3.69072,11.1029,15.16964,,5210.84,
JAM,1998,3.85355,11.6189,15.38522,,5210.56,
JAM,1999,3.92309,11.9116,15.59665,,5210.28,
JAM,2000,3.92833,11.9797,15.75097,,5210.0,9.78724
JAM,2001,3.92802,12.0473,15.84526,,5247.45,
JAM,2002,3.88537,12.0046,15.91201,,5284.9,
JAM,2003,3.97384,12.367,15.95148,,5322.35,
JAM,2004,3.96703,12.3317,15.9639,,5359.8,
JAM,2005,3.95558,12.3066,15.94951,,5397.25,
JAM,2006,4.558,13.7149,15.92672,,5434.7,
JAM,2007,4.50877,13.6136,15.89867,,5472.15,
JAM,2008,3.62136,11.208,15.84261,,5509.6,
JAM,2009,2.94093,9.3614,15.73583,1.14346,5547.05,
JAM,2010,2.79862,8.9744,15.55561,,5584.5,
JAM,2011,2.75433,8.9137,14.94712,,5622.52,
JAM,2012,2.52991,8.3326,15.42473,,5660.54,
JAM,2013,2.68841,8.7997,15.77492,,5698.56,
JAM,2014,2.58241,8.5421,16.45972,,5736.58,
JAM,2015,2.53581,8.4177,16.86464,,5774.6,9.15485
JAM,2016,2.71375,8.944,15.95584,,5813.4,
JAM,2017,2.59525,8.6448,16.65664,,5852.3,
JAM,2018,3.08184,10.0498,16.84268,,5891.2,
JAM,2019,2.98926,9.7708,17.07063,,5930.0,
JAM,2020,2.09235,7.2194,17.41364,,5968.9,
JAM,2021,2.28088,7.7907,,,6007.733,
JAM,2022,2.64696,8.8444,,,6046.611,
JAM,2023,2.71285,9.0424,,,6085.459,
JAM,2024,2.84378,9.4247,,,,
JOR,1970,1.75113,3.5653,,,,
JOR,1971,1.67851,3.675,,,,
JOR,1972,1.35061,3.2784,,,,
JOR,1973,1.47011,3.6454,,,,
JOR,1974,1.54498,3.8758,,,,
JOR,1975,1.65946,4.2,,,,
JOR,1976,1.92603,4.7889,,,,
JOR,1977,1.93393,4.966,,,,
JOR,1978,2.27199,5.8542,,,,
JOR,1979,2.34386,6.2548,,,,
JOR,1980,2.87349,7.6342,,,,
JOR,1981,3.18622,8.7283,,,,
JOR,1982,3.23055,9.2445,,,,
JOR,1983,3.5691,10.5078,,,,
JOR,1984,3.73633,11.4124,,,,
JOR,1985,3.64987,11.7646,,,,
JOR,1986,3.70317,12.3634,,,,
JOR,1987,3.94542,13.7499,,,,
JOR,1988,3.62911,13.4419,,,,
JOR,1989,2.83945,11.4415,,,,
JOR,1990,2.7808,12.1209,23.40115,,975.0,0.04594
JOR,1991,2.5764,12.436,24.6183,,975.0,
JOR,1992,2.89913,14.5677,25.59956,,975.0,
JOR,1993,2.8596,15.1484,26.32505,,975.0,
JOR,1994,2.84737,15.6803,26.77492,,975.0,
JOR,1995,2.90438,16.6518,26.92929,,975.0,
JOR,1996,2.87508,17.0003,26.64846,,975.0,
JOR,1997,2.89704,17.5505,25.97878,,975.0,
JOR,1998,2.87289,17.8655,25.17948,,975.0,
JOR,1999,2.81699,18.0177,24.5098,,975.0,
JOR,2000,3.05659,19.7047,24.22897,,975.0,0.04808
JOR,2001,3.00199,19.9307,24.63913,,975.0,
JOR,2002,3.06398,20.8601,25.67362,,975.0,
JOR,2003,3.07334,21.5213,27.03846,,975.0,
JOR,2004,3.23278,23.1108,28.43967,,975.0,
JOR,2005,3.3691,24.7654,29.58326,,975.0,
JOR,2006,3.1963,25.1412,30.58723,,975.0,
JOR,2007,3.12568,26.239,31.65551,,975.0,
JOR,2008,2.93182,25.9125,32.62298,,975.0,
JOR,2009,2.94909,26.4352,33.32454,0.36947,975.0,
JOR,2010,2.82146,26.1457,33.59508,,975.0,
JOR,2011,2.80919,26.9486,29.66243,,975.0,
JOR,2012,3.2334,30.7419,29.02446,,975.0,
JOR,2013,3.0154,30.4656,32.67792,,975.0,
JOR,2014,2.93908,32.6122,30.20225,,975.0,
JOR,2015,2.68561,32.6537,32.11424,,975.0,0.05365
JOR,2016,2.52192,32.834,28.37548,,975.0,
JOR,2017,2.59426,34.3792,28.38317,,975.0,
JOR,2018,2.40977,33.3725,30.89112,,975.0,
JOR,2019,2.18239,31.8992,31.25973,,975.0,
JOR,2020,1.92799,29.9987,28.77376,,975.0,
JOR,2021,1.9648,31.3062,,,975.0,
JOR,2022,2.07333,33.3384,,,975.0,
JOR,2023,2.10161,34.4007,,,975.0,
JOR,2024,2.08987,34.8557,,,,
JPN,1970,8.208,979.6099,,,,
JPN,1971,8.0081,972.5575,,,,
JPN,1972,8.33099,1018.1085,,,,
JPN,1973,9.2598,1133.0411,,,,
JPN,1974,9.1063,1127.9922,,,,
JPN,1975,8.50259,1070.9944,,,,
JPN,1976,8.69618,1107.0127,,,,
JPN,1977,8.83235,1137.1914,,,,
JPN,1978,8.75751,1134.3743,,,,
JPN,1979,8.88879,1161.2865,,,,
JPN,1980,8.58785,1132.5791,,,,
JPN,1981,8.34229,1108.2077,,,,
JPN,1982,7.93161,1066.55,,,,
JPN,1983,7.90583,1071.0231,,,,
JPN,1984,8.41939,1145.4073,,,,
JPN,1985,8.13852,1118.1814,,,,
JPN,1986,8.07079,1114.9774,,,,
JPN,1987,8.09182,1118.9971,,,,
JPN,1988,8.65281,1194.0145,,,,
JPN,1989,8.86065,1225.8239,,,,
JPN,1990,9.4129,1295.8448,13.37278,,249500.0,12.68577
JPN,1991,9.45465,1310.2737,13.29348,,249426.0,
JPN,1992,9.4625,1320.9989,13.2262,,249352.0,
JPN,1993,9.37144,1317.0289,13.17147,,249278.0,
JPN,1994,9.77285,1380.2947,13.12983,,249204.0,
JPN,1995,9.82868,1399.2975,13.10181,,249130.0,
JPN,1996,9.90823,1414.6749,13.1008,,249056.0,
JPN,1997,9.77095,1396.8348,13.12642,,248982.0,
JPN,1998,9.37018,1342.2103,13.15858,,248908.0,
JPN,1999,9.67513,1373.2727,13.17716,,248834.0,
JPN,2000,9.80406,1377.7822,13.16207,,248760.0,12.58169
JPN,2001,9.67361,1356.373,13.08372,,248850.0,
JPN,2002,9.92193,1384.7552,12.93949,,248940.0,
JPN,2003,9.95887,1389.2192,12.74975,,249030.0,
JPN,2004,9.91731,1380.3906,12.53488,,249120.0,
JPN,2005,10.00747,1389.6047,12.31525,,249210.0,
JPN,2006,9.824,1359.7126,12.01742,,249300.0,
JPN,2007,10.0916,1393.909,11.62146,,249390.0,
JPN,2008,9.53254,1319.317,11.228,,249480.0,
JPN,2009,9.03961,1250.6457,10.93767,0.02095,249570.0,
JPN,2010,9.50312,1313.1602,10.85113,,249660.0,
JPN,2011,9.93397,1363.1798,12.27425,,249616.0,
JPN,2012,10.2516,1401.3418,12.80684,,249572.0,
JPN,2013,10.38479,1417.7406,13.25425,,249528.0,
JPN,2014,10.00636,1366.6674,13.74061,,249484.0,
JPN,2015,9.69456,1324.4225,12.86854,,249440.0,12.44258
JPN,2016,9.66865,1320.9354,12.79906,,249400.0,
JPN,2017,9.55283,1305.6904,13.11983,,249350.0,
JPN,2018,9.17214,1254.5984,13.07903,,249350.0,
JPN,2019,8.87457,1215.1408,12.93787,,249350.0,
JPN,2020,8.39711,1151.0677,12.8352,,249350.0,
JPN,2021,8.59478,1172.1252,,,249350.0,
JPN,2022,8.39563,1142.3046,,,249350.0,
JPN,2023,8.05064,1094.0243,,,249350.0,
JPN,2024,7.84242,1063.3358,,,,
KAZ,1970,14.88847,262.3785,,,,
KAZ,1971,14.55619,263.1524,,,,
KAZ,1972,15.17709,276.5642,,,,
KAZ,1973,15.90121,292.0367,,,,
KAZ,1974,16.21514,300.8672,,,,
KAZ,1975,16.62482,312.1538,,,,
KAZ,1976,16.70426,320.2896,,,,
KAZ,1977,16.53907,323.3461,,,,
KAZ,1978,16.99518,337.0717,,,,
KAZ,1979,17.00325,341.5716,,,,
KAZ,1980,17.39167,349.4122,,,,
KAZ,1981,16.28488,333.3146,,,,
KAZ,1982,15.4419,323.3313,,,,
KAZ,1983,14.98362,318.3153,,,,
KAZ,1984,14.34135,315.0473,,,,
KAZ,1985,13.74885,303.7926,,,,
KAZ,1986,13.59222,305.3862,,,,
KAZ,1987,14.26252,321.0834,,,,
KAZ,1988,14.52812,328.7428,,,,
KAZ,1989,14.16995,327.7003,,,,
KAZ,1990,14.49391,342.2679,18.94475,,,0.0
KAZ,1991,15.04364,348.4124,19.02982,,,
KAZ,1992,15.30727,352.7858,19.05508,,31611.81,
KAZ,1993,13.09039,307.3451,19.02896,,31606.491,
KAZ,1994,11.96263,273.8448,18.95991,,31601.172,
KAZ,1995,10.77838,237.1624,18.85639,,31595.853,
KAZ,1996,9.62651,208.1916,18.58101,,31590.534,
KAZ,1997,8.55873,181.0356,18.08537,,31585.215,
KAZ,1998,9.04827,180.6,17.51131,,31579.896,
KAZ,1999,8.38873,165.692,17.00071,,31574.577,
KAZ,2000,8.52997,172.3085,16.69542,,31569.258,0.0
KAZ,2001,8.37701,171.7802,16.56322,,31494.512,
KAZ,2002,9.29533,187.7578,16.48252,,31419.765,
KAZ,2003,10.29724,207.6315,16.46118,,31345.019,
KAZ,2004,11.01292,222.2894,16.50703,,31270.273,
KAZ,2005,11.74822,237.2564,16.62794,,31195.527,
KAZ,2006,13.05241,263.5729,16.88404,,31120.78,
KAZ,2007,13.50819,274.7758,17.35835,,31046.034,
KAZ,2008,15.12383,308.1772,18.093,,30971.288,
KAZ,2009,13.50689,283.7872,19.13013,0.21716,30896.541,
KAZ,2010,14.38505,304.0154,20.51188,,30821.795,
KAZ,2011,15.38905,327.4902,25.48939,,31274.349,
KAZ,2012,14.95474,322.8188,27.20318,,31726.902,
KAZ,2013,15.7272,340.3623,25.84437,,32179.455,
KAZ,2014,13.07867,298.219,23.83584,,32632.009,
KAZ,2015,11.21168,262.9736,22.55905,,33084.562,0.0
KAZ,2016,11.7692,278.6123,22.76375,,33377.1,
KAZ,2017,12.14092,293.3193,21.01661,,33669.6,
KAZ,2018,12.11552,298.6795,20.59387,,33962.012,
KAZ,2019,11.39094,288.1337,20.85699,,34254.4,
KAZ,2020,11.5745,296.3528,20.02787,,34546.8,
KAZ,2021,12.25246,315.6438,,,34839.192,
KAZ,2022,12.30509,322.9322,,,35131.589,
KAZ,2023,12.56433,326.8629,,,35423.983,
KAZ,2024,12.56782,330.3933,,,,
KEN,1970,0.3297,22.9345,,,,
KEN,1971,0.31793,23.3633,,,,
KEN,1972,0.32062,24.0417,,,,
KEN,1973,0.32084,24.4219,,,,
KEN,1974,0.31315,24.745,,,,
KEN,1975,0.29822,24.988,,,,
KEN,1976,0.32859,25.3701,,,,
KEN,1977,0.33996,26.141,,,,
KEN,1978,0.3286,27.7546,,,,
KEN,1979,0.31347,29.5442,,,,
KEN,1980,0.32448,28.1473,,,,
KEN,1981,0.31121,27.9455,,,,
KEN,1982,0.28128,29.6475,,,,
KEN,1983,0.25328,31.7671,,,,
KEN,1984,0.28281,33.3442,,,,
KEN,1985,0.28034,33.2701,,,,
KEN,1986,0.3021,34.4642,,,,
KEN,1987,0.30337,34.7904,,,,
KEN,1988,0.29131,36.6213,,,,
KEN,1989,0.29687,38.0015,,,,
KEN,1990,0.28246,38.4578,16.28449,,38585.4,0.51725
KEN,1991,0.26292,37.6048,16.30251,,38688.05,
KEN,1992,0.25825,38.0086,16.35662,,38790.7,
KEN,1993,0.2465,38.4024,16.44309,,38893.35,
KEN,1994,0.24312,38.95,16.55821,,38996.0,
KEN,1995,0.25267,39.5748,16.69826,,39098.65,
KEN,1996,0.27066,38.7357,17.25724,,39201.3,
KEN,1997,0.25318,38.6541,18.37141,,39303.95,
KEN,1998,0.26942,39.6303,19.65048,,39406.6,
KEN,1999,0.26866,42.4108,20.70414,,39509.25,
KEN,2000,0.29068,41.3838,21.14209,,39611.9,0.43973
KEN,2001,0.26101,42.3124,20.89183,,39267.05,
KEN,2002,0.24547,44.7083,20.29505,,38922.2,
KEN,2003,0.21488,46.0406,19.58276,,38577.35,
KEN,2004,0.23196,50.411,18.98597,,38232.5,
KEN,2005,0.25215,52.8981,18.73571,,37887.65,
KEN,2006,0.27094,51.6324,18.97807,,37542.8,
KEN,2007,0.26292,71.4349,19.63839,,37197.95,
KEN,2008,0.26961,76.1789,20.61653,,36853.1,
KEN,2009,0.3087,75.1535,21.81234,6.47785,36508.25,
KEN,2010,0.32412,78.7376,23.12567,,36163.4,
KEN,2011,0.32452,79.5436,25.18222,,35975.54,
KEN,2012,0.29376,77.9369,25.64422,,35787.68,
KEN,2013,0.30884,77.881,24.57576,,35599.82,
KEN,2014,0.34104,79.97,23.75139,,35411.96,
KEN,2015,0.36103,82.1334,24.77606,,35224.1,0.40971
KEN,2016,0.38437,88.4378,24.02119,,35519.7,
KEN,2017,0.3912,85.5445,19.90155,,35815.3,
KEN,2018,0.38116,88.4354,20.98757,,36110.9,
KEN,2019,0.38039,97.2202,19.57053,,36110.9,
KEN,2020,0.36702,108.5772,24.39179,,36110.9,
KEN,2021,0.40428,102.1602,,,36110.9,
KEN,2022,0.40501,105.1551,,,36110.9,
KEN,2023,0.38432,100.5761,,,36110.9,
KEN,2024,0.38344,102.8362,,,,
KGZ,1970,5.22051,22.9885,,,,
KGZ,1971,5.11961,23.3352,,,,
KGZ,1972,5.32051,24.4837,,,,
KGZ,1973,5.48637,25.479,,,,
KGZ,1974,5.60582,26.4744,,,,
KGZ,1975,5.81278,27.7346,,,,
KGZ,1976,5.90097,28.4466,,,,
KGZ,1977,5.94249,29.0192,,,,
KGZ,1978,6.11201,30.1568,,,,
KGZ,1979,6.14989,30.7977,,,,
KGZ,1980,6.34829,32.0051,,,,
KGZ,1981,5.97811,31.038,,,,
KGZ,1982,5.55542,29.9946,,,,
KGZ,1983,5.15322,28.9946,,,,
KGZ,1984,4.8051,28.2071,,,,
KGZ,1985,4.57855,27.6875,,,,
KGZ,1986,4.46977,27.6564,,,,
KGZ,1987,4.79322,29.512,,,,
KGZ,1988,4.87531,30.1521,,,,
KGZ,1989,4.7883,30.2225,,,,
KGZ,1990,5.38718,33.3673,22.02015,,,0.0
KGZ,1991,4.76327,30.6282,22.1683,,,
KGZ,1992,3.10026,22.6373,22.30797,,11453.18,
KGZ,1993,2.27755,18.2517,22.43911,,11497.658,
KGZ,1994,1.49063,13.7378,22.56167,,11542.135,
KGZ,1995,1.04332,10.5344,22.67561,,11586.613,
KGZ,1996,1.27812,11.3394,22.78746,,11631.09,
KGZ,1997,1.24284,11.7154,22.89415,,11675.567,
KGZ,1998,1.29104,12.0875,22.98114,,11720.045,
KGZ,1999,1.01518,10.932,23.03394,,11764.523,
KGZ,2000,0.97949,10.8985,23.03803,,11809.0,0.0
KGZ,2001,0.81515,10.0789,22.94292,,11857.78,
KGZ,2002,1.00956,11.1678,22.75829,,11906.56,
KGZ,2003,1.12226,11.8537,22.55989,,11955.34,
KGZ,2004,1.09912,11.7982,22.42343,,12004.12,
KGZ,2005,1.08729,11.8947,22.42465,,12052.9,
KGZ,2006,1.07127,11.9901,22.63795,,12101.68,
KGZ,2007,1.27961,13.3461,23.11688,,12150.46,
KGZ,2008,1.47101,14.7395,23.90588,,12199.24,
KGZ,2009,1.30649,14.6311,25.04941,2.06546,12248.02,
KGZ,2010,1.20827,14.3576,26.59193,,12296.8,
KGZ,2011,1.425,16.4021,33.45058,,12341.06,
KGZ,2012,1.8473,18.5915,34.38171,,12385.32,
KGZ,2013,1.67671,18.5021,33.82806,,12429.58,
KGZ,2014,1.68335,19.4006,30.54846,,12473.84,
KGZ,2015,1.70797,19.871,29.74841,,12518.1,0.0
KGZ,2016,1.57747,19.631,29.01932,,12562.4,
KGZ,2017,1.52809,19.9968,26.85623,,12606.642,
KGZ,2018,1.78021,22.1291,27.45181,,12789.0,
KGZ,2019,1.5518,21.2258,26.76138,,12971.4,
KGZ,2020,1.38384,20.3994,24.38173,,13153.8,
KGZ,2021,1.53476,21.829,,,13336.2,
KGZ,2022,1.50549,21.9535,,,13518.6,
KGZ,2023,1.44095,21.7171,,,13701.0,
KGZ,2024,1.48784,22.369,,,,
KHM,1970,0.03214,16.4298,,,,
KHM,1971,0.03268,13.8234,,,,
KHM,1972,0.03485,11.6621,,,,
KHM,1973,0.04206,9.2666,,,,
KHM,1974,0.0474,7.8776,,,,
KHM,1975,0.04134,8.0062,,,,
KHM,1976,0.04378,6.9935,,,,
KHM,1977,0.04959,6.3676,,,,
KHM,1978,0.04972,6.16,,,,
KHM,1979,0.05339,5.6067,,,,
KHM,1980,0.05606,7.8467,,,,
KHM,1981,0.05741,7.6582,,,,
KHM,1982,0.06032,10.11,,,,
KHM,1983,0.06511,10.4892,,,,
KHM,1984,0.06284,9.0109,,,,
KHM,1985,0.06693,10.7565,,,,
KHM,1986,0.05602,11.7365,,,,
KHM,1987,0.06084,11.5468,,,,
KHM,1988,0.06305,13.2443,,,,
KHM,1989,0.0587,14.3058,,,,
KHM,1990,0.05828,14.577,30.87483,,110047.9,2.5312
KHM,1991,0.06165,14.5472,30.33377,,109824.11,
KHM,1992,0.06401,14.9103,29.87151,,109600.32,
KHM,1993,0.06099,15.3677,29.50012,,109376.53,
KHM,1994,0.05847,14.8238,29.23169,,109152.74,
KHM,1995,0.14986,19.009,29.07828,,108928.95,
KHM,1996,0.15431,19.1468,29.07996,,108705.16,
KHM,1997,0.1538,19.4936,29.22239,,108481.37,
KHM,1998,0.16538,19.6677,29.43603,,108257.58,
KHM,1999,0.15838,20.3701,29.65132,,108033.79,
KHM,2000,0.1606,20.4515,29.79872,,107810.0,2.49868
KHM,2001,0.17282,21.006,29.90572,,107618.23,
KHM,2002,0.17486,20.8929,30.01916,,107426.46,
KHM,2003,0.18528,22.8711,30.09851,,107234.69,
KHM,2004,0.18268,22.3969,30.10326,,107042.92,
KHM,2005,0.201,25.1485,29.99289,,106851.15,
KHM,2006,0.22054,26.5989,29.61305,,106659.38,
KHM,2007,0.26712,27.8734,28.86426,,106467.61,
KHM,2008,0.29156,28.7927,27.78835,,106275.84,
KHM,2009,0.34167,30.3086,26.42714,6.64379,106084.07,
KHM,2010,0.3558,30.9733,24.82243,,105892.3,
KHM,2011,0.36441,32.1391,21.68071,,102407.48,
KHM,2012,0.37691,32.0027,22.99658,,98922.66,
KHM,2013,0.37541,31.9833,25.7785,,95437.84,
KHM,2014,0.45681,33.4022,22.10529,,91953.02,
KHM,2015,0.54532,35.1735,21.59903,,88468.2,2.00471
KHM,2016,0.66841,37.8724,22.40718,,86911.3,
KHM,2017,0.73588,39.8201,20.70753,,85354.4,
KHM,2018,0.75655,40.6867,22.99194,,83797.5,
KHM,2019,0.95325,44.0007,22.9738,,82240.6,
KHM,2020,1.11406,46.9569,24.1436,,80683.7,
KHM,2021,1.08886,48.3369,,,79126.8,
KHM,2022,1.06878,47.1042,,,77569.9,
KHM,2023,1.08565,48.9818,,,76013.0,
KHM,2024,1.10207,49.8348,,,,
KIR,1970,0.3269,0.0278,,,,
KIR,1971,0.32053,0.0283,,,,
KIR,1972,0.33624,0.03,,,,
KIR,1973,0.39623,0.0345,,,,
KIR,1974,0.48351,0.0404,,,,
KIR,1975,0.40172,0.0356,,,,
KIR,1976,0.39729,0.0356,,,,
KIR,1977,0.42146,0.0373,,,,
KIR,1978,0.42095,0.0374,,,,
KIR,1979,0.45038,0.0397,,,,
KIR,1980,0.47753,0.0422,,,,
KIR,1981,0.46522,0.042,,,,
KIR,1982,0.45142,0.0419,,,,
KIR,1983,0.43791,0.0418,,,,
KIR,1984,0.19317,0.0262,,,,
KIR,1985,0.20904,0.0279,,,,
KIR,1986,0.18219,0.0267,,,,
KIR,1987,0.23805,0.0314,,,,
KIR,1988,0.23381,0.0317,,,,
KIR,1989,0.2201,0.0314,,,,
KIR,1990,0.2231,0.0331,10.97303,,11.8,32.41673
KIR,1991,0.22916,0.0335,11.00375,,11.8,
KIR,1992,0.24472,0.0353,11.05026,,11.8,
KIR,1993,0.24353,0.0358,11.10886,,11.8,
KIR,1994,0.24744,0.0365,11.17583,,11.8,
KIR,1995,0.22035,0.0348,11.24746,,11.8,
KIR,1996,0.21907,0.0355,11.38362,,11.8,
KIR,1997,0.22104,0.0364,11.60618,,11.8,
KIR,1998,0.22415,0.0374,11.85448,,11.8,
KIR,1999,0.22037,0.0377,12.06783,,11.8,
KIR,2000,0.36563,0.0522,12.18557,,11.8,32.8582
KIR,2001,0.32324,0.0493,12.21136,,11.8,
KIR,2002,0.46822,0.0644,12.19717,,11.8,
KIR,2003,0.47465,0.0663,12.15473,,11.8,
KIR,2004,0.48291,0.0684,12.09579,,11.8,
KIR,2005,0.62835,0.0844,12.0321,,11.8,
KIR,2006,0.66189,0.0895,11.9543,,11.8,
KIR,2007,0.60352,0.0856,11.85076,,11.8,
KIR,2008,0.65821,0.0933,11.72982,,11.8,
KIR,2009,0.54571,0.0829,11.59979,5.003,11.8,
KIR,2010,0.56208,0.0866,11.46899,,11.8,
KIR,2011,0.51515,0.0829,11.32194,,11.8,
KIR,2012,0.49695,0.0824,11.32261,,11.8,
KIR,2013,0.52794,0.0872,11.32027,,11.8,
KIR,2014,0.52633,0.0882,10.99723,,11.8,
KIR,2015,0.53332,0.0907,10.62014,,11.8,33.52812
KIR,2016,0.57226,0.097,11.10671,,11.8,
KIR,2017,0.57452,0.0988,10.97004,,11.8,
KIR,2018,0.6217,0.1063,11.3367,,11.8,
KIR,2019,0.6141,0.1074,11.54812,,11.8,
KIR,2020,0.58446,0.1059,11.25683,,11.8,
KIR,2021,0.62706,0.1138,,,11.8,
KIR,2022,0.58098,0.1099,,,11.8,
KIR,2023,0.57346,0.1108,,,11.8,
KIR,2024,0.59249,0.1152,,,,
KNA,1970,0.33179,0.0585,,,,
KNA,1971,0.3348,0.0599,,,,
KNA,1972,0.40878,0.063,,,,
KNA,1973,0.41249,0.0626,,,,
KNA,1974,0.37039,0.0609,,,,
KNA,1975,0.44719,0.0642,,,,
KNA,1976,0.40706,0.0642,,,,
KNA,1977,0.45205,0.0664,,,,
KNA,1978,0.45353,0.0665,,,,
KNA,1979,0.45082,0.0663,,,,
KNA,1980,0.44574,0.0655,,,,
KNA,1981,0.4403,0.0644,,,,
KNA,1982,0.41381,0.0632,,,,
KNA,1983,0.40629,0.0614,,,,
KNA,1984,0.45354,0.0634,,,,
KNA,1985,0.45852,0.0626,,,,
KNA,1986,0.41088,0.0602,,,,
KNA,1987,0.44017,0.0608,,,,
KNA,1988,0.50655,0.0629,,,,
KNA,1989,0.5226,0.0623,,,,
KNA,1990,0.51444,0.0599,9.13987,,110.0,7.37234
KNA,1991,0.68883,0.0669,9.11594,,110.0,
KNA,1992,0.68525,0.0682,9.09314,,110.0,
KNA,1993,0.81713,0.0732,9.07139,,110.0,
KNA,1994,0.95749,0.0798,9.05059,,110.0,
KNA,1995,0.7962,0.0735,9.03066,,110.0,
KNA,1996,0.90958,0.0799,9.02275,,110.0,
KNA,1997,0.92106,0.0834,9.02695,,110.0,
KNA,1998,0.93186,0.084,9.02653,,110.0,
KNA,1999,0.93047,0.0843,9.00477,,110.0,
KNA,2000,1.09839,0.0942,8.94496,,110.0,7.58845
KNA,2001,1.11012,0.0957,8.77022,,110.0,
KNA,2002,1.26032,0.1034,8.47462,,110.0,
KNA,2003,1.30587,0.1059,8.14785,,110.0,
KNA,2004,1.41207,0.1125,7.87964,,110.0,
KNA,2005,1.3093,0.1067,7.75969,,110.0,
KNA,2006,1.48811,0.1125,7.74939,,110.0,
KNA,2007,1.63791,0.1212,7.74653,,110.0,
KNA,2008,1.71666,0.1267,7.74542,,110.0,
KNA,2009,1.92898,0.137,7.74038,,110.0,
KNA,2010,2.1069,0.1454,7.72574,,110.0,
KNA,2011,1.65934,0.1239,7.02055,,110.0,
KNA,2012,1.69668,0.1175,7.63915,,110.0,
KNA,2013,1.93333,0.1288,7.48708,,110.0,
KNA,2014,2.0663,0.1344,7.35752,,110.0,
KNA,2015,2.16408,0.1401,8.1791,,110.0,7.44796
KNA,2016,2.36856,0.1497,8.69105,,110.0,
KNA,2017,2.21041,0.1422,8.59231,,110.0,
KNA,2018,2.36343,0.1504,8.0176,,110.0,
KNA,2019,2.77304,0.1706,7.8716,,110.0,
KNA,2020,2.55174,0.1604,8.59431,,110.0,
KNA,2021,2.48487,0.1633,,,110.0,
KNA,2022,2.78533,0.1841,,,110.0,
KNA,2023,2.79097,0.1793,,,110.0,
KNA,2024,2.8841,0.1855,,,,
KOR,1970,1.93343,91.1557,,,,
KOR,1971,1.91551,92.1769,,,,
KOR,1972,1.93622,94.5697,,,,
KOR,1973,2.34248,111.676,,,,
KOR,1974,2.42146,118.3351,,,,
KOR,1975,2.58154,127.3252,,,,
KOR,1976,2.83894,137.5903,,,,
KOR,1977,3.18194,153.668,,,,
KOR,1978,3.31359,161.919,,,,
KOR,1979,3.7026,179.327,,,,
KOR,1980,3.70978,181.0457,,,,
KOR,1981,3.80573,188.7931,,,,
KOR,1982,3.74375,188.6109,,,,
KOR,1983,4.01724,204.4179,,,,
KOR,1984,4.46636,227.8089,,,,
KOR,1985,4.62944,238.4918,,,,
KOR,1986,4.77402,247.7506,,,,
KOR,1987,4.86619,253.2776,,,,
KOR,1988,5.44023,279.8676,,,,
KOR,1989,5.67153,290.422,,,,
KOR,1990,6.07037,311.4021,25.98121,,65510.0,2.21755
KOR,1991,6.75265,346.7034,25.83403,,65435.0,
KOR,1992,7.33959,377.4988,25.70271,,65360.0,
KOR,1993,7.91126,403.1215,25.59142,,65285.0,
KOR,1994,8.45512,433.9369,25.50434,,65210.0,
KOR,1995,9.02775,466.4078,25.44566,,65135.0,
KOR,1996,9.58813,499.7577,25.42759,,65060.0,
KOR,1997,9.98535,527.4616,25.44285,,64985.0,
KOR,1998,8.50386,454.9856,25.46639,,64910.0,
KOR,1999,9.23726,496.6093,25.47313,,64835.0,
KOR,2000,9.92176,530.145,25.43799,,64760.0,2.26448
KOR,2001,10.07197,537.2944,25.34457,,64671.0,
KOR,2002,10.37828,554.1731,25.19651,,64582.0,
KOR,2003,10.50243,560.1427,24.9988,,64493.0,
KOR,2004,10.80373,578.4585,24.75644,,64404.0,
KOR,2005,10.7084,575.1152,24.47441,,64315.0,
KOR,2006,10.81171,583.4006,23.98378,,64226.0,
KOR,2007,11.11262,603.9762,23.25545,,64137.0,
KOR,2008,11.26027,616.3361,22.50413,,64048.0,
KOR,2009,11.28368,621.1425,21.94453,0.08026,63959.0,
KOR,2010,12.36905,682.955,21.79139,,63870.0,
KOR,2011,12.97027,716.3897,24.88305,,63770.0,
KOR,2012,12.85286,715.6023,25.57679,,63670.0,
KOR,2013,12.73173,712.9624,27.49297,,63570.0,
KOR,2014,12.42617,702.5531,28.37601,,63470.0,
KOR,2015,12.61982,714.5938,26.28996,,63370.0,2.13367
KOR,2016,12.66778,719.5214,26.67043,,63250.0,
KOR,2017,12.95294,738.1912,26.00437,,63170.0,
KOR,2018,13.19173,754.5223,25.93439,,63070.0,
KOR,2019,12.65319,729.0696,26.01536,,62970.0,
KOR,2020,11.90944,695.1271,25.94399,,62870.0,
KOR,2021,12.33873,719.2806,,,62770.0,
KOR,2022,11.87374,694.8783,,,62670.0,
KOR,2023,11.41627,670.1146,,,62570.0,
KOR,2024,11.36226,668.2453,,,,
KWT,1970,49.23731,80.6521,,,,
KWT,1971,48.78265,83.2353,,,,
KWT,1972,46.12692,86.6611,,,,
KWT,1973,38.95468,78.9492,,,,
KWT,1974,30.00926,66.0589,,,,
KWT,1975,24.23368,55.8796,,,,
KWT,1976,23.24717,57.3063,,,,
KWT,1977,21.47171,54.8192,,,,
KWT,1978,23.14501,61.5011,,,,
KWT,1979,24.94222,71.557,,,,
KWT,1980,22.11716,58.6538,,,,
KWT,1981,19.92515,49.8845,,,,
KWT,1982,20.2382,48.0882,,,,
KWT,1983,20.78496,54.0583,,,,
KWT,1984,20.28305,56.3689,,,,
KWT,1985,21.55876,59.0489,,,,
KWT,1986,22.27734,65.5749,,,,
KWT,1987,22.99486,70.7785,,,,
KWT,1988,26.57545,81.26,,,,
KWT,1989,29.88566,94.876,,,,
KWT,1990,19.23524,50.5549,54.80304,,34.5,5.32167
KWT,1991,28.48729,45.8631,52.21513,,35.9,
KWT,1992,16.49165,45.9509,50.37869,,37.3,
KWT,1993,20.49899,64.3092,49.1924,,38.7,
KWT,1994,24.47426,72.9465,48.55492,,40.1,
KWT,1995,23.9743,70.7908,48.36495,,41.5,
KWT,1996,22.91426,71.2708,49.25594,,42.9,
KWT,1997,23.35386,75.9411,51.46446,,44.3,
KWT,1998,25.11931,77.1943,54.29383,,45.7,
KWT,1999,26.25743,79.3428,57.04737,,47.1,
KWT,2000,28.65961,89.5959,59.02842,,48.5,4.93226
KWT,2001,29.3184,91.2729,60.42273,,49.9,
KWT,2002,29.89455,94.6177,61.77714,,51.3,
KWT,2003,30.76894,105.1934,62.93656,,52.7,
KWT,2004,31.9756,110.0542,63.74594,,54.1,
KWT,2005,34.52884,121.8014,64.05019,,55.5,
KWT,2006,33.80225,125.3102,63.76966,,56.9,
KWT,2007,31.19144,121.437,63.10069,,58.3,
KWT,2008,31.53517,126.2487,62.30224,,59.7,
KWT,2009,30.52115,124.5391,61.63328,0.00057,61.1,
KWT,2010,29.49665,126.712,61.35274,,62.5,
KWT,2011,29.32654,135.488,65.11153,,62.5,
KWT,2012,27.55781,138.7913,65.13856,,62.5,
KWT,2013,26.76128,140.765,66.14125,,62.5,
KWT,2014,25.18702,139.4418,50.02893,,62.5,
KWT,2015,24.92822,143.8243,64.54796,,62.5,4.7571
KWT,2016,24.57484,149.0398,59.23196,,62.5,
KWT,2017,23.45825,146.7045,58.12917,,62.5,
KWT,2018,22.91647,150.353,63.45836,,62.5,
KWT,2019,21.79681,148.8155,52.78251,,62.5,
KWT,2020,21.12324,144.0527,53.71514,,62.5,
KWT,2021,22.90818,152.3926,,,62.5,
KWT,2022,22.35856,159.6228,,,62.5,
KWT,2023,22.69721,167.8877,,,62.5,
KWT,2024,23.67267,173.3307,,,,
LAO,1970,0.10915,4.732,,,,
LAO,1971,0.10663,4.5964,,,,
LAO,1972,0.11079,4.5342,,,,
LAO,1973,0.12945,4.5529,,,,
LAO,1974,0.15443,4.6452,,,,
LAO,1975,0.12544,4.522,,,,
LAO,1976,0.12128,4.0596,,,,
LAO,1977,0.12568,4.2894,,,,
LAO,1978,0.12271,4.4673,,,,
LAO,1979,0.12936,4.9059,,,,
LAO,1980,0.13637,5.4798,,,,
LAO,1981,0.05516,5.3633,,,,
LAO,1982,0.04904,5.6094,,,,
LAO,1983,0.05131,5.4803,,,,
LAO,1984,0.04159,5.7501,,,,
LAO,1985,0.04805,5.7624,,,,
LAO,1986,0.05017,5.9188,,,,
LAO,1987,0.05513,5.8612,,,,
LAO,1988,0.05402,5.8801,,,,
LAO,1989,0.05705,6.2291,,,,
LAO,1990,0.05935,6.7715,29.69121,,178430.0,0.0
LAO,1991,0.07053,6.7957,29.5961,,178012.0,
LAO,1992,0.07562,7.1654,29.5017,,177594.0,
LAO,1993,0.07744,7.2546,29.41204,,177176.0,
LAO,1994,0.08322,7.6685,29.33115,,176758.0,
LAO,1995,0.07973,7.7516,29.26306,,176340.0,
LAO,1996,0.09129,8.0139,29.18565,,175922.0,
LAO,1997,0.09876,8.2464,29.08551,,175504.0,
LAO,1998,0.104,7.925,28.97978,,175086.0,
LAO,1999,0.09897,7.8508,28.88557,,174668.0,
LAO,2000,0.17206,8.8955,28.82001,,174250.0,0.0
LAO,2001,0.18638,9.2538,28.82741,,173765.5,
LAO,2002,0.20574,9.5804,28.89527,,173281.0,
LAO,2003,0.2106,9.8748,28.9555,,172796.5,
LAO,2004,0.21759,10.4571,28.93997,,172312.0,
LAO,2005,0.22193,10.2919,28.7806,,171827.5,
LAO,2006,0.28652,10.8469,28.40531,,171343.0,
LAO,2007,0.29821,11.4749,27.77753,,170858.5,
LAO,2008,0.34307,12.002,26.88237,,170374.0,
LAO,2009,0.42308,12.9894,25.70495,2.6931,169889.5,
LAO,2010,0.46753,13.8349,24.23042,,169405.0,
LAO,2011,0.48645,13.8427,20.5789,,169060.0,
LAO,2012,0.51169,14.8397,22.43657,,168715.0,
LAO,2013,0.59661,15.4801,24.24236,,168370.0,
LAO,2014,0.65451,16.3752,21.3929,,168025.0,
LAO,2015,1.31255,21.3747,20.1671,,167680.0,0.0
LAO,2016,2.29721,29.0464,22.46379,,167335.0,
LAO,2017,2.74206,32.4116,19.1516,,166990.0,
LAO,2018,2.7865,33.115,20.98407,,166645.0,
LAO,2019,2.6763,32.9641,22.42896,,166300.0,
LAO,2020,2.64585,33.5218,22.31767,,165955.0,
LAO,2021,3.19549,37.8538,,,165610.0,
LAO,2022,3.17919,38.4988,,,165265.0,
LAO,2023,3.35861,41.1732,,,164920.0,
LAO,2024,3.35435,41.5496,,,,
LBN,1970,2.2763,6.7266,,,,
LBN,1971,2.24992,6.8942,,,,
LBN,1972,2.3958,7.453,,,,
LBN,1973,2.88115,8.8943,,,,
LBN,1974,2.85832,8.9403,,,,
LBN,1975,2.4918,8.0304,,,,
LBN,1976,2.31123,7.6533,,,,
LBN,1977,1.98287,6.8184,,,,
LBN,1978,2.34802,8.1037,,,,
LBN,1979,2.58465,8.9568,,,,
LBN,1980,2.55864,9.1074,,,,
LBN,1981,2.53388,9.2318,,,,
LBN,1982,1.83818,7.2369,,,,
LBN,1983,1.93551,7.6125,,,,
LBN,1984,1.94148,7.7723,,,,
LBN,1985,2.21416,8.7939,,,,
LBN,1986,2.27911,9.2111,,,,
LBN,1987,2.27198,9.3974,,,,
LBN,1988,1.71751,7.6203,,,,
LBN,1989,1.69476,7.7072,,,,
LBN,1990,1.66181,7.7521,16.40118,,1397.0,3.02296
LBN,1991,2.01986,9.3703,17.04126,,1395.48,
LBN,1992,2.12426,10.0482,17.6051,,1393.96,
LBN,1993,2.98476,13.6155,18.05483,,1392.44,
LBN,1994,3.2206,14.7824,18.35261,,1390.92,
LBN,1995,3.66682,16.9408,18.46057,,1389.4,
LBN,1996,3.73782,17.6181,18.41112,,1387.88,
LBN,1997,4.0312,19.1761,18.2926,,1386.36,
LBN,1998,3.93315,19.1618,18.15103,,1384.84,
LBN,1999,3.98249,19.7178,18.03247,,1383.32,
LBN,2000,3.53599,18.1724,17.98296,,1381.8,3.03642
LBN,2001,3.75255,19.5937,18.01627,,1380.97,
LBN,2002,3.68899,19.7074,18.10862,,1380.14,
LBN,2003,3.63953,19.9597,18.24967,,1379.31,
LBN,2004,3.62889,20.3716,18.42906,,1378.48,
LBN,2005,3.54858,20.3809,18.63645,,1377.65,
LBN,2006,3.39584,20.0335,19.12892,,1376.82,
LBN,2007,3.08582,18.8883,19.9881,,1375.99,
LBN,2008,3.71795,22.3503,20.94045,,1375.16,
LBN,2009,4.3186,25.7785,21.71245,0.02308,1374.33,
LBN,2010,4.098,24.899,22.03057,,1373.5,
LBN,2011,4.11737,25.466,19.34509,,1379.46,
LBN,2012,4.47633,28.2302,18.7842,,1385.42,
LBN,2013,4.02278,28.0727,20.25075,,1391.38,
LBN,2014,3.93405,30.182,20.36312,,1397.34,
LBN,2015,4.1569,32.4173,20.68615,,1403.3,2.95353
LBN,2016,4.407,33.6545,19.36024,,1409.3,
LBN,2017,4.75586,35.3527,18.89146,,1415.3,
LBN,2018,4.59444,33.7251,19.98089,,1421.3,
LBN,2019,4.66026,33.5632,20.59701,,1427.3,
LBN,2020,3.82658,28.6308,19.23102,,1433.3,
LBN,2021,2.92316,23.758,,,1439.3,
LBN,2022,1.81652,17.7103,,,1445.3,
LBN,2023,1.87387,18.36,,,1451.3,
LBN,2024,1.89531,18.7863,,,,
LBR,1970,0.66245,1.6127,,,,
LBR,1971,0.64225,1.6333,,,,
LBR,1972,0.62748,1.6602,,,,
LBR,1973,0.63085,1.7189,,,,
LBR,1974,0.66,1.7887,,,,
LBR,1975,0.66766,1.8248,,,,
LBR,1976,0.67651,1.8804,,,,
LBR,1977,0.67966,2.0461,,,,
LBR,1978,0.67736,2.0791,,,,
LBR,1979,0.76739,2.3341,,,,
LBR,1980,0.71313,2.298,,,,
LBR,1981,0.61277,2.1258,,,,
LBR,1982,0.54619,2.0812,,,,
LBR,1983,0.58397,2.1851,,,,
LBR,1984,0.50273,2.0776,,,,
LBR,1985,0.48944,2.0935,,,,
LBR,1986,0.36955,1.9589,,,,
LBR,1987,0.37561,2.0148,,,,
LBR,1988,0.43842,2.2924,,,,
LBR,1989,0.31773,2.0537,,,,
LBR,1990,0.16873,1.8086,39.46158,,85252.4,10.52031
LBR,1991,0.13197,1.5865,36.63764,,84949.8,
LBR,1992,0.1117,1.4742,34.4684,,84647.2,
LBR,1993,0.11503,1.365,32.93826,,84344.6,
LBR,1994,0.11503,1.3269,32.03163,,84042.0,
LBR,1995,0.11723,1.3566,31.73288,,83739.4,
LBR,1996,0.1236,1.4596,32.49691,,83436.8,
LBR,1997,0.11231,1.5918,34.36011,,83134.2,
LBR,1998,0.10827,1.7693,36.67919,,82831.6,
LBR,1999,0.10767,1.955,38.81084,,82529.0,
LBR,2000,0.13633,2.1897,40.11177,,82226.4,10.91644
LBR,2001,0.15262,2.2299,40.76535,,81923.8,
LBR,2002,0.15045,2.2795,41.35321,,81621.2,
LBR,2003,0.16163,2.3642,41.82939,,81318.6,
LBR,2004,0.1727,2.4681,42.14789,,81016.0,
LBR,2005,0.20636,2.7041,42.26275,,80713.4,
LBR,2006,0.2054,2.9849,41.36577,,80410.8,
LBR,2007,0.18242,2.884,39.23012,,80108.2,
LBR,2008,0.14672,2.8919,36.68189,,79805.6,
LBR,2009,0.13254,3.0667,34.54715,1.8723,79503.0,
LBR,2010,0.19569,3.3958,33.65199,,79200.4,
LBR,2011,0.20978,3.5642,43.09113,,78897.8,
LBR,2012,0.22344,3.7114,40.95086,,78595.2,
LBR,2013,0.20299,3.7124,33.83676,,78292.6,
LBR,2014,0.25901,4.1068,34.34611,,77990.0,
LBR,2015,0.26462,4.2889,51.11809,,77687.4,11.73187
LBR,2016,0.29128,4.5094,48.30143,,77384.8,
LBR,2017,0.25379,4.3354,41.50682,,77082.2,
LBR,2018,0.12982,3.8119,42.0381,,76779.6,
LBR,2019,0.20015,4.3337,37.15913,,76477.0,
LBR,2020,0.16211,4.2105,42.36166,,76174.4,
LBR,2021,0.15987,4.2103,,,75871.8,
LBR,2022,0.16165,4.3677,,,75569.2,
LBR,2023,0.15283,4.4126,,,75266.6,
LBR,2024,0.15449,4.4599,,,,
LBY,1970,19.22396,137.6243,,,,
LBY,1971,13.05965,125.6773,,,,
LBY,1972,9.51623,101.8299,,,,
LBY,1973,8.57776,98.7166,,,,
LBY,1974,5.53743,69.9274,,,,
LBY,1975,6.49937,72.1697,,,,
LBY,1976,7.86179,93.3898,,,,
LBY,1977,8.01042,98.9964,,,,
LBY,1978,8.11164,97.9924,,,,
LBY,1979,8.53612,105.2858,,,,
LBY,1980,8.33305,97.1517,,,,
LBY,1981,7.055,70.8301,,,,
LBY,1982,7.68,74.1987,,,,
LBY,1983,7.26601,71.0899,,,,
LBY,1984,7.28614,71.1522,,,,
LBY,1985,6.46344,67.8687,,,,
LBY,1986,7.12522,70.4548,,,,
LBY,1987,6.79186,67.8447,,,,
LBY,1988,6.96166,75.8726,,,,
LBY,1989,6.6281,74.7808,,,,
LBY,1990,7.33873,87.0385,32.81505,,2170.0,7.56158
LBY,1991,7.23138,84.6789,33.77158,,2170.0,
LBY,1992,7.38425,79.309,34.63959,,2170.0,
LBY,1993,7.71009,75.4491,35.35278,,2170.0,
LBY,1994,8.80924,91.4641,35.8448,,2170.0,
LBY,1995,9.81142,101.4568,36.04936,,2170.0,
LBY,1996,10.14987,105.8968,36.05874,,2170.0,
LBY,1997,9.25535,93.3257,36.02771,,2170.0,
LBY,1998,9.02921,89.33,35.9836,,2170.0,
LBY,1999,9.15168,87.5121,35.95375,,2170.0,
LBY,2000,9.29018,91.7315,35.96549,,2170.0,7.07802
LBY,2001,9.02149,88.2758,36.44872,,2170.0,
LBY,2002,9.05829,88.5147,37.62707,,2170.0,
LBY,2003,9.57215,98.3098,39.21847,,2170.0,
LBY,2004,9.2789,96.9348,40.94085,,2170.0,
LBY,2005,9.85289,104.4783,42.51213,,2170.0,
LBY,2006,9.61122,102.7996,44.19916,,2170.0,
LBY,2007,8.80448,96.2555,46.19498,,2170.0,
LBY,2008,9.16431,100.5722,48.10684,,2170.0,
LBY,2009,9.46593,100.2433,49.54198,0.0,2170.0,
LBY,2010,9.79867,106.0591,50.10764,,2170.0,
LBY,2011,6.97397,62.5753,36.57343,,2170.0,
LBY,2012,10.172,99.5456,33.03926,,2170.0,
LBY,2013,9.93067,90.6339,41.82876,,2170.0,
LBY,2014,9.61534,80.3999,36.29437,,2170.0,
LBY,2015,8.341,71.7188,36.0868,,2170.0,6.83376
LBY,2016,7.71284,68.1533,38.1668,,2170.0,
LBY,2017,8.22031,82.0616,33.68592,,2170.0,
LBY,2018,8.36152,88.5313,41.42097,,2170.0,
LBY,2019,8.2685,91.6378,36.48447,,2170.0,
LBY,2020,6.48686,64.448,32.97071,,2170.0,
LBY,2021,8.17932,92.6155,,,2170.0,
LBY,2022,8.05301,89.9447,,,2170.0,
LBY,2023,8.6514,97.9516,,,2170.0,
LBY,2024,8.66457,98.1709,,,,
LCA,1970,0.29177,0.0783,,,,
LCA,1971,0.28691,0.0805,,,,
LCA,1972,0.34339,0.0866,,,,
LCA,1973,0.34233,0.0872,,,,
LCA,1974,0.30071,0.0833,,,,
LCA,1975,0.35764,0.0908,,,,
LCA,1976,0.32021,0.0887,,,,
LCA,1977,0.34783,0.0944,,,,
LCA,1978,0.34273,0.0964,,,,
LCA,1979,0.33439,0.098,,,,
LCA,1980,0.3261,0.0994,,,,
LCA,1981,0.23852,0.0913,,,,
LCA,1982,0.29004,0.1003,,,,
LCA,1983,0.24631,0.0974,,,,
LCA,1984,0.26915,0.1032,,,,
LCA,1985,0.33912,0.114,,,,
LCA,1986,0.34822,0.1172,,,,
LCA,1987,0.39406,0.1253,,,,
LCA,1988,0.52889,0.1457,,,,
LCA,1989,0.53622,0.1486,,,,
LCA,1990,0.51865,0.1495,23.26779,,212.7,3.19727
LCA,1991,0.51462,0.1493,22.95122,,212.44,
LCA,1992,0.50983,0.1495,22.68639,,212.18,
LCA,1993,0.48913,0.148,22.48533,,211.92,
LCA,1994,0.58057,0.1631,22.36005,,211.66,
LCA,1995,0.56137,0.1683,22.3226,,211.4,
LCA,1996,0.54841,0.1709,22.40105,,211.14,
LCA,1997,0.55516,0.1787,22.5712,,210.88,
LCA,1998,0.56052,0.1884,22.76666,,210.62,
LCA,1999,0.5603,0.201,22.92102,,210.36,
LCA,2000,0.61028,0.2137,22.96788,,210.1,3.09141
LCA,2001,0.64654,0.2193,22.76237,,209.86,
LCA,2002,0.60319,0.212,22.30738,,209.62,
LCA,2003,0.69642,0.2261,21.75819,,209.38,
LCA,2004,0.66976,0.2215,21.27005,,209.14,
LCA,2005,0.69749,0.2256,20.99822,,208.9,
LCA,2006,0.76813,0.2369,20.9475,,208.66,
LCA,2007,0.825,0.2476,20.98235,,208.42,
LCA,2008,0.88621,0.2576,21.04753,,208.18,
LCA,2009,0.94956,0.2691,21.08782,,207.94,
LCA,2010,1.06667,0.289,21.04796,,207.7,
LCA,2011,0.82188,0.251,20.61193,,207.7,
LCA,2012,0.84537,0.2598,21.04653,,207.7,
LCA,2013,0.96153,0.2828,21.82442,,207.7,
LCA,2014,1.02103,0.2995,22.25782,,207.7,
LCA,2015,1.04285,0.3065,23.96771,,207.7,3.17776
LCA,2016,1.11816,0.323,24.07613,,207.7,
LCA,2017,1.11318,0.3304,23.08333,,207.7,
LCA,2018,1.46427,0.3961,23.27296,,207.7,
LCA,2019,1.65878,0.4364,23.0705,,207.7,
LCA,2020,1.55736,0.4232,23.75859,,207.7,
LCA,2021,1.58076,0.4297,,,207.7,
LCA,2022,1.65622,0.4498,,,207.7,
LCA,2023,1.65658,0.4542,,,207.7,
LCA,2024,1.71077,0.4685,,,,
LIE,1990,,,,,65.0,0.0
LIE,1991,,,,,65.2,
LIE,1992,,,,,65.4,
LIE,1993,,,,,65.6,
LIE,1994,,,,,65.8,
LIE,1995,,,,,66.0,
LIE,1996,,,,,66.2,
LIE,1997,,,,,66.4,
LIE,1998,,,,,66.6,
LIE,1999,,,,,66.8,
LIE,2000,,,,,67.0,0.0
LIE,2001,,,,,66.999,
LIE,2002,,,,,66.998,
LIE,2003,,,,,66.998,
LIE,2004,,,,,66.997,
LIE,2005,,,,,66.996,
LIE,2006,,,,,66.995,
LIE,2007,,,,,66.994,
LIE,2008,,,,,66.994,
LIE,2009,,,,,66.993,
LIE,2010,,,,,66.992,
LIE,2011,,,,,66.994,
LIE,2012,,,,,66.995,
LIE,2013,,,,,66.997,
LIE,2014,,,,,66.998,
LIE,2015,,,,,67.0,0.0
LIE,2016,,,,,67.0,
LIE,2017,,,,,67.0,
LIE,2018,,,,,67.0,
LIE,2019,,,,,67.0,
LIE,2020,,,,,67.0,
LIE,2021,,,,,67.0,
LIE,2022,,,,,67.0,
LIE,2023,,,,,67.0,
LKA,1970,0.25401,9.8761,,,,
LKA,1971,0.25105,10.155,,,,
LKA,1972,0.29537,10.8778,,,,
LKA,1973,0.30214,11.1005,,,,
LKA,1974,0.25536,10.8122,,,,
LKA,1975,0.22049,10.4813,,,,
LKA,1976,0.22139,10.8098,,,,
LKA,1977,0.23464,10.9662,,,,
LKA,1978,0.27211,11.5524,,,,
LKA,1979,0.2888,12.0866,,,,
LKA,1980,0.28343,12.2678,,,,
LKA,1981,0.2872,12.5818,,,,
LKA,1982,0.32296,13.3477,,,,
LKA,1983,0.32747,13.5731,,,,
LKA,1984,0.2862,13.2782,,,,
LKA,1985,0.25864,13.0068,,,,
LKA,1986,0.25285,12.9846,,,,
LKA,1987,0.28647,13.7996,,,,
LKA,1988,0.27309,13.5667,,,,
LKA,1989,0.25703,13.4534,,,,
LKA,1990,0.25923,15.9184,26.24025,,23503.3,4.00643
LKA,1991,0.2686,15.4695,25.84124,,23319.39,
LKA,1992,0.32931,16.8761,25.53636,,23135.48,
LKA,1993,0.31694,17.0534,25.31897,,22951.57,
LKA,1994,0.36023,18.1959,25.18245,,22767.66,
LKA,1995,0.35546,18.2074,25.12016,,22583.75,
LKA,1996,0.49207,20.1734,25.24785,,22399.84,
LKA,1997,0.48157,20.1994,25.59766,,22215.93,
LKA,1998,0.48799,19.5737,26.0376,,22032.02,
LKA,1999,0.52933,21.0197,26.43566,,21848.11,
LKA,2000,0.59434,22.4543,26.65982,,21664.2,3.91877
LKA,2001,0.58031,22.1422,26.72281,,21601.4,
LKA,2002,0.60077,22.7843,26.72066,,21538.6,
LKA,2003,0.64452,24.0385,26.64635,,21475.8,
LKA,2004,0.66104,24.1301,26.49286,,21413.0,
LKA,2005,0.71378,25.9919,26.25316,,21350.2,
LKA,2006,0.6483,24.84,25.85835,,21287.4,
LKA,2007,0.68923,25.6207,25.24262,,21224.6,
LKA,2008,0.64492,25.8254,24.40356,,21161.8,
LKA,2009,0.61558,24.9481,23.33876,2.16003,21099.0,
LKA,2010,0.64746,26.5488,22.04582,,21036.2,
LKA,2011,0.7572,28.6809,19.30672,,21086.6,
LKA,2012,0.84528,30.7524,20.91319,,21137.0,
LKA,2013,0.72077,28.0206,21.97218,,21187.4,
LKA,2014,0.86055,30.0908,19.78313,,21237.8,
LKA,2015,0.93997,33.2653,17.9117,,21288.2,3.8327
LKA,2016,1.10736,36.1268,19.52137,,21256.6,
LKA,2017,1.09126,34.7244,18.3492,,21225.0,
LKA,2018,1.01444,34.5011,20.84784,,21193.4,
LKA,2019,1.09953,36.3046,19.7798,,21161.8,
LKA,2020,1.03173,35.8828,19.96444,,21130.2,
LKA,2021,1.02995,36.0653,,,21098.6,
LKA,2022,0.93761,34.1259,,,21067.0,
LKA,2023,0.97928,35.1854,,,21035.4,
LKA,2024,1.06473,37.1665,,,,
LSO,1970,0.07221,1.9077,,,,
LSO,1971,0.06978,1.8124,,,,
LSO,1972,0.06709,1.769,,,,
LSO,1973,0.06701,1.7468,,,,
LSO,1974,0.06977,1.8053,,,,
LSO,1975,0.07004,1.8569,,,,
LSO,1976,0.07022,1.8338,,,,
LSO,1977,0.07062,1.6966,,,,
LSO,1978,0.06977,1.7177,,,,
LSO,1979,0.0781,1.7966,,,,
LSO,1980,0.07451,1.9043,,,,
LSO,1981,0.0694,1.9167,,,,
LSO,1982,0.06272,1.9449,,,,
LSO,1983,0.06661,1.9129,,,,
LSO,1984,0.06257,1.891,,,,
LSO,1985,0.06655,1.9714,,,,
LSO,1986,0.07052,2.0,,,,
LSO,1987,0.09669,2.2951,,,,
LSO,1988,0.06035,2.2176,,,,
LSO,1989,0.07874,2.1511,,,,
LSO,1990,0.06012,2.1286,26.36942,,345.2,0.0
LSO,1991,0.07393,2.1716,26.38922,,345.2,
LSO,1992,0.06176,2.3348,26.38781,,345.2,
LSO,1993,0.05873,2.2957,26.36992,,345.2,
LSO,1994,0.06318,2.2417,26.34026,,345.2,
LSO,1995,0.06411,2.1947,26.30355,,345.2,
LSO,1996,0.06566,2.1124,26.16937,,345.2,
LSO,1997,0.06473,2.1919,25.87544,,345.2,
LSO,1998,0.06331,1.9445,25.46868,,345.2,
LSO,1999,0.06584,2.5311,24.996,,345.2,
LSO,2000,0.17506,2.668,24.50431,,345.2,0.0
LSO,2001,0.18247,2.6811,23.78698,,345.2,
LSO,2002,0.19321,2.5456,22.77861,,345.2,
LSO,2003,0.19748,2.5817,21.73797,,345.2,
LSO,2004,0.20648,2.575,20.92382,,345.2,
LSO,2005,0.20885,2.7451,20.59493,,345.2,
LSO,2006,0.21305,2.7029,21.07398,,345.2,
LSO,2007,0.27431,2.8394,22.26179,,345.2,
LSO,2008,0.22196,2.7033,23.78439,,345.2,
LSO,2009,0.25857,2.8015,25.26779,3.40265,345.2,
LSO,2010,0.26164,2.8069,26.338,,345.2,
LSO,2011,0.27021,2.8436,26.94817,,345.2,
LSO,2012,0.28333,2.9068,26.52416,,345.2,
LSO,2013,0.28257,2.8103,25.24285,,345.2,
LSO,2014,0.28802,2.8181,26.80116,,345.2,
LSO,2015,0.28347,2.7846,25.89111,,345.2,0.0
LSO,2016,0.30862,2.821,25.37341,,345.2,
LSO,2017,0.33346,3.0314,22.4347,,345.2,
LSO,2018,0.347,2.9297,23.024,,345.2,
LSO,2019,0.35458,2.8119,21.18106,,345.2,
LSO,2020,0.31453,2.4749,23.4391,,345.2,
LSO,2021,0.338,2.6214,,,345.2,
LSO,2022,0.42916,2.9115,,,345.2,
LSO,2023,0.42895,3.071,,,345.2,
LSO,2024,0.42808,3.055,,,,
LTU,1970,6.34719,31.431,,,,
LTU,1971,6.28916,31.8859,,,,
LTU,1972,6.63028,33.538,,,,
LTU,1973,7.05712,35.4789,,,,
LTU,1974,7.48076,37.4381,,,,
LTU,1975,7.91098,39.2129,,,,
LTU,1976,8.19076,40.4237,,,,
LTU,1977,8.41437,41.492,,,,
LTU,1978,8.67853,42.7967,,,,
LTU,1979,8.92225,43.8985,,,,
LTU,1980,9.2548,45.1766,,,,
LTU,1981,9.29714,45.4526,,,,
LTU,1982,9.26495,45.5227,,,,
LTU,1983,9.23754,45.7836,,,,
LTU,1984,9.32919,46.5509,,,,
LTU,1985,9.24023,46.552,,,,
LTU,1986,9.29927,47.0557,,,,
LTU,1987,9.29886,47.5064,,,,
LTU,1988,9.19553,47.2993,,,,
LTU,1989,8.99262,46.918,,,,
LTU,1990,9.49806,48.6106,22.53933,,,1.67386
LTU,1991,9.98252,50.1602,22.36922,,,
LTU,1992,5.64534,33.0129,22.13131,,19600.0,
LTU,1993,4.40399,26.6443,21.83546,,19675.0,
LTU,1994,4.30237,25.0682,21.49153,,19750.0,
LTU,1995,4.16549,23.9287,21.10938,,19825.0,
LTU,1996,4.3307,24.4402,20.64118,,19900.0,
LTU,1997,4.21433,23.9887,20.0613,,19975.0,
LTU,1998,4.4867,24.9519,19.41288,,20050.0,
LTU,1999,3.78286,22.0302,18.73906,,20125.0,
LTU,2000,3.33093,20.4199,18.08301,,20200.0,1.59143
LTU,2001,3.57014,21.1,17.32762,,20350.0,
LTU,2002,3.62197,21.6074,16.42954,,20500.0,
LTU,2003,3.65787,21.6844,15.54258,,20650.0,
LTU,2004,3.869,22.5591,14.82053,,20800.0,
LTU,2005,4.20099,23.5785,14.41719,,20950.0,
LTU,2006,4.34082,23.8651,14.27657,,21100.0,
LTU,2007,4.81801,25.9549,14.20387,,21250.0,
LTU,2008,4.95002,26.4212,14.14461,,21400.0,
LTU,2009,4.17668,23.3173,14.04433,0.0,21550.0,
LTU,2010,4.53333,24.2246,13.84854,,21700.0,
LTU,2011,4.72911,25.1128,12.31945,,21734.0,
LTU,2012,4.84792,25.4341,12.37312,,21768.0,
LTU,2013,4.51309,23.9046,12.41317,,21802.0,
LTU,2014,4.49798,23.9487,12.75774,,21836.0,
LTU,2015,4.69258,24.7285,11.30286,,21870.0,1.54171
LTU,2016,4.69888,24.4684,10.23294,,21900.0,
LTU,2017,4.91241,24.9035,9.79994,,21960.0,
LTU,2018,4.97247,24.4549,11.08386,,21980.0,
LTU,2019,5.08575,24.6564,10.2465,,22000.0,
LTU,2020,5.07197,24.4498,9.21894,,22010.0,
LTU,2021,5.10323,24.2878,,,22026.667,
LTU,2022,4.65112,22.2997,,,22038.889,
LTU,2023,4.51994,21.5756,,,22054.074,
LTU,2024,4.49056,21.5357,,,,
LUX,1970,58.02471,20.5182,,,,
LUX,1971,53.39129,19.1226,,,,
LUX,1972,51.67946,18.7491,,,,
LUX,1973,55.20046,20.2079,,,,
LUX,1974,50.15857,18.7015,,,,
LUX,1975,39.25338,14.9692,,,,
LUX,1976,41.64599,15.8994,,,,
LUX,1977,39.54001,15.1671,,,,
LUX,1978,42.74171,16.3753,,,,
LUX,1979,40.38544,15.5655,,,,
LUX,1980,37.54579,14.5858,,,,
LUX,1981,31.98795,12.5948,,,,
LUX,1982,29.88688,11.831,,,,
LUX,1983,27.76283,11.0549,,,,
LUX,1984,30.58377,12.1108,,,,
LUX,1985,30.85933,12.2408,,,,
LUX,1986,29.99226,11.9672,,,,
LUX,1987,28.17343,11.3665,,,,
LUX,1988,29.23042,11.8321,,,,
LUX,1989,31.06868,12.6437,,,,
LUX,1990,31.36991,12.9307,17.42414,,,0.0
LUX,1991,32.19406,13.4398,17.26268,,,
LUX,1992,31.0392,13.1598,17.06279,,,
LUX,1993,31.18511,13.3808,16.83002,,,
LUX,1994,28.4723,12.4456,16.5699,,,
LUX,1995,22.21719,10.0483,16.28798,,,
LUX,1996,22.08437,10.1224,15.91727,,,
LUX,1997,20.38026,9.5107,15.44373,,,
LUX,1998,18.38074,8.7618,14.95228,,,
LUX,1999,18.97021,9.1579,14.52784,,,
LUX,2000,20.17144,9.782,14.25534,,867.0,0.0
LUX,2001,21.14105,10.3259,14.09143,,869.0,
LUX,2002,22.48512,11.009,13.93645,,871.0,
LUX,2003,23.14793,11.4197,13.79089,,873.0,
LUX,2004,25.93414,12.8473,13.65523,,875.0,
LUX,2005,26.04341,13.0766,13.52995,,877.0,
LUX,2006,25.26717,12.8815,13.42673,,879.0,
LUX,2007,23.62889,12.2979,13.34367,,881.0,
LUX,2008,22.94608,12.1822,13.26083,,883.0,
LUX,2009,21.31431,11.5846,13.15831,0.0,885.0,
LUX,2010,22.11921,12.2047,13.01617,,887.0,
LUX,2011,21.39513,12.0611,12.72799,,887.0,
LUX,2012,20.46894,11.8226,11.37646,,887.0,
LUX,2013,18.99956,11.2916,11.70815,,887.0,
LUX,2014,17.65156,10.798,9.99783,,887.0,
LUX,2015,16.34364,10.2964,10.39153,,887.0,0.0
LUX,2016,15.53485,10.0361,9.61319,,887.0,
LUX,2017,15.40809,10.1941,9.60847,,887.0,
LUX,2018,15.69998,10.5294,9.29179,,887.0,
LUX,2019,15.63175,10.6599,8.4591,,887.0,
LUX,2020,12.67871,8.9246,8.67476,,887.0,
LUX,2021,13.09338,9.3179,,,887.0,
LUX,2022,11.12489,8.1924,,,887.0,
LUX,2023,10.4161,7.8525,,,887.0,
LUX,2024,10.55727,8.0537,,,,
LVA,1970,4.8053,17.7124,,,,
LVA,1971,4.7767,17.9582,,,,
LVA,1972,5.0405,18.8548,,,,
LVA,1973,5.39271,19.9381,,,,
LVA,1974,5.71975,21.0352,,,,
LVA,1975,6.07464,22.157,,,,
LVA,1976,6.29032,22.8416,,,,
LVA,1977,6.44899,23.371,,,,
LVA,1978,6.67355,24.1443,,,,
LVA,1979,6.85599,24.7109,,,,
LVA,1980,7.10518,25.416,,,,
LVA,1981,7.16502,25.6434,,,,
LVA,1982,7.28187,26.1088,,,,
LVA,1983,7.32581,26.453,,,,
LVA,1984,7.3074,26.6694,,,,
LVA,1985,7.2757,26.8104,,,,
LVA,1986,7.35261,27.2059,,,,
LVA,1987,7.37376,27.5868,,,,
LVA,1988,7.28328,27.4292,,,,
LVA,1989,7.11546,27.1345,,,,
LVA,1990,7.36687,27.5464,27.69213,,,9.8164
LVA,1991,6.78768,25.7978,27.44024,,,
LVA,1992,5.4719,21.7148,27.12312,,31866.0,
LVA,1993,4.70142,18.4646,26.74875,,31934.0,
LVA,1994,4.16036,15.2961,26.32514,,32002.0,
LVA,1995,3.71642,13.6581,25.86028,,32070.0,
LVA,1996,3.7647,13.6374,25.3158,,32138.0,
LVA,1997,3.6232,13.1006,24.6717,,32206.0,
LVA,1998,3.49279,12.5597,23.96351,,32274.0,
LVA,1999,3.29072,11.9164,23.22679,,32342.0,
LVA,2000,3.05417,11.0992,22.49708,,32410.0,9.90236
LVA,2001,3.2814,11.7019,21.60679,,32541.12,
LVA,2002,3.31793,11.7593,20.50803,,32672.24,
LVA,2003,3.45946,12.0617,19.41584,,32803.36,
LVA,2004,3.51629,12.1396,18.54524,,32934.48,
LVA,2005,3.58674,12.2862,18.11129,,33065.6,
LVA,2006,3.8497,12.8783,18.00871,,33196.72,
LVA,2007,4.05136,13.309,17.96041,,33327.84,
LVA,2008,3.8941,12.9104,17.92365,,33458.96,
LVA,2009,3.61956,12.1567,17.85569,0.0,33590.08,
LVA,2010,4.23345,13.2286,17.7138,,33721.2,
LVA,2011,3.99736,12.6509,15.52559,,33759.84,
LVA,2012,3.94599,12.5754,14.9825,,33798.48,
LVA,2013,3.86526,12.3292,15.40937,,33837.12,
LVA,2014,3.79876,12.2099,16.09932,,33875.76,
LVA,2015,3.86746,12.4808,13.6554,,33914.4,10.22592
LVA,2016,3.81753,12.4655,12.60307,,33953.1,
LVA,2017,3.82655,12.3325,11.668,,33991.8,
LVA,2018,4.20714,12.9111,14.2076,,34030.5,
LVA,2019,4.13194,12.7841,12.48658,,34069.2,
LVA,2020,3.82915,12.1885,11.60203,,34107.9,
LVA,2021,3.99599,12.4485,,,34146.6,
LVA,2022,3.68568,11.8236,,,34185.3,
LVA,2023,3.6632,11.698,,,34224.0,
LVA,2024,3.64777,11.6424,,,,
MAC,1970,1.17873,0.3327,,,,
MAC,1971,1.22635,0.3337,,,,
MAC,1972,1.31932,0.3521,,,,
MAC,1973,1.59926,0.4182,,,,
MAC,1974,1.97838,0.5064,,,,
MAC,1975,1.65197,0.4238,,,,
MAC,1976,1.64559,0.4175,,,,
MAC,1977,1.7566,0.4392,,,,
MAC,1978,1.74742,0.4359,,,,
MAC,1979,1.85417,0.4676,,,,
MAC,1980,1.95869,0.5026,,,,
MAC,1981,1.83905,0.4837,,,,
MAC,1982,1.85313,0.5065,,,,
MAC,1983,2.40735,0.6865,,,,
MAC,1984,2.22238,0.6673,,,,
MAC,1985,1.96548,0.6083,,,,
MAC,1986,2.38372,0.7489,,,,
MAC,1987,2.83787,0.9177,,,,
MAC,1988,2.68639,0.896,,,,
MAC,1989,2.67825,0.918,,,,
MAC,1990,2.81744,1.0014,,,,14.21135
MAC,1991,2.73596,1.0268,,,,
MAC,1992,2.93745,1.1586,,,,
MAC,1993,3.15234,1.2817,,,,
MAC,1994,3.33669,1.3984,,,,
MAC,1995,2.93501,1.269,,,,
MAC,1996,3.35196,1.4584,,,,
MAC,1997,3.5423,1.5491,,,,
MAC,1998,3.85792,1.702,,,,
MAC,1999,4.02153,1.7925,,,,
MAC,2000,3.38876,1.5185,,,,15.35763
MAC,2001,3.59461,1.6265,,,,
MAC,2002,3.90351,1.7814,,,,
MAC,2003,3.95897,1.8294,,,,
MAC,2004,4.47504,2.1137,,,,
MAC,2005,4.32397,2.126,,,,
MAC,2006,4.07757,2.115,,,,
MAC,2007,3.70071,2.0109,,,,
MAC,2008,2.95432,1.6758,,,,
MAC,2009,3.16579,1.7756,,,,
MAC,2010,3.20335,1.7977,,,,
MAC,2011,3.07296,1.7689,,,,
MAC,2012,3.0692,1.8256,,,,
MAC,2013,3.06673,1.8952,,,,
MAC,2014,3.3603,2.1722,,,,
MAC,2015,4.29149,2.8554,,,,17.22928
MAC,2016,4.02437,2.7234,,,,
MAC,2017,4.45173,2.9801,,,,
MAC,2018,3.22598,2.2124,,,,
MAC,2019,3.3442,2.3356,,,,
MAC,2020,3.25781,2.3188,,,,
MAC,2021,2.99971,2.1323,,,,
MAC,2022,2.47822,1.7615,,,,
MAC,2023,2.47569,1.7639,,,,
MAC,2024,2.52533,1.8201,,,,
MAF,1990,,,,,,34.53585
MAF,2000,,,,,,28.34666
MAF,2011,,,,,12.4,
MAF,2012,,,,,12.4,
MAF,2013,,,,,12.4,
MAF,2014,,,,,12.4,
MAF,2015,,,,,12.4,28.67914
MAF,2016,,,,,12.4,
MAF,2017,,,,,12.4,
MAF,2018,,,,,12.4,
MAF,2019,,,,,12.4,
MAF,2020,,,,,12.4,
MAF,2021,,,,,12.4,
MAF,2022,,,,,12.4,
MAF,2023,,,,,12.4,
MAR,1970,0.45842,22.2487,,,,
MAR,1971,0.44821,22.9333,,,,
MAR,1972,0.48761,23.4061,,,,
MAR,1973,0.56104,24.8556,,,,
MAR,1974,0.60455,25.6549,,,,
MAR,1975,0.63278,26.6418,,,,
MAR,1976,0.67766,27.83,,,,
MAR,1977,0.72915,28.9612,,,,
MAR,1978,0.75992,30.6682,,,,
MAR,1979,0.80323,31.8987,,,,
MAR,1980,0.80609,33.1692,,,,
MAR,1981,0.78987,32.8453,,,,
MAR,1982,0.80453,31.5374,,,,
MAR,1983,0.82431,33.2403,,,,
MAR,1984,0.8119,33.2026,,,,
MAR,1985,0.82569,34.9814,,,,
MAR,1986,0.82976,36.9056,,,,
MAR,1987,0.83318,38.5311,,,,
MAR,1988,0.86144,39.1957,,,,
MAR,1989,0.91363,41.491,,,,
MAR,1990,0.92146,42.4871,20.51349,,54852.9,1.46296
MAR,1991,0.94941,43.4255,20.58957,,54874.15,
MAR,1992,1.00045,44.9727,20.7879,,54895.4,
MAR,1993,1.01423,44.7792,21.08029,,54916.65,
MAR,1994,1.0818,47.6886,21.43854,,54937.9,
MAR,1995,1.10885,48.9805,21.83447,,54959.15,
MAR,1996,1.07893,49.4255,22.54478,,54980.4,
MAR,1997,1.11951,51.8499,23.65675,,55001.65,
MAR,1998,1.12986,52.8945,24.85805,,55022.9,
MAR,1999,1.17224,55.253,25.83637,,55044.15,
MAR,2000,1.18102,56.668,26.2794,,55065.4,1.41894
MAR,2001,1.28395,60.5077,26.33671,,55233.43,
MAR,2002,1.31094,62.076,26.37323,,55401.46,
MAR,2003,1.28859,62.6199,26.39973,,55569.49,
MAR,2004,1.42987,68.5013,26.42697,,55737.52,
MAR,2005,1.47108,70.5998,26.46569,,55905.55,
MAR,2006,1.47482,72.0216,26.55595,,56073.58,
MAR,2007,1.47564,72.952,26.70157,,56241.61,
MAR,2008,1.56522,76.8794,26.85895,,56409.64,
MAR,2009,1.52838,76.9193,26.98451,0.07571,56577.67,
MAR,2010,1.60291,80.7371,27.03466,,56745.7,
MAR,2011,1.70994,86.1303,25.1026,,56765.94,
MAR,2012,1.75534,88.9103,23.51703,,56786.18,
MAR,2013,1.73118,89.8341,22.62626,,56806.42,
MAR,2014,1.73843,91.3786,22.57565,,56826.66,
MAR,2015,1.76684,93.6738,25.65355,,56846.9,1.44726
MAR,2016,1.742,94.0558,24.75459,,56997.9,
MAR,2017,1.80164,98.0056,28.01616,,57115.9,
MAR,2018,1.81912,100.0291,23.18563,,57215.9,
MAR,2019,1.98475,107.7472,20.92991,,57320.9,
MAR,2020,1.84743,104.2614,21.32126,,57424.9,
MAR,2021,1.97891,110.822,,,57529.567,
MAR,2022,1.93751,110.7609,,,57633.789,
MAR,2023,1.85737,108.3581,,,57738.308,
MAR,2024,1.83925,108.7364,,,,
MCO,1990,,,10.49153,,0.0,7.97118
MCO,1991,,,10.18907,,0.0,
MCO,1992,,,10.00768,,0.0,
MCO,1993,,,9.92149,,0.0,
MCO,1994,,,9.90466,,0.0,
MCO,1995,,,9.93134,,0.0,
MCO,1996,,,10.59341,,0.0,
MCO,1997,,,12.11464,,0.0,
MCO,1998,,,13.91694,,0.0,
MCO,1999,,,15.42224,,0.0,
MCO,2000,,,16.05247,,0.0,7.94792
MCO,2001,,,15.98367,,0.0,
MCO,2002,,,15.80261,,0.0,
MCO,2003,,,15.54729,,0.0,
MCO,2004,,,15.25573,,0.0,
MCO,2005,,,14.96593,,0.0,
MCO,2006,,,14.5896,,0.0,
MCO,2007,,,14.09171,,0.0,
MCO,2008,,,13.59012,,0.0,
MCO,2009,,,13.20272,,0.0,
MCO,2010,,,13.0474,,0.0,
MCO,2011,,,14.11978,,0.0,
MCO,2012,,,12.61696,,0.0,
MCO,2013,,,11.78032,,0.0,
MCO,2014,,,10.91377,,0.0,
MCO,2015,,,11.8411,,0.0,7.89919
MCO,2016,,,10.47252,,0.0,
MCO,2017,,,10.37646,,0.0,
MCO,2018,,,10.69549,,0.0,
MCO,2019,,,9.65908,,0.0,
MCO,2020,,,9.58107,,0.0,
MCO,2021,,,,,0.0,
MCO,2022,,,,,0.0,
MCO,2023,,,,,0.0,
MDA,1970,7.9122,23.4118,,,,
MDA,1971,7.84508,23.6373,,,,
MDA,1972,8.21804,24.8851,,,,
MDA,1973,8.66348,26.3203,,,,
MDA,1974,9.04871,27.6782,,,,
MDA,1975,9.60009,29.4308,,,,
MDA,1976,9.81082,30.2581,,,,
MDA,1977,9.92416,30.9241,,,,
MDA,1978,10.18394,32.0432,,,,
MDA,1979,10.32812,32.7649,,,,
MDA,1980,10.6434,33.943,,,,
MDA,1981,10.51449,33.8734,,,,
MDA,1982,10.52564,34.2625,,,,
MDA,1983,10.50008,34.5749,,,,
MDA,1984,10.47754,34.9139,,,,
MDA,1985,10.44031,35.1862,,,,
MDA,1986,10.61176,36.0522,,,,
MDA,1987,10.74013,36.863,,,,
MDA,1988,10.69287,37.0611,,,,
MDA,1989,10.55697,36.9752,,,,
MDA,1990,10.68437,37.4196,34.66768,,,0.0
MDA,1991,8.60373,30.9386,34.29936,,,
MDA,1992,6.84604,25.3404,33.87653,,3292.0,
MDA,1993,5.83444,21.6411,33.40584,,3311.0,
MDA,1994,4.74699,18.582,32.89396,,3330.0,
MDA,1995,4.15194,16.5447,32.34754,,3349.0,
MDA,1996,3.58363,14.6719,31.74994,,3368.0,
MDA,1997,3.28043,13.3252,31.08498,,3387.0,
MDA,1998,2.99394,12.0909,30.36006,,3406.0,
MDA,1999,2.54199,10.6125,29.58256,,3425.0,
MDA,2000,2.35774,9.9128,28.75986,,3444.0,0.0
MDA,2001,2.46106,10.1045,27.69583,,3474.1,
MDA,2002,2.51059,10.3344,26.33699,,3504.2,
MDA,2003,2.71108,10.9205,24.90465,,3534.3,
MDA,2004,2.72501,10.9244,23.62015,,3564.4,
MDA,2005,2.88375,11.2552,22.70481,,3594.5,
MDA,2006,2.81572,11.0688,22.04607,,3624.6,
MDA,2007,2.79219,10.9333,21.42513,,3654.7,
MDA,2008,2.76332,10.615,20.90392,,3684.8,
MDA,2009,2.7251,10.4286,20.54439,0.34381,3714.9,
MDA,2010,2.9713,11.5058,20.40848,,3745.0,
MDA,2011,2.98347,11.7127,20.7107,,3768.8,
MDA,2012,2.92023,11.3366,20.38358,,3792.6,
MDA,2013,2.62072,10.7709,19.97949,,3816.4,
MDA,2014,2.81365,11.3315,18.73712,,3840.2,
MDA,2015,2.9264,11.6174,18.1479,,3864.0,0.0
MDA,2016,3.00494,11.8997,17.05612,,3865.0,
MDA,2017,3.0146,11.9269,15.14239,,3865.0,
MDA,2018,3.27364,12.6204,17.08079,,3865.0,
MDA,2019,3.41942,12.6926,15.77282,,3865.0,
MDA,2020,3.35786,12.3849,14.75835,,3865.0,
MDA,2021,3.71857,13.2142,,,3865.0,
MDA,2022,3.27771,11.6492,,,3865.0,
MDA,2023,3.33935,11.6506,,,3865.0,
MDA,2024,3.41676,11.6583,,,,
MDG,1970,0.11518,18.2969,,,,
MDG,1971,0.11204,17.303,,,,
MDG,1972,0.11144,17.73,,,,
MDG,1973,0.1001,18.0448,,,,
MDG,1974,0.0959,18.4802,,,,
MDG,1975,0.10342,18.7359,,,,
MDG,1976,0.0934,18.8616,,,,
MDG,1977,0.09338,19.4035,,,,
MDG,1978,0.09879,20.6611,,,,
MDG,1979,0.10338,20.8111,,,,
MDG,1980,0.11075,21.5272,,,,
MDG,1981,0.08632,21.4491,,,,
MDG,1982,0.07748,21.6503,,,,
MDG,1983,0.0681,21.9124,,,,
MDG,1984,0.08519,22.2617,,,,
MDG,1985,0.07559,22.0031,,,,
MDG,1986,0.06942,22.142,,,,
MDG,1987,0.0732,22.1884,,,,
MDG,1988,0.06569,22.3248,,,,
MDG,1989,0.06625,22.4042,,,,
MDG,1990,0.07531,22.8823,10.70601,,136934.5,3.75428
MDG,1991,0.07814,22.9553,10.58431,,136271.72,
MDG,1992,0.0768,23.3288,10.51043,,135608.94,
MDG,1993,0.07723,23.8585,10.47246,,134946.16,
MDG,1994,0.09221,23.5269,10.45849,,134283.38,
MDG,1995,0.10068,24.1192,10.4566,,133620.6,
MDG,1996,0.09365,24.2768,10.57805,,132957.82,
MDG,1997,0.09947,24.4859,10.87908,,132295.04,
MDG,1998,0.10746,24.8623,11.26527,,131632.26,
MDG,1999,0.10672,25.1525,11.64223,,130969.48,
MDG,2000,0.10258,25.3158,11.91554,,130306.7,4.20658
MDG,2001,0.10042,23.4943,12.07878,,129838.01,
MDG,2002,0.06646,21.6429,12.2059,,129369.32,
MDG,2003,0.08575,22.8282,12.323,,128900.63,
MDG,2004,0.09007,23.5132,12.45623,,128431.94,
MDG,2005,0.09333,26.1849,12.63169,,127963.25,
MDG,2006,0.08689,26.4784,12.85101,,127494.56,
MDG,2007,0.08876,27.1166,13.119,,127025.87,
MDG,2008,0.08937,27.7386,13.46655,,126557.18,
MDG,2009,0.08242,28.3673,13.92456,0.86462,126088.49,
MDG,2010,0.08873,29.0163,14.52391,,125619.8,
MDG,2011,0.10053,29.0707,16.01702,,125487.62,
MDG,2012,0.1215,30.3939,14.70097,,125355.44,
MDG,2013,0.12649,29.6033,15.50495,,125223.26,
MDG,2014,0.12654,31.1025,15.0022,,125091.08,
MDG,2015,0.13444,31.461,16.07772,,124958.9,4.29461
MDG,2016,0.12457,31.4254,16.13874,,124826.8,
MDG,2017,0.13262,31.8255,12.5515,,124694.6,
MDG,2018,0.11912,30.386,12.72381,,124562.4,
MDG,2019,0.14214,32.2479,12.79454,,124430.3,
MDG,2020,0.10804,31.8694,12.75352,,124298.1,
MDG,2021,0.13819,33.5969,,,124165.967,
MDG,2022,0.14403,34.4577,,,124033.789,
MDG,2023,0.14727,35.7054,,,123901.641,
MDG,2024,0.14649,35.79,,,,
MDV,1970,0.08034,0.021,,,,
MDV,1971,0.07793,0.0221,,,,
MDV,1972,0.08094,0.0238,,,,
MDV,1973,0.09337,0.0274,,,,
MDV,1974,0.11081,0.0314,,,,
MDV,1975,0.09011,0.0302,,,,
MDV,1976,0.08676,0.0313,,,,
MDV,1977,0.08886,0.0332,,,,
MDV,1978,0.08581,0.0346,,,,
MDV,1979,0.0898,0.037,,,,
MDV,1980,0.09403,0.0397,,,,
MDV,1981,0.09084,0.0411,,,,
MDV,1982,0.08776,0.0423,,,,
MDV,1983,0.0843,0.044,,,,
MDV,1984,0.27742,0.0826,,,,
MDV,1985,0.29658,0.0898,,,,
MDV,1986,0.28639,0.0909,,,,
MDV,1987,0.3143,0.0997,,,,
MDV,1988,0.37082,0.1154,,,,
MDV,1989,0.34629,0.113,,,,
MDV,1990,0.42089,0.135,22.09087,,8.2,55.78858
MDV,1991,0.42321,0.1391,22.08291,,8.2,
MDV,1992,0.45107,0.1501,21.97216,,8.2,
MDV,1993,0.5182,0.1708,21.77908,,8.2,
MDV,1994,1.08643,0.322,21.52413,,8.2,
MDV,1995,1.30528,0.3864,21.22778,,8.2,
MDV,1996,1.29752,0.3938,20.61781,,8.2,
MDV,1997,1.13258,0.3576,19.59328,,8.2,
MDV,1998,1.25879,0.4005,18.43156,,8.2,
MDV,1999,1.23571,0.4018,17.41003,,8.2,
MDV,2000,2.22609,0.695,16.80605,,8.2,52.89496
MDV,2001,1.93432,0.622,16.56951,,8.2,
MDV,2002,2.30474,0.7462,16.42795,,8.2,
MDV,2003,1.94778,0.653,16.32516,,8.2,
MDV,2004,2.45145,0.8222,16.20497,,8.2,
MDV,2005,2.23478,0.7694,16.01117,,8.2,
MDV,2006,2.66528,0.9303,15.71449,,8.2,
MDV,2007,2.70588,0.9777,15.318,,8.2,
MDV,2008,2.8435,1.0641,14.81402,,8.2,
MDV,2009,2.82593,1.0968,14.19486,0.03065,8.2,
MDV,2010,2.92052,1.1738,13.45284,,8.2,
MDV,2011,3.06229,1.2697,12.07396,,8.2,
MDV,2012,3.72837,1.5807,12.96602,,8.2,
MDV,2013,4.05254,1.7663,13.24011,,8.2,
MDV,2014,5.30225,2.3553,11.72584,,8.2,
MDV,2015,3.70988,1.7411,10.80856,,8.2,49.17083
MDV,2016,3.91173,1.8937,12.37549,,8.2,
MDV,2017,3.50894,1.7687,11.33337,,8.2,
MDV,2018,2.93025,1.5458,12.50346,,8.2,
MDV,2019,3.10684,1.6855,12.31398,,8.2,
MDV,2020,2.40581,1.3795,12.01239,,8.2,
MDV,2021,3.25639,1.8695,,,8.2,
MDV,2022,3.41439,1.9896,,,8.2,
MDV,2023,3.41107,1.9985,,,8.2,
MDV,2024,3.56651,2.0934,,,,
MEX,1970,2.37916,205.3891,,,,
MEX,1971,2.31426,206.9704,,,,
MEX,1972,2.4687,220.8704,,,,
MEX,1973,2.57794,232.835,,,,
MEX,1974,2.762,252.2406,,,,
MEX,1975,2.82493,266.2219,,,,
MEX,1976,2.93139,281.5925,,,,
MEX,1977,2.9503,291.3367,,,,
MEX,1978,3.22071,316.5984,,,,
MEX,1979,3.32017,332.2039,,,,
MEX,1980,3.58157,362.1166,,,,
MEX,1981,3.76263,387.4583,,,,
MEX,1982,3.94317,410.853,,,,
MEX,1983,3.63216,396.3784,,,,
MEX,1984,3.6069,402.9559,,,,
MEX,1985,3.65602,416.5571,,,,
MEX,1986,3.52519,413.9516,,,,
MEX,1987,3.60094,426.2696,,,,
MEX,1988,3.51355,424.9409,,,,
MEX,1989,3.61003,443.9025,,,,
MEX,1990,3.49749,440.4708,32.29922,,705916.5,1.03119
MEX,1991,3.64187,458.4473,32.15656,,703706.2,
MEX,1992,3.61674,461.0211,32.01379,,701495.9,
MEX,1993,3.65475,474.7551,31.8694,,699285.6,
MEX,1994,3.87829,501.241,31.72184,,697075.3,
MEX,1995,3.59068,482.1835,31.5696,,694865.0,
MEX,1996,3.69826,502.1713,31.46993,,692654.7,
MEX,1997,3.83666,528.1571,31.42817,,690444.4,
MEX,1998,4.01785,554.8655,31.36491,,688234.1,
MEX,1999,3.84179,541.7825,31.20076,,686023.8,
MEX,2000,4.02272,566.2514,30.85631,,683813.5,1.04936
MEX,2001,3.94395,562.6429,29.94441,,682375.46,
MEX,2002,3.94831,568.8383,28.37541,,680937.42,
MEX,2003,4.08541,593.0632,26.51622,,679499.38,
MEX,2004,4.12339,602.6555,24.73372,,678061.34,
MEX,2005,4.22758,624.6792,23.3948,,676623.3,
MEX,2006,4.32571,646.2762,22.36966,,675185.26,
MEX,2007,4.32899,656.9822,21.36375,,673747.22,
MEX,2008,4.2791,663.538,20.4969,,672309.18,
MEX,2009,4.12122,649.9757,19.88892,0.14984,670871.14,
MEX,2010,4.19756,665.5725,19.65963,,669433.1,
MEX,2011,4.2218,677.1026,22.47363,,668208.3,
MEX,2012,4.3335,692.8752,20.15602,,666983.5,
MEX,2013,4.17443,684.5599,20.87393,,665758.7,
MEX,2014,4.01482,673.0473,19.66785,,664533.9,
MEX,2015,4.0507,682.1479,19.48649,,663309.1,1.05111
MEX,2016,4.06104,691.4909,18.84492,,662031.5,
MEX,2017,4.05743,695.7528,18.30023,,660753.8,
MEX,2018,3.83832,675.0515,16.65219,,659480.0,
MEX,2019,3.92542,692.1334,14.70511,,658200.0,
MEX,2020,3.46247,640.1272,14.99234,,656920.0,
MEX,2021,3.54662,656.289,,,655640.0,
MEX,2022,3.52184,660.2856,,,654370.0,
MEX,2023,3.66577,685.6512,,,653087.841,
MEX,2024,3.63739,686.7794,,,,
MHL,1970,0.0,0.0011,,,,
MHL,1971,0.0,0.0011,,,,
MHL,1972,0.0,0.0012,,,,
MHL,1973,0.0,0.0013,,,,
MHL,1974,0.0,0.0013,,,,
MHL,1975,0.0,0.0014,,,,
MHL,1976,0.0,0.0014,,,,
MHL,1977,0.0,0.0015,,,,
MHL,1978,0.0,0.0015,,,,
MHL,1979,0.0,0.0016,,,,
MHL,1980,0.0,0.0016,,,,
MHL,1981,0.0,0.0017,,,,
MHL,1982,0.00299,0.0018,,,,
MHL,1983,0.00287,0.0019,,,,
MHL,1984,0.00276,0.002,,,,
MHL,1985,0.00265,0.0021,,,,
MHL,1986,0.00255,0.0022,,,,
MHL,1987,0.00245,0.0023,,,,
MHL,1988,0.00236,0.0024,,,,
MHL,1989,0.00229,0.0025,,,,
MHL,1990,0.00224,0.0025,11.23847,,,66.99513
MHL,1991,0.00219,0.0026,11.05387,,94.0,
MHL,1992,0.00216,0.0027,10.93091,,94.0,
MHL,1993,0.00212,0.0027,10.8599,,94.0,
MHL,1994,0.0021,0.0027,10.83114,,94.0,
MHL,1995,0.00207,0.0028,10.83494,,94.0,
MHL,1996,0.00205,0.0028,10.95403,,94.0,
MHL,1997,0.00203,0.0028,11.2154,,94.0,
MHL,1998,0.00201,0.0028,11.52578,,94.0,
MHL,1999,0.00199,0.0028,11.79188,,94.0,
MHL,2000,0.00197,0.0028,11.92042,,94.0,68.10294
MHL,2001,0.00196,0.0028,11.91755,,94.0,
MHL,2002,0.00194,0.0028,11.86431,,94.0,
MHL,2003,0.00194,0.0028,11.77968,,94.0,
MHL,2004,0.00193,0.0028,11.68264,,94.0,
MHL,2005,0.00193,0.0028,11.59219,,94.0,
MHL,2006,0.00192,0.0028,11.50738,,94.0,
MHL,2007,0.00192,0.0028,11.41377,,94.0,
MHL,2008,0.00192,0.0029,11.31013,,94.0,
MHL,2009,0.00192,0.0029,11.19523,0.05841,94.0,
MHL,2010,0.00192,0.0029,11.06785,,94.0,
MHL,2011,0.00193,0.0029,10.89049,,94.0,
MHL,2012,0.00194,0.0029,10.7838,,94.0,
MHL,2013,0.00197,0.0029,10.77025,,94.0,
MHL,2014,0.00201,0.0029,10.54063,,94.0,
MHL,2015,0.00205,0.0029,10.27291,,94.0,67.97312
MHL,2016,0.0021,0.0029,10.34456,,94.0,
MHL,2017,0.00215,0.0029,10.38343,,94.0,
MHL,2018,0.00221,0.0029,10.54291,,94.0,
MHL,2019,0.00227,0.0029,10.80311,,94.0,
MHL,2020,0.00234,0.0039,10.72562,,94.0,
MHL,2021,0.00242,0.0039,,,94.0,
MHL,2022,0.0025,0.004,,,94.0,
MHL,2023,0.00258,0.004,,,94.0,
MHL,2024,0.00266,0.004,,,,
MKD,1970,5.54282,12.3453,,,,
MKD,1971,5.12022,11.7892,,,,
MKD,1972,5.08672,11.7934,,,,
MKD,1973,5.79287,13.1725,,,,
MKD,1974,5.86932,13.571,,,,
MKD,1975,4.63361,11.53,,,,
MKD,1976,4.79201,11.918,,,,
MKD,1977,4.87017,12.1984,,,,
MKD,1978,4.6499,11.8887,,,,
MKD,1979,5.19217,13.0555,,,,
MKD,1980,4.67637,12.1603,,,,
MKD,1981,4.98855,12.9797,,,,
MKD,1982,4.25356,11.6219,,,,
MKD,1983,3.94151,11.0717,,,,
MKD,1984,4.57907,12.5332,,,,
MKD,1985,4.8285,13.0078,,,,
MKD,1986,4.94248,13.2416,,,,
MKD,1987,4.73226,12.8747,,,,
MKD,1988,4.76997,12.9974,,,,
MKD,1989,4.88128,13.1779,,,,
MKD,1990,5.42243,14.3612,42.83739,,,0.0
MKD,1991,4.81451,12.8666,42.36822,,,
MKD,1992,4.33205,11.5418,41.90549,,9211.1,
MKD,1993,4.50541,11.7463,41.44647,,9256.65,
MKD,1994,4.40184,11.521,40.98844,,9302.2,
MKD,1995,4.3617,11.3862,40.52867,,9347.75,
MKD,1996,5.10496,12.9766,40.02569,,9393.3,
MKD,1997,4.63315,11.8204,39.48882,,9438.85,
MKD,1998,5.0648,12.6669,38.99154,,9484.4,
MKD,1999,4.64355,11.7441,38.60735,,9529.95,
MKD,2000,4.45999,11.4001,38.40974,,9575.5,0.0
MKD,2001,4.53166,11.5125,38.34653,,9578.38,
MKD,2002,4.3017,10.9619,38.30514,,9581.26,
MKD,2003,4.66801,11.7283,38.26842,,9584.14,
MKD,2004,4.56367,11.8925,38.21924,,9587.02,
MKD,2005,4.81871,12.3537,38.14044,,9589.9,
MKD,2006,4.83752,12.0565,37.67876,,9592.78,
MKD,2007,5.22519,12.8175,36.72146,,9595.66,
MKD,2008,5.14448,12.6619,35.61219,,9598.54,
MKD,2009,4.65667,11.5709,34.69461,0.30458,9601.42,
MKD,2010,4.71413,11.7353,34.31238,,9604.3,
MKD,2011,5.28745,12.9204,40.06469,,9672.24,
MKD,2012,4.98507,12.2931,35.84244,,9740.18,
MKD,2013,4.57514,11.3925,32.71691,,9808.12,
MKD,2014,4.35528,10.9641,33.77753,,9876.06,
MKD,2015,4.14802,10.5479,31.87248,,9944.0,0.0
MKD,2016,3.99772,10.2504,30.07992,,10016.7,
MKD,2017,4.20313,10.7022,30.46451,,10014.9,
MKD,2018,3.99285,10.2414,31.00453,,10014.9,
MKD,2019,4.62505,11.3372,25.87869,,10014.9,
MKD,2020,4.08399,10.2885,26.11865,,10014.9,
MKD,2021,4.15543,10.2244,,,10014.9,
MKD,2022,4.47898,10.8159,,,10014.9,
MKD,2023,4.38791,10.5691,,,10014.9,
MKD,2024,3.99993,9.8121,,,,
MLI,1970,0.03937,10.8685,,,,
MLI,1971,0.03854,11.1034,,,,
MLI,1972,0.03828,9.8312,,,,
MLI,1973,0.03926,9.1355,,,,
MLI,1974,0.04073,8.3157,,,,
MLI,1975,0.04192,9.0496,,,,
MLI,1976,0.04178,9.4141,,,,
MLI,1977,0.04212,9.5157,,,,
MLI,1978,0.04188,10.1398,,,,
MLI,1979,0.04633,10.8263,,,,
MLI,1980,0.04418,12.2017,,,,
MLI,1981,0.05512,12.9324,,,,
MLI,1982,0.03846,13.3499,,,,
MLI,1983,0.0405,11.8558,,,,
MLI,1984,0.0387,10.5965,,,,
MLI,1985,0.04094,9.8929,,,,
MLI,1986,0.03234,10.1247,,,,
MLI,1987,0.05024,10.5176,,,,
MLI,1988,0.02708,10.8485,,,,
MLI,1989,0.04497,11.3715,,,,
MLI,1990,0.03479,11.9818,65.83841,,132960.0,0.0
MLI,1991,0.04264,12.0139,63.56129,,132960.0,
MLI,1992,0.03808,11.9878,61.75613,,132960.0,
MLI,1993,0.03634,12.1453,60.44251,,132960.0,
MLI,1994,0.03554,12.4757,59.63998,,132960.0,
MLI,1995,0.03573,12.8464,59.36812,,132960.0,
MLI,1996,0.03809,13.2304,59.95608,,132960.0,
MLI,1997,0.037,13.3654,61.35821,,132960.0,
MLI,1998,0.03747,14.1573,63.03184,,132960.0,
MLI,1999,0.03796,14.8565,64.43433,,132960.0,
MLI,2000,0.06886,15.7571,65.02303,,132960.0,0.0
MLI,2001,0.06995,16.4838,64.81055,,132960.0,
MLI,2002,0.07105,17.6585,64.30252,,132960.0,
MLI,2003,0.07071,18.54,63.69585,,132960.0,
MLI,2004,0.06977,19.3451,63.18745,,132960.0,
MLI,2005,0.06979,20.2416,62.97423,,132960.0,
MLI,2006,0.08111,20.4783,63.46752,,132960.0,
MLI,2007,0.09352,21.8675,64.64386,,132960.0,
MLI,2008,0.10451,23.0897,66.0479,,132960.0,
MLI,2009,0.13004,24.322,67.22433,0.65286,132960.0,
MLI,2010,0.12461,25.5145,67.71783,,132960.0,
MLI,2011,0.1315,26.5378,62.45094,,132960.0,
MLI,2012,0.13394,27.6137,69.89371,,132960.0,
MLI,2013,0.157,29.1823,51.33683,,132960.0,
MLI,2014,0.16153,30.2525,56.47858,,132960.0,
MLI,2015,0.18992,32.2094,74.14799,,132960.0,0.0
MLI,2016,0.23862,35.5893,66.18723,,132960.0,
MLI,2017,0.26049,38.3074,66.77434,,132960.0,
MLI,2018,0.28285,40.0831,63.68493,,132960.0,
MLI,2019,0.29019,40.8478,57.39044,,132960.0,
MLI,2020,0.31515,42.5403,56.78305,,132960.0,
MLI,2021,0.32609,44.9904,,,132960.0,
MLI,2022,0.32475,44.5054,,,132960.0,
MLI,2023,0.30195,46.6113,,,132960.0,
MLI,2024,0.3028,48.0085,,,,
MLT,1970,2.25706,0.8152,,,,
MLT,1971,2.25669,0.8221,,,,
MLT,1972,2.83121,0.9936,,,,
MLT,1973,2.72138,0.9607,,,,
MLT,1974,2.49374,0.8888,,,,
MLT,1975,2.22864,0.8169,,,,
MLT,1976,2.50152,0.9146,,,,
MLT,1977,2.63576,0.9628,,,,
MLT,1978,3.03886,1.096,,,,
MLT,1979,2.93258,1.0719,,,,
MLT,1980,3.22475,1.1689,,,,
MLT,1981,3.6234,1.3037,,,,
MLT,1982,4.06017,1.4743,,,,
MLT,1983,2.96801,1.1368,,,,
MLT,1984,4.04818,1.504,,,,
MLT,1985,3.47538,1.3354,,,,
MLT,1986,5.50595,2.0638,,,,
MLT,1987,5.73233,2.1587,,,,
MLT,1988,6.18355,2.3361,,,,
MLT,1989,6.63888,2.5213,,,,
MLT,1990,6.55589,2.5199,18.0588,,3.5,2.3286
MLT,1991,6.09655,2.4253,18.156,,3.5,
MLT,1992,5.91919,2.3966,18.22352,,3.5,
MLT,1993,7.57673,3.0471,18.26453,,3.5,
MLT,1994,6.71163,2.754,18.28219,,3.5,
MLT,1995,6.32162,2.6259,18.27965,,3.5,
MLT,1996,6.13627,2.5765,18.21615,,3.5,
MLT,1997,6.47116,2.7339,18.07354,,3.5,
MLT,1998,6.1876,2.6425,17.88888,,3.5,
MLT,1999,6.23797,2.6888,17.69924,,3.5,
MLT,2000,5.47314,2.4148,17.54167,,3.5,2.1525
MLT,2001,6.34789,2.7905,17.37394,,3.5,
MLT,2002,5.86965,2.6176,17.16077,,3.5,
MLT,2003,6.55699,2.9212,16.94967,,3.5,
MLT,2004,6.49666,2.9196,16.78817,,3.5,
MLT,2005,6.52471,2.9763,16.72378,,3.5,
MLT,2006,6.56143,3.0355,16.75908,,3.5,
MLT,2007,6.69594,3.1132,16.84325,,3.5,
MLT,2008,6.67523,3.1332,16.94371,,3.5,
MLT,2009,6.10579,2.8992,17.02789,,3.5,
MLT,2010,6.25971,2.9494,17.06319,,3.5,
MLT,2011,6.20225,2.9387,16.10271,,3.5,
MLT,2012,6.48623,3.1178,14.10636,,3.5,
MLT,2013,5.60886,2.783,13.37669,,3.5,
MLT,2014,5.46598,2.7879,13.48049,,3.5,
MLT,2015,3.76435,2.1102,13.68147,,3.5,2.37704
MLT,2016,3.00437,1.8278,12.53256,,3.8,
MLT,2017,3.33586,2.0164,12.9026,,4.2,
MLT,2018,3.23908,2.0118,13.1133,,4.6,
MLT,2019,3.32002,2.1153,12.59092,,4.6,
MLT,2020,3.14342,2.0609,11.72266,,4.6,
MLT,2021,3.14079,2.0682,,,4.6,
MLT,2022,3.38214,2.235,,,4.6,
MLT,2023,3.23421,2.2252,,,4.6,
MLT,2024,3.17889,2.2436,,,,
MMR,1970,0.17698,50.2503,,,,
MMR,1971,0.17388,50.6264,,,,
MMR,1972,0.16622,49.2643,,,,
MMR,1973,0.12975,51.4706,,,,
MMR,1974,0.14669,52.1502,,,,
MMR,1975,0.1411,53.6492,,,,
MMR,1976,0.14795,54.1673,,,,
MMR,1977,0.15541,55.0356,,,,
MMR,1978,0.15793,57.5423,,,,
MMR,1979,0.16122,56.8242,,,,
MMR,1980,0.16714,61.5204,,,,
MMR,1981,0.16257,63.2507,,,,
MMR,1982,0.16521,64.0136,,,,
MMR,1983,0.15711,64.9221,,,,
MMR,1984,0.16816,65.7416,,,,
MMR,1985,0.17374,67.2578,,,,
MMR,1986,0.17863,67.3377,,,,
MMR,1987,0.13326,64.7569,,,,
MMR,1988,0.12349,64.6073,,,,
MMR,1989,0.12012,63.6505,,,,
MMR,1990,0.11132,63.2233,41.64796,,392184.8,3.50033
MMR,1991,0.10624,61.9952,41.42461,,387834.43,
MMR,1992,0.1111,66.0507,41.19654,,383484.06,
MMR,1993,0.12258,69.2154,40.96956,,379133.69,
MMR,1994,0.14505,72.7465,40.74947,,374783.32,
MMR,1995,0.17369,75.7909,40.54208,,370432.95,
MMR,1996,0.18032,75.7092,40.30161,,366082.58,
MMR,1997,0.17723,74.1805,40.01898,,361732.21,
MMR,1998,0.19037,76.0259,39.7551,,357381.84,
MMR,1999,0.20641,82.4,39.57088,,353031.47,
MMR,2000,0.22172,85.4595,39.52723,,348681.1,5.45598
MMR,2001,0.19171,86.1518,39.74284,,345253.99,
MMR,2002,0.19131,88.0467,40.17689,,341826.88,
MMR,2003,0.23482,94.1657,40.65103,,338399.77,
MMR,2004,0.22586,97.5714,40.98694,,334972.66,
MMR,2005,0.23699,103.1858,41.00625,,331545.55,
MMR,2006,0.2188,107.9409,40.5461,,328118.44,
MMR,2007,0.22699,110.2168,39.59622,,324691.33,
MMR,2008,0.17277,108.9142,38.20712,,321264.22,
MMR,2009,0.16006,109.6283,36.42933,0.09241,317837.11,
MMR,2010,0.17608,111.6666,34.31335,,314410.0,
MMR,2011,0.1856,109.5138,29.48544,,311512.88,
MMR,2012,0.25197,111.4683,33.17922,,308615.76,
MMR,2013,0.28293,114.8255,35.1665,,305718.64,
MMR,2014,0.35007,120.4198,31.22189,,302821.52,
MMR,2015,0.3864,124.2529,29.91505,,299924.4,6.81174
MMR,2016,0.44626,129.5442,31.17039,,297027.3,
MMR,2017,0.65043,145.4856,28.13367,,294130.2,
MMR,2018,0.64123,121.7758,31.55599,,291233.1,
MMR,2019,0.65332,121.6455,32.16423,,288336.0,
MMR,2020,0.65486,123.0347,32.31503,,285438.9,
MMR,2021,0.59636,121.282,,,282541.8,
MMR,2022,0.57725,121.08,,,279644.7,
MMR,2023,0.57711,118.2385,,,276747.6,
MMR,2024,0.57546,117.7875,,,,
MNE,1990,,,30.4471,,,4.13701
MNE,1991,,,30.3458,,,
MNE,1992,,,30.15723,,,
MNE,1993,,,29.89341,,,
MNE,1994,,,29.56636,,,
MNE,1995,,,29.18809,,,
MNE,1996,,,28.57354,,,
MNE,1997,,,27.68762,,,
MNE,1998,,,26.76737,,,
MNE,1999,,,26.0498,,,
MNE,2000,,,25.77193,,,4.29274
MNE,2001,,,25.82355,,,
MNE,2002,,,25.91629,,,
MNE,2003,,,26.01995,,,
MNE,2004,,,26.1043,,,
MNE,2005,,,26.13913,,,
MNE,2006,,,25.91941,,7466.0,
MNE,2007,,,25.39545,,7667.0,
MNE,2008,,,24.77008,,7868.0,
MNE,2009,,,24.24612,0.01217,8069.0,
MNE,2010,,,24.02639,,8270.0,
MNE,2011,,,26.80964,,8270.0,
MNE,2012,,,25.15273,,8270.0,
MNE,2013,,,23.03282,,8270.0,
MNE,2014,,,22.89338,,8270.0,
MNE,2015,,,22.52261,,8270.0,4.40625
MNE,2016,,,20.78184,,8270.0,
MNE,2017,,,21.18858,,8270.0,
MNE,2018,,,22.00106,,8270.0,
MNE,2019,,,18.3232,,8270.0,
MNE,2020,,,17.98241,,8270.0,
MNE,2021,,,,,8270.0,
MNE,2022,,,,,8270.0,
MNE,2023,,,,,8270.0,
MNG,1970,4.30705,19.9483,,,,
MNG,1971,4.19369,20.3281,,,,
MNG,1972,3.75331,19.9598,,,,
MNG,1973,3.92344,20.4754,,,,
MNG,1974,4.24107,21.229,,,,
MNG,1975,4.23961,21.8949,,,,
MNG,1976,4.24819,22.2282,,,,
MNG,1977,4.70441,23.0103,,,,
MNG,1978,4.93965,23.416,,,,
MNG,1979,5.12285,24.2786,,,,
MNG,1980,5.48945,25.1186,,,,
MNG,1981,5.02118,24.2424,,,,
MNG,1982,5.28402,25.1719,,,,
MNG,1983,5.29334,25.6079,,,,
MNG,1984,5.50383,25.9881,,,,
MNG,1985,6.2075,27.5997,,,,
MNG,1986,6.62721,28.8408,,,,
MNG,1987,6.85654,29.9021,,,,
MNG,1988,7.0831,30.9087,,,,
MNG,1989,6.57504,30.2759,,,,
MNG,1990,6.26475,29.9301,19.90871,,143520.0,0.0
MNG,1991,6.86187,32.8938,19.84151,,143431.9,
MNG,1992,5.97719,30.6176,19.81809,,143343.8,
MNG,1993,5.51343,29.3137,19.83637,,143255.7,
MNG,1994,4.75305,27.3351,19.89423,,143167.6,
MNG,1995,4.64906,28.1743,19.98956,,143079.5,
MNG,1996,3.86934,26.8871,20.19863,,142991.4,
MNG,1997,3.73919,27.1723,20.53705,,142903.3,
MNG,1998,3.69923,27.907,20.91179,,142815.2,
MNG,1999,3.67187,28.5926,21.22983,,142727.1,
MNG,2000,3.78533,29.3309,21.39814,,142639.0,0.0
MNG,2001,3.72756,27.1087,21.36892,,142559.0,
MNG,2002,3.94361,25.0085,21.21575,,142479.0,
MNG,2003,3.77463,24.3502,21.02765,,142399.0,
MNG,2004,3.81795,24.2963,20.89369,,142319.0,
MNG,2005,4.38774,28.857,20.90289,,142239.0,
MNG,2006,4.95386,32.1808,21.25741,,142159.0,
MNG,2007,5.07731,34.9338,22.11441,,142079.0,
MNG,2008,4.99621,35.9243,23.49548,,141999.0,
MNG,2009,5.17581,39.3545,25.42216,2.56134,141919.0,
MNG,2010,5.44277,42.4551,27.91602,,141839.0,
MNG,2011,5.82705,48.045,35.87679,,141827.86,
MNG,2012,6.21878,49.2864,38.23186,,141816.72,
MNG,2013,6.61574,51.7627,36.11909,,141805.58,
MNG,2014,6.59114,54.9866,32.63102,,141794.44,
MNG,2015,5.95531,52.9339,33.60182,,141783.3,0.0
MNG,2016,6.18896,60.7638,34.39485,,141772.2,
MNG,2017,6.69287,67.8474,31.4067,,141761.1,
MNG,2018,7.15566,71.0301,30.34079,,141750.0,
MNG,2019,7.75338,76.0964,31.08393,,141738.9,
MNG,2020,6.76709,69.7809,29.65479,,141727.8,
MNG,2021,7.35538,70.9277,,,141716.7,
MNG,2022,7.26766,74.7083,,,141710.0,
MNG,2023,7.7999,93.7158,,,141694.5,
MNG,2024,7.84666,104.355,,,,
MNP,1970,0.0,0.0007,,,,
MNP,1971,0.0,0.0007,,,,
MNP,1972,0.0,0.0008,,,,
MNP,1973,0.0,0.0008,,,,
MNP,1974,0.0,0.0008,,,,
MNP,1975,0.0,0.0008,,,,
MNP,1976,0.0,0.0008,,,,
MNP,1977,0.0,0.0009,,,,
MNP,1978,0.0,0.0009,,,,
MNP,1979,0.0,0.0009,,,,
MNP,1980,0.0,0.001,,,,
MNP,1981,0.0,0.001,,,,
MNP,1982,0.0,0.0012,,,,
MNP,1983,0.0,0.0013,,,,
MNP,1984,0.0,0.0015,,,,
MNP,1985,0.0,0.0016,,,,
MNP,1986,0.0,0.0018,,,,
MNP,1987,0.0028,0.0019,,,,
MNP,1988,0.0026,0.0021,,,,
MNP,1989,0.00242,0.0022,,,,
MNP,1990,0.00231,0.0024,9.54436,,,6.27556
MNP,1991,0.00225,0.0026,9.46241,,334.45,
MNP,1992,0.00221,0.0027,9.38394,,332.8,
MNP,1993,0.00218,0.0029,9.3091,,331.15,
MNP,1994,0.00214,0.003,9.23803,,329.5,
MNP,1995,0.00208,0.0032,9.17089,,327.85,
MNP,1996,0.00193,0.0034,9.16177,,326.2,
MNP,1997,0.00177,0.0036,9.22907,,324.55,
MNP,1998,0.00163,0.0037,9.31936,,322.9,
MNP,1999,0.00152,0.0039,9.37925,,321.25,
MNP,2000,0.00146,0.004,9.3553,,319.6,6.29487
MNP,2001,0.00147,0.0048,9.23231,,317.96,
MNP,2002,0.0015,0.0048,9.04988,,316.32,
MNP,2003,0.00153,0.0047,8.8368,,314.68,
MNP,2004,0.00156,0.0046,8.62184,,313.04,
MNP,2005,0.0016,0.0045,8.4338,,311.4,
MNP,2006,0.00165,0.0043,8.2758,,309.76,
MNP,2007,0.0017,0.0041,8.12748,,308.12,
MNP,2008,0.00175,0.004,7.98242,,306.48,
MNP,2009,0.00181,0.0039,7.83421,,304.84,
MNP,2010,0.00185,0.0038,7.67642,,303.2,
MNP,2011,0.00187,0.0038,7.48699,,301.54,
MNP,2012,0.00188,0.0038,7.50525,,299.88,
MNP,2013,0.0019,0.0038,8.34133,,298.22,
MNP,2014,0.00192,0.0038,7.95018,,296.56,
MNP,2015,0.00194,0.0039,10.03541,,294.9,6.28044
MNP,2016,0.00197,0.0039,8.84993,,243.6,
MNP,2017,0.002,0.0039,8.66445,,243.6,
MNP,2018,0.00204,0.0039,9.62413,,243.6,
MNP,2019,0.00208,0.004,9.84144,,243.6,
MNP,2020,0.0021,0.004,9.71463,,243.6,
MNP,2021,0.00213,0.004,,,243.6,
MNP,2022,0.00217,0.004,,,243.6,
MNP,2023,0.00222,0.0041,,,243.6,
MNP,2024,0.00226,0.0041,,,,
MOZ,1970,0.38279,9.248,,,,
MOZ,1971,0.37493,9.3889,,,,
MOZ,1972,0.33541,8.9934,,,,
MOZ,1973,0.34653,9.3222,,,,
MOZ,1974,0.31727,9.2062,,,,
MOZ,1975,0.26525,8.8405,,,,
MOZ,1976,0.26029,8.6701,,,,
MOZ,1977,0.24415,8.5264,,,,
MOZ,1978,0.20524,8.1595,,,,
MOZ,1979,0.18668,8.0951,,,,
MOZ,1980,0.21963,8.5697,,,,
MOZ,1981,0.18956,8.3441,,,,
MOZ,1982,0.171,9.7881,,,,
MOZ,1983,0.15271,9.6274,,,,
MOZ,1984,0.12615,8.6891,,,,
MOZ,1985,0.12561,9.1854,,,,
MOZ,1986,0.12068,9.0003,,,,
MOZ,1987,0.12012,8.5702,,,,
MOZ,1988,0.12096,8.3125,,,,
MOZ,1989,0.11864,8.6904,,,,
MOZ,1990,0.08873,8.6139,19.64925,,433780.0,3.91632
MOZ,1991,0.07297,8.2923,19.35704,,431590.0,
MOZ,1992,0.08531,8.6088,19.15492,,429400.0,
MOZ,1993,0.09616,8.7833,19.02848,,427210.0,
MOZ,1994,0.07617,9.1184,18.96333,,425020.0,
MOZ,1995,0.07879,9.3653,18.94506,,422830.0,
MOZ,1996,0.07357,9.5451,19.08158,,420640.0,
MOZ,1997,0.07914,8.2168,19.40658,,418450.0,
MOZ,1998,0.07476,10.2074,19.79437,,416260.0,
MOZ,1999,0.07274,9.7431,20.11922,,414070.0,
MOZ,2000,0.08665,10.4988,20.25544,,411880.0,3.32929
MOZ,2001,0.10231,11.2259,20.18401,,409664.14,
MOZ,2002,0.10482,11.7042,20.01365,,407448.28,
MOZ,2003,0.13024,12.9199,19.81029,,405232.42,
MOZ,2004,0.14013,13.5872,19.63984,,403016.56,
MOZ,2005,0.13129,14.0416,19.56823,,400800.7,
MOZ,2006,0.136,13.7714,19.67335,,398584.84,
MOZ,2007,0.15239,14.3982,19.94036,,396368.98,
MOZ,2008,0.14434,14.1253,20.29609,,394153.12,
MOZ,2009,0.15198,13.7315,20.66737,3.66245,391937.26,
MOZ,2010,0.15677,14.3123,20.98103,,389721.4,
MOZ,2011,0.17966,19.1212,21.31806,,387657.12,
MOZ,2012,0.19319,21.972,21.48821,,385592.84,
MOZ,2013,0.20427,23.3062,21.70449,,383528.56,
MOZ,2014,0.22455,24.7471,21.61459,,381464.28,
MOZ,2015,0.24327,24.5505,21.5759,,379400.0,2.79979
MOZ,2016,0.30478,27.0062,21.06912,,376282.9,
MOZ,2017,0.29511,29.4852,18.7548,,374066.0,
MOZ,2018,0.27759,32.5121,18.82592,,372241.68,
MOZ,2019,0.28876,30.1741,19.59456,,369661.1,
MOZ,2020,0.25836,27.9273,20.08025,,367437.6,
MOZ,2021,0.28838,31.1371,,,364976.047,
MOZ,2022,0.33369,35.6836,,,362673.196,
MOZ,2023,0.31868,34.318,,,360264.544,
MOZ,2024,0.29201,33.6256,,,,
MRT,1970,0.30296,5.6457,,,,
MRT,1971,0.29523,5.5002,,,,
MRT,1972,0.28835,5.061,,,,
MRT,1973,0.29007,4.9621,,,,
MRT,1974,0.30173,4.3133,,,,
MRT,1975,0.30525,4.4389,,,,
MRT,1976,0.30593,4.6628,,,,
MRT,1977,0.30699,4.8523,,,,
MRT,1978,0.3038,4.946,,,,
MRT,1979,0.33453,5.1158,,,,
MRT,1980,0.32326,5.2275,,,,
MRT,1981,0.28967,5.5152,,,,
MRT,1982,0.26313,5.6376,,,,
MRT,1983,0.27752,5.1665,,,,
MRT,1984,0.37697,5.13,,,,
MRT,1985,0.36349,5.4022,,,,
MRT,1986,0.22074,5.2953,,,,
MRT,1987,0.39146,5.7533,,,,
MRT,1988,0.45047,6.1011,,,,
MRT,1989,0.4672,6.3949,,,,
MRT,1990,0.36227,6.6641,78.56202,,4760.4,18.87454
MRT,1991,0.44613,7.0437,79.36814,,4706.0,
MRT,1992,1.09653,8.27,80.15391,,4651.6,
MRT,1993,1.04262,8.3928,80.89794,,4597.2,
MRT,1994,1.04768,8.3635,81.57889,,4542.8,
MRT,1995,1.06085,8.5148,82.17537,,4488.4,
MRT,1996,1.03011,8.8669,82.83006,,4434.0,
MRT,1997,0.99,9.2697,83.59986,,4379.6,
MRT,1998,0.986,9.6602,84.3348,,4325.2,
MRT,1999,0.9906,10.3756,84.88487,,4270.8,
MRT,2000,0.40491,9.1783,85.10011,,4216.4,19.2377
MRT,2001,0.43696,9.5559,83.78081,,4162.0,
MRT,2002,0.47458,9.9742,80.63293,,4107.6,
MRT,2003,0.48643,10.2506,76.86502,,4053.2,
MRT,2004,0.51826,10.2427,73.68559,,3998.8,
MRT,2005,0.5234,10.482,72.30316,,3944.4,
MRT,2006,0.56091,11.134,72.30628,,3890.0,
MRT,2007,0.60807,10.8986,72.43458,,3835.6,
MRT,2008,0.66058,10.6928,72.6233,,3781.2,
MRT,2009,0.63855,11.2322,72.80764,3.08197,3726.8,
MRT,2010,0.62133,11.4974,72.92283,,3672.4,
MRT,2011,0.64662,11.9069,72.98831,,3618.0,
MRT,2012,0.69811,12.4573,83.03609,,3563.6,
MRT,2013,0.62001,12.5288,64.50657,,3509.2,
MRT,2014,0.69707,13.2658,64.15165,,3454.8,
MRT,2015,0.69517,13.6507,83.02763,,3400.4,21.00477
MRT,2016,0.64226,13.5595,76.54807,,3346.0,
MRT,2017,0.90462,14.8717,79.97442,,3292.0,
MRT,2018,1.02255,15.6823,75.83448,,3237.0,
MRT,2019,1.00414,16.133,72.19941,,3183.0,
MRT,2020,1.00767,16.483,70.82244,,3128.0,
MRT,2021,0.93162,16.3643,,,3073.667,
MRT,2022,1.0309,17.118,,,3018.889,
MRT,2023,0.96117,17.1827,,,2964.408,
MRT,2024,0.96948,17.5086,,,,
MUS,1970,0.37107,0.8227,,,,
MUS,1971,0.36533,0.8617,,,,
MUS,1972,0.39411,0.9035,,,,
MUS,1973,0.43258,0.9454,,,,
MUS,1974,0.50487,0.9994,,,,
MUS,1975,0.51771,1.01,,,,
MUS,1976,0.5626,1.0764,,,,
MUS,1977,0.64241,1.1833,,,,
MUS,1978,0.66395,1.1948,,,,
MUS,1979,0.65692,1.2046,,,,
MUS,1980,0.60298,1.1611,,,,
MUS,1981,0.6142,1.1815,,,,
MUS,1982,0.55868,1.146,,,,
MUS,1983,0.62964,1.2199,,,,
MUS,1984,0.66952,1.2714,,,,
MUS,1985,0.6236,1.2448,,,,
MUS,1986,0.76646,1.4072,,,,
MUS,1987,0.80447,1.4741,,,,
MUS,1988,0.88465,1.5577,,,,
MUS,1989,0.98957,1.6853,,,,
MUS,1990,1.1212,1.844,8.73604,,410.7,1.67054
MUS,1991,1.18793,1.9228,8.82396,,411.56,
MUS,1992,1.23852,2.0043,8.90656,,412.42,
MUS,1993,1.34931,2.137,8.98195,,413.28,
MUS,1994,1.37036,2.1875,9.04824,,414.14,
MUS,1995,1.39168,2.2534,9.10356,,415.0,
MUS,1996,1.44304,2.3401,9.1445,,415.86,
MUS,1997,1.43118,2.357,9.17562,,416.72,
MUS,1998,1.55332,2.54,9.20694,,417.58,
MUS,1999,1.87966,2.9551,9.24852,,418.44,
MUS,2000,2.0586,3.2409,9.3104,,419.3,1.67727
MUS,2001,2.15968,3.3929,9.56067,,415.76,
MUS,2002,2.18924,3.3845,10.04846,,412.22,
MUS,2003,2.27589,3.4709,10.60538,,408.68,
MUS,2004,2.28083,3.5212,11.06303,,405.14,
MUS,2005,2.42564,3.6791,11.253,,401.6,
MUS,2006,2.69231,4.435,11.07757,,398.06,
MUS,2007,2.75429,4.5696,10.65243,,394.52,
MUS,2008,2.80351,4.6927,10.12923,,390.98,
MUS,2009,2.75623,4.692,9.65966,0.0,387.44,
MUS,2010,2.93962,4.9832,9.39539,,383.9,
MUS,2011,2.91959,5.0104,9.32724,,383.72,
MUS,2012,2.98093,5.122,9.10272,,383.54,
MUS,2013,3.06388,5.2705,9.57883,,383.36,
MUS,2014,3.16403,5.4835,9.44659,,383.18,
MUS,2015,3.16,5.4816,9.13027,,383.0,1.70501
MUS,2016,3.21655,5.5967,8.9883,,382.9,
MUS,2017,3.32607,5.8497,8.99595,,386.5,
MUS,2018,3.29636,5.8494,9.64568,,386.9,
MUS,2019,3.32168,5.947,9.27667,,387.3,
MUS,2020,2.9581,5.5347,9.15297,,387.7,
MUS,2021,3.14917,5.8421,,,388.1,
MUS,2022,3.20778,5.9813,,,388.5,
MUS,2023,3.46175,6.3231,,,388.9,
MUS,2024,3.53634,6.4716,,,,
MWI,1970,0.0746,2.2957,,,,
MWI,1971,0.07204,2.3299,,,,
MWI,1972,0.07502,2.4564,,,,
MWI,1973,0.07834,2.5355,,,,
MWI,1974,0.07994,2.6551,,,,
MWI,1975,0.08865,2.7664,,,,
MWI,1976,0.0823,2.8925,,,,
MWI,1977,0.07972,2.9547,,,,
MWI,1978,0.07829,3.0229,,,,
MWI,1979,0.0759,3.0578,,,,
MWI,1980,0.08194,3.138,,,,
MWI,1981,0.07707,3.32,,,,
MWI,1982,0.06337,3.419,,,,
MWI,1983,0.05519,3.4555,,,,
MWI,1984,0.04903,3.5344,,,,
MWI,1985,0.04948,3.797,,,,
MWI,1986,0.04609,3.857,,,,
MWI,1987,0.05841,4.1342,,,,
MWI,1988,0.04895,3.7769,,,,
MWI,1989,0.05313,3.908,,,,
MWI,1990,0.16099,5.8747,21.71967,,35017.0,0.0
MWI,1991,0.17959,6.1081,20.99928,,34597.0,
MWI,1992,0.19056,6.2923,20.49322,,34177.0,
MWI,1993,0.19041,6.2852,20.17031,,33757.0,
MWI,1994,0.20071,6.2938,19.99941,,33337.0,
MWI,1995,0.2057,6.3743,19.94937,,32917.0,
MWI,1996,0.21546,6.5694,20.26573,,32497.0,
MWI,1997,0.23791,6.7498,21.02125,,32077.0,
MWI,1998,0.24712,7.2613,21.92555,,31657.0,
MWI,1999,0.24834,7.5341,22.68829,,31237.0,
MWI,2000,0.27381,8.1414,23.01911,,30817.0,0.0
MWI,2001,0.27315,8.0892,23.00779,,30397.0,
MWI,2002,0.2635,8.0994,22.95546,,29977.0,
MWI,2003,0.2592,8.2992,22.88878,,29557.0,
MWI,2004,0.25173,8.3477,22.83444,,29137.0,
MWI,2005,0.2779,8.9521,22.8191,,28717.0,
MWI,2006,0.28689,9.3984,22.88597,,28297.0,
MWI,2007,0.30048,10.0185,23.06525,,27877.0,
MWI,2008,0.3065,10.5724,23.36408,,27457.0,
MWI,2009,0.28883,10.7283,23.78961,8.82049,27037.0,
MWI,2010,0.30251,11.4618,24.34896,,26617.0,
MWI,2011,0.37598,13.0724,26.39354,,26197.0,
MWI,2012,0.36175,13.3876,26.49998,,25777.0,
MWI,2013,0.3108,13.0894,25.35241,,25357.0,
MWI,2014,0.29912,13.3989,25.99734,,24937.0,
MWI,2015,0.28732,13.7306,25.00764,,24517.0,0.0
MWI,2016,0.27942,14.1554,24.96046,,24097.0,
MWI,2017,0.29978,15.0562,21.29095,,23677.0,
MWI,2018,0.29459,16.205,21.19738,,23257.0,
MWI,2019,0.29473,17.7177,22.33702,,22837.0,
MWI,2020,0.26653,17.6112,23.69832,,22417.0,
MWI,2021,0.30522,18.6772,,,21997.0,
MWI,2022,0.27237,18.6393,,,21577.0,
MWI,2023,0.22292,18.3538,,,21157.0,
MWI,2024,0.22142,19.0236,,,,
MYS,1970,2.7,36.9379,,,,
MYS,1971,2.67451,37.5745,,,,
MYS,1972,1.39757,24.9022,,,,
MYS,1973,1.40917,25.4681,,,,
MYS,1974,1.6474,28.3473,,,,
MYS,1975,1.72975,30.2798,,,,
MYS,1976,1.85891,33.3348,,,,
MYS,1977,1.78495,33.3416,,,,
MYS,1978,2.23593,39.7468,,,,
MYS,1979,2.50107,45.5369,,,,
MYS,1980,2.52392,46.7983,,,,
MYS,1981,2.49765,47.3045,,,,
MYS,1982,2.61474,50.6438,,,,
MYS,1983,2.87185,56.6809,,,,
MYS,1984,2.92453,60.2191,,,,
MYS,1985,2.80064,60.059,,,,
MYS,1986,2.78937,62.1803,,,,
MYS,1987,2.75221,63.3038,,,,
MYS,1988,2.85246,67.3205,,,,
MYS,1989,3.27059,77.1468,,,,
MYS,1990,3.6126,85.7454,31.528,,206185.0,10.90728
MYS,1991,4.10556,96.9113,29.9538,,205257.85,
MYS,1992,4.20964,101.608,28.50794,,204330.7,
MYS,1993,4.1144,102.4776,27.24438,,203403.55,
MYS,1994,4.41799,111.206,26.21709,,202476.4,
MYS,1995,4.47299,113.6029,25.48004,,201549.25,
MYS,1996,4.96065,128.277,24.94551,,200622.1,
MYS,1997,5.29808,141.2678,24.48652,,199694.95,
MYS,1998,5.05106,136.0534,24.09816,,198767.8,
MYS,1999,5.33426,145.3693,23.77551,,197840.65,
MYS,2000,5.69324,157.8565,23.51367,,196913.5,10.6994
MYS,2001,5.88304,166.0038,23.33079,,196169.8,
MYS,2002,6.08031,175.1849,23.21298,,195426.1,
MYS,2003,6.34317,188.3416,23.10721,,194682.4,
MYS,2004,6.71467,203.1597,22.96051,,193938.7,
MYS,2005,7.01024,215.2126,22.71985,,193195.0,
MYS,2006,7.10605,223.0275,22.14597,,192451.3,
MYS,2007,7.58862,240.6026,21.1585,,191707.6,
MYS,2008,7.83923,252.8853,19.9427,,190963.9,
MYS,2009,7.03694,235.8426,18.68388,0.09693,190220.2,
MYS,2010,7.52035,250.7903,17.56734,,189476.5,
MYS,2011,7.48482,252.9347,16.55437,,190509.64,
MYS,2012,7.40984,254.6051,17.91014,,191542.78,
MYS,2013,7.85953,272.7485,18.79542,,192575.92,
MYS,2014,8.18962,287.4116,17.10525,,193609.06,
MYS,2015,8.09596,290.1481,16.92973,,194642.2,10.12591
MYS,2016,7.78504,286.5024,16.38644,,193146.4,
MYS,2017,7.35057,274.6473,14.94501,,192644.9,
MYS,2018,7.72645,291.0216,16.65418,,192143.4,
MYS,2019,7.6304,292.1334,17.81975,,191641.9,
MYS,2020,7.46779,288.8584,16.19385,,191140.4,
MYS,2021,7.52326,293.3116,,,190638.9,
MYS,2022,7.9833,312.7472,,,190137.4,
MYS,2023,8.03895,318.3725,,,189635.9,
MYS,2024,8.32322,332.1668,,,,
NAM,1970,0.97669,6.4685,,,,
NAM,1971,0.94878,6.5693,,,,
NAM,1972,0.91099,6.6693,,,,
NAM,1973,0.91443,6.7765,,,,
NAM,1974,0.95409,7.419,,,,
NAM,1975,0.95252,5.5584,,,,
NAM,1976,0.95702,5.5873,,,,
NAM,1977,0.96423,6.3277,,,,
NAM,1978,0.9614,6.383,,,,
NAM,1979,1.09075,6.8087,,,,
NAM,1980,1.05101,7.0539,,,,
NAM,1981,0.99486,5.9871,,,,
NAM,1982,0.90685,5.4803,,,,
NAM,1983,0.96385,5.4306,,,,
NAM,1984,0.90404,5.505,,,,
NAM,1985,0.96409,5.5759,,,,
NAM,1986,1.02274,5.9745,,,,
NAM,1987,1.5159,6.3584,,,,
NAM,1988,1.4917,6.747,,,,
NAM,1989,1.23512,6.6815,,,,
NAM,1990,0.91185,6.5952,20.06516,,87691.7,0.12381
NAM,1991,0.80272,6.6708,19.81543,,86981.614,
NAM,1992,0.84807,6.6682,19.63567,,86271.528,
NAM,1993,0.9491,6.7411,19.5177,,85561.442,
NAM,1994,1.06175,6.75,19.45336,,84851.356,
NAM,1995,1.11736,6.8568,19.43449,,84141.27,
NAM,1996,1.19166,7.0396,19.53899,,83431.184,
NAM,1997,1.20111,7.2919,19.7867,,82721.098,
NAM,1998,1.20837,7.61,20.08228,,82011.012,
NAM,1999,1.12178,7.8196,20.33045,,81300.926,
NAM,2000,1.0532,8.7446,20.43587,,80590.84,0.13984
NAM,2001,1.31962,8.9491,20.38209,,79880.746,
NAM,2002,1.1278,8.4548,20.25059,,79170.652,
NAM,2003,1.18657,8.7157,20.09306,,78460.558,
NAM,2004,1.23455,8.8604,19.96119,,77750.464,
NAM,2005,1.30663,10.6402,19.90664,,77040.37,
NAM,2006,1.2702,9.2953,19.99847,,76330.276,
NAM,2007,1.28733,9.2812,20.25608,,75620.182,
NAM,2008,1.44803,10.0419,20.65672,,74910.088,
NAM,2009,1.47083,10.1865,21.1776,3.40143,74199.994,
NAM,2010,1.27239,9.461,21.79595,,73489.9,
NAM,2011,1.32617,9.8545,23.09481,,72779.82,
NAM,2012,1.36313,11.1311,22.55598,,72069.74,
NAM,2013,1.37811,10.2256,21.57099,,71359.66,
NAM,2014,1.38659,10.8743,21.05536,,70649.58,
NAM,2015,1.50196,11.1255,22.11923,,69939.5,0.18778
NAM,2016,1.59834,12.3518,21.06041,,69229.4,
NAM,2017,1.49738,11.774,19.73912,,68519.3,
NAM,2018,1.4782,11.5967,19.97485,,67809.2,
NAM,2019,1.45543,11.7745,19.38785,,67099.1,
NAM,2020,1.2989,11.1246,19.99454,,66389.0,
NAM,2021,1.31835,12.1345,,,65678.9,
NAM,2022,1.23886,12.2692,,,64968.8,
NAM,2023,1.2196,13.8899,,,64258.7,
NAM,2024,1.2045,14.2121,,,,
NCL,1970,9.85568,1.3809,,,,
NCL,1971,9.41108,1.382,,,,
NCL,1972,9.35371,1.4176,,,,
NCL,1973,10.57053,1.64,,,,
NCL,1974,12.28281,1.9072,,,,
NCL,1975,9.93511,1.6688,,,,
NCL,1976,9.5101,1.6505,,,,
NCL,1977,9.93783,1.7356,,,,
NCL,1978,9.8571,1.7588,,,,
NCL,1979,10.46027,1.8529,,,,
NCL,1980,11.14226,1.9567,,,,
NCL,1981,10.63318,1.9042,,,,
NCL,1982,7.29015,1.39,,,,
NCL,1983,6.51149,1.3369,,,,
NCL,1984,6.80023,1.4073,,,,
NCL,1985,8.9076,1.7821,,,,
NCL,1986,8.39544,1.725,,,,
NCL,1987,9.04075,1.8647,,,,
NCL,1988,8.66815,1.8345,,,,
NCL,1989,9.25716,1.9325,,,,
NCL,1990,8.9161,1.9185,,,8311.3,12.58009
NCL,1991,9.44945,2.0685,,,8318.02,
NCL,1992,9.30339,2.0875,,,8324.74,
NCL,1993,9.32688,2.1281,,,8331.46,
NCL,1994,9.52284,2.1907,,,8338.18,
NCL,1995,8.50438,2.0323,,,8344.9,
NCL,1996,9.3126,2.2449,,,8351.62,
NCL,1997,8.43195,2.1049,,,8358.34,
NCL,1998,8.17344,2.0557,,,8365.06,
NCL,1999,7.61325,1.9977,,,8371.78,
NCL,2000,9.6675,2.486,,,8378.5,12.14575
NCL,2001,9.67911,2.53,,,8379.67,
NCL,2002,10.56296,2.785,,,8380.84,
NCL,2003,11.48227,3.0527,,,8382.01,
NCL,2004,10.10704,2.7662,,,8383.18,
NCL,2005,11.04955,3.0095,,,8384.35,
NCL,2006,10.99872,3.008,,,8385.52,
NCL,2007,11.13451,3.0866,,,8386.69,
NCL,2008,10.62701,2.993,,,8387.86,
NCL,2009,10.54344,3.0023,,,8389.03,
NCL,2010,13.44817,3.8179,,,8390.2,
NCL,2011,13.29992,3.8426,,,8389.2,
NCL,2012,13.13316,3.8862,,,8388.2,
NCL,2013,14.18059,4.2663,,,8387.2,
NCL,2014,17.03126,5.1563,,,8386.2,
NCL,2015,16.11658,4.9401,,,8385.2,10.86645
NCL,2016,17.19973,5.2719,,,8384.2,
NCL,2017,15.49237,4.7731,,,8383.2,
NCL,2018,21.24984,6.466,,,8382.2,
NCL,2019,20.39343,6.2299,,,8381.2,
NCL,2020,19.8743,6.0807,,,8380.2,
NCL,2021,16.34597,5.0328,,,8379.2,
NCL,2022,16.07569,4.9842,,,8378.2,
NCL,2023,16.78201,5.2448,,,8377.2,
NCL,2024,17.08009,5.3816,,,,
NER,1970,0.04527,11.0219,,,,
NER,1971,0.04328,11.3403,,,,
NER,1972,0.04622,11.5492,,,,
NER,1973,0.05292,8.8031,,,,
NER,1974,0.04821,8.8621,,,,
NER,1975,0.05445,9.4856,,,,
NER,1976,0.05759,10.2259,,,,
NER,1977,0.06235,11.245,,,,
NER,1978,0.06659,11.6536,,,,
NER,1979,0.06943,12.074,,,,
NER,1980,0.08365,12.6004,,,,
NER,1981,0.09516,13.254,,,,
NER,1982,0.09675,13.8582,,,,
NER,1983,0.10328,14.5889,,,,
NER,1984,0.08408,10.6327,,,,
NER,1985,0.08402,9.1844,,,,
NER,1986,0.10637,9.4882,,,,
NER,1987,0.10238,9.779,,,,
NER,1988,0.1026,10.1502,,,,
NER,1989,0.10206,10.5313,,,,
NER,1990,0.07488,10.7387,81.72352,,19450.0,0.0
NER,1991,0.06925,11.1565,80.00285,,18833.1,
NER,1992,0.06366,11.5863,78.85457,,18216.2,
NER,1993,0.07494,12.2712,78.17068,,17599.3,
NER,1994,0.06079,12.6502,77.84321,,16982.4,
NER,1995,0.05681,13.1844,77.76419,,16365.5,
NER,1996,0.06356,13.8366,78.57088,,15748.6,
NER,1997,0.06183,14.5809,80.52129,,15131.7,
NER,1998,0.06462,15.2461,82.93851,,14514.8,
NER,1999,0.06121,15.8446,85.14567,,13897.9,
NER,2000,0.06096,16.2064,86.46585,,13281.0,0.0
NER,2001,0.05923,16.9543,87.09961,,13156.8,
NER,2002,0.0594,17.6999,87.67046,,13032.6,
NER,2003,0.06226,18.4991,88.1359,,12908.4,
NER,2004,0.06277,19.3162,88.45347,,12784.2,
NER,2005,0.05807,20.0433,88.58069,,12660.0,
NER,2006,0.05618,20.7547,88.52658,,12535.8,
NER,2007,0.0588,21.6121,88.37305,,12411.6,
NER,2008,0.05925,22.5071,88.1869,,12287.4,
NER,2009,0.07113,23.5383,88.03495,7.52507,12163.2,
NER,2010,0.08712,23.3188,87.98401,,12039.0,
NER,2011,0.0858,24.1202,90.96819,,11914.8,
NER,2012,0.11522,25.8905,88.56863,,11790.6,
NER,2013,0.11,27.2426,74.58951,,11666.4,
NER,2014,0.11459,28.5387,71.65498,,11542.2,
NER,2015,0.10882,29.588,107.14467,,11418.0,0.0
NER,2016,0.10478,30.9389,104.91146,,11293.8,
NER,2017,0.09209,32.1503,88.78788,,11169.6,
NER,2018,0.09139,33.6528,86.02277,,11045.4,
NER,2019,0.10341,35.5174,72.47032,,10921.2,
NER,2020,0.1016,37.1947,85.12235,,10797.0,
NER,2021,0.11668,39.194,,,10672.8,
NER,2022,0.12713,41.3587,,,10548.6,
NER,2023,0.12091,40.0722,,,10424.4,
NER,2024,0.1189,41.1461,,,,
NGA,1970,0.51613,172.3708,,,,
NGA,1971,0.74509,187.2119,,,,
NGA,1972,0.94283,222.2991,,,,
NGA,1973,1.10586,252.4364,,,,
NGA,1974,1.36192,286.0673,,,,
NGA,1975,1.00948,232.0454,,,,
NGA,1976,1.15239,266.2858,,,,
NGA,1977,0.98859,260.7509,,,,
NGA,1978,1.00304,250.1125,,,,
NGA,1979,1.39054,312.1431,,,,
NGA,1980,1.21468,286.5499,,,,
NGA,1981,0.96376,224.5372,,,,
NGA,1982,0.89177,211.6114,,,,
NGA,1983,0.8701,208.1702,,,,
NGA,1984,0.8519,220.1652,,,,
NGA,1985,0.86247,232.291,,,,
NGA,1986,0.82014,229.0485,,,,
NGA,1987,0.75612,216.4907,,,,
NGA,1988,0.83703,235.3766,,,,
NGA,1989,0.84116,259.9309,,,,
NGA,1990,0.77338,260.8156,65.04416,,265260.9,3.41576
NGA,1991,0.81575,275.4143,63.63723,,263627.85,
NGA,1992,0.87041,299.3938,62.6484,,261994.8,
NGA,1993,0.8243,303.0004,62.01708,,260361.75,
NGA,1994,0.7495,326.775,61.68271,,258728.7,
NGA,1995,0.80178,358.6263,61.58471,,257095.65,
NGA,1996,0.91102,417.0406,62.2108,,255462.6,
NGA,1997,0.86354,391.0388,63.70379,,253829.55,
NGA,1998,0.76224,358.9155,65.48574,,252196.5,
NGA,1999,0.73132,346.0313,66.97872,,250563.45,
NGA,2000,0.79279,379.8679,67.60481,,248930.4,3.46436
NGA,2001,0.8189,385.8877,66.4862,,247297.34,
NGA,2002,0.7209,332.8274,63.72953,,245664.28,
NGA,2003,0.78435,369.1864,60.23361,,244031.22,
NGA,2004,0.73692,359.9911,56.89722,,242398.16,
NGA,2005,0.71005,351.6043,54.61914,,240765.1,
NGA,2006,0.62199,324.0109,53.16311,,239132.04,
NGA,2007,0.55057,298.6714,51.78699,,237498.98,
NGA,2008,0.58114,303.8215,50.63083,,235865.92,
NGA,2009,0.49934,287.3889,49.83464,0.05503,234232.86,
NGA,2010,0.5665,309.5195,49.53846,,232599.8,
NGA,2011,0.60697,330.1952,55.06304,,230966.74,
NGA,2012,0.58034,331.6927,59.33214,,229333.68,
NGA,2013,0.63303,335.4048,48.14073,,227700.62,
NGA,2014,0.66018,346.6176,48.18236,,226067.56,
NGA,2015,0.62124,342.3975,77.12293,,224434.5,3.52576
NGA,2016,0.63179,336.7501,65.43406,,222801.479,
NGA,2017,0.57946,334.5341,63.20531,,221168.5,
NGA,2018,0.59241,346.5287,57.0232,,219535.5,
NGA,2019,0.60198,360.0857,51.72184,,217902.5,
NGA,2020,0.5557,333.6847,56.53133,,216269.5,
NGA,2021,0.59901,342.7471,,,214636.5,
NGA,2022,0.57827,334.7699,,,213003.5,
NGA,2023,0.55234,337.7767,,,211370.5,
NGA,2024,0.56692,350.5554,,,,
NIC,1970,0.68318,7.908,,,,
NIC,1971,0.66517,7.4962,,,,
NIC,1972,0.66697,7.5643,,,,
NIC,1973,0.7177,7.9879,,,,
NIC,1974,0.74456,8.4598,,,,
NIC,1975,0.71652,8.6861,,,,
NIC,1976,0.79587,9.1921,,,,
NIC,1977,0.94428,9.9814,,,,
NIC,1978,0.8303,9.7083,,,,
NIC,1979,0.53196,8.1554,,,,
NIC,1980,0.60571,7.871,,,,
NIC,1981,0.62116,8.0673,,,,
NIC,1982,0.59045,8.1449,,,,
NIC,1983,0.62363,7.9509,,,,
NIC,1984,0.55243,8.1344,,,,
NIC,1985,0.54424,8.2282,,,,
NIC,1986,0.62876,8.1232,,,,
NIC,1987,0.62141,7.6063,,,,
NIC,1988,0.54296,7.8164,,,,
NIC,1989,0.42211,8.1622,,,,
NIC,1990,0.47199,9.0103,24.94122,,63993.2,1.1826
NIC,1991,0.46375,7.8963,24.70374,,62993.2,
NIC,1992,0.52637,8.7725,24.50943,,61993.2,
NIC,1993,0.50531,9.4067,24.36004,,60993.2,
NIC,1994,0.56263,9.7557,24.25735,,59993.2,
NIC,1995,0.58566,9.2621,24.20313,,58993.2,
NIC,1996,0.60986,9.2998,24.31951,,57993.2,
NIC,1997,0.64216,9.9735,24.63594,,56993.2,
NIC,1998,0.73545,10.3619,25.0152,,55993.2,
NIC,1999,0.73133,11.3765,25.32008,,54993.2,
NIC,2000,0.75064,11.7961,25.41334,,53993.2,1.40768
NIC,2001,0.78493,12.0446,25.32261,,52782.03,
NIC,2002,0.80248,12.3197,25.1714,,51570.86,
NIC,2003,0.86878,13.0555,24.96636,,50359.69,
NIC,2004,0.88065,13.0001,24.71412,,49148.52,
NIC,2005,0.82557,13.0271,24.42133,,47937.35,
NIC,2006,0.86116,13.6327,23.82786,,46726.18,
NIC,2007,0.88004,13.9005,22.8622,,45515.01,
NIC,2008,0.8335,13.7561,21.81389,,44303.84,
NIC,2009,0.80356,13.8209,20.97246,0.8336,43092.67,
NIC,2010,0.81414,14.2022,20.62745,,41881.5,
NIC,2011,0.8389,15.1715,23.01113,,41320.26,
NIC,2012,0.82136,15.632,20.4158,,40759.02,
NIC,2013,0.77524,15.7511,22.19005,,40197.78,
NIC,2014,0.80922,16.4768,20.33763,,39636.54,
NIC,2015,0.89392,17.6959,20.81004,,39075.3,1.79697
NIC,2016,0.91811,17.9356,19.66276,,38075.3,
NIC,2017,0.89967,17.9711,19.19722,,37075.3,
NIC,2018,0.80941,17.4443,17.5246,,36075.3,
NIC,2019,0.82113,17.9072,14.98435,,35075.3,
NIC,2020,0.72293,17.8227,16.80977,,34075.3,
NIC,2021,0.78145,18.441,,,33075.3,
NIC,2022,0.78168,18.7064,,,32075.3,
NIC,2023,0.81143,18.961,,,31075.3,
NIC,2024,0.82984,19.1586,,,,
NLD,1970,10.28817,179.5283,,,,
NLD,1971,10.20574,181.0728,,,,
NLD,1972,11.28629,199.1849,,,,
NLD,1973,11.66315,208.0911,,,,
NLD,1974,10.97766,203.4814,,,,
NLD,1975,10.2449,195.4008,,,,
NLD,1976,10.94765,206.4942,,,,
NLD,1977,10.71687,204.483,,,,
NLD,1978,10.99519,210.2739,,,,
NLD,1979,11.59165,220.8315,,,,
NLD,1980,10.9622,213.7908,,,,
NLD,1981,10.82289,212.4678,,,,
NLD,1982,10.05395,201.2905,,,,
NLD,1983,9.69741,197.6238,,,,
NLD,1984,10.08447,204.9991,,,,
NLD,1985,10.33218,209.1465,,,,
NLD,1986,10.43518,212.069,,,,
NLD,1987,10.66003,216.7075,,,,
NLD,1988,10.59081,216.2172,,,,
NLD,1989,10.74519,219.0994,,,,
NLD,1990,11.02351,223.8172,22.70531,,3453.3,51.28859
NLD,1991,11.3433,229.2153,22.49979,,3467.47,
NLD,1992,11.1324,228.1189,22.25756,,3481.64,
NLD,1993,11.26845,231.4813,21.98345,,3495.81,
NLD,1994,11.26996,233.4307,21.68229,,3509.98,
NLD,1995,11.48957,236.5816,21.3589,,3524.15,
NLD,1996,12.09576,247.7584,20.96707,,3538.32,
NLD,1997,11.53766,238.0009,20.49478,,3552.49,
NLD,1998,11.51434,237.9238,19.99821,,3566.66,
NLD,1999,11.14027,227.5339,19.5335,,3580.83,
NLD,2000,11.10511,225.8801,19.15683,,3595.0,52.38885
NLD,2001,11.30842,224.8566,18.80908,,3608.98,
NLD,2002,11.25974,223.5263,18.41756,,3622.96,
NLD,2003,11.35788,226.0766,18.01811,,3636.94,
NLD,2004,11.47004,228.4654,17.64654,,3650.92,
NLD,2005,11.16328,222.2997,17.33869,,3664.9,
NLD,2006,10.86988,218.483,17.08735,,3678.88,
NLD,2007,10.91845,218.6048,16.86005,,3692.86,
NLD,2008,10.94182,214.1106,16.65471,,3706.84,
NLD,2009,10.57166,208.2436,16.46922,0.00474,3720.82,
NLD,2010,11.20173,219.8685,16.30152,,3734.8,
NLD,2011,10.42783,206.761,16.16173,,3717.5,
NLD,2012,10.24186,203.8854,14.36725,,3700.2,
NLD,2013,10.07804,201.6783,13.28498,,3682.9,
NLD,2014,9.59164,193.5741,12.61326,,3665.6,
NLD,2015,9.99734,201.5296,13.13415,,3648.3,53.68809
NLD,2016,10.02881,202.6787,11.95852,,3657.6,
NLD,2017,9.81689,198.731,12.71766,,3667.0,
NLD,2018,9.46487,191.8839,12.07089,,3676.3,
NLD,2019,9.10784,186.7,11.36414,,3685.7,
NLD,2020,8.1507,170.3436,10.88925,,3695.0,
NLD,2021,8.32113,173.5896,,,3704.367,
NLD,2022,7.52015,160.2836,,,3713.689,
NLD,2023,6.87571,149.4884,,,3723.041,
NLD,2024,6.60188,145.0067,,,,
NOR,1970,9.38613,55.0576,,,,
NOR,1971,8.99309,53.6053,,,,
NOR,1972,9.68557,57.1507,,,,
NOR,1973,9.76283,58.843,,,,
NOR,1974,9.30587,57.817,,,,
NOR,1975,9.07845,56.2475,,,,
NOR,1976,9.56566,58.9225,,,,
NOR,1977,9.765,60.0814,,,,
NOR,1978,9.4729,58.9115,,,,
NOR,1979,10.12462,62.1875,,,,
NOR,1980,9.67684,60.2267,,,,
NOR,1981,8.80359,56.5471,,,,
NOR,1982,7.94041,52.4537,,,,
NOR,1983,7.88345,52.5587,,,,
NOR,1984,8.33888,55.2181,,,,
NOR,1985,8.42453,55.3886,,,,
NOR,1986,8.96845,57.1267,,,,
NOR,1987,8.6108,55.5584,,,,
NOR,1988,8.80561,57.0096,,,,
NOR,1989,8.53375,55.5342,,,,
NOR,1990,8.56137,55.3505,12.06096,,121320.0,8.04904
NOR,1991,7.93562,51.8214,11.86894,,121301.0,
NOR,1992,8.4829,51.5188,11.68297,,121282.0,
NOR,1993,8.92931,54.173,11.50195,,121263.0,
NOR,1994,9.33505,56.6167,11.32474,,121244.0,
NOR,1995,9.32482,56.1303,11.15024,,121225.0,
NOR,1996,9.34496,56.6047,10.9997,,121206.0,
NOR,1997,9.83032,59.2896,10.87979,,121187.0,
NOR,1998,10.17797,60.784,10.76754,,121168.0,
NOR,1999,10.47073,62.4712,10.63997,,121149.0,
NOR,2000,9.30078,57.6691,10.4741,,121130.0,7.83648
NOR,2001,9.36771,58.5786,10.18795,,121119.0,
NOR,2002,9.16323,57.5704,9.77123,,121108.0,
NOR,2003,9.7365,61.3425,9.30851,,121097.0,
NOR,2004,9.77608,62.046,8.88435,,121086.0,
NOR,2005,9.36837,59.4932,8.5833,,121075.0,
NOR,2006,9.44326,60.3587,8.37181,,121064.0,
NOR,2007,9.53585,61.6699,8.17307,,121053.0,
NOR,2008,9.87892,63.3488,8.00676,,121042.0,
NOR,2009,9.34509,60.2846,7.89255,0.0068,121031.0,
NOR,2010,9.81436,63.3878,7.85011,,121020.0,
NOR,2011,9.47669,61.847,8.6599,,121098.0,
NOR,2012,9.2436,61.3578,7.30699,,121176.0,
NOR,2013,9.22858,62.1666,7.02749,,121254.0,
NOR,2014,9.14705,61.9543,7.09267,,121332.0,
NOR,2015,9.24221,62.8932,6.75214,,121410.0,7.15076
NOR,2016,9.04975,62.2138,6.23059,,121488.0,
NOR,2017,8.98402,61.9913,6.52156,,121566.0,
NOR,2018,8.78033,61.1188,6.69608,,121644.0,
NOR,2019,8.47933,59.5497,6.38122,,121722.0,
NOR,2020,8.12494,57.8321,6.0559,,121800.0,
NOR,2021,8.21471,58.7091,,,121878.0,
NOR,2022,7.97986,57.6515,,,121956.0,
NOR,2023,7.53754,55.467,,,122034.0,
NOR,2024,7.1783,53.7596,,,,
NPL,1970,0.02683,15.6837,,,,
NPL,1971,0.02634,16.0028,,,,
NPL,1972,0.03144,16.2099,,,,
NPL,1973,0.04122,16.898,,,,
NPL,1974,0.03618,17.2435,,,,
NPL,1975,0.02959,17.739,,,,
NPL,1976,0.02493,18.0359,,,,
NPL,1977,0.02734,18.5515,,,,
NPL,1978,0.0254,18.9474,,,,
NPL,1979,0.03608,19.2604,,,,
NPL,1980,0.03932,20.2381,,,,
NPL,1981,0.03369,20.3563,,,,
NPL,1982,0.03688,19.9894,,,,
NPL,1983,0.04957,21.115,,,,
NPL,1984,0.05196,21.4395,,,,
NPL,1985,0.03875,21.4161,,,,
NPL,1986,0.05012,21.565,,,,
NPL,1987,0.05221,22.2116,,,,
NPL,1988,0.05125,22.5688,,,,
NPL,1989,0.04028,22.5684,,,,
NPL,1990,0.05575,23.0962,58.06454,,56720.0,0.0
NPL,1991,0.06691,22.8509,57.71632,,56828.76,
NPL,1992,0.06846,23.7086,57.4329,,56937.52,
NPL,1993,0.07356,23.6356,57.21323,,57046.28,
NPL,1994,0.08734,25.2061,57.05627,,57155.04,
NPL,1995,0.09268,26.0721,56.96097,,57263.8,
NPL,1996,0.09623,26.4829,56.97441,,57372.56,
NPL,1997,0.10412,27.0314,57.11705,,57481.32,
NPL,1998,0.1083,27.6272,57.34791,,57590.08,
NPL,1999,0.13829,28.6202,57.62602,,57698.84,
NPL,2000,0.1393,28.8971,57.91038,,57807.6,0.0
NPL,2001,0.14652,29.492,58.28387,,57988.87,
NPL,2002,0.11782,29.0831,58.76928,,58170.14,
NPL,2003,0.13189,30.1075,59.23545,,58351.41,
NPL,2004,0.1125,29.7133,59.55125,,58532.68,
NPL,2005,0.12451,30.4059,59.58552,,58713.95,
NPL,2006,0.10211,29.8357,58.32386,,58895.22,
NPL,2007,0.10422,30.8577,55.53247,,59076.49,
NPL,2008,0.11432,31.727,52.2512,,59257.76,
NPL,2009,0.14956,33.043,49.51989,0.7038,59439.03,
NPL,2010,0.17501,34.4559,48.37838,,59620.3,
NPL,2011,0.19519,35.8459,57.74057,,59620.3,
NPL,2012,0.22608,36.4575,71.40605,,59620.3,
NPL,2013,0.22821,37.7902,71.41823,,59620.3,
NPL,2014,0.26569,38.5631,75.11797,,59620.3,
NPL,2015,0.26316,38.4166,70.9362,,59620.3,0.0
NPL,2016,0.38504,43.0316,72.40749,,59620.3,
NPL,2017,0.47123,45.4247,64.64427,,59620.3,
NPL,2018,0.53156,47.8382,64.21083,,59620.3,
NPL,2019,0.47375,46.6231,57.27502,,59620.3,
NPL,2020,0.56811,49.8172,45.72077,,59620.3,
NPL,2021,0.58975,50.7581,,,59620.3,
NPL,2022,0.50632,48.0377,,,59620.3,
NPL,2023,0.51969,42.116,,,59620.3,
NPL,2024,0.53596,41.4682,,,,
NRU,1970,0.0,0.0006,,,,
NRU,1971,0.0,0.0007,,,,
NRU,1972,0.0,0.0007,,,,
NRU,1973,0.0,0.0007,,,,
NRU,1974,0.0,0.0007,,,,
NRU,1975,0.0,0.0007,,,,
NRU,1976,0.0,0.0007,,,,
NRU,1977,0.0,0.0007,,,,
NRU,1978,0.0,0.0007,,,,
NRU,1979,0.0,0.0008,,,,
NRU,1980,0.0,0.0008,,,,
NRU,1981,0.0,0.0008,,,,
NRU,1982,0.0,0.0008,,,,
NRU,1983,0.0,0.0009,,,,
NRU,1984,0.0,0.0008,,,,
NRU,1985,0.0,0.0009,,,,
NRU,1986,0.0,0.0009,,,,
NRU,1987,0.0,0.0009,,,,
NRU,1988,0.0,0.001,,,,
NRU,1989,0.0,0.001,,,,
NRU,1990,0.0,0.001,5.64801,,0.0,18.19492
NRU,1991,0.0,0.001,5.79172,,0.0,
NRU,1992,0.0,0.0011,5.92772,,0.0,
NRU,1993,0.0,0.0011,6.05383,,0.0,
NRU,1994,0.0,0.0011,6.16784,,0.0,
NRU,1995,0.0,0.0011,6.26758,,0.0,
NRU,1996,0.0,0.0011,6.35662,,0.0,
NRU,1997,0.0,0.0011,6.43348,,0.0,
NRU,1998,0.0,0.0011,6.48838,,0.0,
NRU,1999,0.0,0.0011,6.51152,,0.0,
NRU,2000,0.0,0.0011,6.49313,,0.0,17.68287
NRU,2001,0.0,0.0011,6.4406,,0.0,
NRU,2002,0.0,0.0011,6.37206,,0.0,
NRU,2003,0.0,0.0011,6.29376,,0.0,
NRU,2004,0.0,0.0011,6.21197,,0.0,
NRU,2005,0.0,0.0011,6.13296,,0.0,
NRU,2006,0.0,0.0011,6.04878,,0.0,
NRU,2007,0.0,0.0011,5.95215,,0.0,
NRU,2008,0.0,0.0011,5.85031,,0.0,
NRU,2009,0.0,0.0011,5.75049,,0.0,
NRU,2010,0.0,0.0011,5.65991,,0.0,
NRU,2011,0.0,0.0012,5.56184,,0.0,
NRU,2012,0.0,0.0012,5.46648,,0.0,
NRU,2013,0.0,0.0012,5.63858,,0.0,
NRU,2014,0.0,0.0012,5.44763,,0.0,
NRU,2015,0.0,0.0012,5.64757,,0.0,16.55681
NRU,2016,0.0,0.0012,6.08543,,0.0,
NRU,2017,0.0,0.0012,6.44257,,0.0,
NRU,2018,0.0,0.0012,6.14206,,0.0,
NRU,2019,0.0,0.0012,6.02606,,0.0,
NRU,2020,0.0,0.0014,6.06435,,0.0,
NRU,2021,0.0,0.0014,,,0.0,
NRU,2022,0.0,0.0014,,,0.0,
NRU,2023,0.0,0.0014,,,0.0,
NRU,2024,0.0,0.0014,,,,
NZL,1970,5.51165,58.1713,,,,
NZL,1971,5.29222,56.4551,,,,
NZL,1972,5.94342,60.6155,,,,
NZL,1973,6.29842,61.4478,,,,
NZL,1974,6.40295,62.6504,,,,
NZL,1975,5.93941,61.7515,,,,
NZL,1976,6.46237,64.0672,,,,
NZL,1977,6.6189,65.0755,,,,
NZL,1978,6.44345,64.9938,,,,
NZL,1979,5.88945,63.0788,,,,
NZL,1980,5.91506,65.6037,,,,
NZL,1981,5.82566,65.5523,,,,
NZL,1982,6.30132,67.4651,,,,
NZL,1983,6.27078,67.6879,,,,
NZL,1984,6.33888,68.8025,,,,
NZL,1985,6.607,69.7912,,,,
NZL,1986,6.44334,70.2695,,,,
NZL,1987,6.7252,69.6902,,,,
NZL,1988,7.09917,71.4123,,,,
NZL,1989,7.02101,69.548,,,,
NZL,1990,7.503,71.8139,7.1519,,93722.7,3.55052
NZL,1991,7.34105,72.1534,7.09308,,94200.87,
NZL,1992,7.72863,73.3539,7.0411,,94679.04,
NZL,1993,7.64683,73.9776,6.99634,,95157.21,
NZL,1994,7.70541,76.178,6.95912,,95635.38,
NZL,1995,7.84382,77.6616,6.92979,,96113.55,
NZL,1996,7.98609,78.3518,6.91717,,96591.72,
NZL,1997,8.28789,80.5161,6.92192,,97069.89,
NZL,1998,7.98163,78.6105,6.93214,,97548.06,
NZL,1999,8.35222,80.8092,6.93593,,98026.23,
NZL,2000,8.55385,81.684,6.92139,,98504.4,3.42644
NZL,2001,8.99577,84.1324,6.85959,,98502.08,
NZL,2002,8.86491,85.8119,6.75292,,98499.76,
NZL,2003,8.91989,87.311,6.63654,,98497.44,
NZL,2004,8.69032,87.2698,6.54558,,98495.12,
NZL,2005,8.75495,87.7013,6.51518,,98492.8,
NZL,2006,8.67562,88.1566,6.5728,,98490.48,
NZL,2007,8.30766,86.916,6.69225,,98488.16,
NZL,2008,8.49533,86.6321,6.82821,,98485.84,
NZL,2009,7.76658,84.3751,6.93534,0.01085,98483.52,
NZL,2010,7.68715,84.7937,6.96831,,98481.2,
NZL,2011,7.46138,84.2062,6.74391,,98478.18,
NZL,2012,7.89152,86.8882,6.77379,,98475.16,
NZL,2013,7.78476,85.8774,6.77775,,98472.14,
NZL,2014,7.81375,87.2753,6.59603,,98469.12,
NZL,2015,7.67751,86.1795,6.5702,,98466.1,3.28781
NZL,2016,7.36993,85.682,6.6341,,98467.5,
NZL,2017,7.53415,86.8554,6.82908,,98508.5,
NZL,2018,7.27125,85.8318,7.21259,,98551.5,
NZL,2019,7.49357,87.1246,7.42297,,98655.2,
NZL,2020,6.83501,83.7705,6.48591,,98925.9,
NZL,2021,6.82636,83.4788,,,99085.267,
NZL,2022,6.32162,80.0841,,,99318.856,
NZL,2023,6.11077,78.2081,,,99502.964,
NZL,2024,6.01695,77.8374,,,,
OMN,1970,11.09359,14.8474,,,,
OMN,1971,10.794,14.8678,,,,
OMN,1972,10.50439,14.7026,,,,
OMN,1973,10.25113,15.0447,,,,
OMN,1974,10.39066,15.3945,,,,
OMN,1975,33.2067,34.9096,,,,
OMN,1976,35.34315,38.5152,,,,
OMN,1977,33.6045,37.8416,,,,
OMN,1978,26.39486,32.2786,,,,
OMN,1979,22.58523,29.5253,,,,
OMN,1980,12.88572,20.748,,,,
OMN,1981,13.65159,23.3111,,,,
OMN,1982,11.2561,21.6371,,,,
OMN,1983,12.11815,24.7197,,,,
OMN,1984,9.82732,23.6161,,,,
OMN,1985,7.20675,23.0485,,,,
OMN,1986,8.02649,26.4549,,,,
OMN,1987,7.34339,26.7251,,,,
OMN,1988,7.72935,28.9219,,,,
OMN,1989,7.27055,29.4457,,,,
OMN,1990,9.30296,34.9659,47.65771,,30.0,6.45062
OMN,1991,10.75603,42.5778,45.29505,,30.0,
OMN,1992,10.59942,41.1681,43.42394,,30.0,
OMN,1993,10.23953,40.0747,42.06363,,30.0,
OMN,1994,9.37625,39.1903,41.23333,,30.0,
OMN,1995,9.50301,42.195,40.95229,,30.0,
OMN,1996,9.71684,44.2148,41.55634,,30.0,
OMN,1997,10.03761,47.8285,43.00058,,30.0,
OMN,1998,9.96558,44.7611,44.73321,,30.0,
OMN,1999,11.19406,49.4153,46.2024,,30.0,
OMN,2000,11.53185,52.0592,46.85634,,30.0,6.35678
OMN,2001,12.32871,55.9201,46.90931,,30.0,
OMN,2002,13.02977,58.5573,46.94291,,30.0,
OMN,2003,13.6148,63.4977,46.95626,,30.0,
OMN,2004,13.21408,61.8076,46.94848,,30.0,
OMN,2005,13.43307,62.188,46.91868,,30.0,
OMN,2006,16.75894,68.9506,46.43755,,30.0,
OMN,2007,17.73051,70.6757,45.34968,,30.0,
OMN,2008,17.0294,70.1041,44.06504,,30.0,
OMN,2009,17.54558,72.1614,42.99361,,30.0,
OMN,2010,18.67424,76.4204,42.54536,,30.0,
OMN,2011,19.41687,85.519,49.24816,,30.0,
OMN,2012,19.01178,94.3642,52.31078,,30.0,
OMN,2013,18.42311,98.9237,47.64908,,30.0,
OMN,2014,18.74564,103.648,41.25635,,30.0,
OMN,2015,18.95493,109.2324,47.919,,30.0,6.84453
OMN,2016,18.36262,111.5944,45.48034,,28.0,
OMN,2017,17.93097,111.9854,48.70469,,27.0,
OMN,2018,18.35132,115.489,49.62505,,26.0,
OMN,2019,18.60628,116.7032,44.89776,,25.0,
OMN,2020,18.16828,113.284,39.58358,,25.0,
OMN,2021,19.49312,119.5484,,,24.333,
OMN,2022,19.68308,127.5937,,,24.111,
OMN,2023,18.96009,130.2486,,,23.592,
OMN,2024,18.65199,132.2647,,,,
PAK,1970,0.2968,84.2225,,,,
PAK,1971,0.29254,85.3056,,,,
PAK,1972,0.29633,87.3832,,,,
PAK,1973,0.30627,90.2623,,,,
PAK,1974,0.31568,93.2733,,,,
PAK,1975,0.33944,97.9088,,,,
PAK,1976,0.31421,99.1714,,,,
PAK,1977,0.32387,103.8984,,,,
PAK,1978,0.3293,108.2242,,,,
PAK,1979,0.34329,113.0938,,,,
PAK,1980,0.3528,114.9944,,,,
PAK,1981,0.36839,120.4223,,,,
PAK,1982,0.39843,127.0546,,,,
PAK,1983,0.41074,131.2009,,,,
PAK,1984,0.41895,135.6248,,,,
PAK,1985,0.4473,144.0495,,,,
PAK,1986,0.46401,157.8112,,,,
PAK,1987,0.51874,166.8042,,,,
PAK,1988,0.54012,174.1959,,,,
PAK,1989,0.56496,182.9025,,,,
PAK,1990,0.56511,188.8774,60.31618,,49867.9,0.38463
PAK,1991,0.56743,190.8193,59.40263,,49392.37,
PAK,1992,0.60634,201.8077,58.62677,,48916.84,
PAK,1993,0.65575,213.986,58.00317,,48441.31,
PAK,1994,0.65458,219.0209,57.54638,,47965.78,
PAK,1995,0.68267,230.4762,57.27097,,47490.25,
PAK,1996,0.69407,240.1623,57.33902,,47014.72,
PAK,1997,0.69532,246.5876,57.76665,,46539.19,
PAK,1998,0.68288,252.0653,58.34949,,46063.66,
PAK,1999,0.72779,265.27,58.8832,,45588.13,
PAK,2000,0.72243,271.3319,59.16342,,45112.6,0.42649
PAK,2001,0.71561,274.6619,59.26193,,44695.07,
PAK,2002,0.69434,279.8769,59.34946,,44277.54,
PAK,2003,0.70311,290.8653,59.36998,,43860.01,
PAK,2004,0.76737,310.8788,59.26749,,43442.48,
PAK,2005,0.76329,319.1648,58.98598,,43024.95,
PAK,2006,0.80871,341.1484,57.4454,,42607.42,
PAK,2007,0.87789,363.5812,54.33527,,42189.89,
PAK,2008,0.82521,365.1426,50.75392,,41772.36,
PAK,2009,0.82353,375.7952,47.79966,1.05534,41354.83,
PAK,2010,0.78126,369.1462,46.57084,,40937.3,
PAK,2011,0.76193,377.6438,55.75498,,40615.04,
PAK,2012,0.75655,381.7959,66.87195,,40292.78,
PAK,2013,0.76181,396.2699,68.58132,,39970.52,
PAK,2014,0.78969,412.4347,71.71217,,39648.26,
PAK,2015,0.82049,423.5723,68.00688,,39326.0,0.44881
PAK,2016,0.89397,454.0305,68.52283,,38682.4,
PAK,2017,0.95531,477.201,61.79673,,38499.2,
PAK,2018,0.89152,473.2928,62.3895,,38085.8,
PAK,2019,0.86152,476.0908,52.8572,,37672.4,
PAK,2020,0.94723,511.2642,42.99817,,37259.0,
PAK,2021,0.95682,526.9517,,,36845.6,
PAK,2022,0.96583,537.6563,,,36432.2,
PAK,2023,0.84398,522.21,,,36018.8,
PAK,2024,0.81183,525.8825,,,,
PAN,1970,1.71823,5.8577,,,,
PAN,1971,1.67401,6.0396,,,,
PAN,1972,1.7503,6.3129,,,,
PAN,1973,1.90164,6.7219,,,,
PAN,1974,1.888,6.8582,,,,
PAN,1975,1.88191,6.9966,,,,
PAN,1976,1.83017,7.0195,,,,
PAN,1977,1.77031,7.0462,,,,
PAN,1978,1.64308,6.9172,,,,
PAN,1979,1.73948,7.2579,,,,
PAN,1980,1.63384,7.076,,,,
PAN,1981,1.38649,6.741,,,,
PAN,1982,1.52685,7.1527,,,,
PAN,1983,1.7101,7.6455,,,,
PAN,1984,1.39535,7.032,,,,
PAN,1985,1.28038,6.8508,,,,
PAN,1986,1.29457,6.9605,,,,
PAN,1987,1.40063,7.2678,,,,
PAN,1988,1.04873,6.5602,,,,
PAN,1989,1.07221,6.7254,,,,
PAN,1990,1.10845,6.8745,18.5881,,46074.0,4.37967
PAN,1991,1.25186,7.3685,18.31567,,45908.74,
PAN,1992,1.46264,8.0959,18.09736,,45743.48,
PAN,1993,1.46407,8.2419,17.93623,,45578.22,
PAN,1994,1.52588,8.5751,17.83532,,45412.96,
PAN,1995,1.60881,8.918,17.79767,,45247.7,
PAN,1996,1.5875,8.9706,17.93383,,45082.44,
PAN,1997,1.63574,9.0124,18.26347,,44917.18,
PAN,1998,1.97639,10.2813,18.65328,,44751.92,
PAN,1999,1.6959,9.5437,18.96998,,44586.66,
PAN,2000,1.72414,9.6956,19.08027,,44421.4,5.3019
PAN,2001,2.02167,11.1958,18.96349,,44307.25,
PAN,2002,1.72892,10.4771,18.71651,,44193.1,
PAN,2003,1.71838,10.5661,18.3823,,44078.95,
PAN,2004,1.69444,10.5722,18.00385,,43964.8,
PAN,2005,2.14366,12.388,17.62412,,43850.65,
PAN,2006,2.2196,12.839,17.1304,,43736.5,
PAN,2007,2.17542,12.78,16.48241,,43622.35,
PAN,2008,2.0733,12.7725,15.83176,,43508.2,
PAN,2009,2.43389,14.2637,15.33007,0.19636,43394.05,
PAN,2010,2.52989,14.8451,15.12895,,43279.9,
PAN,2011,2.70681,15.9111,15.89451,,43165.74,
PAN,2012,2.77914,16.3697,14.67767,,43051.58,
PAN,2013,2.68272,16.2545,15.38841,,42937.42,
PAN,2014,2.76763,16.6119,14.85541,,42823.26,
PAN,2015,2.68465,16.3886,14.77062,,42709.1,6.00466
PAN,2016,2.64685,16.5722,13.87245,,42595.0,
PAN,2017,2.47598,16.088,13.84475,,42480.8,
PAN,2018,2.38158,16.032,13.2137,,42366.7,
PAN,2019,3.10863,19.3191,11.88429,,42252.5,
PAN,2020,2.26231,15.9737,11.47006,,42138.4,
PAN,2021,2.47873,17.1823,,,42024.233,
PAN,2022,2.60025,18.0636,,,41910.111,
PAN,2023,2.85705,19.4931,,,41795.959,
PAN,2024,2.7383,19.218,,,,
PER,1970,1.29008,36.7875,,,,
PER,1971,1.25598,37.5793,,,,
PER,1972,1.22417,36.9484,,,,
PER,1973,1.26392,38.0909,,,,
PER,1974,1.3365,40.212,,,,
PER,1975,1.32929,40.4417,,,,
PER,1976,1.32539,41.3193,,,,
PER,1977,1.27414,41.3858,,,,
PER,1978,1.2485,42.5832,,,,
PER,1979,1.27043,44.5575,,,,
PER,1980,1.30352,45.5393,,,,
PER,1981,1.31435,47.0871,,,,
PER,1982,1.26033,46.9778,,,,
PER,1983,1.04301,42.5065,,,,
PER,1984,1.05563,44.1537,,,,
PER,1985,0.99513,43.1964,,,,
PER,1986,1.05815,45.3161,,,,
PER,1987,1.11835,47.3917,,,,
PER,1988,1.10698,47.5588,,,,
PER,1989,0.97549,44.3463,,,,
PER,1990,0.94682,43.4591,80.74781,,764485.4,0.65657
PER,1991,0.90013,42.5262,79.98546,,763334.69,
PER,1992,0.92007,43.3439,79.14989,,762183.98,
PER,1993,0.94871,45.1046,78.25045,,761033.27,
PER,1994,0.95417,46.0305,77.2965,,759882.56,
PER,1995,1.06322,50.598,76.29739,,758731.85,
PER,1996,1.1466,53.5165,75.1119,,757581.14,
PER,1997,1.12253,53.395,73.71304,,756430.43,
PER,1998,1.05969,53.4808,72.28147,,755279.72,
PER,1999,1.11945,56.085,70.99786,,754129.01,
PER,2000,1.08979,56.5293,70.04287,,752978.3,0.6905
PER,2001,0.99907,53.7328,69.50419,,751730.27,
PER,2002,1.02982,55.356,69.21238,,750482.24,
PER,2003,0.99901,55.3906,68.96247,,749234.21,
PER,2004,1.14247,59.3493,68.54947,,747986.18,
PER,2005,1.13304,60.1948,67.76841,,746738.15,
PER,2006,1.11176,59.7671,64.22037,,745490.12,
PER,2007,1.20481,62.9142,57.04211,,744242.09,
PER,2008,1.3578,68.0389,48.33215,,742994.06,
PER,2009,1.45257,71.5696,40.189,1.95238,741746.03,
PER,2010,1.5763,75.8019,34.71118,,740498.0,
PER,2011,1.67824,79.6554,32.06397,,738787.46,
PER,2012,1.6623,79.815,33.90461,,737076.92,
PER,2013,1.68769,81.89,32.07789,,735366.38,
PER,2014,1.76826,84.8165,32.91971,,733655.84,
PER,2015,1.80255,86.7675,32.87517,,731945.3,0.66112
PER,2016,1.86289,89.1612,33.73943,,730102.8,
PER,2017,1.76274,87.2031,32.70831,,728347.8,
PER,2018,1.73514,87.2921,30.62657,,726760.4,
PER,2019,1.7927,91.2634,29.11179,,725032.0,
PER,2020,1.44747,80.1418,27.03563,,723303.7,
PER,2021,1.79844,93.5085,,,721575.333,
PER,2022,1.90408,97.6301,,,719847.011,
PER,2023,1.92282,99.2574,,,718118.659,
PER,2024,2.02424,103.813,,,,
PHL,1970,0.70732,66.0332,,,,
PHL,1971,0.69742,67.0226,,,,
PHL,1972,0.70594,67.3963,,,,
PHL,1973,0.78184,74.1823,,,,
PHL,1974,0.72855,71.9639,,,,
PHL,1975,0.78135,73.9083,,,,
PHL,1976,0.75922,72.9763,,,,
PHL,1977,0.80603,77.2196,,,,
PHL,1978,0.80819,79.4035,,,,
PHL,1979,0.84625,83.623,,,,
PHL,1980,0.74276,79.5179,,,,
PHL,1981,0.68833,78.0526,,,,
PHL,1982,0.67341,78.9502,,,,
PHL,1983,0.70107,80.8326,,,,
PHL,1984,0.60189,77.2313,,,,
PHL,1985,0.58127,78.4969,,,,
PHL,1986,0.53292,77.8369,,,,
PHL,1987,0.63624,83.9228,,,,
PHL,1988,0.6453,86.8362,,,,
PHL,1989,0.65174,89.337,,,,
PHL,1990,0.67941,92.0111,33.39556,,77788.1,11.93687
PHL,1991,0.66623,91.503,33.18969,,77318.55,
PHL,1992,0.70706,94.4127,32.98071,,76849.0,
PHL,1993,0.74512,99.0877,32.77254,,76379.45,
PHL,1994,0.78571,104.929,32.5691,,75909.9,
PHL,1995,0.9263,116.8375,32.37431,,75440.35,
PHL,1996,0.95158,122.7994,32.20161,,74970.8,
PHL,1997,1.04001,132.061,32.04899,,74501.25,
PHL,1998,0.99723,126.3912,31.89718,,74031.7,
PHL,1999,0.95164,131.0924,31.72692,,73562.15,
PHL,2000,0.93267,132.7752,31.51896,,73092.6,11.04437
PHL,2001,0.88072,131.6205,31.29232,,72623.06,
PHL,2002,0.87808,134.5659,31.0557,,72153.52,
PHL,2003,0.88248,137.6599,30.77435,,71683.98,
PHL,2004,0.87607,140.9301,30.41349,,71214.44,
PHL,2005,0.89625,145.0008,29.93836,,70744.9,
PHL,2006,0.79291,137.5884,29.17823,,70275.36,
PHL,2007,0.84503,146.1958,28.03417,,69805.82,
PHL,2008,0.83887,148.1113,26.57919,,69336.28,
PHL,2009,0.83325,150.4794,24.88628,0.80638,68866.74,
PHL,2010,0.88199,156.6438,23.02843,,68397.2,
PHL,2011,0.86095,157.7593,20.2762,,68746.06,
PHL,2012,0.89345,163.0728,21.8352,,69094.92,
PHL,2013,0.95504,173.2631,22.74026,,69443.78,
PHL,2014,1.00237,181.1384,20.33688,,69792.64,
PHL,2015,1.07477,190.6338,19.70793,,70141.5,10.5244
PHL,2016,1.13643,202.623,19.90697,,70490.4,
PHL,2017,1.25459,220.8073,18.3327,,70839.3,
PHL,2018,1.29115,226.906,20.58851,,71188.1,
PHL,2019,1.335,235.2167,21.52544,,71537.0,
PHL,2020,1.21684,225.1449,20.28874,,71885.9,
PHL,2021,1.28745,235.613,,,72234.8,
PHL,2022,1.33112,242.5967,,,72583.7,
PHL,2023,1.41397,254.5314,,,72932.6,
PHL,2024,1.50301,266.5973,,,,
PLW,1970,175.47502,2.1663,,,,
PLW,1971,169.64028,2.1665,,,,
PLW,1972,163.58865,2.1665,,,,
PLW,1973,158.92288,2.1666,,,,
PLW,1974,157.23181,2.1666,,,,
PLW,1975,157.6294,2.1667,,,,
PLW,1976,158.34259,2.1668,,,,
PLW,1977,159.26547,2.1669,,,,
PLW,1978,160.3537,2.1669,,,,
PLW,1979,161.69247,2.1669,,,,
PLW,1980,162.56214,2.1667,,,,
PLW,1981,163.27205,2.1994,,,,
PLW,1982,158.37403,2.1838,,,,
PLW,1983,160.47209,2.2674,,,,
PLW,1984,173.06741,2.5073,,,,
PLW,1985,136.45529,2.0294,,,,
PLW,1986,145.17969,2.2125,,,,
PLW,1987,148.9047,2.3196,,,,
PLW,1988,139.50154,2.2204,,,,
PLW,1989,142.75008,2.3186,,,,
PLW,1990,141.29366,2.3434,7.73804,,,10.78838
PLW,1991,137.05008,2.326,7.59994,,382.93,
PLW,1992,122.3216,2.1276,7.47773,,384.36,
PLW,1993,122.26362,2.1774,7.3747,,385.79,
PLW,1994,178.64043,3.2586,7.29413,,387.22,
PLW,1995,136.65019,2.5566,7.23929,,388.65,
PLW,1996,125.27473,2.4058,7.21527,,390.08,
PLW,1997,139.06561,2.698,7.21562,,391.51,
PLW,1998,123.01879,2.438,7.22635,,392.94,
PLW,1999,128.03026,2.6008,7.23343,,394.37,
PLW,2000,110.64762,2.2408,7.22285,,395.8,11.5542
PLW,2001,122.13725,2.4829,7.19917,,396.78,
PLW,2002,74.04502,1.5096,7.17375,,397.76,
PLW,2003,87.39509,1.7945,7.14279,,398.74,
PLW,2004,76.78103,1.5964,7.10249,,399.72,
PLW,2005,87.55235,1.843,7.04906,,400.7,
PLW,2006,86.6534,1.8022,6.88062,,401.68,
PLW,2007,71.68687,1.4636,6.56755,,402.66,
PLW,2008,73.53359,1.4811,6.21445,,403.64,
PLW,2009,116.19007,2.2836,5.9259,,404.62,
PLW,2010,114.7369,2.2049,5.80647,,405.6,
PLW,2011,131.08198,2.4653,6.55202,,406.46,
PLW,2012,202.86518,3.721,6.91011,,407.32,
PLW,2013,103.37149,1.8807,6.83323,,408.18,
PLW,2014,71.56082,1.3223,7.36831,,409.04,
PLW,2015,67.27068,1.2532,8.93683,,409.9,12.28524
PLW,2016,64.30297,1.2006,7.01158,,410.8,
PLW,2017,67.1682,1.2553,7.0018,,411.6,
PLW,2018,69.07488,1.2867,7.89248,,412.5,
PLW,2019,71.26082,1.3265,7.74589,,413.3,
PLW,2020,71.74011,1.336,7.32771,,414.1,
PLW,2021,74.7343,1.3895,,,414.9,
PLW,2022,78.72628,1.4627,,,415.7,
PLW,2023,78.85711,1.462,,,416.5,
PLW,2024,82.84261,1.5338,,,,
PNG,1970,0.45027,2.763,,,,
PNG,1971,0.43964,2.7937,,,,
PNG,1972,0.45773,2.9053,,,,
PNG,1973,0.53783,3.1856,,,,
PNG,1974,0.64508,3.5597,,,,
PNG,1975,0.52121,3.28,,,,
PNG,1976,0.50241,3.2914,,,,
PNG,1977,0.51913,3.39,,,,
PNG,1978,0.50431,3.4008,,,,
PNG,1979,0.53069,3.5409,,,,
PNG,1980,0.55973,3.6837,,,,
PNG,1981,0.54266,3.6835,,,,
PNG,1982,0.52361,3.7093,,,,
PNG,1983,0.50668,3.7271,,,,
PNG,1984,0.51601,3.8283,,,,
PNG,1985,0.55735,3.9585,,,,
PNG,1986,0.48422,3.8581,,,,
PNG,1987,0.60261,4.2771,,,,
PNG,1988,0.55339,4.1392,,,,
PNG,1989,0.53513,4.0411,,,,
PNG,1990,0.55175,4.8719,18.0801,,363996.8,10.52307
PNG,1991,0.54773,5.0091,17.80979,,363875.086,
PNG,1992,0.59769,5.4456,17.59205,,363753.372,
PNG,1993,0.58743,5.5764,17.43199,,363631.659,
PNG,1994,0.56442,5.5693,17.33469,,363509.945,
PNG,1995,0.52826,5.6079,17.30524,,363388.231,
PNG,1996,0.52186,5.7317,17.38091,,363266.518,
PNG,1997,0.52826,5.675,17.55116,,363144.804,
PNG,1998,0.63698,9.0,17.74944,,363023.09,
PNG,1999,0.50161,6.1726,17.90916,,362901.376,
PNG,2000,0.52636,7.0747,17.96375,,362779.663,9.4504
PNG,2001,0.61844,7.1514,17.75198,,362680.582,
PNG,2002,0.68601,7.8756,17.27635,,362581.501,
PNG,2003,0.7396,8.1111,16.71592,,362482.42,
PNG,2004,0.76153,8.6209,16.24974,,362383.339,
PNG,2005,0.80016,9.9955,16.05686,,362284.258,
PNG,2006,0.78804,10.5685,16.17637,,362185.177,
PNG,2007,0.75882,9.7098,16.45755,,362086.096,
PNG,2008,0.71029,10.2873,16.79474,,361987.015,
PNG,2009,0.66836,8.5966,17.08225,0.7308,361887.934,
PNG,2010,0.55432,7.5294,17.21441,,361788.853,
PNG,2011,0.56865,7.7753,16.46331,,361479.924,
PNG,2012,0.52725,7.5705,16.46834,,361170.995,
PNG,2013,0.55123,7.9837,16.49813,,360862.067,
PNG,2014,0.64973,9.5958,16.37246,,360553.138,
PNG,2015,0.68326,10.6313,16.86834,,360244.209,7.56072
PNG,2016,0.73881,11.3311,16.15436,,359898.8,
PNG,2017,0.62963,10.4838,15.93042,,359563.5,
PNG,2018,0.52201,9.3728,16.91733,,359228.2,
PNG,2019,0.52413,9.668,16.8883,,358892.9,
PNG,2020,0.55772,10.1246,17.31054,,358557.6,
PNG,2021,0.53798,10.0773,,,358222.3,
PNG,2022,0.54194,10.4277,,,357887.0,
PNG,2023,0.52918,10.6623,,,357551.7,
PNG,2024,0.51697,10.7611,,,,
POL,1970,9.46334,484.913,,,,
POL,1971,9.68677,496.4558,,,,
POL,1972,10.01023,513.8897,,,,
POL,1973,10.44999,539.3234,,,,
POL,1974,10.74108,558.7667,,,,
POL,1975,11.08229,579.2349,,,,
POL,1976,11.69227,605.1237,,,,
POL,1977,12.00127,620.7069,,,,
POL,1978,12.7043,656.398,,,,
POL,1979,12.62045,658.24,,,,
POL,1980,12.82687,659.7109,,,,
POL,1981,11.67077,599.6652,,,,
POL,1982,11.73598,619.4325,,,,
POL,1983,11.73505,620.5007,,,,
POL,1984,12.04427,632.8093,,,,
POL,1985,12.22072,639.7766,,,,
POL,1986,12.34098,646.1667,,,,
POL,1987,12.69522,658.8414,,,,
POL,1988,12.37329,645.798,,,,
POL,1989,11.77794,614.6466,,,,
POL,1990,9.74855,513.4556,31.58767,,88820.0,1.66796
POL,1991,9.65411,502.5718,31.46914,,88997.0,
POL,1992,9.39233,488.7962,31.23521,,89174.0,
POL,1993,9.37996,484.8249,30.9073,,89351.0,
POL,1994,9.20183,477.6881,30.50681,,89528.0,
POL,1995,9.23545,478.1719,30.05515,,89705.0,
POL,1996,9.64288,491.5739,29.29849,,89882.0,
POL,1997,9.38348,481.0415,28.17874,,90059.0,
POL,1998,8.64038,442.4529,27.01088,,90236.0,
POL,1999,8.39755,428.2208,26.1099,,90413.0,
POL,2000,8.18188,412.0605,25.79078,,90590.0,1.62568
POL,2001,8.09869,406.5305,26.04491,,90860.0,
POL,2002,7.91294,398.7567,26.53986,,91130.0,
POL,2003,8.253,410.2662,27.10483,,91400.0,
POL,2004,8.31504,410.0337,27.56905,,91670.0,
POL,2005,8.30851,409.9523,27.76174,,91940.0,
POL,2006,8.67173,423.2401,27.72004,,92210.0,
POL,2007,8.66464,420.4154,27.60482,,92480.0,
POL,2008,8.51335,411.6412,27.43093,,92750.0,
POL,2009,8.16162,395.3078,27.2132,0.03202,93020.0,
POL,2010,8.65823,414.1734,26.96647,,93290.0,
POL,2011,8.58934,410.7148,26.54585,,93472.0,
POL,2012,8.3999,405.0957,24.13049,,93654.0,
POL,2013,8.28308,399.1533,23.18921,,93836.0,
POL,2014,7.95992,385.4238,23.43383,,94018.0,
POL,2015,8.05009,387.923,22.41398,,94200.0,1.58578
POL,2016,8.34151,399.4495,21.24851,,94350.0,
POL,2017,8.69582,412.81,22.26317,,94470.0,
POL,2018,8.68032,411.6684,22.40941,,94590.0,
POL,2019,8.21986,392.6558,18.7702,,94710.0,
POL,2020,7.91347,375.6244,17.95833,,94830.0,
POL,2021,8.76146,403.1414,,,94950.0,
POL,2022,8.36358,384.9357,,,95070.0,
POL,2023,7.64978,354.3109,,,95190.0,
POL,2024,7.55109,348.195,,,,
PRK,1970,5.00771,94.8075,,,,
PRK,1971,4.90124,95.4906,,,,
PRK,1972,4.96392,98.8241,,,,
PRK,1973,4.95599,101.0819,,,,
PRK,1974,5.04612,104.7842,,,,
PRK,1975,5.17665,109.0731,,,,
PRK,1976,5.40109,116.0637,,,,
PRK,1977,5.62152,122.7236,,,,
PRK,1978,5.84496,131.4031,,,,
PRK,1979,6.22631,140.9887,,,,
PRK,1980,6.46318,148.0376,,,,
PRK,1981,6.53892,152.3403,,,,
PRK,1982,6.73832,158.4843,,,,
PRK,1983,6.87799,164.0237,,,,
PRK,1984,7.01526,169.5963,,,,
PRK,1985,7.13792,175.2331,,,,
PRK,1986,6.94936,173.2456,,,,
PRK,1987,6.59457,167.6622,,,,
PRK,1988,6.66429,171.215,,,,
PRK,1989,6.61815,171.5138,,,,
PRK,1990,6.25065,164.9596,41.65293,,69120.3,4.69673
PRK,1991,5.92271,159.0421,41.07435,,68662.96,
PRK,1992,5.16044,142.9944,40.57077,,68205.62,
PRK,1993,4.71188,133.447,40.17604,,67748.28,
PRK,1994,4.2507,121.5479,39.92401,,67290.94,
PRK,1995,3.93046,112.8202,39.84852,,66833.6,
PRK,1996,3.45296,102.8959,39.91505,,66376.26,
PRK,1997,3.31758,100.591,40.04765,,65918.92,
PRK,1998,2.69688,85.7625,40.21802,,65461.58,
PRK,1999,2.91802,93.3781,40.39788,,65004.24,
PRK,2000,3.11868,99.7703,40.55891,,64546.9,4.82245
PRK,2001,3.21948,103.4859,40.72524,,64334.6,
PRK,2002,3.06729,99.763,40.89961,,64122.3,
PRK,2003,3.11253,101.9209,41.02167,,63910.0,
PRK,2004,3.15501,104.4691,41.03105,,63697.7,
PRK,2005,3.2684,109.289,40.8674,,63485.4,
PRK,2006,3.31295,110.9963,40.16349,,63273.1,
PRK,2007,2.75844,95.2148,38.87853,,63060.8,
PRK,2008,3.00746,102.8239,37.44182,,62848.5,
PRK,2009,2.88087,99.4547,36.28268,2.49688,62636.2,
PRK,2010,2.76311,97.1438,35.83041,,62423.9,
PRK,2011,2.02453,78.1077,39.08426,,62211.6,
PRK,2012,1.9444,76.0987,37.56847,,61999.3,
PRK,2013,1.49661,65.2397,46.0943,,61787.0,
PRK,2014,1.63491,69.0328,44.19947,,61574.7,
PRK,2015,1.27678,59.3913,42.53825,,61362.4,4.89205
PRK,2016,1.40192,65.0632,38.62203,,61150.0,
PRK,2017,2.84854,101.6426,39.16824,,60940.0,
PRK,2018,2.56049,92.485,34.19783,,60730.0,
PRK,2019,2.81942,100.758,31.12376,,60510.0,
PRK,2020,2.64173,95.2507,29.92911,,60300.0,
PRK,2021,2.18395,81.636,,,60090.0,
PRK,2022,2.27141,84.5706,,,59880.0,
PRK,2023,2.48536,90.6225,,,59664.0,
PRK,2024,2.49971,91.2518,,,,
PRT,1970,2.01453,29.6254,,,,
PRT,1971,2.15666,30.5223,,,,
PRT,1972,2.20535,31.2538,,,,
PRT,1973,2.4547,33.6573,,,,
PRT,1974,2.42721,33.0929,,,,
PRT,1975,2.5098,34.6737,,,,
PRT,1976,2.5791,35.9369,,,,
PRT,1977,2.529,36.5132,,,,
PRT,1978,2.59269,38.5333,,,,
PRT,1979,2.8515,41.567,,,,
PRT,1980,2.89057,41.872,,,,
PRT,1981,3.03608,43.6516,,,,
PRT,1982,3.20782,46.0282,,,,
PRT,1983,3.09674,44.8206,,,,
PRT,1984,3.0133,43.0725,,,,
PRT,1985,2.86006,41.725,,,,
PRT,1986,3.26696,46.2135,,,,
PRT,1987,3.2772,46.1678,,,,
PRT,1988,3.38506,47.0684,,,,
PRT,1989,4.23687,56.023,,,,
PRT,1990,4.39351,57.6369,13.78612,,33990.0,1.17624
PRT,1991,4.54855,59.1571,13.68435,,33872.0,
PRT,1992,4.92325,62.9721,13.61157,,33754.0,
PRT,1993,4.81348,61.8511,13.56093,,33636.0,
PRT,1994,4.94443,64.0087,13.52555,,33518.0,
PRT,1995,5.2669,67.4429,13.49859,,33400.0,
PRT,1996,5.07823,66.0875,13.54396,,33282.0,
PRT,1997,5.30168,68.8403,13.68322,,33164.0,
PRT,1998,5.71047,73.5798,13.84596,,33046.0,
PRT,1999,6.33574,80.7577,13.96178,,32928.0,
PRT,2000,6.24348,80.5716,13.96027,,32810.0,1.22047
PRT,2001,6.12752,79.4931,13.84957,,32781.0,
PRT,2002,6.50104,83.9636,13.69005,,32752.0,
PRT,2003,6.00483,79.2019,13.48969,,32723.0,
PRT,2004,6.15858,81.2254,13.2565,,32694.0,
PRT,2005,6.4581,84.7248,12.99845,,32665.0,
PRT,2006,5.98192,79.9003,12.59774,,32636.0,
PRT,2007,5.81792,78.1636,12.02951,,32607.0,
PRT,2008,5.61287,75.7956,11.44114,,32578.0,
PRT,2009,5.53453,74.9566,10.98003,0.0018,32549.0,
PRT,2010,5.03622,69.519,10.79357,,32520.0,
PRT,2011,4.86833,67.7323,11.51576,,32640.0,
PRT,2012,4.73414,66.2532,10.11515,,32760.0,
PRT,2013,4.60337,64.6378,9.76832,,32880.0,
PRT,2014,4.58326,64.4135,9.50576,,33000.0,
PRT,2015,4.99335,68.8611,9.64253,,33120.0,1.2899
PRT,2016,4.89305,67.7448,8.83773,,33120.0,
PRT,2017,5.35359,72.8197,9.2552,,33120.0,
PRT,2018,4.96973,68.8776,9.02601,,33120.0,
PRT,2019,4.51358,64.5604,7.98256,,33120.0,
PRT,2020,3.94718,58.6825,8.45242,,33120.0,
PRT,2021,3.76015,56.9598,,,33120.0,
PRT,2022,3.80172,57.3189,,,33120.0,
PRT,2023,3.53666,54.9777,,,33120.0,
PRT,2024,3.32476,53.1696,,,,
PRY,1970,0.26549,10.3486,,,,
PRY,1971,0.26403,10.6638,,,,
PRY,1972,0.28085,11.0013,,,,
PRY,1973,0.30292,11.6121,,,,
PRY,1974,0.28588,11.916,,,,
PRY,1975,0.29915,12.498,,,,
PRY,1976,0.32419,13.6526,,,,
PRY,1977,0.45002,14.5218,,,,
PRY,1978,0.52734,14.787,,,,
PRY,1979,0.49244,14.5243,,,,
PRY,1980,0.49063,14.7401,,,,
PRY,1981,0.46115,15.8531,,,,
PRY,1982,0.4443,16.5358,,,,
PRY,1983,0.42076,16.9943,,,,
PRY,1984,0.44938,17.7212,,,,
PRY,1985,0.4361,18.2868,,,,
PRY,1986,0.45264,18.6578,,,,
PRY,1987,0.4889,19.4211,,,,
PRY,1988,0.53678,20.4077,,,,
PRY,1989,0.5224,20.5883,,,,
PRY,1990,0.54116,20.7704,13.31791,,255458.6,0.0
PRY,1991,0.51499,19.4745,13.32495,,252904.39,
PRY,1992,0.6014,20.396,13.33488,,250350.18,
PRY,1993,0.66835,22.3125,13.34728,,247795.97,
PRY,1994,0.7607,23.7203,13.3617,,245241.76,
PRY,1995,0.84276,25.5463,13.37773,,242687.55,
PRY,1996,0.81352,25.5189,13.41219,,240133.34,
PRY,1997,0.88032,25.8953,13.4682,,237579.13,
PRY,1998,0.90238,26.0544,13.52472,,235024.92,
PRY,1999,0.88313,25.5612,13.56073,,232470.71,
PRY,2000,0.71411,24.8876,13.55519,,229916.5,0.0
PRY,2001,0.72998,25.4599,13.4456,,226495.06,
PRY,2002,0.75363,24.6225,13.22741,,223073.62,
PRY,2003,0.76834,26.5315,12.96648,,219652.18,
PRY,2004,0.76852,25.6299,12.72866,,216230.74,
PRY,2005,0.70107,25.8198,12.5798,,212809.3,
PRY,2006,0.74766,27.6408,12.49815,,209387.86,
PRY,2007,0.70351,29.7009,12.42509,,205966.42,
PRY,2008,0.81369,30.91,12.37118,,202544.98,
PRY,2009,0.831,33.4615,12.34699,0.71477,199123.54,
PRY,2010,0.91389,36.4537,12.36307,,195702.1,
PRY,2011,0.93746,36.8326,13.07395,,191559.56,
PRY,2012,0.9178,38.0052,12.36125,,187417.02,
PRY,2013,0.94293,38.7559,11.707,,183274.48,
PRY,2014,0.98024,41.1167,11.45921,,179131.94,
PRY,2015,1.08149,40.8604,10.43382,,174989.4,0.0
PRY,2016,1.20212,41.2092,10.4105,,173331.3,
PRY,2017,1.33606,42.4376,10.28798,,169402.7,
PRY,2018,1.36026,42.0004,10.48981,,166609.3,
PRY,2019,1.30802,42.4081,10.12226,,163816.0,
PRY,2020,1.18946,42.5845,10.08916,,161022.6,
PRY,2021,1.19343,42.4038,,,158229.267,
PRY,2022,1.18411,41.1976,,,155435.889,
PRY,2023,1.13124,40.9546,,,152642.541,
PRY,2024,1.15819,41.442,,,,
PSE,1990,,,24.73624,,90.8,0.18246
PSE,1991,,,25.82379,,90.8,
PSE,1992,,,26.72792,,90.8,
PSE,1993,,,27.41518,,90.8,
PSE,1994,,,27.85213,,90.8,
PSE,1995,,,28.00532,,90.8,
PSE,1996,,,27.81066,,90.8,
PSE,1997,,,27.34624,,90.8,
PSE,1998,,,26.7919,,90.8,
PSE,1999,,,26.32745,,90.8,
PSE,2000,,,26.13274,,90.8,0.18934
PSE,2001,,,26.23653,,91.67,
PSE,2002,,,26.51357,,92.54,
PSE,2003,,,26.91264,,93.41,
PSE,2004,,,27.38253,,94.28,
PSE,2005,,,27.872,,95.15,
PSE,2006,,,28.60148,,96.02,
PSE,2007,,,29.64371,,96.89,
PSE,2008,,,30.72591,,97.76,
PSE,2009,,,31.57534,,98.63,
PSE,2010,,,31.91926,,99.5,
PSE,2011,,,28.60663,,99.88,
PSE,2012,,,27.23796,,100.26,
PSE,2013,,,31.16258,,100.64,
PSE,2014,,,29.28868,,101.02,
PSE,2015,,,30.46155,,101.4,0.20519
PSE,2016,,,26.55637,,101.4,
PSE,2017,,,26.67508,,101.4,
PSE,2018,,,29.13402,,101.4,
PSE,2019,,,29.68225,,101.4,
PSE,2020,,,26.36363,,101.4,
PSE,2021,,,,,101.4,
PSE,2022,,,,,101.4,
PSE,2023,,,,,101.4,
PYF,1970,1.24024,0.1916,,,,
PYF,1971,1.19971,0.1924,,,,
PYF,1972,1.23722,0.2015,,,,
PYF,1973,1.44086,0.2318,,,,
PYF,1974,1.71207,0.2728,,,,
PYF,1975,1.37193,0.236,,,,
PYF,1976,1.31196,0.2344,,,,
PYF,1977,1.34422,0.2465,,,,
PYF,1978,1.29341,0.2465,,,,
PYF,1979,1.34658,0.2619,,,,
PYF,1980,1.40409,0.2811,,,,
PYF,1981,2.05937,0.4039,,,,
PYF,1982,2.56172,0.4991,,,,
PYF,1983,3.27162,0.6348,,,,
PYF,1984,4.2557,0.8313,,,,
PYF,1985,3.97043,0.8035,,,,
PYF,1986,4.2495,0.878,,,,
PYF,1987,4.7178,0.987,,,,
PYF,1988,4.56061,0.9789,,,,
PYF,1989,4.33023,0.953,,,,
PYF,1990,4.15456,0.9384,,,1444.3,14.29983
PYF,1991,4.22636,0.9713,,,1448.42,
PYF,1992,4.28675,1.0035,,,1452.54,
PYF,1993,4.25985,1.0155,,,1456.66,
PYF,1994,3.4091,0.8401,,,1460.78,
PYF,1995,3.17759,0.798,,,1464.9,
PYF,1996,3.09372,0.7901,,,1469.02,
PYF,1997,3.20267,0.8271,,,1473.14,
PYF,1998,3.24229,0.8531,,,1477.26,
PYF,1999,3.18646,0.854,,,1481.38,
PYF,2000,2.95294,0.8075,,,1485.5,14.17061
PYF,2001,3.39947,0.9247,,,1486.41,
PYF,2002,3.54273,0.9688,,,1487.32,
PYF,2003,3.71249,1.0291,,,1488.23,
PYF,2004,3.45506,0.981,,,1489.14,
PYF,2005,3.62726,1.0359,,,1490.05,
PYF,2006,3.36407,0.9787,,,1490.96,
PYF,2007,3.55918,1.0468,,,1491.87,
PYF,2008,3.61392,1.0699,,,1492.78,
PYF,2009,3.46629,1.0319,,,1493.69,
PYF,2010,3.6577,1.0886,,,1494.6,
PYF,2011,3.52229,1.0564,,,1494.6,
PYF,2012,3.38577,1.0253,,,1494.6,
PYF,2013,3.6174,1.0954,,,1494.6,
PYF,2014,3.55842,1.0835,,,1494.6,
PYF,2015,3.61973,1.1058,,,1494.6,14.55241
PYF,2016,3.61024,1.1093,,,1494.6,
PYF,2017,3.14474,0.9805,,,1494.6,
PYF,2018,2.79792,0.8809,,,1494.6,
PYF,2019,2.81328,0.8842,,,1494.6,
PYF,2020,2.56081,0.8136,,,1494.6,
PYF,2021,2.28741,0.7376,,,1494.6,
PYF,2022,3.30197,1.0295,,,1494.6,
PYF,2023,3.30182,1.0338,,,1494.6,
PYF,2024,3.45591,1.081,,,,
QAT,1970,126.35153,23.5486,,,,
QAT,1971,139.30078,27.1729,,,,
QAT,1972,150.31193,32.1175,,,,
QAT,1973,152.44283,36.4805,,,,
QAT,1974,117.35321,31.44,,,,
QAT,1975,103.15505,29.1499,,,,
QAT,1976,89.17351,29.1573,,,,
QAT,1977,74.0937,26.0137,,,,
QAT,1978,77.74639,28.9591,,,,
QAT,1979,68.03031,28.2976,,,,
QAT,1980,52.78802,24.7017,,,,
QAT,1981,40.29187,20.6714,,,,
QAT,1982,40.57752,19.9726,,,,
QAT,1983,34.3512,17.9978,,,,
QAT,1984,46.99579,25.1631,,,,
QAT,1985,42.22441,22.3777,,,,
QAT,1986,42.4463,23.4035,,,,
QAT,1987,41.30527,23.2616,,,,
QAT,1988,40.73782,24.6876,,,,
QAT,1989,41.12103,26.25,,,,
QAT,1990,38.57988,26.2898,89.41145,,0.0,7.12881
QAT,1991,39.63258,27.1494,87.66438,,0.0,
QAT,1992,40.39948,28.7376,86.2652,,0.0,
QAT,1993,40.18388,29.0335,85.23709,,0.0,
QAT,1994,41.05702,30.1745,84.60319,,0.0,
QAT,1995,40.7923,29.8381,84.38664,,0.0,
QAT,1996,43.06802,35.2948,84.63312,,0.0,
QAT,1997,50.67702,51.632,85.2886,,0.0,
QAT,1998,51.74699,53.1267,86.2267,,0.0,
QAT,1999,53.11445,57.2576,87.32106,,0.0,
QAT,2000,49.22906,59.9966,88.44532,,0.0,7.01171
QAT,2001,47.83656,56.449,90.07384,,0.0,
QAT,2002,50.89981,59.6211,92.3707,,0.0,
QAT,2003,51.39012,65.366,94.74407,,0.0,
QAT,2004,53.23638,66.2424,96.6021,,0.0,
QAT,2005,52.7739,65.6717,97.35296,,0.0,
QAT,2006,50.3551,71.4133,95.8058,,0.0,
QAT,2007,46.45684,80.0145,92.11642,,0.0,
QAT,2008,43.35045,85.4696,87.71297,,0.0,
QAT,2009,39.76299,87.0659,84.0236,,0.0,
QAT,2010,44.66302,93.7426,82.47644,,0.0,
QAT,2011,51.19811,107.0215,87.96241,,0.0,
QAT,2012,53.59926,116.2988,95.62287,,0.0,
QAT,2013,53.29368,127.1909,88.64662,,0.0,
QAT,2014,51.47669,135.914,75.17648,,0.0,
QAT,2015,48.65913,139.63,97.70003,,0.0,6.74902
QAT,2016,46.04336,139.9209,83.68549,,0.0,
QAT,2017,44.8208,139.4614,83.26899,,0.0,
QAT,2018,44.5209,140.3955,93.30696,,0.0,
QAT,2019,44.59219,142.3998,81.00883,,0.0,
QAT,2020,41.27809,140.6777,75.66303,,0.0,
QAT,2021,47.28397,144.0344,,,0.0,
QAT,2022,45.19595,146.1306,,,0.0,
QAT,2023,48.64264,156.1266,,,0.0,
QAT,2024,47.33216,162.7447,,,,
ROU,1970,6.17166,172.2962,,,,
ROU,1971,6.14689,175.0619,,,,
ROU,1972,6.35393,182.2293,,,,
ROU,1973,6.88421,196.7687,,,,
ROU,1974,6.92505,201.0596,,,,
ROU,1975,7.40656,215.4184,,,,
ROU,1976,8.05682,231.7834,,,,
ROU,1977,8.36417,241.5595,,,,
ROU,1978,8.99691,258.5344,,,,
ROU,1979,9.15872,264.093,,,,
ROU,1980,9.01282,261.0279,,,,
ROU,1981,8.99497,263.7898,,,,
ROU,1982,8.91697,262.0893,,,,
ROU,1983,8.98485,265.105,,,,
ROU,1984,8.83679,265.0347,,,,
ROU,1985,8.75795,264.9412,,,,
ROU,1986,8.97318,267.4479,,,,
ROU,1987,9.24989,275.2525,,,,
ROU,1988,9.38565,279.0884,,,,
ROU,1989,9.27854,275.5062,,,,
ROU,1990,8.09117,241.0146,23.08725,,63710.0,0.37187
ROU,1991,6.60874,196.7109,22.87799,,63705.0,
ROU,1992,6.07009,179.6506,22.65536,,63700.0,
ROU,1993,5.75947,169.7813,22.41947,,63695.0,
ROU,1994,5.63809,165.9533,22.17047,,63690.0,
ROU,1995,5.88105,170.622,21.90847,,63685.0,
ROU,1996,6.03747,174.3577,21.56456,,63680.0,
ROU,1997,5.51217,161.2934,21.13863,,63675.0,
ROU,1998,4.8422,143.4583,20.73403,,63670.0,
ROU,1999,4.14686,126.1529,20.45411,,63665.0,
ROU,2000,4.34452,130.3786,20.40221,,63660.0,0.36016
ROU,2001,4.71754,136.0003,20.57275,,63809.0,
ROU,2002,4.75825,135.611,20.83975,,63958.0,
ROU,2003,4.99888,140.6575,21.12605,,64107.0,
ROU,2004,4.92175,140.3674,21.35443,,64256.0,
ROU,2005,4.90117,138.3283,21.44771,,64405.0,
ROU,2006,5.22994,144.7726,21.2993,,64554.0,
ROU,2007,5.12802,142.5096,20.9454,,64703.0,
ROU,2008,5.13051,140.0451,20.523,,64852.0,
ROU,2009,4.20729,118.2457,20.16911,0.08497,65001.0,
ROU,2010,4.11642,116.5131,20.0207,,65150.0,
ROU,2011,4.45806,122.4102,21.36318,,65921.92,
ROU,2012,4.36901,119.3905,19.42497,,66693.84,
ROU,2013,3.9798,111.2215,17.87111,,67465.76,
ROU,2014,3.96757,111.3112,17.98984,,68237.68,
ROU,2015,4.05256,112.2452,17.49552,,69009.6,0.32833
ROU,2016,3.99479,111.5446,16.59834,,69290.5,
ROU,2017,4.17579,115.2104,17.04461,,69290.5,
ROU,2018,4.2622,116.06,17.17199,,69290.5,
ROU,2019,4.18923,113.9659,15.00734,,69290.5,
ROU,2020,3.92941,108.1538,14.85017,,69290.5,
ROU,2021,4.22269,113.4783,,,69290.5,
ROU,2022,3.97278,107.3061,,,69290.5,
ROU,2023,3.68569,101.2864,,,69290.5,
ROU,2024,3.72055,101.8576,,,,
RUS,1970,9.97922,1707.6312,,,,
RUS,1971,9.92957,1721.7006,,,,
RUS,1972,10.3882,1804.4687,,,,
RUS,1973,10.9592,1905.6985,,,,
RUS,1974,11.46063,1996.8002,,,,
RUS,1975,12.02838,2095.3793,,,,
RUS,1976,12.3903,2170.7189,,,,
RUS,1977,12.57923,2218.844,,,,
RUS,1978,13.33697,2349.1474,,,,
RUS,1979,13.42896,2382.9964,,,,
RUS,1980,13.77847,2451.9611,,,,
RUS,1981,13.64569,2448.5649,,,,
RUS,1982,13.75757,2487.0141,,,,
RUS,1983,13.91331,2534.9982,,,,
RUS,1984,14.05281,2583.9559,,,,
RUS,1985,14.21048,2629.3881,,,,
RUS,1986,14.57205,2706.2557,,,,
RUS,1987,14.89736,2778.1348,,,,
RUS,1988,15.15322,2835.0982,,,,
RUS,1989,15.14307,2848.8517,,,,
RUS,1990,16.46468,3055.8849,25.92522,,,0.98749
RUS,1991,16.12961,2986.1083,25.47682,,,
RUS,1992,14.8478,2756.5275,25.01183,,8090136.2,
RUS,1993,13.55907,2521.9792,24.53161,,8090454.8,
RUS,1994,12.22921,2283.2897,24.03755,,8090773.4,
RUS,1995,11.91948,2213.7262,23.53101,,8091092.0,
RUS,1996,11.6576,2149.4894,23.01884,,8091410.6,
RUS,1997,10.8669,2013.352,22.49801,,8091729.2,
RUS,1998,10.92444,2002.2968,21.95504,,8092047.8,
RUS,1999,11.28223,2054.2444,21.37649,,8092366.4,
RUS,2000,11.46786,2084.3476,20.74889,,8092685.0,0.97612
RUS,2001,11.538,2092.1256,19.8393,,8098552.1,
RUS,2002,11.52939,2084.5671,18.61024,,8104419.2,
RUS,2003,12.01016,2150.1386,17.34147,,8110286.3,
RUS,2004,12.06985,2162.8787,16.31274,,8116153.4,
RUS,2005,12.11898,2166.7251,15.80378,,8122020.5,
RUS,2006,12.41665,2203.8702,15.69131,,8127887.6,
RUS,2007,12.45786,2216.1012,15.63634,,8133754.7,
RUS,2008,12.36042,2206.7809,15.59508,,8139621.8,
RUS,2009,11.64056,2092.075,15.52377,0.1327,8145488.9,
RUS,2010,12.22893,2191.1928,15.37863,,8151356.0,
RUS,2011,12.81384,2283.4198,13.91389,,8150945.72,
RUS,2012,12.6923,2293.7574,13.89912,,8150535.44,
RUS,2013,12.26828,2243.8938,14.05743,,8150125.16,
RUS,2014,12.13417,2233.881,14.24818,,8149714.88,
RUS,2015,12.14813,2248.7539,12.93925,,8149304.6,0.96352
RUS,2016,11.96175,2237.8431,12.47847,,8151210.0,
RUS,2017,12.13573,2286.9044,11.73909,,8153120.0,
RUS,2018,12.59392,2376.93,12.31537,,8153120.0,
RUS,2019,12.77387,2409.0263,11.67782,,8153120.0,
RUS,2020,12.28405,2325.7999,11.27278,,8153120.0,
RUS,2021,13.39208,2498.4553,,,8153120.0,
RUS,2022,13.14138,2459.3934,,,8153120.0,
RUS,2023,13.54623,2512.8196,,,8153120.0,
RUS,2024,13.99777,2575.6548,,,,
RWA,1970,0.02495,4.3514,,,,
RWA,1971,0.02424,4.3849,,,,
RWA,1972,0.02502,4.4779,,,,
RWA,1973,0.02504,4.5905,,,,
RWA,1974,0.02434,4.6245,,,,
RWA,1975,0.02702,4.7709,,,,
RWA,1976,0.03281,4.7424,,,,
RWA,1977,0.03175,4.8494,,,,
RWA,1978,0.03384,4.9562,,,,
RWA,1979,0.03295,4.7704,,,,
RWA,1980,0.06839,5.0645,,,,
RWA,1981,0.07924,5.2032,,,,
RWA,1982,0.07849,5.3558,,,,
RWA,1983,0.08457,5.4937,,,,
RWA,1984,0.07263,5.5666,,,,
RWA,1985,0.07342,5.7408,,,,
RWA,1986,0.07157,5.7883,,,,
RWA,1987,0.07003,5.9206,,,,
RWA,1988,0.07829,6.0643,,,,
RWA,1989,0.07615,6.2763,,,,
RWA,1990,0.07498,5.6714,30.37642,,3170.0,0.0
RWA,1991,0.06612,5.4529,30.56702,,3140.0,
RWA,1992,0.06496,5.1214,30.74327,,3110.0,
RWA,1993,0.06274,4.8614,30.89589,,3080.0,
RWA,1994,0.07058,4.9551,31.01561,,3050.0,
RWA,1995,0.0829,4.9691,31.09315,,3020.0,
RWA,1996,0.07034,5.2082,31.16106,,2990.0,
RWA,1997,0.06214,5.7541,31.24424,,2960.0,
RWA,1998,0.06152,3.9916,31.32197,,2930.0,
RWA,1999,0.06305,4.2982,31.37352,,2900.0,
RWA,2000,0.08285,4.1093,31.37816,,2870.0,0.0
RWA,2001,0.08394,4.2446,31.22228,,2848.0,
RWA,2002,0.09744,4.4503,30.88794,,2826.0,
RWA,2003,0.08251,4.5828,30.49793,,2804.0,
RWA,2004,0.07789,4.7236,30.17502,,2782.0,
RWA,2005,0.08194,4.7961,30.04198,,2760.0,
RWA,2006,0.08007,5.0702,30.09197,,2738.0,
RWA,2007,0.07097,5.1863,30.21831,,2716.0,
RWA,2008,0.06913,5.398,30.39404,,2694.0,
RWA,2009,0.06923,5.5458,30.59221,1.29597,2672.0,
RWA,2010,0.07087,5.8254,30.78587,,2650.0,
RWA,2011,0.07205,5.7781,31.14124,,2660.0,
RWA,2012,0.07823,5.9572,31.53608,,2670.0,
RWA,2013,0.08501,6.1531,30.62834,,2680.0,
RWA,2014,0.0844,6.2212,31.86898,,2690.0,
RWA,2015,0.09512,6.8755,31.25748,,2700.0,0.0
RWA,2016,0.10157,6.8912,31.68623,,2720.0,
RWA,2017,0.10748,7.0401,30.35535,,2730.0,
RWA,2018,0.11684,7.3038,30.18167,,2740.0,
RWA,2019,0.11859,7.4914,30.00716,,2750.0,
RWA,2020,0.11139,7.6415,31.28827,,2760.0,
RWA,2021,0.12778,7.8139,,,2770.0,
RWA,2022,0.16125,8.2309,,,2780.0,
RWA,2023,0.16398,8.3469,,,2790.0,
RWA,2024,0.16213,8.3499,,,,
SAU,1970,14.59894,85.368,,,,
SAU,1971,16.95362,96.8781,,,,
SAU,1972,20.72393,122.7066,,,,
SAU,1973,26.37806,160.2305,,,,
SAU,1974,26.27717,171.5293,,,,
SAU,1975,20.64264,143.7582,,,,
SAU,1976,24.07891,175.6906,,,,
SAU,1977,24.49821,188.7968,,,,
SAU,1978,24.61565,193.0515,,,,
SAU,1979,27.4868,225.6754,,,,
SAU,1980,31.86622,267.0048,,,,
SAU,1981,27.90866,253.2662,,,,
SAU,1982,26.82948,237.4939,,,,
SAU,1983,25.10344,228.6854,,,,
SAU,1984,17.764,182.1995,,,,
SAU,1985,16.64244,174.6044,,,,
SAU,1986,15.7437,185.7911,,,,
SAU,1987,16.12696,193.91,,,,
SAU,1988,16.54933,212.1765,,,,
SAU,1989,15.85123,214.0694,,,,
SAU,1990,16.34315,236.6095,46.80237,,9770.0,3.12772
SAU,1991,15.9152,252.0242,46.71825,,9770.0,
SAU,1992,16.3411,267.4208,46.67179,,9770.0,
SAU,1993,16.4614,277.5061,46.65442,,9770.0,
SAU,1994,17.15784,294.5331,46.65757,,9770.0,
SAU,1995,16.341,291.2362,46.67268,,9770.0,
SAU,1996,16.66693,308.268,47.35095,,9770.0,
SAU,1997,16.22384,314.1065,49.01156,,9770.0,
SAU,1998,16.72026,330.109,51.14786,,9770.0,
SAU,1999,16.43719,331.3613,53.25319,,9770.0,
SAU,2000,16.3954,350.3148,54.8209,,9770.0,3.14638
SAU,2001,16.18357,362.4811,55.9612,,9770.0,
SAU,2002,16.39913,380.3516,57.06008,,9770.0,
SAU,2003,16.41193,407.3881,58.02466,,9770.0,
SAU,2004,16.62572,429.7568,58.76203,,9770.0,
SAU,2005,16.84755,457.1585,59.17927,,9770.0,
SAU,2006,17.09031,480.8365,59.34607,,9770.0,
SAU,2007,17.34059,502.5681,59.43482,,9770.0,
SAU,2008,18.05632,538.9277,59.50665,,9770.0,
SAU,2009,18.33456,558.5048,59.6227,0.00566,9770.0,
SAU,2010,20.30474,603.2707,59.84412,,9770.0,
SAU,2011,20.29403,634.2139,61.90362,,9770.0,
SAU,2012,20.61009,669.6806,65.81365,,9770.0,
SAU,2013,19.80873,678.3201,64.24957,,9770.0,
SAU,2014,20.69738,721.0809,51.08775,,9770.0,
SAU,2015,20.50713,752.8871,65.61218,,9770.0,3.20802
SAU,2016,19.6907,757.4557,57.27213,,9770.0,
SAU,2017,19.47647,752.6942,59.44025,,9770.0,
SAU,2018,19.20908,736.7053,61.98866,,9770.0,
SAU,2019,19.28595,738.285,58.62259,,9770.0,
SAU,2020,18.29029,740.2048,53.1486,,9770.0,
SAU,2021,19.17599,757.9945,,,9770.0,
SAU,2022,19.28287,804.6539,,,9770.0,
SAU,2023,18.85407,818.1917,,,9770.0,
SAU,2024,18.48458,838.8766,,,,
SDN,1970,0.29388,38.8238,,,,
SDN,1971,0.28484,39.5794,,,,
SDN,1972,0.2912,40.3825,,,,
SDN,1973,0.36729,43.8035,,,,
SDN,1974,0.33285,44.4875,,,,
SDN,1975,0.25137,45.6148,,,,
SDN,1976,0.23464,45.9646,,,,
SDN,1977,0.2361,45.8884,,,,
SDN,1978,0.20612,46.8899,,,,
SDN,1979,0.20367,49.6756,,,,
SDN,1980,0.23037,52.7377,,,,
SDN,1981,0.21468,54.9864,,,,
SDN,1982,0.21336,59.4456,,,,
SDN,1983,0.2086,59.1137,,,,
SDN,1984,0.18517,59.9735,,,,
SDN,1985,0.21417,61.3581,,,,
SDN,1986,0.20488,58.0549,,,,
SDN,1987,0.15503,56.7072,,,,
SDN,1988,0.21873,58.4347,,,,
SDN,1989,0.19301,58.8253,,,,
SDN,1990,0.25187,61.1715,53.71927,,,0.37073
SDN,1991,0.21999,62.2466,50.6606,,,
SDN,1992,0.20418,67.3753,48.36584,,,
SDN,1993,0.14264,70.5223,46.7866,,,
SDN,1994,0.20442,77.2173,45.87454,,,
SDN,1995,0.18636,77.9216,45.58126,,,
SDN,1996,0.17961,80.6274,46.5339,,,
SDN,1997,0.21239,83.0929,48.84538,,,
SDN,1998,0.18604,86.7846,51.69607,,,
SDN,1999,0.20064,90.7968,54.26631,,,
SDN,2000,0.2157,95.631,55.73647,,,0.42978
SDN,2001,0.22963,100.7928,56.28716,,,
SDN,2002,0.27365,104.4202,56.68823,,,
SDN,2003,0.27476,107.9055,57.00384,,,
SDN,2004,0.30219,110.6791,57.29814,,,
SDN,2005,0.34766,114.4284,57.63531,,,
SDN,2006,0.41511,117.3918,57.96112,,,
SDN,2007,0.43952,120.583,58.23849,,,
SDN,2008,0.45731,122.2196,58.55738,,,
SDN,2009,0.46076,124.089,59.00771,2.76542,,
SDN,2010,0.47757,124.9456,59.67942,,,
SDN,2011,0.44933,121.7246,62.29417,,,
SDN,2012,0.47463,123.4565,64.14972,,197326.74,
SDN,2013,0.4664,124.7953,60.4369,,195584.26,
SDN,2014,0.47693,126.7176,49.51694,,193841.78,
SDN,2015,0.53863,130.1888,61.11051,,192099.3,0.50864
SDN,2016,0.58013,134.0025,59.31192,,190481.9,
SDN,2017,0.55398,133.6738,59.81684,,188760.3,
SDN,2018,0.53463,137.991,58.69366,,187040.0,
SDN,2019,0.5153,138.2132,51.93562,,185320.0,
SDN,2020,0.46311,137.7167,45.8349,,183600.0,
SDN,2021,0.49105,139.7164,,,181870.0,
SDN,2022,0.43422,139.4596,,,180150.0,
SDN,2023,0.4337,138.3599,,,178430.7,
SDN,2024,0.43346,138.702,,,,
SEN,1970,0.30208,7.4347,,,,
SEN,1971,0.2931,7.5895,,,,
SEN,1972,0.30184,7.4122,,,,
SEN,1973,0.31522,7.1815,,,,
SEN,1974,0.32801,7.4481,,,,
SEN,1975,0.34801,7.7366,,,,
SEN,1976,0.35492,7.9481,,,,
SEN,1977,0.36852,8.1147,,,,
SEN,1978,0.35199,8.3014,,,,
SEN,1979,0.38021,8.3962,,,,
SEN,1980,0.38381,8.0905,,,,
SEN,1981,0.36932,8.24,,,,
SEN,1982,0.34449,8.3682,,,,
SEN,1983,0.33405,8.1062,,,,
SEN,1984,0.34771,8.2861,,,,
SEN,1985,0.34972,8.7561,,,,
SEN,1986,0.32517,9.0256,,,,
SEN,1987,0.31821,9.3539,,,,
SEN,1988,0.29727,9.3478,,,,
SEN,1989,0.30359,9.6395,,,,
SEN,1990,0.30635,9.8879,66.60305,,93031.6,7.116
SEN,1991,0.29943,10.0897,67.05848,,92581.6,
SEN,1992,0.31999,10.4654,67.4895,,92131.6,
SEN,1993,0.30397,10.6464,67.87086,,91681.6,
SEN,1994,0.30226,10.9367,68.17732,,91231.6,
SEN,1995,0.31133,11.1822,68.38364,,90781.6,
SEN,1996,0.32774,11.6962,68.58492,,90331.6,
SEN,1997,0.35213,12.1307,68.84888,,89881.6,
SEN,1998,0.38586,12.7047,69.1092,,89431.6,
SEN,1999,0.41581,13.706,69.29954,,88981.6,
SEN,2000,0.40018,13.5587,69.3536,,88531.6,7.1909
SEN,2001,0.44192,14.3845,67.97954,,88146.6,
SEN,2002,0.4472,14.455,64.75319,,87761.6,
SEN,2003,0.42381,14.4269,60.90969,,87376.6,
SEN,2004,0.47168,15.2442,57.68416,,86991.6,
SEN,2005,0.51165,16.072,56.31174,,86606.6,
SEN,2006,0.48819,16.3028,56.32876,,86221.6,
SEN,2007,0.5284,17.2569,56.43183,,85836.6,
SEN,2008,0.53484,18.0043,56.5965,,85451.6,
SEN,2009,0.53439,18.7647,56.79835,0.59767,85066.6,
SEN,2010,0.55227,19.5009,57.01293,,84681.6,
SEN,2011,0.57713,20.2268,59.14124,,84281.6,
SEN,2012,0.55326,20.5697,71.98451,,83881.6,
SEN,2013,0.57188,21.0631,50.77406,,83481.6,
SEN,2014,0.59233,21.817,54.88947,,83081.6,
SEN,2015,0.63169,23.4251,70.74099,,82681.6,7.0254
SEN,2016,0.6849,24.9588,62.24529,,82281.6,
SEN,2017,0.65931,24.9618,68.99616,,81881.6,
SEN,2018,0.67457,25.915,61.80097,,81481.6,
SEN,2019,0.67442,26.4657,60.3429,,81081.6,
SEN,2020,0.64416,27.1618,63.74022,,80681.6,
SEN,2021,0.7621,29.5487,,,80281.6,
SEN,2022,0.82396,31.5008,,,79881.6,
SEN,2023,0.75879,31.0754,,,79481.6,
SEN,2024,0.76761,31.7206,,,,
SGP,1970,3.85672,8.8628,,,,
SGP,1971,3.79753,8.912,,,,
SGP,1972,4.35862,10.3274,,,,
SGP,1973,4.68527,11.2783,,,,
SGP,1974,4.80832,11.7247,,,,
SGP,1975,4.75267,11.717,,,,
SGP,1976,5.0433,12.5995,,,,
SGP,1977,5.45057,13.815,,,,
SGP,1978,6.04121,15.3801,,,,
SGP,1979,6.37109,16.4117,,,,
SGP,1980,6.3127,16.5077,,,,
SGP,1981,6.46169,17.6763,,,,
SGP,1982,6.43454,18.3382,,,,
SGP,1983,6.84375,19.6725,,,,
SGP,1984,6.66648,19.8343,,,,
SGP,1985,6.94792,20.6373,,,,
SGP,1986,7.0811,21.0385,,,,
SGP,1987,7.11589,21.4534,,,,
SGP,1988,7.80469,23.8943,,,,
SGP,1989,8.02426,25.2691,,,,
SGP,1990,10.38623,33.7549,35.03329,,148.269,0.58209
SGP,1991,10.67793,35.8044,30.86528,,150.456,
SGP,1992,10.58295,36.6134,27.07396,,152.642,
SGP,1993,11.91065,42.452,23.91825,,154.829,
SGP,1994,12.18003,45.3973,21.65704,,157.015,
SGP,1995,11.72964,46.8257,20.54927,,159.202,
SGP,1996,11.58383,48.7902,20.23797,,161.389,
SGP,1997,11.11467,50.3383,20.1191,,163.575,
SGP,1998,10.45589,54.7719,20.08096,,165.762,
SGP,1999,10.45999,52.7305,20.01182,,167.948,
SGP,2000,11.30104,57.2433,19.79997,,170.135,0.6572
SGP,2001,11.09388,58.767,19.31426,,170.861,
SGP,2002,10.828,51.4039,18.58425,,171.588,
SGP,2003,10.31456,49.8088,17.73928,,172.315,
SGP,2004,10.68553,52.4705,16.90869,,173.042,
SGP,2005,9.78289,50.3291,16.22181,,173.769,
SGP,2006,9.53554,50.5986,15.6032,,174.496,
SGP,2007,9.44914,51.1674,14.95528,,175.223,
SGP,2008,8.86795,50.4479,14.37415,,175.95,
SGP,2009,8.77395,51.4474,13.95595,,176.677,
SGP,2010,9.6294,58.0509,13.79681,,177.404,
SGP,2011,9.90351,60.4471,15.50309,,174.866,
SGP,2012,9.44039,58.5877,16.92236,,172.328,
SGP,2013,9.74705,62.0133,18.07666,,169.79,
SGP,2014,9.8475,63.9114,17.28169,,167.252,
SGP,2015,9.96831,65.7467,17.1833,,164.714,0.66328
SGP,2016,9.44707,63.8783,15.90029,,162.855,
SGP,2017,10.13641,69.1026,16.07688,,161.1,
SGP,2018,9.61426,67.0864,15.97686,,159.3,
SGP,2019,9.79871,69.5875,17.07591,,157.5,
SGP,2020,9.47566,68.0675,13.8692,,155.7,
SGP,2021,10.21678,70.6452,,,153.9,
SGP,2022,9.99583,71.908,,,152.1,
SGP,2023,9.48034,72.3929,,,150.3,
SGP,2024,9.75144,76.0928,,,,
SLB,1970,0.3732,0.1471,,,,
SLB,1971,0.36482,0.1558,,,,
SLB,1972,0.38001,0.1632,,,,
SLB,1973,0.44527,0.1829,,,,
SLB,1974,0.53168,0.213,,,,
SLB,1975,0.42691,0.2008,,,,
SLB,1976,0.40735,0.2096,,,,
SLB,1977,0.41601,0.2228,,,,
SLB,1978,0.3986,0.2292,,,,
SLB,1979,0.41356,0.2359,,,,
SLB,1980,0.43001,0.2528,,,,
SLB,1981,0.58608,0.2995,,,,
SLB,1982,0.50235,0.281,,,,
SLB,1983,0.53282,0.2915,,,,
SLB,1984,0.45943,0.2762,,,,
SLB,1985,0.44149,0.2763,,,,
SLB,1986,0.33683,0.2474,,,,
SLB,1987,0.43263,0.2566,,,,
SLB,1988,0.51082,0.2866,,,,
SLB,1989,0.47684,0.2825,,,,
SLB,1990,0.47853,0.3016,12.43429,,25449.1,17.11728
SLB,1991,0.48136,0.3096,12.32041,,25441.79,
SLB,1992,0.51277,0.3289,12.24009,,25434.48,
SLB,1993,0.50325,0.3334,12.19132,,25427.17,
SLB,1994,0.50231,0.3397,12.17207,,25419.86,
SLB,1995,0.44264,0.3266,12.18033,,25412.55,
SLB,1996,0.43383,0.3312,12.24828,,25405.24,
SLB,1997,0.43463,0.3388,12.38304,,25397.93,
SLB,1998,0.43477,0.3464,12.54506,,25390.62,
SLB,1999,0.42253,0.3509,12.69475,,25383.31,
SLB,2000,0.52853,0.4061,12.79254,,25376.0,17.53297
SLB,2001,0.56888,0.4289,12.81537,,25368.68,
SLB,2002,0.58514,0.4449,12.78865,,25361.36,
SLB,2003,0.59637,0.4593,12.74552,,25354.04,
SLB,2004,0.60365,0.4739,12.71911,,25346.72,
SLB,2005,0.61874,0.491,12.74256,,25339.4,
SLB,2006,0.60985,0.4962,12.84185,,25332.08,
SLB,2007,0.6472,0.5244,12.99619,,25324.76,
SLB,2008,0.64545,0.5337,13.16862,,25317.44,
SLB,2009,0.63284,0.5371,13.32218,0.09034,25310.12,
SLB,2010,0.67265,0.5726,13.4199,,25302.8,
SLB,2011,0.67421,0.5913,13.30861,,25295.48,
SLB,2012,0.64835,0.5968,13.3169,,25288.16,
SLB,2013,0.66073,0.6253,13.57873,,25280.84,
SLB,2014,0.60706,0.6117,13.67434,,25273.52,
SLB,2015,0.52173,0.5753,13.38898,,25266.2,17.86379
SLB,2016,0.48854,0.57,13.47203,,25258.9,
SLB,2017,0.42571,0.5428,13.43406,,25251.6,
SLB,2018,0.45861,0.5811,14.27312,,25244.3,
SLB,2019,0.43851,0.5841,14.30024,,25237.0,
SLB,2020,0.4133,0.5813,13.95428,,25229.7,
SLB,2021,0.43614,0.6156,,,25222.4,
SLB,2022,0.38281,0.5921,,,25215.1,
SLB,2023,0.37475,0.5989,,,25207.8,
SLB,2024,0.38391,0.6198,,,,
SLE,1970,0.13509,2.1119,,,,
SLE,1971,0.13264,2.1373,,,,
SLE,1972,0.12958,2.1668,,,,
SLE,1973,0.13157,2.1884,,,,
SLE,1974,0.13919,2.255,,,,
SLE,1975,0.14187,2.3404,,,,
SLE,1976,0.14438,2.4101,,,,
SLE,1977,0.14669,2.4625,,,,
SLE,1978,0.14618,2.5236,,,,
SLE,1979,0.16511,2.5163,,,,
SLE,1980,0.15892,2.538,,,,
SLE,1981,0.14918,2.5171,,,,
SLE,1982,0.14641,2.5993,,,,
SLE,1983,0.1497,2.5601,,,,
SLE,1984,0.13744,2.5065,,,,
SLE,1985,0.14803,2.5478,,,,
SLE,1986,0.16007,2.6881,,,,
SLE,1987,0.23487,2.9887,,,,
SLE,1988,0.23213,3.0315,,,,
SLE,1989,0.19933,2.9673,,,,
SLE,1990,0.15083,3.4734,43.17898,,31267.0,3.86331
SLE,1991,0.1981,3.6776,41.09066,,31069.73,
SLE,1992,0.12469,3.3429,39.40391,,30872.46,
SLE,1993,0.12184,3.3508,38.15465,,30675.19,
SLE,1994,0.12542,3.3594,37.37877,,30477.92,
SLE,1995,0.13579,3.446,37.11216,,30280.65,
SLE,1996,0.15234,3.5093,37.56976,,30083.38,
SLE,1997,0.14559,3.5726,38.66779,,29886.11,
SLE,1998,0.15229,3.6131,39.99412,,29688.84,
SLE,1999,0.15757,3.6957,41.13663,,29491.57,
SLE,2000,0.09757,3.3908,41.68318,,29294.3,3.6263
SLE,2001,0.11708,3.4526,41.76188,,29097.03,
SLE,2002,0.11663,3.62,41.78168,,28899.76,
SLE,2003,0.11915,3.8052,41.75174,,28702.49,
SLE,2004,0.11436,3.9932,41.68122,,28505.22,
SLE,2005,0.10315,4.4614,41.57929,,28307.95,
SLE,2006,0.12652,5.099,41.02155,,28110.68,
SLE,2007,0.11605,4.6214,39.85724,,27913.41,
SLE,2008,0.10973,4.8099,38.50603,,27716.14,
SLE,2009,0.10778,5.1794,37.38756,0.24702,27518.87,
SLE,2010,0.11415,5.4572,36.92148,,27321.6,
SLE,2011,0.13596,5.861,43.13492,,27124.34,
SLE,2012,0.14874,6.1974,42.39699,,26927.08,
SLE,2013,0.16722,6.503,34.42033,,26729.82,
SLE,2014,0.17553,6.7112,36.21937,,26532.56,
SLE,2015,0.14528,6.2429,51.80617,,26335.3,3.53642
SLE,2016,0.14693,6.3195,48.70367,,26138.0,
SLE,2017,0.14156,6.3432,44.70738,,25940.7,
SLE,2018,0.16027,6.5519,44.33515,,25743.4,
SLE,2019,0.15614,6.7021,38.5921,,25546.1,
SLE,2020,0.15554,6.8742,43.22109,,25348.8,
SLE,2021,0.1819,7.8333,,,25151.5,
SLE,2022,0.17722,7.3355,,,24954.2,
SLE,2023,0.1667,7.7945,,,24756.9,
SLE,2024,0.16915,7.9285,,,,
SLV,1970,0.43674,5.3753,,,,
SLV,1971,0.42887,5.2456,,,,
SLV,1972,0.48219,5.6211,,,,
SLV,1973,0.51337,5.6235,,,,
SLV,1974,0.51084,5.757,,,,
SLV,1975,0.5611,6.0901,,,,
SLV,1976,0.55803,6.3894,,,,
SLV,1977,0.56211,6.8155,,,,
SLV,1978,0.58688,7.1986,,,,
SLV,1979,0.53627,6.9745,,,,
SLV,1980,0.44538,6.2255,,,,
SLV,1981,0.44141,6.1229,,,,
SLV,1982,0.40768,5.6362,,,,
SLV,1983,0.4138,5.7616,,,,
SLV,1984,0.39656,5.6728,,,,
SLV,1985,0.42499,6.1115,,,,
SLV,1986,0.41322,6.0747,,,,
SLV,1987,0.48435,6.6862,,,,
SLV,1988,0.46959,6.7529,,,,
SLV,1989,0.4593,6.7831,,,,
SLV,1990,0.48051,7.0834,33.25102,,7188.8,0.87842
SLV,1991,0.60223,7.9506,33.00444,,7143.8,
SLV,1992,0.66687,8.487,32.79575,,7098.8,
SLV,1993,0.71479,8.7367,32.62742,,7053.8,
SLV,1994,0.82133,9.476,32.5019,,7008.8,
SLV,1995,0.89087,9.6608,32.42168,,6963.8,
SLV,1996,0.78718,9.6054,32.4631,,6918.8,
SLV,1997,0.95853,10.7404,32.63265,,6873.8,
SLV,1998,0.99781,10.6597,32.82797,,6828.8,
SLV,1999,0.98519,10.7713,32.94667,,6783.8,
SLV,2000,0.97568,10.2699,32.88639,,6738.8,0.8982
SLV,2001,1.01143,10.8425,32.37042,,6693.8,
SLV,2002,1.01124,11.0045,31.35157,,6648.8,
SLV,2003,1.09684,11.4652,30.07171,,6603.8,
SLV,2004,1.13733,11.875,28.7727,,6558.8,
SLV,2005,1.17101,12.1479,27.69642,,6513.8,
SLV,2006,1.23104,12.6386,26.72832,,6468.8,
SLV,2007,1.29431,12.8902,25.69859,,6423.8,
SLV,2008,1.17601,12.3786,24.76622,,6378.8,
SLV,2009,1.14057,12.1013,24.09021,0.36064,6333.8,
SLV,2010,1.10818,11.7582,23.82954,,6288.8,
SLV,2011,1.15323,11.6763,27.55675,,6243.8,
SLV,2012,1.14454,11.9408,24.26178,,6198.8,
SLV,2013,1.08082,11.1291,25.80096,,6153.8,
SLV,2014,1.10572,11.615,23.56245,,6108.8,
SLV,2015,1.17485,12.1114,23.94108,,6063.8,0.8676
SLV,2016,1.18183,12.0696,22.75541,,6018.8,
SLV,2017,1.06736,11.4214,22.1066,,5973.8,
SLV,2018,1.14187,11.7398,21.08534,,5928.8,
SLV,2019,1.30286,12.7669,18.26759,,5883.8,
SLV,2020,1.06718,11.6461,20.02871,,5838.8,
SLV,2021,1.20401,12.5969,,,5793.8,
SLV,2022,1.34799,13.6027,,,5748.8,
SLV,2023,1.46387,14.3801,,,5703.8,
SLV,2024,1.5057,14.7516,,,,
SMR,1990,,,15.36933,,10.0,0.0
SMR,1991,,,15.20252,,10.0,
SMR,1992,,,15.02762,,10.0,
SMR,1993,,,14.84515,,10.0,
SMR,1994,,,14.65564,,10.0,
SMR,1995,,,14.45961,,10.0,
SMR,1996,,,14.24831,,10.0,
SMR,1997,,,14.01888,,10.0,
SMR,1998,,,13.78063,,10.0,
SMR,1999,,,13.5429,,10.0,
SMR,2000,,,13.31499,,10.0,0.0
SMR,2001,,,13.07046,,10.0,
SMR,2002,,,12.78464,,10.0,
SMR,2003,,,12.46958,,10.0,
SMR,2004,,,12.13732,,10.0,
SMR,2005,,,11.79992,,10.0,
SMR,2006,,,11.3883,,10.0,
SMR,2007,,,10.8926,,10.0,
SMR,2008,,,10.41366,,10.0,
SMR,2009,,,10.05233,,10.0,
SMR,2010,,,9.90948,,10.0,
SMR,2011,,,10.69772,,10.0,
SMR,2012,,,10.45794,,10.0,
SMR,2013,,,10.26137,,10.0,
SMR,2014,,,10.72479,,10.0,
SMR,2015,,,11.03418,,10.0,0.0
SMR,2016,,,10.79652,,10.0,
SMR,2017,,,11.13788,,10.0,
SMR,2018,,,11.71602,,10.0,
SMR,2019,,,10.49382,,10.0,
SMR,2020,,,10.6909,,10.0,
SMR,2021,,,,,10.0,
SMR,2022,,,,,10.0,
SMR,2023,,,,,10.0,
SOM,1970,0.15282,18.5808,,,,
SOM,1971,0.14887,18.4464,,,,
SOM,1972,0.14428,18.8002,,,,
SOM,1973,0.14537,18.6359,,,,
SOM,1974,0.15285,18.3735,,,,
SOM,1975,0.15495,19.778,,,,
SOM,1976,0.15683,19.7526,,,,
SOM,1977,0.15832,21.0734,,,,
SOM,1978,0.15003,22.6551,,,,
SOM,1979,0.153,22.6969,,,,
SOM,1980,0.13804,22.6225,,,,
SOM,1981,0.15239,23.5541,,,,
SOM,1982,0.13954,24.2086,,,,
SOM,1983,0.14463,23.5766,,,,
SOM,1984,0.13912,23.9838,,,,
SOM,1985,0.13174,24.7584,,,,
SOM,1986,0.14548,25.109,,,,
SOM,1987,0.14413,26.041,,,,
SOM,1988,0.12997,27.0599,,,,
SOM,1989,0.1253,26.8906,,,,
SOM,1990,0.08876,25.6664,22.51187,,82825.0,3.73652
SOM,1991,0.0703,22.8635,19.72124,,82057.5,
SOM,1992,0.05815,20.9865,17.80132,,81290.0,
SOM,1993,0.05797,22.9439,16.60816,,80522.5,
SOM,1994,0.05493,24.7616,15.99782,,79755.0,
SOM,1995,0.05444,25.5318,15.82636,,78987.5,
SOM,1996,0.05434,26.1921,17.14539,,78220.0,
SOM,1997,0.05216,26.7803,20.29076,,77452.5,
SOM,1998,0.05125,26.897,24.04492,,76685.0,
SOM,1999,0.05133,27.5764,27.1903,,75917.5,
SOM,2000,0.07075,28.3012,28.50933,,75150.0,3.63204
SOM,2001,0.07204,28.8167,27.89015,,74382.5,
SOM,2002,0.07732,29.3839,26.41364,,73615.0,
SOM,2003,0.07593,29.9209,24.65136,,72847.5,
SOM,2004,0.07218,30.4318,23.17485,,72080.0,
SOM,2005,0.07087,31.173,22.55567,,71312.5,
SOM,2006,0.07101,30.3038,22.59636,,70545.0,
SOM,2007,0.06974,29.0701,22.73109,,69777.5,
SOM,2008,0.06543,29.5283,22.97879,,69010.0,
SOM,2009,0.06484,29.8965,23.35845,4.60369,68242.5,
SOM,2010,0.06431,30.2512,23.889,,67475.0,
SOM,2011,0.06384,30.6435,27.74333,,66707.5,
SOM,2012,0.06246,30.9248,29.22352,,65940.0,
SOM,2013,0.06082,31.0797,27.54794,,65172.5,
SOM,2014,0.05796,31.324,25.44049,,64405.0,
SOM,2015,0.05957,31.4476,24.73237,,63637.5,3.51774
SOM,2016,0.05839,31.8113,25.30114,,62870.0,
SOM,2017,0.05609,32.0384,26.64047,,62102.5,
SOM,2018,0.05541,32.58,27.08885,,61335.0,
SOM,2019,0.0528,33.1088,22.83604,,60567.5,
SOM,2020,0.04742,33.5084,24.52511,,59800.0,
SOM,2021,0.04732,33.3842,,,59032.5,
SOM,2022,0.04679,33.6447,,,58265.0,
SOM,2023,0.04628,34.2447,,,57497.5,
SOM,2024,0.04551,34.4169,,,,
SRB,1990,,,34.29467,,,0.0
SRB,1991,,,34.07956,,,
SRB,1992,,,33.84297,,,
SRB,1993,,,33.58692,,,
SRB,1994,,,33.31343,,,
SRB,1995,,,33.02451,,,
SRB,1996,,,32.62527,,,
SRB,1997,,,32.11158,,,
SRB,1998,,,31.62163,,,
SRB,1999,,,31.2936,,,
SRB,2000,,,31.26569,,,0.0
SRB,2001,,,31.58793,,,
SRB,2002,,,32.11309,,,
SRB,2003,,,32.68346,,,
SRB,2004,,,33.14134,,,
SRB,2005,,,33.32902,,,
SRB,2006,,,33.11847,,26118.0,
SRB,2007,,,32.61639,,26371.0,
SRB,2008,,,32.01713,,26624.0,
SRB,2009,,,31.51505,0.01066,26877.0,
SRB,2010,,,31.3045,,27130.0,
SRB,2011,,,33.95589,,27143.06,
SRB,2012,,,30.38465,,27156.12,
SRB,2013,,,28.45614,,27169.18,
SRB,2014,,,28.03673,,27182.24,
SRB,2015,,,27.86327,,27195.3,0.0
SRB,2016,,,25.53395,,27201.8,
SRB,2017,,,26.28231,,27218.6,
SRB,2018,,,27.12834,,27220.0,
SRB,2019,,,22.63626,,27222.2,
SRB,2020,,,22.50754,,27226.5,
SRB,2021,,,,,27229.4,
SRB,2022,,,,,27233.233,
SRB,2023,,,,,27236.444,
SSD,1990,,,33.46237,,,0.0
SSD,1991,,,31.76924,,,
SSD,1992,,,30.65957,,,
SSD,1993,,,30.01433,,,
SSD,1994,,,29.71449,,,
SSD,1995,,,29.64099,,,
SSD,1996,,,30.55526,,,
SSD,1997,,,32.73544,,,
SSD,1998,,,35.33759,,,
SSD,1999,,,37.51777,,,
SSD,2000,,,38.43204,,,0.0
SSD,2001,,,38.28068,,,
SSD,2002,,,37.91029,,,
SSD,2003,,,37.44638,,,
SSD,2004,,,37.01448,,,
SSD,2005,,,36.74009,,,
SSD,2006,,,36.57749,,,
SSD,2007,,,36.41221,,,
SSD,2008,,,36.26672,,,
SSD,2009,,,36.16348,,,
SSD,2010,,,36.12494,,,
SSD,2011,,,38.37701,,,
SSD,2012,,,39.05813,,71570.0,
SSD,2013,,,37.47379,,71570.0,
SSD,2014,,,31.49653,,71570.0,
SSD,2015,,,38.25936,,71570.0,0.0
SSD,2016,,,35.29854,,71570.0,
SSD,2017,,,35.066,,71570.0,
SSD,2018,,,34.38956,,71570.0,
SSD,2019,,,33.35998,,71570.0,
SSD,2020,,,30.73735,,71570.0,
SSD,2021,,,,,71570.0,
SSD,2022,,,,,71570.0,
SSD,2023,,,,,71570.0,
STP,1970,0.1855,0.0342,,,,
STP,1971,0.18152,0.0341,,,,
STP,1972,0.17645,0.0336,,,,
STP,1973,0.17875,0.0348,,,,
STP,1974,0.18896,0.0357,,,,
STP,1975,0.19145,0.0374,,,,
STP,1976,0.19343,0.0395,,,,
STP,1977,0.19496,0.04,,,,
STP,1978,0.19298,0.0407,,,,
STP,1979,0.21714,0.0437,,,,
STP,1980,0.20803,0.0435,,,,
STP,1981,0.1958,0.0443,,,,
STP,1982,0.17852,0.043,,,,
STP,1983,0.19161,0.0456,,,,
STP,1984,0.1814,0.0459,,,,
STP,1985,0.1767,0.0463,,,,
STP,1986,0.19883,0.0496,,,,
STP,1987,0.273,0.0596,,,,
STP,1988,0.24457,0.0577,,,,
STP,1989,0.21921,0.0561,,,,
STP,1990,0.31387,0.0833,24.26468,,586.2,1.92701
STP,1991,0.40892,0.0981,23.17711,,585.94,
STP,1992,0.33955,0.0911,22.3515,,585.68,
STP,1993,0.32499,0.0905,21.77619,,585.42,
STP,1994,0.38951,0.1015,21.43955,,585.16,
STP,1995,0.39438,0.1048,21.32992,,584.9,
STP,1996,0.4023,0.108,21.67262,,584.64,
STP,1997,0.39375,0.1088,22.49509,,584.38,
STP,1998,0.39787,0.1111,23.48893,,584.12,
STP,1999,0.40999,0.1181,24.34573,,583.86,
STP,2000,0.37981,0.1158,24.75708,,583.6,1.96844
STP,2001,0.38121,0.1157,24.83362,,583.34,
STP,2002,0.42956,0.1267,24.89177,,583.08,
STP,2003,0.4746,0.1377,24.93182,,582.82,
STP,2004,0.52376,0.148,24.95406,,582.56,
STP,2005,0.55247,0.1568,24.95879,,582.3,
STP,2006,0.57475,0.1635,24.64273,,582.04,
STP,2007,0.57631,0.1667,23.89467,,581.78,
STP,2008,0.60244,0.1756,23.00299,,581.52,
STP,2009,0.64435,0.1883,22.25605,,581.26,
STP,2010,0.67986,0.1984,21.94224,,581.0,
STP,2011,0.6857,0.2036,23.0858,,574.8,
STP,2012,0.70102,0.2103,20.53144,,568.6,
STP,2013,0.69066,0.2137,21.96742,,562.4,
STP,2014,0.66881,0.2144,19.66306,,556.2,
STP,2015,0.70248,0.2251,26.15007,,550.0,2.02929
STP,2016,0.71874,0.2333,25.73424,,543.8,
STP,2017,0.72039,0.2384,21.30752,,537.6,
STP,2018,0.72554,0.2425,20.0157,,531.4,
STP,2019,0.74558,0.2518,21.65567,,525.2,
STP,2020,0.70872,0.2487,27.33575,,519.0,
STP,2021,0.71319,0.2513,,,512.8,
STP,2022,0.62394,0.2365,,,506.6,
STP,2023,0.63066,0.2421,,,500.4,
STP,2024,0.62708,0.2455,,,,
SUR,1970,1.65243,1.7594,,,,
SUR,1971,1.60079,1.7617,,,,
SUR,1972,1.8165,1.7242,,,,
SUR,1973,1.8968,1.948,,,,
SUR,1974,1.71867,1.8735,,,,
SUR,1975,1.92218,1.7666,,,,
SUR,1976,1.8409,1.8377,,,,
SUR,1977,2.03289,1.9987,,,,
SUR,1978,2.10195,2.1471,,,,
SUR,1979,2.09904,2.1503,,,,
SUR,1980,2.06379,2.2122,,,,
SUR,1981,1.75066,2.0107,,,,
SUR,1982,1.54586,2.0104,,,,
SUR,1983,1.13084,1.8083,,,,
SUR,1984,0.98981,1.6767,,,,
SUR,1985,1.26934,1.8099,,,,
SUR,1986,1.26756,1.8316,,,,
SUR,1987,0.99443,1.5381,,,,
SUR,1988,1.1951,1.641,,,,
SUR,1989,1.39933,1.8486,,,,
SUR,1990,2.66089,2.2134,29.71571,,153776.3,71.16088
SUR,1991,3.01653,2.4613,29.55341,,153739.54,
SUR,1992,2.93303,2.5984,29.46465,,153702.78,
SUR,1993,2.93381,2.4765,29.43575,,153666.02,
SUR,1994,2.92891,2.4388,29.453,,153629.26,
SUR,1995,2.93571,2.4759,29.50273,,153592.5,
SUR,1996,2.83732,2.4856,29.82234,,153555.74,
SUR,1997,2.86073,2.4583,30.49482,,153518.98,
SUR,1998,2.8478,2.4707,31.27484,,153482.22,
SUR,1999,2.73175,2.3954,31.91709,,153445.46,
SUR,2000,3.10547,2.5281,32.17624,,153408.7,71.8342
SUR,2001,3.12521,2.5483,31.536,,153367.69,
SUR,2002,2.25193,1.9677,30.00887,,153326.68,
SUR,2003,2.43832,2.1888,28.14274,,153285.67,
SUR,2004,2.71227,2.3325,26.48552,,153244.66,
SUR,2005,3.25199,2.6045,25.58509,,153203.65,
SUR,2006,2.91697,2.4806,25.34039,,153162.64,
SUR,2007,2.66433,2.3731,25.22407,,153121.63,
SUR,2008,2.71775,2.4588,25.1446,,153080.62,
SUR,2009,2.67124,2.5673,25.01042,0.33984,153039.61,
SUR,2010,3.18172,2.8783,24.73,,152998.6,
SUR,2011,3.51736,3.1134,23.13423,,152902.22,
SUR,2012,4.34546,3.5822,26.35645,,152805.84,
SUR,2013,4.02148,3.4655,25.04736,,152709.46,
SUR,2014,4.55565,3.8349,25.57949,,152613.08,
SUR,2015,4.68702,3.9231,27.42114,,152516.7,71.28306
SUR,2016,5.03729,4.1935,27.03353,,152403.2,
SUR,2017,4.12725,3.6574,26.77979,,152330.2,
SUR,2018,3.58825,3.3176,29.66419,,152207.8,
SUR,2019,4.39327,3.8786,29.99041,,152085.3,
SUR,2020,4.25335,3.7911,27.30597,,151962.9,
SUR,2021,4.40058,3.9148,,,151840.433,
SUR,2022,4.59398,3.9564,,,151718.011,
SUR,2023,3.96892,3.5867,,,151595.559,
SUR,2024,4.06112,3.6666,,,,
SVK,1970,9.67284,56.314,,,,
SVK,1971,9.62326,56.4929,,,,
SVK,1972,9.70345,57.3436,,,,
SVK,1973,9.90763,58.6091,,,,
SVK,1974,9.96564,59.2402,,,,
SVK,1975,10.16443,60.6335,,,,
SVK,1976,10.26671,61.4926,,,,
SVK,1977,10.57876,63.7007,,,,
SVK,1978,11.74541,70.3615,,,,
SVK,1979,11.88466,71.6002,,,,
SVK,1980,12.60139,75.6788,,,,
SVK,1981,12.13019,73.6416,,,,
SVK,1982,11.68915,71.9061,,,,
SVK,1983,11.5602,71.8626,,,,
SVK,1984,11.90947,74.2323,,,,
SVK,1985,11.78247,73.7866,,,,
SVK,1986,11.16679,71.1592,,,,
SVK,1987,11.45564,72.7911,,,,
SVK,1988,11.59567,74.1888,,,,
SVK,1989,11.45727,73.7391,,,,
SVK,1990,11.44228,73.8447,26.10792,,,0.0
SVK,1991,9.93132,64.2775,26.10991,,,
SVK,1992,9.27479,59.5674,26.00363,,,
SVK,1993,9.04532,57.803,25.80825,,19021.59,
SVK,1994,8.49166,54.851,25.54293,,19020.52,
SVK,1995,8.53439,54.8369,25.22684,,19019.45,
SVK,1996,8.5587,55.3777,24.60444,,19018.38,
SVK,1997,8.46391,54.6771,23.60814,,19017.31,
SVK,1998,8.28618,53.7674,22.53904,,19016.24,
SVK,1999,8.13349,52.6129,21.69824,,19015.17,
SVK,2000,7.73551,50.482,21.38684,,19014.1,0.0
SVK,2001,7.80434,51.0583,21.62785,,19030.6,
SVK,2002,7.80217,50.5961,22.12497,,19047.1,
SVK,2003,7.89001,51.2172,22.70031,,19063.6,
SVK,2004,7.78811,50.9486,23.17596,,19080.1,
SVK,2005,7.86263,51.0954,23.37404,,19096.6,
SVK,2006,7.8645,51.3174,23.17578,,19113.1,
SVK,2007,7.69077,50.2455,22.703,,19129.6,
SVK,2008,7.65206,50.1037,22.13871,,19146.1,
SVK,2009,6.91125,45.7646,21.66592,0.04493,19162.6,
SVK,2010,7.40271,49.1014,21.46766,,19179.1,
SVK,2011,7.01956,47.48,22.55586,,19186.78,
SVK,2012,6.677,45.3814,20.34218,,19194.46,
SVK,2013,6.72042,45.8419,19.58089,,19202.14,
SVK,2014,6.27282,43.0451,19.2661,,19209.82,
SVK,2015,6.36565,43.9296,19.18675,,19217.5,0.0
SVK,2016,6.52659,44.8014,17.8788,,19233.7,
SVK,2017,6.93642,47.0651,18.18475,,19259.0,
SVK,2018,6.83757,46.6697,18.67878,,19259.0,
SVK,2019,6.38182,44.0185,15.83712,,19259.0,
SVK,2020,5.98002,41.9962,15.39162,,19259.0,
SVK,2021,6.72786,46.3719,,,19259.0,
SVK,2022,6.11013,42.5243,,,19259.0,
SVK,2023,5.73978,40.3077,,,19259.0,
SVK,2024,5.51312,39.0008,,,,
SVN,1970,5.61641,13.9826,,,,
SVN,1971,5.59156,14.3121,,,,
SVN,1972,5.40077,13.9132,,,,
SVN,1973,6.10903,15.4256,,,,
SVN,1974,6.55154,16.5766,,,,
SVN,1975,6.42586,16.6477,,,,
SVN,1976,6.06477,16.1901,,,,
SVN,1977,6.54665,17.2264,,,,
SVN,1978,6.88659,18.1274,,,,
SVN,1979,7.15458,18.8214,,,,
SVN,1980,7.26276,19.1384,,,,
SVN,1981,5.83898,16.7716,,,,
SVN,1982,5.83437,17.0615,,,,
SVN,1983,7.21576,19.8557,,,,
SVN,1984,7.17805,20.1034,,,,
SVN,1985,6.96045,19.6766,,,,
SVN,1986,6.82459,19.5351,,,,
SVN,1987,6.41595,19.111,,,,
SVN,1988,8.5558,23.3598,,,,
SVN,1989,7.9475,22.0654,,,,
SVN,1990,7.34981,21.0741,25.12692,,,1.09357
SVN,1991,6.87331,19.7371,25.00669,,,
SVN,1992,6.64754,18.7922,24.80931,,11970.0,
SVN,1993,7.01671,19.3457,24.54843,,12015.0,
SVN,1994,7.07575,19.177,24.23773,,12060.0,
SVN,1995,7.52209,20.079,23.89085,,12105.0,
SVN,1996,7.90389,20.7356,23.32666,,12150.0,
SVN,1997,8.16418,21.5071,22.50566,,12195.0,
SVN,1998,8.09041,21.3464,21.65395,,12240.0,
SVN,1999,7.80265,20.7277,20.99767,,12285.0,
SVN,2000,7.58902,20.5107,20.76294,,12330.0,1.20237
SVN,2001,8.51691,22.3482,20.9342,,12344.0,
SVN,2002,8.66214,22.9941,21.26822,,12358.0,
SVN,2003,8.58066,22.8311,21.64965,,12372.0,
SVN,2004,8.71267,23.3656,21.96311,,12386.0,
SVN,2005,8.81606,23.5076,22.09323,,12400.0,
SVN,2006,8.94159,23.5878,21.76548,,12414.0,
SVN,2007,8.88722,23.5153,20.98391,,12428.0,
SVN,2008,9.34822,24.1343,20.05108,,12442.0,
SVN,2009,8.28056,21.8701,19.26951,0.0,12456.0,
SVN,2010,8.37691,22.0039,18.94176,,12470.0,
SVN,2011,7.8327,21.0234,20.69735,,12472.0,
SVN,2012,7.54293,20.3663,18.34302,,12474.0,
SVN,2013,7.52978,20.324,18.16324,,12476.0,
SVN,2014,6.8507,18.6784,17.79704,,12478.0,
SVN,2015,6.9274,18.888,17.72093,,12480.0,1.38309
SVN,2016,7.27283,19.792,16.45178,,12459.7,
SVN,2017,7.42566,20.0988,16.5027,,12439.3,
SVN,2018,7.44975,20.0332,18.18016,,12419.0,
SVN,2019,7.09931,19.3546,13.90822,,12398.6,
SVN,2020,6.44049,18.0238,14.29115,,12378.3,
SVN,2021,6.57475,18.1905,,,12357.933,
SVN,2022,6.3394,17.4982,,,12337.611,
SVN,2023,5.95088,16.6771,,,12317.259,
SVN,2024,6.26652,17.3369,,,,
SWE,1970,11.95787,114.711,,,,
SWE,1971,10.98703,107.6736,,,,
SWE,1972,10.97927,107.9386,,,,
SWE,1973,11.09412,109.5438,,,,
SWE,1974,10.23263,102.7112,,,,
SWE,1975,10.41038,104.3628,,,,
SWE,1976,11.2361,111.3763,,,,
SWE,1977,10.72191,107.3883,,,,
SWE,1978,10.02556,102.1462,,,,
SWE,1979,10.38244,105.5547,,,,
SWE,1980,9.46169,97.969,,,,
SWE,1981,8.53777,90.3166,,,,
SWE,1982,7.79644,84.0071,,,,
SWE,1983,7.09309,78.3406,,,,
SWE,1984,7.02603,78.0603,,,,
SWE,1985,7.49164,81.8298,,,,
SWE,1986,7.67207,82.7548,,,,
SWE,1987,7.41257,80.4581,,,,
SWE,1988,7.17046,78.4566,,,,
SWE,1989,6.7848,75.8323,,,,
SWE,1990,6.67642,75.2519,11.12076,,280630.0,5.0934
SWE,1991,6.68839,75.4662,10.92948,,280730.0,
SWE,1992,6.94366,78.2562,10.74625,,280830.0,
SWE,1993,6.91239,78.697,10.57051,,280930.0,
SWE,1994,7.16832,81.6286,10.40168,,281030.0,
SWE,1995,7.09673,81.0279,10.2392,,281130.0,
SWE,1996,7.66378,86.4905,10.10382,,281230.0,
SWE,1997,6.98574,80.4368,10.00271,,281330.0,
SWE,1998,7.11837,81.3802,9.91489,,281430.0,
SWE,1999,6.96389,79.797,9.81939,,281530.0,
SWE,2000,6.53555,76.1995,9.69526,,281630.0,5.11664
SWE,2001,6.52638,75.7426,9.49613,,281540.0,
SWE,2002,6.65423,77.1165,9.22156,,281450.0,
SWE,2003,6.65964,77.2382,8.91945,,281360.0,
SWE,2004,6.45636,75.6856,8.63773,,281270.0,
SWE,2005,6.03944,71.9241,8.42428,,281180.0,
SWE,2006,6.06778,72.1766,8.25716,,281090.0,
SWE,2007,5.77643,69.7622,8.09484,,281000.0,
SWE,2008,5.60895,68.0879,7.95591,,280910.0,
SWE,2009,5.04604,63.0904,7.85893,0.0,280820.0,
SWE,2010,5.63903,69.1866,7.82248,,280730.0,
SWE,2011,5.12869,64.633,7.91244,,280544.0,
SWE,2012,4.80375,61.748,6.60906,,280358.0,
SWE,2013,4.57987,59.711,6.56223,,280172.0,
SWE,2014,4.412,58.3613,6.77229,,279986.0,
SWE,2015,4.37801,58.3909,6.30261,,279800.0,5.12805
SWE,2016,4.28193,58.0175,5.69783,,279800.0,
SWE,2017,4.15962,57.3362,6.0618,,279800.0,
SWE,2018,3.89656,54.8468,6.29086,,279800.0,
SWE,2019,3.84235,54.9209,6.06869,,279800.0,
SWE,2020,3.67402,53.7054,5.63671,,279800.0,
SWE,2021,3.88626,55.8177,,,279800.0,
SWE,2022,3.59996,52.8307,,,279800.0,
SWE,2023,3.48008,51.4013,,,279800.0,
SWE,2024,3.57382,52.5658,,,,
SWZ,1970,0.58248,1.8589,,,,
SWZ,1971,0.5671,1.8736,,,,
SWZ,1972,0.56549,1.9437,,,,
SWZ,1973,0.57615,2.0045,,,,
SWZ,1974,0.58561,2.0449,,,,
SWZ,1975,0.64333,2.1236,,,,
SWZ,1976,0.61204,2.1938,,,,
SWZ,1977,0.59277,2.1604,,,,
SWZ,1978,1.08372,2.5718,,,,
SWZ,1979,1.05042,2.6253,,,,
SWZ,1980,1.03663,2.6499,,,,
SWZ,1981,0.94389,2.6142,,,,
SWZ,1982,0.92229,2.5852,,,,
SWZ,1983,0.66878,2.4404,,,,
SWZ,1984,0.73415,2.4473,,,,
SWZ,1985,0.81394,2.5939,,,,
SWZ,1986,0.86331,2.697,,,,
SWZ,1987,0.87116,2.6935,,,,
SWZ,1988,0.88722,2.7325,,,,
SWZ,1989,0.88792,2.8259,,,,
SWZ,1990,1.2675,3.2217,24.03028,,4611.4,0.0
SWZ,1991,1.20074,3.2955,24.15349,,4623.54,
SWZ,1992,0.96797,3.1473,24.23324,,4635.68,
SWZ,1993,0.84463,2.7879,24.27715,,4647.82,
SWZ,1994,1.50307,3.5441,24.29287,,4659.96,
SWZ,1995,1.461,3.5188,24.28804,,4672.1,
SWZ,1996,1.14715,3.3025,24.23733,,4684.24,
SWZ,1997,1.14898,3.3698,24.12042,,4696.38,
SWZ,1998,1.15598,3.3184,23.95241,,4708.52,
SWZ,1999,1.22761,3.533,23.7484,,4720.66,
SWZ,2000,1.05395,3.255,23.5235,,4732.8,0.0
SWZ,2001,1.05798,3.1169,23.10924,,4744.95,
SWZ,2002,1.02177,3.1423,22.45442,,4757.1,
SWZ,2003,0.94188,3.1815,21.75,,4769.25,
SWZ,2004,0.9267,3.2144,21.18695,,4781.4,
SWZ,2005,0.91833,3.187,20.95623,,4793.55,
SWZ,2006,0.92112,3.1102,21.04365,,4805.7,
SWZ,2007,0.94654,3.1883,21.25342,,4817.85,
SWZ,2008,0.92251,3.1209,21.50407,,4830.0,
SWZ,2009,0.94946,3.0837,21.71416,9.22659,4842.15,
SWZ,2010,0.76967,2.7882,21.80224,,4854.3,
SWZ,2011,0.73303,2.6629,20.66141,,4866.44,
SWZ,2012,0.72162,2.6757,21.13946,,4878.58,
SWZ,2013,0.85195,2.8859,20.97359,,4890.72,
SWZ,2014,0.865,2.8963,20.78155,,4902.86,
SWZ,2015,0.85832,2.8931,21.04862,,4915.0,0.0
SWZ,2016,0.91074,2.9365,18.92038,,4927.2,
SWZ,2017,0.91677,2.9081,20.26132,,4939.3,
SWZ,2018,0.90861,2.9151,20.42433,,4951.4,
SWZ,2019,0.9629,3.0111,21.16664,,4963.5,
SWZ,2020,0.80538,2.8571,18.78312,,4975.6,
SWZ,2021,0.81983,2.9059,,,4987.7,
SWZ,2022,0.88316,3.0492,,,4999.8,
SWZ,2023,0.87639,2.9217,,,5011.9,
SWZ,2024,0.88034,2.9298,,,,
SXM,1990,,,,,,8.63183
SXM,2000,,,,,,8.72275
SXM,2011,,,,,3.7,
SXM,2012,,,,,3.7,
SXM,2013,,,,,3.7,
SXM,2014,,,,,3.7,
SXM,2015,,,,,3.7,8.05551
SXM,2016,,,,,3.7,
SXM,2017,,,,,3.7,
SXM,2018,,,,,3.7,
SXM,2019,,,,,3.7,
SXM,2020,,,,,3.7,
SXM,2021,,,,,3.7,
SXM,2022,,,,,3.7,
SXM,2023,,,,,3.7,
SYC,1970,1.9944,0.1301,,,,
SYC,1971,1.95447,0.1338,,,,
SYC,1972,1.89902,0.1355,,,,
SYC,1973,1.93525,0.1409,,,,
SYC,1974,2.05223,0.1517,,,,
SYC,1975,2.08291,0.1586,,,,
SYC,1976,2.11722,0.1646,,,,
SYC,1977,2.14612,0.1695,,,,
SYC,1978,2.16734,0.1735,,,,
SYC,1979,2.48221,0.1962,,,,
SYC,1980,2.41381,0.195,,,,
SYC,1981,1.82713,0.1596,,,,
SYC,1982,1.54472,0.142,,,,
SYC,1983,2.9222,0.2325,,,,
SYC,1984,2.95131,0.236,,,,
SYC,1985,3.06235,0.2459,,,,
SYC,1986,3.00219,0.2438,,,,
SYC,1987,4.29641,0.3422,,,,
SYC,1988,5.82649,0.4504,,,,
SYC,1989,5.54889,0.4334,,,,
SYC,1990,3.82551,0.3175,8.72501,,337.0,29.41609
SYC,1991,5.38906,0.4349,8.98729,,337.0,
SYC,1992,4.51083,0.3731,9.2328,,337.0,
SYC,1993,4.43442,0.375,9.45788,,337.0,
SYC,1994,4.30294,0.3743,9.65889,,337.0,
SYC,1995,4.51503,0.3956,9.83218,,337.0,
SYC,1996,4.60761,0.4078,9.99836,,337.0,
SYC,1997,4.7996,0.4278,10.16596,,337.0,
SYC,1998,4.81572,0.4369,10.31316,,337.0,
SYC,1999,4.92725,0.4539,10.41817,,337.0,
SYC,2000,9.29977,0.8185,10.45918,,337.0,29.21504
SYC,2001,10.32241,0.903,10.43722,,337.0,
SYC,2002,9.06083,0.8229,10.37541,,337.0,
SYC,2003,9.24367,0.83,10.28507,,337.0,
SYC,2004,12.87057,1.1328,10.17754,,337.0,
SYC,2005,11.63798,1.0347,10.06415,,337.0,
SYC,2006,12.40544,1.1228,9.88101,,337.0,
SYC,2007,10.20192,0.9387,9.60702,,337.0,
SYC,2008,10.59386,0.9939,9.31776,,337.0,
SYC,2009,11.68641,1.0957,9.08878,0.07802,337.0,
SYC,2010,10.21499,0.9908,8.99566,,337.0,
SYC,2011,8.93974,0.8543,10.48363,,337.0,
SYC,2012,10.04043,0.9629,9.81981,,337.0,
SYC,2013,8.9195,0.878,9.65594,,337.0,
SYC,2014,10.13693,1.0063,9.06746,,337.0,
SYC,2015,10.56316,1.0695,9.00175,,337.0,28.48318
SYC,2016,11.62162,1.1897,9.91223,,337.0,
SYC,2017,12.028,1.2448,9.84795,,337.0,
SYC,2018,10.38941,1.0934,9.35591,,337.0,
SYC,2019,9.16569,0.9828,9.43412,,337.0,
SYC,2020,8.51902,0.9284,8.49984,,337.0,
SYC,2021,7.94092,0.8797,,,337.0,
SYC,2022,7.02714,0.9373,,,337.0,
SYC,2023,7.00909,0.9352,,,337.0,
SYC,2024,7.23668,0.9764,,,,
SYR,1970,0.99348,15.601,,,,
SYR,1971,0.9656,15.6032,,,,
SYR,1972,0.89972,15.9856,,,,
SYR,1973,0.82678,15.2779,,,,
SYR,1974,1.08777,18.612,,,,
SYR,1975,1.23037,23.3192,,,,
SYR,1976,1.36664,25.5407,,,,
SYR,1977,1.45214,25.9972,,,,
SYR,1978,1.43871,27.3978,,,,
SYR,1979,1.77112,29.9115,,,,
SYR,1980,1.60438,29.9049,,,,
SYR,1981,1.74572,32.2411,,,,
SYR,1982,1.99952,35.1853,,,,
SYR,1983,2.2831,39.6403,,,,
SYR,1984,2.46971,42.3454,,,,
SYR,1985,2.15127,40.1197,,,,
SYR,1986,2.16659,42.0868,,,,
SYR,1987,2.6587,50.9262,,,,
SYR,1988,2.52171,52.9082,,,,
SYR,1989,2.35422,55.9274,,,,
SYR,1990,2.62373,63.399,25.87325,,3720.8,0.50994
SYR,1991,2.782,71.8428,26.1112,,3780.8,
SYR,1992,2.68051,71.2545,26.25414,,3840.8,
SYR,1993,2.67269,75.2307,26.32574,,3900.8,
SYR,1994,2.73663,78.2175,26.34964,,3960.8,
SYR,1995,2.77166,79.8086,26.34951,,4020.8,
SYR,1996,2.89836,82.8209,25.99549,,4080.8,
SYR,1997,2.81076,81.5829,25.15744,,4140.8,
SYR,1998,2.90859,83.5982,24.15862,,4200.8,
SYR,1999,2.78581,82.8496,23.32228,,4260.8,
SYR,2000,2.75887,84.9531,22.97167,,4320.8,0.45539
SYR,2001,2.69851,77.6545,23.03977,,4380.8,
SYR,2002,2.62348,73.3106,23.22661,,4440.8,
SYR,2003,2.57036,73.7468,23.50599,,4500.8,
SYR,2004,2.61941,74.7096,23.85169,,4560.8,
SYR,2005,3.12583,86.6424,24.23753,,4620.8,
SYR,2006,3.13534,88.4347,25.00049,,4680.8,
SYR,2007,3.1135,92.3729,26.24555,,4740.8,
SYR,2008,3.08179,92.0369,27.5985,,4800.8,
SYR,2009,2.83975,89.2459,28.68509,0.50777,4860.8,
SYR,2010,2.78848,88.7864,29.1311,,4920.8,
SYR,2011,2.56219,84.4324,25.68587,,4980.8,
SYR,2012,2.03199,66.593,24.55,,5040.8,
SYR,2013,1.43975,47.9008,26.31516,,5100.8,
SYR,2014,1.52845,47.0355,25.73242,,5160.8,
SYR,2015,1.44846,43.7198,26.9795,,5220.8,0.39565
SYR,2016,1.3482,41.3362,25.57062,,5220.8,
SYR,2017,1.61671,46.2696,24.58144,,5220.8,
SYR,2018,1.7369,47.8015,25.95908,,5220.8,
SYR,2019,1.63692,47.3415,26.47256,,5220.8,
SYR,2020,1.50832,46.3394,24.70584,,5220.8,
SYR,2021,1.48118,46.2861,,,5220.8,
SYR,2022,1.38747,45.6991,,,5220.0,
SYR,2023,1.32899,46.5307,,,5220.8,
SYR,2024,1.27468,47.1656,,,,
TCA,1970,0.58232,0.0045,,,,
TCA,1971,0.57351,0.0047,,,,
TCA,1972,0.67625,0.0054,,,,
TCA,1973,0.65681,0.0055,,,,
TCA,1974,0.57389,0.0051,,,,
TCA,1975,0.66533,0.0059,,,,
TCA,1976,0.58559,0.0056,,,,
TCA,1977,0.62646,0.0061,,,,
TCA,1978,0.60709,0.0061,,,,
TCA,1979,0.58856,0.0061,,,,
TCA,1980,0.55526,0.0061,,,,
TCA,1981,0.53111,0.0062,,,,
TCA,1982,0.47005,0.0061,,,,
TCA,1983,0.43693,0.0062,,,,
TCA,1984,0.46118,0.0068,,,,
TCA,1985,0.44113,0.0071,,,,
TCA,1986,0.44261,0.0074,,,,
TCA,1987,0.45362,0.0079,,,,
TCA,1988,0.47332,0.0085,,,,
TCA,1989,0.46458,0.0089,,,,
TCA,1990,0.43634,0.0092,,,105.2,31.36617
TCA,1991,0.41447,0.0095,,,105.2,
TCA,1992,0.39322,0.0099,,,105.2,
TCA,1993,0.36635,0.0102,,,105.2,
TCA,1994,0.35555,0.0107,,,105.2,
TCA,1995,0.33218,0.011,,,105.2,
TCA,1996,0.31716,0.0112,,,105.2,
TCA,1997,0.30943,0.0114,,,105.2,
TCA,1998,0.33116,0.0123,,,105.2,
TCA,1999,0.32296,0.0128,,,105.2,
TCA,2000,0.94501,0.0257,,,105.2,26.02505
TCA,2001,0.93993,0.0271,,,105.2,
TCA,2002,1.25746,0.0355,,,105.2,
TCA,2003,1.27491,0.0327,,,105.2,
TCA,2004,1.22506,0.0359,,,105.2,
TCA,2005,1.4007,0.0427,,,105.2,
TCA,2006,1.69964,0.0518,,,105.2,
TCA,2007,1.99848,0.062,,,105.2,
TCA,2008,2.14387,0.0695,,,105.2,
TCA,2009,2.28418,0.0763,,,105.2,
TCA,2010,2.46478,0.084,,,105.2,
TCA,2011,1.81223,0.0673,,,105.2,
TCA,2012,1.80534,0.0698,,,105.2,
TCA,2013,1.99388,0.0793,,,105.2,
TCA,2014,2.16833,0.0871,,,105.2,
TCA,2015,2.18549,0.0913,,,105.2,20.76364
TCA,2016,2.29936,0.0983,,,105.2,
TCA,2017,2.21231,0.0981,,,105.2,
TCA,2018,4.56459,0.2015,,,105.2,
TCA,2019,5.12209,0.2323,,,105.2,
TCA,2020,4.84162,0.225,,,105.2,
TCA,2021,4.75212,0.2243,,,105.2,
TCA,2022,4.80947,0.2295,,,105.2,
TCA,2023,4.78809,0.23,,,105.2,
TCA,2024,4.92318,0.2378,,,,
TCD,1970,0.04123,8.7495,,,,
TCD,1971,0.04042,8.8404,,,,
TCD,1972,0.03943,9.4319,,,,
TCD,1973,0.03979,8.5325,,,,
TCD,1974,0.04188,7.0965,,,,
TCD,1975,0.04252,7.3779,,,,
TCD,1976,0.04335,7.6649,,,,
TCD,1977,0.04479,8.3189,,,,
TCD,1978,0.04468,8.5961,,,,
TCD,1979,0.04992,8.8881,,,,
TCD,1980,0.04859,9.0983,,,,
TCD,1981,0.04402,9.2383,,,,
TCD,1982,0.03925,9.7929,,,,
TCD,1983,0.04009,9.7715,,,,
TCD,1984,0.01937,8.0423,,,,
TCD,1985,0.0229,8.1831,,,,
TCD,1986,0.03809,8.7597,,,,
TCD,1987,0.04603,9.2242,,,,
TCD,1988,0.02546,9.5387,,,,
TCD,1989,0.02498,9.985,,,,
TCD,1990,0.03935,11.0657,55.2776,,67300.0,0.0
TCD,1991,0.04626,17.9493,53.40546,,66923.0,
TCD,1992,0.03812,18.6912,52.01682,,66546.0,
TCD,1993,0.01928,19.2919,51.07294,,66169.0,
TCD,1994,0.02111,20.3073,50.53508,,65792.0,
TCD,1995,0.02083,21.2371,50.36449,,65415.0,
TCD,1996,0.02074,22.0874,51.04895,,65038.0,
TCD,1997,0.02069,22.8364,52.68102,,64661.0,
TCD,1998,0.02038,24.1335,54.62921,,64284.0,
TCD,1999,0.02036,25.4532,56.26198,,63907.0,
TCD,2000,0.02824,26.57,56.94783,,63530.0,0.0
TCD,2001,0.02762,27.8361,56.79777,,62707.0,
TCD,2002,0.0289,29.3279,56.41189,,61884.0,
TCD,2003,0.04187,31.4563,55.89233,,61061.0,
TCD,2004,0.04592,34.7374,55.34118,,60238.0,
TCD,2005,0.04656,36.6351,54.86058,,59415.0,
TCD,2006,0.04647,38.302,54.36683,,58592.0,
TCD,2007,0.05126,40.2218,53.78385,,57769.0,
TCD,2008,0.04223,41.978,53.22517,,56946.0,
TCD,2009,0.04184,44.0538,52.80433,2.71464,56123.0,
TCD,2010,0.04261,46.6298,52.63485,,55300.0,
TCD,2011,0.05359,48.9602,54.15042,,54020.0,
TCD,2012,0.09152,52.0802,57.12047,,52740.0,
TCD,2013,0.09607,54.7517,50.22566,,51460.0,
TCD,2014,0.09896,57.7579,46.80528,,50180.0,
TCD,2015,0.11015,62.7645,64.38275,,48900.0,0.0
TCD,2016,0.11186,66.1083,58.38595,,47690.0,
TCD,2017,0.14149,69.9762,56.25062,,46510.0,
TCD,2018,0.14941,74.1145,54.38082,,45350.0,
TCD,2019,0.14171,78.0828,51.86736,,44220.0,
TCD,2020,0.14011,82.4158,49.13885,,43130.0,
TCD,2021,0.15319,86.1413,,,42013.333,
TCD,2022,0.15524,91.5312,,,40914.444,
TCD,2023,0.15057,96.8733,,,39803.703,
TCD,2024,0.14251,101.1738,,,,
TGO,1970,0.24296,1.9678,,,,
TGO,1971,0.1607,1.7676,,,,
TGO,1972,0.17535,1.9006,,,,
TGO,1973,0.14995,1.8617,,,,
TGO,1974,0.1354,1.863,,,,
TGO,1975,0.15327,1.981,,,,
TGO,1976,0.13253,1.9542,,,,
TGO,1977,0.1704,2.0777,,,,
TGO,1978,0.18092,2.1572,,,,
TGO,1979,0.19645,2.2076,,,,
TGO,1980,0.17628,2.1005,,,,
TGO,1981,0.16558,2.1265,,,,
TGO,1982,0.18099,2.365,,,,
TGO,1983,0.12768,2.162,,,,
TGO,1984,0.13706,2.2812,,,,
TGO,1985,0.12516,2.3352,,,,
TGO,1986,0.18022,2.6612,,,,
TGO,1987,0.18964,2.8035,,,,
TGO,1988,0.18038,3.0089,,,,
TGO,1989,0.17765,3.0437,,,,
TGO,1990,0.18883,3.2488,60.04387,,13616.6,1.62992
TGO,1991,0.16975,3.1303,57.19016,,13523.404,
TGO,1992,0.12592,2.8717,55.12317,,13430.208,
TGO,1993,0.09768,2.7993,53.75526,,13337.012,
TGO,1994,0.17706,3.2532,52.99878,,13243.816,
TGO,1995,0.16718,3.2052,52.76609,,13150.62,
TGO,1996,0.24677,3.8932,53.90295,,13057.424,
TGO,1997,0.17979,3.8134,56.61393,,12964.228,
TGO,1998,0.21529,4.2199,59.8496,,12871.032,
TGO,1999,0.27081,4.7182,62.56058,,12777.836,
TGO,2000,0.2434,4.7254,63.69743,,12684.64,1.44255
TGO,2001,0.21344,4.7178,61.8376,,12655.046,
TGO,2002,0.22149,4.8943,57.40258,,12625.452,
TGO,2003,0.25889,5.2488,52.10908,,12595.858,
TGO,2004,0.2419,5.2731,47.67385,,12566.264,
TGO,2005,0.22434,5.4548,45.81359,,12536.67,
TGO,2006,0.20326,5.4302,45.87836,,12507.076,
TGO,2007,0.19681,5.4985,46.06109,,12477.482,
TGO,2008,0.24951,5.9843,46.34279,,12447.888,
TGO,2009,0.41373,7.3898,46.70449,0.50848,12418.294,
TGO,2010,0.37504,7.2961,47.1272,,12388.7,
TGO,2011,0.33501,7.2213,48.26953,,12359.1,
TGO,2012,0.31633,7.5998,53.64079,,12329.5,
TGO,2013,0.2651,7.4794,43.02192,,12299.9,
TGO,2014,0.23215,7.2483,43.06363,,12270.3,
TGO,2015,0.20174,7.2801,67.31608,,12240.7,1.13307
TGO,2016,0.27078,8.0746,60.28984,,12211.1,
TGO,2017,0.20546,7.8173,58.24505,,12181.5,
TGO,2018,0.23445,8.2848,55.10424,,12151.9,
TGO,2019,0.24876,8.7286,47.62907,,12122.3,
TGO,2020,0.27934,9.3529,51.66614,,12092.7,
TGO,2021,0.28541,9.745,,,12063.1,
TGO,2022,0.28652,10.1281,,,12033.5,
TGO,2023,0.27206,10.5451,,,12003.9,
TGO,2024,0.27615,10.8443,,,,
THA,1970,0.56083,81.6178,,,,
THA,1971,0.54801,81.3715,,,,
THA,1972,0.59813,82.4969,,,,
THA,1973,0.64994,88.437,,,,
THA,1974,0.63308,87.4681,,,,
THA,1975,0.63263,92.1404,,,,
THA,1976,0.6997,96.9889,,,,
THA,1977,0.75117,101.3272,,,,
THA,1978,0.80979,108.1406,,,,
THA,1979,0.84056,108.8251,,,,
THA,1980,0.85875,111.0716,,,,
THA,1981,0.82917,113.1769,,,,
THA,1982,0.78843,112.8395,,,,
THA,1983,0.85539,117.7201,,,,
THA,1984,0.90597,122.5296,,,,
THA,1985,0.96966,129.2239,,,,
THA,1986,0.98468,131.0306,,,,
THA,1987,1.11683,139.749,,,,
THA,1988,1.24928,152.1846,,,,
THA,1989,1.43606,166.6644,,,,
THA,1990,1.74257,183.2821,44.30089,,193610.0,9.13923
THA,1991,1.86934,197.6771,43.75986,,193247.0,
THA,1992,2.01712,208.5351,43.24413,,192884.0,
THA,1993,2.25479,223.3166,42.76273,,192521.0,
THA,1994,2.47876,239.1849,42.3247,,192158.0,
THA,1995,2.76739,255.4988,41.93906,,191795.0,
THA,1996,3.06897,275.1159,41.5721,,191432.0,
THA,1997,3.08631,279.4812,41.20398,,191069.0,
THA,1998,2.71491,255.8449,40.86455,,190706.0,
THA,1999,2.80178,265.4609,40.58368,,190343.0,
THA,2000,2.77494,266.5868,40.39123,,189980.0,11.82783
THA,2001,2.8833,278.6569,40.35065,,191055.0,
THA,2002,3.03536,291.779,40.4327,,192130.0,
THA,2003,3.12835,305.2296,40.52813,,193205.0,
THA,2004,3.3787,327.0301,40.52773,,194280.0,
THA,2005,3.47219,338.8722,40.32227,,195355.0,
THA,2006,3.49793,343.8979,39.75211,,196430.0,
THA,2007,3.54478,355.1025,38.75093,,197505.0,
THA,2008,3.53401,356.9906,37.34951,,198580.0,
THA,2009,3.40596,354.2997,35.57863,3.7511,199655.0,
THA,2010,3.59232,373.9503,33.46905,,200730.0,
THA,2011,3.57566,373.9837,29.0592,,200706.0,
THA,2012,3.81364,392.5641,31.58863,,200682.0,
THA,2013,3.95099,403.8667,34.48835,,200658.0,
THA,2014,3.88119,395.7063,29.97054,,200634.0,
THA,2015,3.99014,401.3825,28.15444,,200610.0,17.47104
THA,2016,3.9199,401.0899,30.3986,,200170.0,
THA,2017,3.94998,406.6368,27.10067,,199810.0,
THA,2018,3.876,402.1173,30.0081,,199450.0,
THA,2019,4.00533,410.4601,30.38276,,199090.0,
THA,2020,3.8474,403.9095,31.0072,,198730.0,
THA,2021,3.74441,398.6981,,,198370.0,
THA,2022,3.96337,417.7712,,,198010.0,
THA,2023,3.83577,410.6628,,,197650.0,
THA,2024,3.96005,422.3873,,,,
TJK,1970,2.77178,14.2262,,,,
TJK,1971,2.69859,14.5654,,,,
TJK,1972,2.74166,15.1699,,,,
TJK,1973,2.77287,15.7674,,,,
TJK,1974,2.80358,16.3962,,,,
TJK,1975,2.90821,17.2958,,,,
TJK,1976,2.88618,17.6724,,,,
TJK,1977,2.87395,18.0443,,,,
TJK,1978,2.86087,18.4716,,,,
TJK,1979,2.84622,18.917,,,,
TJK,1980,2.89568,20.225,,,,
TJK,1981,2.82997,20.3485,,,,
TJK,1982,2.76381,20.1581,,,,
TJK,1983,2.72639,20.6516,,,,
TJK,1984,2.63771,20.8839,,,,
TJK,1985,2.66826,21.5911,,,,
TJK,1986,2.67773,22.292,,,,
TJK,1987,2.6301,22.7884,,,,
TJK,1988,2.58069,23.0198,,,,
TJK,1989,2.52177,23.1908,,,,
TJK,1990,2.28247,21.9852,33.41282,,,0.0
TJK,1991,2.09907,22.5812,33.69287,,,
TJK,1992,1.51464,18.5066,33.99098,,4084.0,
TJK,1993,1.01287,14.1244,34.30353,,4086.0,
TJK,1994,0.61605,11.5825,34.62693,,4088.0,
TJK,1995,0.512,11.0236,34.95755,,4090.0,
TJK,1996,0.44516,9.8766,35.3904,,4092.0,
TJK,1997,0.4848,10.0504,35.93946,,4094.0,
TJK,1998,0.52059,10.1736,36.47966,,4096.0,
TJK,1999,0.48254,10.025,36.88588,,4098.0,
TJK,2000,0.44307,10.5086,37.03305,,4100.0,0.0
TJK,2001,0.42793,9.9992,36.61691,,4100.0,
TJK,2002,0.42185,10.8572,35.6604,,4100.0,
TJK,2003,0.42296,10.1997,34.52917,,4100.0,
TJK,2004,0.49364,12.3344,33.58888,,4100.0,
TJK,2005,0.46083,11.8089,33.2052,,4100.0,
TJK,2006,0.49446,12.4889,33.43716,,4100.0,
TJK,2007,0.56297,13.9718,34.14487,,4100.0,
TJK,2008,0.51657,12.7895,35.39557,,4100.0,
TJK,2009,0.4072,12.0066,37.25652,5.37809,4100.0,
TJK,2010,0.40133,11.8875,39.79495,,4100.0,
TJK,2011,0.39393,11.8545,53.19588,,4123.6,
TJK,2012,0.43699,12.8296,51.37943,,4147.2,
TJK,2013,0.43739,13.0525,51.04609,,4170.8,
TJK,2014,0.56592,14.518,46.67001,,4194.4,
TJK,2015,0.58906,15.2879,45.57499,,4218.0,0.0
TJK,2016,0.64468,16.3223,44.76555,,4218.0,
TJK,2017,0.76316,18.0551,42.50534,,4218.0,
TJK,2018,0.8815,19.4273,42.33351,,4218.0,
TJK,2019,0.94864,20.4106,40.28905,,4228.0,
TJK,2020,0.96295,21.1264,37.05341,,4238.0,
TJK,2021,0.94581,21.3532,,,4248.0,
TJK,2022,0.93895,21.849,,,4258.0,
TJK,2023,0.89707,21.6738,,,4268.0,
TJK,2024,0.92248,22.189,,,,
TKM,1970,8.54494,28.6453,,,,
TKM,1971,8.33618,28.905,,,,
TKM,1972,8.54017,30.227,,,,
TKM,1973,8.69756,31.5159,,,,
TKM,1974,8.89151,32.9266,,,,
TKM,1975,9.46524,35.328,,,,
TKM,1976,9.45632,36.2876,,,,
TKM,1977,9.54836,37.5301,,,,
TKM,1978,9.96311,39.6264,,,,
TKM,1979,10.04,40.8389,,,,
TKM,1980,10.4954,43.0839,,,,
TKM,1981,10.55477,44.0931,,,,
TKM,1982,10.55964,45.141,,,,
TKM,1983,10.58802,46.3433,,,,
TKM,1984,10.66692,47.7804,,,,
TKM,1985,10.72023,48.9951,,,,
TKM,1986,10.76606,50.5949,,,,
TKM,1987,10.76507,52.0309,,,,
TKM,1988,10.70354,53.1186,,,,
TKM,1989,10.62764,53.5668,,,,
TKM,1990,12.15095,61.3182,19.33762,,,0.0
TKM,1991,10.04512,55.5463,19.79915,,,
TKM,1992,7.25314,42.6701,20.16066,,41270.0,
TKM,1993,6.7325,42.0371,20.42179,,41270.0,
TKM,1994,8.31769,47.203,20.58219,,41270.0,
TKM,1995,8.26963,47.0475,20.6415,,41270.0,
TKM,1996,7.3918,45.4069,20.55097,,41270.0,
TKM,1997,7.26455,42.3969,20.30033,,41270.0,
TKM,1998,7.39325,46.5279,19.94688,,41270.0,
TKM,1999,8.58414,57.0365,19.54793,,41270.0,
TKM,2000,8.58455,59.5897,19.16079,,41270.0,0.0
TKM,2001,8.61698,61.2012,18.66648,,41270.0,
TKM,2002,9.06185,67.5835,18.01183,,41270.0,
TKM,2003,9.90001,77.0118,17.35286,,41270.0,
TKM,2004,10.35152,80.8717,16.84559,,41270.0,
TKM,2005,10.47023,81.222,16.64604,,41270.0,
TKM,2006,10.67763,85.2256,16.83896,,41270.0,
TKM,2007,11.59166,89.7992,17.41028,,41270.0,
TKM,2008,11.588,93.563,18.36776,,41270.0,
TKM,2009,10.02091,81.744,19.71915,0.00048,41270.0,
TKM,2010,11.08002,88.8567,21.47223,,41270.0,
TKM,2011,11.63737,95.5483,27.2199,,41270.0,
TKM,2012,11.75814,99.4391,27.02097,,41270.0,
TKM,2013,10.99021,98.4199,26.42629,,41270.0,
TKM,2014,10.40557,97.0348,25.07251,,41270.0,
TKM,2015,10.92557,102.8238,23.67628,,41270.0,0.0
TKM,2016,10.58007,100.9136,23.17749,,41270.0,
TKM,2017,11.09115,105.3017,21.69029,,41270.0,
TKM,2018,11.15341,107.1599,22.45127,,41270.0,
TKM,2019,10.7659,106.3272,20.25303,,41270.0,
TKM,2020,11.05414,109.8841,19.59976,,41270.0,
TKM,2021,13.45625,128.4349,,,41270.0,
TKM,2022,14.00534,134.7789,,,41270.0,
TKM,2023,12.86299,128.3196,,,41270.0,
TKM,2024,10.86237,114.8122,,,,
TLS,1970,0.01935,0.6092,,,,
TLS,1971,0.01918,0.6269,,,,
TLS,1972,0.02007,0.6721,,,,
TLS,1973,0.02316,0.6807,,,,
TLS,1974,0.02759,0.6764,,,,
TLS,1975,0.0229,0.6133,,,,
TLS,1976,0.02222,0.5468,,,,
TLS,1977,0.0228,0.4746,,,,
TLS,1978,0.02227,0.4187,,,,
TLS,1979,0.02333,0.3437,,,,
TLS,1980,0.02447,0.3107,,,,
TLS,1981,0.02377,0.3139,,,,
TLS,1982,0.02331,0.3365,,,,
TLS,1983,0.03305,0.3606,,,,
TLS,1984,0.04223,0.3882,,,,
TLS,1985,0.06158,0.4169,,,,
TLS,1986,0.06943,0.4326,,,,
TLS,1987,0.07766,0.4488,,,,
TLS,1988,0.09552,0.4513,,,,
TLS,1989,0.09035,0.488,,,,
TLS,1990,0.09167,0.5297,21.83595,,9631.0,3.16184
TLS,1991,0.0929,0.6018,21.71486,,9617.0,
TLS,1992,0.09921,0.61,21.60098,,9603.0,
TLS,1993,0.12624,0.6603,21.4971,,9589.0,
TLS,1994,0.12611,0.7438,21.40599,,9575.0,
TLS,1995,0.1115,0.7536,21.33044,,9561.0,
TLS,1996,0.13426,0.8017,21.27047,,9547.0,
TLS,1997,0.13443,0.791,21.22006,,9533.0,
TLS,1998,0.20105,0.8941,21.17285,,9519.0,
TLS,1999,0.36396,0.9066,21.12251,,9505.0,
TLS,2000,0.46921,1.0226,21.06267,,9491.0,3.05714
TLS,2001,0.32699,1.0805,21.00356,,9477.0,
TLS,2002,0.28345,1.0619,20.94891,,9463.0,
TLS,2003,0.28782,1.0815,20.88266,,9449.0,
TLS,2004,0.55518,1.6825,20.78874,,9435.0,
TLS,2005,0.36866,2.0152,20.6511,,9421.0,
TLS,2006,0.34907,2.1608,20.37899,,9407.0,
TLS,2007,0.31178,1.9758,19.91299,,9393.0,
TLS,2008,0.30113,2.1781,19.28398,,9379.0,
TLS,2009,0.31848,2.1721,18.52287,0.02512,9365.0,
TLS,2010,0.30829,2.0811,17.66054,,9351.0,
TLS,2011,0.33399,2.2237,16.2585,,9337.0,
TLS,2012,0.55406,2.6146,17.65438,,9323.0,
TLS,2013,0.65462,2.3783,17.50057,,9309.0,
TLS,2014,0.62958,2.1604,16.8069,,9295.0,
TLS,2015,0.57687,2.2115,15.762,,9281.0,2.96619
TLS,2016,0.53806,2.016,16.2081,,9267.0,
TLS,2017,0.49676,1.8953,14.9818,,9256.0,
TLS,2018,0.52243,1.8814,16.8165,,9239.0,
TLS,2019,0.55982,2.1095,17.62788,,9225.0,
TLS,2020,0.51235,1.9141,17.41047,,9211.0,
TLS,2021,0.52639,1.8925,,,9197.0,
TLS,2022,0.50727,1.9329,,,9183.0,
TLS,2023,0.47996,1.877,,,9169.0,
TLS,2024,0.49934,1.9401,,,,
TON,1970,0.22393,0.0672,,,,
TON,1971,0.22003,0.0671,,,,
TON,1972,0.23124,0.0691,,,,
TON,1973,0.27251,0.0793,,,,
TON,1974,0.32751,0.0883,,,,
TON,1975,0.26447,0.0916,,,,
TON,1976,0.25387,0.0984,,,,
TON,1977,0.26363,0.1082,,,,
TON,1978,0.26028,0.1258,,,,
TON,1979,0.27885,0.1292,,,,
TON,1980,0.29969,0.1344,,,,
TON,1981,0.44327,0.1602,,,,
TON,1982,0.4358,0.1505,,,,
TON,1983,0.43062,0.1349,,,,
TON,1984,0.38473,0.1222,,,,
TON,1985,0.42456,0.1394,,,,
TON,1986,0.22855,0.1234,,,,
TON,1987,0.58246,0.1689,,,,
TON,1988,0.73457,0.1918,,,,
TON,1989,0.86517,0.1974,,,,
TON,1990,0.89368,0.1941,12.69297,,89.5,18.73166
TON,1991,0.94499,0.1995,12.55288,,89.5,
TON,1992,0.99178,0.2091,12.44245,,89.5,
TON,1993,1.00197,0.2097,12.36369,,89.5,
TON,1994,1.39468,0.2485,12.31858,,89.5,
TON,1995,1.14941,0.2191,12.30914,,89.5,
TON,1996,1.30541,0.236,12.37614,,89.5,
TON,1997,1.40453,0.2465,12.52402,,89.5,
TON,1998,1.45875,0.2535,12.70025,,89.5,
TON,1999,1.44641,0.2553,12.85229,,89.5,
TON,2000,0.97198,0.2081,12.9276,,89.5,18.28802
TON,2001,0.91685,0.203,12.90541,,89.5,
TON,2002,1.00699,0.2136,12.82142,,89.5,
TON,2003,1.20137,0.2353,12.70784,,89.5,
TON,2004,1.06404,0.2213,12.59689,,89.5,
TON,2005,1.14696,0.2311,12.52076,,89.5,
TON,2006,1.25267,0.2434,12.48045,,89.5,
TON,2007,1.07003,0.2247,12.44987,,89.5,
TON,2008,1.15586,0.2348,12.42061,,89.5,
TON,2009,1.22012,0.2421,12.38428,,89.5,
TON,2010,1.17505,0.2378,12.33247,,89.5,
TON,2011,1.11555,0.2315,12.13044,,89.5,
TON,2012,1.09994,0.2308,12.37659,,89.5,
TON,2013,1.11507,0.2323,12.1802,,89.5,
TON,2014,1.23629,0.2456,12.09138,,89.5,
TON,2015,1.26962,0.2494,11.73957,,89.5,17.49693
TON,2016,1.35704,0.2589,12.01702,,89.5,
TON,2017,1.47025,0.2716,12.08037,,89.5,
TON,2018,1.39627,0.2644,12.64685,,89.5,
TON,2019,1.56621,0.2836,12.75745,,89.5,
TON,2020,1.76436,0.308,12.47841,,89.5,
TON,2021,1.95753,0.329,,,89.5,
TON,2022,1.53653,0.2837,,,89.5,
TON,2023,1.54689,0.2842,,,89.5,
TON,2024,1.62995,0.2929,,,,
TTO,1970,6.99032,9.0843,,,,
TTO,1971,6.85438,9.1161,,,,
TTO,1972,6.33773,8.8157,,,,
TTO,1973,6.49014,9.2322,,,,
TTO,1974,6.51168,9.4793,,,,
TTO,1975,5.76325,8.9119,,,,
TTO,1976,6.65078,10.0452,,,,
TTO,1977,7.2969,10.9518,,,,
TTO,1978,7.47718,11.3343,,,,
TTO,1979,7.52339,11.4071,,,,
TTO,1980,8.13465,12.2444,,,,
TTO,1981,8.42757,12.6884,,,,
TTO,1982,9.34842,13.7301,,,,
TTO,1983,9.58576,14.0667,,,,
TTO,1984,9.92733,14.7596,,,,
TTO,1985,9.99616,15.1272,,,,
TTO,1986,9.71014,14.872,,,,
TTO,1987,9.86122,15.1617,,,,
TTO,1988,10.38828,15.9415,,,,
TTO,1989,10.29301,15.9607,,,,
TTO,1990,10.11725,15.894,24.13521,,2420.6,4.08783
TTO,1991,10.24623,16.1195,24.02258,,2415.19,
TTO,1992,10.44269,16.3763,23.93093,,2409.78,
TTO,1993,10.11312,16.1629,23.8636,,2404.37,
TTO,1994,11.11127,17.8985,23.82396,,2398.96,
TTO,1995,10.66826,17.3193,23.81534,,2393.55,
TTO,1996,11.43207,18.3895,23.86214,,2388.14,
TTO,1997,11.37195,18.2485,23.9579,,2382.73,
TTO,1998,13.70261,22.0172,24.05968,,2377.32,
TTO,1999,14.03483,22.5919,24.12458,,2371.91,
TTO,2000,14.52438,23.5022,24.10964,,2366.5,4.04087
TTO,2001,16.39374,26.2946,23.83439,,2362.26,
TTO,2002,17.63994,28.3449,23.27506,,2358.02,
TTO,2003,20.27528,32.4057,22.62382,,2353.78,
TTO,2004,21.48122,34.547,22.07286,,2349.54,
TTO,2005,27.05296,41.542,21.81433,,2345.3,
TTO,2006,29.70413,45.6992,21.85636,,2341.06,
TTO,2007,30.25143,46.5095,22.03216,,2336.82,
TTO,2008,29.53743,45.5018,22.27159,,2332.58,
TTO,2009,28.57372,44.3753,22.5045,0.00082,2328.34,
TTO,2010,31.13179,48.0744,22.66074,,2324.1,
TTO,2011,31.06605,48.2117,22.68905,,2319.86,
TTO,2012,28.51713,44.706,22.64998,,2315.62,
TTO,2013,27.84738,43.9096,23.38395,,2311.38,
TTO,2014,27.65154,43.7752,24.08936,,2307.14,
TTO,2015,27.23531,43.3621,26.2593,,2302.9,4.01764
TTO,2016,24.90489,40.05,25.23265,,2298.7,
TTO,2017,23.98961,39.0762,25.39889,,2294.5,
TTO,2018,24.0016,39.2792,24.31385,,2290.3,
TTO,2019,24.35738,40.0682,25.01023,,2286.1,
TTO,2020,21.80519,36.524,25.60226,,2281.9,
TTO,2021,20.97476,35.3065,,,2277.7,
TTO,2022,20.86601,35.1893,,,2273.5,
TTO,2023,19.70699,33.6754,,,2269.3,
TTO,2024,19.58105,33.5866,,,,
TUN,1970,0.83036,10.4734,,,,
TUN,1971,0.81254,10.8467,,,,
TUN,1972,0.89179,11.5698,,,,
TUN,1973,0.87356,11.6757,,,,
TUN,1974,0.93787,12.5208,,,,
TUN,1975,0.92974,12.9651,,,,
TUN,1976,0.96583,12.9584,,,,
TUN,1977,1.05906,14.0543,,,,
TUN,1978,1.14685,14.7565,,,,
TUN,1979,1.32337,15.8886,,,,
TUN,1980,1.42563,17.0759,,,,
TUN,1981,1.44096,17.5285,,,,
TUN,1982,1.37052,17.3937,,,,
TUN,1983,1.55944,19.1222,,,,
TUN,1984,1.58732,19.8444,,,,
TUN,1985,1.6004,20.3401,,,,
TUN,1986,1.60628,20.5771,,,,
TUN,1987,1.58483,20.894,,,,
TUN,1988,1.64741,21.6137,,,,
TUN,1989,1.73909,22.7583,,,,
TUN,1990,1.7747,23.2182,22.25144,,6439.769,7.54049
TUN,1991,1.79364,24.2798,21.83291,,6463.642,
TUN,1992,1.86709,25.4398,21.57958,,6487.515,
TUN,1993,1.8981,25.9952,21.45021,,6511.388,
TUN,1994,1.87649,25.7389,21.40351,,6535.261,
TUN,1995,1.88688,26.2354,21.39823,,6559.135,
TUN,1996,1.91841,27.2379,22.03033,,6583.008,
TUN,1997,1.95017,27.6883,23.53523,,6606.881,
TUN,1998,2.01021,29.0051,25.33089,,6630.754,
TUN,1999,2.08828,30.5539,26.83526,,6654.627,
TUN,2000,2.16397,31.6044,27.46629,,6678.5,8.05778
TUN,2001,2.2303,32.58,27.17429,,6698.08,
TUN,2002,2.18395,32.3263,26.4775,,6717.66,
TUN,2003,2.14118,32.0343,25.64572,,6737.24,
TUN,2004,2.24426,33.6074,24.94879,,6756.82,
TUN,2005,2.28632,34.8237,24.65652,,6776.4,
TUN,2006,2.34265,36.2035,24.91612,,6795.98,
TUN,2007,2.39259,37.0607,25.53515,,6815.56,
TUN,2008,2.41189,38.341,26.27398,,6835.14,
TUN,2009,2.38156,38.2274,26.893,0.09845,6854.72,
TUN,2010,2.5758,40.1416,27.15259,,6874.3,
TUN,2011,2.41262,38.3174,23.79684,,6889.6,
TUN,2012,2.56515,40.3244,22.69446,,6904.9,
TUN,2013,2.53281,40.0553,22.14157,,6920.2,
TUN,2014,2.67907,42.0137,25.16384,,6935.5,
TUN,2015,2.6943,42.4361,23.63444,,6950.8,8.94187
TUN,2016,2.59022,41.6274,24.80892,,6966.1,
TUN,2017,2.60043,41.8407,22.57176,,6981.4,
TUN,2018,2.56581,41.8308,25.52285,,6996.7,
TUN,2019,2.54694,41.8837,23.7714,,7012.0,
TUN,2020,2.39839,40.3555,24.18298,,7027.3,
TUN,2021,2.57439,43.3199,,,7042.6,
TUN,2022,2.50499,42.7054,,,7057.9,
TUN,2023,2.55804,43.6021,,,7073.2,
TUN,2024,2.62113,44.621,,,,
TUR,1970,1.24074,101.5702,,,,
TUR,1971,1.32658,105.8648,,,,
TUR,1972,1.50134,114.7725,,,,
TUR,1973,1.58898,120.5474,,,,
TUR,1974,1.618,123.7648,,,,
TUR,1975,1.71418,130.9107,,,,
TUR,1976,1.86314,141.0682,,,,
TUR,1977,2.01317,150.7825,,,,
TUR,1978,1.94846,150.5964,,,,
TUR,1979,1.76245,145.3999,,,,
TUR,1980,1.80199,150.514,,,,
TUR,1981,1.77001,153.5524,,,,
TUR,1982,1.8789,161.8465,,,,
TUR,1983,1.93721,165.9669,,,,
TUR,1984,2.00471,172.6435,,,,
TUR,1985,2.13115,177.0939,,,,
TUR,1986,2.28449,189.5766,,,,
TUR,1987,2.43476,202.4068,,,,
TUR,1988,2.31338,197.8931,,,,
TUR,1989,2.51439,212.3052,,,,
TUR,1990,2.77002,226.1778,21.73839,,197834.8,2.83512
TUR,1991,2.67536,222.4251,21.74204,,198199.67,
TUR,1992,2.74132,231.823,21.75474,,198564.54,
TUR,1993,2.78869,238.5519,21.77499,,198929.41,
TUR,1994,2.72543,234.6624,21.80128,,199294.28,
TUR,1995,2.92301,250.778,21.8321,,199659.15,
TUR,1996,3.14001,267.8696,21.92215,,200024.02,
TUR,1997,3.25283,277.9117,22.08974,,200388.89,
TUR,1998,3.23223,280.2926,22.27883,,200753.76,
TUR,1999,3.16718,278.9113,22.43336,,201118.63,
TUR,2000,3.47043,301.8184,22.4973,,201483.5,2.6977
TUR,2001,3.12068,278.6054,22.3933,,202418.23,
TUR,2002,3.24209,289.7373,22.14539,,203352.96,
TUR,2003,3.38625,302.7071,21.84952,,204287.69,
TUR,2004,3.43889,309.6687,21.60163,,205222.42,
TUR,2005,3.54956,320.7302,21.49768,,206157.15,
TUR,2006,3.91177,352.1909,21.82397,,207091.88,
TUR,2007,4.28079,379.2564,22.60206,,208026.61,
TUR,2008,4.21594,378.8085,23.53082,,208961.34,
TUR,2009,4.18351,383.4098,24.30909,0.13656,209896.07,
TUR,2010,4.26802,394.8512,24.63573,,210830.8,
TUR,2011,4.48332,418.0067,23.74737,,211925.24,
TUR,2012,4.57804,434.1387,23.24402,,213019.68,
TUR,2013,4.38456,427.8429,23.5024,,214114.12,
TUR,2014,4.60446,451.7437,23.48749,,215208.56,
TUR,2015,4.70276,465.3477,24.56038,,216303.0,2.58616
TUR,2016,4.93533,492.3681,23.83379,,216303.0,
TUR,2017,5.39416,535.8772,22.10314,,217524.6,
TUR,2018,5.27402,538.8942,22.82523,,219083.6,
TUR,2019,5.01914,528.9145,23.69461,,220643.6,
TUR,2020,5.07396,543.4289,21.61205,,222203.6,
TUR,2021,5.47501,581.9848,,,223763.6,
TUR,2022,5.22956,564.2614,,,225323.6,
TUR,2023,5.23215,564.0621,,,226883.6,
TUR,2024,5.37926,579.5068,,,,
TUV,1970,0.0,0.0018,,,,
TUV,1971,0.0,0.0018,,,,
TUV,1972,0.0,0.0018,,,,
TUV,1973,0.0,0.0019,,,,
TUV,1974,0.0,0.0019,,,,
TUV,1975,0.0,0.0019,,,,
TUV,1976,0.0,0.0019,,,,
TUV,1977,0.0,0.0019,,,,
TUV,1978,0.0,0.0019,,,,
TUV,1979,0.0,0.002,,,,
TUV,1980,0.0,0.0021,,,,
TUV,1981,0.0,0.002,,,,
TUV,1982,0.0,0.0022,,,,
TUV,1983,0.0,0.0022,,,,
TUV,1984,0.0,0.0024,,,,
TUV,1985,0.0,0.0026,,,,
TUV,1986,0.0,0.0026,,,,
TUV,1987,0.0,0.0025,,,,
TUV,1988,0.0,0.0025,,,,
TUV,1989,0.0,0.003,,,,
TUV,1990,0.0,0.0031,5.24413,,10.0,37.64522
TUV,1991,0.0,0.0034,5.23491,,10.0,
TUV,1992,0.0,0.0034,5.24596,,10.0,
TUV,1993,0.0,0.0033,5.27361,,10.0,
TUV,1994,0.0,0.0034,5.31419,,10.0,
TUV,1995,0.0,0.0034,5.36402,,10.0,
TUV,1996,0.0,0.0034,5.48655,,10.0,
TUV,1997,0.0,0.0034,5.70131,,10.0,
TUV,1998,0.0,0.0034,5.93882,,10.0,
TUV,1999,0.0,0.0035,6.12955,,10.0,
TUV,2000,0.0,0.0035,6.20402,,10.0,38.42933
TUV,2001,0.0,0.0035,6.18583,,10.0,
TUV,2002,0.0,0.0036,6.14907,,10.0,
TUV,2003,0.0,0.0036,6.09998,,10.0,
TUV,2004,0.0,0.0036,6.04477,,10.0,
TUV,2005,0.0,0.0036,5.98966,,10.0,
TUV,2006,0.0,0.0036,5.93023,,10.0,
TUV,2007,0.0,0.0036,5.85606,,10.0,
TUV,2008,0.0,0.0037,5.76445,,10.0,
TUV,2009,0.0,0.0037,5.65267,,10.0,
TUV,2010,0.0,0.0037,5.518,,10.0,
TUV,2011,0.0,0.0037,5.28059,,10.0,
TUV,2012,0.0,0.0037,5.23945,,10.0,
TUV,2013,0.0,0.0038,5.40575,,10.0,
TUV,2014,0.0,0.0038,5.51778,,10.0,
TUV,2015,0.0,0.0038,5.47628,,10.0,39.26788
TUV,2016,0.0,0.0038,5.88435,,10.0,
TUV,2017,0.0,0.0038,6.20095,,10.0,
TUV,2018,0.0,0.0038,6.1496,,10.0,
TUV,2019,0.0,0.0039,6.00963,,10.0,
TUV,2020,0.0,0.004,5.9178,,10.0,
TUV,2021,0.0,0.004,,,10.0,
TUV,2022,0.0,0.0041,,,10.0,
TUV,2023,0.0,0.0041,,,10.0,
TUV,2024,0.0,0.0041,,,,
TZA,1970,0.11621,19.034,,,,
TZA,1971,0.11226,19.2312,,,,
TZA,1972,0.12668,19.7585,,,,
TZA,1973,0.12691,20.0507,,,,
TZA,1974,0.11229,20.2719,,,,
TZA,1975,0.10117,20.625,,,,
TZA,1976,0.09432,21.3999,,,,
TZA,1977,0.09274,21.9333,,,,
TZA,1978,0.0937,22.5864,,,,
TZA,1979,0.09554,23.2314,,,,
TZA,1980,0.09129,23.6184,,,,
TZA,1981,0.08955,24.3548,,,,
TZA,1982,0.07914,26.4433,,,,
TZA,1983,0.075,28.09,,,,
TZA,1984,0.07588,26.4175,,,,
TZA,1985,0.07745,27.1091,,,,
TZA,1986,0.07922,28.0876,,,,
TZA,1987,0.07801,28.7575,,,,
TZA,1988,0.07898,29.2481,,,,
TZA,1989,0.0775,28.3267,,,,
TZA,1990,0.0798,29.1974,16.54556,,573900.1,0.43804
TZA,1991,0.0825,29.0789,16.35917,,570180.1,
TZA,1992,0.07454,30.0579,16.2464,,566460.1,
TZA,1993,0.07583,31.5876,16.18886,,562740.1,
TZA,1994,0.07232,31.2266,16.16818,,559020.1,
TZA,1995,0.09678,35.0758,16.16596,,555300.1,
TZA,1996,0.11337,33.4609,16.53105,,551580.1,
TZA,1997,0.10379,32.8708,17.42224,,547860.1,
TZA,1998,0.08793,34.4449,18.53607,,544140.1,
TZA,1999,0.08002,38.1065,19.56905,,540420.1,
TZA,2000,0.09083,39.1968,20.21774,,536700.1,0.39555
TZA,2001,0.09339,40.0359,20.52208,,532980.1,
TZA,2002,0.10352,41.2736,20.75046,,529260.1,
TZA,2003,0.10664,43.0491,20.94203,,525540.1,
TZA,2004,0.14284,44.6146,21.13594,,521820.1,
TZA,2005,0.15754,46.441,21.37133,,518100.1,
TZA,2006,0.16388,48.0044,21.61326,,514380.1,
TZA,2007,0.15065,48.0086,21.84345,,510660.1,
TZA,2008,0.14751,49.44,22.12608,,506940.1,
TZA,2009,0.13928,50.1256,22.52531,1.49586,503220.1,
TZA,2010,0.16384,52.9243,23.10531,,499500.1,
TZA,2011,0.19306,57.7279,25.15327,,495780.08,
TZA,2012,0.22379,61.1353,25.56675,,492060.06,
TZA,2013,0.23746,65.1655,24.53407,,488340.04,
TZA,2014,0.22357,66.8365,24.22449,,484620.02,
TZA,2015,0.25381,70.4158,25.16826,,480900.0,0.368
TZA,2016,0.26265,72.5574,25.39382,,476210.0,
TZA,2017,0.25511,73.1608,21.00066,,471520.0,
TZA,2018,0.25978,74.277,21.29449,,466830.0,
TZA,2019,0.28735,79.4425,20.77857,,462140.0,
TZA,2020,0.27352,81.8797,25.08143,,457450.0,
TZA,2021,0.30148,85.3282,,,452760.0,
TZA,2022,0.32316,89.5229,,,448070.0,
TZA,2023,0.32384,99.485,,,443380.0,
TZA,2024,0.31121,102.525,,,,
UGA,1970,0.09078,11.202,,,,
UGA,1971,0.08888,11.2698,,,,
UGA,1972,0.08523,11.6198,,,,
UGA,1973,0.07674,11.8523,,,,
UGA,1974,0.07823,12.1447,,,,
UGA,1975,0.07014,12.41,,,,
UGA,1976,0.08497,12.9723,,,,
UGA,1977,0.07706,12.9361,,,,
UGA,1978,0.05855,13.4903,,,,
UGA,1979,0.05891,13.6577,,,,
UGA,1980,0.05407,13.0603,,,,
UGA,1981,0.04309,13.0442,,,,
UGA,1982,0.03949,13.3281,,,,
UGA,1983,0.03684,13.5395,,,,
UGA,1984,0.03727,13.8982,,,,
UGA,1985,0.03763,14.2169,,,,
UGA,1986,0.04022,14.7018,,,,
UGA,1987,0.04356,12.8923,,,,
UGA,1988,0.04551,13.649,,,,
UGA,1989,0.04144,14.1519,,,,
UGA,1990,0.04729,15.2944,28.62121,,35754.7,0.0
UGA,1991,0.04654,15.9206,28.80187,,35342.18,
UGA,1992,0.04578,16.296,29.05463,,34929.66,
UGA,1993,0.04457,16.7206,29.36531,,34517.14,
UGA,1994,0.03887,16.4564,29.71976,,34104.62,
UGA,1995,0.049,17.0573,30.10379,,33692.1,
UGA,1996,0.05206,17.4821,30.68024,,33279.58,
UGA,1997,0.05315,17.959,31.48491,,32867.06,
UGA,1998,0.06029,18.6383,32.31311,,32454.54,
UGA,1999,0.06009,19.1664,32.96014,,32042.02,
UGA,2000,0.05891,19.6339,33.22131,,31629.5,0.0
UGA,2001,0.0581,20.2044,32.96812,,31216.97,
UGA,2002,0.06416,21.0556,32.36431,,30804.44,
UGA,2003,0.06569,21.9404,31.64349,,30391.91,
UGA,2004,0.06674,22.51,31.03929,,29979.38,
UGA,2005,0.07945,23.6879,30.78532,,29566.85,
UGA,2006,0.08955,24.4881,30.84864,,29154.32,
UGA,2007,0.10485,25.8175,31.04575,,28741.79,
UGA,2008,0.11396,33.3818,31.38442,,28329.26,
UGA,2009,0.1218,34.7256,31.87243,0.8512,27916.73,
UGA,2010,0.11731,35.8324,32.51755,,27504.2,
UGA,2011,0.1278,37.3811,35.02714,,27091.68,
UGA,2012,0.12607,38.6247,35.89057,,26679.16,
UGA,2013,0.12484,39.6553,34.82005,,26266.64,
UGA,2014,0.13332,41.3837,34.11162,,25854.12,
UGA,2015,0.14909,43.4284,36.41586,,25441.6,0.0
UGA,2016,0.15469,45.3988,35.18676,,25029.1,
UGA,2017,0.15566,45.9647,32.2397,,24616.6,
UGA,2018,0.16497,48.0743,33.12792,,24204.1,
UGA,2019,0.16429,49.9804,31.48501,,23791.5,
UGA,2020,0.16015,50.9181,33.80772,,23379.0,
UGA,2021,0.17666,53.5602,,,22966.433,
UGA,2022,0.16812,54.2696,,,22553.911,
UGA,2023,0.16681,56.6028,,,22141.359,
UGA,2024,0.16505,57.2982,,,,
UKR,1970,10.04018,612.8137,,,,
UKR,1971,9.96662,616.7778,,,,
UKR,1972,10.42085,647.3968,,,,
UKR,1973,10.96347,682.5765,,,,
UKR,1974,11.38954,711.4967,,,,
UKR,1975,11.85893,741.5621,,,,
UKR,1976,12.15709,763.4131,,,,
UKR,1977,12.313,776.8506,,,,
UKR,1978,13.07925,821.4364,,,,
UKR,1979,13.3018,836.6969,,,,
UKR,1980,13.59745,857.8376,,,,
UKR,1981,13.32423,847.1165,,,,
UKR,1982,13.22882,846.4188,,,,
UKR,1983,13.1786,849.5896,,,,
UKR,1984,13.17177,855.136,,,,
UKR,1985,13.15423,857.906,,,,
UKR,1986,13.37564,875.4449,,,,
UKR,1987,13.73851,899.5957,,,,
UKR,1988,13.83844,905.3615,,,,
UKR,1989,13.71274,902.3787,,,,
UKR,1990,15.09084,977.9458,33.06198,,,0.9983
UKR,1991,14.20462,918.8029,32.763,,,
UKR,1992,12.43054,818.6225,32.40137,,93212.0,
UKR,1993,10.84765,725.0741,31.98638,,93448.0,
UKR,1994,9.02827,613.5035,31.5273,,93684.0,
UKR,1995,8.98456,597.3691,31.03341,,93920.0,
UKR,1996,7.76231,518.0761,30.47289,,94156.0,
UKR,1997,7.52631,496.0794,29.8224,,94392.0,
UKR,1998,7.23726,469.7716,29.10394,,94628.0,
UKR,1999,7.29072,468.3291,28.3395,,94864.0,
UKR,2000,7.28514,462.1109,27.5511,,95100.0,1.01941
UKR,2001,7.33438,460.2655,26.56591,,95138.0,
UKR,2002,7.40706,463.1576,25.32411,,95176.0,
UKR,2003,8.13374,495.6579,24.01715,,95214.0,
UKR,2004,7.68697,468.9643,22.83651,,95252.0,
UKR,2005,7.50424,456.2352,21.97364,,95290.0,
UKR,2006,7.53784,455.7343,21.37691,,95328.0,
UKR,2007,7.81302,471.2176,20.86111,,95366.0,
UKR,2008,7.52327,455.9925,20.4174,,95404.0,
UKR,2009,6.26791,389.7941,20.0369,0.26924,95442.0,
UKR,2010,6.80017,414.1999,19.71077,,95480.0,
UKR,2011,7.1976,441.1345,19.44067,,95698.0,
UKR,2012,7.03132,431.6528,18.67665,,95916.0,
UKR,2013,6.83496,423.1549,18.88336,,96134.0,
UKR,2014,5.85852,372.0593,18.42632,,96352.0,
UKR,2015,4.93846,316.8593,17.79198,,96570.0,1.06733
UKR,2016,4.98163,322.8815,16.24268,,96640.0,
UKR,2017,4.52463,297.8249,15.65854,,96710.0,
UKR,2018,4.82876,311.1926,17.10414,,96780.0,
UKR,2019,4.62459,301.6375,15.5795,,96840.0,
UKR,2020,4.45159,292.7273,14.9001,,96900.0,
UKR,2021,4.38244,285.0364,,,96960.0,
UKR,2022,2.9074,199.7695,,,97020.0,
UKR,2023,3.22518,201.6123,,,97080.0,
UKR,2024,3.12935,196.964,,,,
URY,1970,1.94184,28.5686,,,,
URY,1971,1.9236,28.2297,,,,
URY,1972,2.06121,29.1335,,,,
URY,1973,1.93625,29.9118,,,,
URY,1974,1.86437,30.9874,,,,
URY,1975,1.9722,32.9468,,,,
URY,1976,1.99568,31.3569,,,,
URY,1977,1.92269,30.9909,,,,
URY,1978,1.99466,31.3546,,,,
URY,1979,2.14099,33.0106,,,,
URY,1980,1.89532,35.0587,,,,
URY,1981,1.78909,35.296,,,,
URY,1982,1.66003,34.4631,,,,
URY,1983,1.31709,30.1948,,,,
URY,1984,1.17676,28.4858,,,,
URY,1985,1.10068,29.0224,,,,
URY,1986,1.0717,29.2134,,,,
URY,1987,1.20761,31.0433,,,,
URY,1988,1.54461,33.1384,,,,
URY,1989,1.65527,31.7687,,,,
URY,1990,1.26881,28.9014,13.27287,,7980.0,1.9127
URY,1991,1.42854,30.6994,13.2429,,8551.0,
URY,1992,1.56123,32.5459,13.21212,,9122.0,
URY,1993,1.46825,33.281,13.18076,,9693.0,
URY,1994,1.37237,33.4421,13.14903,,10264.0,
URY,1995,1.49462,33.793,13.11712,,10835.0,
URY,1996,1.74299,35.2407,13.0978,,11406.0,
URY,1997,1.75951,34.972,13.09058,,11977.0,
URY,1998,1.82272,34.5108,13.07579,,12548.0,
URY,1999,2.11671,35.6535,13.03377,,13119.0,
URY,2000,1.70553,33.8289,12.94485,,13690.0,2.04405
URY,2001,1.53241,33.48,12.76684,,14052.3,
URY,2002,1.40549,34.1797,12.49651,,14414.6,
URY,2003,1.40047,35.1329,12.17263,,14776.9,
URY,2004,1.75289,37.1488,11.83397,,15139.2,
URY,2005,1.69452,37.303,11.51931,,15501.5,
URY,2006,1.97248,39.3341,11.18236,,15863.8,
URY,2007,1.85655,38.502,10.79663,,16226.1,
URY,2008,2.39733,42.1101,10.4305,,16588.4,
URY,2009,2.36628,41.4935,10.15234,0.26474,16950.7,
URY,2010,1.94598,38.4637,10.03056,,17313.0,
URY,2011,2.34076,39.6781,10.05095,,17690.4,
URY,2012,2.6628,40.267,9.71687,,18067.8,
URY,2013,2.28943,39.0731,10.83145,,18445.2,
URY,2014,2.00618,39.2291,10.4424,,18822.6,
URY,2015,2.04723,39.673,10.46921,,19200.0,2.20276
URY,2016,2.0209,39.88,10.26287,,19470.0,
URY,2017,1.89093,39.0143,10.06136,,19680.0,
URY,2018,2.02414,38.6614,10.13407,,19890.0,
URY,2019,2.10647,39.2381,10.29859,,20100.0,
URY,2020,2.034,38.6049,10.57179,,20310.0,
URY,2021,2.51768,42.2718,,,20520.0,
URY,2022,2.38667,41.1104,,,20730.0,
URY,2023,2.41753,42.9272,,,20940.0,
URY,2024,2.56757,44.6271,,,,
USA,1970,22.408,5788.2114,,,,
USA,1971,21.47574,5661.1298,,,,
USA,1972,22.44227,5930.4813,,,,
USA,1973,23.10719,6128.5708,,,,
USA,1974,22.10605,5948.9742,,,,
USA,1975,20.9073,5730.1665,,,,
USA,1976,22.08731,6043.9505,,,,
USA,1977,22.61177,6199.7839,,,,
USA,1978,22.32783,6193.9774,,,,
USA,1979,22.24648,6259.7558,,,,
USA,1980,21.03726,6027.2338,,,,
USA,1981,20.52158,5949.3773,,,,
USA,1982,19.2728,5681.1132,,,,
USA,1983,19.02901,5651.2482,,,,
USA,1984,19.73763,5882.1852,,,,
USA,1985,19.67373,5892.8164,,,,
USA,1986,19.33652,5846.3343,,,,
USA,1987,19.81392,6007.3421,,,,
USA,1988,20.53663,6238.1451,,,,
USA,1989,20.5772,6296.0128,,,,
USA,1990,19.96452,6216.3265,14.10407,,3024500.0,2.1014
USA,1991,19.52333,6161.4166,14.05443,,3025586.0,
USA,1992,19.55834,6258.6455,13.98096,,3026672.0,
USA,1993,19.75837,6380.3569,13.88896,,3027758.0,
USA,1994,19.83041,6490.8882,13.78372,,3028844.0,
USA,1995,19.79685,6558.6972,13.67056,,3029930.0,
USA,1996,20.14326,6728.0765,13.52476,,3031016.0,
USA,1997,20.90362,7010.4522,13.33502,,3032102.0,
USA,1998,20.82579,7055.1206,13.12676,,3033188.0,
USA,1999,20.64891,7060.1696,12.92538,,3034274.0,
USA,2000,21.01188,7219.8245,12.7563,,3035360.0,2.11322
USA,2001,20.62551,7157.7928,12.60495,,3040544.0,
USA,2002,19.91038,6992.3986,12.43538,,3045728.0,
USA,2003,19.96817,7058.6437,12.24083,,3050912.0,
USA,2004,20.08156,7157.7987,12.01458,,3056096.0,
USA,2005,19.92499,7160.639,11.74988,,3061280.0,
USA,2006,19.40482,7041.3086,11.30945,,3066464.0,
USA,2007,19.49566,7129.1818,10.673,,3071648.0,
USA,2008,18.7089,6941.7305,10.00937,,3076832.0,
USA,2009,17.18906,6487.701,9.48739,0.21416,3082016.0,
USA,2010,17.84708,6754.1864,9.27588,,3087200.0,
USA,2011,17.02039,6546.87,9.36463,,3089950.0,
USA,2012,16.18542,6311.6935,9.01055,,3092700.0,
USA,2013,16.49598,6448.6367,8.74621,,3095450.0,
USA,2014,16.4249,6488.4768,8.51013,,3098200.0,
USA,2015,15.9501,6364.0037,8.19074,,3100950.0,1.98032
USA,2016,15.50455,6237.738,7.40835,,3100950.0,
USA,2017,15.18471,6183.6445,7.79041,,3097950.0,
USA,2018,15.57965,6370.4476,7.82201,,3097950.0,
USA,2019,15.04397,6248.2429,7.17602,,3097950.0,
USA,2020,13.47158,5703.9154,7.81486,,3097950.0,
USA,2021,14.31612,6000.5067,,,3097950.0,
USA,2022,14.41771,6074.2362,,,3097950.0,
USA,2023,13.71194,5890.9864,,,3097950.0,
USA,2024,13.61957,5912.6177,,,,
UZB,1970,4.592,78.5921,,,,
UZB,1971,4.48175,79.7919,,,,
UZB,1972,4.59912,83.634,,,,
UZB,1973,4.72689,87.6557,,,,
UZB,1974,4.86594,92.2831,,,,
UZB,1975,5.22027,99.8086,,,,
UZB,1976,5.12986,101.2232,,,,
UZB,1977,5.17364,104.6194,,,,
UZB,1978,5.30361,109.3348,,,,
UZB,1979,5.34764,112.6856,,,,
UZB,1980,5.61148,119.6786,,,,
UZB,1981,5.66731,122.9758,,,,
UZB,1982,5.71275,126.5587,,,,
UZB,1983,5.76519,130.73,,,,
UZB,1984,5.82565,135.1266,,,,
UZB,1985,5.88116,139.384,,,,
UZB,1986,5.953,144.4087,,,,
UZB,1987,6.00339,149.2832,,,,
UZB,1988,5.9816,151.7595,,,,
UZB,1989,5.8995,152.7275,,,,
UZB,1990,6.24743,163.1813,31.4374,,,0.0
UZB,1991,6.11175,162.5073,32.31122,,,
UZB,1992,5.56045,152.7072,32.98332,,26317.884,
UZB,1993,5.42482,153.378,33.45858,,26729.974,
UZB,1994,5.06042,150.3779,33.74186,,27142.065,
UZB,1995,4.57779,142.1961,33.83803,,27554.156,
UZB,1996,4.6304,146.6238,33.59923,,27966.247,
UZB,1997,4.54626,145.087,32.99156,,28378.338,
UZB,1998,5.11436,160.9657,32.19085,,28790.428,
UZB,1999,5.07541,159.5104,31.37292,,29202.519,
UZB,2000,5.30608,169.405,30.71362,,29614.61,0.0
UZB,2001,5.28625,175.0142,30.13309,,30002.749,
UZB,2002,5.38898,185.7878,29.50593,,30390.888,
UZB,2003,5.01609,174.1371,28.93963,,30779.027,
UZB,2004,5.0768,176.1412,28.54167,,31167.166,
UZB,2005,4.76266,177.2523,28.41955,,31555.305,
UZB,2006,5.03473,189.41,28.63545,,31943.444,
UZB,2007,4.85281,183.6009,29.21774,,32331.583,
UZB,2008,4.99331,195.1412,30.22312,,32719.722,
UZB,2009,4.45651,176.5481,31.70832,0.12369,33107.861,
UZB,2010,4.78418,192.4441,33.73003,,33496.0,
UZB,2011,4.81134,198.3916,44.19829,,33895.6,
UZB,2012,4.20977,187.0615,43.90475,,34295.2,
UZB,2013,4.0848,186.4686,42.94772,,34694.8,
UZB,2014,3.74415,178.1141,39.48884,,35094.4,
UZB,2015,3.49765,173.1853,37.83563,,35494.0,0.0
UZB,2016,3.64422,182.9667,37.54819,,35863.0,
UZB,2017,3.71681,188.0524,35.21216,,36121.36,
UZB,2018,3.48417,185.5182,34.83543,,36379.8,
UZB,2019,3.49213,189.6361,34.1332,,36638.2,
UZB,2020,3.69034,198.2383,31.96043,,36896.6,
UZB,2021,3.92366,210.4789,,,37155.0,
UZB,2022,3.68953,206.8547,,,37413.4,
UZB,2023,3.72011,211.3657,,,37671.8,
UZB,2024,4.08502,227.4884,,,,
VCT,1970,0.11879,0.0465,,,,
VCT,1971,0.11768,0.0476,,,,
VCT,1972,0.14112,0.0504,,,,
VCT,1973,0.14186,0.0519,,,,
VCT,1974,0.12556,0.0512,,,,
VCT,1975,0.14942,0.0544,,,,
VCT,1976,0.13538,0.0539,,,,
VCT,1977,0.14706,0.0563,,,,
VCT,1978,0.14692,0.0571,,,,
VCT,1979,0.14399,0.058,,,,
VCT,1980,0.14106,0.0588,,,,
VCT,1981,0.138,0.0597,,,,
VCT,1982,0.12834,0.06,,,,
VCT,1983,0.12449,0.061,,,,
VCT,1984,0.13744,0.0653,,,,
VCT,1985,0.1364,0.0658,,,,
VCT,1986,0.11987,0.0637,,,,
VCT,1987,0.12636,0.061,,,,
VCT,1988,0.15814,0.0683,,,,
VCT,1989,0.25793,0.0775,,,,
VCT,1990,0.26294,0.0785,23.86019,,275.4,4.83265
VCT,1991,0.25129,0.076,23.49917,,276.4,
VCT,1992,0.30398,0.0824,23.19521,,277.4,
VCT,1993,0.2466,0.0763,22.96169,,278.4,
VCT,1994,0.45077,0.1002,22.81201,,279.4,
VCT,1995,0.49183,0.1053,22.75955,,280.4,
VCT,1996,0.43848,0.0994,22.82975,,281.4,
VCT,1997,0.52854,0.1102,22.99439,,282.4,
VCT,1998,0.59021,0.1176,23.18636,,283.4,
VCT,1999,0.5963,0.1185,23.33857,,284.4,
VCT,2000,0.36902,0.0924,23.3839,,285.4,4.85732
VCT,2001,0.42731,0.0989,23.15847,,285.4,
VCT,2002,0.49053,0.1059,22.65764,,285.4,
VCT,2003,0.5312,0.1096,22.05314,,285.4,
VCT,2004,0.56986,0.1144,21.51673,,285.4,
VCT,2005,0.5896,0.1168,21.22016,,285.4,
VCT,2006,0.6526,0.1244,21.16153,,285.4,
VCT,2007,0.70115,0.1306,21.18865,,285.4,
VCT,2008,0.73405,0.1344,21.24786,,285.4,
VCT,2009,1.123,0.179,21.28548,0.00924,285.4,
VCT,2010,0.88215,0.1515,21.24785,,285.4,
VCT,2011,0.63101,0.125,20.81304,,285.4,
VCT,2012,0.80562,0.1428,21.17852,,285.4,
VCT,2013,0.76294,0.1356,22.02886,,285.4,
VCT,2014,0.8574,0.1453,22.46805,,285.4,
VCT,2015,0.88912,0.1476,24.2046,,285.4,5.10753
VCT,2016,0.95158,0.1534,24.33099,,285.4,
VCT,2017,1.03253,0.1613,23.45279,,285.4,
VCT,2018,1.05026,0.1622,23.39957,,285.4,
VCT,2019,1.1184,0.1688,23.40625,,285.4,
VCT,2020,1.19583,0.176,23.92628,,285.4,
VCT,2021,1.14157,0.1694,,,285.4,
VCT,2022,1.24552,0.18,,,285.4,
VCT,2023,1.25835,0.1807,,,285.4,
VCT,2024,1.31192,0.1852,,,,
VEN,1970,5.2091,106.7952,,,,
VEN,1971,4.93488,106.1478,,,,
VEN,1972,4.92026,105.9804,,,,
VEN,1973,5.39365,116.0679,,,,
VEN,1974,5.15744,113.2933,,,,
VEN,1975,4.73699,106.4998,,,,
VEN,1976,4.8524,110.1818,,,,
VEN,1977,4.84364,113.3593,,,,
VEN,1978,5.06447,119.326,,,,
VEN,1979,5.56788,132.0797,,,,
VEN,1980,5.93849,140.566,,,,
VEN,1981,5.80751,141.4596,,,,
VEN,1982,5.7663,142.8589,,,,
VEN,1983,5.48332,140.6722,,,,
VEN,1984,5.54048,145.7121,,,,
VEN,1985,5.27299,143.8958,,,,
VEN,1986,5.16468,146.5676,,,,
VEN,1987,5.2822,152.6515,,,,
VEN,1988,4.95614,151.1631,,,,
VEN,1989,5.14745,158.2424,,,,
VEN,1990,5.17374,163.731,22.844,,520260.0,3.80054
VEN,1991,5.18998,168.8638,22.80192,,517385.0,
VEN,1992,5.11148,169.8582,22.77536,,514510.0,
VEN,1993,5.18434,174.2995,22.76108,,511635.0,
VEN,1994,5.64094,188.2662,22.75586,,508760.0,
VEN,1995,5.40329,191.0712,22.75647,,505885.0,
VEN,1996,5.88855,207.1845,22.8216,,503010.0,
VEN,1997,5.78525,212.1323,22.9654,,500135.0,
VEN,1998,5.74366,217.3185,23.1179,,497260.0,
VEN,1999,5.48198,213.0817,23.2091,,494385.0,
VEN,2000,5.61613,222.8468,23.16901,,491510.0,3.82726
VEN,2001,5.73576,229.0593,22.9678,,489864.0,
VEN,2002,5.82235,230.2707,22.65631,,488218.0,
VEN,2003,5.52283,225.321,22.28558,,486572.0,
VEN,2004,5.68334,235.966,21.90663,,484926.0,
VEN,2005,5.82166,244.9699,21.57051,,483280.0,
VEN,2006,5.8397,247.8593,21.23338,,481634.0,
VEN,2007,5.64101,246.7892,20.85992,,479988.0,
VEN,2008,5.84962,258.0486,20.51388,,478342.0,
VEN,2009,5.81077,256.0194,20.25902,0.1552,476696.0,
VEN,2010,6.13592,260.9671,20.1591,,475050.0,
VEN,2011,5.92634,258.049,21.68712,,473406.0,
VEN,2012,6.55733,284.5548,19.30453,,471762.0,
VEN,2013,6.45113,283.6562,19.95726,,470118.0,
VEN,2014,6.34369,281.468,19.28699,,468474.0,
VEN,2015,5.75437,262.949,19.29516,,466830.0,4.0664
VEN,2016,5.29608,246.1419,18.84503,,465432.6,
VEN,2017,4.97171,231.0814,19.08019,,464281.8,
VEN,2018,4.62269,210.6357,16.34453,,463377.6,
VEN,2019,4.15965,189.5028,14.85071,,462720.0,
VEN,2020,2.69531,141.5035,15.25658,,462309.0,
VEN,2021,2.68693,141.3264,,,461733.6,
VEN,2022,3.26105,160.2607,,,461267.8,
VEN,2023,3.40591,165.3115,,,460728.933,
VEN,2024,3.39411,167.3184,,,,
VGB,1970,0.73492,0.0158,,,,
VGB,1971,0.72313,0.0163,,,,
VGB,1972,0.86957,0.0181,,,,
VGB,1973,0.86814,0.0184,,,,
VGB,1974,0.76234,0.0179,,,,
VGB,1975,0.91458,0.0197,,,,
VGB,1976,0.82174,0.0193,,,,
VGB,1977,0.89815,0.0203,,,,
VGB,1978,0.89105,0.0201,,,,
VGB,1979,0.87551,0.0201,,,,
VGB,1980,0.85355,0.0204,,,,
VGB,1981,1.21962,0.0251,,,,
VGB,1982,1.0989,0.024,,,,
VGB,1983,1.03476,0.0238,,,,
VGB,1984,0.74103,0.0205,,,,
VGB,1985,0.72349,0.0204,,,,
VGB,1986,0.44441,0.0164,,,,
VGB,1987,1.19064,0.0272,,,,
VGB,1988,1.24659,0.0287,,,,
VGB,1989,1.23188,0.0292,,,,
VGB,1990,1.16531,0.0291,,,37.1,13.99842
VGB,1991,1.13671,0.0293,,,37.06,
VGB,1992,1.11493,0.0295,,,37.02,
VGB,1993,1.05951,0.0291,,,36.98,
VGB,1994,1.05711,0.0296,,,36.94,
VGB,1995,1.01457,0.0294,,,36.9,
VGB,1996,1.28507,0.035,,,36.86,
VGB,1997,1.28492,0.0358,,,36.82,
VGB,1998,1.28392,0.0365,,,36.78,
VGB,1999,1.27217,0.0369,,,36.74,
VGB,2000,1.37345,0.0398,,,36.7,13.42931
VGB,2001,1.33199,0.04,,,36.67,
VGB,2002,1.4419,0.0435,,,36.64,
VGB,2003,1.55417,0.0471,,,36.61,
VGB,2004,1.55151,0.0482,,,36.58,
VGB,2005,1.57617,0.0502,,,36.55,
VGB,2006,1.82909,0.058,,,36.52,
VGB,2007,1.91595,0.0619,,,36.49,
VGB,2008,2.08841,0.0684,,,36.46,
VGB,2009,2.32934,0.0772,,,36.43,
VGB,2010,2.54743,0.0845,,,36.4,
VGB,2011,1.92268,0.0695,,,36.36,
VGB,2012,1.88169,0.0714,,,36.32,
VGB,2013,2.0629,0.08,,,36.28,
VGB,2014,2.12366,0.0849,,,36.24,
VGB,2015,2.07838,0.0866,,,36.2,12.73171
VGB,2016,2.27876,0.0923,,,36.2,
VGB,2017,2.05205,0.0821,,,36.2,
VGB,2018,1.9188,0.0814,,,36.2,
VGB,2019,2.40143,0.1029,,,36.2,
VGB,2020,2.27817,0.1003,,,36.2,
VGB,2021,2.23492,0.1004,,,36.2,
VGB,2022,2.30695,0.1046,,,36.2,
VGB,2023,2.27523,0.105,,,36.2,
VGB,2024,2.32576,0.1083,,,,
VNM,1970,0.42211,62.6817,,,,
VNM,1971,0.41281,63.0921,,,,
VNM,1972,0.39108,62.9603,,,,
VNM,1973,0.42617,66.8564,,,,
VNM,1974,0.34744,64.7548,,,,
VNM,1975,0.39927,66.2226,,,,
VNM,1976,0.28435,64.4774,,,,
VNM,1977,0.30135,66.2761,,,,
VNM,1978,0.29724,65.0917,,,,
VNM,1979,0.30323,67.3763,,,,
VNM,1980,0.30999,68.7097,,,,
VNM,1981,0.31151,71.6138,,,,
VNM,1982,0.32946,76.5242,,,,
VNM,1983,0.3469,79.3449,,,,
VNM,1984,0.3396,80.5132,,,,
VNM,1985,0.33453,82.3025,,,,
VNM,1986,0.35933,85.6204,,,,
VNM,1987,0.39163,87.5807,,,,
VNM,1988,0.37673,90.7812,,,,
VNM,1989,0.31693,90.417,,,,
VNM,1990,0.31414,91.8952,28.60505,,93759.6,30.35699
VNM,1991,0.30976,96.0461,28.34692,,96167.74,
VNM,1992,0.31794,100.5193,28.11044,,98575.88,
VNM,1993,0.36523,107.6963,27.89915,,100984.02,
VNM,1994,0.42173,115.2483,27.7166,,103392.16,
VNM,1995,0.47706,123.7955,27.56634,,105800.3,
VNM,1996,0.52909,132.2994,27.44887,,108208.44,
VNM,1997,0.60145,139.3721,27.36012,,110616.58,
VNM,1998,0.66258,149.6713,27.2968,,113024.72,
VNM,1999,0.66988,156.1279,27.25561,,115432.86,
VNM,2000,0.73276,163.6424,27.23326,,117841.0,30.81677
VNM,2001,0.79636,168.1308,27.27245,,119444.96,
VNM,2002,0.92776,182.8945,27.37292,,121048.92,
VNM,2003,0.9759,191.0392,27.46691,,122652.88,
VNM,2004,1.14424,213.4154,27.48669,,124256.84,
VNM,2005,1.24,225.2049,27.36451,,125860.8,
VNM,2006,1.25548,231.4367,27.00076,,127464.76,
VNM,2007,1.36685,245.1668,26.3606,,129068.72,
VNM,2008,1.47685,256.1988,25.47349,,130672.68,
VNM,2009,1.62878,275.6843,24.36889,1.59936,132276.64,
VNM,2010,1.79273,292.7404,23.07626,,133880.6,
VNM,2011,1.77201,295.6414,20.49058,,135228.2,
VNM,2012,1.74532,295.4604,21.51164,,136575.8,
VNM,2013,1.80142,304.038,23.22749,,137923.4,
VNM,2014,1.95182,320.0895,20.40351,,139271.0,
VNM,2015,2.16345,343.6263,19.37701,,140618.6,29.66981
VNM,2016,2.3809,364.3785,20.33045,,143776.8,
VNM,2017,2.40871,370.3905,18.57978,,144153.9,
VNM,2018,2.93127,427.7399,20.16302,,144912.9,
VNM,2019,3.46316,484.71,20.83179,,145671.9,
VNM,2020,3.55153,492.9551,20.80106,,146430.9,
VNM,2021,3.39789,486.7794,,,147189.9,
VNM,2022,3.45102,494.4744,,,147948.9,
VNM,2023,3.89354,542.9235,,,148707.9,
VNM,2024,4.26606,584.2576,,,,
VUT,1970,0.87056,0.2915,,,,
VUT,1971,0.84513,0.3131,,,,
VUT,1972,0.87482,0.3208,,,,
VUT,1973,1.0216,0.3628,,,,
VUT,1974,1.21633,0.3977,,,,
VUT,1975,0.97438,0.3897,,,,
VUT,1976,0.93144,0.4006,,,,
VUT,1977,0.95387,0.3959,,,,
VUT,1978,0.91758,0.3856,,,,
VUT,1979,0.95895,0.3859,,,,
VUT,1980,1.00986,0.3922,,,,
VUT,1981,0.85582,0.3753,,,,
VUT,1982,0.82373,0.3805,,,,
VUT,1983,0.79437,0.3866,,,,
VUT,1984,0.69153,0.3773,,,,
VUT,1985,0.84998,0.4118,,,,
VUT,1986,0.66632,0.4005,,,,
VUT,1987,0.64073,0.4121,,,,
VUT,1988,0.8227,0.4427,,,,
VUT,1989,0.68147,0.437,,,,
VUT,1990,0.68822,0.4696,14.6986,,4423.0,10.09819
VUT,1991,0.62585,0.4755,14.63912,,4423.0,
VUT,1992,0.34188,0.456,14.60294,,4423.0,
VUT,1993,0.33738,0.4811,14.58614,,4423.0,
VUT,1994,0.33861,0.4878,14.58478,,4423.0,
VUT,1995,0.30035,0.4846,14.59496,,4423.0,
VUT,1996,0.29606,0.4904,14.6533,,4423.0,
VUT,1997,0.29835,0.4962,14.77105,,4423.0,
VUT,1998,0.30116,0.5024,14.90622,,4423.0,
VUT,1999,0.29443,0.5132,15.01678,,4423.0,
VUT,2000,0.45093,0.5238,15.06076,,4423.0,10.14901
VUT,2001,0.51144,0.5139,14.94251,,4423.0,
VUT,2002,0.49065,0.5134,14.66532,,4423.0,
VUT,2003,0.55892,0.5446,14.33559,,4423.0,
VUT,2004,0.42487,0.5265,14.05972,,4423.0,
VUT,2005,0.42323,0.5351,13.94409,,4423.0,
VUT,2006,0.37189,0.5346,13.95854,,4423.0,
VUT,2007,0.59202,0.6622,13.9962,,4423.0,
VUT,2008,0.56722,0.6652,14.04837,,4423.0,
VUT,2009,0.62003,0.6476,14.10635,0.1057,4423.0,
VUT,2010,0.65016,0.6708,14.16147,,4423.0,
VUT,2011,0.73807,0.7052,14.26656,,4423.0,
VUT,2012,0.59345,0.6743,14.07268,,4423.0,
VUT,2013,0.59336,0.6783,14.26295,,4423.0,
VUT,2014,0.67361,0.7049,13.91114,,4423.0,
VUT,2015,0.59827,0.6354,13.46804,,4423.0,10.11214
VUT,2016,0.60973,0.5611,13.86974,,4423.0,
VUT,2017,0.59747,0.5289,13.67133,,4423.0,
VUT,2018,0.80208,0.595,14.64393,,4423.0,
VUT,2019,0.75004,0.5873,14.3365,,4423.0,
VUT,2020,0.84154,0.6227,14.08241,,4423.0,
VUT,2021,0.95106,0.6658,,,4423.0,
VUT,2022,0.86537,0.6476,,,4423.0,
VUT,2023,0.84798,0.6226,,,4423.0,
VUT,2024,0.8698,0.6321,,,,
WSM,1970,0.46866,0.1576,,,,
WSM,1971,0.46174,0.1578,,,,
WSM,1972,0.48569,0.1627,,,,
WSM,1973,0.57605,0.1779,,,,
WSM,1974,0.6933,0.2015,,,,
WSM,1975,0.55822,0.1889,,,,
WSM,1976,0.53656,0.1899,,,,
WSM,1977,0.55711,0.195,,,,
WSM,1978,0.54717,0.1968,,,,
WSM,1979,0.58263,0.2067,,,,
WSM,1980,0.62195,0.2177,,,,
WSM,1981,0.61022,0.2213,,,,
WSM,1982,0.68355,0.2397,,,,
WSM,1983,0.67421,0.2404,,,,
WSM,1984,0.75122,0.2579,,,,
WSM,1985,0.66347,0.2523,,,,
WSM,1986,0.50042,0.2396,,,,
WSM,1987,0.56781,0.2642,,,,
WSM,1988,0.56966,0.2654,,,,
WSM,1989,0.70274,0.2877,,,,
WSM,1990,0.72645,0.2944,12.88975,,1761.3,9.76097
WSM,1991,0.75162,0.2986,12.642,,1756.48,
WSM,1992,0.72976,0.2915,12.4551,,1751.66,
WSM,1993,0.82259,0.312,12.32723,,1746.84,
WSM,1994,0.83854,0.3183,12.25659,,1742.02,
WSM,1995,0.75499,0.3012,12.24136,,1737.2,
WSM,1996,0.75538,0.3028,12.33317,,1732.38,
WSM,1997,0.77163,0.3073,12.53943,,1727.56,
WSM,1998,0.78757,0.3137,12.79194,,1722.74,
WSM,1999,0.78047,0.3139,13.02252,,1717.92,
WSM,2000,1.02375,0.3608,13.16296,,1713.1,9.91466
WSM,2001,1.09682,0.3894,13.22111,,1708.28,
WSM,2002,1.12538,0.3968,13.25171,,1703.46,
WSM,2003,1.15569,0.4059,13.25688,,1698.64,
WSM,2004,1.13074,0.4043,13.23877,,1693.82,
WSM,2005,1.16484,0.4119,13.19951,,1689.0,
WSM,2006,1.1651,0.4128,13.12424,,1684.18,
WSM,2007,1.26144,0.4254,13.00544,,1679.36,
WSM,2008,1.28454,0.4291,12.85632,,1674.54,
WSM,2009,1.296,0.4396,12.69008,0.0,1669.72,
WSM,2010,1.36305,0.4688,12.5199,,1664.9,
WSM,2011,1.37484,0.4813,12.24987,,1660.06,
WSM,2012,1.36439,0.4866,12.46582,,1655.22,
WSM,2013,1.40618,0.5013,12.55894,,1650.38,
WSM,2014,1.43224,0.51,12.57885,,1645.54,
WSM,2015,1.62948,0.5658,12.42244,,1640.7,8.80348
WSM,2016,1.74055,0.5721,12.50989,,1635.9,
WSM,2017,1.54078,0.5226,12.08914,,1631.1,
WSM,2018,1.66055,0.5337,12.8246,,1626.3,
WSM,2019,1.78044,0.5406,12.87267,,1621.5,
WSM,2020,1.47775,0.4666,12.5519,,1616.7,
WSM,2021,1.6068,0.5286,,,1611.9,
WSM,2022,1.54417,0.5116,,,1607.1,
WSM,2023,1.53833,0.508,,,1602.3,
WSM,2024,1.60445,0.5216,,,,
YEM,1970,0.23037,5.3979,,,,
YEM,1971,0.22608,5.6947,,,,
YEM,1972,0.25805,5.9556,,,,
YEM,1973,0.30527,6.2602,,,,
YEM,1974,0.2952,6.4839,,,,
YEM,1975,0.27447,6.5021,,,,
YEM,1976,0.32571,6.8168,,,,
YEM,1977,0.32106,6.9385,,,,
YEM,1978,0.34117,7.2732,,,,
YEM,1979,0.35303,7.5512,,,,
YEM,1980,0.42987,8.5162,,,,
YEM,1981,0.41651,8.6395,,,,
YEM,1982,0.44833,9.2237,,,,
YEM,1983,0.47545,9.7919,,,,
YEM,1984,0.46846,10.0099,,,,
YEM,1985,0.48128,10.4704,,,,
YEM,1986,0.48904,11.0919,,,,
YEM,1987,0.51538,11.9983,,,,
YEM,1988,0.53399,15.7877,,,,
YEM,1989,0.53037,16.5857,,,,
YEM,1990,0.51177,17.5071,43.87831,,5490.0,1.7249
YEM,1991,0.61693,19.3779,42.09547,,5490.0,
YEM,1992,0.64014,19.9459,40.75444,,5490.0,
YEM,1993,0.55762,20.0066,39.82892,,5490.0,
YEM,1994,0.62083,22.594,39.29259,,5490.0,
YEM,1995,0.66645,23.1874,39.11915,,5490.0,
YEM,1996,0.65984,24.0702,39.72736,,5490.0,
YEM,1997,0.68752,25.736,41.17864,,5490.0,
YEM,1998,0.70931,26.7025,42.91072,,5490.0,
YEM,1999,0.77462,29.5911,44.36132,,5490.0,
YEM,2000,0.80234,32.4333,44.96816,,5490.0,1.47185
YEM,2001,0.82914,33.4098,44.29826,,5490.0,
YEM,2002,0.80713,33.7391,42.70421,,5490.0,
YEM,2003,0.9105,38.9463,40.8021,,5490.0,
YEM,2004,0.92513,39.9217,39.20802,,5490.0,
YEM,2005,0.96635,44.1974,38.53803,,5490.0,
YEM,2006,0.97464,48.7283,38.55348,,5490.0,
YEM,2007,1.00024,50.9569,38.61262,,5490.0,
YEM,2008,1.00537,50.253,38.72698,,5490.0,
YEM,2009,1.06584,53.5111,38.90805,0.09941,5490.0,
YEM,2010,0.98469,53.0202,39.16735,,5490.0,
YEM,2011,0.83389,47.4102,43.23151,,5490.0,
YEM,2012,0.77383,44.5069,53.63383,,5490.0,
YEM,2013,0.98209,52.9412,48.42479,,5490.0,
YEM,2014,0.93812,51.6613,38.08251,,5490.0,
YEM,2015,0.4574,31.4754,44.06613,,5490.0,1.58086
YEM,2016,0.33105,27.2083,40.72412,,5490.0,
YEM,2017,0.29694,28.292,42.12048,,5490.0,
YEM,2018,0.35186,31.8164,43.91035,,5490.0,
YEM,2019,0.35152,33.7054,41.64079,,5490.0,
YEM,2020,0.3132,33.051,34.83236,,5490.0,
YEM,2021,0.30207,33.6033,,,5490.0,
YEM,2022,0.28737,33.5629,,,5490.0,
YEM,2023,0.26974,32.3659,,,5490.0,
YEM,2024,0.26071,32.9028,,,,
ZAF,1970,8.3287,241.1518,,,,
ZAF,1971,8.04021,240.6574,,,,
ZAF,1972,8.09406,247.9574,,,,
ZAF,1973,8.57237,267.0392,,,,
ZAF,1974,8.60378,276.1185,,,,
ZAF,1975,8.98846,294.3219,,,,
ZAF,1976,9.29478,310.3443,,,,
ZAF,1977,9.03787,312.5788,,,,
ZAF,1978,8.00362,292.1794,,,,
ZAF,1979,7.9823,302.031,,,,
ZAF,1980,8.22521,317.6927,,,,
ZAF,1981,8.39801,334.2193,,,,
ZAF,1982,8.31803,343.3557,,,,
ZAF,1983,8.09936,346.7314,,,,
ZAF,1984,8.34114,367.7871,,,,
ZAF,1985,8.20166,373.2688,,,,
ZAF,1986,7.87944,371.3279,,,,
ZAF,1987,8.06758,388.398,,,,
ZAF,1988,7.91893,394.1299,,,,
ZAF,1989,7.60675,392.9151,,,,
ZAF,1990,7.7115,407.0931,24.56797,,181420.9,0.18298
ZAF,1991,7.34302,399.4787,24.69795,,181056.9,
ZAF,1992,7.05973,393.4699,24.79068,,180692.9,
ZAF,1993,6.97022,397.688,24.85091,,180328.9,
ZAF,1994,7.0121,404.463,24.88336,,179964.9,
ZAF,1995,7.30056,423.2644,24.89278,,179600.9,
ZAF,1996,7.45379,437.4584,24.86329,,179236.9,
ZAF,1997,7.69046,456.8219,24.7837,,178872.9,
ZAF,1998,7.72883,464.1294,24.66575,,178508.9,
ZAF,1999,7.29219,446.8372,24.5212,,178144.9,
ZAF,2000,7.36398,449.6813,24.36177,,177780.9,0.18856
ZAF,2001,7.5132,461.0861,24.06394,,177416.9,
ZAF,2002,7.72131,475.9107,23.58936,,177052.9,
ZAF,2003,8.11491,502.808,23.07759,,176688.9,
ZAF,2004,8.69023,537.0016,22.66819,,176324.9,
ZAF,2005,8.81502,549.4026,22.50071,,175960.9,
ZAF,2006,8.81243,553.5642,22.71704,,175596.9,
ZAF,2007,9.10281,575.5994,23.24411,,175232.9,
ZAF,2008,9.5457,604.938,23.89908,,174868.9,
ZAF,2009,8.83354,573.0525,24.49909,1.80565,174504.9,
ZAF,2010,8.87117,581.5067,24.86127,,174140.9,
ZAF,2011,8.37759,561.3166,24.99688,,173776.9,
ZAF,2012,8.57668,582.7117,24.64441,,173412.9,
ZAF,2013,8.68873,597.1763,24.16075,,173048.9,
ZAF,2014,8.75262,610.893,24.54848,,172684.9,
ZAF,2015,8.14949,584.9499,24.59641,,172320.9,0.19945
ZAF,2016,8.03702,582.2042,24.14769,,171956.9,
ZAF,2017,8.14751,599.0716,23.75494,,171592.9,
ZAF,2018,8.07702,600.3929,23.81225,,171228.9,
ZAF,2019,8.01412,604.7019,23.18977,,170864.9,
ZAF,2020,7.44458,576.999,23.75307,,170500.9,
ZAF,2021,7.29341,575.4292,,,170136.9,
ZAF,2022,6.88264,556.0799,,,169772.9,
ZAF,2023,6.75923,555.4453,,,169408.9,
ZAF,2024,6.87685,569.8096,,,,
ZMB,1970,0.85623,10.0803,,,,
ZMB,1971,0.86831,10.3364,,,,
ZMB,1972,0.93358,10.9175,,,,
ZMB,1973,0.97174,11.3773,,,,
ZMB,1974,0.95285,11.5942,,,,
ZMB,1975,0.95772,11.8849,,,,
ZMB,1976,0.92983,12.3134,,,,
ZMB,1977,0.81779,12.0597,,,,
ZMB,1978,0.75515,11.8767,,,,
ZMB,1979,0.66617,11.6785,,,,
ZMB,1980,0.64572,11.7372,,,,
ZMB,1981,0.57609,11.7092,,,,
ZMB,1982,0.54026,14.4935,,,,
ZMB,1983,0.50871,14.4432,,,,
ZMB,1984,0.48426,13.0805,,,,
ZMB,1985,0.47061,14.5798,,,,
ZMB,1986,0.47037,15.1851,,,,
ZMB,1987,0.45227,14.6411,,,,
ZMB,1988,0.47748,14.9227,,,,
ZMB,1989,0.48116,15.8006,,,,
ZMB,1990,0.38898,15.8641,23.38956,,474120.0,0.0
ZMB,1991,0.39293,14.8157,22.88296,,473762.0,
ZMB,1992,0.38375,15.381,22.52967,,473404.0,
ZMB,1993,0.33978,14.9245,22.30636,,473046.0,
ZMB,1994,0.27834,14.3828,22.18973,,472688.0,
ZMB,1995,0.26829,14.0202,22.15645,,472330.0,
ZMB,1996,0.22039,13.6595,22.37888,,471972.0,
ZMB,1997,0.27069,13.2725,22.91225,,471614.0,
ZMB,1998,0.24723,14.8502,23.55757,,471256.0,
ZMB,1999,0.19805,14.5327,24.11583,,470898.0,
ZMB,2000,0.19488,14.01,24.38804,,470540.0,0.0
ZMB,2001,0.19058,15.1786,24.43251,,470182.0,
ZMB,2002,0.1942,14.4562,24.45081,,469824.0,
ZMB,2003,0.20387,15.0111,24.45886,,469466.0,
ZMB,2004,0.20315,15.2732,24.47255,,469108.0,
ZMB,2005,0.21107,16.2935,24.50781,,468750.0,
ZMB,2006,0.1986,16.2946,24.57854,,468392.0,
ZMB,2007,0.17419,15.7682,24.6949,,468034.0,
ZMB,2008,0.20026,16.7026,24.86722,,467676.0,
ZMB,2009,0.21311,18.2625,25.10582,4.19968,467318.0,
ZMB,2010,0.23004,19.9409,25.42102,,466960.0,
ZMB,2011,0.23945,19.7789,26.56549,,465078.2,
ZMB,2012,0.28962,23.2692,26.87103,,463196.4,
ZMB,2013,0.30754,24.5537,25.65002,,461314.6,
ZMB,2014,0.3464,25.548,26.07074,,459432.8,
ZMB,2015,0.35661,26.2109,25.67674,,457551.0,0.0
ZMB,2016,0.37404,27.0611,26.16591,,455668.0,
ZMB,2017,0.46088,29.2846,23.75828,,453786.7,
ZMB,2018,0.50647,30.9647,23.33672,,451904.6,
ZMB,2019,0.48796,32.3912,23.20375,,450022.4,
ZMB,2020,0.50007,33.0129,24.30859,,448140.3,
ZMB,2021,0.4938,34.1493,,,446258.133,
ZMB,2022,0.52455,37.1091,,,444376.011,
ZMB,2023,0.54809,37.492,,,442493.859,
ZMB,2024,0.54296,38.519,,,,
ZWE,1970,1.8275,21.7211,,,,
ZWE,1971,1.76372,22.3157,,,,
ZWE,1972,1.64074,21.958,,,,
ZWE,1973,1.84504,23.5683,,,,
ZWE,1974,1.76084,23.6543,,,,
ZWE,1975,1.50374,22.9658,,,,
ZWE,1976,1.59865,24.095,,,,
ZWE,1977,1.39893,23.3026,,,,
ZWE,1978,1.36091,22.2794,,,,
ZWE,1979,1.38261,21.6553,,,,
ZWE,1980,1.3914,21.9358,,,,
ZWE,1981,1.25307,21.8562,,,,
ZWE,1982,1.15879,22.2562,,,,
ZWE,1983,1.10449,22.139,,,,
ZWE,1984,1.11904,22.707,,,,
ZWE,1985,1.25125,24.8651,,,,
ZWE,1986,1.38236,27.1609,,,,
ZWE,1987,1.70324,31.1271,,,,
ZWE,1988,1.59978,30.808,,,,
ZWE,1989,1.57355,31.1954,,,,
ZWE,1990,1.71781,34.4442,20.80574,,188266.8,0.0
ZWE,1991,1.8413,34.3369,20.37905,,187806.1,
ZWE,1992,1.79441,35.2592,20.02464,,187345.4,
ZWE,1993,1.62741,30.7769,19.75543,,186884.7,
ZWE,1994,1.52213,29.8751,19.58434,,186424.0,
ZWE,1995,1.48241,29.7537,19.52429,,185963.3,
ZWE,1996,1.40882,31.2586,19.59243,,185502.6,
ZWE,1997,1.29813,30.1909,19.75862,,185041.9,
ZWE,1998,1.29139,31.1001,19.96483,,184581.2,
ZWE,1999,1.43038,34.4047,20.15302,,184120.5,
ZWE,2000,1.23244,31.2436,20.26518,,183659.8,0.0
ZWE,2001,1.21917,31.406,20.30637,,183199.1,
ZWE,2002,1.10295,28.6886,20.32915,,182738.4,
ZWE,2003,0.8934,25.4367,20.34663,,182277.7,
ZWE,2004,0.83822,24.6078,20.37197,,181817.0,
ZWE,2005,0.92218,25.8978,20.41831,,181356.3,
ZWE,2006,0.84878,24.8157,20.49387,,180895.6,
ZWE,2007,0.82534,24.8398,20.61427,,180434.9,
ZWE,2008,0.64118,22.2332,20.80368,,179974.2,
ZWE,2009,0.60439,22.8139,21.08627,,179513.5,
ZWE,2010,0.75383,25.9896,21.48622,,179052.8,
ZWE,2011,1.16579,32.487,23.61628,,178592.1,
ZWE,2012,0.92226,29.5335,23.53953,,178131.4,
ZWE,2013,0.90759,29.6596,22.5984,,177670.7,
ZWE,2014,0.88687,27.4098,23.42925,,177210.0,
ZWE,2015,0.88144,28.4694,23.10388,,176749.3,0.0
ZWE,2016,0.77181,26.5928,22.5707,,176288.6,
ZWE,2017,0.71479,26.0514,17.99775,,175827.9,
ZWE,2018,0.81629,28.0311,19.1121,,175367.2,
ZWE,2019,0.73147,26.4695,18.52861,,174906.5,
ZWE,2020,0.58444,24.7938,19.49418,,174445.8,
ZWE,2021,0.68893,27.1497,,,173985.1,
ZWE,2022,0.71922,28.0256,,,173524.4,
ZWE,2023,0.76899,30.125,,,173063.7,
ZWE,2024,0.77282,30.7843,,,,
